formal_case_index,case_id,family,fold,field_lineage_id,particle_count,case_replacement_authorized,position_hash_matches,particle_state_hash_matches,lambda_1_operator_hash_matches,lambda_1_registered_operator_is_canonical_target_path,ddo_algebraic_pressure_viscosity_bitwise_identity,ddo_algebraic_density_rate_linf_diagnostic,primary_topology_audit_passed,independent_topology_audit_passed,primary_edge_count,independent_edge_count,independent_topology_identity,graph_repeatability_bitwise,operator_repeatability_bitwise,analytical_derivative_reference_gate_passed,analytical_derivative_reference_max_relative,analytical_derivative_reference_failures,finite_values,target_component_identity,component_closure_residual,component_closure_bound,component_closure_passed,target_sign_convention_all_primary_passed,float32_precision_degradation_diagnostic_linf,float32_precision_diagnostic_topology_mode,target_definition,case_target_reference_qualified,density_rate__scale,density_rate__U_round,density_rate__Delta_ref,density_rate__Delta_repeat,density_rate__Delta_permutation,density_rate__Delta_compensated,density_rate__Delta_accumulation,density_rate__Delta_geometry,density_rate__Delta_identity,density_rate__U_num,density_rate__sign_residual,density_rate__sign_gate_passed,density_rate__target_rms,pressure_gradient_acceleration__scale,pressure_gradient_acceleration__U_round,pressure_gradient_acceleration__Delta_ref,pressure_gradient_acceleration__Delta_repeat,pressure_gradient_acceleration__Delta_permutation,pressure_gradient_acceleration__Delta_compensated,pressure_gradient_acceleration__Delta_accumulation,pressure_gradient_acceleration__Delta_geometry,pressure_gradient_acceleration__Delta_identity,pressure_gradient_acceleration__U_num,pressure_gradient_acceleration__sign_residual,pressure_gradient_acceleration__sign_gate_passed,pressure_gradient_acceleration__target_rms,viscosity_laplacian_acceleration__scale,viscosity_laplacian_acceleration__U_round,viscosity_laplacian_acceleration__Delta_ref,viscosity_laplacian_acceleration__Delta_repeat,viscosity_laplacian_acceleration__Delta_permutation,viscosity_laplacian_acceleration__Delta_compensated,viscosity_laplacian_acceleration__Delta_accumulation,viscosity_laplacian_acceleration__Delta_geometry,viscosity_laplacian_acceleration__Delta_identity,viscosity_laplacian_acceleration__U_num,viscosity_laplacian_acceleration__sign_residual,viscosity_laplacian_acceleration__sign_gate_passed,viscosity_laplacian_acceleration__target_rms,total_acceleration_derived__scale,total_acceleration_derived__U_round,total_acceleration_derived__Delta_ref,total_acceleration_derived__Delta_repeat,total_acceleration_derived__Delta_permutation,total_acceleration_derived__Delta_compensated,total_acceleration_derived__Delta_accumulation,total_acceleration_derived__Delta_geometry,total_acceleration_derived__Delta_identity,total_acceleration_derived__U_num,total_acceleration_derived__sign_residual,total_acceleration_derived__sign_gate_passed,total_acceleration_derived__target_rms,stage,pre_target_commit,formal_operator_lambda,formal_lambda_1_only,full_case_target_shape_dtype_finite_identity,target_particle_state_join_identity,formal_particle_ids_contiguous_zero_based,formal_particle_sample_registry_payload_read_by_target_builder,formal_particle_sample_registry_sha256,reserve_case_used
0,HMSO01R_A|PRIMARY|F1|17189a9c215416ff2620cbd08f0d84d7ada1a2cc660112d1da29b944116d0cd4,F1,FOLD_0,HMSO01R_A|FIELD_LINEAGE|4389c621e60229f631c944081b4adc544d96927c12f624ff90ee3e85668f651e,576,False,True,True,True,True,True,1.6653345369377348e-16,True,True,16704,16704,True,True,True,True,3.1653656809497727e-16,,True,True,0.0,3.2094162648829558e-15,True,True,5.655768270107497e-07,PRIMARY_TOPOLOGY_CAST_FLOAT32_DIAGNOSTIC_ONLY,CONTINUUM_REFERENCE_MINUS_LAMBDA_1_BASE_SPH,True,0.35074084214245743,9.968654300748126e-15,1.1102230246251565e-16,0.0,1.1102230246251565e-16,1.1102230246251565e-16,1.1102230246251565e-16,3.3306690738754696e-16,0.0,1.0523765813060704e-14,0.0,True,0.021853282482645293,0.01,2.842170943040401e-16,0.0,0.0,0.0,0.0,0.0,0.0,0.0,2.842170943040401e-16,0.0,True,0.0,0.04407539411954566,1.2526980446962643e-15,1.3877787807814457e-17,0.0,4.683753385137379e-17,3.2959746043559335e-17,4.683753385137379e-17,1.491862189340054e-16,0.0,1.462599585289458e-15,0.0,True,0.0017378570196961247,0.04407539411954566,1.2526980446962643e-15,1.3877787807814457e-17,0.0,4.683753385137379e-17,3.2959746043559335e-17,4.683753385137379e-17,1.491862189340054e-16,0.0,1.462599585289458e-15,0.0,True,0.0017378570196961247,H-MSO-01R-B,1c99103edaf76aa05915458fd498e07b1241e272,1.0,True,True,True,True,False,a4b7da1a9f6e4efab7ccbc9ec3bb5e4235a82aef30ce64017895df05ab1c2b01,False
1,HMSO01R_A|PRIMARY|F1|a4dcbb5c100eb79e76af22af5e66115d80a192e32c5351ce17a23c9ea395fc58,F1,FOLD_3,HMSO01R_A|FIELD_LINEAGE|39a5eaeb1afddf9af00bec82f67fdf5414fc1d1e11076c2f86704fda2809ab87,576,False,True,True,True,True,True,7.31938110381386e-17,True,True,28224,28224,True,True,True,True,2.513435083615995e-16,,True,True,0.0,1.2534387222608394e-15,True,True,2.2351741832404848e-08,PRIMARY_TOPOLOGY_CAST_FLOAT32_DIAGNOSTIC_ONLY,CONTINUUM_REFERENCE_MINUS_LAMBDA_1_BASE_SPH,True,0.1,2.842170943040401e-15,0.0,0.0,8.326672684688674e-17,6.938893903907228e-17,8.326672684688674e-17,1.249000902703301e-16,0.0,3.0503377601576178e-15,0.0,True,7.716040032785025e-17,0.01,2.842170943040401e-16,0.0,0.0,0.0,0.0,0.0,0.0,0.0,2.842170943040401e-16,0.0,True,0.0,0.01387689907228776,3.9440519322760567e-16,3.469446951953614e-18,0.0,2.7755575615628914e-17,2.3418766925686896e-17,2.7755575615628914e-17,5.898059818321144e-17,0.0,4.846108139783996e-16,0.0,True,0.00042668373034429456,0.01387689907228776,3.9440519322760567e-16,3.469446951953614e-18,0.0,2.7755575615628914e-17,2.3418766925686896e-17,2.7755575615628914e-17,5.898059818321144e-17,0.0,4.846108139783996e-16,0.0,True,0.00042668373034429456,H-MSO-01R-B,1c99103edaf76aa05915458fd498e07b1241e272,1.0,True,True,True,True,False,a4b7da1a9f6e4efab7ccbc9ec3bb5e4235a82aef30ce64017895df05ab1c2b01,False
2,HMSO01R_A|PRIMARY|F1|c2e87b38878c4fcdafb44a05b365bc326ef291a8d36233033ae3633cd4114a99,F1,FOLD_5,HMSO01R_A|FIELD_LINEAGE|86f4c153dee170c8ee8f47b2eb988fa25bcda8c9a7b6fd68a3d7256dc3af0a1f,576,False,True,True,True,True,True,0.0,True,True,28224,28224,True,True,True,True,1.4152170767639814e-16,,True,True,0.0,2.1351749511663084e-13,True,True,3.842136420573183e-06,PRIMARY_TOPOLOGY_CAST_FLOAT32_DIAGNOSTIC_ONLY,CONTINUUM_REFERENCE_MINUS_LAMBDA_1_BASE_SPH,True,0.1,2.842170943040401e-15,0.0,0.0,0.0,0.0,0.0,0.0,0.0,2.842170943040401e-15,0.0,True,0.0,3.1379582478294545,8.918613752454844e-14,4.440892098500626e-16,0.0,6.994405055138486e-15,4.6629367034256575e-15,6.994405055138486e-15,9.992007221626409e-15,0.0,1.066166390111634e-13,0.0,True,0.06796830762195025,0.01,2.842170943040401e-16,0.0,0.0,0.0,0.0,0.0,0.0,0.0,2.842170943040401e-16,0.0,True,0.0,3.1379582478294545,8.918613752454844e-14,4.440892098500626e-16,0.0,6.994405055138486e-15,4.6629367034256575e-15,6.994405055138486e-15,9.992007221626409e-15,0.0,1.066166390111634e-13,0.0,True,0.06796830762195025,H-MSO-01R-B,1c99103edaf76aa05915458fd498e07b1241e272,1.0,True,True,True,True,False,a4b7da1a9f6e4efab7ccbc9ec3bb5e4235a82aef30ce64017895df05ab1c2b01,False
3,HMSO01R_A|PRIMARY|F1|5c9e81f778749b662a5e524e43479f5e490b215def0762270203c9817e709b9b,F1,FOLD_1,HMSO01R_A|FIELD_LINEAGE|9aaa52aa8afb4f9adfe0d0e7ddb5e3e8101852fdd6ef0a635cf3875b473d16a7,576,False,True,True,True,True,True,6.173684339357693e-16,True,True,28224,28224,True,True,True,True,3.739759782743068e-16,,True,True,0.0,7.819752358643436e-15,True,True,1.8655055243274599e-07,PRIMARY_TOPOLOGY_CAST_FLOAT32_DIAGNOSTIC_ONLY,CONTINUUM_REFERENCE_MINUS_LAMBDA_1_BASE_SPH,True,0.1,2.842170943040401e-15,0.0,0.0,6.661338147750939e-16,5.551115123125783e-16,6.661338147750939e-16,6.661338147750939e-16,0.0,4.174438572590589e-15,0.0,True,7.353931836514132e-16,0.01,2.842170943040401e-16,0.0,0.0,0.0,0.0,0.0,0.0,0.0,2.842170943040401e-16,0.0,True,0.0,0.11132630393951615,3.164083862529769e-15,4.163336342344337e-17,0.0,1.8735013540549517e-16,1.3357370765021415e-16,1.8735013540549517e-16,3.7470027081099033e-16,0.0,3.767767632169698e-15,0.0,True,0.003413469842754361,0.11132630393951615,3.164083862529769e-15,4.163336342344337e-17,0.0,1.8735013540549517e-16,1.3357370765021415e-16,1.8735013540549517e-16,3.7470027081099033e-16,0.0,3.767767632169698e-15,0.0,True,0.003413469842754361,H-MSO-01R-B,1c99103edaf76aa05915458fd498e07b1241e272,1.0,True,True,True,True,False,a4b7da1a9f6e4efab7ccbc9ec3bb5e4235a82aef30ce64017895df05ab1c2b01,False
4,HMSO01R_A|PRIMARY|F1|11515df6f9da405fc42923eeb47db2b4ebe97ceea73b879e18c9259527ebbd13,F1,FOLD_4,HMSO01R_A|FIELD_LINEAGE|e4c235f067a50e9e5304ee0e7ad701299187cd559ceebd74674d932464340e77,576,False,True,True,True,True,True,3.3306690738754696e-16,True,True,28224,28224,True,True,True,True,3.1653656809497727e-16,,True,True,0.0,5.857059679305583e-15,True,True,1.1010691369217618e-06,PRIMARY_TOPOLOGY_CAST_FLOAT32_DIAGNOSTIC_ONLY,CONTINUUM_REFERENCE_MINUS_LAMBDA_1_BASE_SPH,True,0.7014816842849149,1.993730860149625e-14,2.220446049250313e-16,0.0,2.220446049250313e-16,2.220446049250313e-16,2.220446049250313e-16,4.440892098500626e-16,0.0,2.0825487021196377e-14,0.0,True,0.06811953926259588,0.01,2.842170943040401e-16,0.0,0.0,0.0,0.0,0.0,0.0,0.0,2.842170943040401e-16,0.0,True,0.0,0.08815078823909132,2.5053960893925285e-15,2.7755575615628914e-17,0.0,6.245004513516506e-17,6.591949208711867e-17,6.591949208711867e-17,1.8735013540549517e-16,0.0,2.7864212925007713e-15,0.0,True,0.004987505658272653,0.08815078823909132,2.5053960893925285e-15,2.7755575615628914e-17,0.0,6.245004513516506e-17,6.591949208711867e-17,6.591949208711867e-17,1.8735013540549517e-16,0.0,2.7864212925007713e-15,0.0,True,0.004987505658272653,H-MSO-01R-B,1c99103edaf76aa05915458fd498e07b1241e272,1.0,True,True,True,True,False,a4b7da1a9f6e4efab7ccbc9ec3bb5e4235a82aef30ce64017895df05ab1c2b01,False
5,HMSO01R_A|PRIMARY|F1|29e92b6c39e1d3a436fb2bd671c7071524922a02fbf8851e384bc0c0d658f8fa,F1,FOLD_0,HMSO01R_A|FIELD_LINEAGE|f117df283c3988b3a51ad2a7138592681c02ac94fc8905b0ebf163745ca00f62,576,False,True,True,True,True,True,2.179246366695864e-17,True,True,28224,28224,True,True,True,True,2.262886615381181e-16,,True,True,0.0,5.357025144510766e-15,True,True,7.309149418349703e-08,PRIMARY_TOPOLOGY_CAST_FLOAT32_DIAGNOSTIC_ONLY,CONTINUUM_REFERENCE_MINUS_LAMBDA_1_BASE_SPH,True,0.1,2.842170943040401e-15,0.0,0.0,6.055269133331542e-17,1.4433441421213278e-17,6.055269133331542e-17,1.8453120975703285e-16,0.0,3.087254844130749e-15,0.0,True,6.096192485684228e-17,0.01,2.842170943040401e-16,0.0,0.0,0.0,0.0,0.0,0.0,0.0,2.842170943040401e-16,0.0,True,0.0,0.0784995954868479,2.231092693331445e-15,1.3877787807814457e-17,0.0,8.673617379884035e-17,4.85722573273506e-17,8.673617379884035e-17,2.0469737016526324e-16,0.0,2.536404025103363e-15,0.0,True,0.0032422467918079637,0.0784995954868479,2.231092693331445e-15,1.3877787807814457e-17,0.0,8.673617379884035e-17,4.85722573273506e-17,8.673617379884035e-17,2.0469737016526324e-16,0.0,2.536404025103363e-15,0.0,True,0.0032422467918079637,H-MSO-01R-B,1c99103edaf76aa05915458fd498e07b1241e272,1.0,True,True,True,True,False,a4b7da1a9f6e4efab7ccbc9ec3bb5e4235a82aef30ce64017895df05ab1c2b01,False
6,HMSO01R_A|PRIMARY|F1|9883cd7992a90f5d6864ab975f80dd9cf59338673fe1489da80f17066b15096b,F1,FOLD_3,HMSO01R_A|FIELD_LINEAGE|7c009b8ab0dfadca9095462a890aab36eac46b48a3c131f7a908a8d37a21f707,576,False,True,True,True,True,True,3.885780586188048e-16,True,True,46656,46656,True,True,True,True,3.191841322443933e-16,,True,True,0.0,2.060260754682876e-15,True,True,7.12815388048682e-07,PRIMARY_TOPOLOGY_CAST_FLOAT32_DIAGNOSTIC_ONLY,CONTINUUM_REFERENCE_MINUS_LAMBDA_1_BASE_SPH,True,0.4428728484992099,1.2587203414659879e-14,1.1102230246251565e-16,0.0,2.7755575615628914e-16,2.220446049250313e-16,2.7755575615628914e-16,2.7755575615628914e-16,0.0,1.3253337229434973e-14,0.0,True,0.02745449392503634,0.01,2.842170943040401e-16,0.0,0.0,0.0,0.0,0.0,0.0,0.0,2.842170943040401e-16,0.0,True,0.0,0.027826521746390064,7.908773155347167e-16,6.938893903907228e-18,0.0,3.122502256758253e-17,2.7755575615628914e-17,3.122502256758253e-17,5.898059818321144e-17,0.0,8.880218301894179e-16,0.0,True,0.001262691248883011,0.027826521746390064,7.908773155347167e-16,6.938893903907228e-18,0.0,3.122502256758253e-17,2.7755575615628914e-17,3.122502256758253e-17,5.898059818321144e-17,0.0,8.880218301894179e-16,0.0,True,0.001262691248883011,H-MSO-01R-B,1c99103edaf76aa05915458fd498e07b1241e272,1.0,True,True,True,True,False,a4b7da1a9f6e4efab7ccbc9ec3bb5e4235a82aef30ce64017895df05ab1c2b01,False
7,HMSO01R_A|PRIMARY|F1|9487e088f788d2ec8ba6ae806ea91685d6ebbefde165d132cb5f71e58101c354,F1,FOLD_4,HMSO01R_A|FIELD_LINEAGE|a1c0a919ad122615714cbb9f6b50981061d4f68fe06b618c4cd2688f52f12391,576,False,True,True,True,True,True,0.0,True,True,46656,46656,True,True,True,True,1.9808757539222985e-16,,True,True,0.0,2.691456401596142e-13,True,True,4.3802935169034996e-06,PRIMARY_TOPOLOGY_CAST_FLOAT32_DIAGNOSTIC_ONLY,CONTINUUM_REFERENCE_MINUS_LAMBDA_1_BASE_SPH,True,0.1,2.842170943040401e-15,0.0,0.0,0.0,0.0,0.0,0.0,0.0,2.842170943040401e-15,0.0,True,0.0,4.4837664247313755,1.274363064775166e-13,8.881784197001252e-16,0.0,2.6645352591003757e-15,2.6645352591003757e-15,2.6645352591003757e-15,3.4416913763379853e-15,0.0,1.3443071153265508e-13,0.0,True,1.1317416432201701,0.01,2.842170943040401e-16,0.0,0.0,0.0,0.0,0.0,0.0,0.0,2.842170943040401e-16,0.0,True,0.0,4.4837664247313755,1.274363064775166e-13,8.881784197001252e-16,0.0,2.6645352591003757e-15,2.6645352591003757e-15,2.6645352591003757e-15,3.4416913763379853e-15,0.0,1.3443071153265508e-13,0.0,True,1.1317416432201701,H-MSO-01R-B,1c99103edaf76aa05915458fd498e07b1241e272,1.0,True,True,True,True,False,a4b7da1a9f6e4efab7ccbc9ec3bb5e4235a82aef30ce64017895df05ab1c2b01,False
8,HMSO01R_A|PRIMARY|F1|20535a5b894e69d9162faebb7d09c6da71c5ccb03d06b6550f8c2888772f9134,F1,FOLD_1,HMSO01R_A|FIELD_LINEAGE|fefaa03392c6d5e862f0b98f72e148123eb5332d997aade537062f72a6e1a99c,576,False,True,True,True,True,True,0.0,True,True,46656,46656,True,True,True,True,9.422029829316199e-17,,True,True,0.0,2.2253605924981173e-12,True,True,3.3702597011853186e-05,PRIMARY_TOPOLOGY_CAST_FLOAT32_DIAGNOSTIC_ONLY,CONTINUUM_REFERENCE_MINUS_LAMBDA_1_BASE_SPH,True,0.1,2.842170943040401e-15,0.0,0.0,0.0,0.0,0.0,0.0,0.0,2.842170943040401e-15,0.0,True,0.0,37.7064575591387,1.0716819803957008e-12,3.552713678800501e-15,0.0,1.5987211554602254e-14,1.4210854715202004e-14,1.5987211554602254e-14,2.1316282072803006e-14,0.0,1.1125381877019066e-12,0.0,True,9.041284255496047,0.01,2.842170943040401e-16,0.0,0.0,0.0,0.0,0.0,0.0,0.0,2.842170943040401e-16,0.0,True,0.0,37.7064575591387,1.0716819803957008e-12,3.552713678800501e-15,0.0,1.5987211554602254e-14,1.4210854715202004e-14,1.5987211554602254e-14,2.1316282072803006e-14,0.0,1.1125381877019066e-12,0.0,True,9.041284255496047,H-MSO-01R-B,1c99103edaf76aa05915458fd498e07b1241e272,1.0,True,True,True,True,False,a4b7da1a9f6e4efab7ccbc9ec3bb5e4235a82aef30ce64017895df05ab1c2b01,False
9,HMSO01R_A|PRIMARY|F1|dc3d8aab18d0c255168c9471f21eea7e056899fbb44faeb54799a5443ea70f0c,F1,FOLD_2,HMSO01R_A|FIELD_LINEAGE|d3329a31885ae9100b3a5071d3f6de7c5b314524ba319156e3df439e55667dd5,576,False,True,True,True,True,True,0.0,True,True,28224,28224,True,True,True,True,1.4136328784992143e-16,,True,True,0.0,7.758572051498114e-13,True,True,2.205897854778982e-05,PRIMARY_TOPOLOGY_CAST_FLOAT32_DIAGNOSTIC_ONLY,CONTINUUM_REFERENCE_MINUS_LAMBDA_1_BASE_SPH,True,0.1,2.842170943040401e-15,0.0,0.0,0.0,0.0,0.0,0.0,0.0,2.842170943040401e-15,0.0,True,0.0,12.565899296896113,3.5714433854809934e-13,1.7763568394002505e-15,0.0,1.021405182655144e-14,7.105427357601002e-15,1.021405182655144e-14,1.865174681370263e-14,0.0,3.8778649402775366e-13,0.0,True,1.3620285515905508,0.01,2.842170943040401e-16,0.0,0.0,0.0,0.0,0.0,0.0,0.0,2.842170943040401e-16,0.0,True,0.0,12.565899296896113,3.5714433854809934e-13,1.7763568394002505e-15,0.0,1.021405182655144e-14,7.105427357601002e-15,1.021405182655144e-14,1.865174681370263e-14,0.0,3.8778649402775366e-13,0.0,True,1.3620285515905508,H-MSO-01R-B,1c99103edaf76aa05915458fd498e07b1241e272,1.0,True,True,True,True,False,a4b7da1a9f6e4efab7ccbc9ec3bb5e4235a82aef30ce64017895df05ab1c2b01,False
10,HMSO01R_A|PRIMARY|F1|a55f2004bfe7a70aa876e79f282731fbb98f78767765a44b0b1d4f8836b8abf4,F1,FOLD_5,HMSO01R_A|FIELD_LINEAGE|0e85d8db167a222553e045c2d06d7055fe817db60fe9573c8fc78f52ed1f8615,576,False,True,True,True,True,True,0.0,True,True,16704,16704,True,True,True,True,1.4154058220068514e-16,,True,True,0.0,1.1588176957826282e-13,True,True,1.8434816231316375e-06,PRIMARY_TOPOLOGY_CAST_FLOAT32_DIAGNOSTIC_ONLY,CONTINUUM_REFERENCE_MINUS_LAMBDA_1_BASE_SPH,True,0.1,2.842170943040401e-15,0.0,0.0,0.0,0.0,0.0,0.0,0.0,2.842170943040401e-15,0.0,True,0.0,1.5687698995769461,4.458712224894004e-14,2.220446049250313e-16,0.0,2.9976021664879227e-15,2.1094237467877974e-15,2.9976021664879227e-15,9.992007221626409e-15,0.0,5.77987762419794e-14,0.0,True,0.02875077027528384,0.01,2.842170943040401e-16,0.0,0.0,0.0,0.0,0.0,0.0,0.0,2.842170943040401e-16,0.0,True,0.0,1.5687698995769461,4.458712224894004e-14,2.220446049250313e-16,0.0,2.9976021664879227e-15,2.1094237467877974e-15,2.9976021664879227e-15,9.992007221626409e-15,0.0,5.77987762419794e-14,0.0,True,0.02875077027528384,H-MSO-01R-B,1c99103edaf76aa05915458fd498e07b1241e272,1.0,True,True,True,True,False,a4b7da1a9f6e4efab7ccbc9ec3bb5e4235a82aef30ce64017895df05ab1c2b01,False
11,HMSO01R_A|PRIMARY|F1|28c77a8ddd05de23b312f2b66382c02eb5b79e2bf306ff67761448f2db57b19a,F1,FOLD_2,HMSO01R_A|FIELD_LINEAGE|05638fa6abec8d1f9d2070785cb5b62bc36d80415fcae04a6c6b1419139c3003,576,False,True,True,True,True,True,0.0,True,True,16704,16704,True,True,True,True,1.418757721756763e-16,,True,True,0.0,1.6315350077169134e-12,True,True,2.2991350443923864e-05,PRIMARY_TOPOLOGY_CAST_FLOAT32_DIAGNOSTIC_ONLY,CONTINUUM_REFERENCE_MINUS_LAMBDA_1_BASE_SPH,True,0.1,2.842170943040401e-15,0.0,0.0,0.0,0.0,0.0,0.0,0.0,2.842170943040401e-15,0.0,True,0.0,25.041017393733636,7.117085202063901e-13,3.552713678800501e-15,0.0,2.842170943040401e-14,2.353672812205332e-14,2.842170943040401e-14,7.194245199571014e-14,0.0,8.156253953113047e-13,0.0,True,1.3335765018219312,0.01,2.842170943040401e-16,0.0,0.0,0.0,0.0,0.0,0.0,0.0,2.842170943040401e-16,0.0,True,0.0,25.041017393733636,7.117085202063901e-13,3.552713678800501e-15,0.0,2.842170943040401e-14,2.353672812205332e-14,2.842170943040401e-14,7.194245199571014e-14,0.0,8.156253953113047e-13,0.0,True,1.3335765018219312,H-MSO-01R-B,1c99103edaf76aa05915458fd498e07b1241e272,1.0,True,True,True,True,False,a4b7da1a9f6e4efab7ccbc9ec3bb5e4235a82aef30ce64017895df05ab1c2b01,False
12,HMSO01R_A|PRIMARY|F1|95f40357845f50cdbfb609794900692a451d073a196e1de5effa8bf3b10c31d3,F1,FOLD_1,HMSO01R_A|FIELD_LINEAGE|1d03c9c9f560219b53c739310adfe296cf8afec50561d01ce15be76ae73c1479,576,False,True,True,True,True,True,0.0,True,True,16704,16704,True,True,True,True,1.9793395504807683e-16,,True,True,0.0,5.574985223087835e-13,True,True,1.100404436238378e-05,PRIMARY_TOPOLOGY_CAST_FLOAT32_DIAGNOSTIC_ONLY,CONTINUUM_REFERENCE_MINUS_LAMBDA_1_BASE_SPH,True,0.1,2.842170943040401e-15,0.0,0.0,0.0,0.0,0.0,0.0,0.0,2.842170943040401e-15,0.0,True,0.0,8.974492723943122,2.550704244851864e-13,1.7763568394002505e-15,0.0,6.661338147750939e-15,4.440892098500626e-15,6.661338147750939e-15,1.509903313490213e-14,0.0,2.786071526072397e-13,0.0,True,0.980299512117836,0.01,2.842170943040401e-16,0.0,0.0,0.0,0.0,0.0,0.0,0.0,2.842170943040401e-16,0.0,True,0.0,8.974492723943122,2.550704244851864e-13,1.7763568394002505e-15,0.0,6.661338147750939e-15,4.440892098500626e-15,6.661338147750939e-15,1.509903313490213e-14,0.0,2.786071526072397e-13,0.0,True,0.980299512117836,H-MSO-01R-B,1c99103edaf76aa05915458fd498e07b1241e272,1.0,True,True,True,True,False,a4b7da1a9f6e4efab7ccbc9ec3bb5e4235a82aef30ce64017895df05ab1c2b01,False
13,HMSO01R_A|PRIMARY|F1|26d3e67e50ad7a7aa5a033717aad4a0174bbd3a8a498e7e470cb77fc7090aba8,F1,FOLD_1,HMSO01R_A|FIELD_LINEAGE|008a4638c8cb2247bc6cd62f75f3daa09b2e49ba7d73812777f0a31f466efb5e,576,False,True,True,True,True,True,1.1102230246251565e-16,True,True,28224,28224,True,True,True,True,3.195393925032062e-16,,True,True,0.0,5.6796717615805956e-15,True,True,6.472875478669149e-07,PRIMARY_TOPOLOGY_CAST_FLOAT32_DIAGNOSTIC_ONLY,CONTINUUM_REFERENCE_MINUS_LAMBDA_1_BASE_SPH,True,0.4608129869876055,1.3097092817918266e-14,5.551115123125783e-17,0.0,2.220446049250313e-16,1.6653345369377348e-16,2.220446049250313e-16,2.220446049250313e-16,0.0,1.3596693178999586e-14,0.0,True,0.0777102916081309,0.01,2.842170943040401e-16,0.0,0.0,0.0,0.0,0.0,0.0,0.0,2.842170943040401e-16,0.0,True,0.0,0.08686120167594179,2.468743834809339e-15,2.7755575615628914e-17,0.0,6.938893903907228e-17,4.163336342344337e-17,6.938893903907228e-17,1.3183898417423734e-16,0.0,2.6977273336382776e-15,0.0,True,0.007705178796409196,0.08686120167594179,2.468743834809339e-15,2.7755575615628914e-17,0.0,6.938893903907228e-17,4.163336342344337e-17,6.938893903907228e-17,1.3183898417423734e-16,0.0,2.6977273336382776e-15,0.0,True,0.007705178796409196,H-MSO-01R-B,1c99103edaf76aa05915458fd498e07b1241e272,1.0,True,True,True,True,False,a4b7da1a9f6e4efab7ccbc9ec3bb5e4235a82aef30ce64017895df05ab1c2b01,False
14,HMSO01R_A|PRIMARY|F1|551fa9df47aa6d1ed2b65dd205e190a22a7f8bbbeba84ce8cd3bbf30d0d2c86c,F1,FOLD_2,HMSO01R_A|FIELD_LINEAGE|8d1e4918227588e163eea87a946c88983d6e03486114766be90d0602757fb4c2,576,False,True,True,True,True,True,3.3306690738754696e-16,True,True,28224,28224,True,True,True,True,2.513435083615995e-16,,True,True,0.0,2.2226603502176385e-15,True,True,5.304083673662863e-07,PRIMARY_TOPOLOGY_CAST_FLOAT32_DIAGNOSTIC_ONLY,CONTINUUM_REFERENCE_MINUS_LAMBDA_1_BASE_SPH,True,0.4417154164283868,1.2554307216657514e-14,1.1102230246251565e-16,0.0,2.220446049250313e-16,2.220446049250313e-16,2.220446049250313e-16,2.7755575615628914e-16,0.0,1.316492988020135e-14,0.0,True,0.018180645165307582,0.01,2.842170943040401e-16,0.0,0.0,0.0,0.0,0.0,0.0,0.0,2.842170943040401e-16,0.0,True,0.0,0.02775379814457552,7.888103864552113e-16,6.938893903907228e-18,0.0,5.551115123125783e-17,4.683753385137379e-17,5.551115123125783e-17,1.1796119636642288e-16,0.0,9.692216279567993e-16,0.0,True,0.0008533674606885891,0.02775379814457552,7.888103864552113e-16,6.938893903907228e-18,0.0,5.551115123125783e-17,4.683753385137379e-17,5.551115123125783e-17,1.1796119636642288e-16,0.0,9.692216279567993e-16,0.0,True,0.0008533674606885891,H-MSO-01R-B,1c99103edaf76aa05915458fd498e07b1241e272,1.0,True,True,True,True,False,a4b7da1a9f6e4efab7ccbc9ec3bb5e4235a82aef30ce64017895df05ab1c2b01,False
15,HMSO01R_A|PRIMARY|F1|4677eaef7506ee864d1ee7c775444f00fae07b93f4e69bffa18aed1490049204,F1,FOLD_0,HMSO01R_A|FIELD_LINEAGE|1b6f0cb3de33bc6abdb0882404222836bd00a9ad3c6fe2c95af35a87f0fa1200,576,False,True,True,True,True,True,0.0,True,True,46656,46656,True,True,True,True,1.4138791815755527e-16,,True,True,0.0,1.9470146767632553e-13,True,True,5.086680458510351e-06,PRIMARY_TOPOLOGY_CAST_FLOAT32_DIAGNOSTIC_ONLY,CONTINUUM_REFERENCE_MINUS_LAMBDA_1_BASE_SPH,True,0.1,2.842170943040401e-15,0.0,0.0,0.0,0.0,0.0,0.0,0.0,2.842170943040401e-15,0.0,True,0.0,3.140927567482767,8.927053066494088e-14,4.440892098500626e-16,0.0,3.497202527569243e-15,2.1649348980190553e-15,3.497202527569243e-15,3.9968028886505635e-15,0.0,9.720862529101075e-14,0.0,True,0.5087692616459035,0.01,2.842170943040401e-16,0.0,0.0,0.0,0.0,0.0,0.0,0.0,2.842170943040401e-16,0.0,True,0.0,3.140927567482767,8.927053066494088e-14,4.440892098500626e-16,0.0,3.497202527569243e-15,2.1649348980190553e-15,3.497202527569243e-15,3.9968028886505635e-15,0.0,9.720862529101075e-14,0.0,True,0.5087692616459035,H-MSO-01R-B,1c99103edaf76aa05915458fd498e07b1241e272,1.0,True,True,True,True,False,a4b7da1a9f6e4efab7ccbc9ec3bb5e4235a82aef30ce64017895df05ab1c2b01,False
16,HMSO01R_A|PRIMARY|F1|e4d028900be8963e34d3514450da85cf7e51369728095a44147a375b17ff63f3,F1,FOLD_5,HMSO01R_A|FIELD_LINEAGE|86c895c14384dc9ce73736790948d3516d7de8be96dc834ec48d9a651e6b8e5e,576,False,True,True,True,True,True,2.220446049250313e-16,True,True,16704,16704,True,True,True,True,1.7871448809916308e-16,,True,True,0.0,5.461580222406104e-15,True,True,6.706246190590903e-07,PRIMARY_TOPOLOGY_CAST_FLOAT32_DIAGNOSTIC_ONLY,CONTINUUM_REFERENCE_MINUS_LAMBDA_1_BASE_SPH,True,0.6179461308051754,1.756308537338712e-14,0.0,0.0,3.3306690738754696e-16,2.220446049250313e-16,3.3306690738754696e-16,6.106226635438361e-16,0.0,1.8506774944318504e-14,0.0,True,0.03241635263235565,0.01,2.842170943040401e-16,0.0,0.0,0.0,0.0,0.0,0.0,0.0,2.842170943040401e-16,0.0,True,0.0,0.07765340099407109,2.207042399336134e-15,1.3877787807814457e-17,0.0,5.551115123125783e-17,4.85722573273506e-17,5.551115123125783e-17,3.122502256758253e-16,0.0,2.5886815640510317e-15,0.0,True,0.002351363108547629,0.07765340099407109,2.207042399336134e-15,1.3877787807814457e-17,0.0,5.551115123125783e-17,4.85722573273506e-17,5.551115123125783e-17,3.122502256758253e-16,0.0,2.5886815640510317e-15,0.0,True,0.002351363108547629,H-MSO-01R-B,1c99103edaf76aa05915458fd498e07b1241e272,1.0,True,True,True,True,False,a4b7da1a9f6e4efab7ccbc9ec3bb5e4235a82aef30ce64017895df05ab1c2b01,False
17,HMSO01R_A|PRIMARY|F1|8853d353badbe5291c0ebcfaf568093874927630ed91db99e44043086bc2bd77,F1,FOLD_4,HMSO01R_A|FIELD_LINEAGE|093dc802dc5954d756689fb97f687ee9b46c368f5fe625c807448d3bc43a1926,576,False,True,True,True,True,True,0.0,True,True,46656,46656,True,True,True,True,1.4156435884701533e-16,,True,True,0.0,8.210279427489355e-13,True,True,1.974734583054527e-05,PRIMARY_TOPOLOGY_CAST_FLOAT32_DIAGNOSTIC_ONLY,CONTINUUM_REFERENCE_MINUS_LAMBDA_1_BASE_SPH,True,0.1,2.842170943040401e-15,0.0,0.0,0.0,0.0,0.0,0.0,0.0,2.842170943040401e-15,0.0,True,0.0,12.5480513165034,3.566370684354581e-13,1.7763568394002505e-15,0.0,2.398081733190338e-14,2.042810365310288e-14,2.398081733190338e-14,2.7977620220553945e-14,0.0,4.103718628273157e-13,0.0,True,1.1115858171538662,0.01,2.842170943040401e-16,0.0,0.0,0.0,0.0,0.0,0.0,0.0,2.842170943040401e-16,0.0,True,0.0,12.5480513165034,3.566370684354581e-13,1.7763568394002505e-15,0.0,2.398081733190338e-14,2.042810365310288e-14,2.398081733190338e-14,2.7977620220553945e-14,0.0,4.103718628273157e-13,0.0,True,1.1115858171538662,H-MSO-01R-B,1c99103edaf76aa05915458fd498e07b1241e272,1.0,True,True,True,True,False,a4b7da1a9f6e4efab7ccbc9ec3bb5e4235a82aef30ce64017895df05ab1c2b01,False
18,HMSO01R_A|PRIMARY|F1|caffac0e852992e38bf950f2604d4982870d7de259ba736aae7ebd5004b0e98b,F1,FOLD_3,HMSO01R_A|FIELD_LINEAGE|0e65acebdbaa92caa4bcb30c2a0feac4a5469aac1dd76780539181916f956f58,576,False,True,True,True,True,True,0.0,True,True,28224,28224,True,True,True,True,2.8301260856667544e-16,,True,True,0.0,3.859333985657185e-13,True,True,1.685218366609398e-05,PRIMARY_TOPOLOGY_CAST_FLOAT32_DIAGNOSTIC_ONLY,CONTINUUM_REFERENCE_MINUS_LAMBDA_1_BASE_SPH,True,0.1,2.842170943040401e-15,0.0,0.0,0.0,0.0,0.0,0.0,0.0,2.842170943040401e-15,0.0,True,0.0,6.276599648321871,1.783916914155802e-13,1.7763568394002505e-15,0.0,3.9968028886505635e-15,4.6629367034256575e-15,4.6629367034256575e-15,7.993605777301127e-15,0.0,1.9282459073570723e-13,0.0,True,0.6811499618047031,0.01,2.842170943040401e-16,0.0,0.0,0.0,0.0,0.0,0.0,0.0,2.842170943040401e-16,0.0,True,0.0,6.276599648321871,1.783916914155802e-13,1.7763568394002505e-15,0.0,3.9968028886505635e-15,4.6629367034256575e-15,4.6629367034256575e-15,7.993605777301127e-15,0.0,1.9282459073570723e-13,0.0,True,0.6811499618047031,H-MSO-01R-B,1c99103edaf76aa05915458fd498e07b1241e272,1.0,True,True,True,True,False,a4b7da1a9f6e4efab7ccbc9ec3bb5e4235a82aef30ce64017895df05ab1c2b01,False
19,HMSO01R_A|PRIMARY|F1|60e871a6c20d0af14c3ace9907424d9db227d34f041ddac4df9aa0a3b0bb1f33,F1,FOLD_0,HMSO01R_A|FIELD_LINEAGE|f117df283c3988b3a51ad2a7138592681c02ac94fc8905b0ebf163745ca00f62,576,False,True,True,True,True,True,1.9081958235744878e-17,True,True,46656,46656,True,True,True,True,2.262886615381181e-16,,True,True,0.0,5.180083349961132e-15,True,True,7.654508355110778e-08,PRIMARY_TOPOLOGY_CAST_FLOAT32_DIAGNOSTIC_ONLY,CONTINUUM_REFERENCE_MINUS_LAMBDA_1_BASE_SPH,True,0.1,2.842170943040401e-15,0.0,0.0,3.38592950335434e-17,1.5409223376450232e-17,3.38592950335434e-17,1.1011428314305904e-16,0.0,2.9861445212170033e-15,0.0,True,4.2819435797654956e-17,0.01,2.842170943040401e-16,0.0,0.0,0.0,0.0,0.0,0.0,0.0,2.842170943040401e-16,0.0,True,0.0,0.0784995954868479,2.231092693331445e-15,1.3877787807814457e-17,0.0,9.367506770274758e-17,7.806255641895632e-17,9.367506770274758e-17,1.0928757898653885e-16,0.0,2.4479331278285457e-15,0.0,True,0.004854487372561313,0.0784995954868479,2.231092693331445e-15,1.3877787807814457e-17,0.0,9.367506770274758e-17,7.806255641895632e-17,9.367506770274758e-17,1.0928757898653885e-16,0.0,2.4479331278285457e-15,0.0,True,0.004854487372561313,H-MSO-01R-B,1c99103edaf76aa05915458fd498e07b1241e272,1.0,True,True,True,True,False,a4b7da1a9f6e4efab7ccbc9ec3bb5e4235a82aef30ce64017895df05ab1c2b01,False
20,HMSO01R_A|PRIMARY|F1|71098b9cd54436f1ef43bd82182ddda4df38006388ef812629c7c85d4a1ee54a,F1,FOLD_3,HMSO01R_A|FIELD_LINEAGE|16eb11153f438a544fbde5e29c9d4f0fc922c6cc49338ba6f7c68206ac580c7f,576,False,True,True,True,True,True,0.0,True,True,28224,28224,True,True,True,True,1.4133044743974302e-16,,True,True,0.0,1.5428803620101875e-12,True,True,4.6410805225605145e-05,PRIMARY_TOPOLOGY_CAST_FLOAT32_DIAGNOSTIC_ONLY,CONTINUUM_REFERENCE_MINUS_LAMBDA_1_BASE_SPH,True,0.1,2.842170943040401e-15,0.0,0.0,0.0,0.0,0.0,0.0,0.0,2.842170943040401e-15,0.0,True,0.0,25.137638372759127,7.144546535971337e-13,3.552713678800501e-15,0.0,1.7763568394002505e-14,1.5987211554602254e-14,1.7763568394002505e-14,3.552713678800501e-14,0.0,7.712980724579418e-13,0.0,True,2.7219227710821783,0.01,2.842170943040401e-16,0.0,0.0,0.0,0.0,0.0,0.0,0.0,2.842170943040401e-16,0.0,True,0.0,25.137638372759127,7.144546535971337e-13,3.552713678800501e-15,0.0,1.7763568394002505e-14,1.5987211554602254e-14,1.7763568394002505e-14,3.552713678800501e-14,0.0,7.712980724579418e-13,0.0,True,2.7219227710821783,H-MSO-01R-B,1c99103edaf76aa05915458fd498e07b1241e272,1.0,True,True,True,True,False,a4b7da1a9f6e4efab7ccbc9ec3bb5e4235a82aef30ce64017895df05ab1c2b01,False
21,HMSO01R_A|PRIMARY|F1|74878e2e410283bf5b8d858ce2e548e073e0dfb665a012817708b2ea789c0d47,F1,FOLD_2,HMSO01R_A|FIELD_LINEAGE|6af5032f0b166e8e3ff27ce0b5fdfb49cda87c61afe66a4eb6eb807e625daf8a,576,False,True,True,True,True,True,6.559423143537302e-17,True,True,16704,16704,True,True,True,True,3.1653656809497727e-16,,True,True,0.0,3.1920690301231877e-15,True,True,8.252313798279287e-08,PRIMARY_TOPOLOGY_CAST_FLOAT32_DIAGNOSTIC_ONLY,CONTINUUM_REFERENCE_MINUS_LAMBDA_1_BASE_SPH,True,0.1,2.842170943040401e-15,0.0,0.0,8.326672684688674e-17,5.551115123125783e-17,8.326672684688674e-17,1.6653345369377348e-16,0.0,3.091971123581061e-15,0.0,True,4.888600064737669e-05,0.01,2.842170943040401e-16,0.0,0.0,0.0,0.0,0.0,0.0,0.0,2.842170943040401e-16,0.0,True,0.0,0.04407539411954566,1.2526980446962643e-15,1.3877787807814457e-17,0.0,3.8163916471489756e-17,3.2959746043559335e-17,3.8163916471489756e-17,1.491862189340054e-16,0.0,1.4539259679095739e-15,0.0,True,0.0017378570196961247,0.04407539411954566,1.2526980446962643e-15,1.3877787807814457e-17,0.0,3.8163916471489756e-17,3.2959746043559335e-17,3.8163916471489756e-17,1.491862189340054e-16,0.0,1.4539259679095739e-15,0.0,True,0.0017378570196961247,H-MSO-01R-B,1c99103edaf76aa05915458fd498e07b1241e272,1.0,True,True,True,True,False,a4b7da1a9f6e4efab7ccbc9ec3bb5e4235a82aef30ce64017895df05ab1c2b01,False
22,HMSO01R_A|PRIMARY|F1|5a2a9369cfead6c6a1da9e80f9c5447c935f07e66b8f7bb9ce0dc8ec94be5ff5,F1,FOLD_3,HMSO01R_A|FIELD_LINEAGE|e2940f5e79800b14b8eefcdb52a6c4eb9c2bcacb794aadbf19ab173720ccdfc9,576,False,True,True,True,True,True,0.0,True,True,16704,16704,True,True,True,True,1.4202856575572004e-16,,True,True,0.0,4.61448883010425e-13,True,True,8.83743269242121e-06,PRIMARY_TOPOLOGY_CAST_FLOAT32_DIAGNOSTIC_ONLY,CONTINUUM_REFERENCE_MINUS_LAMBDA_1_BASE_SPH,True,0.1,2.842170943040401e-15,0.0,0.0,0.0,0.0,0.0,0.0,0.0,2.842170943040401e-15,0.0,True,0.0,6.25351959990735,1.7773571698590303e-13,8.881784197001252e-16,0.0,1.199040866595169e-14,1.1213252548714081e-14,1.199040866595169e-14,3.9968028886505635e-14,0.0,2.3058233295806046e-13,0.0,True,0.2710068449550256,0.01,2.842170943040401e-16,0.0,0.0,0.0,0.0,0.0,0.0,0.0,2.842170943040401e-16,0.0,True,0.0,6.25351959990735,1.7773571698590303e-13,8.881784197001252e-16,0.0,1.199040866595169e-14,1.1213252548714081e-14,1.199040866595169e-14,3.9968028886505635e-14,0.0,2.3058233295806046e-13,0.0,True,0.2710068449550256,H-MSO-01R-B,1c99103edaf76aa05915458fd498e07b1241e272,1.0,True,True,True,True,False,a4b7da1a9f6e4efab7ccbc9ec3bb5e4235a82aef30ce64017895df05ab1c2b01,False
23,HMSO01R_A|PRIMARY|F1|f0e0780bc33cf937b9317da0fd002ac7503f6caf7b9cb2ee921712e29ac5db01,F1,FOLD_0,HMSO01R_A|FIELD_LINEAGE|429c6019f8749d53e4581b918e84a928af92c02c8bd8516136f7bea7e94cf671,576,False,True,True,True,True,True,1.2349062744609896e-16,True,True,16704,16704,True,True,True,True,3.164984751349147e-16,,True,True,0.0,6.159504650463538e-15,True,True,1.805560333441661e-07,PRIMARY_TOPOLOGY_CAST_FLOAT32_DIAGNOSTIC_ONLY,CONTINUUM_REFERENCE_MINUS_LAMBDA_1_BASE_SPH,True,0.1,2.842170943040401e-15,0.0,0.0,1.6653345369377348e-16,1.1102230246251565e-16,1.6653345369377348e-16,1.942890293094024e-16,0.0,3.2029934260435768e-15,0.0,True,9.777200129475318e-05,0.01,2.842170943040401e-16,0.0,0.0,0.0,0.0,0.0,0.0,0.0,2.842170943040401e-16,0.0,True,0.0,0.0881613978461501,2.5056976325615238e-15,2.7755575615628914e-17,0.0,7.806255641895632e-17,4.163336342344337e-17,7.806255641895632e-17,3.2612801348363973e-16,0.0,2.9376437780797487e-15,0.0,True,0.003475714039392252,0.0881613978461501,2.5056976325615238e-15,2.7755575615628914e-17,0.0,7.806255641895632e-17,4.163336342344337e-17,7.806255641895632e-17,3.2612801348363973e-16,0.0,2.9376437780797487e-15,0.0,True,0.003475714039392252,H-MSO-01R-B,1c99103edaf76aa05915458fd498e07b1241e272,1.0,True,True,True,True,False,a4b7da1a9f6e4efab7ccbc9ec3bb5e4235a82aef30ce64017895df05ab1c2b01,False
24,HMSO01R_A|PRIMARY|F1|6c20eb043c375744b73d04ab8ec845a805d28af301d2b852ab9d4c4b2c29898d,F1,FOLD_1,HMSO01R_A|FIELD_LINEAGE|40ad278dca26109101acf56cf89434c2db030106327c552c8aaad7f18589b1fc,576,False,True,True,True,True,True,1.7763568394002505e-15,True,True,46656,46656,True,True,True,True,3.164984751349147e-16,,True,True,0.0,2.203676605515741e-14,True,True,7.228891069785415e-06,PRIMARY_TOPOLOGY_CAST_FLOAT32_DIAGNOSTIC_ONLY,CONTINUUM_REFERENCE_MINUS_LAMBDA_1_BASE_SPH,True,2.8062644514211925,7.975883282316524e-14,8.881784197001252e-16,0.0,1.3322676295501878e-15,1.3322676295501878e-15,1.3322676295501878e-15,1.3322676295501878e-15,0.0,8.331154650196574e-14,0.0,True,0.40703209790754585,0.01,2.842170943040401e-16,0.0,0.0,0.0,0.0,0.0,0.0,0.0,2.842170943040401e-16,0.0,True,0.0,0.3526455913846004,1.0022790530246095e-14,1.1102230246251565e-16,0.0,2.498001805406602e-16,1.8041124150158794e-16,2.498001805406602e-16,4.926614671774132e-16,0.0,1.0876274480426684e-14,0.0,True,0.029856409997695788,0.3526455913846004,1.0022790530246095e-14,1.1102230246251565e-16,0.0,2.498001805406602e-16,1.8041124150158794e-16,2.498001805406602e-16,4.926614671774132e-16,0.0,1.0876274480426684e-14,0.0,True,0.029856409997695788,H-MSO-01R-B,1c99103edaf76aa05915458fd498e07b1241e272,1.0,True,True,True,True,False,a4b7da1a9f6e4efab7ccbc9ec3bb5e4235a82aef30ce64017895df05ab1c2b01,False
25,HMSO01R_A|PRIMARY|F1|3844816a275020bfa174550105913eff0bb0a0b952d577b0e78ce0b6d881587b,F1,FOLD_0,HMSO01R_A|FIELD_LINEAGE|55cdcba2ab757796978976644840d2bce6b96e998f32047a71aff1f289ed6480,576,False,True,True,True,True,True,1.1102230246251565e-16,True,True,46656,46656,True,True,True,True,3.5162332416641445e-16,,True,True,0.0,1.622798964883555e-15,True,True,1.1058979204614516e-07,PRIMARY_TOPOLOGY_CAST_FLOAT32_DIAGNOSTIC_ONLY,CONTINUUM_REFERENCE_MINUS_LAMBDA_1_BASE_SPH,True,0.31407451909373024,8.926534721175876e-15,0.0,0.0,2.7755575615628914e-16,2.220446049250313e-16,2.7755575615628914e-16,2.7755575615628914e-16,0.0,9.481646233488455e-15,0.0,True,0.009944148582463171,0.01,2.842170943040401e-16,0.0,0.0,0.0,0.0,0.0,0.0,0.0,2.842170943040401e-16,0.0,True,0.0,0.019733884037292204,5.608707180412069e-16,6.938893903907228e-18,0.0,3.903127820947816e-17,3.0357660829594124e-17,3.903127820947816e-17,6.245004513516506e-17,0.0,6.692909352897574e-16,0.0,True,0.0003275918880411676,0.019733884037292204,5.608707180412069e-16,6.938893903907228e-18,0.0,3.903127820947816e-17,3.0357660829594124e-17,3.903127820947816e-17,6.245004513516506e-17,0.0,6.692909352897574e-16,0.0,True,0.0003275918880411676,H-MSO-01R-B,1c99103edaf76aa05915458fd498e07b1241e272,1.0,True,True,True,True,False,a4b7da1a9f6e4efab7ccbc9ec3bb5e4235a82aef30ce64017895df05ab1c2b01,False
26,HMSO01R_A|PRIMARY|F1|73de76417820ead0c529b6f49ef57cb57cd9e90562de185ceaee69461322faf0,F1,FOLD_4,HMSO01R_A|FIELD_LINEAGE|367777ab46eb41f1d6390744a91dc4aea35bac8f23f02a2f5c6dee473916edbd,576,False,True,True,True,True,True,3.8043976606158547e-16,True,True,46656,46656,True,True,True,True,2.513435083615995e-16,,True,True,0.0,3.937324277730229e-15,True,True,1.4901161204949886e-07,PRIMARY_TOPOLOGY_CAST_FLOAT32_DIAGNOSTIC_ONLY,CONTINUUM_REFERENCE_MINUS_LAMBDA_1_BASE_SPH,True,0.1,2.842170943040401e-15,0.0,0.0,4.996003610813204e-16,3.885780586188048e-16,4.996003610813204e-16,4.440892098500626e-16,0.0,3.785860513971784e-15,0.0,True,2.0248330190853801e-16,0.01,2.842170943040401e-16,0.0,0.0,0.0,0.0,0.0,0.0,0.0,2.842170943040401e-16,0.0,True,0.0,0.05550759628915104,1.5776207729104227e-15,1.3877787807814457e-17,0.0,7.806255641895632e-17,7.892991815694472e-17,7.892991815694472e-17,1.5612511283791264e-16,0.0,1.8265535917130945e-15,0.0,True,0.0025253824977660164,0.05550759628915104,1.5776207729104227e-15,1.3877787807814457e-17,0.0,7.806255641895632e-17,7.892991815694472e-17,7.892991815694472e-17,1.5612511283791264e-16,0.0,1.8265535917130945e-15,0.0,True,0.0025253824977660164,H-MSO-01R-B,1c99103edaf76aa05915458fd498e07b1241e272,1.0,True,True,True,True,False,a4b7da1a9f6e4efab7ccbc9ec3bb5e4235a82aef30ce64017895df05ab1c2b01,False
27,HMSO01R_A|PRIMARY|F1|3bcd9b0dfe43f7d54283d3409374d08e380284b0e39647cc9be2378c77c2427d,F1,FOLD_3,HMSO01R_A|FIELD_LINEAGE|e853753ed3befc6151b8f2c4e9e3797938a7689193c2157695f0b61b8e60abc8,576,False,True,True,True,True,True,0.0,True,True,16704,16704,True,True,True,True,1.4172910527373794e-16,,True,True,0.0,4.1512650500633453e-13,True,True,5.239211533059063e-06,PRIMARY_TOPOLOGY_CAST_FLOAT32_DIAGNOSTIC_ONLY,CONTINUUM_REFERENCE_MINUS_LAMBDA_1_BASE_SPH,True,0.1,2.842170943040401e-15,0.0,0.0,0.0,0.0,0.0,0.0,0.0,2.842170943040401e-15,0.0,True,0.0,6.266732708039627,1.7811125610591111e-13,8.881784197001252e-16,0.0,8.43769498715119e-15,7.105427357601002e-15,8.43769498715119e-15,1.9984014443252818e-14,0.0,2.0742114395601525e-13,0.0,True,0.3247454041972548,0.01,2.842170943040401e-16,0.0,0.0,0.0,0.0,0.0,0.0,0.0,2.842170943040401e-16,0.0,True,0.0,6.266732708039627,1.7811125610591111e-13,8.881784197001252e-16,0.0,8.43769498715119e-15,7.105427357601002e-15,8.43769498715119e-15,1.9984014443252818e-14,0.0,2.0742114395601525e-13,0.0,True,0.3247454041972548,H-MSO-01R-B,1c99103edaf76aa05915458fd498e07b1241e272,1.0,True,True,True,True,False,a4b7da1a9f6e4efab7ccbc9ec3bb5e4235a82aef30ce64017895df05ab1c2b01,False
28,HMSO01R_A|PRIMARY|F1|447fd86c5d23a208d7175d372dc45ee38c1541cf5afadcbce00d200820555993,F1,FOLD_2,HMSO01R_A|FIELD_LINEAGE|e0695af14e7ff6ed68d0eaa0320bde868bdf2eddcd09aade2748baa3ab9013d9,576,False,True,True,True,True,True,2.220446049250313e-16,True,True,16704,16704,True,True,True,True,3.286569398530552e-16,,True,True,0.0,1.1009343286863985e-14,True,True,9.5723936374692e-07,PRIMARY_TOPOLOGY_CAST_FLOAT32_DIAGNOSTIC_ONLY,CONTINUUM_REFERENCE_MINUS_LAMBDA_1_BASE_SPH,True,0.8960583761623461,2.5467510799965853e-14,1.1102230246251565e-16,0.0,3.3306690738754696e-16,3.3306690738754696e-16,3.3306690738754696e-16,8.881784197001252e-16,0.0,2.679977842951604e-14,0.0,True,0.09803914675361329,0.01,2.842170943040401e-16,0.0,0.0,0.0,0.0,0.0,0.0,0.0,2.842170943040401e-16,0.0,True,0.0,0.16890302470435356,4.800512690063487e-15,5.551115123125783e-17,0.0,9.71445146547012e-17,8.326672684688674e-17,9.71445146547012e-17,4.0939474033052647e-16,0.0,5.362563096279972e-15,0.0,True,0.010102954594872506,0.16890302470435356,4.800512690063487e-15,5.551115123125783e-17,0.0,9.71445146547012e-17,8.326672684688674e-17,9.71445146547012e-17,4.0939474033052647e-16,0.0,5.362563096279972e-15,0.0,True,0.010102954594872506,H-MSO-01R-B,1c99103edaf76aa05915458fd498e07b1241e272,1.0,True,True,True,True,False,a4b7da1a9f6e4efab7ccbc9ec3bb5e4235a82aef30ce64017895df05ab1c2b01,False
29,HMSO01R_A|PRIMARY|F1|f56a8ce65aa7323f55e848e9be2c73492ff5fdd223be7259dae69d66167179f2,F1,FOLD_3,HMSO01R_A|FIELD_LINEAGE|21b79bdb11d90c0a9b01efce71ed9eec0d7fba61736210c4c1ab358a9c4e965a,576,False,True,True,True,True,True,6.245004513516506e-16,True,True,16704,16704,True,True,True,True,3.1617135454486233e-16,,True,True,0.0,2.419468515113675e-14,True,True,6.589483747265756e-07,PRIMARY_TOPOLOGY_CAST_FLOAT32_DIAGNOSTIC_ONLY,CONTINUUM_REFERENCE_MINUS_LAMBDA_1_BASE_SPH,True,0.1,2.842170943040401e-15,0.0,0.0,8.881784197001252e-16,6.661338147750939e-16,8.881784197001252e-16,1.2212453270876722e-15,0.0,4.951594689828198e-15,0.0,True,0.0003910880051789909,0.01,2.842170943040401e-16,0.0,0.0,0.0,0.0,0.0,0.0,0.0,2.842170943040401e-16,0.0,True,0.0,0.35301044933986697,1.0033160417034053e-14,1.1102230246251565e-16,0.0,2.498001805406602e-16,2.498001805406602e-16,2.498001805406602e-16,1.5612511283791264e-15,0.0,1.1955234028416355e-14,0.0,True,0.013902856157568996,0.35301044933986697,1.0033160417034053e-14,1.1102230246251565e-16,0.0,2.498001805406602e-16,2.498001805406602e-16,2.498001805406602e-16,1.5612511283791264e-15,0.0,1.1955234028416355e-14,0.0,True,0.013902856157568996,H-MSO-01R-B,1c99103edaf76aa05915458fd498e07b1241e272,1.0,True,True,True,True,False,a4b7da1a9f6e4efab7ccbc9ec3bb5e4235a82aef30ce64017895df05ab1c2b01,False
30,HMSO01R_A|PRIMARY|F1|9279a6540d8c7f0f3e5f902f5a6ef18c812dc118780d25f7ec124f972117401a,F1,FOLD_4,HMSO01R_A|FIELD_LINEAGE|66e31e43c39c0807b2398e5067c9aaab318a50b596f04344988d8e71103f4693,576,False,True,True,True,True,True,1.1102230246251565e-16,True,True,28224,28224,True,True,True,True,2.2527175964968505e-16,,True,True,0.0,1.678885451001947e-15,True,True,2.6554294621505825e-07,PRIMARY_TOPOLOGY_CAST_FLOAT32_DIAGNOSTIC_ONLY,CONTINUUM_REFERENCE_MINUS_LAMBDA_1_BASE_SPH,True,0.3137499038109471,8.917308599931945e-15,0.0,0.0,2.220446049250313e-16,2.220446049250313e-16,2.220446049250313e-16,1.6653345369377348e-16,0.0,9.30588665855075e-15,0.0,True,0.0066578583480833104,0.01,2.842170943040401e-16,0.0,0.0,0.0,0.0,0.0,0.0,0.0,2.842170943040401e-16,0.0,True,0.0,0.019713487857539513,5.602910237467857e-16,3.469446951953614e-18,0.0,3.122502256758253e-17,2.7755575615628914e-17,3.122502256758253e-17,1.0234868508263162e-16,0.0,6.973341783489534e-16,0.0,True,0.00022939323341494508,0.019713487857539513,5.602910237467857e-16,3.469446951953614e-18,0.0,3.122502256758253e-17,2.7755575615628914e-17,3.122502256758253e-17,1.0234868508263162e-16,0.0,6.973341783489534e-16,0.0,True,0.00022939323341494508,H-MSO-01R-B,1c99103edaf76aa05915458fd498e07b1241e272,1.0,True,True,True,True,False,a4b7da1a9f6e4efab7ccbc9ec3bb5e4235a82aef30ce64017895df05ab1c2b01,False
31,HMSO01R_A|PRIMARY|F1|fdf474ceb763705abb9a27ea1a0d3b260b2d5b47f6e2ba1f33b440f83b6b102b,F1,FOLD_1,HMSO01R_A|FIELD_LINEAGE|bb92dd92e9632ccd3901d1e2e79aab63ab0910a576b08c41f27a140edcf99b56,576,False,True,True,True,True,True,0.0,True,True,28224,28224,True,True,True,True,1.4178149680314518e-16,,True,True,0.0,1.0573823780549764e-13,True,True,2.8222912480391216e-06,PRIMARY_TOPOLOGY_CAST_FLOAT32_DIAGNOSTIC_ONLY,CONTINUUM_REFERENCE_MINUS_LAMBDA_1_BASE_SPH,True,0.1,2.842170943040401e-15,0.0,0.0,0.0,0.0,0.0,0.0,0.0,2.842170943040401e-15,0.0,True,0.0,1.566104251483016,4.451135997337064e-14,2.220446049250313e-16,0.0,2.4980018054066022e-15,1.9984014443252818e-15,2.4980018054066022e-15,5.495603971894525e-15,0.0,5.27270103555968e-14,0.0,True,0.09098371737524563,0.01,2.842170943040401e-16,0.0,0.0,0.0,0.0,0.0,0.0,0.0,2.842170943040401e-16,0.0,True,0.0,1.566104251483016,4.451135997337064e-14,2.220446049250313e-16,0.0,2.4980018054066022e-15,1.9984014443252818e-15,2.4980018054066022e-15,5.495603971894525e-15,0.0,5.27270103555968e-14,0.0,True,0.09098371737524563,H-MSO-01R-B,1c99103edaf76aa05915458fd498e07b1241e272,1.0,True,True,True,True,False,a4b7da1a9f6e4efab7ccbc9ec3bb5e4235a82aef30ce64017895df05ab1c2b01,False
32,HMSO01R_A|PRIMARY|F1|e1ae65ba18ef9931ed2d0023caee85b32b14ad85c74ba1f7f8404b6849be16dc,F1,FOLD_2,HMSO01R_A|FIELD_LINEAGE|10ec2dec79c0538398e95e49cd33ade9183e905d4ea4b212dcd4e7ec34fc5546,576,False,True,True,True,True,True,4.5536491244391186e-17,True,True,46656,46656,True,True,True,True,2.2527175964968505e-16,,True,True,0.0,5.543701401515935e-15,True,True,9.574360666092518e-08,PRIMARY_TOPOLOGY_CAST_FLOAT32_DIAGNOSTIC_ONLY,CONTINUUM_REFERENCE_MINUS_LAMBDA_1_BASE_SPH,True,0.1,2.842170943040401e-15,0.0,0.0,1.0191500421363742e-16,2.900918437756528e-17,1.0191500421363742e-16,2.507217523872729e-16,0.0,3.1948076996413112e-15,0.0,True,6.721372486772706e-17,0.01,2.842170943040401e-16,0.0,0.0,0.0,0.0,0.0,0.0,0.0,2.842170943040401e-16,0.0,True,0.0,0.07885395143015805,2.2411640949871427e-15,1.3877787807814457e-17,0.0,1.5612511283791264e-16,1.3877787807814457e-16,1.5612511283791264e-16,2.185751579730777e-16,0.0,2.6297421536059475e-15,0.0,True,0.0013103675521646727,0.07885395143015805,2.2411640949871427e-15,1.3877787807814457e-17,0.0,1.5612511283791264e-16,1.3877787807814457e-16,1.5612511283791264e-16,2.185751579730777e-16,0.0,2.6297421536059475e-15,0.0,True,0.0013103675521646727,H-MSO-01R-B,1c99103edaf76aa05915458fd498e07b1241e272,1.0,True,True,True,True,False,a4b7da1a9f6e4efab7ccbc9ec3bb5e4235a82aef30ce64017895df05ab1c2b01,False
33,HMSO01R_A|PRIMARY|F1|cb9af2018d48c5188ab3eaf8f2d698636e814edd8acffd20fb4138cbf810c936,F1,FOLD_3,HMSO01R_A|FIELD_LINEAGE|7be8c21ecd7eaebf293b54b94f1920e19f00da5d0e416aaa8f7c69137970c399,576,False,True,True,True,True,True,3.204461164734579e-16,True,True,46656,46656,True,True,True,True,3.1653656809497727e-16,,True,True,0.0,1.1138468720343022e-14,True,True,2.8802898684697487e-07,PRIMARY_TOPOLOGY_CAST_FLOAT32_DIAGNOSTIC_ONLY,CONTINUUM_REFERENCE_MINUS_LAMBDA_1_BASE_SPH,True,0.1,2.842170943040401e-15,0.0,0.0,4.996003610813204e-16,3.3306690738754696e-16,4.996003610813204e-16,7.216449660063518e-16,0.0,4.063416270128073e-15,0.0,True,6.4495375243787305e-06,0.01,2.842170943040401e-16,0.0,0.0,0.0,0.0,0.0,0.0,0.0,2.842170943040401e-16,0.0,True,0.0,0.17630157647818265,5.010792178785057e-15,5.551115123125783e-17,0.0,1.1102230246251565e-16,9.71445146547012e-17,1.1102230246251565e-16,2.498001805406602e-16,0.0,5.427125813019491e-15,0.0,True,0.01492820499884789,0.17630157647818265,5.010792178785057e-15,5.551115123125783e-17,0.0,1.1102230246251565e-16,9.71445146547012e-17,1.1102230246251565e-16,2.498001805406602e-16,0.0,5.427125813019491e-15,0.0,True,0.01492820499884789,H-MSO-01R-B,1c99103edaf76aa05915458fd498e07b1241e272,1.0,True,True,True,True,False,a4b7da1a9f6e4efab7ccbc9ec3bb5e4235a82aef30ce64017895df05ab1c2b01,False
34,HMSO01R_A|PRIMARY|F1|b665cfe4fd9eb20f1bd6aea233f0af27494b5960d9e7846b88a2432175f4c297,F1,FOLD_5,HMSO01R_A|FIELD_LINEAGE|4729596698ed7c65dd5f082aea4dac27cd26c6550de18eb2382e9ca6f186b90b,576,False,True,True,True,True,True,2.5500435096859064e-16,True,True,28224,28224,True,True,True,True,3.164984751349147e-16,,True,True,0.0,1.1444986224790921e-14,True,True,3.794710197336376e-07,PRIMARY_TOPOLOGY_CAST_FLOAT32_DIAGNOSTIC_ONLY,CONTINUUM_REFERENCE_MINUS_LAMBDA_1_BASE_SPH,True,0.1,2.842170943040401e-15,0.0,0.0,3.3306690738754696e-16,2.7755575615628914e-16,3.3306690738754696e-16,5.551115123125783e-16,0.0,3.730349362740526e-15,0.0,True,7.098683911985045e-06,0.01,2.842170943040401e-16,0.0,0.0,0.0,0.0,0.0,0.0,0.0,2.842170943040401e-16,0.0,True,0.0,0.1763227956923002,5.0113952651230475e-15,5.551115123125783e-17,0.0,1.6653345369377348e-16,1.6653345369377348e-16,1.6653345369377348e-16,3.469446951953614e-16,0.0,5.58038456524344e-15,0.0,True,0.009975011316545308,0.1763227956923002,5.0113952651230475e-15,5.551115123125783e-17,0.0,1.6653345369377348e-16,1.6653345369377348e-16,1.6653345369377348e-16,3.469446951953614e-16,0.0,5.58038456524344e-15,0.0,True,0.009975011316545308,H-MSO-01R-B,1c99103edaf76aa05915458fd498e07b1241e272,1.0,True,True,True,True,False,a4b7da1a9f6e4efab7ccbc9ec3bb5e4235a82aef30ce64017895df05ab1c2b01,False
35,HMSO01R_A|PRIMARY|F1|a00695e617424fdaa8a3c9b60f31bdf7e639989766a74eea722e71e39bb641eb,F1,FOLD_0,HMSO01R_A|FIELD_LINEAGE|0f49beb059c8327e240fa524ede4b5d0ddc16e0eb915fce826282146040c0e20,576,False,True,True,True,True,True,2.220446049250313e-16,True,True,16704,16704,True,True,True,True,3.164984751349147e-16,,True,True,0.0,3.175023338532415e-15,True,True,9.017090517211834e-07,PRIMARY_TOPOLOGY_CAST_FLOAT32_DIAGNOSTIC_ONLY,CONTINUUM_REFERENCE_MINUS_LAMBDA_1_BASE_SPH,True,0.35078305642764906,9.969854102895655e-15,1.1102230246251565e-16,0.0,1.1102230246251565e-16,1.1102230246251565e-16,1.1102230246251565e-16,3.3306690738754696e-16,0.0,1.0524965615208233e-14,0.0,True,0.021853282482645273,0.01,2.842170943040401e-16,0.0,0.0,0.0,0.0,0.0,0.0,0.0,2.842170943040401e-16,0.0,True,0.0,0.04408069892307505,1.2528488162807619e-15,1.3877787807814457e-17,0.0,3.9898639947466563e-17,3.2959746043559335e-17,3.9898639947466563e-17,1.3877787807814457e-16,0.0,1.4454031221141875e-15,0.0,True,0.001737857019696127,0.04408069892307505,1.2528488162807619e-15,1.3877787807814457e-17,0.0,3.9898639947466563e-17,3.2959746043559335e-17,3.9898639947466563e-17,1.3877787807814457e-16,0.0,1.4454031221141875e-15,0.0,True,0.001737857019696127,H-MSO-01R-B,1c99103edaf76aa05915458fd498e07b1241e272,1.0,True,True,True,True,False,a4b7da1a9f6e4efab7ccbc9ec3bb5e4235a82aef30ce64017895df05ab1c2b01,False
36,HMSO01R_A|PRIMARY|F1|f75a46d3b9dd394415ff0dc35d08d05d473db87f55027b5878a646a9f33d45e7,F1,FOLD_2,HMSO01R_A|FIELD_LINEAGE|6d4353b03da9874056ea6f087e4493dcb629a7b8bd4a1eabce0a6b1b20255b6c,576,False,True,True,True,True,True,1.3322676295501878e-15,True,True,28224,28224,True,True,True,True,3.1653656809497727e-16,,True,True,0.0,2.260334300992584e-14,True,True,4.404276547687047e-06,PRIMARY_TOPOLOGY_CAST_FLOAT32_DIAGNOSTIC_ONLY,CONTINUUM_REFERENCE_MINUS_LAMBDA_1_BASE_SPH,True,2.8059267371396595,7.9749234405985e-14,8.881784197001252e-16,0.0,8.881784197001252e-16,8.881784197001252e-16,8.881784197001252e-16,1.7763568394002505e-15,0.0,8.330194808478551e-14,0.0,True,0.27247815705038353,0.01,2.842170943040401e-16,0.0,0.0,0.0,0.0,0.0,0.0,0.0,2.842170943040401e-16,0.0,True,0.0,0.3526031529563653,1.0021584357570114e-14,1.1102230246251565e-16,0.0,2.7755575615628914e-16,2.636779683484747e-16,2.7755575615628914e-16,7.494005416219807e-16,0.0,1.11595629578109e-14,0.0,True,0.019950022633090612,0.3526031529563653,1.0021584357570114e-14,1.1102230246251565e-16,0.0,2.7755575615628914e-16,2.636779683484747e-16,2.7755575615628914e-16,7.494005416219807e-16,0.0,1.11595629578109e-14,0.0,True,0.019950022633090612,H-MSO-01R-B,1c99103edaf76aa05915458fd498e07b1241e272,1.0,True,True,True,True,False,a4b7da1a9f6e4efab7ccbc9ec3bb5e4235a82aef30ce64017895df05ab1c2b01,False
37,HMSO01R_A|PRIMARY|F1|29c6da305b8e2ef282724df580222dbd8a5b24509d1719ce985692e5358bdf7c,F1,FOLD_1,HMSO01R_A|FIELD_LINEAGE|73f5ee97e40c47c1aa5579bcf72cf190dfaf3aad2886cc887f3295530388016c,576,False,True,True,True,True,True,0.0,True,True,16704,16704,True,True,True,True,1.9264082285120015e-16,,True,True,0.0,2.851227046005452e-13,True,True,6.0954200726826e-06,PRIMARY_TOPOLOGY_CAST_FLOAT32_DIAGNOSTIC_ONLY,CONTINUUM_REFERENCE_MINUS_LAMBDA_1_BASE_SPH,True,0.1,2.842170943040401e-15,0.0,0.0,0.0,0.0,0.0,0.0,0.0,2.842170943040401e-15,0.0,True,0.0,4.610541039819857,1.3103945775071273e-13,8.881784197001252e-16,0.0,2.9976021664879227e-15,1.7763568394002505e-15,2.9976021664879227e-15,7.494005416219807e-15,0.0,1.424192437531206e-13,0.0,True,0.4901842340718286,0.01,2.842170943040401e-16,0.0,0.0,0.0,0.0,0.0,0.0,0.0,2.842170943040401e-16,0.0,True,0.0,4.610541039819857,1.3103945775071273e-13,8.881784197001252e-16,0.0,2.9976021664879227e-15,1.7763568394002505e-15,2.9976021664879227e-15,7.494005416219807e-15,0.0,1.424192437531206e-13,0.0,True,0.4901842340718286,H-MSO-01R-B,1c99103edaf76aa05915458fd498e07b1241e272,1.0,True,True,True,True,False,a4b7da1a9f6e4efab7ccbc9ec3bb5e4235a82aef30ce64017895df05ab1c2b01,False
38,HMSO01R_A|PRIMARY|F1|b261db49db049bd96fd81007473d9551c3c909e1c55ebeb506d71c25c755e401,F1,FOLD_4,HMSO01R_A|FIELD_LINEAGE|0280053dfd6ee65fbd80522b2b04964154d57f31de1cc5d0449972791fa285ea,576,False,True,True,True,True,True,0.0,True,True,46656,46656,True,True,True,True,2.8279590805466647e-16,,True,True,0.0,1.5546326662010229e-12,True,True,6.582349958539346e-05,PRIMARY_TOPOLOGY_CAST_FLOAT32_DIAGNOSTIC_ONLY,CONTINUUM_REFERENCE_MINUS_LAMBDA_1_BASE_SPH,True,0.1,2.842170943040401e-15,0.0,0.0,0.0,0.0,0.0,0.0,0.0,2.842170943040401e-15,0.0,True,0.0,25.125637094534873,7.141135567546506e-13,7.105427357601002e-15,0.0,2.398081733190338e-14,1.687538997430238e-14,2.398081733190338e-14,3.197442310920451e-14,0.0,7.771742245533595e-13,0.0,True,4.059642782893977,0.01,2.842170943040401e-16,0.0,0.0,0.0,0.0,0.0,0.0,0.0,2.842170943040401e-16,0.0,True,0.0,25.125637094534873,7.141135567546506e-13,7.105427357601002e-15,0.0,2.398081733190338e-14,1.687538997430238e-14,2.398081733190338e-14,3.197442310920451e-14,0.0,7.771742245533595e-13,0.0,True,4.059642782893977,H-MSO-01R-B,1c99103edaf76aa05915458fd498e07b1241e272,1.0,True,True,True,True,False,a4b7da1a9f6e4efab7ccbc9ec3bb5e4235a82aef30ce64017895df05ab1c2b01,False
39,HMSO01R_A|PRIMARY|F1|b6e3294db87485d8748d624e75ac01416370a0ec2f4eaef0ebe70b5027802dc8,F1,FOLD_5,HMSO01R_A|FIELD_LINEAGE|f9a3d40825ca658eebc26e88239c04a3590f72ad95b03a86bc289649036f4117,576,False,True,True,True,True,True,0.0,True,True,46656,46656,True,True,True,True,1.9762671435977074e-16,,True,True,0.0,1.0665610185974313e-12,True,True,2.070272207443935e-05,PRIMARY_TOPOLOGY_CAST_FLOAT32_DIAGNOSTIC_ONLY,CONTINUUM_REFERENCE_MINUS_LAMBDA_1_BASE_SPH,True,0.1,2.842170943040401e-15,0.0,0.0,0.0,0.0,0.0,0.0,0.0,2.842170943040401e-15,0.0,True,0.0,17.976889866887845,5.109339402590605e-13,3.552713678800501e-15,0.0,8.881784197001252e-15,7.105427357601002e-15,8.881784197001252e-15,9.769962616701378e-15,0.0,5.331384007515636e-13,0.0,True,4.525461486161603,0.01,2.842170943040401e-16,0.0,0.0,0.0,0.0,0.0,0.0,0.0,2.842170943040401e-16,0.0,True,0.0,17.976889866887845,5.109339402590605e-13,3.552713678800501e-15,0.0,8.881784197001252e-15,7.105427357601002e-15,8.881784197001252e-15,9.769962616701378e-15,0.0,5.331384007515636e-13,0.0,True,4.525461486161603,H-MSO-01R-B,1c99103edaf76aa05915458fd498e07b1241e272,1.0,True,True,True,True,False,a4b7da1a9f6e4efab7ccbc9ec3bb5e4235a82aef30ce64017895df05ab1c2b01,False
40,HMSO01R_A|PRIMARY|F1|a6994b29962f54879b3c8ebb37161ae29167e6424e5baa7e45c67bb686208095,F1,FOLD_1,HMSO01R_A|FIELD_LINEAGE|f952117e9c8f8a564901d0507e978f58c3289c63c557fb7f3123a84dd049ba29,576,False,True,True,True,True,True,4.440892098500626e-16,True,True,46656,46656,True,True,True,True,3.286569398530552e-16,,True,True,0.0,2.0624246454798772e-14,True,True,1.9096975772958658e-06,PRIMARY_TOPOLOGY_CAST_FLOAT32_DIAGNOSTIC_ONLY,CONTINUUM_REFERENCE_MINUS_LAMBDA_1_BASE_SPH,True,1.7921167523246921,5.0935021599931706e-14,2.220446049250313e-16,0.0,8.881784197001252e-16,4.440892098500626e-16,8.881784197001252e-16,8.881784197001252e-16,0.0,5.293342304425699e-14,0.0,True,0.45270668957028193,0.01,2.842170943040401e-16,0.0,0.0,0.0,0.0,0.0,0.0,0.0,2.842170943040401e-16,0.0,True,0.0,0.3378060494087071,9.601025380126973e-15,1.1102230246251565e-16,0.0,1.6653345369377348e-16,1.1102230246251565e-16,1.6653345369377348e-16,2.914335439641036e-16,0.0,1.0170014680247366e-14,0.0,True,0.04561782547414739,0.3378060494087071,9.601025380126973e-15,1.1102230246251565e-16,0.0,1.6653345369377348e-16,1.1102230246251565e-16,1.6653345369377348e-16,2.914335439641036e-16,0.0,1.0170014680247366e-14,0.0,True,0.04561782547414739,H-MSO-01R-B,1c99103edaf76aa05915458fd498e07b1241e272,1.0,True,True,True,True,False,a4b7da1a9f6e4efab7ccbc9ec3bb5e4235a82aef30ce64017895df05ab1c2b01,False
41,HMSO01R_A|PRIMARY|F1|b0f0aff1339a42e131cd5f80e40a8c6d4e3f10bf3942e71d6d8ec4c6b0c55a8b,F1,FOLD_1,HMSO01R_A|FIELD_LINEAGE|6aba5ce17b9c02240405669069c0b485de9d3ce1714e3e85b0411d61ec7beb5e,576,False,True,True,True,True,True,6.938893903907228e-18,True,True,28224,28224,True,True,True,True,2.252988727918255e-16,,True,True,0.0,9.48928435828833e-16,True,True,1.545000569841415e-08,PRIMARY_TOPOLOGY_CAST_FLOAT32_DIAGNOSTIC_ONLY,CONTINUUM_REFERENCE_MINUS_LAMBDA_1_BASE_SPH,True,0.1,2.842170943040401e-15,0.0,0.0,1.3332298589782687e-17,3.22041926546085e-18,1.3332298589782687e-17,5.0306980803327406e-17,0.0,2.905810222433511e-15,0.0,True,1.2654347760773624e-17,0.01,2.842170943040401e-16,0.0,0.0,0.0,0.0,0.0,0.0,0.0,2.842170943040401e-16,0.0,True,0.0,0.01,2.842170943040401e-16,1.734723475976807e-18,0.0,1.951563910473908e-17,1.5395670849294163e-17,1.951563910473908e-17,2.688821387764051e-17,0.0,3.323556707623965e-16,0.0,True,0.00011469661670747308,0.01,2.842170943040401e-16,1.734723475976807e-18,0.0,1.951563910473908e-17,1.5395670849294163e-17,1.951563910473908e-17,2.688821387764051e-17,0.0,3.323556707623965e-16,0.0,True,0.00011469661670747308,H-MSO-01R-B,1c99103edaf76aa05915458fd498e07b1241e272,1.0,True,True,True,True,False,a4b7da1a9f6e4efab7ccbc9ec3bb5e4235a82aef30ce64017895df05ab1c2b01,False
42,HMSO01R_A|PRIMARY|F1|afc7d8cb8f2b532d62b4263307a637bf93a00196af97da060c00f3057dad14e2,F1,FOLD_3,HMSO01R_A|FIELD_LINEAGE|61d4f5ea89fdb94c7fd8a7150c89f5910fdf9e6c5a71383e850b5a750c8fcf55,576,False,True,True,True,True,True,8.881784197001252e-16,True,True,16704,16704,True,True,True,True,3.1653656809497727e-16,,True,True,0.0,2.3574788156472852e-14,True,True,4.405405323648637e-06,PRIMARY_TOPOLOGY_CAST_FLOAT32_DIAGNOSTIC_ONLY,CONTINUUM_REFERENCE_MINUS_LAMBDA_1_BASE_SPH,True,2.8059267371396595,7.9749234405985e-14,8.881784197001252e-16,0.0,1.3322676295501878e-15,8.881784197001252e-16,1.3322676295501878e-15,2.6645352591003757e-15,0.0,8.46342157143357e-14,0.0,True,0.17482625986116226,0.01,2.842170943040401e-16,0.0,0.0,0.0,0.0,0.0,0.0,0.0,2.842170943040401e-16,0.0,True,0.0,0.3526031529563653,1.0021584357570114e-14,1.1102230246251565e-16,0.0,1.942890293094024e-16,1.6653345369377348e-16,1.942890293094024e-16,1.3183898417423734e-15,0.0,1.1645285531084406e-14,0.0,True,0.013902856157568998,0.3526031529563653,1.0021584357570114e-14,1.1102230246251565e-16,0.0,1.942890293094024e-16,1.6653345369377348e-16,1.942890293094024e-16,1.3183898417423734e-15,0.0,1.1645285531084406e-14,0.0,True,0.013902856157568998,H-MSO-01R-B,1c99103edaf76aa05915458fd498e07b1241e272,1.0,True,True,True,True,False,a4b7da1a9f6e4efab7ccbc9ec3bb5e4235a82aef30ce64017895df05ab1c2b01,False
43,HMSO01R_A|PRIMARY|F1|c7c8ab19a81bcd5badacba6a1854992bcea36fee7de3fce2db8d30fe9197fa68,F1,FOLD_4,HMSO01R_A|FIELD_LINEAGE|f9acbd6c60cf4de95eb27dc7c24fd369893e07d5c162236bcdc4cc91f1e5368b,576,False,True,True,True,True,True,5.551115123125783e-17,True,True,16704,16704,True,True,True,True,2.2527175964968505e-16,,True,True,0.0,1.0512771209114646e-15,True,True,1.446268094451586e-07,PRIMARY_TOPOLOGY_CAST_FLOAT32_DIAGNOSTIC_ONLY,CONTINUUM_REFERENCE_MINUS_LAMBDA_1_BASE_SPH,True,0.15687495190547354,4.4586542999659725e-15,0.0,0.0,8.326672684688674e-17,8.326672684688674e-17,8.326672684688674e-17,1.942890293094024e-16,0.0,4.736210056122262e-15,0.0,True,0.002851731826147735,0.01,2.842170943040401e-16,0.0,0.0,0.0,0.0,0.0,0.0,0.0,2.842170943040401e-16,0.0,True,0.0,0.01,2.842170943040401e-16,1.734723475976807e-18,0.0,1.5612511283791264e-17,1.3335686721571705e-17,1.5612511283791264e-17,8.196568423990414e-17,0.0,3.835300133037123e-16,0.0,True,0.00012687735437466808,0.01,2.842170943040401e-16,1.734723475976807e-18,0.0,1.5612511283791264e-17,1.3335686721571705e-17,1.5612511283791264e-17,8.196568423990414e-17,0.0,3.835300133037123e-16,0.0,True,0.00012687735437466808,H-MSO-01R-B,1c99103edaf76aa05915458fd498e07b1241e272,1.0,True,True,True,True,False,a4b7da1a9f6e4efab7ccbc9ec3bb5e4235a82aef30ce64017895df05ab1c2b01,False
44,HMSO01R_A|PRIMARY|F1|af7518d9cb8d018b6a6413ca8fca3bd8f76c60ce4bcf6fc40baab5bb8dae00e2,F1,FOLD_3,HMSO01R_A|FIELD_LINEAGE|f8fd31406421545fa9cf8bb98c251eb120eed5378ed4276493239005b13fd6f8,576,False,True,True,True,True,True,2.732528287842373e-17,True,True,28224,28224,True,True,True,True,1.7871448809916308e-16,,True,True,0.0,5.2291272766252116e-15,True,True,1.028252256847495e-07,PRIMARY_TOPOLOGY_CAST_FLOAT32_DIAGNOSTIC_ONLY,CONTINUUM_REFERENCE_MINUS_LAMBDA_1_BASE_SPH,True,0.1,2.842170943040401e-15,0.0,0.0,4.466955302287641e-17,1.4294528017863573e-17,4.466955302287641e-17,1.9071116214020023e-16,0.0,3.0775516582034775e-15,0.0,True,6.000033674762876e-17,0.01,2.842170943040401e-16,0.0,0.0,0.0,0.0,0.0,0.0,0.0,2.842170943040401e-16,0.0,True,0.0,0.07765340099407109,2.207042399336134e-15,1.3877787807814457e-17,0.0,7.28583859910259e-17,7.979727989493313e-17,7.979727989493313e-17,1.717376241217039e-16,0.0,2.4724550911605856e-15,0.0,True,0.0032422467918079545,0.07765340099407109,2.207042399336134e-15,1.3877787807814457e-17,0.0,7.28583859910259e-17,7.979727989493313e-17,7.979727989493313e-17,1.717376241217039e-16,0.0,2.4724550911605856e-15,0.0,True,0.0032422467918079545,H-MSO-01R-B,1c99103edaf76aa05915458fd498e07b1241e272,1.0,True,True,True,True,False,a4b7da1a9f6e4efab7ccbc9ec3bb5e4235a82aef30ce64017895df05ab1c2b01,False
45,HMSO01R_A|PRIMARY|F1|cf9891d5f2c4095828d2e4d928157956cdda518ffd5838b924980f9ca27d663c,F1,FOLD_1,HMSO01R_A|FIELD_LINEAGE|ad302a05132d9f111349ae57a7badd9ffd336cce6f517d6dda76a6f130659828,576,False,True,True,True,True,True,0.0,True,True,16704,16704,True,True,True,True,1.4148395862782422e-16,,True,True,0.0,4.788043929826143e-13,True,True,7.105635124293741e-06,PRIMARY_TOPOLOGY_CAST_FLOAT32_DIAGNOSTIC_ONLY,CONTINUUM_REFERENCE_MINUS_LAMBDA_1_BASE_SPH,True,0.1,2.842170943040401e-15,0.0,0.0,0.0,0.0,0.0,0.0,0.0,2.842170943040401e-15,0.0,True,0.0,6.277590960233821,1.7841986619469655e-13,8.881784197001252e-16,0.0,1.5987211554602254e-14,1.176836406102666e-14,1.5987211554602254e-14,4.39648317751562e-14,0.0,2.3926008794415513e-13,0.0,True,0.12820792763840014,0.01,2.842170943040401e-16,0.0,0.0,0.0,0.0,0.0,0.0,0.0,2.842170943040401e-16,0.0,True,0.0,6.277590960233821,1.7841986619469655e-13,8.881784197001252e-16,0.0,1.5987211554602254e-14,1.176836406102666e-14,1.5987211554602254e-14,4.39648317751562e-14,0.0,2.3926008794415513e-13,0.0,True,0.12820792763840014,H-MSO-01R-B,1c99103edaf76aa05915458fd498e07b1241e272,1.0,True,True,True,True,False,a4b7da1a9f6e4efab7ccbc9ec3bb5e4235a82aef30ce64017895df05ab1c2b01,False
46,HMSO01R_A|PRIMARY|F1|026c2a27bf5597ed2feda6a4b4383b523d2b65bf87f0549bf53a436bd2600b80,F1,FOLD_2,HMSO01R_A|FIELD_LINEAGE|5932ef4f3ff2f79b2fa4005d45fb593b78f4308c6edd18917a8552256cdfcf19,576,False,True,True,True,True,True,0.0,True,True,16704,16704,True,True,True,True,2.8279590805466657e-16,,True,True,0.0,9.053561340844814e-13,True,True,1.585787176061615e-05,PRIMARY_TOPOLOGY_CAST_FLOAT32_DIAGNOSTIC_ONLY,CONTINUUM_REFERENCE_MINUS_LAMBDA_1_BASE_SPH,True,0.1,2.842170943040401e-15,0.0,0.0,0.0,0.0,0.0,0.0,0.0,2.842170943040401e-15,0.0,True,0.0,12.562818547267433,3.570567783773252e-13,3.552713678800501e-15,0.0,2.398081733190338e-14,2.1649348980190553e-14,2.398081733190338e-14,6.794564910705958e-14,0.0,4.5253595849508864e-13,0.0,True,0.3271153710905649,0.01,2.842170943040401e-16,0.0,0.0,0.0,0.0,0.0,0.0,0.0,2.842170943040401e-16,0.0,True,0.0,12.562818547267433,3.570567783773252e-13,3.552713678800501e-15,0.0,2.398081733190338e-14,2.1649348980190553e-14,2.398081733190338e-14,6.794564910705958e-14,0.0,4.5253595849508864e-13,0.0,True,0.3271153710905649,H-MSO-01R-B,1c99103edaf76aa05915458fd498e07b1241e272,1.0,True,True,True,True,False,a4b7da1a9f6e4efab7ccbc9ec3bb5e4235a82aef30ce64017895df05ab1c2b01,False
47,HMSO01R_A|PRIMARY|F1|01b0d9020535497e4a91a57f6dfccdf37675e8230c14ab2243b3fd456c0da1fb,F1,FOLD_1,HMSO01R_A|FIELD_LINEAGE|f11020ed75e98ae018c3d951c68d3fba4bfe91afdf9eb4b7d62d0c0967429304,576,False,True,True,True,True,True,0.0,True,True,16704,16704,True,True,True,True,1.436006772048982e-16,,True,True,0.0,3.953847635772942e-13,True,True,7.75536909669583e-06,PRIMARY_TOPOLOGY_CAST_FLOAT32_DIAGNOSTIC_ONLY,CONTINUUM_REFERENCE_MINUS_LAMBDA_1_BASE_SPH,True,0.1,2.842170943040401e-15,0.0,0.0,0.0,0.0,0.0,0.0,0.0,2.842170943040401e-15,0.0,True,0.0,6.185057319979195,1.7578990195884202e-13,8.881784197001252e-16,0.0,4.884981308350689e-15,3.774758283725532e-15,4.884981308350689e-15,1.5987211554602254e-14,0.0,1.9755027324149508e-13,0.0,True,0.3247454041972422,0.01,2.842170943040401e-16,0.0,0.0,0.0,0.0,0.0,0.0,0.0,2.842170943040401e-16,0.0,True,0.0,6.185057319979195,1.7578990195884202e-13,8.881784197001252e-16,0.0,4.884981308350689e-15,3.774758283725532e-15,4.884981308350689e-15,1.5987211554602254e-14,0.0,1.9755027324149508e-13,0.0,True,0.3247454041972422,H-MSO-01R-B,1c99103edaf76aa05915458fd498e07b1241e272,1.0,True,True,True,True,False,a4b7da1a9f6e4efab7ccbc9ec3bb5e4235a82aef30ce64017895df05ab1c2b01,False
48,HMSO01R_A|PRIMARY|F1|acf4c60a4130b06fae19899271e9088eeceb09c4f21ff41df4be254bc212bc47,F1,FOLD_0,HMSO01R_A|FIELD_LINEAGE|8319212c9598ce2f7cd195e20de66435ffdb6ab6aeedf4d663d53cb3966ebc0a,576,False,True,True,True,True,True,1.6653345369377348e-16,True,True,46656,46656,True,True,True,True,3.1653656809497727e-16,,True,True,0.0,2.996912639075797e-15,True,True,5.316565326041189e-07,PRIMARY_TOPOLOGY_CAST_FLOAT32_DIAGNOSTIC_ONLY,CONTINUUM_REFERENCE_MINUS_LAMBDA_1_BASE_SPH,True,0.35074084214245743,9.968654300748126e-15,1.1102230246251565e-16,0.0,1.3877787807814457e-16,1.1102230246251565e-16,1.3877787807814457e-16,1.6653345369377348e-16,0.0,1.038498793498256e-14,0.0,True,0.050879012238443246,0.01,2.842170943040401e-16,0.0,0.0,0.0,0.0,0.0,0.0,0.0,2.842170943040401e-16,0.0,True,0.0,0.04407539411954566,1.2526980446962643e-15,1.3877787807814457e-17,0.0,2.7321894746634712e-17,2.42861286636753e-17,2.7321894746634712e-17,6.245004513516506e-17,0.0,1.3563477723858785e-15,0.0,True,0.0037320512497119726,0.04407539411954566,1.2526980446962643e-15,1.3877787807814457e-17,0.0,2.7321894746634712e-17,2.42861286636753e-17,2.7321894746634712e-17,6.245004513516506e-17,0.0,1.3563477723858785e-15,0.0,True,0.0037320512497119726,H-MSO-01R-B,1c99103edaf76aa05915458fd498e07b1241e272,1.0,True,True,True,True,False,a4b7da1a9f6e4efab7ccbc9ec3bb5e4235a82aef30ce64017895df05ab1c2b01,False
49,HMSO01R_A|PRIMARY|F1|96d74acafef3b727542e7a3db52fce3d2980de16630e6c2889f40786a5d470b3,F1,FOLD_5,HMSO01R_A|FIELD_LINEAGE|6d1fc2b84d6da564ae936d907e04365ad5b63a9377b77c1faa05d68a9fe06d3c,576,False,True,True,True,True,True,0.0,True,True,28224,28224,True,True,True,True,1.4136328784992143e-16,,True,True,0.0,4.2315375870021264e-13,True,True,5.666227056444484e-06,PRIMARY_TOPOLOGY_CAST_FLOAT32_DIAGNOSTIC_ONLY,CONTINUUM_REFERENCE_MINUS_LAMBDA_1_BASE_SPH,True,0.1,2.842170943040401e-15,0.0,0.0,0.0,0.0,0.0,0.0,0.0,2.842170943040401e-15,0.0,True,0.0,6.2829496484480565,1.7857216927404967e-13,8.881784197001252e-16,0.0,9.992007221626409e-15,8.659739592076221e-15,9.992007221626409e-15,2.19824158875781e-14,0.0,2.114347708029543e-13,0.0,True,0.14396061896152187,0.01,2.842170943040401e-16,0.0,0.0,0.0,0.0,0.0,0.0,0.0,2.842170943040401e-16,0.0,True,0.0,6.2829496484480565,1.7857216927404967e-13,8.881784197001252e-16,0.0,9.992007221626409e-15,8.659739592076221e-15,9.992007221626409e-15,2.19824158875781e-14,0.0,2.114347708029543e-13,0.0,True,0.14396061896152187,H-MSO-01R-B,1c99103edaf76aa05915458fd498e07b1241e272,1.0,True,True,True,True,False,a4b7da1a9f6e4efab7ccbc9ec3bb5e4235a82aef30ce64017895df05ab1c2b01,False
50,HMSO01R_A|PRIMARY|F1|2a6cb0fd5768542273f3d3adfc5cb4aed3516dc9e6976bcbd65f2001126b245e,F1,FOLD_0,HMSO01R_A|FIELD_LINEAGE|101e8ab2bfdfa561a79b7bef11d98c5487b65f400bdd7d35b17d61b9746e280e,576,False,True,True,True,True,True,7.771561172376096e-16,True,True,46656,46656,True,True,True,True,3.191841322443933e-16,,True,True,0.0,3.867529437629295e-15,True,True,1.425630776097364e-06,PRIMARY_TOPOLOGY_CAST_FLOAT32_DIAGNOSTIC_ONLY,CONTINUUM_REFERENCE_MINUS_LAMBDA_1_BASE_SPH,True,0.8857456969984198,2.5174406829319758e-14,2.220446049250313e-16,0.0,4.440892098500626e-16,4.440892098500626e-16,4.440892098500626e-16,5.551115123125783e-16,0.0,2.639565215640743e-14,0.0,True,0.05490898785007268,0.01,2.842170943040401e-16,0.0,0.0,0.0,0.0,0.0,0.0,0.0,2.842170943040401e-16,0.0,True,0.0,0.05565304349278013,1.5817546310694334e-15,1.3877787807814457e-17,0.0,7.806255641895632e-17,5.551115123125783e-17,7.806255641895632e-17,1.1796119636642288e-16,0.0,1.7916561716626272e-15,0.0,True,0.002525382497766022,0.05565304349278013,1.5817546310694334e-15,1.3877787807814457e-17,0.0,7.806255641895632e-17,5.551115123125783e-17,7.806255641895632e-17,1.1796119636642288e-16,0.0,1.7916561716626272e-15,0.0,True,0.002525382497766022,H-MSO-01R-B,1c99103edaf76aa05915458fd498e07b1241e272,1.0,True,True,True,True,False,a4b7da1a9f6e4efab7ccbc9ec3bb5e4235a82aef30ce64017895df05ab1c2b01,False
51,HMSO01R_A|PRIMARY|F1|4a9501bd0b21a8516c742f400c393e6144280259851d7f30e2c997e43f411eb7,F1,FOLD_5,HMSO01R_A|FIELD_LINEAGE|41ec221cb0eeb1bbfd7efc4d5d4cd642cd62a71a09fd5ce2fc9fff0cbe48931c,576,False,True,True,True,True,True,6.046121177501196e-18,True,True,28224,28224,True,True,True,True,3.469446951953614e-16,,True,True,0.0,9.732145644925083e-16,True,True,1.0573020734101768e-08,PRIMARY_TOPOLOGY_CAST_FLOAT32_DIAGNOSTIC_ONLY,CONTINUUM_REFERENCE_MINUS_LAMBDA_1_BASE_SPH,True,0.1,2.842170943040401e-15,0.0,0.0,8.366991452977979e-18,3.4592825565865626e-18,8.366991452977979e-18,4.765068548073792e-17,0.0,2.8981886199741168e-15,0.0,True,1.293489997193937e-17,0.01,2.842170943040401e-16,0.0,0.0,0.0,0.0,0.0,0.0,0.0,2.842170943040401e-16,0.0,True,0.0,0.01,2.842170943040401e-16,3.469446951953614e-18,0.0,1.951563910473908e-17,1.3444106938820255e-17,1.951563910473908e-17,3.729655473350135e-17,0.0,3.4449873509423413e-16,0.0,True,0.00011469661670747173,0.01,2.842170943040401e-16,3.469446951953614e-18,0.0,1.951563910473908e-17,1.3444106938820255e-17,1.951563910473908e-17,3.729655473350135e-17,0.0,3.4449873509423413e-16,0.0,True,0.00011469661670747173,H-MSO-01R-B,1c99103edaf76aa05915458fd498e07b1241e272,1.0,True,True,True,True,False,a4b7da1a9f6e4efab7ccbc9ec3bb5e4235a82aef30ce64017895df05ab1c2b01,False
52,HMSO01R_A|PRIMARY|F1|c5b0cc6bf0c8dd57bd7f0b8c68dad820a13926b3e97b8ee202b7423bbb7ac616,F1,FOLD_2,HMSO01R_A|FIELD_LINEAGE|d9b0e4ca0c6e9f306f81bad07b5f31753c1237e04a6a51d708212ab05edea52f,576,False,True,True,True,True,True,8.881784197001252e-16,True,True,46656,46656,True,True,True,True,3.164984751349147e-16,,True,True,0.0,1.1132735999115096e-14,True,True,3.6144455348927074e-06,PRIMARY_TOPOLOGY_CAST_FLOAT32_DIAGNOSTIC_ONLY,CONTINUUM_REFERENCE_MINUS_LAMBDA_1_BASE_SPH,True,1.4031322257105963,3.987941641158262e-14,4.440892098500626e-16,0.0,6.661338147750939e-16,6.661338147750939e-16,6.661338147750939e-16,6.661338147750939e-16,0.0,4.165577325098287e-14,0.0,True,0.20351604895377293,0.01,2.842170943040401e-16,0.0,0.0,0.0,0.0,0.0,0.0,0.0,2.842170943040401e-16,0.0,True,0.0,0.1763227956923002,5.0113952651230475e-15,5.551115123125783e-17,0.0,1.1102230246251565e-16,9.020562075079397e-17,1.1102230246251565e-16,2.463307335887066e-16,0.0,5.4242594524055276e-15,0.0,True,0.014928204998847894,0.1763227956923002,5.0113952651230475e-15,5.551115123125783e-17,0.0,1.1102230246251565e-16,9.020562075079397e-17,1.1102230246251565e-16,2.463307335887066e-16,0.0,5.4242594524055276e-15,0.0,True,0.014928204998847894,H-MSO-01R-B,1c99103edaf76aa05915458fd498e07b1241e272,1.0,True,True,True,True,False,a4b7da1a9f6e4efab7ccbc9ec3bb5e4235a82aef30ce64017895df05ab1c2b01,False
53,HMSO01R_A|PRIMARY|F1|214b8b29d7ce4f3d813b54fcc8f24214fb3f6b4b46ccf76b4ac7b9e36cabe84c,F1,FOLD_4,HMSO01R_A|FIELD_LINEAGE|04cc9f11103eaca809c304d2c5e7176a0ac510070bc43c67da76cab1f9c23ed7,576,False,True,True,True,True,True,6.391100756258927e-16,True,True,28224,28224,True,True,True,True,3.1617135454486233e-16,,True,True,0.0,2.2515472826391202e-14,True,True,6.906526950067882e-07,PRIMARY_TOPOLOGY_CAST_FLOAT32_DIAGNOSTIC_ONLY,CONTINUUM_REFERENCE_MINUS_LAMBDA_1_BASE_SPH,True,0.1,2.842170943040401e-15,0.0,0.0,7.771561172376096e-16,5.551115123125783e-16,7.771561172376096e-16,1.1102230246251565e-15,0.0,4.729550084903167e-15,0.0,True,1.4197367824022452e-05,0.01,2.842170943040401e-16,0.0,0.0,0.0,0.0,0.0,0.0,0.0,2.842170943040401e-16,0.0,True,0.0,0.35301044933986697,1.0033160417034053e-14,1.1102230246251565e-16,0.0,2.220446049250313e-16,2.220446049250313e-16,2.220446049250313e-16,7.494005416219807e-16,0.0,1.1115627866043581e-14,0.0,True,0.019950022633090612,0.35301044933986697,1.0033160417034053e-14,1.1102230246251565e-16,0.0,2.220446049250313e-16,2.220446049250313e-16,2.220446049250313e-16,7.494005416219807e-16,0.0,1.1115627866043581e-14,0.0,True,0.019950022633090612,H-MSO-01R-B,1c99103edaf76aa05915458fd498e07b1241e272,1.0,True,True,True,True,False,a4b7da1a9f6e4efab7ccbc9ec3bb5e4235a82aef30ce64017895df05ab1c2b01,False
54,HMSO01R_A|PRIMARY|F1|035ddc8a0ba11d458af8f28be25b2b3108f13e52159ef7f4a7559d8590828570,F1,FOLD_3,HMSO01R_A|FIELD_LINEAGE|39a5eaeb1afddf9af00bec82f67fdf5414fc1d1e11076c2f86704fda2809ab87,576,False,True,True,True,True,True,4.2499219325081097e-17,True,True,16704,16704,True,True,True,True,2.513435083615995e-16,,True,True,0.0,1.329766555203819e-15,True,True,1.9399371045322744e-08,PRIMARY_TOPOLOGY_CAST_FLOAT32_DIAGNOSTIC_ONLY,CONTINUUM_REFERENCE_MINUS_LAMBDA_1_BASE_SPH,True,0.1,2.842170943040401e-15,0.0,0.0,6.938893903907228e-17,4.163336342344337e-17,6.938893903907228e-17,8.326672684688674e-17,0.0,2.99482660892636e-15,0.0,True,8.415526077432975e-17,0.01,2.842170943040401e-16,0.0,0.0,0.0,0.0,0.0,0.0,0.0,2.842170943040401e-16,0.0,True,0.0,0.01387689907228776,3.9440519322760567e-16,3.469446951953614e-18,0.0,2.3418766925686896e-17,1.5178830414797062e-17,2.3418766925686896e-17,1.0148132334464322e-16,0.0,5.227747304498894e-16,0.0,True,0.00036509840817518203,0.01387689907228776,3.9440519322760567e-16,3.469446951953614e-18,0.0,2.3418766925686896e-17,1.5178830414797062e-17,2.3418766925686896e-17,1.0148132334464322e-16,0.0,5.227747304498894e-16,0.0,True,0.00036509840817518203,H-MSO-01R-B,1c99103edaf76aa05915458fd498e07b1241e272,1.0,True,True,True,True,False,a4b7da1a9f6e4efab7ccbc9ec3bb5e4235a82aef30ce64017895df05ab1c2b01,False
55,HMSO01R_A|PRIMARY|F1|63b55d105a1f081e8b7d8bebf35069c236c2daea18d7054cd0d430ed3a2842c0,F1,FOLD_5,HMSO01R_A|FIELD_LINEAGE|fa1ab395df96eb71b1cd3e5c31c1a1fe587398989c58265b21dd97a062b35ef9,576,False,True,True,True,True,True,5.551115123125783e-17,True,True,16704,16704,True,True,True,True,2.262886615381181e-16,,True,True,0.0,2.8657239297828e-15,True,True,2.5111368209818075e-07,PRIMARY_TOPOLOGY_CAST_FLOAT32_DIAGNOSTIC_ONLY,CONTINUUM_REFERENCE_MINUS_LAMBDA_1_BASE_SPH,True,0.312339966311152,8.87723576599774e-15,0.0,0.0,1.6653345369377348e-16,1.6653345369377348e-16,1.6653345369377348e-16,3.3306690738754696e-16,0.0,9.37683612707906e-15,0.0,True,0.01620817631617792,0.01,2.842170943040401e-16,0.0,0.0,0.0,0.0,0.0,0.0,0.0,2.842170943040401e-16,0.0,True,0.0,0.03924979774342395,1.1155463466657224e-15,6.938893903907228e-18,0.0,2.7755575615628914e-17,2.42861286636753e-17,2.7755575615628914e-17,1.4051260155412137e-16,0.0,1.29075341773938e-15,0.0,True,0.0011756815542738172,0.03924979774342395,1.1155463466657224e-15,6.938893903907228e-18,0.0,2.7755575615628914e-17,2.42861286636753e-17,2.7755575615628914e-17,1.4051260155412137e-16,0.0,1.29075341773938e-15,0.0,True,0.0011756815542738172,H-MSO-01R-B,1c99103edaf76aa05915458fd498e07b1241e272,1.0,True,True,True,True,False,a4b7da1a9f6e4efab7ccbc9ec3bb5e4235a82aef30ce64017895df05ab1c2b01,False
56,HMSO01R_A|PRIMARY|F1|74a12153712609103a3fed3a31e86ae95fca60502b239f6ee31ee9f8a4a37ebf,F1,FOLD_4,HMSO01R_A|FIELD_LINEAGE|7fcdfe3b32b571e4d4b1a4e7c1702d5dffaf41926d62628c6a434d692409d901,576,False,True,True,True,True,True,1.387863484076171e-17,True,True,16704,16704,True,True,True,True,2.2527175964968505e-16,,True,True,0.0,3.3198845412885603e-15,True,True,6.260067796082236e-08,PRIMARY_TOPOLOGY_CAST_FLOAT32_DIAGNOSTIC_ONLY,CONTINUUM_REFERENCE_MINUS_LAMBDA_1_BASE_SPH,True,0.1,2.842170943040401e-15,0.0,0.0,2.6489261359483735e-17,7.989214758502561e-18,2.6489261359483735e-17,2.0729945537922845e-16,0.0,3.075959659779113e-15,0.0,True,5.163591882014438e-17,0.01,2.842170943040401e-16,0.0,0.0,0.0,0.0,0.0,0.0,0.0,2.842170943040401e-16,0.0,True,0.0,0.03942697571507903,1.1205820474935714e-15,6.938893903907228e-18,0.0,6.245004513516506e-17,5.334274688628682e-17,6.245004513516506e-17,3.2786273695961654e-16,0.0,1.5178337234922602e-15,0.0,True,0.0005075094174986723,0.03942697571507903,1.1205820474935714e-15,6.938893903907228e-18,0.0,6.245004513516506e-17,5.334274688628682e-17,6.245004513516506e-17,3.2786273695961654e-16,0.0,1.5178337234922602e-15,0.0,True,0.0005075094174986723,H-MSO-01R-B,1c99103edaf76aa05915458fd498e07b1241e272,1.0,True,True,True,True,False,a4b7da1a9f6e4efab7ccbc9ec3bb5e4235a82aef30ce64017895df05ab1c2b01,False
57,HMSO01R_A|PRIMARY|F1|e98e42893b00bae6b3c383328c4579b8fc15ac15d56505fb09208a96018bc491,F1,FOLD_4,HMSO01R_A|FIELD_LINEAGE|cd1482e6386aeab5f67532ea00a4d133dd0798283239fa2bc60b1a36d8fd8390,576,False,True,True,True,True,True,0.0,True,True,46656,46656,True,True,True,True,1.414839586278242e-16,,True,True,0.0,7.654780302156976e-13,True,True,2.0698684082720575e-05,PRIMARY_TOPOLOGY_CAST_FLOAT32_DIAGNOSTIC_ONLY,CONTINUUM_REFERENCE_MINUS_LAMBDA_1_BASE_SPH,True,0.1,2.842170943040401e-15,0.0,0.0,0.0,0.0,0.0,0.0,0.0,2.842170943040401e-15,0.0,True,0.0,12.555181920467644,3.5683973238939315e-13,1.7763568394002505e-15,0.0,1.199040866595169e-14,9.992007221626409e-15,1.199040866595169e-14,1.199040866595169e-14,0.0,3.825969065606968e-13,0.0,True,2.0338254644721925,0.01,2.842170943040401e-16,0.0,0.0,0.0,0.0,0.0,0.0,0.0,2.842170943040401e-16,0.0,True,0.0,12.555181920467644,3.5683973238939315e-13,1.7763568394002505e-15,0.0,1.199040866595169e-14,9.992007221626409e-15,1.199040866595169e-14,1.199040866595169e-14,0.0,3.825969065606968e-13,0.0,True,2.0338254644721925,H-MSO-01R-B,1c99103edaf76aa05915458fd498e07b1241e272,1.0,True,True,True,True,False,a4b7da1a9f6e4efab7ccbc9ec3bb5e4235a82aef30ce64017895df05ab1c2b01,False
58,HMSO01R_A|PRIMARY|F1|7e82e7b632c2905675dfb9908bb28635a50c9d0afdc23c413d8a3bb153a65c1d,F1,FOLD_5,HMSO01R_A|FIELD_LINEAGE|ff441cbe04ac4f8f63fd24360c00fa41becbfbb5a6acdf59e4dfd55c77c15642,576,False,True,True,True,True,True,0.0,True,True,16704,16704,True,True,True,True,2.829403750626725e-16,,True,True,0.0,8.170618500769509e-13,True,True,3.331362273861771e-05,PRIMARY_TOPOLOGY_CAST_FLOAT32_DIAGNOSTIC_ONLY,CONTINUUM_REFERENCE_MINUS_LAMBDA_1_BASE_SPH,True,0.1,2.842170943040401e-15,0.0,0.0,0.0,0.0,0.0,0.0,0.0,2.842170943040401e-15,0.0,True,0.0,12.556404076348453,3.5687446814871616e-13,3.552713678800501e-15,0.0,1.199040866595169e-14,8.992806499463768e-15,1.199040866595169e-14,3.597122599785507e-14,0.0,4.083888164913234e-13,0.0,True,0.8771105603629906,0.01,2.842170943040401e-16,0.0,0.0,0.0,0.0,0.0,0.0,0.0,2.842170943040401e-16,0.0,True,0.0,12.556404076348453,3.5687446814871616e-13,3.552713678800501e-15,0.0,1.199040866595169e-14,8.992806499463768e-15,1.199040866595169e-14,3.597122599785507e-14,0.0,4.083888164913234e-13,0.0,True,0.8771105603629906,H-MSO-01R-B,1c99103edaf76aa05915458fd498e07b1241e272,1.0,True,True,True,True,False,a4b7da1a9f6e4efab7ccbc9ec3bb5e4235a82aef30ce64017895df05ab1c2b01,False
59,HMSO01R_A|PRIMARY|F1|3acaa171d742cbcbf15c7ac08ab281a976d2802302cecc69e603936bf8653389,F1,FOLD_0,HMSO01R_A|FIELD_LINEAGE|eee5df81575181b025958cda057ac7cb0483be4404d018db7bb2c06a63c25462,576,False,True,True,True,True,True,8.881784197001252e-16,True,True,16704,16704,True,True,True,True,3.5258793365151383e-16,,True,True,0.0,2.1416502897026594e-14,True,True,2.0246027718773263e-06,PRIMARY_TOPOLOGY_CAST_FLOAT32_DIAGNOSTIC_ONLY,CONTINUUM_REFERENCE_MINUS_LAMBDA_1_BASE_SPH,True,2.5057221963552876,7.121690817812372e-14,0.0,0.0,8.881784197001252e-16,8.881784197001252e-16,8.881784197001252e-16,2.220446049250313e-15,0.0,7.432553264707416e-14,0.0,True,0.1296654105294231,0.01,2.842170943040401e-16,0.0,0.0,0.0,0.0,0.0,0.0,0.0,2.842170943040401e-16,0.0,True,0.0,0.3148783377602661,8.949380621750893e-15,1.1102230246251565e-16,0.0,1.942890293094024e-16,1.6653345369377348e-16,1.942890293094024e-16,1.3114509478384662e-15,0.0,1.0566142901361277e-14,0.0,True,0.009405452434190546,0.3148783377602661,8.949380621750893e-15,1.1102230246251565e-16,0.0,1.942890293094024e-16,1.6653345369377348e-16,1.942890293094024e-16,1.3114509478384662e-15,0.0,1.0566142901361277e-14,0.0,True,0.009405452434190546,H-MSO-01R-B,1c99103edaf76aa05915458fd498e07b1241e272,1.0,True,True,True,True,False,a4b7da1a9f6e4efab7ccbc9ec3bb5e4235a82aef30ce64017895df05ab1c2b01,False
60,HMSO01R_A|PRIMARY|F1|1a54ee621f7d1bb29510cf77a1720376b2c019b9d90a93945658549ac2fa9403,F1,FOLD_2,HMSO01R_A|FIELD_LINEAGE|1e499d17b9c103b93706f70e5fa2f7497086b8d1dab61b6d4e57ae6874e328ff,576,False,True,True,True,True,True,0.0,True,True,16704,16704,True,True,True,True,1.4154058220068512e-16,,True,True,0.0,2.026135234219676e-13,True,True,5.142237284871953e-06,PRIMARY_TOPOLOGY_CAST_FLOAT32_DIAGNOSTIC_ONLY,CONTINUUM_REFERENCE_MINUS_LAMBDA_1_BASE_SPH,True,0.1,2.842170943040401e-15,0.0,0.0,0.0,0.0,0.0,0.0,0.0,2.842170943040401e-15,0.0,True,0.0,3.1375397991538927,8.917424449788009e-14,4.440892098500626e-16,0.0,2.55351295663786e-15,1.9984014443252818e-15,2.55351295663786e-15,8.992806499463768e-15,0.0,1.0116465316383178e-13,0.0,True,0.21857989528592572,0.01,2.842170943040401e-16,0.0,0.0,0.0,0.0,0.0,0.0,0.0,2.842170943040401e-16,0.0,True,0.0,3.1375397991538927,8.917424449788009e-14,4.440892098500626e-16,0.0,2.55351295663786e-15,1.9984014443252818e-15,2.55351295663786e-15,8.992806499463768e-15,0.0,1.0116465316383178e-13,0.0,True,0.21857989528592572,H-MSO-01R-B,1c99103edaf76aa05915458fd498e07b1241e272,1.0,True,True,True,True,False,a4b7da1a9f6e4efab7ccbc9ec3bb5e4235a82aef30ce64017895df05ab1c2b01,False
61,HMSO01R_A|PRIMARY|F1|9b0121f166d7fe06976fbebe9a191c783f584d4642eab46fd48553c06dfce45d,F1,FOLD_2,HMSO01R_A|FIELD_LINEAGE|70dd50135b0ce37b393c6eae858eae2988f95a40a860753345e473ce01dd9d91,576,False,True,True,True,True,True,0.0,True,True,28224,28224,True,True,True,True,2.8304872531867695e-16,,True,True,0.0,1.9430729054451083e-13,True,True,8.1958043997854e-06,PRIMARY_TOPOLOGY_CAST_FLOAT32_DIAGNOSTIC_ONLY,CONTINUUM_REFERENCE_MINUS_LAMBDA_1_BASE_SPH,True,0.1,2.842170943040401e-15,0.0,0.0,0.0,0.0,0.0,0.0,0.0,2.842170943040401e-15,0.0,True,0.0,3.1378993800454285,8.918446440149604e-14,8.881784197001252e-16,0.0,2.4980018054066022e-15,2.3314683517128287e-15,2.4980018054066022e-15,4.440892098500626e-15,0.0,9.70115367251034e-14,0.0,True,0.34059201305024145,0.01,2.842170943040401e-16,0.0,0.0,0.0,0.0,0.0,0.0,0.0,2.842170943040401e-16,0.0,True,0.0,3.1378993800454285,8.918446440149604e-14,8.881784197001252e-16,0.0,2.4980018054066022e-15,2.3314683517128287e-15,2.4980018054066022e-15,4.440892098500626e-15,0.0,9.70115367251034e-14,0.0,True,0.34059201305024145,H-MSO-01R-B,1c99103edaf76aa05915458fd498e07b1241e272,1.0,True,True,True,True,False,a4b7da1a9f6e4efab7ccbc9ec3bb5e4235a82aef30ce64017895df05ab1c2b01,False
62,HMSO01R_A|PRIMARY|F1|761edfc74274280b5be4fe59a9801d7c1223c2f57bae75ad70a713f6e24ee2a6,F1,FOLD_5,HMSO01R_A|FIELD_LINEAGE|17af857dc7e075f66db0acfe5114e05e0f490cc5340cc9cfe073ae813844b776,576,False,True,True,True,True,True,6.661338147750939e-16,True,True,46656,46656,True,True,True,True,2.513435083615995e-16,,True,True,0.0,3.987631258533557e-15,True,True,1.0042637258733667e-06,PRIMARY_TOPOLOGY_CAST_FLOAT32_DIAGNOSTIC_ONLY,CONTINUUM_REFERENCE_MINUS_LAMBDA_1_BASE_SPH,True,0.8834308328567736,2.510861443331503e-14,2.220446049250313e-16,0.0,4.440892098500626e-16,4.440892098500626e-16,4.440892098500626e-16,6.661338147750939e-16,0.0,2.6440882062865216e-14,0.0,True,0.054908987850072734,0.01,2.842170943040401e-16,0.0,0.0,0.0,0.0,0.0,0.0,0.0,2.842170943040401e-16,0.0,True,0.0,0.05550759628915104,1.5776207729104227e-15,1.3877787807814457e-17,0.0,1.0408340855860843e-16,7.892991815694472e-17,1.0408340855860843e-16,1.5612511283791264e-16,0.0,1.8517070821147582e-15,0.0,True,0.0025253824977660164,0.05550759628915104,1.5776207729104227e-15,1.3877787807814457e-17,0.0,1.0408340855860843e-16,7.892991815694472e-17,1.0408340855860843e-16,1.5612511283791264e-16,0.0,1.8517070821147582e-15,0.0,True,0.0025253824977660164,H-MSO-01R-B,1c99103edaf76aa05915458fd498e07b1241e272,1.0,True,True,True,True,False,a4b7da1a9f6e4efab7ccbc9ec3bb5e4235a82aef30ce64017895df05ab1c2b01,False
63,HMSO01R_A|PRIMARY|F1|1c3ba79b0f8b42b3ace0cd03d07aee91477b1c601678938adaed5d4dda46b415,F1,FOLD_5,HMSO01R_A|FIELD_LINEAGE|724fd3a44cb8ec4985e45f721837e7f4eeea1666b35a166345e025918455e304,576,False,True,True,True,True,True,0.0,True,True,16704,16704,True,True,True,True,2.8301260856667544e-16,,True,True,0.0,4.1479919720597256e-13,True,True,1.6614076061016725e-05,PRIMARY_TOPOLOGY_CAST_FLOAT32_DIAGNOSTIC_ONLY,CONTINUUM_REFERENCE_MINUS_LAMBDA_1_BASE_SPH,True,0.1,2.842170943040401e-15,0.0,0.0,0.0,0.0,0.0,0.0,0.0,2.842170943040401e-15,0.0,True,0.0,6.276599648321871,1.783916914155802e-13,1.7763568394002505e-15,0.0,7.105427357601002e-15,5.079270337660091e-15,7.105427357601002e-15,1.9984014443252818e-14,0.0,2.0725749005583426e-13,0.0,True,0.43743892150386954,0.01,2.842170943040401e-16,0.0,0.0,0.0,0.0,0.0,0.0,0.0,2.842170943040401e-16,0.0,True,0.0,6.276599648321871,1.783916914155802e-13,1.7763568394002505e-15,0.0,7.105427357601002e-15,5.079270337660091e-15,7.105427357601002e-15,1.9984014443252818e-14,0.0,2.0725749005583426e-13,0.0,True,0.43743892150386954,H-MSO-01R-B,1c99103edaf76aa05915458fd498e07b1241e272,1.0,True,True,True,True,False,a4b7da1a9f6e4efab7ccbc9ec3bb5e4235a82aef30ce64017895df05ab1c2b01,False
64,HMSO01R_A|PRIMARY|F1|19d2b988118623ed7e4c9f75c4b118503c0805f566ad8ddf0f5a97a99c7cf58a,F1,FOLD_5,HMSO01R_A|FIELD_LINEAGE|092a3e161c8ce70f083c10130918ff7fb36de994b41e81b7dfb0e04366314a2c,576,False,True,True,True,True,True,8.326672684688674e-17,True,True,46656,46656,True,True,True,True,2.3441554944427627e-16,,True,True,0.0,5.597466248499355e-15,True,True,3.9690241194004217e-07,PRIMARY_TOPOLOGY_CAST_FLOAT32_DIAGNOSTIC_ONLY,CONTINUUM_REFERENCE_MINUS_LAMBDA_1_BASE_SPH,True,0.4711117786405954,1.3389802081763815e-14,5.551115123125783e-17,0.0,2.220446049250313e-16,1.6653345369377348e-16,2.220446049250313e-16,1.942890293094024e-16,0.0,1.3861646867229507e-14,0.0,True,0.11317667239257043,0.01,2.842170943040401e-16,0.0,0.0,0.0,0.0,0.0,0.0,0.0,2.842170943040401e-16,0.0,True,0.0,0.08880247816781493,2.5239182311854317e-15,2.0816681711721685e-17,0.0,4.163336342344337e-17,4.163336342344337e-17,4.163336342344337e-17,7.025630077706069e-17,0.0,2.6566245770976574e-15,0.0,True,0.011404456368536847,0.08880247816781493,2.5239182311854317e-15,2.0816681711721685e-17,0.0,4.163336342344337e-17,4.163336342344337e-17,4.163336342344337e-17,7.025630077706069e-17,0.0,2.6566245770976574e-15,0.0,True,0.011404456368536847,H-MSO-01R-B,1c99103edaf76aa05915458fd498e07b1241e272,1.0,True,True,True,True,False,a4b7da1a9f6e4efab7ccbc9ec3bb5e4235a82aef30ce64017895df05ab1c2b01,False
65,HMSO01R_A|PRIMARY|F1|a14993c5cb44b5479ec4a687919c3a203a6ac7c2d40f7a947b2b8bbddfc502e4,F1,FOLD_5,HMSO01R_A|FIELD_LINEAGE|72bbc35959df916eca72e8fb7e723c361c09592753187c3754f344aae218c230,576,False,True,True,True,True,True,0.0,True,True,16704,16704,True,True,True,True,1.4156435884701533e-16,,True,True,0.0,1.6417716684035668e-12,True,True,2.0602635501631994e-05,PRIMARY_TOPOLOGY_CAST_FLOAT32_DIAGNOSTIC_ONLY,CONTINUUM_REFERENCE_MINUS_LAMBDA_1_BASE_SPH,True,0.1,2.842170943040401e-15,0.0,0.0,0.0,0.0,0.0,0.0,0.0,2.842170943040401e-15,0.0,True,0.0,25.0961026330068,7.132741368709162e-13,3.552713678800501e-15,0.0,3.197442310920451e-14,2.842170943040401e-14,3.197442310920451e-14,7.194245199571014e-14,0.0,8.207437256546314e-13,0.0,True,1.3335765018218897,0.01,2.842170943040401e-16,0.0,0.0,0.0,0.0,0.0,0.0,0.0,2.842170943040401e-16,0.0,True,0.0,25.0961026330068,7.132741368709162e-13,3.552713678800501e-15,0.0,3.197442310920451e-14,2.842170943040401e-14,3.197442310920451e-14,7.194245199571014e-14,0.0,8.207437256546314e-13,0.0,True,1.3335765018218897,H-MSO-01R-B,1c99103edaf76aa05915458fd498e07b1241e272,1.0,True,True,True,True,False,a4b7da1a9f6e4efab7ccbc9ec3bb5e4235a82aef30ce64017895df05ab1c2b01,False
66,HMSO01R_A|PRIMARY|F1|0060fe96e8996a93ec588dad8d1598866677e2ab75f92384cd8022d88ffbb86c,F1,FOLD_4,HMSO01R_A|FIELD_LINEAGE|065caad01d0036cc45e094366cffda53edef5d184f8c28ff280e81478dd5499f,576,False,True,True,True,True,True,2.220446049250313e-16,True,True,46656,46656,True,True,True,True,3.5258793365151383e-16,,True,True,0.0,1.0038509408908172e-14,True,True,9.325672840621024e-07,PRIMARY_TOPOLOGY_CAST_FLOAT32_DIAGNOSTIC_ONLY,CONTINUUM_REFERENCE_MINUS_LAMBDA_1_BASE_SPH,True,1.2528610981776438,3.560845408906186e-14,0.0,0.0,8.881784197001252e-16,3.3306690738754696e-16,8.881784197001252e-16,7.771561172376096e-16,0.0,3.7273788625999594e-14,0.0,True,0.14871120679291025,0.01,2.842170943040401e-16,0.0,0.0,0.0,0.0,0.0,0.0,0.0,2.842170943040401e-16,0.0,True,0.0,0.15743916888013304,4.474690310875446e-15,5.551115123125783e-17,0.0,1.249000902703301e-16,9.71445146547012e-17,1.249000902703301e-16,2.220446049250313e-16,0.0,4.877146157302066e-15,0.0,True,0.009708974745122638,0.15743916888013304,4.474690310875446e-15,5.551115123125783e-17,0.0,1.249000902703301e-16,9.71445146547012e-17,1.249000902703301e-16,2.220446049250313e-16,0.0,4.877146157302066e-15,0.0,True,0.009708974745122638,H-MSO-01R-B,1c99103edaf76aa05915458fd498e07b1241e272,1.0,True,True,True,True,False,a4b7da1a9f6e4efab7ccbc9ec3bb5e4235a82aef30ce64017895df05ab1c2b01,False
67,HMSO01R_A|PRIMARY|F1|a0f716a2924ed7983147b5345834d26d6ed9e125e8e6d3a013b4d6426dc1c09a,F1,FOLD_5,HMSO01R_A|FIELD_LINEAGE|bd0a319ae5e310c35bfeaafdbd8220147f595c77c4d665773530796c1f3b9b59,576,False,True,True,True,True,True,1.460149275794853e-16,True,True,16704,16704,True,True,True,True,3.1653656809497727e-16,,True,True,0.0,6.119002924178081e-15,True,True,1.482824700674637e-07,PRIMARY_TOPOLOGY_CAST_FLOAT32_DIAGNOSTIC_ONLY,CONTINUUM_REFERENCE_MINUS_LAMBDA_1_BASE_SPH,True,0.1,2.842170943040401e-15,0.0,0.0,2.220446049250313e-16,1.6653345369377348e-16,2.220446049250313e-16,2.7755575615628914e-16,0.0,3.3417713041217213e-15,0.0,True,9.77720012947508e-05,0.01,2.842170943040401e-16,0.0,0.0,0.0,0.0,0.0,0.0,0.0,2.842170943040401e-16,0.0,True,0.0,0.08815078823909132,2.5053960893925285e-15,2.7755575615628914e-17,0.0,5.4643789493269423e-17,4.163336342344337e-17,5.4643789493269423e-17,3.2959746043559335e-16,0.0,2.9173929149370202e-15,0.0,True,0.0034757140393922494,0.08815078823909132,2.5053960893925285e-15,2.7755575615628914e-17,0.0,5.4643789493269423e-17,4.163336342344337e-17,5.4643789493269423e-17,3.2959746043559335e-16,0.0,2.9173929149370202e-15,0.0,True,0.0034757140393922494,H-MSO-01R-B,1c99103edaf76aa05915458fd498e07b1241e272,1.0,True,True,True,True,False,a4b7da1a9f6e4efab7ccbc9ec3bb5e4235a82aef30ce64017895df05ab1c2b01,False
68,HMSO01R_A|PRIMARY|F1|db32dab50d014d5b7d6290ae6c5a611058396e215092f82d17eb88333b05793e,F1,FOLD_3,HMSO01R_A|FIELD_LINEAGE|b49a6f081c09f4e4bff79a7f0fc0a282131ed3252c520eb6637fbf7ad615c6bd,576,False,True,True,True,True,True,4.164691595059944e-17,True,True,46656,46656,True,True,True,True,1.7871448809916308e-16,,True,True,0.0,9.882603914982279e-15,True,True,2.0750142621164813e-07,PRIMARY_TOPOLOGY_CAST_FLOAT32_DIAGNOSTIC_ONLY,CONTINUUM_REFERENCE_MINUS_LAMBDA_1_BASE_SPH,True,0.1,2.842170943040401e-15,0.0,0.0,1.0842021724855044e-16,2.202285662861181e-17,1.0842021724855044e-16,2.425495785121634e-16,0.0,3.1931407388011148e-15,0.0,True,8.621092222341152e-17,0.01,2.842170943040401e-16,0.0,0.0,0.0,0.0,0.0,0.0,0.0,2.842170943040401e-16,0.0,True,0.0,0.15530680198814217,4.414084798672268e-15,2.7755575615628914e-17,0.0,1.3877787807814457e-16,9.020562075079397e-17,1.3877787807814457e-16,2.185751579730777e-16,0.0,4.7991934103391194e-15,0.0,True,0.009708974745122624,0.15530680198814217,4.414084798672268e-15,2.7755575615628914e-17,0.0,1.3877787807814457e-16,9.020562075079397e-17,1.3877787807814457e-16,2.185751579730777e-16,0.0,4.7991934103391194e-15,0.0,True,0.009708974745122624,H-MSO-01R-B,1c99103edaf76aa05915458fd498e07b1241e272,1.0,True,True,True,True,False,a4b7da1a9f6e4efab7ccbc9ec3bb5e4235a82aef30ce64017895df05ab1c2b01,False
69,HMSO01R_A|PRIMARY|F1|1aa6c3e6deee011c9544133bf78d7b19f7cad12fc2a4828e57202274987a750c,F1,FOLD_5,HMSO01R_A|FIELD_LINEAGE|49aae8e0ac8e4584d3624cd5459480c917c8157571a4f7ac9660003550146055,576,False,True,True,True,True,True,2.220446049250313e-16,True,True,28224,28224,True,True,True,True,2.252988727918255e-16,,True,True,0.0,2.878995069980842e-15,True,True,3.376563417756273e-07,PRIMARY_TOPOLOGY_CAST_FLOAT32_DIAGNOSTIC_ONLY,CONTINUUM_REFERENCE_MINUS_LAMBDA_1_BASE_SPH,True,0.6274242924128461,1.783247092853475e-14,0.0,0.0,4.440892098500626e-16,3.3306690738754696e-16,4.440892098500626e-16,3.3306690738754696e-16,0.0,1.860962704577236e-14,0.0,True,0.01331571669616669,0.01,2.842170943040401e-16,0.0,0.0,0.0,0.0,0.0,0.0,0.0,2.842170943040401e-16,0.0,True,0.0,0.039422230954559434,1.1204471932887666e-15,6.938893903907228e-18,0.0,6.245004513516506e-17,6.158268339717665e-17,6.245004513516506e-17,1.0755285551056204e-16,0.0,1.297388987838401e-15,0.0,True,0.0004587864668298923,0.039422230954559434,1.1204471932887666e-15,6.938893903907228e-18,0.0,6.245004513516506e-17,6.158268339717665e-17,6.245004513516506e-17,1.0755285551056204e-16,0.0,1.297388987838401e-15,0.0,True,0.0004587864668298923,H-MSO-01R-B,1c99103edaf76aa05915458fd498e07b1241e272,1.0,True,True,True,True,False,a4b7da1a9f6e4efab7ccbc9ec3bb5e4235a82aef30ce64017895df05ab1c2b01,False
70,HMSO01R_A|PRIMARY|F1|7df69f6c86b7eff42e7c73af5fc7d5af02a2b7a11651af2ed2c84c22f75b0d75,F1,FOLD_0,HMSO01R_A|FIELD_LINEAGE|0f49beb059c8327e240fa524ede4b5d0ddc16e0eb915fce826282146040c0e20,576,False,True,True,True,True,True,2.220446049250313e-16,True,True,46656,46656,True,True,True,True,3.164984751349147e-16,,True,True,0.0,2.9980815439827805e-15,True,True,9.11061964311427e-07,PRIMARY_TOPOLOGY_CAST_FLOAT32_DIAGNOSTIC_ONLY,CONTINUUM_REFERENCE_MINUS_LAMBDA_1_BASE_SPH,True,0.35078305642764906,9.969854102895655e-15,1.1102230246251565e-16,0.0,1.6653345369377348e-16,1.1102230246251565e-16,1.6653345369377348e-16,1.6653345369377348e-16,0.0,1.0413943312745717e-14,0.0,True,0.05087901223844324,0.01,2.842170943040401e-16,0.0,0.0,0.0,0.0,0.0,0.0,0.0,2.842170943040401e-16,0.0,True,0.0,0.04408069892307505,1.2528488162807619e-15,1.3877787807814457e-17,0.0,4.163336342344337e-17,3.5561831257524545e-17,4.163336342344337e-17,4.85722573273506e-17,0.0,1.3569322248393703e-15,0.0,True,0.0037320512497119734,0.04408069892307505,1.2528488162807619e-15,1.3877787807814457e-17,0.0,4.163336342344337e-17,3.5561831257524545e-17,4.163336342344337e-17,4.85722573273506e-17,0.0,1.3569322248393703e-15,0.0,True,0.0037320512497119734,H-MSO-01R-B,1c99103edaf76aa05915458fd498e07b1241e272,1.0,True,True,True,True,False,a4b7da1a9f6e4efab7ccbc9ec3bb5e4235a82aef30ce64017895df05ab1c2b01,False
71,HMSO01R_A|PRIMARY|F1|f50221dbd1affdd2a99fc0269437c21009164da4bfdebc3af7c6eef19b74bce8,F1,FOLD_1,HMSO01R_A|FIELD_LINEAGE|c7498c8903eedb4eb72abeb74a8624f4f311768cc705b42f488a9e810b4c3aec,576,False,True,True,True,True,True,1.9081958235744878e-17,True,True,46656,46656,True,True,True,True,2.252988727918255e-16,,True,True,0.0,2.9796090315874967e-15,True,True,5.424208867829683e-08,PRIMARY_TOPOLOGY_CAST_FLOAT32_DIAGNOSTIC_ONLY,CONTINUUM_REFERENCE_MINUS_LAMBDA_1_BASE_SPH,True,0.1,2.842170943040401e-15,0.0,0.0,3.472157457384828e-17,1.1458661710456175e-17,3.472157457384828e-17,1.2048196641745168e-16,0.0,2.997374484031701e-15,0.0,True,3.413282661392651e-17,0.01,2.842170943040401e-16,0.0,0.0,0.0,0.0,0.0,0.0,0.0,2.842170943040401e-16,0.0,True,0.0,0.039422230954559434,1.1204471932887666e-15,6.938893903907228e-18,0.0,7.806255641895632e-17,5.551115123125783e-17,7.806255641895632e-17,1.4224732503009818e-16,0.0,1.3476959686417284e-15,0.0,True,0.0006551837760823319,0.039422230954559434,1.1204471932887666e-15,6.938893903907228e-18,0.0,7.806255641895632e-17,5.551115123125783e-17,7.806255641895632e-17,1.4224732503009818e-16,0.0,1.3476959686417284e-15,0.0,True,0.0006551837760823319,H-MSO-01R-B,1c99103edaf76aa05915458fd498e07b1241e272,1.0,True,True,True,True,False,a4b7da1a9f6e4efab7ccbc9ec3bb5e4235a82aef30ce64017895df05ab1c2b01,False
72,HMSO01R_A|PRIMARY|F1|bc61c9ff5fc4d66944ef51b8d5c8887be4970fac89df5995a89c67e9e00c487c,F1,FOLD_4,HMSO01R_A|FIELD_LINEAGE|e5fd0d86ce4eda7b6deef112c4230d6cc2c904c7a1cbb32b883405f7907c5018,576,False,True,True,True,True,True,0.0,True,True,28224,28224,True,True,True,True,2.8304872531867704e-16,,True,True,0.0,1.0534487074793979e-13,True,True,1.937299669574344e-06,PRIMARY_TOPOLOGY_CAST_FLOAT32_DIAGNOSTIC_ONLY,CONTINUUM_REFERENCE_MINUS_LAMBDA_1_BASE_SPH,True,0.1,2.842170943040401e-15,0.0,0.0,0.0,0.0,0.0,0.0,0.0,2.842170943040401e-15,0.0,True,0.0,1.5689496900227138,4.459223220074801e-14,4.440892098500626e-16,0.0,2.9976021664879227e-15,2.55351295663786e-15,2.9976021664879227e-15,4.496403249731884e-15,0.0,5.253032682681788e-14,0.0,True,0.0334643293094316,0.01,2.842170943040401e-16,0.0,0.0,0.0,0.0,0.0,0.0,0.0,2.842170943040401e-16,0.0,True,0.0,1.5689496900227138,4.459223220074801e-14,4.440892098500626e-16,0.0,2.9976021664879227e-15,2.55351295663786e-15,2.9976021664879227e-15,4.496403249731884e-15,0.0,5.253032682681788e-14,0.0,True,0.0334643293094316,H-MSO-01R-B,1c99103edaf76aa05915458fd498e07b1241e272,1.0,True,True,True,True,False,a4b7da1a9f6e4efab7ccbc9ec3bb5e4235a82aef30ce64017895df05ab1c2b01,False
73,HMSO01R_A|PRIMARY|F1|9b0c56f3112e6518b308e096b830a618cdd301074fb48e496f551a4183b7a002,F1,FOLD_2,HMSO01R_A|FIELD_LINEAGE|05638fa6abec8d1f9d2070785cb5b62bc36d80415fcae04a6c6b1419139c3003,576,False,True,True,True,True,True,0.0,True,True,28224,28224,True,True,True,True,1.418757721756763e-16,,True,True,0.0,1.5393864966730254e-12,True,True,2.5422627407678533e-05,PRIMARY_TOPOLOGY_CAST_FLOAT32_DIAGNOSTIC_ONLY,CONTINUUM_REFERENCE_MINUS_LAMBDA_1_BASE_SPH,True,0.1,2.842170943040401e-15,0.0,0.0,0.0,0.0,0.0,0.0,0.0,2.842170943040401e-15,0.0,True,0.0,25.041017393733636,7.117085202063901e-13,3.552713678800501e-15,0.0,1.9539925233402755e-14,2.1316282072803006e-14,2.1316282072803006e-14,3.297362383136715e-14,0.0,7.695511397893607e-13,0.0,True,1.9854887067760454,0.01,2.842170943040401e-16,0.0,0.0,0.0,0.0,0.0,0.0,0.0,2.842170943040401e-16,0.0,True,0.0,25.041017393733636,7.117085202063901e-13,3.552713678800501e-15,0.0,1.9539925233402755e-14,2.1316282072803006e-14,2.1316282072803006e-14,3.297362383136715e-14,0.0,7.695511397893607e-13,0.0,True,1.9854887067760454,H-MSO-01R-B,1c99103edaf76aa05915458fd498e07b1241e272,1.0,True,True,True,True,False,a4b7da1a9f6e4efab7ccbc9ec3bb5e4235a82aef30ce64017895df05ab1c2b01,False
74,HMSO01R_A|PRIMARY|F1|a6b03df9badbccaafd77fa2d99f151928adcfe61dbcc87b60332a8518468a707,F1,FOLD_0,HMSO01R_A|FIELD_LINEAGE|e6f79f1197cd7f6ad00ce2f5ddcac136ad9a2faa5584e9f390794bfb6ee07ac6,576,False,True,True,True,True,True,6.093216209368535e-17,True,True,46656,46656,True,True,True,True,3.195393925032062e-16,,True,True,0.0,2.1213779736442982e-14,True,True,4.791088732414295e-07,PRIMARY_TOPOLOGY_CAST_FLOAT32_DIAGNOSTIC_ONLY,CONTINUUM_REFERENCE_MINUS_LAMBDA_1_BASE_SPH,True,0.1,2.842170943040401e-15,0.0,0.0,7.24247051220317e-17,6.055946759689346e-17,7.24247051220317e-17,3.7174581989096733e-16,0.0,3.2863414680534e-15,0.0,True,1.5316394491801533e-16,0.01,2.842170943040401e-16,0.0,0.0,0.0,0.0,0.0,0.0,0.0,2.842170943040401e-16,0.0,True,0.0,0.34744480670376715,9.874975339237356e-15,1.1102230246251565e-16,0.0,1.6653345369377348e-16,1.1102230246251565e-16,1.6653345369377348e-16,3.122502256758253e-16,0.0,1.046478132106947e-14,0.0,True,0.04561782547414738,0.34744480670376715,9.874975339237356e-15,1.1102230246251565e-16,0.0,1.6653345369377348e-16,1.1102230246251565e-16,1.6653345369377348e-16,3.122502256758253e-16,0.0,1.046478132106947e-14,0.0,True,0.04561782547414738,H-MSO-01R-B,1c99103edaf76aa05915458fd498e07b1241e272,1.0,True,True,True,True,False,a4b7da1a9f6e4efab7ccbc9ec3bb5e4235a82aef30ce64017895df05ab1c2b01,False
75,HMSO01R_A|PRIMARY|F1|a6cab7e0592176d869b619f0ba537484f9c18170b47ba82de6cce39092c19e80,F1,FOLD_1,HMSO01R_A|FIELD_LINEAGE|97fbdfbd64658c72d9a31f61eea2acf4543cf9ba5532a2ed052d1358412ef553,576,False,True,True,True,True,True,0.0,True,True,28224,28224,True,True,True,True,1.4158355972951246e-16,,True,True,0.0,8.289248177128817e-13,True,True,3.0319072063633712e-05,PRIMARY_TOPOLOGY_CAST_FLOAT32_DIAGNOSTIC_ONLY,CONTINUUM_REFERENCE_MINUS_LAMBDA_1_BASE_SPH,True,0.1,2.842170943040401e-15,0.0,0.0,0.0,0.0,0.0,0.0,0.0,2.842170943040401e-15,0.0,True,0.0,12.546349610038634,3.565887030287807e-13,1.7763568394002505e-15,0.0,1.9984014443252818e-14,1.687538997430238e-14,1.9984014443252818e-14,3.597122599785507e-14,0.0,4.1432030030928883e-13,0.0,True,0.7675207550793053,0.01,2.842170943040401e-16,0.0,0.0,0.0,0.0,0.0,0.0,0.0,2.842170943040401e-16,0.0,True,0.0,12.546349610038634,3.565887030287807e-13,1.7763568394002505e-15,0.0,1.9984014443252818e-14,1.687538997430238e-14,1.9984014443252818e-14,3.597122599785507e-14,0.0,4.1432030030928883e-13,0.0,True,0.7675207550793053,H-MSO-01R-B,1c99103edaf76aa05915458fd498e07b1241e272,1.0,True,True,True,True,False,a4b7da1a9f6e4efab7ccbc9ec3bb5e4235a82aef30ce64017895df05ab1c2b01,False
76,HMSO01R_A|PRIMARY|F1|6e6752cb4ce90e6f165c77805339b425572aba3cb875503942fd876c35a74b1c,F1,FOLD_0,HMSO01R_A|FIELD_LINEAGE|ca0f07a3c0d5df7705d15288eb48ecdf2c50af57aa3e1ab370127581f048c929,576,False,True,True,True,True,True,7.608795321231709e-16,True,True,46656,46656,True,True,True,True,2.513435083615995e-16,,True,True,0.0,7.590431461156418e-15,True,True,2.9802322409899773e-07,PRIMARY_TOPOLOGY_CAST_FLOAT32_DIAGNOSTIC_ONLY,CONTINUUM_REFERENCE_MINUS_LAMBDA_1_BASE_SPH,True,0.1,2.842170943040401e-15,0.0,0.0,9.992007221626409e-16,7.771561172376096e-16,9.992007221626409e-16,8.881784197001252e-16,0.0,4.729550084903167e-15,0.0,True,4.0496660381707603e-16,0.01,2.842170943040401e-16,0.0,0.0,0.0,0.0,0.0,0.0,0.0,2.842170943040401e-16,0.0,True,0.0,0.11101519257830209,3.1552415458208454e-15,2.7755575615628914e-17,0.0,1.249000902703301e-16,1.5785983631388945e-16,1.5785983631388945e-16,3.122502256758253e-16,0.0,3.653107183426189e-15,0.0,True,0.005050764995532033,0.11101519257830209,3.1552415458208454e-15,2.7755575615628914e-17,0.0,1.249000902703301e-16,1.5785983631388945e-16,1.5785983631388945e-16,3.122502256758253e-16,0.0,3.653107183426189e-15,0.0,True,0.005050764995532033,H-MSO-01R-B,1c99103edaf76aa05915458fd498e07b1241e272,1.0,True,True,True,True,False,a4b7da1a9f6e4efab7ccbc9ec3bb5e4235a82aef30ce64017895df05ab1c2b01,False
77,HMSO01R_A|PRIMARY|F1|1814098db0c57fb57e82c60d62ef307c29f52d3af56f832b1893973e8e7f78fa,F1,FOLD_4,HMSO01R_A|FIELD_LINEAGE|a594f1a43c118c7761d223f6f34e42847c31c67fc6b06838b968dcc65b6c3356,576,False,True,True,True,True,True,1.5612511283791264e-17,True,True,46656,46656,True,True,True,True,2.3441554944427627e-16,,True,True,0.0,5.597466248499355e-15,True,True,8.948007639703048e-08,PRIMARY_TOPOLOGY_CAST_FLOAT32_DIAGNOSTIC_ONLY,CONTINUUM_REFERENCE_MINUS_LAMBDA_1_BASE_SPH,True,0.1,2.842170943040401e-15,0.0,0.0,2.5273769080173814e-17,1.3625901385124709e-17,2.5273769080173814e-17,8.326672684688674e-17,0.0,2.9507114389674615e-15,0.0,True,3.727076002733202e-17,0.01,2.842170943040401e-16,0.0,0.0,0.0,0.0,0.0,0.0,0.0,2.842170943040401e-16,0.0,True,0.0,0.08880247816781493,2.5239182311854317e-15,2.0816681711721685e-17,0.0,4.163336342344337e-17,4.163336342344337e-17,4.163336342344337e-17,7.025630077706069e-17,0.0,2.6566245770976574e-15,0.0,True,0.011404456368536847,0.08880247816781493,2.5239182311854317e-15,2.0816681711721685e-17,0.0,4.163336342344337e-17,4.163336342344337e-17,4.163336342344337e-17,7.025630077706069e-17,0.0,2.6566245770976574e-15,0.0,True,0.011404456368536847,H-MSO-01R-B,1c99103edaf76aa05915458fd498e07b1241e272,1.0,True,True,True,True,False,a4b7da1a9f6e4efab7ccbc9ec3bb5e4235a82aef30ce64017895df05ab1c2b01,False
78,HMSO01R_A|PRIMARY|F1|936b626e0f4176f23d80581a89d19b16c892c9e907469630a0ab4a4a186275a9,F1,FOLD_0,HMSO01R_A|FIELD_LINEAGE|59aef3f6a7aa33f774612e58955e925638af1b151b9e6b2d7127236b21c1a5a6,576,False,True,True,True,True,True,0.0,True,True,46656,46656,True,True,True,True,2.829403750626725e-16,,True,True,0.0,7.784260888199955e-13,True,True,3.348601948660601e-05,PRIMARY_TOPOLOGY_CAST_FLOAT32_DIAGNOSTIC_ONLY,CONTINUUM_REFERENCE_MINUS_LAMBDA_1_BASE_SPH,True,0.1,2.842170943040401e-15,0.0,0.0,0.0,0.0,0.0,0.0,0.0,2.842170943040401e-15,0.0,True,0.0,12.556404076348453,3.5687446814871616e-13,3.552713678800501e-15,0.0,1.0658141036401503e-14,8.881784197001252e-15,1.0658141036401503e-14,1.7985612998927536e-14,0.0,3.890709358628457e-13,0.0,True,2.0338254644721876,0.01,2.842170943040401e-16,0.0,0.0,0.0,0.0,0.0,0.0,0.0,2.842170943040401e-16,0.0,True,0.0,12.556404076348453,3.5687446814871616e-13,3.552713678800501e-15,0.0,1.0658141036401503e-14,8.881784197001252e-15,1.0658141036401503e-14,1.7985612998927536e-14,0.0,3.890709358628457e-13,0.0,True,2.0338254644721876,H-MSO-01R-B,1c99103edaf76aa05915458fd498e07b1241e272,1.0,True,True,True,True,False,a4b7da1a9f6e4efab7ccbc9ec3bb5e4235a82aef30ce64017895df05ab1c2b01,False
79,HMSO01R_A|PRIMARY|F1|ffee10e6bc66c4c8b9fd9915c0f61a5f20526da0fd2aa5d32bde8193180800b3,F1,FOLD_1,HMSO01R_A|FIELD_LINEAGE|788bb18808dd1be8d0fa3d7caafb9ed17441fce457a419d2bbaf861831d83a81,576,False,True,True,True,True,True,1.6495458428009147e-16,True,True,28224,28224,True,True,True,True,3.1617135454486233e-16,,True,True,0.0,5.91835886026881e-15,True,True,1.7266317376904428e-07,PRIMARY_TOPOLOGY_CAST_FLOAT32_DIAGNOSTIC_ONLY,CONTINUUM_REFERENCE_MINUS_LAMBDA_1_BASE_SPH,True,0.1,2.842170943040401e-15,0.0,0.0,1.6653345369377348e-16,1.6653345369377348e-16,1.6653345369377348e-16,2.498001805406602e-16,0.0,3.2585045772748346e-15,0.0,True,3.549341955997755e-06,0.01,2.842170943040401e-16,0.0,0.0,0.0,0.0,0.0,0.0,0.0,2.842170943040401e-16,0.0,True,0.0,0.08825261233496674,2.5082901042585133e-15,2.7755575615628914e-17,0.0,9.367506770274758e-17,6.245004513516506e-17,9.367506770274758e-17,1.8735013540549517e-16,0.0,2.817070882982385e-15,0.0,True,0.004987505658272651,0.08825261233496674,2.5082901042585133e-15,2.7755575615628914e-17,0.0,9.367506770274758e-17,6.245004513516506e-17,9.367506770274758e-17,1.8735013540549517e-16,0.0,2.817070882982385e-15,0.0,True,0.004987505658272651,H-MSO-01R-B,1c99103edaf76aa05915458fd498e07b1241e272,1.0,True,True,True,True,False,a4b7da1a9f6e4efab7ccbc9ec3bb5e4235a82aef30ce64017895df05ab1c2b01,False
80,HMSO01R_A|PRIMARY|F1|1628e62e310d75900b67405f8fad9928eba66f7ce48430cf6fe2d28e0156c0f1,F1,FOLD_4,HMSO01R_A|FIELD_LINEAGE|c7100ae9429166735b2d4f6243a22cf5abc14cffba49fce96d94ed19a12387d6,576,False,True,True,True,True,True,0.0,True,True,28224,28224,True,True,True,True,9.425313870334041e-17,,True,True,0.0,5.641936813918705e-13,True,True,9.025714303750876e-06,PRIMARY_TOPOLOGY_CAST_FLOAT32_DIAGNOSTIC_ONLY,CONTINUUM_REFERENCE_MINUS_LAMBDA_1_BASE_SPH,True,0.1,2.842170943040401e-15,0.0,0.0,0.0,0.0,0.0,0.0,0.0,2.842170943040401e-15,0.0,True,0.0,9.42332989562975,2.678271441604281e-13,8.881784197001252e-16,0.0,5.995204332975845e-15,4.6074255521944e-15,5.995204332975845e-15,7.244205235679146e-15,0.0,2.819547321487832e-13,0.0,True,1.5539705976147136,0.01,2.842170943040401e-16,0.0,0.0,0.0,0.0,0.0,0.0,0.0,2.842170943040401e-16,0.0,True,0.0,9.42332989562975,2.678271441604281e-13,8.881784197001252e-16,0.0,5.995204332975845e-15,4.6074255521944e-15,5.995204332975845e-15,7.244205235679146e-15,0.0,2.819547321487832e-13,0.0,True,1.5539705976147136,H-MSO-01R-B,1c99103edaf76aa05915458fd498e07b1241e272,1.0,True,True,True,True,False,a4b7da1a9f6e4efab7ccbc9ec3bb5e4235a82aef30ce64017895df05ab1c2b01,False
81,HMSO01R_A|PRIMARY|F1|0ed630a80e31bb1543196773fc1c45dcc64f47c954d8262e2dbb2a42930c1e88,F1,FOLD_4,HMSO01R_A|FIELD_LINEAGE|3e17b326e03465aac98a6b656cd3125c19ada3cc77d6223ebd6e30804155ff56,576,False,True,True,True,True,True,1.3921155894713877e-16,True,True,28224,28224,True,True,True,True,3.195393925032062e-16,,True,True,0.0,4.322580982759145e-14,True,True,1.1188872878764577e-06,PRIMARY_TOPOLOGY_CAST_FLOAT32_DIAGNOSTIC_ONLY,CONTINUUM_REFERENCE_MINUS_LAMBDA_1_BASE_SPH,True,0.1,2.842170943040401e-15,0.0,0.0,1.981921571303502e-16,7.28583859910259e-17,1.981921571303502e-16,1.0479898199244886e-15,0.0,4.08835292009524e-15,0.0,True,4.253823853773148e-16,0.01,2.842170943040401e-16,0.0,0.0,0.0,0.0,0.0,0.0,0.0,2.842170943040401e-16,0.0,True,0.0,0.6948896134075343,1.9749950678474713e-14,2.220446049250313e-16,0.0,4.440892098500626e-16,3.3306690738754696e-16,4.440892098500626e-16,1.0547118733938987e-15,0.0,2.1470796366643705e-14,0.0,True,0.06164143037127357,0.6948896134075343,1.9749950678474713e-14,2.220446049250313e-16,0.0,4.440892098500626e-16,3.3306690738754696e-16,4.440892098500626e-16,1.0547118733938987e-15,0.0,2.1470796366643705e-14,0.0,True,0.06164143037127357,H-MSO-01R-B,1c99103edaf76aa05915458fd498e07b1241e272,1.0,True,True,True,True,False,a4b7da1a9f6e4efab7ccbc9ec3bb5e4235a82aef30ce64017895df05ab1c2b01,False
82,HMSO01R_A|PRIMARY|F1|4ac07b1a900151f104f19f07c396d96c4ef4358c793444482dfc72a8b0c35c1b,F1,FOLD_2,HMSO01R_A|FIELD_LINEAGE|f01618f1ef2fe7c85085b02f71644f843db176708a8abb6e4e05116a594e9ae3,576,False,True,True,True,True,True,8.673617379884035e-18,True,True,28224,28224,True,True,True,True,3.5258793365151383e-16,,True,True,0.0,2.7991180058980522e-15,True,True,5.2117173434101244e-08,PRIMARY_TOPOLOGY_CAST_FLOAT32_DIAGNOSTIC_ONLY,CONTINUUM_REFERENCE_MINUS_LAMBDA_1_BASE_SPH,True,0.1,2.842170943040401e-15,0.0,0.0,1.675431169669006e-17,5.522654816098038e-18,1.675431169669006e-17,8.061043152429725e-17,0.0,2.9395356862613882e-15,0.0,True,2.994941619577717e-17,0.01,2.842170943040401e-16,0.0,0.0,0.0,0.0,0.0,0.0,0.0,2.842170943040401e-16,0.0,True,0.0,0.03935979222003326,1.1186725777188616e-15,1.3877787807814457e-17,0.0,3.122502256758253e-17,2.2551405187698492e-17,3.122502256758253e-17,9.367506770274758e-17,0.0,1.2574504557970062e-15,0.0,True,0.0016211233959039792,0.03935979222003326,1.1186725777188616e-15,1.3877787807814457e-17,0.0,3.122502256758253e-17,2.2551405187698492e-17,3.122502256758253e-17,9.367506770274758e-17,0.0,1.2574504557970062e-15,0.0,True,0.0016211233959039792,H-MSO-01R-B,1c99103edaf76aa05915458fd498e07b1241e272,1.0,True,True,True,True,False,a4b7da1a9f6e4efab7ccbc9ec3bb5e4235a82aef30ce64017895df05ab1c2b01,False
83,HMSO01R_A|PRIMARY|F1|02ced0debb26e82ccc515e722e216e65ac33912437baf915d1006437bdc105bc,F1,FOLD_3,HMSO01R_A|FIELD_LINEAGE|0d9a0fc9b5f4f20cb32cc24ac6db7a1e45276ec79661381e7e476b453759d6b0,576,False,True,True,True,True,True,6.661338147750939e-16,True,True,46656,46656,True,True,True,True,2.3441554944427627e-16,,True,True,0.0,4.279021032786656e-14,True,True,3.1752192955203373e-06,PRIMARY_TOPOLOGY_CAST_FLOAT32_DIAGNOSTIC_ONLY,CONTINUUM_REFERENCE_MINUS_LAMBDA_1_BASE_SPH,True,3.768894229124763,1.0711841665411052e-13,4.440892098500626e-16,0.0,2.6645352591003757e-15,1.3322676295501878e-15,2.6645352591003757e-15,1.5543122344752192e-15,0.0,1.1178135335753618e-13,0.0,True,0.9054133791405634,0.01,2.842170943040401e-16,0.0,0.0,0.0,0.0,0.0,0.0,0.0,2.842170943040401e-16,0.0,True,0.0,0.7104198253425195,2.0191345849483453e-14,1.6653345369377348e-16,0.0,3.3306690738754696e-16,3.3306690738754696e-16,3.3306690738754696e-16,5.620504062164855e-16,0.0,2.125299661678126e-14,0.0,True,0.09123565094829478,0.7104198253425195,2.0191345849483453e-14,1.6653345369377348e-16,0.0,3.3306690738754696e-16,3.3306690738754696e-16,3.3306690738754696e-16,5.620504062164855e-16,0.0,2.125299661678126e-14,0.0,True,0.09123565094829478,H-MSO-01R-B,1c99103edaf76aa05915458fd498e07b1241e272,1.0,True,True,True,True,False,a4b7da1a9f6e4efab7ccbc9ec3bb5e4235a82aef30ce64017895df05ab1c2b01,False
84,HMSO01R_A|PRIMARY|F1|498868e3493b829e691cfa53d16099c09ae3cb5d3b16812102a5ba5a69cbcaf6,F1,FOLD_3,HMSO01R_A|FIELD_LINEAGE|61d4f5ea89fdb94c7fd8a7150c89f5910fdf9e6c5a71383e850b5a750c8fcf55,576,False,True,True,True,True,True,1.3322676295501878e-15,True,True,46656,46656,True,True,True,True,3.1653656809497727e-16,,True,True,0.0,2.1992720346382004e-14,True,True,4.2532522608329515e-06,PRIMARY_TOPOLOGY_CAST_FLOAT32_DIAGNOSTIC_ONLY,CONTINUUM_REFERENCE_MINUS_LAMBDA_1_BASE_SPH,True,2.8059267371396595,7.9749234405985e-14,8.881784197001252e-16,0.0,1.3322676295501878e-15,8.881784197001252e-16,1.3322676295501878e-15,1.3322676295501878e-15,0.0,8.330194808478551e-14,0.0,True,0.40703209790754596,0.01,2.842170943040401e-16,0.0,0.0,0.0,0.0,0.0,0.0,0.0,2.842170943040401e-16,0.0,True,0.0,0.3526031529563653,1.0021584357570114e-14,1.1102230246251565e-16,0.0,2.220446049250313e-16,1.942890293094024e-16,2.220446049250313e-16,4.996003610813204e-16,0.0,1.0854251626038982e-14,0.0,True,0.02985640999769578,0.3526031529563653,1.0021584357570114e-14,1.1102230246251565e-16,0.0,2.220446049250313e-16,1.942890293094024e-16,2.220446049250313e-16,4.996003610813204e-16,0.0,1.0854251626038982e-14,0.0,True,0.02985640999769578,H-MSO-01R-B,1c99103edaf76aa05915458fd498e07b1241e272,1.0,True,True,True,True,False,a4b7da1a9f6e4efab7ccbc9ec3bb5e4235a82aef30ce64017895df05ab1c2b01,False
85,HMSO01R_A|PRIMARY|F1|bbc93f10c6777f99da1ac3f7ec2110235588b8a19af9f68689049ae7d9dea0a9,F1,FOLD_2,HMSO01R_A|FIELD_LINEAGE|8fbd2d8c6238dbc0e3f8ebbea9ee429eb1cbd0b7ebf5580cffb8e79372f4cf04,576,False,True,True,True,True,True,0.0,True,True,16704,16704,True,True,True,True,1.4137970805501065e-16,,True,True,0.0,4.032392868918937e-13,True,True,1.2546224244625037e-05,PRIMARY_TOPOLOGY_CAST_FLOAT32_DIAGNOSTIC_ONLY,CONTINUUM_REFERENCE_MINUS_LAMBDA_1_BASE_SPH,True,0.1,2.842170943040401e-15,0.0,0.0,0.0,0.0,0.0,0.0,0.0,2.842170943040401e-15,0.0,True,0.0,6.282219930419832,1.7855142944028535e-13,8.881784197001252e-16,0.0,5.995204332975845e-15,6.050715484207103e-15,6.050715484207103e-15,1.5987211554602254e-14,0.0,2.0147753489879484e-13,0.0,True,0.4374389215038987,0.01,2.842170943040401e-16,0.0,0.0,0.0,0.0,0.0,0.0,0.0,2.842170943040401e-16,0.0,True,0.0,6.282219930419832,1.7855142944028535e-13,8.881784197001252e-16,0.0,5.995204332975845e-15,6.050715484207103e-15,6.050715484207103e-15,1.5987211554602254e-14,0.0,2.0147753489879484e-13,0.0,True,0.4374389215038987,H-MSO-01R-B,1c99103edaf76aa05915458fd498e07b1241e272,1.0,True,True,True,True,False,a4b7da1a9f6e4efab7ccbc9ec3bb5e4235a82aef30ce64017895df05ab1c2b01,False
86,HMSO01R_A|PRIMARY|F1|cc7d34b4c1b5db9db00200a23658dab384a02cfa9c58517792dace4721b21afb,F1,FOLD_4,HMSO01R_A|FIELD_LINEAGE|02a8e9bf168ff7b6159072e41013ee435870f1006dfd3aa95840b1c132f5aafb,576,False,True,True,True,True,True,0.0,True,True,16704,16704,True,True,True,True,1.4167418979816375e-16,,True,True,0.0,8.33131529345505e-13,True,True,1.2915969576532405e-05,PRIMARY_TOPOLOGY_CAST_FLOAT32_DIAGNOSTIC_ONLY,CONTINUUM_REFERENCE_MINUS_LAMBDA_1_BASE_SPH,True,0.1,2.842170943040401e-15,0.0,0.0,0.0,0.0,0.0,0.0,0.0,2.842170943040401e-15,0.0,True,0.0,12.538323613714951,3.563605904933795e-13,1.7763568394002505e-15,0.0,1.5987211554602254e-14,1.8318679906315083e-14,1.8318679906315083e-14,3.9968028886505635e-14,0.0,4.1642365612560044e-13,0.0,True,0.6529739578068897,0.01,2.842170943040401e-16,0.0,0.0,0.0,0.0,0.0,0.0,0.0,2.842170943040401e-16,0.0,True,0.0,12.538323613714951,3.563605904933795e-13,1.7763568394002505e-15,0.0,1.5987211554602254e-14,1.8318679906315083e-14,1.8318679906315083e-14,3.9968028886505635e-14,0.0,4.1642365612560044e-13,0.0,True,0.6529739578068897,H-MSO-01R-B,1c99103edaf76aa05915458fd498e07b1241e272,1.0,True,True,True,True,False,a4b7da1a9f6e4efab7ccbc9ec3bb5e4235a82aef30ce64017895df05ab1c2b01,False
87,HMSO01R_A|PRIMARY|F1|05f1d1c9a9b3aa507312fd97f2e65f5e02bf2ebec700d57a2dc57507dfde8612,F1,FOLD_0,HMSO01R_A|FIELD_LINEAGE|95873981d02cb2a4e333122aa57c7927c33fccc49c0b93590a6b549f6bec57f1,576,False,True,True,True,True,True,0.0,True,True,28224,28224,True,True,True,True,1.4214316094075287e-16,,True,True,0.0,1.046235530591903e-13,True,True,1.8060941119613094e-06,PRIMARY_TOPOLOGY_CAST_FLOAT32_DIAGNOSTIC_ONLY,CONTINUUM_REFERENCE_MINUS_LAMBDA_1_BASE_SPH,True,0.1,2.842170943040401e-15,0.0,0.0,0.0,0.0,0.0,0.0,0.0,2.842170943040401e-15,0.0,True,0.0,1.5621195100451046,4.439810681006704e-14,2.220446049250313e-16,0.0,2.55351295663786e-15,1.9984014443252818e-15,2.55351295663786e-15,4.9960036108132044e-15,0.0,5.2169667982443134e-14,0.0,True,0.09098371737524441,0.01,2.842170943040401e-16,0.0,0.0,0.0,0.0,0.0,0.0,0.0,2.842170943040401e-16,0.0,True,0.0,1.5621195100451046,4.439810681006704e-14,2.220446049250313e-16,0.0,2.55351295663786e-15,1.9984014443252818e-15,2.55351295663786e-15,4.9960036108132044e-15,0.0,5.2169667982443134e-14,0.0,True,0.09098371737524441,H-MSO-01R-B,1c99103edaf76aa05915458fd498e07b1241e272,1.0,True,True,True,True,False,a4b7da1a9f6e4efab7ccbc9ec3bb5e4235a82aef30ce64017895df05ab1c2b01,False
88,HMSO01R_A|PRIMARY|F1|c6267cee86f5825f3095ad26040411798dfef7a71ce8e9f6c3d51ded55f9bcdb,F1,FOLD_5,HMSO01R_A|FIELD_LINEAGE|475ead0c3c732d8046f08c0918482fe4219c4fa643d2e948ba96c0bc2f6d887d,576,False,True,True,True,True,True,0.0,True,True,28224,28224,True,True,True,True,1.4210496254574193e-16,,True,True,0.0,2.070122251503832e-13,True,True,3.9861174527255905e-06,PRIMARY_TOPOLOGY_CAST_FLOAT32_DIAGNOSTIC_ONLY,CONTINUUM_REFERENCE_MINUS_LAMBDA_1_BASE_SPH,True,0.1,2.842170943040401e-15,0.0,0.0,0.0,0.0,0.0,0.0,0.0,2.842170943040401e-15,0.0,True,0.0,3.1250788283140745,8.882008240545004e-14,4.440892098500626e-16,0.0,5.10702591327572e-15,4.440892098500626e-15,5.10702591327572e-15,8.992806499463768e-15,0.0,1.0336400402803959e-13,0.0,True,0.18244966611268695,0.01,2.842170943040401e-16,0.0,0.0,0.0,0.0,0.0,0.0,0.0,2.842170943040401e-16,0.0,True,0.0,3.1250788283140745,8.882008240545004e-14,4.440892098500626e-16,0.0,5.10702591327572e-15,4.440892098500626e-15,5.10702591327572e-15,8.992806499463768e-15,0.0,1.0336400402803959e-13,0.0,True,0.18244966611268695,H-MSO-01R-B,1c99103edaf76aa05915458fd498e07b1241e272,1.0,True,True,True,True,False,a4b7da1a9f6e4efab7ccbc9ec3bb5e4235a82aef30ce64017895df05ab1c2b01,False
89,HMSO01R_A|PRIMARY|F1|cea2672e7a4028211523d6e85816f1c8244b9012de5d68bd1b63b1be848e64c5,F1,FOLD_0,HMSO01R_A|FIELD_LINEAGE|6260b45ec31956360cb50305f8ad9fa70be57f53fb24bc0523fc70aeb48f57ae,576,False,True,True,True,True,True,8.881784197001252e-16,True,True,16704,16704,True,True,True,True,1.7871448809916308e-16,,True,True,0.0,2.0993669606712294e-14,True,True,2.6824984762363613e-06,PRIMARY_TOPOLOGY_CAST_FLOAT32_DIAGNOSTIC_ONLY,CONTINUUM_REFERENCE_MINUS_LAMBDA_1_BASE_SPH,True,2.4717845232207014,7.025234149354848e-14,0.0,0.0,1.3322676295501878e-15,8.881784197001252e-16,1.3322676295501878e-15,2.4424906541753444e-15,0.0,7.402709977727401e-14,0.0,True,0.1296654105294226,0.01,2.842170943040401e-16,0.0,0.0,0.0,0.0,0.0,0.0,0.0,2.842170943040401e-16,0.0,True,0.0,0.31061360397628435,8.828169597344537e-15,5.551115123125783e-17,0.0,2.220446049250313e-16,1.942890293094024e-16,2.220446049250313e-16,1.2490009027033011e-15,0.0,1.0354726256204127e-14,0.0,True,0.009405452434190517,0.31061360397628435,8.828169597344537e-15,5.551115123125783e-17,0.0,2.220446049250313e-16,1.942890293094024e-16,2.220446049250313e-16,1.2490009027033011e-15,0.0,1.0354726256204127e-14,0.0,True,0.009405452434190517,H-MSO-01R-B,1c99103edaf76aa05915458fd498e07b1241e272,1.0,True,True,True,True,False,a4b7da1a9f6e4efab7ccbc9ec3bb5e4235a82aef30ce64017895df05ab1c2b01,False
90,HMSO01R_A|PRIMARY|F1|0fe531b05a1f891a540b4fe00c26c9db1242f708e1b74604fcb14bb87dbb9a5f,F1,FOLD_1,HMSO01R_A|FIELD_LINEAGE|8788043b5775de130eade6a54c5654805d8ed31cc68fcfa8928c3b7150abef48,576,False,True,True,True,True,True,2.782333825140926e-17,True,True,46656,46656,True,True,True,True,3.286569398530552e-16,,True,True,0.0,1.0454231774551406e-14,True,True,1.8586430354516903e-07,PRIMARY_TOPOLOGY_CAST_FLOAT32_DIAGNOSTIC_ONLY,CONTINUUM_REFERENCE_MINUS_LAMBDA_1_BASE_SPH,True,0.1,2.842170943040401e-15,0.0,0.0,4.276838757276413e-17,2.1992363442510654e-17,4.276838757276413e-17,1.6916264396205083e-16,0.0,3.054101974575216e-15,0.0,True,7.330581520016234e-17,0.01,2.842170943040401e-16,0.0,0.0,0.0,0.0,0.0,0.0,0.0,2.842170943040401e-16,0.0,True,0.0,0.16890302470435356,4.800512690063487e-15,5.551115123125783e-17,0.0,8.326672684688674e-17,5.551115123125783e-17,8.326672684688674e-17,1.457167719820518e-16,0.0,5.085007340123683e-15,0.0,True,0.022808912737073694,0.16890302470435356,4.800512690063487e-15,5.551115123125783e-17,0.0,8.326672684688674e-17,5.551115123125783e-17,8.326672684688674e-17,1.457167719820518e-16,0.0,5.085007340123683e-15,0.0,True,0.022808912737073694,H-MSO-01R-B,1c99103edaf76aa05915458fd498e07b1241e272,1.0,True,True,True,True,False,a4b7da1a9f6e4efab7ccbc9ec3bb5e4235a82aef30ce64017895df05ab1c2b01,False
91,HMSO01R_A|PRIMARY|F1|0535144bbfa08b7d0b40f6b095ad58cc5b7364203192a1621e9b3684ace2b076,F1,FOLD_4,HMSO01R_A|FIELD_LINEAGE|e39068083f41a31c97e7737f6138e1986484dea8bfe32d65a52cd58aaa1ec7e8,576,False,True,True,True,True,True,4.163336342344337e-17,True,True,16704,16704,True,True,True,True,3.195393925032062e-16,,True,True,0.0,1.1463704487475956e-14,True,True,2.498152830154865e-07,PRIMARY_TOPOLOGY_CAST_FLOAT32_DIAGNOSTIC_ONLY,CONTINUUM_REFERENCE_MINUS_LAMBDA_1_BASE_SPH,True,0.1,2.842170943040401e-15,0.0,0.0,6.375108774214766e-17,2.5166195895872517e-17,6.375108774214766e-17,2.714842239903703e-16,0.0,3.177406254772919e-15,0.0,True,1.4442510361405992e-16,0.01,2.842170943040401e-16,0.0,0.0,0.0,0.0,0.0,0.0,0.0,2.842170943040401e-16,0.0,True,0.0,0.17372240335188358,4.937487669618678e-15,5.551115123125783e-17,0.0,9.71445146547012e-17,8.326672684688674e-17,9.71445146547012e-17,4.996003610813204e-16,0.0,5.589743696585958e-15,0.0,True,0.010102954594872525,0.17372240335188358,4.937487669618678e-15,5.551115123125783e-17,0.0,9.71445146547012e-17,8.326672684688674e-17,9.71445146547012e-17,4.996003610813204e-16,0.0,5.589743696585958e-15,0.0,True,0.010102954594872525,H-MSO-01R-B,1c99103edaf76aa05915458fd498e07b1241e272,1.0,True,True,True,True,False,a4b7da1a9f6e4efab7ccbc9ec3bb5e4235a82aef30ce64017895df05ab1c2b01,False
92,HMSO01R_A|PRIMARY|F1|fbe40df16a8e1d6477e28f02fd31d0afffef7d5d611b8d2f2ea5d89f4b52046f,F1,FOLD_2,HMSO01R_A|FIELD_LINEAGE|29dc93f9e64f8875b47eb06f84606bc0c4a0e9315877441085164bd7870ebc8e,576,False,True,True,True,True,True,4.440892098500626e-16,True,True,46656,46656,True,True,True,True,3.5162332416641445e-16,,True,True,0.0,5.7009946217572645e-15,True,True,4.4235916818458065e-07,PRIMARY_TOPOLOGY_CAST_FLOAT32_DIAGNOSTIC_ONLY,CONTINUUM_REFERENCE_MINUS_LAMBDA_1_BASE_SPH,True,1.256298076374921,3.5706138884703505e-14,0.0,0.0,1.1102230246251565e-15,8.881784197001252e-16,1.1102230246251565e-15,1.1102230246251565e-15,0.0,3.792658493395382e-14,0.0,True,0.039776594329852685,0.01,2.842170943040401e-16,0.0,0.0,0.0,0.0,0.0,0.0,0.0,2.842170943040401e-16,0.0,True,0.0,0.07893553614916882,2.2434828721648278e-15,2.7755575615628914e-17,0.0,1.8735013540549517e-16,1.214306433183765e-16,1.8735013540549517e-16,2.498001805406602e-16,0.0,2.708388763726612e-15,0.0,True,0.0013103675521646703,0.07893553614916882,2.2434828721648278e-15,2.7755575615628914e-17,0.0,1.8735013540549517e-16,1.214306433183765e-16,1.8735013540549517e-16,2.498001805406602e-16,0.0,2.708388763726612e-15,0.0,True,0.0013103675521646703,H-MSO-01R-B,1c99103edaf76aa05915458fd498e07b1241e272,1.0,True,True,True,True,False,a4b7da1a9f6e4efab7ccbc9ec3bb5e4235a82aef30ce64017895df05ab1c2b01,False
93,HMSO01R_A|PRIMARY|F1|5560e3365d3607136c18f15a5b4bdeb0fa1ad093bb1bf0a9c64749d626712ac8,F1,FOLD_0,HMSO01R_A|FIELD_LINEAGE|7fd6bba4cc2991027e04cc510555a1b3e651423143c79ecd367c197fbfdf8786,576,False,True,True,True,True,True,3.1955503781294636e-16,True,True,28224,28224,True,True,True,True,3.1617135454486233e-16,,True,True,0.0,1.1399844960347621e-14,True,True,3.453263475033941e-07,PRIMARY_TOPOLOGY_CAST_FLOAT32_DIAGNOSTIC_ONLY,CONTINUUM_REFERENCE_MINUS_LAMBDA_1_BASE_SPH,True,0.1,2.842170943040401e-15,0.0,0.0,3.885780586188048e-16,2.7755575615628914e-16,3.885780586188048e-16,5.551115123125783e-16,0.0,3.785860513971784e-15,0.0,True,7.098683912011226e-06,0.01,2.842170943040401e-16,0.0,0.0,0.0,0.0,0.0,0.0,0.0,2.842170943040401e-16,0.0,True,0.0,0.17650522466993349,5.016580208517027e-15,5.551115123125783e-17,0.0,1.1102230246251565e-16,1.1102230246251565e-16,1.1102230246251565e-16,3.7470027081099033e-16,0.0,5.5578139330217904e-15,0.0,True,0.009975011316545306,0.17650522466993349,5.016580208517027e-15,5.551115123125783e-17,0.0,1.1102230246251565e-16,1.1102230246251565e-16,1.1102230246251565e-16,3.7470027081099033e-16,0.0,5.5578139330217904e-15,0.0,True,0.009975011316545306,H-MSO-01R-B,1c99103edaf76aa05915458fd498e07b1241e272,1.0,True,True,True,True,False,a4b7da1a9f6e4efab7ccbc9ec3bb5e4235a82aef30ce64017895df05ab1c2b01,False
94,HMSO01R_A|PRIMARY|F1|cb44afeeedccea248dc79f57a33134ffc06c52300efb702bef321f85ff291749,F1,FOLD_3,HMSO01R_A|FIELD_LINEAGE|21b79bdb11d90c0a9b01efce71ed9eec0d7fba61736210c4c1ab358a9c4e965a,576,False,True,True,True,True,True,6.598183371203659e-16,True,True,28224,28224,True,True,True,True,3.1617135454486233e-16,,True,True,0.0,2.2626495128853718e-14,True,True,6.906526950761771e-07,PRIMARY_TOPOLOGY_CAST_FLOAT32_DIAGNOSTIC_ONLY,CONTINUUM_REFERENCE_MINUS_LAMBDA_1_BASE_SPH,True,0.1,2.842170943040401e-15,0.0,0.0,7.771561172376096e-16,6.661338147750939e-16,7.771561172376096e-16,9.992007221626409e-16,0.0,4.618527782440651e-15,0.0,True,1.419736782399102e-05,0.01,2.842170943040401e-16,0.0,0.0,0.0,0.0,0.0,0.0,0.0,2.842170943040401e-16,0.0,True,0.0,0.35301044933986697,1.0033160417034053e-14,1.1102230246251565e-16,0.0,2.7755575615628914e-16,2.498001805406602e-16,2.7755575615628914e-16,7.494005416219807e-16,0.0,1.1171139017274839e-14,0.0,True,0.019950022633090606,0.35301044933986697,1.0033160417034053e-14,1.1102230246251565e-16,0.0,2.7755575615628914e-16,2.498001805406602e-16,2.7755575615628914e-16,7.494005416219807e-16,0.0,1.1171139017274839e-14,0.0,True,0.019950022633090606,H-MSO-01R-B,1c99103edaf76aa05915458fd498e07b1241e272,1.0,True,True,True,True,False,a4b7da1a9f6e4efab7ccbc9ec3bb5e4235a82aef30ce64017895df05ab1c2b01,False
95,HMSO01R_A|PRIMARY|F1|1b1636e252838151c5329cba2980c53958595581db916378e4983f55276c520b,F1,FOLD_3,HMSO01R_A|FIELD_LINEAGE|c26b5ad7fee192c3863a9362bb1782ac10409a155024388ef9dea9120f9c3662,576,False,True,True,True,True,True,3.3306690738754696e-16,True,True,16704,16704,True,True,True,True,3.739759782743068e-16,,True,True,0.0,4.364234952149563e-15,True,True,1.2152156655120816e-06,PRIMARY_TOPOLOGY_CAST_FLOAT32_DIAGNOSTIC_ONLY,CONTINUUM_REFERENCE_MINUS_LAMBDA_1_BASE_SPH,True,0.8859065784062369,2.517897935394549e-14,2.220446049250313e-16,0.0,2.220446049250313e-16,2.220446049250313e-16,2.220446049250313e-16,8.881784197001252e-16,0.0,2.6511246983495678e-14,0.0,True,0.02608351890746068,0.01,2.842170943040401e-16,0.0,0.0,0.0,0.0,0.0,0.0,0.0,2.842170943040401e-16,0.0,True,0.0,0.05566315196975807,1.5820419312648844e-15,2.0816681711721685e-17,0.0,6.245004513516506e-17,4.85722573273506e-17,6.245004513516506e-17,3.7470027081099033e-16,0.0,2.0400089289227615e-15,0.0,True,0.0014603936327007329,0.05566315196975807,1.5820419312648844e-15,2.0816681711721685e-17,0.0,6.245004513516506e-17,4.85722573273506e-17,6.245004513516506e-17,3.7470027081099033e-16,0.0,2.0400089289227615e-15,0.0,True,0.0014603936327007329,H-MSO-01R-B,1c99103edaf76aa05915458fd498e07b1241e272,1.0,True,True,True,True,False,a4b7da1a9f6e4efab7ccbc9ec3bb5e4235a82aef30ce64017895df05ab1c2b01,False
96,HMSO01R_A|PRIMARY|F2|7e7924cc19bd7edebd8e97056ff92c73108de1dde1d2b5a765b6e9c2f15039c8,F2,FOLD_4,HMSO01R_A|FIELD_LINEAGE|e269817bd0e21e72d0864769c51ef7f6839102d6f41f035fbbff5041e46bd0d4,576,False,True,True,True,True,True,1.1102230246251565e-15,True,True,16704,16704,True,True,True,True,2.8673405268644766e-16,,True,True,0.0,1.8651002565391026e-14,True,True,2.8997835473942857e-06,PRIMARY_TOPOLOGY_CAST_FLOAT32_DIAGNOSTIC_ONLY,CONTINUUM_REFERENCE_MINUS_LAMBDA_1_BASE_SPH,True,2.5661224625280545,7.293358699280516e-14,4.440892098500626e-16,0.0,8.881784197001252e-16,6.661338147750939e-16,8.881784197001252e-16,1.7763568394002505e-15,0.0,7.60422114617556e-14,0.0,True,0.1433222793559231,0.01,2.842170943040401e-16,0.0,0.0,0.0,0.0,0.0,0.0,0.0,2.842170943040401e-16,0.0,True,0.0,0.290397063295239,8.253580952419924e-15,8.326672684688674e-17,0.0,1.249000902703301e-16,1.1102230246251565e-16,1.249000902703301e-16,7.216449660063518e-16,0.0,9.183392735543493e-15,1.0842021724855044e-19,True,0.01424950189113972,0.290397063295239,8.253580952419924e-15,8.326672684688674e-17,0.0,1.249000902703301e-16,1.1102230246251565e-16,1.249000902703301e-16,7.216449660063518e-16,0.0,9.183392735543493e-15,1.0842021724855044e-19,True,0.01424950189113972,H-MSO-01R-B,1c99103edaf76aa05915458fd498e07b1241e272,1.0,True,True,True,True,False,a4b7da1a9f6e4efab7ccbc9ec3bb5e4235a82aef30ce64017895df05ab1c2b01,False
97,HMSO01R_A|PRIMARY|F2|85b92082f276f3286e4c6678f12a7255756bc248311c1650cd74d5462994ca54,F2,FOLD_2,HMSO01R_A|FIELD_LINEAGE|7f5e5896e83ee81bc858adc8fff5befe2b2c76e1183ff21435261a6621560b2c,576,False,True,True,True,True,True,0.0,True,True,46656,46656,True,True,True,True,2.124937875062542e-16,,True,True,0.0,5.167710922547713e-13,True,True,1.0574769909288406e-05,PRIMARY_TOPOLOGY_CAST_FLOAT32_DIAGNOSTIC_ONLY,CONTINUUM_REFERENCE_MINUS_LAMBDA_1_BASE_SPH,True,0.1,2.842170943040401e-15,0.0,0.0,0.0,0.0,0.0,0.0,0.0,2.842170943040401e-15,0.0,True,0.0,8.359570697322,2.375932893222057e-13,1.7763568394002505e-15,0.0,7.993605777301127e-15,6.439293542825908e-15,7.993605777301127e-15,1.0880185641326534e-14,0.0,2.582434375802336e-13,2.7755575615628914e-17,True,1.6556490778198658,0.01,2.842170943040401e-16,0.0,0.0,0.0,0.0,0.0,0.0,0.0,2.842170943040401e-16,0.0,True,0.0,8.359570697322,2.375932893222057e-13,1.7763568394002505e-15,0.0,7.993605777301127e-15,6.439293542825908e-15,7.993605777301127e-15,1.0880185641326534e-14,0.0,2.582434375802336e-13,2.7755575615628914e-17,True,1.6556490778198658,H-MSO-01R-B,1c99103edaf76aa05915458fd498e07b1241e272,1.0,True,True,True,True,False,a4b7da1a9f6e4efab7ccbc9ec3bb5e4235a82aef30ce64017895df05ab1c2b01,False
98,HMSO01R_A|PRIMARY|F2|2ff0e21490694c171662def5d7e7fc31fff27fc33ce0ec43388cd14f39163b4f,F2,FOLD_5,HMSO01R_A|FIELD_LINEAGE|b914e9e8b47652c007a545bd9a5f60dbdaba2b957df3f42cdec4c8edb98e6d53,576,False,True,True,True,True,True,0.0,True,True,28224,28224,True,True,True,True,1.419847650237806e-16,,True,True,0.0,1.0005967598147638e-13,True,True,1.5684230499912744e-06,PRIMARY_TOPOLOGY_CAST_FLOAT32_DIAGNOSTIC_ONLY,CONTINUUM_REFERENCE_MINUS_LAMBDA_1_BASE_SPH,True,0.1,2.842170943040401e-15,0.0,0.0,0.0,0.0,0.0,0.0,0.0,2.842170943040401e-15,0.0,True,0.0,1.5638621854101158,4.444763662292291e-14,2.220446049250313e-16,0.0,2.220446049250313e-15,1.7763568394002505e-15,2.220446049250313e-15,2.9976021664879227e-15,0.0,4.9887729443586175e-14,0.0,True,0.12490248737077392,0.01,2.842170943040401e-16,0.0,0.0,0.0,0.0,0.0,0.0,0.0,2.842170943040401e-16,0.0,True,0.0,1.5638621854101158,4.444763662292291e-14,2.220446049250313e-16,0.0,2.220446049250313e-15,1.7763568394002505e-15,2.220446049250313e-15,2.9976021664879227e-15,0.0,4.9887729443586175e-14,0.0,True,0.12490248737077392,H-MSO-01R-B,1c99103edaf76aa05915458fd498e07b1241e272,1.0,True,True,True,True,False,a4b7da1a9f6e4efab7ccbc9ec3bb5e4235a82aef30ce64017895df05ab1c2b01,False
99,HMSO01R_A|PRIMARY|F2|97f71a14707261d95640d0d9f5541f1319782a7e078f04d23def94e5d6a43472,F2,FOLD_4,HMSO01R_A|FIELD_LINEAGE|5c07d2280b8a6c46f1c42b9f7878f3f5c5e2174c9419aaf05f2bb6b52ab2f5f6,576,False,True,True,True,True,True,0.0,True,True,46656,46656,True,True,True,True,2.1287673835491407e-16,,True,True,0.0,2.574341066082809e-13,True,True,6.191101110664121e-06,PRIMARY_TOPOLOGY_CAST_FLOAT32_DIAGNOSTIC_ONLY,CONTINUUM_REFERENCE_MINUS_LAMBDA_1_BASE_SPH,True,0.1,2.842170943040401e-15,0.0,0.0,0.0,0.0,0.0,0.0,0.0,2.842170943040401e-15,0.0,True,0.0,4.1722661976309,1.18582937535362e-13,8.881784197001252e-16,0.0,3.9968028886505635e-15,3.774758283725532e-15,3.9968028886505635e-15,5.10702591327572e-15,0.0,1.2857494475698842e-13,1.3877787807814457e-17,True,0.8278899887861184,0.01,2.842170943040401e-16,0.0,0.0,0.0,0.0,0.0,0.0,0.0,2.842170943040401e-16,0.0,True,0.0,4.1722661976309,1.18582937535362e-13,8.881784197001252e-16,0.0,3.9968028886505635e-15,3.774758283725532e-15,3.9968028886505635e-15,5.10702591327572e-15,0.0,1.2857494475698842e-13,1.3877787807814457e-17,True,0.8278899887861184,H-MSO-01R-B,1c99103edaf76aa05915458fd498e07b1241e272,1.0,True,True,True,True,False,a4b7da1a9f6e4efab7ccbc9ec3bb5e4235a82aef30ce64017895df05ab1c2b01,False
100,HMSO01R_A|PRIMARY|F2|414c8ecf48e731bd46184d3087ac18ed274e64a9422b6509a42bf763314621ad,F2,FOLD_1,HMSO01R_A|FIELD_LINEAGE|e46b2d3dad1b8a5413f52396bbef71167f252a4ba61297ea3e2b46c37456ba4c,576,False,True,True,True,True,True,2.88363896563254e-17,True,True,16704,16704,True,True,True,True,3.9315500255453487e-16,,True,True,0.0,2.533566661886902e-15,True,True,3.9146760333341746e-08,PRIMARY_TOPOLOGY_CAST_FLOAT32_DIAGNOSTIC_ONLY,CONTINUUM_REFERENCE_MINUS_LAMBDA_1_BASE_SPH,True,0.1,2.842170943040401e-15,0.0,0.0,4.163336342344337e-17,2.7755575615628914e-17,4.163336342344337e-17,7.632783294297951e-17,0.0,2.9601321394068238e-15,0.0,True,1.6295333549124744e-05,0.01,2.842170943040401e-16,0.0,0.0,0.0,0.0,0.0,0.0,0.0,2.842170943040401e-16,0.0,True,0.0,0.03529851513434439,1.0032441404730546e-15,1.3877787807814457e-17,0.0,1.5612511283791264e-17,1.734723475976807e-17,1.734723475976807e-17,9.020562075079397e-17,0.0,1.124674783791431e-15,0.0,True,0.00178118773639246,0.03529851513434439,1.0032441404730546e-15,1.3877787807814457e-17,0.0,1.5612511283791264e-17,1.734723475976807e-17,1.734723475976807e-17,9.020562075079397e-17,0.0,1.124674783791431e-15,0.0,True,0.00178118773639246,H-MSO-01R-B,1c99103edaf76aa05915458fd498e07b1241e272,1.0,True,True,True,True,False,a4b7da1a9f6e4efab7ccbc9ec3bb5e4235a82aef30ce64017895df05ab1c2b01,False
101,HMSO01R_A|PRIMARY|F2|eb1689f62d946c439a6d3e8a126f1b368ff2d262284868572ff232553dc8f24c,F2,FOLD_5,HMSO01R_A|FIELD_LINEAGE|f9dd81299410ddb65efe58bb38fc53798a53c7f5ab1183ef52b5f93fb7daea68,576,False,True,True,True,True,True,6.245004513516506e-17,True,True,28224,28224,True,True,True,True,2.262886615381181e-16,,True,True,0.0,1.0180033014176832e-14,True,True,1.567909078264984e-07,PRIMARY_TOPOLOGY_CAST_FLOAT32_DIAGNOSTIC_ONLY,CONTINUUM_REFERENCE_MINUS_LAMBDA_1_BASE_SPH,True,0.1,2.842170943040401e-15,0.0,0.0,8.010898801952271e-17,4.7694731193995143e-17,8.010898801952271e-17,3.7578447298347584e-16,0.0,3.2980644040433994e-15,0.0,True,1.2550865327015372e-16,0.01,2.842170943040401e-16,0.0,0.0,0.0,0.0,0.0,0.0,0.0,2.842170943040401e-16,0.0,True,0.0,0.1569991909736958,4.46218538666289e-15,2.7755575615628914e-17,0.0,8.326672684688674e-17,5.551115123125783e-17,8.326672684688674e-17,3.7470027081099033e-16,0.0,4.947907959936396e-15,0.0,True,0.006500703197201226,0.1569991909736958,4.46218538666289e-15,2.7755575615628914e-17,0.0,8.326672684688674e-17,5.551115123125783e-17,8.326672684688674e-17,3.7470027081099033e-16,0.0,4.947907959936396e-15,0.0,True,0.006500703197201226,H-MSO-01R-B,1c99103edaf76aa05915458fd498e07b1241e272,1.0,True,True,True,True,False,a4b7da1a9f6e4efab7ccbc9ec3bb5e4235a82aef30ce64017895df05ab1c2b01,False
102,HMSO01R_A|PRIMARY|F2|d101b9fccd0265ae823f18e17210370e5f35e1b05491fa7f75f82921c3267d4e,F2,FOLD_4,HMSO01R_A|FIELD_LINEAGE|88fd5f86ca9cc426c28ce681d06ea15f58c6c7889170fcda146bde128f6121e4,576,False,True,True,True,True,True,0.0,True,True,16704,16704,True,True,True,True,2.2141198850587444e-16,,True,True,0.0,2.6472285784476877e-13,True,True,4.508665732760875e-06,PRIMARY_TOPOLOGY_CAST_FLOAT32_DIAGNOSTIC_ONLY,CONTINUUM_REFERENCE_MINUS_LAMBDA_1_BASE_SPH,True,0.1,2.842170943040401e-15,0.0,0.0,0.0,0.0,0.0,0.0,0.0,2.842170943040401e-15,0.0,True,0.0,4.011428765414662,1.140116627713798e-13,8.881784197001252e-16,0.0,3.9968028886505635e-15,3.9968028886505635e-15,3.9968028886505635e-15,1.3322676295501878e-14,0.0,1.3221932037523237e-13,6.938893903907228e-18,True,0.35841902726730074,0.01,2.842170943040401e-16,0.0,0.0,0.0,0.0,0.0,0.0,0.0,2.842170943040401e-16,0.0,True,0.0,4.011428765414662,1.140116627713798e-13,8.881784197001252e-16,0.0,3.9968028886505635e-15,3.9968028886505635e-15,3.9968028886505635e-15,1.3322676295501878e-14,0.0,1.3221932037523237e-13,6.938893903907228e-18,True,0.35841902726730074,H-MSO-01R-B,1c99103edaf76aa05915458fd498e07b1241e272,1.0,True,True,True,True,False,a4b7da1a9f6e4efab7ccbc9ec3bb5e4235a82aef30ce64017895df05ab1c2b01,False
103,HMSO01R_A|PRIMARY|F2|449e6cd6b8c06069cd6cf2860bd3963de9074cd7fcfd7566dd44991a9ae739a3,F2,FOLD_1,HMSO01R_A|FIELD_LINEAGE|381d8f63546be0384f86ba8b518abcf8c4d107fec707374fb03828151e0b75af,576,False,True,True,True,True,True,7.577217932958069e-17,True,True,28224,28224,True,True,True,True,1.7871448809916308e-16,,True,True,0.0,1.0208731928465919e-14,True,True,1.7212283855844168e-07,PRIMARY_TOPOLOGY_CAST_FLOAT32_DIAGNOSTIC_ONLY,CONTINUUM_REFERENCE_MINUS_LAMBDA_1_BASE_SPH,True,0.1,2.842170943040401e-15,0.0,0.0,8.275511894674514e-17,3.4230295464440785e-17,8.275511894674514e-17,6.730727086790012e-16,0.0,3.597998770666147e-15,0.0,True,1.5109021147352126e-16,0.01,2.842170943040401e-16,0.0,0.0,0.0,0.0,0.0,0.0,0.0,2.842170943040401e-16,0.0,True,0.0,0.15530680198814217,4.414084798672268e-15,2.7755575615628914e-17,0.0,9.71445146547012e-17,6.158268339717665e-17,9.71445146547012e-17,4.2327252813834093e-16,0.0,4.962257417080939e-15,0.0,True,0.006500703197201224,0.15530680198814217,4.414084798672268e-15,2.7755575615628914e-17,0.0,9.71445146547012e-17,6.158268339717665e-17,9.71445146547012e-17,4.2327252813834093e-16,0.0,4.962257417080939e-15,0.0,True,0.006500703197201224,H-MSO-01R-B,1c99103edaf76aa05915458fd498e07b1241e272,1.0,True,True,True,True,False,a4b7da1a9f6e4efab7ccbc9ec3bb5e4235a82aef30ce64017895df05ab1c2b01,False
104,HMSO01R_A|PRIMARY|F2|23cb9d511eb7a03c195d65cf002190a3de4bdf272f9cadb5034d63d5c3f94b61,F2,FOLD_2,HMSO01R_A|FIELD_LINEAGE|34168bb92814c253cb6b05f8022442aa6cab311b67f648a00b758da530873bc9,576,False,True,True,True,True,True,4.50865473428097e-16,True,True,16704,16704,True,True,True,True,3.5920376166676267e-16,,True,True,0.0,1.556352785057889e-14,True,True,2.481117813424305e-07,PRIMARY_TOPOLOGY_CAST_FLOAT32_DIAGNOSTIC_ONLY,CONTINUUM_REFERENCE_MINUS_LAMBDA_1_BASE_SPH,True,0.1,2.842170943040401e-15,0.0,0.0,4.440892098500626e-16,4.440892098500626e-16,4.440892098500626e-16,5.551115123125783e-16,0.0,3.841371665203042e-15,0.0,True,0.0001955440025895051,0.01,2.842170943040401e-16,0.0,0.0,0.0,0.0,0.0,0.0,0.0,2.842170943040401e-16,0.0,True,0.0,0.23180917276733368,6.588412951695479e-15,8.326672684688674e-17,0.0,1.8735013540549517e-16,1.7694179454963432e-16,1.8735013540549517e-16,7.806255641895632e-16,0.0,7.639655378137425e-15,0.0,True,0.007103175479808061,0.23180917276733368,6.588412951695479e-15,8.326672684688674e-17,0.0,1.8735013540549517e-16,1.7694179454963432e-16,1.8735013540549517e-16,7.806255641895632e-16,0.0,7.639655378137425e-15,0.0,True,0.007103175479808061,H-MSO-01R-B,1c99103edaf76aa05915458fd498e07b1241e272,1.0,True,True,True,True,False,a4b7da1a9f6e4efab7ccbc9ec3bb5e4235a82aef30ce64017895df05ab1c2b01,False
105,HMSO01R_A|PRIMARY|F2|869df7a0fb63835ddf6566da54e0d373a6c1f59a6452f75c57746e6112d3832d,F2,FOLD_3,HMSO01R_A|FIELD_LINEAGE|5915fb95e293a089619d78d1366edf95fa145cc69452df6337d9252e862b1502,576,False,True,True,True,True,True,1.645276796746753e-16,True,True,28224,28224,True,True,True,True,3.9303661079631164e-16,,True,True,0.0,3.8433866260200486e-15,True,True,8.008854893160056e-08,PRIMARY_TOPOLOGY_CAST_FLOAT32_DIAGNOSTIC_ONLY,CONTINUUM_REFERENCE_MINUS_LAMBDA_1_BASE_SPH,True,0.1,2.842170943040401e-15,0.0,0.0,1.6653345369377348e-16,1.3877787807814457e-16,1.6653345369377348e-16,2.220446049250313e-16,0.0,3.2307490016592057e-15,0.0,True,1.7746709779933407e-06,0.01,2.842170943040401e-16,0.0,0.0,0.0,0.0,0.0,0.0,0.0,2.842170943040401e-16,0.0,True,0.0,0.05724247881556499,1.626929099972045e-15,2.0816681711721685e-17,0.0,3.8163916471489756e-17,3.469446951953614e-17,3.8163916471489756e-17,9.367506770274758e-17,0.0,1.779584765858004e-15,2.710505431213761e-20,True,0.0025299925253972483,0.05724247881556499,1.626929099972045e-15,2.0816681711721685e-17,0.0,3.8163916471489756e-17,3.469446951953614e-17,3.8163916471489756e-17,9.367506770274758e-17,0.0,1.779584765858004e-15,2.710505431213761e-20,True,0.0025299925253972483,H-MSO-01R-B,1c99103edaf76aa05915458fd498e07b1241e272,1.0,True,True,True,True,False,a4b7da1a9f6e4efab7ccbc9ec3bb5e4235a82aef30ce64017895df05ab1c2b01,False
106,HMSO01R_A|PRIMARY|F2|646ee8d3e4b16c47e1fb553fefbb3b74a716ac8bd308824708d76e3321dc1cd0,F2,FOLD_1,HMSO01R_A|FIELD_LINEAGE|d65de8a657545ef8339cfa29e05ce27d63f8ec5e02ee50514a615a33f5595da9,576,False,True,True,True,True,True,0.0,True,True,16704,16704,True,True,True,True,1.8950609161447682e-16,,True,True,0.0,1.5736107028220656e-13,True,True,2.0723689446722204e-06,PRIMARY_TOPOLOGY_CAST_FLOAT32_DIAGNOSTIC_ONLY,CONTINUUM_REFERENCE_MINUS_LAMBDA_1_BASE_SPH,True,0.1,2.842170943040401e-15,0.0,0.0,0.0,0.0,0.0,0.0,0.0,2.842170943040401e-15,0.0,True,0.0,2.343403349553,6.660352907923083e-14,4.440892098500626e-16,0.0,3.9968028886505635e-15,2.4424906541753444e-15,3.9968028886505635e-15,7.494005416219807e-15,0.0,7.853842659395127e-14,6.938893903907228e-18,True,0.11407691701403955,0.01,2.842170943040401e-16,0.0,0.0,0.0,0.0,0.0,0.0,0.0,2.842170943040401e-16,0.0,True,0.0,2.343403349553,6.660352907923083e-14,4.440892098500626e-16,0.0,3.9968028886505635e-15,2.4424906541753444e-15,3.9968028886505635e-15,7.494005416219807e-15,0.0,7.853842659395127e-14,6.938893903907228e-18,True,0.11407691701403955,H-MSO-01R-B,1c99103edaf76aa05915458fd498e07b1241e272,1.0,True,True,True,True,False,a4b7da1a9f6e4efab7ccbc9ec3bb5e4235a82aef30ce64017895df05ab1c2b01,False
107,HMSO01R_A|PRIMARY|F2|b0f94b27f5456ad80df8c062f7f56906abef8438f057295aba3da67c8bbd12e9,F2,FOLD_3,HMSO01R_A|FIELD_LINEAGE|541d56dfe6d37f091e41084f899b04aeee2814cee915608e406b47dce85c3c8b,576,False,True,True,True,True,True,2.128051695363814e-16,True,True,28224,28224,True,True,True,True,2.8673405268644766e-16,,True,True,0.0,9.104185261630392e-15,True,True,2.070756827121656e-07,PRIMARY_TOPOLOGY_CAST_FLOAT32_DIAGNOSTIC_ONLY,CONTINUUM_REFERENCE_MINUS_LAMBDA_1_BASE_SPH,True,0.1,2.842170943040401e-15,0.0,0.0,1.6653345369377348e-16,2.220446049250313e-16,2.220446049250313e-16,3.3306690738754696e-16,0.0,3.397282455352979e-15,0.0,True,2.366227970656338e-06,0.01,2.842170943040401e-16,0.0,0.0,0.0,0.0,0.0,0.0,0.0,2.842170943040401e-16,0.0,True,0.0,0.1451985316476195,4.126790476209962e-15,4.163336342344337e-17,0.0,6.245004513516506e-17,6.808789643208968e-17,6.808789643208968e-17,1.734723475976807e-16,0.0,4.409984083663176e-15,1.0842021724855044e-19,True,0.010799320042080309,0.1451985316476195,4.126790476209962e-15,4.163336342344337e-17,0.0,6.245004513516506e-17,6.808789643208968e-17,6.808789643208968e-17,1.734723475976807e-16,0.0,4.409984083663176e-15,1.0842021724855044e-19,True,0.010799320042080309,H-MSO-01R-B,1c99103edaf76aa05915458fd498e07b1241e272,1.0,True,True,True,True,False,a4b7da1a9f6e4efab7ccbc9ec3bb5e4235a82aef30ce64017895df05ab1c2b01,False
108,HMSO01R_A|PRIMARY|F2|7a7191904352183301d247a40d96db329241f40303971378388f54703e42d5eb,F2,FOLD_3,HMSO01R_A|FIELD_LINEAGE|0f0f1b8e6d3d2de7f2739e4c27aed7f4a0fa84df148b19d95d7dbbf8ec12bea3,576,False,True,True,True,True,True,2.2185486954484634e-16,True,True,16704,16704,True,True,True,True,2.8673405268644766e-16,,True,True,0.0,1.8651002565391026e-14,True,True,3.999208474658733e-07,PRIMARY_TOPOLOGY_CAST_FLOAT32_DIAGNOSTIC_ONLY,CONTINUUM_REFERENCE_MINUS_LAMBDA_1_BASE_SPH,True,0.1,2.842170943040401e-15,0.0,0.0,2.7755575615628914e-16,2.220446049250313e-16,2.7755575615628914e-16,9.43689570931383e-16,0.0,4.063416270128073e-15,0.0,True,0.00013036266839300855,0.01,2.842170943040401e-16,0.0,0.0,0.0,0.0,0.0,0.0,0.0,2.842170943040401e-16,0.0,True,0.0,0.290397063295239,8.253580952419924e-15,8.326672684688674e-17,0.0,1.249000902703301e-16,1.1102230246251565e-16,1.249000902703301e-16,7.216449660063518e-16,0.0,9.183392735543493e-15,1.0842021724855044e-19,True,0.01424950189113972,0.290397063295239,8.253580952419924e-15,8.326672684688674e-17,0.0,1.249000902703301e-16,1.1102230246251565e-16,1.249000902703301e-16,7.216449660063518e-16,0.0,9.183392735543493e-15,1.0842021724855044e-19,True,0.01424950189113972,H-MSO-01R-B,1c99103edaf76aa05915458fd498e07b1241e272,1.0,True,True,True,True,False,a4b7da1a9f6e4efab7ccbc9ec3bb5e4235a82aef30ce64017895df05ab1c2b01,False
109,HMSO01R_A|PRIMARY|F2|73fb02e9b6077123a3090fa7da944899e05b3071e33454b777da5ca899f5a712,F2,FOLD_0,HMSO01R_A|FIELD_LINEAGE|64cf1977fe8b52c7e0fc1798d4810be4243b09c0886573ce42439c1eaf431667,576,False,True,True,True,True,True,0.0,True,True,46656,46656,True,True,True,True,2.216063464120548e-16,,True,True,0.0,1.2418789415653387e-13,True,True,2.2088261515396113e-06,PRIMARY_TOPOLOGY_CAST_FLOAT32_DIAGNOSTIC_ONLY,CONTINUUM_REFERENCE_MINUS_LAMBDA_1_BASE_SPH,True,0.1,2.842170943040401e-15,0.0,0.0,0.0,0.0,0.0,0.0,0.0,2.842170943040401e-15,0.0,True,0.0,2.0039552884659866,5.695583492030171e-14,4.440892098500626e-16,0.0,1.7763568394002505e-15,1.7208456881689926e-15,1.7763568394002505e-15,2.7755575615628914e-15,0.0,6.195183853111492e-14,2.7755575615628914e-17,True,0.4139531807321445,0.01,2.842170943040401e-16,0.0,0.0,0.0,0.0,0.0,0.0,0.0,2.842170943040401e-16,0.0,True,0.0,2.0039552884659866,5.695583492030171e-14,4.440892098500626e-16,0.0,1.7763568394002505e-15,1.7208456881689926e-15,1.7763568394002505e-15,2.7755575615628914e-15,0.0,6.195183853111492e-14,2.7755575615628914e-17,True,0.4139531807321445,H-MSO-01R-B,1c99103edaf76aa05915458fd498e07b1241e272,1.0,True,True,True,True,False,a4b7da1a9f6e4efab7ccbc9ec3bb5e4235a82aef30ce64017895df05ab1c2b01,False
110,HMSO01R_A|PRIMARY|F2|14ebf9c5211ec842b94eb431a255eec626b701840acca3d9bc1c8b3bb88cbb9a,F2,FOLD_2,HMSO01R_A|FIELD_LINEAGE|81c7292472bf739bf28836ff17c69dda49199278b75cd9c66130df6be7c143fb,576,False,True,True,True,True,True,0.0,True,True,46656,46656,True,True,True,True,2.805134641224113e-16,,True,True,0.0,8.152433671498817e-13,True,True,1.3043355812314417e-05,PRIMARY_TOPOLOGY_CAST_FLOAT32_DIAGNOSTIC_ONLY,CONTINUUM_REFERENCE_MINUS_LAMBDA_1_BASE_SPH,True,0.1,2.842170943040401e-15,0.0,0.0,0.0,0.0,0.0,0.0,0.0,2.842170943040401e-15,0.0,True,0.0,12.665037986376857,3.599620295738321e-13,3.552713678800501e-15,0.0,1.9984014443252818e-14,1.7763568394002505e-14,1.9984014443252818e-14,2.398081733190338e-14,0.0,4.074795750277888e-13,0.0,True,1.5049880129239126,0.01,2.842170943040401e-16,0.0,0.0,0.0,0.0,0.0,0.0,0.0,2.842170943040401e-16,0.0,True,0.0,12.665037986376857,3.599620295738321e-13,3.552713678800501e-15,0.0,1.9984014443252818e-14,1.7763568394002505e-14,1.9984014443252818e-14,2.398081733190338e-14,0.0,4.074795750277888e-13,0.0,True,1.5049880129239126,H-MSO-01R-B,1c99103edaf76aa05915458fd498e07b1241e272,1.0,True,True,True,True,False,a4b7da1a9f6e4efab7ccbc9ec3bb5e4235a82aef30ce64017895df05ab1c2b01,False
111,HMSO01R_A|PRIMARY|F2|e6f200a97055e4a10ae720faf7c9a87353731bdda3dd2c5fc3a08194879ff990,F2,FOLD_5,HMSO01R_A|FIELD_LINEAGE|f7cc0cf639be6a7e99c37868bcf630bb54f34534e2c78b36b59b7ac5ebbd1919,576,False,True,True,True,True,True,1.4094628242311558e-16,True,True,46656,46656,True,True,True,True,3.9315500255453487e-16,,True,True,0.0,8.795892791361983e-15,True,True,1.3724992305522155e-07,PRIMARY_TOPOLOGY_CAST_FLOAT32_DIAGNOSTIC_ONLY,CONTINUUM_REFERENCE_MINUS_LAMBDA_1_BASE_SPH,True,0.1,2.842170943040401e-15,0.0,0.0,1.942890293094024e-16,1.3877787807814457e-16,1.942890293094024e-16,2.498001805406602e-16,0.0,3.2862601528904635e-15,0.0,True,2.1498458414594327e-06,0.01,2.842170943040401e-16,0.0,0.0,0.0,0.0,0.0,0.0,0.0,2.842170943040401e-16,0.0,True,0.0,0.14119406053737757,4.012976561892218e-15,5.551115123125783e-17,0.0,6.938893903907228e-17,8.326672684688674e-17,8.326672684688674e-17,1.0408340855860843e-16,0.0,4.255837848528971e-15,1.0842021724855044e-19,True,0.016000925567874146,0.14119406053737757,4.012976561892218e-15,5.551115123125783e-17,0.0,6.938893903907228e-17,8.326672684688674e-17,8.326672684688674e-17,1.0408340855860843e-16,0.0,4.255837848528971e-15,1.0842021724855044e-19,True,0.016000925567874146,H-MSO-01R-B,1c99103edaf76aa05915458fd498e07b1241e272,1.0,True,True,True,True,False,a4b7da1a9f6e4efab7ccbc9ec3bb5e4235a82aef30ce64017895df05ab1c2b01,False
112,HMSO01R_A|PRIMARY|F2|6a3e31bd5acc8fbcc153de54a6848625791547184a93279bd781a8ffb834c1f7,F2,FOLD_4,HMSO01R_A|FIELD_LINEAGE|7a0ba19f2cf324db5922acc61291c51f82b574717f73f269f12eae7bcc99ab35,576,False,True,True,True,True,True,0.0,True,True,46656,46656,True,True,True,True,1.4159310966329884e-16,,True,True,0.0,1.0285907880077083e-13,True,True,1.4643764113531077e-06,PRIMARY_TOPOLOGY_CAST_FLOAT32_DIAGNOSTIC_ONLY,CONTINUUM_REFERENCE_MINUS_LAMBDA_1_BASE_SPH,True,0.1,2.842170943040401e-15,0.0,0.0,0.0,0.0,0.0,0.0,0.0,2.842170943040401e-15,0.0,True,0.0,1.5681879256204063,4.45705815542512e-14,2.220446049250313e-16,0.0,3.497202527569243e-15,2.6367796834847468e-15,3.497202527569243e-15,2.9976021664879227e-15,0.0,5.12874308532334e-14,0.0,True,0.18755304500089692,0.01,2.842170943040401e-16,0.0,0.0,0.0,0.0,0.0,0.0,0.0,2.842170943040401e-16,0.0,True,0.0,1.5681879256204063,4.45705815542512e-14,2.220446049250313e-16,0.0,3.497202527569243e-15,2.6367796834847468e-15,3.497202527569243e-15,2.9976021664879227e-15,0.0,5.12874308532334e-14,0.0,True,0.18755304500089692,H-MSO-01R-B,1c99103edaf76aa05915458fd498e07b1241e272,1.0,True,True,True,True,False,a4b7da1a9f6e4efab7ccbc9ec3bb5e4235a82aef30ce64017895df05ab1c2b01,False
113,HMSO01R_A|PRIMARY|F2|60f3afc21d1f9a98ba22494006f3d71d56fc8c96f4d6037b7a222f6a9c276d6f,F2,FOLD_4,HMSO01R_A|FIELD_LINEAGE|3283083498700d830b6f9393659c16097acacaf984f6c43b70c65438a233286d,576,False,True,True,True,True,True,9.471522416197586e-18,True,True,28224,28224,True,True,True,True,1.7871448809916308e-16,,True,True,0.0,1.5213120016223213e-15,True,True,2.151535481980521e-08,PRIMARY_TOPOLOGY_CAST_FLOAT32_DIAGNOSTIC_ONLY,CONTINUUM_REFERENCE_MINUS_LAMBDA_1_BASE_SPH,True,0.1,2.842170943040401e-15,0.0,0.0,1.1428592040828647e-17,4.278786933055098e-18,1.1428592040828647e-17,8.413408858487514e-17,0.0,2.9377336236661047e-15,0.0,True,1.8886276434190158e-17,0.01,2.842170943040401e-16,0.0,0.0,0.0,0.0,0.0,0.0,0.0,2.842170943040401e-16,0.0,True,0.0,0.01941335024851777,5.517605998340335e-16,3.469446951953614e-18,0.0,1.0408340855860843e-17,7.697835424647081e-18,1.0408340855860843e-17,5.2909066017292616e-17,0.0,6.185474536591406e-16,0.0,True,0.000812587899650153,0.01941335024851777,5.517605998340335e-16,3.469446951953614e-18,0.0,1.0408340855860843e-17,7.697835424647081e-18,1.0408340855860843e-17,5.2909066017292616e-17,0.0,6.185474536591406e-16,0.0,True,0.000812587899650153,H-MSO-01R-B,1c99103edaf76aa05915458fd498e07b1241e272,1.0,True,True,True,True,False,a4b7da1a9f6e4efab7ccbc9ec3bb5e4235a82aef30ce64017895df05ab1c2b01,False
114,HMSO01R_A|PRIMARY|F2|d3d6e357c6b9ef5b5dfccefdc6900915df6420d99b7d834bc087f2124f3e371d,F2,FOLD_3,HMSO01R_A|FIELD_LINEAGE|541d56dfe6d37f091e41084f899b04aeee2814cee915608e406b47dce85c3c8b,576,False,True,True,True,True,True,1.5198650985762813e-16,True,True,46656,46656,True,True,True,True,2.8673405268644766e-16,,True,True,0.0,8.981887256574027e-15,True,True,1.95002900514607e-07,PRIMARY_TOPOLOGY_CAST_FLOAT32_DIAGNOSTIC_ONLY,CONTINUUM_REFERENCE_MINUS_LAMBDA_1_BASE_SPH,True,0.1,2.842170943040401e-15,0.0,0.0,1.942890293094024e-16,1.3877787807814457e-16,1.942890293094024e-16,3.608224830031759e-16,0.0,3.397282455352979e-15,0.0,True,2.149845841460873e-06,0.01,2.842170943040401e-16,0.0,0.0,0.0,0.0,0.0,0.0,0.0,2.842170943040401e-16,0.0,True,0.0,0.1451985316476195,4.126790476209962e-15,4.163336342344337e-17,0.0,6.938893903907228e-17,6.245004513516506e-17,6.938893903907228e-17,1.1102230246251565e-16,0.0,4.348835081134993e-15,1.0842021724855044e-19,True,0.016000925567874157,0.1451985316476195,4.126790476209962e-15,4.163336342344337e-17,0.0,6.938893903907228e-17,6.245004513516506e-17,6.938893903907228e-17,1.1102230246251565e-16,0.0,4.348835081134993e-15,1.0842021724855044e-19,True,0.016000925567874157,H-MSO-01R-B,1c99103edaf76aa05915458fd498e07b1241e272,1.0,True,True,True,True,False,a4b7da1a9f6e4efab7ccbc9ec3bb5e4235a82aef30ce64017895df05ab1c2b01,False
115,HMSO01R_A|PRIMARY|F2|7354a4d210a0d4fe09c9c0aabc9fa2291423854904a772cbabdd6d8756f6b637,F2,FOLD_5,HMSO01R_A|FIELD_LINEAGE|d8cd77f2aea85a93297ba4755747ee15653349aca322bca77ce1738389444994,576,False,True,True,True,True,True,0.0,True,True,28224,28224,True,True,True,True,1.8897037693053608e-16,,True,True,0.0,5.901341229410897e-13,True,True,7.534418760446471e-06,PRIMARY_TOPOLOGY_CAST_FLOAT32_DIAGNOSTIC_ONLY,CONTINUUM_REFERENCE_MINUS_LAMBDA_1_BASE_SPH,True,0.1,2.842170943040401e-15,0.0,0.0,0.0,0.0,0.0,0.0,0.0,2.842170943040401e-15,0.0,True,0.0,9.400186781937913,2.671693773077639e-13,1.7763568394002505e-15,0.0,9.992007221626409e-15,7.105427357601002e-15,9.992007221626409e-15,1.5987211554602254e-14,0.0,2.949249529233928e-13,2.7755575615628914e-17,True,0.7061789033979393,0.01,2.842170943040401e-16,0.0,0.0,0.0,0.0,0.0,0.0,0.0,2.842170943040401e-16,0.0,True,0.0,9.400186781937913,2.671693773077639e-13,1.7763568394002505e-15,0.0,9.992007221626409e-15,7.105427357601002e-15,9.992007221626409e-15,1.5987211554602254e-14,0.0,2.949249529233928e-13,2.7755575615628914e-17,True,0.7061789033979393,H-MSO-01R-B,1c99103edaf76aa05915458fd498e07b1241e272,1.0,True,True,True,True,False,a4b7da1a9f6e4efab7ccbc9ec3bb5e4235a82aef30ce64017895df05ab1c2b01,False
116,HMSO01R_A|PRIMARY|F2|44f3cae28757a7122157bf9485a7f37e5ec9420f4d95986f145315a5a9aeeb0d,F2,FOLD_0,HMSO01R_A|FIELD_LINEAGE|7fd9257249644666dfcbc65ef0f9aa8090d87f1c93f77579cc137a1fc016a884,576,False,True,True,True,True,True,2.7731858693105793e-17,True,True,16704,16704,True,True,True,True,2.8673405268644766e-16,,True,True,0.0,2.5835347251418667e-15,True,True,4.9990105933234164e-08,PRIMARY_TOPOLOGY_CAST_FLOAT32_DIAGNOSTIC_ONLY,CONTINUUM_REFERENCE_MINUS_LAMBDA_1_BASE_SPH,True,0.1,2.842170943040401e-15,0.0,0.0,2.7755575615628914e-17,2.7755575615628914e-17,2.7755575615628914e-17,1.1796119636642288e-16,0.0,2.9878877150224527e-15,0.0,True,1.629533354912607e-05,0.01,2.842170943040401e-16,0.0,0.0,0.0,0.0,0.0,0.0,0.0,2.842170943040401e-16,0.0,True,0.0,0.036299632911904876,1.0316976190524905e-15,1.0408340855860843e-17,0.0,1.734723475976807e-17,1.3877787807814457e-17,1.734723475976807e-17,9.020562075079397e-17,0.0,1.1496588154189134e-15,1.3552527156068805e-20,True,0.001781187736392465,0.036299632911904876,1.0316976190524905e-15,1.0408340855860843e-17,0.0,1.734723475976807e-17,1.3877787807814457e-17,1.734723475976807e-17,9.020562075079397e-17,0.0,1.1496588154189134e-15,1.3552527156068805e-20,True,0.001781187736392465,H-MSO-01R-B,1c99103edaf76aa05915458fd498e07b1241e272,1.0,True,True,True,True,False,a4b7da1a9f6e4efab7ccbc9ec3bb5e4235a82aef30ce64017895df05ab1c2b01,False
117,HMSO01R_A|PRIMARY|F2|a23a0214d1c9ad2f0bfc1699c23efef49cb711a9af17731e6f7e285a93ea468f,F2,FOLD_0,HMSO01R_A|FIELD_LINEAGE|64cf1977fe8b52c7e0fc1798d4810be4243b09c0886573ce42439c1eaf431667,576,False,True,True,True,True,True,0.0,True,True,28224,28224,True,True,True,True,2.216063464120548e-16,,True,True,0.0,1.2896185316242204e-13,True,True,2.1677084522109258e-06,PRIMARY_TOPOLOGY_CAST_FLOAT32_DIAGNOSTIC_ONLY,CONTINUUM_REFERENCE_MINUS_LAMBDA_1_BASE_SPH,True,0.1,2.842170943040401e-15,0.0,0.0,0.0,0.0,0.0,0.0,0.0,2.842170943040401e-15,0.0,True,0.0,2.0039552884659866,5.695583492030171e-14,4.440892098500626e-16,0.0,2.4424906541753444e-15,1.7208456881689926e-15,2.4424906541753444e-15,4.496403249731884e-15,0.0,6.4338818034059e-14,6.938893903907228e-18,True,0.28304156777354533,0.01,2.842170943040401e-16,0.0,0.0,0.0,0.0,0.0,0.0,0.0,2.842170943040401e-16,0.0,True,0.0,2.0039552884659866,5.695583492030171e-14,4.440892098500626e-16,0.0,2.4424906541753444e-15,1.7208456881689926e-15,2.4424906541753444e-15,4.496403249731884e-15,0.0,6.4338818034059e-14,6.938893903907228e-18,True,0.28304156777354533,H-MSO-01R-B,1c99103edaf76aa05915458fd498e07b1241e272,1.0,True,True,True,True,False,a4b7da1a9f6e4efab7ccbc9ec3bb5e4235a82aef30ce64017895df05ab1c2b01,False
118,HMSO01R_A|PRIMARY|F2|1c2c80021df766e0b8dac64531e49f3edfee32ca298674ae8af4014f66ef0538,F2,FOLD_0,HMSO01R_A|FIELD_LINEAGE|97c8122849aa3cb13b599389c011f78352d49decd5677988d0a2a6da7c39f700,576,False,True,True,True,True,True,0.0,True,True,16704,16704,True,True,True,True,1.8900874645458878e-16,,True,True,0.0,1.5560215881001317e-13,True,True,2.263642567168489e-06,PRIMARY_TOPOLOGY_CAST_FLOAT32_DIAGNOSTIC_ONLY,CONTINUUM_REFERENCE_MINUS_LAMBDA_1_BASE_SPH,True,0.1,2.842170943040401e-15,0.0,0.0,0.0,0.0,0.0,0.0,0.0,2.842170943040401e-15,0.0,True,0.0,2.349569626698516,6.677878521652804e-14,4.440892098500626e-16,0.0,1.9984014443252818e-15,1.5543122344752192e-15,1.9984014443252818e-15,8.43769498715119e-15,0.0,7.765897085785457e-14,3.469446951953614e-18,True,0.11407691701403094,0.01,2.842170943040401e-16,0.0,0.0,0.0,0.0,0.0,0.0,0.0,2.842170943040401e-16,0.0,True,0.0,2.349569626698516,6.677878521652804e-14,4.440892098500626e-16,0.0,1.9984014443252818e-15,1.5543122344752192e-15,1.9984014443252818e-15,8.43769498715119e-15,0.0,7.765897085785457e-14,3.469446951953614e-18,True,0.11407691701403094,H-MSO-01R-B,1c99103edaf76aa05915458fd498e07b1241e272,1.0,True,True,True,True,False,a4b7da1a9f6e4efab7ccbc9ec3bb5e4235a82aef30ce64017895df05ab1c2b01,False
119,HMSO01R_A|PRIMARY|F2|225f1525345e96d468060b181560b06e9a378014dbd595964d1d7788ffb935f2,F2,FOLD_2,HMSO01R_A|FIELD_LINEAGE|5e2623db68536d2f4bee911245429597fdaee9006859890dec92aeaff707fe09,576,False,True,True,True,True,True,2.220446049250313e-16,True,True,28224,28224,True,True,True,True,3.9315500255453487e-16,,True,True,0.0,4.615515414038003e-15,True,True,5.63617291310381e-07,PRIMARY_TOPOLOGY_CAST_FLOAT32_DIAGNOSTIC_ONLY,CONTINUUM_REFERENCE_MINUS_LAMBDA_1_BASE_SPH,True,0.625850920105991,1.778775299800347e-14,1.1102230246251565e-16,0.0,2.220446049250313e-16,2.220446049250313e-16,2.220446049250313e-16,2.220446049250313e-16,0.0,1.8342864510316047e-14,0.0,True,0.05660796606133813,0.01,2.842170943040401e-16,0.0,0.0,0.0,0.0,0.0,0.0,0.0,2.842170943040401e-16,0.0,True,0.0,0.07059703026868878,2.006488280946109e-15,2.7755575615628914e-17,0.0,4.163336342344337e-17,3.469446951953614e-17,4.163336342344337e-17,8.977193988179977e-17,0.0,2.1656491598669812e-15,0.0,True,0.0053996600210401485,0.07059703026868878,2.006488280946109e-15,2.7755575615628914e-17,0.0,4.163336342344337e-17,3.469446951953614e-17,4.163336342344337e-17,8.977193988179977e-17,0.0,2.1656491598669812e-15,0.0,True,0.0053996600210401485,H-MSO-01R-B,1c99103edaf76aa05915458fd498e07b1241e272,1.0,True,True,True,True,False,a4b7da1a9f6e4efab7ccbc9ec3bb5e4235a82aef30ce64017895df05ab1c2b01,False
120,HMSO01R_A|PRIMARY|F2|6ae7cce1ed05d77697c2da5aaa495d3eae48e18d9db16e9452dee591598de11a,F2,FOLD_1,HMSO01R_A|FIELD_LINEAGE|e5cd23001367dee0fe50b87c4f9c5ae9d8e66eeb6cef2467ff3f6da8c0fcdc16,576,False,True,True,True,True,True,1.1102230246251565e-16,True,True,28224,28224,True,True,True,True,2.262886615381181e-16,,True,True,0.0,1.5237961695021043e-15,True,True,2.08128252375539e-07,PRIMARY_TOPOLOGY_CAST_FLOAT32_DIAGNOSTIC_ONLY,CONTINUUM_REFERENCE_MINUS_LAMBDA_1_BASE_SPH,True,0.23460745910831277,6.6679450329818555e-15,0.0,0.0,1.1102230246251565e-16,8.326672684688674e-17,1.1102230246251565e-16,1.1102230246251565e-16,0.0,6.889989637906887e-15,0.0,True,0.012487577295312986,0.01,2.842170943040401e-16,0.0,0.0,0.0,0.0,0.0,0.0,0.0,2.842170943040401e-16,0.0,True,0.0,0.019624898871711975,5.577731733328612e-16,3.469446951953614e-18,0.0,1.1709383462843448e-17,6.938893903907228e-18,1.1709383462843448e-17,4.683753385137379e-17,0.0,6.197895375990321e-16,0.0,True,0.0008125878996501532,0.019624898871711975,5.577731733328612e-16,3.469446951953614e-18,0.0,1.1709383462843448e-17,6.938893903907228e-18,1.1709383462843448e-17,4.683753385137379e-17,0.0,6.197895375990321e-16,0.0,True,0.0008125878996501532,H-MSO-01R-B,1c99103edaf76aa05915458fd498e07b1241e272,1.0,True,True,True,True,False,a4b7da1a9f6e4efab7ccbc9ec3bb5e4235a82aef30ce64017895df05ab1c2b01,False
121,HMSO01R_A|PRIMARY|F2|d281b99f6b2ec5d478578a5ecd7ee12f35eb0089879e73162244dd885ca6cab4,F2,FOLD_4,HMSO01R_A|FIELD_LINEAGE|88fd5f86ca9cc426c28ce681d06ea15f58c6c7889170fcda146bde128f6121e4,576,False,True,True,True,True,True,0.0,True,True,46656,46656,True,True,True,True,2.2141198850587444e-16,,True,True,0.0,2.4829155708031645e-13,True,True,4.354564142494688e-06,PRIMARY_TOPOLOGY_CAST_FLOAT32_DIAGNOSTIC_ONLY,CONTINUUM_REFERENCE_MINUS_LAMBDA_1_BASE_SPH,True,0.1,2.842170943040401e-15,0.0,0.0,0.0,0.0,0.0,0.0,0.0,2.842170943040401e-15,0.0,True,0.0,4.011428765414662,1.140116627713798e-13,8.881784197001252e-16,0.0,3.9968028886505635e-15,3.6637359812630166e-15,3.9968028886505635e-15,5.10702591327572e-15,0.0,1.240036699930062e-13,5.551115123125783e-17,True,0.8278899887860831,0.01,2.842170943040401e-16,0.0,0.0,0.0,0.0,0.0,0.0,0.0,2.842170943040401e-16,0.0,True,0.0,4.011428765414662,1.140116627713798e-13,8.881784197001252e-16,0.0,3.9968028886505635e-15,3.6637359812630166e-15,3.9968028886505635e-15,5.10702591327572e-15,0.0,1.240036699930062e-13,5.551115123125783e-17,True,0.8278899887860831,H-MSO-01R-B,1c99103edaf76aa05915458fd498e07b1241e272,1.0,True,True,True,True,False,a4b7da1a9f6e4efab7ccbc9ec3bb5e4235a82aef30ce64017895df05ab1c2b01,False
122,HMSO01R_A|PRIMARY|F2|378edd32d7db407564a0b15e6b24bca9c7f72b0c6ef786012ce4d7f5a74c1362,F2,FOLD_5,HMSO01R_A|FIELD_LINEAGE|9c004dbe18905f4181f1a701e81649fc67e98b969674994e8f64827f6fb4c765,576,False,True,True,True,True,True,1.6653345369377348e-16,True,True,28224,28224,True,True,True,True,3.9303661079631164e-16,,True,True,0.0,2.0603324132100904e-15,True,True,4.595944893166781e-07,PRIMARY_TOPOLOGY_CAST_FLOAT32_DIAGNOSTIC_ONLY,CONTINUUM_REFERENCE_MINUS_LAMBDA_1_BASE_SPH,True,0.2824731829372815,8.02837072732477e-15,1.1102230246251565e-16,0.0,1.1102230246251565e-16,1.1102230246251565e-16,1.1102230246251565e-16,1.6653345369377348e-16,0.0,8.416948785943575e-15,0.0,True,0.01762598842614073,0.01,2.842170943040401e-16,0.0,0.0,0.0,0.0,0.0,0.0,0.0,2.842170943040401e-16,0.0,True,0.0,0.028621239407782495,8.134645499860225e-16,1.0408340855860843e-17,0.0,1.734723475976807e-17,1.734723475976807e-17,1.734723475976807e-17,4.683753385137379e-17,0.0,8.880576594530253e-16,1.3552527156068805e-20,True,0.0012649962626986241,0.028621239407782495,8.134645499860225e-16,1.0408340855860843e-17,0.0,1.734723475976807e-17,1.734723475976807e-17,1.734723475976807e-17,4.683753385137379e-17,0.0,8.880576594530253e-16,1.3552527156068805e-20,True,0.0012649962626986241,H-MSO-01R-B,1c99103edaf76aa05915458fd498e07b1241e272,1.0,True,True,True,True,False,a4b7da1a9f6e4efab7ccbc9ec3bb5e4235a82aef30ce64017895df05ab1c2b01,False
123,HMSO01R_A|PRIMARY|F2|afa1b7f4e9f94b044f6756cb4f45ff5cea11a69bd126c0c7b8d466e903f63066,F2,FOLD_5,HMSO01R_A|FIELD_LINEAGE|c34a55057cd1e579919fb09acb5db221d75ae96164f74060b78863318f65371c,576,False,True,True,True,True,True,1.8555442555731605e-16,True,True,46656,46656,True,True,True,True,3.771707941780837e-16,,True,True,0.0,9.094393152846273e-15,True,True,1.6524140887541616e-07,PRIMARY_TOPOLOGY_CAST_FLOAT32_DIAGNOSTIC_ONLY,CONTINUUM_REFERENCE_MINUS_LAMBDA_1_BASE_SPH,True,0.1,2.842170943040401e-15,0.0,0.0,2.498001805406602e-16,1.942890293094024e-16,2.498001805406602e-16,2.220446049250313e-16,0.0,3.3140157285060924e-15,0.0,True,2.149845841458404e-06,0.01,2.842170943040401e-16,0.0,0.0,0.0,0.0,0.0,0.0,0.0,2.842170943040401e-16,0.0,True,0.0,0.14717775630593463,4.183043424346085e-15,5.551115123125783e-17,0.0,6.938893903907228e-17,5.4860629927766524e-17,6.938893903907228e-17,9.71445146547012e-17,0.0,4.4050880292711165e-15,1.0842021724855044e-19,True,0.016000925567874143,0.14717775630593463,4.183043424346085e-15,5.551115123125783e-17,0.0,6.938893903907228e-17,5.4860629927766524e-17,6.938893903907228e-17,9.71445146547012e-17,0.0,4.4050880292711165e-15,1.0842021724855044e-19,True,0.016000925567874143,H-MSO-01R-B,1c99103edaf76aa05915458fd498e07b1241e272,1.0,True,True,True,True,False,a4b7da1a9f6e4efab7ccbc9ec3bb5e4235a82aef30ce64017895df05ab1c2b01,False
124,HMSO01R_A|PRIMARY|F2|341793a8994d93b17446bf88fb7676243e144008987e9363494fcb9074bdb29d,F2,FOLD_1,HMSO01R_A|FIELD_LINEAGE|6918def6b8a6923e67fc2a25f9ee5a59a177f2b6c9bf8dfd922cd28ef3b4c287,576,False,True,True,True,True,True,1.3322676295501878e-15,True,True,46656,46656,True,True,True,True,2.262886615381181e-16,,True,True,0.0,9.90941615192445e-15,True,True,1.5521149200337092e-06,PRIMARY_TOPOLOGY_CAST_FLOAT32_DIAGNOSTIC_ONLY,CONTINUUM_REFERENCE_MINUS_LAMBDA_1_BASE_SPH,True,1.8768596728665021,5.3343560263854844e-14,0.0,0.0,8.881784197001252e-16,8.881784197001252e-16,8.881784197001252e-16,1.3322676295501878e-15,0.0,5.556400631310516e-14,0.0,True,0.15003522049813553,0.01,2.842170943040401e-16,0.0,0.0,0.0,0.0,0.0,0.0,0.0,2.842170943040401e-16,0.0,True,0.0,0.1569991909736958,4.46218538666289e-15,2.7755575615628914e-17,0.0,1.1102230246251565e-16,8.326672684688674e-17,1.1102230246251565e-16,2.1163626406917047e-16,0.0,4.812599528810205e-15,0.0,True,0.009731056282946385,0.1569991909736958,4.46218538666289e-15,2.7755575615628914e-17,0.0,1.1102230246251565e-16,8.326672684688674e-17,1.1102230246251565e-16,2.1163626406917047e-16,0.0,4.812599528810205e-15,0.0,True,0.009731056282946385,H-MSO-01R-B,1c99103edaf76aa05915458fd498e07b1241e272,1.0,True,True,True,True,False,a4b7da1a9f6e4efab7ccbc9ec3bb5e4235a82aef30ce64017895df05ab1c2b01,False
125,HMSO01R_A|PRIMARY|F2|3d84dd5ecc35ea2a4add3e7e791de239a311aee1c6bf59b0a8c2313207c95ec3,F2,FOLD_2,HMSO01R_A|FIELD_LINEAGE|15651b29629c1bcfb68ed12ef597d6352232a9bc607eac6bb7e574563cec2b00,576,False,True,True,True,True,True,1.0001087414820975e-16,True,True,16704,16704,True,True,True,True,3.898098030542072e-16,,True,True,0.0,4.082823223968139e-15,True,True,7.494762633945828e-08,PRIMARY_TOPOLOGY_CAST_FLOAT32_DIAGNOSTIC_ONLY,CONTINUUM_REFERENCE_MINUS_LAMBDA_1_BASE_SPH,True,0.1,2.842170943040401e-15,0.0,0.0,1.3877787807814457e-16,1.1102230246251565e-16,1.3877787807814457e-16,1.3877787807814457e-16,0.0,3.11972669919669e-15,0.0,True,4.888600064737434e-05,0.01,2.842170943040401e-16,0.0,0.0,0.0,0.0,0.0,0.0,0.0,2.842170943040401e-16,0.0,True,0.0,0.05785361777375983,1.6442987138634587e-15,2.0816681711721685e-17,0.0,4.683753385137379e-17,4.336808689942018e-17,4.683753385137379e-17,1.8735013540549517e-16,0.0,1.8993030648320493e-15,2.710505431213761e-20,True,0.001775793869952015,0.05785361777375983,1.6442987138634587e-15,2.0816681711721685e-17,0.0,4.683753385137379e-17,4.336808689942018e-17,4.683753385137379e-17,1.8735013540549517e-16,0.0,1.8993030648320493e-15,2.710505431213761e-20,True,0.001775793869952015,H-MSO-01R-B,1c99103edaf76aa05915458fd498e07b1241e272,1.0,True,True,True,True,False,a4b7da1a9f6e4efab7ccbc9ec3bb5e4235a82aef30ce64017895df05ab1c2b01,False
126,HMSO01R_A|PRIMARY|F2|fddef6d439eb0c020be984164c7083d125cd4fdc76722f369b1a92c7eb6363b8,F2,FOLD_2,HMSO01R_A|FIELD_LINEAGE|81c7292472bf739bf28836ff17c69dda49199278b75cd9c66130df6be7c143fb,576,False,True,True,True,True,True,0.0,True,True,16704,16704,True,True,True,True,2.805134641224113e-16,,True,True,0.0,9.111666364774952e-13,True,True,1.2213569930530355e-05,PRIMARY_TOPOLOGY_CAST_FLOAT32_DIAGNOSTIC_ONLY,CONTINUUM_REFERENCE_MINUS_LAMBDA_1_BASE_SPH,True,0.1,2.842170943040401e-15,0.0,0.0,0.0,0.0,0.0,0.0,0.0,2.842170943040401e-15,0.0,True,0.0,12.665037986376857,3.599620295738321e-13,3.552713678800501e-15,0.0,2.398081733190338e-14,1.887379141862766e-14,2.398081733190338e-14,6.794564910705958e-14,0.0,4.554412096915956e-13,0.0,True,0.6876852389234779,0.01,2.842170943040401e-16,0.0,0.0,0.0,0.0,0.0,0.0,0.0,2.842170943040401e-16,0.0,True,0.0,12.665037986376857,3.599620295738321e-13,3.552713678800501e-15,0.0,2.398081733190338e-14,1.887379141862766e-14,2.398081733190338e-14,6.794564910705958e-14,0.0,4.554412096915956e-13,0.0,True,0.6876852389234779,H-MSO-01R-B,1c99103edaf76aa05915458fd498e07b1241e272,1.0,True,True,True,True,False,a4b7da1a9f6e4efab7ccbc9ec3bb5e4235a82aef30ce64017895df05ab1c2b01,False
127,HMSO01R_A|PRIMARY|F2|99abe18bbb4ec9cf8662a1ee4faaed022570139cf8e65d88d42fa7668ef66902,F2,FOLD_3,HMSO01R_A|FIELD_LINEAGE|4666d705aea26a6f22073d7a13f6e76c36824d125314c031a782f73ac5ba6779,576,False,True,True,True,True,True,2.7755575615628914e-16,True,True,46656,46656,True,True,True,True,3.771707941780837e-16,,True,True,0.0,4.6823662296712496e-15,True,True,6.447222101746419e-07,PRIMARY_TOPOLOGY_CAST_FLOAT32_DIAGNOSTIC_ONLY,CONTINUUM_REFERENCE_MINUS_LAMBDA_1_BASE_SPH,True,0.6476250486778738,1.840661095337378e-14,1.1102230246251565e-16,0.0,2.220446049250313e-16,1.6653345369377348e-16,2.220446049250313e-16,2.220446049250313e-16,0.0,1.896172246568636e-14,0.0,True,0.08279118198609313,0.01,2.842170943040401e-16,0.0,0.0,0.0,0.0,0.0,0.0,0.0,2.842170943040401e-16,0.0,True,0.0,0.07358887815296732,2.0915217121730426e-15,2.7755575615628914e-17,0.0,3.122502256758253e-17,2.7430314963883262e-17,3.122502256758253e-17,4.85722573273506e-17,0.0,2.1990745676836046e-15,5.421010862427522e-20,True,0.008000462783937071,0.07358887815296732,2.0915217121730426e-15,2.7755575615628914e-17,0.0,3.122502256758253e-17,2.7430314963883262e-17,3.122502256758253e-17,4.85722573273506e-17,0.0,2.1990745676836046e-15,5.421010862427522e-20,True,0.008000462783937071,H-MSO-01R-B,1c99103edaf76aa05915458fd498e07b1241e272,1.0,True,True,True,True,False,a4b7da1a9f6e4efab7ccbc9ec3bb5e4235a82aef30ce64017895df05ab1c2b01,False
128,HMSO01R_A|PRIMARY|F2|78acf888fc653c06ca68eb940d4f98d1964ef008d11cd2138965981b7dc3b312,F2,FOLD_2,HMSO01R_A|FIELD_LINEAGE|292cdf1c570d6fb417a11eb6a7d4d830f9162a0bf0e09496e15edbaa84e1f3f4,576,False,True,True,True,True,True,0.0,True,True,46656,46656,True,True,True,True,1.417881707117974e-16,,True,True,0.0,2.0385640603133437e-13,True,True,4.03393749259795e-06,PRIMARY_TOPOLOGY_CAST_FLOAT32_DIAGNOSTIC_ONLY,CONTINUUM_REFERENCE_MINUS_LAMBDA_1_BASE_SPH,True,0.1,2.842170943040401e-15,0.0,0.0,0.0,0.0,0.0,0.0,0.0,2.842170943040401e-15,0.0,True,0.0,3.1320610712492423,8.901852968532587e-14,4.440892098500626e-16,0.0,5.329070518200751e-15,5.329070518200751e-15,5.329070518200751e-15,6.994405055138486e-15,0.0,1.0178609446851517e-13,0.0,True,0.37516021959830836,0.01,2.842170943040401e-16,0.0,0.0,0.0,0.0,0.0,0.0,0.0,2.842170943040401e-16,0.0,True,0.0,3.1320610712492423,8.901852968532587e-14,4.440892098500626e-16,0.0,5.329070518200751e-15,5.329070518200751e-15,5.329070518200751e-15,6.994405055138486e-15,0.0,1.0178609446851517e-13,0.0,True,0.37516021959830836,H-MSO-01R-B,1c99103edaf76aa05915458fd498e07b1241e272,1.0,True,True,True,True,False,a4b7da1a9f6e4efab7ccbc9ec3bb5e4235a82aef30ce64017895df05ab1c2b01,False
129,HMSO01R_A|PRIMARY|F2|244d674d82586d5c27efcb5cf76f1db16e66295a7fd417ef250a1b7281a36490,F2,FOLD_5,HMSO01R_A|FIELD_LINEAGE|b2211d9018dde472457c7d9570d8b744ae480cbc84526fced16d30cb565fdb61,576,False,True,True,True,True,True,0.0,True,True,16704,16704,True,True,True,True,1.410203764052589e-16,,True,True,0.0,4.4800302415434074e-13,True,True,6.257035300327729e-06,PRIMARY_TOPOLOGY_CAST_FLOAT32_DIAGNOSTIC_ONLY,CONTINUUM_REFERENCE_MINUS_LAMBDA_1_BASE_SPH,True,0.1,2.842170943040401e-15,0.0,0.0,0.0,0.0,0.0,0.0,0.0,2.842170943040401e-15,0.0,True,0.0,6.2982275493841575,1.7900639333516203e-13,8.881784197001252e-16,0.0,1.199040866595169e-14,8.770761894538737e-15,1.199040866595169e-14,3.197442310920451e-14,0.0,2.2385940353001836e-13,0.0,True,0.332869417476175,0.01,2.842170943040401e-16,0.0,0.0,0.0,0.0,0.0,0.0,0.0,2.842170943040401e-16,0.0,True,0.0,6.2982275493841575,1.7900639333516203e-13,8.881784197001252e-16,0.0,1.199040866595169e-14,8.770761894538737e-15,1.199040866595169e-14,3.197442310920451e-14,0.0,2.2385940353001836e-13,0.0,True,0.332869417476175,H-MSO-01R-B,1c99103edaf76aa05915458fd498e07b1241e272,1.0,True,True,True,True,False,a4b7da1a9f6e4efab7ccbc9ec3bb5e4235a82aef30ce64017895df05ab1c2b01,False
130,HMSO01R_A|PRIMARY|F2|6ec22863c33aa350034af595f655985a633a3c7f1e805555c956b54b0133a73f,F2,FOLD_1,HMSO01R_A|FIELD_LINEAGE|e1bd95fcd7aed1a8bde13393ae7d4a98eff10f4a52c1bdfb2e54f1dd690c54dd,576,False,True,True,True,True,True,5.551115123125783e-16,True,True,16704,16704,True,True,True,True,3.9303661079631164e-16,,True,True,0.0,7.811950898066583e-15,True,True,1.8276279994539069e-06,PRIMARY_TOPOLOGY_CAST_FLOAT32_DIAGNOSTIC_ONLY,CONTINUUM_REFERENCE_MINUS_LAMBDA_1_BASE_SPH,True,1.129892731749126,3.211348290929908e-14,4.440892098500626e-16,0.0,4.440892098500626e-16,4.440892098500626e-16,4.440892098500626e-16,8.881784197001252e-16,0.0,3.388983974869933e-14,0.0,True,0.04561086833983895,0.01,2.842170943040401e-16,0.0,0.0,0.0,0.0,0.0,0.0,0.0,2.842170943040401e-16,0.0,True,0.0,0.11448495763112998,3.25385819994409e-15,4.163336342344337e-17,0.0,9.367506770274758e-17,6.938893903907228e-17,9.367506770274758e-17,3.7470027081099033e-16,0.0,3.7638669018812715e-15,5.421010862427522e-20,True,0.0035515877399040297,0.11448495763112998,3.25385819994409e-15,4.163336342344337e-17,0.0,9.367506770274758e-17,6.938893903907228e-17,9.367506770274758e-17,3.7470027081099033e-16,0.0,3.7638669018812715e-15,5.421010862427522e-20,True,0.0035515877399040297,H-MSO-01R-B,1c99103edaf76aa05915458fd498e07b1241e272,1.0,True,True,True,True,False,a4b7da1a9f6e4efab7ccbc9ec3bb5e4235a82aef30ce64017895df05ab1c2b01,False
131,HMSO01R_A|PRIMARY|F2|c2c1b0c4ac31440c4abeb49e8d993ffe64e79f579434d4eba55dfaf82ae2e796,F2,FOLD_4,HMSO01R_A|FIELD_LINEAGE|a2bcc80ca3b9ebb8f54401e7b09de472e9adbce971c85048bd40ce15be44ea6a,576,False,True,True,True,True,True,1.3322676295501878e-15,True,True,28224,28224,True,True,True,True,3.771707941780837e-16,,True,True,0.0,1.809885824069791e-14,True,True,2.521852582537676e-06,PRIMARY_TOPOLOGY_CAST_FLOAT32_DIAGNOSTIC_ONLY,CONTINUUM_REFERENCE_MINUS_LAMBDA_1_BASE_SPH,True,2.5905001947114954,7.362644381349513e-14,4.440892098500626e-16,0.0,8.881784197001252e-16,6.661338147750939e-16,8.881784197001252e-16,8.881784197001252e-16,0.0,7.584688986274544e-14,0.0,True,0.22643186424535242,0.01,2.842170943040401e-16,0.0,0.0,0.0,0.0,0.0,0.0,0.0,2.842170943040401e-16,0.0,True,0.0,0.29435551261186926,8.36608684869217e-15,1.1102230246251565e-16,0.0,1.249000902703301e-16,1.1102230246251565e-16,1.249000902703301e-16,3.0531133177191805e-16,0.0,8.907320573196934e-15,5.421010862427522e-20,True,0.021598640084160573,0.29435551261186926,8.36608684869217e-15,1.1102230246251565e-16,0.0,1.249000902703301e-16,1.1102230246251565e-16,1.249000902703301e-16,3.0531133177191805e-16,0.0,8.907320573196934e-15,5.421010862427522e-20,True,0.021598640084160573,H-MSO-01R-B,1c99103edaf76aa05915458fd498e07b1241e272,1.0,True,True,True,True,False,a4b7da1a9f6e4efab7ccbc9ec3bb5e4235a82aef30ce64017895df05ab1c2b01,False
132,HMSO01R_A|PRIMARY|F2|3e9109911fd666447f5ea379b1ac808462eb3949899a35697643d2bf2f340a2e,F2,FOLD_5,HMSO01R_A|FIELD_LINEAGE|0183a54dead296f9ee3dee43dc4041188299c7e551f4c9c6bfbe94dc055e54ad,576,False,True,True,True,True,True,0.0,True,True,46656,46656,True,True,True,True,1.420353733629181e-16,,True,True,0.0,8.106689932947054e-13,True,True,1.4312245772529764e-05,PRIMARY_TOPOLOGY_CAST_FLOAT32_DIAGNOSTIC_ONLY,CONTINUUM_REFERENCE_MINUS_LAMBDA_1_BASE_SPH,True,0.1,2.842170943040401e-15,0.0,0.0,0.0,0.0,0.0,0.0,0.0,2.842170943040401e-15,0.0,True,0.0,12.506439750479883,3.5545439659699363e-13,1.7763568394002505e-15,0.0,2.398081733190338e-14,1.9095836023552692e-14,2.398081733190338e-14,2.398081733190338e-14,0.0,4.0519238810020065e-13,0.0,True,1.5049880129239184,0.01,2.842170943040401e-16,0.0,0.0,0.0,0.0,0.0,0.0,0.0,2.842170943040401e-16,0.0,True,0.0,12.506439750479883,3.5545439659699363e-13,1.7763568394002505e-15,0.0,2.398081733190338e-14,1.9095836023552692e-14,2.398081733190338e-14,2.398081733190338e-14,0.0,4.0519238810020065e-13,0.0,True,1.5049880129239184,H-MSO-01R-B,1c99103edaf76aa05915458fd498e07b1241e272,1.0,True,True,True,True,False,a4b7da1a9f6e4efab7ccbc9ec3bb5e4235a82aef30ce64017895df05ab1c2b01,False
133,HMSO01R_A|PRIMARY|F2|53c2cc70af29de18dbc1eef7a6c39f527fe2de29047950a02af19de34f4a6d0a,F2,FOLD_2,HMSO01R_A|FIELD_LINEAGE|06c5b0d79a6fc40df74bc047659e629ea096b0eb47ce7956bd3f7d012a8211c7,576,False,True,True,True,True,True,1.5612511283791264e-17,True,True,28224,28224,True,True,True,True,2.262886615381181e-16,,True,True,0.0,2.7581710742722378e-15,True,True,3.91977269566246e-08,PRIMARY_TOPOLOGY_CAST_FLOAT32_DIAGNOSTIC_ONLY,CONTINUUM_REFERENCE_MINUS_LAMBDA_1_BASE_SPH,True,0.1,2.842170943040401e-15,0.0,0.0,2.0162772276441365e-17,1.1923682798498786e-17,2.0162772276441365e-17,9.394611824586896e-17,0.0,2.9562798335627112e-15,0.0,True,3.137716331753843e-17,0.01,2.842170943040401e-16,0.0,0.0,0.0,0.0,0.0,0.0,0.0,2.842170943040401e-16,0.0,True,0.0,0.03924979774342395,1.1155463466657224e-15,6.938893903907228e-18,0.0,2.0816681711721685e-17,1.3877787807814457e-17,2.0816681711721685e-17,9.367506770274758e-17,0.0,1.236976989984099e-15,0.0,True,0.0016251757993003065,0.03924979774342395,1.1155463466657224e-15,6.938893903907228e-18,0.0,2.0816681711721685e-17,1.3877787807814457e-17,2.0816681711721685e-17,9.367506770274758e-17,0.0,1.236976989984099e-15,0.0,True,0.0016251757993003065,H-MSO-01R-B,1c99103edaf76aa05915458fd498e07b1241e272,1.0,True,True,True,True,False,a4b7da1a9f6e4efab7ccbc9ec3bb5e4235a82aef30ce64017895df05ab1c2b01,False
134,HMSO01R_A|PRIMARY|F2|5c4af0ab896c03fc7e1a2d5070136892e3faab09da4944d75c188e5f2b791d01,F2,FOLD_5,HMSO01R_A|FIELD_LINEAGE|b914e9e8b47652c007a545bd9a5f60dbdaba2b957df3f42cdec4c8edb98e6d53,576,False,True,True,True,True,True,0.0,True,True,46656,46656,True,True,True,True,1.419847650237806e-16,,True,True,0.0,1.0361238966027689e-13,True,True,1.5246742863794793e-06,PRIMARY_TOPOLOGY_CAST_FLOAT32_DIAGNOSTIC_ONLY,CONTINUUM_REFERENCE_MINUS_LAMBDA_1_BASE_SPH,True,0.1,2.842170943040401e-15,0.0,0.0,0.0,0.0,0.0,0.0,0.0,2.842170943040401e-15,0.0,True,0.0,1.5638621854101158,4.444763662292291e-14,2.220446049250313e-16,0.0,2.9976021664879227e-15,2.4424906541753444e-15,2.9976021664879227e-15,3.9968028886505635e-15,0.0,5.1664086282986426e-14,0.0,True,0.18755304500089992,0.01,2.842170943040401e-16,0.0,0.0,0.0,0.0,0.0,0.0,0.0,2.842170943040401e-16,0.0,True,0.0,1.5638621854101158,4.444763662292291e-14,2.220446049250313e-16,0.0,2.9976021664879227e-15,2.4424906541753444e-15,2.9976021664879227e-15,3.9968028886505635e-15,0.0,5.1664086282986426e-14,0.0,True,0.18755304500089992,H-MSO-01R-B,1c99103edaf76aa05915458fd498e07b1241e272,1.0,True,True,True,True,False,a4b7da1a9f6e4efab7ccbc9ec3bb5e4235a82aef30ce64017895df05ab1c2b01,False
135,HMSO01R_A|PRIMARY|F2|1a5782df378e38739791edf0212c303606d566a73b3ced31f13850ede81428ff,F2,FOLD_3,HMSO01R_A|FIELD_LINEAGE|42e50ef40056d389a76817004688f104ee3861e2ea394e0b7ded0e04dbc7e54e,576,False,True,True,True,True,True,4.440892098500626e-16,True,True,28224,28224,True,True,True,True,3.5258793365151383e-16,,True,True,0.0,5.287998065352413e-15,True,True,6.234474463351347e-07,PRIMARY_TOPOLOGY_CAST_FLOAT32_DIAGNOSTIC_ONLY,CONTINUUM_REFERENCE_MINUS_LAMBDA_1_BASE_SPH,True,0.9405050681825522,2.6730761765706808e-14,0.0,0.0,4.440892098500626e-16,3.3306690738754696e-16,4.440892098500626e-16,4.440892098500626e-16,0.0,2.7618940185406933e-14,0.0,True,0.049950309181251956,0.01,2.842170943040401e-16,0.0,0.0,0.0,0.0,0.0,0.0,0.0,2.842170943040401e-16,0.0,True,0.0,0.07871958444006652,2.237345155437723e-15,2.7755575615628914e-17,0.0,4.163336342344337e-17,4.163336342344337e-17,4.163336342344337e-17,1.951563910473908e-16,0.0,2.5018904855241863e-15,0.0,True,0.003250351598600617,0.07871958444006652,2.237345155437723e-15,2.7755575615628914e-17,0.0,4.163336342344337e-17,4.163336342344337e-17,4.163336342344337e-17,1.951563910473908e-16,0.0,2.5018904855241863e-15,0.0,True,0.003250351598600617,H-MSO-01R-B,1c99103edaf76aa05915458fd498e07b1241e272,1.0,True,True,True,True,False,a4b7da1a9f6e4efab7ccbc9ec3bb5e4235a82aef30ce64017895df05ab1c2b01,False
136,HMSO01R_A|PRIMARY|F2|ba00ef884a5bf7ea7e26266655c75cf5dc8311edf7b421c6f656794c4537b080,F2,FOLD_5,HMSO01R_A|FIELD_LINEAGE|14fde0d6f8e15a741b90398f93d73484586c3eb3479f620760208e87c5b3db6c,576,False,True,True,True,True,True,1.3877787807814457e-16,True,True,16704,16704,True,True,True,True,2.8673405268644766e-16,,True,True,0.0,2.5870041720938203e-15,True,True,3.624729434242857e-07,PRIMARY_TOPOLOGY_CAST_FLOAT32_DIAGNOSTIC_ONLY,CONTINUUM_REFERENCE_MINUS_LAMBDA_1_BASE_SPH,True,0.3207653078160068,9.116698374100645e-15,5.551115123125783e-17,0.0,8.326672684688674e-17,8.326672684688674e-17,8.326672684688674e-17,2.220446049250313e-16,0.0,9.477520857103821e-15,0.0,True,0.017915284919490387,0.01,2.842170943040401e-16,0.0,0.0,0.0,0.0,0.0,0.0,0.0,2.842170943040401e-16,0.0,True,0.0,0.036299632911904876,1.0316976190524905e-15,1.0408340855860843e-17,0.0,1.9081958235744878e-17,1.3877787807814457e-17,1.9081958235744878e-17,9.020562075079397e-17,0.0,1.1513935388948902e-15,1.3552527156068805e-20,True,0.001781187736392465,0.036299632911904876,1.0316976190524905e-15,1.0408340855860843e-17,0.0,1.9081958235744878e-17,1.3877787807814457e-17,1.9081958235744878e-17,9.020562075079397e-17,0.0,1.1513935388948902e-15,1.3552527156068805e-20,True,0.001781187736392465,H-MSO-01R-B,1c99103edaf76aa05915458fd498e07b1241e272,1.0,True,True,True,True,False,a4b7da1a9f6e4efab7ccbc9ec3bb5e4235a82aef30ce64017895df05ab1c2b01,False
137,HMSO01R_A|PRIMARY|F2|173e86dcd59c309d6aa4e43dd7ef85ce6126ebb3f802053fbaab70edbb203555,F2,FOLD_1,HMSO01R_A|FIELD_LINEAGE|f2247a8dfd61c19acaf6609654c9c6098f254569cd75ef6a5201803913aa1c00,576,False,True,True,True,True,True,5.0005437074104875e-17,True,True,16704,16704,True,True,True,True,3.898098030542072e-16,,True,True,0.0,2.1800507121841356e-15,True,True,3.747381316972914e-08,PRIMARY_TOPOLOGY_CAST_FLOAT32_DIAGNOSTIC_ONLY,CONTINUUM_REFERENCE_MINUS_LAMBDA_1_BASE_SPH,True,0.1,2.842170943040401e-15,0.0,0.0,5.551115123125783e-17,5.551115123125783e-17,5.551115123125783e-17,6.938893903907228e-17,0.0,2.967071033310731e-15,0.0,True,2.444300032368717e-05,0.01,2.842170943040401e-16,0.0,0.0,0.0,0.0,0.0,0.0,0.0,2.842170943040401e-16,0.0,True,0.0,0.028926808886879915,8.221493569317293e-16,1.0408340855860843e-17,0.0,2.0816681711721685e-17,2.168404344971009e-17,2.168404344971009e-17,9.367506770274758e-17,0.0,9.479168089400478e-16,1.3552527156068805e-20,True,0.0008878969349760075,0.028926808886879915,8.221493569317293e-16,1.0408340855860843e-17,0.0,2.0816681711721685e-17,2.168404344971009e-17,2.168404344971009e-17,9.367506770274758e-17,0.0,9.479168089400478e-16,1.3552527156068805e-20,True,0.0008878969349760075,H-MSO-01R-B,1c99103edaf76aa05915458fd498e07b1241e272,1.0,True,True,True,True,False,a4b7da1a9f6e4efab7ccbc9ec3bb5e4235a82aef30ce64017895df05ab1c2b01,False
138,HMSO01R_A|PRIMARY|F2|49b1bb175e5832181d45f528b2b9591200fbe142eca9716787677e89238cbd10,F2,FOLD_4,HMSO01R_A|FIELD_LINEAGE|a2187a6938903010b61ee85d06f597d4029728ee0de5541c03daf2ed126b189e,576,False,True,True,True,True,True,0.0,True,True,16704,16704,True,True,True,True,1.8899595661323786e-16,,True,True,0.0,3.149349797813774e-13,True,True,4.857745184772e-06,PRIMARY_TOPOLOGY_CAST_FLOAT32_DIAGNOSTIC_ONLY,CONTINUUM_REFERENCE_MINUS_LAMBDA_1_BASE_SPH,True,0.1,2.842170943040401e-15,0.0,0.0,0.0,0.0,0.0,0.0,0.0,2.842170943040401e-15,0.0,True,0.0,4.699457256208382,1.3356660861655832e-13,8.881784197001252e-16,0.0,5.995204332975845e-15,4.107825191113079e-15,5.995204332975845e-15,1.687538997430238e-14,0.0,1.5732538134353667e-13,6.938893903907228e-18,True,0.22845054686203686,0.01,2.842170943040401e-16,0.0,0.0,0.0,0.0,0.0,0.0,0.0,2.842170943040401e-16,0.0,True,0.0,4.699457256208382,1.3356660861655832e-13,8.881784197001252e-16,0.0,5.995204332975845e-15,4.107825191113079e-15,5.995204332975845e-15,1.687538997430238e-14,0.0,1.5732538134353667e-13,6.938893903907228e-18,True,0.22845054686203686,H-MSO-01R-B,1c99103edaf76aa05915458fd498e07b1241e272,1.0,True,True,True,True,False,a4b7da1a9f6e4efab7ccbc9ec3bb5e4235a82aef30ce64017895df05ab1c2b01,False
139,HMSO01R_A|PRIMARY|F2|fc4b57a5c40354268856c01fc76d3319239dd5d9dd20c90e80fe43c264e9267b,F2,FOLD_2,HMSO01R_A|FIELD_LINEAGE|15651b29629c1bcfb68ed12ef597d6352232a9bc607eac6bb7e574563cec2b00,576,False,True,True,True,True,True,1.252151865267087e-16,True,True,28224,28224,True,True,True,True,3.898098030542072e-16,,True,True,0.0,3.8711869598989685e-15,True,True,7.909953613632892e-08,PRIMARY_TOPOLOGY_CAST_FLOAT32_DIAGNOSTIC_ONLY,CONTINUUM_REFERENCE_MINUS_LAMBDA_1_BASE_SPH,True,0.1,2.842170943040401e-15,0.0,0.0,1.3877787807814457e-16,1.3877787807814457e-16,1.3877787807814457e-16,1.6653345369377348e-16,0.0,3.147482274812319e-15,0.0,True,1.774670977988737e-06,0.01,2.842170943040401e-16,0.0,0.0,0.0,0.0,0.0,0.0,0.0,2.842170943040401e-16,0.0,True,0.0,0.05785361777375983,1.6442987138634587e-15,2.0816681711721685e-17,0.0,3.122502256758253e-17,2.7755575615628914e-17,3.122502256758253e-17,9.71445146547012e-17,0.0,1.793484932797464e-15,2.710505431213761e-20,True,0.0025299925253972487,0.05785361777375983,1.6442987138634587e-15,2.0816681711721685e-17,0.0,3.122502256758253e-17,2.7755575615628914e-17,3.122502256758253e-17,9.71445146547012e-17,0.0,1.793484932797464e-15,2.710505431213761e-20,True,0.0025299925253972487,H-MSO-01R-B,1c99103edaf76aa05915458fd498e07b1241e272,1.0,True,True,True,True,False,a4b7da1a9f6e4efab7ccbc9ec3bb5e4235a82aef30ce64017895df05ab1c2b01,False
140,HMSO01R_A|PRIMARY|F2|9dfe0eca8bbebcdc4a1978a54e0816482c15911908fdfbb31569d5a214e9872c,F2,FOLD_3,HMSO01R_A|FIELD_LINEAGE|5851badadb2dbcb7aa9bd12e7e1999f87fd380febbee831ba86fec2a8906fa0a,576,False,True,True,True,True,True,0.0,True,True,16704,16704,True,True,True,True,2.864169893549426e-16,,True,True,0.0,1.2177841929397425e-12,True,True,4.548165123963166e-05,PRIMARY_TOPOLOGY_CAST_FLOAT32_DIAGNOSTIC_ONLY,CONTINUUM_REFERENCE_MINUS_LAMBDA_1_BASE_SPH,True,0.1,2.842170943040401e-15,0.0,0.0,0.0,0.0,0.0,0.0,0.0,2.842170943040401e-15,0.0,True,0.0,18.60598608414494,5.28813930149708e-13,5.329070518200751e-15,0.0,1.5987211554602254e-14,1.509903313490213e-14,1.5987211554602254e-14,5.861977570020827e-14,0.0,6.087499879227193e-13,2.7755575615628914e-17,True,0.9373035626079969,0.01,2.842170943040401e-16,0.0,0.0,0.0,0.0,0.0,0.0,0.0,2.842170943040401e-16,0.0,True,0.0,18.60598608414494,5.28813930149708e-13,5.329070518200751e-15,0.0,1.5987211554602254e-14,1.509903313490213e-14,1.5987211554602254e-14,5.861977570020827e-14,0.0,6.087499879227193e-13,2.7755575615628914e-17,True,0.9373035626079969,H-MSO-01R-B,1c99103edaf76aa05915458fd498e07b1241e272,1.0,True,True,True,True,False,a4b7da1a9f6e4efab7ccbc9ec3bb5e4235a82aef30ce64017895df05ab1c2b01,False
141,HMSO01R_A|PRIMARY|F2|895dd6678d4e24c9ca1d71d9c008f41366cf80a23cde2c2eb415309e3a867295,F2,FOLD_4,HMSO01R_A|FIELD_LINEAGE|9a24c02f87d28fecb69b79ddff22c8eb176badf445e6b5b8234aa2a46b73c349,576,False,True,True,True,True,True,5.2231439659489176e-17,True,True,16704,16704,True,True,True,True,3.771707941780837e-16,,True,True,0.0,4.933901133687887e-15,True,True,7.444525776932089e-08,PRIMARY_TOPOLOGY_CAST_FLOAT32_DIAGNOSTIC_ONLY,CONTINUUM_REFERENCE_MINUS_LAMBDA_1_BASE_SPH,True,0.1,2.842170943040401e-15,0.0,0.0,6.938893903907228e-17,5.551115123125783e-17,6.938893903907228e-17,1.8041124150158794e-16,0.0,3.091971123581061e-15,0.0,True,3.259066709825055e-05,0.01,2.842170943040401e-16,0.0,0.0,0.0,0.0,0.0,0.0,0.0,2.842170943040401e-16,0.0,True,0.0,0.07358887815296732,2.0915217121730426e-15,2.7755575615628914e-17,0.0,3.903127820947816e-17,2.7755575615628914e-17,3.903127820947816e-17,1.6653345369377348e-16,0.0,2.324842019691923e-15,1.3552527156068805e-20,True,0.0035623754727849124,0.07358887815296732,2.0915217121730426e-15,2.7755575615628914e-17,0.0,3.903127820947816e-17,2.7755575615628914e-17,3.903127820947816e-17,1.6653345369377348e-16,0.0,2.324842019691923e-15,1.3552527156068805e-20,True,0.0035623754727849124,H-MSO-01R-B,1c99103edaf76aa05915458fd498e07b1241e272,1.0,True,True,True,True,False,a4b7da1a9f6e4efab7ccbc9ec3bb5e4235a82aef30ce64017895df05ab1c2b01,False
142,HMSO01R_A|PRIMARY|F2|43400ba997c21fdce3f471265a500e4ce9576d1439d1f30fbef4c90e64fe3d8d,F2,FOLD_4,HMSO01R_A|FIELD_LINEAGE|191e9f46778b3758f1f78fde4f9e2a46913f5a82ffc9889aaa9e18e41d67ee0e,576,False,True,True,True,True,True,6.459134442582393e-17,True,True,28224,28224,True,True,True,True,3.9315500255453487e-16,,True,True,0.0,4.629393201845817e-15,True,True,7.522432958484426e-08,PRIMARY_TOPOLOGY_CAST_FLOAT32_DIAGNOSTIC_ONLY,CONTINUUM_REFERENCE_MINUS_LAMBDA_1_BASE_SPH,True,0.1,2.842170943040401e-15,0.0,0.0,8.326672684688674e-17,5.551115123125783e-17,8.326672684688674e-17,1.5265566588595902e-16,0.0,3.0780933357732467e-15,0.0,True,1.1831139853314607e-06,0.01,2.842170943040401e-16,0.0,0.0,0.0,0.0,0.0,0.0,0.0,2.842170943040401e-16,0.0,True,0.0,0.07059703026868878,2.006488280946109e-15,2.7755575615628914e-17,0.0,4.85722573273506e-17,3.469446951953614e-17,4.85722573273506e-17,8.977193988179977e-17,0.0,2.1725880537708885e-15,0.0,True,0.0053996600210401485,0.07059703026868878,2.006488280946109e-15,2.7755575615628914e-17,0.0,4.85722573273506e-17,3.469446951953614e-17,4.85722573273506e-17,8.977193988179977e-17,0.0,2.1725880537708885e-15,0.0,True,0.0053996600210401485,H-MSO-01R-B,1c99103edaf76aa05915458fd498e07b1241e272,1.0,True,True,True,True,False,a4b7da1a9f6e4efab7ccbc9ec3bb5e4235a82aef30ce64017895df05ab1c2b01,False
143,HMSO01R_A|PRIMARY|F2|bb71b018647a767eed8901cfe1bf61e2c7d8c0a7a0a327a2fa924dd359c71c26,F2,FOLD_5,HMSO01R_A|FIELD_LINEAGE|9c004dbe18905f4181f1a701e81649fc67e98b969674994e8f64827f6fb4c765,576,False,True,True,True,True,True,1.3877787807814457e-16,True,True,16704,16704,True,True,True,True,3.9303661079631164e-16,,True,True,0.0,2.1592116513407684e-15,True,True,4.569069998634767e-07,PRIMARY_TOPOLOGY_CAST_FLOAT32_DIAGNOSTIC_ONLY,CONTINUUM_REFERENCE_MINUS_LAMBDA_1_BASE_SPH,True,0.2824731829372815,8.02837072732477e-15,1.1102230246251565e-16,0.0,8.326672684688674e-17,1.1102230246251565e-16,1.1102230246251565e-16,2.220446049250313e-16,0.0,8.472459937174833e-15,0.0,True,0.011402717084959737,0.01,2.842170943040401e-16,0.0,0.0,0.0,0.0,0.0,0.0,0.0,2.842170943040401e-16,0.0,True,0.0,0.028621239407782495,8.134645499860225e-16,1.0408340855860843e-17,0.0,1.9949319973733282e-17,1.734723475976807e-17,1.9949319973733282e-17,9.367506770274758e-17,0.0,9.374972785183643e-16,1.3552527156068805e-20,True,0.0008878969349760074,0.028621239407782495,8.134645499860225e-16,1.0408340855860843e-17,0.0,1.9949319973733282e-17,1.734723475976807e-17,1.9949319973733282e-17,9.367506770274758e-17,0.0,9.374972785183643e-16,1.3552527156068805e-20,True,0.0008878969349760074,H-MSO-01R-B,1c99103edaf76aa05915458fd498e07b1241e272,1.0,True,True,True,True,False,a4b7da1a9f6e4efab7ccbc9ec3bb5e4235a82aef30ce64017895df05ab1c2b01,False
144,HMSO01R_A|PRIMARY|F2|8e8cf402dd59acdd5c95ee8fdb63bc03fad23d019d7276ca80115848d78c55ef,F2,FOLD_0,HMSO01R_A|FIELD_LINEAGE|8573999ac09da70da8d1802997d1dd1b2879d7ff239af35fb1a185a39cc1f420,576,False,True,True,True,True,True,5.551115123125783e-16,True,True,46656,46656,True,True,True,True,2.8673405268644766e-16,,True,True,0.0,8.981887256574027e-15,True,True,1.4663491617328273e-06,PRIMARY_TOPOLOGY_CAST_FLOAT32_DIAGNOSTIC_ONLY,CONTINUUM_REFERENCE_MINUS_LAMBDA_1_BASE_SPH,True,1.2830612312640273,3.646679349640258e-14,2.220446049250313e-16,0.0,4.440892098500626e-16,4.440892098500626e-16,4.440892098500626e-16,4.440892098500626e-16,0.0,3.757701652102774e-14,0.0,True,0.16558236397218623,0.01,2.842170943040401e-16,0.0,0.0,0.0,0.0,0.0,0.0,0.0,2.842170943040401e-16,0.0,True,0.0,0.1451985316476195,4.126790476209962e-15,4.163336342344337e-17,0.0,6.938893903907228e-17,6.245004513516506e-17,6.938893903907228e-17,1.1102230246251565e-16,0.0,4.348835081134993e-15,1.0842021724855044e-19,True,0.016000925567874157,0.1451985316476195,4.126790476209962e-15,4.163336342344337e-17,0.0,6.938893903907228e-17,6.245004513516506e-17,6.938893903907228e-17,1.1102230246251565e-16,0.0,4.348835081134993e-15,1.0842021724855044e-19,True,0.016000925567874157,H-MSO-01R-B,1c99103edaf76aa05915458fd498e07b1241e272,1.0,True,True,True,True,False,a4b7da1a9f6e4efab7ccbc9ec3bb5e4235a82aef30ce64017895df05ab1c2b01,False
145,HMSO01R_A|PRIMARY|F2|7b872968a13989e45fb2f3e89908ca2ac37f6ff5f28e567d6ec4465af3c38fe9,F2,FOLD_1,HMSO01R_A|FIELD_LINEAGE|20fd9f4e76cc9e98a79b808be25ffb0cc4d95c0522637973fd5963586426d614,576,False,True,True,True,True,True,5.635818417851213e-17,True,True,16704,16704,True,True,True,True,3.5920376166676267e-16,,True,True,0.0,2.2097434501221875e-15,True,True,3.101397266780381e-08,PRIMARY_TOPOLOGY_CAST_FLOAT32_DIAGNOSTIC_ONLY,CONTINUUM_REFERENCE_MINUS_LAMBDA_1_BASE_SPH,True,0.1,2.842170943040401e-15,0.0,0.0,5.551115123125783e-17,5.551115123125783e-17,5.551115123125783e-17,6.938893903907228e-17,0.0,2.967071033310731e-15,0.0,True,2.4443000323688138e-05,0.01,2.842170943040401e-16,0.0,0.0,0.0,0.0,0.0,0.0,0.0,2.842170943040401e-16,0.0,True,0.0,0.02897614659591671,8.235516189619349e-16,1.0408340855860843e-17,0.0,3.122502256758253e-17,2.211772431870429e-17,3.122502256758253e-17,9.75781955236954e-17,0.0,9.627631779090738e-16,0.0,True,0.0008878969349760076,0.02897614659591671,8.235516189619349e-16,1.0408340855860843e-17,0.0,3.122502256758253e-17,2.211772431870429e-17,3.122502256758253e-17,9.75781955236954e-17,0.0,9.627631779090738e-16,0.0,True,0.0008878969349760076,H-MSO-01R-B,1c99103edaf76aa05915458fd498e07b1241e272,1.0,True,True,True,True,False,a4b7da1a9f6e4efab7ccbc9ec3bb5e4235a82aef30ce64017895df05ab1c2b01,False
146,HMSO01R_A|PRIMARY|F2|4ccc4b5f9e495e2dea0d0bbe1112b687c163dc2990f14f3a9a8779a2febb23ca,F2,FOLD_0,HMSO01R_A|FIELD_LINEAGE|970bbd18dffee12c05308155c993436bfc58e77384e4967420f4e2e03156c88b,576,False,True,True,True,True,True,0.0,True,True,46656,46656,True,True,True,True,2.812172096797964e-16,,True,True,0.0,8.232117211137674e-13,True,True,1.2507878161649444e-05,PRIMARY_TOPOLOGY_CAST_FLOAT32_DIAGNOSTIC_ONLY,CONTINUUM_REFERENCE_MINUS_LAMBDA_1_BASE_SPH,True,0.1,2.842170943040401e-15,0.0,0.0,0.0,0.0,0.0,0.0,0.0,2.842170943040401e-15,0.0,True,0.0,12.633343751777295,3.590612252474243e-13,3.552713678800501e-15,0.0,1.5987211554602254e-14,1.687538997430238e-14,1.687538997430238e-14,3.197442310920451e-14,0.0,4.1146375200973167e-13,0.0,True,1.5049880129239077,0.01,2.842170943040401e-16,0.0,0.0,0.0,0.0,0.0,0.0,0.0,2.842170943040401e-16,0.0,True,0.0,12.633343751777295,3.590612252474243e-13,3.552713678800501e-15,0.0,1.5987211554602254e-14,1.687538997430238e-14,1.687538997430238e-14,3.197442310920451e-14,0.0,4.1146375200973167e-13,0.0,True,1.5049880129239077,H-MSO-01R-B,1c99103edaf76aa05915458fd498e07b1241e272,1.0,True,True,True,True,False,a4b7da1a9f6e4efab7ccbc9ec3bb5e4235a82aef30ce64017895df05ab1c2b01,False
147,HMSO01R_A|PRIMARY|F2|6fefe8e4f1094c859a846ee88db724abc280227b36323f72927db524e29383b7,F2,FOLD_0,HMSO01R_A|FIELD_LINEAGE|f0421338d311584916d83a8dd01c9f47b7707c5652d4192e1df422a2a9e7d57d,576,False,True,True,True,True,True,8.881784197001252e-16,True,True,28224,28224,True,True,True,True,3.9315500255453487e-16,,True,True,0.0,1.7553899222008632e-14,True,True,2.254469165241524e-06,PRIMARY_TOPOLOGY_CAST_FLOAT32_DIAGNOSTIC_ONLY,CONTINUUM_REFERENCE_MINUS_LAMBDA_1_BASE_SPH,True,2.503403680423964,7.115101199201387e-14,4.440892098500626e-16,0.0,8.881784197001252e-16,8.881784197001252e-16,8.881784197001252e-16,8.881784197001252e-16,0.0,7.337145804126419e-14,0.0,True,0.22643186424535253,0.01,2.842170943040401e-16,0.0,0.0,0.0,0.0,0.0,0.0,0.0,2.842170943040401e-16,0.0,True,0.0,0.28238812107475514,8.025953123784437e-15,1.1102230246251565e-16,0.0,1.249000902703301e-16,1.3877787807814457e-16,1.3877787807814457e-16,3.5908775952719907e-16,0.0,8.634841063852296e-15,0.0,True,0.021598640084160594,0.28238812107475514,8.025953123784437e-15,1.1102230246251565e-16,0.0,1.249000902703301e-16,1.3877787807814457e-16,1.3877787807814457e-16,3.5908775952719907e-16,0.0,8.634841063852296e-15,0.0,True,0.021598640084160594,H-MSO-01R-B,1c99103edaf76aa05915458fd498e07b1241e272,1.0,True,True,True,True,False,a4b7da1a9f6e4efab7ccbc9ec3bb5e4235a82aef30ce64017895df05ab1c2b01,False
148,HMSO01R_A|PRIMARY|F2|eb7b6ba03291aea589dda52a307711c5f6ee46f4eb37a5cd373f77c7f67863a7,F2,FOLD_2,HMSO01R_A|FIELD_LINEAGE|7f5e5896e83ee81bc858adc8fff5befe2b2c76e1183ff21435261a6621560b2c,576,False,True,True,True,True,True,0.0,True,True,16704,16704,True,True,True,True,2.124937875062542e-16,,True,True,0.0,5.469691585245756e-13,True,True,1.1283297590258812e-05,PRIMARY_TOPOLOGY_CAST_FLOAT32_DIAGNOSTIC_ONLY,CONTINUUM_REFERENCE_MINUS_LAMBDA_1_BASE_SPH,True,0.1,2.842170943040401e-15,0.0,0.0,0.0,0.0,0.0,0.0,0.0,2.842170943040401e-15,0.0,True,0.0,8.359570697322,2.375932893222057e-13,1.7763568394002505e-15,0.0,7.993605777301127e-15,5.88418203051333e-15,7.993605777301127e-15,2.5979218776228663e-14,0.0,2.7334247071513575e-13,6.938893903907228e-18,True,0.717517338522626,0.01,2.842170943040401e-16,0.0,0.0,0.0,0.0,0.0,0.0,0.0,2.842170943040401e-16,0.0,True,0.0,8.359570697322,2.375932893222057e-13,1.7763568394002505e-15,0.0,7.993605777301127e-15,5.88418203051333e-15,7.993605777301127e-15,2.5979218776228663e-14,0.0,2.7334247071513575e-13,6.938893903907228e-18,True,0.717517338522626,H-MSO-01R-B,1c99103edaf76aa05915458fd498e07b1241e272,1.0,True,True,True,True,False,a4b7da1a9f6e4efab7ccbc9ec3bb5e4235a82aef30ce64017895df05ab1c2b01,False
149,HMSO01R_A|PRIMARY|F2|04462d4167f9e6a289c93a4bb5aa1dea05cd96b3ea96571f0868e25ebc8d5f8e,F2,FOLD_5,HMSO01R_A|FIELD_LINEAGE|3e594f148c4f0181faaf58cc7906a2e9e8709c7be31e59cdc8bdd6b6b7c398a2,576,False,True,True,True,True,True,2.461731854605173e-17,True,True,46656,46656,True,True,True,True,3.5258793365151383e-16,,True,True,0.0,2.7071776616712815e-15,True,True,4.878244806716392e-08,PRIMARY_TOPOLOGY_CAST_FLOAT32_DIAGNOSTIC_ONLY,CONTINUUM_REFERENCE_MINUS_LAMBDA_1_BASE_SPH,True,0.1,2.842170943040401e-15,0.0,0.0,2.8965138664308054e-17,1.5272136387893044e-17,2.8965138664308054e-17,6.726796853914752e-17,0.0,2.9384040502438565e-15,0.0,True,2.697643303798767e-17,0.01,2.842170943040401e-16,0.0,0.0,0.0,0.0,0.0,0.0,0.0,2.842170943040401e-16,0.0,True,0.0,0.03935979222003326,1.1186725777188616e-15,1.3877787807814457e-17,0.0,2.42861286636753e-17,2.0816681711721685e-17,2.42861286636753e-17,5.4643789493269423e-17,0.0,1.2114802836836208e-15,0.0,True,0.0024327640707366015,0.03935979222003326,1.1186725777188616e-15,1.3877787807814457e-17,0.0,2.42861286636753e-17,2.0816681711721685e-17,2.42861286636753e-17,5.4643789493269423e-17,0.0,1.2114802836836208e-15,0.0,True,0.0024327640707366015,H-MSO-01R-B,1c99103edaf76aa05915458fd498e07b1241e272,1.0,True,True,True,True,False,a4b7da1a9f6e4efab7ccbc9ec3bb5e4235a82aef30ce64017895df05ab1c2b01,False
150,HMSO01R_A|PRIMARY|F2|4297699e347ed4806aabb29114fcd2781da12cb95ffcc5628fb9d70f665cdd4f,F2,FOLD_3,HMSO01R_A|FIELD_LINEAGE|4666d705aea26a6f22073d7a13f6e76c36824d125314c031a782f73ac5ba6779,576,False,True,True,True,True,True,3.3306690738754696e-16,True,True,16704,16704,True,True,True,True,3.771707941780837e-16,,True,True,0.0,4.918288622404095e-15,True,True,6.692960562992845e-07,PRIMARY_TOPOLOGY_CAST_FLOAT32_DIAGNOSTIC_ONLY,CONTINUUM_REFERENCE_MINUS_LAMBDA_1_BASE_SPH,True,0.6476250486778738,1.840661095337378e-14,1.1102230246251565e-16,0.0,2.220446049250313e-16,1.3877787807814457e-16,2.220446049250313e-16,4.440892098500626e-16,0.0,1.918376707061139e-14,0.0,True,0.035830569838980766,0.01,2.842170943040401e-16,0.0,0.0,0.0,0.0,0.0,0.0,0.0,2.842170943040401e-16,0.0,True,0.0,0.07358887815296732,2.0915217121730426e-15,2.7755575615628914e-17,0.0,3.122502256758253e-17,2.7755575615628914e-17,3.122502256758253e-17,1.6653345369377348e-16,0.0,2.3170357640500275e-15,1.3552527156068805e-20,True,0.0035623754727849124,0.07358887815296732,2.0915217121730426e-15,2.7755575615628914e-17,0.0,3.122502256758253e-17,2.7755575615628914e-17,3.122502256758253e-17,1.6653345369377348e-16,0.0,2.3170357640500275e-15,1.3552527156068805e-20,True,0.0035623754727849124,H-MSO-01R-B,1c99103edaf76aa05915458fd498e07b1241e272,1.0,True,True,True,True,False,a4b7da1a9f6e4efab7ccbc9ec3bb5e4235a82aef30ce64017895df05ab1c2b01,False
151,HMSO01R_A|PRIMARY|F2|e68e4a07fd36664d37b69ec67f5add124cad2d58918fe355b55ab2950f542dba,F2,FOLD_1,HMSO01R_A|FIELD_LINEAGE|6918def6b8a6923e67fc2a25f9ee5a59a177f2b6c9bf8dfd922cd28ef3b4c287,576,False,True,True,True,True,True,8.881784197001252e-16,True,True,28224,28224,True,True,True,True,2.262886615381181e-16,,True,True,0.0,1.0180033014176832e-14,True,True,1.665026019004312e-06,PRIMARY_TOPOLOGY_CAST_FLOAT32_DIAGNOSTIC_ONLY,CONTINUUM_REFERENCE_MINUS_LAMBDA_1_BASE_SPH,True,1.8768596728665021,5.3343560263854844e-14,0.0,0.0,8.881784197001252e-16,6.661338147750939e-16,8.881784197001252e-16,8.881784197001252e-16,0.0,5.5119917103255094e-14,0.0,True,0.09990061836250388,0.01,2.842170943040401e-16,0.0,0.0,0.0,0.0,0.0,0.0,0.0,2.842170943040401e-16,0.0,True,0.0,0.1569991909736958,4.46218538666289e-15,2.7755575615628914e-17,0.0,8.326672684688674e-17,5.551115123125783e-17,8.326672684688674e-17,3.7470027081099033e-16,0.0,4.947907959936396e-15,0.0,True,0.006500703197201226,0.1569991909736958,4.46218538666289e-15,2.7755575615628914e-17,0.0,8.326672684688674e-17,5.551115123125783e-17,8.326672684688674e-17,3.7470027081099033e-16,0.0,4.947907959936396e-15,0.0,True,0.006500703197201226,H-MSO-01R-B,1c99103edaf76aa05915458fd498e07b1241e272,1.0,True,True,True,True,False,a4b7da1a9f6e4efab7ccbc9ec3bb5e4235a82aef30ce64017895df05ab1c2b01,False
152,HMSO01R_A|PRIMARY|F2|4712b26cd9c8f9315534de7184e7f01d6136b8f8799924f91d07bfdfeaa3ef4b,F2,FOLD_1,HMSO01R_A|FIELD_LINEAGE|7cb12f064a9c8069fd15f2a86fa0ddd017328ca5cc4b0fc515bbfbdd4c6e6858,576,False,True,True,True,True,True,1.3322676295501878e-15,True,True,46656,46656,True,True,True,True,3.9303661079631164e-16,,True,True,0.0,1.4437628494321187e-14,True,True,3.658765596881164e-06,PRIMARY_TOPOLOGY_CAST_FLOAT32_DIAGNOSTIC_ONLY,CONTINUUM_REFERENCE_MINUS_LAMBDA_1_BASE_SPH,True,2.259785463498252,6.422696581859816e-14,8.881784197001252e-16,0.0,1.1102230246251565e-15,8.881784197001252e-16,1.1102230246251565e-15,1.1102230246251565e-15,0.0,6.73355902875486e-14,0.0,True,0.21079321414237673,0.01,2.842170943040401e-16,0.0,0.0,0.0,0.0,0.0,0.0,0.0,2.842170943040401e-16,0.0,True,0.0,0.22896991526225996,6.50771639988818e-15,8.326672684688674e-17,0.0,2.0816681711721685e-16,1.5265566588595902e-16,2.0816681711721685e-16,2.7755575615628914e-16,0.0,7.076705700008573e-15,8.673617379884035e-19,True,0.01514030585053189,0.22896991526225996,6.50771639988818e-15,8.326672684688674e-17,0.0,2.0816681711721685e-16,1.5265566588595902e-16,2.0816681711721685e-16,2.7755575615628914e-16,0.0,7.076705700008573e-15,8.673617379884035e-19,True,0.01514030585053189,H-MSO-01R-B,1c99103edaf76aa05915458fd498e07b1241e272,1.0,True,True,True,True,False,a4b7da1a9f6e4efab7ccbc9ec3bb5e4235a82aef30ce64017895df05ab1c2b01,False
153,HMSO01R_A|PRIMARY|F2|870ff902b019e213bc644d7adb9a6788d1c2dc81205205d17418193ba8c3ba06,F2,FOLD_4,HMSO01R_A|FIELD_LINEAGE|3d33238d426baab3f4ff1c525309d0c0b825fb99fca42c8d1a5482ea92f2f1a6,576,False,True,True,True,True,True,0.0,True,True,28224,28224,True,True,True,True,2.8703452272266307e-16,,True,True,0.0,2.9209995052463795e-13,True,True,7.385725077635463e-06,PRIMARY_TOPOLOGY_CAST_FLOAT32_DIAGNOSTIC_ONLY,CONTINUUM_REFERENCE_MINUS_LAMBDA_1_BASE_SPH,True,0.1,2.842170943040401e-15,0.0,0.0,0.0,0.0,0.0,0.0,0.0,2.842170943040401e-15,0.0,True,0.0,4.64148917319414,1.3191905660488999e-13,1.3322676295501878e-15,0.0,3.774758283725532e-15,3.4416913763379853e-15,3.774758283725532e-15,8.881784197001252e-15,0.0,1.4590786671516696e-13,2.7755575615628914e-17,True,0.35266215248863314,0.01,2.842170943040401e-16,0.0,0.0,0.0,0.0,0.0,0.0,0.0,2.842170943040401e-16,0.0,True,0.0,4.64148917319414,1.3191905660488999e-13,1.3322676295501878e-15,0.0,3.774758283725532e-15,3.4416913763379853e-15,3.774758283725532e-15,8.881784197001252e-15,0.0,1.4590786671516696e-13,2.7755575615628914e-17,True,0.35266215248863314,H-MSO-01R-B,1c99103edaf76aa05915458fd498e07b1241e272,1.0,True,True,True,True,False,a4b7da1a9f6e4efab7ccbc9ec3bb5e4235a82aef30ce64017895df05ab1c2b01,False
154,HMSO01R_A|PRIMARY|F2|c97c32b32beaf7b49449c7dfac283e421732f48d3a1a0e8bae6822b2d18c979d,F2,FOLD_4,HMSO01R_A|FIELD_LINEAGE|a2187a6938903010b61ee85d06f597d4029728ee0de5541c03daf2ed126b189e,576,False,True,True,True,True,True,0.0,True,True,28224,28224,True,True,True,True,1.8899595661323786e-16,,True,True,0.0,2.9339665310364934e-13,True,True,4.996638706789014e-06,PRIMARY_TOPOLOGY_CAST_FLOAT32_DIAGNOSTIC_ONLY,CONTINUUM_REFERENCE_MINUS_LAMBDA_1_BASE_SPH,True,0.1,2.842170943040401e-15,0.0,0.0,0.0,0.0,0.0,0.0,0.0,2.842170943040401e-15,0.0,True,0.0,4.699457256208382,1.3356660861655832e-13,8.881784197001252e-16,0.0,4.9960036108132044e-15,3.3306690738754696e-15,4.9960036108132044e-15,7.105427357601002e-15,0.0,1.4655621800467265e-13,1.3877787807814457e-17,True,0.3526621524886312,0.01,2.842170943040401e-16,0.0,0.0,0.0,0.0,0.0,0.0,0.0,2.842170943040401e-16,0.0,True,0.0,4.699457256208382,1.3356660861655832e-13,8.881784197001252e-16,0.0,4.9960036108132044e-15,3.3306690738754696e-15,4.9960036108132044e-15,7.105427357601002e-15,0.0,1.4655621800467265e-13,1.3877787807814457e-17,True,0.3526621524886312,H-MSO-01R-B,1c99103edaf76aa05915458fd498e07b1241e272,1.0,True,True,True,True,False,a4b7da1a9f6e4efab7ccbc9ec3bb5e4235a82aef30ce64017895df05ab1c2b01,False
155,HMSO01R_A|PRIMARY|F2|9aa02356e03e116f8c7747cc6dc67ca5bf6463af78c8ec2a5e839ecf5cd044b6,F2,FOLD_2,HMSO01R_A|FIELD_LINEAGE|b40ef25bd445f58063f7eecbd118e28fcd5b9c8ea0b1803b18c885057e29107f,576,False,True,True,True,True,True,1.6653345369377348e-16,True,True,46656,46656,True,True,True,True,3.5920376166676267e-16,,True,True,0.0,2.053618337284275e-15,True,True,2.2663962434554819e-07,PRIMARY_TOPOLOGY_CAST_FLOAT32_DIAGNOSTIC_ONLY,CONTINUUM_REFERENCE_MINUS_LAMBDA_1_BASE_SPH,True,0.2857992751783254,8.12290395453844e-15,5.551115123125783e-17,0.0,1.6653345369377348e-16,1.1102230246251565e-16,1.6653345369377348e-16,1.1102230246251565e-16,0.0,8.455970861925987e-15,0.0,True,0.026349151767797094,0.01,2.842170943040401e-16,0.0,0.0,0.0,0.0,0.0,0.0,0.0,2.842170943040401e-16,0.0,True,0.0,0.02897614659591671,8.235516189619349e-16,1.0408340855860843e-17,0.0,1.951563910473908e-17,1.5612511283791264e-17,1.951563910473908e-17,3.122502256758253e-17,0.0,8.847006214901174e-16,0.0,True,0.0018925382313164866,0.02897614659591671,8.235516189619349e-16,1.0408340855860843e-17,0.0,1.951563910473908e-17,1.5612511283791264e-17,1.951563910473908e-17,3.122502256758253e-17,0.0,8.847006214901174e-16,0.0,True,0.0018925382313164866,H-MSO-01R-B,1c99103edaf76aa05915458fd498e07b1241e272,1.0,True,True,True,True,False,a4b7da1a9f6e4efab7ccbc9ec3bb5e4235a82aef30ce64017895df05ab1c2b01,False
156,HMSO01R_A|PRIMARY|F2|9ceb85393da4b2a224d124f538efebd26b83e4ecbf4cee17ff9c06c84e444184,F2,FOLD_3,HMSO01R_A|FIELD_LINEAGE|42e50ef40056d389a76817004688f104ee3861e2ea394e0b7ded0e04dbc7e54e,576,False,True,True,True,True,True,6.661338147750939e-16,True,True,46656,46656,True,True,True,True,3.5258793365151383e-16,,True,True,0.0,5.116260441230709e-15,True,True,6.100269975273243e-07,PRIMARY_TOPOLOGY_CAST_FLOAT32_DIAGNOSTIC_ONLY,CONTINUUM_REFERENCE_MINUS_LAMBDA_1_BASE_SPH,True,0.9405050681825522,2.6730761765706808e-14,0.0,0.0,3.885780586188048e-16,3.885780586188048e-16,3.885780586188048e-16,4.996003610813204e-16,0.0,2.7618940185406933e-14,0.0,True,0.07501761024906774,0.01,2.842170943040401e-16,0.0,0.0,0.0,0.0,0.0,0.0,0.0,2.842170943040401e-16,0.0,True,0.0,0.07871958444006652,2.237345155437723e-15,2.7755575615628914e-17,0.0,4.163336342344337e-17,4.163336342344337e-17,4.163336342344337e-17,1.0928757898653885e-16,0.0,2.4160216734633343e-15,0.0,True,0.004865528141473203,0.07871958444006652,2.237345155437723e-15,2.7755575615628914e-17,0.0,4.163336342344337e-17,4.163336342344337e-17,4.163336342344337e-17,1.0928757898653885e-16,0.0,2.4160216734633343e-15,0.0,True,0.004865528141473203,H-MSO-01R-B,1c99103edaf76aa05915458fd498e07b1241e272,1.0,True,True,True,True,False,a4b7da1a9f6e4efab7ccbc9ec3bb5e4235a82aef30ce64017895df05ab1c2b01,False
157,HMSO01R_A|PRIMARY|F2|d02d37603ad0429331b1b282ab0d05d6647faf02d57121f49583e677b27197af,F2,FOLD_5,HMSO01R_A|FIELD_LINEAGE|d8cd77f2aea85a93297ba4755747ee15653349aca322bca77ce1738389444994,576,False,True,True,True,True,True,0.0,True,True,16704,16704,True,True,True,True,1.8897037693053608e-16,,True,True,0.0,6.155512913111019e-13,True,True,8.725626087224825e-06,PRIMARY_TOPOLOGY_CAST_FLOAT32_DIAGNOSTIC_ONLY,CONTINUUM_REFERENCE_MINUS_LAMBDA_1_BASE_SPH,True,0.1,2.842170943040401e-15,0.0,0.0,0.0,0.0,0.0,0.0,0.0,2.842170943040401e-15,0.0,True,0.0,9.400186781937913,2.671693773077639e-13,1.7763568394002505e-15,0.0,7.993605777301127e-15,8.489736691430494e-15,8.489736691430494e-15,3.019806626980426e-14,0.0,3.076335371083989e-13,1.3877787807814457e-17,True,0.459269068698665,0.01,2.842170943040401e-16,0.0,0.0,0.0,0.0,0.0,0.0,0.0,2.842170943040401e-16,0.0,True,0.0,9.400186781937913,2.671693773077639e-13,1.7763568394002505e-15,0.0,7.993605777301127e-15,8.489736691430494e-15,8.489736691430494e-15,3.019806626980426e-14,0.0,3.076335371083989e-13,1.3877787807814457e-17,True,0.459269068698665,H-MSO-01R-B,1c99103edaf76aa05915458fd498e07b1241e272,1.0,True,True,True,True,False,a4b7da1a9f6e4efab7ccbc9ec3bb5e4235a82aef30ce64017895df05ab1c2b01,False
158,HMSO01R_A|PRIMARY|F2|5421d8aa9bb2512df8601781ad0d4b3968d57f51768c4451aff8f8be42a4b79d,F2,FOLD_0,HMSO01R_A|FIELD_LINEAGE|7fd9257249644666dfcbc65ef0f9aa8090d87f1c93f77579cc137a1fc016a884,576,False,True,True,True,True,True,5.320129238409535e-17,True,True,28224,28224,True,True,True,True,2.8673405268644766e-16,,True,True,0.0,2.494196466129061e-15,True,True,5.17689206780414e-08,PRIMARY_TOPOLOGY_CAST_FLOAT32_DIAGNOSTIC_ONLY,CONTINUUM_REFERENCE_MINUS_LAMBDA_1_BASE_SPH,True,0.1,2.842170943040401e-15,0.0,0.0,5.551115123125783e-17,5.551115123125783e-17,5.551115123125783e-17,8.326672684688674e-17,0.0,2.9809488211185455e-15,0.0,True,5.915569926640845e-07,0.01,2.842170943040401e-16,0.0,0.0,0.0,0.0,0.0,0.0,0.0,2.842170943040401e-16,0.0,True,0.0,0.036299632911904876,1.0316976190524905e-15,1.0408340855860843e-17,0.0,1.951563910473908e-17,1.702197410802242e-17,1.951563910473908e-17,4.336808689942018e-17,0.0,1.1049896859125106e-15,2.710505431213761e-20,True,0.0026998300105200773,0.036299632911904876,1.0316976190524905e-15,1.0408340855860843e-17,0.0,1.951563910473908e-17,1.702197410802242e-17,1.951563910473908e-17,4.336808689942018e-17,0.0,1.1049896859125106e-15,2.710505431213761e-20,True,0.0026998300105200773,H-MSO-01R-B,1c99103edaf76aa05915458fd498e07b1241e272,1.0,True,True,True,True,False,a4b7da1a9f6e4efab7ccbc9ec3bb5e4235a82aef30ce64017895df05ab1c2b01,False
159,HMSO01R_A|PRIMARY|F2|767938226812a2838020c63ae0ec90bb4e50ead499924ecb103ed85f1140c35e,F2,FOLD_3,HMSO01R_A|FIELD_LINEAGE|8e3408f57249bc00fdafb475f758686e9ee7a95dad97ecf63f9b3a27f383de5d,576,False,True,True,True,True,True,6.661338147750939e-16,True,True,46656,46656,True,True,True,True,3.9315500255453487e-16,,True,True,0.0,8.795892791361983e-15,True,True,1.1050164137049734e-06,PRIMARY_TOPOLOGY_CAST_FLOAT32_DIAGNOSTIC_ONLY,CONTINUUM_REFERENCE_MINUS_LAMBDA_1_BASE_SPH,True,1.251701840211982,3.557550599600694e-14,2.220446049250313e-16,0.0,4.440892098500626e-16,3.3306690738754696e-16,4.440892098500626e-16,5.551115123125783e-16,0.0,3.679675132309461e-14,0.0,True,0.16558236397218637,0.01,2.842170943040401e-16,0.0,0.0,0.0,0.0,0.0,0.0,0.0,2.842170943040401e-16,0.0,True,0.0,0.14119406053737757,4.012976561892218e-15,5.551115123125783e-17,0.0,8.326672684688674e-17,8.326672684688674e-17,8.326672684688674e-17,1.0408340855860843e-16,0.0,4.255837848528971e-15,1.0842021724855044e-19,True,0.016000925567874146,0.14119406053737757,4.012976561892218e-15,5.551115123125783e-17,0.0,8.326672684688674e-17,8.326672684688674e-17,8.326672684688674e-17,1.0408340855860843e-16,0.0,4.255837848528971e-15,1.0842021724855044e-19,True,0.016000925567874146,H-MSO-01R-B,1c99103edaf76aa05915458fd498e07b1241e272,1.0,True,True,True,True,False,a4b7da1a9f6e4efab7ccbc9ec3bb5e4235a82aef30ce64017895df05ab1c2b01,False
160,HMSO01R_A|PRIMARY|F2|06317839d4737f546c947257bdda4c62c61d0554e47ead2e411236d53d112e6a,F2,FOLD_3,HMSO01R_A|FIELD_LINEAGE|11fde86949c379fe2021d6c74cae47b21d76fdf394512bb275cf864fa8a207c8,576,False,True,True,True,True,True,1.1102230246251565e-15,True,True,16704,16704,True,True,True,True,1.7871448809916308e-16,,True,True,0.0,1.0625065562700353e-14,True,True,1.7577080106967458e-06,PRIMARY_TOPOLOGY_CAST_FLOAT32_DIAGNOSTIC_ONLY,CONTINUUM_REFERENCE_MINUS_LAMBDA_1_BASE_SPH,True,1.8633165540231968,5.295864167530899e-14,0.0,0.0,6.661338147750939e-16,5.551115123125783e-16,6.661338147750939e-16,1.3322676295501878e-15,0.0,5.4957043119634274e-14,0.0,True,0.06582854747351755,0.01,2.842170943040401e-16,0.0,0.0,0.0,0.0,0.0,0.0,0.0,2.842170943040401e-16,0.0,True,0.0,0.15530680198814217,4.414084798672268e-15,2.7755575615628914e-17,0.0,1.0408340855860843e-16,7.632783294297951e-17,1.0408340855860843e-16,6.245004513516506e-16,0.0,5.170424234198156e-15,0.0,True,0.00473003167873165,0.15530680198814217,4.414084798672268e-15,2.7755575615628914e-17,0.0,1.0408340855860843e-16,7.632783294297951e-17,1.0408340855860843e-16,6.245004513516506e-16,0.0,5.170424234198156e-15,0.0,True,0.00473003167873165,H-MSO-01R-B,1c99103edaf76aa05915458fd498e07b1241e272,1.0,True,True,True,True,False,a4b7da1a9f6e4efab7ccbc9ec3bb5e4235a82aef30ce64017895df05ab1c2b01,False
161,HMSO01R_A|PRIMARY|F2|7820bcfb5b087e80c1c6836a57a1f43ddd0c0eabfeda98ea6e8d9aa8389ed207,F2,FOLD_0,HMSO01R_A|FIELD_LINEAGE|2d885ab8e36e98def0f3a036fab45f57940afd290e12c42ece2cbbf2a0b7faed,576,False,True,True,True,True,True,9.866345648736497e-18,True,True,16704,16704,True,True,True,True,2.262886615381181e-16,,True,True,0.0,1.5992566407070954e-15,True,True,1.856413319161615e-08,PRIMARY_TOPOLOGY_CAST_FLOAT32_DIAGNOSTIC_ONLY,CONTINUUM_REFERENCE_MINUS_LAMBDA_1_BASE_SPH,True,0.1,2.842170943040401e-15,0.0,0.0,7.860465750519907e-18,2.6792710912837588e-18,7.860465750519907e-18,8.586881206085195e-17,0.0,2.9359002208517728e-15,0.0,True,2.4861070549142516e-17,0.01,2.842170943040401e-16,0.0,0.0,0.0,0.0,0.0,0.0,0.0,2.842170943040401e-16,0.0,True,0.0,0.019624898871711975,5.577731733328612e-16,3.469446951953614e-18,0.0,1.214306433183765e-17,1.0408340855860843e-17,1.214306433183765e-17,8.413408858487514e-17,0.0,6.575197732015276e-16,0.0,True,0.0005912539598414574,0.019624898871711975,5.577731733328612e-16,3.469446951953614e-18,0.0,1.214306433183765e-17,1.0408340855860843e-17,1.214306433183765e-17,8.413408858487514e-17,0.0,6.575197732015276e-16,0.0,True,0.0005912539598414574,H-MSO-01R-B,1c99103edaf76aa05915458fd498e07b1241e272,1.0,True,True,True,True,False,a4b7da1a9f6e4efab7ccbc9ec3bb5e4235a82aef30ce64017895df05ab1c2b01,False
162,HMSO01R_A|PRIMARY|F2|8944ba387db65deaa93a40382da6d01673338136d1e94ca8e9fe59b6cb3efcba,F2,FOLD_4,HMSO01R_A|FIELD_LINEAGE|5c07d2280b8a6c46f1c42b9f7878f3f5c5e2174c9419aaf05f2bb6b52ab2f5f6,576,False,True,True,True,True,True,0.0,True,True,28224,28224,True,True,True,True,2.1287673835491407e-16,,True,True,0.0,2.5921046344768113e-13,True,True,5.62958841188177e-06,PRIMARY_TOPOLOGY_CAST_FLOAT32_DIAGNOSTIC_ONLY,CONTINUUM_REFERENCE_MINUS_LAMBDA_1_BASE_SPH,True,0.1,2.842170943040401e-15,0.0,0.0,0.0,0.0,0.0,0.0,0.0,2.842170943040401e-15,0.0,True,0.0,4.1722661976309,1.18582937535362e-13,8.881784197001252e-16,0.0,3.9968028886505635e-15,3.7192471324942744e-15,3.9968028886505635e-15,5.995204332975845e-15,0.0,1.2946312317668855e-13,2.7755575615628914e-17,True,0.5660935677710849,0.01,2.842170943040401e-16,0.0,0.0,0.0,0.0,0.0,0.0,0.0,2.842170943040401e-16,0.0,True,0.0,4.1722661976309,1.18582937535362e-13,8.881784197001252e-16,0.0,3.9968028886505635e-15,3.7192471324942744e-15,3.9968028886505635e-15,5.995204332975845e-15,0.0,1.2946312317668855e-13,2.7755575615628914e-17,True,0.5660935677710849,H-MSO-01R-B,1c99103edaf76aa05915458fd498e07b1241e272,1.0,True,True,True,True,False,a4b7da1a9f6e4efab7ccbc9ec3bb5e4235a82aef30ce64017895df05ab1c2b01,False
163,HMSO01R_A|PRIMARY|F2|8ddfab82fa98a874ee0e716b4b758a93f444c158ec4a00d3fbe09c82d4bc8295,F2,FOLD_2,HMSO01R_A|FIELD_LINEAGE|06c5b0d79a6fc40df74bc047659e629ea096b0eb47ce7956bd3f7d012a8211c7,576,False,True,True,True,True,True,1.7241514460038894e-17,True,True,46656,46656,True,True,True,True,2.262886615381181e-16,,True,True,0.0,2.676639070901328e-15,True,True,3.592816359351825e-08,PRIMARY_TOPOLOGY_CAST_FLOAT32_DIAGNOSTIC_ONLY,CONTINUUM_REFERENCE_MINUS_LAMBDA_1_BASE_SPH,True,0.1,2.842170943040401e-15,0.0,0.0,1.9137862410263662e-17,1.038038876860145e-17,1.9137862410263662e-17,6.852157730108388e-17,0.0,2.9298303827517484e-15,0.0,True,2.4783925565035288e-17,0.01,2.842170943040401e-16,0.0,0.0,0.0,0.0,0.0,0.0,0.0,2.842170943040401e-16,0.0,True,0.0,0.03924979774342395,1.1155463466657224e-15,6.938893903907228e-18,0.0,1.951563910473908e-17,2.0816681711721685e-17,2.0816681711721685e-17,5.2909066017292616e-17,0.0,1.196210988298644e-15,0.0,True,0.0024327640707365963,0.03924979774342395,1.1155463466657224e-15,6.938893903907228e-18,0.0,1.951563910473908e-17,2.0816681711721685e-17,2.0816681711721685e-17,5.2909066017292616e-17,0.0,1.196210988298644e-15,0.0,True,0.0024327640707365963,H-MSO-01R-B,1c99103edaf76aa05915458fd498e07b1241e272,1.0,True,True,True,True,False,a4b7da1a9f6e4efab7ccbc9ec3bb5e4235a82aef30ce64017895df05ab1c2b01,False
164,HMSO01R_A|PRIMARY|F2|aef30f7b06dc318c716f205dc8eabfa6b6ed892cd6f40ffa2655079a736cee3a,F2,FOLD_0,HMSO01R_A|FIELD_LINEAGE|56571c9b6d895bc0e855ce89225a188e41167fe16fc1aed7e4e19ab1ddaef9cb,576,False,True,True,True,True,True,0.0,True,True,28224,28224,True,True,True,True,2.868286782667563e-16,,True,True,0.0,5.922879799886959e-13,True,True,1.7742642466234138e-05,PRIMARY_TOPOLOGY_CAST_FLOAT32_DIAGNOSTIC_ONLY,CONTINUUM_REFERENCE_MINUS_LAMBDA_1_BASE_SPH,True,0.1,2.842170943040401e-15,0.0,0.0,0.0,0.0,0.0,0.0,0.0,2.842170943040401e-15,0.0,True,0.0,9.289640335832479,2.640274583379914e-13,2.6645352591003757e-15,0.0,1.199040866595169e-14,7.549516567451064e-15,1.199040866595169e-14,1.7319479184152442e-14,0.0,2.960018814471959e-13,5.551115123125783e-17,True,0.7061789033979332,0.01,2.842170943040401e-16,0.0,0.0,0.0,0.0,0.0,0.0,0.0,2.842170943040401e-16,0.0,True,0.0,9.289640335832479,2.640274583379914e-13,2.6645352591003757e-15,0.0,1.199040866595169e-14,7.549516567451064e-15,1.199040866595169e-14,1.7319479184152442e-14,0.0,2.960018814471959e-13,5.551115123125783e-17,True,0.7061789033979332,H-MSO-01R-B,1c99103edaf76aa05915458fd498e07b1241e272,1.0,True,True,True,True,False,a4b7da1a9f6e4efab7ccbc9ec3bb5e4235a82aef30ce64017895df05ab1c2b01,False
165,HMSO01R_A|PRIMARY|F2|d57fe4ad60e081a7f8f4efa48a8eb91b168f1646797b26e04c5db9546d00f60b,F2,FOLD_5,HMSO01R_A|FIELD_LINEAGE|197ff926eb3d0f9ff98b06347687987d9933c0c4a0832b79258c496c53405132,576,False,True,True,True,True,True,3.3306690738754696e-16,True,True,46656,46656,True,True,True,True,3.5920376166676267e-16,,True,True,0.0,3.82822375069244e-15,True,True,4.5327924869109637e-07,PRIMARY_TOPOLOGY_CAST_FLOAT32_DIAGNOSTIC_ONLY,CONTINUUM_REFERENCE_MINUS_LAMBDA_1_BASE_SPH,True,0.5715985503566507,1.624580790907688e-14,1.1102230246251565e-16,0.0,2.220446049250313e-16,2.220446049250313e-16,2.220446049250313e-16,2.220446049250313e-16,0.0,1.680091942138946e-14,0.0,True,0.05269830353559419,0.01,2.842170943040401e-16,0.0,0.0,0.0,0.0,0.0,0.0,0.0,2.842170943040401e-16,0.0,True,0.0,0.05795229319183342,1.6471032379238698e-15,2.0816681711721685e-17,0.0,4.163336342344337e-17,3.122502256758253e-17,4.163336342344337e-17,6.245004513516506e-17,0.0,1.7720033281942e-15,0.0,True,0.0037850764626329732,0.05795229319183342,1.6471032379238698e-15,2.0816681711721685e-17,0.0,4.163336342344337e-17,3.122502256758253e-17,4.163336342344337e-17,6.245004513516506e-17,0.0,1.7720033281942e-15,0.0,True,0.0037850764626329732,H-MSO-01R-B,1c99103edaf76aa05915458fd498e07b1241e272,1.0,True,True,True,True,False,a4b7da1a9f6e4efab7ccbc9ec3bb5e4235a82aef30ce64017895df05ab1c2b01,False
166,HMSO01R_A|PRIMARY|F2|975452d94e6c79df9ff8d8fba1e374f302d680dee30b89df4102bc72393d1f9b,F2,FOLD_3,HMSO01R_A|FIELD_LINEAGE|5851badadb2dbcb7aa9bd12e7e1999f87fd380febbee831ba86fec2a8906fa0a,576,False,True,True,True,True,True,0.0,True,True,28224,28224,True,True,True,True,2.864169893549426e-16,,True,True,0.0,1.1751516287941365e-12,True,True,3.3916612738327245e-05,PRIMARY_TOPOLOGY_CAST_FLOAT32_DIAGNOSTIC_ONLY,CONTINUUM_REFERENCE_MINUS_LAMBDA_1_BASE_SPH,True,0.1,2.842170943040401e-15,0.0,0.0,0.0,0.0,0.0,0.0,0.0,2.842170943040401e-15,0.0,True,0.0,18.60598608414494,5.28813930149708e-13,5.329070518200751e-15,0.0,1.5987211554602254e-14,1.2434497875801753e-14,1.5987211554602254e-14,3.730349362740526e-14,0.0,5.874337058499163e-13,1.1102230246251565e-16,True,1.4192034890209373,0.01,2.842170943040401e-16,0.0,0.0,0.0,0.0,0.0,0.0,0.0,2.842170943040401e-16,0.0,True,0.0,18.60598608414494,5.28813930149708e-13,5.329070518200751e-15,0.0,1.5987211554602254e-14,1.2434497875801753e-14,1.5987211554602254e-14,3.730349362740526e-14,0.0,5.874337058499163e-13,1.1102230246251565e-16,True,1.4192034890209373,H-MSO-01R-B,1c99103edaf76aa05915458fd498e07b1241e272,1.0,True,True,True,True,False,a4b7da1a9f6e4efab7ccbc9ec3bb5e4235a82aef30ce64017895df05ab1c2b01,False
167,HMSO01R_A|PRIMARY|F2|44347425dbc13101dae7c7450e08fb4b35d0ca65dcfd17e980334a022d882af9,F2,FOLD_1,HMSO01R_A|FIELD_LINEAGE|20bbc33e3ce141e2f7eb99de3d0702689581411faf36ef6782c9dd4ff7bd0899,576,False,True,True,True,True,True,6.661338147750939e-16,True,True,28224,28224,True,True,True,True,1.7871448809916308e-16,,True,True,0.0,5.232596723577165e-15,True,True,8.720573216880467e-07,PRIMARY_TOPOLOGY_CAST_FLOAT32_DIAGNOSTIC_ONLY,CONTINUUM_REFERENCE_MINUS_LAMBDA_1_BASE_SPH,True,0.9316582770115984,2.6479320837654496e-14,0.0,0.0,4.440892098500626e-16,3.3306690738754696e-16,4.440892098500626e-16,4.996003610813204e-16,0.0,2.742301040858588e-14,0.0,True,0.049950309181251776,0.01,2.842170943040401e-16,0.0,0.0,0.0,0.0,0.0,0.0,0.0,2.842170943040401e-16,0.0,True,0.0,0.07765340099407109,2.207042399336134e-15,1.3877787807814457e-17,0.0,4.163336342344337e-17,3.0791341698588326e-17,4.163336342344337e-17,2.1163626406917047e-16,0.0,2.4741898146365624e-15,0.0,True,0.003250351598600612,0.07765340099407109,2.207042399336134e-15,1.3877787807814457e-17,0.0,4.163336342344337e-17,3.0791341698588326e-17,4.163336342344337e-17,2.1163626406917047e-16,0.0,2.4741898146365624e-15,0.0,True,0.003250351598600612,H-MSO-01R-B,1c99103edaf76aa05915458fd498e07b1241e272,1.0,True,True,True,True,False,a4b7da1a9f6e4efab7ccbc9ec3bb5e4235a82aef30ce64017895df05ab1c2b01,False
168,HMSO01R_A|PRIMARY|F2|50287af40030d649f1af5a13277f820d8e9b04c2c12a7d0e8d2996e66e26b556,F2,FOLD_5,HMSO01R_A|FIELD_LINEAGE|b1b50b97bc0f473e266ef9eb8a1e2e2edee23dadabeb0645af363d822d4db947,576,False,True,True,True,True,True,0.0,True,True,46656,46656,True,True,True,True,2.1172788580893439e-16,,True,True,0.0,1.0255936046538186e-12,True,True,2.203346804652284e-05,PRIMARY_TOPOLOGY_CAST_FLOAT32_DIAGNOSTIC_ONLY,CONTINUUM_REFERENCE_MINUS_LAMBDA_1_BASE_SPH,True,0.1,2.842170943040401e-15,0.0,0.0,0.0,0.0,0.0,0.0,0.0,2.842170943040401e-15,0.0,True,0.0,16.77962099903321,4.769055123868273e-13,3.552713678800501e-15,0.0,1.4210854715202004e-14,1.2434497875801753e-14,1.4210854715202004e-14,1.7985612998927536e-14,0.0,5.126546937797573e-13,1.1102230246251565e-16,True,3.310253575366245,0.01,2.842170943040401e-16,0.0,0.0,0.0,0.0,0.0,0.0,0.0,2.842170943040401e-16,0.0,True,0.0,16.77962099903321,4.769055123868273e-13,3.552713678800501e-15,0.0,1.4210854715202004e-14,1.2434497875801753e-14,1.4210854715202004e-14,1.7985612998927536e-14,0.0,5.126546937797573e-13,1.1102230246251565e-16,True,3.310253575366245,H-MSO-01R-B,1c99103edaf76aa05915458fd498e07b1241e272,1.0,True,True,True,True,False,a4b7da1a9f6e4efab7ccbc9ec3bb5e4235a82aef30ce64017895df05ab1c2b01,False
169,HMSO01R_A|PRIMARY|F2|770f7ccfdd77b26685f21e0e3c70f18ec9f421839d2fba7929928a85b11f3c9a,F2,FOLD_3,HMSO01R_A|FIELD_LINEAGE|5cf76bdd12cdf0612bba343b6cf1b9e46ef0764cc183560f7b16acacca9460f1,576,False,True,True,True,True,True,0.0,True,True,28224,28224,True,True,True,True,1.4288304641296516e-16,,True,True,0.0,4.1402596481785347e-13,True,True,7.785870657972538e-06,PRIMARY_TOPOLOGY_CAST_FLOAT32_DIAGNOSTIC_ONLY,CONTINUUM_REFERENCE_MINUS_LAMBDA_1_BASE_SPH,True,0.1,2.842170943040401e-15,0.0,0.0,0.0,0.0,0.0,0.0,0.0,2.842170943040401e-15,0.0,True,0.0,6.216121800294512,1.7667280759197046e-13,8.881784197001252e-16,0.0,6.217248937900877e-15,7.327471962526033e-15,7.327471962526033e-15,2.19824158875781e-14,0.0,2.0687087386177472e-13,0.0,True,0.5012115903155299,0.01,2.842170943040401e-16,0.0,0.0,0.0,0.0,0.0,0.0,0.0,2.842170943040401e-16,0.0,True,0.0,6.216121800294512,1.7667280759197046e-13,8.881784197001252e-16,0.0,6.217248937900877e-15,7.327471962526033e-15,7.327471962526033e-15,2.19824158875781e-14,0.0,2.0687087386177472e-13,0.0,True,0.5012115903155299,H-MSO-01R-B,1c99103edaf76aa05915458fd498e07b1241e272,1.0,True,True,True,True,False,a4b7da1a9f6e4efab7ccbc9ec3bb5e4235a82aef30ce64017895df05ab1c2b01,False
170,HMSO01R_A|PRIMARY|F2|d512fe7ee100d3974c5f97dc7b1fa2660d854ea076fcc8d96cb46f6dbe87500d,F2,FOLD_1,HMSO01R_A|FIELD_LINEAGE|e99701698ca3eda87704f5f32294f901f56116d9da609afcb18418d4c8a62bf2,576,False,True,True,True,True,True,3.322063219131366e-16,True,True,46656,46656,True,True,True,True,3.5920376166676267e-16,,True,True,0.0,7.361822066224979e-15,True,True,1.5895719132630326e-07,PRIMARY_TOPOLOGY_CAST_FLOAT32_DIAGNOSTIC_ONLY,CONTINUUM_REFERENCE_MINUS_LAMBDA_1_BASE_SPH,True,0.1,2.842170943040401e-15,0.0,0.0,4.996003610813204e-16,3.3306690738754696e-16,4.996003610813204e-16,4.440892098500626e-16,0.0,3.785860513971784e-15,0.0,True,3.2247687621679992e-06,0.01,2.842170943040401e-16,0.0,0.0,0.0,0.0,0.0,0.0,0.0,2.842170943040401e-16,0.0,True,0.0,0.11590458638366684,3.2942064758477397e-15,4.163336342344337e-17,0.0,7.806255641895632e-17,6.245004513516506e-17,7.806255641895632e-17,1.249000902703301e-16,0.0,3.5388024859604695e-15,0.0,True,0.0075701529252659465,0.11590458638366684,3.2942064758477397e-15,4.163336342344337e-17,0.0,7.806255641895632e-17,6.245004513516506e-17,7.806255641895632e-17,1.249000902703301e-16,0.0,3.5388024859604695e-15,0.0,True,0.0075701529252659465,H-MSO-01R-B,1c99103edaf76aa05915458fd498e07b1241e272,1.0,True,True,True,True,False,a4b7da1a9f6e4efab7ccbc9ec3bb5e4235a82aef30ce64017895df05ab1c2b01,False
171,HMSO01R_A|PRIMARY|F2|075d9f5ce867e6dbadfe8de37051b48f3917aea711dd42c93d1beca79c10b036,F2,FOLD_4,HMSO01R_A|FIELD_LINEAGE|3283083498700d830b6f9393659c16097acacaf984f6c43b70c65438a233286d,576,False,True,True,True,True,True,8.02320195551114e-18,True,True,16704,16704,True,True,True,True,1.7871448809916308e-16,,True,True,0.0,1.5733537059016256e-15,True,True,2.1282790322197515e-08,PRIMARY_TOPOLOGY_CAST_FLOAT32_DIAGNOSTIC_ONLY,CONTINUUM_REFERENCE_MINUS_LAMBDA_1_BASE_SPH,True,0.1,2.842170943040401e-15,0.0,0.0,8.185726402265558e-18,4.273069460661132e-18,8.185726402265558e-18,9.497611030973019e-17,0.0,2.9453327797523966e-15,0.0,True,2.4137801528129008e-17,0.01,2.842170943040401e-16,0.0,0.0,0.0,0.0,0.0,0.0,0.0,2.842170943040401e-16,0.0,True,0.0,0.01941335024851777,5.517605998340335e-16,3.469446951953614e-18,0.0,1.1275702593849246e-17,9.540979117872439e-18,1.1275702593849246e-17,7.806255641895632e-17,0.0,6.445683057987927e-16,0.0,True,0.0005912539598414562,0.01941335024851777,5.517605998340335e-16,3.469446951953614e-18,0.0,1.1275702593849246e-17,9.540979117872439e-18,1.1275702593849246e-17,7.806255641895632e-17,0.0,6.445683057987927e-16,0.0,True,0.0005912539598414562,H-MSO-01R-B,1c99103edaf76aa05915458fd498e07b1241e272,1.0,True,True,True,True,False,a4b7da1a9f6e4efab7ccbc9ec3bb5e4235a82aef30ce64017895df05ab1c2b01,False
172,HMSO01R_A|PRIMARY|F2|23a1b3ff87d761d45da6714a7a8f504f2d1ae1758fc48c5edde0346581e7dcb9,F2,FOLD_5,HMSO01R_A|FIELD_LINEAGE|0183a54dead296f9ee3dee43dc4041188299c7e551f4c9c6bfbe94dc055e54ad,576,False,True,True,True,True,True,0.0,True,True,28224,28224,True,True,True,True,1.420353733629181e-16,,True,True,0.0,8.124453501341056e-13,True,True,1.6482027969111357e-05,PRIMARY_TOPOLOGY_CAST_FLOAT32_DIAGNOSTIC_ONLY,CONTINUUM_REFERENCE_MINUS_LAMBDA_1_BASE_SPH,True,0.1,2.842170943040401e-15,0.0,0.0,0.0,0.0,0.0,0.0,0.0,2.842170943040401e-15,0.0,True,0.0,12.506439750479883,3.5545439659699363e-13,1.7763568394002505e-15,0.0,1.5987211554602254e-14,1.687538997430238e-14,1.687538997430238e-14,3.197442310920451e-14,0.0,4.0608056651990077e-13,0.0,True,1.0126432895391413,0.01,2.842170943040401e-16,0.0,0.0,0.0,0.0,0.0,0.0,0.0,2.842170943040401e-16,0.0,True,0.0,12.506439750479883,3.5545439659699363e-13,1.7763568394002505e-15,0.0,1.5987211554602254e-14,1.687538997430238e-14,1.687538997430238e-14,3.197442310920451e-14,0.0,4.0608056651990077e-13,0.0,True,1.0126432895391413,H-MSO-01R-B,1c99103edaf76aa05915458fd498e07b1241e272,1.0,True,True,True,True,False,a4b7da1a9f6e4efab7ccbc9ec3bb5e4235a82aef30ce64017895df05ab1c2b01,False
173,HMSO01R_A|PRIMARY|F2|cf42695af0c24db6bd3d8952fcd9d3df58fca05a61b3413ec53ae3a547abb47e,F2,FOLD_2,HMSO01R_A|FIELD_LINEAGE|4a864b01d23e69fbf80902fd3a728f366c9eb285ead51eb5724dfe25ca232031,576,False,True,True,True,True,True,1.661031609565683e-16,True,True,46656,46656,True,True,True,True,3.5920376166676267e-16,,True,True,0.0,3.835162644596347e-15,True,True,7.947859566315163e-08,PRIMARY_TOPOLOGY_CAST_FLOAT32_DIAGNOSTIC_ONLY,CONTINUUM_REFERENCE_MINUS_LAMBDA_1_BASE_SPH,True,0.1,2.842170943040401e-15,0.0,0.0,1.6653345369377348e-16,1.6653345369377348e-16,1.6653345369377348e-16,2.220446049250313e-16,0.0,3.2307490016592057e-15,0.0,True,1.6123843810839996e-06,0.01,2.842170943040401e-16,0.0,0.0,0.0,0.0,0.0,0.0,0.0,2.842170943040401e-16,0.0,True,0.0,0.05795229319183342,1.6471032379238698e-15,2.0816681711721685e-17,0.0,4.5102810375396984e-17,3.122502256758253e-17,4.5102810375396984e-17,6.245004513516506e-17,0.0,1.7754727751461536e-15,0.0,True,0.0037850764626329732,0.05795229319183342,1.6471032379238698e-15,2.0816681711721685e-17,0.0,4.5102810375396984e-17,3.122502256758253e-17,4.5102810375396984e-17,6.245004513516506e-17,0.0,1.7754727751461536e-15,0.0,True,0.0037850764626329732,H-MSO-01R-B,1c99103edaf76aa05915458fd498e07b1241e272,1.0,True,True,True,True,False,a4b7da1a9f6e4efab7ccbc9ec3bb5e4235a82aef30ce64017895df05ab1c2b01,False
174,HMSO01R_A|PRIMARY|F2|caf9380b58fd1298f9b3296a6d0386c5d9b7a136975daf3e1d5a80853cd8eef1,F2,FOLD_1,HMSO01R_A|FIELD_LINEAGE|7cb12f064a9c8069fd15f2a86fa0ddd017328ca5cc4b0fc515bbfbdd4c6e6858,576,False,True,True,True,True,True,1.1102230246251565e-15,True,True,16704,16704,True,True,True,True,3.9303661079631164e-16,,True,True,0.0,1.5339684701829126e-14,True,True,3.6552559989078137e-06,PRIMARY_TOPOLOGY_CAST_FLOAT32_DIAGNOSTIC_ONLY,CONTINUUM_REFERENCE_MINUS_LAMBDA_1_BASE_SPH,True,2.259785463498252,6.422696581859816e-14,8.881784197001252e-16,0.0,8.881784197001252e-16,8.881784197001252e-16,8.881784197001252e-16,1.7763568394002505e-15,0.0,6.777967949739867e-14,0.0,True,0.0912217366796779,0.01,2.842170943040401e-16,0.0,0.0,0.0,0.0,0.0,0.0,0.0,2.842170943040401e-16,0.0,True,0.0,0.22896991526225996,6.50771639988818e-15,8.326672684688674e-17,0.0,1.8735013540549517e-16,1.3877787807814457e-16,1.8735013540549517e-16,7.494005416219807e-16,0.0,7.527733803762543e-15,1.0842021724855044e-19,True,0.007103175479808059,0.22896991526225996,6.50771639988818e-15,8.326672684688674e-17,0.0,1.8735013540549517e-16,1.3877787807814457e-16,1.8735013540549517e-16,7.494005416219807e-16,0.0,7.527733803762543e-15,1.0842021724855044e-19,True,0.007103175479808059,H-MSO-01R-B,1c99103edaf76aa05915458fd498e07b1241e272,1.0,True,True,True,True,False,a4b7da1a9f6e4efab7ccbc9ec3bb5e4235a82aef30ce64017895df05ab1c2b01,False
175,HMSO01R_A|PRIMARY|F2|0f34bfbdf04b3c15451a4a77716248a4eb3d3a17ab75fa5c980bc8ae9e205274,F2,FOLD_2,HMSO01R_A|FIELD_LINEAGE|5e2623db68536d2f4bee911245429597fdaee9006859890dec92aeaff707fe09,576,False,True,True,True,True,True,2.220446049250313e-16,True,True,16704,16704,True,True,True,True,3.9315500255453487e-16,,True,True,0.0,4.7933245703256255e-15,True,True,5.704716877219518e-07,PRIMARY_TOPOLOGY_CAST_FLOAT32_DIAGNOSTIC_ONLY,CONTINUUM_REFERENCE_MINUS_LAMBDA_1_BASE_SPH,True,0.625850920105991,1.778775299800347e-14,1.1102230246251565e-16,0.0,2.220446049250313e-16,1.6653345369377348e-16,2.220446049250313e-16,4.440892098500626e-16,0.0,1.8564909115241078e-14,0.0,True,0.03583056983898082,0.01,2.842170943040401e-16,0.0,0.0,0.0,0.0,0.0,0.0,0.0,2.842170943040401e-16,0.0,True,0.0,0.07059703026868878,2.006488280946109e-15,2.7755575615628914e-17,0.0,3.9898639947466563e-17,3.469446951953614e-17,3.9898639947466563e-17,1.8041124150158794e-16,0.0,2.2545537380107926e-15,0.0,True,0.00356237547278492,0.07059703026868878,2.006488280946109e-15,2.7755575615628914e-17,0.0,3.9898639947466563e-17,3.469446951953614e-17,3.9898639947466563e-17,1.8041124150158794e-16,0.0,2.2545537380107926e-15,0.0,True,0.00356237547278492,H-MSO-01R-B,1c99103edaf76aa05915458fd498e07b1241e272,1.0,True,True,True,True,False,a4b7da1a9f6e4efab7ccbc9ec3bb5e4235a82aef30ce64017895df05ab1c2b01,False
176,HMSO01R_A|PRIMARY|F2|2ea1d90f57b9810a91106d036818acb702d93d228b9d9df681a219b545bc1f6a,F2,FOLD_0,HMSO01R_A|FIELD_LINEAGE|9c5f7b50a01e8dafcf4be2d7df61fd0da86b2229fe32286852ed3ad88cce82f1,576,False,True,True,True,True,True,1.3322676295501878e-15,True,True,46656,46656,True,True,True,True,3.5258793365151383e-16,,True,True,0.0,9.9691204698691e-15,True,True,1.2200539950546485e-06,PRIMARY_TOPOLOGY_CAST_FLOAT32_DIAGNOSTIC_ONLY,CONTINUUM_REFERENCE_MINUS_LAMBDA_1_BASE_SPH,True,1.8810101363651044,5.3461523531413615e-14,0.0,0.0,8.881784197001252e-16,7.771561172376096e-16,8.881784197001252e-16,9.992007221626409e-16,0.0,5.534890267327638e-14,0.0,True,0.15003522049813547,0.01,2.842170943040401e-16,0.0,0.0,0.0,0.0,0.0,0.0,0.0,2.842170943040401e-16,0.0,True,0.0,0.15743916888013304,4.474690310875446e-15,5.551115123125783e-17,0.0,9.367506770274758e-17,8.326672684688674e-17,9.367506770274758e-17,2.185751579730777e-16,0.0,4.8424516877825295e-15,0.0,True,0.009731056282946406,0.15743916888013304,4.474690310875446e-15,5.551115123125783e-17,0.0,9.367506770274758e-17,8.326672684688674e-17,9.367506770274758e-17,2.185751579730777e-16,0.0,4.8424516877825295e-15,0.0,True,0.009731056282946406,H-MSO-01R-B,1c99103edaf76aa05915458fd498e07b1241e272,1.0,True,True,True,True,False,a4b7da1a9f6e4efab7ccbc9ec3bb5e4235a82aef30ce64017895df05ab1c2b01,False
177,HMSO01R_A|PRIMARY|F2|19be682a103146b62d59845d0b1804ab3b62d9c573f8e68e21e4a7bdead50cd2,F2,FOLD_2,HMSO01R_A|FIELD_LINEAGE|06c5b0d79a6fc40df74bc047659e629ea096b0eb47ce7956bd3f7d012a8211c7,576,False,True,True,True,True,True,1.9732691297472994e-17,True,True,16704,16704,True,True,True,True,2.262886615381181e-16,,True,True,0.0,2.9125614636341736e-15,True,True,3.71282663832323e-08,PRIMARY_TOPOLOGY_CAST_FLOAT32_DIAGNOSTIC_ONLY,CONTINUUM_REFERENCE_MINUS_LAMBDA_1_BASE_SPH,True,0.1,2.842170943040401e-15,0.0,0.0,1.2344022898573732e-17,5.3585421825675175e-18,1.2344022898573732e-17,1.717376241217039e-16,0.0,3.0262525900606785e-15,0.0,True,4.972214109828503e-17,0.01,2.842170943040401e-16,0.0,0.0,0.0,0.0,0.0,0.0,0.0,2.842170943040401e-16,0.0,True,0.0,0.03924979774342395,1.1155463466657224e-15,6.938893903907228e-18,0.0,2.3418766925686896e-17,2.0816681711721685e-17,2.3418766925686896e-17,1.682681771697503e-16,0.0,1.3141721846650668e-15,0.0,True,0.0011825079196829149,0.03924979774342395,1.1155463466657224e-15,6.938893903907228e-18,0.0,2.3418766925686896e-17,2.0816681711721685e-17,2.3418766925686896e-17,1.682681771697503e-16,0.0,1.3141721846650668e-15,0.0,True,0.0011825079196829149,H-MSO-01R-B,1c99103edaf76aa05915458fd498e07b1241e272,1.0,True,True,True,True,False,a4b7da1a9f6e4efab7ccbc9ec3bb5e4235a82aef30ce64017895df05ab1c2b01,False
178,HMSO01R_A|PRIMARY|F2|185d0c3aa5513b03f278a966e478709c4902e70ac083e6f632bc98d88beb9df7,F2,FOLD_2,HMSO01R_A|FIELD_LINEAGE|87172e4156e9f066a6ea7ab3304062c939784ea4bd0f5f1cf466bbc2d6008cc6,576,False,True,True,True,True,True,0.0,True,True,28224,28224,True,True,True,True,2.2102327269351366e-16,,True,True,0.0,5.086472702712995e-13,True,True,8.584653355736549e-06,PRIMARY_TOPOLOGY_CAST_FLOAT32_DIAGNOSTIC_ONLY,CONTINUUM_REFERENCE_MINUS_LAMBDA_1_BASE_SPH,True,0.1,2.842170943040401e-15,0.0,0.0,0.0,0.0,0.0,0.0,0.0,2.842170943040401e-15,0.0,True,0.0,8.036967409597048,2.284243524171941e-13,1.7763568394002505e-15,0.0,7.993605777301127e-15,6.217248937900877e-15,7.993605777301127e-15,1.5987211554602254e-14,0.0,2.5418152658849773e-13,2.7755575615628914e-17,True,1.1322708271924444,0.01,2.842170943040401e-16,0.0,0.0,0.0,0.0,0.0,0.0,0.0,2.842170943040401e-16,0.0,True,0.0,8.036967409597048,2.284243524171941e-13,1.7763568394002505e-15,0.0,7.993605777301127e-15,6.217248937900877e-15,7.993605777301127e-15,1.5987211554602254e-14,0.0,2.5418152658849773e-13,2.7755575615628914e-17,True,1.1322708271924444,H-MSO-01R-B,1c99103edaf76aa05915458fd498e07b1241e272,1.0,True,True,True,True,False,a4b7da1a9f6e4efab7ccbc9ec3bb5e4235a82aef30ce64017895df05ab1c2b01,False
179,HMSO01R_A|PRIMARY|F2|5138ec5bf5a63077695a50b6daf79a75c288e3f92b7d2fd433420e10b7c89d9c,F2,FOLD_2,HMSO01R_A|FIELD_LINEAGE|8a6dd2252f8c5f8f08c3ba5ae9cf89d97575348634ba471a1a84e7de612ac6f3,576,False,True,True,True,True,True,1.5543122344752192e-15,True,True,46656,46656,True,True,True,True,3.898098030542072e-16,,True,True,0.0,1.4392704716998954e-14,True,True,1.7938200788381042e-06,PRIMARY_TOPOLOGY_CAST_FLOAT32_DIAGNOSTIC_ONLY,CONTINUUM_REFERENCE_MINUS_LAMBDA_1_BASE_SPH,True,2.2784917483889306,6.475863041228339e-14,8.881784197001252e-16,0.0,1.3322676295501878e-15,8.881784197001252e-16,1.3322676295501878e-15,1.1102230246251565e-15,0.0,6.808929948615885e-14,0.0,True,0.21079321414237673,0.01,2.842170943040401e-16,0.0,0.0,0.0,0.0,0.0,0.0,0.0,2.842170943040401e-16,0.0,True,0.0,0.23141447109503932,6.577194855453835e-15,8.326672684688674e-17,0.0,1.43982048506075e-16,1.214306433183765e-16,1.43982048506075e-16,2.498001805406602e-16,0.0,7.0542438113474566e-15,1.8973538018496328e-19,True,0.01514030585053189,0.23141447109503932,6.577194855453835e-15,8.326672684688674e-17,0.0,1.43982048506075e-16,1.214306433183765e-16,1.43982048506075e-16,2.498001805406602e-16,0.0,7.0542438113474566e-15,1.8973538018496328e-19,True,0.01514030585053189,H-MSO-01R-B,1c99103edaf76aa05915458fd498e07b1241e272,1.0,True,True,True,True,False,a4b7da1a9f6e4efab7ccbc9ec3bb5e4235a82aef30ce64017895df05ab1c2b01,False
180,HMSO01R_A|PRIMARY|F2|818dc2505ec37b131c424e5845713b79c3eb0739f3b7de40bbedca42f6db8eae,F2,FOLD_0,HMSO01R_A|FIELD_LINEAGE|970bbd18dffee12c05308155c993436bfc58e77384e4967420f4e2e03156c88b,576,False,True,True,True,True,True,0.0,True,True,28224,28224,True,True,True,True,2.812172096797964e-16,,True,True,0.0,8.054481527197649e-13,True,True,1.1999190989264719e-05,PRIMARY_TOPOLOGY_CAST_FLOAT32_DIAGNOSTIC_ONLY,CONTINUUM_REFERENCE_MINUS_LAMBDA_1_BASE_SPH,True,0.1,2.842170943040401e-15,0.0,0.0,0.0,0.0,0.0,0.0,0.0,2.842170943040401e-15,0.0,True,0.0,12.633343751777295,3.590612252474243e-13,3.552713678800501e-15,0.0,1.5987211554602254e-14,1.432187701766452e-14,1.5987211554602254e-14,2.398081733190338e-14,0.0,4.025819678127304e-13,0.0,True,1.0126432895391282,0.01,2.842170943040401e-16,0.0,0.0,0.0,0.0,0.0,0.0,0.0,2.842170943040401e-16,0.0,True,0.0,12.633343751777295,3.590612252474243e-13,3.552713678800501e-15,0.0,1.5987211554602254e-14,1.432187701766452e-14,1.5987211554602254e-14,2.398081733190338e-14,0.0,4.025819678127304e-13,0.0,True,1.0126432895391282,H-MSO-01R-B,1c99103edaf76aa05915458fd498e07b1241e272,1.0,True,True,True,True,False,a4b7da1a9f6e4efab7ccbc9ec3bb5e4235a82aef30ce64017895df05ab1c2b01,False
181,HMSO01R_A|PRIMARY|F2|a74e9c0a19316e67907d4b557a95ce39a7d043fecb771ce561b574665efa7afe,F2,FOLD_1,HMSO01R_A|FIELD_LINEAGE|e1662caa4f55fa1e467b750db9be81d3672b988a828412586110c172a4b65cc4,576,False,True,True,True,True,True,2.089257586379567e-16,True,True,16704,16704,True,True,True,True,3.771707941780837e-16,,True,True,0.0,1.882050320670426e-14,True,True,2.9778103107728354e-07,PRIMARY_TOPOLOGY_CAST_FLOAT32_DIAGNOSTIC_ONLY,CONTINUUM_REFERENCE_MINUS_LAMBDA_1_BASE_SPH,True,0.1,2.842170943040401e-15,0.0,0.0,2.7755575615628914e-16,2.220446049250313e-16,2.7755575615628914e-16,7.216449660063518e-16,0.0,3.841371665203042e-15,0.0,True,0.0001303626683930022,0.01,2.842170943040401e-16,0.0,0.0,0.0,0.0,0.0,0.0,0.0,2.842170943040401e-16,0.0,True,0.0,0.29435551261186926,8.36608684869217e-15,1.1102230246251565e-16,0.0,1.249000902703301e-16,1.1102230246251565e-16,1.249000902703301e-16,6.661338147750939e-16,0.0,9.26814305620011e-15,5.421010862427522e-20,True,0.01424950189113965,0.29435551261186926,8.36608684869217e-15,1.1102230246251565e-16,0.0,1.249000902703301e-16,1.1102230246251565e-16,1.249000902703301e-16,6.661338147750939e-16,0.0,9.26814305620011e-15,5.421010862427522e-20,True,0.01424950189113965,H-MSO-01R-B,1c99103edaf76aa05915458fd498e07b1241e272,1.0,True,True,True,True,False,a4b7da1a9f6e4efab7ccbc9ec3bb5e4235a82aef30ce64017895df05ab1c2b01,False
182,HMSO01R_A|PRIMARY|F2|bdb007584742122a198d9ced8ca8026b3be02c902d5955e2048c740a64716cf2,F2,FOLD_0,HMSO01R_A|FIELD_LINEAGE|38ed780ae9e2ceb725d12dc596e69f348d116c6ab5da75f5bae97744169a86db,576,False,True,True,True,True,True,0.0,True,True,46656,46656,True,True,True,True,2.1488212244805732e-16,,True,True,0.0,5.074927671216322e-13,True,True,1.1117730141618765e-05,PRIMARY_TOPOLOGY_CAST_FLOAT32_DIAGNOSTIC_ONLY,CONTINUUM_REFERENCE_MINUS_LAMBDA_1_BASE_SPH,True,0.1,2.842170943040401e-15,0.0,0.0,0.0,0.0,0.0,0.0,0.0,2.842170943040401e-15,0.0,True,0.0,8.266657175399237,2.3495252819996144e-13,1.7763568394002505e-15,0.0,7.105427357601002e-15,6.439293542825908e-15,7.105427357601002e-15,9.769962616701378e-15,0.0,2.5360427501366407e-13,5.551115123125783e-17,True,1.6556490778198512,0.01,2.842170943040401e-16,0.0,0.0,0.0,0.0,0.0,0.0,0.0,2.842170943040401e-16,0.0,True,0.0,8.266657175399237,2.3495252819996144e-13,1.7763568394002505e-15,0.0,7.105427357601002e-15,6.439293542825908e-15,7.105427357601002e-15,9.769962616701378e-15,0.0,2.5360427501366407e-13,5.551115123125783e-17,True,1.6556490778198512,H-MSO-01R-B,1c99103edaf76aa05915458fd498e07b1241e272,1.0,True,True,True,True,False,a4b7da1a9f6e4efab7ccbc9ec3bb5e4235a82aef30ce64017895df05ab1c2b01,False
183,HMSO01R_A|PRIMARY|F2|3272400369fdb2a2501d3b745bd9e207e5bae9055664ceac44b9407292a76f92,F2,FOLD_4,HMSO01R_A|FIELD_LINEAGE|3d33238d426baab3f4ff1c525309d0c0b825fb99fca42c8d1a5482ea92f2f1a6,576,False,True,True,True,True,True,0.0,True,True,16704,16704,True,True,True,True,2.8703452272266307e-16,,True,True,0.0,3.06532849844765e-13,True,True,1.0581674076415304e-05,PRIMARY_TOPOLOGY_CAST_FLOAT32_DIAGNOSTIC_ONLY,CONTINUUM_REFERENCE_MINUS_LAMBDA_1_BASE_SPH,True,0.1,2.842170943040401e-15,0.0,0.0,0.0,0.0,0.0,0.0,0.0,2.842170943040401e-15,0.0,True,0.0,4.64148917319414,1.3191905660488999e-13,1.3322676295501878e-15,0.0,3.9968028886505635e-15,5.88418203051333e-15,5.88418203051333e-15,1.3988810110276972e-14,0.0,1.5312431637523048e-13,6.938893903907228e-18,True,0.2284505468620391,0.01,2.842170943040401e-16,0.0,0.0,0.0,0.0,0.0,0.0,0.0,2.842170943040401e-16,0.0,True,0.0,4.64148917319414,1.3191905660488999e-13,1.3322676295501878e-15,0.0,3.9968028886505635e-15,5.88418203051333e-15,5.88418203051333e-15,1.3988810110276972e-14,0.0,1.5312431637523048e-13,6.938893903907228e-18,True,0.2284505468620391,H-MSO-01R-B,1c99103edaf76aa05915458fd498e07b1241e272,1.0,True,True,True,True,False,a4b7da1a9f6e4efab7ccbc9ec3bb5e4235a82aef30ce64017895df05ab1c2b01,False
184,HMSO01R_A|PRIMARY|F2|034e6c9c44e99f51aee8aba69d1a4c28c3cb9adb1b6463d89f18728770764abe,F2,FOLD_4,HMSO01R_A|FIELD_LINEAGE|ebfb44058badbf85a36d8671e914d20620f9253b30eeec0e96b5e0c20dc8e16c,576,False,True,True,True,True,True,0.0,True,True,46656,46656,True,True,True,True,2.1549012321808187e-16,,True,True,0.0,1.2830921007107035e-13,True,True,2.612455925365964e-06,PRIMARY_TOPOLOGY_CAST_FLOAT32_DIAGNOSTIC_ONLY,CONTINUUM_REFERENCE_MINUS_LAMBDA_1_BASE_SPH,True,0.1,2.842170943040401e-15,0.0,0.0,0.0,0.0,0.0,0.0,0.0,2.842170943040401e-15,0.0,True,0.0,2.0608332447823248,5.857240366771989e-14,4.440892098500626e-16,0.0,2.4980018054066022e-15,2.1094237467877974e-15,2.4980018054066022e-15,2.4980018054066022e-15,0.0,6.401249648838316e-14,1.3877787807814457e-17,True,0.4139531807321188,0.01,2.842170943040401e-16,0.0,0.0,0.0,0.0,0.0,0.0,0.0,2.842170943040401e-16,0.0,True,0.0,2.0608332447823248,5.857240366771989e-14,4.440892098500626e-16,0.0,2.4980018054066022e-15,2.1094237467877974e-15,2.4980018054066022e-15,2.4980018054066022e-15,0.0,6.401249648838316e-14,1.3877787807814457e-17,True,0.4139531807321188,H-MSO-01R-B,1c99103edaf76aa05915458fd498e07b1241e272,1.0,True,True,True,True,False,a4b7da1a9f6e4efab7ccbc9ec3bb5e4235a82aef30ce64017895df05ab1c2b01,False
185,HMSO01R_A|PRIMARY|F2|732f4cfaffee839c2b271711e16b6b2fb3e217bff4c7fcfb490bdf8b56ec287e,F2,FOLD_1,HMSO01R_A|FIELD_LINEAGE|b31d5c3484f2394d06a11f5ae52600d61d7c303637147b70dbb1edd7e25e93c9,576,False,True,True,True,True,True,0.0,True,True,28224,28224,True,True,True,True,2.8661376587597733e-16,,True,True,0.0,2.0241372572085127e-13,True,True,3.6584196421163284e-06,PRIMARY_TOPOLOGY_CAST_FLOAT32_DIAGNOSTIC_ONLY,CONTINUUM_REFERENCE_MINUS_LAMBDA_1_BASE_SPH,True,0.1,2.842170943040401e-15,0.0,0.0,0.0,0.0,0.0,0.0,0.0,2.842170943040401e-15,0.0,True,0.0,3.098868670824608,8.807514492515929e-14,8.881784197001252e-16,0.0,3.9968028886505635e-15,4.107825191113079e-15,4.107825191113079e-15,7.993605777301127e-15,0.0,1.0106475431327362e-13,0.0,True,0.24996523055535338,0.01,2.842170943040401e-16,0.0,0.0,0.0,0.0,0.0,0.0,0.0,2.842170943040401e-16,0.0,True,0.0,3.098868670824608,8.807514492515929e-14,8.881784197001252e-16,0.0,3.9968028886505635e-15,4.107825191113079e-15,4.107825191113079e-15,7.993605777301127e-15,0.0,1.0106475431327362e-13,0.0,True,0.24996523055535338,H-MSO-01R-B,1c99103edaf76aa05915458fd498e07b1241e272,1.0,True,True,True,True,False,a4b7da1a9f6e4efab7ccbc9ec3bb5e4235a82aef30ce64017895df05ab1c2b01,False
186,HMSO01R_A|PRIMARY|F2|b1d0a8244d66a3601ab9490c2f324ddb81f10addb947e8c682ba8c0128bd165b,F2,FOLD_2,HMSO01R_A|FIELD_LINEAGE|87172e4156e9f066a6ea7ab3304062c939784ea4bd0f5f1cf466bbc2d6008cc6,576,False,True,True,True,True,True,0.0,True,True,46656,46656,True,True,True,True,2.2102327269351366e-16,,True,True,0.0,4.944364155560975e-13,True,True,8.436540704037654e-06,PRIMARY_TOPOLOGY_CAST_FLOAT32_DIAGNOSTIC_ONLY,CONTINUUM_REFERENCE_MINUS_LAMBDA_1_BASE_SPH,True,0.1,2.842170943040401e-15,0.0,0.0,0.0,0.0,0.0,0.0,0.0,2.842170943040401e-15,0.0,True,0.0,8.036967409597048,2.284243524171941e-13,1.7763568394002505e-15,0.0,7.105427357601002e-15,5.773159728050814e-15,7.105427357601002e-15,9.769962616701378e-15,0.0,2.4707609923089673e-13,1.1102230246251565e-16,True,1.6556490778198523,0.01,2.842170943040401e-16,0.0,0.0,0.0,0.0,0.0,0.0,0.0,2.842170943040401e-16,0.0,True,0.0,8.036967409597048,2.284243524171941e-13,1.7763568394002505e-15,0.0,7.105427357601002e-15,5.773159728050814e-15,7.105427357601002e-15,9.769962616701378e-15,0.0,2.4707609923089673e-13,1.1102230246251565e-16,True,1.6556490778198523,H-MSO-01R-B,1c99103edaf76aa05915458fd498e07b1241e272,1.0,True,True,True,True,False,a4b7da1a9f6e4efab7ccbc9ec3bb5e4235a82aef30ce64017895df05ab1c2b01,False
187,HMSO01R_A|PRIMARY|F2|72d1507d3e0e38859bf68cd9d3d24754b35a19b61c5d7d5a9758d538c22b58ae,F2,FOLD_3,HMSO01R_A|FIELD_LINEAGE|e82aee0755c70810ee3fbd630ec4d3fa698e473225b4aa505b26af8a458a6400,576,False,True,True,True,True,True,7.771561172376096e-16,True,True,46656,46656,True,True,True,True,3.898098030542072e-16,,True,True,0.0,7.32631784131966e-15,True,True,8.969100394190521e-07,PRIMARY_TOPOLOGY_CAST_FLOAT32_DIAGNOSTIC_ONLY,CONTINUUM_REFERENCE_MINUS_LAMBDA_1_BASE_SPH,True,1.1392458741944653,3.237931520614169e-14,4.440892098500626e-16,0.0,5.551115123125783e-16,4.440892098500626e-16,5.551115123125783e-16,5.551115123125783e-16,0.0,3.393362744061691e-14,0.0,True,0.10539660707118836,0.01,2.842170943040401e-16,0.0,0.0,0.0,0.0,0.0,0.0,0.0,2.842170943040401e-16,0.0,True,0.0,0.11570723554751966,3.2885974277269173e-15,4.163336342344337e-17,0.0,6.591949208711867e-17,6.071532165918825e-17,6.591949208711867e-17,1.249000902703301e-16,0.0,3.5210503735078095e-15,9.486769009248164e-20,True,0.007570152925265945,0.11570723554751966,3.2885974277269173e-15,4.163336342344337e-17,0.0,6.591949208711867e-17,6.071532165918825e-17,6.591949208711867e-17,1.249000902703301e-16,0.0,3.5210503735078095e-15,9.486769009248164e-20,True,0.007570152925265945,H-MSO-01R-B,1c99103edaf76aa05915458fd498e07b1241e272,1.0,True,True,True,True,False,a4b7da1a9f6e4efab7ccbc9ec3bb5e4235a82aef30ce64017895df05ab1c2b01,False
188,HMSO01R_A|PRIMARY|F2|3d2c5979ee1fcd4aee7a725050dc0ff27fa2da4d1c90535241ecacbdd1790f25,F2,FOLD_0,HMSO01R_A|FIELD_LINEAGE|8573999ac09da70da8d1802997d1dd1b2879d7ff239af35fb1a185a39cc1f420,576,False,True,True,True,True,True,5.551115123125783e-16,True,True,16704,16704,True,True,True,True,2.8673405268644766e-16,,True,True,0.0,9.502304299367069e-15,True,True,1.4498917736971428e-06,PRIMARY_TOPOLOGY_CAST_FLOAT32_DIAGNOSTIC_ONLY,CONTINUUM_REFERENCE_MINUS_LAMBDA_1_BASE_SPH,True,1.2830612312640273,3.646679349640258e-14,2.220446049250313e-16,0.0,4.440892098500626e-16,3.3306690738754696e-16,4.440892098500626e-16,8.881784197001252e-16,0.0,3.80211057308778e-14,0.0,True,0.07166113967796155,0.01,2.842170943040401e-16,0.0,0.0,0.0,0.0,0.0,0.0,0.0,2.842170943040401e-16,0.0,True,0.0,0.1451985316476195,4.126790476209962e-15,4.163336342344337e-17,0.0,7.979727989493313e-17,5.551115123125783e-17,7.979727989493313e-17,3.608224830031759e-16,0.0,4.609043602531514e-15,5.421010862427522e-20,True,0.00712475094556986,0.1451985316476195,4.126790476209962e-15,4.163336342344337e-17,0.0,7.979727989493313e-17,5.551115123125783e-17,7.979727989493313e-17,3.608224830031759e-16,0.0,4.609043602531514e-15,5.421010862427522e-20,True,0.00712475094556986,H-MSO-01R-B,1c99103edaf76aa05915458fd498e07b1241e272,1.0,True,True,True,True,False,a4b7da1a9f6e4efab7ccbc9ec3bb5e4235a82aef30ce64017895df05ab1c2b01,False
189,HMSO01R_A|PRIMARY|F2|8d55437423bf8c70e6605b36d7260b3a4672b3a5ed3778b44ba3d5bf4cb18b32,F2,FOLD_0,HMSO01R_A|FIELD_LINEAGE|97c8122849aa3cb13b599389c011f78352d49decd5677988d0a2a6da7c39f700,576,False,True,True,True,True,True,0.0,True,True,28224,28224,True,True,True,True,1.8900874645458878e-16,,True,True,0.0,1.4561015158838676e-13,True,True,1.9703690099515114e-06,PRIMARY_TOPOLOGY_CAST_FLOAT32_DIAGNOSTIC_ONLY,CONTINUUM_REFERENCE_MINUS_LAMBDA_1_BASE_SPH,True,0.1,2.842170943040401e-15,0.0,0.0,0.0,0.0,0.0,0.0,0.0,2.842170943040401e-15,0.0,True,0.0,2.349569626698516,6.677878521652804e-14,4.440892098500626e-16,0.0,1.9984014443252818e-15,1.8318679906315083e-15,1.9984014443252818e-15,3.4416913763379853e-15,0.0,7.266296724704136e-14,3.469446951953614e-18,True,0.17627768126255683,0.01,2.842170943040401e-16,0.0,0.0,0.0,0.0,0.0,0.0,0.0,2.842170943040401e-16,0.0,True,0.0,2.349569626698516,6.677878521652804e-14,4.440892098500626e-16,0.0,1.9984014443252818e-15,1.8318679906315083e-15,1.9984014443252818e-15,3.4416913763379853e-15,0.0,7.266296724704136e-14,3.469446951953614e-18,True,0.17627768126255683,H-MSO-01R-B,1c99103edaf76aa05915458fd498e07b1241e272,1.0,True,True,True,True,False,a4b7da1a9f6e4efab7ccbc9ec3bb5e4235a82aef30ce64017895df05ab1c2b01,False
190,HMSO01R_A|PRIMARY|F2|84e4cae6d11fca7df479ebcc35a969e79388e4512dbaf94280c83be546b27d42,F2,FOLD_0,HMSO01R_A|FIELD_LINEAGE|8573999ac09da70da8d1802997d1dd1b2879d7ff239af35fb1a185a39cc1f420,576,False,True,True,True,True,True,5.551115123125783e-16,True,True,28224,28224,True,True,True,True,2.8673405268644766e-16,,True,True,0.0,9.104185261630392e-15,True,True,1.463712810401141e-06,PRIMARY_TOPOLOGY_CAST_FLOAT32_DIAGNOSTIC_ONLY,CONTINUUM_REFERENCE_MINUS_LAMBDA_1_BASE_SPH,True,1.2830612312640273,3.646679349640258e-14,2.220446049250313e-16,0.0,4.440892098500626e-16,4.440892098500626e-16,4.440892098500626e-16,6.661338147750939e-16,0.0,3.779906112595277e-14,0.0,True,0.11321593212267618,0.01,2.842170943040401e-16,0.0,0.0,0.0,0.0,0.0,0.0,0.0,2.842170943040401e-16,0.0,True,0.0,0.1451985316476195,4.126790476209962e-15,4.163336342344337e-17,0.0,6.245004513516506e-17,6.808789643208968e-17,6.808789643208968e-17,1.734723475976807e-16,0.0,4.409984083663176e-15,1.0842021724855044e-19,True,0.010799320042080309,0.1451985316476195,4.126790476209962e-15,4.163336342344337e-17,0.0,6.245004513516506e-17,6.808789643208968e-17,6.808789643208968e-17,1.734723475976807e-16,0.0,4.409984083663176e-15,1.0842021724855044e-19,True,0.010799320042080309,H-MSO-01R-B,1c99103edaf76aa05915458fd498e07b1241e272,1.0,True,True,True,True,False,a4b7da1a9f6e4efab7ccbc9ec3bb5e4235a82aef30ce64017895df05ab1c2b01,False
191,HMSO01R_A|PRIMARY|F2|288da569df1da8449acb1b2e9db3c3d5edda6f8e97a8bdeb3237c37cd17645a4,F2,FOLD_4,HMSO01R_A|FIELD_LINEAGE|5717c014ee19e2404587fa3546273faef8d6d97d2a31a4b9e01b24770e476426,576,False,True,True,True,True,True,2.6115719829744588e-17,True,True,16704,16704,True,True,True,True,3.771707941780837e-16,,True,True,0.0,2.6012528583540675e-15,True,True,3.722262888466044e-08,PRIMARY_TOPOLOGY_CAST_FLOAT32_DIAGNOSTIC_ONLY,CONTINUUM_REFERENCE_MINUS_LAMBDA_1_BASE_SPH,True,0.1,2.842170943040401e-15,0.0,0.0,2.7755575615628914e-17,2.7755575615628914e-17,2.7755575615628914e-17,9.020562075079397e-17,0.0,2.9601321394068238e-15,0.0,True,1.6295333549125276e-05,0.01,2.842170943040401e-16,0.0,0.0,0.0,0.0,0.0,0.0,0.0,2.842170943040401e-16,0.0,True,0.0,0.03679443907648366,1.0457608560865213e-15,1.3877787807814457e-17,0.0,1.5612511283791264e-17,1.3877787807814457e-17,1.5612511283791264e-17,8.326672684688674e-17,0.0,1.1585178820250138e-15,6.776263578034403e-21,True,0.0017811877363924562,0.03679443907648366,1.0457608560865213e-15,1.3877787807814457e-17,0.0,1.5612511283791264e-17,1.3877787807814457e-17,1.5612511283791264e-17,8.326672684688674e-17,0.0,1.1585178820250138e-15,6.776263578034403e-21,True,0.0017811877363924562,H-MSO-01R-B,1c99103edaf76aa05915458fd498e07b1241e272,1.0,True,True,True,True,False,a4b7da1a9f6e4efab7ccbc9ec3bb5e4235a82aef30ce64017895df05ab1c2b01,False
192,HMSO01R_A|PRIMARY|F3|0246c8978fdb6f9b1602abd7e4bb592349c6dbcaec25b547026c9c2750042711,F3,FOLD_2,HMSO01R_A|FIELD_LINEAGE|e2fdf0ecb37222ddf2c343b2a9785bb080b33fb721f4d3381403db08d53276de,576,False,True,True,True,True,True,1.3322676295501878e-15,True,True,28224,28224,True,True,True,True,3.164984751349147e-16,,True,True,0.0,2.266126650650906e-14,True,True,7.250811497550025e-06,PRIMARY_TOPOLOGY_CAST_FLOAT32_DIAGNOSTIC_ONLY,CONTINUUM_REFERENCE_MINUS_LAMBDA_1_BASE_SPH,True,2.8062644514211925,7.975883282316524e-14,8.881784197001252e-16,0.0,8.881784197001252e-16,8.881784197001252e-16,8.881784197001252e-16,1.3322676295501878e-15,0.0,8.286745729211567e-14,0.0,True,0.2724781570503835,0.01,2.842170943040401e-16,0.0,0.0,0.0,0.0,0.0,0.0,0.0,2.842170943040401e-16,0.0,True,0.0,0.3526455913846004,1.0022790530246095e-14,1.1102230246251565e-16,0.0,3.608224830031759e-16,3.3306690738754696e-16,3.608224830031759e-16,6.938893903907228e-16,0.0,1.118852470610251e-14,0.0,True,0.019950022633090616,0.3526455913846004,1.0022790530246095e-14,1.1102230246251565e-16,0.0,3.608224830031759e-16,3.3306690738754696e-16,3.608224830031759e-16,6.938893903907228e-16,0.0,1.118852470610251e-14,0.0,True,0.019950022633090616,H-MSO-01R-B,1c99103edaf76aa05915458fd498e07b1241e272,1.0,True,True,True,True,False,a4b7da1a9f6e4efab7ccbc9ec3bb5e4235a82aef30ce64017895df05ab1c2b01,False
193,HMSO01R_A|PRIMARY|F3|284496823e8aec01b40520cb6e31072714c17b163a3b2aee9494245e6ab4fbe3,F3,FOLD_3,HMSO01R_A|FIELD_LINEAGE|adcf8aaea780832e88b7b6b779fb3ef2ecab338dd7379ac8654e7aabdcee4b4f,576,False,True,True,True,True,True,0.0,True,True,46656,46656,True,True,True,True,1.4140846053067634e-16,,True,True,0.0,1.5323220899012585e-12,True,True,4.0466415377693465e-05,PRIMARY_TOPOLOGY_CAST_FLOAT32_DIAGNOSTIC_ONLY,CONTINUUM_REFERENCE_MINUS_LAMBDA_1_BASE_SPH,True,0.1,2.842170943040401e-15,0.0,0.0,0.0,0.0,0.0,0.0,0.0,2.842170943040401e-15,0.0,True,0.0,25.12377028551128,7.1406049885102e-13,3.552713678800501e-15,0.0,2.042810365310288e-14,1.9539925233402755e-14,2.042810365310288e-14,2.7977620220553945e-14,0.0,7.660189364034773e-13,0.0,True,4.059642782893953,0.01,2.842170943040401e-16,0.0,0.0,0.0,0.0,0.0,0.0,0.0,2.842170943040401e-16,0.0,True,0.0,25.12377028551128,7.1406049885102e-13,3.552713678800501e-15,0.0,2.042810365310288e-14,1.9539925233402755e-14,2.042810365310288e-14,2.7977620220553945e-14,0.0,7.660189364034773e-13,0.0,True,4.059642782893953,H-MSO-01R-B,1c99103edaf76aa05915458fd498e07b1241e272,1.0,True,True,True,True,False,a4b7da1a9f6e4efab7ccbc9ec3bb5e4235a82aef30ce64017895df05ab1c2b01,False
194,HMSO01R_A|PRIMARY|F3|856be85985639f39746337ee50cc51e130ce0a7d2c260e20fb1669a498ca4c4a,F3,FOLD_4,HMSO01R_A|FIELD_LINEAGE|440a69e5e6d8a6266c3153ff4cc4273aafca8ec71c677d3f24cfa0db89cae65c,576,False,True,True,True,True,True,0.0,True,True,46656,46656,True,True,True,True,1.4136328784992143e-16,,True,True,0.0,7.745249375202612e-13,True,True,2.107541398110868e-05,PRIMARY_TOPOLOGY_CAST_FLOAT32_DIAGNOSTIC_ONLY,CONTINUUM_REFERENCE_MINUS_LAMBDA_1_BASE_SPH,True,0.1,2.842170943040401e-15,0.0,0.0,0.0,0.0,0.0,0.0,0.0,2.842170943040401e-15,0.0,True,0.0,12.565899296896113,3.5714433854809934e-13,1.7763568394002505e-15,0.0,1.4210854715202004e-14,9.020562075079397e-15,1.4210854715202004e-14,1.3988810110276972e-14,0.0,3.8712036021297857e-13,0.0,True,2.033825464472176,0.01,2.842170943040401e-16,0.0,0.0,0.0,0.0,0.0,0.0,0.0,2.842170943040401e-16,0.0,True,0.0,12.565899296896113,3.5714433854809934e-13,1.7763568394002505e-15,0.0,1.4210854715202004e-14,9.020562075079397e-15,1.4210854715202004e-14,1.3988810110276972e-14,0.0,3.8712036021297857e-13,0.0,True,2.033825464472176,H-MSO-01R-B,1c99103edaf76aa05915458fd498e07b1241e272,1.0,True,True,True,True,False,a4b7da1a9f6e4efab7ccbc9ec3bb5e4235a82aef30ce64017895df05ab1c2b01,False
195,HMSO01R_A|PRIMARY|F3|b2ac6ac17aa0a12ce8cd63645f41349492c000f968be067724d7f478de5b6729,F3,FOLD_3,HMSO01R_A|FIELD_LINEAGE|a97cf87a717a68b745e28078c021ba65c881711a1cd171188bc4affd3a1b5795,576,False,True,True,True,True,True,0.0,True,True,28224,28224,True,True,True,True,2.8301260856667544e-16,,True,True,0.0,3.868215769854186e-13,True,True,1.619653257739495e-05,PRIMARY_TOPOLOGY_CAST_FLOAT32_DIAGNOSTIC_ONLY,CONTINUUM_REFERENCE_MINUS_LAMBDA_1_BASE_SPH,True,0.1,2.842170943040401e-15,0.0,0.0,0.0,0.0,0.0,0.0,0.0,2.842170943040401e-15,0.0,True,0.0,6.276599648321871,1.783916914155802e-13,1.7763568394002505e-15,0.0,5.10702591327572e-15,4.218847493575595e-15,5.10702591327572e-15,7.993605777301127e-15,0.0,1.932686799455573e-13,0.0,True,0.681149961804703,0.01,2.842170943040401e-16,0.0,0.0,0.0,0.0,0.0,0.0,0.0,2.842170943040401e-16,0.0,True,0.0,6.276599648321871,1.783916914155802e-13,1.7763568394002505e-15,0.0,5.10702591327572e-15,4.218847493575595e-15,5.10702591327572e-15,7.993605777301127e-15,0.0,1.932686799455573e-13,0.0,True,0.681149961804703,H-MSO-01R-B,1c99103edaf76aa05915458fd498e07b1241e272,1.0,True,True,True,True,False,a4b7da1a9f6e4efab7ccbc9ec3bb5e4235a82aef30ce64017895df05ab1c2b01,False
196,HMSO01R_A|PRIMARY|F3|b086157b1bcfb941501ef7f87c880219004f7cad86dd44d4bd3f804094e509b4,F3,FOLD_5,HMSO01R_A|FIELD_LINEAGE|bf32023450080971c5fdfb56d7a260838d7b8e02917a4118c4ed0b4a49c6c14a,576,False,True,True,True,True,True,1.460149275794853e-16,True,True,16704,16704,True,True,True,True,3.1653656809497727e-16,,True,True,0.0,6.134615435461872e-15,True,True,1.482824700674637e-07,PRIMARY_TOPOLOGY_CAST_FLOAT32_DIAGNOSTIC_ONLY,CONTINUUM_REFERENCE_MINUS_LAMBDA_1_BASE_SPH,True,0.1,2.842170943040401e-15,0.0,0.0,1.6653345369377348e-16,1.6653345369377348e-16,1.6653345369377348e-16,2.7755575615628914e-16,0.0,3.2862601528904635e-15,0.0,True,9.77720012947508e-05,0.01,2.842170943040401e-16,0.0,0.0,0.0,0.0,0.0,0.0,0.0,2.842170943040401e-16,0.0,True,0.0,0.08815078823909132,2.5053960893925285e-15,2.7755575615628914e-17,0.0,6.245004513516506e-17,4.163336342344337e-17,6.245004513516506e-17,3.2959746043559335e-16,0.0,2.925199170578916e-15,0.0,True,0.0034757140393922494,0.08815078823909132,2.5053960893925285e-15,2.7755575615628914e-17,0.0,6.245004513516506e-17,4.163336342344337e-17,6.245004513516506e-17,3.2959746043559335e-16,0.0,2.925199170578916e-15,0.0,True,0.0034757140393922494,H-MSO-01R-B,1c99103edaf76aa05915458fd498e07b1241e272,1.0,True,True,True,True,False,a4b7da1a9f6e4efab7ccbc9ec3bb5e4235a82aef30ce64017895df05ab1c2b01,False
197,HMSO01R_A|PRIMARY|F3|1c755f486d1242ae237857d913100f73519ac2418e3546045035c8318a436869,F3,FOLD_5,HMSO01R_A|FIELD_LINEAGE|d2f9d8c8f5f3c69790790651faeb1c1f59b6b387e4ede38adea5936b94855ff9,576,False,True,True,True,True,True,3.6419028600145897e-16,True,True,46656,46656,True,True,True,True,3.1617135454486233e-16,,True,True,0.0,1.109106418162375e-14,True,True,3.459100598179887e-07,PRIMARY_TOPOLOGY_CAST_FLOAT32_DIAGNOSTIC_ONLY,CONTINUUM_REFERENCE_MINUS_LAMBDA_1_BASE_SPH,True,0.1,2.842170943040401e-15,0.0,0.0,3.885780586188048e-16,3.3306690738754696e-16,3.885780586188048e-16,5.551115123125783e-16,0.0,3.785860513971784e-15,0.0,True,6.4495375244157034e-06,0.01,2.842170943040401e-16,0.0,0.0,0.0,0.0,0.0,0.0,0.0,2.842170943040401e-16,0.0,True,0.0,0.17650522466993349,5.016580208517027e-15,5.551115123125783e-17,0.0,9.71445146547012e-17,9.71445146547012e-17,9.71445146547012e-17,2.3418766925686896e-16,0.0,5.4034235436598546e-15,0.0,True,0.014928204998847895,0.17650522466993349,5.016580208517027e-15,5.551115123125783e-17,0.0,9.71445146547012e-17,9.71445146547012e-17,9.71445146547012e-17,2.3418766925686896e-16,0.0,5.4034235436598546e-15,0.0,True,0.014928204998847895,H-MSO-01R-B,1c99103edaf76aa05915458fd498e07b1241e272,1.0,True,True,True,True,False,a4b7da1a9f6e4efab7ccbc9ec3bb5e4235a82aef30ce64017895df05ab1c2b01,False
198,HMSO01R_A|PRIMARY|F3|7a55c18fc48b21e85cc57c38b6ca548a108b03deee77e5dc0ebe5146fbe17cfd,F3,FOLD_5,HMSO01R_A|FIELD_LINEAGE|226b761343bde11d0f8531972b4efd2a54f34c441ce74b43268bfdfde41542ed,576,False,True,True,True,True,True,0.0,True,True,16704,16704,True,True,True,True,2.8301260856667544e-16,,True,True,0.0,4.0480718998434615e-13,True,True,1.6643878340105722e-05,PRIMARY_TOPOLOGY_CAST_FLOAT32_DIAGNOSTIC_ONLY,CONTINUUM_REFERENCE_MINUS_LAMBDA_1_BASE_SPH,True,0.1,2.842170943040401e-15,0.0,0.0,0.0,0.0,0.0,0.0,0.0,2.842170943040401e-15,0.0,True,0.0,6.276599648321871,1.783916914155802e-13,1.7763568394002505e-15,0.0,5.10702591327572e-15,4.440892098500626e-15,5.10702591327572e-15,1.6986412276764895e-14,0.0,2.0226148644502106e-13,0.0,True,0.43743892150386976,0.01,2.842170943040401e-16,0.0,0.0,0.0,0.0,0.0,0.0,0.0,2.842170943040401e-16,0.0,True,0.0,6.276599648321871,1.783916914155802e-13,1.7763568394002505e-15,0.0,5.10702591327572e-15,4.440892098500626e-15,5.10702591327572e-15,1.6986412276764895e-14,0.0,2.0226148644502106e-13,0.0,True,0.43743892150386976,H-MSO-01R-B,1c99103edaf76aa05915458fd498e07b1241e272,1.0,True,True,True,True,False,a4b7da1a9f6e4efab7ccbc9ec3bb5e4235a82aef30ce64017895df05ab1c2b01,False
199,HMSO01R_A|PRIMARY|F3|9dfa53931f7f4e1baae8e92539a530becbe3dc126225f6cab71b5b92d4e26c23,F3,FOLD_1,HMSO01R_A|FIELD_LINEAGE|b0c6a47a41827791b3e03b32c3cfc7642f7c46055e5fbdc618a902dd60890cc0,576,False,True,True,True,True,True,0.0,True,True,16704,16704,True,True,True,True,2.8279590805466647e-16,,True,True,0.0,1.64056392830701e-12,True,True,6.582992253956199e-05,PRIMARY_TOPOLOGY_CAST_FLOAT32_DIAGNOSTIC_ONLY,CONTINUUM_REFERENCE_MINUS_LAMBDA_1_BASE_SPH,True,0.1,2.842170943040401e-15,0.0,0.0,0.0,0.0,0.0,0.0,0.0,2.842170943040401e-15,0.0,True,0.0,25.125637094534873,7.141135567546506e-13,7.105427357601002e-15,0.0,1.8984813721090177e-14,1.84297022087776e-14,1.8984813721090177e-14,7.993605777301127e-14,0.0,8.20139855606353e-13,0.0,True,1.7720725654946343,0.01,2.842170943040401e-16,0.0,0.0,0.0,0.0,0.0,0.0,0.0,2.842170943040401e-16,0.0,True,0.0,25.125637094534873,7.141135567546506e-13,7.105427357601002e-15,0.0,1.8984813721090177e-14,1.84297022087776e-14,1.8984813721090177e-14,7.993605777301127e-14,0.0,8.20139855606353e-13,0.0,True,1.7720725654946343,H-MSO-01R-B,1c99103edaf76aa05915458fd498e07b1241e272,1.0,True,True,True,True,False,a4b7da1a9f6e4efab7ccbc9ec3bb5e4235a82aef30ce64017895df05ab1c2b01,False
200,HMSO01R_A|PRIMARY|F3|36bd7fbc4400ae830da89e8b7049cba3a2eba76340c04c9b22d524ed882f25fa,F3,FOLD_0,HMSO01R_A|FIELD_LINEAGE|46ad1db2ba1a448aa8fcf8fea69b4b772861af80c9b661f505a8c591ffdfe68c,576,False,True,True,True,True,True,1.4919299519758344e-16,True,True,46656,46656,True,True,True,True,3.739759782743068e-16,,True,True,0.0,2.0883036304939557e-15,True,True,5.960464494192408e-08,PRIMARY_TOPOLOGY_CAST_FLOAT32_DIAGNOSTIC_ONLY,CONTINUUM_REFERENCE_MINUS_LAMBDA_1_BASE_SPH,True,0.1,2.842170943040401e-15,0.0,0.0,1.6653345369377348e-16,1.3877787807814457e-16,1.6653345369377348e-16,1.942890293094024e-16,0.0,3.2029934260435768e-15,0.0,True,1.1843158526915963e-16,0.01,2.842170943040401e-16,0.0,0.0,0.0,0.0,0.0,0.0,0.0,2.842170943040401e-16,0.0,True,0.0,0.027831575984879037,7.910209656324422e-16,1.0408340855860843e-17,0.0,3.8163916471489756e-17,3.2959746043559335e-17,3.8163916471489756e-17,6.245004513516506e-17,0.0,9.020432680949579e-16,0.0,True,0.0012626912488830089,0.027831575984879037,7.910209656324422e-16,1.0408340855860843e-17,0.0,3.8163916471489756e-17,3.2959746043559335e-17,3.8163916471489756e-17,6.245004513516506e-17,0.0,9.020432680949579e-16,0.0,True,0.0012626912488830089,H-MSO-01R-B,1c99103edaf76aa05915458fd498e07b1241e272,1.0,True,True,True,True,False,a4b7da1a9f6e4efab7ccbc9ec3bb5e4235a82aef30ce64017895df05ab1c2b01,False
201,HMSO01R_A|PRIMARY|F3|48ad4afa1ebbb91c201c1775b9df72193c6c5e3c47d0cd6020e71c21eda7c325,F3,FOLD_3,HMSO01R_A|FIELD_LINEAGE|99c13161db8958c19a30a96b96a6940cece539d1c84e808e21dfa37710ec6894,576,False,True,True,True,True,True,3.3306690738754696e-16,True,True,28224,28224,True,True,True,True,3.1653656809497727e-16,,True,True,0.0,5.877876361017305e-15,True,True,1.1010691369217618e-06,PRIMARY_TOPOLOGY_CAST_FLOAT32_DIAGNOSTIC_ONLY,CONTINUUM_REFERENCE_MINUS_LAMBDA_1_BASE_SPH,True,0.7014816842849149,1.993730860149625e-14,2.220446049250313e-16,0.0,3.3306690738754696e-16,2.220446049250313e-16,3.3306690738754696e-16,4.440892098500626e-16,0.0,2.0936509323658892e-14,0.0,True,0.06811953926259588,0.01,2.842170943040401e-16,0.0,0.0,0.0,0.0,0.0,0.0,0.0,2.842170943040401e-16,0.0,True,0.0,0.08815078823909132,2.5053960893925285e-15,2.7755575615628914e-17,0.0,7.632783294297951e-17,6.591949208711867e-17,7.632783294297951e-17,1.8735013540549517e-16,0.0,2.796829633356632e-15,0.0,True,0.004987505658272653,0.08815078823909132,2.5053960893925285e-15,2.7755575615628914e-17,0.0,7.632783294297951e-17,6.591949208711867e-17,7.632783294297951e-17,1.8735013540549517e-16,0.0,2.796829633356632e-15,0.0,True,0.004987505658272653,H-MSO-01R-B,1c99103edaf76aa05915458fd498e07b1241e272,1.0,True,True,True,True,False,a4b7da1a9f6e4efab7ccbc9ec3bb5e4235a82aef30ce64017895df05ab1c2b01,False
202,HMSO01R_A|PRIMARY|F3|640c5b30036e29f6d84cd9443dde5d1b73abd9252849cb7199b651f12e5099e6,F3,FOLD_0,HMSO01R_A|FIELD_LINEAGE|be9a8927a3f7361841f3e523395e00d4ebcd734040aebfe38006ae7fda2437fd,576,False,True,True,True,True,True,0.0,True,True,46656,46656,True,True,True,True,1.418757721756763e-16,,True,True,0.0,8.194623260844093e-13,True,True,2.110260060894653e-05,PRIMARY_TOPOLOGY_CAST_FLOAT32_DIAGNOSTIC_ONLY,CONTINUUM_REFERENCE_MINUS_LAMBDA_1_BASE_SPH,True,0.1,2.842170943040401e-15,0.0,0.0,0.0,0.0,0.0,0.0,0.0,2.842170943040401e-15,0.0,True,0.0,12.520508696866818,3.5585426010319503e-13,1.7763568394002505e-15,0.0,1.5987211554602254e-14,1.4210854715202004e-14,1.5987211554602254e-14,3.597122599785507e-14,0.0,4.095890544950526e-13,0.0,True,1.111585817153882,0.01,2.842170943040401e-16,0.0,0.0,0.0,0.0,0.0,0.0,0.0,2.842170943040401e-16,0.0,True,0.0,12.520508696866818,3.5585426010319503e-13,1.7763568394002505e-15,0.0,1.5987211554602254e-14,1.4210854715202004e-14,1.5987211554602254e-14,3.597122599785507e-14,0.0,4.095890544950526e-13,0.0,True,1.111585817153882,H-MSO-01R-B,1c99103edaf76aa05915458fd498e07b1241e272,1.0,True,True,True,True,False,a4b7da1a9f6e4efab7ccbc9ec3bb5e4235a82aef30ce64017895df05ab1c2b01,False
203,HMSO01R_A|PRIMARY|F3|37814f4c4943fb00e00ed04672af67774d05465c46e6a4aaca391f8387f4afda,F3,FOLD_1,HMSO01R_A|FIELD_LINEAGE|5788e5f098ee24a0bfe3ef48cb7ba08a0bdbab2c319fd19eedc3c9eb4ac76f03,576,False,True,True,True,True,True,3.885780586188048e-16,True,True,46656,46656,True,True,True,True,3.191841322443933e-16,,True,True,0.0,2.075873265966667e-15,True,True,7.12815388048682e-07,PRIMARY_TOPOLOGY_CAST_FLOAT32_DIAGNOSTIC_ONLY,CONTINUUM_REFERENCE_MINUS_LAMBDA_1_BASE_SPH,True,0.4428728484992099,1.2587203414659879e-14,1.1102230246251565e-16,0.0,2.7755575615628914e-16,2.220446049250313e-16,2.7755575615628914e-16,2.7755575615628914e-16,0.0,1.3253337229434973e-14,0.0,True,0.02745449392503634,0.01,2.842170943040401e-16,0.0,0.0,0.0,0.0,0.0,0.0,0.0,2.842170943040401e-16,0.0,True,0.0,0.027826521746390064,7.908773155347167e-16,6.938893903907228e-18,0.0,3.903127820947816e-17,2.7755575615628914e-17,3.903127820947816e-17,5.898059818321144e-17,0.0,8.958280858313136e-16,0.0,True,0.001262691248883011,0.027826521746390064,7.908773155347167e-16,6.938893903907228e-18,0.0,3.903127820947816e-17,2.7755575615628914e-17,3.903127820947816e-17,5.898059818321144e-17,0.0,8.958280858313136e-16,0.0,True,0.001262691248883011,H-MSO-01R-B,1c99103edaf76aa05915458fd498e07b1241e272,1.0,True,True,True,True,False,a4b7da1a9f6e4efab7ccbc9ec3bb5e4235a82aef30ce64017895df05ab1c2b01,False
204,HMSO01R_A|PRIMARY|F3|fff250630c55c8bdaf6d9ce420a0a9166a884a0b680ca35cd4e6f7da5e276171,F3,FOLD_2,HMSO01R_A|FIELD_LINEAGE|5c056a7425c54539d868f52b6ae68a4c578195d4f6b5cb7d636be4eab2c2df8c,576,False,True,True,True,True,True,0.0,True,True,46656,46656,True,True,True,True,1.4175322007834052e-16,,True,True,0.0,2.0523257042739447e-13,True,True,5.044140967136457e-06,PRIMARY_TOPOLOGY_CAST_FLOAT32_DIAGNOSTIC_ONLY,CONTINUUM_REFERENCE_MINUS_LAMBDA_1_BASE_SPH,True,0.1,2.842170943040401e-15,0.0,0.0,0.0,0.0,0.0,0.0,0.0,2.842170943040401e-15,0.0,True,0.0,3.132833311332433,8.904047806858082e-14,4.440892098500626e-16,0.0,5.995204332975845e-15,4.440892098500626e-15,5.995204332975845e-15,6.994405055138486e-15,0.0,1.0247417666654522e-13,0.0,True,0.2747543009680209,0.01,2.842170943040401e-16,0.0,0.0,0.0,0.0,0.0,0.0,0.0,2.842170943040401e-16,0.0,True,0.0,3.132833311332433,8.904047806858082e-14,4.440892098500626e-16,0.0,5.995204332975845e-15,4.440892098500626e-15,5.995204332975845e-15,6.994405055138486e-15,0.0,1.0247417666654522e-13,0.0,True,0.2747543009680209,H-MSO-01R-B,1c99103edaf76aa05915458fd498e07b1241e272,1.0,True,True,True,True,False,a4b7da1a9f6e4efab7ccbc9ec3bb5e4235a82aef30ce64017895df05ab1c2b01,False
205,HMSO01R_A|PRIMARY|F3|b99c0eeb5430528c2b50c8e3895f960a908c4207e1a45f365d2458a81bb0bc1d,F3,FOLD_3,HMSO01R_A|FIELD_LINEAGE|dca2b57202d33de06ea638a8ecbab23d1b960b5ed15b6841dcbc75b212cc8712,576,False,True,True,True,True,True,1.5977751890647318e-16,True,True,28224,28224,True,True,True,True,3.1617135454486233e-16,,True,True,0.0,5.86978660294146e-15,True,True,1.7266317375169704e-07,PRIMARY_TOPOLOGY_CAST_FLOAT32_DIAGNOSTIC_ONLY,CONTINUUM_REFERENCE_MINUS_LAMBDA_1_BASE_SPH,True,0.1,2.842170943040401e-15,0.0,0.0,1.942890293094024e-16,1.3877787807814457e-16,1.942890293094024e-16,2.7755575615628914e-16,0.0,3.3140157285060924e-15,0.0,True,3.549341956005613e-06,0.01,2.842170943040401e-16,0.0,0.0,0.0,0.0,0.0,0.0,0.0,2.842170943040401e-16,0.0,True,0.0,0.08825261233496674,2.5082901042585133e-15,2.7755575615628914e-17,0.0,6.938893903907228e-17,5.551115123125783e-17,6.938893903907228e-17,1.8735013540549517e-16,0.0,2.7927847543187097e-15,0.0,True,0.004987505658272653,0.08825261233496674,2.5082901042585133e-15,2.7755575615628914e-17,0.0,6.938893903907228e-17,5.551115123125783e-17,6.938893903907228e-17,1.8735013540549517e-16,0.0,2.7927847543187097e-15,0.0,True,0.004987505658272653,H-MSO-01R-B,1c99103edaf76aa05915458fd498e07b1241e272,1.0,True,True,True,True,False,a4b7da1a9f6e4efab7ccbc9ec3bb5e4235a82aef30ce64017895df05ab1c2b01,False
206,HMSO01R_A|PRIMARY|F3|85fea40f0a91b03a078c3b5a07bf11f84086ae49de633169660bf9e7756cae9f,F3,FOLD_1,HMSO01R_A|FIELD_LINEAGE|d6ecf8cd80acb9db6acee967c0d1a3a8ca941d75fcf9e621c7ea05d79a191767,576,False,True,True,True,True,True,1.6653345369377348e-16,True,True,28224,28224,True,True,True,True,2.513435083615995e-16,,True,True,0.0,1.2517039987848626e-15,True,True,2.6520418368314314e-07,PRIMARY_TOPOLOGY_CAST_FLOAT32_DIAGNOSTIC_ONLY,CONTINUUM_REFERENCE_MINUS_LAMBDA_1_BASE_SPH,True,0.2208577082141934,6.277153608328757e-15,5.551115123125783e-17,0.0,8.326672684688674e-17,1.1102230246251565e-16,1.1102230246251565e-16,1.3877787807814457e-16,0.0,6.582464940100675e-15,0.0,True,0.009090322582653791,0.01,2.842170943040401e-16,0.0,0.0,0.0,0.0,0.0,0.0,0.0,2.842170943040401e-16,0.0,True,0.0,0.01387689907228776,3.9440519322760567e-16,3.469446951953614e-18,0.0,2.688821387764051e-17,2.3418766925686896e-17,2.688821387764051e-17,5.898059818321144e-17,0.0,4.837434522404112e-16,0.0,True,0.00042668373034429456,0.01387689907228776,3.9440519322760567e-16,3.469446951953614e-18,0.0,2.688821387764051e-17,2.3418766925686896e-17,2.688821387764051e-17,5.898059818321144e-17,0.0,4.837434522404112e-16,0.0,True,0.00042668373034429456,H-MSO-01R-B,1c99103edaf76aa05915458fd498e07b1241e272,1.0,True,True,True,True,False,a4b7da1a9f6e4efab7ccbc9ec3bb5e4235a82aef30ce64017895df05ab1c2b01,False
207,HMSO01R_A|PRIMARY|F3|5bb1245725989ed102aa49078cd7bafa70151ebf012c1e0cb48cc587430f3f8c,F3,FOLD_2,HMSO01R_A|FIELD_LINEAGE|a7458b96c9ce1c60bf3ea9d352424b7dd251e22480db263be2c5716c65dc6939,576,False,True,True,True,True,True,0.0,True,True,28224,28224,True,True,True,True,1.4136328784992143e-16,,True,True,0.0,7.794099188286119e-13,True,True,2.205897854778982e-05,PRIMARY_TOPOLOGY_CAST_FLOAT32_DIAGNOSTIC_ONLY,CONTINUUM_REFERENCE_MINUS_LAMBDA_1_BASE_SPH,True,0.1,2.842170943040401e-15,0.0,0.0,0.0,0.0,0.0,0.0,0.0,2.842170943040401e-15,0.0,True,0.0,12.565899296896113,3.5714433854809934e-13,1.7763568394002505e-15,0.0,1.199040866595169e-14,7.105427357601002e-15,1.199040866595169e-14,1.865174681370263e-14,0.0,3.895628508671539e-13,0.0,True,1.3620285515905508,0.01,2.842170943040401e-16,0.0,0.0,0.0,0.0,0.0,0.0,0.0,2.842170943040401e-16,0.0,True,0.0,12.565899296896113,3.5714433854809934e-13,1.7763568394002505e-15,0.0,1.199040866595169e-14,7.105427357601002e-15,1.199040866595169e-14,1.865174681370263e-14,0.0,3.895628508671539e-13,0.0,True,1.3620285515905508,H-MSO-01R-B,1c99103edaf76aa05915458fd498e07b1241e272,1.0,True,True,True,True,False,a4b7da1a9f6e4efab7ccbc9ec3bb5e4235a82aef30ce64017895df05ab1c2b01,False
208,HMSO01R_A|PRIMARY|F3|c6419d25ed9799d98d73b7e3428108142f0bca3250e86eb89e0df130bb7ce32f,F3,FOLD_5,HMSO01R_A|FIELD_LINEAGE|d2f9d8c8f5f3c69790790651faeb1c1f59b6b387e4ede38adea5936b94855ff9,576,False,True,True,True,True,True,3.1955503781294636e-16,True,True,28224,28224,True,True,True,True,3.1617135454486233e-16,,True,True,0.0,1.1399844960347621e-14,True,True,3.453263475033941e-07,PRIMARY_TOPOLOGY_CAST_FLOAT32_DIAGNOSTIC_ONLY,CONTINUUM_REFERENCE_MINUS_LAMBDA_1_BASE_SPH,True,0.1,2.842170943040401e-15,0.0,0.0,3.885780586188048e-16,2.7755575615628914e-16,3.885780586188048e-16,5.551115123125783e-16,0.0,3.785860513971784e-15,0.0,True,7.098683912011226e-06,0.01,2.842170943040401e-16,0.0,0.0,0.0,0.0,0.0,0.0,0.0,2.842170943040401e-16,0.0,True,0.0,0.17650522466993349,5.016580208517027e-15,5.551115123125783e-17,0.0,1.1102230246251565e-16,1.1102230246251565e-16,1.1102230246251565e-16,3.7470027081099033e-16,0.0,5.5578139330217904e-15,0.0,True,0.009975011316545306,0.17650522466993349,5.016580208517027e-15,5.551115123125783e-17,0.0,1.1102230246251565e-16,1.1102230246251565e-16,1.1102230246251565e-16,3.7470027081099033e-16,0.0,5.5578139330217904e-15,0.0,True,0.009975011316545306,H-MSO-01R-B,1c99103edaf76aa05915458fd498e07b1241e272,1.0,True,True,True,True,False,a4b7da1a9f6e4efab7ccbc9ec3bb5e4235a82aef30ce64017895df05ab1c2b01,False
209,HMSO01R_A|PRIMARY|F3|1b4a7e3521dd87a05fef058b4828da1edb8cd5aec8d9c673df117a1ec7434769,F3,FOLD_2,HMSO01R_A|FIELD_LINEAGE|1014832cdbdd8f9e416c91cfffc398c0221e1acf20617efe558f4efd66f3578a,576,False,True,True,True,True,True,4.0766001685454967e-17,True,True,16704,16704,True,True,True,True,3.739759782743068e-16,,True,True,0.0,1.3042215587654209e-15,True,True,2.2351741901793787e-08,PRIMARY_TOPOLOGY_CAST_FLOAT32_DIAGNOSTIC_ONLY,CONTINUUM_REFERENCE_MINUS_LAMBDA_1_BASE_SPH,True,0.1,2.842170943040401e-15,0.0,0.0,5.551115123125783e-17,4.163336342344337e-17,5.551115123125783e-17,8.326672684688674e-17,0.0,2.9809488211185455e-15,0.0,True,1.0720946238609218e-16,0.01,2.842170943040401e-16,0.0,0.0,0.0,0.0,0.0,0.0,0.0,2.842170943040401e-16,0.0,True,0.0,0.013915787992439518,3.955104828162211e-16,5.204170427930421e-18,0.0,1.5612511283791264e-17,1.214306433183765e-17,1.5612511283791264e-17,9.367506770274758e-17,0.0,5.100022322306904e-16,0.0,True,0.0003650984081751832,0.013915787992439518,3.955104828162211e-16,5.204170427930421e-18,0.0,1.5612511283791264e-17,1.214306433183765e-17,1.5612511283791264e-17,9.367506770274758e-17,0.0,5.100022322306904e-16,0.0,True,0.0003650984081751832,H-MSO-01R-B,1c99103edaf76aa05915458fd498e07b1241e272,1.0,True,True,True,True,False,a4b7da1a9f6e4efab7ccbc9ec3bb5e4235a82aef30ce64017895df05ab1c2b01,False
210,HMSO01R_A|PRIMARY|F3|05d39cb15a23b77aab779fae1dffbbd812f25b20aa4d3dfd129ae8a8a816cca2,F3,FOLD_2,HMSO01R_A|FIELD_LINEAGE|6ad90de4847db7d34a3540ed573a050180b363be817d3503c19045b1a2f0ed3c,576,False,True,True,True,True,True,6.661338147750939e-16,True,True,28224,28224,True,True,True,True,3.164984751349147e-16,,True,True,0.0,1.1444986224790921e-14,True,True,3.6254057487750124e-06,PRIMARY_TOPOLOGY_CAST_FLOAT32_DIAGNOSTIC_ONLY,CONTINUUM_REFERENCE_MINUS_LAMBDA_1_BASE_SPH,True,1.4031322257105963,3.987941641158262e-14,4.440892098500626e-16,0.0,4.440892098500626e-16,4.440892098500626e-16,4.440892098500626e-16,6.661338147750939e-16,0.0,4.143372864605784e-14,0.0,True,0.13623907852519174,0.01,2.842170943040401e-16,0.0,0.0,0.0,0.0,0.0,0.0,0.0,2.842170943040401e-16,0.0,True,0.0,0.1763227956923002,5.0113952651230475e-15,5.551115123125783e-17,0.0,1.6653345369377348e-16,1.6653345369377348e-16,1.6653345369377348e-16,3.469446951953614e-16,0.0,5.58038456524344e-15,0.0,True,0.009975011316545308,0.1763227956923002,5.0113952651230475e-15,5.551115123125783e-17,0.0,1.6653345369377348e-16,1.6653345369377348e-16,1.6653345369377348e-16,3.469446951953614e-16,0.0,5.58038456524344e-15,0.0,True,0.009975011316545308,H-MSO-01R-B,1c99103edaf76aa05915458fd498e07b1241e272,1.0,True,True,True,True,False,a4b7da1a9f6e4efab7ccbc9ec3bb5e4235a82aef30ce64017895df05ab1c2b01,False
211,HMSO01R_A|PRIMARY|F3|09cc668e9dba7d88f6e54f75d429302426e7aa2f208bb8a7ff5b73b66544e9bb,F3,FOLD_1,HMSO01R_A|FIELD_LINEAGE|d7d10f9b5293a22777f94b958cdb7280c40216c21a2b9b4a49451c1385cf26d9,576,False,True,True,True,True,True,8.881784197001252e-16,True,True,46656,46656,True,True,True,True,3.1653656809497727e-16,,True,True,0.0,1.1131529826439115e-14,True,True,2.1341676111896746e-06,PRIMARY_TOPOLOGY_CAST_FLOAT32_DIAGNOSTIC_ONLY,CONTINUUM_REFERENCE_MINUS_LAMBDA_1_BASE_SPH,True,1.4029633685698297,3.98746172029925e-14,4.440892098500626e-16,0.0,8.881784197001252e-16,6.661338147750939e-16,8.881784197001252e-16,7.771561172376096e-16,0.0,4.19840409497803e-14,0.0,True,0.20351604895377298,0.01,2.842170943040401e-16,0.0,0.0,0.0,0.0,0.0,0.0,0.0,2.842170943040401e-16,0.0,True,0.0,0.17630157647818265,5.010792178785057e-15,5.551115123125783e-17,0.0,1.5612511283791264e-16,1.3357370765021415e-16,1.5612511283791264e-16,2.0122792321330962e-16,0.0,5.423656366067537e-15,0.0,True,0.014928204998847899,0.17630157647818265,5.010792178785057e-15,5.551115123125783e-17,0.0,1.5612511283791264e-16,1.3357370765021415e-16,1.5612511283791264e-16,2.0122792321330962e-16,0.0,5.423656366067537e-15,0.0,True,0.014928204998847899,H-MSO-01R-B,1c99103edaf76aa05915458fd498e07b1241e272,1.0,True,True,True,True,False,a4b7da1a9f6e4efab7ccbc9ec3bb5e4235a82aef30ce64017895df05ab1c2b01,False
212,HMSO01R_A|PRIMARY|F3|a06f00606b940920f0738610d64d9adf69927bef39903d0e7a4fef72cc281beb,F3,FOLD_0,HMSO01R_A|FIELD_LINEAGE|9f471cc2328d66ccf0ca43f62bf5e261a867f85eeac6edc5a472072ca388bff6,576,False,True,True,True,True,True,0.0,True,True,16704,16704,True,True,True,True,1.4158355972951246e-16,,True,True,0.0,8.964263776100913e-13,True,True,2.480926113523907e-05,PRIMARY_TOPOLOGY_CAST_FLOAT32_DIAGNOSTIC_ONLY,CONTINUUM_REFERENCE_MINUS_LAMBDA_1_BASE_SPH,True,0.1,2.842170943040401e-15,0.0,0.0,0.0,0.0,0.0,0.0,0.0,2.842170943040401e-15,0.0,True,0.0,12.546349610038634,3.565887030287807e-13,1.7763568394002505e-15,0.0,2.1760371282653068e-14,1.9539925233402755e-14,2.1760371282653068e-14,6.794564910705958e-14,0.0,4.480710802578936e-13,0.0,True,0.5991229793623674,0.01,2.842170943040401e-16,0.0,0.0,0.0,0.0,0.0,0.0,0.0,2.842170943040401e-16,0.0,True,0.0,12.546349610038634,3.565887030287807e-13,1.7763568394002505e-15,0.0,2.1760371282653068e-14,1.9539925233402755e-14,2.1760371282653068e-14,6.794564910705958e-14,0.0,4.480710802578936e-13,0.0,True,0.5991229793623674,H-MSO-01R-B,1c99103edaf76aa05915458fd498e07b1241e272,1.0,True,True,True,True,False,a4b7da1a9f6e4efab7ccbc9ec3bb5e4235a82aef30ce64017895df05ab1c2b01,False
213,HMSO01R_A|PRIMARY|F3|22ed08250476ad8132d9bdab1fa34035b518f147b69d656483ab08c91f2690a4,F3,FOLD_4,HMSO01R_A|FIELD_LINEAGE|3c7ea9b77bf044ea3d9c6d199831fc605b20c1d7b4a9ad213eb80b5cab2c0296,576,False,True,True,True,True,True,4.440892098500626e-16,True,True,28224,28224,True,True,True,True,3.1653656809497727e-16,,True,True,0.0,5.808487421978232e-15,True,True,1.0712668145340665e-06,PRIMARY_TOPOLOGY_CAST_FLOAT32_DIAGNOSTIC_ONLY,CONTINUUM_REFERENCE_MINUS_LAMBDA_1_BASE_SPH,True,0.7014816842849149,1.993730860149625e-14,2.220446049250313e-16,0.0,2.220446049250313e-16,3.3306690738754696e-16,3.3306690738754696e-16,3.3306690738754696e-16,0.0,2.0825487021196377e-14,0.0,True,0.06811953926259588,0.01,2.842170943040401e-16,0.0,0.0,0.0,0.0,0.0,0.0,0.0,2.842170943040401e-16,0.0,True,0.0,0.08815078823909132,2.5053960893925285e-15,2.7755575615628914e-17,0.0,6.245004513516506e-17,5.898059818321144e-17,6.245004513516506e-17,1.6653345369377348e-16,0.0,2.762135163837096e-15,0.0,True,0.004987505658272652,0.08815078823909132,2.5053960893925285e-15,2.7755575615628914e-17,0.0,6.245004513516506e-17,5.898059818321144e-17,6.245004513516506e-17,1.6653345369377348e-16,0.0,2.762135163837096e-15,0.0,True,0.004987505658272652,H-MSO-01R-B,1c99103edaf76aa05915458fd498e07b1241e272,1.0,True,True,True,True,False,a4b7da1a9f6e4efab7ccbc9ec3bb5e4235a82aef30ce64017895df05ab1c2b01,False
214,HMSO01R_A|PRIMARY|F3|21da884cce84230dcc114a21edaa02c78d3f03be035b98a9b2728a4b8603ec8c,F3,FOLD_0,HMSO01R_A|FIELD_LINEAGE|051eaa0f00871ac3de3987b76f15e88e4e718676447cf96853b1d9836e56f4a9,576,False,True,True,True,True,True,1.3118846287074604e-16,True,True,16704,16704,True,True,True,True,3.1653656809497727e-16,,True,True,0.0,6.134615435461872e-15,True,True,1.6504627596558574e-07,PRIMARY_TOPOLOGY_CAST_FLOAT32_DIAGNOSTIC_ONLY,CONTINUUM_REFERENCE_MINUS_LAMBDA_1_BASE_SPH,True,0.1,2.842170943040401e-15,0.0,0.0,1.6653345369377348e-16,1.1102230246251565e-16,1.6653345369377348e-16,3.3306690738754696e-16,0.0,3.3417713041217213e-15,0.0,True,9.777200129475338e-05,0.01,2.842170943040401e-16,0.0,0.0,0.0,0.0,0.0,0.0,0.0,2.842170943040401e-16,0.0,True,0.0,0.08815078823909132,2.5053960893925285e-15,2.7755575615628914e-17,0.0,9.367506770274758e-17,6.591949208711867e-17,9.367506770274758e-17,2.983724378680108e-16,0.0,2.925199170578916e-15,0.0,True,0.0034757140393922494,0.08815078823909132,2.5053960893925285e-15,2.7755575615628914e-17,0.0,9.367506770274758e-17,6.591949208711867e-17,9.367506770274758e-17,2.983724378680108e-16,0.0,2.925199170578916e-15,0.0,True,0.0034757140393922494,H-MSO-01R-B,1c99103edaf76aa05915458fd498e07b1241e272,1.0,True,True,True,True,False,a4b7da1a9f6e4efab7ccbc9ec3bb5e4235a82aef30ce64017895df05ab1c2b01,False
215,HMSO01R_A|PRIMARY|F3|f6ebcf09fc81ee2b77827b154fde7148695341b90b45859fdeecc87b05ff4caf,F3,FOLD_1,HMSO01R_A|FIELD_LINEAGE|0da6210822c1316c7a077be78ae0c871024433732125f17a7f978f92e0d637e1,576,False,True,True,True,True,True,1.1102230246251565e-15,True,True,46656,46656,True,True,True,True,3.1617135454486233e-16,,True,True,0.0,1.109106418162375e-14,True,True,2.149829240460921e-06,PRIMARY_TOPOLOGY_CAST_FLOAT32_DIAGNOSTIC_ONLY,CONTINUUM_REFERENCE_MINUS_LAMBDA_1_BASE_SPH,True,1.404583949388273,3.9920676880122784e-14,4.440892098500626e-16,0.0,6.661338147750939e-16,5.551115123125783e-16,6.661338147750939e-16,7.771561172376096e-16,0.0,4.180805602198555e-14,0.0,True,0.20351604895377295,0.01,2.842170943040401e-16,0.0,0.0,0.0,0.0,0.0,0.0,0.0,2.842170943040401e-16,0.0,True,0.0,0.17650522466993349,5.016580208517027e-15,5.551115123125783e-17,0.0,9.71445146547012e-17,9.71445146547012e-17,9.71445146547012e-17,2.3418766925686896e-16,0.0,5.4034235436598546e-15,0.0,True,0.014928204998847895,0.17650522466993349,5.016580208517027e-15,5.551115123125783e-17,0.0,9.71445146547012e-17,9.71445146547012e-17,9.71445146547012e-17,2.3418766925686896e-16,0.0,5.4034235436598546e-15,0.0,True,0.014928204998847895,H-MSO-01R-B,1c99103edaf76aa05915458fd498e07b1241e272,1.0,True,True,True,True,False,a4b7da1a9f6e4efab7ccbc9ec3bb5e4235a82aef30ce64017895df05ab1c2b01,False
216,HMSO01R_A|PRIMARY|F3|a78675ef00c0dc7b5d540c4ffaaf15f59ac2fa555bd32502d134587a1fc4c16f,F3,FOLD_0,HMSO01R_A|FIELD_LINEAGE|9f471cc2328d66ccf0ca43f62bf5e261a867f85eeac6edc5a472072ca388bff6,576,False,True,True,True,True,True,0.0,True,True,28224,28224,True,True,True,True,1.4158355972951246e-16,,True,True,0.0,8.289248177128817e-13,True,True,3.0319072063633712e-05,PRIMARY_TOPOLOGY_CAST_FLOAT32_DIAGNOSTIC_ONLY,CONTINUUM_REFERENCE_MINUS_LAMBDA_1_BASE_SPH,True,0.1,2.842170943040401e-15,0.0,0.0,0.0,0.0,0.0,0.0,0.0,2.842170943040401e-15,0.0,True,0.0,12.546349610038634,3.565887030287807e-13,1.7763568394002505e-15,0.0,1.9984014443252818e-14,1.687538997430238e-14,1.9984014443252818e-14,3.597122599785507e-14,0.0,4.1432030030928883e-13,0.0,True,0.7675207550793053,0.01,2.842170943040401e-16,0.0,0.0,0.0,0.0,0.0,0.0,0.0,2.842170943040401e-16,0.0,True,0.0,12.546349610038634,3.565887030287807e-13,1.7763568394002505e-15,0.0,1.9984014443252818e-14,1.687538997430238e-14,1.9984014443252818e-14,3.597122599785507e-14,0.0,4.1432030030928883e-13,0.0,True,0.7675207550793053,H-MSO-01R-B,1c99103edaf76aa05915458fd498e07b1241e272,1.0,True,True,True,True,False,a4b7da1a9f6e4efab7ccbc9ec3bb5e4235a82aef30ce64017895df05ab1c2b01,False
217,HMSO01R_A|PRIMARY|F3|0a6d945c46b0d5e5b98e3a1197a9fe721d92190d97798bc12f6ca4db57cdd3d6,F3,FOLD_1,HMSO01R_A|FIELD_LINEAGE|07ef870a5e517a728f6e4939e44adb6e41abac7dca46a1a2247aeb449ae2b2b6,576,False,True,True,True,True,True,1.942890293094024e-16,True,True,46656,46656,True,True,True,True,3.191841322443933e-16,,True,True,0.0,1.1757083714454117e-15,True,True,3.56407694024341e-07,PRIMARY_TOPOLOGY_CAST_FLOAT32_DIAGNOSTIC_ONLY,CONTINUUM_REFERENCE_MINUS_LAMBDA_1_BASE_SPH,True,0.22143642424960494,6.293601707329939e-15,5.551115123125783e-17,0.0,1.1102230246251565e-16,1.1102230246251565e-16,1.1102230246251565e-16,1.3877787807814457e-16,0.0,6.5989130391018574e-15,0.0,True,0.01372724696251817,0.01,2.842170943040401e-16,0.0,0.0,0.0,0.0,0.0,0.0,0.0,2.842170943040401e-16,0.0,True,0.0,0.013913260873195032,3.9543865776735834e-16,3.469446951953614e-18,0.0,1.734723475976807e-17,1.3877787807814457e-17,1.734723475976807e-17,2.949029909160572e-17,0.0,4.457456385706858e-16,0.0,True,0.0006313456244415055,0.013913260873195032,3.9543865776735834e-16,3.469446951953614e-18,0.0,1.734723475976807e-17,1.3877787807814457e-17,1.734723475976807e-17,2.949029909160572e-17,0.0,4.457456385706858e-16,0.0,True,0.0006313456244415055,H-MSO-01R-B,1c99103edaf76aa05915458fd498e07b1241e272,1.0,True,True,True,True,False,a4b7da1a9f6e4efab7ccbc9ec3bb5e4235a82aef30ce64017895df05ab1c2b01,False
218,HMSO01R_A|PRIMARY|F3|c463516606ee8c4c1a3b434573e8495c274c7f668a1ed539ab784aa22bbc8bd7,F3,FOLD_0,HMSO01R_A|FIELD_LINEAGE|0d095ad04875a9db82a8c6062fc3703d3296558fc88db157a4ad79a6317e27a5,576,False,True,True,True,True,True,1.249000902703301e-16,True,True,46656,46656,True,True,True,True,3.191841322443933e-16,,True,True,0.0,2.0533218607789687e-15,True,True,7.45058059414827e-08,PRIMARY_TOPOLOGY_CAST_FLOAT32_DIAGNOSTIC_ONLY,CONTINUUM_REFERENCE_MINUS_LAMBDA_1_BASE_SPH,True,0.1,2.842170943040401e-15,0.0,0.0,2.498001805406602e-16,1.3877787807814457e-16,2.498001805406602e-16,2.7755575615628914e-16,0.0,3.3695268797373503e-15,0.0,True,9.886370301952673e-17,0.01,2.842170943040401e-16,0.0,0.0,0.0,0.0,0.0,0.0,0.0,2.842170943040401e-16,0.0,True,0.0,0.027826521746390064,7.908773155347167e-16,6.938893903907228e-18,0.0,2.7755575615628914e-17,2.7755575615628914e-17,2.7755575615628914e-17,5.898059818321144e-17,0.0,8.845523832374643e-16,0.0,True,0.001262691248883011,0.027826521746390064,7.908773155347167e-16,6.938893903907228e-18,0.0,2.7755575615628914e-17,2.7755575615628914e-17,2.7755575615628914e-17,5.898059818321144e-17,0.0,8.845523832374643e-16,0.0,True,0.001262691248883011,H-MSO-01R-B,1c99103edaf76aa05915458fd498e07b1241e272,1.0,True,True,True,True,False,a4b7da1a9f6e4efab7ccbc9ec3bb5e4235a82aef30ce64017895df05ab1c2b01,False
219,HMSO01R_A|PRIMARY|F3|6472036ea78470d8788d70fa6d89e58eeee090b7e2f0998bbdc0beea3db2758d,F3,FOLD_4,HMSO01R_A|FIELD_LINEAGE|0ddf6cdd096735cc15f4456489e1d58f77aa80618dad5da96cca18e59be60b9c,576,False,True,True,True,True,True,7.82353511401962e-17,True,True,46656,46656,True,True,True,True,3.164984751349147e-16,,True,True,0.0,2.99287737355485e-15,True,True,9.197043116491999e-08,PRIMARY_TOPOLOGY_CAST_FLOAT32_DIAGNOSTIC_ONLY,CONTINUUM_REFERENCE_MINUS_LAMBDA_1_BASE_SPH,True,0.1,2.842170943040401e-15,0.0,0.0,1.1102230246251565e-16,8.326672684688674e-17,1.1102230246251565e-16,1.1102230246251565e-16,0.0,3.0642155479654322e-15,0.0,True,1.612384381090174e-06,0.01,2.842170943040401e-16,0.0,0.0,0.0,0.0,0.0,0.0,0.0,2.842170943040401e-16,0.0,True,0.0,0.04408069892307505,1.2528488162807619e-15,1.3877787807814457e-17,0.0,3.903127820947816e-17,3.5561831257524545e-17,3.903127820947816e-17,4.85722573273506e-17,0.0,1.354330139625405e-15,0.0,True,0.0037320512497119734,0.04408069892307505,1.2528488162807619e-15,1.3877787807814457e-17,0.0,3.903127820947816e-17,3.5561831257524545e-17,3.903127820947816e-17,4.85722573273506e-17,0.0,1.354330139625405e-15,0.0,True,0.0037320512497119734,H-MSO-01R-B,1c99103edaf76aa05915458fd498e07b1241e272,1.0,True,True,True,True,False,a4b7da1a9f6e4efab7ccbc9ec3bb5e4235a82aef30ce64017895df05ab1c2b01,False
220,HMSO01R_A|PRIMARY|F3|f3e2327f9b73508ecf7a883c33fe1553a004e2ae2881cc99e6ac3bcd4d7b3a11,F3,FOLD_2,HMSO01R_A|FIELD_LINEAGE|5c056a7425c54539d868f52b6ae68a4c578195d4f6b5cb7d636be4eab2c2df8c,576,False,True,True,True,True,True,0.0,True,True,28224,28224,True,True,True,True,1.4175322007834052e-16,,True,True,0.0,2.0922937331604503e-13,True,True,5.170138974275318e-06,PRIMARY_TOPOLOGY_CAST_FLOAT32_DIAGNOSTIC_ONLY,CONTINUUM_REFERENCE_MINUS_LAMBDA_1_BASE_SPH,True,0.1,2.842170943040401e-15,0.0,0.0,0.0,0.0,0.0,0.0,0.0,2.842170943040401e-15,0.0,True,0.0,3.132833311332433,8.904047806858082e-14,4.440892098500626e-16,0.0,3.9968028886505635e-15,3.9968028886505635e-15,3.9968028886505635e-15,1.099120794378905e-14,0.0,1.044725781108705e-13,0.0,True,0.18244966611268532,0.01,2.842170943040401e-16,0.0,0.0,0.0,0.0,0.0,0.0,0.0,2.842170943040401e-16,0.0,True,0.0,3.132833311332433,8.904047806858082e-14,4.440892098500626e-16,0.0,3.9968028886505635e-15,3.9968028886505635e-15,3.9968028886505635e-15,1.099120794378905e-14,0.0,1.044725781108705e-13,0.0,True,0.18244966611268532,H-MSO-01R-B,1c99103edaf76aa05915458fd498e07b1241e272,1.0,True,True,True,True,False,a4b7da1a9f6e4efab7ccbc9ec3bb5e4235a82aef30ce64017895df05ab1c2b01,False
221,HMSO01R_A|PRIMARY|F3|6c24586eb799823630a419a0b4199df5d3f38c6d1a2a662d6c869fddf06570b6,F3,FOLD_4,HMSO01R_A|FIELD_LINEAGE|43048a070f7e90a4b3daec507e653fb282b428f5e4cf309a72c949e8f5226bf3,576,False,True,True,True,True,True,7.608795321231709e-16,True,True,46656,46656,True,True,True,True,2.513435083615995e-16,,True,True,0.0,7.621656483724001e-15,True,True,2.9802322409899773e-07,PRIMARY_TOPOLOGY_CAST_FLOAT32_DIAGNOSTIC_ONLY,CONTINUUM_REFERENCE_MINUS_LAMBDA_1_BASE_SPH,True,0.1,2.842170943040401e-15,0.0,0.0,9.992007221626409e-16,7.771561172376096e-16,9.992007221626409e-16,8.881784197001252e-16,0.0,4.729550084903167e-15,0.0,True,4.0496660381707603e-16,0.01,2.842170943040401e-16,0.0,0.0,0.0,0.0,0.0,0.0,0.0,2.842170943040401e-16,0.0,True,0.0,0.11101519257830209,3.1552415458208454e-15,2.7755575615628914e-17,0.0,1.734723475976807e-16,1.5785983631388945e-16,1.734723475976807e-16,3.122502256758253e-16,0.0,3.66871969470998e-15,0.0,True,0.005050764995532033,0.11101519257830209,3.1552415458208454e-15,2.7755575615628914e-17,0.0,1.734723475976807e-16,1.5785983631388945e-16,1.734723475976807e-16,3.122502256758253e-16,0.0,3.66871969470998e-15,0.0,True,0.005050764995532033,H-MSO-01R-B,1c99103edaf76aa05915458fd498e07b1241e272,1.0,True,True,True,True,False,a4b7da1a9f6e4efab7ccbc9ec3bb5e4235a82aef30ce64017895df05ab1c2b01,False
222,HMSO01R_A|PRIMARY|F3|9b31b3d042f2e1de2933fe9923e4e95fb59b4a658533f8c072683810620fa170,F3,FOLD_0,HMSO01R_A|FIELD_LINEAGE|51aa7e7dbbb5aa6496f5ed0b95d8e85438067333a238c5e41877a3cd9ace3175,576,False,True,True,True,True,True,6.245004513516506e-17,True,True,46656,46656,True,True,True,True,3.191841322443933e-16,,True,True,0.0,1.172238924493458e-15,True,True,3.725290297074135e-08,PRIMARY_TOPOLOGY_CAST_FLOAT32_DIAGNOSTIC_ONLY,CONTINUUM_REFERENCE_MINUS_LAMBDA_1_BASE_SPH,True,0.1,2.842170943040401e-15,0.0,0.0,8.326672684688674e-17,6.938893903907228e-17,8.326672684688674e-17,1.3877787807814457e-16,0.0,3.0642155479654322e-15,0.0,True,4.943185150976336e-17,0.01,2.842170943040401e-16,0.0,0.0,0.0,0.0,0.0,0.0,0.0,2.842170943040401e-16,0.0,True,0.0,0.013913260873195032,3.9543865776735834e-16,3.469446951953614e-18,0.0,1.5612511283791264e-17,1.3877787807814457e-17,1.5612511283791264e-17,2.949029909160572e-17,0.0,4.4401091509470894e-16,0.0,True,0.0006313456244415055,0.013913260873195032,3.9543865776735834e-16,3.469446951953614e-18,0.0,1.5612511283791264e-17,1.3877787807814457e-17,1.5612511283791264e-17,2.949029909160572e-17,0.0,4.4401091509470894e-16,0.0,True,0.0006313456244415055,H-MSO-01R-B,1c99103edaf76aa05915458fd498e07b1241e272,1.0,True,True,True,True,False,a4b7da1a9f6e4efab7ccbc9ec3bb5e4235a82aef30ce64017895df05ab1c2b01,False
223,HMSO01R_A|PRIMARY|F3|6b2c89cd3ffb71669c83bdccc811b6a9db38e88242eafa872a665d3547543682,F3,FOLD_5,HMSO01R_A|FIELD_LINEAGE|0ac3210ffe07941071125618f2e4ad4f522063f7735eb12854083a5cf3b96fca,576,False,True,True,True,True,True,2.220446049250313e-16,True,True,46656,46656,True,True,True,True,3.1653656809497727e-16,,True,True,0.0,2.9960452773378085e-15,True,True,5.335419027974186e-07,PRIMARY_TOPOLOGY_CAST_FLOAT32_DIAGNOSTIC_ONLY,CONTINUUM_REFERENCE_MINUS_LAMBDA_1_BASE_SPH,True,0.35074084214245743,9.968654300748126e-15,1.1102230246251565e-16,0.0,1.6653345369377348e-16,1.6653345369377348e-16,1.6653345369377348e-16,1.942890293094024e-16,0.0,1.0440499086213817e-14,0.0,True,0.050879012238443246,0.01,2.842170943040401e-16,0.0,0.0,0.0,0.0,0.0,0.0,0.0,2.842170943040401e-16,0.0,True,0.0,0.04407539411954566,1.2526980446962643e-15,1.3877787807814457e-17,0.0,3.903127820947816e-17,3.3393426912553537e-17,3.903127820947816e-17,5.0306980803327406e-17,0.0,1.3559140915168843e-15,0.0,True,0.0037320512497119747,0.04407539411954566,1.2526980446962643e-15,1.3877787807814457e-17,0.0,3.903127820947816e-17,3.3393426912553537e-17,3.903127820947816e-17,5.0306980803327406e-17,0.0,1.3559140915168843e-15,0.0,True,0.0037320512497119747,H-MSO-01R-B,1c99103edaf76aa05915458fd498e07b1241e272,1.0,True,True,True,True,False,a4b7da1a9f6e4efab7ccbc9ec3bb5e4235a82aef30ce64017895df05ab1c2b01,False
224,HMSO01R_A|PRIMARY|F3|495ba1a4d513d7b77d558917d84762b10b3d5fcb3a9735e9f691fc80ea7caf42,F3,FOLD_3,HMSO01R_A|FIELD_LINEAGE|99c13161db8958c19a30a96b96a6940cece539d1c84e808e21dfa37710ec6894,576,False,True,True,True,True,True,3.3306690738754696e-16,True,True,16704,16704,True,True,True,True,3.1653656809497727e-16,,True,True,0.0,6.134615435461872e-15,True,True,1.1311536540214995e-06,PRIMARY_TOPOLOGY_CAST_FLOAT32_DIAGNOSTIC_ONLY,CONTINUUM_REFERENCE_MINUS_LAMBDA_1_BASE_SPH,True,0.7014816842849149,1.993730860149625e-14,2.220446049250313e-16,0.0,2.220446049250313e-16,2.220446049250313e-16,2.220446049250313e-16,6.661338147750939e-16,0.0,2.1047531626121408e-14,0.0,True,0.04370656496529059,0.01,2.842170943040401e-16,0.0,0.0,0.0,0.0,0.0,0.0,0.0,2.842170943040401e-16,0.0,True,0.0,0.08815078823909132,2.5053960893925285e-15,2.7755575615628914e-17,0.0,9.367506770274758e-17,6.591949208711867e-17,9.367506770274758e-17,2.983724378680108e-16,0.0,2.925199170578916e-15,0.0,True,0.0034757140393922494,0.08815078823909132,2.5053960893925285e-15,2.7755575615628914e-17,0.0,9.367506770274758e-17,6.591949208711867e-17,9.367506770274758e-17,2.983724378680108e-16,0.0,2.925199170578916e-15,0.0,True,0.0034757140393922494,H-MSO-01R-B,1c99103edaf76aa05915458fd498e07b1241e272,1.0,True,True,True,True,False,a4b7da1a9f6e4efab7ccbc9ec3bb5e4235a82aef30ce64017895df05ab1c2b01,False
225,HMSO01R_A|PRIMARY|F3|36c90f091efac4b31332373189b35b4adf1829ad932375257650642e0da7a044,F3,FOLD_1,HMSO01R_A|FIELD_LINEAGE|9035657b1a9729d4b57919992bee8d9ea960c2a587c8d3877d9c920d8fa2a77c,576,False,True,True,True,True,True,0.0,True,True,46656,46656,True,True,True,True,1.4137970805501065e-16,,True,True,0.0,3.831442501461784e-13,True,True,1.0346874092626024e-05,PRIMARY_TOPOLOGY_CAST_FLOAT32_DIAGNOSTIC_ONLY,CONTINUUM_REFERENCE_MINUS_LAMBDA_1_BASE_SPH,True,0.1,2.842170943040401e-15,0.0,0.0,0.0,0.0,0.0,0.0,0.0,2.842170943040401e-15,0.0,True,0.0,6.282219930419832,1.7855142944028535e-13,8.881784197001252e-16,0.0,4.9960036108132044e-15,4.773959005888173e-15,4.9960036108132044e-15,6.994405055138486e-15,0.0,1.9143001652593717e-13,0.0,True,1.0174133592611707,0.01,2.842170943040401e-16,0.0,0.0,0.0,0.0,0.0,0.0,0.0,2.842170943040401e-16,0.0,True,0.0,6.282219930419832,1.7855142944028535e-13,8.881784197001252e-16,0.0,4.9960036108132044e-15,4.773959005888173e-15,4.9960036108132044e-15,6.994405055138486e-15,0.0,1.9143001652593717e-13,0.0,True,1.0174133592611707,H-MSO-01R-B,1c99103edaf76aa05915458fd498e07b1241e272,1.0,True,True,True,True,False,a4b7da1a9f6e4efab7ccbc9ec3bb5e4235a82aef30ce64017895df05ab1c2b01,False
226,HMSO01R_A|PRIMARY|F3|fefc93bf391a27e2ebe3a1140f7fe292478eed94430363eaf811e3e2c5c04f53,F3,FOLD_1,HMSO01R_A|FIELD_LINEAGE|7a536ab09e10cdf42c9afdd1f0f02ad4a5141ab50a8f50eb0b247ee08a4c67c0,576,False,True,True,True,True,True,6.661338147750939e-16,True,True,16704,16704,True,True,True,True,2.513435083615995e-16,,True,True,0.0,4.4664149379031555e-15,True,True,1.0217741660822899e-06,PRIMARY_TOPOLOGY_CAST_FLOAT32_DIAGNOSTIC_ONLY,CONTINUUM_REFERENCE_MINUS_LAMBDA_1_BASE_SPH,True,0.8834308328567736,2.510861443331503e-14,2.220446049250313e-16,0.0,2.220446049250313e-16,2.220446049250313e-16,2.220446049250313e-16,8.881784197001252e-16,0.0,2.6440882062865216e-14,0.0,True,0.026083518907460718,0.01,2.842170943040401e-16,0.0,0.0,0.0,0.0,0.0,0.0,0.0,2.842170943040401e-16,0.0,True,0.0,0.05550759628915104,1.5776207729104227e-15,1.3877787807814457e-17,0.0,9.367506770274758e-17,6.071532165918825e-17,9.367506770274758e-17,4.0592529337857286e-16,0.0,2.0910989217995576e-15,0.0,True,0.0014603936327007281,0.05550759628915104,1.5776207729104227e-15,1.3877787807814457e-17,0.0,9.367506770274758e-17,6.071532165918825e-17,9.367506770274758e-17,4.0592529337857286e-16,0.0,2.0910989217995576e-15,0.0,True,0.0014603936327007281,H-MSO-01R-B,1c99103edaf76aa05915458fd498e07b1241e272,1.0,True,True,True,True,False,a4b7da1a9f6e4efab7ccbc9ec3bb5e4235a82aef30ce64017895df05ab1c2b01,False
227,HMSO01R_A|PRIMARY|F3|4cda234c0475d6f05557ea16586f6a086d1159ec999b0a751b23b4f690d492f7,F3,FOLD_5,HMSO01R_A|FIELD_LINEAGE|0404a47ad84d3ab6d4cc0dbf7c8fea97f3bca817bfb6ce9e4a0d96e074c1229f,576,False,True,True,True,True,True,3.3306690738754696e-16,True,True,16704,16704,True,True,True,True,3.1617135454486233e-16,,True,True,0.0,6.136934018241888e-15,True,True,1.102834527089147e-06,PRIMARY_TOPOLOGY_CAST_FLOAT32_DIAGNOSTIC_ONLY,CONTINUUM_REFERENCE_MINUS_LAMBDA_1_BASE_SPH,True,0.7022919746941365,1.9960338440061392e-14,2.220446049250313e-16,0.0,2.220446049250313e-16,2.220446049250313e-16,2.220446049250313e-16,6.661338147750939e-16,0.0,2.107056146468655e-14,0.0,True,0.04370656496529056,0.01,2.842170943040401e-16,0.0,0.0,0.0,0.0,0.0,0.0,0.0,2.842170943040401e-16,0.0,True,0.0,0.08825261233496674,2.5082901042585133e-15,2.7755575615628914e-17,0.0,6.245004513516506e-17,4.163336342344337e-17,6.245004513516506e-17,3.2786273695961654e-16,0.0,2.926358461968924e-15,0.0,True,0.0034757140393922486,0.08825261233496674,2.5082901042585133e-15,2.7755575615628914e-17,0.0,6.245004513516506e-17,4.163336342344337e-17,6.245004513516506e-17,3.2786273695961654e-16,0.0,2.926358461968924e-15,0.0,True,0.0034757140393922486,H-MSO-01R-B,1c99103edaf76aa05915458fd498e07b1241e272,1.0,True,True,True,True,False,a4b7da1a9f6e4efab7ccbc9ec3bb5e4235a82aef30ce64017895df05ab1c2b01,False
228,HMSO01R_A|PRIMARY|F3|5345902cb9bc3a92ef959f7406060b23f2a73e2e1371d31d99c943fc571e75ec,F3,FOLD_3,HMSO01R_A|FIELD_LINEAGE|0a252563daa08b1ab13bdaf89c42f5f5445076fcfec6feb203abcad9de8ed55a,576,False,True,True,True,True,True,0.0,True,True,16704,16704,True,True,True,True,1.4154058220068512e-16,,True,True,0.0,2.0239147881704256e-13,True,True,5.142237284871953e-06,PRIMARY_TOPOLOGY_CAST_FLOAT32_DIAGNOSTIC_ONLY,CONTINUUM_REFERENCE_MINUS_LAMBDA_1_BASE_SPH,True,0.1,2.842170943040401e-15,0.0,0.0,0.0,0.0,0.0,0.0,0.0,2.842170943040401e-15,0.0,True,0.0,3.1375397991538927,8.917424449788009e-14,4.440892098500626e-16,0.0,2.4424906541753444e-15,1.9984014443252818e-15,2.4424906541753444e-15,8.992806499463768e-15,0.0,1.0105363086136926e-13,0.0,True,0.21857989528592572,0.01,2.842170943040401e-16,0.0,0.0,0.0,0.0,0.0,0.0,0.0,2.842170943040401e-16,0.0,True,0.0,3.1375397991538927,8.917424449788009e-14,4.440892098500626e-16,0.0,2.4424906541753444e-15,1.9984014443252818e-15,2.4424906541753444e-15,8.992806499463768e-15,0.0,1.0105363086136926e-13,0.0,True,0.21857989528592572,H-MSO-01R-B,1c99103edaf76aa05915458fd498e07b1241e272,1.0,True,True,True,True,False,a4b7da1a9f6e4efab7ccbc9ec3bb5e4235a82aef30ce64017895df05ab1c2b01,False
229,HMSO01R_A|PRIMARY|F3|70846550f93030f5e797b9cc40dd60e4750a3db2cbaa28dc008127d7e34d79a4,F3,FOLD_0,HMSO01R_A|FIELD_LINEAGE|cb947f8167c6ce3da1c26b48289f11fe77c609125572b2e2f489d9b4dbf77d91,576,False,True,True,True,True,True,1.5543122344752192e-15,True,True,46656,46656,True,True,True,True,3.191841322443933e-16,,True,True,0.0,7.450841780954549e-15,True,True,2.851261552194728e-06,PRIMARY_TOPOLOGY_CAST_FLOAT32_DIAGNOSTIC_ONLY,CONTINUUM_REFERENCE_MINUS_LAMBDA_1_BASE_SPH,True,1.7714913939968395,5.0348813658639515e-14,4.440892098500626e-16,0.0,8.881784197001252e-16,8.881784197001252e-16,8.881784197001252e-16,1.1102230246251565e-15,0.0,5.279130431281486e-14,0.0,True,0.10981797570014536,0.01,2.842170943040401e-16,0.0,0.0,0.0,0.0,0.0,0.0,0.0,2.842170943040401e-16,0.0,True,0.0,0.11130608698556026,3.1635092621388667e-15,2.7755575615628914e-17,0.0,1.5612511283791264e-16,1.1102230246251565e-16,1.5612511283791264e-16,2.3592239273284576e-16,0.0,3.5833123433252544e-15,0.0,True,0.005050764995532044,0.11130608698556026,3.1635092621388667e-15,2.7755575615628914e-17,0.0,1.5612511283791264e-16,1.1102230246251565e-16,1.5612511283791264e-16,2.3592239273284576e-16,0.0,3.5833123433252544e-15,0.0,True,0.005050764995532044,H-MSO-01R-B,1c99103edaf76aa05915458fd498e07b1241e272,1.0,True,True,True,True,False,a4b7da1a9f6e4efab7ccbc9ec3bb5e4235a82aef30ce64017895df05ab1c2b01,False
230,HMSO01R_A|PRIMARY|F3|1d04f3e121ba9f0c3b1e345085a6d33da6902d60234f461d4a6ee2171dcd14a2,F3,FOLD_2,HMSO01R_A|FIELD_LINEAGE|a7458b96c9ce1c60bf3ea9d352424b7dd251e22480db263be2c5716c65dc6939,576,False,True,True,True,True,True,0.0,True,True,46656,46656,True,True,True,True,1.4136328784992143e-16,,True,True,0.0,7.629786180641596e-13,True,True,2.0598576817132397e-05,PRIMARY_TOPOLOGY_CAST_FLOAT32_DIAGNOSTIC_ONLY,CONTINUUM_REFERENCE_MINUS_LAMBDA_1_BASE_SPH,True,0.1,2.842170943040401e-15,0.0,0.0,0.0,0.0,0.0,0.0,0.0,2.842170943040401e-15,0.0,True,0.0,12.565899296896113,3.5714433854809934e-13,1.7763568394002505e-15,0.0,9.992007221626409e-15,9.159339953157541e-15,9.992007221626409e-15,1.2434497875801753e-14,0.0,3.8134720048492775e-13,0.0,True,2.033825464472176,0.01,2.842170943040401e-16,0.0,0.0,0.0,0.0,0.0,0.0,0.0,2.842170943040401e-16,0.0,True,0.0,12.565899296896113,3.5714433854809934e-13,1.7763568394002505e-15,0.0,9.992007221626409e-15,9.159339953157541e-15,9.992007221626409e-15,1.2434497875801753e-14,0.0,3.8134720048492775e-13,0.0,True,2.033825464472176,H-MSO-01R-B,1c99103edaf76aa05915458fd498e07b1241e272,1.0,True,True,True,True,False,a4b7da1a9f6e4efab7ccbc9ec3bb5e4235a82aef30ce64017895df05ab1c2b01,False
231,HMSO01R_A|PRIMARY|F3|992cfe2587948c84f376807a446f61bc75663610f19574dc19ddcaf94cd37239,F3,FOLD_2,HMSO01R_A|FIELD_LINEAGE|c2759d4a0108475d88af3dd58a918080f77e42a77ac5a686ce9a650a1d522183,576,False,True,True,True,True,True,1.7763568394002505e-15,True,True,46656,46656,True,True,True,True,3.164984751349147e-16,,True,True,0.0,2.1897988177079264e-14,True,True,7.228891069785415e-06,PRIMARY_TOPOLOGY_CAST_FLOAT32_DIAGNOSTIC_ONLY,CONTINUUM_REFERENCE_MINUS_LAMBDA_1_BASE_SPH,True,2.8062644514211925,7.975883282316524e-14,8.881784197001252e-16,0.0,1.3322676295501878e-15,1.3322676295501878e-15,1.3322676295501878e-15,1.3322676295501878e-15,0.0,8.331154650196574e-14,0.0,True,0.40703209790754585,0.01,2.842170943040401e-16,0.0,0.0,0.0,0.0,0.0,0.0,0.0,2.842170943040401e-16,0.0,True,0.0,0.3526455913846004,1.0022790530246095e-14,1.1102230246251565e-16,0.0,1.6653345369377348e-16,1.8041124150158794e-16,1.8041124150158794e-16,4.926614671774132e-16,0.0,1.0806885541387612e-14,0.0,True,0.029856409997695788,0.3526455913846004,1.0022790530246095e-14,1.1102230246251565e-16,0.0,1.6653345369377348e-16,1.8041124150158794e-16,1.8041124150158794e-16,4.926614671774132e-16,0.0,1.0806885541387612e-14,0.0,True,0.029856409997695788,H-MSO-01R-B,1c99103edaf76aa05915458fd498e07b1241e272,1.0,True,True,True,True,False,a4b7da1a9f6e4efab7ccbc9ec3bb5e4235a82aef30ce64017895df05ab1c2b01,False
232,HMSO01R_A|PRIMARY|F3|7136656598cb24640a081e69d60382186efc577b90139fd912756f7adda26005,F3,FOLD_5,HMSO01R_A|FIELD_LINEAGE|0fdda9072ffc8d97ff7e0441813be2217cbf8a41c67bef8c56cb65c5e8c889e5,576,False,True,True,True,True,True,2.9566193243679706e-16,True,True,28224,28224,True,True,True,True,3.1653656809497727e-16,,True,True,0.0,1.1478474521634476e-14,True,True,2.7370456366464235e-07,PRIMARY_TOPOLOGY_CAST_FLOAT32_DIAGNOSTIC_ONLY,CONTINUUM_REFERENCE_MINUS_LAMBDA_1_BASE_SPH,True,0.1,2.842170943040401e-15,0.0,0.0,3.885780586188048e-16,2.7755575615628914e-16,3.885780586188048e-16,6.106226635438361e-16,0.0,3.841371665203042e-15,0.0,True,7.098683911993815e-06,0.01,2.842170943040401e-16,0.0,0.0,0.0,0.0,0.0,0.0,0.0,2.842170943040401e-16,0.0,True,0.0,0.17630157647818265,5.010792178785057e-15,5.551115123125783e-17,0.0,1.5612511283791264e-16,1.3183898417423734e-16,1.5612511283791264e-16,3.7470027081099033e-16,0.0,5.597128713665218e-15,0.0,True,0.009975011316545306,0.17630157647818265,5.010792178785057e-15,5.551115123125783e-17,0.0,1.5612511283791264e-16,1.3183898417423734e-16,1.5612511283791264e-16,3.7470027081099033e-16,0.0,5.597128713665218e-15,0.0,True,0.009975011316545306,H-MSO-01R-B,1c99103edaf76aa05915458fd498e07b1241e272,1.0,True,True,True,True,False,a4b7da1a9f6e4efab7ccbc9ec3bb5e4235a82aef30ce64017895df05ab1c2b01,False
233,HMSO01R_A|PRIMARY|F3|80f1ddf447a9f070c4b8c90f674bbe33b4d9e3e48c3556797324f4f97c6f2790,F3,FOLD_5,HMSO01R_A|FIELD_LINEAGE|34a4e80876c1805c1767ae4dec4e60fe92b927519de4d3f4fc98d8e491efa006,576,False,True,True,True,True,True,1.3322676295501878e-15,True,True,16704,16704,True,True,True,True,3.1617135454486233e-16,,True,True,0.0,2.369508479005543e-14,True,True,4.411338108356588e-06,PRIMARY_TOPOLOGY_CAST_FLOAT32_DIAGNOSTIC_ONLY,CONTINUUM_REFERENCE_MINUS_LAMBDA_1_BASE_SPH,True,2.809167898776546,7.984135376024557e-14,8.881784197001252e-16,0.0,1.3322676295501878e-15,8.881784197001252e-16,1.3322676295501878e-15,2.6645352591003757e-15,0.0,8.472633506859626e-14,0.0,True,0.17482625986116224,0.01,2.842170943040401e-16,0.0,0.0,0.0,0.0,0.0,0.0,0.0,2.842170943040401e-16,0.0,True,0.0,0.35301044933986697,1.0033160417034053e-14,1.1102230246251565e-16,0.0,2.498001805406602e-16,1.6653345369377348e-16,2.498001805406602e-16,1.3114509478384662e-15,0.0,1.1705433847875695e-14,0.0,True,0.013902856157568994,0.35301044933986697,1.0033160417034053e-14,1.1102230246251565e-16,0.0,2.498001805406602e-16,1.6653345369377348e-16,2.498001805406602e-16,1.3114509478384662e-15,0.0,1.1705433847875695e-14,0.0,True,0.013902856157568994,H-MSO-01R-B,1c99103edaf76aa05915458fd498e07b1241e272,1.0,True,True,True,True,False,a4b7da1a9f6e4efab7ccbc9ec3bb5e4235a82aef30ce64017895df05ab1c2b01,False
234,HMSO01R_A|PRIMARY|F3|ca00eb8ffcc519aea35eb210592a3e338905e20778f429a6567f20cff3dcd7f9,F3,FOLD_2,HMSO01R_A|FIELD_LINEAGE|6ad90de4847db7d34a3540ed573a050180b363be817d3503c19045b1a2f0ed3c,576,False,True,True,True,True,True,8.881784197001252e-16,True,True,16704,16704,True,True,True,True,3.164984751349147e-16,,True,True,0.0,1.1902953222448798e-14,True,True,3.6068362068847337e-06,PRIMARY_TOPOLOGY_CAST_FLOAT32_DIAGNOSTIC_ONLY,CONTINUUM_REFERENCE_MINUS_LAMBDA_1_BASE_SPH,True,1.4031322257105963,3.987941641158262e-14,4.440892098500626e-16,0.0,4.440892098500626e-16,4.440892098500626e-16,4.440892098500626e-16,1.3322676295501878e-15,0.0,4.209986246083293e-14,0.0,True,0.08741312993058109,0.01,2.842170943040401e-16,0.0,0.0,0.0,0.0,0.0,0.0,0.0,2.842170943040401e-16,0.0,True,0.0,0.1763227956923002,5.0113952651230475e-15,5.551115123125783e-17,0.0,1.8735013540549517e-16,1.3183898417423734e-16,1.8735013540549517e-16,5.551115123125783e-16,0.0,5.809368064072379e-15,0.0,True,0.006951428078784508,0.1763227956923002,5.0113952651230475e-15,5.551115123125783e-17,0.0,1.8735013540549517e-16,1.3183898417423734e-16,1.8735013540549517e-16,5.551115123125783e-16,0.0,5.809368064072379e-15,0.0,True,0.006951428078784508,H-MSO-01R-B,1c99103edaf76aa05915458fd498e07b1241e272,1.0,True,True,True,True,False,a4b7da1a9f6e4efab7ccbc9ec3bb5e4235a82aef30ce64017895df05ab1c2b01,False
235,HMSO01R_A|PRIMARY|F3|4b991d5f1d978986f69fcb0236ec4a83e34cbcaba9d7882a4d1f23e4df8cc31b,F3,FOLD_4,HMSO01R_A|FIELD_LINEAGE|f82108cfb75a5ece90cca0bec2aa62b5af33b3b96774d26a9d5bbde8416cb360,576,False,True,True,True,True,True,8.326672684688674e-17,True,True,16704,16704,True,True,True,True,3.739759782743068e-16,,True,True,0.0,1.3111604526693281e-15,True,True,3.038039163780204e-07,PRIMARY_TOPOLOGY_CAST_FLOAT32_DIAGNOSTIC_ONLY,CONTINUUM_REFERENCE_MINUS_LAMBDA_1_BASE_SPH,True,0.22147664460155922,6.2947448384863725e-15,5.551115123125783e-17,0.0,5.551115123125783e-17,5.551115123125783e-17,5.551115123125783e-17,2.220446049250313e-16,0.0,6.6278117458739194e-15,0.0,True,0.00652087972686517,0.01,2.842170943040401e-16,0.0,0.0,0.0,0.0,0.0,0.0,0.0,2.842170943040401e-16,0.0,True,0.0,0.013915787992439518,3.955104828162211e-16,5.204170427930421e-18,0.0,1.9081958235744878e-17,1.214306433183765e-17,1.9081958235744878e-17,9.367506770274758e-17,0.0,5.13471679182644e-16,0.0,True,0.0003650984081751832,0.013915787992439518,3.955104828162211e-16,5.204170427930421e-18,0.0,1.9081958235744878e-17,1.214306433183765e-17,1.9081958235744878e-17,9.367506770274758e-17,0.0,5.13471679182644e-16,0.0,True,0.0003650984081751832,H-MSO-01R-B,1c99103edaf76aa05915458fd498e07b1241e272,1.0,True,True,True,True,False,a4b7da1a9f6e4efab7ccbc9ec3bb5e4235a82aef30ce64017895df05ab1c2b01,False
236,HMSO01R_A|PRIMARY|F3|362dc3678e005c1c1211eface4ff1a96771b521fd8dfed0969697a160f66e68e,F3,FOLD_4,HMSO01R_A|FIELD_LINEAGE|ea7a0f305184b5efcd1c245ec8837c3d5e92744042b12d412ef90758785acc95,576,False,True,True,True,True,True,6.598183371203659e-16,True,True,28224,28224,True,True,True,True,3.1617135454486233e-16,,True,True,0.0,2.269588406789279e-14,True,True,6.906526950761771e-07,PRIMARY_TOPOLOGY_CAST_FLOAT32_DIAGNOSTIC_ONLY,CONTINUUM_REFERENCE_MINUS_LAMBDA_1_BASE_SPH,True,0.1,2.842170943040401e-15,0.0,0.0,6.661338147750939e-16,6.661338147750939e-16,6.661338147750939e-16,9.992007221626409e-16,0.0,4.507505479978136e-15,0.0,True,1.419736782399102e-05,0.01,2.842170943040401e-16,0.0,0.0,0.0,0.0,0.0,0.0,0.0,2.842170943040401e-16,0.0,True,0.0,0.35301044933986697,1.0033160417034053e-14,1.1102230246251565e-16,0.0,3.122502256758253e-16,2.498001805406602e-16,3.122502256758253e-16,7.494005416219807e-16,0.0,1.1205833486794375e-14,0.0,True,0.019950022633090606,0.35301044933986697,1.0033160417034053e-14,1.1102230246251565e-16,0.0,3.122502256758253e-16,2.498001805406602e-16,3.122502256758253e-16,7.494005416219807e-16,0.0,1.1205833486794375e-14,0.0,True,0.019950022633090606,H-MSO-01R-B,1c99103edaf76aa05915458fd498e07b1241e272,1.0,True,True,True,True,False,a4b7da1a9f6e4efab7ccbc9ec3bb5e4235a82aef30ce64017895df05ab1c2b01,False
237,HMSO01R_A|PRIMARY|F3|2d0a10ea34da730e58ecbeff3ce6e1f0b5db801184e52e09ed7cda862ce11fe7,F3,FOLD_3,HMSO01R_A|FIELD_LINEAGE|b1c696b82fff7183ba4fc0ae8ce4363fcd56ada1cc6ffa171713dda9524816e8,576,False,True,True,True,True,True,7.283805720029179e-16,True,True,46656,46656,True,True,True,True,3.1617135454486233e-16,,True,True,0.0,2.1953422420174717e-14,True,True,6.918201196359774e-07,PRIMARY_TOPOLOGY_CAST_FLOAT32_DIAGNOSTIC_ONLY,CONTINUUM_REFERENCE_MINUS_LAMBDA_1_BASE_SPH,True,0.1,2.842170943040401e-15,0.0,0.0,7.771561172376096e-16,6.661338147750939e-16,7.771561172376096e-16,1.1102230246251565e-15,0.0,4.729550084903167e-15,0.0,True,1.2899075048831407e-05,0.01,2.842170943040401e-16,0.0,0.0,0.0,0.0,0.0,0.0,0.0,2.842170943040401e-16,0.0,True,0.0,0.35301044933986697,1.0033160417034053e-14,1.1102230246251565e-16,0.0,2.220446049250313e-16,1.942890293094024e-16,2.220446049250313e-16,4.683753385137379e-16,0.0,1.0834602662935338e-14,0.0,True,0.02985640999769579,0.35301044933986697,1.0033160417034053e-14,1.1102230246251565e-16,0.0,2.220446049250313e-16,1.942890293094024e-16,2.220446049250313e-16,4.683753385137379e-16,0.0,1.0834602662935338e-14,0.0,True,0.02985640999769579,H-MSO-01R-B,1c99103edaf76aa05915458fd498e07b1241e272,1.0,True,True,True,True,False,a4b7da1a9f6e4efab7ccbc9ec3bb5e4235a82aef30ce64017895df05ab1c2b01,False
238,HMSO01R_A|PRIMARY|F3|3163c11319e01c1fa67d9f34e9aed73c1f867fd08b7c89b010a7b3a4097c9f8e,F3,FOLD_1,HMSO01R_A|FIELD_LINEAGE|a3f750d8c1551c6ecf78f876fab114a3481105b16656dddc657ee8cfb50fd48b,576,False,True,True,True,True,True,0.0,True,True,28224,28224,True,True,True,True,1.4133044743974302e-16,,True,True,0.0,1.546433075688988e-12,True,True,4.6410805225605145e-05,PRIMARY_TOPOLOGY_CAST_FLOAT32_DIAGNOSTIC_ONLY,CONTINUUM_REFERENCE_MINUS_LAMBDA_1_BASE_SPH,True,0.1,2.842170943040401e-15,0.0,0.0,0.0,0.0,0.0,0.0,0.0,2.842170943040401e-15,0.0,True,0.0,25.137638372759127,7.144546535971337e-13,3.552713678800501e-15,0.0,1.9539925233402755e-14,1.5987211554602254e-14,1.9539925233402755e-14,3.552713678800501e-14,0.0,7.73074429297342e-13,0.0,True,2.7219227710821783,0.01,2.842170943040401e-16,0.0,0.0,0.0,0.0,0.0,0.0,0.0,2.842170943040401e-16,0.0,True,0.0,25.137638372759127,7.144546535971337e-13,3.552713678800501e-15,0.0,1.9539925233402755e-14,1.5987211554602254e-14,1.9539925233402755e-14,3.552713678800501e-14,0.0,7.73074429297342e-13,0.0,True,2.7219227710821783,H-MSO-01R-B,1c99103edaf76aa05915458fd498e07b1241e272,1.0,True,True,True,True,False,a4b7da1a9f6e4efab7ccbc9ec3bb5e4235a82aef30ce64017895df05ab1c2b01,False
239,HMSO01R_A|PRIMARY|F3|380f69ecea392f85530413b931220c918af563554de7f128286ecaec359623f2,F3,FOLD_0,HMSO01R_A|FIELD_LINEAGE|2bf67fa14447cc7892bedcae7ba79ef420cf3b1aa476bde75527a097c9a5c922,576,False,True,True,True,True,True,0.0,True,True,28224,28224,True,True,True,True,1.4152170767639814e-16,,True,True,0.0,3.8456229820320174e-13,True,True,9.453433548634038e-06,PRIMARY_TOPOLOGY_CAST_FLOAT32_DIAGNOSTIC_ONLY,CONTINUUM_REFERENCE_MINUS_LAMBDA_1_BASE_SPH,True,0.1,2.842170943040401e-15,0.0,0.0,0.0,0.0,0.0,0.0,0.0,2.842170943040401e-15,0.0,True,0.0,6.27591649565891,1.783722750490969e-13,8.881784197001252e-16,0.0,3.9968028886505635e-15,3.774758283725532e-15,3.9968028886505635e-15,8.881784197001252e-15,0.0,1.9213904055444885e-13,0.0,True,0.6811499618047188,0.01,2.842170943040401e-16,0.0,0.0,0.0,0.0,0.0,0.0,0.0,2.842170943040401e-16,0.0,True,0.0,6.27591649565891,1.783722750490969e-13,8.881784197001252e-16,0.0,3.9968028886505635e-15,3.774758283725532e-15,3.9968028886505635e-15,8.881784197001252e-15,0.0,1.9213904055444885e-13,0.0,True,0.6811499618047188,H-MSO-01R-B,1c99103edaf76aa05915458fd498e07b1241e272,1.0,True,True,True,True,False,a4b7da1a9f6e4efab7ccbc9ec3bb5e4235a82aef30ce64017895df05ab1c2b01,False
240,HMSO01R_A|PRIMARY|F3|13c1013b13a07676d41856b9facf68d3da57412867cb173e2968fab19b857816,F3,FOLD_0,HMSO01R_A|FIELD_LINEAGE|8e40e60ae6de8d393e4f96f7c0cdfd3570298138a8d1d44c6db1dc858b71a31e,576,False,True,True,True,True,True,0.0,True,True,46656,46656,True,True,True,True,2.8304872531867695e-16,,True,True,0.0,1.9253093370511058e-13,True,True,8.297570854881586e-06,PRIMARY_TOPOLOGY_CAST_FLOAT32_DIAGNOSTIC_ONLY,CONTINUUM_REFERENCE_MINUS_LAMBDA_1_BASE_SPH,True,0.1,2.842170943040401e-15,0.0,0.0,0.0,0.0,0.0,0.0,0.0,2.842170943040401e-15,0.0,True,0.0,3.1378993800454285,8.918446440149604e-14,8.881784197001252e-16,0.0,2.4980018054066022e-15,2.4424906541753444e-15,2.4980018054066022e-15,3.552713678800501e-15,0.0,9.612335830540327e-14,0.0,True,0.5087692616458935,0.01,2.842170943040401e-16,0.0,0.0,0.0,0.0,0.0,0.0,0.0,2.842170943040401e-16,0.0,True,0.0,3.1378993800454285,8.918446440149604e-14,8.881784197001252e-16,0.0,2.4980018054066022e-15,2.4424906541753444e-15,2.4980018054066022e-15,3.552713678800501e-15,0.0,9.612335830540327e-14,0.0,True,0.5087692616458935,H-MSO-01R-B,1c99103edaf76aa05915458fd498e07b1241e272,1.0,True,True,True,True,False,a4b7da1a9f6e4efab7ccbc9ec3bb5e4235a82aef30ce64017895df05ab1c2b01,False
241,HMSO01R_A|PRIMARY|F3|18ef690b3c59b611d2a28230dd7b48838e1ff16db804f1890537e6174977f2c2,F3,FOLD_3,HMSO01R_A|FIELD_LINEAGE|a97cf87a717a68b745e28078c021ba65c881711a1cd171188bc4affd3a1b5795,576,False,True,True,True,True,True,0.0,True,True,46656,46656,True,True,True,True,2.8301260856667544e-16,,True,True,0.0,3.865995323804936e-13,True,True,1.6743907216898446e-05,PRIMARY_TOPOLOGY_CAST_FLOAT32_DIAGNOSTIC_ONLY,CONTINUUM_REFERENCE_MINUS_LAMBDA_1_BASE_SPH,True,0.1,2.842170943040401e-15,0.0,0.0,0.0,0.0,0.0,0.0,0.0,2.842170943040401e-15,0.0,True,0.0,6.276599648321871,1.783916914155802e-13,1.7763568394002505e-15,0.0,4.9960036108132044e-15,3.9968028886505635e-15,4.9960036108132044e-15,7.993605777301127e-15,0.0,1.9315765764309478e-13,0.0,True,1.0174133592611465,0.01,2.842170943040401e-16,0.0,0.0,0.0,0.0,0.0,0.0,0.0,2.842170943040401e-16,0.0,True,0.0,6.276599648321871,1.783916914155802e-13,1.7763568394002505e-15,0.0,4.9960036108132044e-15,3.9968028886505635e-15,4.9960036108132044e-15,7.993605777301127e-15,0.0,1.9315765764309478e-13,0.0,True,1.0174133592611465,H-MSO-01R-B,1c99103edaf76aa05915458fd498e07b1241e272,1.0,True,True,True,True,False,a4b7da1a9f6e4efab7ccbc9ec3bb5e4235a82aef30ce64017895df05ab1c2b01,False
242,HMSO01R_A|PRIMARY|F3|68ec409d4a3309a14535aec6bb5958f5430688d65d51b348e794666d7d65d44f,F3,FOLD_5,HMSO01R_A|FIELD_LINEAGE|bf32023450080971c5fdfb56d7a260838d7b8e02917a4118c4ed0b4a49c6c14a,576,False,True,True,True,True,True,1.6022305823672894e-16,True,True,46656,46656,True,True,True,True,3.1653656809497727e-16,,True,True,0.0,5.697465119515717e-15,True,True,1.4401449342348743e-07,PRIMARY_TOPOLOGY_CAST_FLOAT32_DIAGNOSTIC_ONLY,CONTINUUM_REFERENCE_MINUS_LAMBDA_1_BASE_SPH,True,0.1,2.842170943040401e-15,0.0,0.0,2.220446049250313e-16,1.6653345369377348e-16,2.220446049250313e-16,3.608224830031759e-16,0.0,3.425038030968608e-15,0.0,True,3.2247687621893652e-06,0.01,2.842170943040401e-16,0.0,0.0,0.0,0.0,0.0,0.0,0.0,2.842170943040401e-16,0.0,True,0.0,0.08815078823909132,2.5053960893925285e-15,2.7755575615628914e-17,0.0,4.85722573273506e-17,4.85722573273506e-17,4.85722573273506e-17,1.249000902703301e-16,0.0,2.706624012605838e-15,0.0,True,0.007464102499423945,0.08815078823909132,2.5053960893925285e-15,2.7755575615628914e-17,0.0,4.85722573273506e-17,4.85722573273506e-17,4.85722573273506e-17,1.249000902703301e-16,0.0,2.706624012605838e-15,0.0,True,0.007464102499423945,H-MSO-01R-B,1c99103edaf76aa05915458fd498e07b1241e272,1.0,True,True,True,True,False,a4b7da1a9f6e4efab7ccbc9ec3bb5e4235a82aef30ce64017895df05ab1c2b01,False
243,HMSO01R_A|PRIMARY|F3|7b160ffc1ee3480a1414d9a2546b7df691497ca9426646a9dbf10b739adaf9ba,F3,FOLD_5,HMSO01R_A|FIELD_LINEAGE|83c68f311cba3e93368aeeec1e81f7eebc2d9d8bfb68a0ba32cbc3fe731f6155,576,False,True,True,True,True,True,3.122502256758253e-16,True,True,16704,16704,True,True,True,True,3.1617135454486233e-16,,True,True,0.0,1.2294962273951654e-14,True,True,3.294741873632878e-07,PRIMARY_TOPOLOGY_CAST_FLOAT32_DIAGNOSTIC_ONLY,CONTINUUM_REFERENCE_MINUS_LAMBDA_1_BASE_SPH,True,0.1,2.842170943040401e-15,0.0,0.0,4.440892098500626e-16,3.3306690738754696e-16,4.440892098500626e-16,6.106226635438361e-16,0.0,3.8968828164343e-15,0.0,True,0.00019554400258949546,0.01,2.842170943040401e-16,0.0,0.0,0.0,0.0,0.0,0.0,0.0,2.842170943040401e-16,0.0,True,0.0,0.17650522466993349,5.016580208517027e-15,5.551115123125783e-17,0.0,1.5265566588595902e-16,1.249000902703301e-16,1.5265566588595902e-16,7.806255641895632e-16,0.0,6.005372589823807e-15,0.0,True,0.006951428078784498,0.17650522466993349,5.016580208517027e-15,5.551115123125783e-17,0.0,1.5265566588595902e-16,1.249000902703301e-16,1.5265566588595902e-16,7.806255641895632e-16,0.0,6.005372589823807e-15,0.0,True,0.006951428078784498,H-MSO-01R-B,1c99103edaf76aa05915458fd498e07b1241e272,1.0,True,True,True,True,False,a4b7da1a9f6e4efab7ccbc9ec3bb5e4235a82aef30ce64017895df05ab1c2b01,False
244,HMSO01R_A|PRIMARY|F3|2533adb0fb2c8361bc57883a1879af5f891df3aa1c79e916e4a317b4a1d5c8d1,F3,FOLD_3,HMSO01R_A|FIELD_LINEAGE|0a252563daa08b1ab13bdaf89c42f5f5445076fcfec6feb203abcad9de8ed55a,576,False,True,True,True,True,True,0.0,True,True,46656,46656,True,True,True,True,1.4154058220068512e-16,,True,True,0.0,1.9151129317571602e-13,True,True,4.878699342070192e-06,PRIMARY_TOPOLOGY_CAST_FLOAT32_DIAGNOSTIC_ONLY,CONTINUUM_REFERENCE_MINUS_LAMBDA_1_BASE_SPH,True,0.1,2.842170943040401e-15,0.0,0.0,0.0,0.0,0.0,0.0,0.0,2.842170943040401e-15,0.0,True,0.0,3.1375397991538927,8.917424449788009e-14,4.440892098500626e-16,0.0,2.4980018054066022e-15,2.3314683517128287e-15,2.4980018054066022e-15,3.497202527569243e-15,0.0,9.5613538040706e-14,0.0,True,0.5087692616458933,0.01,2.842170943040401e-16,0.0,0.0,0.0,0.0,0.0,0.0,0.0,2.842170943040401e-16,0.0,True,0.0,3.1375397991538927,8.917424449788009e-14,4.440892098500626e-16,0.0,2.4980018054066022e-15,2.3314683517128287e-15,2.4980018054066022e-15,3.497202527569243e-15,0.0,9.5613538040706e-14,0.0,True,0.5087692616458933,H-MSO-01R-B,1c99103edaf76aa05915458fd498e07b1241e272,1.0,True,True,True,True,False,a4b7da1a9f6e4efab7ccbc9ec3bb5e4235a82aef30ce64017895df05ab1c2b01,False
245,HMSO01R_A|PRIMARY|F3|653053ef8ac15854c397871157381bff72482264f1b13133d6e6ccb77ff9aeba,F3,FOLD_3,HMSO01R_A|FIELD_LINEAGE|1a444bf8e4f5678b58a9ba1debf6e16323abf2899e40040f0bbc7e1608156e14,576,False,True,True,True,True,True,2.5500435096859064e-16,True,True,28224,28224,True,True,True,True,3.164984751349147e-16,,True,True,0.0,1.1444986224790921e-14,True,True,3.794710197336376e-07,PRIMARY_TOPOLOGY_CAST_FLOAT32_DIAGNOSTIC_ONLY,CONTINUUM_REFERENCE_MINUS_LAMBDA_1_BASE_SPH,True,0.1,2.842170943040401e-15,0.0,0.0,3.3306690738754696e-16,2.7755575615628914e-16,3.3306690738754696e-16,5.551115123125783e-16,0.0,3.730349362740526e-15,0.0,True,7.098683911985045e-06,0.01,2.842170943040401e-16,0.0,0.0,0.0,0.0,0.0,0.0,0.0,2.842170943040401e-16,0.0,True,0.0,0.1763227956923002,5.0113952651230475e-15,5.551115123125783e-17,0.0,1.6653345369377348e-16,1.6653345369377348e-16,1.6653345369377348e-16,3.469446951953614e-16,0.0,5.58038456524344e-15,0.0,True,0.009975011316545308,0.1763227956923002,5.0113952651230475e-15,5.551115123125783e-17,0.0,1.6653345369377348e-16,1.6653345369377348e-16,1.6653345369377348e-16,3.469446951953614e-16,0.0,5.58038456524344e-15,0.0,True,0.009975011316545308,H-MSO-01R-B,1c99103edaf76aa05915458fd498e07b1241e272,1.0,True,True,True,True,False,a4b7da1a9f6e4efab7ccbc9ec3bb5e4235a82aef30ce64017895df05ab1c2b01,False
246,HMSO01R_A|PRIMARY|F3|ea2d887ae045743da34d43d6b72ae43caedb23d56183d2afa0b13828de776344,F3,FOLD_5,HMSO01R_A|FIELD_LINEAGE|e9dc12a25958465c187afbd7ef920bc04ba98d4b232046e156979d215bd85146,576,False,True,True,True,True,True,0.0,True,True,28224,28224,True,True,True,True,2.8279590805466647e-16,,True,True,0.0,1.5493035956828221e-12,True,True,6.570364786084859e-05,PRIMARY_TOPOLOGY_CAST_FLOAT32_DIAGNOSTIC_ONLY,CONTINUUM_REFERENCE_MINUS_LAMBDA_1_BASE_SPH,True,0.1,2.842170943040401e-15,0.0,0.0,0.0,0.0,0.0,0.0,0.0,2.842170943040401e-15,0.0,True,0.0,25.125637094534873,7.141135567546506e-13,7.105427357601002e-15,0.0,2.1316282072803006e-14,1.7763568394002505e-14,2.1316282072803006e-14,3.197442310920451e-14,0.0,7.745096892942591e-13,0.0,True,2.721922771082206,0.01,2.842170943040401e-16,0.0,0.0,0.0,0.0,0.0,0.0,0.0,2.842170943040401e-16,0.0,True,0.0,25.125637094534873,7.141135567546506e-13,7.105427357601002e-15,0.0,2.1316282072803006e-14,1.7763568394002505e-14,2.1316282072803006e-14,3.197442310920451e-14,0.0,7.745096892942591e-13,0.0,True,2.721922771082206,H-MSO-01R-B,1c99103edaf76aa05915458fd498e07b1241e272,1.0,True,True,True,True,False,a4b7da1a9f6e4efab7ccbc9ec3bb5e4235a82aef30ce64017895df05ab1c2b01,False
247,HMSO01R_A|PRIMARY|F3|dc8d9c4e413930a97b4cd3082904857f7e51fd10e589394942b120f455a2cc25,F3,FOLD_4,HMSO01R_A|FIELD_LINEAGE|7b060c06cca73ad49fc21e32e1688bcbe34e5745a78029b452cbacf697a204be,576,False,True,True,True,True,True,0.0,True,True,28224,28224,True,True,True,True,1.4210496254574193e-16,,True,True,0.0,2.070122251503832e-13,True,True,3.9861174527255905e-06,PRIMARY_TOPOLOGY_CAST_FLOAT32_DIAGNOSTIC_ONLY,CONTINUUM_REFERENCE_MINUS_LAMBDA_1_BASE_SPH,True,0.1,2.842170943040401e-15,0.0,0.0,0.0,0.0,0.0,0.0,0.0,2.842170943040401e-15,0.0,True,0.0,3.1250788283140745,8.882008240545004e-14,4.440892098500626e-16,0.0,5.10702591327572e-15,4.440892098500626e-15,5.10702591327572e-15,8.992806499463768e-15,0.0,1.0336400402803959e-13,0.0,True,0.18244966611268695,0.01,2.842170943040401e-16,0.0,0.0,0.0,0.0,0.0,0.0,0.0,2.842170943040401e-16,0.0,True,0.0,3.1250788283140745,8.882008240545004e-14,4.440892098500626e-16,0.0,5.10702591327572e-15,4.440892098500626e-15,5.10702591327572e-15,8.992806499463768e-15,0.0,1.0336400402803959e-13,0.0,True,0.18244966611268695,H-MSO-01R-B,1c99103edaf76aa05915458fd498e07b1241e272,1.0,True,True,True,True,False,a4b7da1a9f6e4efab7ccbc9ec3bb5e4235a82aef30ce64017895df05ab1c2b01,False
248,HMSO01R_A|PRIMARY|F3|44116bd7174544bd426c255cf46e31b00e1aa52defd540ae4856fc93d8675b6b,F3,FOLD_2,HMSO01R_A|FIELD_LINEAGE|61b0a8ee57598b36eed2786a9e3e1cafd7d1e5cb7b5052c92f6d5c1826bc6619,576,False,True,True,True,True,True,1.1102230246251565e-16,True,True,16704,16704,True,True,True,True,3.1653656809497727e-16,,True,True,0.0,3.2094162648829558e-15,True,True,5.506756654560796e-07,PRIMARY_TOPOLOGY_CAST_FLOAT32_DIAGNOSTIC_ONLY,CONTINUUM_REFERENCE_MINUS_LAMBDA_1_BASE_SPH,True,0.35074084214245743,9.968654300748126e-15,1.1102230246251565e-16,0.0,1.6653345369377348e-16,1.1102230246251565e-16,1.6653345369377348e-16,3.3306690738754696e-16,0.0,1.0579276964291962e-14,0.0,True,0.021853282482645283,0.01,2.842170943040401e-16,0.0,0.0,0.0,0.0,0.0,0.0,0.0,2.842170943040401e-16,0.0,True,0.0,0.04407539411954566,1.2526980446962643e-15,1.3877787807814457e-17,0.0,3.122502256758253e-17,2.0816681711721685e-17,3.122502256758253e-17,1.6479873021779667e-16,0.0,1.462599585289458e-15,0.0,True,0.0017378570196961247,0.04407539411954566,1.2526980446962643e-15,1.3877787807814457e-17,0.0,3.122502256758253e-17,2.0816681711721685e-17,3.122502256758253e-17,1.6479873021779667e-16,0.0,1.462599585289458e-15,0.0,True,0.0017378570196961247,H-MSO-01R-B,1c99103edaf76aa05915458fd498e07b1241e272,1.0,True,True,True,True,False,a4b7da1a9f6e4efab7ccbc9ec3bb5e4235a82aef30ce64017895df05ab1c2b01,False
249,HMSO01R_A|PRIMARY|F3|def8e91d8dfb3847bee14620c91a0b5b838f5d2bfe72d46753482c88503c8b88,F3,FOLD_5,HMSO01R_A|FIELD_LINEAGE|19bc9c15d585b69ea5a604b39577d278e2c7b171a2d899f0352dc2850b1dc0cb,576,False,True,True,True,True,True,5.828670879282072e-16,True,True,28224,28224,True,True,True,True,3.191841322443933e-16,,True,True,0.0,7.846358733477261e-15,True,True,2.3841858032280783e-07,PRIMARY_TOPOLOGY_CAST_FLOAT32_DIAGNOSTIC_ONLY,CONTINUUM_REFERENCE_MINUS_LAMBDA_1_BASE_SPH,True,0.1,2.842170943040401e-15,0.0,0.0,6.661338147750939e-16,5.551115123125783e-16,6.661338147750939e-16,8.881784197001252e-16,0.0,4.39648317751562e-15,0.0,True,5.6651670664195095e-16,0.01,2.842170943040401e-16,0.0,0.0,0.0,0.0,0.0,0.0,0.0,2.842170943040401e-16,0.0,True,0.0,0.11130608698556026,3.1635092621388667e-15,2.7755575615628914e-17,0.0,1.5265566588595902e-16,1.3183898417423734e-16,1.5265566588595902e-16,4.371503159461554e-16,0.0,3.7810708195866104e-15,0.0,True,0.003413469842754365,0.11130608698556026,3.1635092621388667e-15,2.7755575615628914e-17,0.0,1.5265566588595902e-16,1.3183898417423734e-16,1.5265566588595902e-16,4.371503159461554e-16,0.0,3.7810708195866104e-15,0.0,True,0.003413469842754365,H-MSO-01R-B,1c99103edaf76aa05915458fd498e07b1241e272,1.0,True,True,True,True,False,a4b7da1a9f6e4efab7ccbc9ec3bb5e4235a82aef30ce64017895df05ab1c2b01,False
250,HMSO01R_A|PRIMARY|F3|e04e6444e20de807e03f26f651319384463d229d80d41c58718b558366ce7843,F3,FOLD_0,HMSO01R_A|FIELD_LINEAGE|0d095ad04875a9db82a8c6062fc3703d3296558fc88db157a4ad79a6317e27a5,576,False,True,True,True,True,True,1.457167719820518e-16,True,True,28224,28224,True,True,True,True,3.191841322443933e-16,,True,True,0.0,2.1782219510492988e-15,True,True,5.960464508070196e-08,PRIMARY_TOPOLOGY_CAST_FLOAT32_DIAGNOSTIC_ONLY,CONTINUUM_REFERENCE_MINUS_LAMBDA_1_BASE_SPH,True,0.1,2.842170943040401e-15,0.0,0.0,1.942890293094024e-16,1.3877787807814457e-16,1.942890293094024e-16,2.220446049250313e-16,0.0,3.2585045772748346e-15,0.0,True,1.4162917666048774e-16,0.01,2.842170943040401e-16,0.0,0.0,0.0,0.0,0.0,0.0,0.0,2.842170943040401e-16,0.0,True,0.0,0.027826521746390064,7.908773155347167e-16,6.938893903907228e-18,0.0,3.9898639947466563e-17,3.2959746043559335e-17,3.9898639947466563e-17,1.0928757898653885e-16,0.0,9.470024283726294e-16,0.0,True,0.0008533674606885913,0.027826521746390064,7.908773155347167e-16,6.938893903907228e-18,0.0,3.9898639947466563e-17,3.2959746043559335e-17,3.9898639947466563e-17,1.0928757898653885e-16,0.0,9.470024283726294e-16,0.0,True,0.0008533674606885913,H-MSO-01R-B,1c99103edaf76aa05915458fd498e07b1241e272,1.0,True,True,True,True,False,a4b7da1a9f6e4efab7ccbc9ec3bb5e4235a82aef30ce64017895df05ab1c2b01,False
251,HMSO01R_A|PRIMARY|F3|0ee0c86bc2bc91e027267a2389a0bdb674a41e8c3dd241151e876582a8fdd70d,F3,FOLD_3,HMSO01R_A|FIELD_LINEAGE|7583af7a3fd0bfbef70db28fd30d8a1112bd000451f8c0ebdcd0eabb3acf22a1,576,False,True,True,True,True,True,5.526720574244859e-16,True,True,28224,28224,True,True,True,True,3.164984751349147e-16,,True,True,0.0,2.2695960976028595e-14,True,True,7.254144291542197e-07,PRIMARY_TOPOLOGY_CAST_FLOAT32_DIAGNOSTIC_ONLY,CONTINUUM_REFERENCE_MINUS_LAMBDA_1_BASE_SPH,True,0.1,2.842170943040401e-15,0.0,0.0,6.661338147750939e-16,5.551115123125783e-16,6.661338147750939e-16,9.992007221626409e-16,0.0,4.507505479978136e-15,0.0,True,1.4197367823984714e-05,0.01,2.842170943040401e-16,0.0,0.0,0.0,0.0,0.0,0.0,0.0,2.842170943040401e-16,0.0,True,0.0,0.3526455913846004,1.0022790530246095e-14,1.1102230246251565e-16,0.0,2.7755575615628914e-16,2.636779683484747e-16,2.7755575615628914e-16,7.945033519973776e-16,0.0,1.1205871940862277e-14,0.0,True,0.019950022633090602,0.3526455913846004,1.0022790530246095e-14,1.1102230246251565e-16,0.0,2.7755575615628914e-16,2.636779683484747e-16,2.7755575615628914e-16,7.945033519973776e-16,0.0,1.1205871940862277e-14,0.0,True,0.019950022633090602,H-MSO-01R-B,1c99103edaf76aa05915458fd498e07b1241e272,1.0,True,True,True,True,False,a4b7da1a9f6e4efab7ccbc9ec3bb5e4235a82aef30ce64017895df05ab1c2b01,False
252,HMSO01R_A|PRIMARY|F3|e263cdb5bb985dfceb73a368db0f1f5bfce2fea6cc9f4afa9306bea48ada1a6f,F3,FOLD_1,HMSO01R_A|FIELD_LINEAGE|d6ecf8cd80acb9db6acee967c0d1a3a8ca941d75fcf9e621c7ea05d79a191767,576,False,True,True,True,True,True,1.6653345369377348e-16,True,True,46656,46656,True,True,True,True,2.513435083615995e-16,,True,True,0.0,1.1974938901605874e-15,True,True,2.5106593146834166e-07,PRIMARY_TOPOLOGY_CAST_FLOAT32_DIAGNOSTIC_ONLY,CONTINUUM_REFERENCE_MINUS_LAMBDA_1_BASE_SPH,True,0.2208577082141934,6.277153608328757e-15,5.551115123125783e-17,0.0,8.326672684688674e-17,1.1102230246251565e-16,1.1102230246251565e-16,1.6653345369377348e-16,0.0,6.610220515716304e-15,0.0,True,0.013727246962518183,0.01,2.842170943040401e-16,0.0,0.0,0.0,0.0,0.0,0.0,0.0,2.842170943040401e-16,0.0,True,0.0,0.01387689907228776,3.9440519322760567e-16,3.469446951953614e-18,0.0,1.951563910473908e-17,1.973247953923618e-17,1.973247953923618e-17,3.903127820947816e-17,0.0,4.566383979282736e-16,0.0,True,0.0006313456244415041,0.01387689907228776,3.9440519322760567e-16,3.469446951953614e-18,0.0,1.951563910473908e-17,1.973247953923618e-17,1.973247953923618e-17,3.903127820947816e-17,0.0,4.566383979282736e-16,0.0,True,0.0006313456244415041,H-MSO-01R-B,1c99103edaf76aa05915458fd498e07b1241e272,1.0,True,True,True,True,False,a4b7da1a9f6e4efab7ccbc9ec3bb5e4235a82aef30ce64017895df05ab1c2b01,False
253,HMSO01R_A|PRIMARY|F3|c6fa46c4e95da6f6bc71a788cf09b900a973347f55e79f32ebd345970c2a6f65,F3,FOLD_1,HMSO01R_A|FIELD_LINEAGE|a3f750d8c1551c6ecf78f876fab114a3481105b16656dddc657ee8cfb50fd48b,576,False,True,True,True,True,True,0.0,True,True,16704,16704,True,True,True,True,1.4133044743974302e-16,,True,True,0.0,1.610381921907397e-12,True,True,4.381793631047515e-05,PRIMARY_TOPOLOGY_CAST_FLOAT32_DIAGNOSTIC_ONLY,CONTINUUM_REFERENCE_MINUS_LAMBDA_1_BASE_SPH,True,0.1,2.842170943040401e-15,0.0,0.0,0.0,0.0,0.0,0.0,0.0,2.842170943040401e-15,0.0,True,0.0,25.137638372759127,7.144546535971337e-13,3.552713678800501e-15,0.0,2.3092638912203256e-14,1.5987211554602254e-14,2.3092638912203256e-14,6.394884621840902e-14,0.0,8.050488524065465e-13,0.0,True,1.7720725654946023,0.01,2.842170943040401e-16,0.0,0.0,0.0,0.0,0.0,0.0,0.0,2.842170943040401e-16,0.0,True,0.0,25.137638372759127,7.144546535971337e-13,3.552713678800501e-15,0.0,2.3092638912203256e-14,1.5987211554602254e-14,2.3092638912203256e-14,6.394884621840902e-14,0.0,8.050488524065465e-13,0.0,True,1.7720725654946023,H-MSO-01R-B,1c99103edaf76aa05915458fd498e07b1241e272,1.0,True,True,True,True,False,a4b7da1a9f6e4efab7ccbc9ec3bb5e4235a82aef30ce64017895df05ab1c2b01,False
254,HMSO01R_A|PRIMARY|F3|eac488ff4dd7149e5f4efe4b3645a2336a6306588688b4f82502c966f1148bfb,F3,FOLD_1,HMSO01R_A|FIELD_LINEAGE|0af73c913450206e45697078b9ff423d2fbe56a236026748e22945b9fe394efb,576,False,True,True,True,True,True,1.6653345369377348e-16,True,True,16704,16704,True,True,True,True,3.1617135454486233e-16,,True,True,0.0,3.2105755562729638e-15,True,True,5.514172635445735e-07,PRIMARY_TOPOLOGY_CAST_FLOAT32_DIAGNOSTIC_ONLY,CONTINUUM_REFERENCE_MINUS_LAMBDA_1_BASE_SPH,True,0.35114598734706826,9.980169220030696e-15,1.1102230246251565e-16,0.0,1.6653345369377348e-16,1.1102230246251565e-16,1.6653345369377348e-16,3.3306690738754696e-16,0.0,1.0590791883574532e-14,0.0,True,0.02185328248264528,0.01,2.842170943040401e-16,0.0,0.0,0.0,0.0,0.0,0.0,0.0,2.842170943040401e-16,0.0,True,0.0,0.04412630616748337,1.2541450521292567e-15,1.3877787807814457e-17,0.0,3.122502256758253e-17,2.0816681711721685e-17,3.122502256758253e-17,1.6393136847980827e-16,0.0,1.463179230984462e-15,0.0,True,0.0017378570196961243,0.04412630616748337,1.2541450521292567e-15,1.3877787807814457e-17,0.0,3.122502256758253e-17,2.0816681711721685e-17,3.122502256758253e-17,1.6393136847980827e-16,0.0,1.463179230984462e-15,0.0,True,0.0017378570196961243,H-MSO-01R-B,1c99103edaf76aa05915458fd498e07b1241e272,1.0,True,True,True,True,False,a4b7da1a9f6e4efab7ccbc9ec3bb5e4235a82aef30ce64017895df05ab1c2b01,False
255,HMSO01R_A|PRIMARY|F3|42255f3b8df188b4b58dd874b7ef736b47932c7d925a1f1b17b1881babb64743,F3,FOLD_3,HMSO01R_A|FIELD_LINEAGE|adcf8aaea780832e88b7b6b779fb3ef2ecab338dd7379ac8654e7aabdcee4b4f,576,False,True,True,True,True,True,0.0,True,True,28224,28224,True,True,True,True,1.4140846053067634e-16,,True,True,0.0,1.5403156956785597e-12,True,True,3.95736525122814e-05,PRIMARY_TOPOLOGY_CAST_FLOAT32_DIAGNOSTIC_ONLY,CONTINUUM_REFERENCE_MINUS_LAMBDA_1_BASE_SPH,True,0.1,2.842170943040401e-15,0.0,0.0,0.0,0.0,0.0,0.0,0.0,2.842170943040401e-15,0.0,True,0.0,25.12377028551128,7.1406049885102e-13,3.552713678800501e-15,0.0,2.042810365310288e-14,1.5987211554602254e-14,2.042810365310288e-14,3.197442310920451e-14,0.0,7.700157392921278e-13,0.0,True,2.7219227710821787,0.01,2.842170943040401e-16,0.0,0.0,0.0,0.0,0.0,0.0,0.0,2.842170943040401e-16,0.0,True,0.0,25.12377028551128,7.1406049885102e-13,3.552713678800501e-15,0.0,2.042810365310288e-14,1.5987211554602254e-14,2.042810365310288e-14,3.197442310920451e-14,0.0,7.700157392921278e-13,0.0,True,2.7219227710821787,H-MSO-01R-B,1c99103edaf76aa05915458fd498e07b1241e272,1.0,True,True,True,True,False,a4b7da1a9f6e4efab7ccbc9ec3bb5e4235a82aef30ce64017895df05ab1c2b01,False
256,HMSO01R_A|PRIMARY|F3|250069e18fee258e82eede00fdf9adb751acd5c2f8496c8fdc69ba43bedbab52,F3,FOLD_0,HMSO01R_A|FIELD_LINEAGE|fd04ea3f458e107df0af85b51443fd7c576cbde1f2a34afcd2f94001f9376e64,576,False,True,True,True,True,True,0.0,True,True,46656,46656,True,True,True,True,1.4169666662873118e-16,,True,True,0.0,4.103230737858722e-13,True,True,1.151220325601443e-05,PRIMARY_TOPOLOGY_CAST_FLOAT32_DIAGNOSTIC_ONLY,CONTINUUM_REFERENCE_MINUS_LAMBDA_1_BASE_SPH,True,0.1,2.842170943040401e-15,0.0,0.0,0.0,0.0,0.0,0.0,0.0,2.842170943040401e-15,0.0,True,0.0,6.268167352357698,1.781520311498553e-13,8.881784197001252e-16,0.0,1.199040866595169e-14,7.105427357601002e-15,1.199040866595169e-14,1.3988810110276972e-14,0.0,2.0501942834578408e-13,0.0,True,0.5507649445628698,0.01,2.842170943040401e-16,0.0,0.0,0.0,0.0,0.0,0.0,0.0,2.842170943040401e-16,0.0,True,0.0,6.268167352357698,1.781520311498553e-13,8.881784197001252e-16,0.0,1.199040866595169e-14,7.105427357601002e-15,1.199040866595169e-14,1.3988810110276972e-14,0.0,2.0501942834578408e-13,0.0,True,0.5507649445628698,H-MSO-01R-B,1c99103edaf76aa05915458fd498e07b1241e272,1.0,True,True,True,True,False,a4b7da1a9f6e4efab7ccbc9ec3bb5e4235a82aef30ce64017895df05ab1c2b01,False
257,HMSO01R_A|PRIMARY|F3|aecf7922000672602f41f9c886a0802ff665c6869b1d7e10c034334da9814021,F3,FOLD_1,HMSO01R_A|FIELD_LINEAGE|4cf69c455bf1f50d880646e37d5ce58645992adb18a995a52fdf89583dcd2384,576,False,True,True,True,True,True,0.0,True,True,16704,16704,True,True,True,True,1.4178149680314518e-16,,True,True,0.0,1.1772864647144933e-13,True,True,3.078465800832042e-06,PRIMARY_TOPOLOGY_CAST_FLOAT32_DIAGNOSTIC_ONLY,CONTINUUM_REFERENCE_MINUS_LAMBDA_1_BASE_SPH,True,0.1,2.842170943040401e-15,0.0,0.0,0.0,0.0,0.0,0.0,0.0,2.842170943040401e-15,0.0,True,0.0,1.566104251483016,4.451135997337064e-14,2.220446049250313e-16,0.0,2.9976021664879227e-15,2.4702462297909733e-15,2.9976021664879227e-15,1.099120794378905e-14,0.0,5.872221468857265e-14,0.0,True,0.06537048006716736,0.01,2.842170943040401e-16,0.0,0.0,0.0,0.0,0.0,0.0,0.0,2.842170943040401e-16,0.0,True,0.0,1.566104251483016,4.451135997337064e-14,2.220446049250313e-16,0.0,2.9976021664879227e-15,2.4702462297909733e-15,2.9976021664879227e-15,1.099120794378905e-14,0.0,5.872221468857265e-14,0.0,True,0.06537048006716736,H-MSO-01R-B,1c99103edaf76aa05915458fd498e07b1241e272,1.0,True,True,True,True,False,a4b7da1a9f6e4efab7ccbc9ec3bb5e4235a82aef30ce64017895df05ab1c2b01,False
258,HMSO01R_A|PRIMARY|F3|5ce4f3220cbbb898f20b8d1521d212931fd5b2278c2883fa0502f4313f1155c4,F3,FOLD_5,HMSO01R_A|FIELD_LINEAGE|83c68f311cba3e93368aeeec1e81f7eebc2d9d8bfb68a0ba32cbc3fe731f6155,576,False,True,True,True,True,True,3.2990916856018293e-16,True,True,28224,28224,True,True,True,True,3.1617135454486233e-16,,True,True,0.0,1.1496989475002322e-14,True,True,3.4532634753808855e-07,PRIMARY_TOPOLOGY_CAST_FLOAT32_DIAGNOSTIC_ONLY,CONTINUUM_REFERENCE_MINUS_LAMBDA_1_BASE_SPH,True,0.1,2.842170943040401e-15,0.0,0.0,3.885780586188048e-16,3.3306690738754696e-16,3.885780586188048e-16,4.996003610813204e-16,0.0,3.730349362740526e-15,0.0,True,7.09868391199551e-06,0.01,2.842170943040401e-16,0.0,0.0,0.0,0.0,0.0,0.0,0.0,2.842170943040401e-16,0.0,True,0.0,0.17650522466993349,5.016580208517027e-15,5.551115123125783e-17,0.0,1.5959455978986625e-16,1.249000902703301e-16,1.5959455978986625e-16,3.7470027081099033e-16,0.0,5.606386190349141e-15,0.0,True,0.009975011316545303,0.17650522466993349,5.016580208517027e-15,5.551115123125783e-17,0.0,1.5959455978986625e-16,1.249000902703301e-16,1.5959455978986625e-16,3.7470027081099033e-16,0.0,5.606386190349141e-15,0.0,True,0.009975011316545303,H-MSO-01R-B,1c99103edaf76aa05915458fd498e07b1241e272,1.0,True,True,True,True,False,a4b7da1a9f6e4efab7ccbc9ec3bb5e4235a82aef30ce64017895df05ab1c2b01,False
259,HMSO01R_A|PRIMARY|F3|c2af3d5c0e7e86284f96d57c47c6c5bd252b99efef65ce29672b71ccb8a8e36a,F3,FOLD_4,HMSO01R_A|FIELD_LINEAGE|9ff02fac76e3803bb8391cba4035dfa7a72d5220975092d818302f10f07c08e9,576,False,True,True,True,True,True,0.0,True,True,46656,46656,True,True,True,True,1.4138791815755527e-16,,True,True,0.0,1.917038655098376e-13,True,True,5.801936195592994e-06,PRIMARY_TOPOLOGY_CAST_FLOAT32_DIAGNOSTIC_ONLY,CONTINUUM_REFERENCE_MINUS_LAMBDA_1_BASE_SPH,True,0.1,2.842170943040401e-15,0.0,0.0,0.0,0.0,0.0,0.0,0.0,2.842170943040401e-15,0.0,True,0.0,3.140927567482767,8.927053066494088e-14,4.440892098500626e-16,0.0,2.6645352591003757e-15,2.220446049250313e-15,2.6645352591003757e-15,3.3306690738754696e-15,0.0,9.570982420776679e-14,0.0,True,0.5087692616459035,0.01,2.842170943040401e-16,0.0,0.0,0.0,0.0,0.0,0.0,0.0,2.842170943040401e-16,0.0,True,0.0,3.140927567482767,8.927053066494088e-14,4.440892098500626e-16,0.0,2.6645352591003757e-15,2.220446049250313e-15,2.6645352591003757e-15,3.3306690738754696e-15,0.0,9.570982420776679e-14,0.0,True,0.5087692616459035,H-MSO-01R-B,1c99103edaf76aa05915458fd498e07b1241e272,1.0,True,True,True,True,False,a4b7da1a9f6e4efab7ccbc9ec3bb5e4235a82aef30ce64017895df05ab1c2b01,False
260,HMSO01R_A|PRIMARY|F3|a07d93d2a8225e8cb94863bd25cb217b01ccf43f0fdc968797433c20fe16588c,F3,FOLD_3,HMSO01R_A|FIELD_LINEAGE|f2a3ceeae0e0974c878bba3a036f383f979564d7512b59be838a43b0d537377a,576,False,True,True,True,True,True,2.9968025673857146e-16,True,True,28224,28224,True,True,True,True,3.1653656809497727e-16,,True,True,0.0,1.1374391113075868e-14,True,True,2.941936603530204e-07,PRIMARY_TOPOLOGY_CAST_FLOAT32_DIAGNOSTIC_ONLY,CONTINUUM_REFERENCE_MINUS_LAMBDA_1_BASE_SPH,True,0.1,2.842170943040401e-15,0.0,0.0,3.885780586188048e-16,2.7755575615628914e-16,3.885780586188048e-16,5.551115123125783e-16,0.0,3.785860513971784e-15,0.0,True,7.098683912005083e-06,0.01,2.842170943040401e-16,0.0,0.0,0.0,0.0,0.0,0.0,0.0,2.842170943040401e-16,0.0,True,0.0,0.17630157647818265,5.010792178785057e-15,5.551115123125783e-17,0.0,1.457167719820518e-16,1.1796119636642288e-16,1.457167719820518e-16,3.3306690738754696e-16,0.0,5.545087009385914e-15,0.0,True,0.009975011316545304,0.17630157647818265,5.010792178785057e-15,5.551115123125783e-17,0.0,1.457167719820518e-16,1.1796119636642288e-16,1.457167719820518e-16,3.3306690738754696e-16,0.0,5.545087009385914e-15,0.0,True,0.009975011316545304,H-MSO-01R-B,1c99103edaf76aa05915458fd498e07b1241e272,1.0,True,True,True,True,False,a4b7da1a9f6e4efab7ccbc9ec3bb5e4235a82aef30ce64017895df05ab1c2b01,False
261,HMSO01R_A|PRIMARY|F3|f977e81f259034dd8b9bf0f1feb8de30c75e56d612513eeda3fb48e66576fde9,F3,FOLD_1,HMSO01R_A|FIELD_LINEAGE|21dfb26365637485a590f4aa1b2a5297d551eab87745fb26abbdd41a0e1d8daa,576,False,True,True,True,True,True,0.0,True,True,28224,28224,True,True,True,True,2.829403750626725e-16,,True,True,0.0,7.730970183017947e-13,True,True,3.256839581300408e-05,PRIMARY_TOPOLOGY_CAST_FLOAT32_DIAGNOSTIC_ONLY,CONTINUUM_REFERENCE_MINUS_LAMBDA_1_BASE_SPH,True,0.1,2.842170943040401e-15,0.0,0.0,0.0,0.0,0.0,0.0,0.0,2.842170943040401e-15,0.0,True,0.0,12.556404076348453,3.5687446814871616e-13,3.552713678800501e-15,0.0,9.992007221626409e-15,6.217248937900877e-15,9.992007221626409e-15,1.5987211554602254e-14,0.0,3.864064006037453e-13,0.0,True,1.3620285515905626,0.01,2.842170943040401e-16,0.0,0.0,0.0,0.0,0.0,0.0,0.0,2.842170943040401e-16,0.0,True,0.0,12.556404076348453,3.5687446814871616e-13,3.552713678800501e-15,0.0,9.992007221626409e-15,6.217248937900877e-15,9.992007221626409e-15,1.5987211554602254e-14,0.0,3.864064006037453e-13,0.0,True,1.3620285515905626,H-MSO-01R-B,1c99103edaf76aa05915458fd498e07b1241e272,1.0,True,True,True,True,False,a4b7da1a9f6e4efab7ccbc9ec3bb5e4235a82aef30ce64017895df05ab1c2b01,False
262,HMSO01R_A|PRIMARY|F3|45f73cec5484a7a54fe84df8ae7638a01d9a80a574526579b753371f8d73b14f,F3,FOLD_0,HMSO01R_A|FIELD_LINEAGE|2bf67fa14447cc7892bedcae7ba79ef420cf3b1aa476bde75527a097c9a5c922,576,False,True,True,True,True,True,0.0,True,True,16704,16704,True,True,True,True,1.4152170767639814e-16,,True,True,0.0,4.0676675869570487e-13,True,True,1.0081590987587319e-05,PRIMARY_TOPOLOGY_CAST_FLOAT32_DIAGNOSTIC_ONLY,CONTINUUM_REFERENCE_MINUS_LAMBDA_1_BASE_SPH,True,0.1,2.842170943040401e-15,0.0,0.0,0.0,0.0,0.0,0.0,0.0,2.842170943040401e-15,0.0,True,0.0,6.27591649565891,1.783722750490969e-13,8.881784197001252e-16,0.0,5.995204332975845e-15,5.218048215738236e-15,5.995204332975845e-15,1.7985612998927536e-14,0.0,2.0324127080070042e-13,0.0,True,0.43743892150388564,0.01,2.842170943040401e-16,0.0,0.0,0.0,0.0,0.0,0.0,0.0,2.842170943040401e-16,0.0,True,0.0,6.27591649565891,1.783722750490969e-13,8.881784197001252e-16,0.0,5.995204332975845e-15,5.218048215738236e-15,5.995204332975845e-15,1.7985612998927536e-14,0.0,2.0324127080070042e-13,0.0,True,0.43743892150388564,H-MSO-01R-B,1c99103edaf76aa05915458fd498e07b1241e272,1.0,True,True,True,True,False,a4b7da1a9f6e4efab7ccbc9ec3bb5e4235a82aef30ce64017895df05ab1c2b01,False
263,HMSO01R_A|PRIMARY|F3|4a6874df79991c13576be3d2bfbb235e50e272b38629dcda3e2ea270126c35fb,F3,FOLD_0,HMSO01R_A|FIELD_LINEAGE|8e40e60ae6de8d393e4f96f7c0cdfd3570298138a8d1d44c6db1dc858b71a31e,576,False,True,True,True,True,True,0.0,True,True,16704,16704,True,True,True,True,2.8304872531867695e-16,,True,True,0.0,2.0502094273214359e-13,True,True,8.227371689317753e-06,PRIMARY_TOPOLOGY_CAST_FLOAT32_DIAGNOSTIC_ONLY,CONTINUUM_REFERENCE_MINUS_LAMBDA_1_BASE_SPH,True,0.1,2.842170943040401e-15,0.0,0.0,0.0,0.0,0.0,0.0,0.0,2.842170943040401e-15,0.0,True,0.0,3.1378993800454285,8.918446440149604e-14,8.881784197001252e-16,0.0,3.3029134982598407e-15,2.831068712794149e-15,3.3029134982598407e-15,8.992806499463768e-15,0.0,1.0236836281891978e-13,0.0,True,0.2185798952859258,0.01,2.842170943040401e-16,0.0,0.0,0.0,0.0,0.0,0.0,0.0,2.842170943040401e-16,0.0,True,0.0,3.1378993800454285,8.918446440149604e-14,8.881784197001252e-16,0.0,3.3029134982598407e-15,2.831068712794149e-15,3.3029134982598407e-15,8.992806499463768e-15,0.0,1.0236836281891978e-13,0.0,True,0.2185798952859258,H-MSO-01R-B,1c99103edaf76aa05915458fd498e07b1241e272,1.0,True,True,True,True,False,a4b7da1a9f6e4efab7ccbc9ec3bb5e4235a82aef30ce64017895df05ab1c2b01,False
264,HMSO01R_A|PRIMARY|F3|ddb33bf0e6d7c43f952d5d9d1706b4d65f742c0cb746ceff262b75e37f8810ba,F3,FOLD_3,HMSO01R_A|FIELD_LINEAGE|c54c1448df9c13b6658cb41b2c187b93be0f6db94293a7911953a6e90d602764,576,False,True,True,True,True,True,1.7763568394002505e-15,True,True,46656,46656,True,True,True,True,3.1653656809497727e-16,,True,True,0.0,2.210374264884452e-14,True,True,4.268335222379349e-06,PRIMARY_TOPOLOGY_CAST_FLOAT32_DIAGNOSTIC_ONLY,CONTINUUM_REFERENCE_MINUS_LAMBDA_1_BASE_SPH,True,2.8059267371396595,7.9749234405985e-14,8.881784197001252e-16,0.0,1.3322676295501878e-15,1.3322676295501878e-15,1.3322676295501878e-15,1.5543122344752192e-15,0.0,8.352399268971054e-14,0.0,True,0.40703209790754596,0.01,2.842170943040401e-16,0.0,0.0,0.0,0.0,0.0,0.0,0.0,2.842170943040401e-16,0.0,True,0.0,0.3526031529563653,1.0021584357570114e-14,1.1102230246251565e-16,0.0,3.7470027081099033e-16,2.671474153004283e-16,3.7470027081099033e-16,4.0245584642661925e-16,0.0,1.090976277727024e-14,0.0,True,0.029856409997695798,0.3526031529563653,1.0021584357570114e-14,1.1102230246251565e-16,0.0,3.7470027081099033e-16,2.671474153004283e-16,3.7470027081099033e-16,4.0245584642661925e-16,0.0,1.090976277727024e-14,0.0,True,0.029856409997695798,H-MSO-01R-B,1c99103edaf76aa05915458fd498e07b1241e272,1.0,True,True,True,True,False,a4b7da1a9f6e4efab7ccbc9ec3bb5e4235a82aef30ce64017895df05ab1c2b01,False
265,HMSO01R_A|PRIMARY|F3|274c2031ba590d785d88bad03ceb155b8a64c57ddab3a478a74ea8522ed459b6,F3,FOLD_1,HMSO01R_A|FIELD_LINEAGE|d6ecf8cd80acb9db6acee967c0d1a3a8ca941d75fcf9e621c7ea05d79a191767,576,False,True,True,True,True,True,1.6653345369377348e-16,True,True,16704,16704,True,True,True,True,2.513435083615995e-16,,True,True,0.0,1.3141540439200277e-15,True,True,2.5544354152057247e-07,PRIMARY_TOPOLOGY_CAST_FLOAT32_DIAGNOSTIC_ONLY,CONTINUUM_REFERENCE_MINUS_LAMBDA_1_BASE_SPH,True,0.2208577082141934,6.277153608328757e-15,5.551115123125783e-17,0.0,8.326672684688674e-17,5.551115123125783e-17,8.326672684688674e-17,2.220446049250313e-16,0.0,6.637976091331933e-15,0.0,True,0.006520879726865179,0.01,2.842170943040401e-16,0.0,0.0,0.0,0.0,0.0,0.0,0.0,2.842170943040401e-16,0.0,True,0.0,0.01387689907228776,3.9440519322760567e-16,3.469446951953614e-18,0.0,1.5612511283791264e-17,1.5178830414797062e-17,1.5612511283791264e-17,1.0148132334464322e-16,0.0,5.149684748079938e-16,0.0,True,0.00036509840817518203,0.01387689907228776,3.9440519322760567e-16,3.469446951953614e-18,0.0,1.5612511283791264e-17,1.5178830414797062e-17,1.5612511283791264e-17,1.0148132334464322e-16,0.0,5.149684748079938e-16,0.0,True,0.00036509840817518203,H-MSO-01R-B,1c99103edaf76aa05915458fd498e07b1241e272,1.0,True,True,True,True,False,a4b7da1a9f6e4efab7ccbc9ec3bb5e4235a82aef30ce64017895df05ab1c2b01,False
266,HMSO01R_A|PRIMARY|F3|15771101c80eb37f151b78ed8f2bba393bbe3047cda8c732baf0f06c18bae7e3,F3,FOLD_5,HMSO01R_A|FIELD_LINEAGE|21308456c1ed84c2854c7a093be1e48cf9af8d5768485e2a86892e0fd138af17,576,False,True,True,True,True,True,0.0,True,True,28224,28224,True,True,True,True,1.414839586278242e-16,,True,True,0.0,7.716952791535985e-13,True,True,1.9940220855829693e-05,PRIMARY_TOPOLOGY_CAST_FLOAT32_DIAGNOSTIC_ONLY,CONTINUUM_REFERENCE_MINUS_LAMBDA_1_BASE_SPH,True,0.1,2.842170943040401e-15,0.0,0.0,0.0,0.0,0.0,0.0,0.0,2.842170943040401e-15,0.0,True,0.0,12.555181920467644,3.5683973238939315e-13,1.7763568394002505e-15,0.0,1.2878587085651816e-14,1.1546319456101628e-14,1.2878587085651816e-14,1.4210854715202004e-14,0.0,3.857055310296472e-13,0.0,True,1.3620285515905688,0.01,2.842170943040401e-16,0.0,0.0,0.0,0.0,0.0,0.0,0.0,2.842170943040401e-16,0.0,True,0.0,12.555181920467644,3.5683973238939315e-13,1.7763568394002505e-15,0.0,1.2878587085651816e-14,1.1546319456101628e-14,1.2878587085651816e-14,1.4210854715202004e-14,0.0,3.857055310296472e-13,0.0,True,1.3620285515905688,H-MSO-01R-B,1c99103edaf76aa05915458fd498e07b1241e272,1.0,True,True,True,True,False,a4b7da1a9f6e4efab7ccbc9ec3bb5e4235a82aef30ce64017895df05ab1c2b01,False
267,HMSO01R_A|PRIMARY|F3|0f682408db3625ffc5045e88a7fa1afa4c9a7be6cc44b84102e81531d6d926e6,F3,FOLD_0,HMSO01R_A|FIELD_LINEAGE|2e00a5aa730d3fe2629242ac9cb05445890c5ccd2cee3bc6b04bd3dcaa176cdc,576,False,True,True,True,True,True,8.881784197001252e-16,True,True,28224,28224,True,True,True,True,3.1653656809497727e-16,,True,True,0.0,1.1374391113075868e-14,True,True,2.142533629068133e-06,PRIMARY_TOPOLOGY_CAST_FLOAT32_DIAGNOSTIC_ONLY,CONTINUUM_REFERENCE_MINUS_LAMBDA_1_BASE_SPH,True,1.4029633685698297,3.98746172029925e-14,4.440892098500626e-16,0.0,6.661338147750939e-16,6.661338147750939e-16,6.661338147750939e-16,6.661338147750939e-16,0.0,4.1650974042392753e-14,0.0,True,0.13623907852519176,0.01,2.842170943040401e-16,0.0,0.0,0.0,0.0,0.0,0.0,0.0,2.842170943040401e-16,0.0,True,0.0,0.17630157647818265,5.010792178785057e-15,5.551115123125783e-17,0.0,1.457167719820518e-16,1.1796119636642288e-16,1.457167719820518e-16,3.3306690738754696e-16,0.0,5.545087009385914e-15,0.0,True,0.009975011316545304,0.17630157647818265,5.010792178785057e-15,5.551115123125783e-17,0.0,1.457167719820518e-16,1.1796119636642288e-16,1.457167719820518e-16,3.3306690738754696e-16,0.0,5.545087009385914e-15,0.0,True,0.009975011316545304,H-MSO-01R-B,1c99103edaf76aa05915458fd498e07b1241e272,1.0,True,True,True,True,False,a4b7da1a9f6e4efab7ccbc9ec3bb5e4235a82aef30ce64017895df05ab1c2b01,False
268,HMSO01R_A|PRIMARY|F3|510a5e243faeece1484912a18f5fc7e9900fe5c133aae9468e13515bacc10b51,F3,FOLD_4,HMSO01R_A|FIELD_LINEAGE|9239a350bed02b809dafe66125991e7de2c0c1c20b38f7689dc19527329619d6,576,False,True,True,True,True,True,7.300746378974265e-17,True,True,16704,16704,True,True,True,True,3.1653656809497727e-16,,True,True,0.0,3.2024773709790486e-15,True,True,7.414123503373185e-08,PRIMARY_TOPOLOGY_CAST_FLOAT32_DIAGNOSTIC_ONLY,CONTINUUM_REFERENCE_MINUS_LAMBDA_1_BASE_SPH,True,0.1,2.842170943040401e-15,0.0,0.0,8.326672684688674e-17,8.326672684688674e-17,8.326672684688674e-17,1.3877787807814457e-16,0.0,3.0642155479654322e-15,0.0,True,4.88860006473754e-05,0.01,2.842170943040401e-16,0.0,0.0,0.0,0.0,0.0,0.0,0.0,2.842170943040401e-16,0.0,True,0.0,0.04407539411954566,1.2526980446962643e-15,1.3877787807814457e-17,0.0,2.7755575615628914e-17,2.0816681711721685e-17,2.7755575615628914e-17,1.6479873021779667e-16,0.0,1.4591301383375043e-15,0.0,True,0.0017378570196961247,0.04407539411954566,1.2526980446962643e-15,1.3877787807814457e-17,0.0,2.7755575615628914e-17,2.0816681711721685e-17,2.7755575615628914e-17,1.6479873021779667e-16,0.0,1.4591301383375043e-15,0.0,True,0.0017378570196961247,H-MSO-01R-B,1c99103edaf76aa05915458fd498e07b1241e272,1.0,True,True,True,True,False,a4b7da1a9f6e4efab7ccbc9ec3bb5e4235a82aef30ce64017895df05ab1c2b01,False
269,HMSO01R_A|PRIMARY|F3|e78c69a17927f7d8a3db4a1024dee136e3cedde8ca2b0830e5fe247b291d887c,F3,FOLD_3,HMSO01R_A|FIELD_LINEAGE|b1c696b82fff7183ba4fc0ae8ce4363fcd56ada1cc6ffa171713dda9524816e8,576,False,True,True,True,True,True,5.405289930926482e-16,True,True,16704,16704,True,True,True,True,3.1617135454486233e-16,,True,True,0.0,2.369508479005543e-14,True,True,6.962012780026283e-07,PRIMARY_TOPOLOGY_CAST_FLOAT32_DIAGNOSTIC_ONLY,CONTINUUM_REFERENCE_MINUS_LAMBDA_1_BASE_SPH,True,0.1,2.842170943040401e-15,0.0,0.0,6.661338147750939e-16,4.440892098500626e-16,6.661338147750939e-16,1.1102230246251565e-15,0.0,4.618527782440651e-15,0.0,True,0.0003910880051789776,0.01,2.842170943040401e-16,0.0,0.0,0.0,0.0,0.0,0.0,0.0,2.842170943040401e-16,0.0,True,0.0,0.35301044933986697,1.0033160417034053e-14,1.1102230246251565e-16,0.0,2.498001805406602e-16,1.6653345369377348e-16,2.498001805406602e-16,1.3114509478384662e-15,0.0,1.1705433847875695e-14,0.0,True,0.013902856157568994,0.35301044933986697,1.0033160417034053e-14,1.1102230246251565e-16,0.0,2.498001805406602e-16,1.6653345369377348e-16,2.498001805406602e-16,1.3114509478384662e-15,0.0,1.1705433847875695e-14,0.0,True,0.013902856157568994,H-MSO-01R-B,1c99103edaf76aa05915458fd498e07b1241e272,1.0,True,True,True,True,False,a4b7da1a9f6e4efab7ccbc9ec3bb5e4235a82aef30ce64017895df05ab1c2b01,False
270,HMSO01R_A|PRIMARY|F3|3f32014cc46db6982a14f2cee352392c822d4ac29aa18a16855949da8671e5a1,F3,FOLD_4,HMSO01R_A|FIELD_LINEAGE|d1321924d243ef663d38f2119b3da3e0b77ff9249352efe1c25dfa4971fbd453,576,False,True,True,True,True,True,0.0,True,True,16704,16704,True,True,True,True,1.4156435884701533e-16,,True,True,0.0,9.2494481785385e-13,True,True,2.4825115195525882e-05,PRIMARY_TOPOLOGY_CAST_FLOAT32_DIAGNOSTIC_ONLY,CONTINUUM_REFERENCE_MINUS_LAMBDA_1_BASE_SPH,True,0.1,2.842170943040401e-15,0.0,0.0,0.0,0.0,0.0,0.0,0.0,2.842170943040401e-15,0.0,True,0.0,12.5480513165034,3.566370684354581e-13,1.7763568394002505e-15,0.0,2.398081733190338e-14,1.5432100042289676e-14,2.398081733190338e-14,7.993605777301127e-14,0.0,4.62330300379773e-13,0.0,True,0.5991229793623417,0.01,2.842170943040401e-16,0.0,0.0,0.0,0.0,0.0,0.0,0.0,2.842170943040401e-16,0.0,True,0.0,12.5480513165034,3.566370684354581e-13,1.7763568394002505e-15,0.0,2.398081733190338e-14,1.5432100042289676e-14,2.398081733190338e-14,7.993605777301127e-14,0.0,4.62330300379773e-13,0.0,True,0.5991229793623417,H-MSO-01R-B,1c99103edaf76aa05915458fd498e07b1241e272,1.0,True,True,True,True,False,a4b7da1a9f6e4efab7ccbc9ec3bb5e4235a82aef30ce64017895df05ab1c2b01,False
271,HMSO01R_A|PRIMARY|F3|bef78f5fddd3452c6b14cb4c4fb6c0b510253eced0e1f946f9e78200b9cbbb2d,F3,FOLD_2,HMSO01R_A|FIELD_LINEAGE|98ef721075a1ebd7c92edcbcf7747aac6c3d77c4f9c29f15e5d83577ad6d7f6b,576,False,True,True,True,True,True,1.3322676295501878e-15,True,True,16704,16704,True,True,True,True,3.1617135454486233e-16,,True,True,0.0,2.444448533167741e-14,True,True,4.30174636334435e-06,PRIMARY_TOPOLOGY_CAST_FLOAT32_DIAGNOSTIC_ONLY,CONTINUUM_REFERENCE_MINUS_LAMBDA_1_BASE_SPH,True,2.809167898776546,7.984135376024557e-14,8.881784197001252e-16,0.0,1.3322676295501878e-15,8.881784197001252e-16,1.3322676295501878e-15,3.1086244689504383e-15,0.0,8.517042427844632e-14,0.0,True,0.17482625986116226,0.01,2.842170943040401e-16,0.0,0.0,0.0,0.0,0.0,0.0,0.0,2.842170943040401e-16,0.0,True,0.0,0.35301044933986697,1.0033160417034053e-14,1.1102230246251565e-16,0.0,3.7470027081099033e-16,2.498001805406602e-16,3.7470027081099033e-16,1.5612511283791264e-15,0.0,1.2080134118686686e-14,0.0,True,0.013902856157568996,0.35301044933986697,1.0033160417034053e-14,1.1102230246251565e-16,0.0,3.7470027081099033e-16,2.498001805406602e-16,3.7470027081099033e-16,1.5612511283791264e-15,0.0,1.2080134118686686e-14,0.0,True,0.013902856157568996,H-MSO-01R-B,1c99103edaf76aa05915458fd498e07b1241e272,1.0,True,True,True,True,False,a4b7da1a9f6e4efab7ccbc9ec3bb5e4235a82aef30ce64017895df05ab1c2b01,False
272,HMSO01R_A|PRIMARY|F3|02ca21a0314f19805ffe873f303fa54fe86f5d3d6d770015a5c846b75255ff7a,F3,FOLD_3,HMSO01R_A|FIELD_LINEAGE|b7c6344fafcff3e1128b30252e587c19386316434538ac595af9870864bff2e9,576,False,True,True,True,True,True,8.499843865016219e-17,True,True,16704,16704,True,True,True,True,2.513435083615995e-16,,True,True,0.0,2.361438228295783e-15,True,True,3.879874209064549e-08,PRIMARY_TOPOLOGY_CAST_FLOAT32_DIAGNOSTIC_ONLY,CONTINUUM_REFERENCE_MINUS_LAMBDA_1_BASE_SPH,True,0.1,2.842170943040401e-15,0.0,0.0,1.6653345369377348e-16,8.326672684688674e-17,1.6653345369377348e-16,1.6653345369377348e-16,0.0,3.175237850427948e-15,0.0,True,1.683105215486595e-16,0.01,2.842170943040401e-16,0.0,0.0,0.0,0.0,0.0,0.0,0.0,2.842170943040401e-16,0.0,True,0.0,0.02775379814457552,7.888103864552113e-16,6.938893903907228e-18,0.0,3.9898639947466563e-17,3.0357660829594124e-17,3.9898639947466563e-17,2.0296264668928643e-16,0.0,1.0386105669958716e-15,0.0,True,0.0007301968163503641,0.02775379814457552,7.888103864552113e-16,6.938893903907228e-18,0.0,3.9898639947466563e-17,3.0357660829594124e-17,3.9898639947466563e-17,2.0296264668928643e-16,0.0,1.0386105669958716e-15,0.0,True,0.0007301968163503641,H-MSO-01R-B,1c99103edaf76aa05915458fd498e07b1241e272,1.0,True,True,True,True,False,a4b7da1a9f6e4efab7ccbc9ec3bb5e4235a82aef30ce64017895df05ab1c2b01,False
273,HMSO01R_A|PRIMARY|F3|c333e644a9c87a0dd9864d3130310ff8db216a39061360b7a7a90b130af1a75c,F3,FOLD_3,HMSO01R_A|FIELD_LINEAGE|0a252563daa08b1ab13bdaf89c42f5f5445076fcfec6feb203abcad9de8ed55a,576,False,True,True,True,True,True,0.0,True,True,28224,28224,True,True,True,True,1.4154058220068512e-16,,True,True,0.0,1.9450889534220395e-13,True,True,4.983863037821834e-06,PRIMARY_TOPOLOGY_CAST_FLOAT32_DIAGNOSTIC_ONLY,CONTINUUM_REFERENCE_MINUS_LAMBDA_1_BASE_SPH,True,0.1,2.842170943040401e-15,0.0,0.0,0.0,0.0,0.0,0.0,0.0,2.842170943040401e-15,0.0,True,0.0,3.1375397991538927,8.917424449788009e-14,4.440892098500626e-16,0.0,2.4980018054066022e-15,1.7763568394002505e-15,2.4980018054066022e-15,4.9960036108132044e-15,0.0,9.711233912394996e-14,0.0,True,0.34059201305024134,0.01,2.842170943040401e-16,0.0,0.0,0.0,0.0,0.0,0.0,0.0,2.842170943040401e-16,0.0,True,0.0,3.1375397991538927,8.917424449788009e-14,4.440892098500626e-16,0.0,2.4980018054066022e-15,1.7763568394002505e-15,2.4980018054066022e-15,4.9960036108132044e-15,0.0,9.711233912394996e-14,0.0,True,0.34059201305024134,H-MSO-01R-B,1c99103edaf76aa05915458fd498e07b1241e272,1.0,True,True,True,True,False,a4b7da1a9f6e4efab7ccbc9ec3bb5e4235a82aef30ce64017895df05ab1c2b01,False
274,HMSO01R_A|PRIMARY|F3|c63d89d72029153ba0d49d1f609be0b1ff98ddcac1d08c8fa2d7f8f9fae2c730,F3,FOLD_2,HMSO01R_A|FIELD_LINEAGE|61b0a8ee57598b36eed2786a9e3e1cafd7d1e5cb7b5052c92f6d5c1826bc6619,576,False,True,True,True,True,True,2.220446049250313e-16,True,True,28224,28224,True,True,True,True,3.1653656809497727e-16,,True,True,0.0,3.046352258141136e-15,True,True,5.356334072670332e-07,PRIMARY_TOPOLOGY_CAST_FLOAT32_DIAGNOSTIC_ONLY,CONTINUUM_REFERENCE_MINUS_LAMBDA_1_BASE_SPH,True,0.35074084214245743,9.968654300748126e-15,1.1102230246251565e-16,0.0,1.1102230246251565e-16,1.6653345369377348e-16,1.6653345369377348e-16,1.6653345369377348e-16,0.0,1.0412743510598188e-14,0.0,True,0.03405976963129794,0.01,2.842170943040401e-16,0.0,0.0,0.0,0.0,0.0,0.0,0.0,2.842170943040401e-16,0.0,True,0.0,0.04407539411954566,1.2526980446962643e-15,1.3877787807814457e-17,0.0,3.122502256758253e-17,2.949029909160572e-17,3.122502256758253e-17,8.326672684688674e-17,0.0,1.381067581918548e-15,0.0,True,0.002493752829136326,0.04407539411954566,1.2526980446962643e-15,1.3877787807814457e-17,0.0,3.122502256758253e-17,2.949029909160572e-17,3.122502256758253e-17,8.326672684688674e-17,0.0,1.381067581918548e-15,0.0,True,0.002493752829136326,H-MSO-01R-B,1c99103edaf76aa05915458fd498e07b1241e272,1.0,True,True,True,True,False,a4b7da1a9f6e4efab7ccbc9ec3bb5e4235a82aef30ce64017895df05ab1c2b01,False
275,HMSO01R_A|PRIMARY|F3|5b31e243c622c272f6ff1603187caeafa7ec0920c1df79a92aecd2fbaa49ee35,F3,FOLD_1,HMSO01R_A|FIELD_LINEAGE|07ef870a5e517a728f6e4939e44adb6e41abac7dca46a1a2247aeb449ae2b2b6,576,False,True,True,True,True,True,8.326672684688674e-17,True,True,16704,16704,True,True,True,True,3.191841322443933e-16,,True,True,0.0,1.3006084617157418e-15,True,True,3.581914623240756e-07,PRIMARY_TOPOLOGY_CAST_FLOAT32_DIAGNOSTIC_ONLY,CONTINUUM_REFERENCE_MINUS_LAMBDA_1_BASE_SPH,True,0.22143642424960494,6.293601707329939e-15,5.551115123125783e-17,0.0,5.551115123125783e-17,5.551115123125783e-17,5.551115123125783e-17,1.942890293094024e-16,0.0,6.5989130391018574e-15,0.0,True,0.006520879726865147,0.01,2.842170943040401e-16,0.0,0.0,0.0,0.0,0.0,0.0,0.0,2.842170943040401e-16,0.0,True,0.0,0.013913260873195032,3.9543865776735834e-16,3.469446951953614e-18,0.0,2.3418766925686896e-17,1.5612511283791264e-17,2.3418766925686896e-17,8.586881206085195e-17,0.0,5.0819568370585085e-16,0.0,True,0.0003650984081751827,0.013913260873195032,3.9543865776735834e-16,3.469446951953614e-18,0.0,2.3418766925686896e-17,1.5612511283791264e-17,2.3418766925686896e-17,8.586881206085195e-17,0.0,5.0819568370585085e-16,0.0,True,0.0003650984081751827,H-MSO-01R-B,1c99103edaf76aa05915458fd498e07b1241e272,1.0,True,True,True,True,False,a4b7da1a9f6e4efab7ccbc9ec3bb5e4235a82aef30ce64017895df05ab1c2b01,False
276,HMSO01R_A|PRIMARY|F3|5c0d0ce2e0e3894c84ffb622054776ff13ecaa2c69f4830d76875194f4719557,F3,FOLD_0,HMSO01R_A|FIELD_LINEAGE|051eaa0f00871ac3de3987b76f15e88e4e718676447cf96853b1d9836e56f4a9,576,False,True,True,True,True,True,1.9847676020062766e-16,True,True,46656,46656,True,True,True,True,3.1653656809497727e-16,,True,True,0.0,5.6905262256118094e-15,True,True,1.607782997899848e-07,PRIMARY_TOPOLOGY_CAST_FLOAT32_DIAGNOSTIC_ONLY,CONTINUUM_REFERENCE_MINUS_LAMBDA_1_BASE_SPH,True,0.1,2.842170943040401e-15,0.0,0.0,2.498001805406602e-16,1.6653345369377348e-16,2.498001805406602e-16,2.7755575615628914e-16,0.0,3.3695268797373503e-15,0.0,True,3.2247687621853575e-06,0.01,2.842170943040401e-16,0.0,0.0,0.0,0.0,0.0,0.0,0.0,2.842170943040401e-16,0.0,True,0.0,0.08815078823909132,2.5053960893925285e-15,2.7755575615628914e-17,0.0,6.938893903907228e-17,6.678685382510707e-17,6.938893903907228e-17,1.0061396160665481e-16,0.0,2.7031545656538846e-15,0.0,True,0.0074641024994239495,0.08815078823909132,2.5053960893925285e-15,2.7755575615628914e-17,0.0,6.938893903907228e-17,6.678685382510707e-17,6.938893903907228e-17,1.0061396160665481e-16,0.0,2.7031545656538846e-15,0.0,True,0.0074641024994239495,H-MSO-01R-B,1c99103edaf76aa05915458fd498e07b1241e272,1.0,True,True,True,True,False,a4b7da1a9f6e4efab7ccbc9ec3bb5e4235a82aef30ce64017895df05ab1c2b01,False
277,HMSO01R_A|PRIMARY|F3|8957bba0b6b7c6207995e43fbebef5604b5c1f21fa9f2bb551f9557857ec496a,F3,FOLD_5,HMSO01R_A|FIELD_LINEAGE|f52ad1fbea60f2cef5c93f5785e888eaa7893de6dad0b2f7545e6d3f4e338f25,576,False,True,True,True,True,True,1.1102230246251565e-15,True,True,28224,28224,True,True,True,True,3.739759782743068e-16,,True,True,0.0,7.750363419604364e-15,True,True,2.4094153326936762e-06,PRIMARY_TOPOLOGY_CAST_FLOAT32_DIAGNOSTIC_ONLY,CONTINUUM_REFERENCE_MINUS_LAMBDA_1_BASE_SPH,True,1.7718131568124738,5.035795870789098e-14,4.440892098500626e-16,0.0,8.881784197001252e-16,6.661338147750939e-16,8.881784197001252e-16,8.881784197001252e-16,0.0,5.257840475714129e-14,0.0,True,0.07272258066123033,0.01,2.842170943040401e-16,0.0,0.0,0.0,0.0,0.0,0.0,0.0,2.842170943040401e-16,0.0,True,0.0,0.11132630393951615,3.164083862529769e-15,4.163336342344337e-17,0.0,1.5265566588595902e-16,1.3357370765021415e-16,1.5265566588595902e-16,3.7470027081099033e-16,0.0,3.7330731626501616e-15,0.0,True,0.003413469842754361,0.11132630393951615,3.164083862529769e-15,4.163336342344337e-17,0.0,1.5265566588595902e-16,1.3357370765021415e-16,1.5265566588595902e-16,3.7470027081099033e-16,0.0,3.7330731626501616e-15,0.0,True,0.003413469842754361,H-MSO-01R-B,1c99103edaf76aa05915458fd498e07b1241e272,1.0,True,True,True,True,False,a4b7da1a9f6e4efab7ccbc9ec3bb5e4235a82aef30ce64017895df05ab1c2b01,False
278,HMSO01R_A|PRIMARY|F3|1b7f8ef99e42d00a053404bd9169623350f9d416432190eb695b53800825cda0,F3,FOLD_4,HMSO01R_A|FIELD_LINEAGE|75819144781d043ebbeb8c2d3fbfa9139c47542df53315ab71a80a7addb49109,576,False,True,True,True,True,True,0.0,True,True,46656,46656,True,True,True,True,1.4137970805501065e-16,,True,True,0.0,3.869190084299039e-13,True,True,1.1062129831929113e-05,PRIMARY_TOPOLOGY_CAST_FLOAT32_DIAGNOSTIC_ONLY,CONTINUUM_REFERENCE_MINUS_LAMBDA_1_BASE_SPH,True,0.1,2.842170943040401e-15,0.0,0.0,0.0,0.0,0.0,0.0,0.0,2.842170943040401e-15,0.0,True,0.0,6.282219930419832,1.7855142944028535e-13,8.881784197001252e-16,0.0,6.661338147750939e-15,6.661338147750939e-15,6.661338147750939e-15,7.216449660063518e-15,0.0,1.9331739566779994e-13,0.0,True,1.017413359261171,0.01,2.842170943040401e-16,0.0,0.0,0.0,0.0,0.0,0.0,0.0,2.842170943040401e-16,0.0,True,0.0,6.282219930419832,1.7855142944028535e-13,8.881784197001252e-16,0.0,6.661338147750939e-15,6.661338147750939e-15,6.661338147750939e-15,7.216449660063518e-15,0.0,1.9331739566779994e-13,0.0,True,1.017413359261171,H-MSO-01R-B,1c99103edaf76aa05915458fd498e07b1241e272,1.0,True,True,True,True,False,a4b7da1a9f6e4efab7ccbc9ec3bb5e4235a82aef30ce64017895df05ab1c2b01,False
279,HMSO01R_A|PRIMARY|F3|c12e5512c669b4a3cbf5b6e89e1763c206004a4fa154767d1642208d82e43474,F3,FOLD_2,HMSO01R_A|FIELD_LINEAGE|c3a574c6618599692f4195c9d1a59189286c1fc26ae852d26723565b0428d983,576,False,True,True,True,True,True,0.0,True,True,16704,16704,True,True,True,True,1.4214316094075287e-16,,True,True,0.0,1.1461556028081672e-13,True,True,2.6559072278387053e-06,PRIMARY_TOPOLOGY_CAST_FLOAT32_DIAGNOSTIC_ONLY,CONTINUUM_REFERENCE_MINUS_LAMBDA_1_BASE_SPH,True,0.1,2.842170943040401e-15,0.0,0.0,0.0,0.0,0.0,0.0,0.0,2.842170943040401e-15,0.0,True,0.0,1.5621195100451046,4.439810681006704e-14,2.220446049250313e-16,0.0,2.9976021664879227e-15,2.609024107869118e-15,2.9976021664879227e-15,9.547918011776346e-15,0.0,5.716567159325634e-14,0.0,True,0.06537048006716636,0.01,2.842170943040401e-16,0.0,0.0,0.0,0.0,0.0,0.0,0.0,2.842170943040401e-16,0.0,True,0.0,1.5621195100451046,4.439810681006704e-14,2.220446049250313e-16,0.0,2.9976021664879227e-15,2.609024107869118e-15,2.9976021664879227e-15,9.547918011776346e-15,0.0,5.716567159325634e-14,0.0,True,0.06537048006716636,H-MSO-01R-B,1c99103edaf76aa05915458fd498e07b1241e272,1.0,True,True,True,True,False,a4b7da1a9f6e4efab7ccbc9ec3bb5e4235a82aef30ce64017895df05ab1c2b01,False
280,HMSO01R_A|PRIMARY|F3|84831626711a081a0e9e0d0668fbb26dfb58f95672277a402cf7a98289c1f3f2,F3,FOLD_0,HMSO01R_A|FIELD_LINEAGE|fd04ea3f458e107df0af85b51443fd7c576cbde1f2a34afcd2f94001f9376e64,576,False,True,True,True,True,True,0.0,True,True,16704,16704,True,True,True,True,1.4169666662873118e-16,,True,True,0.0,4.622815113383295e-13,True,True,1.4259747925127186e-05,PRIMARY_TOPOLOGY_CAST_FLOAT32_DIAGNOSTIC_ONLY,CONTINUUM_REFERENCE_MINUS_LAMBDA_1_BASE_SPH,True,0.1,2.842170943040401e-15,0.0,0.0,0.0,0.0,0.0,0.0,0.0,2.842170943040401e-15,0.0,True,0.0,6.268167352357698,1.781520311498553e-13,8.881784197001252e-16,0.0,1.199040866595169e-14,1.021405182655144e-14,1.199040866595169e-14,3.9968028886505635e-14,0.0,2.309986471220127e-13,0.0,True,0.27100684495504884,0.01,2.842170943040401e-16,0.0,0.0,0.0,0.0,0.0,0.0,0.0,2.842170943040401e-16,0.0,True,0.0,6.268167352357698,1.781520311498553e-13,8.881784197001252e-16,0.0,1.199040866595169e-14,1.021405182655144e-14,1.199040866595169e-14,3.9968028886505635e-14,0.0,2.309986471220127e-13,0.0,True,0.27100684495504884,H-MSO-01R-B,1c99103edaf76aa05915458fd498e07b1241e272,1.0,True,True,True,True,False,a4b7da1a9f6e4efab7ccbc9ec3bb5e4235a82aef30ce64017895df05ab1c2b01,False
281,HMSO01R_A|PRIMARY|F3|166fe64198a1c3e3ba24ba2da836582dab251d3dd8c49bf9037daa83bf978def,F3,FOLD_2,HMSO01R_A|FIELD_LINEAGE|4c3bbd0a7d56407cf1ccc6d516e10bc822949b03124ef92a27e554a97f6ed1b2,576,False,True,True,True,True,True,5.913238648735941e-16,True,True,28224,28224,True,True,True,True,3.1653656809497727e-16,,True,True,0.0,2.260334300992584e-14,True,True,5.474091273292847e-07,PRIMARY_TOPOLOGY_CAST_FLOAT32_DIAGNOSTIC_ONLY,CONTINUUM_REFERENCE_MINUS_LAMBDA_1_BASE_SPH,True,0.1,2.842170943040401e-15,0.0,0.0,9.992007221626409e-16,5.551115123125783e-16,9.992007221626409e-16,1.2212453270876722e-15,0.0,5.062616992290714e-15,0.0,True,1.419736782398763e-05,0.01,2.842170943040401e-16,0.0,0.0,0.0,0.0,0.0,0.0,0.0,2.842170943040401e-16,0.0,True,0.0,0.3526031529563653,1.0021584357570114e-14,1.1102230246251565e-16,0.0,2.7755575615628914e-16,2.636779683484747e-16,2.7755575615628914e-16,7.494005416219807e-16,0.0,1.11595629578109e-14,0.0,True,0.019950022633090612,0.3526031529563653,1.0021584357570114e-14,1.1102230246251565e-16,0.0,2.7755575615628914e-16,2.636779683484747e-16,2.7755575615628914e-16,7.494005416219807e-16,0.0,1.11595629578109e-14,0.0,True,0.019950022633090612,H-MSO-01R-B,1c99103edaf76aa05915458fd498e07b1241e272,1.0,True,True,True,True,False,a4b7da1a9f6e4efab7ccbc9ec3bb5e4235a82aef30ce64017895df05ab1c2b01,False
282,HMSO01R_A|PRIMARY|F3|456aba1a7da72fd641eea98ae6f3495800a2489a115b86b7310ae5d079ead82a,F3,FOLD_5,HMSO01R_A|FIELD_LINEAGE|9415b727187c332c72260d653b657bcbe590635140818a0978bae1e8dcd4568b,576,False,True,True,True,True,True,0.0,True,True,16704,16704,True,True,True,True,2.8304872531867695e-16,,True,True,0.0,2.0574258769814994e-13,True,True,8.49559259030741e-06,PRIMARY_TOPOLOGY_CAST_FLOAT32_DIAGNOSTIC_ONLY,CONTINUUM_REFERENCE_MINUS_LAMBDA_1_BASE_SPH,True,0.1,2.842170943040401e-15,0.0,0.0,0.0,0.0,0.0,0.0,0.0,2.842170943040401e-15,0.0,True,0.0,3.1378993800454285,8.918446440149604e-14,8.881784197001252e-16,0.0,2.6645352591003757e-15,2.55351295663786e-15,2.6645352591003757e-15,9.992007221626409e-15,0.0,1.0272918530192295e-13,0.0,True,0.21857989528592583,0.01,2.842170943040401e-16,0.0,0.0,0.0,0.0,0.0,0.0,0.0,2.842170943040401e-16,0.0,True,0.0,3.1378993800454285,8.918446440149604e-14,8.881784197001252e-16,0.0,2.6645352591003757e-15,2.55351295663786e-15,2.6645352591003757e-15,9.992007221626409e-15,0.0,1.0272918530192295e-13,0.0,True,0.21857989528592583,H-MSO-01R-B,1c99103edaf76aa05915458fd498e07b1241e272,1.0,True,True,True,True,False,a4b7da1a9f6e4efab7ccbc9ec3bb5e4235a82aef30ce64017895df05ab1c2b01,False
283,HMSO01R_A|PRIMARY|F3|642fa4ee6c2c422eab8b65fb64e4558ece2efb54b49d399d056377d37748b5a6,F3,FOLD_4,HMSO01R_A|FIELD_LINEAGE|ea7a0f305184b5efcd1c245ec8837c3d5e92744042b12d412ef90758785acc95,576,False,True,True,True,True,True,6.245004513516506e-16,True,True,16704,16704,True,True,True,True,3.1617135454486233e-16,,True,True,0.0,2.4305707453599267e-14,True,True,6.589483747265756e-07,PRIMARY_TOPOLOGY_CAST_FLOAT32_DIAGNOSTIC_ONLY,CONTINUUM_REFERENCE_MINUS_LAMBDA_1_BASE_SPH,True,0.1,2.842170943040401e-15,0.0,0.0,8.881784197001252e-16,6.661338147750939e-16,8.881784197001252e-16,1.2212453270876722e-15,0.0,4.951594689828198e-15,0.0,True,0.0003910880051789909,0.01,2.842170943040401e-16,0.0,0.0,0.0,0.0,0.0,0.0,0.0,2.842170943040401e-16,0.0,True,0.0,0.35301044933986697,1.0033160417034053e-14,1.1102230246251565e-16,0.0,3.0531133177191805e-16,2.498001805406602e-16,3.0531133177191805e-16,1.5612511283791264e-15,0.0,1.2010745179647613e-14,0.0,True,0.013902856157568996,0.35301044933986697,1.0033160417034053e-14,1.1102230246251565e-16,0.0,3.0531133177191805e-16,2.498001805406602e-16,3.0531133177191805e-16,1.5612511283791264e-15,0.0,1.2010745179647613e-14,0.0,True,0.013902856157568996,H-MSO-01R-B,1c99103edaf76aa05915458fd498e07b1241e272,1.0,True,True,True,True,False,a4b7da1a9f6e4efab7ccbc9ec3bb5e4235a82aef30ce64017895df05ab1c2b01,False
284,HMSO01R_A|PRIMARY|F3|3175d180e4d467c3b3ee6e516632373afe58cecdfc663671603274c230831d69,F3,FOLD_4,HMSO01R_A|FIELD_LINEAGE|5a0dbac6ae904f5529ad460639c41b1b383ca8809b93f779bcc31cb0fd08d08b,576,False,True,True,True,True,True,0.0,True,True,16704,16704,True,True,True,True,1.4154058220068512e-16,,True,True,0.0,2.048339694712179e-13,True,True,5.738283721523629e-06,PRIMARY_TOPOLOGY_CAST_FLOAT32_DIAGNOSTIC_ONLY,CONTINUUM_REFERENCE_MINUS_LAMBDA_1_BASE_SPH,True,0.1,2.842170943040401e-15,0.0,0.0,0.0,0.0,0.0,0.0,0.0,2.842170943040401e-15,0.0,True,0.0,3.1375397991538927,8.917424449788009e-14,4.440892098500626e-16,0.0,2.6645352591003757e-15,1.970645868709653e-15,2.6645352591003757e-15,9.992007221626409e-15,0.0,1.0227487618845693e-13,0.0,True,0.21857989528592583,0.01,2.842170943040401e-16,0.0,0.0,0.0,0.0,0.0,0.0,0.0,2.842170943040401e-16,0.0,True,0.0,3.1375397991538927,8.917424449788009e-14,4.440892098500626e-16,0.0,2.6645352591003757e-15,1.970645868709653e-15,2.6645352591003757e-15,9.992007221626409e-15,0.0,1.0227487618845693e-13,0.0,True,0.21857989528592583,H-MSO-01R-B,1c99103edaf76aa05915458fd498e07b1241e272,1.0,True,True,True,True,False,a4b7da1a9f6e4efab7ccbc9ec3bb5e4235a82aef30ce64017895df05ab1c2b01,False
285,HMSO01R_A|PRIMARY|F3|a2031fc45c0421e224bd21dce94627d03a316cde187ae6d48b90b56d1c51da5d,F3,FOLD_2,HMSO01R_A|FIELD_LINEAGE|eadb4166638494d642712d8eabac62f88ed028f779148966c13d2efd6405fa1d,576,False,True,True,True,True,True,2.498001805406602e-16,True,True,46656,46656,True,True,True,True,3.191841322443933e-16,,True,True,0.0,3.8363044150617114e-15,True,True,1.490116118829654e-07,PRIMARY_TOPOLOGY_CAST_FLOAT32_DIAGNOSTIC_ONLY,CONTINUUM_REFERENCE_MINUS_LAMBDA_1_BASE_SPH,True,0.1,2.842170943040401e-15,0.0,0.0,3.885780586188048e-16,2.7755575615628914e-16,3.885780586188048e-16,5.551115123125783e-16,0.0,3.785860513971784e-15,0.0,True,1.9772740603905345e-16,0.01,2.842170943040401e-16,0.0,0.0,0.0,0.0,0.0,0.0,0.0,2.842170943040401e-16,0.0,True,0.0,0.05565304349278013,1.5817546310694334e-15,1.3877787807814457e-17,0.0,6.245004513516506e-17,5.551115123125783e-17,6.245004513516506e-17,1.1796119636642288e-16,0.0,1.7760436603788358e-15,0.0,True,0.002525382497766022,0.05565304349278013,1.5817546310694334e-15,1.3877787807814457e-17,0.0,6.245004513516506e-17,5.551115123125783e-17,6.245004513516506e-17,1.1796119636642288e-16,0.0,1.7760436603788358e-15,0.0,True,0.002525382497766022,H-MSO-01R-B,1c99103edaf76aa05915458fd498e07b1241e272,1.0,True,True,True,True,False,a4b7da1a9f6e4efab7ccbc9ec3bb5e4235a82aef30ce64017895df05ab1c2b01,False
286,HMSO01R_A|PRIMARY|F3|8410477f22210a51bd73f4d2bd5c11b7a2fc4dbb0363248233ffc7d2c3dd07c0,F3,FOLD_2,HMSO01R_A|FIELD_LINEAGE|e25db364da9db9cdb46c3073fa0aa473b93b0eed9df5062f9696d75bd2f90442,576,False,True,True,True,True,True,0.0,True,True,46656,46656,True,True,True,True,1.4167418979816375e-16,,True,True,0.0,4.0593870988104046e-13,True,True,9.764732725736636e-06,PRIMARY_TOPOLOGY_CAST_FLOAT32_DIAGNOSTIC_ONLY,CONTINUUM_REFERENCE_MINUS_LAMBDA_1_BASE_SPH,True,0.1,2.842170943040401e-15,0.0,0.0,0.0,0.0,0.0,0.0,0.0,2.842170943040401e-15,0.0,True,0.0,6.2691618068574755,1.7818029524668974e-13,8.881784197001252e-16,0.0,9.992007221626409e-15,7.382983113757291e-15,9.992007221626409e-15,1.3766765505351941e-14,0.0,2.0282724639336821e-13,0.0,True,0.5507649445628648,0.01,2.842170943040401e-16,0.0,0.0,0.0,0.0,0.0,0.0,0.0,2.842170943040401e-16,0.0,True,0.0,6.2691618068574755,1.7818029524668974e-13,8.881784197001252e-16,0.0,9.992007221626409e-15,7.382983113757291e-15,9.992007221626409e-15,1.3766765505351941e-14,0.0,2.0282724639336821e-13,0.0,True,0.5507649445628648,H-MSO-01R-B,1c99103edaf76aa05915458fd498e07b1241e272,1.0,True,True,True,True,False,a4b7da1a9f6e4efab7ccbc9ec3bb5e4235a82aef30ce64017895df05ab1c2b01,False
287,HMSO01R_A|PRIMARY|F3|b888419bbbcc26de7ec8b027a9528281d2f1a9d121f0adddbe4aa1eda5e70c5e,F3,FOLD_2,HMSO01R_A|FIELD_LINEAGE|41b714ff189f53f826864cf9fac2bed83a6e097351a7033fcea23d658bf21b54,576,False,True,True,True,True,True,0.0,True,True,28224,28224,True,True,True,True,1.4202856575572004e-16,,True,True,0.0,4.2347925556824465e-13,True,True,8.214507759340961e-06,PRIMARY_TOPOLOGY_CAST_FLOAT32_DIAGNOSTIC_ONLY,CONTINUUM_REFERENCE_MINUS_LAMBDA_1_BASE_SPH,True,0.1,2.842170943040401e-15,0.0,0.0,0.0,0.0,0.0,0.0,0.0,2.842170943040401e-15,0.0,True,0.0,6.25351959990735,1.7773571698590303e-13,8.881784197001252e-16,0.0,1.3988810110276972e-14,8.43769498715119e-15,1.3988810110276972e-14,1.8984813721090177e-14,0.0,2.115975192369703e-13,0.0,True,0.3687359463248808,0.01,2.842170943040401e-16,0.0,0.0,0.0,0.0,0.0,0.0,0.0,2.842170943040401e-16,0.0,True,0.0,6.25351959990735,1.7773571698590303e-13,8.881784197001252e-16,0.0,1.3988810110276972e-14,8.43769498715119e-15,1.3988810110276972e-14,1.8984813721090177e-14,0.0,2.115975192369703e-13,0.0,True,0.3687359463248808,H-MSO-01R-B,1c99103edaf76aa05915458fd498e07b1241e272,1.0,True,True,True,True,False,a4b7da1a9f6e4efab7ccbc9ec3bb5e4235a82aef30ce64017895df05ab1c2b01,False
288,HMSO01R_A|PRIMARY|F4|141d214d6fbecf88d4c59a03f8dc3b24beb51fc230773ee890a4b851d346997f,F4,FOLD_0,HMSO01R_A|FIELD_LINEAGE|197d7ec024c0036b09ad028c746809cfe1ed712ccbb40eead96390c6dfdd817b,576,False,True,True,True,True,True,4.2327252813834093e-16,True,True,43202,43202,True,True,True,True,3.161857166069593e-16,,True,True,0.0,1.1164270507758197e-14,True,True,4.506627477394304e-07,PRIMARY_TOPOLOGY_CAST_FLOAT32_DIAGNOSTIC_ONLY,CONTINUUM_REFERENCE_MINUS_LAMBDA_1_BASE_SPH,True,0.1,2.842170943040401e-15,0.0,0.0,5.551115123125783e-16,4.440892098500626e-16,5.551115123125783e-16,5.551115123125783e-16,0.0,3.9523939676655574e-15,0.0,True,0.004887233812405035,0.01,2.842170943040401e-16,0.0,0.0,0.0,0.0,0.0,0.0,0.0,2.842170943040401e-16,0.0,True,0.0,0.17651134569766888,5.0167541785887375e-15,5.551115123125783e-17,0.0,1.8735013540549517e-16,1.249000902703301e-16,1.8735013540549517e-16,1.8041124150158794e-16,0.0,5.440026706727078e-15,0.0,True,0.015117086342633366,0.17651134569766888,5.0167541785887375e-15,5.551115123125783e-17,0.0,1.8735013540549517e-16,1.249000902703301e-16,1.8735013540549517e-16,1.8041124150158794e-16,0.0,5.440026706727078e-15,0.0,True,0.015117086342633366,H-MSO-01R-B,1c99103edaf76aa05915458fd498e07b1241e272,1.0,True,True,True,True,False,a4b7da1a9f6e4efab7ccbc9ec3bb5e4235a82aef30ce64017895df05ab1c2b01,False
289,HMSO01R_A|PRIMARY|F4|8140c0dc3b31c67a47815b694720914564c68a1dc815c23da3a6f1c6aa02932b,F4,FOLD_2,HMSO01R_A|FIELD_LINEAGE|8af782533dccfef4a682f44ff365b7014ae448a56bd62c92877bbd37640adb31,576,False,True,True,True,True,True,9.540979117872439e-17,True,True,27040,27040,True,True,True,True,4.025753159498953e-16,,True,True,0.0,3.0109985895195333e-15,True,True,1.0063284119508561e-07,PRIMARY_TOPOLOGY_CAST_FLOAT32_DIAGNOSTIC_ONLY,CONTINUUM_REFERENCE_MINUS_LAMBDA_1_BASE_SPH,True,0.1,2.842170943040401e-15,0.0,0.0,1.249000902703301e-16,9.71445146547012e-17,1.249000902703301e-16,1.5265566588595902e-16,0.0,3.11972669919669e-15,0.0,True,0.00199347014586653,0.01,2.842170943040401e-16,0.0,0.0,0.0,0.0,0.0,0.0,0.0,2.842170943040401e-16,0.0,True,0.0,0.044124832522551796,1.2541031686212078e-15,1.3877787807814457e-17,0.0,3.122502256758253e-17,2.7755575615628914e-17,3.122502256758253e-17,6.418476861114186e-17,0.0,1.3633907476077467e-15,2.168404344971009e-19,True,0.0026191711008579518,0.044124832522551796,1.2541031686212078e-15,1.3877787807814457e-17,0.0,3.122502256758253e-17,2.7755575615628914e-17,3.122502256758253e-17,6.418476861114186e-17,0.0,1.3633907476077467e-15,2.168404344971009e-19,True,0.0026191711008579518,H-MSO-01R-B,1c99103edaf76aa05915458fd498e07b1241e272,1.0,True,True,True,True,False,a4b7da1a9f6e4efab7ccbc9ec3bb5e4235a82aef30ce64017895df05ab1c2b01,False
290,HMSO01R_A|PRIMARY|F4|92d400a387d7fd07980ceaa710bca64dffd4f47ca949167ba5e4f2afdd2a764f,F4,FOLD_5,HMSO01R_A|FIELD_LINEAGE|c9a10c50914a082104b6f42f933e2e8b35494d6ac1b464fc981b740edc26e9a6,576,False,True,True,True,True,True,0.0,True,True,43814,43814,True,True,True,True,2.827970538171634e-16,,True,True,0.0,1.0264868172209768e-13,True,True,2.1287539391234844e-06,PRIMARY_TOPOLOGY_CAST_FLOAT32_DIAGNOSTIC_ONLY,CONTINUUM_REFERENCE_MINUS_LAMBDA_1_BASE_SPH,True,0.1,2.842170943040401e-15,0.0,0.0,0.0,0.0,0.0,0.0,0.0,2.842170943040401e-15,0.0,True,0.0,1.5703459560691866,4.46319164686084e-14,4.440892098500626e-16,0.0,2.55351295663786e-15,2.275957200481571e-15,2.55351295663786e-15,3.552713678800501e-15,0.0,5.118223231389682e-14,1.3877787807814457e-17,True,0.1330559452009244,0.01,2.842170943040401e-16,0.0,0.0,0.0,0.0,0.0,0.0,0.0,2.842170943040401e-16,0.0,True,0.0,1.5703459560691866,4.46319164686084e-14,4.440892098500626e-16,0.0,2.55351295663786e-15,2.275957200481571e-15,2.55351295663786e-15,3.552713678800501e-15,0.0,5.118223231389682e-14,1.3877787807814457e-17,True,0.1330559452009244,H-MSO-01R-B,1c99103edaf76aa05915458fd498e07b1241e272,1.0,True,True,True,True,False,a4b7da1a9f6e4efab7ccbc9ec3bb5e4235a82aef30ce64017895df05ab1c2b01,False
291,HMSO01R_A|PRIMARY|F4|51519fc5de1deb527bc7ba7450dbd141324700f1ad0b32b7d8bb03e54859db76,F4,FOLD_0,HMSO01R_A|FIELD_LINEAGE|197d7ec024c0036b09ad028c746809cfe1ed712ccbb40eead96390c6dfdd817b,576,False,True,True,True,True,True,2.9566193243679706e-16,True,True,28224,28224,True,True,True,True,3.1653656809497727e-16,,True,True,0.0,1.1429902264307126e-14,True,True,2.7370456366464235e-07,PRIMARY_TOPOLOGY_CAST_FLOAT32_DIAGNOSTIC_ONLY,CONTINUUM_REFERENCE_MINUS_LAMBDA_1_BASE_SPH,True,0.1,2.842170943040401e-15,0.0,0.0,3.3306690738754696e-16,2.7755575615628914e-16,3.3306690738754696e-16,6.106226635438361e-16,0.0,3.785860513971784e-15,0.0,True,7.098683911993815e-06,0.01,2.842170943040401e-16,0.0,0.0,0.0,0.0,0.0,0.0,0.0,2.842170943040401e-16,0.0,True,0.0,0.17630157647818265,5.010792178785057e-15,5.551115123125783e-17,0.0,1.249000902703301e-16,1.3183898417423734e-16,1.3183898417423734e-16,3.7470027081099033e-16,0.0,5.5728425850015426e-15,0.0,True,0.009975011316545306,0.17630157647818265,5.010792178785057e-15,5.551115123125783e-17,0.0,1.249000902703301e-16,1.3183898417423734e-16,1.3183898417423734e-16,3.7470027081099033e-16,0.0,5.5728425850015426e-15,0.0,True,0.009975011316545306,H-MSO-01R-B,1c99103edaf76aa05915458fd498e07b1241e272,1.0,True,True,True,True,False,a4b7da1a9f6e4efab7ccbc9ec3bb5e4235a82aef30ce64017895df05ab1c2b01,False
292,HMSO01R_A|PRIMARY|F4|8a6dad5114701cab1eb0845285cdf269a4dc3a234a95f4ea2b384a6b6883d0e6,F4,FOLD_4,HMSO01R_A|FIELD_LINEAGE|6359faeb0765247f7e12d6c9e8bbc8898fa74fca5c76c863a6009dffddbcb32e,576,False,True,True,True,True,True,8.881784197001252e-16,True,True,15530,15530,True,True,True,True,3.65956871176566e-16,,True,True,0.0,8.333119938956139e-15,True,True,2.8456286313149892e-06,PRIMARY_TOPOLOGY_CAST_FLOAT32_DIAGNOSTIC_ONLY,CONTINUUM_REFERENCE_MINUS_LAMBDA_1_BASE_SPH,True,1.7711548000474056,5.033924708321267e-14,4.440892098500626e-16,0.0,4.440892098500626e-16,4.440892098500626e-16,4.440892098500626e-16,1.5543122344752192e-15,0.0,5.2781737737388015e-14,0.0,True,0.057779606695733246,0.01,2.842170943040401e-16,0.0,0.0,0.0,0.0,0.0,0.0,0.0,2.842170943040401e-16,0.0,True,0.0,0.11376576504654891,3.2334175172806257e-15,4.163336342344337e-17,0.0,1.8735013540549517e-16,1.3877787807814457e-16,1.8735013540549517e-16,5.620504062164855e-16,0.0,4.024451422326049e-15,3.469446951953614e-18,True,0.014828461225538945,0.11376576504654891,3.2334175172806257e-15,4.163336342344337e-17,0.0,1.8735013540549517e-16,1.3877787807814457e-16,1.8735013540549517e-16,5.620504062164855e-16,0.0,4.024451422326049e-15,3.469446951953614e-18,True,0.014828461225538945,H-MSO-01R-B,1c99103edaf76aa05915458fd498e07b1241e272,1.0,True,True,True,True,False,a4b7da1a9f6e4efab7ccbc9ec3bb5e4235a82aef30ce64017895df05ab1c2b01,False
293,HMSO01R_A|PRIMARY|F4|9b7be32ff75798d82be6c9492bf1dab25beef5734cfe5b6cd2115aa89aa759dc,F4,FOLD_1,HMSO01R_A|FIELD_LINEAGE|3264ae7008b91adb6f4b677f3ecc13cbe5ab1143b7f33ef501525d095e0b618c,576,False,True,True,True,True,True,0.0,True,True,28224,28224,True,True,True,True,1.4210496254574193e-16,,True,True,0.0,3.839862561465082e-13,True,True,6.130321919761705e-06,PRIMARY_TOPOLOGY_CAST_FLOAT32_DIAGNOSTIC_ONLY,CONTINUUM_REFERENCE_MINUS_LAMBDA_1_BASE_SPH,True,0.1,2.842170943040401e-15,0.0,0.0,0.0,0.0,0.0,0.0,0.0,2.842170943040401e-15,0.0,True,0.0,6.250157656628149,1.7764016481090007e-13,8.881784197001252e-16,0.0,4.218847493575595e-15,4.440892098500626e-15,4.440892098500626e-15,8.881784197001252e-15,0.0,1.9185101952610208e-13,0.0,True,0.49512794070133676,0.01,2.842170943040401e-16,0.0,0.0,0.0,0.0,0.0,0.0,0.0,2.842170943040401e-16,0.0,True,0.0,6.250157656628149,1.7764016481090007e-13,8.881784197001252e-16,0.0,4.218847493575595e-15,4.440892098500626e-15,4.440892098500626e-15,8.881784197001252e-15,0.0,1.9185101952610208e-13,0.0,True,0.49512794070133676,H-MSO-01R-B,1c99103edaf76aa05915458fd498e07b1241e272,1.0,True,True,True,True,False,a4b7da1a9f6e4efab7ccbc9ec3bb5e4235a82aef30ce64017895df05ab1c2b01,False
294,HMSO01R_A|PRIMARY|F4|011a48dce8758db0be8307d4005afe69879da0306ec2d99483baa7fcfa9141f4,F4,FOLD_1,HMSO01R_A|FIELD_LINEAGE|3264ae7008b91adb6f4b677f3ecc13cbe5ab1143b7f33ef501525d095e0b618c,576,False,True,True,True,True,True,0.0,True,True,15600,15600,True,True,True,True,1.4157838779195623e-16,,True,True,0.0,4.092884732698148e-13,True,True,8.80015260551481e-06,PRIMARY_TOPOLOGY_CAST_FLOAT32_DIAGNOSTIC_ONLY,CONTINUUM_REFERENCE_MINUS_LAMBDA_1_BASE_SPH,True,0.1,2.842170943040401e-15,0.0,0.0,0.0,0.0,0.0,0.0,0.0,2.842170943040401e-15,0.0,True,0.0,6.2734039675975675,1.783008647066017e-13,8.881784197001252e-16,0.0,6.217248937900877e-15,5.329070518200751e-15,6.217248937900877e-15,1.9095836023552692e-14,0.0,2.045021280877554e-13,4.440892098500626e-16,True,1.1633454016065785,0.01,2.842170943040401e-16,0.0,0.0,0.0,0.0,0.0,0.0,0.0,2.842170943040401e-16,0.0,True,0.0,6.2734039675975675,1.783008647066017e-13,8.881784197001252e-16,0.0,6.217248937900877e-15,5.329070518200751e-15,6.217248937900877e-15,1.9095836023552692e-14,0.0,2.045021280877554e-13,4.440892098500626e-16,True,1.1633454016065785,H-MSO-01R-B,1c99103edaf76aa05915458fd498e07b1241e272,1.0,True,True,True,True,False,a4b7da1a9f6e4efab7ccbc9ec3bb5e4235a82aef30ce64017895df05ab1c2b01,False
295,HMSO01R_A|PRIMARY|F4|1d6667557d538859f0113641bfa62882220817b677dea9d2829a412690759fc5,F4,FOLD_2,HMSO01R_A|FIELD_LINEAGE|8af782533dccfef4a682f44ff365b7014ae448a56bd62c92877bbd37640adb31,576,False,True,True,True,True,True,1.0213184464813452e-16,True,True,43814,43814,True,True,True,True,4.716251136860087e-16,,True,True,0.0,2.9527776177243144e-15,True,True,9.9186395795107e-08,PRIMARY_TOPOLOGY_CAST_FLOAT32_DIAGNOSTIC_ONLY,CONTINUUM_REFERENCE_MINUS_LAMBDA_1_BASE_SPH,True,0.1,2.842170943040401e-15,0.0,0.0,1.1102230246251565e-16,8.326672684688674e-17,1.1102230246251565e-16,1.249000902703301e-16,0.0,3.0780933357732467e-15,0.0,True,0.0024322790940563494,0.01,2.842170943040401e-16,0.0,0.0,0.0,0.0,0.0,0.0,0.0,2.842170943040401e-16,0.0,True,0.0,0.04413819601129361,1.2544829818152041e-15,2.0816681711721685e-17,0.0,2.2551405187698492e-17,2.42861286636753e-17,2.42861286636753e-17,3.469446951953614e-17,0.0,1.3342802617101373e-15,4.336808689942018e-19,True,0.004009138481436821,0.04413819601129361,1.2544829818152041e-15,2.0816681711721685e-17,0.0,2.2551405187698492e-17,2.42861286636753e-17,2.42861286636753e-17,3.469446951953614e-17,0.0,1.3342802617101373e-15,4.336808689942018e-19,True,0.004009138481436821,H-MSO-01R-B,1c99103edaf76aa05915458fd498e07b1241e272,1.0,True,True,True,True,False,a4b7da1a9f6e4efab7ccbc9ec3bb5e4235a82aef30ce64017895df05ab1c2b01,False
296,HMSO01R_A|PRIMARY|F4|5258442e75cf59cbe7893e089ad47e17c4d26ed39cd16fec9118870e106baa43,F4,FOLD_3,HMSO01R_A|FIELD_LINEAGE|7a40ff07646995058d8981271562dfa4f2cc77b96f79dba59c7ae90f96586134,576,False,True,True,True,True,True,2.220446049250313e-16,True,True,27058,27058,True,True,True,True,4.756856828226899e-16,,True,True,0.0,1.0997690693937796e-14,True,True,2.4621991204787363e-06,PRIMARY_TOPOLOGY_CAST_FLOAT32_DIAGNOSTIC_ONLY,CONTINUUM_REFERENCE_MINUS_LAMBDA_1_BASE_SPH,True,0.9286496760110245,2.6393811254224163e-14,1.1102230246251565e-16,0.0,6.661338147750939e-16,4.440892098500626e-16,6.661338147750939e-16,4.440892098500626e-16,0.0,2.7615056581311835e-14,0.0,True,0.1559135532354282,0.01,2.842170943040401e-16,0.0,0.0,0.0,0.0,0.0,0.0,0.0,2.842170943040401e-16,0.0,True,0.0,0.1750456863716962,4.97509763510198e-15,8.326672684688674e-17,0.0,1.3877787807814457e-16,1.3877787807814457e-16,1.3877787807814457e-16,1.5959455978986625e-16,0.0,5.356736799816878e-15,0.0,True,0.015528650577511235,0.1750456863716962,4.97509763510198e-15,8.326672684688674e-17,0.0,1.3877787807814457e-16,1.3877787807814457e-16,1.3877787807814457e-16,1.5959455978986625e-16,0.0,5.356736799816878e-15,0.0,True,0.015528650577511235,H-MSO-01R-B,1c99103edaf76aa05915458fd498e07b1241e272,1.0,True,True,True,True,False,a4b7da1a9f6e4efab7ccbc9ec3bb5e4235a82aef30ce64017895df05ab1c2b01,False
297,HMSO01R_A|PRIMARY|F4|48f2bb8eb7eac96e71b6fba78be3d25c21266edb52344cd820e162bf6df261cd,F4,FOLD_1,HMSO01R_A|FIELD_LINEAGE|3264ae7008b91adb6f4b677f3ecc13cbe5ab1143b7f33ef501525d095e0b618c,576,False,True,True,True,True,True,0.0,True,True,27040,27040,True,True,True,True,2.8356257905404e-16,,True,True,0.0,3.910145758340463e-13,True,True,8.364792677073574e-06,PRIMARY_TOPOLOGY_CAST_FLOAT32_DIAGNOSTIC_ONLY,CONTINUUM_REFERENCE_MINUS_LAMBDA_1_BASE_SPH,True,0.1,2.842170943040401e-15,0.0,0.0,0.0,0.0,0.0,0.0,0.0,2.842170943040401e-15,0.0,True,0.0,6.264426164150951,1.7804570018571868e-13,1.7763568394002505e-15,0.0,4.9960036108132044e-15,3.9968028886505635e-15,4.9960036108132044e-15,1.0547118733938987e-14,0.0,1.9536517936987113e-13,0.0,True,0.5533778854193276,0.01,2.842170943040401e-16,0.0,0.0,0.0,0.0,0.0,0.0,0.0,2.842170943040401e-16,0.0,True,0.0,6.264426164150951,1.7804570018571868e-13,1.7763568394002505e-15,0.0,4.9960036108132044e-15,3.9968028886505635e-15,4.9960036108132044e-15,1.0547118733938987e-14,0.0,1.9536517936987113e-13,0.0,True,0.5533778854193276,H-MSO-01R-B,1c99103edaf76aa05915458fd498e07b1241e272,1.0,True,True,True,True,False,a4b7da1a9f6e4efab7ccbc9ec3bb5e4235a82aef30ce64017895df05ab1c2b01,False
298,HMSO01R_A|PRIMARY|F4|24bcceaed6cf5ba835a35d37ac2f603bbf2c8b0a639ceea6ec234fb6b3977288,F4,FOLD_0,HMSO01R_A|FIELD_LINEAGE|197d7ec024c0036b09ad028c746809cfe1ed712ccbb40eead96390c6dfdd817b,576,False,True,True,True,True,True,4.727121472036799e-16,True,True,43814,43814,True,True,True,True,4.0245409526777944e-16,,True,True,0.0,1.1097220485115017e-14,True,True,3.347652269003465e-07,PRIMARY_TOPOLOGY_CAST_FLOAT32_DIAGNOSTIC_ONLY,CONTINUUM_REFERENCE_MINUS_LAMBDA_1_BASE_SPH,True,0.1,2.842170943040401e-15,0.0,0.0,4.440892098500626e-16,4.440892098500626e-16,4.440892098500626e-16,4.996003610813204e-16,0.0,3.785860513971784e-15,0.0,True,0.009709552708898162,0.01,2.842170943040401e-16,0.0,0.0,0.0,0.0,0.0,0.0,0.0,2.842170943040401e-16,0.0,True,0.0,0.17655249235004775,5.0179236367866834e-15,5.551115123125783e-17,0.0,1.942890293094024e-16,1.700029006457271e-16,1.942890293094024e-16,1.3877787807814457e-16,0.0,5.406501695405488e-15,8.673617379884035e-19,True,0.015378671891715136,0.17655249235004775,5.0179236367866834e-15,5.551115123125783e-17,0.0,1.942890293094024e-16,1.700029006457271e-16,1.942890293094024e-16,1.3877787807814457e-16,0.0,5.406501695405488e-15,8.673617379884035e-19,True,0.015378671891715136,H-MSO-01R-B,1c99103edaf76aa05915458fd498e07b1241e272,1.0,True,True,True,True,False,a4b7da1a9f6e4efab7ccbc9ec3bb5e4235a82aef30ce64017895df05ab1c2b01,False
299,HMSO01R_A|PRIMARY|F4|4b6bdffc658fe9deb87879b130fd21d7155bd1b57b10ae5709614368fed74531,F4,FOLD_0,HMSO01R_A|FIELD_LINEAGE|06c31c418b756da4f49834b1270295e826a9807f080171a34a3e7c250369709c,576,False,True,True,True,True,True,0.0,True,True,46656,46656,True,True,True,True,1.4167418979816375e-16,,True,True,0.0,4.0593870988104046e-13,True,True,9.764732725736636e-06,PRIMARY_TOPOLOGY_CAST_FLOAT32_DIAGNOSTIC_ONLY,CONTINUUM_REFERENCE_MINUS_LAMBDA_1_BASE_SPH,True,0.1,2.842170943040401e-15,0.0,0.0,0.0,0.0,0.0,0.0,0.0,2.842170943040401e-15,0.0,True,0.0,6.2691618068574755,1.7818029524668974e-13,8.881784197001252e-16,0.0,9.992007221626409e-15,7.382983113757291e-15,9.992007221626409e-15,1.3766765505351941e-14,0.0,2.0282724639336821e-13,0.0,True,0.5507649445628648,0.01,2.842170943040401e-16,0.0,0.0,0.0,0.0,0.0,0.0,0.0,2.842170943040401e-16,0.0,True,0.0,6.2691618068574755,1.7818029524668974e-13,8.881784197001252e-16,0.0,9.992007221626409e-15,7.382983113757291e-15,9.992007221626409e-15,1.3766765505351941e-14,0.0,2.0282724639336821e-13,0.0,True,0.5507649445628648,H-MSO-01R-B,1c99103edaf76aa05915458fd498e07b1241e272,1.0,True,True,True,True,False,a4b7da1a9f6e4efab7ccbc9ec3bb5e4235a82aef30ce64017895df05ab1c2b01,False
300,HMSO01R_A|PRIMARY|F4|85dc4b95288446dfb72a62b71691cae97be1b4b3c9789b973167c7f0c0024bb0,F4,FOLD_1,HMSO01R_A|FIELD_LINEAGE|5d84595c43a38b585d7953f18ac50da686f8debb482b1cca6058cffe84d274b6,576,False,True,True,True,True,True,0.0,True,True,27058,27058,True,True,True,True,1.4133002433162516e-16,,True,True,0.0,1.551766424018152e-12,True,True,4.764466078799323e-05,PRIMARY_TOPOLOGY_CAST_FLOAT32_DIAGNOSTIC_ONLY,CONTINUUM_REFERENCE_MINUS_LAMBDA_1_BASE_SPH,True,0.1,2.842170943040401e-15,0.0,0.0,0.0,0.0,0.0,0.0,0.0,2.842170943040401e-15,0.0,True,0.0,25.137713628805457,7.144567925026154e-13,3.552713678800501e-15,0.0,1.9984014443252818e-14,2.042810365310288e-14,2.042810365310288e-14,3.730349362740526e-14,0.0,7.75741103461924e-13,2.220446049250313e-16,True,2.8855942944940525,0.01,2.842170943040401e-16,0.0,0.0,0.0,0.0,0.0,0.0,0.0,2.842170943040401e-16,0.0,True,0.0,25.137713628805457,7.144567925026154e-13,3.552713678800501e-15,0.0,1.9984014443252818e-14,2.042810365310288e-14,2.042810365310288e-14,3.730349362740526e-14,0.0,7.75741103461924e-13,2.220446049250313e-16,True,2.8855942944940525,H-MSO-01R-B,1c99103edaf76aa05915458fd498e07b1241e272,1.0,True,True,True,True,False,a4b7da1a9f6e4efab7ccbc9ec3bb5e4235a82aef30ce64017895df05ab1c2b01,False
301,HMSO01R_A|PRIMARY|F4|4e7a52c6c115bcd8ae85224372e15761ec9ad1da299c81472e2c7f42bece49c4,F4,FOLD_5,HMSO01R_A|FIELD_LINEAGE|c9a10c50914a082104b6f42f933e2e8b35494d6ac1b464fc981b740edc26e9a6,576,False,True,True,True,True,True,0.0,True,True,15562,15562,True,True,True,True,2.540627028089406e-16,,True,True,0.0,1.285095387498507e-13,True,True,3.4463813708418556e-06,PRIMARY_TOPOLOGY_CAST_FLOAT32_DIAGNOSTIC_ONLY,CONTINUUM_REFERENCE_MINUS_LAMBDA_1_BASE_SPH,True,0.1,2.842170943040401e-15,0.0,0.0,0.0,0.0,0.0,0.0,0.0,2.842170943040401e-15,0.0,True,0.0,1.7479512141694609,4.96797615076463e-14,4.440892098500626e-16,0.0,2.9976021664879227e-15,2.6645352591003757e-15,2.9976021664879227e-15,1.099120794378905e-14,0.0,6.411266082777334e-14,5.551115123125783e-17,True,0.29362056735085446,0.01,2.842170943040401e-16,0.0,0.0,0.0,0.0,0.0,0.0,0.0,2.842170943040401e-16,0.0,True,0.0,1.7479512141694609,4.96797615076463e-14,4.440892098500626e-16,0.0,2.9976021664879227e-15,2.6645352591003757e-15,2.9976021664879227e-15,1.099120794378905e-14,0.0,6.411266082777334e-14,5.551115123125783e-17,True,0.29362056735085446,H-MSO-01R-B,1c99103edaf76aa05915458fd498e07b1241e272,1.0,True,True,True,True,False,a4b7da1a9f6e4efab7ccbc9ec3bb5e4235a82aef30ce64017895df05ab1c2b01,False
302,HMSO01R_A|PRIMARY|F4|3e1f516c8924d75bcb1bc1fc285c7fef823b724e7146e632a6edc0d86859301f,F4,FOLD_1,HMSO01R_A|FIELD_LINEAGE|5d84595c43a38b585d7953f18ac50da686f8debb482b1cca6058cffe84d274b6,576,False,True,True,True,True,True,0.0,True,True,15600,15600,True,True,True,True,2.70801972855944e-16,,True,True,0.0,1.7457871483422553e-12,True,True,5.750325918540966e-05,PRIMARY_TOPOLOGY_CAST_FLOAT32_DIAGNOSTIC_ONLY,CONTINUUM_REFERENCE_MINUS_LAMBDA_1_BASE_SPH,True,0.1,2.842170943040401e-15,0.0,0.0,0.0,0.0,0.0,0.0,0.0,2.842170943040401e-15,0.0,True,0.0,26.23846230758743,7.457419516068577e-13,7.105427357601002e-15,0.0,3.197442310920451e-14,2.3092638912203256e-14,3.197442310920451e-14,8.79296635503124e-14,0.0,8.727514656239756e-13,8.881784197001252e-16,True,4.7838374131131065,0.01,2.842170943040401e-16,0.0,0.0,0.0,0.0,0.0,0.0,0.0,2.842170943040401e-16,0.0,True,0.0,26.23846230758743,7.457419516068577e-13,7.105427357601002e-15,0.0,3.197442310920451e-14,2.3092638912203256e-14,3.197442310920451e-14,8.79296635503124e-14,0.0,8.727514656239756e-13,8.881784197001252e-16,True,4.7838374131131065,H-MSO-01R-B,1c99103edaf76aa05915458fd498e07b1241e272,1.0,True,True,True,True,False,a4b7da1a9f6e4efab7ccbc9ec3bb5e4235a82aef30ce64017895df05ab1c2b01,False
303,HMSO01R_A|PRIMARY|F4|558f87a2fc4bf2fe995a797fa27bac5203b30df376d948587ab0bb7f9c16d3bd,F4,FOLD_0,HMSO01R_A|FIELD_LINEAGE|197d7ec024c0036b09ad028c746809cfe1ed712ccbb40eead96390c6dfdd817b,576,False,True,True,True,True,True,3.969535204012553e-16,True,True,46656,46656,True,True,True,True,3.1653656809497727e-16,,True,True,0.0,1.1124590932535207e-14,True,True,3.215565995799696e-07,PRIMARY_TOPOLOGY_CAST_FLOAT32_DIAGNOSTIC_ONLY,CONTINUUM_REFERENCE_MINUS_LAMBDA_1_BASE_SPH,True,0.1,2.842170943040401e-15,0.0,0.0,4.440892098500626e-16,3.3306690738754696e-16,4.440892098500626e-16,5.551115123125783e-16,0.0,3.841371665203042e-15,0.0,True,6.449537524370715e-06,0.01,2.842170943040401e-16,0.0,0.0,0.0,0.0,0.0,0.0,0.0,2.842170943040401e-16,0.0,True,0.0,0.17630157647818265,5.010792178785057e-15,5.551115123125783e-17,0.0,1.5265566588595902e-16,1.3357370765021415e-16,1.5265566588595902e-16,2.0122792321330962e-16,0.0,5.4201869191155836e-15,0.0,True,0.014928204998847899,0.17630157647818265,5.010792178785057e-15,5.551115123125783e-17,0.0,1.5265566588595902e-16,1.3357370765021415e-16,1.5265566588595902e-16,2.0122792321330962e-16,0.0,5.4201869191155836e-15,0.0,True,0.014928204998847899,H-MSO-01R-B,1c99103edaf76aa05915458fd498e07b1241e272,1.0,True,True,True,True,False,a4b7da1a9f6e4efab7ccbc9ec3bb5e4235a82aef30ce64017895df05ab1c2b01,False
304,HMSO01R_A|PRIMARY|F4|0670d89c61c35c8852c124d9000835eaea91a83b9577472f636a565b59d940d9,F4,FOLD_1,HMSO01R_A|FIELD_LINEAGE|5d84595c43a38b585d7953f18ac50da686f8debb482b1cca6058cffe84d274b6,576,False,True,True,True,True,True,0.0,True,True,15562,15562,True,True,True,True,1.4133002433162516e-16,,True,True,0.0,1.6761114027761696e-12,True,True,5.3282360906514725e-05,PRIMARY_TOPOLOGY_CAST_FLOAT32_DIAGNOSTIC_ONLY,CONTINUUM_REFERENCE_MINUS_LAMBDA_1_BASE_SPH,True,0.1,2.842170943040401e-15,0.0,0.0,0.0,0.0,0.0,0.0,0.0,2.842170943040401e-15,0.0,True,0.0,25.137713628805457,7.144567925026154e-13,3.552713678800501e-15,0.0,3.197442310920451e-14,2.2648549702353193e-14,3.197442310920451e-14,8.79296635503124e-14,0.0,8.379135928409328e-13,8.881784197001252e-16,True,3.018501504586414,0.01,2.842170943040401e-16,0.0,0.0,0.0,0.0,0.0,0.0,0.0,2.842170943040401e-16,0.0,True,0.0,25.137713628805457,7.144567925026154e-13,3.552713678800501e-15,0.0,3.197442310920451e-14,2.2648549702353193e-14,3.197442310920451e-14,8.79296635503124e-14,0.0,8.379135928409328e-13,8.881784197001252e-16,True,3.018501504586414,H-MSO-01R-B,1c99103edaf76aa05915458fd498e07b1241e272,1.0,True,True,True,True,False,a4b7da1a9f6e4efab7ccbc9ec3bb5e4235a82aef30ce64017895df05ab1c2b01,False
305,HMSO01R_A|PRIMARY|F4|ecaff7cbec579afd2494fc1fad898951c4ea48b684497e65b50613fe038305d3,F4,FOLD_2,HMSO01R_A|FIELD_LINEAGE|8af782533dccfef4a682f44ff365b7014ae448a56bd62c92877bbd37640adb31,576,False,True,True,True,True,True,7.19910242530375e-17,True,True,15530,15530,True,True,True,True,4.025753159498953e-16,,True,True,0.0,3.1532459145496315e-15,True,True,8.928330399310402e-08,PRIMARY_TOPOLOGY_CAST_FLOAT32_DIAGNOSTIC_ONLY,CONTINUUM_REFERENCE_MINUS_LAMBDA_1_BASE_SPH,True,0.1,2.842170943040401e-15,0.0,0.0,1.1102230246251565e-16,6.938893903907228e-17,1.1102230246251565e-16,2.220446049250313e-16,0.0,3.175237850427948e-15,0.0,True,0.002864097938011082,0.01,2.842170943040401e-16,0.0,0.0,0.0,0.0,0.0,0.0,0.0,2.842170943040401e-16,0.0,True,0.0,0.044124832522551796,1.2541031686212078e-15,1.3877787807814457e-17,0.0,3.122502256758253e-17,2.42861286636753e-17,3.122502256758253e-17,1.3530843112619095e-16,0.0,1.4345144101227958e-15,1.734723475976807e-18,True,0.003298289602024593,0.044124832522551796,1.2541031686212078e-15,1.3877787807814457e-17,0.0,3.122502256758253e-17,2.42861286636753e-17,3.122502256758253e-17,1.3530843112619095e-16,0.0,1.4345144101227958e-15,1.734723475976807e-18,True,0.003298289602024593,H-MSO-01R-B,1c99103edaf76aa05915458fd498e07b1241e272,1.0,True,True,True,True,False,a4b7da1a9f6e4efab7ccbc9ec3bb5e4235a82aef30ce64017895df05ab1c2b01,False
306,HMSO01R_A|PRIMARY|F4|71f61d7caa1b1b02179212c15265a1f342ea520af413e9f96a8372d952d11eed,F4,FOLD_0,HMSO01R_A|FIELD_LINEAGE|06c31c418b756da4f49834b1270295e826a9807f080171a34a3e7c250369709c,576,False,True,True,True,True,True,0.0,True,True,43218,43218,True,True,True,True,1.4151341933149354e-16,,True,True,0.0,4.1122854508033056e-13,True,True,1.1221755799706301e-05,PRIMARY_TOPOLOGY_CAST_FLOAT32_DIAGNOSTIC_ONLY,CONTINUUM_REFERENCE_MINUS_LAMBDA_1_BASE_SPH,True,0.1,2.842170943040401e-15,0.0,0.0,0.0,0.0,0.0,0.0,0.0,2.842170943040401e-15,0.0,True,0.0,6.276284071827687,1.7838272219215944e-13,8.881784197001252e-16,0.0,1.199040866595169e-14,9.769962616701378e-15,1.199040866595169e-14,1.4210854715202004e-14,0.0,2.0547216399301326e-13,1.1102230246251565e-16,True,0.5978758862233525,0.01,2.842170943040401e-16,0.0,0.0,0.0,0.0,0.0,0.0,0.0,2.842170943040401e-16,0.0,True,0.0,6.276284071827687,1.7838272219215944e-13,8.881784197001252e-16,0.0,1.199040866595169e-14,9.769962616701378e-15,1.199040866595169e-14,1.4210854715202004e-14,0.0,2.0547216399301326e-13,1.1102230246251565e-16,True,0.5978758862233525,H-MSO-01R-B,1c99103edaf76aa05915458fd498e07b1241e272,1.0,True,True,True,True,False,a4b7da1a9f6e4efab7ccbc9ec3bb5e4235a82aef30ce64017895df05ab1c2b01,False
307,HMSO01R_A|PRIMARY|F4|85f1b9eed95ecce08d553e89743dc53a15307163bc7008a8726ff536e6a54996,F4,FOLD_2,HMSO01R_A|FIELD_LINEAGE|8af782533dccfef4a682f44ff365b7014ae448a56bd62c92877bbd37640adb31,576,False,True,True,True,True,True,7.3075226425523e-17,True,True,15562,15562,True,True,True,True,3.1614478053077724e-16,,True,True,0.0,3.1981928650968006e-15,True,True,9.607787884897967e-08,PRIMARY_TOPOLOGY_CAST_FLOAT32_DIAGNOSTIC_ONLY,CONTINUUM_REFERENCE_MINUS_LAMBDA_1_BASE_SPH,True,0.1,2.842170943040401e-15,0.0,0.0,9.71445146547012e-17,8.326672684688674e-17,9.71445146547012e-17,2.498001805406602e-16,0.0,3.1891156382357623e-15,0.0,True,0.003245350505312419,0.01,2.842170943040401e-16,0.0,0.0,0.0,0.0,0.0,0.0,0.0,2.842170943040401e-16,0.0,True,0.0,0.04412209060745676,1.254025238707094e-15,1.3877787807814457e-17,0.0,4.85722573273506e-17,2.0816681711721685e-17,4.85722573273506e-17,1.4051260155412137e-16,0.0,1.4569878853963803e-15,7.589415207398531e-19,True,0.0036543875834248386,0.04412209060745676,1.254025238707094e-15,1.3877787807814457e-17,0.0,4.85722573273506e-17,2.0816681711721685e-17,4.85722573273506e-17,1.4051260155412137e-16,0.0,1.4569878853963803e-15,7.589415207398531e-19,True,0.0036543875834248386,H-MSO-01R-B,1c99103edaf76aa05915458fd498e07b1241e272,1.0,True,True,True,True,False,a4b7da1a9f6e4efab7ccbc9ec3bb5e4235a82aef30ce64017895df05ab1c2b01,False
308,HMSO01R_A|PRIMARY|F4|a6ddeab8e93b6db262b39867391f322e9baafa76bed004129fe7780c90cbd6a4,F4,FOLD_0,HMSO01R_A|FIELD_LINEAGE|06c31c418b756da4f49834b1270295e826a9807f080171a34a3e7c250369709c,576,False,True,True,True,True,True,0.0,True,True,15530,15530,True,True,True,True,1.2833030559124321e-16,,True,True,0.0,5.153799002869215e-13,True,True,1.558907449417113e-05,PRIMARY_TOPOLOGY_CAST_FLOAT32_DIAGNOSTIC_ONLY,CONTINUUM_REFERENCE_MINUS_LAMBDA_1_BASE_SPH,True,0.1,2.842170943040401e-15,0.0,0.0,0.0,0.0,0.0,0.0,0.0,2.842170943040401e-15,0.0,True,0.0,6.92103408940009,1.9670761984685014e-13,8.881784197001252e-16,0.0,1.199040866595169e-14,1.1102230246251565e-14,1.199040866595169e-14,4.796163466380676e-14,0.0,2.575478415963087e-13,2.220446049250313e-16,True,1.1324187536205181,0.01,2.842170943040401e-16,0.0,0.0,0.0,0.0,0.0,0.0,0.0,2.842170943040401e-16,0.0,True,0.0,6.92103408940009,1.9670761984685014e-13,8.881784197001252e-16,0.0,1.199040866595169e-14,1.1102230246251565e-14,1.199040866595169e-14,4.796163466380676e-14,0.0,2.575478415963087e-13,2.220446049250313e-16,True,1.1324187536205181,H-MSO-01R-B,1c99103edaf76aa05915458fd498e07b1241e272,1.0,True,True,True,True,False,a4b7da1a9f6e4efab7ccbc9ec3bb5e4235a82aef30ce64017895df05ab1c2b01,False
309,HMSO01R_A|PRIMARY|F4|11826ade3e5db02d2c6bffdc10f23d4bb93470890790474abf521e919f738b3f,F4,FOLD_2,HMSO01R_A|FIELD_LINEAGE|8af782533dccfef4a682f44ff365b7014ae448a56bd62c92877bbd37640adb31,576,False,True,True,True,True,True,8.011152911836447e-17,True,True,46656,46656,True,True,True,True,3.1653656809497727e-16,,True,True,0.0,2.990841106909878e-15,True,True,7.200724671174372e-08,PRIMARY_TOPOLOGY_CAST_FLOAT32_DIAGNOSTIC_ONLY,CONTINUUM_REFERENCE_MINUS_LAMBDA_1_BASE_SPH,True,0.1,2.842170943040401e-15,0.0,0.0,9.71445146547012e-17,8.326672684688674e-17,9.71445146547012e-17,1.8041124150158794e-16,0.0,3.11972669919669e-15,0.0,True,1.6123843810946826e-06,0.01,2.842170943040401e-16,0.0,0.0,0.0,0.0,0.0,0.0,0.0,2.842170943040401e-16,0.0,True,0.0,0.04407539411954566,1.2526980446962643e-15,1.3877787807814457e-17,0.0,2.42861286636753e-17,2.42861286636753e-17,2.42861286636753e-17,6.245004513516506e-17,0.0,1.353312006302919e-15,0.0,True,0.0037320512497119726,0.04407539411954566,1.2526980446962643e-15,1.3877787807814457e-17,0.0,2.42861286636753e-17,2.42861286636753e-17,2.42861286636753e-17,6.245004513516506e-17,0.0,1.353312006302919e-15,0.0,True,0.0037320512497119726,H-MSO-01R-B,1c99103edaf76aa05915458fd498e07b1241e272,1.0,True,True,True,True,False,a4b7da1a9f6e4efab7ccbc9ec3bb5e4235a82aef30ce64017895df05ab1c2b01,False
310,HMSO01R_A|PRIMARY|F4|ef19a86248138ec5e566612bf3df19a10b6bc69a7b14c32e2b817ccf29cc50f2,F4,FOLD_5,HMSO01R_A|FIELD_LINEAGE|c9a10c50914a082104b6f42f933e2e8b35494d6ac1b464fc981b740edc26e9a6,576,False,True,True,True,True,True,0.0,True,True,27040,27040,True,True,True,True,2.828943723541021e-16,,True,True,0.0,1.0839113378512602e-13,True,True,2.2819615455305087e-06,PRIMARY_TOPOLOGY_CAST_FLOAT32_DIAGNOSTIC_ONLY,CONTINUUM_REFERENCE_MINUS_LAMBDA_1_BASE_SPH,True,0.1,2.842170943040401e-15,0.0,0.0,0.0,0.0,0.0,0.0,0.0,2.842170943040401e-15,0.0,True,0.0,1.5698057411131217,4.461656263609716e-14,4.440892098500626e-16,0.0,3.497202527569243e-15,2.1371793224034263e-15,3.497202527569243e-15,5.495603971894525e-15,0.0,5.405345834541099e-14,1.3877787807814457e-17,True,0.12603932970309167,0.01,2.842170943040401e-16,0.0,0.0,0.0,0.0,0.0,0.0,0.0,2.842170943040401e-16,0.0,True,0.0,1.5698057411131217,4.461656263609716e-14,4.440892098500626e-16,0.0,3.497202527569243e-15,2.1371793224034263e-15,3.497202527569243e-15,5.495603971894525e-15,0.0,5.405345834541099e-14,1.3877787807814457e-17,True,0.12603932970309167,H-MSO-01R-B,1c99103edaf76aa05915458fd498e07b1241e272,1.0,True,True,True,True,False,a4b7da1a9f6e4efab7ccbc9ec3bb5e4235a82aef30ce64017895df05ab1c2b01,False
311,HMSO01R_A|PRIMARY|F4|4929b286a99ab022d26a2dbdc2a23a2bc6d15979bf42d1588c8b2e2c1d73a0e3,F4,FOLD_0,HMSO01R_A|FIELD_LINEAGE|197d7ec024c0036b09ad028c746809cfe1ed712ccbb40eead96390c6dfdd817b,576,False,True,True,True,True,True,3.3219954564955856e-16,True,True,15562,15562,True,True,True,True,3.161857166069593e-16,,True,True,0.0,1.2114898972593487e-14,True,True,4.816566877164502e-07,PRIMARY_TOPOLOGY_CAST_FLOAT32_DIAGNOSTIC_ONLY,CONTINUUM_REFERENCE_MINUS_LAMBDA_1_BASE_SPH,True,0.1,2.842170943040401e-15,0.0,0.0,4.440892098500626e-16,3.3306690738754696e-16,4.440892098500626e-16,1.0547118733938987e-15,0.0,4.340972026284362e-15,0.0,True,0.011901312986572873,0.01,2.842170943040401e-16,0.0,0.0,0.0,0.0,0.0,0.0,0.0,2.842170943040401e-16,0.0,True,0.0,0.17651134569766888,5.0167541785887375e-15,5.551115123125783e-17,0.0,1.8735013540549517e-16,1.2836953722228372e-16,1.8735013540549517e-16,6.557254739192331e-16,0.0,5.9153409391447235e-15,6.938893903907228e-18,True,0.013825588150176173,0.17651134569766888,5.0167541785887375e-15,5.551115123125783e-17,0.0,1.8735013540549517e-16,1.2836953722228372e-16,1.8735013540549517e-16,6.557254739192331e-16,0.0,5.9153409391447235e-15,6.938893903907228e-18,True,0.013825588150176173,H-MSO-01R-B,1c99103edaf76aa05915458fd498e07b1241e272,1.0,True,True,True,True,False,a4b7da1a9f6e4efab7ccbc9ec3bb5e4235a82aef30ce64017895df05ab1c2b01,False
312,HMSO01R_A|PRIMARY|F4|e77b23936dd5a7c6d9262ae1d734b30beb458da1fe94bc080bdfac1b7bd85189,F4,FOLD_1,HMSO01R_A|FIELD_LINEAGE|3264ae7008b91adb6f4b677f3ecc13cbe5ab1143b7f33ef501525d095e0b618c,576,False,True,True,True,True,True,0.0,True,True,43814,43814,True,True,True,True,1.4157838779195623e-16,,True,True,0.0,3.857517451477615e-13,True,True,8.04484036542874e-06,PRIMARY_TOPOLOGY_CAST_FLOAT32_DIAGNOSTIC_ONLY,CONTINUUM_REFERENCE_MINUS_LAMBDA_1_BASE_SPH,True,0.1,2.842170943040401e-15,0.0,0.0,0.0,0.0,0.0,0.0,0.0,2.842170943040401e-15,0.0,True,0.0,6.2734039675975675,1.783008647066017e-13,8.881784197001252e-16,0.0,5.995204332975845e-15,4.440892098500626e-15,5.995204332975845e-15,7.549516567451064e-15,0.0,1.9273376402672873e-13,0.0,True,0.7721386224573116,0.01,2.842170943040401e-16,0.0,0.0,0.0,0.0,0.0,0.0,0.0,2.842170943040401e-16,0.0,True,0.0,6.2734039675975675,1.783008647066017e-13,8.881784197001252e-16,0.0,5.995204332975845e-15,4.440892098500626e-15,5.995204332975845e-15,7.549516567451064e-15,0.0,1.9273376402672873e-13,0.0,True,0.7721386224573116,H-MSO-01R-B,1c99103edaf76aa05915458fd498e07b1241e272,1.0,True,True,True,True,False,a4b7da1a9f6e4efab7ccbc9ec3bb5e4235a82aef30ce64017895df05ab1c2b01,False
313,HMSO01R_A|PRIMARY|F4|8944eefcfb134a9bbf050fe15d6081c6962a214b6ed3d413508e814400676f0f,F4,FOLD_4,HMSO01R_A|FIELD_LINEAGE|6359faeb0765247f7e12d6c9e8bbc8898fa74fca5c76c863a6009dffddbcb32e,576,False,True,True,True,True,True,8.881784197001252e-16,True,True,15600,15600,True,True,True,True,3.3042812972899026e-16,,True,True,0.0,8.875800079121239e-15,True,True,2.3127878954198877e-06,PRIMARY_TOPOLOGY_CAST_FLOAT32_DIAGNOSTIC_ONLY,CONTINUUM_REFERENCE_MINUS_LAMBDA_1_BASE_SPH,True,1.847634648411594,5.251293511070099e-14,4.440892098500626e-16,0.0,6.661338147750939e-16,6.661338147750939e-16,6.661338147750939e-16,1.5543122344752192e-15,0.0,5.517747036980137e-14,0.0,True,0.07278020425816858,0.01,2.842170943040401e-16,0.0,0.0,0.0,0.0,0.0,0.0,0.0,2.842170943040401e-16,0.0,True,0.0,0.12599824190994308,3.5810854203061546e-15,4.163336342344337e-17,0.0,1.5959455978986625e-16,1.8735013540549517e-16,1.8735013540549517e-16,4.85722573273506e-16,0.0,4.295791492408599e-15,6.938893903907228e-18,True,0.03000795255871691,0.12599824190994308,3.5810854203061546e-15,4.163336342344337e-17,0.0,1.5959455978986625e-16,1.8735013540549517e-16,1.8735013540549517e-16,4.85722573273506e-16,0.0,4.295791492408599e-15,6.938893903907228e-18,True,0.03000795255871691,H-MSO-01R-B,1c99103edaf76aa05915458fd498e07b1241e272,1.0,True,True,True,True,False,a4b7da1a9f6e4efab7ccbc9ec3bb5e4235a82aef30ce64017895df05ab1c2b01,False
314,HMSO01R_A|PRIMARY|F4|e25d3f9fc33911ad2bdacf9851f072f8da6dbe4f6c19d60b1710f16572063c8d,F4,FOLD_0,HMSO01R_A|FIELD_LINEAGE|06c31c418b756da4f49834b1270295e826a9807f080171a34a3e7c250369709c,576,False,True,True,True,True,True,0.0,True,True,28224,28224,True,True,True,True,1.4167418979816375e-16,,True,True,0.0,4.112677803992412e-13,True,True,1.0499735106694885e-05,PRIMARY_TOPOLOGY_CAST_FLOAT32_DIAGNOSTIC_ONLY,CONTINUUM_REFERENCE_MINUS_LAMBDA_1_BASE_SPH,True,0.1,2.842170943040401e-15,0.0,0.0,0.0,0.0,0.0,0.0,0.0,2.842170943040401e-15,0.0,True,0.0,6.2691618068574755,1.7818029524668974e-13,8.881784197001252e-16,0.0,8.43769498715119e-15,8.215650382226158e-15,8.43769498715119e-15,1.7985612998927536e-14,0.0,2.054917816524686e-13,0.0,True,0.368735946324889,0.01,2.842170943040401e-16,0.0,0.0,0.0,0.0,0.0,0.0,0.0,2.842170943040401e-16,0.0,True,0.0,6.2691618068574755,1.7818029524668974e-13,8.881784197001252e-16,0.0,8.43769498715119e-15,8.215650382226158e-15,8.43769498715119e-15,1.7985612998927536e-14,0.0,2.054917816524686e-13,0.0,True,0.368735946324889,H-MSO-01R-B,1c99103edaf76aa05915458fd498e07b1241e272,1.0,True,True,True,True,False,a4b7da1a9f6e4efab7ccbc9ec3bb5e4235a82aef30ce64017895df05ab1c2b01,False
315,HMSO01R_A|PRIMARY|F4|d250879e475816f6e92630481055f2ad783960a4b225044b2988cc1f044532fc,F4,FOLD_1,HMSO01R_A|FIELD_LINEAGE|5d84595c43a38b585d7953f18ac50da686f8debb482b1cca6058cffe84d274b6,576,False,True,True,True,True,True,0.0,True,True,46656,46656,True,True,True,True,1.4133044743974302e-16,,True,True,0.0,1.532222220973786e-12,True,True,4.150716356310369e-05,PRIMARY_TOPOLOGY_CAST_FLOAT32_DIAGNOSTIC_ONLY,CONTINUUM_REFERENCE_MINUS_LAMBDA_1_BASE_SPH,True,0.1,2.842170943040401e-15,0.0,0.0,0.0,0.0,0.0,0.0,0.0,2.842170943040401e-15,0.0,True,0.0,25.137638372759127,7.144546535971337e-13,3.552713678800501e-15,0.0,1.9984014443252818e-14,1.6431300764452317e-14,1.9984014443252818e-14,2.7977620220553945e-14,0.0,7.65969001939741e-13,0.0,True,4.059642782893953,0.01,2.842170943040401e-16,0.0,0.0,0.0,0.0,0.0,0.0,0.0,2.842170943040401e-16,0.0,True,0.0,25.137638372759127,7.144546535971337e-13,3.552713678800501e-15,0.0,1.9984014443252818e-14,1.6431300764452317e-14,1.9984014443252818e-14,2.7977620220553945e-14,0.0,7.65969001939741e-13,0.0,True,4.059642782893953,H-MSO-01R-B,1c99103edaf76aa05915458fd498e07b1241e272,1.0,True,True,True,True,False,a4b7da1a9f6e4efab7ccbc9ec3bb5e4235a82aef30ce64017895df05ab1c2b01,False
316,HMSO01R_A|PRIMARY|F4|56464c262bb157790092f749cb48a04e8d8a0b8bedf3e324b5320e9a10b6d09e,F4,FOLD_0,HMSO01R_A|FIELD_LINEAGE|197d7ec024c0036b09ad028c746809cfe1ed712ccbb40eead96390c6dfdd817b,576,False,True,True,True,True,True,4.198030811863873e-16,True,True,27058,27058,True,True,True,True,3.161857166069593e-16,,True,True,0.0,1.1275292810220713e-14,True,True,4.595283928324895e-07,PRIMARY_TOPOLOGY_CAST_FLOAT32_DIAGNOSTIC_ONLY,CONTINUUM_REFERENCE_MINUS_LAMBDA_1_BASE_SPH,True,0.1,2.842170943040401e-15,0.0,0.0,4.440892098500626e-16,4.440892098500626e-16,4.440892098500626e-16,7.216449660063518e-16,0.0,4.007905118896815e-15,0.0,True,0.00782201753349182,0.01,2.842170943040401e-16,0.0,0.0,0.0,0.0,0.0,0.0,0.0,2.842170943040401e-16,0.0,True,0.0,0.17651134569766888,5.0167541785887375e-15,5.551115123125783e-17,0.0,1.5959455978986625e-16,1.457167719820518e-16,1.5959455978986625e-16,2.636779683484747e-16,0.0,5.495537857958336e-15,0.0,True,0.010993785483362682,0.17651134569766888,5.0167541785887375e-15,5.551115123125783e-17,0.0,1.5959455978986625e-16,1.457167719820518e-16,1.5959455978986625e-16,2.636779683484747e-16,0.0,5.495537857958336e-15,0.0,True,0.010993785483362682,H-MSO-01R-B,1c99103edaf76aa05915458fd498e07b1241e272,1.0,True,True,True,True,False,a4b7da1a9f6e4efab7ccbc9ec3bb5e4235a82aef30ce64017895df05ab1c2b01,False
317,HMSO01R_A|PRIMARY|F4|ecb76be4664dd9928293363ff466f845a5a7789eaaeda1e8ee5201799daa78c0,F4,FOLD_4,HMSO01R_A|FIELD_LINEAGE|6359faeb0765247f7e12d6c9e8bbc8898fa74fca5c76c863a6009dffddbcb32e,576,False,True,True,True,True,True,1.3322676295501878e-15,True,True,28224,28224,True,True,True,True,2.513435083615995e-16,,True,True,0.0,7.968601178919362e-15,True,True,2.121633469465145e-06,PRIMARY_TOPOLOGY_CAST_FLOAT32_DIAGNOSTIC_ONLY,CONTINUUM_REFERENCE_MINUS_LAMBDA_1_BASE_SPH,True,1.7668616657135472,5.021722886663006e-14,4.440892098500626e-16,0.0,8.881784197001252e-16,8.881784197001252e-16,8.881784197001252e-16,1.1102230246251565e-15,0.0,5.26597195208054e-14,0.0,True,0.07272258066123033,0.01,2.842170943040401e-16,0.0,0.0,0.0,0.0,0.0,0.0,0.0,2.842170943040401e-16,0.0,True,0.0,0.11101519257830209,3.1552415458208454e-15,2.7755575615628914e-17,0.0,1.8735013540549517e-16,1.8735013540549517e-16,1.8735013540549517e-16,4.718447854656915e-16,0.0,3.842192042307661e-15,0.0,True,0.0034134698427543565,0.11101519257830209,3.1552415458208454e-15,2.7755575615628914e-17,0.0,1.8735013540549517e-16,1.8735013540549517e-16,1.8735013540549517e-16,4.718447854656915e-16,0.0,3.842192042307661e-15,0.0,True,0.0034134698427543565,H-MSO-01R-B,1c99103edaf76aa05915458fd498e07b1241e272,1.0,True,True,True,True,False,a4b7da1a9f6e4efab7ccbc9ec3bb5e4235a82aef30ce64017895df05ab1c2b01,False
318,HMSO01R_A|PRIMARY|F4|88dcd723af748de6ff950507849f3825b8d8f3553a5bcc217487217a0f9a7a63,F4,FOLD_5,HMSO01R_A|FIELD_LINEAGE|c9a10c50914a082104b6f42f933e2e8b35494d6ac1b464fc981b740edc26e9a6,576,False,True,True,True,True,True,0.0,True,True,16704,16704,True,True,True,True,2.8304872531867704e-16,,True,True,0.0,1.1633607869172883e-13,True,True,1.5933679751722885e-06,PRIMARY_TOPOLOGY_CAST_FLOAT32_DIAGNOSTIC_ONLY,CONTINUUM_REFERENCE_MINUS_LAMBDA_1_BASE_SPH,True,0.1,2.842170943040401e-15,0.0,0.0,0.0,0.0,0.0,0.0,0.0,2.842170943040401e-15,0.0,True,0.0,1.5689496900227138,4.459223220074801e-14,4.440892098500626e-16,0.0,3.9968028886505635e-15,2.6367796834847468e-15,3.9968028886505635e-15,8.992806499463768e-15,0.0,5.80259307987124e-14,0.0,True,0.028750770275285123,0.01,2.842170943040401e-16,0.0,0.0,0.0,0.0,0.0,0.0,0.0,2.842170943040401e-16,0.0,True,0.0,1.5689496900227138,4.459223220074801e-14,4.440892098500626e-16,0.0,3.9968028886505635e-15,2.6367796834847468e-15,3.9968028886505635e-15,8.992806499463768e-15,0.0,5.80259307987124e-14,0.0,True,0.028750770275285123,H-MSO-01R-B,1c99103edaf76aa05915458fd498e07b1241e272,1.0,True,True,True,True,False,a4b7da1a9f6e4efab7ccbc9ec3bb5e4235a82aef30ce64017895df05ab1c2b01,False
319,HMSO01R_A|PRIMARY|F4|5713909151f3cd04934c16355de455e1018dfb770f2f64df240e5db9c47d5fb1,F4,FOLD_5,HMSO01R_A|FIELD_LINEAGE|c9a10c50914a082104b6f42f933e2e8b35494d6ac1b464fc981b740edc26e9a6,576,False,True,True,True,True,True,0.0,True,True,27376,27376,True,True,True,True,2.7874989644531127e-16,,True,True,0.0,1.0993990368276977e-13,True,True,2.3790135127432777e-06,PRIMARY_TOPOLOGY_CAST_FLOAT32_DIAGNOSTIC_ONLY,CONTINUUM_REFERENCE_MINUS_LAMBDA_1_BASE_SPH,True,0.1,2.842170943040401e-15,0.0,0.0,0.0,0.0,0.0,0.0,0.0,2.842170943040401e-15,0.0,True,0.0,1.5931457392924617,4.5279925282456524e-14,4.440892098500626e-16,0.0,3.1086244689504383e-15,3.0253577421035516e-15,3.1086244689504383e-15,5.995204332975845e-15,0.0,5.482784329423287e-14,5.551115123125783e-17,True,0.23901564450077245,0.01,2.842170943040401e-16,0.0,0.0,0.0,0.0,0.0,0.0,0.0,2.842170943040401e-16,0.0,True,0.0,1.5931457392924617,4.5279925282456524e-14,4.440892098500626e-16,0.0,3.1086244689504383e-15,3.0253577421035516e-15,3.1086244689504383e-15,5.995204332975845e-15,0.0,5.482784329423287e-14,5.551115123125783e-17,True,0.23901564450077245,H-MSO-01R-B,1c99103edaf76aa05915458fd498e07b1241e272,1.0,True,True,True,True,False,a4b7da1a9f6e4efab7ccbc9ec3bb5e4235a82aef30ce64017895df05ab1c2b01,False
320,HMSO01R_A|PRIMARY|F4|93aad5841f6682ecd48e9ead6bb4002efba75cd6704198bd8907aea0d47c8d7a,F4,FOLD_3,HMSO01R_A|FIELD_LINEAGE|7a40ff07646995058d8981271562dfa4f2cc77b96f79dba59c7ae90f96586134,576,False,True,True,True,True,True,2.220446049250313e-16,True,True,15600,15600,True,True,True,True,4.730184628790536e-16,,True,True,0.0,1.1442375144485218e-14,True,True,2.415165672120523e-06,PRIMARY_TOPOLOGY_CAST_FLOAT32_DIAGNOSTIC_ONLY,CONTINUUM_REFERENCE_MINUS_LAMBDA_1_BASE_SPH,True,0.9342417580726776,2.655274778569144e-14,1.1102230246251565e-16,0.0,4.440892098500626e-16,3.3306690738754696e-16,4.440892098500626e-16,6.661338147750939e-16,0.0,2.7773993112779113e-14,0.0,True,0.10171625853141833,0.01,2.842170943040401e-16,0.0,0.0,0.0,0.0,0.0,0.0,0.0,2.842170943040401e-16,0.0,True,0.0,0.17603272045678536,5.003150831066289e-15,8.326672684688674e-17,0.0,1.1102230246251565e-16,1.1796119636642288e-16,1.1796119636642288e-16,3.7470027081099033e-16,0.0,5.579079025090589e-15,6.938893903907228e-18,True,0.01888872658915674,0.17603272045678536,5.003150831066289e-15,8.326672684688674e-17,0.0,1.1102230246251565e-16,1.1796119636642288e-16,1.1796119636642288e-16,3.7470027081099033e-16,0.0,5.579079025090589e-15,6.938893903907228e-18,True,0.01888872658915674,H-MSO-01R-B,1c99103edaf76aa05915458fd498e07b1241e272,1.0,True,True,True,True,False,a4b7da1a9f6e4efab7ccbc9ec3bb5e4235a82aef30ce64017895df05ab1c2b01,False
321,HMSO01R_A|PRIMARY|F4|367bce2de86b385d49af0dfa7e9148a0411935febd6ae7b0c77d7e5337e2b946,F4,FOLD_1,HMSO01R_A|FIELD_LINEAGE|3264ae7008b91adb6f4b677f3ecc13cbe5ab1143b7f33ef501525d095e0b618c,576,False,True,True,True,True,True,0.0,True,True,15562,15562,True,True,True,True,1.4177308969788727e-16,,True,True,0.0,4.1856870235159073e-13,True,True,9.720340085284107e-06,PRIMARY_TOPOLOGY_CAST_FLOAT32_DIAGNOSTIC_ONLY,CONTINUUM_REFERENCE_MINUS_LAMBDA_1_BASE_SPH,True,0.1,2.842170943040401e-15,0.0,0.0,0.0,0.0,0.0,0.0,0.0,2.842170943040401e-15,0.0,True,0.0,6.264788484138969,1.7805599793913897e-13,8.881784197001252e-16,0.0,6.217248937900877e-15,5.329070518200751e-15,6.217248937900877e-15,2.398081733190338e-14,0.0,2.0914224262864335e-13,1.1102230246251565e-16,True,0.7067133923210601,0.01,2.842170943040401e-16,0.0,0.0,0.0,0.0,0.0,0.0,0.0,2.842170943040401e-16,0.0,True,0.0,6.264788484138969,1.7805599793913897e-13,8.881784197001252e-16,0.0,6.217248937900877e-15,5.329070518200751e-15,6.217248937900877e-15,2.398081733190338e-14,0.0,2.0914224262864335e-13,1.1102230246251565e-16,True,0.7067133923210601,H-MSO-01R-B,1c99103edaf76aa05915458fd498e07b1241e272,1.0,True,True,True,True,False,a4b7da1a9f6e4efab7ccbc9ec3bb5e4235a82aef30ce64017895df05ab1c2b01,False
322,HMSO01R_A|PRIMARY|F4|67783874e0d03b7d1319229ffa56ea5f5807a8da29ee591962ad5c4a5d4aa291,F4,FOLD_2,HMSO01R_A|FIELD_LINEAGE|8af782533dccfef4a682f44ff365b7014ae448a56bd62c92877bbd37640adb31,576,False,True,True,True,True,True,7.300746378974265e-17,True,True,16704,16704,True,True,True,True,3.1653656809497727e-16,,True,True,0.0,3.1955384770751413e-15,True,True,7.414123503373185e-08,PRIMARY_TOPOLOGY_CAST_FLOAT32_DIAGNOSTIC_ONLY,CONTINUUM_REFERENCE_MINUS_LAMBDA_1_BASE_SPH,True,0.1,2.842170943040401e-15,0.0,0.0,8.326672684688674e-17,8.326672684688674e-17,8.326672684688674e-17,1.3877787807814457e-16,0.0,3.0642155479654322e-15,0.0,True,4.88860006473754e-05,0.01,2.842170943040401e-16,0.0,0.0,0.0,0.0,0.0,0.0,0.0,2.842170943040401e-16,0.0,True,0.0,0.04407539411954566,1.2526980446962643e-15,1.3877787807814457e-17,0.0,2.42861286636753e-17,2.0816681711721685e-17,2.42861286636753e-17,1.6479873021779667e-16,0.0,1.4556606913855507e-15,0.0,True,0.0017378570196961247,0.04407539411954566,1.2526980446962643e-15,1.3877787807814457e-17,0.0,2.42861286636753e-17,2.0816681711721685e-17,2.42861286636753e-17,1.6479873021779667e-16,0.0,1.4556606913855507e-15,0.0,True,0.0017378570196961247,H-MSO-01R-B,1c99103edaf76aa05915458fd498e07b1241e272,1.0,True,True,True,True,False,a4b7da1a9f6e4efab7ccbc9ec3bb5e4235a82aef30ce64017895df05ab1c2b01,False
323,HMSO01R_A|PRIMARY|F4|cf8e0f28eda1cea7b1e3865285dbd80d01ab677e45643ecd3ea5b887c3b903a3,F4,FOLD_4,HMSO01R_A|FIELD_LINEAGE|6359faeb0765247f7e12d6c9e8bbc8898fa74fca5c76c863a6009dffddbcb32e,576,False,True,True,True,True,True,1.3322676295501878e-15,True,True,16704,16704,True,True,True,True,2.513435083615995e-16,,True,True,0.0,8.593101630271013e-15,True,True,2.0435483321645798e-06,PRIMARY_TOPOLOGY_CAST_FLOAT32_DIAGNOSTIC_ONLY,CONTINUUM_REFERENCE_MINUS_LAMBDA_1_BASE_SPH,True,1.7668616657135472,5.021722886663006e-14,4.440892098500626e-16,0.0,4.440892098500626e-16,4.440892098500626e-16,4.440892098500626e-16,1.7763568394002505e-15,0.0,5.288176412573043e-14,0.0,True,0.052167037814921435,0.01,2.842170943040401e-16,0.0,0.0,0.0,0.0,0.0,0.0,0.0,2.842170943040401e-16,0.0,True,0.0,0.11101519257830209,3.1552415458208454e-15,2.7755575615628914e-17,0.0,1.5959455978986625e-16,1.214306433183765e-16,1.5959455978986625e-16,8.118505867571457e-16,0.0,4.154442267983486e-15,0.0,True,0.0029207872654014562,0.11101519257830209,3.1552415458208454e-15,2.7755575615628914e-17,0.0,1.5959455978986625e-16,1.214306433183765e-16,1.5959455978986625e-16,8.118505867571457e-16,0.0,4.154442267983486e-15,0.0,True,0.0029207872654014562,H-MSO-01R-B,1c99103edaf76aa05915458fd498e07b1241e272,1.0,True,True,True,True,False,a4b7da1a9f6e4efab7ccbc9ec3bb5e4235a82aef30ce64017895df05ab1c2b01,False
324,HMSO01R_A|PRIMARY|F4|0e2a37aabd2842d397826b1ca21a59a95541d00614cef99316c77d0e366d36d4,F4,FOLD_4,HMSO01R_A|FIELD_LINEAGE|6359faeb0765247f7e12d6c9e8bbc8898fa74fca5c76c863a6009dffddbcb32e,576,False,True,True,True,True,True,1.3322676295501878e-15,True,True,43814,43814,True,True,True,True,3.7372582827025155e-16,,True,True,0.0,7.449287789682149e-15,True,True,2.2947630964331722e-06,PRIMARY_TOPOLOGY_CAST_FLOAT32_DIAGNOSTIC_ONLY,CONTINUUM_REFERENCE_MINUS_LAMBDA_1_BASE_SPH,True,1.7740807684951354,5.042240810823658e-14,4.440892098500626e-16,0.0,1.1102230246251565e-15,8.881784197001252e-16,1.1102230246251565e-15,8.881784197001252e-16,0.0,5.286489876241192e-14,0.0,True,0.11231405377770323,0.01,2.842170943040401e-16,0.0,0.0,0.0,0.0,0.0,0.0,0.0,2.842170943040401e-16,0.0,True,0.0,0.1114008191944848,3.1662017134546204e-15,4.163336342344337e-17,0.0,2.185751579730777e-16,1.7694179454963432e-16,2.185751579730777e-16,1.5612511283791264e-16,0.0,3.582535347689054e-15,0.0,True,0.008050779165964179,0.1114008191944848,3.1662017134546204e-15,4.163336342344337e-17,0.0,2.185751579730777e-16,1.7694179454963432e-16,2.185751579730777e-16,1.5612511283791264e-16,0.0,3.582535347689054e-15,0.0,True,0.008050779165964179,H-MSO-01R-B,1c99103edaf76aa05915458fd498e07b1241e272,1.0,True,True,True,True,False,a4b7da1a9f6e4efab7ccbc9ec3bb5e4235a82aef30ce64017895df05ab1c2b01,False
325,HMSO01R_A|PRIMARY|F4|8289d34ef953a6f182f5bbf0101c3a909aa131a7b4ef8051e96ed317d9d18138,F4,FOLD_1,HMSO01R_A|FIELD_LINEAGE|5d84595c43a38b585d7953f18ac50da686f8debb482b1cca6058cffe84d274b6,576,False,True,True,True,True,True,0.0,True,True,27376,27376,True,True,True,True,2.826594293138707e-16,,True,True,0.0,1.5872966917710237e-12,True,True,5.033959650546649e-05,PRIMARY_TOPOLOGY_CAST_FLOAT32_DIAGNOSTIC_ONLY,CONTINUUM_REFERENCE_MINUS_LAMBDA_1_BASE_SPH,True,0.1,2.842170943040401e-15,0.0,0.0,0.0,0.0,0.0,0.0,0.0,2.842170943040401e-15,0.0,True,0.0,25.13776870932189,7.144583579850487e-13,7.105427357601002e-15,0.0,2.398081733190338e-14,2.042810365310288e-14,2.398081733190338e-14,4.796163466380676e-14,0.0,7.935062373383599e-13,8.881784197001252e-16,True,3.168191092920034,0.01,2.842170943040401e-16,0.0,0.0,0.0,0.0,0.0,0.0,0.0,2.842170943040401e-16,0.0,True,0.0,25.13776870932189,7.144583579850487e-13,7.105427357601002e-15,0.0,2.398081733190338e-14,2.042810365310288e-14,2.398081733190338e-14,4.796163466380676e-14,0.0,7.935062373383599e-13,8.881784197001252e-16,True,3.168191092920034,H-MSO-01R-B,1c99103edaf76aa05915458fd498e07b1241e272,1.0,True,True,True,True,False,a4b7da1a9f6e4efab7ccbc9ec3bb5e4235a82aef30ce64017895df05ab1c2b01,False
326,HMSO01R_A|PRIMARY|F4|56b946dabb5968a6b21b25f90019cfff82607fbed847e03471c8231bd3620084,F4,FOLD_1,HMSO01R_A|FIELD_LINEAGE|3264ae7008b91adb6f4b677f3ecc13cbe5ab1143b7f33ef501525d095e0b618c,576,False,True,True,True,True,True,0.0,True,True,46656,46656,True,True,True,True,1.4210496254574193e-16,,True,True,0.0,3.870948806154586e-13,True,True,6.126089040936478e-06,PRIMARY_TOPOLOGY_CAST_FLOAT32_DIAGNOSTIC_ONLY,CONTINUUM_REFERENCE_MINUS_LAMBDA_1_BASE_SPH,True,0.1,2.842170943040401e-15,0.0,0.0,0.0,0.0,0.0,0.0,0.0,2.842170943040401e-15,0.0,True,0.0,6.250157656628149,1.7764016481090007e-13,8.881784197001252e-16,0.0,8.881784197001252e-15,8.770761894538737e-15,8.881784197001252e-15,5.995204332975845e-15,0.0,1.934053317605773e-13,0.0,True,0.7434425423378036,0.01,2.842170943040401e-16,0.0,0.0,0.0,0.0,0.0,0.0,0.0,2.842170943040401e-16,0.0,True,0.0,6.250157656628149,1.7764016481090007e-13,8.881784197001252e-16,0.0,8.881784197001252e-15,8.770761894538737e-15,8.881784197001252e-15,5.995204332975845e-15,0.0,1.934053317605773e-13,0.0,True,0.7434425423378036,H-MSO-01R-B,1c99103edaf76aa05915458fd498e07b1241e272,1.0,True,True,True,True,False,a4b7da1a9f6e4efab7ccbc9ec3bb5e4235a82aef30ce64017895df05ab1c2b01,False
327,HMSO01R_A|PRIMARY|F4|0bef625e78c23809d27376d709781637b1ca99c4bf76c5eedcc0ca7586ad0d28,F4,FOLD_4,HMSO01R_A|FIELD_LINEAGE|6359faeb0765247f7e12d6c9e8bbc8898fa74fca5c76c863a6009dffddbcb32e,576,False,True,True,True,True,True,8.881784197001252e-16,True,True,15562,15562,True,True,True,True,3.537748272409142e-16,,True,True,0.0,8.618251934443838e-15,True,True,2.5682765691925624e-06,PRIMARY_TOPOLOGY_CAST_FLOAT32_DIAGNOSTIC_ONLY,CONTINUUM_REFERENCE_MINUS_LAMBDA_1_BASE_SPH,True,1.7704049053828885,5.031793379495436e-14,4.440892098500626e-16,0.0,6.661338147750939e-16,4.440892098500626e-16,6.661338147750939e-16,1.3322676295501878e-15,0.0,5.27604244491297e-14,0.0,True,0.0581519693479001,0.01,2.842170943040401e-16,0.0,0.0,0.0,0.0,0.0,0.0,0.0,2.842170943040401e-16,0.0,True,0.0,0.11768322734588407,3.344758492456892e-15,4.163336342344337e-17,0.0,1.8735013540549517e-16,1.3877787807814457e-16,1.8735013540549517e-16,5.93275428784068e-16,0.0,4.167017420069899e-15,1.734723475976807e-18,True,0.015751869740691975,0.11768322734588407,3.344758492456892e-15,4.163336342344337e-17,0.0,1.8735013540549517e-16,1.3877787807814457e-16,1.8735013540549517e-16,5.93275428784068e-16,0.0,4.167017420069899e-15,1.734723475976807e-18,True,0.015751869740691975,H-MSO-01R-B,1c99103edaf76aa05915458fd498e07b1241e272,1.0,True,True,True,True,False,a4b7da1a9f6e4efab7ccbc9ec3bb5e4235a82aef30ce64017895df05ab1c2b01,False
328,HMSO01R_A|PRIMARY|F4|c02320354fd792272cea49a4547cc64bea66d0c42060ac90ccbf8fb91fe26cd1,F4,FOLD_5,HMSO01R_A|FIELD_LINEAGE|c9a10c50914a082104b6f42f933e2e8b35494d6ac1b464fc981b740edc26e9a6,576,False,True,True,True,True,True,0.0,True,True,28224,28224,True,True,True,True,2.8304872531867704e-16,,True,True,0.0,1.0634407147010243e-13,True,True,1.937299669574344e-06,PRIMARY_TOPOLOGY_CAST_FLOAT32_DIAGNOSTIC_ONLY,CONTINUUM_REFERENCE_MINUS_LAMBDA_1_BASE_SPH,True,0.1,2.842170943040401e-15,0.0,0.0,0.0,0.0,0.0,0.0,0.0,2.842170943040401e-15,0.0,True,0.0,1.5689496900227138,4.459223220074801e-14,4.440892098500626e-16,0.0,3.497202527569243e-15,2.55351295663786e-15,3.497202527569243e-15,4.496403249731884e-15,0.0,5.30299271878992e-14,0.0,True,0.0334643293094316,0.01,2.842170943040401e-16,0.0,0.0,0.0,0.0,0.0,0.0,0.0,2.842170943040401e-16,0.0,True,0.0,1.5689496900227138,4.459223220074801e-14,4.440892098500626e-16,0.0,3.497202527569243e-15,2.55351295663786e-15,3.497202527569243e-15,4.496403249731884e-15,0.0,5.30299271878992e-14,0.0,True,0.0334643293094316,H-MSO-01R-B,1c99103edaf76aa05915458fd498e07b1241e272,1.0,True,True,True,True,False,a4b7da1a9f6e4efab7ccbc9ec3bb5e4235a82aef30ce64017895df05ab1c2b01,False
329,HMSO01R_A|PRIMARY|F4|60d61a86c9c80d6addab5af159923a601fd7ed1edee92f2f4cbb301a86fb909a,F4,FOLD_1,HMSO01R_A|FIELD_LINEAGE|3264ae7008b91adb6f4b677f3ecc13cbe5ab1143b7f33ef501525d095e0b618c,576,False,True,True,True,True,True,0.0,True,True,27376,27376,True,True,True,True,1.4157838779195623e-16,,True,True,0.0,3.9241308329551244e-13,True,True,9.004308430315966e-06,PRIMARY_TOPOLOGY_CAST_FLOAT32_DIAGNOSTIC_ONLY,CONTINUUM_REFERENCE_MINUS_LAMBDA_1_BASE_SPH,True,0.1,2.842170943040401e-15,0.0,0.0,0.0,0.0,0.0,0.0,0.0,2.842170943040401e-15,0.0,True,0.0,6.2734039675975675,1.783008647066017e-13,8.881784197001252e-16,0.0,7.105427357601002e-15,6.661338147750939e-15,7.105427357601002e-15,9.769962616701378e-15,0.0,1.960644331006042e-13,1.1102230246251565e-16,True,0.6545628089510156,0.01,2.842170943040401e-16,0.0,0.0,0.0,0.0,0.0,0.0,0.0,2.842170943040401e-16,0.0,True,0.0,6.2734039675975675,1.783008647066017e-13,8.881784197001252e-16,0.0,7.105427357601002e-15,6.661338147750939e-15,7.105427357601002e-15,9.769962616701378e-15,0.0,1.960644331006042e-13,1.1102230246251565e-16,True,0.6545628089510156,H-MSO-01R-B,1c99103edaf76aa05915458fd498e07b1241e272,1.0,True,True,True,True,False,a4b7da1a9f6e4efab7ccbc9ec3bb5e4235a82aef30ce64017895df05ab1c2b01,False
330,HMSO01R_A|PRIMARY|F4|85b9e2bb526dacaa593ccb65df264a96a4d27bede934ce2ecb57f157e3bc9a19,F4,FOLD_3,HMSO01R_A|FIELD_LINEAGE|7a40ff07646995058d8981271562dfa4f2cc77b96f79dba59c7ae90f96586134,576,False,True,True,True,True,True,2.220446049250313e-16,True,True,46656,46656,True,True,True,True,3.195393925032062e-16,,True,True,0.0,1.0748998415373511e-14,True,True,1.0759263967263788e-06,PRIMARY_TOPOLOGY_CAST_FLOAT32_DIAGNOSTIC_ONLY,CONTINUUM_REFERENCE_MINUS_LAMBDA_1_BASE_SPH,True,0.921625973975211,2.619418563583653e-14,1.1102230246251565e-16,0.0,4.440892098500626e-16,3.3306690738754696e-16,4.440892098500626e-16,6.661338147750939e-16,0.0,2.7415430962924204e-14,0.0,True,0.22635334478514071,0.01,2.842170943040401e-16,0.0,0.0,0.0,0.0,0.0,0.0,0.0,2.842170943040401e-16,0.0,True,0.0,0.17372240335188358,4.937487669618678e-15,5.551115123125783e-17,0.0,8.326672684688674e-17,5.551115123125783e-17,8.326672684688674e-17,1.5612511283791264e-16,0.0,5.232390660534735e-15,0.0,True,0.02280891273707369,0.17372240335188358,4.937487669618678e-15,5.551115123125783e-17,0.0,8.326672684688674e-17,5.551115123125783e-17,8.326672684688674e-17,1.5612511283791264e-16,0.0,5.232390660534735e-15,0.0,True,0.02280891273707369,H-MSO-01R-B,1c99103edaf76aa05915458fd498e07b1241e272,1.0,True,True,True,True,False,a4b7da1a9f6e4efab7ccbc9ec3bb5e4235a82aef30ce64017895df05ab1c2b01,False
331,HMSO01R_A|PRIMARY|F4|c93564795c53c5b8f2acb7004944a5bf63ea14ebbf8f65a568b2a0b51ef1fb4d,F4,FOLD_5,HMSO01R_A|FIELD_LINEAGE|c9a10c50914a082104b6f42f933e2e8b35494d6ac1b464fc981b740edc26e9a6,576,False,True,True,True,True,True,0.0,True,True,27058,27058,True,True,True,True,2.8289493933118326e-16,,True,True,0.0,1.0728073191977281e-13,True,True,2.422049775338553e-06,PRIMARY_TOPOLOGY_CAST_FLOAT32_DIAGNOSTIC_ONLY,CONTINUUM_REFERENCE_MINUS_LAMBDA_1_BASE_SPH,True,0.1,2.842170943040401e-15,0.0,0.0,0.0,0.0,0.0,0.0,0.0,2.842170943040401e-15,0.0,True,0.0,1.5698025949137615,4.461647321573314e-14,4.440892098500626e-16,0.0,2.9976021664879227e-15,2.3869795029440866e-15,2.9976021664879227e-15,5.440092820663267e-15,0.0,5.349825741273439e-14,2.7755575615628914e-17,True,0.11682777452485554,0.01,2.842170943040401e-16,0.0,0.0,0.0,0.0,0.0,0.0,0.0,2.842170943040401e-16,0.0,True,0.0,1.5698025949137615,4.461647321573314e-14,4.440892098500626e-16,0.0,2.9976021664879227e-15,2.3869795029440866e-15,2.9976021664879227e-15,5.440092820663267e-15,0.0,5.349825741273439e-14,2.7755575615628914e-17,True,0.11682777452485554,H-MSO-01R-B,1c99103edaf76aa05915458fd498e07b1241e272,1.0,True,True,True,True,False,a4b7da1a9f6e4efab7ccbc9ec3bb5e4235a82aef30ce64017895df05ab1c2b01,False
332,HMSO01R_A|PRIMARY|F4|c97a86869fce5865992f34bd7205509a7db68ce38ef12dd68bb413852c722653,F4,FOLD_3,HMSO01R_A|FIELD_LINEAGE|7a40ff07646995058d8981271562dfa4f2cc77b96f79dba59c7ae90f96586134,576,False,True,True,True,True,True,3.3306690738754696e-16,True,True,15530,15530,True,True,True,True,4.757078672407973e-16,,True,True,0.0,1.1774382788384686e-14,True,True,2.1953644726291355e-06,PRIMARY_TOPOLOGY_CAST_FLOAT32_DIAGNOSTIC_ONLY,CONTINUUM_REFERENCE_MINUS_LAMBDA_1_BASE_SPH,True,0.9285975650149545,2.639233017063573e-14,1.1102230246251565e-16,0.0,4.440892098500626e-16,3.3306690738754696e-16,4.440892098500626e-16,6.661338147750939e-16,0.0,2.7613575497723403e-14,0.0,True,0.09906811939023305,0.01,2.842170943040401e-16,0.0,0.0,0.0,0.0,0.0,0.0,0.0,2.842170943040401e-16,0.0,True,0.0,0.175037523196433,4.97486562370662e-15,8.326672684688674e-17,0.0,9.71445146547012e-17,9.020562075079397e-17,9.71445146547012e-17,5.898059818321144e-16,0.0,5.745082847040323e-15,0.0,True,0.013307358525138164,0.175037523196433,4.97486562370662e-15,8.326672684688674e-17,0.0,9.71445146547012e-17,9.020562075079397e-17,9.71445146547012e-17,5.898059818321144e-16,0.0,5.745082847040323e-15,0.0,True,0.013307358525138164,H-MSO-01R-B,1c99103edaf76aa05915458fd498e07b1241e272,1.0,True,True,True,True,False,a4b7da1a9f6e4efab7ccbc9ec3bb5e4235a82aef30ce64017895df05ab1c2b01,False
333,HMSO01R_A|PRIMARY|F4|6eca32e2ed9db412095b6bb1621309c554428bd902055e55d93c3dbb255ef660,F4,FOLD_3,HMSO01R_A|FIELD_LINEAGE|7a40ff07646995058d8981271562dfa4f2cc77b96f79dba59c7ae90f96586134,576,False,True,True,True,True,True,2.220446049250313e-16,True,True,28224,28224,True,True,True,True,3.195393925032062e-16,,True,True,0.0,1.1047370853241522e-14,True,True,1.2945750957338298e-06,PRIMARY_TOPOLOGY_CAST_FLOAT32_DIAGNOSTIC_ONLY,CONTINUUM_REFERENCE_MINUS_LAMBDA_1_BASE_SPH,True,0.921625973975211,2.619418563583653e-14,1.1102230246251565e-16,0.0,5.551115123125783e-16,3.3306690738754696e-16,5.551115123125783e-16,4.440892098500626e-16,0.0,2.7304408660461688e-14,0.0,True,0.1554205832162618,0.01,2.842170943040401e-16,0.0,0.0,0.0,0.0,0.0,0.0,0.0,2.842170943040401e-16,0.0,True,0.0,0.17372240335188358,4.937487669618678e-15,5.551115123125783e-17,0.0,1.249000902703301e-16,8.326672684688674e-17,1.249000902703301e-16,2.636779683484747e-16,0.0,5.381576879468741e-15,0.0,True,0.015410357592818393,0.17372240335188358,4.937487669618678e-15,5.551115123125783e-17,0.0,1.249000902703301e-16,8.326672684688674e-17,1.249000902703301e-16,2.636779683484747e-16,0.0,5.381576879468741e-15,0.0,True,0.015410357592818393,H-MSO-01R-B,1c99103edaf76aa05915458fd498e07b1241e272,1.0,True,True,True,True,False,a4b7da1a9f6e4efab7ccbc9ec3bb5e4235a82aef30ce64017895df05ab1c2b01,False
334,HMSO01R_A|PRIMARY|F4|4d3ce164d8efe045e29b60ed83ff347cfa2fafe49965f090ff32a2e7acec3e50,F4,FOLD_4,HMSO01R_A|FIELD_LINEAGE|6359faeb0765247f7e12d6c9e8bbc8898fa74fca5c76c863a6009dffddbcb32e,576,False,True,True,True,True,True,1.1102230246251565e-15,True,True,27058,27058,True,True,True,True,3.7413944778408163e-16,,True,True,0.0,7.56718726656534e-15,True,True,2.6391623242361106e-06,PRIMARY_TOPOLOGY_CAST_FLOAT32_DIAGNOSTIC_ONLY,CONTINUUM_REFERENCE_MINUS_LAMBDA_1_BASE_SPH,True,1.7704049053828885,5.031793379495436e-14,4.440892098500626e-16,0.0,6.661338147750939e-16,8.881784197001252e-16,8.881784197001252e-16,8.881784197001252e-16,0.0,5.253837984420467e-14,0.0,True,0.07468878420077864,0.01,2.842170943040401e-16,0.0,0.0,0.0,0.0,0.0,0.0,0.0,2.842170943040401e-16,0.0,True,0.0,0.11127766310135322,3.1627014067610508e-15,4.163336342344337e-17,0.0,1.5612511283791264e-16,1.1796119636642288e-16,1.5612511283791264e-16,2.8102520310824275e-16,0.0,3.64148508613065e-15,1.734723475976807e-18,True,0.006675723779569789,0.11127766310135322,3.1627014067610508e-15,4.163336342344337e-17,0.0,1.5612511283791264e-16,1.1796119636642288e-16,1.5612511283791264e-16,2.8102520310824275e-16,0.0,3.64148508613065e-15,1.734723475976807e-18,True,0.006675723779569789,H-MSO-01R-B,1c99103edaf76aa05915458fd498e07b1241e272,1.0,True,True,True,True,False,a4b7da1a9f6e4efab7ccbc9ec3bb5e4235a82aef30ce64017895df05ab1c2b01,False
335,HMSO01R_A|PRIMARY|F4|f2c4fabe042f5b8aea1f288e25844f23d9a120de8e396a36c9ca1d2e6ccce438,F4,FOLD_4,HMSO01R_A|FIELD_LINEAGE|6359faeb0765247f7e12d6c9e8bbc8898fa74fca5c76c863a6009dffddbcb32e,576,False,True,True,True,True,True,1.1102230246251565e-15,True,True,27376,27376,True,True,True,True,3.6610402561683774e-16,,True,True,0.0,7.650509010981391e-15,True,True,2.2298720284141815e-06,PRIMARY_TOPOLOGY_CAST_FLOAT32_DIAGNOSTIC_ONLY,CONTINUUM_REFERENCE_MINUS_LAMBDA_1_BASE_SPH,True,1.7740807684951354,5.042240810823658e-14,4.440892098500626e-16,0.0,6.661338147750939e-16,6.661338147750939e-16,6.661338147750939e-16,8.881784197001252e-16,0.0,5.242080955256186e-14,0.0,True,0.07941142676941065,0.01,2.842170943040401e-16,0.0,0.0,0.0,0.0,0.0,0.0,0.0,2.842170943040401e-16,0.0,True,0.0,0.11372003723066568,3.2321178545847055e-15,4.163336342344337e-17,0.0,1.5959455978986625e-16,1.457167719820518e-16,1.5959455978986625e-16,2.498001805406602e-16,0.0,3.683145958338675e-15,3.469446951953614e-18,True,0.012327718437885441,0.11372003723066568,3.2321178545847055e-15,4.163336342344337e-17,0.0,1.5959455978986625e-16,1.457167719820518e-16,1.5959455978986625e-16,2.498001805406602e-16,0.0,3.683145958338675e-15,3.469446951953614e-18,True,0.012327718437885441,H-MSO-01R-B,1c99103edaf76aa05915458fd498e07b1241e272,1.0,True,True,True,True,False,a4b7da1a9f6e4efab7ccbc9ec3bb5e4235a82aef30ce64017895df05ab1c2b01,False
336,HMSO01R_A|PRIMARY|F4|9768d97a717e98019abe133a1abe111c5fca5e302e9f72f7322cf07b6ef97904,F4,FOLD_2,HMSO01R_A|FIELD_LINEAGE|8af782533dccfef4a682f44ff365b7014ae448a56bd62c92877bbd37640adb31,576,False,True,True,True,True,True,9.367506770274758e-17,True,True,15600,15600,True,True,True,True,4.501569536073902e-16,,True,True,0.0,3.2528424211833176e-15,True,True,8.766417331981802e-08,PRIMARY_TOPOLOGY_CAST_FLOAT32_DIAGNOSTIC_ONLY,CONTINUUM_REFERENCE_MINUS_LAMBDA_1_BASE_SPH,True,0.1,2.842170943040401e-15,0.0,0.0,1.1102230246251565e-16,8.326672684688674e-17,1.1102230246251565e-16,1.942890293094024e-16,0.0,3.147482274812319e-15,0.0,True,0.00578030643049715,0.01,2.842170943040401e-16,0.0,0.0,0.0,0.0,0.0,0.0,0.0,2.842170943040401e-16,0.0,True,0.0,0.046243163734125514,1.3143097627939117e-15,2.0816681711721685e-17,0.0,3.122502256758253e-17,2.42861286636753e-17,3.122502256758253e-17,1.1796119636642288e-16,0.0,1.4843126634396388e-15,1.734723475976807e-18,True,0.006148703264877834,0.046243163734125514,1.3143097627939117e-15,2.0816681711721685e-17,0.0,3.122502256758253e-17,2.42861286636753e-17,3.122502256758253e-17,1.1796119636642288e-16,0.0,1.4843126634396388e-15,1.734723475976807e-18,True,0.006148703264877834,H-MSO-01R-B,1c99103edaf76aa05915458fd498e07b1241e272,1.0,True,True,True,True,False,a4b7da1a9f6e4efab7ccbc9ec3bb5e4235a82aef30ce64017895df05ab1c2b01,False
337,HMSO01R_A|PRIMARY|F4|2c7351f1aa4e82a7579ba6807a834a23987ceda38177da350424d7892a8de9f8,F4,FOLD_4,HMSO01R_A|FIELD_LINEAGE|6359faeb0765247f7e12d6c9e8bbc8898fa74fca5c76c863a6009dffddbcb32e,576,False,True,True,True,True,True,1.5543122344752192e-15,True,True,43202,43202,True,True,True,True,3.7413944778408163e-16,,True,True,0.0,7.497798327526268e-15,True,True,2.5479870788824854e-06,PRIMARY_TOPOLOGY_CAST_FLOAT32_DIAGNOSTIC_ONLY,CONTINUUM_REFERENCE_MINUS_LAMBDA_1_BASE_SPH,True,1.7704049053828885,5.031793379495436e-14,4.440892098500626e-16,0.0,8.881784197001252e-16,8.881784197001252e-16,8.881784197001252e-16,6.661338147750939e-16,0.0,5.231633523927964e-14,0.0,True,0.11054697444804487,0.01,2.842170943040401e-16,0.0,0.0,0.0,0.0,0.0,0.0,0.0,2.842170943040401e-16,0.0,True,0.0,0.11127766310135322,3.1627014067610508e-15,4.163336342344337e-17,0.0,1.5265566588595902e-16,1.734723475976807e-16,1.734723475976807e-16,2.2898349882893854e-16,0.0,3.606790616611114e-15,0.0,True,0.0057996620894319,0.11127766310135322,3.1627014067610508e-15,4.163336342344337e-17,0.0,1.5265566588595902e-16,1.734723475976807e-16,1.734723475976807e-16,2.2898349882893854e-16,0.0,3.606790616611114e-15,0.0,True,0.0057996620894319,H-MSO-01R-B,1c99103edaf76aa05915458fd498e07b1241e272,1.0,True,True,True,True,False,a4b7da1a9f6e4efab7ccbc9ec3bb5e4235a82aef30ce64017895df05ab1c2b01,False
338,HMSO01R_A|PRIMARY|F4|9bbc1a27b5a28b8b1cbc9397ac21c221597c0b4297abbe6d2c46d9068ef63a3a,F4,FOLD_3,HMSO01R_A|FIELD_LINEAGE|7a40ff07646995058d8981271562dfa4f2cc77b96f79dba59c7ae90f96586134,576,False,True,True,True,True,True,2.220446049250313e-16,True,True,43814,43814,True,True,True,True,4.730184628790536e-16,,True,True,0.0,1.0956652571211712e-14,True,True,2.399605354724832e-06,PRIMARY_TOPOLOGY_CAST_FLOAT32_DIAGNOSTIC_ONLY,CONTINUUM_REFERENCE_MINUS_LAMBDA_1_BASE_SPH,True,0.9342417580726776,2.655274778569144e-14,1.1102230246251565e-16,0.0,5.551115123125783e-16,4.440892098500626e-16,5.551115123125783e-16,5.551115123125783e-16,0.0,2.7773993112779113e-14,0.0,True,0.2271780484584985,0.01,2.842170943040401e-16,0.0,0.0,0.0,0.0,0.0,0.0,0.0,2.842170943040401e-16,0.0,True,0.0,0.17603272045678536,5.003150831066289e-15,8.326672684688674e-17,0.0,1.249000902703301e-16,1.249000902703301e-16,1.249000902703301e-16,1.249000902703301e-16,0.0,5.336217738453836e-15,0.0,True,0.02292675672933466,0.17603272045678536,5.003150831066289e-15,8.326672684688674e-17,0.0,1.249000902703301e-16,1.249000902703301e-16,1.249000902703301e-16,1.249000902703301e-16,0.0,5.336217738453836e-15,0.0,True,0.02292675672933466,H-MSO-01R-B,1c99103edaf76aa05915458fd498e07b1241e272,1.0,True,True,True,True,False,a4b7da1a9f6e4efab7ccbc9ec3bb5e4235a82aef30ce64017895df05ab1c2b01,False
339,HMSO01R_A|PRIMARY|F4|a577084b300c5f034112e0aa6d4197f7bb336db3aebc017e187cc64ede052782,F4,FOLD_0,HMSO01R_A|FIELD_LINEAGE|06c31c418b756da4f49834b1270295e826a9807f080171a34a3e7c250369709c,576,False,True,True,True,True,True,0.0,True,True,16704,16704,True,True,True,True,1.4167418979816375e-16,,True,True,0.0,4.4990354165619666e-13,True,True,8.677616109675768e-06,PRIMARY_TOPOLOGY_CAST_FLOAT32_DIAGNOSTIC_ONLY,CONTINUUM_REFERENCE_MINUS_LAMBDA_1_BASE_SPH,True,0.1,2.842170943040401e-15,0.0,0.0,0.0,0.0,0.0,0.0,0.0,2.842170943040401e-15,0.0,True,0.0,6.2691618068574755,1.7818029524668974e-13,8.881784197001252e-16,0.0,1.199040866595169e-14,1.1823875212257917e-14,1.199040866595169e-14,3.375077994860476e-14,0.0,2.248096622809463e-13,0.0,True,0.2710068449550373,0.01,2.842170943040401e-16,0.0,0.0,0.0,0.0,0.0,0.0,0.0,2.842170943040401e-16,0.0,True,0.0,6.2691618068574755,1.7818029524668974e-13,8.881784197001252e-16,0.0,1.199040866595169e-14,1.1823875212257917e-14,1.199040866595169e-14,3.375077994860476e-14,0.0,2.248096622809463e-13,0.0,True,0.2710068449550373,H-MSO-01R-B,1c99103edaf76aa05915458fd498e07b1241e272,1.0,True,True,True,True,False,a4b7da1a9f6e4efab7ccbc9ec3bb5e4235a82aef30ce64017895df05ab1c2b01,False
340,HMSO01R_A|PRIMARY|F4|13c67e1ebb51f50250e869a5f3a557602950c66494025b2a470f6b48342a31ea,F4,FOLD_3,HMSO01R_A|FIELD_LINEAGE|7a40ff07646995058d8981271562dfa4f2cc77b96f79dba59c7ae90f96586134,576,False,True,True,True,True,True,2.220446049250313e-16,True,True,43218,43218,True,True,True,True,4.757078672407973e-16,,True,True,0.0,1.076130427841423e-14,True,True,2.263827750509373e-06,PRIMARY_TOPOLOGY_CAST_FLOAT32_DIAGNOSTIC_ONLY,CONTINUUM_REFERENCE_MINUS_LAMBDA_1_BASE_SPH,True,0.9285975650149545,2.639233017063573e-14,1.1102230246251565e-16,0.0,5.551115123125783e-16,4.440892098500626e-16,5.551115123125783e-16,4.440892098500626e-16,0.0,2.7502553195260887e-14,0.0,True,0.2261569572855493,0.01,2.842170943040401e-16,0.0,0.0,0.0,0.0,0.0,0.0,0.0,2.842170943040401e-16,0.0,True,0.0,0.175037523196433,4.97486562370662e-15,8.326672684688674e-17,0.0,8.326672684688674e-17,7.28583859910259e-17,8.326672684688674e-17,9.71445146547012e-17,0.0,5.238543592055095e-15,0.0,True,0.02307765487343214,0.175037523196433,4.97486562370662e-15,8.326672684688674e-17,0.0,8.326672684688674e-17,7.28583859910259e-17,8.326672684688674e-17,9.71445146547012e-17,0.0,5.238543592055095e-15,0.0,True,0.02307765487343214,H-MSO-01R-B,1c99103edaf76aa05915458fd498e07b1241e272,1.0,True,True,True,True,False,a4b7da1a9f6e4efab7ccbc9ec3bb5e4235a82aef30ce64017895df05ab1c2b01,False
341,HMSO01R_A|PRIMARY|F4|edab4679e82b888e2650cc858316bd212ed80b7e90262d2c10bbefda6974c3cb,F4,FOLD_0,HMSO01R_A|FIELD_LINEAGE|06c31c418b756da4f49834b1270295e826a9807f080171a34a3e7c250369709c,576,False,True,True,True,True,True,0.0,True,True,43202,43202,True,True,True,True,2.8297405281519643e-16,,True,True,0.0,4.064101146315265e-13,True,True,9.44679003955784e-06,PRIMARY_TOPOLOGY_CAST_FLOAT32_DIAGNOSTIC_ONLY,CONTINUUM_REFERENCE_MINUS_LAMBDA_1_BASE_SPH,True,0.1,2.842170943040401e-15,0.0,0.0,0.0,0.0,0.0,0.0,0.0,2.842170943040401e-15,0.0,True,0.0,6.277454846930247,1.7841599762193276e-13,1.7763568394002505e-15,0.0,1.021405182655144e-14,1.0436096431476471e-14,1.0436096431476471e-14,1.2434497875801753e-14,0.0,2.0306294876861123e-13,5.551115123125783e-17,True,0.5908560870486594,0.01,2.842170943040401e-16,0.0,0.0,0.0,0.0,0.0,0.0,0.0,2.842170943040401e-16,0.0,True,0.0,6.277454846930247,1.7841599762193276e-13,1.7763568394002505e-15,0.0,1.021405182655144e-14,1.0436096431476471e-14,1.0436096431476471e-14,1.2434497875801753e-14,0.0,2.0306294876861123e-13,5.551115123125783e-17,True,0.5908560870486594,H-MSO-01R-B,1c99103edaf76aa05915458fd498e07b1241e272,1.0,True,True,True,True,False,a4b7da1a9f6e4efab7ccbc9ec3bb5e4235a82aef30ce64017895df05ab1c2b01,False
342,HMSO01R_A|PRIMARY|F4|93f336d5095c9a841b2e50a3fed0819138ef2e6d7698442409f0d4608bb285e9,F4,FOLD_0,HMSO01R_A|FIELD_LINEAGE|06c31c418b756da4f49834b1270295e826a9807f080171a34a3e7c250369709c,576,False,True,True,True,True,True,0.0,True,True,15600,15600,True,True,True,True,1.8763506725039623e-16,,True,True,0.0,6.547769798907149e-13,True,True,1.203121560378051e-05,PRIMARY_TOPOLOGY_CAST_FLOAT32_DIAGNOSTIC_ONLY,CONTINUUM_REFERENCE_MINUS_LAMBDA_1_BASE_SPH,True,0.1,2.842170943040401e-15,0.0,0.0,0.0,0.0,0.0,0.0,0.0,2.842170943040401e-15,0.0,True,0.0,9.46708344783829,2.690706949078472e-13,1.7763568394002505e-15,0.0,1.4210854715202004e-14,1.3322676295501878e-14,1.4210854715202004e-14,4.218847493575595e-14,0.0,3.272463813982054e-13,4.440892098500626e-16,True,2.2261977961950716,0.01,2.842170943040401e-16,0.0,0.0,0.0,0.0,0.0,0.0,0.0,2.842170943040401e-16,0.0,True,0.0,9.46708344783829,2.690706949078472e-13,1.7763568394002505e-15,0.0,1.4210854715202004e-14,1.3322676295501878e-14,1.4210854715202004e-14,4.218847493575595e-14,0.0,3.272463813982054e-13,4.440892098500626e-16,True,2.2261977961950716,H-MSO-01R-B,1c99103edaf76aa05915458fd498e07b1241e272,1.0,True,True,True,True,False,a4b7da1a9f6e4efab7ccbc9ec3bb5e4235a82aef30ce64017895df05ab1c2b01,False
343,HMSO01R_A|PRIMARY|F4|3ecea2b0aa1bdaa68d2f1356e87b52064a96f8259663d3d03b044ceaf96f9cbc,F4,FOLD_1,HMSO01R_A|FIELD_LINEAGE|5d84595c43a38b585d7953f18ac50da686f8debb482b1cca6058cffe84d274b6,576,False,True,True,True,True,True,0.0,True,True,43814,43814,True,True,True,True,2.826594293138707e-16,,True,True,0.0,1.5642040528588205e-12,True,True,5.2822668232366254e-05,PRIMARY_TOPOLOGY_CAST_FLOAT32_DIAGNOSTIC_ONLY,CONTINUUM_REFERENCE_MINUS_LAMBDA_1_BASE_SPH,True,0.1,2.842170943040401e-15,0.0,0.0,0.0,0.0,0.0,0.0,0.0,2.842170943040401e-15,0.0,True,0.0,25.13776870932189,7.144583579850487e-13,7.105427357601002e-15,0.0,2.842170943040401e-14,2.5757174171303632e-14,2.842170943040401e-14,3.197442310920451e-14,0.0,7.819599178822582e-13,2.220446049250313e-16,True,4.079843339065653,0.01,2.842170943040401e-16,0.0,0.0,0.0,0.0,0.0,0.0,0.0,2.842170943040401e-16,0.0,True,0.0,25.13776870932189,7.144583579850487e-13,7.105427357601002e-15,0.0,2.842170943040401e-14,2.5757174171303632e-14,2.842170943040401e-14,3.197442310920451e-14,0.0,7.819599178822582e-13,2.220446049250313e-16,True,4.079843339065653,H-MSO-01R-B,1c99103edaf76aa05915458fd498e07b1241e272,1.0,True,True,True,True,False,a4b7da1a9f6e4efab7ccbc9ec3bb5e4235a82aef30ce64017895df05ab1c2b01,False
344,HMSO01R_A|PRIMARY|F4|b2269306cf2fc8a4591e8938af5813db53954684c008bd6a8cddd0d650dfaa59,F4,FOLD_0,HMSO01R_A|FIELD_LINEAGE|197d7ec024c0036b09ad028c746809cfe1ed712ccbb40eead96390c6dfdd817b,576,False,True,True,True,True,True,4.579669976578771e-16,True,True,27040,27040,True,True,True,True,4.717218452109444e-16,,True,True,0.0,1.1435184907935324e-14,True,True,3.5826359018331644e-07,PRIMARY_TOPOLOGY_CAST_FLOAT32_DIAGNOSTIC_ONLY,CONTINUUM_REFERENCE_MINUS_LAMBDA_1_BASE_SPH,True,0.1,2.842170943040401e-15,0.0,0.0,3.885780586188048e-16,4.440892098500626e-16,4.440892098500626e-16,5.551115123125783e-16,0.0,3.841371665203042e-15,0.0,True,0.007700439646992027,0.01,2.842170943040401e-16,0.0,0.0,0.0,0.0,0.0,0.0,0.0,2.842170943040401e-16,0.0,True,0.0,0.17651658004019627,5.01690294755111e-15,8.326672684688674e-17,0.0,1.942890293094024e-16,1.3877787807814457e-16,1.942890293094024e-16,2.8102520310824275e-16,0.0,5.575483906815642e-15,8.673617379884035e-19,True,0.011138482420672792,0.17651658004019627,5.01690294755111e-15,8.326672684688674e-17,0.0,1.942890293094024e-16,1.3877787807814457e-16,1.942890293094024e-16,2.8102520310824275e-16,0.0,5.575483906815642e-15,8.673617379884035e-19,True,0.011138482420672792,H-MSO-01R-B,1c99103edaf76aa05915458fd498e07b1241e272,1.0,True,True,True,True,False,a4b7da1a9f6e4efab7ccbc9ec3bb5e4235a82aef30ce64017895df05ab1c2b01,False
345,HMSO01R_A|PRIMARY|F4|add41ee9198075a3a19c4e02467ad427e3909e0b283ae14140a03b1ecf2a0f11,F4,FOLD_3,HMSO01R_A|FIELD_LINEAGE|7a40ff07646995058d8981271562dfa4f2cc77b96f79dba59c7ae90f96586134,576,False,True,True,True,True,True,2.220446049250313e-16,True,True,43202,43202,True,True,True,True,4.756856828226899e-16,,True,True,0.0,1.0810340558532301e-14,True,True,2.4606764150447713e-06,PRIMARY_TOPOLOGY_CAST_FLOAT32_DIAGNOSTIC_ONLY,CONTINUUM_REFERENCE_MINUS_LAMBDA_1_BASE_SPH,True,0.9286496760110245,2.6393811254224163e-14,1.1102230246251565e-16,0.0,6.661338147750939e-16,4.440892098500626e-16,6.661338147750939e-16,3.3306690738754696e-16,0.0,2.750403427884932e-14,0.0,True,0.22684942711117506,0.01,2.842170943040401e-16,0.0,0.0,0.0,0.0,0.0,0.0,0.0,2.842170943040401e-16,0.0,True,0.0,0.1750456863716962,4.97509763510198e-15,8.326672684688674e-17,0.0,9.367506770274758e-17,9.020562075079397e-17,9.367506770274758e-17,1.1102230246251565e-16,0.0,5.26306173211413e-15,0.0,True,0.02270538006406272,0.1750456863716962,4.97509763510198e-15,8.326672684688674e-17,0.0,9.367506770274758e-17,9.020562075079397e-17,9.367506770274758e-17,1.1102230246251565e-16,0.0,5.26306173211413e-15,0.0,True,0.02270538006406272,H-MSO-01R-B,1c99103edaf76aa05915458fd498e07b1241e272,1.0,True,True,True,True,False,a4b7da1a9f6e4efab7ccbc9ec3bb5e4235a82aef30ce64017895df05ab1c2b01,False
346,HMSO01R_A|PRIMARY|F4|5e95bd4803f822dd8674c13a449420695c5df56cd9393606e1f3b9a611de51f1,F4,FOLD_2,HMSO01R_A|FIELD_LINEAGE|8af782533dccfef4a682f44ff365b7014ae448a56bd62c92877bbd37640adb31,576,False,True,True,True,True,True,9.84455572616838e-17,True,True,43218,43218,True,True,True,True,4.025753159498953e-16,,True,True,0.0,2.9797735669519508e-15,True,True,7.696279180190863e-08,PRIMARY_TOPOLOGY_CAST_FLOAT32_DIAGNOSTIC_ONLY,CONTINUUM_REFERENCE_MINUS_LAMBDA_1_BASE_SPH,True,0.1,2.842170943040401e-15,0.0,0.0,1.249000902703301e-16,1.1102230246251565e-16,1.249000902703301e-16,1.249000902703301e-16,0.0,3.091971123581061e-15,0.0,True,0.001302222266517603,0.01,2.842170943040401e-16,0.0,0.0,0.0,0.0,0.0,0.0,0.0,2.842170943040401e-16,0.0,True,0.0,0.044124832522551796,1.2541031686212078e-15,1.3877787807814457e-17,0.0,2.7755575615628914e-17,2.7755575615628914e-17,2.7755575615628914e-17,5.204170427930421e-17,0.0,1.3477782363239554e-15,0.0,True,0.003629931369144659,0.044124832522551796,1.2541031686212078e-15,1.3877787807814457e-17,0.0,2.7755575615628914e-17,2.7755575615628914e-17,2.7755575615628914e-17,5.204170427930421e-17,0.0,1.3477782363239554e-15,0.0,True,0.003629931369144659,H-MSO-01R-B,1c99103edaf76aa05915458fd498e07b1241e272,1.0,True,True,True,True,False,a4b7da1a9f6e4efab7ccbc9ec3bb5e4235a82aef30ce64017895df05ab1c2b01,False
347,HMSO01R_A|PRIMARY|F4|24f4ce932c7a7827efac3d2f928c557f54e4049809f5e73fbf1b9f52867a1edd,F4,FOLD_1,HMSO01R_A|FIELD_LINEAGE|5d84595c43a38b585d7953f18ac50da686f8debb482b1cca6058cffe84d274b6,576,False,True,True,True,True,True,0.0,True,True,27040,27040,True,True,True,True,1.4132972854727172e-16,,True,True,0.0,1.5482167008657273e-12,True,True,5.214471645298424e-05,PRIMARY_TOPOLOGY_CAST_FLOAT32_DIAGNOSTIC_ONLY,CONTINUUM_REFERENCE_MINUS_LAMBDA_1_BASE_SPH,True,0.1,2.842170943040401e-15,0.0,0.0,0.0,0.0,0.0,0.0,0.0,2.842170943040401e-15,0.0,True,0.0,25.13776623870183,7.144582877658032e-13,3.552713678800501e-15,0.0,1.9984014443252818e-14,1.5987211554602254e-14,1.9984014443252818e-14,3.597122599785507e-14,0.0,7.739662418857116e-13,1.942890293094024e-16,True,2.972307704197971,0.01,2.842170943040401e-16,0.0,0.0,0.0,0.0,0.0,0.0,0.0,2.842170943040401e-16,0.0,True,0.0,25.13776623870183,7.144582877658032e-13,3.552713678800501e-15,0.0,1.9984014443252818e-14,1.5987211554602254e-14,1.9984014443252818e-14,3.597122599785507e-14,0.0,7.739662418857116e-13,1.942890293094024e-16,True,2.972307704197971,H-MSO-01R-B,1c99103edaf76aa05915458fd498e07b1241e272,1.0,True,True,True,True,False,a4b7da1a9f6e4efab7ccbc9ec3bb5e4235a82aef30ce64017895df05ab1c2b01,False
348,HMSO01R_A|PRIMARY|F4|18ac4d31edf7a505ad239621dfdf76d1766a2c67683ae1b62d6989cad714c2d7,F4,FOLD_0,HMSO01R_A|FIELD_LINEAGE|197d7ec024c0036b09ad028c746809cfe1ed712ccbb40eead96390c6dfdd817b,576,False,True,True,True,True,True,2.6237692574149207e-16,True,True,16704,16704,True,True,True,True,3.1653656809497727e-16,,True,True,0.0,1.194338041319626e-14,True,True,3.300925519311715e-07,PRIMARY_TOPOLOGY_CAST_FLOAT32_DIAGNOSTIC_ONLY,CONTINUUM_REFERENCE_MINUS_LAMBDA_1_BASE_SPH,True,0.1,2.842170943040401e-15,0.0,0.0,3.3306690738754696e-16,2.220446049250313e-16,3.3306690738754696e-16,6.661338147750939e-16,0.0,3.841371665203042e-15,0.0,True,0.00019554400258950676,0.01,2.842170943040401e-16,0.0,0.0,0.0,0.0,0.0,0.0,0.0,2.842170943040401e-16,0.0,True,0.0,0.17630157647818265,5.010792178785057e-15,5.551115123125783e-17,0.0,1.6653345369377348e-16,1.3183898417423734e-16,1.6653345369377348e-16,5.967448757360216e-16,0.0,5.82958165944611e-15,0.0,True,0.006951428078784499,0.17630157647818265,5.010792178785057e-15,5.551115123125783e-17,0.0,1.6653345369377348e-16,1.3183898417423734e-16,1.6653345369377348e-16,5.967448757360216e-16,0.0,5.82958165944611e-15,0.0,True,0.006951428078784499,H-MSO-01R-B,1c99103edaf76aa05915458fd498e07b1241e272,1.0,True,True,True,True,False,a4b7da1a9f6e4efab7ccbc9ec3bb5e4235a82aef30ce64017895df05ab1c2b01,False
349,HMSO01R_A|PRIMARY|F4|1cc6c0e80b8899df18a73353bf6f7ed7c04f29c45158e61ee28cb2624ac746fe,F4,FOLD_4,HMSO01R_A|FIELD_LINEAGE|6359faeb0765247f7e12d6c9e8bbc8898fa74fca5c76c863a6009dffddbcb32e,576,False,True,True,True,True,True,1.5543122344752192e-15,True,True,43218,43218,True,True,True,True,3.7417772918346616e-16,,True,True,0.0,7.504090081708895e-15,True,True,2.844368686250043e-06,PRIMARY_TOPOLOGY_CAST_FLOAT32_DIAGNOSTIC_ONLY,CONTINUUM_REFERENCE_MINUS_LAMBDA_1_BASE_SPH,True,1.7711548000474056,5.033924708321267e-14,4.440892098500626e-16,0.0,1.1102230246251565e-15,1.1102230246251565e-15,1.1102230246251565e-15,8.881784197001252e-16,0.0,5.2781737737388015e-14,0.0,True,0.11073283149378237,0.01,2.842170943040401e-16,0.0,0.0,0.0,0.0,0.0,0.0,0.0,2.842170943040401e-16,0.0,True,0.0,0.11126627849897976,3.1623778369004116e-15,4.163336342344337e-17,0.0,2.185751579730777e-16,1.5265566588595902e-16,2.185751579730777e-16,1.8735013540549517e-16,0.0,3.6099364937024274e-15,0.0,True,0.006243590276480053,0.11126627849897976,3.1623778369004116e-15,4.163336342344337e-17,0.0,2.185751579730777e-16,1.5265566588595902e-16,2.185751579730777e-16,1.8735013540549517e-16,0.0,3.6099364937024274e-15,0.0,True,0.006243590276480053,H-MSO-01R-B,1c99103edaf76aa05915458fd498e07b1241e272,1.0,True,True,True,True,False,a4b7da1a9f6e4efab7ccbc9ec3bb5e4235a82aef30ce64017895df05ab1c2b01,False
350,HMSO01R_A|PRIMARY|F4|d33d0be38e4684bb33437a9df95a1ae6cc0a7aebc3f0a71bfa4fa8cbc4555242,F4,FOLD_1,HMSO01R_A|FIELD_LINEAGE|5d84595c43a38b585d7953f18ac50da686f8debb482b1cca6058cffe84d274b6,576,False,True,True,True,True,True,0.0,True,True,28224,28224,True,True,True,True,1.4133044743974302e-16,,True,True,0.0,1.5428803620101875e-12,True,True,4.2596107970638286e-05,PRIMARY_TOPOLOGY_CAST_FLOAT32_DIAGNOSTIC_ONLY,CONTINUUM_REFERENCE_MINUS_LAMBDA_1_BASE_SPH,True,0.1,2.842170943040401e-15,0.0,0.0,0.0,0.0,0.0,0.0,0.0,2.842170943040401e-15,0.0,True,0.0,25.137638372759127,7.144546535971337e-13,3.552713678800501e-15,0.0,2.1316282072803006e-14,1.199040866595169e-14,2.1316282072803006e-14,3.197442310920451e-14,0.0,7.712980724579418e-13,0.0,True,2.7219227710821783,0.01,2.842170943040401e-16,0.0,0.0,0.0,0.0,0.0,0.0,0.0,2.842170943040401e-16,0.0,True,0.0,25.137638372759127,7.144546535971337e-13,3.552713678800501e-15,0.0,2.1316282072803006e-14,1.199040866595169e-14,2.1316282072803006e-14,3.197442310920451e-14,0.0,7.712980724579418e-13,0.0,True,2.7219227710821783,H-MSO-01R-B,1c99103edaf76aa05915458fd498e07b1241e272,1.0,True,True,True,True,False,a4b7da1a9f6e4efab7ccbc9ec3bb5e4235a82aef30ce64017895df05ab1c2b01,False
351,HMSO01R_A|PRIMARY|F4|5a2e3a505c133416c8dbb86a08170301d688109094d8674ee8080dc96049ad55,F4,FOLD_0,HMSO01R_A|FIELD_LINEAGE|06c31c418b756da4f49834b1270295e826a9807f080171a34a3e7c250369709c,576,False,True,True,True,True,True,0.0,True,True,27040,27040,True,True,True,True,1.4107262712651825e-16,,True,True,0.0,4.176723564954178e-13,True,True,1.0376740986695054e-05,PRIMARY_TOPOLOGY_CAST_FLOAT32_DIAGNOSTIC_ONLY,CONTINUUM_REFERENCE_MINUS_LAMBDA_1_BASE_SPH,True,0.1,2.842170943040401e-15,0.0,0.0,0.0,0.0,0.0,0.0,0.0,2.842170943040401e-15,0.0,True,0.0,6.295894801077034,1.789400926406027e-13,8.881784197001252e-16,0.0,9.992007221626409e-15,1.0658141036401503e-14,1.0658141036401503e-14,1.8207657603852567e-14,0.0,2.0869406970055689e-13,1.1102230246251565e-16,True,0.58778849985334,0.01,2.842170943040401e-16,0.0,0.0,0.0,0.0,0.0,0.0,0.0,2.842170943040401e-16,0.0,True,0.0,6.295894801077034,1.789400926406027e-13,8.881784197001252e-16,0.0,9.992007221626409e-15,1.0658141036401503e-14,1.0658141036401503e-14,1.8207657603852567e-14,0.0,2.0869406970055689e-13,1.1102230246251565e-16,True,0.58778849985334,H-MSO-01R-B,1c99103edaf76aa05915458fd498e07b1241e272,1.0,True,True,True,True,False,a4b7da1a9f6e4efab7ccbc9ec3bb5e4235a82aef30ce64017895df05ab1c2b01,False
352,HMSO01R_A|PRIMARY|F4|3b38bca5ba7eb3e076d691c07d5fefab92d9894c689c32264b3e80a8f629fae5,F4,FOLD_1,HMSO01R_A|FIELD_LINEAGE|3264ae7008b91adb6f4b677f3ecc13cbe5ab1143b7f33ef501525d095e0b618c,576,False,True,True,True,True,True,0.0,True,True,15530,15530,True,True,True,True,2.8356257905404e-16,,True,True,0.0,4.2543148959742614e-13,True,True,8.210145070464137e-06,PRIMARY_TOPOLOGY_CAST_FLOAT32_DIAGNOSTIC_ONLY,CONTINUUM_REFERENCE_MINUS_LAMBDA_1_BASE_SPH,True,0.1,2.842170943040401e-15,0.0,0.0,0.0,0.0,0.0,0.0,0.0,2.842170943040401e-15,0.0,True,0.0,6.264426164150951,1.7804570018571868e-13,1.7763568394002505e-15,0.0,5.995204332975845e-15,4.884981308350689e-15,5.995204332975845e-15,2.6756374893466273e-14,0.0,2.1257363625156105e-13,1.1102230246251565e-16,True,0.6637605327058508,0.01,2.842170943040401e-16,0.0,0.0,0.0,0.0,0.0,0.0,0.0,2.842170943040401e-16,0.0,True,0.0,6.264426164150951,1.7804570018571868e-13,1.7763568394002505e-15,0.0,5.995204332975845e-15,4.884981308350689e-15,5.995204332975845e-15,2.6756374893466273e-14,0.0,2.1257363625156105e-13,1.1102230246251565e-16,True,0.6637605327058508,H-MSO-01R-B,1c99103edaf76aa05915458fd498e07b1241e272,1.0,True,True,True,True,False,a4b7da1a9f6e4efab7ccbc9ec3bb5e4235a82aef30ce64017895df05ab1c2b01,False
353,HMSO01R_A|PRIMARY|F4|1453b091d0daa0c4e730c8e0c233a19b45a418a33d5d34531f6df7ff2203213a,F4,FOLD_1,HMSO01R_A|FIELD_LINEAGE|3264ae7008b91adb6f4b677f3ecc13cbe5ab1143b7f33ef501525d095e0b618c,576,False,True,True,True,True,True,0.0,True,True,27058,27058,True,True,True,True,1.4177308969788727e-16,,True,True,0.0,3.92145394365512e-13,True,True,7.948507455557419e-06,PRIMARY_TOPOLOGY_CAST_FLOAT32_DIAGNOSTIC_ONLY,CONTINUUM_REFERENCE_MINUS_LAMBDA_1_BASE_SPH,True,0.1,2.842170943040401e-15,0.0,0.0,0.0,0.0,0.0,0.0,0.0,2.842170943040401e-15,0.0,True,0.0,6.264788484138969,1.7805599793913897e-13,8.881784197001252e-16,0.0,4.9960036108132044e-15,3.9968028886505635e-15,4.9960036108132044e-15,1.199040866595169e-14,0.0,1.9593058863560399e-13,0.0,True,0.5471062714568758,0.01,2.842170943040401e-16,0.0,0.0,0.0,0.0,0.0,0.0,0.0,2.842170943040401e-16,0.0,True,0.0,6.264788484138969,1.7805599793913897e-13,8.881784197001252e-16,0.0,4.9960036108132044e-15,3.9968028886505635e-15,4.9960036108132044e-15,1.199040866595169e-14,0.0,1.9593058863560399e-13,0.0,True,0.5471062714568758,H-MSO-01R-B,1c99103edaf76aa05915458fd498e07b1241e272,1.0,True,True,True,True,False,a4b7da1a9f6e4efab7ccbc9ec3bb5e4235a82aef30ce64017895df05ab1c2b01,False
354,HMSO01R_A|PRIMARY|F4|2a57c8fd48f74b76db849058b1fbda9ce73e7c1e67e92c7bb77564c77611730e,F4,FOLD_1,HMSO01R_A|FIELD_LINEAGE|3264ae7008b91adb6f4b677f3ecc13cbe5ab1143b7f33ef501525d095e0b618c,576,False,True,True,True,True,True,0.0,True,True,43202,43202,True,True,True,True,1.4177308969788727e-16,,True,True,0.0,3.808211195143354e-13,True,True,7.943659230402744e-06,PRIMARY_TOPOLOGY_CAST_FLOAT32_DIAGNOSTIC_ONLY,CONTINUUM_REFERENCE_MINUS_LAMBDA_1_BASE_SPH,True,0.1,2.842170943040401e-15,0.0,0.0,0.0,0.0,0.0,0.0,0.0,2.842170943040401e-15,0.0,True,0.0,6.264788484138969,1.7805599793913897e-13,8.881784197001252e-16,0.0,5.773159728050814e-15,4.884981308350689e-15,5.773159728050814e-15,5.551115123125783e-15,0.0,1.902684512100157e-13,0.0,True,0.7523325815463012,0.01,2.842170943040401e-16,0.0,0.0,0.0,0.0,0.0,0.0,0.0,2.842170943040401e-16,0.0,True,0.0,6.264788484138969,1.7805599793913897e-13,8.881784197001252e-16,0.0,5.773159728050814e-15,4.884981308350689e-15,5.773159728050814e-15,5.551115123125783e-15,0.0,1.902684512100157e-13,0.0,True,0.7523325815463012,H-MSO-01R-B,1c99103edaf76aa05915458fd498e07b1241e272,1.0,True,True,True,True,False,a4b7da1a9f6e4efab7ccbc9ec3bb5e4235a82aef30ce64017895df05ab1c2b01,False
355,HMSO01R_A|PRIMARY|F4|9f56c3d5d44bf58a93d9ca6afd6c4e8f218ea1cdd2052a96a5e56647a1dfd799,F4,FOLD_2,HMSO01R_A|FIELD_LINEAGE|8af782533dccfef4a682f44ff365b7014ae448a56bd62c92877bbd37640adb31,576,False,True,True,True,True,True,1.0885389811754465e-16,True,True,27376,27376,True,True,True,True,4.716251136860087e-16,,True,True,0.0,3.0429832384751084e-15,True,True,9.443736797643335e-08,PRIMARY_TOPOLOGY_CAST_FLOAT32_DIAGNOSTIC_ONLY,CONTINUUM_REFERENCE_MINUS_LAMBDA_1_BASE_SPH,True,0.1,2.842170943040401e-15,0.0,0.0,1.1102230246251565e-16,9.71445146547012e-17,1.1102230246251565e-16,1.5265566588595902e-16,0.0,3.1058489113888756e-15,0.0,True,0.003675546973871809,0.01,2.842170943040401e-16,0.0,0.0,0.0,0.0,0.0,0.0,0.0,2.842170943040401e-16,0.0,True,0.0,0.04413819601129361,1.2544829818152041e-15,2.0816681711721685e-17,0.0,3.8163916471489756e-17,2.7755575615628914e-17,3.8163916471489756e-17,6.591949208711867e-17,0.0,1.3793830720855342e-15,4.336808689942018e-19,True,0.0034735188629161106,0.04413819601129361,1.2544829818152041e-15,2.0816681711721685e-17,0.0,3.8163916471489756e-17,2.7755575615628914e-17,3.8163916471489756e-17,6.591949208711867e-17,0.0,1.3793830720855342e-15,4.336808689942018e-19,True,0.0034735188629161106,H-MSO-01R-B,1c99103edaf76aa05915458fd498e07b1241e272,1.0,True,True,True,True,False,a4b7da1a9f6e4efab7ccbc9ec3bb5e4235a82aef30ce64017895df05ab1c2b01,False
356,HMSO01R_A|PRIMARY|F4|4af9d799645306b976781f74aaac033fc6a03925c4707f61d4dde7f0466e1248,F4,FOLD_1,HMSO01R_A|FIELD_LINEAGE|5d84595c43a38b585d7953f18ac50da686f8debb482b1cca6058cffe84d274b6,576,False,True,True,True,True,True,0.0,True,True,43218,43218,True,True,True,True,1.4132972854727172e-16,,True,True,0.0,1.5642039124203295e-12,True,True,4.137446391694333e-05,PRIMARY_TOPOLOGY_CAST_FLOAT32_DIAGNOSTIC_ONLY,CONTINUUM_REFERENCE_MINUS_LAMBDA_1_BASE_SPH,True,0.1,2.842170943040401e-15,0.0,0.0,0.0,0.0,0.0,0.0,0.0,2.842170943040401e-15,0.0,True,0.0,25.13776623870183,7.144582877658032e-13,3.552713678800501e-15,0.0,3.197442310920451e-14,1.9539925233402755e-14,3.197442310920451e-14,3.197442310920451e-14,0.0,7.819598476630128e-13,9.71445146547012e-17,True,4.177378496292568,0.01,2.842170943040401e-16,0.0,0.0,0.0,0.0,0.0,0.0,0.0,2.842170943040401e-16,0.0,True,0.0,25.13776623870183,7.144582877658032e-13,3.552713678800501e-15,0.0,3.197442310920451e-14,1.9539925233402755e-14,3.197442310920451e-14,3.197442310920451e-14,0.0,7.819598476630128e-13,9.71445146547012e-17,True,4.177378496292568,H-MSO-01R-B,1c99103edaf76aa05915458fd498e07b1241e272,1.0,True,True,True,True,False,a4b7da1a9f6e4efab7ccbc9ec3bb5e4235a82aef30ce64017895df05ab1c2b01,False
357,HMSO01R_A|PRIMARY|F4|70cefd0a326a1189e857a24bc47d3a308a01c71266a610d97da19fe3475449b3,F4,FOLD_0,HMSO01R_A|FIELD_LINEAGE|06c31c418b756da4f49834b1270295e826a9807f080171a34a3e7c250369709c,576,False,True,True,True,True,True,0.0,True,True,27376,27376,True,True,True,True,2.6606204762445075e-16,,True,True,0.0,4.552930968435692e-13,True,True,1.455253358895181e-05,PRIMARY_TOPOLOGY_CAST_FLOAT32_DIAGNOSTIC_ONLY,CONTINUUM_REFERENCE_MINUS_LAMBDA_1_BASE_SPH,True,0.1,2.842170943040401e-15,0.0,0.0,0.0,0.0,0.0,0.0,0.0,2.842170943040401e-15,0.0,True,0.0,6.67647586441038,1.8975685703737723e-13,1.7763568394002505e-15,0.0,9.992007221626409e-15,9.769962616701378e-15,9.992007221626409e-15,2.5979218776228663e-14,0.0,2.2750443987463256e-13,4.440892098500626e-16,True,0.9624824234468574,0.01,2.842170943040401e-16,0.0,0.0,0.0,0.0,0.0,0.0,0.0,2.842170943040401e-16,0.0,True,0.0,6.67647586441038,1.8975685703737723e-13,1.7763568394002505e-15,0.0,9.992007221626409e-15,9.769962616701378e-15,9.992007221626409e-15,2.5979218776228663e-14,0.0,2.2750443987463256e-13,4.440892098500626e-16,True,0.9624824234468574,H-MSO-01R-B,1c99103edaf76aa05915458fd498e07b1241e272,1.0,True,True,True,True,False,a4b7da1a9f6e4efab7ccbc9ec3bb5e4235a82aef30ce64017895df05ab1c2b01,False
358,HMSO01R_A|PRIMARY|F4|d12ba8221e83ef54db206896c0ccfc71b0d9e5c69260022a3f60f552de527261,F4,FOLD_5,HMSO01R_A|FIELD_LINEAGE|c9a10c50914a082104b6f42f933e2e8b35494d6ac1b464fc981b740edc26e9a6,576,False,True,True,True,True,True,0.0,True,True,15600,15600,True,True,True,True,2.0548198456066371e-16,,True,True,0.0,1.4933590466736451e-13,True,True,3.3547644013864897e-06,PRIMARY_TOPOLOGY_CAST_FLOAT32_DIAGNOSTIC_ONLY,CONTINUUM_REFERENCE_MINUS_LAMBDA_1_BASE_SPH,True,0.1,2.842170943040401e-15,0.0,0.0,0.0,0.0,0.0,0.0,0.0,2.842170943040401e-15,0.0,True,0.0,2.1612075180194483,6.142521209595339e-14,4.440892098500626e-16,0.0,2.9976021664879227e-15,3.219646771412954e-15,3.219646771412954e-15,9.43689570931383e-15,0.0,7.452584378653024e-14,1.1102230246251565e-16,True,0.5710673403776245,0.01,2.842170943040401e-16,0.0,0.0,0.0,0.0,0.0,0.0,0.0,2.842170943040401e-16,0.0,True,0.0,2.1612075180194483,6.142521209595339e-14,4.440892098500626e-16,0.0,2.9976021664879227e-15,3.219646771412954e-15,3.219646771412954e-15,9.43689570931383e-15,0.0,7.452584378653024e-14,1.1102230246251565e-16,True,0.5710673403776245,H-MSO-01R-B,1c99103edaf76aa05915458fd498e07b1241e272,1.0,True,True,True,True,False,a4b7da1a9f6e4efab7ccbc9ec3bb5e4235a82aef30ce64017895df05ab1c2b01,False
359,HMSO01R_A|PRIMARY|F4|6b8727c73995a66d16356a1d36b4933859c3b2fbc63ae62c24b1e21bc11073b5,F4,FOLD_3,HMSO01R_A|FIELD_LINEAGE|7a40ff07646995058d8981271562dfa4f2cc77b96f79dba59c7ae90f96586134,576,False,True,True,True,True,True,2.220446049250313e-16,True,True,15562,15562,True,True,True,True,4.756856828226899e-16,,True,True,0.0,1.1525046630634745e-14,True,True,2.4681992156216914e-06,PRIMARY_TOPOLOGY_CAST_FLOAT32_DIAGNOSTIC_ONLY,CONTINUUM_REFERENCE_MINUS_LAMBDA_1_BASE_SPH,True,0.9286496760110245,2.6393811254224163e-14,1.1102230246251565e-16,0.0,3.3306690738754696e-16,3.3306690738754696e-16,3.3306690738754696e-16,7.771561172376096e-16,0.0,2.7615056581311835e-14,0.0,True,0.09871409607934463,0.01,2.842170943040401e-16,0.0,0.0,0.0,0.0,0.0,0.0,0.0,2.842170943040401e-16,0.0,True,0.0,0.1750456863716962,4.97509763510198e-15,8.326672684688674e-17,0.0,1.249000902703301e-16,8.326672684688674e-17,1.249000902703301e-16,4.371503159461554e-16,0.0,5.6204147681653526e-15,0.0,True,0.01261141068533368,0.1750456863716962,4.97509763510198e-15,8.326672684688674e-17,0.0,1.249000902703301e-16,8.326672684688674e-17,1.249000902703301e-16,4.371503159461554e-16,0.0,5.6204147681653526e-15,0.0,True,0.01261141068533368,H-MSO-01R-B,1c99103edaf76aa05915458fd498e07b1241e272,1.0,True,True,True,True,False,a4b7da1a9f6e4efab7ccbc9ec3bb5e4235a82aef30ce64017895df05ab1c2b01,False
360,HMSO01R_A|PRIMARY|F4|743a01d4399472eed3d8ffd9c7a32e1f3a40e5b1780978943bf05c8e760eff58,F4,FOLD_0,HMSO01R_A|FIELD_LINEAGE|06c31c418b756da4f49834b1270295e826a9807f080171a34a3e7c250369709c,576,False,True,True,True,True,True,0.0,True,True,43814,43814,True,True,True,True,2.8275222547023333e-16,,True,True,0.0,4.12463219438599e-13,True,True,1.144540245856529e-05,PRIMARY_TOPOLOGY_CAST_FLOAT32_DIAGNOSTIC_ONLY,CONTINUUM_REFERENCE_MINUS_LAMBDA_1_BASE_SPH,True,0.1,2.842170943040401e-15,0.0,0.0,0.0,0.0,0.0,0.0,0.0,2.842170943040401e-15,0.0,True,0.0,6.282379692842616,1.785559701614436e-13,1.7763568394002505e-15,0.0,1.199040866595169e-14,1.0658141036401503e-14,1.199040866595169e-14,1.3766765505351941e-14,0.0,2.060895011721475e-13,1.1102230246251565e-16,True,0.7112990521638516,0.01,2.842170943040401e-16,0.0,0.0,0.0,0.0,0.0,0.0,0.0,2.842170943040401e-16,0.0,True,0.0,6.282379692842616,1.785559701614436e-13,1.7763568394002505e-15,0.0,1.199040866595169e-14,1.0658141036401503e-14,1.199040866595169e-14,1.3766765505351941e-14,0.0,2.060895011721475e-13,1.1102230246251565e-16,True,0.7112990521638516,H-MSO-01R-B,1c99103edaf76aa05915458fd498e07b1241e272,1.0,True,True,True,True,False,a4b7da1a9f6e4efab7ccbc9ec3bb5e4235a82aef30ce64017895df05ab1c2b01,False
361,HMSO01R_A|PRIMARY|F4|6f8b0062875af4febf1ed5a9e87719c1f1886be25e2bae8ee74787af55c5c1ab,F4,FOLD_3,HMSO01R_A|FIELD_LINEAGE|7a40ff07646995058d8981271562dfa4f2cc77b96f79dba59c7ae90f96586134,576,False,True,True,True,True,True,2.220446049250313e-16,True,True,16704,16704,True,True,True,True,3.195393925032062e-16,,True,True,0.0,1.1519215638707213e-14,True,True,1.3218231769696054e-06,PRIMARY_TOPOLOGY_CAST_FLOAT32_DIAGNOSTIC_ONLY,CONTINUUM_REFERENCE_MINUS_LAMBDA_1_BASE_SPH,True,0.921625973975211,2.619418563583653e-14,1.1102230246251565e-16,0.0,3.3306690738754696e-16,3.3306690738754696e-16,3.3306690738754696e-16,7.771561172376096e-16,0.0,2.7415430962924204e-14,0.0,True,0.09803914675361317,0.01,2.842170943040401e-16,0.0,0.0,0.0,0.0,0.0,0.0,0.0,2.842170943040401e-16,0.0,True,0.0,0.17372240335188358,4.937487669618678e-15,5.551115123125783e-17,0.0,1.249000902703301e-16,8.326672684688674e-17,1.249000902703301e-16,4.996003610813204e-16,0.0,5.6174992722015865e-15,0.0,True,0.010102954594872525,0.17372240335188358,4.937487669618678e-15,5.551115123125783e-17,0.0,1.249000902703301e-16,8.326672684688674e-17,1.249000902703301e-16,4.996003610813204e-16,0.0,5.6174992722015865e-15,0.0,True,0.010102954594872525,H-MSO-01R-B,1c99103edaf76aa05915458fd498e07b1241e272,1.0,True,True,True,True,False,a4b7da1a9f6e4efab7ccbc9ec3bb5e4235a82aef30ce64017895df05ab1c2b01,False
362,HMSO01R_A|PRIMARY|F4|8f1ab78a0a32c0cb988d7b4adfde67f10680eff0253d57272287f87269fe5ac7,F4,FOLD_1,HMSO01R_A|FIELD_LINEAGE|5d84595c43a38b585d7953f18ac50da686f8debb482b1cca6058cffe84d274b6,576,False,True,True,True,True,True,0.0,True,True,16704,16704,True,True,True,True,1.4133044743974302e-16,,True,True,0.0,1.6441327018560018e-12,True,True,3.904956471956211e-05,PRIMARY_TOPOLOGY_CAST_FLOAT32_DIAGNOSTIC_ONLY,CONTINUUM_REFERENCE_MINUS_LAMBDA_1_BASE_SPH,True,0.1,2.842170943040401e-15,0.0,0.0,0.0,0.0,0.0,0.0,0.0,2.842170943040401e-15,0.0,True,0.0,25.137638372759127,7.144546535971337e-13,3.552713678800501e-15,0.0,2.398081733190338e-14,1.9539925233402755e-14,2.398081733190338e-14,7.993605777301127e-14,0.0,8.219242423808489e-13,0.0,True,1.7720725654946012,0.01,2.842170943040401e-16,0.0,0.0,0.0,0.0,0.0,0.0,0.0,2.842170943040401e-16,0.0,True,0.0,25.137638372759127,7.144546535971337e-13,3.552713678800501e-15,0.0,2.398081733190338e-14,1.9539925233402755e-14,2.398081733190338e-14,7.993605777301127e-14,0.0,8.219242423808489e-13,0.0,True,1.7720725654946012,H-MSO-01R-B,1c99103edaf76aa05915458fd498e07b1241e272,1.0,True,True,True,True,False,a4b7da1a9f6e4efab7ccbc9ec3bb5e4235a82aef30ce64017895df05ab1c2b01,False
363,HMSO01R_A|PRIMARY|F4|194231f073caf06555d785c43dcc6f91eb5ef962fbd48ce1696e7a0febd8d169,F4,FOLD_5,HMSO01R_A|FIELD_LINEAGE|c9a10c50914a082104b6f42f933e2e8b35494d6ac1b464fc981b740edc26e9a6,576,False,True,True,True,True,True,0.0,True,True,15530,15530,True,True,True,True,2.5270449748759933e-16,,True,True,0.0,1.3304036708809552e-13,True,True,2.9908648088161627e-06,PRIMARY_TOPOLOGY_CAST_FLOAT32_DIAGNOSTIC_ONLY,CONTINUUM_REFERENCE_MINUS_LAMBDA_1_BASE_SPH,True,0.1,2.842170943040401e-15,0.0,0.0,0.0,0.0,0.0,0.0,0.0,2.842170943040401e-15,0.0,True,0.0,1.7573458892311755,4.994677423244342e-14,4.440892098500626e-16,0.0,2.9976021664879227e-15,2.3037127760972e-15,2.9976021664879227e-15,1.2989609388114332e-14,0.0,6.637807499689574e-14,5.551115123125783e-17,True,0.2885414200967354,0.01,2.842170943040401e-16,0.0,0.0,0.0,0.0,0.0,0.0,0.0,2.842170943040401e-16,0.0,True,0.0,1.7573458892311755,4.994677423244342e-14,4.440892098500626e-16,0.0,2.9976021664879227e-15,2.3037127760972e-15,2.9976021664879227e-15,1.2989609388114332e-14,0.0,6.637807499689574e-14,5.551115123125783e-17,True,0.2885414200967354,H-MSO-01R-B,1c99103edaf76aa05915458fd498e07b1241e272,1.0,True,True,True,True,False,a4b7da1a9f6e4efab7ccbc9ec3bb5e4235a82aef30ce64017895df05ab1c2b01,False
364,HMSO01R_A|PRIMARY|F4|4c5124e2fe9ab57f1899643d25ea08bef342b07b4f5a1b63411031808a84e6e5,F4,FOLD_2,HMSO01R_A|FIELD_LINEAGE|8af782533dccfef4a682f44ff365b7014ae448a56bd62c92877bbd37640adb31,576,False,True,True,True,True,True,1.3162214373974024e-16,True,True,43202,43202,True,True,True,True,3.1614478053077724e-16,,True,True,0.0,2.951862131508094e-15,True,True,7.890658586424959e-08,PRIMARY_TOPOLOGY_CAST_FLOAT32_DIAGNOSTIC_ONLY,CONTINUUM_REFERENCE_MINUS_LAMBDA_1_BASE_SPH,True,0.1,2.842170943040401e-15,0.0,0.0,1.249000902703301e-16,1.1102230246251565e-16,1.249000902703301e-16,9.71445146547012e-17,0.0,3.0642155479654322e-15,0.0,True,0.0013177515293719918,0.01,2.842170943040401e-16,0.0,0.0,0.0,0.0,0.0,0.0,0.0,2.842170943040401e-16,0.0,True,0.0,0.04412209060745676,1.254025238707094e-15,1.3877787807814457e-17,0.0,2.42861286636753e-17,2.0816681711721685e-17,2.42861286636753e-17,4.163336342344337e-17,0.0,1.333822518602027e-15,1.0842021724855044e-19,True,0.003822185381098154,0.04412209060745676,1.254025238707094e-15,1.3877787807814457e-17,0.0,2.42861286636753e-17,2.0816681711721685e-17,2.42861286636753e-17,4.163336342344337e-17,0.0,1.333822518602027e-15,1.0842021724855044e-19,True,0.003822185381098154,H-MSO-01R-B,1c99103edaf76aa05915458fd498e07b1241e272,1.0,True,True,True,True,False,a4b7da1a9f6e4efab7ccbc9ec3bb5e4235a82aef30ce64017895df05ab1c2b01,False
365,HMSO01R_A|PRIMARY|F4|86e0b5c66095d052b370f9153c1c0c79db91e1ce96e3bb2098471bfc1d51f52b,F4,FOLD_1,HMSO01R_A|FIELD_LINEAGE|3264ae7008b91adb6f4b677f3ecc13cbe5ab1143b7f33ef501525d095e0b618c,576,False,True,True,True,True,True,0.0,True,True,43218,43218,True,True,True,True,2.8356257905404e-16,,True,True,0.0,3.8657368373554566e-13,True,True,9.513731735966147e-06,PRIMARY_TOPOLOGY_CAST_FLOAT32_DIAGNOSTIC_ONLY,CONTINUUM_REFERENCE_MINUS_LAMBDA_1_BASE_SPH,True,0.1,2.842170943040401e-15,0.0,0.0,0.0,0.0,0.0,0.0,0.0,2.842170943040401e-15,0.0,True,0.0,6.264426164150951,1.7804570018571868e-13,1.7763568394002505e-15,0.0,7.549516567451064e-15,7.549516567451064e-15,7.549516567451064e-15,5.773159728050814e-15,0.0,1.931447333206208e-13,0.0,True,0.7546123997791484,0.01,2.842170943040401e-16,0.0,0.0,0.0,0.0,0.0,0.0,0.0,2.842170943040401e-16,0.0,True,0.0,6.264426164150951,1.7804570018571868e-13,1.7763568394002505e-15,0.0,7.549516567451064e-15,7.549516567451064e-15,7.549516567451064e-15,5.773159728050814e-15,0.0,1.931447333206208e-13,0.0,True,0.7546123997791484,H-MSO-01R-B,1c99103edaf76aa05915458fd498e07b1241e272,1.0,True,True,True,True,False,a4b7da1a9f6e4efab7ccbc9ec3bb5e4235a82aef30ce64017895df05ab1c2b01,False
366,HMSO01R_A|PRIMARY|F4|fb27fce189386d914da9e876fe6ee49add0c761025cf76dcac6ae5fb83112597,F4,FOLD_4,HMSO01R_A|FIELD_LINEAGE|6359faeb0765247f7e12d6c9e8bbc8898fa74fca5c76c863a6009dffddbcb32e,576,False,True,True,True,True,True,1.3322676295501878e-15,True,True,46656,46656,True,True,True,True,2.513435083615995e-16,,True,True,0.0,7.64941205933963e-15,True,True,2.0085274517467333e-06,PRIMARY_TOPOLOGY_CAST_FLOAT32_DIAGNOSTIC_ONLY,CONTINUUM_REFERENCE_MINUS_LAMBDA_1_BASE_SPH,True,1.7668616657135472,5.021722886663006e-14,4.440892098500626e-16,0.0,6.661338147750939e-16,8.881784197001252e-16,8.881784197001252e-16,1.3322676295501878e-15,0.0,5.288176412573043e-14,0.0,True,0.10981797570014547,0.01,2.842170943040401e-16,0.0,0.0,0.0,0.0,0.0,0.0,0.0,2.842170943040401e-16,0.0,True,0.0,0.11101519257830209,3.1552415458208454e-15,2.7755575615628914e-17,0.0,1.8735013540549517e-16,1.5785983631388945e-16,1.8735013540549517e-16,3.122502256758253e-16,0.0,3.682597482517795e-15,0.0,True,0.005050764995532033,0.11101519257830209,3.1552415458208454e-15,2.7755575615628914e-17,0.0,1.8735013540549517e-16,1.5785983631388945e-16,1.8735013540549517e-16,3.122502256758253e-16,0.0,3.682597482517795e-15,0.0,True,0.005050764995532033,H-MSO-01R-B,1c99103edaf76aa05915458fd498e07b1241e272,1.0,True,True,True,True,False,a4b7da1a9f6e4efab7ccbc9ec3bb5e4235a82aef30ce64017895df05ab1c2b01,False
367,HMSO01R_A|PRIMARY|F4|7786ab7ac7eee1e1201a9d4cd9bb75b985ca5b9bbe57ed362a6bae2ea6a67b5f,F4,FOLD_5,HMSO01R_A|FIELD_LINEAGE|c9a10c50914a082104b6f42f933e2e8b35494d6ac1b464fc981b740edc26e9a6,576,False,True,True,True,True,True,0.0,True,True,43218,43218,True,True,True,True,2.828943723541021e-16,,True,True,0.0,1.0239592945215017e-13,True,True,2.4693531552877346e-06,PRIMARY_TOPOLOGY_CAST_FLOAT32_DIAGNOSTIC_ONLY,CONTINUUM_REFERENCE_MINUS_LAMBDA_1_BASE_SPH,True,0.1,2.842170943040401e-15,0.0,0.0,0.0,0.0,0.0,0.0,0.0,2.842170943040401e-15,0.0,True,0.0,1.5698057411131217,4.461656263609716e-14,4.440892098500626e-16,0.0,2.9976021664879227e-15,2.609024107869118e-15,2.9976021664879227e-15,2.9976021664879227e-15,0.0,5.105585617892307e-14,0.0,True,0.07827135253915393,0.01,2.842170943040401e-16,0.0,0.0,0.0,0.0,0.0,0.0,0.0,2.842170943040401e-16,0.0,True,0.0,1.5698057411131217,4.461656263609716e-14,4.440892098500626e-16,0.0,2.9976021664879227e-15,2.609024107869118e-15,2.9976021664879227e-15,2.9976021664879227e-15,0.0,5.105585617892307e-14,0.0,True,0.07827135253915393,H-MSO-01R-B,1c99103edaf76aa05915458fd498e07b1241e272,1.0,True,True,True,True,False,a4b7da1a9f6e4efab7ccbc9ec3bb5e4235a82aef30ce64017895df05ab1c2b01,False
368,HMSO01R_A|PRIMARY|F4|30baa6e6806879515a78f1c62d05bccaab3249b592d8f3bd12ff03c066c53410,F4,FOLD_0,HMSO01R_A|FIELD_LINEAGE|197d7ec024c0036b09ad028c746809cfe1ed712ccbb40eead96390c6dfdd817b,576,False,True,True,True,True,True,3.122502256758253e-16,True,True,15600,15600,True,True,True,True,3.9446979838608295e-16,,True,True,0.0,1.192485229004408e-14,True,True,3.6097526968925653e-07,PRIMARY_TOPOLOGY_CAST_FLOAT32_DIAGNOSTIC_ONLY,CONTINUUM_REFERENCE_MINUS_LAMBDA_1_BASE_SPH,True,0.1,2.842170943040401e-15,0.0,0.0,3.885780586188048e-16,3.3306690738754696e-16,3.885780586188048e-16,9.992007221626409e-16,0.0,4.2299497238218466e-15,0.0,True,0.02489944706869073,0.01,2.842170943040401e-16,0.0,0.0,0.0,0.0,0.0,0.0,0.0,2.842170943040401e-16,0.0,True,0.0,0.18012601691363564,5.11948931357539e-15,5.551115123125783e-17,0.0,1.8735013540549517e-16,1.5265566588595902e-16,1.8735013540549517e-16,4.579669976578771e-16,0.0,5.82031759787002e-15,3.469446951953614e-18,True,0.02484302036809228,0.18012601691363564,5.11948931357539e-15,5.551115123125783e-17,0.0,1.8735013540549517e-16,1.5265566588595902e-16,1.8735013540549517e-16,4.579669976578771e-16,0.0,5.82031759787002e-15,3.469446951953614e-18,True,0.02484302036809228,H-MSO-01R-B,1c99103edaf76aa05915458fd498e07b1241e272,1.0,True,True,True,True,False,a4b7da1a9f6e4efab7ccbc9ec3bb5e4235a82aef30ce64017895df05ab1c2b01,False
369,HMSO01R_A|PRIMARY|F4|b6277718874b120da231461abacc7a7da2022f32e5d8dca303cccaa91f4b4e42,F4,FOLD_5,HMSO01R_A|FIELD_LINEAGE|c9a10c50914a082104b6f42f933e2e8b35494d6ac1b464fc981b740edc26e9a6,576,False,True,True,True,True,True,0.0,True,True,43202,43202,True,True,True,True,2.8289493933118326e-16,,True,True,0.0,1.0239575061142212e-13,True,True,1.9483594750902e-06,PRIMARY_TOPOLOGY_CAST_FLOAT32_DIAGNOSTIC_ONLY,CONTINUUM_REFERENCE_MINUS_LAMBDA_1_BASE_SPH,True,0.1,2.842170943040401e-15,0.0,0.0,0.0,0.0,0.0,0.0,0.0,2.842170943040401e-15,0.0,True,0.0,1.5698025949137615,4.461647321573314e-14,4.440892098500626e-16,0.0,2.55351295663786e-15,2.3592239273284576e-15,2.55351295663786e-15,3.4416913763379853e-15,0.0,5.1055766758559045e-14,0.0,True,0.0754803575496479,0.01,2.842170943040401e-16,0.0,0.0,0.0,0.0,0.0,0.0,0.0,2.842170943040401e-16,0.0,True,0.0,1.5698025949137615,4.461647321573314e-14,4.440892098500626e-16,0.0,2.55351295663786e-15,2.3592239273284576e-15,2.55351295663786e-15,3.4416913763379853e-15,0.0,5.1055766758559045e-14,0.0,True,0.0754803575496479,H-MSO-01R-B,1c99103edaf76aa05915458fd498e07b1241e272,1.0,True,True,True,True,False,a4b7da1a9f6e4efab7ccbc9ec3bb5e4235a82aef30ce64017895df05ab1c2b01,False
370,HMSO01R_A|PRIMARY|F4|522b8141f1cd2e67d095769af78530d3f17997c9669d7c69d1e60899303311c6,F4,FOLD_4,HMSO01R_A|FIELD_LINEAGE|6359faeb0765247f7e12d6c9e8bbc8898fa74fca5c76c863a6009dffddbcb32e,576,False,True,True,True,True,True,1.1102230246251565e-15,True,True,27040,27040,True,True,True,True,3.7417772918346616e-16,,True,True,0.0,7.580417914651875e-15,True,True,2.8555741355129616e-06,PRIMARY_TOPOLOGY_CAST_FLOAT32_DIAGNOSTIC_ONLY,CONTINUUM_REFERENCE_MINUS_LAMBDA_1_BASE_SPH,True,1.7711548000474056,5.033924708321267e-14,4.440892098500626e-16,0.0,8.881784197001252e-16,8.881784197001252e-16,8.881784197001252e-16,1.3322676295501878e-15,0.0,5.3003782342313046e-14,0.0,True,0.07469638540524921,0.01,2.842170943040401e-16,0.0,0.0,0.0,0.0,0.0,0.0,0.0,2.842170943040401e-16,0.0,True,0.0,0.11126627849897976,3.1623778369004116e-15,4.163336342344337e-17,0.0,1.6653345369377348e-16,1.3877787807814457e-16,1.6653345369377348e-16,2.7755575615628914e-16,0.0,3.648100410173917e-15,0.0,True,0.007319469320307288,0.11126627849897976,3.1623778369004116e-15,4.163336342344337e-17,0.0,1.6653345369377348e-16,1.3877787807814457e-16,1.6653345369377348e-16,2.7755575615628914e-16,0.0,3.648100410173917e-15,0.0,True,0.007319469320307288,H-MSO-01R-B,1c99103edaf76aa05915458fd498e07b1241e272,1.0,True,True,True,True,False,a4b7da1a9f6e4efab7ccbc9ec3bb5e4235a82aef30ce64017895df05ab1c2b01,False
371,HMSO01R_A|PRIMARY|F4|d0223a5116363bdb9fdbe576b917d428be2afd61c42aa978a1b394059de4a4d3,F4,FOLD_3,HMSO01R_A|FIELD_LINEAGE|7a40ff07646995058d8981271562dfa4f2cc77b96f79dba59c7ae90f96586134,576,False,True,True,True,True,True,2.220446049250313e-16,True,True,27376,27376,True,True,True,True,4.730184628790536e-16,,True,True,0.0,1.1067674873674228e-14,True,True,2.3658150209993067e-06,PRIMARY_TOPOLOGY_CAST_FLOAT32_DIAGNOSTIC_ONLY,CONTINUUM_REFERENCE_MINUS_LAMBDA_1_BASE_SPH,True,0.9342417580726776,2.655274778569144e-14,1.1102230246251565e-16,0.0,5.551115123125783e-16,5.551115123125783e-16,5.551115123125783e-16,4.440892098500626e-16,0.0,2.7662970810316597e-14,0.0,True,0.1569687083036283,0.01,2.842170943040401e-16,0.0,0.0,0.0,0.0,0.0,0.0,0.0,2.842170943040401e-16,0.0,True,0.0,0.17603272045678536,5.003150831066289e-15,8.326672684688674e-17,0.0,1.3877787807814457e-16,1.249000902703301e-16,1.3877787807814457e-16,1.6653345369377348e-16,0.0,5.391728889685094e-15,0.0,True,0.016554693815340398,0.17603272045678536,5.003150831066289e-15,8.326672684688674e-17,0.0,1.3877787807814457e-16,1.249000902703301e-16,1.3877787807814457e-16,1.6653345369377348e-16,0.0,5.391728889685094e-15,0.0,True,0.016554693815340398,H-MSO-01R-B,1c99103edaf76aa05915458fd498e07b1241e272,1.0,True,True,True,True,False,a4b7da1a9f6e4efab7ccbc9ec3bb5e4235a82aef30ce64017895df05ab1c2b01,False
372,HMSO01R_A|PRIMARY|F4|06d3cb26de6443a1c4252d88b37fa2f0dcf1c3ed1a44f9c013bc3024e09538bf,F4,FOLD_2,HMSO01R_A|FIELD_LINEAGE|8af782533dccfef4a682f44ff365b7014ae448a56bd62c92877bbd37640adb31,576,False,True,True,True,True,True,7.492006418464286e-17,True,True,28224,28224,True,True,True,True,3.1653656809497727e-16,,True,True,0.0,3.0428828111891823e-15,True,True,7.35484150882551e-08,PRIMARY_TOPOLOGY_CAST_FLOAT32_DIAGNOSTIC_ONLY,CONTINUUM_REFERENCE_MINUS_LAMBDA_1_BASE_SPH,True,0.1,2.842170943040401e-15,0.0,0.0,6.938893903907228e-17,6.938893903907228e-17,6.938893903907228e-17,1.3877787807814457e-16,0.0,3.0503377601576178e-15,0.0,True,1.7746709780012707e-06,0.01,2.842170943040401e-16,0.0,0.0,0.0,0.0,0.0,0.0,0.0,2.842170943040401e-16,0.0,True,0.0,0.04407539411954566,1.2526980446962643e-15,1.3877787807814457e-17,0.0,2.42861286636753e-17,2.949029909160572e-17,2.949029909160572e-17,8.326672684688674e-17,0.0,1.3793328584425712e-15,0.0,True,0.002493752829136326,0.04407539411954566,1.2526980446962643e-15,1.3877787807814457e-17,0.0,2.42861286636753e-17,2.949029909160572e-17,2.949029909160572e-17,8.326672684688674e-17,0.0,1.3793328584425712e-15,0.0,True,0.002493752829136326,H-MSO-01R-B,1c99103edaf76aa05915458fd498e07b1241e272,1.0,True,True,True,True,False,a4b7da1a9f6e4efab7ccbc9ec3bb5e4235a82aef30ce64017895df05ab1c2b01,False
373,HMSO01R_A|PRIMARY|F4|faa348e08c7229666370404a73443dac623fabd23619b19b7c9c6da56881b0a4,F4,FOLD_1,HMSO01R_A|FIELD_LINEAGE|3264ae7008b91adb6f4b677f3ecc13cbe5ab1143b7f33ef501525d095e0b618c,576,False,True,True,True,True,True,0.0,True,True,16704,16704,True,True,True,True,1.4210496254574193e-16,,True,True,0.0,4.0130573533066063e-13,True,True,5.7264977506577e-06,PRIMARY_TOPOLOGY_CAST_FLOAT32_DIAGNOSTIC_ONLY,CONTINUUM_REFERENCE_MINUS_LAMBDA_1_BASE_SPH,True,0.1,2.842170943040401e-15,0.0,0.0,0.0,0.0,0.0,0.0,0.0,2.842170943040401e-15,0.0,True,0.0,6.250157656628149,1.7764016481090007e-13,8.881784197001252e-16,0.0,5.995204332975845e-15,5.329070518200751e-15,5.995204332975845e-15,1.5987211554602254e-14,0.0,2.005107591181783e-13,0.0,True,0.3247454041972305,0.01,2.842170943040401e-16,0.0,0.0,0.0,0.0,0.0,0.0,0.0,2.842170943040401e-16,0.0,True,0.0,6.250157656628149,1.7764016481090007e-13,8.881784197001252e-16,0.0,5.995204332975845e-15,5.329070518200751e-15,5.995204332975845e-15,1.5987211554602254e-14,0.0,2.005107591181783e-13,0.0,True,0.3247454041972305,H-MSO-01R-B,1c99103edaf76aa05915458fd498e07b1241e272,1.0,True,True,True,True,False,a4b7da1a9f6e4efab7ccbc9ec3bb5e4235a82aef30ce64017895df05ab1c2b01,False
374,HMSO01R_A|PRIMARY|F4|f86320eb94ec3a1d1974e1cdd67f129ee26e2cc2003115ec42fd58bccce3aec1,F4,FOLD_0,HMSO01R_A|FIELD_LINEAGE|197d7ec024c0036b09ad028c746809cfe1ed712ccbb40eead96390c6dfdd817b,576,False,True,True,True,True,True,3.712308238590367e-16,True,True,15530,15530,True,True,True,True,4.717218452109444e-16,,True,True,0.0,1.2316424433731542e-14,True,True,3.640385356704079e-07,PRIMARY_TOPOLOGY_CAST_FLOAT32_DIAGNOSTIC_ONLY,CONTINUUM_REFERENCE_MINUS_LAMBDA_1_BASE_SPH,True,0.1,2.842170943040401e-15,0.0,0.0,3.3306690738754696e-16,3.3306690738754696e-16,3.3306690738754696e-16,7.771561172376096e-16,0.0,3.9523939676655574e-15,0.0,True,0.01140832708797156,0.01,2.842170943040401e-16,0.0,0.0,0.0,0.0,0.0,0.0,0.0,2.842170943040401e-16,0.0,True,0.0,0.17651658004019627,5.01690294755111e-15,8.326672684688674e-17,0.0,2.220446049250313e-16,1.249000902703301e-16,2.220446049250313e-16,6.938893903907228e-16,0.0,6.016103669713751e-15,1.734723475976807e-18,True,0.013288894586888512,0.17651658004019627,5.01690294755111e-15,8.326672684688674e-17,0.0,2.220446049250313e-16,1.249000902703301e-16,2.220446049250313e-16,6.938893903907228e-16,0.0,6.016103669713751e-15,1.734723475976807e-18,True,0.013288894586888512,H-MSO-01R-B,1c99103edaf76aa05915458fd498e07b1241e272,1.0,True,True,True,True,False,a4b7da1a9f6e4efab7ccbc9ec3bb5e4235a82aef30ce64017895df05ab1c2b01,False
375,HMSO01R_A|PRIMARY|F4|c5dc5e67fe205445cd7e9fb69403cd2d5347418c0d908c36d223c6bb99c2c9c9,F4,FOLD_2,HMSO01R_A|FIELD_LINEAGE|8af782533dccfef4a682f44ff365b7014ae448a56bd62c92877bbd37640adb31,576,False,True,True,True,True,True,9.280770596475918e-17,True,True,27058,27058,True,True,True,True,3.1614478053077724e-16,,True,True,0.0,3.0542108165907256e-15,True,True,8.228286908253113e-08,PRIMARY_TOPOLOGY_CAST_FLOAT32_DIAGNOSTIC_ONLY,CONTINUUM_REFERENCE_MINUS_LAMBDA_1_BASE_SPH,True,0.1,2.842170943040401e-15,0.0,0.0,1.1102230246251565e-16,8.326672684688674e-17,1.1102230246251565e-16,1.249000902703301e-16,0.0,3.0780933357732467e-15,0.0,True,0.0021625826584458687,0.01,2.842170943040401e-16,0.0,0.0,0.0,0.0,0.0,0.0,0.0,2.842170943040401e-16,0.0,True,0.0,0.04412209060745676,1.254025238707094e-15,1.3877787807814457e-17,0.0,4.683753385137379e-17,2.992397996059992e-17,4.683753385137379e-17,7.025630077706069e-17,0.0,1.3849968611433428e-15,1.0842021724855044e-19,True,0.0028220442692053695,0.04412209060745676,1.254025238707094e-15,1.3877787807814457e-17,0.0,4.683753385137379e-17,2.992397996059992e-17,4.683753385137379e-17,7.025630077706069e-17,0.0,1.3849968611433428e-15,1.0842021724855044e-19,True,0.0028220442692053695,H-MSO-01R-B,1c99103edaf76aa05915458fd498e07b1241e272,1.0,True,True,True,True,False,a4b7da1a9f6e4efab7ccbc9ec3bb5e4235a82aef30ce64017895df05ab1c2b01,False
376,HMSO01R_A|PRIMARY|F4|1205342c8d88b237751559327d73d7a9501b4185f18f551c322b8c45740a2a59,F4,FOLD_0,HMSO01R_A|FIELD_LINEAGE|06c31c418b756da4f49834b1270295e826a9807f080171a34a3e7c250369709c,576,False,True,True,True,True,True,0.0,True,True,27058,27058,True,True,True,True,2.8297405281519643e-16,,True,True,0.0,4.2728230749447944e-13,True,True,1.091704433986429e-05,PRIMARY_TOPOLOGY_CAST_FLOAT32_DIAGNOSTIC_ONLY,CONTINUUM_REFERENCE_MINUS_LAMBDA_1_BASE_SPH,True,0.1,2.842170943040401e-15,0.0,0.0,0.0,0.0,0.0,0.0,0.0,2.842170943040401e-15,0.0,True,0.0,6.277454846930247,1.7841599762193276e-13,1.7763568394002505e-15,0.0,1.021405182655144e-14,9.769962616701378e-15,1.021405182655144e-14,2.3092638912203256e-14,0.0,2.134990452000877e-13,5.551115123125783e-17,True,0.577744205381837,0.01,2.842170943040401e-16,0.0,0.0,0.0,0.0,0.0,0.0,0.0,2.842170943040401e-16,0.0,True,0.0,6.277454846930247,1.7841599762193276e-13,1.7763568394002505e-15,0.0,1.021405182655144e-14,9.769962616701378e-15,1.021405182655144e-14,2.3092638912203256e-14,0.0,2.134990452000877e-13,5.551115123125783e-17,True,0.577744205381837,H-MSO-01R-B,1c99103edaf76aa05915458fd498e07b1241e272,1.0,True,True,True,True,False,a4b7da1a9f6e4efab7ccbc9ec3bb5e4235a82aef30ce64017895df05ab1c2b01,False
377,HMSO01R_A|PRIMARY|F4|acc5fc686f98699095bf8bb584f0cbcd98f5ff8d323f5f6a8f2f6a0a6f56d8fd,F4,FOLD_0,HMSO01R_A|FIELD_LINEAGE|197d7ec024c0036b09ad028c746809cfe1ed712ccbb40eead96390c6dfdd817b,576,False,True,True,True,True,True,4.152494320619482e-16,True,True,43218,43218,True,True,True,True,4.717218452109444e-16,,True,True,0.0,1.1150690257875128e-14,True,True,3.4159875409583984e-07,PRIMARY_TOPOLOGY_CAST_FLOAT32_DIAGNOSTIC_ONLY,CONTINUUM_REFERENCE_MINUS_LAMBDA_1_BASE_SPH,True,0.1,2.842170943040401e-15,0.0,0.0,5.551115123125783e-16,3.3306690738754696e-16,5.551115123125783e-16,4.440892098500626e-16,0.0,3.841371665203042e-15,0.0,True,0.00540336654358421,0.01,2.842170943040401e-16,0.0,0.0,0.0,0.0,0.0,0.0,0.0,2.842170943040401e-16,0.0,True,0.0,0.17651658004019627,5.01690294755111e-15,8.326672684688674e-17,0.0,1.8041124150158794e-16,1.3877787807814457e-16,1.8041124150158794e-16,1.5265566588595902e-16,0.0,5.433236581785544e-15,0.0,True,0.015200583397598178,0.17651658004019627,5.01690294755111e-15,8.326672684688674e-17,0.0,1.8041124150158794e-16,1.3877787807814457e-16,1.8041124150158794e-16,1.5265566588595902e-16,0.0,5.433236581785544e-15,0.0,True,0.015200583397598178,H-MSO-01R-B,1c99103edaf76aa05915458fd498e07b1241e272,1.0,True,True,True,True,False,a4b7da1a9f6e4efab7ccbc9ec3bb5e4235a82aef30ce64017895df05ab1c2b01,False
378,HMSO01R_A|PRIMARY|F4|50ff0808ef66ae99ee108f7b364caec03276f15f3c79c7781f170708a5248bad,F4,FOLD_1,HMSO01R_A|FIELD_LINEAGE|5d84595c43a38b585d7953f18ac50da686f8debb482b1cca6058cffe84d274b6,576,False,True,True,True,True,True,0.0,True,True,43202,43202,True,True,True,True,1.4133002433162516e-16,,True,True,0.0,1.5482137103393516e-12,True,True,4.5584131861509114e-05,PRIMARY_TOPOLOGY_CAST_FLOAT32_DIAGNOSTIC_ONLY,CONTINUUM_REFERENCE_MINUS_LAMBDA_1_BASE_SPH,True,0.1,2.842170943040401e-15,0.0,0.0,0.0,0.0,0.0,0.0,0.0,2.842170943040401e-15,0.0,True,0.0,25.137713628805457,7.144567925026154e-13,3.552713678800501e-15,0.0,2.398081733190338e-14,1.9539925233402755e-14,2.398081733190338e-14,3.197442310920451e-14,0.0,7.739647466225238e-13,2.220446049250313e-16,True,4.093856679447255,0.01,2.842170943040401e-16,0.0,0.0,0.0,0.0,0.0,0.0,0.0,2.842170943040401e-16,0.0,True,0.0,25.137713628805457,7.144567925026154e-13,3.552713678800501e-15,0.0,2.398081733190338e-14,1.9539925233402755e-14,2.398081733190338e-14,3.197442310920451e-14,0.0,7.739647466225238e-13,2.220446049250313e-16,True,4.093856679447255,H-MSO-01R-B,1c99103edaf76aa05915458fd498e07b1241e272,1.0,True,True,True,True,False,a4b7da1a9f6e4efab7ccbc9ec3bb5e4235a82aef30ce64017895df05ab1c2b01,False
379,HMSO01R_A|PRIMARY|F4|6a327a764bfac2756e747a73a674ce99a7a479505ab80e85fb6e0ce559489722,F4,FOLD_5,HMSO01R_A|FIELD_LINEAGE|c9a10c50914a082104b6f42f933e2e8b35494d6ac1b464fc981b740edc26e9a6,576,False,True,True,True,True,True,0.0,True,True,46656,46656,True,True,True,True,2.8304872531867704e-16,,True,True,0.0,1.0334646930361451e-13,True,True,2.6669900846654215e-06,PRIMARY_TOPOLOGY_CAST_FLOAT32_DIAGNOSTIC_ONLY,CONTINUUM_REFERENCE_MINUS_LAMBDA_1_BASE_SPH,True,0.1,2.842170943040401e-15,0.0,0.0,0.0,0.0,0.0,0.0,0.0,2.842170943040401e-15,0.0,True,0.0,1.5689496900227138,4.459223220074801e-14,4.440892098500626e-16,0.0,2.9976021664879227e-15,2.942091015256665e-15,2.9976021664879227e-15,3.497202527569243e-15,0.0,5.153112610465524e-14,0.0,True,0.04981276811822199,0.01,2.842170943040401e-16,0.0,0.0,0.0,0.0,0.0,0.0,0.0,2.842170943040401e-16,0.0,True,0.0,1.5689496900227138,4.459223220074801e-14,4.440892098500626e-16,0.0,2.9976021664879227e-15,2.942091015256665e-15,2.9976021664879227e-15,3.497202527569243e-15,0.0,5.153112610465524e-14,0.0,True,0.04981276811822199,H-MSO-01R-B,1c99103edaf76aa05915458fd498e07b1241e272,1.0,True,True,True,True,False,a4b7da1a9f6e4efab7ccbc9ec3bb5e4235a82aef30ce64017895df05ab1c2b01,False
380,HMSO01R_A|PRIMARY|F4|151f0faa0ec3bffddc64493ea9d1ced59873d77b5045af43474acf1355c1de8d,F4,FOLD_1,HMSO01R_A|FIELD_LINEAGE|5d84595c43a38b585d7953f18ac50da686f8debb482b1cca6058cffe84d274b6,576,False,True,True,True,True,True,0.0,True,True,15530,15530,True,True,True,True,1.4132972854727172e-16,,True,True,0.0,1.6730057688335949e-12,True,True,4.128108263579122e-05,PRIMARY_TOPOLOGY_CAST_FLOAT32_DIAGNOSTIC_ONLY,CONTINUUM_REFERENCE_MINUS_LAMBDA_1_BASE_SPH,True,0.1,2.842170943040401e-15,0.0,0.0,0.0,0.0,0.0,0.0,0.0,2.842170943040401e-15,0.0,True,0.0,25.13776623870183,7.144582877658032e-13,3.552713678800501e-15,0.0,2.398081733190338e-14,2.5979218776228663e-14,2.5979218776228663e-14,9.237055564881302e-14,0.0,8.363607758696454e-13,8.881784197001252e-16,True,2.8960018366157443,0.01,2.842170943040401e-16,0.0,0.0,0.0,0.0,0.0,0.0,0.0,2.842170943040401e-16,0.0,True,0.0,25.13776623870183,7.144582877658032e-13,3.552713678800501e-15,0.0,2.398081733190338e-14,2.5979218776228663e-14,2.5979218776228663e-14,9.237055564881302e-14,0.0,8.363607758696454e-13,8.881784197001252e-16,True,2.8960018366157443,H-MSO-01R-B,1c99103edaf76aa05915458fd498e07b1241e272,1.0,True,True,True,True,False,a4b7da1a9f6e4efab7ccbc9ec3bb5e4235a82aef30ce64017895df05ab1c2b01,False
381,HMSO01R_A|PRIMARY|F4|6ae78396c56cbbbfc0796994805858c3967c47bc24f14028345f8a91b53a4c63,F4,FOLD_3,HMSO01R_A|FIELD_LINEAGE|7a40ff07646995058d8981271562dfa4f2cc77b96f79dba59c7ae90f96586134,576,False,True,True,True,True,True,2.220446049250313e-16,True,True,27040,27040,True,True,True,True,4.757078672407973e-16,,True,True,0.0,1.0969471095531447e-14,True,True,2.191226544434599e-06,PRIMARY_TOPOLOGY_CAST_FLOAT32_DIAGNOSTIC_ONLY,CONTINUUM_REFERENCE_MINUS_LAMBDA_1_BASE_SPH,True,0.9285975650149545,2.639233017063573e-14,1.1102230246251565e-16,0.0,4.440892098500626e-16,4.440892098500626e-16,4.440892098500626e-16,4.440892098500626e-16,0.0,2.739153089279837e-14,0.0,True,0.15564368416470714,0.01,2.842170943040401e-16,0.0,0.0,0.0,0.0,0.0,0.0,0.0,2.842170943040401e-16,0.0,True,0.0,0.175037523196433,4.97486562370662e-15,8.326672684688674e-17,0.0,9.71445146547012e-17,1.1102230246251565e-16,1.1102230246251565e-16,1.734723475976807e-16,0.0,5.342627000613703e-15,0.0,True,0.016079453509337684,0.175037523196433,4.97486562370662e-15,8.326672684688674e-17,0.0,9.71445146547012e-17,1.1102230246251565e-16,1.1102230246251565e-16,1.734723475976807e-16,0.0,5.342627000613703e-15,0.0,True,0.016079453509337684,H-MSO-01R-B,1c99103edaf76aa05915458fd498e07b1241e272,1.0,True,True,True,True,False,a4b7da1a9f6e4efab7ccbc9ec3bb5e4235a82aef30ce64017895df05ab1c2b01,False
382,HMSO01R_A|PRIMARY|F4|e935c49b137288ce262897f601f1d1aa7350c95bd540ece1fcec9b3f463e4866,F4,FOLD_0,HMSO01R_A|FIELD_LINEAGE|197d7ec024c0036b09ad028c746809cfe1ed712ccbb40eead96390c6dfdd817b,576,False,True,True,True,True,True,4.2934406030425976e-16,True,True,27376,27376,True,True,True,True,4.0245409526777944e-16,,True,True,0.0,1.1305387302232234e-14,True,True,3.515358373978872e-07,PRIMARY_TOPOLOGY_CAST_FLOAT32_DIAGNOSTIC_ONLY,CONTINUUM_REFERENCE_MINUS_LAMBDA_1_BASE_SPH,True,0.1,2.842170943040401e-15,0.0,0.0,4.996003610813204e-16,4.440892098500626e-16,4.996003610813204e-16,4.996003610813204e-16,0.0,3.841371665203042e-15,0.0,True,0.015377681383542821,0.01,2.842170943040401e-16,0.0,0.0,0.0,0.0,0.0,0.0,0.0,2.842170943040401e-16,0.0,True,0.0,0.17655249235004775,5.0179236367866834e-15,5.551115123125783e-17,0.0,1.5959455978986625e-16,1.457167719820518e-16,1.5959455978986625e-16,2.7755575615628914e-16,0.0,5.510585103964097e-15,1.734723475976807e-18,True,0.013392653069165115,0.17655249235004775,5.0179236367866834e-15,5.551115123125783e-17,0.0,1.5959455978986625e-16,1.457167719820518e-16,1.5959455978986625e-16,2.7755575615628914e-16,0.0,5.510585103964097e-15,1.734723475976807e-18,True,0.013392653069165115,H-MSO-01R-B,1c99103edaf76aa05915458fd498e07b1241e272,1.0,True,True,True,True,False,a4b7da1a9f6e4efab7ccbc9ec3bb5e4235a82aef30ce64017895df05ab1c2b01,False
383,HMSO01R_A|PRIMARY|F4|6a6a8bfa9928af9cb01b022a75edc3db06b8fbb4fc71e646b76054dec1f3f066,F4,FOLD_0,HMSO01R_A|FIELD_LINEAGE|06c31c418b756da4f49834b1270295e826a9807f080171a34a3e7c250369709c,576,False,True,True,True,True,True,0.0,True,True,15562,15562,True,True,True,True,2.575113734630669e-16,,True,True,0.0,5.15856497655368e-13,True,True,1.3317567879589376e-05,PRIMARY_TOPOLOGY_CAST_FLOAT32_DIAGNOSTIC_ONLY,CONTINUUM_REFERENCE_MINUS_LAMBDA_1_BASE_SPH,True,0.1,2.842170943040401e-15,0.0,0.0,0.0,0.0,0.0,0.0,0.0,2.842170943040401e-15,0.0,True,0.0,6.89816847897408,1.9605774011137328e-13,1.7763568394002505e-15,0.0,1.5987211554602254e-14,1.3322676295501878e-14,1.5987211554602254e-14,4.39648317751562e-14,0.0,2.57786140280532e-13,2.220446049250313e-16,True,1.221565559512958,0.01,2.842170943040401e-16,0.0,0.0,0.0,0.0,0.0,0.0,0.0,2.842170943040401e-16,0.0,True,0.0,6.89816847897408,1.9605774011137328e-13,1.7763568394002505e-15,0.0,1.5987211554602254e-14,1.3322676295501878e-14,1.5987211554602254e-14,4.39648317751562e-14,0.0,2.57786140280532e-13,2.220446049250313e-16,True,1.221565559512958,H-MSO-01R-B,1c99103edaf76aa05915458fd498e07b1241e272,1.0,True,True,True,True,False,a4b7da1a9f6e4efab7ccbc9ec3bb5e4235a82aef30ce64017895df05ab1c2b01,False
