component,scope,scope_id,ss_wn,ms_wn,wn_ratio_ms_over_ss,ss_wb,ms_wb,wb_ratio_ms_over_ss,ss_d,ms_d,d_ratio_ms_over_ss,log_scale_cancellation_gap,numerator_delta,denominator_delta,status,evidence_class
density_rate,OVERALL,ALL,0.006291549076702527,0.0012682995704503253,0.20158780532235088,0.017703595326272418,0.017703595326272418,1.0,0.35538256273660795,0.07164079087190546,0.20158780532235085,1.6015302340869513,-0.005023249506252201,0.0,EVALUABLE,EXPLORATORY_CONSUMED_DIAGNOSTIC_ONLY
density_rate,FOLD,FOLD_0,0.0022421374907695027,0.00010895923513600791,0.04859614344997775,0.01332553116536776,0.01332553116536776,1.0,0.1682587705469243,0.008176727350215225,0.04859614344997775,3.0242111041054116,-0.0021331782556334947,0.0,EVALUABLE,EXPLORATORY_CONSUMED_DIAGNOSTIC_ONLY
density_rate,FOLD,FOLD_1,0.004265438582037687,0.0018603746574143226,0.43615084864862447,0.01689263861631692,0.01689263861631692,1.0,0.2525028018960649,0.11012931133312422,0.4361508486486245,0.8297671123324204,-0.0024050639246233647,0.0,EVALUABLE,EXPLORATORY_CONSUMED_DIAGNOSTIC_ONLY
density_rate,FOLD,FOLD_2,0.005448044332424395,0.0003833282625155477,0.07036070911430442,0.0173729821849713,0.0173729821849713,1.0,0.3135929269033205,0.022064620710147868,0.07036070911430443,2.654120280790848,-0.005064716069908847,0.0,EVALUABLE,EXPLORATORY_CONSUMED_DIAGNOSTIC_ONLY
density_rate,FOLD,FOLD_3,0.015821162621558454,0.00493166193167787,0.31171299162033894,0.035391494217116015,0.035391494217116015,1.0,0.44703290922108146,0.1393459654860467,0.3117129916203389,1.1656724131918361,-0.010889500689880583,0.0,EVALUABLE,EXPLORATORY_CONSUMED_DIAGNOSTIC_ONLY
density_rate,FOLD,FOLD_4,0.006894817226153861,0.00031915666805429864,0.04628935874378993,0.01275369148767309,0.01275369148767309,1.0,0.5406134555487684,0.025024650185616865,0.04628935874378992,3.07284317705306,-0.006575660558099563,0.0,EVALUABLE,EXPLORATORY_CONSUMED_DIAGNOSTIC_ONLY
density_rate,FOLD,FOLD_5,0.003077694207271262,6.316667903905672e-06,0.002052402701016272,0.010485234286189436,0.010485234286189436,1.0,0.29352650816062625,0.0006024345981687441,0.002052402701016272,6.188744122869133,-0.0030713775393673565,0.0,EVALUABLE,EXPLORATORY_CONSUMED_DIAGNOSTIC_ONLY
density_rate,FAMILY,F1,0.010554751829728337,0.0037134040939978187,0.351822965987576,0.027047607051641418,0.027047607051641418,1.0,0.39022867381858867,0.1372914094362542,0.351822965987576,1.044627167434839,-0.006841347735730519,0.0,EVALUABLE,EXPLORATORY_CONSUMED_DIAGNOSTIC_ONLY
density_rate,FAMILY,F2,0.002680857858739358,0.00014820395988092555,0.055282289360397766,0.012859242857956558,0.012859242857956558,1.0,0.208477115515444,0.011525092224945847,0.05528228936039777,2.89530268648015,-0.0025326538988584323,0.0,EVALUABLE,EXPLORATORY_CONSUMED_DIAGNOSTIC_ONLY
density_rate,FAMILY,F3,0.004242075321439964,0.00017695072424768414,0.04171324430600128,0.016538310764836285,0.016538310764836285,1.0,0.2564999159684104,0.010699443659259102,0.04171324430600128,3.1769365913478986,-0.00406512459719228,0.0,EVALUABLE,EXPLORATORY_CONSUMED_DIAGNOSTIC_ONLY
density_rate,FAMILY,F4,0.0076885112969024465,0.0010346395036748733,0.13456954977639293,0.014369220630655419,0.014369220630655419,1.0,0.5350680802060838,0.0720038706530516,0.13456954977639293,2.005674114880468,-0.0066538717932275735,0.0,EVALUABLE,EXPLORATORY_CONSUMED_DIAGNOSTIC_ONLY
density_rate,FAMILY_FOLD,F1|FOLD_0,0.0034464973741048462,0.00010610368201648144,0.03078594599075811,0.012341482598731673,0.012341482598731673,1.0,0.27926121084180283,0.008597320554289455,0.03078594599075811,3.480696992140037,-0.003340393692088365,0.0,EVALUABLE,EXPLORATORY_CONSUMED_DIAGNOSTIC_ONLY
density_rate,FAMILY_FOLD,F2|FOLD_0,0.004123468348178815,0.00021885013600352778,0.053074285413197336,0.018927861281478282,0.018927861281478282,1.0,0.21785178403720679,0.011562327763764941,0.053074285413197336,2.9360627352008852,-0.0039046182121752868,0.0,EVALUABLE,EXPLORATORY_CONSUMED_DIAGNOSTIC_ONLY
density_rate,FAMILY_FOLD,F3|FOLD_0,0.0013223446745127521,1.5111914355528864e-05,0.011428120554950768,0.011855381361194765,0.011855381361194765,1.0,0.11153961515241281,0.001274688168614587,0.01142812055495077,4.471678245583605,-0.0013072327601572232,0.0,EVALUABLE,EXPLORATORY_CONSUMED_DIAGNOSTIC_ONLY
density_rate,FAMILY_FOLD,F4|FOLD_0,7.623956628159667e-05,9.577120816849362e-05,1.2561877360995908,0.010177399420066315,0.010177399420066315,1.0,0.007491065559565108,0.009410184686243706,1.2561877360995908,0.22808152829313938,1.9531641886896947e-05,0.0,EVALUABLE,EXPLORATORY_CONSUMED_DIAGNOSTIC_ONLY
density_rate,FAMILY_FOLD,F1|FOLD_1,0.006674349183662385,0.0025876769756139066,0.38770476407618554,0.033053910281336536,0.033053910281336536,1.0,0.20192313486828123,0.07828656136563077,0.38770476407618554,0.9475111463328131,-0.004086672208048479,0.0,EVALUABLE,EXPLORATORY_CONSUMED_DIAGNOSTIC_ONLY
density_rate,FAMILY_FOLD,F2|FOLD_1,0.0027432944068276383,0.00014629727076138828,0.05332904496042308,0.011960235171363694,0.011960235171363694,1.0,0.2293679319446735,0.012231972755156756,0.05332904496042309,2.9312741626413024,-0.00259699713606625,0.0,EVALUABLE,EXPLORATORY_CONSUMED_DIAGNOSTIC_ONLY
density_rate,FAMILY_FOLD,F3|FOLD_1,0.0032314506783327414,0.00028906382030094647,0.08945326699217584,0.014856682313151563,0.014856682313151563,1.0,0.2175082303181625,0.01945682179964627,0.08945326699217586,2.414038946584514,-0.002942386858031795,0.0,EVALUABLE,EXPLORATORY_CONSUMED_DIAGNOSTIC_ONLY
density_rate,FAMILY_FOLD,F4|FOLD_1,0.004412660059327982,0.004418460562981049,1.001314514051633,0.007699726699415889,0.007699726699415889,1.0,0.5730930761039521,0.5738464150053844,1.001314514051633,0.0013136508344283938,5.800503653066551e-06,0.0,EVALUABLE,EXPLORATORY_CONSUMED_DIAGNOSTIC_ONLY
density_rate,FAMILY_FOLD,F1|FOLD_2,0.007000101708725839,0.0006879900528580285,0.09828286523329054,0.01797676929941336,0.01797676929941336,1.0,0.389397093111401,0.038271062024502915,0.09828286523329054,2.319905577976237,-0.006312111655867811,0.0,EVALUABLE,EXPLORATORY_CONSUMED_DIAGNOSTIC_ONLY
density_rate,FAMILY_FOLD,F2|FOLD_2,0.002191573933034422,9.296755119098721e-05,0.042420449426620835,0.012047347087177305,0.012047347087177305,1.0,0.18191340526471939,0.00771684840805641,0.04242044942662084,3.1601247352147643,-0.0020986063818434347,0.0,EVALUABLE,EXPLORATORY_CONSUMED_DIAGNOSTIC_ONLY
density_rate,FAMILY_FOLD,F3|FOLD_2,0.012564698265794368,0.0007488648913770198,0.05960070632302406,0.03161091267810115,0.03161091267810115,1.0,0.39747976889318726,0.023690074975146327,0.059600706323024055,2.8200878539236056,-0.011815833374417349,0.0,EVALUABLE,EXPLORATORY_CONSUMED_DIAGNOSTIC_ONLY
density_rate,FAMILY_FOLD,F4|FOLD_2,3.5803422142950346e-05,3.4905546361553643e-06,0.09749220681248903,0.00785689967519339,0.00785689967519339,1.0,0.004556940221089063,0.0004442661584665643,0.09749220681248902,2.327982834301236,-3.231286750679498e-05,0.0,EVALUABLE,EXPLORATORY_CONSUMED_DIAGNOSTIC_ONLY
density_rate,FAMILY_FOLD,F1|FOLD_3,0.04371393204757827,0.018865470625897596,0.43156654508600156,0.07768901501373274,0.07768901501373274,1.0,0.5626784177898402,0.24283318076001906,0.4315665450860015,0.8403335623049984,-0.024848461421680675,0.0,EVALUABLE,EXPLORATORY_CONSUMED_DIAGNOSTIC_ONLY
density_rate,FAMILY_FOLD,F2|FOLD_3,0.003702730438948888,0.00022812716063872894,0.06161052347723387,0.009603448198547488,0.009603448198547488,1.0,0.38556259818311117,0.023754713507303862,0.06161052347723388,2.786922587364033,-0.0034746032783101594,0.0,EVALUABLE,EXPLORATORY_CONSUMED_DIAGNOSTIC_ONLY
density_rate,FAMILY_FOLD,F3|FOLD_3,0.0016511010865363606,3.35951664506916e-06,0.0020347128788562982,0.020047799441671316,0.020047799441671316,1.0,0.08235822047902101,0.0001675753318883506,0.0020347128788562982,6.197400561513023,-0.0016477415698912914,0.0,EVALUABLE,EXPLORATORY_CONSUMED_DIAGNOSTIC_ONLY
density_rate,FAMILY_FOLD,F4|FOLD_3,0.014216886913170293,0.0006296904235300856,0.044291723453659226,0.03422571421451251,0.03422571421451251,1.0,0.4153861282211606,0.01839816751765788,0.044291723453659226,3.116957448874355,-0.013587196489640206,0.0,EVALUABLE,EXPLORATORY_CONSUMED_DIAGNOSTIC_ONLY
density_rate,FAMILY_FOLD,F1|FOLD_4,0.0006311539554685431,1.8311426143525952e-05,0.029012614093390718,0.010333378009207953,0.010333378009207953,1.0,0.061079150971359915,0.001772065836284016,0.029012614093390718,3.5400245748295305,-0.0006128425293250171,0.0,EVALUABLE,EXPLORATORY_CONSUMED_DIAGNOSTIC_ONLY
density_rate,FAMILY_FOLD,F2|FOLD_4,0.0029153078935349203,0.00019734829401215587,0.06769380841378769,0.01476009236901716,0.01476009236901716,1.0,0.19751284887989112,0.01337039695133675,0.06769380841378769,2.6927605594680304,-0.0027179595995227646,0.0,EVALUABLE,EXPLORATORY_CONSUMED_DIAGNOSTIC_ONLY
density_rate,FAMILY_FOLD,F3|FOLD_4,0.00014905570272568,1.1398869089827569e-06,0.007647388782437856,0.008661044148463486,0.008661044148463486,1.0,0.01720989988858598,0.0001316107953548509,0.007647388782437855,4.873391025040997,-0.00014791581581669722,0.0,EVALUABLE,EXPLORATORY_CONSUMED_DIAGNOSTIC_ONLY
density_rate,FAMILY_FOLD,F4|FOLD_4,0.0238837513528863,0.00105982706515253,0.044374397032250636,0.017260251424003767,0.017260251424003767,1.0,1.3837429575140057,0.061402759387307215,0.04437439703225064,3.1150926192844945,-0.022823924287733773,0.0,EVALUABLE,EXPLORATORY_CONSUMED_DIAGNOSTIC_ONLY
density_rate,FAMILY_FOLD,F1|FOLD_5,0.0018624767088301487,1.4871801457374052e-05,0.007984959697410266,0.010891087107426247,0.010891087107426247,1.0,0.171009256510325,0.0013655020211190392,0.007984959697410266,4.83019554461528,-0.0018476049073727747,0.0,EVALUABLE,EXPLORATORY_CONSUMED_DIAGNOSTIC_ONLY
density_rate,FAMILY_FOLD,F2|FOLD_5,0.0004087721319114628,5.633346678765264e-06,0.013781141714390177,0.009856473040155427,0.009856473040155427,1.0,0.041472454725551285,0.0005715377758164529,0.013781141714390177,4.284454163825104,-0.0004031387852326975,0.0,EVALUABLE,EXPLORATORY_CONSUMED_DIAGNOSTIC_ONLY
density_rate,FAMILY_FOLD,F3|FOLD_5,0.006533801520737886,4.164315898557861e-06,0.000637349617269606,0.012198044646435424,0.012198044646435424,1.0,0.5356433518750259,0.0003413920853105566,0.0006373496172696059,7.358192203238221,-0.006529637204839327,0.0,EVALUABLE,EXPLORATORY_CONSUMED_DIAGNOSTIC_ONLY
density_rate,FAMILY_FOLD,F4|FOLD_5,0.00350572646760555,5.972075809255135e-07,0.00017035201874532238,0.008995332350740647,0.008995332350740647,1.0,0.38972728643171256,6.639083000377871e-05,0.00017035201874532235,8.677643563353273,-0.0035051292600246243,0.0,EVALUABLE,EXPLORATORY_CONSUMED_DIAGNOSTIC_ONLY
density_rate,LINEAGE,HMSO01R_A|FIELD_LINEAGE|008a4638c8cb2247bc6cd62f75f3daa09b2e49ba7d73812777f0a31f466efb5e,0.003310870563818234,0.00012796941749886325,0.03865128975361803,0.011365519388133714,0.011365519388133714,1.0,0.2913083380311666,0.011259442980887527,0.03865128975361803,3.253175134424801,-0.003182901146319371,0.0,EVALUABLE,EXPLORATORY_CONSUMED_DIAGNOSTIC_ONLY
density_rate,LINEAGE,HMSO01R_A|FIELD_LINEAGE|0183a54dead296f9ee3dee43dc4041188299c7e551f4c9c6bfbe94dc055e54ad,0.0,0.0,,0.009178480594627714,0.009178480594627714,1.0,0.0,0.0,,,0.0,0.0,NOT_EVALUABLE_RATIO,EXPLORATORY_CONSUMED_DIAGNOSTIC_ONLY
density_rate,LINEAGE,HMSO01R_A|FIELD_LINEAGE|0280053dfd6ee65fbd80522b2b04964154d57f31de1cc5d0449972791fa285ea,1.5207978221719837e-10,0.0,0.0,0.00738285064938495,0.00738285064938495,1.0,2.0599059826554642e-08,0.0,0.0,,-1.5207978221719837e-10,0.0,NOT_EVALUABLE_RATIO,EXPLORATORY_CONSUMED_DIAGNOSTIC_ONLY
density_rate,LINEAGE,HMSO01R_A|FIELD_LINEAGE|02a8e9bf168ff7b6159072e41013ee435870f1006dfd3aa95840b1c132f5aafb,0.0,0.0,,0.007573590181103261,0.007573590181103261,1.0,0.0,0.0,,,0.0,0.0,NOT_EVALUABLE_RATIO,EXPLORATORY_CONSUMED_DIAGNOSTIC_ONLY
density_rate,LINEAGE,HMSO01R_A|FIELD_LINEAGE|0404a47ad84d3ab6d4cc0dbf7c8fea97f3bca817bfb6ce9e4a0d96e074c1229f,0.006021344489059027,7.1245102954905675e-06,0.0011832092165522214,0.01036383955441128,0.01036383955441128,1.0,0.5809955333104412,0.0006874392697885872,0.0011832092165522214,6.739524857084651,-0.006014219978763537,0.0,EVALUABLE,EXPLORATORY_CONSUMED_DIAGNOSTIC_ONLY
density_rate,LINEAGE,HMSO01R_A|FIELD_LINEAGE|04cc9f11103eaca809c304d2c5e7176a0ac510070bc43c67da76cab1f9c23ed7,7.418241285189936e-15,2.1809590086873874e-14,2.9399947033827796,0.007575398188992978,0.007575398188992978,1.0,9.792543045418536e-13,2.8790024686178367e-12,2.939994703382779,1.0784077797784843,1.439134880168394e-14,0.0,EVALUABLE,EXPLORATORY_CONSUMED_DIAGNOSTIC_ONLY
density_rate,LINEAGE,HMSO01R_A|FIELD_LINEAGE|051eaa0f00871ac3de3987b76f15e88e4e718676447cf96853b1d9836e56f4a9,2.101087081239765e-14,2.17870605480792e-14,1.036942292521429,0.011121591525362826,0.011121591525362826,1.0,1.889196412625144e-12,1.958987659130776e-12,1.0369422925214289,0.03627627921431667,7.761897356815503e-16,0.0,EVALUABLE,EXPLORATORY_CONSUMED_DIAGNOSTIC_ONLY
density_rate,LINEAGE,HMSO01R_A|FIELD_LINEAGE|05638fa6abec8d1f9d2070785cb5b62bc36d80415fcae04a6c6b1419139c3003,0.0,0.0,,0.007164890323747775,0.007164890323747775,1.0,0.0,0.0,,,0.0,0.0,NOT_EVALUABLE_RATIO,EXPLORATORY_CONSUMED_DIAGNOSTIC_ONLY
density_rate,LINEAGE,HMSO01R_A|FIELD_LINEAGE|065caad01d0036cc45e094366cffda53edef5d184f8c28ff280e81478dd5499f,0.006542561483159545,0.00026646406642109367,0.04072778943032758,0.03082103438774973,0.03082103438774973,1.0,0.2122758568336688,0.008645526398264028,0.040727789430327586,3.200844632540636,-0.0062760974167384515,0.0,EVALUABLE,EXPLORATORY_CONSUMED_DIAGNOSTIC_ONLY
density_rate,LINEAGE,HMSO01R_A|FIELD_LINEAGE|06c31c418b756da4f49834b1270295e826a9807f080171a34a3e7c250369709c,4.823329324604842e-07,1.6386872787761815e-07,0.3397419434781044,0.010464119020474871,0.010464119020474871,1.0,4.609398378561213e-05,1.5660059633972096e-05,0.3397419434781044,1.0795689393207726,-3.184642045828661e-07,0.0,EVALUABLE,EXPLORATORY_CONSUMED_DIAGNOSTIC_ONLY
density_rate,LINEAGE,HMSO01R_A|FIELD_LINEAGE|06c5b0d79a6fc40df74bc047659e629ea096b0eb47ce7956bd3f7d012a8211c7,2.036529319570406e-33,1.9598926227904114e-33,0.9623689695780266,0.006772214920668471,0.006772214920668471,1.0,3.0071835336398106e-31,2.8940201186009536e-31,0.9623689695780266,0.03835735759082542,-7.663669677999457e-35,0.0,EVALUABLE,EXPLORATORY_CONSUMED_DIAGNOSTIC_ONLY
density_rate,LINEAGE,HMSO01R_A|FIELD_LINEAGE|07ef870a5e517a728f6e4939e44adb6e41abac7dca46a1a2247aeb449ae2b2b6,0.001033525983008447,1.543242085960632e-05,0.014931817016041281,0.007239094866049156,0.007239094866049156,1.0,0.14277005649637373,0.0021318163589737283,0.014931817016041281,4.20426097248913,-0.0010180935621488406,0.0,EVALUABLE,EXPLORATORY_CONSUMED_DIAGNOSTIC_ONLY
density_rate,LINEAGE,HMSO01R_A|FIELD_LINEAGE|092a3e161c8ce70f083c10130918ff7fb36de994b41e81b7dfb0e04366314a2c,0.007101798417468245,0.00011514068789354338,0.016212891598039816,0.02079789038141859,0.02079789038141859,1.0,0.34146724918856136,0.005536171495374995,0.016212891598039816,4.1219485755501815,-0.006986657729574702,0.0,EVALUABLE,EXPLORATORY_CONSUMED_DIAGNOSTIC_ONLY
density_rate,LINEAGE,HMSO01R_A|FIELD_LINEAGE|093dc802dc5954d756689fb97f687ee9b46c368f5fe625c807448d3bc43a1926,0.0,0.0,,0.010199022445859246,0.010199022445859246,1.0,0.0,0.0,,,0.0,0.0,NOT_EVALUABLE_RATIO,EXPLORATORY_CONSUMED_DIAGNOSTIC_ONLY
density_rate,LINEAGE,HMSO01R_A|FIELD_LINEAGE|0a252563daa08b1ab13bdaf89c42f5f5445076fcfec6feb203abcad9de8ed55a,0.0,0.0,,0.0053821199467469875,0.0053821199467469875,1.0,0.0,0.0,,,0.0,0.0,NOT_EVALUABLE_RATIO,EXPLORATORY_CONSUMED_DIAGNOSTIC_ONLY
density_rate,LINEAGE,HMSO01R_A|FIELD_LINEAGE|0ac3210ffe07941071125618f2e4ad4f522063f7735eb12854083a5cf3b96fca,0.0004268348604833454,1.2379721330445945e-06,0.0029003538549843885,0.010265612649748583,0.010265612649748583,1.0,0.041579092748429296,0.00012059408193966034,0.0029003538549843885,5.842922530473283,-0.0004255968883503008,0.0,EVALUABLE,EXPLORATORY_CONSUMED_DIAGNOSTIC_ONLY
density_rate,LINEAGE,HMSO01R_A|FIELD_LINEAGE|0af73c913450206e45697078b9ff423d2fbe56a236026748e22945b9fe394efb,0.0031472078602025576,1.628552637137655e-05,0.0051745950997746926,0.008690112335882308,0.008690112335882308,1.0,0.36215962907722543,0.0018740294419592309,0.0051745950997746926,5.263994184481168,-0.003130922333831181,0.0,EVALUABLE,EXPLORATORY_CONSUMED_DIAGNOSTIC_ONLY
density_rate,LINEAGE,HMSO01R_A|FIELD_LINEAGE|0d095ad04875a9db82a8c6062fc3703d3296558fc88db157a4ad79a6317e27a5,3.7840184508114505e-32,1.2546718867724983e-31,3.3157129202249123,0.008823622333223266,0.008823622333223266,1.0,4.2885090815408344e-30,1.4219464970166815e-29,3.3157129202249123,1.1986726594073536,8.762700416913533e-32,0.0,EVALUABLE,EXPLORATORY_CONSUMED_DIAGNOSTIC_ONLY
density_rate,LINEAGE,HMSO01R_A|FIELD_LINEAGE|0d9a0fc9b5f4f20cb32cc24ac6db7a1e45276ec79661381e7e476b453759d6b0,0.5469247386740455,0.24466708463377287,0.4473505536190215,0.8466028862035782,0.8466028862035782,1.0,0.6460227665022741,0.28899864224528415,0.4473505536190215,0.8044127554369976,-0.3022576540402726,0.0,EVALUABLE,EXPLORATORY_CONSUMED_DIAGNOSTIC_ONLY
density_rate,LINEAGE,HMSO01R_A|FIELD_LINEAGE|0da6210822c1316c7a077be78ae0c871024433732125f17a7f978f92e0d637e1,0.014597178700697084,0.0002379728152442653,0.016302658213871217,0.04911652233741079,0.04911652233741079,1.0,0.2971948746782259,0.004845066464793407,0.016302658213871217,4.116427103860021,-0.014359205885452819,0.0,EVALUABLE,EXPLORATORY_CONSUMED_DIAGNOSTIC_ONLY
density_rate,LINEAGE,HMSO01R_A|FIELD_LINEAGE|0ddf6cdd096735cc15f4456489e1d58f77aa80618dad5da96cca18e59be60b9c,1.7493802195169282e-17,1.1081323829043466e-16,6.3344284480954345,0.009776505509620111,0.009776505509620111,1.0,1.7893716909334656e-15,1.1334646943265577e-14,6.3344284480954345,1.8459995884077995,9.331943609526539e-17,0.0,EVALUABLE,EXPLORATORY_CONSUMED_DIAGNOSTIC_ONLY
density_rate,LINEAGE,HMSO01R_A|FIELD_LINEAGE|0e65acebdbaa92caa4bcb30c2a0feac4a5469aac1dd76780539181916f956f58,0.0,0.0,,0.004945635477963037,0.004945635477963037,1.0,0.0,0.0,,,0.0,0.0,NOT_EVALUABLE_RATIO,EXPLORATORY_CONSUMED_DIAGNOSTIC_ONLY
density_rate,LINEAGE,HMSO01R_A|FIELD_LINEAGE|0e85d8db167a222553e045c2d06d7055fe817db60fe9573c8fc78f52ed1f8615,1.7712776489025004e-34,1.1175774737406512e-34,0.630944264685501,0.013890095914737138,0.013890095914737138,1.0,1.2752090840663002e-32,8.045858578664831e-33,0.630944264685501,0.46053774889124666,-6.537001751618492e-35,0.0,EVALUABLE,EXPLORATORY_CONSUMED_DIAGNOSTIC_ONLY
density_rate,LINEAGE,HMSO01R_A|FIELD_LINEAGE|0f0f1b8e6d3d2de7f2739e4c27aed7f4a0fa84df148b19d95d7dbbf8ec12bea3,1.45620513055334e-07,6.81706256890319e-12,4.681388923765699e-05,0.004120435616418359,0.004120435616418359,1.0,3.5341048037516225e-05,1.6544519083709996e-09,4.681388923765699e-05,9.96933062048831,-1.456136959927651e-07,0.0,EVALUABLE,EXPLORATORY_CONSUMED_DIAGNOSTIC_ONLY
density_rate,LINEAGE,HMSO01R_A|FIELD_LINEAGE|0f49beb059c8327e240fa524ede4b5d0ddc16e0eb915fce826282146040c0e20,0.0008478361126044015,4.1877597874608044e-06,0.004939350571653232,0.011233617327435157,0.011233617327435157,1.0,0.07547311679682953,0.00037278818259487106,0.004939350571653232,5.310521419652444,-0.0008436483528169407,0.0,EVALUABLE,EXPLORATORY_CONSUMED_DIAGNOSTIC_ONLY
density_rate,LINEAGE,HMSO01R_A|FIELD_LINEAGE|0fdda9072ffc8d97ff7e0441813be2217cbf8a41c67bef8c56cb65c5e8c889e5,1.6858309295373574e-13,1.9383621116754594e-16,0.0011497962682458342,0.008642049810746875,0.008642049810746875,1.0,1.950730401300085e-11,2.2429425357685364e-14,0.0011497962682458342,6.768170510348419,-1.6838925674256818e-13,0.0,EVALUABLE,EXPLORATORY_CONSUMED_DIAGNOSTIC_ONLY
density_rate,LINEAGE,HMSO01R_A|FIELD_LINEAGE|1014832cdbdd8f9e416c91cfffc398c0221e1acf20617efe558f4efd66f3578a,4.4601995613458454e-33,6.407405786789335e-33,1.4365737897288007,0.00699713481109049,0.00699713481109049,1.0,6.374322750329762e-31,9.157184990395738e-31,1.4365737897288007,0.3622609658372493,1.94720622544349e-33,0.0,EVALUABLE,EXPLORATORY_CONSUMED_DIAGNOSTIC_ONLY
density_rate,LINEAGE,HMSO01R_A|FIELD_LINEAGE|101e8ab2bfdfa561a79b7bef11d98c5487b65f400bdd7d35b17d61b9746e280e,0.006039282028203327,2.381280180703631e-05,0.003942985556202045,0.012106791388755547,0.012106791388755547,1.0,0.4988342356185673,0.001966896185983099,0.003942985556202045,5.535817087242724,-0.0060154692263962905,0.0,EVALUABLE,EXPLORATORY_CONSUMED_DIAGNOSTIC_ONLY
density_rate,LINEAGE,HMSO01R_A|FIELD_LINEAGE|10ec2dec79c0538398e95e49cd33ade9183e905d4ea4b212dcd4e7ec34fc5546,2.2277580995697922e-33,2.7430622061263827e-33,1.2313106197015296,0.0061999896050825565,0.0061999896050825565,1.0,3.593164249410267e-31,4.424301298630737e-31,1.2313106197015296,0.2080791465675484,5.1530410655659044e-34,0.0,EVALUABLE,EXPLORATORY_CONSUMED_DIAGNOSTIC_ONLY
density_rate,LINEAGE,HMSO01R_A|FIELD_LINEAGE|11fde86949c379fe2021d6c74cae47b21d76fdf394512bb275cf864fa8a207c8,0.012123524255281218,0.0006494428941168873,0.053568820455320874,0.01060524743361851,0.01060524743361851,1.0,1.143162790983055,0.06123788230137477,0.05356882045532087,2.926788088086195,-0.011474081361164332,0.0,EVALUABLE,EXPLORATORY_CONSUMED_DIAGNOSTIC_ONLY
density_rate,LINEAGE,HMSO01R_A|FIELD_LINEAGE|14fde0d6f8e15a741b90398f93d73484586c3eb3479f620760208e87c5b3db6c,0.0013097893565763847,2.016056234081063e-05,0.01539221725965743,0.008525476816591148,0.008525476816591148,1.0,0.15363238734371398,0.00236474308411429,0.01539221725965743,4.1738932700559195,-0.0012896287942355741,0.0,EVALUABLE,EXPLORATORY_CONSUMED_DIAGNOSTIC_ONLY
density_rate,LINEAGE,HMSO01R_A|FIELD_LINEAGE|15651b29629c1bcfb68ed12ef597d6352232a9bc607eac6bb7e574563cec2b00,8.088450981661426e-13,1.046595111137208e-12,1.2939376321994225,0.007227328601877166,0.007227328601877166,1.0,1.1191480873805295e-10,1.4481078262656746e-10,1.2939376321994225,0.2576899972351095,2.377500129710654e-13,0.0,EVALUABLE,EXPLORATORY_CONSUMED_DIAGNOSTIC_ONLY
density_rate,LINEAGE,HMSO01R_A|FIELD_LINEAGE|16eb11153f438a544fbde5e29c9d4f0fc922c6cc49338ba6f7c68206ac580c7f,0.0,0.0,,0.004135828218663193,0.004135828218663193,1.0,0.0,0.0,,,0.0,0.0,NOT_EVALUABLE_RATIO,EXPLORATORY_CONSUMED_DIAGNOSTIC_ONLY
density_rate,LINEAGE,HMSO01R_A|FIELD_LINEAGE|17af857dc7e075f66db0acfe5114e05e0f490cc5340cc9cfe073ae813844b776,0.0040208758820249315,6.181354150322203e-06,0.0015373153341926198,0.013644416245894962,0.013644416245894962,1.0,0.29469020950124164,0.00045303177790269447,0.00153731533419262,6.477717673339324,-0.0040146945278746096,0.0,EVALUABLE,EXPLORATORY_CONSUMED_DIAGNOSTIC_ONLY
density_rate,LINEAGE,HMSO01R_A|FIELD_LINEAGE|191e9f46778b3758f1f78fde4f9e2a46913f5a82ffc9889aaa9e18e41d67ee0e,4.4061148365282565e-16,1.1515151703164042e-14,26.134479309752315,0.010187416416577548,0.010187416416577548,1.0,4.3250561833895137e-14,1.1303309133830955e-12,26.13447930975231,3.2632554888653007,1.1074540219511216e-14,0.0,EVALUABLE,EXPLORATORY_CONSUMED_DIAGNOSTIC_ONLY
density_rate,LINEAGE,HMSO01R_A|FIELD_LINEAGE|197d7ec024c0036b09ad028c746809cfe1ed712ccbb40eead96390c6dfdd817b,0.00015199679963073286,0.0001913785476091096,1.2590959025061867,0.009890679819657761,0.009890679819657761,1.0,0.015367679714860315,0.019349382560008066,1.2590959025061867,0.23039392571650305,3.9381747978376754e-05,0.0,EVALUABLE,EXPLORATORY_CONSUMED_DIAGNOSTIC_ONLY
density_rate,LINEAGE,HMSO01R_A|FIELD_LINEAGE|197ff926eb3d0f9ff98b06347687987d9933c0c4a0832b79258c496c53405132,0.002133727197574387,3.694996906042589e-05,0.017317100847020404,0.011630262838156208,0.011630262838156208,1.0,0.1834633685641326,0.003177053655159157,0.017317100847020404,4.056060777444141,-0.0020967772285139614,0.0,EVALUABLE,EXPLORATORY_CONSUMED_DIAGNOSTIC_ONLY
density_rate,LINEAGE,HMSO01R_A|FIELD_LINEAGE|19bc9c15d585b69ea5a604b39577d278e2c7b171a2d899f0352dc2850b1dc0cb,6.387005108921693e-31,5.845504326300147e-31,0.9152183576829851,0.009248042797029135,0.009248042797029135,1.0,6.906331695365283e-29,6.320801551846162e-29,0.9152183576829852,0.08859259990066794,-5.415007826215456e-32,0.0,EVALUABLE,EXPLORATORY_CONSUMED_DIAGNOSTIC_ONLY
density_rate,LINEAGE,HMSO01R_A|FIELD_LINEAGE|1a444bf8e4f5678b58a9ba1debf6e16323abf2899e40040f0bbc7e1608156e14,6.043577469347246e-17,8.118687935974348e-17,1.3433579658988353,0.004624002798201802,0.004624002798201802,1.0,1.3070012569407383e-14,1.7557705499511313e-14,1.3433579658988353,0.29517242401975907,2.0751104666271016e-17,0.0,EVALUABLE,EXPLORATORY_CONSUMED_DIAGNOSTIC_ONLY
density_rate,LINEAGE,HMSO01R_A|FIELD_LINEAGE|1b6f0cb3de33bc6abdb0882404222836bd00a9ad3c6fe2c95af35a87f0fa1200,0.0,0.0,,0.008326855190004144,0.008326855190004144,1.0,0.0,0.0,,,0.0,0.0,NOT_EVALUABLE_RATIO,EXPLORATORY_CONSUMED_DIAGNOSTIC_ONLY
density_rate,LINEAGE,HMSO01R_A|FIELD_LINEAGE|1d03c9c9f560219b53c739310adfe296cf8afec50561d01ce15be76ae73c1479,0.0,0.0,,0.008219849889326192,0.008219849889326192,1.0,0.0,0.0,,,0.0,0.0,NOT_EVALUABLE_RATIO,EXPLORATORY_CONSUMED_DIAGNOSTIC_ONLY
density_rate,LINEAGE,HMSO01R_A|FIELD_LINEAGE|1e499d17b9c103b93706f70e5fa2f7497086b8d1dab61b6d4e57ae6874e328ff,0.0,0.0,,0.00904602808060823,0.00904602808060823,1.0,0.0,0.0,,,0.0,0.0,NOT_EVALUABLE_RATIO,EXPLORATORY_CONSUMED_DIAGNOSTIC_ONLY
density_rate,LINEAGE,HMSO01R_A|FIELD_LINEAGE|20bbc33e3ce141e2f7eb99de3d0702689581411faf36ef6782c9dd4ff7bd0899,0.003196002494029208,0.00010623930297643804,0.03324130790727322,0.008737031851512199,0.008737031851512199,1.0,0.3657995699622002,0.012159656137461628,0.03324130790727322,3.403961962378087,-0.00308976319105277,0.0,EVALUABLE,EXPLORATORY_CONSUMED_DIAGNOSTIC_ONLY
density_rate,LINEAGE,HMSO01R_A|FIELD_LINEAGE|20fd9f4e76cc9e98a79b808be25ffb0cc4d95c0522637973fd5963586426d614,2.7028080984035107e-12,1.0061772246002917e-12,0.37227105586764314,0.006747798865889753,0.006747798865889753,1.0,4.005466304080661e-10,1.491119170262374e-10,0.3722710558676432,0.9881330452362435,-1.696630873803219e-12,0.0,EVALUABLE,EXPLORATORY_CONSUMED_DIAGNOSTIC_ONLY
density_rate,LINEAGE,HMSO01R_A|FIELD_LINEAGE|21308456c1ed84c2854c7a093be1e48cf9af8d5768485e2a86892e0fd138af17,5.760475677785831e-05,0.0,0.0,0.008875768036561194,0.008875768036561194,1.0,0.00649011516981651,0.0,0.0,,-5.760475677785831e-05,0.0,NOT_EVALUABLE_RATIO,EXPLORATORY_CONSUMED_DIAGNOSTIC_ONLY
density_rate,LINEAGE,HMSO01R_A|FIELD_LINEAGE|21b79bdb11d90c0a9b01efce71ed9eec0d7fba61736210c4c1ab358a9c4e965a,8.337821109669546e-06,5.558454036319828e-10,6.666554682821837e-05,0.004395486245676141,0.004395486245676141,1.0,0.0018969052895732516,1.2645822841074074e-07,6.666554682821838e-05,9.615822277802152,-8.337265264265914e-06,0.0,EVALUABLE,EXPLORATORY_CONSUMED_DIAGNOSTIC_ONLY
density_rate,LINEAGE,HMSO01R_A|FIELD_LINEAGE|21dfb26365637485a590f4aa1b2a5297d551eab87745fb26abbdd41a0e1d8daa,0.00018988423519378402,0.00018988423519378402,1.0,0.01038746478120343,0.01038746478120343,1.0,0.018280132755529317,0.018280132755529317,1.0,0.0,0.0,0.0,EVALUABLE,EXPLORATORY_CONSUMED_DIAGNOSTIC_ONLY
density_rate,LINEAGE,HMSO01R_A|FIELD_LINEAGE|226b761343bde11d0f8531972b4efd2a54f34c441ce74b43268bfdfde41542ed,0.0,0.0,,0.007892186214468574,0.007892186214468574,1.0,0.0,0.0,,,0.0,0.0,NOT_EVALUABLE_RATIO,EXPLORATORY_CONSUMED_DIAGNOSTIC_ONLY
density_rate,LINEAGE,HMSO01R_A|FIELD_LINEAGE|292cdf1c570d6fb417a11eb6a7d4d830f9162a0bf0e09496e15edbaa84e1f3f4,0.0,0.0,,0.009453025721693235,0.009453025721693235,1.0,0.0,0.0,,,0.0,0.0,NOT_EVALUABLE_RATIO,EXPLORATORY_CONSUMED_DIAGNOSTIC_ONLY
density_rate,LINEAGE,HMSO01R_A|FIELD_LINEAGE|29dc93f9e64f8875b47eb06f84606bc0c4a0e9315877441085164bd7870ebc8e,0.013895544562443855,0.0009170366230058279,0.0659950114862246,0.01026918321263056,0.01026918321263056,1.0,1.3531304559210764,0.08929985998087177,0.0659950114862246,2.718176123354343,-0.012978507939438028,0.0,EVALUABLE,EXPLORATORY_CONSUMED_DIAGNOSTIC_ONLY
density_rate,LINEAGE,HMSO01R_A|FIELD_LINEAGE|2bf67fa14447cc7892bedcae7ba79ef420cf3b1aa476bde75527a097c9a5c922,0.0,0.0,,0.010269021730407928,0.010269021730407928,1.0,0.0,0.0,,,0.0,0.0,NOT_EVALUABLE_RATIO,EXPLORATORY_CONSUMED_DIAGNOSTIC_ONLY
density_rate,LINEAGE,HMSO01R_A|FIELD_LINEAGE|2d885ab8e36e98def0f3a036fab45f57940afd290e12c42ece2cbbf2a0b7faed,5.494731755780591e-33,2.60707424971738e-33,0.47446797506987937,0.011613687922274418,0.011613687922274418,1.0,4.731254871453879e-31,2.244828918398224e-31,0.4744679750698793,0.7455611551595133,-2.8876575060632113e-33,0.0,EVALUABLE,EXPLORATORY_CONSUMED_DIAGNOSTIC_ONLY
density_rate,LINEAGE,HMSO01R_A|FIELD_LINEAGE|2e00a5aa730d3fe2629242ac9cb05445890c5ccd2cee3bc6b04bd3dcaa176cdc,0.010096606767498283,0.00010692983756099787,0.010590670709808453,0.028408761462102937,0.028408761462102937,1.0,0.3554046796783829,0.0037639739311987053,0.010590670709808453,4.547781787114818,-0.009989676929937285,0.0,EVALUABLE,EXPLORATORY_CONSUMED_DIAGNOSTIC_ONLY
density_rate,LINEAGE,HMSO01R_A|FIELD_LINEAGE|3264ae7008b91adb6f4b677f3ecc13cbe5ab1143b7f33ef501525d095e0b618c,0.0039922773376013234,0.003998469484580003,1.0015510312673819,0.007806328842434591,0.007806328842434591,1.0,0.511415470470526,0.5122086918558486,1.0015510312673819,0.0015498296607115594,6.192146978679577e-06,0.0,EVALUABLE,EXPLORATORY_CONSUMED_DIAGNOSTIC_ONLY
density_rate,LINEAGE,HMSO01R_A|FIELD_LINEAGE|3283083498700d830b6f9393659c16097acacaf984f6c43b70c65438a233286d,1.145585622603981e-33,1.4249307674346117e-33,1.2438448417287775,0.006557671893305557,0.006557671893305557,1.0,1.7469395255554943e-31,2.172921717674319e-31,1.2438448417287773,0.2182072612397305,2.793451448306307e-34,0.0,EVALUABLE,EXPLORATORY_CONSUMED_DIAGNOSTIC_ONLY
density_rate,LINEAGE,HMSO01R_A|FIELD_LINEAGE|34168bb92814c253cb6b05f8022442aa6cab311b67f648a00b758da530873bc9,4.100439227648321e-12,4.108176027146005e-12,1.0018868221349353,0.010839707414507432,0.010839707414507432,1.0,3.782795116923965e-10,3.789932578482502e-10,1.0018868221349353,0.00188504432197748,7.736799497683967e-15,0.0,EVALUABLE,EXPLORATORY_CONSUMED_DIAGNOSTIC_ONLY
density_rate,LINEAGE,HMSO01R_A|FIELD_LINEAGE|34a4e80876c1805c1767ae4dec4e60fe92b927519de4d3f4fc98d8e491efa006,0.06468384781189879,1.294571084897693e-05,0.00020013823059232924,0.04176741282751531,0.04176741282751531,1.0,1.5486678114112615,0.0003099476355511449,0.00020013823059232924,8.516502277190803,-0.06467090210104981,0.0,EVALUABLE,EXPLORATORY_CONSUMED_DIAGNOSTIC_ONLY
density_rate,LINEAGE,HMSO01R_A|FIELD_LINEAGE|367777ab46eb41f1d6390744a91dc4aea35bac8f23f02a2f5c6dee473916edbd,8.348665567675618e-32,8.557553735003181e-32,1.025020545575132,0.011098836669366513,0.011098836669366513,1.0,7.522108682541893e-30,7.710315945654528e-30,1.025020545575132,0.024712656853027343,2.088881673275629e-33,0.0,EVALUABLE,EXPLORATORY_CONSUMED_DIAGNOSTIC_ONLY
density_rate,LINEAGE,HMSO01R_A|FIELD_LINEAGE|381d8f63546be0384f86ba8b518abcf8c4d107fec707374fb03828151e0b75af,1.406773142407166e-13,3.3271106272944244e-32,2.365065501322636e-19,0.0087949793234025,0.0087949793234025,1.0,1.5995184191779655e-11,3.782965831927926e-30,2.3650655013226365e-19,42.888311049207,-1.406773142407166e-13,0.0,EVALUABLE,EXPLORATORY_CONSUMED_DIAGNOSTIC_ONLY
density_rate,LINEAGE,HMSO01R_A|FIELD_LINEAGE|38ed780ae9e2ceb725d12dc596e69f348d116c6ab5da75f5bae97744169a86db,0.0,0.0,,0.009429750975380242,0.009429750975380242,1.0,0.0,0.0,,,0.0,0.0,NOT_EVALUABLE_RATIO,EXPLORATORY_CONSUMED_DIAGNOSTIC_ONLY
density_rate,LINEAGE,HMSO01R_A|FIELD_LINEAGE|39a5eaeb1afddf9af00bec82f67fdf5414fc1d1e11076c2f86704fda2809ab87,6.314580109527706e-33,1.2857532156127024e-32,2.036165815162759,0.004184503157258984,0.004184503157258984,1.0,1.509039394216638e-30,3.0726544282378365e-30,2.0361658151627586,0.7110685370040901,6.542952046599318e-33,0.0,EVALUABLE,EXPLORATORY_CONSUMED_DIAGNOSTIC_ONLY
density_rate,LINEAGE,HMSO01R_A|FIELD_LINEAGE|3c7ea9b77bf044ea3d9c6d199831fc605b20c1d7b4a9ad213eb80b5cab2c0296,0.0013789197978303924,1.2500232593596343e-05,0.009065235420699844,0.01327285612599276,0.01327285612599276,1.0,0.10389020906585428,0.0009417892030876944,0.009065235420699846,4.703308464820229,-0.001366419565236796,0.0,EVALUABLE,EXPLORATORY_CONSUMED_DIAGNOSTIC_ONLY
density_rate,LINEAGE,HMSO01R_A|FIELD_LINEAGE|3d33238d426baab3f4ff1c525309d0c0b825fb99fca42c8d1a5482ea92f2f1a6,0.0,0.0,,0.00857278784594282,0.00857278784594282,1.0,0.0,0.0,,,0.0,0.0,NOT_EVALUABLE_RATIO,EXPLORATORY_CONSUMED_DIAGNOSTIC_ONLY
density_rate,LINEAGE,HMSO01R_A|FIELD_LINEAGE|3e17b326e03465aac98a6b656cd3125c19ada3cc77d6223ebd6e30804155ff56,1.5531603221774035e-31,1.7967030946506684e-31,1.1568046575718842,0.011054522035850303,0.011054522035850303,1.0,1.404999978416467e-29,1.625310518920566e-29,1.1568046575718842,0.14566159866934447,2.4354277247326498e-32,0.0,EVALUABLE,EXPLORATORY_CONSUMED_DIAGNOSTIC_ONLY
density_rate,LINEAGE,HMSO01R_A|FIELD_LINEAGE|3e594f148c4f0181faaf58cc7906a2e9e8709c7be31e59cdc8bdd6b6b7c398a2,3.563082358751314e-14,7.07089137099019e-33,1.984487210525269e-19,0.010984079654825651,0.010984079654825651,1.0,3.2438606334996304e-12,6.437399939906414e-31,1.984487210525269e-19,43.06375621835031,-3.563082358751314e-14,0.0,EVALUABLE,EXPLORATORY_CONSUMED_DIAGNOSTIC_ONLY
density_rate,LINEAGE,HMSO01R_A|FIELD_LINEAGE|40ad278dca26109101acf56cf89434c2db030106327c552c8aaad7f18589b1fc,0.0034475521412056843,1.3225455406823128e-06,0.0003836187203305908,0.18553077725224038,0.18553077725224038,1.0,0.018582103693332387,7.128442839886515e-06,0.00038361872033059076,7.865861414449741,-0.003446229595665002,0.0,EVALUABLE,EXPLORATORY_CONSUMED_DIAGNOSTIC_ONLY
density_rate,LINEAGE,HMSO01R_A|FIELD_LINEAGE|41b714ff189f53f826864cf9fac2bed83a6e097351a7033fcea23d658bf21b54,0.0,0.0,,0.011751543003253992,0.011751543003253992,1.0,0.0,0.0,,,0.0,0.0,NOT_EVALUABLE_RATIO,EXPLORATORY_CONSUMED_DIAGNOSTIC_ONLY
density_rate,LINEAGE,HMSO01R_A|FIELD_LINEAGE|41ec221cb0eeb1bbfd7efc4d5d4cd642cd62a71a09fd5ce2fc9fff0cbe48931c,3.521559178227363e-34,2.8523151694130607e-34,0.8099580399068638,0.007759733239532044,0.007759733239532044,1.0,4.5382477329075466e-32,3.6757902383575645e-32,0.8099580399068638,0.21077283524157162,-6.692440088143023e-35,0.0,EVALUABLE,EXPLORATORY_CONSUMED_DIAGNOSTIC_ONLY
density_rate,LINEAGE,HMSO01R_A|FIELD_LINEAGE|429c6019f8749d53e4581b918e84a928af92c02c8bd8516136f7bea7e94cf671,1.0756348846480861e-13,1.0756348852560856e-13,1.000000000565247,0.009080265402714014,0.009080265402714014,1.0,1.184585292327015e-11,1.1845852929965985e-11,1.0000000005652472,5.652469601892342e-10,6.07999459678587e-23,0.0,EVALUABLE,EXPLORATORY_CONSUMED_DIAGNOSTIC_ONLY
density_rate,LINEAGE,HMSO01R_A|FIELD_LINEAGE|42e50ef40056d389a76817004688f104ee3861e2ea394e0b7ded0e04dbc7e54e,0.0031197444936974066,0.0001239645253908362,0.03973547373551672,0.008721868118070988,0.008721868118070988,1.0,0.3576922342168365,0.014213070378121402,0.039735473735516724,3.225510945287422,-0.0029957799683065704,0.0,EVALUABLE,EXPLORATORY_CONSUMED_DIAGNOSTIC_ONLY
density_rate,LINEAGE,HMSO01R_A|FIELD_LINEAGE|43048a070f7e90a4b3daec507e653fb282b428f5e4cf309a72c949e8f5226bf3,1.7751913196852466e-31,1.9384093685737577e-31,1.0919439201164247,0.011227150205743932,0.011227150205743932,1.0,1.581159321068885e-29,1.7265373073765828e-29,1.0919439201164247,0.08795952079925035,1.6321804888851104e-32,0.0,EVALUABLE,EXPLORATORY_CONSUMED_DIAGNOSTIC_ONLY
density_rate,LINEAGE,HMSO01R_A|FIELD_LINEAGE|4389c621e60229f631c944081b4adc544d96927c12f624ff90ee3e85668f651e,0.0008301992271293186,2.0687618585572654e-06,0.0024918860328389807,0.01205287747213414,0.01205287747213414,1.0,0.06887975332435861,0.00017164049525436356,0.0024918860328389807,5.994715412313408,-0.0008281304652707613,0.0,EVALUABLE,EXPLORATORY_CONSUMED_DIAGNOSTIC_ONLY
density_rate,LINEAGE,HMSO01R_A|FIELD_LINEAGE|440a69e5e6d8a6266c3153ff4cc4273aafca8ec71c677d3f24cfa0db89cae65c,0.0,0.0,,0.006973477427645073,0.006973477427645073,1.0,0.0,0.0,,,0.0,0.0,NOT_EVALUABLE_RATIO,EXPLORATORY_CONSUMED_DIAGNOSTIC_ONLY
density_rate,LINEAGE,HMSO01R_A|FIELD_LINEAGE|4666d705aea26a6f22073d7a13f6e76c36824d125314c031a782f73ac5ba6779,0.003174064981002053,0.00031878759691781553,0.10043511989385115,0.008958377251933656,0.008958377251933656,1.0,0.3543124934057599,0.03558541775509683,0.10043511989385114,2.2982433331506202,-0.0028552773840842373,0.0,EVALUABLE,EXPLORATORY_CONSUMED_DIAGNOSTIC_ONLY
density_rate,LINEAGE,HMSO01R_A|FIELD_LINEAGE|46ad1db2ba1a448aa8fcf8fea69b4b772861af80c9b661f505a8c591ffdfe68c,5.04564957905014e-32,7.011576618127957e-32,1.3896281357390479,0.010098659992552318,0.010098659992552318,1.0,4.996355539023263e-30,6.943076233182363e-30,1.3896281357390479,0.32903618310524635,1.965927039077818e-32,0.0,EVALUABLE,EXPLORATORY_CONSUMED_DIAGNOSTIC_ONLY
density_rate,LINEAGE,HMSO01R_A|FIELD_LINEAGE|4729596698ed7c65dd5f082aea4dac27cd26c6550de18eb2382e9ca6f186b90b,1.077319431268514e-13,2.2216182930260575e-16,0.002062172303353113,0.007951866006062729,0.007951866006062729,1.0,1.3548007856861964e-11,2.793832656803111e-14,0.002062172303353113,6.183995335601447,-1.075097812975488e-13,0.0,EVALUABLE,EXPLORATORY_CONSUMED_DIAGNOSTIC_ONLY
density_rate,LINEAGE,HMSO01R_A|FIELD_LINEAGE|475ead0c3c732d8046f08c0918482fe4219c4fa643d2e948ba96c0bc2f6d887d,0.0,0.0,,0.00767451210345914,0.00767451210345914,1.0,0.0,0.0,,,0.0,0.0,NOT_EVALUABLE_RATIO,EXPLORATORY_CONSUMED_DIAGNOSTIC_ONLY
density_rate,LINEAGE,HMSO01R_A|FIELD_LINEAGE|49aae8e0ac8e4584d3624cd5459480c917c8157571a4f7ac9660003550146055,0.011142620888295911,7.2855641216326e-05,0.006538465406541183,0.009501372504315863,0.009501372504315863,1.0,1.1727380316090685,0.007667907050611095,0.006538465406541183,5.0300527883648805,-0.011069765247079585,0.0,EVALUABLE,EXPLORATORY_CONSUMED_DIAGNOSTIC_ONLY
density_rate,LINEAGE,HMSO01R_A|FIELD_LINEAGE|4a864b01d23e69fbf80902fd3a728f366c9eb285ead51eb5724dfe25ca232031,1.035214024681188e-16,1.7394698312991788e-15,16.8029971564081,0.009347589725001553,0.009347589725001553,1.0,1.1074662615030593e-14,1.8608752442853816e-13,16.8029971564081,2.8215572726645877,1.63594842883106e-15,0.0,EVALUABLE,EXPLORATORY_CONSUMED_DIAGNOSTIC_ONLY
density_rate,LINEAGE,HMSO01R_A|FIELD_LINEAGE|4c3bbd0a7d56407cf1ccc6d516e10bc822949b03124ef92a27e554a97f6ed1b2,7.343091181101694e-15,3.572909320006764e-14,4.865674730012975,0.007982659774254528,0.007982659774254528,1.0,9.198802640674284e-13,4.475838155510549e-12,4.865674730012976,1.5822053966714582,2.8386002018965948e-14,0.0,EVALUABLE,EXPLORATORY_CONSUMED_DIAGNOSTIC_ONLY
density_rate,LINEAGE,HMSO01R_A|FIELD_LINEAGE|4cf69c455bf1f50d880646e37d5ce58645992adb18a995a52fdf89583dcd2384,0.0,0.0,,0.006499032801914311,0.006499032801914311,1.0,0.0,0.0,,,0.0,0.0,NOT_EVALUABLE_RATIO,EXPLORATORY_CONSUMED_DIAGNOSTIC_ONLY
density_rate,LINEAGE,HMSO01R_A|FIELD_LINEAGE|51aa7e7dbbb5aa6496f5ed0b95d8e85438067333a238c5e41877a3cd9ace3175,3.665353299010995e-33,8.338201104465987e-32,22.748696849266466,0.007424010107266031,0.007424010107266031,1.0,4.9371609764157495e-31,1.123139783485103e-29,22.748696849266462,3.1245078624053955,7.971665774564887e-32,0.0,EVALUABLE,EXPLORATORY_CONSUMED_DIAGNOSTIC_ONLY
density_rate,LINEAGE,HMSO01R_A|FIELD_LINEAGE|541d56dfe6d37f091e41084f899b04aeee2814cee915608e406b47dce85c3c8b,1.2000304258056818e-15,4.100875650339528e-15,3.417309729948108,0.004214727457966673,0.004214727457966673,1.0,2.847231375631147e-13,9.729871483357856e-13,3.417309729948108,1.2288536128496905,2.900845224533846e-15,0.0,EVALUABLE,EXPLORATORY_CONSUMED_DIAGNOSTIC_ONLY
density_rate,LINEAGE,HMSO01R_A|FIELD_LINEAGE|55cdcba2ab757796978976644840d2bce6b96e998f32047a71aff1f289ed6480,0.0010881480197560411,1.631409308543013e-05,0.014992531153149267,0.011285652051476181,0.011285652051476181,1.0,0.09641871065958565,0.0014455605233103233,0.014992531153149267,4.200203125008192,-0.001071833926670611,0.0,EVALUABLE,EXPLORATORY_CONSUMED_DIAGNOSTIC_ONLY
density_rate,LINEAGE,HMSO01R_A|FIELD_LINEAGE|56571c9b6d895bc0e855ce89225a188e41167fe16fc1aed7e4e19ab1ddaef9cb,0.0,0.0,,0.012738358710806037,0.012738358710806037,1.0,0.0,0.0,,,0.0,0.0,NOT_EVALUABLE_RATIO,EXPLORATORY_CONSUMED_DIAGNOSTIC_ONLY
density_rate,LINEAGE,HMSO01R_A|FIELD_LINEAGE|5717c014ee19e2404587fa3546273faef8d6d97d2a31a4b9e01b24770e476426,1.5358086094483393e-14,9.559443775763814e-13,62.24371784969714,0.009452275007965506,0.009452275007965506,1.0,1.6248031380319566e-12,1.0113378808496363e-10,62.24371784969714,4.131057612175091,9.40586291481898e-13,0.0,EVALUABLE,EXPLORATORY_CONSUMED_DIAGNOSTIC_ONLY
density_rate,LINEAGE,HMSO01R_A|FIELD_LINEAGE|5788e5f098ee24a0bfe3ef48cb7ba08a0bdbab2c319fd19eedc3c9eb4ac76f03,0.0011014252242686623,2.3540261872955746e-05,0.021372546546304397,0.008151292960967713,0.008151292960967713,1.0,0.13512276267615614,0.00288791753476139,0.0213725465463044,3.8456480522066525,-0.0010778849623957066,0.0,EVALUABLE,EXPLORATORY_CONSUMED_DIAGNOSTIC_ONLY
density_rate,LINEAGE,HMSO01R_A|FIELD_LINEAGE|5851badadb2dbcb7aa9bd12e7e1999f87fd380febbee831ba86fec2a8906fa0a,0.0,0.0,,0.004512900544849553,0.004512900544849553,1.0,0.0,0.0,,,0.0,0.0,NOT_EVALUABLE_RATIO,EXPLORATORY_CONSUMED_DIAGNOSTIC_ONLY
density_rate,LINEAGE,HMSO01R_A|FIELD_LINEAGE|5915fb95e293a089619d78d1366edf95fa145cc69452df6337d9252e862b1502,1.7683877616187386e-16,7.250588727524169e-16,4.100112478095391,0.00478468951350715,0.00478468951350715,1.0,3.6959300214289566e-14,1.5153728799028233e-13,4.100112478095392,1.4110144070157682,5.48220096590543e-16,0.0,EVALUABLE,EXPLORATORY_CONSUMED_DIAGNOSTIC_ONLY
density_rate,LINEAGE,HMSO01R_A|FIELD_LINEAGE|5932ef4f3ff2f79b2fa4005d45fb593b78f4308c6edd18917a8552256cdfcf19,0.0,0.0,,0.009115514537337333,0.009115514537337333,1.0,0.0,0.0,,,0.0,0.0,NOT_EVALUABLE_RATIO,EXPLORATORY_CONSUMED_DIAGNOSTIC_ONLY
density_rate,LINEAGE,HMSO01R_A|FIELD_LINEAGE|59aef3f6a7aa33f774612e58955e925638af1b151b9e6b2d7127236b21c1a5a6,0.0,0.0,,0.0078091072577556216,0.0078091072577556216,1.0,0.0,0.0,,,0.0,0.0,NOT_EVALUABLE_RATIO,EXPLORATORY_CONSUMED_DIAGNOSTIC_ONLY
density_rate,LINEAGE,HMSO01R_A|FIELD_LINEAGE|5a0dbac6ae904f5529ad460639c41b1b383ca8809b93f779bcc31cb0fd08d08b,0.0,0.0,,0.005895987798692422,0.005895987798692422,1.0,0.0,0.0,,,0.0,0.0,NOT_EVALUABLE_RATIO,EXPLORATORY_CONSUMED_DIAGNOSTIC_ONLY
density_rate,LINEAGE,HMSO01R_A|FIELD_LINEAGE|5c056a7425c54539d868f52b6ae68a4c578195d4f6b5cb7d636be4eab2c2df8c,0.0,0.0,,0.007704678231906624,0.007704678231906624,1.0,0.0,0.0,,,0.0,0.0,NOT_EVALUABLE_RATIO,EXPLORATORY_CONSUMED_DIAGNOSTIC_ONLY
density_rate,LINEAGE,HMSO01R_A|FIELD_LINEAGE|5c07d2280b8a6c46f1c42b9f7878f3f5c5e2174c9419aaf05f2bb6b52ab2f5f6,0.0,0.0,,0.009775916804953037,0.009775916804953037,1.0,0.0,0.0,,,0.0,0.0,NOT_EVALUABLE_RATIO,EXPLORATORY_CONSUMED_DIAGNOSTIC_ONLY
density_rate,LINEAGE,HMSO01R_A|FIELD_LINEAGE|5cf76bdd12cdf0612bba343b6cf1b9e46ef0764cc183560f7b16acacca9460f1,0.0,0.0,,0.004104337212374682,0.004104337212374682,1.0,0.0,0.0,,,0.0,0.0,NOT_EVALUABLE_RATIO,EXPLORATORY_CONSUMED_DIAGNOSTIC_ONLY
density_rate,LINEAGE,HMSO01R_A|FIELD_LINEAGE|5d84595c43a38b585d7953f18ac50da686f8debb482b1cca6058cffe84d274b6,0.00483304278105464,0.004838451641382095,1.0011191418268957,0.007593124556397188,0.007593124556397188,1.0,0.6365025023832666,0.6372148389566074,1.0011191418268957,0.0011185160545231405,5.4088603274543914e-06,0.0,EVALUABLE,EXPLORATORY_CONSUMED_DIAGNOSTIC_ONLY
density_rate,LINEAGE,HMSO01R_A|FIELD_LINEAGE|5e2623db68536d2f4bee911245429597fdaee9006859890dec92aeaff707fe09,0.002452286279177392,0.00011240372250859921,0.04583629711711494,0.011070139659213244,0.011070139659213244,1.0,0.22152261440861315,0.010153776372193281,0.04583629711711495,3.0826789882608545,-0.002339882556668793,0.0,EVALUABLE,EXPLORATORY_CONSUMED_DIAGNOSTIC_ONLY
density_rate,LINEAGE,HMSO01R_A|FIELD_LINEAGE|61b0a8ee57598b36eed2786a9e3e1cafd7d1e5cb7b5052c92f6d5c1826bc6619,0.0010899463960886524,1.940001264470107e-05,0.017799052058265753,0.00962131431643076,0.00962131431643076,1.0,0.11328456385914977,0.002016357849526938,0.017799052058265753,4.028610078255813,-0.0010705463834439514,0.0,EVALUABLE,EXPLORATORY_CONSUMED_DIAGNOSTIC_ONLY
density_rate,LINEAGE,HMSO01R_A|FIELD_LINEAGE|61d4f5ea89fdb94c7fd8a7150c89f5910fdf9e6c5a71383e850b5a750c8fcf55,0.012059028606042185,0.00046885668264346473,0.03888013686347371,0.11108173907552918,0.11108173907552918,1.0,0.10855995509615438,0.004220825912031043,0.03888013686347371,3.2472717792450214,-0.01159017192339872,0.0,EVALUABLE,EXPLORATORY_CONSUMED_DIAGNOSTIC_ONLY
density_rate,LINEAGE,HMSO01R_A|FIELD_LINEAGE|6260b45ec31956360cb50305f8ad9fa70be57f53fb24bc0523fc70aeb48f57ae,0.008793470699412796,0.0007528702712461177,0.08561696478915796,0.023893238249309834,0.023893238249309834,1.0,0.3680317672999724,0.03150976286221332,0.08561696478915798,2.4578718286816192,-0.008040600428166678,0.0,EVALUABLE,EXPLORATORY_CONSUMED_DIAGNOSTIC_ONLY
density_rate,LINEAGE,HMSO01R_A|FIELD_LINEAGE|6359faeb0765247f7e12d6c9e8bbc8898fa74fca5c76c863a6009dffddbcb32e,0.0238837513528863,0.00105982706515253,0.044374397032250636,0.017260251424003767,0.017260251424003767,1.0,1.3837429575140057,0.061402759387307215,0.04437439703225064,3.1150926192844945,-0.022823924287733773,0.0,EVALUABLE,EXPLORATORY_CONSUMED_DIAGNOSTIC_ONLY
density_rate,LINEAGE,HMSO01R_A|FIELD_LINEAGE|64cf1977fe8b52c7e0fc1798d4810be4243b09c0886573ce42439c1eaf431667,7.52316384526264e-37,7.52316384526264e-37,1.0,0.010735684292875334,0.010735684292875334,1.0,7.007623957659912e-35,7.007623957659912e-35,1.0,0.0,0.0,0.0,EVALUABLE,EXPLORATORY_CONSUMED_DIAGNOSTIC_ONLY
density_rate,LINEAGE,HMSO01R_A|FIELD_LINEAGE|66e31e43c39c0807b2398e5067c9aaab318a50b596f04344988d8e71103f4693,0.0018942019753829514,1.8938359793771783e-05,0.009998067808974283,0.007985246684106212,0.007985246684106212,1.0,0.23721270617138976,0.002371668721451847,0.009998067808974283,4.605363423759878,-0.0018752636155891795,0.0,EVALUABLE,EXPLORATORY_CONSUMED_DIAGNOSTIC_ONLY
density_rate,LINEAGE,HMSO01R_A|FIELD_LINEAGE|6918def6b8a6923e67fc2a25f9ee5a59a177f2b6c9bf8dfd922cd28ef3b4c287,0.007612397621886009,0.0006456584149483817,0.08481669600285759,0.024449234561376338,0.024449234561376338,1.0,0.3113552533833386,0.026408123875107326,0.08481669600285759,2.467262868737796,-0.006966739206937627,0.0,EVALUABLE,EXPLORATORY_CONSUMED_DIAGNOSTIC_ONLY
density_rate,LINEAGE,HMSO01R_A|FIELD_LINEAGE|6aba5ce17b9c02240405669069c0b485de9d3ce1714e3e85b0411d61ec7beb5e,3.997984823314717e-34,2.97582597502457e-34,0.7443314836191203,0.00924159569849882,0.00924159569849882,1.0,4.326076311652694e-32,3.220034799301981e-32,0.7443314836191202,0.29526880087481533,-1.0221588482901475e-34,0.0,EVALUABLE,EXPLORATORY_CONSUMED_DIAGNOSTIC_ONLY
density_rate,LINEAGE,HMSO01R_A|FIELD_LINEAGE|6ad90de4847db7d34a3540ed573a050180b363be817d3503c19045b1a2f0ed3c,0.008174021684108058,0.0002782547797171487,0.03404135570843077,0.022797241728411424,0.022797241728411424,1.0,0.3585530996024424,0.01220563360392715,0.034041355708430775,3.3801791491478617,-0.00789576690439091,0.0,EVALUABLE,EXPLORATORY_CONSUMED_DIAGNOSTIC_ONLY
density_rate,LINEAGE,HMSO01R_A|FIELD_LINEAGE|6af5032f0b166e8e3ff27ce0b5fdfb49cda87c61afe66a4eb6eb807e625daf8a,1.2785775017343544e-12,3.323937014843158e-12,2.599714925637539,0.008336479471293116,0.008336479471293116,1.0,1.5337139689927495e-10,3.987219096849241e-10,2.599714925637539,0.9554017950305334,2.0453595131088035e-12,0.0,EVALUABLE,EXPLORATORY_CONSUMED_DIAGNOSTIC_ONLY
density_rate,LINEAGE,HMSO01R_A|FIELD_LINEAGE|6d1fc2b84d6da564ae936d907e04365ad5b63a9377b77c1faa05d68a9fe06d3c,0.0,0.0,,0.013713252118273019,0.013713252118273019,1.0,0.0,0.0,,,0.0,0.0,NOT_EVALUABLE_RATIO,EXPLORATORY_CONSUMED_DIAGNOSTIC_ONLY
density_rate,LINEAGE,HMSO01R_A|FIELD_LINEAGE|6d4353b03da9874056ea6f087e4493dcb629a7b8bd4a1eabce0a6b1b20255b6c,0.06901579133178447,0.008408932099900571,0.12184069671063714,0.08689455852936068,0.08689455852936068,1.0,0.7942475627914586,0.09677167641123684,0.12184069671063714,2.105040852169318,-0.0606068592318839,0.0,EVALUABLE,EXPLORATORY_CONSUMED_DIAGNOSTIC_ONLY
density_rate,LINEAGE,HMSO01R_A|FIELD_LINEAGE|70dd50135b0ce37b393c6eae858eae2988f95a40a860753345e473ce01dd9d91,0.0,0.0,,0.010343973212392485,0.010343973212392485,1.0,0.0,0.0,,,0.0,0.0,NOT_EVALUABLE_RATIO,EXPLORATORY_CONSUMED_DIAGNOSTIC_ONLY
density_rate,LINEAGE,HMSO01R_A|FIELD_LINEAGE|724fd3a44cb8ec4985e45f721837e7f4eeea1666b35a166345e025918455e304,0.0,0.0,,0.009595638828872658,0.009595638828872658,1.0,0.0,0.0,,,0.0,0.0,NOT_EVALUABLE_RATIO,EXPLORATORY_CONSUMED_DIAGNOSTIC_ONLY
density_rate,LINEAGE,HMSO01R_A|FIELD_LINEAGE|72bbc35959df916eca72e8fb7e723c361c09592753187c3754f344aae218c230,0.0,0.0,,0.008691393754400655,0.008691393754400655,1.0,0.0,0.0,,,0.0,0.0,NOT_EVALUABLE_RATIO,EXPLORATORY_CONSUMED_DIAGNOSTIC_ONLY
density_rate,LINEAGE,HMSO01R_A|FIELD_LINEAGE|73f5ee97e40c47c1aa5579bcf72cf190dfaf3aad2886cc887f3295530388016c,0.0,0.0,,0.005768528739036135,0.005768528739036135,1.0,0.0,0.0,,,0.0,0.0,NOT_EVALUABLE_RATIO,EXPLORATORY_CONSUMED_DIAGNOSTIC_ONLY
density_rate,LINEAGE,HMSO01R_A|FIELD_LINEAGE|75819144781d043ebbeb8c2d3fbfa9139c47542df53315ab71a80a7addb49109,0.0,0.0,,0.010862765448810574,0.010862765448810574,1.0,0.0,0.0,,,0.0,0.0,NOT_EVALUABLE_RATIO,EXPLORATORY_CONSUMED_DIAGNOSTIC_ONLY
density_rate,LINEAGE,HMSO01R_A|FIELD_LINEAGE|7583af7a3fd0bfbef70db28fd30d8a1112bd000451f8c0ebdcd0eabb3acf22a1,1.3525837317723916e-14,5.889871266174682e-14,4.35453356995263,0.004090512523434232,0.004090512523434232,1.0,3.306636329857306e-12,1.4398858901988596e-11,4.35453356995263,1.471217502376339,4.537287534402291e-14,0.0,EVALUABLE,EXPLORATORY_CONSUMED_DIAGNOSTIC_ONLY
density_rate,LINEAGE,HMSO01R_A|FIELD_LINEAGE|788bb18808dd1be8d0fa3d7caafb9ed17441fce457a419d2bbaf861831d83a81,1.590079030911833e-12,6.979123840729322e-14,0.04389167899866671,0.00811397264500901,0.00811397264500901,1.0,1.9596800488228258e-10,8.601364764302298e-12,0.04389167899866671,3.1260305213163364,-1.5202877925045398e-12,0.0,EVALUABLE,EXPLORATORY_CONSUMED_DIAGNOSTIC_ONLY
density_rate,LINEAGE,HMSO01R_A|FIELD_LINEAGE|7a0ba19f2cf324db5922acc61291c51f82b574717f73f269f12eae7bcc99ab35,0.0,0.0,,0.008867084975791467,0.008867084975791467,1.0,0.0,0.0,,,0.0,0.0,NOT_EVALUABLE_RATIO,EXPLORATORY_CONSUMED_DIAGNOSTIC_ONLY
density_rate,LINEAGE,HMSO01R_A|FIELD_LINEAGE|7a40ff07646995058d8981271562dfa4f2cc77b96f79dba59c7ae90f96586134,0.014216886913170293,0.0006296904235300856,0.044291723453659226,0.03422571421451251,0.03422571421451251,1.0,0.4153861282211606,0.01839816751765788,0.044291723453659226,3.116957448874355,-0.013587196489640206,0.0,EVALUABLE,EXPLORATORY_CONSUMED_DIAGNOSTIC_ONLY
density_rate,LINEAGE,HMSO01R_A|FIELD_LINEAGE|7a536ab09e10cdf42c9afdd1f0f02ad4a5141ab50a8f50eb0b247ee08a4c67c0,0.007828652279335914,5.081338140329106e-05,0.006490693364605719,0.009059037717336679,0.009059037717336679,1.0,0.8641814421805396,0.005609136752576629,0.006490693364605719,5.0373859181320455,-0.007777838897932623,0.0,EVALUABLE,EXPLORATORY_CONSUMED_DIAGNOSTIC_ONLY
density_rate,LINEAGE,HMSO01R_A|FIELD_LINEAGE|7b060c06cca73ad49fc21e32e1688bcbe34e5745a78029b452cbacf697a204be,0.0,0.0,,0.009360494021959188,0.009360494021959188,1.0,0.0,0.0,,,0.0,0.0,NOT_EVALUABLE_RATIO,EXPLORATORY_CONSUMED_DIAGNOSTIC_ONLY
density_rate,LINEAGE,HMSO01R_A|FIELD_LINEAGE|7be8c21ecd7eaebf293b54b94f1920e19f00da5d0e416aaa8f7c69137970c399,2.1734278590274208e-15,1.116709942497374e-14,5.138012462015125,0.005089296889377461,0.005089296889377461,1.0,4.2705857140381556e-13,2.1942322618831803e-12,5.138012462015125,1.6366663241450705,8.993671565946318e-15,0.0,EVALUABLE,EXPLORATORY_CONSUMED_DIAGNOSTIC_ONLY
density_rate,LINEAGE,HMSO01R_A|FIELD_LINEAGE|7c009b8ab0dfadca9095462a890aab36eac46b48a3c131f7a908a8d37a21f707,0.0010215505373037718,1.3544420049838099e-05,0.013258688195286498,0.004838880290856182,0.004838880290856182,1.0,0.21111300050843385,0.0027990814477126848,0.0132586881952865,4.323102228583836,-0.0010080061172539337,0.0,EVALUABLE,EXPLORATORY_CONSUMED_DIAGNOSTIC_ONLY
density_rate,LINEAGE,HMSO01R_A|FIELD_LINEAGE|7cb12f064a9c8069fd15f2a86fa0ddd017328ca5cc4b0fc515bbfbdd4c6e6858,0.019923954489047775,0.0009672431511299704,0.04854674566043931,0.03954565145800134,0.03954565145800134,1.0,0.5038216277763842,0.024458900421888648,0.04854674566043931,3.0252281171724213,-0.018956711337917806,0.0,EVALUABLE,EXPLORATORY_CONSUMED_DIAGNOSTIC_ONLY
density_rate,LINEAGE,HMSO01R_A|FIELD_LINEAGE|7f5e5896e83ee81bc858adc8fff5befe2b2c76e1183ff21435261a6621560b2c,0.0,0.0,,0.005789043768512708,0.005789043768512708,1.0,0.0,0.0,,,0.0,0.0,NOT_EVALUABLE_RATIO,EXPLORATORY_CONSUMED_DIAGNOSTIC_ONLY
density_rate,LINEAGE,HMSO01R_A|FIELD_LINEAGE|7fcdfe3b32b571e4d4b1a4e7c1702d5dffaf41926d62628c6a434d692409d901,4.16026847661731e-33,5.8504308068392614e-33,1.4062628024420702,0.01252423186381245,0.01252423186381245,1.0,3.321775356649218e-31,4.671289122124537e-31,1.4062628024420702,0.34093569088795794,1.6901623302219513e-33,0.0,EVALUABLE,EXPLORATORY_CONSUMED_DIAGNOSTIC_ONLY
density_rate,LINEAGE,HMSO01R_A|FIELD_LINEAGE|7fd6bba4cc2991027e04cc510555a1b3e651423143c79ecd367c197fbfdf8786,3.9188394441597477e-16,1.155213714470882e-15,2.9478465013219632,0.0070866393518457076,0.0070866393518457076,1.0,5.5298982346817044e-14,1.6301291163772964e-13,2.9478465013219632,1.0810749042204355,7.633297700549072e-16,0.0,EVALUABLE,EXPLORATORY_CONSUMED_DIAGNOSTIC_ONLY
density_rate,LINEAGE,HMSO01R_A|FIELD_LINEAGE|7fd9257249644666dfcbc65ef0f9aa8090d87f1c93f77579cc137a1fc016a884,7.801896205014165e-15,8.93137474893583e-13,114.47697475385235,0.01201886786880039,0.01201886786880039,1.0,6.491373638666083e-13,7.431128161513998e-11,114.47697475385235,4.740373708919397,8.853355786885688e-13,0.0,EVALUABLE,EXPLORATORY_CONSUMED_DIAGNOSTIC_ONLY
density_rate,LINEAGE,HMSO01R_A|FIELD_LINEAGE|81c7292472bf739bf28836ff17c69dda49199278b75cd9c66130df6be7c143fb,0.0,0.0,,0.00701029425740852,0.00701029425740852,1.0,0.0,0.0,,,0.0,0.0,NOT_EVALUABLE_RATIO,EXPLORATORY_CONSUMED_DIAGNOSTIC_ONLY
density_rate,LINEAGE,HMSO01R_A|FIELD_LINEAGE|8319212c9598ce2f7cd195e20de66435ffdb6ab6aeedf4d663d53cb3966ebc0a,0.0007354528771818267,1.0579420528162917e-05,0.014384906030556404,0.01563233906444475,0.01563233906444475,1.0,0.047046886211327806,0.0006767650371802302,0.014384906030556402,4.241575814460414,-0.0007248734566536638,0.0,EVALUABLE,EXPLORATORY_CONSUMED_DIAGNOSTIC_ONLY
density_rate,LINEAGE,HMSO01R_A|FIELD_LINEAGE|83c68f311cba3e93368aeeec1e81f7eebc2d9d8bfb68a0ba32cbc3fe731f6155,5.2151519998802276e-11,7.644369265020775e-12,0.14657998971451527,0.007697585133321069,0.007697585133321069,1.0,6.775049459739053e-09,9.930866801238827e-10,0.1465799897145153,1.9201839946542043,-4.45071507337815e-11,0.0,EVALUABLE,EXPLORATORY_CONSUMED_DIAGNOSTIC_ONLY
density_rate,LINEAGE,HMSO01R_A|FIELD_LINEAGE|8573999ac09da70da8d1802997d1dd1b2879d7ff239af35fb1a185a39cc1f420,0.008382041793930888,0.00048267336256624144,0.05758422284600472,0.02776821152835195,0.02776821152835195,1.0,0.30185745975655076,0.01738222723035012,0.05758422284600472,2.8545066577237215,-0.007899368431364646,0.0,EVALUABLE,EXPLORATORY_CONSUMED_DIAGNOSTIC_ONLY
density_rate,LINEAGE,HMSO01R_A|FIELD_LINEAGE|86c895c14384dc9ce73736790948d3516d7de8be96dc834ec48d9a651e6b8e5e,0.005372338330137101,3.0293967177563992e-05,0.0056388792581480805,0.010060691493499543,0.010060691493499543,1.0,0.5339929500480458,0.0030111217700232295,0.0056388792581480805,5.178069946312545,-0.005342044362959536,0.0,EVALUABLE,EXPLORATORY_CONSUMED_DIAGNOSTIC_ONLY
density_rate,LINEAGE,HMSO01R_A|FIELD_LINEAGE|86f4c153dee170c8ee8f47b2eb988fa25bcda8c9a7b6fd68a3d7256dc3af0a1f,0.0,0.0,,0.008008771308198975,0.008008771308198975,1.0,0.0,0.0,,,0.0,0.0,NOT_EVALUABLE_RATIO,EXPLORATORY_CONSUMED_DIAGNOSTIC_ONLY
density_rate,LINEAGE,HMSO01R_A|FIELD_LINEAGE|87172e4156e9f066a6ea7ab3304062c939784ea4bd0f5f1cf466bbc2d6008cc6,0.0,0.0,,0.008285044957570084,0.008285044957570084,1.0,0.0,0.0,,,0.0,0.0,NOT_EVALUABLE_RATIO,EXPLORATORY_CONSUMED_DIAGNOSTIC_ONLY
density_rate,LINEAGE,HMSO01R_A|FIELD_LINEAGE|8788043b5775de130eade6a54c5654805d8ed31cc68fcfa8928c3b7150abef48,9.105965517744075e-33,1.0669592887530247e-32,1.1717146157361629,0.007298601402016288,0.007298601402016288,1.0,1.2476315688685902e-30,1.4618681442971662e-30,1.1717146157361629,0.15846815957181032,1.5636273697861723e-33,0.0,EVALUABLE,EXPLORATORY_CONSUMED_DIAGNOSTIC_ONLY
density_rate,LINEAGE,HMSO01R_A|FIELD_LINEAGE|88fd5f86ca9cc426c28ce681d06ea15f58c6c7889170fcda146bde128f6121e4,0.0,0.0,,0.00960024776402527,0.00960024776402527,1.0,0.0,0.0,,,0.0,0.0,NOT_EVALUABLE_RATIO,EXPLORATORY_CONSUMED_DIAGNOSTIC_ONLY
density_rate,LINEAGE,HMSO01R_A|FIELD_LINEAGE|8a6dd2252f8c5f8f08c3ba5ae9cf89d97575348634ba471a1a84e7de612ac6f3,0.020429301046651287,0.0008122892623181058,0.03976099135566138,0.05087702321142734,0.05087702321142734,1.0,0.4015427742648025,0.015965738776471103,0.039760991355661385,3.2248689640121087,-0.019617011784333182,0.0,EVALUABLE,EXPLORATORY_CONSUMED_DIAGNOSTIC_ONLY
density_rate,LINEAGE,HMSO01R_A|FIELD_LINEAGE|8af782533dccfef4a682f44ff365b7014ae448a56bd62c92877bbd37640adb31,3.5803422142950346e-05,3.4905546361553643e-06,0.09749220681248903,0.00785689967519339,0.00785689967519339,1.0,0.004556940221089063,0.0004442661584665643,0.09749220681248902,2.327982834301236,-3.231286750679498e-05,0.0,EVALUABLE,EXPLORATORY_CONSUMED_DIAGNOSTIC_ONLY
density_rate,LINEAGE,HMSO01R_A|FIELD_LINEAGE|8d1e4918227588e163eea87a946c88983d6e03486114766be90d0602757fb4c2,0.004434002394653593,4.273457711755168e-05,0.009637923779445844,0.012669784296996629,0.012669784296996629,1.0,0.34996668378203355,0.003372952223636665,0.009637923779445843,4.642049569132491,-0.004391267817536041,0.0,EVALUABLE,EXPLORATORY_CONSUMED_DIAGNOSTIC_ONLY
density_rate,LINEAGE,HMSO01R_A|FIELD_LINEAGE|8e3408f57249bc00fdafb475f758686e9ee7a95dad97ecf63f9b3a27f383de5d,0.013175019437756336,0.0008807440096408848,0.06684954157387359,0.0286788652555469,0.0286788652555469,1.0,0.45939821259866964,0.030710559912077984,0.06684954157387359,2.7053108329913766,-0.012294275428115451,0.0,EVALUABLE,EXPLORATORY_CONSUMED_DIAGNOSTIC_ONLY
density_rate,LINEAGE,HMSO01R_A|FIELD_LINEAGE|8e40e60ae6de8d393e4f96f7c0cdfd3570298138a8d1d44c6db1dc858b71a31e,0.0,0.0,,0.00943236695019567,0.00943236695019567,1.0,0.0,0.0,,,0.0,0.0,NOT_EVALUABLE_RATIO,EXPLORATORY_CONSUMED_DIAGNOSTIC_ONLY
density_rate,LINEAGE,HMSO01R_A|FIELD_LINEAGE|8fbd2d8c6238dbc0e3f8ebbea9ee429eb1cbd0b7ebf5580cffb8e79372f4cf04,0.0,0.0,,0.009044498644714299,0.009044498644714299,1.0,0.0,0.0,,,0.0,0.0,NOT_EVALUABLE_RATIO,EXPLORATORY_CONSUMED_DIAGNOSTIC_ONLY
density_rate,LINEAGE,HMSO01R_A|FIELD_LINEAGE|9035657b1a9729d4b57919992bee8d9ea960c2a587c8d3877d9c920d8fa2a77c,0.0,0.0,,0.00557110878626055,0.00557110878626055,1.0,0.0,0.0,,,0.0,0.0,NOT_EVALUABLE_RATIO,EXPLORATORY_CONSUMED_DIAGNOSTIC_ONLY
density_rate,LINEAGE,HMSO01R_A|FIELD_LINEAGE|9239a350bed02b809dafe66125991e7de2c0c1c20b38f7689dc19527329619d6,2.0628268519863535e-14,2.1208879448831508e-14,1.0281463724601454,0.007864370658133238,0.007864370658133238,1.0,2.6230030877969908e-12,2.6968311096702363e-12,1.0281463724601454,0.027757542558717208,5.806109289679723e-16,0.0,EVALUABLE,EXPLORATORY_CONSUMED_DIAGNOSTIC_ONLY
density_rate,LINEAGE,HMSO01R_A|FIELD_LINEAGE|9415b727187c332c72260d653b657bcbe590635140818a0978bae1e8dcd4568b,0.0,0.0,,0.009089844898767387,0.009089844898767387,1.0,0.0,0.0,,,0.0,0.0,NOT_EVALUABLE_RATIO,EXPLORATORY_CONSUMED_DIAGNOSTIC_ONLY
density_rate,LINEAGE,HMSO01R_A|FIELD_LINEAGE|95873981d02cb2a4e333122aa57c7927c33fccc49c0b93590a6b549f6bec57f1,0.0,0.0,,0.008612805099775125,0.008612805099775125,1.0,0.0,0.0,,,0.0,0.0,NOT_EVALUABLE_RATIO,EXPLORATORY_CONSUMED_DIAGNOSTIC_ONLY
density_rate,LINEAGE,HMSO01R_A|FIELD_LINEAGE|970bbd18dffee12c05308155c993436bfc58e77384e4967420f4e2e03156c88b,0.0,0.0,,0.009972651776770093,0.009972651776770093,1.0,0.0,0.0,,,0.0,0.0,NOT_EVALUABLE_RATIO,EXPLORATORY_CONSUMED_DIAGNOSTIC_ONLY
density_rate,LINEAGE,HMSO01R_A|FIELD_LINEAGE|97c8122849aa3cb13b599389c011f78352d49decd5677988d0a2a6da7c39f700,1.7465386129887073e-35,1.135596835361511e-35,0.6501985280578813,0.007922044335242316,0.007922044335242316,1.0,2.204656448612623e-33,1.4334643777612433e-33,0.6501985280578813,0.43047753494466806,-6.109417776271963e-36,0.0,EVALUABLE,EXPLORATORY_CONSUMED_DIAGNOSTIC_ONLY
density_rate,LINEAGE,HMSO01R_A|FIELD_LINEAGE|97fbdfbd64658c72d9a31f61eea2acf4543cf9ba5532a2ed052d1358412ef553,1.3103675898817856e-05,1.3103675898817856e-05,1.0,0.007137824788330466,0.007137824788330466,1.0,0.001835808006977263,0.001835808006977263,1.0,0.0,0.0,0.0,EVALUABLE,EXPLORATORY_CONSUMED_DIAGNOSTIC_ONLY
density_rate,LINEAGE,HMSO01R_A|FIELD_LINEAGE|98ef721075a1ebd7c92edcbcf7747aac6c3d77c4f9c29f15e5d83577ad6d7f6b,0.07721048583395386,0.0003846835770061433,0.0049822711624096004,0.037438510502229565,0.037438510502229565,1.0,2.0623279291347814,0.010275076968760132,0.004982271162409601,5.301869435199074,-0.07682580225694771,0.0,EVALUABLE,EXPLORATORY_CONSUMED_DIAGNOSTIC_ONLY
density_rate,LINEAGE,HMSO01R_A|FIELD_LINEAGE|99c13161db8958c19a30a96b96a6940cece539d1c84e808e21dfa37710ec6894,0.002042143200981865,1.5167193435094127e-05,0.007427095919523039,0.007180246793831317,0.007180246793831317,1.0,0.2844112827342241,0.002112349877461669,0.007427095919523039,4.902620355402875,-0.0020269760075467707,0.0,EVALUABLE,EXPLORATORY_CONSUMED_DIAGNOSTIC_ONLY
density_rate,LINEAGE,HMSO01R_A|FIELD_LINEAGE|9a24c02f87d28fecb69b79ddff22c8eb176badf445e6b5b8234aa2a46b73c349,5.431215809232246e-13,1.5743013665927962e-12,2.8986168509760226,0.008243193482652634,0.008243193482652634,1.0,6.58872780392933e-11,1.9098197438963798e-10,2.8986168509760226,1.0642336752772792,1.0311797856695716e-12,0.0,EVALUABLE,EXPLORATORY_CONSUMED_DIAGNOSTIC_ONLY
density_rate,LINEAGE,HMSO01R_A|FIELD_LINEAGE|9aaa52aa8afb4f9adfe0d0e7ddb5e3e8101852fdd6ef0a635cf3875b473d16a7,3.2998866881487868e-12,5.671114379101421e-31,1.7185785195196736e-19,0.007525153239774343,0.007525153239774343,1.0,4.3851421798391714e-10,7.536211155311278e-29,1.7185785195196736e-19,43.20761925989281,-3.2998866881487868e-12,0.0,EVALUABLE,EXPLORATORY_CONSUMED_DIAGNOSTIC_ONLY
density_rate,LINEAGE,HMSO01R_A|FIELD_LINEAGE|9c004dbe18905f4181f1a701e81649fc67e98b969674994e8f64827f6fb4c765,0.001212679843538397,1.048962873902438e-05,0.008649957195971359,0.008135639641491076,0.008135639641491076,1.0,0.14905771358822634,0.0012893428422675161,0.008649957195971359,4.75020090649321,-0.0012021902147993726,0.0,EVALUABLE,EXPLORATORY_CONSUMED_DIAGNOSTIC_ONLY
density_rate,LINEAGE,HMSO01R_A|FIELD_LINEAGE|9c5f7b50a01e8dafcf4be2d7df61fd0da86b2229fe32286852ed3ad88cce82f1,0.012518371482445709,0.0004923197451053858,0.03932777884054304,0.03277872664785158,0.03277872664785158,1.0,0.3819053624911388,0.01501948963406893,0.03932777884054304,3.235824169074886,-0.012026051737340324,0.0,EVALUABLE,EXPLORATORY_CONSUMED_DIAGNOSTIC_ONLY
density_rate,LINEAGE,HMSO01R_A|FIELD_LINEAGE|9f471cc2328d66ccf0ca43f62bf5e261a867f85eeac6edc5a472072ca388bff6,0.0,0.0,,0.007664711548344218,0.007664711548344218,1.0,0.0,0.0,,,0.0,0.0,NOT_EVALUABLE_RATIO,EXPLORATORY_CONSUMED_DIAGNOSTIC_ONLY
density_rate,LINEAGE,HMSO01R_A|FIELD_LINEAGE|9ff02fac76e3803bb8391cba4035dfa7a72d5220975092d818302f10f07c08e9,0.0,0.0,,0.006070659545326316,0.006070659545326316,1.0,0.0,0.0,,,0.0,0.0,NOT_EVALUABLE_RATIO,EXPLORATORY_CONSUMED_DIAGNOSTIC_ONLY
density_rate,LINEAGE,HMSO01R_A|FIELD_LINEAGE|a1c0a919ad122615714cbb9f6b50981061d4f68fe06b618c4cd2688f52f12391,0.0,0.0,,0.006889803413923663,0.006889803413923663,1.0,0.0,0.0,,,0.0,0.0,NOT_EVALUABLE_RATIO,EXPLORATORY_CONSUMED_DIAGNOSTIC_ONLY
density_rate,LINEAGE,HMSO01R_A|FIELD_LINEAGE|a2187a6938903010b61ee85d06f597d4029728ee0de5541c03daf2ed126b189e,0.0,0.0,,0.010848348110448394,0.010848348110448394,1.0,0.0,0.0,,,0.0,0.0,NOT_EVALUABLE_RATIO,EXPLORATORY_CONSUMED_DIAGNOSTIC_ONLY
density_rate,LINEAGE,HMSO01R_A|FIELD_LINEAGE|a2bcc80ca3b9ebb8f54401e7b09de472e9adbce971c85048bd40ce15be44ea6a,0.02051734607812162,0.0013086267799234431,0.06378148396682155,0.05457354047764289,0.05457354047764289,1.0,0.37595776082233384,0.02397914389409182,0.06378148396682155,2.752292350709129,-0.019208719298198177,0.0,EVALUABLE,EXPLORATORY_CONSUMED_DIAGNOSTIC_ONLY
density_rate,LINEAGE,HMSO01R_A|FIELD_LINEAGE|a3f750d8c1551c6ecf78f876fab114a3481105b16656dddc657ee8cfb50fd48b,0.000376870958549664,0.000376870958549664,1.0,0.01062386198889212,0.01062386198889212,1.0,0.035474007375444545,0.035474007375444545,1.0,0.0,0.0,0.0,EVALUABLE,EXPLORATORY_CONSUMED_DIAGNOSTIC_ONLY
density_rate,LINEAGE,HMSO01R_A|FIELD_LINEAGE|a594f1a43c118c7761d223f6f34e42847c31c67fc6b06838b968dcc65b6c3356,3.362696873335294e-33,5.008544458737658e-33,1.4894427441418259,0.007855383430711141,0.007855383430711141,1.0,4.280754597144944e-31,6.375938874169302e-31,1.4894427441418259,0.3984020527827139,1.645847585402364e-33,0.0,EVALUABLE,EXPLORATORY_CONSUMED_DIAGNOSTIC_ONLY
density_rate,LINEAGE,HMSO01R_A|FIELD_LINEAGE|a7458b96c9ce1c60bf3ea9d352424b7dd251e22480db263be2c5716c65dc6939,0.0,0.0,,0.009770989207708145,0.009770989207708145,1.0,0.0,0.0,,,0.0,0.0,NOT_EVALUABLE_RATIO,EXPLORATORY_CONSUMED_DIAGNOSTIC_ONLY
density_rate,LINEAGE,HMSO01R_A|FIELD_LINEAGE|a97cf87a717a68b745e28078c021ba65c881711a1cd171188bc4affd3a1b5795,0.0,0.0,,0.0037263857683091754,0.0037263857683091754,1.0,0.0,0.0,,,0.0,0.0,NOT_EVALUABLE_RATIO,EXPLORATORY_CONSUMED_DIAGNOSTIC_ONLY
density_rate,LINEAGE,HMSO01R_A|FIELD_LINEAGE|ad302a05132d9f111349ae57a7badd9ffd336cce6f517d6dda76a6f130659828,0.0,0.0,,0.007379153076202998,0.007379153076202998,1.0,0.0,0.0,,,0.0,0.0,NOT_EVALUABLE_RATIO,EXPLORATORY_CONSUMED_DIAGNOSTIC_ONLY
density_rate,LINEAGE,HMSO01R_A|FIELD_LINEAGE|adcf8aaea780832e88b7b6b779fb3ef2ecab338dd7379ac8654e7aabdcee4b4f,0.0,0.0,,0.005342392979328651,0.005342392979328651,1.0,0.0,0.0,,,0.0,0.0,NOT_EVALUABLE_RATIO,EXPLORATORY_CONSUMED_DIAGNOSTIC_ONLY
density_rate,LINEAGE,HMSO01R_A|FIELD_LINEAGE|b0c6a47a41827791b3e03b32c3cfc7642f7c46055e5fbdc618a902dd60890cc0,0.0023387887566052082,0.0023387887566052082,1.0,0.008709864613831594,0.008709864613831594,1.0,0.2685218267217522,0.2685218267217522,1.0,0.0,0.0,0.0,EVALUABLE,EXPLORATORY_CONSUMED_DIAGNOSTIC_ONLY
density_rate,LINEAGE,HMSO01R_A|FIELD_LINEAGE|b1b50b97bc0f473e266ef9eb8a1e2e2edee23dadabeb0645af363d822d4db947,0.00023957339303405369,0.0,0.0,0.014578606993456561,0.014578606993456561,1.0,0.01643321567976854,0.0,0.0,,-0.00023957339303405369,0.0,NOT_EVALUABLE_RATIO,EXPLORATORY_CONSUMED_DIAGNOSTIC_ONLY
density_rate,LINEAGE,HMSO01R_A|FIELD_LINEAGE|b1c696b82fff7183ba4fc0ae8ce4363fcd56ada1cc6ffa171713dda9524816e8,1.0522598726778807e-05,9.002556986621684e-10,8.555450246060614e-05,0.0043234224310264475,0.0043234224310264475,1.0,0.0024338585679865147,2.082275588435696e-07,8.555450246060614e-05,9.366356929430525,-1.0521698471080144e-05,0.0,EVALUABLE,EXPLORATORY_CONSUMED_DIAGNOSTIC_ONLY
density_rate,LINEAGE,HMSO01R_A|FIELD_LINEAGE|b2211d9018dde472457c7d9570d8b744ae480cbc84526fced16d30cb565fdb61,0.0,0.0,,0.009604164427310137,0.009604164427310137,1.0,0.0,0.0,,,0.0,0.0,NOT_EVALUABLE_RATIO,EXPLORATORY_CONSUMED_DIAGNOSTIC_ONLY
density_rate,LINEAGE,HMSO01R_A|FIELD_LINEAGE|b31d5c3484f2394d06a11f5ae52600d61d7c303637147b70dbb1edd7e25e93c9,0.0,0.0,,0.008317062041483789,0.008317062041483789,1.0,0.0,0.0,,,0.0,0.0,NOT_EVALUABLE_RATIO,EXPLORATORY_CONSUMED_DIAGNOSTIC_ONLY
density_rate,LINEAGE,HMSO01R_A|FIELD_LINEAGE|b40ef25bd445f58063f7eecbd118e28fcd5b9c8ea0b1803b18c885057e29107f,0.0012257259326405724,9.795007311764384e-05,0.07991188773058812,0.005849405721070584,0.005849405721070584,1.0,0.20954708753152357,0.016745303333090836,0.07991188773058813,2.526830654666328,-0.0011277758595229287,0.0,EVALUABLE,EXPLORATORY_CONSUMED_DIAGNOSTIC_ONLY
density_rate,LINEAGE,HMSO01R_A|FIELD_LINEAGE|b49a6f081c09f4e4bff79a7f0fc0a282131ed3252c520eb6637fbf7ad615c6bd,6.829480440391885e-33,6.182063682495071e-33,0.9052026338537015,0.0035445721024612658,0.0035445721024612658,1.0,1.926743269138088e-30,1.7440930819836885e-30,0.9052026338537015,0.09959645553443212,-6.474167578968137e-34,0.0,EVALUABLE,EXPLORATORY_CONSUMED_DIAGNOSTIC_ONLY
density_rate,LINEAGE,HMSO01R_A|FIELD_LINEAGE|b7c6344fafcff3e1128b30252e587c19386316434538ac595af9870864bff2e9,1.6906979526474864e-32,2.2114748219025228e-32,1.3080247825695566,0.004528393016005355,0.004528393016005355,1.0,3.7335495101061406e-30,4.883575286169259e-30,1.3080247825695566,0.2685181997741376,5.2077686925503636e-33,0.0,EVALUABLE,EXPLORATORY_CONSUMED_DIAGNOSTIC_ONLY
density_rate,LINEAGE,HMSO01R_A|FIELD_LINEAGE|b914e9e8b47652c007a545bd9a5f60dbdaba2b957df3f42cdec4c8edb98e6d53,0.0,0.0,,0.009017326657800303,0.009017326657800303,1.0,0.0,0.0,,,0.0,0.0,NOT_EVALUABLE_RATIO,EXPLORATORY_CONSUMED_DIAGNOSTIC_ONLY
density_rate,LINEAGE,HMSO01R_A|FIELD_LINEAGE|bb92dd92e9632ccd3901d1e2e79aab63ab0910a576b08c41f27a140edcf99b56,0.0,0.0,,0.011177126747287361,0.011177126747287361,1.0,0.0,0.0,,,0.0,0.0,NOT_EVALUABLE_RATIO,EXPLORATORY_CONSUMED_DIAGNOSTIC_ONLY
density_rate,LINEAGE,HMSO01R_A|FIELD_LINEAGE|bd0a319ae5e310c35bfeaafdbd8220147f595c77c4d665773530796c1f3b9b59,2.2958877222084186e-12,8.186714932625311e-13,0.3565816765965582,0.01141997848216203,0.01141997848216203,1.0,2.0104133521745142e-10,7.168765637704952e-11,0.3565816765965582,1.0311919585060398,-1.4772162289458877e-12,0.0,EVALUABLE,EXPLORATORY_CONSUMED_DIAGNOSTIC_ONLY
density_rate,LINEAGE,HMSO01R_A|FIELD_LINEAGE|be9a8927a3f7361841f3e523395e00d4ebcd734040aebfe38006ae7fda2437fd,0.0,0.0,,0.009476957470770462,0.009476957470770462,1.0,0.0,0.0,,,0.0,0.0,NOT_EVALUABLE_RATIO,EXPLORATORY_CONSUMED_DIAGNOSTIC_ONLY
density_rate,LINEAGE,HMSO01R_A|FIELD_LINEAGE|bf32023450080971c5fdfb56d7a260838d7b8e02917a4118c4ed0b4a49c6c14a,4.897897973823847e-12,5.221909986329049e-13,0.10661532792714018,0.008993473803837086,0.008993473803837086,1.0,5.446057975655801e-10,5.806332569847604e-11,0.10661532792714017,2.238527988401887,-4.375706975190943e-12,0.0,EVALUABLE,EXPLORATORY_CONSUMED_DIAGNOSTIC_ONLY
density_rate,LINEAGE,HMSO01R_A|FIELD_LINEAGE|c26b5ad7fee192c3863a9362bb1782ac10409a155024388ef9dea9120f9c3662,0.008267460980014334,0.0001016318443460126,0.012292993531109037,0.00626454139474215,0.00626454139474215,1.0,1.319723258106849,0.016223349474761638,0.012292993531109037,4.398725810522644,-0.008165829135668322,0.0,EVALUABLE,EXPLORATORY_CONSUMED_DIAGNOSTIC_ONLY
density_rate,LINEAGE,HMSO01R_A|FIELD_LINEAGE|c2759d4a0108475d88af3dd58a918080f77e42a77ac5a686ce9a650a1d522183,0.00440383411591078,3.8657874055668863e-07,8.778231204486191e-05,0.18940107255739164,0.18940107255739164,1.0,0.023251368413324827,2.0410588775285257e-06,8.778231204486191e-05,9.340650534966274,-0.004403447537170223,0.0,EVALUABLE,EXPLORATORY_CONSUMED_DIAGNOSTIC_ONLY
density_rate,LINEAGE,HMSO01R_A|FIELD_LINEAGE|c34a55057cd1e579919fb09acb5db221d75ae96164f74060b78863318f65371c,4.373842875214123e-12,1.6153771102473327e-15,0.00036932673539815975,0.01023618922232002,0.01023618922232002,1.0,4.272921084417778e-10,1.5781039947219825e-13,0.00036932673539815975,7.903828843930142,-4.372227498103876e-12,0.0,EVALUABLE,EXPLORATORY_CONSUMED_DIAGNOSTIC_ONLY
density_rate,LINEAGE,HMSO01R_A|FIELD_LINEAGE|c3a574c6618599692f4195c9d1a59189286c1fc26ae852d26723565b0428d983,0.0,0.0,,0.009206651592759362,0.009206651592759362,1.0,0.0,0.0,,,0.0,0.0,NOT_EVALUABLE_RATIO,EXPLORATORY_CONSUMED_DIAGNOSTIC_ONLY
density_rate,LINEAGE,HMSO01R_A|FIELD_LINEAGE|c54c1448df9c13b6658cb41b2c187b93be0f6db94293a7911953a6e90d602764,0.01610944615217704,2.1786589341420647e-05,0.0013524108237871599,0.17314606186385373,0.17314606186385373,1.0,0.09303963358314231,0.000125827807499033,0.00135241082378716,6.605866483770704,-0.01608765956283562,0.0,EVALUABLE,EXPLORATORY_CONSUMED_DIAGNOSTIC_ONLY
density_rate,LINEAGE,HMSO01R_A|FIELD_LINEAGE|c7100ae9429166735b2d4f6243a22cf5abc14cffba49fce96d94ed19a12387d6,0.0,0.0,,0.006814798121881435,0.006814798121881435,1.0,0.0,0.0,,,0.0,0.0,NOT_EVALUABLE_RATIO,EXPLORATORY_CONSUMED_DIAGNOSTIC_ONLY
density_rate,LINEAGE,HMSO01R_A|FIELD_LINEAGE|c7498c8903eedb4eb72abeb74a8624f4f311768cc705b42f488a9e810b4c3aec,1.797936200046983e-14,3.974518330709061e-33,2.210600315297729e-19,0.008877066805445118,0.008877066805445118,1.0,2.0253719381092684e-12,4.4772878449795205e-31,2.2106003152977285e-19,42.955852652362225,-1.797936200046983e-14,0.0,EVALUABLE,EXPLORATORY_CONSUMED_DIAGNOSTIC_ONLY
density_rate,LINEAGE,HMSO01R_A|FIELD_LINEAGE|c9a10c50914a082104b6f42f933e2e8b35494d6ac1b464fc981b740edc26e9a6,0.00350572646760555,5.972075809255135e-07,0.00017035201874532238,0.008995332350740647,0.008995332350740647,1.0,0.38972728643171256,6.639083000377871e-05,0.00017035201874532235,8.677643563353273,-0.0035051292600246243,0.0,EVALUABLE,EXPLORATORY_CONSUMED_DIAGNOSTIC_ONLY
density_rate,LINEAGE,HMSO01R_A|FIELD_LINEAGE|ca0f07a3c0d5df7705d15288eb48ecdf2c50af57aa3e1ab370127581f048c929,2.0789149858134208e-31,2.0757516636300147e-31,0.9984783782862731,0.010107070631724124,0.010107070631724124,1.0,2.056891716268522e-29,2.0537619051702628e-29,0.9984783782862731,0.0015227805557420798,-3.1633221834060576e-34,0.0,EVALUABLE,EXPLORATORY_CONSUMED_DIAGNOSTIC_ONLY
density_rate,LINEAGE,HMSO01R_A|FIELD_LINEAGE|cb947f8167c6ce3da1c26b48289f11fe77c609125572b2e2f489d9b4dbf77d91,0.004449184652120979,5.930122032803256e-05,0.013328559042781685,0.020526400738631705,0.020526400738631705,1.0,0.21675425267067852,0.0028890218544951585,0.013328559042781686,4.317846249450696,-0.004389883431792947,0.0,EVALUABLE,EXPLORATORY_CONSUMED_DIAGNOSTIC_ONLY
density_rate,LINEAGE,HMSO01R_A|FIELD_LINEAGE|cd1482e6386aeab5f67532ea00a4d133dd0798283239fa2bc60b1a36d8fd8390,0.0,0.0,,0.009083825665077691,0.009083825665077691,1.0,0.0,0.0,,,0.0,0.0,NOT_EVALUABLE_RATIO,EXPLORATORY_CONSUMED_DIAGNOSTIC_ONLY
density_rate,LINEAGE,HMSO01R_A|FIELD_LINEAGE|d1321924d243ef663d38f2119b3da3e0b77ff9249352efe1c25dfa4971fbd453,0.0,0.0,,0.0076080037768191545,0.0076080037768191545,1.0,0.0,0.0,,,0.0,0.0,NOT_EVALUABLE_RATIO,EXPLORATORY_CONSUMED_DIAGNOSTIC_ONLY
density_rate,LINEAGE,HMSO01R_A|FIELD_LINEAGE|d2f9d8c8f5f3c69790790651faeb1c1f59b6b387e4ede38adea5936b94855ff9,7.590447884546056e-12,1.1570138859998364e-14,0.0015243025228530783,0.01055924050917476,0.01055924050917476,1.0,7.188441136415856e-10,1.0957358959619538e-12,0.0015243025228530783,6.486218335608247,-7.578877745686057e-12,0.0,EVALUABLE,EXPLORATORY_CONSUMED_DIAGNOSTIC_ONLY
density_rate,LINEAGE,HMSO01R_A|FIELD_LINEAGE|d3329a31885ae9100b3a5071d3f6de7c5b314524ba319156e3df439e55667dd5,0.0,0.0,,0.006865086701589087,0.006865086701589087,1.0,0.0,0.0,,,0.0,0.0,NOT_EVALUABLE_RATIO,EXPLORATORY_CONSUMED_DIAGNOSTIC_ONLY
density_rate,LINEAGE,HMSO01R_A|FIELD_LINEAGE|d65de8a657545ef8339cfa29e05ce27d63f8ec5e02ee50514a615a33f5595da9,7.312387801562281e-12,2.1611288278761875e-15,0.0002955435196440847,0.007555709578433136,0.007555709578433136,1.0,9.677963036634723e-10,2.8602592588323797e-13,0.0002955435196440847,8.126694457362689,-7.310226672734405e-12,0.0,EVALUABLE,EXPLORATORY_CONSUMED_DIAGNOSTIC_ONLY
density_rate,LINEAGE,HMSO01R_A|FIELD_LINEAGE|d6ecf8cd80acb9db6acee967c0d1a3a8ca941d75fcf9e621c7ea05d79a191767,0.0015979083488941257,1.891158290381752e-05,0.011835211272852898,0.009009131271042942,0.009009131271042942,1.0,0.17736541968592537,0.0020991572144811494,0.011835211272852898,4.436676184645919,-0.0015789967659903081,0.0,EVALUABLE,EXPLORATORY_CONSUMED_DIAGNOSTIC_ONLY
density_rate,LINEAGE,HMSO01R_A|FIELD_LINEAGE|d7d10f9b5293a22777f94b958cdb7280c40216c21a2b9b4a49451c1385cf26d9,0.006565965793237453,0.0002002659046073883,0.030500601269298426,0.04522366329702718,0.04522366329702718,1.0,0.14518872012009415,0.004428343261182757,0.030500601269298423,3.490008881815595,-0.006365699888630065,0.0,EVALUABLE,EXPLORATORY_CONSUMED_DIAGNOSTIC_ONLY
density_rate,LINEAGE,HMSO01R_A|FIELD_LINEAGE|d8cd77f2aea85a93297ba4755747ee15653349aca322bca77ce1738389444994,9.495782173338464e-06,0.0,0.0,0.008931126908334013,0.008931126908334013,1.0,0.001063223294305397,0.0,0.0,,-9.495782173338464e-06,0.0,NOT_EVALUABLE_RATIO,EXPLORATORY_CONSUMED_DIAGNOSTIC_ONLY
density_rate,LINEAGE,HMSO01R_A|FIELD_LINEAGE|d9b0e4ca0c6e9f306f81bad07b5f31753c1237e04a6a51d708212ab05edea52f,0.0068498091888503174,7.005984823463141e-05,0.01022799997825784,0.048268334387293846,0.048268334387293846,1.0,0.14191103289144075,0.0014514660413282037,0.01022799997825784,4.582626223678946,-0.006779749340615686,0.0,EVALUABLE,EXPLORATORY_CONSUMED_DIAGNOSTIC_ONLY
density_rate,LINEAGE,HMSO01R_A|FIELD_LINEAGE|dca2b57202d33de06ea638a8ecbab23d1b960b5ed15b6841dcbc75b212cc8712,6.783991983740016e-16,4.5465736552077846e-15,6.701914840266745,0.004659462543592626,0.004659462543592626,1.0,1.455960192891538e-13,9.75772122357743e-13,6.7019148402667446,1.9023932826194598,3.868174456833783e-15,0.0,EVALUABLE,EXPLORATORY_CONSUMED_DIAGNOSTIC_ONLY
density_rate,LINEAGE,HMSO01R_A|FIELD_LINEAGE|e0695af14e7ff6ed68d0eaa0320bde868bdf2eddcd09aade2748baa3ab9013d9,0.003806276443150942,0.00019309758842987973,0.050731362084154914,0.01885707349872469,0.01885707349872469,1.0,0.20184873561681574,0.010240061292805535,0.050731362084154914,2.981210978086182,-0.0036131788547210625,0.0,EVALUABLE,EXPLORATORY_CONSUMED_DIAGNOSTIC_ONLY
density_rate,LINEAGE,HMSO01R_A|FIELD_LINEAGE|e1662caa4f55fa1e467b750db9be81d3672b988a828412586110c172a4b65cc4,8.839944563471443e-11,4.3199740132120055e-12,0.04886879077345201,0.010069270804576948,0.010069270804576948,1.0,8.779130817946897e-09,4.2902550711501154e-10,0.04886879077345201,3.0186163117456766,-8.407947162150243e-11,0.0,EVALUABLE,EXPLORATORY_CONSUMED_DIAGNOSTIC_ONLY
density_rate,LINEAGE,HMSO01R_A|FIELD_LINEAGE|e1bd95fcd7aed1a8bde13393ae7d4a98eff10f4a52c1bdfb2e54f1dd690c54dd,0.0038256107956910956,0.0001645857005007802,0.043022071321567316,0.010190029860205214,0.010190029860205214,1.0,0.37542684841691454,0.01615164064862374,0.043022071321567316,3.146042008426978,-0.0036610250951903153,0.0,EVALUABLE,EXPLORATORY_CONSUMED_DIAGNOSTIC_ONLY
density_rate,LINEAGE,HMSO01R_A|FIELD_LINEAGE|e25db364da9db9cdb46c3073fa0aa473b93b0eed9df5062f9696d75bd2f90442,0.0,0.0,,0.007634194329521756,0.007634194329521756,1.0,0.0,0.0,,,0.0,0.0,NOT_EVALUABLE_RATIO,EXPLORATORY_CONSUMED_DIAGNOSTIC_ONLY
density_rate,LINEAGE,HMSO01R_A|FIELD_LINEAGE|e269817bd0e21e72d0864769c51ef7f6839102d6f41f035fbbff5041e46bd0d4,0.014466348643738504,0.0010595527456806666,0.07324258330655363,0.030834063935860016,0.030834063935860016,1.0,0.46916775790018844,0.03436305859275354,0.07324258330655364,2.6139782879989326,-0.013406795898057837,0.0,EVALUABLE,EXPLORATORY_CONSUMED_DIAGNOSTIC_ONLY
density_rate,LINEAGE,HMSO01R_A|FIELD_LINEAGE|e2940f5e79800b14b8eefcdb52a6c4eb9c2bcacb794aadbf19ab173720ccdfc9,0.0,0.0,,0.006040102577205501,0.006040102577205501,1.0,0.0,0.0,,,0.0,0.0,NOT_EVALUABLE_RATIO,EXPLORATORY_CONSUMED_DIAGNOSTIC_ONLY
density_rate,LINEAGE,HMSO01R_A|FIELD_LINEAGE|e2fdf0ecb37222ddf2c343b2a9785bb080b33fb721f4d3381403db08d53276de,0.0724627894252581,0.009052518639756979,0.12492644447664022,0.08263055084688807,0.08263055084688807,1.0,0.876949126958254,0.10955413641778843,0.12492644447664021,2.080030159067944,-0.06341027078550113,0.0,EVALUABLE,EXPLORATORY_CONSUMED_DIAGNOSTIC_ONLY
density_rate,LINEAGE,HMSO01R_A|FIELD_LINEAGE|e39068083f41a31c97e7737f6138e1986484dea8bfe32d65a52cd58aaa1ec7e8,1.800328953053336e-32,2.184130652490725e-32,1.2131842065787288,0.008904447897730698,0.008904447897730698,1.0,2.0218310823202756e-30,2.4528535374409362e-30,1.2131842065787288,0.1932484787610136,3.8380169943738907e-33,0.0,EVALUABLE,EXPLORATORY_CONSUMED_DIAGNOSTIC_ONLY
density_rate,LINEAGE,HMSO01R_A|FIELD_LINEAGE|e46b2d3dad1b8a5413f52396bbef71167f252a4ba61297ea3e2b46c37456ba4c,3.934555132149637e-13,2.8702575047089075e-13,0.7294998820211595,0.009978514165915699,0.009978514165915699,1.0,3.943027054658267e-11,2.8764377711794455e-11,0.7294998820211595,0.3153960727449308,-1.0642976274407295e-13,0.0,EVALUABLE,EXPLORATORY_CONSUMED_DIAGNOSTIC_ONLY
density_rate,LINEAGE,HMSO01R_A|FIELD_LINEAGE|e4c235f067a50e9e5304ee0e7ad701299187cd559ceebd74674d932464340e77,0.0013641594521953614,1.0154484102574808e-05,0.007443766259313052,0.014562645267871783,0.014562645267871783,1.0,0.09367525110324429,0.0006972966734950076,0.007443766259313052,4.9003783405724635,-0.0013540049680927867,0.0,EVALUABLE,EXPLORATORY_CONSUMED_DIAGNOSTIC_ONLY
density_rate,LINEAGE,HMSO01R_A|FIELD_LINEAGE|e5cd23001367dee0fe50b87c4f9c5ae9d8e66eeb6cef2467ff3f6da8c0fcdc16,0.0011048617816702673,1.8137942127862472e-05,0.01641648071168012,0.0056028376392199585,0.0056028376392199585,1.0,0.19719682289849275,0.003237277839517706,0.016416480711680115,4.109469527303604,-0.001086723839542405,0.0,EVALUABLE,EXPLORATORY_CONSUMED_DIAGNOSTIC_ONLY
density_rate,LINEAGE,HMSO01R_A|FIELD_LINEAGE|e5fd0d86ce4eda7b6deef112c4230d6cc2c904c7a1cbb32b883405f7907c5018,7.594058523262198e-36,0.0,0.0,0.007963568718949807,0.007963568718949807,1.0,9.535999237617758e-34,0.0,0.0,,-7.594058523262198e-36,0.0,NOT_EVALUABLE_RATIO,EXPLORATORY_CONSUMED_DIAGNOSTIC_ONLY
density_rate,LINEAGE,HMSO01R_A|FIELD_LINEAGE|e6f79f1197cd7f6ad00ce2f5ddcac136ad9a2faa5584e9f390794bfb6ee07ac6,6.979070283778001e-32,7.248651758637241e-32,1.0386271328268248,0.012314291393450694,0.012314291393450694,1.0,5.667455853358962e-30,5.886373423396824e-30,1.0386271328268248,0.037899776510900963,2.695814748592391e-33,0.0,EVALUABLE,EXPLORATORY_CONSUMED_DIAGNOSTIC_ONLY
density_rate,LINEAGE,HMSO01R_A|FIELD_LINEAGE|e82aee0755c70810ee3fbd630ec4d3fa698e473225b4aa505b26af8a458a6400,0.005434805601237436,0.00030833257349897664,0.05673295350780776,0.0173330335811884,0.0173330335811884,1.0,0.3135518993706819,0.017788725329281715,0.056732953507807764,2.8694000464603917,-0.005126473027738459,0.0,EVALUABLE,EXPLORATORY_CONSUMED_DIAGNOSTIC_ONLY
density_rate,LINEAGE,HMSO01R_A|FIELD_LINEAGE|e853753ed3befc6151b8f2c4e9e3797938a7689193c2157695f0b61b8e60abc8,0.0,0.0,,0.005361866181393798,0.005361866181393798,1.0,0.0,0.0,,,0.0,0.0,NOT_EVALUABLE_RATIO,EXPLORATORY_CONSUMED_DIAGNOSTIC_ONLY
density_rate,LINEAGE,HMSO01R_A|FIELD_LINEAGE|e99701698ca3eda87704f5f32294f901f56116d9da609afcb18418d4c8a62bf2,5.597062999335087e-12,1.8060348592255927e-12,0.3226754566529167,0.007070615529288306,0.007070615529288306,1.0,7.915948726317553e-10,2.5542823701055906e-10,0.3226754566529167,1.1311082390517944,-3.791028140109495e-12,0.0,EVALUABLE,EXPLORATORY_CONSUMED_DIAGNOSTIC_ONLY
density_rate,LINEAGE,HMSO01R_A|FIELD_LINEAGE|e9dc12a25958465c187afbd7ef920bc04ba98d4b232046e156979d215bd85146,0.0,0.0,,0.00844992680519258,0.00844992680519258,1.0,0.0,0.0,,,0.0,0.0,NOT_EVALUABLE_RATIO,EXPLORATORY_CONSUMED_DIAGNOSTIC_ONLY
density_rate,LINEAGE,HMSO01R_A|FIELD_LINEAGE|ea7a0f305184b5efcd1c245ec8837c3d5e92744042b12d412ef90758785acc95,7.951616432705208e-12,7.95890618078773e-12,1.000916763043617,0.006549568219359174,0.006549568219359174,1.0,1.214067273809267e-09,1.2151802858183602e-09,1.000916763043617,0.0009163430730340996,7.289748082522153e-15,0.0,EVALUABLE,EXPLORATORY_CONSUMED_DIAGNOSTIC_ONLY
density_rate,LINEAGE,HMSO01R_A|FIELD_LINEAGE|eadb4166638494d642712d8eabac62f88ed028f779148966c13d2efd6405fa1d,3.553766296578754e-32,3.394649423425345e-32,0.9552258477698456,0.008005323913468521,0.008005323913468521,1.0,4.4392535954725524e-30,4.2404897792006045e-30,0.9552258477698456,0.04580747664935757,-1.5911687315340897e-33,0.0,EVALUABLE,EXPLORATORY_CONSUMED_DIAGNOSTIC_ONLY
density_rate,LINEAGE,HMSO01R_A|FIELD_LINEAGE|ebfb44058badbf85a36d8671e914d20620f9253b30eeec0e96b5e0c20dc8e16c,0.0,0.0,,0.00960856171304078,0.00960856171304078,1.0,0.0,0.0,,,0.0,0.0,NOT_EVALUABLE_RATIO,EXPLORATORY_CONSUMED_DIAGNOSTIC_ONLY
density_rate,LINEAGE,HMSO01R_A|FIELD_LINEAGE|eee5df81575181b025958cda057ac7cb0483be4404d018db7bb2c06a63c25462,0.03336307164717703,0.0007817221218257376,0.023430759916012768,0.02843488828474663,0.02843488828474663,1.0,1.1733146729144714,0.02749165440699403,0.023430759916012768,3.7537055935264667,-0.03258134952535129,0.0,EVALUABLE,EXPLORATORY_CONSUMED_DIAGNOSTIC_ONLY
density_rate,LINEAGE,HMSO01R_A|FIELD_LINEAGE|f01618f1ef2fe7c85085b02f71644f843db176708a8abb6e4e05116a594e9ae3,6.4697911498676205e-34,4.577235944951281e-34,0.7074781610291913,0.008599375690015749,0.008599375690015749,1.0,7.523559131599903e-32,5.322753778818679e-32,0.7074781610291914,0.3460485177444281,-1.8925552049163394e-34,0.0,EVALUABLE,EXPLORATORY_CONSUMED_DIAGNOSTIC_ONLY
density_rate,LINEAGE,HMSO01R_A|FIELD_LINEAGE|f0421338d311584916d83a8dd01c9f47b7707c5652d4192e1df422a2a9e7d57d,0.02033427020540375,0.0012135082514705131,0.05967798397544792,0.054300628756430436,0.054300628756430436,1.0,0.3744757781095805,0.022347959485216937,0.05967798397544792,2.8187921042294612,-0.019120761953933238,0.0,EVALUABLE,EXPLORATORY_CONSUMED_DIAGNOSTIC_ONLY
density_rate,LINEAGE,HMSO01R_A|FIELD_LINEAGE|f11020ed75e98ae018c3d951c68d3fba4bfe91afdf9eb4b7d62d0c0967429304,0.0,0.0,,0.007174438547838717,0.007174438547838717,1.0,0.0,0.0,,,0.0,0.0,NOT_EVALUABLE_RATIO,EXPLORATORY_CONSUMED_DIAGNOSTIC_ONLY
density_rate,LINEAGE,HMSO01R_A|FIELD_LINEAGE|f117df283c3988b3a51ad2a7138592681c02ac94fc8905b0ebf163745ca00f62,4.3707724135592854e-33,1.6755475473007463e-32,3.833527323689417,0.007145800815403437,0.007145800815403437,1.0,6.116560657746966e-31,2.344800240847671e-30,3.833527323689418,1.3437853516004932,1.2384703059448176e-32,0.0,EVALUABLE,EXPLORATORY_CONSUMED_DIAGNOSTIC_ONLY
density_rate,LINEAGE,HMSO01R_A|FIELD_LINEAGE|f2247a8dfd61c19acaf6609654c9c6098f254569cd75ef6a5201803913aa1c00,1.8891033023919155e-12,7.932417465181393e-13,0.41990384830398886,0.008424321548422826,0.008424321548422826,1.0,2.2424396926605766e-10,9.416090565377901e-11,0.41990384830398886,0.8677295265233435,-1.0958615558737762e-12,0.0,EVALUABLE,EXPLORATORY_CONSUMED_DIAGNOSTIC_ONLY
density_rate,LINEAGE,HMSO01R_A|FIELD_LINEAGE|f2a3ceeae0e0974c878bba3a036f383f979564d7512b59be838a43b0d537377a,1.8229716836496196e-17,2.0851726911058714e-17,1.143831640287095,0.0035227931940541696,0.0035227931940541696,1.0,5.174790523401891e-15,5.919089132524899e-15,1.1438316402870947,0.1343837145461844,2.622010074562518e-18,0.0,EVALUABLE,EXPLORATORY_CONSUMED_DIAGNOSTIC_ONLY
density_rate,LINEAGE,HMSO01R_A|FIELD_LINEAGE|f52ad1fbea60f2cef5c93f5785e888eaa7893de6dad0b2f7545e6d3f4e338f25,0.01374978778656506,3.282790522541587e-05,0.0023875208646850585,0.0167295973628867,0.0167295973628867,1.0,0.8218839633922026,0.0019622651109489344,0.0023875208646850585,6.037499746512472,-0.013716959881339644,0.0,EVALUABLE,EXPLORATORY_CONSUMED_DIAGNOSTIC_ONLY
density_rate,LINEAGE,HMSO01R_A|FIELD_LINEAGE|f7cc0cf639be6a7e99c37868bcf630bb54f34534e2c78b36b59b7ac5ebbd1919,4.5095400355672875e-12,3.306883111319347e-15,0.0007333082942467657,0.009449427025713206,0.009449427025713206,1.0,4.772289392040599e-10,3.4995593937292263e-13,0.0007333082942467657,7.2179443520778594,-4.506233152455968e-12,0.0,EVALUABLE,EXPLORATORY_CONSUMED_DIAGNOSTIC_ONLY
density_rate,LINEAGE,HMSO01R_A|FIELD_LINEAGE|f82108cfb75a5ece90cca0bec2aa62b5af33b3b96774d26a9d5bbde8416cb360,0.00040974862690550535,1.1784023339708631e-06,0.002875915272420478,0.00847069104345988,0.00847069104345988,1.0,0.04837251468661077,0.00013911525375260778,0.0028759152724204783,5.851384299772708,-0.00040857022457153446,0.0,EVALUABLE,EXPLORATORY_CONSUMED_DIAGNOSTIC_ONLY
density_rate,LINEAGE,HMSO01R_A|FIELD_LINEAGE|f8fd31406421545fa9cf8bb98c251eb120eed5378ed4276493239005b13fd6f8,3.733673532687259e-33,4.3523602288549426e-33,1.1657045509606707,0.0034718573638204886,0.0034718573638204886,1.0,1.075410980760645e-30,1.2536114744257622e-30,1.1657045509606707,0.15332566899425196,6.186866961676833e-34,0.0,EVALUABLE,EXPLORATORY_CONSUMED_DIAGNOSTIC_ONLY
density_rate,LINEAGE,HMSO01R_A|FIELD_LINEAGE|f952117e9c8f8a564901d0507e978f58c3289c63c557fb7f3123a84dd049ba29,0.09334371136910509,0.038672758995200444,0.4143049213275696,0.20444367423523888,0.20444367423523888,1.0,0.4565742213266089,0.18916094684691703,0.4143049213275696,0.8811530513123932,-0.054670952373904645,0.0,EVALUABLE,EXPLORATORY_CONSUMED_DIAGNOSTIC_ONLY
density_rate,LINEAGE,HMSO01R_A|FIELD_LINEAGE|f9a3d40825ca658eebc26e88239c04a3590f72ad95b03a86bc289649036f4117,0.0,0.0,,0.00955359658958058,0.00955359658958058,1.0,0.0,0.0,,,0.0,0.0,NOT_EVALUABLE_RATIO,EXPLORATORY_CONSUMED_DIAGNOSTIC_ONLY
density_rate,LINEAGE,HMSO01R_A|FIELD_LINEAGE|f9acbd6c60cf4de95eb27dc7c24fd369893e07d5c162236bcdc4cc91f1e5368b,0.0009286941801401767,1.5737334100691278e-05,0.016945658147998612,0.0073782205341633034,0.0073782205341633034,1.0,0.12586966950093903,0.00213294439056448,0.016945658147998612,4.0777436344296065,-0.0009129568460394855,0.0,EVALUABLE,EXPLORATORY_CONSUMED_DIAGNOSTIC_ONLY
density_rate,LINEAGE,HMSO01R_A|FIELD_LINEAGE|f9dd81299410ddb65efe58bb38fc53798a53c7f5ab1183ef52b5f93fb7daea68,1.121977326113766e-12,2.7201482066016443e-32,2.424423509540537e-20,0.008006895701239098,0.008006895701239098,1.0,1.4012638205592408e-10,3.397256949632416e-30,2.424423509540537e-20,45.16610809177777,-1.121977326113766e-12,0.0,EVALUABLE,EXPLORATORY_CONSUMED_DIAGNOSTIC_ONLY
density_rate,LINEAGE,HMSO01R_A|FIELD_LINEAGE|fa1ab395df96eb71b1cd3e5c31c1a1fe587398989c58265b21dd97a062b35ef9,0.002137864179115022,1.347717206133558e-05,0.006304035678690549,0.010621310055101939,0.010621310055101939,1.0,0.20128064881112293,0.0012688803915353014,0.0063040356786905494,5.066565266751815,-0.0021243870070536863,0.0,EVALUABLE,EXPLORATORY_CONSUMED_DIAGNOSTIC_ONLY
density_rate,LINEAGE,HMSO01R_A|FIELD_LINEAGE|fd04ea3f458e107df0af85b51443fd7c576cbde1f2a34afcd2f94001f9376e64,0.0,0.0,,0.007163091114285026,0.007163091114285026,1.0,0.0,0.0,,,0.0,0.0,NOT_EVALUABLE_RATIO,EXPLORATORY_CONSUMED_DIAGNOSTIC_ONLY
density_rate,LINEAGE,HMSO01R_A|FIELD_LINEAGE|fefaa03392c6d5e862f0b98f72e148123eb5332d997aade537062f72a6e1a99c,0.0,0.0,,0.006555371765669564,0.006555371765669564,1.0,0.0,0.0,,,0.0,0.0,NOT_EVALUABLE_RATIO,EXPLORATORY_CONSUMED_DIAGNOSTIC_ONLY
density_rate,LINEAGE,HMSO01R_A|FIELD_LINEAGE|ff441cbe04ac4f8f63fd24360c00fa41becbfbb5a6acdf59e4dfd55c77c15642,2.4129641837552513e-05,0.0,0.0,0.011372874693310091,0.011372874693310091,1.0,0.0021216836101910436,0.0,0.0,,-2.4129641837552513e-05,0.0,NOT_EVALUABLE_RATIO,EXPLORATORY_CONSUMED_DIAGNOSTIC_ONLY
pressure_gradient_acceleration,OVERALL,ALL,0.9457716995418465,0.9373935968609581,0.9911415168322896,1.9885870856762242,1.9885870856762242,1.0,0.4755998398834187,0.4713867467072457,0.9911415168322896,0.008897952796645034,-0.008378102680888344,0.0,EVALUABLE,EXPLORATORY_CONSUMED_DIAGNOSTIC_ONLY
pressure_gradient_acceleration,FOLD,FOLD_0,1.002298312405427,0.8470636772878316,0.8451213244637258,1.5903004113823025,1.5903004113823025,1.0,0.6302572175870979,0.5326438144800307,0.8451213244637258,0.168275082684464,-0.1552346351175954,0.0,EVALUABLE,EXPLORATORY_CONSUMED_DIAGNOSTIC_ONLY
pressure_gradient_acceleration,FOLD,FOLD_1,2.4903288864843085,2.4907860092026026,1.0001835591759687,3.646617257794234,3.646617257794234,1.0,0.6829147975871366,0.6830401528646386,1.000183559175969,0.00018354233104447146,0.0004571227182941229,0.0,EVALUABLE,EXPLORATORY_CONSUMED_DIAGNOSTIC_ONLY
pressure_gradient_acceleration,FOLD,FOLD_2,0.7262629596604756,0.47497959941015094,0.6540049896420459,1.45864092363519,1.45864092363519,1.0,0.4979038692062063,0.3256316148229395,0.6540049896420459,0.4246402981319537,-0.25128336025032466,0.0,EVALUABLE,EXPLORATORY_CONSUMED_DIAGNOSTIC_ONLY
pressure_gradient_acceleration,FOLD,FOLD_3,0.26246145709358526,0.26219445694397814,0.9989827072037022,1.6371493123545464,1.6371493123545464,1.0,0.16031613922624655,0.1601530507726814,0.9989827072037022,0.001017810589809367,-0.0002670001496071217,0.0,EVALUABLE,EXPLORATORY_CONSUMED_DIAGNOSTIC_ONLY
pressure_gradient_acceleration,FOLD,FOLD_4,0.30036309918957366,0.2919799993096148,0.9720901139235221,1.6714036836851056,1.6714036836851056,1.0,0.17970709417567757,0.1746914896500995,0.9720901139235221,0.028306769021123477,-0.008383099879958833,0.0,EVALUABLE,EXPLORATORY_CONSUMED_DIAGNOSTIC_ONLY
pressure_gradient_acceleration,FOLD,FOLD_5,0.8929154824177091,1.2573578390115714,1.4081487708187983,1.927410925205966,1.927410925205966,1.0,0.46327198354045385,0.6523558741772766,1.408148770818798,0.34227591324700707,0.36444235659386226,0.0,EVALUABLE,EXPLORATORY_CONSUMED_DIAGNOSTIC_ONLY
pressure_gradient_acceleration,FAMILY,F1,0.8877589547568293,0.7845081302268202,0.8836949782632256,2.637475354213463,2.637475354213463,1.0,0.3365942181558596,0.29744662029676977,0.8836949782632256,0.12364332310052611,-0.10325082453000911,0.0,EVALUABLE,EXPLORATORY_CONSUMED_DIAGNOSTIC_ONLY
pressure_gradient_acceleration,FAMILY,F2,0.2743602413268464,0.2741663812540111,0.9992934104741352,1.4403789269978715,1.4403789269978715,1.0,0.1904778223176906,0.19034323268353137,0.9992934104741352,0.000706839277898851,-0.0001938600728352835,0.0,EVALUABLE,EXPLORATORY_CONSUMED_DIAGNOSTIC_ONLY
pressure_gradient_acceleration,FAMILY,F3,0.40231576453270285,0.40229775099660053,0.9999552253784456,1.6902629360980488,1.6902629360980488,1.0,0.23801963347870825,0.23800897623969675,0.9999552253784457,4.477562396767828e-05,-1.80135361023126e-05,0.0,EVALUABLE,EXPLORATORY_CONSUMED_DIAGNOSTIC_ONLY
pressure_gradient_acceleration,FAMILY,F4,2.2186518375510076,2.2886021249664013,1.0315282849843652,2.186231125395513,2.186231125395513,1.0,1.0148294989394726,1.0468253325925767,1.031528284984365,0.03104147436927414,0.06995028741539366,0.0,EVALUABLE,EXPLORATORY_CONSUMED_DIAGNOSTIC_ONLY
pressure_gradient_acceleration,FAMILY_FOLD,F1|FOLD_0,0.12308317642869282,0.12308317642869282,1.0,1.5098633073604333,1.5098633073604333,1.0,0.08151941690924906,0.08151941690924906,1.0,0.0,0.0,0.0,EVALUABLE,EXPLORATORY_CONSUMED_DIAGNOSTIC_ONLY
pressure_gradient_acceleration,FAMILY_FOLD,F2|FOLD_0,0.3102554444621897,0.3102554562750316,1.0000000380745675,1.6677414551049883,1.6677414551049883,1.0,0.1860332988140889,0.1860333058972263,1.0000000380745675,3.8074566773988435e-08,1.1812841871350344e-08,0.0,EVALUABLE,EXPLORATORY_CONSUMED_DIAGNOSTIC_ONLY
pressure_gradient_acceleration,FAMILY_FOLD,F3|FOLD_0,0.47993188633377426,0.47993188633377426,1.0,1.4811870602707382,1.4811870602707382,1.0,0.3240184168541481,0.3240184168541481,1.0,0.0,0.0,0.0,EVALUABLE,EXPLORATORY_CONSUMED_DIAGNOSTIC_ONLY
pressure_gradient_acceleration,FAMILY_FOLD,F4|FOLD_0,3.0959227423970512,2.474984190113828,0.799433447165915,1.70240982279305,1.70240982279305,1.0,1.8185531479827468,1.4538122119462737,0.799433447165915,0.2238519932425494,-0.6209385522832234,0.0,EVALUABLE,EXPLORATORY_CONSUMED_DIAGNOSTIC_ONLY
pressure_gradient_acceleration,FAMILY_FOLD,F1|FOLD_1,2.917915728467293,2.9269144641573503,1.0030839601028452,5.755459783603395,5.755459783603395,1.0,0.5069822113569589,0.508545724269636,1.0030839601028452,0.003079214452315085,0.00899873569005738,0.0,EVALUABLE,EXPLORATORY_CONSUMED_DIAGNOSTIC_ONLY
pressure_gradient_acceleration,FAMILY_FOLD,F2|FOLD_1,0.011257544107731205,0.011257544107731205,1.0,0.5365749274415414,0.5365749274415414,1.0,0.020980376704160645,0.020980376704160645,1.0,0.0,0.0,0.0,EVALUABLE,EXPLORATORY_CONSUMED_DIAGNOSTIC_ONLY
pressure_gradient_acceleration,FAMILY_FOLD,F3|FOLD_1,0.6811621504668223,0.6811621504668223,1.0,1.4583387929085603,1.4583387929085603,1.0,0.4670808688482389,0.4670808688482389,1.0,0.0,0.0,0.0,EVALUABLE,EXPLORATORY_CONSUMED_DIAGNOSTIC_ONLY
pressure_gradient_acceleration,FAMILY_FOLD,F4|FOLD_1,6.350980122895388,6.343809878078507,0.9988710018488277,6.83609552722344,6.83609552722344,1.0,0.9290361870462206,0.9279873069086733,0.9988710018488277,0.001129635949679046,-0.0071702448168808885,0.0,EVALUABLE,EXPLORATORY_CONSUMED_DIAGNOSTIC_ONLY
pressure_gradient_acceleration,FAMILY_FOLD,F1|FOLD_2,0.6811481580934183,0.12071296900432905,0.17721984207108943,1.5070895779405433,1.5070895779405433,1.0,0.4519626225696656,0.08009674459383152,0.1772198420710894,1.7303642715094707,-0.5604351890890893,0.0,EVALUABLE,EXPLORATORY_CONSUMED_DIAGNOSTIC_ONLY
pressure_gradient_acceleration,FAMILY_FOLD,F2|FOLD_2,0.23120778283845222,0.23120778283845222,1.0,1.649031966786555,1.649031966786555,1.0,0.14020818728517648,0.14020818728517648,1.0,0.0,0.0,0.0,EVALUABLE,EXPLORATORY_CONSUMED_DIAGNOSTIC_ONLY
pressure_gradient_acceleration,FAMILY_FOLD,F3|FOLD_2,0.21248905585925432,0.21248905585925432,1.0,1.473794458523775,1.473794458523775,1.0,0.1441782160533388,0.1441782160533388,1.0,0.0,0.0,0.0,EVALUABLE,EXPLORATORY_CONSUMED_DIAGNOSTIC_ONLY
pressure_gradient_acceleration,FAMILY_FOLD,F4|FOLD_2,1.7802068418507775,1.3355085899385681,0.7501985491473101,1.2046476912898874,1.2046476912898874,1.0,1.477782138896232,1.1086300165557619,0.7501985491473101,0.2874173752907522,-0.44469825191220935,0.0,EVALUABLE,EXPLORATORY_CONSUMED_DIAGNOSTIC_ONLY
pressure_gradient_acceleration,FAMILY_FOLD,F1|FOLD_3,0.15240700710777672,0.15133900650934812,0.9929924442537387,1.7686566398876666,1.7686566398876666,1.0,0.08617105416088937,0.08556720569514283,0.9929924442537386,0.007032223975239733,-0.0010680005984285978,0.0,EVALUABLE,EXPLORATORY_CONSUMED_DIAGNOSTIC_ONLY
pressure_gradient_acceleration,FAMILY_FOLD,F2|FOLD_3,0.3017276082788319,0.3017276082788319,1.0,1.4130228514924459,1.4130228514924459,1.0,0.2135334244312785,0.2135334244312785,1.0,0.0,0.0,0.0,EVALUABLE,EXPLORATORY_CONSUMED_DIAGNOSTIC_ONLY
pressure_gradient_acceleration,FAMILY_FOLD,F3|FOLD_3,0.5957112129877324,0.5957112129877324,1.0,2.281330831795071,2.281330831795071,1.0,0.26112442995345636,0.26112442995345636,1.0,0.0,0.0,0.0,EVALUABLE,EXPLORATORY_CONSUMED_DIAGNOSTIC_ONLY
pressure_gradient_acceleration,FAMILY_FOLD,F4|FOLD_3,0.0,0.0,,1.0855869262430022,1.0855869262430022,1.0,0.0,0.0,,,0.0,0.0,NOT_EVALUABLE_RATIO,EXPLORATORY_CONSUMED_DIAGNOSTIC_ONLY
pressure_gradient_acceleration,FAMILY_FOLD,F1|FOLD_4,0.7672425397970429,0.733710140644731,0.9562949166489357,2.655757710480002,2.655757710480002,1.0,0.2888977924339233,0.27627149033566023,0.9562949166489358,0.04468892328550753,-0.03353239915231199,0.0,EVALUABLE,EXPLORATORY_CONSUMED_DIAGNOSTIC_ONLY
pressure_gradient_acceleration,FAMILY_FOLD,F2|FOLD_4,0.11516428115390061,0.11516428078637737,0.9999999968087047,1.261926654534098,1.261926654534098,1.0,0.09126067726687265,0.09126067697563288,0.9999999968087048,3.1912953441921917e-09,-3.67523234068301e-10,0.0,EVALUABLE,EXPLORATORY_CONSUMED_DIAGNOSTIC_ONLY
pressure_gradient_acceleration,FAMILY_FOLD,F3|FOLD_4,0.31904557580735105,0.31904557580735105,1.0,1.5911680078497408,1.5911680078497408,1.0,0.20051030075604662,0.20051030075604662,1.0,0.0,0.0,0.0,EVALUABLE,EXPLORATORY_CONSUMED_DIAGNOSTIC_ONLY
pressure_gradient_acceleration,FAMILY_FOLD,F4|FOLD_4,0.0,0.0,,1.1767623618765823,1.1767623618765823,1.0,0.0,0.0,,,0.0,0.0,NOT_EVALUABLE_RATIO,EXPLORATORY_CONSUMED_DIAGNOSTIC_ONLY
pressure_gradient_acceleration,FAMILY_FOLD,F1|FOLD_5,0.6847571186467527,0.6512890246164695,0.9511241385903015,2.628025106008739,2.628025106008739,1.0,0.2605595803027597,0.24782450636691283,0.9511241385903015,0.050110690160402045,-0.03346809403028317,0.0,EVALUABLE,EXPLORATORY_CONSUMED_DIAGNOSTIC_ONLY
pressure_gradient_acceleration,FAMILY_FOLD,F2|FOLD_5,0.6765487871199726,0.6753856152376424,0.9982807272668661,2.113975706627601,2.113975706627601,1.0,0.32003621659364406,0.31948598705283926,0.998280727266866,0.0017207523786853694,-0.0011631718823301718,0.0,EVALUABLE,EXPLORATORY_CONSUMED_DIAGNOSTIC_ONLY
pressure_gradient_acceleration,FAMILY_FOLD,F3|FOLD_5,0.12555470574128247,0.12544662452466873,0.9991391703243967,1.8557584652404082,1.8557584652404082,1.0,0.06765681423148848,0.06759857323804123,0.9991391703243967,0.0008612004022387647,-0.00010808121661373682,0.0,EVALUABLE,EXPLORATORY_CONSUMED_DIAGNOSTIC_ONLY
pressure_gradient_acceleration,FAMILY_FOLD,F4|FOLD_5,2.0848013181628287,3.577310091667505,1.7158997648849852,1.1118844229471165,1.1118844229471165,1.0,1.8750162113405073,3.2173398761947123,1.7158997648849852,0.5399375872880321,1.4925087735046763,0.0,EVALUABLE,EXPLORATORY_CONSUMED_DIAGNOSTIC_ONLY
pressure_gradient_acceleration,LINEAGE,HMSO01R_A|FIELD_LINEAGE|008a4638c8cb2247bc6cd62f75f3daa09b2e49ba7d73812777f0a31f466efb5e,0.0,0.0,,0.53177825995291,0.53177825995291,1.0,0.0,0.0,,,0.0,0.0,NOT_EVALUABLE_RATIO,EXPLORATORY_CONSUMED_DIAGNOSTIC_ONLY
pressure_gradient_acceleration,LINEAGE,HMSO01R_A|FIELD_LINEAGE|0183a54dead296f9ee3dee43dc4041188299c7e551f4c9c6bfbe94dc055e54ad,0.6677322793367562,0.6677322793367562,1.0,2.588712832644053,2.588712832644053,1.0,0.25793988074557866,0.25793988074557866,1.0,0.0,0.0,0.0,EVALUABLE,EXPLORATORY_CONSUMED_DIAGNOSTIC_ONLY
pressure_gradient_acceleration,LINEAGE,HMSO01R_A|FIELD_LINEAGE|0280053dfd6ee65fbd80522b2b04964154d57f31de1cc5d0449972791fa285ea,6.453816488167703,6.4812344127292825,1.0042483272667957,17.358489291966457,17.358489291966457,1.0,0.37179597715076174,0.37337548813817634,1.004248327266796,0.0042393286016932565,0.0274179245615791,0.0,EVALUABLE,EXPLORATORY_CONSUMED_DIAGNOSTIC_ONLY
pressure_gradient_acceleration,LINEAGE,HMSO01R_A|FIELD_LINEAGE|02a8e9bf168ff7b6159072e41013ee435870f1006dfd3aa95840b1c132f5aafb,0.20277949842591225,0.16476753495065,0.8125453323914283,1.4684194018975214,1.4684194018975214,1.0,0.1380937204751425,0.11220740800464366,0.8125453323914282,0.2075835726221286,-0.038011963475262256,0.0,EVALUABLE,EXPLORATORY_CONSUMED_DIAGNOSTIC_ONLY
pressure_gradient_acceleration,LINEAGE,HMSO01R_A|FIELD_LINEAGE|0404a47ad84d3ab6d4cc0dbf7c8fea97f3bca817bfb6ce9e4a0d96e074c1229f,0.0,0.0,,0.9580704151233648,0.9580704151233648,1.0,0.0,0.0,,,0.0,0.0,NOT_EVALUABLE_RATIO,EXPLORATORY_CONSUMED_DIAGNOSTIC_ONLY
pressure_gradient_acceleration,LINEAGE,HMSO01R_A|FIELD_LINEAGE|04cc9f11103eaca809c304d2c5e7176a0ac510070bc43c67da76cab1f9c23ed7,0.0,0.0,,1.080656982128958,1.080656982128958,1.0,0.0,0.0,,,0.0,0.0,NOT_EVALUABLE_RATIO,EXPLORATORY_CONSUMED_DIAGNOSTIC_ONLY
pressure_gradient_acceleration,LINEAGE,HMSO01R_A|FIELD_LINEAGE|051eaa0f00871ac3de3987b76f15e88e4e718676447cf96853b1d9836e56f4a9,0.0,0.0,,1.2303409929771691,1.2303409929771691,1.0,0.0,0.0,,,0.0,0.0,NOT_EVALUABLE_RATIO,EXPLORATORY_CONSUMED_DIAGNOSTIC_ONLY
pressure_gradient_acceleration,LINEAGE,HMSO01R_A|FIELD_LINEAGE|05638fa6abec8d1f9d2070785cb5b62bc36d80415fcae04a6c6b1419139c3003,8.083040265885174,0.2383429536619683,0.02948679529259618,3.8734084674111555,3.8734084674111555,1.0,2.0868029627888904,0.06153313177973921,0.029486795292596176,3.5238127330469764,-7.8446973122232055,0.0,EVALUABLE,EXPLORATORY_CONSUMED_DIAGNOSTIC_ONLY
pressure_gradient_acceleration,LINEAGE,HMSO01R_A|FIELD_LINEAGE|065caad01d0036cc45e094366cffda53edef5d184f8c28ff280e81478dd5499f,0.0,0.0,,1.4925161482570823,1.4925161482570823,1.0,0.0,0.0,,,0.0,0.0,NOT_EVALUABLE_RATIO,EXPLORATORY_CONSUMED_DIAGNOSTIC_ONLY
pressure_gradient_acceleration,LINEAGE,HMSO01R_A|FIELD_LINEAGE|06c31c418b756da4f49834b1270295e826a9807f080171a34a3e7c250369709c,4.255327641580038,4.664046232272337,1.0960486771214961,2.1910463910148743,2.1910463910148743,1.0,1.9421440180502094,2.1286843817633594,1.0960486771214963,0.09171160097159853,0.408718590692299,0.0,EVALUABLE,EXPLORATORY_CONSUMED_DIAGNOSTIC_ONLY
pressure_gradient_acceleration,LINEAGE,HMSO01R_A|FIELD_LINEAGE|06c5b0d79a6fc40df74bc047659e629ea096b0eb47ce7956bd3f7d012a8211c7,0.0,0.0,,1.136537019645771,1.136537019645771,1.0,0.0,0.0,,,0.0,0.0,NOT_EVALUABLE_RATIO,EXPLORATORY_CONSUMED_DIAGNOSTIC_ONLY
pressure_gradient_acceleration,LINEAGE,HMSO01R_A|FIELD_LINEAGE|07ef870a5e517a728f6e4939e44adb6e41abac7dca46a1a2247aeb449ae2b2b6,0.0,0.0,,0.5323894959820283,0.5323894959820283,1.0,0.0,0.0,,,0.0,0.0,NOT_EVALUABLE_RATIO,EXPLORATORY_CONSUMED_DIAGNOSTIC_ONLY
pressure_gradient_acceleration,LINEAGE,HMSO01R_A|FIELD_LINEAGE|092a3e161c8ce70f083c10130918ff7fb36de994b41e81b7dfb0e04366314a2c,0.0,0.0,,1.0066785891076708,1.0066785891076708,1.0,0.0,0.0,,,0.0,0.0,NOT_EVALUABLE_RATIO,EXPLORATORY_CONSUMED_DIAGNOSTIC_ONLY
pressure_gradient_acceleration,LINEAGE,HMSO01R_A|FIELD_LINEAGE|093dc802dc5954d756689fb97f687ee9b46c368f5fe625c807448d3bc43a1926,2.325400928628465,2.325400928628465,1.0,2.66295282552426,2.66295282552426,1.0,0.8732415033190306,0.8732415033190306,1.0,0.0,0.0,0.0,EVALUABLE,EXPLORATORY_CONSUMED_DIAGNOSTIC_ONLY
pressure_gradient_acceleration,LINEAGE,HMSO01R_A|FIELD_LINEAGE|0a252563daa08b1ab13bdaf89c42f5f5445076fcfec6feb203abcad9de8ed55a,0.09290625510758758,0.09290625510758758,1.0,1.3107311275582012,1.3107311275582012,1.0,0.0708812457064824,0.0708812457064824,1.0,0.0,0.0,0.0,EVALUABLE,EXPLORATORY_CONSUMED_DIAGNOSTIC_ONLY
pressure_gradient_acceleration,LINEAGE,HMSO01R_A|FIELD_LINEAGE|0ac3210ffe07941071125618f2e4ad4f522063f7735eb12854083a5cf3b96fca,0.0,0.0,,1.0601893300162026,1.0601893300162026,1.0,0.0,0.0,,,0.0,0.0,NOT_EVALUABLE_RATIO,EXPLORATORY_CONSUMED_DIAGNOSTIC_ONLY
pressure_gradient_acceleration,LINEAGE,HMSO01R_A|FIELD_LINEAGE|0af73c913450206e45697078b9ff423d2fbe56a236026748e22945b9fe394efb,0.0,0.0,,0.7622792117145369,0.7622792117145369,1.0,0.0,0.0,,,0.0,0.0,NOT_EVALUABLE_RATIO,EXPLORATORY_CONSUMED_DIAGNOSTIC_ONLY
pressure_gradient_acceleration,LINEAGE,HMSO01R_A|FIELD_LINEAGE|0d095ad04875a9db82a8c6062fc3703d3296558fc88db157a4ad79a6317e27a5,0.0,0.0,,1.2793064820832134,1.2793064820832134,1.0,0.0,0.0,,,0.0,0.0,NOT_EVALUABLE_RATIO,EXPLORATORY_CONSUMED_DIAGNOSTIC_ONLY
pressure_gradient_acceleration,LINEAGE,HMSO01R_A|FIELD_LINEAGE|0d9a0fc9b5f4f20cb32cc24ac6db7a1e45276ec79661381e7e476b453759d6b0,0.0,0.0,,1.4500056740398457,1.4500056740398457,1.0,0.0,0.0,,,0.0,0.0,NOT_EVALUABLE_RATIO,EXPLORATORY_CONSUMED_DIAGNOSTIC_ONLY
pressure_gradient_acceleration,LINEAGE,HMSO01R_A|FIELD_LINEAGE|0da6210822c1316c7a077be78ae0c871024433732125f17a7f978f92e0d637e1,0.0,0.0,,0.5363770076728765,0.5363770076728765,1.0,0.0,0.0,,,0.0,0.0,NOT_EVALUABLE_RATIO,EXPLORATORY_CONSUMED_DIAGNOSTIC_ONLY
pressure_gradient_acceleration,LINEAGE,HMSO01R_A|FIELD_LINEAGE|0ddf6cdd096735cc15f4456489e1d58f77aa80618dad5da96cca18e59be60b9c,0.0,0.0,,0.8260173377962162,0.8260173377962162,1.0,0.0,0.0,,,0.0,0.0,NOT_EVALUABLE_RATIO,EXPLORATORY_CONSUMED_DIAGNOSTIC_ONLY
pressure_gradient_acceleration,LINEAGE,HMSO01R_A|FIELD_LINEAGE|0e65acebdbaa92caa4bcb30c2a0feac4a5469aac1dd76780539181916f956f58,0.6032853069457116,0.6032853069457116,1.0,1.6031570655894956,1.6031570655894956,1.0,0.3763107931810025,0.3763107931810025,1.0,0.0,0.0,0.0,EVALUABLE,EXPLORATORY_CONSUMED_DIAGNOSTIC_ONLY
pressure_gradient_acceleration,LINEAGE,HMSO01R_A|FIELD_LINEAGE|0e85d8db167a222553e045c2d06d7055fe817db60fe9573c8fc78f52ed1f8615,0.024716408835291675,0.007146628454017226,0.2891450979647501,1.1352021634287688,1.1352021634287688,1.0,0.021772693562033166,0.0062954676129505635,0.2891450979647501,1.2408266477820362,-0.01756978038127445,0.0,EVALUABLE,EXPLORATORY_CONSUMED_DIAGNOSTIC_ONLY
pressure_gradient_acceleration,LINEAGE,HMSO01R_A|FIELD_LINEAGE|0f0f1b8e6d3d2de7f2739e4c27aed7f4a0fa84df148b19d95d7dbbf8ec12bea3,0.0,0.0,,1.1882491814215261,1.1882491814215261,1.0,0.0,0.0,,,0.0,0.0,NOT_EVALUABLE_RATIO,EXPLORATORY_CONSUMED_DIAGNOSTIC_ONLY
pressure_gradient_acceleration,LINEAGE,HMSO01R_A|FIELD_LINEAGE|0f49beb059c8327e240fa524ede4b5d0ddc16e0eb915fce826282146040c0e20,0.0,0.0,,0.9204151608087922,0.9204151608087922,1.0,0.0,0.0,,,0.0,0.0,NOT_EVALUABLE_RATIO,EXPLORATORY_CONSUMED_DIAGNOSTIC_ONLY
pressure_gradient_acceleration,LINEAGE,HMSO01R_A|FIELD_LINEAGE|0fdda9072ffc8d97ff7e0441813be2217cbf8a41c67bef8c56cb65c5e8c889e5,0.0,0.0,,1.032177815600816,1.032177815600816,1.0,0.0,0.0,,,0.0,0.0,NOT_EVALUABLE_RATIO,EXPLORATORY_CONSUMED_DIAGNOSTIC_ONLY
pressure_gradient_acceleration,LINEAGE,HMSO01R_A|FIELD_LINEAGE|1014832cdbdd8f9e416c91cfffc398c0221e1acf20617efe558f4efd66f3578a,0.0,0.0,,0.9131650685284556,0.9131650685284556,1.0,0.0,0.0,,,0.0,0.0,NOT_EVALUABLE_RATIO,EXPLORATORY_CONSUMED_DIAGNOSTIC_ONLY
pressure_gradient_acceleration,LINEAGE,HMSO01R_A|FIELD_LINEAGE|101e8ab2bfdfa561a79b7bef11d98c5487b65f400bdd7d35b17d61b9746e280e,0.0,0.0,,1.1133027583140338,1.1133027583140338,1.0,0.0,0.0,,,0.0,0.0,NOT_EVALUABLE_RATIO,EXPLORATORY_CONSUMED_DIAGNOSTIC_ONLY
pressure_gradient_acceleration,LINEAGE,HMSO01R_A|FIELD_LINEAGE|10ec2dec79c0538398e95e49cd33ade9183e905d4ea4b212dcd4e7ec34fc5546,0.0,0.0,,1.4044736704313183,1.4044736704313183,1.0,0.0,0.0,,,0.0,0.0,NOT_EVALUABLE_RATIO,EXPLORATORY_CONSUMED_DIAGNOSTIC_ONLY
pressure_gradient_acceleration,LINEAGE,HMSO01R_A|FIELD_LINEAGE|11fde86949c379fe2021d6c74cae47b21d76fdf394512bb275cf864fa8a207c8,0.0,0.0,,1.3748863560773026,1.3748863560773026,1.0,0.0,0.0,,,0.0,0.0,NOT_EVALUABLE_RATIO,EXPLORATORY_CONSUMED_DIAGNOSTIC_ONLY
pressure_gradient_acceleration,LINEAGE,HMSO01R_A|FIELD_LINEAGE|14fde0d6f8e15a741b90398f93d73484586c3eb3479f620760208e87c5b3db6c,0.0,0.0,,1.3788994883180392,1.3788994883180392,1.0,0.0,0.0,,,0.0,0.0,NOT_EVALUABLE_RATIO,EXPLORATORY_CONSUMED_DIAGNOSTIC_ONLY
pressure_gradient_acceleration,LINEAGE,HMSO01R_A|FIELD_LINEAGE|15651b29629c1bcfb68ed12ef597d6352232a9bc607eac6bb7e574563cec2b00,0.0,0.0,,1.3721393668816733,1.3721393668816733,1.0,0.0,0.0,,,0.0,0.0,NOT_EVALUABLE_RATIO,EXPLORATORY_CONSUMED_DIAGNOSTIC_ONLY
pressure_gradient_acceleration,LINEAGE,HMSO01R_A|FIELD_LINEAGE|16eb11153f438a544fbde5e29c9d4f0fc922c6cc49338ba6f7c68206ac580c7f,1.3205976525257666,1.3205976525257666,1.0,8.524578557090123,8.524578557090123,1.0,0.15491647401470535,0.15491647401470535,1.0,0.0,0.0,0.0,EVALUABLE,EXPLORATORY_CONSUMED_DIAGNOSTIC_ONLY
pressure_gradient_acceleration,LINEAGE,HMSO01R_A|FIELD_LINEAGE|17af857dc7e075f66db0acfe5114e05e0f490cc5340cc9cfe073ae813844b776,0.0,0.0,,1.187289326725002,1.187289326725002,1.0,0.0,0.0,,,0.0,0.0,NOT_EVALUABLE_RATIO,EXPLORATORY_CONSUMED_DIAGNOSTIC_ONLY
pressure_gradient_acceleration,LINEAGE,HMSO01R_A|FIELD_LINEAGE|191e9f46778b3758f1f78fde4f9e2a46913f5a82ffc9889aaa9e18e41d67ee0e,0.0,0.0,,1.0866176308580708,1.0866176308580708,1.0,0.0,0.0,,,0.0,0.0,NOT_EVALUABLE_RATIO,EXPLORATORY_CONSUMED_DIAGNOSTIC_ONLY
pressure_gradient_acceleration,LINEAGE,HMSO01R_A|FIELD_LINEAGE|197d7ec024c0036b09ad028c746809cfe1ed712ccbb40eead96390c6dfdd817b,1.9365178432140642,0.28592214795531806,0.1476475669755613,1.2137732545712256,1.2137732545712256,1.0,1.5954527222616661,0.23556471266647094,0.1476475669755613,1.9129271492512978,-1.6505956952587462,0.0,EVALUABLE,EXPLORATORY_CONSUMED_DIAGNOSTIC_ONLY
pressure_gradient_acceleration,LINEAGE,HMSO01R_A|FIELD_LINEAGE|197ff926eb3d0f9ff98b06347687987d9933c0c4a0832b79258c496c53405132,0.0,0.0,,1.1153573796610392,1.1153573796610392,1.0,0.0,0.0,,,0.0,0.0,NOT_EVALUABLE_RATIO,EXPLORATORY_CONSUMED_DIAGNOSTIC_ONLY
pressure_gradient_acceleration,LINEAGE,HMSO01R_A|FIELD_LINEAGE|19bc9c15d585b69ea5a604b39577d278e2c7b171a2d899f0352dc2850b1dc0cb,0.0,0.0,,1.31745216182496,1.31745216182496,1.0,0.0,0.0,,,0.0,0.0,NOT_EVALUABLE_RATIO,EXPLORATORY_CONSUMED_DIAGNOSTIC_ONLY
pressure_gradient_acceleration,LINEAGE,HMSO01R_A|FIELD_LINEAGE|1a444bf8e4f5678b58a9ba1debf6e16323abf2899e40040f0bbc7e1608156e14,0.0,0.0,,1.0214698697639686,1.0214698697639686,1.0,0.0,0.0,,,0.0,0.0,NOT_EVALUABLE_RATIO,EXPLORATORY_CONSUMED_DIAGNOSTIC_ONLY
pressure_gradient_acceleration,LINEAGE,HMSO01R_A|FIELD_LINEAGE|1b6f0cb3de33bc6abdb0882404222836bd00a9ad3c6fe2c95af35a87f0fa1200,0.2658959706319345,0.2658959706319345,1.0,1.2863774978797398,1.2863774978797398,1.0,0.20670135405057624,0.20670135405057624,1.0,0.0,0.0,0.0,EVALUABLE,EXPLORATORY_CONSUMED_DIAGNOSTIC_ONLY
pressure_gradient_acceleration,LINEAGE,HMSO01R_A|FIELD_LINEAGE|1d03c9c9f560219b53c739310adfe296cf8afec50561d01ce15be76ae73c1479,0.5109130913846689,0.09776313343778528,0.19134983050214885,1.6349029800040682,1.6349029800040682,1.0,0.31250361497499846,0.05979751375677474,0.19134983050214885,1.6536519529109286,-0.4131499579468836,0.0,EVALUABLE,EXPLORATORY_CONSUMED_DIAGNOSTIC_ONLY
pressure_gradient_acceleration,LINEAGE,HMSO01R_A|FIELD_LINEAGE|1e499d17b9c103b93706f70e5fa2f7497086b8d1dab61b6d4e57ae6874e328ff,0.010379520768102321,0.010379520768102321,1.0,1.3155493200523334,1.3155493200523334,1.0,0.007889875818330717,0.007889875818330717,1.0,0.0,0.0,0.0,EVALUABLE,EXPLORATORY_CONSUMED_DIAGNOSTIC_ONLY
pressure_gradient_acceleration,LINEAGE,HMSO01R_A|FIELD_LINEAGE|20bbc33e3ce141e2f7eb99de3d0702689581411faf36ef6782c9dd4ff7bd0899,0.0,0.0,,0.5206608990516488,0.5206608990516488,1.0,0.0,0.0,,,0.0,0.0,NOT_EVALUABLE_RATIO,EXPLORATORY_CONSUMED_DIAGNOSTIC_ONLY
pressure_gradient_acceleration,LINEAGE,HMSO01R_A|FIELD_LINEAGE|20fd9f4e76cc9e98a79b808be25ffb0cc4d95c0522637973fd5963586426d614,0.0,0.0,,0.5609691398371914,0.5609691398371914,1.0,0.0,0.0,,,0.0,0.0,NOT_EVALUABLE_RATIO,EXPLORATORY_CONSUMED_DIAGNOSTIC_ONLY
pressure_gradient_acceleration,LINEAGE,HMSO01R_A|FIELD_LINEAGE|21308456c1ed84c2854c7a093be1e48cf9af8d5768485e2a86892e0fd138af17,0.5697361220408601,0.5683310662248815,0.9975338481068297,2.88902328215,2.88902328215,1.0,0.197207175712639,0.19672083286290848,0.9975338481068297,0.002469197854650086,-0.0014050558159786064,0.0,EVALUABLE,EXPLORATORY_CONSUMED_DIAGNOSTIC_ONLY
pressure_gradient_acceleration,LINEAGE,HMSO01R_A|FIELD_LINEAGE|21b79bdb11d90c0a9b01efce71ed9eec0d7fba61736210c4c1ab358a9c4e965a,0.0,0.0,,1.0439951042581619,1.0439951042581619,1.0,0.0,0.0,,,0.0,0.0,NOT_EVALUABLE_RATIO,EXPLORATORY_CONSUMED_DIAGNOSTIC_ONLY
pressure_gradient_acceleration,LINEAGE,HMSO01R_A|FIELD_LINEAGE|21dfb26365637485a590f4aa1b2a5297d551eab87745fb26abbdd41a0e1d8daa,2.410807556967228,2.410807556967228,1.0,2.43845246429277,2.43845246429277,1.0,0.9886629295709647,0.9886629295709647,1.0,0.0,0.0,0.0,EVALUABLE,EXPLORATORY_CONSUMED_DIAGNOSTIC_ONLY
pressure_gradient_acceleration,LINEAGE,HMSO01R_A|FIELD_LINEAGE|226b761343bde11d0f8531972b4efd2a54f34c441ce74b43268bfdfde41542ed,0.110407426459959,0.110407426459959,1.0,1.2662546271903699,1.2662546271903699,1.0,0.08719212083349825,0.08719212083349825,1.0,0.0,0.0,0.0,EVALUABLE,EXPLORATORY_CONSUMED_DIAGNOSTIC_ONLY
pressure_gradient_acceleration,LINEAGE,HMSO01R_A|FIELD_LINEAGE|292cdf1c570d6fb417a11eb6a7d4d830f9162a0bf0e09496e15edbaa84e1f3f4,0.05708148902231035,0.05708148902231035,1.0,1.3612156242242937,1.3612156242242937,1.0,0.04193420058254105,0.04193420058254105,1.0,0.0,0.0,0.0,EVALUABLE,EXPLORATORY_CONSUMED_DIAGNOSTIC_ONLY
pressure_gradient_acceleration,LINEAGE,HMSO01R_A|FIELD_LINEAGE|29dc93f9e64f8875b47eb06f84606bc0c4a0e9315877441085164bd7870ebc8e,0.0,0.0,,1.194112681564874,1.194112681564874,1.0,0.0,0.0,,,0.0,0.0,NOT_EVALUABLE_RATIO,EXPLORATORY_CONSUMED_DIAGNOSTIC_ONLY
pressure_gradient_acceleration,LINEAGE,HMSO01R_A|FIELD_LINEAGE|2bf67fa14447cc7892bedcae7ba79ef420cf3b1aa476bde75527a097c9a5c922,0.2680090765580601,0.2680090765580601,1.0,1.6758217817323457,1.6758217817323457,1.0,0.15992695612358693,0.15992695612358693,1.0,0.0,0.0,0.0,EVALUABLE,EXPLORATORY_CONSUMED_DIAGNOSTIC_ONLY
pressure_gradient_acceleration,LINEAGE,HMSO01R_A|FIELD_LINEAGE|2d885ab8e36e98def0f3a036fab45f57940afd290e12c42ece2cbbf2a0b7faed,1.9524696738899127e-09,1.2008088802722241e-07,61.50205026641198,1.261254815461715,1.261254815461715,1.0,1.5480374385529389e-09,9.520747636017049e-08,61.50205026641198,4.11907051192202,1.181284183533325e-07,0.0,EVALUABLE,EXPLORATORY_CONSUMED_DIAGNOSTIC_ONLY
pressure_gradient_acceleration,LINEAGE,HMSO01R_A|FIELD_LINEAGE|2e00a5aa730d3fe2629242ac9cb05445890c5ccd2cee3bc6b04bd3dcaa176cdc,0.0,0.0,,1.287694727790583,1.287694727790583,1.0,0.0,0.0,,,0.0,0.0,NOT_EVALUABLE_RATIO,EXPLORATORY_CONSUMED_DIAGNOSTIC_ONLY
pressure_gradient_acceleration,LINEAGE,HMSO01R_A|FIELD_LINEAGE|3264ae7008b91adb6f4b677f3ecc13cbe5ab1143b7f33ef501525d095e0b618c,1.0964061028092063,1.082065613175444,0.9869204580337348,1.0608397674697534,1.0608397674697534,1.0,1.0335265856636233,1.0200085313131853,0.9869204580337348,0.013165832427648615,-0.014340489633762221,0.0,EVALUABLE,EXPLORATORY_CONSUMED_DIAGNOSTIC_ONLY
pressure_gradient_acceleration,LINEAGE,HMSO01R_A|FIELD_LINEAGE|3283083498700d830b6f9393659c16097acacaf984f6c43b70c65438a233286d,2.3953901277441507e-07,2.3512873389863737e-07,0.9815884735238052,1.0554739556175599,1.0554739556175599,1.0,2.2694924067004602e-07,2.2277075871669718e-07,0.9815884735238053,0.018583128193290294,-4.410278875777699e-09,0.0,EVALUABLE,EXPLORATORY_CONSUMED_DIAGNOSTIC_ONLY
pressure_gradient_acceleration,LINEAGE,HMSO01R_A|FIELD_LINEAGE|34168bb92814c253cb6b05f8022442aa6cab311b67f648a00b758da530873bc9,0.0,0.0,,1.154273283752937,1.154273283752937,1.0,0.0,0.0,,,0.0,0.0,NOT_EVALUABLE_RATIO,EXPLORATORY_CONSUMED_DIAGNOSTIC_ONLY
pressure_gradient_acceleration,LINEAGE,HMSO01R_A|FIELD_LINEAGE|34a4e80876c1805c1767ae4dec4e60fe92b927519de4d3f4fc98d8e491efa006,0.0,0.0,,0.790228772601083,0.790228772601083,1.0,0.0,0.0,,,0.0,0.0,NOT_EVALUABLE_RATIO,EXPLORATORY_CONSUMED_DIAGNOSTIC_ONLY
pressure_gradient_acceleration,LINEAGE,HMSO01R_A|FIELD_LINEAGE|367777ab46eb41f1d6390744a91dc4aea35bac8f23f02a2f5c6dee473916edbd,0.0,0.0,,1.1106893231438262,1.1106893231438262,1.0,0.0,0.0,,,0.0,0.0,NOT_EVALUABLE_RATIO,EXPLORATORY_CONSUMED_DIAGNOSTIC_ONLY
pressure_gradient_acceleration,LINEAGE,HMSO01R_A|FIELD_LINEAGE|381d8f63546be0384f86ba8b518abcf8c4d107fec707374fb03828151e0b75af,0.0,0.0,,0.44537122392177786,0.44537122392177786,1.0,0.0,0.0,,,0.0,0.0,NOT_EVALUABLE_RATIO,EXPLORATORY_CONSUMED_DIAGNOSTIC_ONLY
pressure_gradient_acceleration,LINEAGE,HMSO01R_A|FIELD_LINEAGE|38ed780ae9e2ceb725d12dc596e69f348d116c6ab5da75f5bae97744169a86db,1.5563650828526694,1.5563650828526694,1.0,3.969669089527266,3.969669089527266,1.0,0.3920641866493742,0.3920641866493742,1.0,0.0,0.0,0.0,EVALUABLE,EXPLORATORY_CONSUMED_DIAGNOSTIC_ONLY
pressure_gradient_acceleration,LINEAGE,HMSO01R_A|FIELD_LINEAGE|39a5eaeb1afddf9af00bec82f67fdf5414fc1d1e11076c2f86704fda2809ab87,1.779019694566938e-08,0.0,0.0,1.3140637197993466,1.3140637197993466,1.0,1.3538306154884094e-08,0.0,0.0,,-1.779019694566938e-08,0.0,NOT_EVALUABLE_RATIO,EXPLORATORY_CONSUMED_DIAGNOSTIC_ONLY
pressure_gradient_acceleration,LINEAGE,HMSO01R_A|FIELD_LINEAGE|3c7ea9b77bf044ea3d9c6d199831fc605b20c1d7b4a9ad213eb80b5cab2c0296,0.0,0.0,,1.017738649825616,1.017738649825616,1.0,0.0,0.0,,,0.0,0.0,NOT_EVALUABLE_RATIO,EXPLORATORY_CONSUMED_DIAGNOSTIC_ONLY
pressure_gradient_acceleration,LINEAGE,HMSO01R_A|FIELD_LINEAGE|3d33238d426baab3f4ff1c525309d0c0b825fb99fca42c8d1a5482ea92f2f1a6,0.24464135812135718,0.24464135812135718,1.0,1.133328741245186,1.133328741245186,1.0,0.2158608965061366,0.2158608965061366,1.0,0.0,0.0,0.0,EVALUABLE,EXPLORATORY_CONSUMED_DIAGNOSTIC_ONLY
pressure_gradient_acceleration,LINEAGE,HMSO01R_A|FIELD_LINEAGE|3e17b326e03465aac98a6b656cd3125c19ada3cc77d6223ebd6e30804155ff56,0.0,0.0,,1.3554272280345248,1.3554272280345248,1.0,0.0,0.0,,,0.0,0.0,NOT_EVALUABLE_RATIO,EXPLORATORY_CONSUMED_DIAGNOSTIC_ONLY
pressure_gradient_acceleration,LINEAGE,HMSO01R_A|FIELD_LINEAGE|3e594f148c4f0181faaf58cc7906a2e9e8709c7be31e59cdc8bdd6b6b7c398a2,0.0,0.0,,1.2929133014168637,1.2929133014168637,1.0,0.0,0.0,,,0.0,0.0,NOT_EVALUABLE_RATIO,EXPLORATORY_CONSUMED_DIAGNOSTIC_ONLY
pressure_gradient_acceleration,LINEAGE,HMSO01R_A|FIELD_LINEAGE|40ad278dca26109101acf56cf89434c2db030106327c552c8aaad7f18589b1fc,0.0,0.0,,0.48138058709946163,0.48138058709946163,1.0,0.0,0.0,,,0.0,0.0,NOT_EVALUABLE_RATIO,EXPLORATORY_CONSUMED_DIAGNOSTIC_ONLY
pressure_gradient_acceleration,LINEAGE,HMSO01R_A|FIELD_LINEAGE|41b714ff189f53f826864cf9fac2bed83a6e097351a7033fcea23d658bf21b54,0.6891402426945585,0.6891402426945585,1.0,1.294473925971372,1.294473925971372,1.0,0.532370895132112,0.532370895132112,1.0,0.0,0.0,0.0,EVALUABLE,EXPLORATORY_CONSUMED_DIAGNOSTIC_ONLY
pressure_gradient_acceleration,LINEAGE,HMSO01R_A|FIELD_LINEAGE|41ec221cb0eeb1bbfd7efc4d5d4cd642cd62a71a09fd5ce2fc9fff0cbe48931c,0.0,8.355477722983516e-09,,1.0147157782790104,1.0147157782790104,1.0,0.0,8.234303537838611e-09,,,8.355477722983516e-09,0.0,NOT_EVALUABLE_RATIO,EXPLORATORY_CONSUMED_DIAGNOSTIC_ONLY
pressure_gradient_acceleration,LINEAGE,HMSO01R_A|FIELD_LINEAGE|429c6019f8749d53e4581b918e84a928af92c02c8bd8516136f7bea7e94cf671,0.0,0.0,,1.189020445248989,1.189020445248989,1.0,0.0,0.0,,,0.0,0.0,NOT_EVALUABLE_RATIO,EXPLORATORY_CONSUMED_DIAGNOSTIC_ONLY
pressure_gradient_acceleration,LINEAGE,HMSO01R_A|FIELD_LINEAGE|42e50ef40056d389a76817004688f104ee3861e2ea394e0b7ded0e04dbc7e54e,0.0,0.0,,1.112090487933706,1.112090487933706,1.0,0.0,0.0,,,0.0,0.0,NOT_EVALUABLE_RATIO,EXPLORATORY_CONSUMED_DIAGNOSTIC_ONLY
pressure_gradient_acceleration,LINEAGE,HMSO01R_A|FIELD_LINEAGE|43048a070f7e90a4b3daec507e653fb282b428f5e4cf309a72c949e8f5226bf3,0.0,0.0,,1.0964466338212309,1.0964466338212309,1.0,0.0,0.0,,,0.0,0.0,NOT_EVALUABLE_RATIO,EXPLORATORY_CONSUMED_DIAGNOSTIC_ONLY
pressure_gradient_acceleration,LINEAGE,HMSO01R_A|FIELD_LINEAGE|4389c621e60229f631c944081b4adc544d96927c12f624ff90ee3e85668f651e,0.0,0.0,,1.2069851825584796,1.2069851825584796,1.0,0.0,0.0,,,0.0,0.0,NOT_EVALUABLE_RATIO,EXPLORATORY_CONSUMED_DIAGNOSTIC_ONLY
pressure_gradient_acceleration,LINEAGE,HMSO01R_A|FIELD_LINEAGE|440a69e5e6d8a6266c3153ff4cc4273aafca8ec71c677d3f24cfa0db89cae65c,1.5384028990016696,1.5384028990016696,1.0,5.507771933867039,5.507771933867039,1.0,0.2793149239789869,0.2793149239789869,1.0,0.0,0.0,0.0,EVALUABLE,EXPLORATORY_CONSUMED_DIAGNOSTIC_ONLY
pressure_gradient_acceleration,LINEAGE,HMSO01R_A|FIELD_LINEAGE|4666d705aea26a6f22073d7a13f6e76c36824d125314c031a782f73ac5ba6779,0.0,0.0,,1.1713528651570515,1.1713528651570515,1.0,0.0,0.0,,,0.0,0.0,NOT_EVALUABLE_RATIO,EXPLORATORY_CONSUMED_DIAGNOSTIC_ONLY
pressure_gradient_acceleration,LINEAGE,HMSO01R_A|FIELD_LINEAGE|46ad1db2ba1a448aa8fcf8fea69b4b772861af80c9b661f505a8c591ffdfe68c,0.0,0.0,,1.0350048371053941,1.0350048371053941,1.0,0.0,0.0,,,0.0,0.0,NOT_EVALUABLE_RATIO,EXPLORATORY_CONSUMED_DIAGNOSTIC_ONLY
pressure_gradient_acceleration,LINEAGE,HMSO01R_A|FIELD_LINEAGE|4729596698ed7c65dd5f082aea4dac27cd26c6550de18eb2382e9ca6f186b90b,0.0,0.0,,1.5761287254929048,1.5761287254929048,1.0,0.0,0.0,,,0.0,0.0,NOT_EVALUABLE_RATIO,EXPLORATORY_CONSUMED_DIAGNOSTIC_ONLY
pressure_gradient_acceleration,LINEAGE,HMSO01R_A|FIELD_LINEAGE|475ead0c3c732d8046f08c0918482fe4219c4fa643d2e948ba96c0bc2f6d887d,0.09174749416192178,0.09174749416192178,1.0,1.2422538814056323,1.2422538814056323,1.0,0.07385567115967298,0.07385567115967298,1.0,0.0,0.0,0.0,EVALUABLE,EXPLORATORY_CONSUMED_DIAGNOSTIC_ONLY
pressure_gradient_acceleration,LINEAGE,HMSO01R_A|FIELD_LINEAGE|49aae8e0ac8e4584d3624cd5459480c917c8157571a4f7ac9660003550146055,0.0,0.0,,1.2461970160124203,1.2461970160124203,1.0,0.0,0.0,,,0.0,0.0,NOT_EVALUABLE_RATIO,EXPLORATORY_CONSUMED_DIAGNOSTIC_ONLY
pressure_gradient_acceleration,LINEAGE,HMSO01R_A|FIELD_LINEAGE|4a864b01d23e69fbf80902fd3a728f366c9eb285ead51eb5724dfe25ca232031,0.0,0.0,,1.2365062949278165,1.2365062949278165,1.0,0.0,0.0,,,0.0,0.0,NOT_EVALUABLE_RATIO,EXPLORATORY_CONSUMED_DIAGNOSTIC_ONLY
pressure_gradient_acceleration,LINEAGE,HMSO01R_A|FIELD_LINEAGE|4c3bbd0a7d56407cf1ccc6d516e10bc822949b03124ef92a27e554a97f6ed1b2,0.0,0.0,,1.4435530686680162,1.4435530686680162,1.0,0.0,0.0,,,0.0,0.0,NOT_EVALUABLE_RATIO,EXPLORATORY_CONSUMED_DIAGNOSTIC_ONLY
pressure_gradient_acceleration,LINEAGE,HMSO01R_A|FIELD_LINEAGE|4cf69c455bf1f50d880646e37d5ce58645992adb18a995a52fdf89583dcd2384,0.0358691524500123,0.0358691524500123,1.0,0.608665453753138,0.608665453753138,1.0,0.05893081696823241,0.05893081696823241,1.0,0.0,0.0,0.0,EVALUABLE,EXPLORATORY_CONSUMED_DIAGNOSTIC_ONLY
pressure_gradient_acceleration,LINEAGE,HMSO01R_A|FIELD_LINEAGE|51aa7e7dbbb5aa6496f5ed0b95d8e85438067333a238c5e41877a3cd9ace3175,0.0,0.0,,1.436800110572492,1.436800110572492,1.0,0.0,0.0,,,0.0,0.0,NOT_EVALUABLE_RATIO,EXPLORATORY_CONSUMED_DIAGNOSTIC_ONLY
pressure_gradient_acceleration,LINEAGE,HMSO01R_A|FIELD_LINEAGE|541d56dfe6d37f091e41084f899b04aeee2814cee915608e406b47dce85c3c8b,0.0,0.0,,1.2954920986725167,1.2954920986725167,1.0,0.0,0.0,,,0.0,0.0,NOT_EVALUABLE_RATIO,EXPLORATORY_CONSUMED_DIAGNOSTIC_ONLY
pressure_gradient_acceleration,LINEAGE,HMSO01R_A|FIELD_LINEAGE|55cdcba2ab757796978976644840d2bce6b96e998f32047a71aff1f289ed6480,0.0,0.0,,1.3401001431339308,1.3401001431339308,1.0,0.0,0.0,,,0.0,0.0,NOT_EVALUABLE_RATIO,EXPLORATORY_CONSUMED_DIAGNOSTIC_ONLY
pressure_gradient_acceleration,LINEAGE,HMSO01R_A|FIELD_LINEAGE|56571c9b6d895bc0e855ce89225a188e41167fe16fc1aed7e4e19ab1ddaef9cb,0.9064840798006278,0.9064840798006278,1.0,1.3165430675527294,1.3165430675527294,1.0,0.688533555902319,0.688533555902319,1.0,0.0,0.0,0.0,EVALUABLE,EXPLORATORY_CONSUMED_DIAGNOSTIC_ONLY
pressure_gradient_acceleration,LINEAGE,HMSO01R_A|FIELD_LINEAGE|5717c014ee19e2404587fa3546273faef8d6d97d2a31a4b9e01b24770e476426,0.0,0.0,,1.0112492355498484,1.0112492355498484,1.0,0.0,0.0,,,0.0,0.0,NOT_EVALUABLE_RATIO,EXPLORATORY_CONSUMED_DIAGNOSTIC_ONLY
pressure_gradient_acceleration,LINEAGE,HMSO01R_A|FIELD_LINEAGE|5788e5f098ee24a0bfe3ef48cb7ba08a0bdbab2c319fd19eedc3c9eb4ac76f03,0.0,0.0,,0.4288981198967099,0.4288981198967099,1.0,0.0,0.0,,,0.0,0.0,NOT_EVALUABLE_RATIO,EXPLORATORY_CONSUMED_DIAGNOSTIC_ONLY
pressure_gradient_acceleration,LINEAGE,HMSO01R_A|FIELD_LINEAGE|5851badadb2dbcb7aa9bd12e7e1999f87fd380febbee831ba86fec2a8906fa0a,2.825121455850262,2.825121455850262,1.0,2.6220363864141225,2.6220363864141225,1.0,1.07745318504671,1.07745318504671,1.0,0.0,0.0,0.0,EVALUABLE,EXPLORATORY_CONSUMED_DIAGNOSTIC_ONLY
pressure_gradient_acceleration,LINEAGE,HMSO01R_A|FIELD_LINEAGE|5915fb95e293a089619d78d1366edf95fa145cc69452df6337d9252e862b1502,0.0,0.0,,1.1401668136635388,1.1401668136635388,1.0,0.0,0.0,,,0.0,0.0,NOT_EVALUABLE_RATIO,EXPLORATORY_CONSUMED_DIAGNOSTIC_ONLY
pressure_gradient_acceleration,LINEAGE,HMSO01R_A|FIELD_LINEAGE|5932ef4f3ff2f79b2fa4005d45fb593b78f4308c6edd18917a8552256cdfcf19,0.23451314127341866,0.23311780624937495,0.9940500774648834,1.1533431366721245,1.1533431366721245,1.0,0.20333336525510246,0.20212354748303002,0.9940500774648834,0.005967693851236217,-0.001395335024043709,0.0,EVALUABLE,EXPLORATORY_CONSUMED_DIAGNOSTIC_ONLY
pressure_gradient_acceleration,LINEAGE,HMSO01R_A|FIELD_LINEAGE|59aef3f6a7aa33f774612e58955e925638af1b151b9e6b2d7127236b21c1a5a6,1.4584772183803563,1.4584772183803563,1.0,5.260419718330626,5.260419718330626,1.0,0.27725491433660704,0.27725491433660704,1.0,0.0,0.0,0.0,EVALUABLE,EXPLORATORY_CONSUMED_DIAGNOSTIC_ONLY
pressure_gradient_acceleration,LINEAGE,HMSO01R_A|FIELD_LINEAGE|5a0dbac6ae904f5529ad460639c41b1b383ca8809b93f779bcc31cb0fd08d08b,0.04344869665677673,0.04344869665677673,1.0,0.9446883404795865,0.9446883404795865,1.0,0.04599262507539713,0.04599262507539713,1.0,0.0,0.0,0.0,EVALUABLE,EXPLORATORY_CONSUMED_DIAGNOSTIC_ONLY
pressure_gradient_acceleration,LINEAGE,HMSO01R_A|FIELD_LINEAGE|5c056a7425c54539d868f52b6ae68a4c578195d4f6b5cb7d636be4eab2c2df8c,0.2676194708474163,0.2676194708474163,1.0,1.1778456238717965,1.1778456238717965,1.0,0.22721099049271123,0.22721099049271123,1.0,0.0,0.0,0.0,EVALUABLE,EXPLORATORY_CONSUMED_DIAGNOSTIC_ONLY
pressure_gradient_acceleration,LINEAGE,HMSO01R_A|FIELD_LINEAGE|5c07d2280b8a6c46f1c42b9f7878f3f5c5e2174c9419aaf05f2bb6b52ab2f5f6,0.41494324037088914,0.41494324037088914,1.0,1.6608227719129345,1.6608227719129345,1.0,0.24984197434441352,0.24984197434441352,1.0,0.0,0.0,0.0,EVALUABLE,EXPLORATORY_CONSUMED_DIAGNOSTIC_ONLY
pressure_gradient_acceleration,LINEAGE,HMSO01R_A|FIELD_LINEAGE|5cf76bdd12cdf0612bba343b6cf1b9e46ef0764cc183560f7b16acacca9460f1,0.19215462693805635,0.19215462693805635,1.0,1.6820522043095107,1.6820522043095107,1.0,0.11423820642768731,0.11423820642768731,1.0,0.0,0.0,0.0,EVALUABLE,EXPLORATORY_CONSUMED_DIAGNOSTIC_ONLY
pressure_gradient_acceleration,LINEAGE,HMSO01R_A|FIELD_LINEAGE|5d84595c43a38b585d7953f18ac50da686f8debb482b1cca6058cffe84d274b6,11.60555414298157,11.60555414298157,1.0,12.611351286977127,12.611351286977127,1.0,0.9202466792726506,0.9202466792726506,1.0,0.0,0.0,0.0,EVALUABLE,EXPLORATORY_CONSUMED_DIAGNOSTIC_ONLY
pressure_gradient_acceleration,LINEAGE,HMSO01R_A|FIELD_LINEAGE|5e2623db68536d2f4bee911245429597fdaee9006859890dec92aeaff707fe09,0.0,0.0,,1.2970398373137435,1.2970398373137435,1.0,0.0,0.0,,,0.0,0.0,NOT_EVALUABLE_RATIO,EXPLORATORY_CONSUMED_DIAGNOSTIC_ONLY
pressure_gradient_acceleration,LINEAGE,HMSO01R_A|FIELD_LINEAGE|61b0a8ee57598b36eed2786a9e3e1cafd7d1e5cb7b5052c92f6d5c1826bc6619,0.0,0.0,,1.2386161624845067,1.2386161624845067,1.0,0.0,0.0,,,0.0,0.0,NOT_EVALUABLE_RATIO,EXPLORATORY_CONSUMED_DIAGNOSTIC_ONLY
pressure_gradient_acceleration,LINEAGE,HMSO01R_A|FIELD_LINEAGE|61d4f5ea89fdb94c7fd8a7150c89f5910fdf9e6c5a71383e850b5a750c8fcf55,0.0,0.0,,0.9430045367911358,0.9430045367911358,1.0,0.0,0.0,,,0.0,0.0,NOT_EVALUABLE_RATIO,EXPLORATORY_CONSUMED_DIAGNOSTIC_ONLY
pressure_gradient_acceleration,LINEAGE,HMSO01R_A|FIELD_LINEAGE|6260b45ec31956360cb50305f8ad9fa70be57f53fb24bc0523fc70aeb48f57ae,0.0,0.0,,1.378117876492584,1.378117876492584,1.0,0.0,0.0,,,0.0,0.0,NOT_EVALUABLE_RATIO,EXPLORATORY_CONSUMED_DIAGNOSTIC_ONLY
pressure_gradient_acceleration,LINEAGE,HMSO01R_A|FIELD_LINEAGE|6359faeb0765247f7e12d6c9e8bbc8898fa74fca5c76c863a6009dffddbcb32e,0.0,0.0,,1.1767623618765823,1.1767623618765823,1.0,0.0,0.0,,,0.0,0.0,NOT_EVALUABLE_RATIO,EXPLORATORY_CONSUMED_DIAGNOSTIC_ONLY
pressure_gradient_acceleration,LINEAGE,HMSO01R_A|FIELD_LINEAGE|64cf1977fe8b52c7e0fc1798d4810be4243b09c0886573ce42439c1eaf431667,0.11844875708630817,0.11844875708630817,1.0,1.3221236692085836,1.3221236692085836,1.0,0.08958977124826076,0.08958977124826076,1.0,0.0,0.0,0.0,EVALUABLE,EXPLORATORY_CONSUMED_DIAGNOSTIC_ONLY
pressure_gradient_acceleration,LINEAGE,HMSO01R_A|FIELD_LINEAGE|66e31e43c39c0807b2398e5067c9aaab318a50b596f04344988d8e71103f4693,0.0,0.0,,1.0067342930583179,1.0067342930583179,1.0,0.0,0.0,,,0.0,0.0,NOT_EVALUABLE_RATIO,EXPLORATORY_CONSUMED_DIAGNOSTIC_ONLY
pressure_gradient_acceleration,LINEAGE,HMSO01R_A|FIELD_LINEAGE|6918def6b8a6923e67fc2a25f9ee5a59a177f2b6c9bf8dfd922cd28ef3b4c287,0.0,0.0,,0.5524365593875837,0.5524365593875837,1.0,0.0,0.0,,,0.0,0.0,NOT_EVALUABLE_RATIO,EXPLORATORY_CONSUMED_DIAGNOSTIC_ONLY
pressure_gradient_acceleration,LINEAGE,HMSO01R_A|FIELD_LINEAGE|6aba5ce17b9c02240405669069c0b485de9d3ce1714e3e85b0411d61ec7beb5e,0.0,0.0,,0.5192462928132224,0.5192462928132224,1.0,0.0,0.0,,,0.0,0.0,NOT_EVALUABLE_RATIO,EXPLORATORY_CONSUMED_DIAGNOSTIC_ONLY
pressure_gradient_acceleration,LINEAGE,HMSO01R_A|FIELD_LINEAGE|6ad90de4847db7d34a3540ed573a050180b363be817d3503c19045b1a2f0ed3c,0.0,0.0,,1.271212648860439,1.271212648860439,1.0,0.0,0.0,,,0.0,0.0,NOT_EVALUABLE_RATIO,EXPLORATORY_CONSUMED_DIAGNOSTIC_ONLY
pressure_gradient_acceleration,LINEAGE,HMSO01R_A|FIELD_LINEAGE|6af5032f0b166e8e3ff27ce0b5fdfb49cda87c61afe66a4eb6eb807e625daf8a,0.0,0.0,,1.2817661451548996,1.2817661451548996,1.0,0.0,0.0,,,0.0,0.0,NOT_EVALUABLE_RATIO,EXPLORATORY_CONSUMED_DIAGNOSTIC_ONLY
pressure_gradient_acceleration,LINEAGE,HMSO01R_A|FIELD_LINEAGE|6d1fc2b84d6da564ae936d907e04365ad5b63a9377b77c1faa05d68a9fe06d3c,0.3628425225488542,0.13619424971500207,0.37535360728472633,1.2925907938665773,1.2925907938665773,1.0,0.28070950549126933,0.10536532548525965,0.3753536072847264,0.9798867445531281,-0.2266482728338521,0.0,EVALUABLE,EXPLORATORY_CONSUMED_DIAGNOSTIC_ONLY
pressure_gradient_acceleration,LINEAGE,HMSO01R_A|FIELD_LINEAGE|6d4353b03da9874056ea6f087e4493dcb629a7b8bd4a1eabce0a6b1b20255b6c,0.0,0.0,,0.7925218793480863,0.7925218793480863,1.0,0.0,0.0,,,0.0,0.0,NOT_EVALUABLE_RATIO,EXPLORATORY_CONSUMED_DIAGNOSTIC_ONLY
pressure_gradient_acceleration,LINEAGE,HMSO01R_A|FIELD_LINEAGE|70dd50135b0ce37b393c6eae858eae2988f95a40a860753345e473ce01dd9d91,0.13960159551312357,0.13960159551312357,1.0,1.3212595608983517,1.3212595608983517,1.0,0.10565796429749622,0.10565796429749622,1.0,0.0,0.0,0.0,EVALUABLE,EXPLORATORY_CONSUMED_DIAGNOSTIC_ONLY
pressure_gradient_acceleration,LINEAGE,HMSO01R_A|FIELD_LINEAGE|724fd3a44cb8ec4985e45f721837e7f4eeea1666b35a166345e025918455e304,0.09666487597045262,0.09666487597045262,1.0,1.2752235694996017,1.2752235694996017,1.0,0.07580229716769112,0.07580229716769112,1.0,0.0,0.0,0.0,EVALUABLE,EXPLORATORY_CONSUMED_DIAGNOSTIC_ONLY
pressure_gradient_acceleration,LINEAGE,HMSO01R_A|FIELD_LINEAGE|72bbc35959df916eca72e8fb7e723c361c09592753187c3754f344aae218c230,0.03919271684817952,0.04555725353415134,1.162390801092613,2.5291648747737177,2.5291648747737177,1.0,0.015496307591131664,0.018012765394833073,1.162390801092613,0.15047891952325987,0.006364536685971818,0.0,EVALUABLE,EXPLORATORY_CONSUMED_DIAGNOSTIC_ONLY
pressure_gradient_acceleration,LINEAGE,HMSO01R_A|FIELD_LINEAGE|73f5ee97e40c47c1aa5579bcf72cf190dfaf3aad2886cc887f3295530388016c,0.12516193308996787,0.08868814365980315,0.7085871995605331,0.6216149455790534,0.6216149455790534,1.0,0.20134962001818615,0.14267376338126397,0.7085871995605331,0.34448215112186975,-0.036473789430164716,0.0,EVALUABLE,EXPLORATORY_CONSUMED_DIAGNOSTIC_ONLY
pressure_gradient_acceleration,LINEAGE,HMSO01R_A|FIELD_LINEAGE|75819144781d043ebbeb8c2d3fbfa9139c47542df53315ab71a80a7addb49109,0.725499977009769,0.725499977009769,1.0,2.2788999958712846,2.2788999958712846,1.0,0.31835533736634675,0.31835533736634675,1.0,0.0,0.0,0.0,EVALUABLE,EXPLORATORY_CONSUMED_DIAGNOSTIC_ONLY
pressure_gradient_acceleration,LINEAGE,HMSO01R_A|FIELD_LINEAGE|7583af7a3fd0bfbef70db28fd30d8a1112bd000451f8c0ebdcd0eabb3acf22a1,0.0,0.0,,1.2559093291582843,1.2559093291582843,1.0,0.0,0.0,,,0.0,0.0,NOT_EVALUABLE_RATIO,EXPLORATORY_CONSUMED_DIAGNOSTIC_ONLY
pressure_gradient_acceleration,LINEAGE,HMSO01R_A|FIELD_LINEAGE|788bb18808dd1be8d0fa3d7caafb9ed17441fce457a419d2bbaf861831d83a81,0.0,0.0,,0.4318096467010415,0.4318096467010415,1.0,0.0,0.0,,,0.0,0.0,NOT_EVALUABLE_RATIO,EXPLORATORY_CONSUMED_DIAGNOSTIC_ONLY
pressure_gradient_acceleration,LINEAGE,HMSO01R_A|FIELD_LINEAGE|7a0ba19f2cf324db5922acc61291c51f82b574717f73f269f12eae7bcc99ab35,0.005409366248462124,0.005409366248462124,1.0,1.1178031249898057,1.1178031249898057,1.0,0.004839283526346785,0.004839283526346785,1.0,0.0,0.0,0.0,EVALUABLE,EXPLORATORY_CONSUMED_DIAGNOSTIC_ONLY
pressure_gradient_acceleration,LINEAGE,HMSO01R_A|FIELD_LINEAGE|7a40ff07646995058d8981271562dfa4f2cc77b96f79dba59c7ae90f96586134,0.0,0.0,,1.0855869262430022,1.0855869262430022,1.0,0.0,0.0,,,0.0,0.0,NOT_EVALUABLE_RATIO,EXPLORATORY_CONSUMED_DIAGNOSTIC_ONLY
pressure_gradient_acceleration,LINEAGE,HMSO01R_A|FIELD_LINEAGE|7a536ab09e10cdf42c9afdd1f0f02ad4a5141ab50a8f50eb0b247ee08a4c67c0,0.0,0.0,,0.41441823479941076,0.41441823479941076,1.0,0.0,0.0,,,0.0,0.0,NOT_EVALUABLE_RATIO,EXPLORATORY_CONSUMED_DIAGNOSTIC_ONLY
pressure_gradient_acceleration,LINEAGE,HMSO01R_A|FIELD_LINEAGE|7b060c06cca73ad49fc21e32e1688bcbe34e5745a78029b452cbacf697a204be,0.1382832704270438,0.1382832704270438,1.0,1.0119043621185213,1.0119043621185213,1.0,0.13665646241264756,0.13665646241264756,1.0,0.0,0.0,0.0,EVALUABLE,EXPLORATORY_CONSUMED_DIAGNOSTIC_ONLY
pressure_gradient_acceleration,LINEAGE,HMSO01R_A|FIELD_LINEAGE|7be8c21ecd7eaebf293b54b94f1920e19f00da5d0e416aaa8f7c69137970c399,0.0,0.0,,0.9406148877460447,0.9406148877460447,1.0,0.0,0.0,,,0.0,0.0,NOT_EVALUABLE_RATIO,EXPLORATORY_CONSUMED_DIAGNOSTIC_ONLY
pressure_gradient_acceleration,LINEAGE,HMSO01R_A|FIELD_LINEAGE|7c009b8ab0dfadca9095462a890aab36eac46b48a3c131f7a908a8d37a21f707,0.0,0.0,,1.0471821634019478,1.0471821634019478,1.0,0.0,0.0,,,0.0,0.0,NOT_EVALUABLE_RATIO,EXPLORATORY_CONSUMED_DIAGNOSTIC_ONLY
pressure_gradient_acceleration,LINEAGE,HMSO01R_A|FIELD_LINEAGE|7cb12f064a9c8069fd15f2a86fa0ddd017328ca5cc4b0fc515bbfbdd4c6e6858,0.0,0.0,,0.43214315266508474,0.43214315266508474,1.0,0.0,0.0,,,0.0,0.0,NOT_EVALUABLE_RATIO,EXPLORATORY_CONSUMED_DIAGNOSTIC_ONLY
pressure_gradient_acceleration,LINEAGE,HMSO01R_A|FIELD_LINEAGE|7f5e5896e83ee81bc858adc8fff5befe2b2c76e1183ff21435261a6621560b2c,1.0398189091167005,1.0398189091167005,1.0,2.803868308522768,2.803868308522768,1.0,0.37085155032282324,0.37085155032282324,1.0,0.0,0.0,0.0,EVALUABLE,EXPLORATORY_CONSUMED_DIAGNOSTIC_ONLY
pressure_gradient_acceleration,LINEAGE,HMSO01R_A|FIELD_LINEAGE|7fcdfe3b32b571e4d4b1a4e7c1702d5dffaf41926d62628c6a434d692409d901,0.0,0.0,,1.2917668313453774,1.2917668313453774,1.0,0.0,0.0,,,0.0,0.0,NOT_EVALUABLE_RATIO,EXPLORATORY_CONSUMED_DIAGNOSTIC_ONLY
pressure_gradient_acceleration,LINEAGE,HMSO01R_A|FIELD_LINEAGE|7fd6bba4cc2991027e04cc510555a1b3e651423143c79ecd367c197fbfdf8786,0.0,0.0,,1.357616572428571,1.357616572428571,1.0,0.0,0.0,,,0.0,0.0,NOT_EVALUABLE_RATIO,EXPLORATORY_CONSUMED_DIAGNOSTIC_ONLY
pressure_gradient_acceleration,LINEAGE,HMSO01R_A|FIELD_LINEAGE|7fd9257249644666dfcbc65ef0f9aa8090d87f1c93f77579cc137a1fc016a884,0.0,0.0,,1.0611157149745378,1.0611157149745378,1.0,0.0,0.0,,,0.0,0.0,NOT_EVALUABLE_RATIO,EXPLORATORY_CONSUMED_DIAGNOSTIC_ONLY
pressure_gradient_acceleration,LINEAGE,HMSO01R_A|FIELD_LINEAGE|81c7292472bf739bf28836ff17c69dda49199278b75cd9c66130df6be7c143fb,0.2656063834194874,0.2656063834194874,1.0,2.5381632554898745,2.5381632554898745,1.0,0.10464511407806368,0.10464511407806368,1.0,0.0,0.0,0.0,EVALUABLE,EXPLORATORY_CONSUMED_DIAGNOSTIC_ONLY
pressure_gradient_acceleration,LINEAGE,HMSO01R_A|FIELD_LINEAGE|8319212c9598ce2f7cd195e20de66435ffdb6ab6aeedf4d663d53cb3966ebc0a,0.0,0.0,,1.1244914879615346,1.1244914879615346,1.0,0.0,0.0,,,0.0,0.0,NOT_EVALUABLE_RATIO,EXPLORATORY_CONSUMED_DIAGNOSTIC_ONLY
pressure_gradient_acceleration,LINEAGE,HMSO01R_A|FIELD_LINEAGE|83c68f311cba3e93368aeeec1e81f7eebc2d9d8bfb68a0ba32cbc3fe731f6155,0.0,0.0,,1.1422408766692547,1.1422408766692547,1.0,0.0,0.0,,,0.0,0.0,NOT_EVALUABLE_RATIO,EXPLORATORY_CONSUMED_DIAGNOSTIC_ONLY
pressure_gradient_acceleration,LINEAGE,HMSO01R_A|FIELD_LINEAGE|8573999ac09da70da8d1802997d1dd1b2879d7ff239af35fb1a185a39cc1f420,0.0,0.0,,1.2864450885513339,1.2864450885513339,1.0,0.0,0.0,,,0.0,0.0,NOT_EVALUABLE_RATIO,EXPLORATORY_CONSUMED_DIAGNOSTIC_ONLY
pressure_gradient_acceleration,LINEAGE,HMSO01R_A|FIELD_LINEAGE|86c895c14384dc9ce73736790948d3516d7de8be96dc834ec48d9a651e6b8e5e,0.0,0.0,,1.0353679397445394,1.0353679397445394,1.0,0.0,0.0,,,0.0,0.0,NOT_EVALUABLE_RATIO,EXPLORATORY_CONSUMED_DIAGNOSTIC_ONLY
pressure_gradient_acceleration,LINEAGE,HMSO01R_A|FIELD_LINEAGE|86f4c153dee170c8ee8f47b2eb988fa25bcda8c9a7b6fd68a3d7256dc3af0a1f,0.22391307778768077,0.03710849321837072,0.16572722587270133,1.5281752321265545,1.5281752321265545,1.0,0.1465231689929245,0.024282878323274387,0.16572722587270133,1.797412059822831,-0.18680458456931004,0.0,EVALUABLE,EXPLORATORY_CONSUMED_DIAGNOSTIC_ONLY
pressure_gradient_acceleration,LINEAGE,HMSO01R_A|FIELD_LINEAGE|87172e4156e9f066a6ea7ab3304062c939784ea4bd0f5f1cf466bbc2d6008cc6,1.1807788296644763,1.1807788296644763,1.0,3.0453322620754943,3.0453322620754943,1.0,0.3877339902673663,0.3877339902673663,1.0,0.0,0.0,0.0,EVALUABLE,EXPLORATORY_CONSUMED_DIAGNOSTIC_ONLY
pressure_gradient_acceleration,LINEAGE,HMSO01R_A|FIELD_LINEAGE|8788043b5775de130eade6a54c5654805d8ed31cc68fcfa8928c3b7150abef48,0.0,0.0,,0.48002923931551866,0.48002923931551866,1.0,0.0,0.0,,,0.0,0.0,NOT_EVALUABLE_RATIO,EXPLORATORY_CONSUMED_DIAGNOSTIC_ONLY
pressure_gradient_acceleration,LINEAGE,HMSO01R_A|FIELD_LINEAGE|88fd5f86ca9cc426c28ce681d06ea15f58c6c7889170fcda146bde128f6121e4,0.3175707756065009,0.3175707756065009,1.0,1.8324073872199165,1.8324073872199165,1.0,0.17330795423626372,0.17330795423626372,1.0,0.0,0.0,0.0,EVALUABLE,EXPLORATORY_CONSUMED_DIAGNOSTIC_ONLY
pressure_gradient_acceleration,LINEAGE,HMSO01R_A|FIELD_LINEAGE|8a6dd2252f8c5f8f08c3ba5ae9cf89d97575348634ba471a1a84e7de612ac6f3,0.0,0.0,,1.221998818369118,1.221998818369118,1.0,0.0,0.0,,,0.0,0.0,NOT_EVALUABLE_RATIO,EXPLORATORY_CONSUMED_DIAGNOSTIC_ONLY
pressure_gradient_acceleration,LINEAGE,HMSO01R_A|FIELD_LINEAGE|8af782533dccfef4a682f44ff365b7014ae448a56bd62c92877bbd37640adb31,1.7802068418507775,1.3355085899385681,0.7501985491473101,1.2046476912898874,1.2046476912898874,1.0,1.477782138896232,1.1086300165557619,0.7501985491473101,0.2874173752907522,-0.44469825191220935,0.0,EVALUABLE,EXPLORATORY_CONSUMED_DIAGNOSTIC_ONLY
pressure_gradient_acceleration,LINEAGE,HMSO01R_A|FIELD_LINEAGE|8d1e4918227588e163eea87a946c88983d6e03486114766be90d0602757fb4c2,0.0,0.0,,0.9220039790371961,0.9220039790371961,1.0,0.0,0.0,,,0.0,0.0,NOT_EVALUABLE_RATIO,EXPLORATORY_CONSUMED_DIAGNOSTIC_ONLY
pressure_gradient_acceleration,LINEAGE,HMSO01R_A|FIELD_LINEAGE|8e3408f57249bc00fdafb475f758686e9ee7a95dad97ecf63f9b3a27f383de5d,0.0,0.0,,1.1851956734333464,1.1851956734333464,1.0,0.0,0.0,,,0.0,0.0,NOT_EVALUABLE_RATIO,EXPLORATORY_CONSUMED_DIAGNOSTIC_ONLY
pressure_gradient_acceleration,LINEAGE,HMSO01R_A|FIELD_LINEAGE|8e40e60ae6de8d393e4f96f7c0cdfd3570298138a8d1d44c6db1dc858b71a31e,0.13821381934422367,0.13821381934422367,1.0,1.304292503448118,1.304292503448118,1.0,0.10596842271103454,0.10596842271103454,1.0,0.0,0.0,0.0,EVALUABLE,EXPLORATORY_CONSUMED_DIAGNOSTIC_ONLY
pressure_gradient_acceleration,LINEAGE,HMSO01R_A|FIELD_LINEAGE|8fbd2d8c6238dbc0e3f8ebbea9ee429eb1cbd0b7ebf5580cffb8e79372f4cf04,0.17293608649392134,0.17293608649392134,1.0,1.589200930880147,1.589200930880147,1.0,0.10881952252453324,0.10881952252453324,1.0,0.0,0.0,0.0,EVALUABLE,EXPLORATORY_CONSUMED_DIAGNOSTIC_ONLY
pressure_gradient_acceleration,LINEAGE,HMSO01R_A|FIELD_LINEAGE|9035657b1a9729d4b57919992bee8d9ea960c2a587c8d3877d9c920d8fa2a77c,0.5038002098242566,0.5038002098242566,1.0,1.587291258305872,1.587291258305872,1.0,0.31739619757117943,0.31739619757117943,1.0,0.0,0.0,0.0,EVALUABLE,EXPLORATORY_CONSUMED_DIAGNOSTIC_ONLY
pressure_gradient_acceleration,LINEAGE,HMSO01R_A|FIELD_LINEAGE|9239a350bed02b809dafe66125991e7de2c0c1c20b38f7689dc19527329619d6,0.0,0.0,,1.276643083759631,1.276643083759631,1.0,0.0,0.0,,,0.0,0.0,NOT_EVALUABLE_RATIO,EXPLORATORY_CONSUMED_DIAGNOSTIC_ONLY
pressure_gradient_acceleration,LINEAGE,HMSO01R_A|FIELD_LINEAGE|9415b727187c332c72260d653b657bcbe590635140818a0978bae1e8dcd4568b,0.061806538627603616,0.061806538627603616,1.0,1.4445419041694727,1.4445419041694727,1.0,0.04278625524756845,0.04278625524756845,1.0,0.0,0.0,0.0,EVALUABLE,EXPLORATORY_CONSUMED_DIAGNOSTIC_ONLY
pressure_gradient_acceleration,LINEAGE,HMSO01R_A|FIELD_LINEAGE|95873981d02cb2a4e333122aa57c7927c33fccc49c0b93590a6b549f6bec57f1,0.12187445741810156,0.12187445741810156,1.0,1.350867912349281,1.350867912349281,1.0,0.09021937400685674,0.09021937400685674,1.0,0.0,0.0,0.0,EVALUABLE,EXPLORATORY_CONSUMED_DIAGNOSTIC_ONLY
pressure_gradient_acceleration,LINEAGE,HMSO01R_A|FIELD_LINEAGE|970bbd18dffee12c05308155c993436bfc58e77384e4967420f4e2e03156c88b,0.3810203846141271,0.3810203846141271,1.0,2.7919125496111947,2.7919125496111947,1.0,0.13647289370406263,0.13647289370406263,1.0,0.0,0.0,0.0,EVALUABLE,EXPLORATORY_CONSUMED_DIAGNOSTIC_ONLY
pressure_gradient_acceleration,LINEAGE,HMSO01R_A|FIELD_LINEAGE|97c8122849aa3cb13b599389c011f78352d49decd5677988d0a2a6da7c39f700,0.1402361383156953,0.1402361383156953,1.0,1.2222211637290274,1.2222211637290274,1.0,0.11473875799027348,0.11473875799027348,1.0,0.0,0.0,0.0,EVALUABLE,EXPLORATORY_CONSUMED_DIAGNOSTIC_ONLY
pressure_gradient_acceleration,LINEAGE,HMSO01R_A|FIELD_LINEAGE|97fbdfbd64658c72d9a31f61eea2acf4543cf9ba5532a2ed052d1358412ef553,2.2426014408055654,2.2426014408055654,1.0,1.0830915912639,1.0830915912639,1.0,2.0705556749716707,2.0705556749716707,1.0,0.0,0.0,0.0,EVALUABLE,EXPLORATORY_CONSUMED_DIAGNOSTIC_ONLY
pressure_gradient_acceleration,LINEAGE,HMSO01R_A|FIELD_LINEAGE|98ef721075a1ebd7c92edcbcf7747aac6c3d77c4f9c29f15e5d83577ad6d7f6b,0.0,0.0,,1.0213463294256198,1.0213463294256198,1.0,0.0,0.0,,,0.0,0.0,NOT_EVALUABLE_RATIO,EXPLORATORY_CONSUMED_DIAGNOSTIC_ONLY
pressure_gradient_acceleration,LINEAGE,HMSO01R_A|FIELD_LINEAGE|99c13161db8958c19a30a96b96a6940cece539d1c84e808e21dfa37710ec6894,0.0,0.0,,1.0931208344149335,1.0931208344149335,1.0,0.0,0.0,,,0.0,0.0,NOT_EVALUABLE_RATIO,EXPLORATORY_CONSUMED_DIAGNOSTIC_ONLY
pressure_gradient_acceleration,LINEAGE,HMSO01R_A|FIELD_LINEAGE|9a24c02f87d28fecb69b79ddff22c8eb176badf445e6b5b8234aa2a46b73c349,0.0,0.0,,1.2657082787792169,1.2657082787792169,1.0,0.0,0.0,,,0.0,0.0,NOT_EVALUABLE_RATIO,EXPLORATORY_CONSUMED_DIAGNOSTIC_ONLY
pressure_gradient_acceleration,LINEAGE,HMSO01R_A|FIELD_LINEAGE|9aaa52aa8afb4f9adfe0d0e7ddb5e3e8101852fdd6ef0a635cf3875b473d16a7,0.0,0.0,,0.6039534696032456,0.6039534696032456,1.0,0.0,0.0,,,0.0,0.0,NOT_EVALUABLE_RATIO,EXPLORATORY_CONSUMED_DIAGNOSTIC_ONLY
pressure_gradient_acceleration,LINEAGE,HMSO01R_A|FIELD_LINEAGE|9c004dbe18905f4181f1a701e81649fc67e98b969674994e8f64827f6fb4c765,0.0,0.0,,1.0903022751361238,1.0903022751361238,1.0,0.0,0.0,,,0.0,0.0,NOT_EVALUABLE_RATIO,EXPLORATORY_CONSUMED_DIAGNOSTIC_ONLY
pressure_gradient_acceleration,LINEAGE,HMSO01R_A|FIELD_LINEAGE|9c5f7b50a01e8dafcf4be2d7df61fd0da86b2229fe32286852ed3ad88cce82f1,0.0,0.0,,0.9506523947874407,0.9506523947874407,1.0,0.0,0.0,,,0.0,0.0,NOT_EVALUABLE_RATIO,EXPLORATORY_CONSUMED_DIAGNOSTIC_ONLY
pressure_gradient_acceleration,LINEAGE,HMSO01R_A|FIELD_LINEAGE|9f471cc2328d66ccf0ca43f62bf5e261a867f85eeac6edc5a472072ca388bff6,1.5416000264341962,1.5416000264341962,1.0,1.8096755217544425,1.8096755217544425,1.0,0.8518654354895884,0.8518654354895884,1.0,0.0,0.0,0.0,EVALUABLE,EXPLORATORY_CONSUMED_DIAGNOSTIC_ONLY
pressure_gradient_acceleration,LINEAGE,HMSO01R_A|FIELD_LINEAGE|9ff02fac76e3803bb8391cba4035dfa7a72d5220975092d818302f10f07c08e9,0.3063789903534728,0.3063789903534728,1.0,1.4857555291936428,1.4857555291936428,1.0,0.2062109037007942,0.2062109037007942,1.0,0.0,0.0,0.0,EVALUABLE,EXPLORATORY_CONSUMED_DIAGNOSTIC_ONLY
pressure_gradient_acceleration,LINEAGE,HMSO01R_A|FIELD_LINEAGE|a1c0a919ad122615714cbb9f6b50981061d4f68fe06b618c4cd2688f52f12391,0.751696435760913,0.542235611339954,0.7213491850484431,2.215635787520866,2.215635787520866,1.0,0.3392689538572611,0.24473138337717315,0.7213491850484431,0.3266319523498583,-0.20946082442095904,0.0,EVALUABLE,EXPLORATORY_CONSUMED_DIAGNOSTIC_ONLY
pressure_gradient_acceleration,LINEAGE,HMSO01R_A|FIELD_LINEAGE|a2187a6938903010b61ee85d06f597d4029728ee0de5541c03daf2ed126b189e,0.262623139099065,0.262623139099065,1.0,0.9097683026559443,0.9097683026559443,1.0,0.28867035522382195,0.28867035522382195,1.0,0.0,0.0,0.0,EVALUABLE,EXPLORATORY_CONSUMED_DIAGNOSTIC_ONLY
pressure_gradient_acceleration,LINEAGE,HMSO01R_A|FIELD_LINEAGE|a2bcc80ca3b9ebb8f54401e7b09de472e9adbce971c85048bd40ce15be44ea6a,0.0,0.0,,1.3369446994044567,1.3369446994044567,1.0,0.0,0.0,,,0.0,0.0,NOT_EVALUABLE_RATIO,EXPLORATORY_CONSUMED_DIAGNOSTIC_ONLY
pressure_gradient_acceleration,LINEAGE,HMSO01R_A|FIELD_LINEAGE|a3f750d8c1551c6ecf78f876fab114a3481105b16656dddc657ee8cfb50fd48b,1.9517844342171777,1.9517844342171777,1.0,5.699053558118262,5.699053558118262,1.0,0.34247518720663267,0.34247518720663267,1.0,0.0,0.0,0.0,EVALUABLE,EXPLORATORY_CONSUMED_DIAGNOSTIC_ONLY
pressure_gradient_acceleration,LINEAGE,HMSO01R_A|FIELD_LINEAGE|a594f1a43c118c7761d223f6f34e42847c31c67fc6b06838b968dcc65b6c3356,0.0,0.0,,1.137042983363164,1.137042983363164,1.0,0.0,0.0,,,0.0,0.0,NOT_EVALUABLE_RATIO,EXPLORATORY_CONSUMED_DIAGNOSTIC_ONLY
pressure_gradient_acceleration,LINEAGE,HMSO01R_A|FIELD_LINEAGE|a7458b96c9ce1c60bf3ea9d352424b7dd251e22480db263be2c5716c65dc6939,1.5986822788817947,1.5986822788817947,1.0,4.430379002518731,4.430379002518731,1.0,0.36084548928498483,0.36084548928498483,1.0,0.0,0.0,0.0,EVALUABLE,EXPLORATORY_CONSUMED_DIAGNOSTIC_ONLY
pressure_gradient_acceleration,LINEAGE,HMSO01R_A|FIELD_LINEAGE|a97cf87a717a68b745e28078c021ba65c881711a1cd171188bc4affd3a1b5795,0.4346495543453142,0.4346495543453142,1.0,1.9653894615055472,1.9653894615055472,1.0,0.2211518698244976,0.2211518698244976,1.0,0.0,0.0,0.0,EVALUABLE,EXPLORATORY_CONSUMED_DIAGNOSTIC_ONLY
pressure_gradient_acceleration,LINEAGE,HMSO01R_A|FIELD_LINEAGE|ad302a05132d9f111349ae57a7badd9ffd336cce6f517d6dda76a6f130659828,0.04689203298866493,0.046747016711761534,0.9969074431697502,0.48233521089020703,0.48233521089020703,1.0,0.09721876390098103,0.0969181093486506,0.9969074431697501,0.0030973486660238244,-0.00014501627690339386,0.0,EVALUABLE,EXPLORATORY_CONSUMED_DIAGNOSTIC_ONLY
pressure_gradient_acceleration,LINEAGE,HMSO01R_A|FIELD_LINEAGE|adcf8aaea780832e88b7b6b779fb3ef2ecab338dd7379ac8654e7aabdcee4b4f,6.025267533412156,6.025267533412156,1.0,12.459306482766724,12.459306482766724,1.0,0.48359573959803415,0.48359573959803415,1.0,0.0,0.0,0.0,EVALUABLE,EXPLORATORY_CONSUMED_DIAGNOSTIC_ONLY
pressure_gradient_acceleration,LINEAGE,HMSO01R_A|FIELD_LINEAGE|b0c6a47a41827791b3e03b32c3cfc7642f7c46055e5fbdc618a902dd60890cc0,3.2716844521431927,3.2716844521431927,1.0,3.3969582929032107,3.3969582929032107,1.0,0.9631217607170112,0.9631217607170112,1.0,0.0,0.0,0.0,EVALUABLE,EXPLORATORY_CONSUMED_DIAGNOSTIC_ONLY
pressure_gradient_acceleration,LINEAGE,HMSO01R_A|FIELD_LINEAGE|b1b50b97bc0f473e266ef9eb8a1e2e2edee23dadabeb0645af363d822d4db947,6.754116400681021,6.739789312007562,0.9978787619544114,11.196329921398863,11.196329921398863,1.0,0.6032437814977468,0.601964157837669,0.9978787619544113,0.0021234910576921483,-0.014327088673458555,0.0,EVALUABLE,EXPLORATORY_CONSUMED_DIAGNOSTIC_ONLY
pressure_gradient_acceleration,LINEAGE,HMSO01R_A|FIELD_LINEAGE|b1c696b82fff7183ba4fc0ae8ce4363fcd56ada1cc6ffa171713dda9524816e8,0.0,0.0,,1.0251706287632647,1.0251706287632647,1.0,0.0,0.0,,,0.0,0.0,NOT_EVALUABLE_RATIO,EXPLORATORY_CONSUMED_DIAGNOSTIC_ONLY
pressure_gradient_acceleration,LINEAGE,HMSO01R_A|FIELD_LINEAGE|b2211d9018dde472457c7d9570d8b744ae480cbc84526fced16d30cb565fdb61,0.06708080381061915,0.06708080381061915,1.0,1.2287625900264194,1.2287625900264194,1.0,0.054592159913638694,0.054592159913638694,1.0,0.0,0.0,0.0,EVALUABLE,EXPLORATORY_CONSUMED_DIAGNOSTIC_ONLY
pressure_gradient_acceleration,LINEAGE,HMSO01R_A|FIELD_LINEAGE|b31d5c3484f2394d06a11f5ae52600d61d7c303637147b70dbb1edd7e25e93c9,0.028232638070163567,0.028232638070163567,1.0,0.5457737761623831,0.5457737761623831,1.0,0.051729561410373735,0.051729561410373735,1.0,0.0,0.0,0.0,EVALUABLE,EXPLORATORY_CONSUMED_DIAGNOSTIC_ONLY
pressure_gradient_acceleration,LINEAGE,HMSO01R_A|FIELD_LINEAGE|b40ef25bd445f58063f7eecbd118e28fcd5b9c8ea0b1803b18c885057e29107f,0.0,0.0,,0.972277563448613,0.972277563448613,1.0,0.0,0.0,,,0.0,0.0,NOT_EVALUABLE_RATIO,EXPLORATORY_CONSUMED_DIAGNOSTIC_ONLY
pressure_gradient_acceleration,LINEAGE,HMSO01R_A|FIELD_LINEAGE|b49a6f081c09f4e4bff79a7f0fc0a282131ed3252c520eb6637fbf7ad615c6bd,0.0,0.0,,1.3806904965485014,1.3806904965485014,1.0,0.0,0.0,,,0.0,0.0,NOT_EVALUABLE_RATIO,EXPLORATORY_CONSUMED_DIAGNOSTIC_ONLY
pressure_gradient_acceleration,LINEAGE,HMSO01R_A|FIELD_LINEAGE|b7c6344fafcff3e1128b30252e587c19386316434538ac595af9870864bff2e9,0.0,0.0,,1.2628965955047986,1.2628965955047986,1.0,0.0,0.0,,,0.0,0.0,NOT_EVALUABLE_RATIO,EXPLORATORY_CONSUMED_DIAGNOSTIC_ONLY
pressure_gradient_acceleration,LINEAGE,HMSO01R_A|FIELD_LINEAGE|b914e9e8b47652c007a545bd9a5f60dbdaba2b957df3f42cdec4c8edb98e6d53,0.00889987838103621,0.00889987838103621,1.0,1.0382890965863794,1.0382890965863794,1.0,0.008571676626766727,0.008571676626766727,1.0,0.0,0.0,0.0,EVALUABLE,EXPLORATORY_CONSUMED_DIAGNOSTIC_ONLY
pressure_gradient_acceleration,LINEAGE,HMSO01R_A|FIELD_LINEAGE|bb92dd92e9632ccd3901d1e2e79aab63ab0910a576b08c41f27a140edcf99b56,0.0824494973424994,0.0824494973424994,1.0,0.5368617059289154,0.5368617059289154,1.0,0.15357678976160083,0.15357678976160083,1.0,0.0,0.0,0.0,EVALUABLE,EXPLORATORY_CONSUMED_DIAGNOSTIC_ONLY
pressure_gradient_acceleration,LINEAGE,HMSO01R_A|FIELD_LINEAGE|bd0a319ae5e310c35bfeaafdbd8220147f595c77c4d665773530796c1f3b9b59,0.0,0.0,,1.0330014981506337,1.0330014981506337,1.0,0.0,0.0,,,0.0,0.0,NOT_EVALUABLE_RATIO,EXPLORATORY_CONSUMED_DIAGNOSTIC_ONLY
pressure_gradient_acceleration,LINEAGE,HMSO01R_A|FIELD_LINEAGE|be9a8927a3f7361841f3e523395e00d4ebcd734040aebfe38006ae7fda2437fd,2.7095440125878496,2.7095440125878496,1.0,2.7033833228041555,2.7033833228041555,1.0,1.0022788813305632,1.0022788813305632,1.0,0.0,0.0,0.0,EVALUABLE,EXPLORATORY_CONSUMED_DIAGNOSTIC_ONLY
pressure_gradient_acceleration,LINEAGE,HMSO01R_A|FIELD_LINEAGE|bf32023450080971c5fdfb56d7a260838d7b8e02917a4118c4ed0b4a49c6c14a,0.0,0.0,,1.1817007261946242,1.1817007261946242,1.0,0.0,0.0,,,0.0,0.0,NOT_EVALUABLE_RATIO,EXPLORATORY_CONSUMED_DIAGNOSTIC_ONLY
pressure_gradient_acceleration,LINEAGE,HMSO01R_A|FIELD_LINEAGE|c26b5ad7fee192c3863a9362bb1782ac10409a155024388ef9dea9120f9c3662,0.0,0.0,,1.3318573746006905,1.3318573746006905,1.0,0.0,0.0,,,0.0,0.0,NOT_EVALUABLE_RATIO,EXPLORATORY_CONSUMED_DIAGNOSTIC_ONLY
pressure_gradient_acceleration,LINEAGE,HMSO01R_A|FIELD_LINEAGE|c2759d4a0108475d88af3dd58a918080f77e42a77ac5a686ce9a650a1d522183,0.0,0.0,,1.2155971651025705,1.2155971651025705,1.0,0.0,0.0,,,0.0,0.0,NOT_EVALUABLE_RATIO,EXPLORATORY_CONSUMED_DIAGNOSTIC_ONLY
pressure_gradient_acceleration,LINEAGE,HMSO01R_A|FIELD_LINEAGE|c34a55057cd1e579919fb09acb5db221d75ae96164f74060b78863318f65371c,0.0,0.0,,0.9829513436008681,0.9829513436008681,1.0,0.0,0.0,,,0.0,0.0,NOT_EVALUABLE_RATIO,EXPLORATORY_CONSUMED_DIAGNOSTIC_ONLY
pressure_gradient_acceleration,LINEAGE,HMSO01R_A|FIELD_LINEAGE|c3a574c6618599692f4195c9d1a59189286c1fc26ae852d26723565b0428d983,0.038439431306812044,0.038439431306812044,1.0,1.2553401533667161,1.2553401533667161,1.0,0.03062072953192865,0.03062072953192865,1.0,0.0,0.0,0.0,EVALUABLE,EXPLORATORY_CONSUMED_DIAGNOSTIC_ONLY
pressure_gradient_acceleration,LINEAGE,HMSO01R_A|FIELD_LINEAGE|c54c1448df9c13b6658cb41b2c187b93be0f6db94293a7911953a6e90d602764,0.0,0.0,,1.37196565106451,1.37196565106451,1.0,0.0,0.0,,,0.0,0.0,NOT_EVALUABLE_RATIO,EXPLORATORY_CONSUMED_DIAGNOSTIC_ONLY
pressure_gradient_acceleration,LINEAGE,HMSO01R_A|FIELD_LINEAGE|c7100ae9429166735b2d4f6243a22cf5abc14cffba49fce96d94ed19a12387d6,0.7821399181196622,0.43213818408882154,0.5525075169769141,3.182783850730446,3.182783850730446,1.0,0.24574082149504492,0.13577365110409437,0.5525075169769141,0.5932882402947017,-0.35000173403084067,0.0,EVALUABLE,EXPLORATORY_CONSUMED_DIAGNOSTIC_ONLY
pressure_gradient_acceleration,LINEAGE,HMSO01R_A|FIELD_LINEAGE|c7498c8903eedb4eb72abeb74a8624f4f311768cc705b42f488a9e810b4c3aec,0.0,0.0,,0.5820825910794939,0.5820825910794939,1.0,0.0,0.0,,,0.0,0.0,NOT_EVALUABLE_RATIO,EXPLORATORY_CONSUMED_DIAGNOSTIC_ONLY
pressure_gradient_acceleration,LINEAGE,HMSO01R_A|FIELD_LINEAGE|c9a10c50914a082104b6f42f933e2e8b35494d6ac1b464fc981b740edc26e9a6,2.0848013181628287,3.577310091667505,1.7158997648849852,1.1118844229471165,1.1118844229471165,1.0,1.8750162113405073,3.2173398761947123,1.7158997648849852,0.5399375872880321,1.4925087735046763,0.0,EVALUABLE,EXPLORATORY_CONSUMED_DIAGNOSTIC_ONLY
pressure_gradient_acceleration,LINEAGE,HMSO01R_A|FIELD_LINEAGE|ca0f07a3c0d5df7705d15288eb48ecdf2c50af57aa3e1ab370127581f048c929,0.0,0.0,,1.3506036191430355,1.3506036191430355,1.0,0.0,0.0,,,0.0,0.0,NOT_EVALUABLE_RATIO,EXPLORATORY_CONSUMED_DIAGNOSTIC_ONLY
pressure_gradient_acceleration,LINEAGE,HMSO01R_A|FIELD_LINEAGE|cb947f8167c6ce3da1c26b48289f11fe77c609125572b2e2f489d9b4dbf77d91,0.0,0.0,,1.3490713363950522,1.3490713363950522,1.0,0.0,0.0,,,0.0,0.0,NOT_EVALUABLE_RATIO,EXPLORATORY_CONSUMED_DIAGNOSTIC_ONLY
pressure_gradient_acceleration,LINEAGE,HMSO01R_A|FIELD_LINEAGE|cd1482e6386aeab5f67532ea00a4d133dd0798283239fa2bc60b1a36d8fd8390,2.5271999684218516,2.5271999684218516,1.0,5.4531794153449,5.4531794153449,1.0,0.4634360573779164,0.4634360573779164,1.0,0.0,0.0,0.0,EVALUABLE,EXPLORATORY_CONSUMED_DIAGNOSTIC_ONLY
pressure_gradient_acceleration,LINEAGE,HMSO01R_A|FIELD_LINEAGE|d1321924d243ef663d38f2119b3da3e0b77ff9249352efe1c25dfa4971fbd453,1.0765330762394805,1.0765330762394805,1.0,1.3933144388114844,1.3933144388114844,1.0,0.7726418719652237,0.7726418719652237,1.0,0.0,0.0,0.0,EVALUABLE,EXPLORATORY_CONSUMED_DIAGNOSTIC_ONLY
pressure_gradient_acceleration,LINEAGE,HMSO01R_A|FIELD_LINEAGE|d2f9d8c8f5f3c69790790651faeb1c1f59b6b387e4ede38adea5936b94855ff9,0.0,0.0,,1.0341414755079676,1.0341414755079676,1.0,0.0,0.0,,,0.0,0.0,NOT_EVALUABLE_RATIO,EXPLORATORY_CONSUMED_DIAGNOSTIC_ONLY
pressure_gradient_acceleration,LINEAGE,HMSO01R_A|FIELD_LINEAGE|d3329a31885ae9100b3a5071d3f6de7c5b314524ba319156e3df439e55667dd5,0.8956036033741165,0.8956036033741165,1.0,2.8652626692154186,2.8652626692154186,1.0,0.31257294941805647,0.31257294941805647,1.0,0.0,0.0,0.0,EVALUABLE,EXPLORATORY_CONSUMED_DIAGNOSTIC_ONLY
pressure_gradient_acceleration,LINEAGE,HMSO01R_A|FIELD_LINEAGE|d65de8a657545ef8339cfa29e05ce27d63f8ec5e02ee50514a615a33f5595da9,0.11811543533034212,0.11811543533034212,1.0,0.4668585089110114,0.4668585089110114,1.0,0.253000498172041,0.253000498172041,1.0,0.0,0.0,0.0,EVALUABLE,EXPLORATORY_CONSUMED_DIAGNOSTIC_ONLY
pressure_gradient_acceleration,LINEAGE,HMSO01R_A|FIELD_LINEAGE|d6ecf8cd80acb9db6acee967c0d1a3a8ca941d75fcf9e621c7ea05d79a191767,0.0,0.0,,0.526852476475499,0.526852476475499,1.0,0.0,0.0,,,0.0,0.0,NOT_EVALUABLE_RATIO,EXPLORATORY_CONSUMED_DIAGNOSTIC_ONLY
pressure_gradient_acceleration,LINEAGE,HMSO01R_A|FIELD_LINEAGE|d7d10f9b5293a22777f94b958cdb7280c40216c21a2b9b4a49451c1385cf26d9,0.0,0.0,,0.5684299409884045,0.5684299409884045,1.0,0.0,0.0,,,0.0,0.0,NOT_EVALUABLE_RATIO,EXPLORATORY_CONSUMED_DIAGNOSTIC_ONLY
pressure_gradient_acceleration,LINEAGE,HMSO01R_A|FIELD_LINEAGE|d8cd77f2aea85a93297ba4755747ee15653349aca322bca77ce1738389444994,0.6207560832302373,0.6211251093157336,1.0005944784037812,1.4956852862928962,1.4956852862928962,1.0,0.4150312160713977,0.4152779431662473,1.0005944784037815,0.0005943017714942121,0.00036902608549627125,0.0,EVALUABLE,EXPLORATORY_CONSUMED_DIAGNOSTIC_ONLY
pressure_gradient_acceleration,LINEAGE,HMSO01R_A|FIELD_LINEAGE|d9b0e4ca0c6e9f306f81bad07b5f31753c1237e04a6a51d708212ab05edea52f,0.0,0.0,,1.2477995281196068,1.2477995281196068,1.0,0.0,0.0,,,0.0,0.0,NOT_EVALUABLE_RATIO,EXPLORATORY_CONSUMED_DIAGNOSTIC_ONLY
pressure_gradient_acceleration,LINEAGE,HMSO01R_A|FIELD_LINEAGE|dca2b57202d33de06ea638a8ecbab23d1b960b5ed15b6841dcbc75b212cc8712,0.0,0.0,,1.1376069503997337,1.1376069503997337,1.0,0.0,0.0,,,0.0,0.0,NOT_EVALUABLE_RATIO,EXPLORATORY_CONSUMED_DIAGNOSTIC_ONLY
pressure_gradient_acceleration,LINEAGE,HMSO01R_A|FIELD_LINEAGE|e0695af14e7ff6ed68d0eaa0320bde868bdf2eddcd09aade2748baa3ab9013d9,0.0,0.0,,1.0452216785119477,1.0452216785119477,1.0,0.0,0.0,,,0.0,0.0,NOT_EVALUABLE_RATIO,EXPLORATORY_CONSUMED_DIAGNOSTIC_ONLY
pressure_gradient_acceleration,LINEAGE,HMSO01R_A|FIELD_LINEAGE|e1662caa4f55fa1e467b750db9be81d3672b988a828412586110c172a4b65cc4,0.0,0.0,,0.5984185047973996,0.5984185047973996,1.0,0.0,0.0,,,0.0,0.0,NOT_EVALUABLE_RATIO,EXPLORATORY_CONSUMED_DIAGNOSTIC_ONLY
pressure_gradient_acceleration,LINEAGE,HMSO01R_A|FIELD_LINEAGE|e1bd95fcd7aed1a8bde13393ae7d4a98eff10f4a52c1bdfb2e54f1dd690c54dd,0.0,0.0,,0.5041634992436728,0.5041634992436728,1.0,0.0,0.0,,,0.0,0.0,NOT_EVALUABLE_RATIO,EXPLORATORY_CONSUMED_DIAGNOSTIC_ONLY
pressure_gradient_acceleration,LINEAGE,HMSO01R_A|FIELD_LINEAGE|e25db364da9db9cdb46c3073fa0aa473b93b0eed9df5062f9696d75bd2f90442,0.16847630243972486,0.16847630243972486,1.0,1.616795052034516,1.616795052034516,1.0,0.10420387063142011,0.10420387063142011,1.0,0.0,0.0,0.0,EVALUABLE,EXPLORATORY_CONSUMED_DIAGNOSTIC_ONLY
pressure_gradient_acceleration,LINEAGE,HMSO01R_A|FIELD_LINEAGE|e269817bd0e21e72d0864769c51ef7f6839102d6f41f035fbbff5041e46bd0d4,0.0,0.0,,1.1385217085438057,1.1385217085438057,1.0,0.0,0.0,,,0.0,0.0,NOT_EVALUABLE_RATIO,EXPLORATORY_CONSUMED_DIAGNOSTIC_ONLY
pressure_gradient_acceleration,LINEAGE,HMSO01R_A|FIELD_LINEAGE|e2940f5e79800b14b8eefcdb52a6c4eb9c2bcacb794aadbf19ab173720ccdfc9,0.04325702384137829,0.04325702384137829,1.0,1.1552077795830913,1.1552077795830913,1.0,0.03744523245592194,0.03744523245592194,1.0,0.0,0.0,0.0,EVALUABLE,EXPLORATORY_CONSUMED_DIAGNOSTIC_ONLY
pressure_gradient_acceleration,LINEAGE,HMSO01R_A|FIELD_LINEAGE|e2fdf0ecb37222ddf2c343b2a9785bb080b33fb721f4d3381403db08d53276de,0.0,0.0,,1.19454903760573,1.19454903760573,1.0,0.0,0.0,,,0.0,0.0,NOT_EVALUABLE_RATIO,EXPLORATORY_CONSUMED_DIAGNOSTIC_ONLY
pressure_gradient_acceleration,LINEAGE,HMSO01R_A|FIELD_LINEAGE|e39068083f41a31c97e7737f6138e1986484dea8bfe32d65a52cd58aaa1ec7e8,0.0,0.0,,0.9246578567768966,0.9246578567768966,1.0,0.0,0.0,,,0.0,0.0,NOT_EVALUABLE_RATIO,EXPLORATORY_CONSUMED_DIAGNOSTIC_ONLY
pressure_gradient_acceleration,LINEAGE,HMSO01R_A|FIELD_LINEAGE|e46b2d3dad1b8a5413f52396bbef71167f252a4ba61297ea3e2b46c37456ba4c,0.0,0.0,,0.6911107075467986,0.6911107075467986,1.0,0.0,0.0,,,0.0,0.0,NOT_EVALUABLE_RATIO,EXPLORATORY_CONSUMED_DIAGNOSTIC_ONLY
pressure_gradient_acceleration,LINEAGE,HMSO01R_A|FIELD_LINEAGE|e4c235f067a50e9e5304ee0e7ad701299187cd559ceebd74674d932464340e77,0.0,0.0,,1.1875402013167968,1.1875402013167968,1.0,0.0,0.0,,,0.0,0.0,NOT_EVALUABLE_RATIO,EXPLORATORY_CONSUMED_DIAGNOSTIC_ONLY
pressure_gradient_acceleration,LINEAGE,HMSO01R_A|FIELD_LINEAGE|e5cd23001367dee0fe50b87c4f9c5ae9d8e66eeb6cef2467ff3f6da8c0fcdc16,0.0,0.0,,0.5273786688838766,0.5273786688838766,1.0,0.0,0.0,,,0.0,0.0,NOT_EVALUABLE_RATIO,EXPLORATORY_CONSUMED_DIAGNOSTIC_ONLY
pressure_gradient_acceleration,LINEAGE,HMSO01R_A|FIELD_LINEAGE|e5fd0d86ce4eda7b6deef112c4230d6cc2c904c7a1cbb32b883405f7907c5018,8.993902522168568e-05,9.575080140204424e-05,1.064619070153734,0.9850854461778016,0.9850854461778016,1.0,9.130073494705987e-05,9.720050354369141e-05,1.064619070153734,0.06261705457160013,5.8117761803585545e-06,0.0,EVALUABLE,EXPLORATORY_CONSUMED_DIAGNOSTIC_ONLY
pressure_gradient_acceleration,LINEAGE,HMSO01R_A|FIELD_LINEAGE|e6f79f1197cd7f6ad00ce2f5ddcac136ad9a2faa5584e9f390794bfb6ee07ac6,0.0,0.0,,1.3869778138664057,1.3869778138664057,1.0,0.0,0.0,,,0.0,0.0,NOT_EVALUABLE_RATIO,EXPLORATORY_CONSUMED_DIAGNOSTIC_ONLY
pressure_gradient_acceleration,LINEAGE,HMSO01R_A|FIELD_LINEAGE|e82aee0755c70810ee3fbd630ec4d3fa698e473225b4aa505b26af8a458a6400,0.0,0.0,,1.358706447841838,1.358706447841838,1.0,0.0,0.0,,,0.0,0.0,NOT_EVALUABLE_RATIO,EXPLORATORY_CONSUMED_DIAGNOSTIC_ONLY
pressure_gradient_acceleration,LINEAGE,HMSO01R_A|FIELD_LINEAGE|e853753ed3befc6151b8f2c4e9e3797938a7689193c2157695f0b61b8e60abc8,0.014151091298043924,0.0002671013086691352,0.01887496186997649,1.093686587899068,1.093686587899068,1.0,0.01293889077055215,0.00024422106993396257,0.018874961869976493,3.969919003982785,-0.013883989989374788,0.0,EVALUABLE,EXPLORATORY_CONSUMED_DIAGNOSTIC_ONLY
pressure_gradient_acceleration,LINEAGE,HMSO01R_A|FIELD_LINEAGE|e99701698ca3eda87704f5f32294f901f56116d9da609afcb18418d4c8a62bf2,0.0,0.0,,0.5688095627310072,0.5688095627310072,1.0,0.0,0.0,,,0.0,0.0,NOT_EVALUABLE_RATIO,EXPLORATORY_CONSUMED_DIAGNOSTIC_ONLY
pressure_gradient_acceleration,LINEAGE,HMSO01R_A|FIELD_LINEAGE|e9dc12a25958465c187afbd7ef920bc04ba98d4b232046e156979d215bd85146,0.8902610875082492,0.8902610875082492,1.0,8.33413797055318,8.33413797055318,1.0,0.10682101624112637,0.10682101624112637,1.0,0.0,0.0,0.0,EVALUABLE,EXPLORATORY_CONSUMED_DIAGNOSTIC_ONLY
pressure_gradient_acceleration,LINEAGE,HMSO01R_A|FIELD_LINEAGE|ea7a0f305184b5efcd1c245ec8837c3d5e92744042b12d412ef90758785acc95,0.0,0.0,,1.3251354602968521,1.3251354602968521,1.0,0.0,0.0,,,0.0,0.0,NOT_EVALUABLE_RATIO,EXPLORATORY_CONSUMED_DIAGNOSTIC_ONLY
pressure_gradient_acceleration,LINEAGE,HMSO01R_A|FIELD_LINEAGE|eadb4166638494d642712d8eabac62f88ed028f779148966c13d2efd6405fa1d,0.0,0.0,,1.0864547223706085,1.0864547223706085,1.0,0.0,0.0,,,0.0,0.0,NOT_EVALUABLE_RATIO,EXPLORATORY_CONSUMED_DIAGNOSTIC_ONLY
pressure_gradient_acceleration,LINEAGE,HMSO01R_A|FIELD_LINEAGE|ebfb44058badbf85a36d8671e914d20620f9253b30eeec0e96b5e0c20dc8e16c,0.1367832548615202,0.1367832548615202,1.0,1.5944740176324306,1.5944740176324306,1.0,0.08578581610544152,0.08578581610544152,1.0,0.0,0.0,0.0,EVALUABLE,EXPLORATORY_CONSUMED_DIAGNOSTIC_ONLY
pressure_gradient_acceleration,LINEAGE,HMSO01R_A|FIELD_LINEAGE|eee5df81575181b025958cda057ac7cb0483be4404d018db7bb2c06a63c25462,0.0,0.0,,0.9836715643149546,0.9836715643149546,1.0,0.0,0.0,,,0.0,0.0,NOT_EVALUABLE_RATIO,EXPLORATORY_CONSUMED_DIAGNOSTIC_ONLY
pressure_gradient_acceleration,LINEAGE,HMSO01R_A|FIELD_LINEAGE|f01618f1ef2fe7c85085b02f71644f843db176708a8abb6e4e05116a594e9ae3,0.0,0.0,,1.093330443870146,1.093330443870146,1.0,0.0,0.0,,,0.0,0.0,NOT_EVALUABLE_RATIO,EXPLORATORY_CONSUMED_DIAGNOSTIC_ONLY
pressure_gradient_acceleration,LINEAGE,HMSO01R_A|FIELD_LINEAGE|f0421338d311584916d83a8dd01c9f47b7707c5652d4192e1df422a2a9e7d57d,0.0,0.0,,1.495476997646055,1.495476997646055,1.0,0.0,0.0,,,0.0,0.0,NOT_EVALUABLE_RATIO,EXPLORATORY_CONSUMED_DIAGNOSTIC_ONLY
pressure_gradient_acceleration,LINEAGE,HMSO01R_A|FIELD_LINEAGE|f11020ed75e98ae018c3d951c68d3fba4bfe91afdf9eb4b7d62d0c0967429304,0.01491373589485883,0.011168776821326368,0.7488919543745273,0.6699912739515259,0.6699912739515259,1.0,0.022259597213706166,0.01667003326096219,0.7488919543745272,0.2891605590419327,-0.003744959073532462,0.0,EVALUABLE,EXPLORATORY_CONSUMED_DIAGNOSTIC_ONLY
pressure_gradient_acceleration,LINEAGE,HMSO01R_A|FIELD_LINEAGE|f117df283c3988b3a51ad2a7138592681c02ac94fc8905b0ebf163745ca00f62,0.0,0.0,,1.3989818575755466,1.3989818575755466,1.0,0.0,0.0,,,0.0,0.0,NOT_EVALUABLE_RATIO,EXPLORATORY_CONSUMED_DIAGNOSTIC_ONLY
pressure_gradient_acceleration,LINEAGE,HMSO01R_A|FIELD_LINEAGE|f2247a8dfd61c19acaf6609654c9c6098f254569cd75ef6a5201803913aa1c00,0.0,0.0,,0.5613798536006029,0.5613798536006029,1.0,0.0,0.0,,,0.0,0.0,NOT_EVALUABLE_RATIO,EXPLORATORY_CONSUMED_DIAGNOSTIC_ONLY
pressure_gradient_acceleration,LINEAGE,HMSO01R_A|FIELD_LINEAGE|f2a3ceeae0e0974c878bba3a036f383f979564d7512b59be838a43b0d537377a,0.0,0.0,,1.191072218845818,1.191072218845818,1.0,0.0,0.0,,,0.0,0.0,NOT_EVALUABLE_RATIO,EXPLORATORY_CONSUMED_DIAGNOSTIC_ONLY
pressure_gradient_acceleration,LINEAGE,HMSO01R_A|FIELD_LINEAGE|f52ad1fbea60f2cef5c93f5785e888eaa7893de6dad0b2f7545e6d3f4e338f25,0.0,0.0,,1.6747006905240123,1.6747006905240123,1.0,0.0,0.0,,,0.0,0.0,NOT_EVALUABLE_RATIO,EXPLORATORY_CONSUMED_DIAGNOSTIC_ONLY
pressure_gradient_acceleration,LINEAGE,HMSO01R_A|FIELD_LINEAGE|f7cc0cf639be6a7e99c37868bcf630bb54f34534e2c78b36b59b7ac5ebbd1919,0.0,0.0,,1.038107101737224,1.038107101737224,1.0,0.0,0.0,,,0.0,0.0,NOT_EVALUABLE_RATIO,EXPLORATORY_CONSUMED_DIAGNOSTIC_ONLY
pressure_gradient_acceleration,LINEAGE,HMSO01R_A|FIELD_LINEAGE|f82108cfb75a5ece90cca0bec2aa62b5af33b3b96774d26a9d5bbde8416cb360,0.0,0.0,,0.9297003283557839,0.9297003283557839,1.0,0.0,0.0,,,0.0,0.0,NOT_EVALUABLE_RATIO,EXPLORATORY_CONSUMED_DIAGNOSTIC_ONLY
pressure_gradient_acceleration,LINEAGE,HMSO01R_A|FIELD_LINEAGE|f8fd31406421545fa9cf8bb98c251eb120eed5378ed4276493239005b13fd6f8,0.0,0.0,,1.1644923711922108,1.1644923711922108,1.0,0.0,0.0,,,0.0,0.0,NOT_EVALUABLE_RATIO,EXPLORATORY_CONSUMED_DIAGNOSTIC_ONLY
pressure_gradient_acceleration,LINEAGE,HMSO01R_A|FIELD_LINEAGE|f952117e9c8f8a564901d0507e978f58c3289c63c557fb7f3123a84dd049ba29,0.0,0.0,,0.5657732241043604,0.5657732241043604,1.0,0.0,0.0,,,0.0,0.0,NOT_EVALUABLE_RATIO,EXPLORATORY_CONSUMED_DIAGNOSTIC_ONLY
pressure_gradient_acceleration,LINEAGE,HMSO01R_A|FIELD_LINEAGE|f9a3d40825ca658eebc26e88239c04a3590f72ad95b03a86bc289649036f4117,9.288774206663017,9.177789144529317,0.9880516998621747,22.00482901935635,22.00482901935635,1.0,0.42212435272695054,0.4170806842650837,0.9880516998621748,0.01202025480759723,-0.1109850621337003,0.0,EVALUABLE,EXPLORATORY_CONSUMED_DIAGNOSTIC_ONLY
pressure_gradient_acceleration,LINEAGE,HMSO01R_A|FIELD_LINEAGE|f9acbd6c60cf4de95eb27dc7c24fd369893e07d5c162236bcdc4cc91f1e5368b,0.0,0.0,,1.234303211572837,1.234303211572837,1.0,0.0,0.0,,,0.0,0.0,NOT_EVALUABLE_RATIO,EXPLORATORY_CONSUMED_DIAGNOSTIC_ONLY
pressure_gradient_acceleration,LINEAGE,HMSO01R_A|FIELD_LINEAGE|f9dd81299410ddb65efe58bb38fc53798a53c7f5ab1183ef52b5f93fb7daea68,0.0,0.0,,0.9213978627124376,0.9213978627124376,1.0,0.0,0.0,,,0.0,0.0,NOT_EVALUABLE_RATIO,EXPLORATORY_CONSUMED_DIAGNOSTIC_ONLY
pressure_gradient_acceleration,LINEAGE,HMSO01R_A|FIELD_LINEAGE|fa1ab395df96eb71b1cd3e5c31c1a1fe587398989c58265b21dd97a062b35ef9,0.0,0.0,,0.9922502441650628,0.9922502441650628,1.0,0.0,0.0,,,0.0,0.0,NOT_EVALUABLE_RATIO,EXPLORATORY_CONSUMED_DIAGNOSTIC_ONLY
pressure_gradient_acceleration,LINEAGE,HMSO01R_A|FIELD_LINEAGE|fd04ea3f458e107df0af85b51443fd7c576cbde1f2a34afcd2f94001f9376e64,0.6218838147471879,0.6218838147471879,1.0,1.1816660463151554,1.1816660463151554,1.0,0.526277129385614,0.526277129385614,1.0,0.0,0.0,0.0,EVALUABLE,EXPLORATORY_CONSUMED_DIAGNOSTIC_ONLY
pressure_gradient_acceleration,LINEAGE,HMSO01R_A|FIELD_LINEAGE|fefaa03392c6d5e862f0b98f72e148123eb5332d997aade537062f72a6e1a99c,40.74580419550317,41.334298953581516,1.014443076279822,77.10704573576399,77.10704573576399,1.0,0.5284316602549376,0.5360638390326726,1.014443076279822,0.014339768586111657,0.5884947580783475,0.0,EVALUABLE,EXPLORATORY_CONSUMED_DIAGNOSTIC_ONLY
pressure_gradient_acceleration,LINEAGE,HMSO01R_A|FIELD_LINEAGE|ff441cbe04ac4f8f63fd24360c00fa41becbfbb5a6acdf59e4dfd55c77c15642,0.8282625955326437,0.8284162459248016,1.0001855092732506,1.9493330440053809,1.9493330440053809,1.0,0.4248953754104408,0.42497419744274073,1.0001855092732506,0.000185492068533054,0.0001536503921578669,0.0,EVALUABLE,EXPLORATORY_CONSUMED_DIAGNOSTIC_ONLY
viscosity_laplacian_acceleration,OVERALL,ALL,0.00016803994783445324,0.00016446372322795092,0.9787180093032075,0.00022388723419632396,0.00022388723419632396,1.0,0.75055618261424,0.7345828529184236,0.9787180093032075,0.02151171746983528,-3.576224606502323e-06,0.0,EVALUABLE,EXPLORATORY_CONSUMED_DIAGNOSTIC_ONLY
viscosity_laplacian_acceleration,FOLD,FOLD_0,0.00012072379080192236,9.375660779356752e-05,0.7766208066428161,0.0001961970419635798,0.0001961970419635798,1.0,0.6153191179321267,0.4778696297111943,0.7766208066428161,0.2528030700748668,-2.6967183008354837e-05,0.0,EVALUABLE,EXPLORATORY_CONSUMED_DIAGNOSTIC_ONLY
viscosity_laplacian_acceleration,FOLD,FOLD_1,0.00011998800261804443,9.266403341064341e-05,0.7722774893221541,0.00019516553923424273,0.00019516553923424273,1.0,0.6148011738590373,0.4747971069801705,0.7722774893221541,0.25841135141406396,-2.7323969207401018e-05,0.0,EVALUABLE,EXPLORATORY_CONSUMED_DIAGNOSTIC_ONLY
viscosity_laplacian_acceleration,FOLD,FOLD_2,0.0001495250697088851,0.00014726506126531207,0.9848854212342244,0.00017499198736370533,0.00017499198736370533,1.0,0.8544680928625064,0.8415531675700939,0.9848854212342244,0.015229968196241925,-2.2600084435730387e-06,0.0,EVALUABLE,EXPLORATORY_CONSUMED_DIAGNOSTIC_ONLY
viscosity_laplacian_acceleration,FOLD,FOLD_3,0.00038775342567167316,0.0004979768712556261,1.2842616938664617,0.00039658337908439305,0.00039658337908439305,1.0,0.9777349382792947,1.2556675279869873,1.2842616938664617,0.25018399592352103,0.00011022344558395299,0.0,EVALUABLE,EXPLORATORY_CONSUMED_DIAGNOSTIC_ONLY
viscosity_laplacian_acceleration,FOLD,FOLD_4,0.00016733982289675404,0.00010082643281390276,0.6025250359928433,0.00022994490040980086,0.00022994490040980086,1.0,0.7277387869812554,0.438480838819269,0.6025250359928433,0.5066260609655577,-6.651339008285128e-05,0.0,EVALUABLE,EXPLORATORY_CONSUMED_DIAGNOSTIC_ONLY
viscosity_laplacian_acceleration,FOLD,FOLD_5,6.290957530944055e-05,5.4293332828653604e-05,0.8630376625751287,0.00015044055712222206,0.00015044055712222206,1.0,0.4181689865607921,0.36089558472283645,0.8630376625751288,0.1472969473965911,-8.616242480786948e-06,0.0,EVALUABLE,EXPLORATORY_CONSUMED_DIAGNOSTIC_ONLY
viscosity_laplacian_acceleration,FAMILY,F1,0.0002458568213455057,0.00020978525086019415,0.8532822059282231,0.0003502834620521685,0.0003502834620521685,1.0,0.7018796145987893,0.598901385840906,0.8532822059282231,0.1586649468994731,-3.607157048531154e-05,0.0,EVALUABLE,EXPLORATORY_CONSUMED_DIAGNOSTIC_ONLY
viscosity_laplacian_acceleration,FAMILY,F2,0.00011265134043944194,0.00013243841989294403,1.1756488593594592,0.00016161559839363552,0.00016161559839363552,1.0,0.6970325980853973,0.8194655788754578,1.1756488593594594,0.16182021590981835,1.9787079453502092e-05,0.0,EVALUABLE,EXPLORATORY_CONSUMED_DIAGNOSTIC_ONLY
viscosity_laplacian_acceleration,FAMILY,F3,0.00011888500776882241,9.654299061217891e-05,0.8120703562547718,0.00018416440737117052,0.00018416440737117052,1.0,0.6455373731864376,0.5242217646192798,0.8120703562547716,0.20816829694001987,-2.2342017156643494e-05,0.0,EVALUABLE,EXPLORATORY_CONSUMED_DIAGNOSTIC_ONLY
viscosity_laplacian_acceleration,FAMILY,F4,0.00019476662178404306,0.0002190882315464866,1.124875656514756,0.00019948546896832132,0.00019948546896832132,1.0,0.9763449076833379,1.0982666190151336,1.124875656514756,0.11767250200532538,2.4321609762443527e-05,0.0,EVALUABLE,EXPLORATORY_CONSUMED_DIAGNOSTIC_ONLY
viscosity_laplacian_acceleration,FAMILY_FOLD,F1|FOLD_0,0.0001746861794864514,5.793015831489843e-05,0.3316241644599679,0.0002681275640864873,0.0002681275640864873,1.0,0.6515039961728984,0.21605446837316755,0.3316241644599679,1.1037529860601087,-0.00011675602117155297,0.0,EVALUABLE,EXPLORATORY_CONSUMED_DIAGNOSTIC_ONLY
viscosity_laplacian_acceleration,FAMILY_FOLD,F2|FOLD_0,0.00012996886683020028,0.0001453815105196019,1.1185871975750752,0.00018302006630199657,0.00018302006630199657,1.0,0.7101345194342903,0.7943473819953256,1.1185871975750752,0.11206645829701198,1.5412643689401606e-05,0.0,EVALUABLE,EXPLORATORY_CONSUMED_DIAGNOSTIC_ONLY
viscosity_laplacian_acceleration,FAMILY_FOLD,F3|FOLD_0,4.782552521676504e-05,3.170245739319148e-05,0.6628773494802795,0.00012601081619823646,0.00012601081619823646,1.0,0.3795350800801683,0.25158520791832756,0.6628773494802794,0.41116529915204897,-1.612306782357356e-05,0.0,EVALUABLE,EXPLORATORY_CONSUMED_DIAGNOSTIC_ONLY
viscosity_laplacian_acceleration,FAMILY_FOLD,F4|FOLD_0,0.00013041459167427273,0.00014001230494657828,1.0735938605419022,0.0002076297212675989,0.0002076297212675989,1.0,0.6281113844303187,0.6743365260608647,1.0735938605419022,0.07101176864767567,9.597713272305555e-06,0.0,EVALUABLE,EXPLORATORY_CONSUMED_DIAGNOSTIC_ONLY
viscosity_laplacian_acceleration,FAMILY_FOLD,F1|FOLD_1,0.0002173597372148269,0.00014904640041302417,0.6857130134718307,0.0003581882745091188,0.0003581882745091188,1.0,0.6068309676320611,0.4161118914830076,0.6857130134718307,0.3772960864967695,-6.831333680180272e-05,0.0,EVALUABLE,EXPLORATORY_CONSUMED_DIAGNOSTIC_ONLY
viscosity_laplacian_acceleration,FAMILY_FOLD,F2|FOLD_1,8.725384521753184e-05,8.177990159279125e-05,0.9372641559682149,0.00015428313024573798,0.00015428313024573798,1.0,0.5655436539209199,0.5300637954553712,0.9372641559682149,0.06479011975308602,-5.473943624740595e-06,0.0,EVALUABLE,EXPLORATORY_CONSUMED_DIAGNOSTIC_ONLY
viscosity_laplacian_acceleration,FAMILY_FOLD,F3|FOLD_1,9.593553254168903e-05,6.060702288310764e-05,0.6317473961670115,0.00015528422425173575,0.00015528422425173575,1.0,0.6178060456815314,0.3902973606955452,0.6317473961670115,0.4592656543416206,-3.5328509658581395e-05,0.0,EVALUABLE,EXPLORATORY_CONSUMED_DIAGNOSTIC_ONLY
viscosity_laplacian_acceleration,FAMILY_FOLD,F4|FOLD_1,7.940289549812992e-05,7.922280875365058e-05,0.997731987689497,0.00011290652793037833,0.00011290652793037833,1.0,0.7032622201179741,0.7016672127452349,0.997731987689497,0.002270588145844462,-1.800867444793448e-07,0.0,EVALUABLE,EXPLORATORY_CONSUMED_DIAGNOSTIC_ONLY
viscosity_laplacian_acceleration,FAMILY_FOLD,F1|FOLD_2,0.00022892532805830822,0.00017902271124351358,0.7820135620725889,0.00017327477002855452,0.00017327477002855452,1.0,1.3211694236880698,1.0331724071196968,0.7820135620725889,0.24588319578338858,-4.990261681479463e-05,0.0,EVALUABLE,EXPLORATORY_CONSUMED_DIAGNOSTIC_ONLY
viscosity_laplacian_acceleration,FAMILY_FOLD,F2|FOLD_2,9.360311957864129e-05,0.0001648665331142542,1.7613358812869528,0.00014524665680506566,0.00014524665680506566,1.0,0.6444425065443349,1.135079710203039,1.7613358812869528,0.5660725445959301,7.12634135356129e-05,0.0,EVALUABLE,EXPLORATORY_CONSUMED_DIAGNOSTIC_ONLY
viscosity_laplacian_acceleration,FAMILY_FOLD,F3|FOLD_2,0.00019274512543181115,0.00014349257060957508,0.7444679614496372,0.00025497061249314613,0.00025497061249314613,1.0,0.75595035658077,0.5627808209208122,0.7444679614496371,0.2950854614312774,-4.925255482223607e-05,0.0,EVALUABLE,EXPLORATORY_CONSUMED_DIAGNOSTIC_ONLY
viscosity_laplacian_acceleration,FAMILY_FOLD,F4|FOLD_2,8.282670576677979e-05,0.00010167843009390548,1.227604420006847,0.00012647591012805492,0.00012647591012805492,1.0,0.6548812788373614,0.8039351524804812,1.227604420006847,0.20506464428388219,1.885172432712569e-05,0.0,EVALUABLE,EXPLORATORY_CONSUMED_DIAGNOSTIC_ONLY
viscosity_laplacian_acceleration,FAMILY_FOLD,F1|FOLD_3,0.0007270759874466807,0.0007461000720972276,1.026165194531255,0.0007846071197426291,0.0007846071197426291,1.0,0.9266752354798666,0.950921873283494,1.026165194531255,0.025828742103193622,1.9024084650546853e-05,0.0,EVALUABLE,EXPLORATORY_CONSUMED_DIAGNOSTIC_ONLY
viscosity_laplacian_acceleration,FAMILY_FOLD,F2|FOLD_3,0.00016800464364132096,0.00019068285100015702,1.1349855984174615,0.00014767650858741409,0.00014767650858741409,1.0,1.1376531396113962,1.2912199294533444,1.1349855984174615,0.12661996223388813,2.2678207358836064e-05,0.0,EVALUABLE,EXPLORATORY_CONSUMED_DIAGNOSTIC_ONLY
viscosity_laplacian_acceleration,FAMILY_FOLD,F3|FOLD_3,0.00025262448478860614,0.00023646017723814947,0.9360144858326666,0.0002610021560057052,0.0002610021560057052,1.0,0.9679019079945228,0.9059702067479501,0.9360144858326666,0.06612432630735052,-1.6164307550456663e-05,0.0,EVALUABLE,EXPLORATORY_CONSUMED_DIAGNOSTIC_ONLY
viscosity_laplacian_acceleration,FAMILY_FOLD,F4|FOLD_3,0.00040330858681008485,0.0008186643846869703,2.0298709510801305,0.00039304773200182384,0.00039304773200182384,1.0,1.02610587461223,2.0828625076080365,2.0298709510801305,0.7079722201364934,0.00041535579787688545,0.0,EVALUABLE,EXPLORATORY_CONSUMED_DIAGNOSTIC_ONLY
viscosity_laplacian_acceleration,FAMILY_FOLD,F1|FOLD_4,9.50100806197706e-05,8.327818987776577e-05,0.876519515976881,0.0003767837224199726,0.0003767837224199726,1.0,0.2521607887133457,0.22102385247137032,0.876519515976881,0.13179630906509793,-1.1731890742004827e-05,0.0,EVALUABLE,EXPLORATORY_CONSUMED_DIAGNOSTIC_ONLY
viscosity_laplacian_acceleration,FAMILY_FOLD,F2|FOLD_4,0.00013052203444359424,0.0001068454369234099,0.8186007625370235,0.0001708883396711287,0.0001708883396711287,1.0,0.7637854911270212,0.6252353854512945,0.8186007625370235,0.20015878341067983,-2.367659752018434e-05,0.0,EVALUABLE,EXPLORATORY_CONSUMED_DIAGNOSTIC_ONLY
viscosity_laplacian_acceleration,FAMILY_FOLD,F3|FOLD_4,3.263187088681922e-05,3.960474577082742e-05,1.213682963756292,0.00013336990512279485,0.00013336990512279485,1.0,0.244671920976286,0.2969541421984441,1.2136829637562923,0.19365950841330085,6.9728748840081965e-06,0.0,EVALUABLE,EXPLORATORY_CONSUMED_DIAGNOSTIC_ONLY
viscosity_laplacian_acceleration,FAMILY_FOLD,F4|FOLD_4,0.0004111953056368321,0.00017357735868360797,0.42212874588824123,0.0002387376344253074,0.0002387376344253074,1.0,1.7223732095137294,0.7270632428835355,0.42212874588824123,0.8624449264318781,-0.0002376179469532241,0.0,EVALUABLE,EXPLORATORY_CONSUMED_DIAGNOSTIC_ONLY
viscosity_laplacian_acceleration,FAMILY_FOLD,F1|FOLD_5,3.208361524699639e-05,4.333397321473517e-05,1.3506574268868288,0.0001407193215262488,0.0001407193215262488,1.0,0.22799722809217596,0.30794614943230775,1.3506574268868288,0.30059145679179056,1.125035796773878e-05,0.0,EVALUABLE,EXPLORATORY_CONSUMED_DIAGNOSTIC_ONLY
viscosity_laplacian_acceleration,FAMILY_FOLD,F2|FOLD_5,6.655553292536295e-05,0.00010507428620744998,1.5787460724757914,0.00016857888875047023,0.00016857888875047023,1.0,0.39480348588534225,0.6232944527412356,1.5787460724757914,0.4566309069365027,3.851875328208703e-05,0.0,EVALUABLE,EXPLORATORY_CONSUMED_DIAGNOSTIC_ONLY
viscosity_laplacian_acceleration,FAMILY_FOLD,F3|FOLD_5,9.154750774724375e-05,6.73909697782224e-05,0.7361311240092318,0.00017434873015540457,0.00017434873015540457,1.0,0.5250827331271268,0.3865297425347114,0.7361311240092319,0.30634701850020635,-2.4156537969021358e-05,0.0,EVALUABLE,EXPLORATORY_CONSUMED_DIAGNOSTIC_ONLY
viscosity_laplacian_acceleration,FAMILY_FOLD,F4|FOLD_5,6.145164531815913e-05,1.374102114206846e-06,0.022360705024130494,0.00011811528805676459,0.00011811528805676459,1.0,0.5202683439981648,0.011633566973535818,0.022360705024130498,3.8004501005961413,-6.0077543203952286e-05,0.0,EVALUABLE,EXPLORATORY_CONSUMED_DIAGNOSTIC_ONLY
viscosity_laplacian_acceleration,LINEAGE,HMSO01R_A|FIELD_LINEAGE|008a4638c8cb2247bc6cd62f75f3daa09b2e49ba7d73812777f0a31f466efb5e,0.0001499090357503854,0.00015436268168196555,1.0297089892499607,0.00016597348716258645,0.00016597348716258645,1.0,0.9032107375290341,0.9300442156207333,1.0297089892499607,0.029276227612318084,4.4536459315801615e-06,0.0,EVALUABLE,EXPLORATORY_CONSUMED_DIAGNOSTIC_ONLY
viscosity_laplacian_acceleration,LINEAGE,HMSO01R_A|FIELD_LINEAGE|0183a54dead296f9ee3dee43dc4041188299c7e551f4c9c6bfbe94dc055e54ad,0.0,0.0,,0.0001081519523076594,0.0001081519523076594,1.0,0.0,0.0,,,0.0,0.0,NOT_EVALUABLE_RATIO,EXPLORATORY_CONSUMED_DIAGNOSTIC_ONLY
viscosity_laplacian_acceleration,LINEAGE,HMSO01R_A|FIELD_LINEAGE|0280053dfd6ee65fbd80522b2b04964154d57f31de1cc5d0449972791fa285ea,1.8425485063908825e-07,0.0,0.0,0.00010782129235612681,0.00010782129235612681,1.0,0.0017088911346982033,0.0,0.0,,-1.8425485063908825e-07,0.0,NOT_EVALUABLE_RATIO,EXPLORATORY_CONSUMED_DIAGNOSTIC_ONLY
viscosity_laplacian_acceleration,LINEAGE,HMSO01R_A|FIELD_LINEAGE|02a8e9bf168ff7b6159072e41013ee435870f1006dfd3aa95840b1c132f5aafb,0.0,0.0,,9.854958486350503e-05,9.854958486350503e-05,1.0,0.0,0.0,,,0.0,0.0,NOT_EVALUABLE_RATIO,EXPLORATORY_CONSUMED_DIAGNOSTIC_ONLY
viscosity_laplacian_acceleration,LINEAGE,HMSO01R_A|FIELD_LINEAGE|0404a47ad84d3ab6d4cc0dbf7c8fea97f3bca817bfb6ce9e4a0d96e074c1229f,0.00026526541402854543,3.496990919245444e-05,0.13182988562802725,0.00014230965470819128,0.00014230965470819128,1.0,1.864001529428747,0.2457311084350596,0.13182988562802725,2.026242932784301,-0.000230295504836091,0.0,EVALUABLE,EXPLORATORY_CONSUMED_DIAGNOSTIC_ONLY
viscosity_laplacian_acceleration,LINEAGE,HMSO01R_A|FIELD_LINEAGE|04cc9f11103eaca809c304d2c5e7176a0ac510070bc43c67da76cab1f9c23ed7,0.0009233583161117713,0.0008927049378650436,0.966802293636334,0.000510315404634076,0.000510315404634076,1.0,1.8093875037416705,1.7493199886943678,0.966802293636334,0.0337612577556088,-3.065337824672773e-05,0.0,EVALUABLE,EXPLORATORY_CONSUMED_DIAGNOSTIC_ONLY
viscosity_laplacian_acceleration,LINEAGE,HMSO01R_A|FIELD_LINEAGE|051eaa0f00871ac3de3987b76f15e88e4e718676447cf96853b1d9836e56f4a9,0.00014263887399418467,0.00014573986957326548,1.0217401854925414,0.00015292050430126372,0.00015292050430126372,1.0,0.9327648679027141,0.953043349151845,1.0217401854925414,0.021507237830151835,3.1009955790808127e-06,0.0,EVALUABLE,EXPLORATORY_CONSUMED_DIAGNOSTIC_ONLY
viscosity_laplacian_acceleration,LINEAGE,HMSO01R_A|FIELD_LINEAGE|05638fa6abec8d1f9d2070785cb5b62bc36d80415fcae04a6c6b1419139c3003,0.0,0.0,,0.0001175529955948302,0.0001175529955948302,1.0,0.0,0.0,,,0.0,0.0,NOT_EVALUABLE_RATIO,EXPLORATORY_CONSUMED_DIAGNOSTIC_ONLY
viscosity_laplacian_acceleration,LINEAGE,HMSO01R_A|FIELD_LINEAGE|065caad01d0036cc45e094366cffda53edef5d184f8c28ff280e81478dd5499f,0.00012894397714368315,0.00019285702772886765,1.4956652648767437,0.00021679373408857954,0.00021679373408857954,1.0,0.5947772323115116,0.8895876467078536,1.495665264876744,0.40257110109111666,6.39130505851845e-05,0.0,EVALUABLE,EXPLORATORY_CONSUMED_DIAGNOSTIC_ONLY
viscosity_laplacian_acceleration,LINEAGE,HMSO01R_A|FIELD_LINEAGE|06c31c418b756da4f49834b1270295e826a9807f080171a34a3e7c250369709c,1.3447562237800779e-06,2.168015758079371e-07,0.16121998320150027,0.00010734706172987219,0.00010734706172987219,1.0,0.012527182412910549,0.0020196321381715683,0.16121998320150027,1.8249854913228154,-1.1279546479721407e-06,0.0,EVALUABLE,EXPLORATORY_CONSUMED_DIAGNOSTIC_ONLY
viscosity_laplacian_acceleration,LINEAGE,HMSO01R_A|FIELD_LINEAGE|06c5b0d79a6fc40df74bc047659e629ea096b0eb47ce7956bd3f7d012a8211c7,7.711201394465274e-07,2.4447957702575354e-07,0.3170447308006105,0.00012611510243762004,0.00012611510243762004,1.0,0.006114415518378891,0.0019385432220275108,0.3170447308006105,1.1487124084329283,-5.266405624207739e-07,0.0,EVALUABLE,EXPLORATORY_CONSUMED_DIAGNOSTIC_ONLY
viscosity_laplacian_acceleration,LINEAGE,HMSO01R_A|FIELD_LINEAGE|07ef870a5e517a728f6e4939e44adb6e41abac7dca46a1a2247aeb449ae2b2b6,5.1839552853110144e-05,2.2950242227050154e-05,0.44271682458528844,0.00013637933284144056,0.00013637933284144056,1.0,0.3801129670679695,0.16828240576402378,0.4427168245852885,0.8148249354816932,-2.888931062605999e-05,0.0,EVALUABLE,EXPLORATORY_CONSUMED_DIAGNOSTIC_ONLY
viscosity_laplacian_acceleration,LINEAGE,HMSO01R_A|FIELD_LINEAGE|092a3e161c8ce70f083c10130918ff7fb36de994b41e81b7dfb0e04366314a2c,0.00015317717991241374,0.000341106629753951,2.2268762876362835,0.00024064658469495983,0.00024064658469495983,1.0,0.6365233901265582,1.4174588439986917,2.2268762876362835,0.8005998356034638,0.00018792944984153727,0.0,EVALUABLE,EXPLORATORY_CONSUMED_DIAGNOSTIC_ONLY
viscosity_laplacian_acceleration,LINEAGE,HMSO01R_A|FIELD_LINEAGE|093dc802dc5954d756689fb97f687ee9b46c368f5fe625c807448d3bc43a1926,0.0,0.0,,8.372960778008677e-05,8.372960778008677e-05,1.0,0.0,0.0,,,0.0,0.0,NOT_EVALUABLE_RATIO,EXPLORATORY_CONSUMED_DIAGNOSTIC_ONLY
viscosity_laplacian_acceleration,LINEAGE,HMSO01R_A|FIELD_LINEAGE|0a252563daa08b1ab13bdaf89c42f5f5445076fcfec6feb203abcad9de8ed55a,0.0,0.0,,8.281216149535255e-05,8.281216149535255e-05,1.0,0.0,0.0,,,0.0,0.0,NOT_EVALUABLE_RATIO,EXPLORATORY_CONSUMED_DIAGNOSTIC_ONLY
viscosity_laplacian_acceleration,LINEAGE,HMSO01R_A|FIELD_LINEAGE|0ac3210ffe07941071125618f2e4ad4f522063f7735eb12854083a5cf3b96fca,0.0004178861567474904,8.358798326063458e-06,0.0200025729282875,0.00012337396069877617,0.00012337396069877617,1.0,3.3871503709585915,0.06775172231417528,0.0200025729282875,3.9118943672880113,-0.00040952735842142695,0.0,EVALUABLE,EXPLORATORY_CONSUMED_DIAGNOSTIC_ONLY
viscosity_laplacian_acceleration,LINEAGE,HMSO01R_A|FIELD_LINEAGE|0af73c913450206e45697078b9ff423d2fbe56a236026748e22945b9fe394efb,7.99023499368956e-05,1.2875629401927395e-05,0.16114206168024053,0.00010811063317645404,0.00010811063317645404,1.0,0.7390794743240662,0.11909679023812843,0.16114206168024053,1.8254689323731161,-6.70267205349682e-05,0.0,EVALUABLE,EXPLORATORY_CONSUMED_DIAGNOSTIC_ONLY
viscosity_laplacian_acceleration,LINEAGE,HMSO01R_A|FIELD_LINEAGE|0d095ad04875a9db82a8c6062fc3703d3296558fc88db157a4ad79a6317e27a5,3.859362634479454e-07,2.6209473331816157e-07,0.6791140355057943,0.00012159377238643373,0.00012159377238643373,1.0,0.0031739805079935533,0.002155494711400233,0.6791140355057943,0.3869662192718233,-1.2384153012978384e-07,0.0,EVALUABLE,EXPLORATORY_CONSUMED_DIAGNOSTIC_ONLY
viscosity_laplacian_acceleration,LINEAGE,HMSO01R_A|FIELD_LINEAGE|0d9a0fc9b5f4f20cb32cc24ac6db7a1e45276ec79661381e7e476b453759d6b0,0.0077412780375112344,0.008614641234889576,1.1128189936011033,0.008197422896365282,0.008197422896365282,1.0,0.9443550900544242,1.0508962809164435,1.1128189936011033,0.10689642977861559,0.0008733631973783414,0.0,EVALUABLE,EXPLORATORY_CONSUMED_DIAGNOSTIC_ONLY
viscosity_laplacian_acceleration,LINEAGE,HMSO01R_A|FIELD_LINEAGE|0da6210822c1316c7a077be78ae0c871024433732125f17a7f978f92e0d637e1,0.00029360913018819173,0.0002666796168994737,0.9082810767108731,0.0003381782984333952,0.0003381782984333952,1.0,0.8682080770656505,0.7885769670462657,0.908281076710873,0.09620139243439098,-2.6929513288718033e-05,0.0,EVALUABLE,EXPLORATORY_CONSUMED_DIAGNOSTIC_ONLY
viscosity_laplacian_acceleration,LINEAGE,HMSO01R_A|FIELD_LINEAGE|0ddf6cdd096735cc15f4456489e1d58f77aa80618dad5da96cca18e59be60b9c,6.429006646069366e-05,7.724386622783628e-05,1.201489910965677,0.0001109193952331031,0.0001109193952331031,1.0,0.5796106832856834,0.696396388255671,1.201489910965677,0.1835623791268191,1.2953799767142618e-05,0.0,EVALUABLE,EXPLORATORY_CONSUMED_DIAGNOSTIC_ONLY
viscosity_laplacian_acceleration,LINEAGE,HMSO01R_A|FIELD_LINEAGE|0e65acebdbaa92caa4bcb30c2a0feac4a5469aac1dd76780539181916f956f58,0.0,0.0,,8.387773224832882e-05,8.387773224832882e-05,1.0,0.0,0.0,,,0.0,0.0,NOT_EVALUABLE_RATIO,EXPLORATORY_CONSUMED_DIAGNOSTIC_ONLY
viscosity_laplacian_acceleration,LINEAGE,HMSO01R_A|FIELD_LINEAGE|0e85d8db167a222553e045c2d06d7055fe817db60fe9573c8fc78f52ed1f8615,4.4790559505133685e-09,2.1095815010393654e-09,0.4709879770083191,0.00014913936826112942,0.00014913936826112942,1.0,3.0032686893717764e-05,1.4145034444196389e-05,0.4709879770083191,0.752922711813142,-2.369474449474003e-09,0.0,EVALUABLE,EXPLORATORY_CONSUMED_DIAGNOSTIC_ONLY
viscosity_laplacian_acceleration,LINEAGE,HMSO01R_A|FIELD_LINEAGE|0f0f1b8e6d3d2de7f2739e4c27aed7f4a0fa84df148b19d95d7dbbf8ec12bea3,0.0003035395356755207,0.00030173184418556885,0.9940446258971543,0.000257563885765674,0.000257563885765674,1.0,1.1785019269031929,1.1714835070475598,0.9940446258971543,0.005973178064558576,-1.807691489951824e-06,0.0,EVALUABLE,EXPLORATORY_CONSUMED_DIAGNOSTIC_ONLY
viscosity_laplacian_acceleration,LINEAGE,HMSO01R_A|FIELD_LINEAGE|0f49beb059c8327e240fa524ede4b5d0ddc16e0eb915fce826282146040c0e20,0.0005751924995417057,6.048394103510317e-05,0.10515425893643392,0.00010265071691803246,0.00010265071691803246,1.0,5.603394859882004,0.5892208340191151,0.10515425893643392,2.252326874216353,-0.0005147085585066025,0.0,EVALUABLE,EXPLORATORY_CONSUMED_DIAGNOSTIC_ONLY
viscosity_laplacian_acceleration,LINEAGE,HMSO01R_A|FIELD_LINEAGE|0fdda9072ffc8d97ff7e0441813be2217cbf8a41c67bef8c56cb65c5e8c889e5,2.6067942634582307e-06,0.0001474677283221646,56.57052817299462,0.00024992198915650286,0.00024992198915650286,1.0,0.010430431800964254,0.5900550360529473,56.570528172994614,4.0354881459385705,0.00014486093405870638,0.0,EVALUABLE,EXPLORATORY_CONSUMED_DIAGNOSTIC_ONLY
viscosity_laplacian_acceleration,LINEAGE,HMSO01R_A|FIELD_LINEAGE|1014832cdbdd8f9e416c91cfffc398c0221e1acf20617efe558f4efd66f3578a,2.904773927033963e-06,6.330355203682977e-06,2.1792935914110334,0.00010901659087718174,0.00010901659087718174,1.0,0.02664524641305731,0.058067814749543624,2.1792935914110334,0.7790007836513453,3.4255812766490137e-06,0.0,EVALUABLE,EXPLORATORY_CONSUMED_DIAGNOSTIC_ONLY
viscosity_laplacian_acceleration,LINEAGE,HMSO01R_A|FIELD_LINEAGE|101e8ab2bfdfa561a79b7bef11d98c5487b65f400bdd7d35b17d61b9746e280e,0.0002128772750837276,3.121484767803947e-05,0.14663306670832874,0.00012199502571587253,0.00012199502571587253,1.0,1.7449668446279163,0.2558698397321471,0.1466330667083287,1.919821957608237,-0.00018166242740568812,0.0,EVALUABLE,EXPLORATORY_CONSUMED_DIAGNOSTIC_ONLY
viscosity_laplacian_acceleration,LINEAGE,HMSO01R_A|FIELD_LINEAGE|10ec2dec79c0538398e95e49cd33ade9183e905d4ea4b212dcd4e7ec34fc5546,0.001449833523597229,0.0013865105278508664,0.956323953946623,9.555094718264665e-05,9.555094718264665e-05,1.0,15.173408180097438,14.510693705636813,0.9563239539466228,0.04465855937125795,-6.332299574636252e-05,0.0,EVALUABLE,EXPLORATORY_CONSUMED_DIAGNOSTIC_ONLY
viscosity_laplacian_acceleration,LINEAGE,HMSO01R_A|FIELD_LINEAGE|11fde86949c379fe2021d6c74cae47b21d76fdf394512bb275cf864fa8a207c8,0.00015754541329955106,0.00013893751758933042,0.8818886864396346,8.26405609907886e-05,8.26405609907886e-05,1.0,1.906393318374395,1.6812266993784915,0.8818886864396346,0.1256894367907287,-1.860789571022064e-05,0.0,EVALUABLE,EXPLORATORY_CONSUMED_DIAGNOSTIC_ONLY
viscosity_laplacian_acceleration,LINEAGE,HMSO01R_A|FIELD_LINEAGE|14fde0d6f8e15a741b90398f93d73484586c3eb3479f620760208e87c5b3db6c,8.88785482291222e-05,6.500178665041505e-05,0.7313551801368914,0.0001208878272380729,0.0001208878272380729,1.0,0.735215035787577,0.5377033249377744,0.7313551801368914,0.31285605469485084,-2.3876761578707148e-05,0.0,EVALUABLE,EXPLORATORY_CONSUMED_DIAGNOSTIC_ONLY
viscosity_laplacian_acceleration,LINEAGE,HMSO01R_A|FIELD_LINEAGE|15651b29629c1bcfb68ed12ef597d6352232a9bc607eac6bb7e574563cec2b00,5.3979087256755586e-05,3.041286536606603e-05,0.5634194076199353,0.00011062992076283136,0.00011062992076283136,1.0,0.4879248478580768,0.27490632874324467,0.5634194076199353,0.5737309768134312,-2.3566221890689556e-05,0.0,EVALUABLE,EXPLORATORY_CONSUMED_DIAGNOSTIC_ONLY
viscosity_laplacian_acceleration,LINEAGE,HMSO01R_A|FIELD_LINEAGE|16eb11153f438a544fbde5e29c9d4f0fc922c6cc49338ba6f7c68206ac580c7f,0.0,0.0,,8.391761340900151e-05,8.391761340900151e-05,1.0,0.0,0.0,,,0.0,0.0,NOT_EVALUABLE_RATIO,EXPLORATORY_CONSUMED_DIAGNOSTIC_ONLY
viscosity_laplacian_acceleration,LINEAGE,HMSO01R_A|FIELD_LINEAGE|17af857dc7e075f66db0acfe5114e05e0f490cc5340cc9cfe073ae813844b776,0.00013697650238347748,3.425710265940942e-05,0.2500947393407938,0.00012508135757295148,0.00012508135757295148,1.0,1.0950992621229616,0.27387856451293774,0.25009473934079385,1.3859154755429217,-0.00010271939972406806,0.0,EVALUABLE,EXPLORATORY_CONSUMED_DIAGNOSTIC_ONLY
viscosity_laplacian_acceleration,LINEAGE,HMSO01R_A|FIELD_LINEAGE|191e9f46778b3758f1f78fde4f9e2a46913f5a82ffc9889aaa9e18e41d67ee0e,0.00019650431088583695,7.21611455206306e-05,0.3672242364319124,0.0001644512606114289,0.0001644512606114289,1.0,1.1949091186971446,0.43879958871908825,0.3672242364319124,1.001782619059046,-0.00012434316536520635,0.0,EVALUABLE,EXPLORATORY_CONSUMED_DIAGNOSTIC_ONLY
viscosity_laplacian_acceleration,LINEAGE,HMSO01R_A|FIELD_LINEAGE|197d7ec024c0036b09ad028c746809cfe1ed712ccbb40eead96390c6dfdd817b,0.0002594844271247654,0.00027980780831734863,1.0783221614405836,0.0003079123808053256,0.0003079123808053256,1.0,0.842721641936255,0.9087254224254601,1.0783221614405836,0.07540627889777822,2.0323381192583238e-05,0.0,EVALUABLE,EXPLORATORY_CONSUMED_DIAGNOSTIC_ONLY
viscosity_laplacian_acceleration,LINEAGE,HMSO01R_A|FIELD_LINEAGE|197ff926eb3d0f9ff98b06347687987d9933c0c4a0832b79258c496c53405132,8.925710846319046e-05,0.00030477936903615784,3.4146229278965334,0.00013778069197396004,0.00013778069197396004,1.0,0.6478201494303691,2.2120615353982966,3.414622927896533,1.22806707049787,0.0002155222605729674,0.0,EVALUABLE,EXPLORATORY_CONSUMED_DIAGNOSTIC_ONLY
viscosity_laplacian_acceleration,LINEAGE,HMSO01R_A|FIELD_LINEAGE|19bc9c15d585b69ea5a604b39577d278e2c7b171a2d899f0352dc2850b1dc0cb,1.6473544799965072e-05,1.3158040922700197e-05,0.7987376780453528,0.00013769932918611204,0.00013769932918611204,1.0,0.11963416886148888,0.09555631825131128,0.7987376780453528,0.22472269995667205,-3.315503877264875e-06,0.0,EVALUABLE,EXPLORATORY_CONSUMED_DIAGNOSTIC_ONLY
viscosity_laplacian_acceleration,LINEAGE,HMSO01R_A|FIELD_LINEAGE|1a444bf8e4f5678b58a9ba1debf6e16323abf2899e40040f0bbc7e1608156e14,3.12306729917505e-05,1.485872968765724e-05,0.475773598973744,0.00014804758235457214,0.00014804758235457214,1.0,0.21095023974760643,0.10036455476909285,0.475773598973744,0.7428131703077914,-1.637194330409326e-05,0.0,EVALUABLE,EXPLORATORY_CONSUMED_DIAGNOSTIC_ONLY
viscosity_laplacian_acceleration,LINEAGE,HMSO01R_A|FIELD_LINEAGE|1b6f0cb3de33bc6abdb0882404222836bd00a9ad3c6fe2c95af35a87f0fa1200,0.0,0.0,,0.00011617378702527128,0.00011617378702527128,1.0,0.0,0.0,,,0.0,0.0,NOT_EVALUABLE_RATIO,EXPLORATORY_CONSUMED_DIAGNOSTIC_ONLY
viscosity_laplacian_acceleration,LINEAGE,HMSO01R_A|FIELD_LINEAGE|1d03c9c9f560219b53c739310adfe296cf8afec50561d01ce15be76ae73c1479,0.0,0.0,,0.00011019581841990227,0.00011019581841990227,1.0,0.0,0.0,,,0.0,0.0,NOT_EVALUABLE_RATIO,EXPLORATORY_CONSUMED_DIAGNOSTIC_ONLY
viscosity_laplacian_acceleration,LINEAGE,HMSO01R_A|FIELD_LINEAGE|1e499d17b9c103b93706f70e5fa2f7497086b8d1dab61b6d4e57ae6874e328ff,0.0,0.0,,0.0001259879522570447,0.0001259879522570447,1.0,0.0,0.0,,,0.0,0.0,NOT_EVALUABLE_RATIO,EXPLORATORY_CONSUMED_DIAGNOSTIC_ONLY
viscosity_laplacian_acceleration,LINEAGE,HMSO01R_A|FIELD_LINEAGE|20bbc33e3ce141e2f7eb99de3d0702689581411faf36ef6782c9dd4ff7bd0899,0.00011060431273673076,0.00013186671771384448,1.192238480137065,0.00010945792119489487,0.00010945792119489487,1.0,1.0104733538634878,1.2047252156292072,1.192238480137065,0.1758326158614602,2.126240497711372e-05,0.0,EVALUABLE,EXPLORATORY_CONSUMED_DIAGNOSTIC_ONLY
viscosity_laplacian_acceleration,LINEAGE,HMSO01R_A|FIELD_LINEAGE|20fd9f4e76cc9e98a79b808be25ffb0cc4d95c0522637973fd5963586426d614,4.109739510386798e-06,7.996145989974696e-06,1.9456576188747594,0.00010327186510758894,0.00010327186510758894,1.0,0.03979534509331519,0.07742811637655897,1.9456576188747592,0.6656000273156081,3.8864064795878985e-06,0.0,EVALUABLE,EXPLORATORY_CONSUMED_DIAGNOSTIC_ONLY
viscosity_laplacian_acceleration,LINEAGE,HMSO01R_A|FIELD_LINEAGE|21308456c1ed84c2854c7a093be1e48cf9af8d5768485e2a86892e0fd138af17,3.218711908143836e-08,0.0,0.0,0.00016394076492814497,0.00016394076492814497,1.0,0.00019633383494060144,0.0,0.0,,-3.218711908143836e-08,0.0,NOT_EVALUABLE_RATIO,EXPLORATORY_CONSUMED_DIAGNOSTIC_ONLY
viscosity_laplacian_acceleration,LINEAGE,HMSO01R_A|FIELD_LINEAGE|21b79bdb11d90c0a9b01efce71ed9eec0d7fba61736210c4c1ab358a9c4e965a,0.000345143424941468,0.0003371401570013151,0.9768117618305777,0.0003603039400148808,0.0003603039400148808,1.0,0.957922982821707,0.9357104365480737,0.9768117618305776,0.0234613150720415,-8.003267940152891e-06,0.0,EVALUABLE,EXPLORATORY_CONSUMED_DIAGNOSTIC_ONLY
viscosity_laplacian_acceleration,LINEAGE,HMSO01R_A|FIELD_LINEAGE|21dfb26365637485a590f4aa1b2a5297d551eab87745fb26abbdd41a0e1d8daa,6.984211747055739e-07,6.984211747055739e-07,1.0,0.00015507490658694736,0.00015507490658694736,1.0,0.004503766535006637,0.004503766535006637,1.0,0.0,0.0,0.0,EVALUABLE,EXPLORATORY_CONSUMED_DIAGNOSTIC_ONLY
viscosity_laplacian_acceleration,LINEAGE,HMSO01R_A|FIELD_LINEAGE|226b761343bde11d0f8531972b4efd2a54f34c441ce74b43268bfdfde41542ed,0.0,0.0,,0.00010630896476822733,0.00010630896476822733,1.0,0.0,0.0,,,0.0,0.0,NOT_EVALUABLE_RATIO,EXPLORATORY_CONSUMED_DIAGNOSTIC_ONLY
viscosity_laplacian_acceleration,LINEAGE,HMSO01R_A|FIELD_LINEAGE|292cdf1c570d6fb417a11eb6a7d4d830f9162a0bf0e09496e15edbaa84e1f3f4,0.0,0.0,,0.00011229546056230481,0.00011229546056230481,1.0,0.0,0.0,,,0.0,0.0,NOT_EVALUABLE_RATIO,EXPLORATORY_CONSUMED_DIAGNOSTIC_ONLY
viscosity_laplacian_acceleration,LINEAGE,HMSO01R_A|FIELD_LINEAGE|29dc93f9e64f8875b47eb06f84606bc0c4a0e9315877441085164bd7870ebc8e,0.00014065220696850284,8.909983927461422e-05,0.633476297279622,0.00010174653495417597,0.00010174653495417597,1.0,1.3823783486272923,0.8757039177279355,0.633476297279622,0.4565326954227013,-5.155236769388861e-05,0.0,EVALUABLE,EXPLORATORY_CONSUMED_DIAGNOSTIC_ONLY
viscosity_laplacian_acceleration,LINEAGE,HMSO01R_A|FIELD_LINEAGE|2bf67fa14447cc7892bedcae7ba79ef420cf3b1aa476bde75527a097c9a5c922,0.0,0.0,,0.00012011992861109041,0.00012011992861109041,1.0,0.0,0.0,,,0.0,0.0,NOT_EVALUABLE_RATIO,EXPLORATORY_CONSUMED_DIAGNOSTIC_ONLY
viscosity_laplacian_acceleration,LINEAGE,HMSO01R_A|FIELD_LINEAGE|2d885ab8e36e98def0f3a036fab45f57940afd290e12c42ece2cbbf2a0b7faed,3.597195600163851e-08,4.014091723346909e-08,1.1158947606752518,9.324591920282695e-05,9.324591920282695e-05,1.0,0.00038577512355680594,0.0004304844391758876,1.1158947606752516,0.10965655904234586,4.168961231830582e-09,0.0,EVALUABLE,EXPLORATORY_CONSUMED_DIAGNOSTIC_ONLY
viscosity_laplacian_acceleration,LINEAGE,HMSO01R_A|FIELD_LINEAGE|2e00a5aa730d3fe2629242ac9cb05445890c5ccd2cee3bc6b04bd3dcaa176cdc,0.00022268642613542246,0.00014471400479324376,0.6498555269158558,0.00020853326939766843,0.00020853326939766843,1.0,1.0678700179526954,0.6939612331942933,0.6498555269158558,0.43100520708056417,-7.79724213421787e-05,0.0,EVALUABLE,EXPLORATORY_CONSUMED_DIAGNOSTIC_ONLY
viscosity_laplacian_acceleration,LINEAGE,HMSO01R_A|FIELD_LINEAGE|3264ae7008b91adb6f4b677f3ecc13cbe5ab1143b7f33ef501525d095e0b618c,7.252254367908983e-05,7.234551135620604e-05,0.9975589338996829,0.00011329420014473586,0.00011329420014473586,1.0,0.6401258280339212,0.6385632385751702,0.997558933899683,0.002444050359675642,-1.7703232288379873e-07,0.0,EVALUABLE,EXPLORATORY_CONSUMED_DIAGNOSTIC_ONLY
viscosity_laplacian_acceleration,LINEAGE,HMSO01R_A|FIELD_LINEAGE|3283083498700d830b6f9393659c16097acacaf984f6c43b70c65438a233286d,2.557876756465546e-07,2.2460376208132618e-07,0.8780867237391135,8.1142504558447e-05,8.1142504558447e-05,1.0,0.0031523266016802646,0.002768016137825077,0.8780867237391136,0.1300099160345353,-3.1183913565228446e-08,0.0,EVALUABLE,EXPLORATORY_CONSUMED_DIAGNOSTIC_ONLY
viscosity_laplacian_acceleration,LINEAGE,HMSO01R_A|FIELD_LINEAGE|34168bb92814c253cb6b05f8022442aa6cab311b67f648a00b758da530873bc9,0.00017883239685762857,0.00016451642776740241,0.9199475635187995,0.00015649575472047816,0.00015649575472047816,1.0,1.142730019590925,1.0512516972824613,0.9199475635187994,0.08343860673861274,-1.4315969090226158e-05,0.0,EVALUABLE,EXPLORATORY_CONSUMED_DIAGNOSTIC_ONLY
viscosity_laplacian_acceleration,LINEAGE,HMSO01R_A|FIELD_LINEAGE|34a4e80876c1805c1767ae4dec4e60fe92b927519de4d3f4fc98d8e491efa006,0.0001651769751713798,0.00013178233449071458,0.7978250864200865,0.00029827976726419866,0.00029827976726419866,1.0,0.5537652677094781,0.44180782256675677,0.7978250864200866,0.22586589550772243,-3.339464068066522e-05,0.0,EVALUABLE,EXPLORATORY_CONSUMED_DIAGNOSTIC_ONLY
viscosity_laplacian_acceleration,LINEAGE,HMSO01R_A|FIELD_LINEAGE|367777ab46eb41f1d6390744a91dc4aea35bac8f23f02a2f5c6dee473916edbd,5.2644300427736333e-08,2.3410561467346865e-08,0.4446931819235023,0.00011519453973013296,0.00011519453973013296,1.0,0.0004570034356755667,0.0002032263119605404,0.4446931819235024,0.8103707134393228,-2.923373896038947e-08,0.0,EVALUABLE,EXPLORATORY_CONSUMED_DIAGNOSTIC_ONLY
viscosity_laplacian_acceleration,LINEAGE,HMSO01R_A|FIELD_LINEAGE|381d8f63546be0384f86ba8b518abcf8c4d107fec707374fb03828151e0b75af,6.027645871624707e-06,9.558270194490754e-07,0.15857385118602518,0.00014854882564585738,0.00014854882564585738,1.0,0.040576866531376724,0.006434429994941739,0.1585738511860252,1.8415348560980658,-5.071818852175632e-06,0.0,EVALUABLE,EXPLORATORY_CONSUMED_DIAGNOSTIC_ONLY
viscosity_laplacian_acceleration,LINEAGE,HMSO01R_A|FIELD_LINEAGE|38ed780ae9e2ceb725d12dc596e69f348d116c6ab5da75f5bae97744169a86db,0.0,0.0,,0.00012266766519478627,0.00012266766519478627,1.0,0.0,0.0,,,0.0,0.0,NOT_EVALUABLE_RATIO,EXPLORATORY_CONSUMED_DIAGNOSTIC_ONLY
viscosity_laplacian_acceleration,LINEAGE,HMSO01R_A|FIELD_LINEAGE|39a5eaeb1afddf9af00bec82f67fdf5414fc1d1e11076c2f86704fda2809ab87,1.3616943508365293e-08,2.3280128265993043e-09,0.17096441834903234,7.460529466863419e-05,7.460529466863419e-05,1.0,0.00018251980062334872,3.120439155075216e-05,0.17096441834903234,1.7662998239613088,-1.1288930681765988e-08,0.0,EVALUABLE,EXPLORATORY_CONSUMED_DIAGNOSTIC_ONLY
viscosity_laplacian_acceleration,LINEAGE,HMSO01R_A|FIELD_LINEAGE|3c7ea9b77bf044ea3d9c6d199831fc605b20c1d7b4a9ad213eb80b5cab2c0296,4.655321841400086e-05,0.00011630753711909491,2.498378008685979,0.0001078196474114495,0.0001078196474114495,1.0,0.43176934382237014,1.0787230334305848,2.498378008685979,0.9156417247890023,6.975431870509405e-05,0.0,EVALUABLE,EXPLORATORY_CONSUMED_DIAGNOSTIC_ONLY
viscosity_laplacian_acceleration,LINEAGE,HMSO01R_A|FIELD_LINEAGE|3d33238d426baab3f4ff1c525309d0c0b825fb99fca42c8d1a5482ea92f2f1a6,0.0,0.0,,0.00010350369054296737,0.00010350369054296737,1.0,0.0,0.0,,,0.0,0.0,NOT_EVALUABLE_RATIO,EXPLORATORY_CONSUMED_DIAGNOSTIC_ONLY
viscosity_laplacian_acceleration,LINEAGE,HMSO01R_A|FIELD_LINEAGE|3e17b326e03465aac98a6b656cd3125c19ada3cc77d6223ebd6e30804155ff56,0.00023206134882685308,0.00016444840354176135,0.7086419361651669,0.003998678344102895,0.003998678344102895,1.0,0.058034512620673454,0.04112568938791585,0.7086419361651669,0.34440490658422757,-6.761294528509173e-05,0.0,EVALUABLE,EXPLORATORY_CONSUMED_DIAGNOSTIC_ONLY
viscosity_laplacian_acceleration,LINEAGE,HMSO01R_A|FIELD_LINEAGE|3e594f148c4f0181faaf58cc7906a2e9e8709c7be31e59cdc8bdd6b6b7c398a2,2.3298514895922023e-06,3.837477006330899e-07,0.16470908225152922,0.0001421046237581029,0.0001421046237581029,1.0,0.016395324993493415,0.002700458932893859,0.1647090822515292,1.803574499108065,-1.9461037889591124e-06,0.0,EVALUABLE,EXPLORATORY_CONSUMED_DIAGNOSTIC_ONLY
viscosity_laplacian_acceleration,LINEAGE,HMSO01R_A|FIELD_LINEAGE|40ad278dca26109101acf56cf89434c2db030106327c552c8aaad7f18589b1fc,0.0003587292279056863,9.228662080021527e-05,0.25725983170927574,0.0009860980650728054,0.0009860980650728054,1.0,0.3637865650605457,0.09358767050557146,0.2572598317092757,1.3576686864977003,-0.000266442607105471,0.0,EVALUABLE,EXPLORATORY_CONSUMED_DIAGNOSTIC_ONLY
viscosity_laplacian_acceleration,LINEAGE,HMSO01R_A|FIELD_LINEAGE|41b714ff189f53f826864cf9fac2bed83a6e097351a7033fcea23d658bf21b54,0.0,0.0,,0.00011119669560594631,0.00011119669560594631,1.0,0.0,0.0,,,0.0,0.0,NOT_EVALUABLE_RATIO,EXPLORATORY_CONSUMED_DIAGNOSTIC_ONLY
viscosity_laplacian_acceleration,LINEAGE,HMSO01R_A|FIELD_LINEAGE|41ec221cb0eeb1bbfd7efc4d5d4cd642cd62a71a09fd5ce2fc9fff0cbe48931c,2.0404815217423514e-09,1.4358721424874962e-10,0.07036927936800996,0.00010277843268215166,0.00010277843268215166,1.0,1.9853207219579428e-05,1.397055885185577e-06,0.07036927936800996,2.6539984836698713,-1.896894307493602e-09,0.0,EVALUABLE,EXPLORATORY_CONSUMED_DIAGNOSTIC_ONLY
viscosity_laplacian_acceleration,LINEAGE,HMSO01R_A|FIELD_LINEAGE|429c6019f8749d53e4581b918e84a928af92c02c8bd8516136f7bea7e94cf671,1.718728670047074e-05,1.8651897894514848e-05,1.0852147997277541,0.00013445989082537868,0.00013445989082537868,1.0,0.12782463673714897,0.13871718755697807,1.0852147997277544,0.08177793949784538,1.4646111940441076e-06,0.0,EVALUABLE,EXPLORATORY_CONSUMED_DIAGNOSTIC_ONLY
viscosity_laplacian_acceleration,LINEAGE,HMSO01R_A|FIELD_LINEAGE|42e50ef40056d389a76817004688f104ee3861e2ea394e0b7ded0e04dbc7e54e,0.00011584157018585857,0.00011253941662027769,0.9714942264656562,8.779146506619142e-05,8.779146506619142e-05,1.0,1.3195083382936876,1.2818947324256094,0.9714942264656561,0.02891995308950039,-3.302153565580882e-06,0.0,EVALUABLE,EXPLORATORY_CONSUMED_DIAGNOSTIC_ONLY
viscosity_laplacian_acceleration,LINEAGE,HMSO01R_A|FIELD_LINEAGE|43048a070f7e90a4b3daec507e653fb282b428f5e4cf309a72c949e8f5226bf3,1.0543378434898407e-07,3.788941682456432e-08,0.3593669435135799,0.00010457579174506681,0.00010457579174506681,1.0,0.0010082045049776803,0.0003623153713904508,0.3593669435135799,1.0234112857309794,-6.754436752441974e-08,0.0,EVALUABLE,EXPLORATORY_CONSUMED_DIAGNOSTIC_ONLY
viscosity_laplacian_acceleration,LINEAGE,HMSO01R_A|FIELD_LINEAGE|4389c621e60229f631c944081b4adc544d96927c12f624ff90ee3e85668f651e,3.698931677186974e-05,1.1472229038816622e-05,0.31014979567130624,9.735072544858224e-05,9.735072544858224e-05,1.0,0.3799593336508458,0.1178443096952155,0.3101497956713063,1.170699886369269,-2.5517087733053122e-05,0.0,EVALUABLE,EXPLORATORY_CONSUMED_DIAGNOSTIC_ONLY
viscosity_laplacian_acceleration,LINEAGE,HMSO01R_A|FIELD_LINEAGE|440a69e5e6d8a6266c3153ff4cc4273aafca8ec71c677d3f24cfa0db89cae65c,0.0,0.0,,9.941853375247454e-05,9.941853375247454e-05,1.0,0.0,0.0,,,0.0,0.0,NOT_EVALUABLE_RATIO,EXPLORATORY_CONSUMED_DIAGNOSTIC_ONLY
viscosity_laplacian_acceleration,LINEAGE,HMSO01R_A|FIELD_LINEAGE|4666d705aea26a6f22073d7a13f6e76c36824d125314c031a782f73ac5ba6779,0.00014032400370716085,0.00012962762322068575,0.9237736937096155,9.838197610224358e-05,9.838197610224358e-05,1.0,1.4263182065110074,1.3175952380339473,0.9237736937096154,0.07928815756599888,-1.0696380486475098e-05,0.0,EVALUABLE,EXPLORATORY_CONSUMED_DIAGNOSTIC_ONLY
viscosity_laplacian_acceleration,LINEAGE,HMSO01R_A|FIELD_LINEAGE|46ad1db2ba1a448aa8fcf8fea69b4b772861af80c9b661f505a8c591ffdfe68c,2.221061122498777e-07,2.7312035916402574e-07,1.2296841198893036,0.00013378476544988763,0.00013378476544988763,1.0,0.0016601749197898996,0.0020414907351041377,1.2296841198893036,0.20675732330406835,5.101424691414803e-08,0.0,EVALUABLE,EXPLORATORY_CONSUMED_DIAGNOSTIC_ONLY
viscosity_laplacian_acceleration,LINEAGE,HMSO01R_A|FIELD_LINEAGE|4729596698ed7c65dd5f082aea4dac27cd26c6550de18eb2382e9ca6f186b90b,3.934701638952696e-06,9.738485994174503e-05,24.75025271996635,0.0002233055739751689,0.0002233055739751689,1.0,0.01762025716111424,0.4361058177283743,24.75025271996635,3.2088356998702996,9.345015830279232e-05,0.0,EVALUABLE,EXPLORATORY_CONSUMED_DIAGNOSTIC_ONLY
viscosity_laplacian_acceleration,LINEAGE,HMSO01R_A|FIELD_LINEAGE|475ead0c3c732d8046f08c0918482fe4219c4fa643d2e948ba96c0bc2f6d887d,0.0,0.0,,0.0001120461127390381,0.0001120461127390381,1.0,0.0,0.0,,,0.0,0.0,NOT_EVALUABLE_RATIO,EXPLORATORY_CONSUMED_DIAGNOSTIC_ONLY
viscosity_laplacian_acceleration,LINEAGE,HMSO01R_A|FIELD_LINEAGE|49aae8e0ac8e4584d3624cd5459480c917c8157571a4f7ac9660003550146055,7.584885848403028e-05,6.729115349780688e-05,0.8871742415474163,0.00017657505307482074,0.00017657505307482074,1.0,0.429555914967731,0.38109094306370317,0.8871742415474162,0.11971387679011745,-8.557704986223404e-06,0.0,EVALUABLE,EXPLORATORY_CONSUMED_DIAGNOSTIC_ONLY
viscosity_laplacian_acceleration,LINEAGE,HMSO01R_A|FIELD_LINEAGE|4a864b01d23e69fbf80902fd3a728f366c9eb285ead51eb5724dfe25ca232031,0.00011528771375478628,0.00017527156841218235,1.5202970264895705,0.0001228397956581173,0.0001228397956581173,1.0,0.9385208851669726,1.4268305110177082,1.5202970264895705,0.41890572793190617,5.998385465739607e-05,0.0,EVALUABLE,EXPLORATORY_CONSUMED_DIAGNOSTIC_ONLY
viscosity_laplacian_acceleration,LINEAGE,HMSO01R_A|FIELD_LINEAGE|4c3bbd0a7d56407cf1ccc6d516e10bc822949b03124ef92a27e554a97f6ed1b2,0.0007573501120157857,0.0009798847384516892,1.2938332257502394,0.0005001252946249999,0.0005001252946249999,1.0,1.5143207515301864,1.959278502772828,1.2938332257502394,0.2576093050448261,0.0002225346264359035,0.0,EVALUABLE,EXPLORATORY_CONSUMED_DIAGNOSTIC_ONLY
viscosity_laplacian_acceleration,LINEAGE,HMSO01R_A|FIELD_LINEAGE|4cf69c455bf1f50d880646e37d5ce58645992adb18a995a52fdf89583dcd2384,0.0,0.0,,0.00010178385311842718,0.00010178385311842718,1.0,0.0,0.0,,,0.0,0.0,NOT_EVALUABLE_RATIO,EXPLORATORY_CONSUMED_DIAGNOSTIC_ONLY
viscosity_laplacian_acceleration,LINEAGE,HMSO01R_A|FIELD_LINEAGE|51aa7e7dbbb5aa6496f5ed0b95d8e85438067333a238c5e41877a3cd9ace3175,6.242428498940291e-07,4.910055022445339e-08,0.07865616760013935,8.921299142244727e-05,8.921299142244727e-05,1.0,0.006997219126282549,0.0005503744403317809,0.07865616760013935,2.5426692342416697,-5.751422996695757e-07,0.0,EVALUABLE,EXPLORATORY_CONSUMED_DIAGNOSTIC_ONLY
viscosity_laplacian_acceleration,LINEAGE,HMSO01R_A|FIELD_LINEAGE|541d56dfe6d37f091e41084f899b04aeee2814cee915608e406b47dce85c3c8b,0.00029429290916540364,0.0003139230410639051,1.0667027009049295,0.00024915115693488065,0.00024915115693488065,1.0,1.1811821899037838,1.2599702322311654,1.0667027009049295,0.06457230266534031,1.963013189850148e-05,0.0,EVALUABLE,EXPLORATORY_CONSUMED_DIAGNOSTIC_ONLY
viscosity_laplacian_acceleration,LINEAGE,HMSO01R_A|FIELD_LINEAGE|55cdcba2ab757796978976644840d2bce6b96e998f32047a71aff1f289ed6480,6.632358756113817e-05,1.3194227987364145e-05,0.1989371876966319,9.116650166556128e-05,9.116650166556128e-05,1.0,0.7274995349107743,0.14472671152575714,0.1989371876966319,1.6147661437977618,-5.312935957377402e-05,0.0,EVALUABLE,EXPLORATORY_CONSUMED_DIAGNOSTIC_ONLY
viscosity_laplacian_acceleration,LINEAGE,HMSO01R_A|FIELD_LINEAGE|56571c9b6d895bc0e855ce89225a188e41167fe16fc1aed7e4e19ab1ddaef9cb,0.0,0.0,,0.00014533058419900871,0.00014533058419900871,1.0,0.0,0.0,,,0.0,0.0,NOT_EVALUABLE_RATIO,EXPLORATORY_CONSUMED_DIAGNOSTIC_ONLY
viscosity_laplacian_acceleration,LINEAGE,HMSO01R_A|FIELD_LINEAGE|5717c014ee19e2404587fa3546273faef8d6d97d2a31a4b9e01b24770e476426,8.207193189318392e-05,2.08687224043829e-05,0.2542735612894236,0.00012854791581010816,0.00012854791581010816,1.0,0.6384540066322127,0.162341973985874,0.2542735612894236,1.3693445785754683,-6.120320948880102e-05,0.0,EVALUABLE,EXPLORATORY_CONSUMED_DIAGNOSTIC_ONLY
viscosity_laplacian_acceleration,LINEAGE,HMSO01R_A|FIELD_LINEAGE|5788e5f098ee24a0bfe3ef48cb7ba08a0bdbab2c319fd19eedc3c9eb4ac76f03,2.7941549227320127e-05,2.360697517018668e-05,0.8448699454039122,0.00012376533011019443,0.00012376533011019443,1.0,0.22576232942167548,0.190739806932751,0.8448699454039121,0.16857257423504127,-4.334574057133446e-06,0.0,EVALUABLE,EXPLORATORY_CONSUMED_DIAGNOSTIC_ONLY
viscosity_laplacian_acceleration,LINEAGE,HMSO01R_A|FIELD_LINEAGE|5851badadb2dbcb7aa9bd12e7e1999f87fd380febbee831ba86fec2a8906fa0a,0.0,0.0,,6.667697846135591e-05,6.667697846135591e-05,1.0,0.0,0.0,,,0.0,0.0,NOT_EVALUABLE_RATIO,EXPLORATORY_CONSUMED_DIAGNOSTIC_ONLY
viscosity_laplacian_acceleration,LINEAGE,HMSO01R_A|FIELD_LINEAGE|5915fb95e293a089619d78d1366edf95fa145cc69452df6337d9252e862b1502,4.771260049449475e-05,4.290026381225922e-05,0.899139082079779,9.29665408188357e-05,9.29665408188357e-05,1.0,0.5132233605149675,0.46145918127532737,0.899139082079779,0.10631754893502715,-4.8123366822355314e-06,0.0,EVALUABLE,EXPLORATORY_CONSUMED_DIAGNOSTIC_ONLY
viscosity_laplacian_acceleration,LINEAGE,HMSO01R_A|FIELD_LINEAGE|5932ef4f3ff2f79b2fa4005d45fb593b78f4308c6edd18917a8552256cdfcf19,0.0,0.0,,9.79667482341839e-05,9.79667482341839e-05,1.0,0.0,0.0,,,0.0,0.0,NOT_EVALUABLE_RATIO,EXPLORATORY_CONSUMED_DIAGNOSTIC_ONLY
viscosity_laplacian_acceleration,LINEAGE,HMSO01R_A|FIELD_LINEAGE|59aef3f6a7aa33f774612e58955e925638af1b151b9e6b2d7127236b21c1a5a6,0.0,0.0,,6.560227778265089e-05,6.560227778265089e-05,1.0,0.0,0.0,,,0.0,0.0,NOT_EVALUABLE_RATIO,EXPLORATORY_CONSUMED_DIAGNOSTIC_ONLY
viscosity_laplacian_acceleration,LINEAGE,HMSO01R_A|FIELD_LINEAGE|5a0dbac6ae904f5529ad460639c41b1b383ca8809b93f779bcc31cb0fd08d08b,0.0,0.0,,8.594109722817787e-05,8.594109722817787e-05,1.0,0.0,0.0,,,0.0,0.0,NOT_EVALUABLE_RATIO,EXPLORATORY_CONSUMED_DIAGNOSTIC_ONLY
viscosity_laplacian_acceleration,LINEAGE,HMSO01R_A|FIELD_LINEAGE|5c056a7425c54539d868f52b6ae68a4c578195d4f6b5cb7d636be4eab2c2df8c,0.0,0.0,,8.816149894576993e-05,8.816149894576993e-05,1.0,0.0,0.0,,,0.0,0.0,NOT_EVALUABLE_RATIO,EXPLORATORY_CONSUMED_DIAGNOSTIC_ONLY
viscosity_laplacian_acceleration,LINEAGE,HMSO01R_A|FIELD_LINEAGE|5c07d2280b8a6c46f1c42b9f7878f3f5c5e2174c9419aaf05f2bb6b52ab2f5f6,0.0,0.0,,9.427800804663608e-05,9.427800804663608e-05,1.0,0.0,0.0,,,0.0,0.0,NOT_EVALUABLE_RATIO,EXPLORATORY_CONSUMED_DIAGNOSTIC_ONLY
viscosity_laplacian_acceleration,LINEAGE,HMSO01R_A|FIELD_LINEAGE|5cf76bdd12cdf0612bba343b6cf1b9e46ef0764cc183560f7b16acacca9460f1,0.0,0.0,,7.859332363688443e-05,7.859332363688443e-05,1.0,0.0,0.0,,,0.0,0.0,NOT_EVALUABLE_RATIO,EXPLORATORY_CONSUMED_DIAGNOSTIC_ONLY
viscosity_laplacian_acceleration,LINEAGE,HMSO01R_A|FIELD_LINEAGE|5d84595c43a38b585d7953f18ac50da686f8debb482b1cca6058cffe84d274b6,8.628324731717003e-05,8.610010615109511e-05,0.9978774423567798,0.00011251885571602081,0.00011251885571602081,1.0,0.7668336721707767,0.765206023498832,0.9978774423567799,0.002124813461329186,-1.8314116607491798e-07,0.0,EVALUABLE,EXPLORATORY_CONSUMED_DIAGNOSTIC_ONLY
viscosity_laplacian_acceleration,LINEAGE,HMSO01R_A|FIELD_LINEAGE|5e2623db68536d2f4bee911245429597fdaee9006859890dec92aeaff707fe09,0.00014783430573051418,0.0003306967030831675,2.2369415640642405,0.00016053623766608014,0.00016053623766608014,1.0,0.9208781012920813,2.059950500216816,2.2369415640642405,0.8051095597100408,0.0001828623973526533,0.0,EVALUABLE,EXPLORATORY_CONSUMED_DIAGNOSTIC_ONLY
viscosity_laplacian_acceleration,LINEAGE,HMSO01R_A|FIELD_LINEAGE|61b0a8ee57598b36eed2786a9e3e1cafd7d1e5cb7b5052c92f6d5c1826bc6619,5.190145448116527e-05,3.782344115880975e-05,0.728754936386911,0.000131403533838112,0.000131403533838112,1.0,0.3949776156332858,0.287841887155089,0.728754936386911,0.3164177675676001,-1.4078013322355517e-05,0.0,EVALUABLE,EXPLORATORY_CONSUMED_DIAGNOSTIC_ONLY
viscosity_laplacian_acceleration,LINEAGE,HMSO01R_A|FIELD_LINEAGE|61d4f5ea89fdb94c7fd8a7150c89f5910fdf9e6c5a71383e850b5a750c8fcf55,0.0004747081806326823,0.00018098374977345853,0.38125264564062644,0.0005724152215833449,0.0005724152215833449,1.0,0.8293074026221781,0.3161756412990616,0.3812526456406265,0.9642930116993434,-0.0002937244308592238,0.0,EVALUABLE,EXPLORATORY_CONSUMED_DIAGNOSTIC_ONLY
viscosity_laplacian_acceleration,LINEAGE,HMSO01R_A|FIELD_LINEAGE|6260b45ec31956360cb50305f8ad9fa70be57f53fb24bc0523fc70aeb48f57ae,0.00013967456162428024,0.00021114696307142767,1.511706645905972,0.0001923303714214138,0.0001923303714214138,1.0,0.7262220760663963,1.0978347387932037,1.511706645905972,0.4132392416756033,7.147240144714744e-05,0.0,EVALUABLE,EXPLORATORY_CONSUMED_DIAGNOSTIC_ONLY
viscosity_laplacian_acceleration,LINEAGE,HMSO01R_A|FIELD_LINEAGE|6359faeb0765247f7e12d6c9e8bbc8898fa74fca5c76c863a6009dffddbcb32e,0.0004111953056368321,0.00017357735868360797,0.42212874588824123,0.0002387376344253074,0.0002387376344253074,1.0,1.7223732095137294,0.7270632428835355,0.42212874588824123,0.8624449264318781,-0.0002376179469532241,0.0,EVALUABLE,EXPLORATORY_CONSUMED_DIAGNOSTIC_ONLY
viscosity_laplacian_acceleration,LINEAGE,HMSO01R_A|FIELD_LINEAGE|64cf1977fe8b52c7e0fc1798d4810be4243b09c0886573ce42439c1eaf431667,4.0942799695408894e-10,4.0942799695408894e-10,1.0,0.00013161537941014156,0.00013161537941014156,1.0,3.1107914499735176e-06,3.1107914499735176e-06,1.0,0.0,0.0,0.0,EVALUABLE,EXPLORATORY_CONSUMED_DIAGNOSTIC_ONLY
viscosity_laplacian_acceleration,LINEAGE,HMSO01R_A|FIELD_LINEAGE|66e31e43c39c0807b2398e5067c9aaab318a50b596f04344988d8e71103f4693,3.169889416182864e-05,1.5262646945509493e-05,0.48148830894828365,0.000101129519998153,0.000101129519998153,1.0,0.3134484783711776,0.150921777793351,0.48148830894828376,0.730873328519971,-1.6436247216319146e-05,0.0,EVALUABLE,EXPLORATORY_CONSUMED_DIAGNOSTIC_ONLY
viscosity_laplacian_acceleration,LINEAGE,HMSO01R_A|FIELD_LINEAGE|6918def6b8a6923e67fc2a25f9ee5a59a177f2b6c9bf8dfd922cd28ef3b4c287,0.0001669775207407561,0.0002035823218800221,1.2192199343772592,0.00016450021451100638,0.00016450021451100638,1.0,1.01505959270092,1.237580890001823,1.219219934377259,0.19821125619162738,3.660480113926599e-05,0.0,EVALUABLE,EXPLORATORY_CONSUMED_DIAGNOSTIC_ONLY
viscosity_laplacian_acceleration,LINEAGE,HMSO01R_A|FIELD_LINEAGE|6aba5ce17b9c02240405669069c0b485de9d3ce1714e3e85b0411d61ec7beb5e,5.8359434222146445e-09,3.7803107504859755e-10,0.06477634337742448,0.00010988028463884431,0.00010988028463884431,1.0,5.311183385988019e-05,3.4403903875123195e-06,0.06477634337742448,2.7368148136147132,-5.457912347166047e-09,0.0,EVALUABLE,EXPLORATORY_CONSUMED_DIAGNOSTIC_ONLY
viscosity_laplacian_acceleration,LINEAGE,HMSO01R_A|FIELD_LINEAGE|6ad90de4847db7d34a3540ed573a050180b363be817d3503c19045b1a2f0ed3c,0.00024026819695961376,0.0001316396939717006,0.5478864686940972,0.0001867646060592462,0.0001867646060592462,1.0,1.2864760728989246,0.7048428326400418,0.5478864686940972,0.6016871874134828,-0.00010862850298791317,0.0,EVALUABLE,EXPLORATORY_CONSUMED_DIAGNOSTIC_ONLY
viscosity_laplacian_acceleration,LINEAGE,HMSO01R_A|FIELD_LINEAGE|6af5032f0b166e8e3ff27ce0b5fdfb49cda87c61afe66a4eb6eb807e625daf8a,3.0015707027393747e-05,2.6664585633655076e-05,0.8883544075546753,0.00012815324330118304,0.00012815324330118304,1.0,0.2342173030833989,0.20806797351970666,0.8883544075546753,0.11838450800560694,-3.351121393738671e-06,0.0,EVALUABLE,EXPLORATORY_CONSUMED_DIAGNOSTIC_ONLY
viscosity_laplacian_acceleration,LINEAGE,HMSO01R_A|FIELD_LINEAGE|6d1fc2b84d6da564ae936d907e04365ad5b63a9377b77c1faa05d68a9fe06d3c,0.0,0.0,,0.00013179608189804184,0.00013179608189804184,1.0,0.0,0.0,,,0.0,0.0,NOT_EVALUABLE_RATIO,EXPLORATORY_CONSUMED_DIAGNOSTIC_ONLY
viscosity_laplacian_acceleration,LINEAGE,HMSO01R_A|FIELD_LINEAGE|6d4353b03da9874056ea6f087e4493dcb629a7b8bd4a1eabce0a6b1b20255b6c,0.0009699604519142163,0.00048060199951073014,0.49548618045432924,0.000518990984441249,0.000518990984441249,1.0,1.8689350701505647,0.9260314994260472,0.4954861804543293,0.7022158157032924,-0.0004893584524034862,0.0,EVALUABLE,EXPLORATORY_CONSUMED_DIAGNOSTIC_ONLY
viscosity_laplacian_acceleration,LINEAGE,HMSO01R_A|FIELD_LINEAGE|70dd50135b0ce37b393c6eae858eae2988f95a40a860753345e473ce01dd9d91,0.0,0.0,,0.0001287931438471602,0.0001287931438471602,1.0,0.0,0.0,,,0.0,0.0,NOT_EVALUABLE_RATIO,EXPLORATORY_CONSUMED_DIAGNOSTIC_ONLY
viscosity_laplacian_acceleration,LINEAGE,HMSO01R_A|FIELD_LINEAGE|724fd3a44cb8ec4985e45f721837e7f4eeea1666b35a166345e025918455e304,0.0,0.0,,0.00011345582705923367,0.00011345582705923367,1.0,0.0,0.0,,,0.0,0.0,NOT_EVALUABLE_RATIO,EXPLORATORY_CONSUMED_DIAGNOSTIC_ONLY
viscosity_laplacian_acceleration,LINEAGE,HMSO01R_A|FIELD_LINEAGE|72bbc35959df916eca72e8fb7e723c361c09592753187c3754f344aae218c230,0.0,0.0,,0.00010110019370299556,0.00010110019370299556,1.0,0.0,0.0,,,0.0,0.0,NOT_EVALUABLE_RATIO,EXPLORATORY_CONSUMED_DIAGNOSTIC_ONLY
viscosity_laplacian_acceleration,LINEAGE,HMSO01R_A|FIELD_LINEAGE|73f5ee97e40c47c1aa5579bcf72cf190dfaf3aad2886cc887f3295530388016c,0.0,0.0,,7.676535130824388e-05,7.676535130824388e-05,1.0,0.0,0.0,,,0.0,0.0,NOT_EVALUABLE_RATIO,EXPLORATORY_CONSUMED_DIAGNOSTIC_ONLY
viscosity_laplacian_acceleration,LINEAGE,HMSO01R_A|FIELD_LINEAGE|75819144781d043ebbeb8c2d3fbfa9139c47542df53315ab71a80a7addb49109,0.0,0.0,,0.00013625339337021655,0.00013625339337021655,1.0,0.0,0.0,,,0.0,0.0,NOT_EVALUABLE_RATIO,EXPLORATORY_CONSUMED_DIAGNOSTIC_ONLY
viscosity_laplacian_acceleration,LINEAGE,HMSO01R_A|FIELD_LINEAGE|7583af7a3fd0bfbef70db28fd30d8a1112bd000451f8c0ebdcd0eabb3acf22a1,0.0007892126349147535,0.0009683065957162853,1.2269273867122976,0.00045141993338845116,0.00045141993338845116,1.0,1.7482892901754707,2.1450240100120883,1.2269273867122978,0.20451298444401692,0.00017909396080153172,0.0,EVALUABLE,EXPLORATORY_CONSUMED_DIAGNOSTIC_ONLY
viscosity_laplacian_acceleration,LINEAGE,HMSO01R_A|FIELD_LINEAGE|788bb18808dd1be8d0fa3d7caafb9ed17441fce457a419d2bbaf861831d83a81,1.4377192874457187e-05,1.8532731960287498e-05,1.289036887945847,0.00016180702059474968,0.00016180702059474968,1.0,0.0888539497335241,0.11453601884619863,1.289036887945847,0.25389534103853734,4.1555390858303105e-06,0.0,EVALUABLE,EXPLORATORY_CONSUMED_DIAGNOSTIC_ONLY
viscosity_laplacian_acceleration,LINEAGE,HMSO01R_A|FIELD_LINEAGE|7a0ba19f2cf324db5922acc61291c51f82b574717f73f269f12eae7bcc99ab35,0.0,0.0,,0.00010607373553193027,0.00010607373553193027,1.0,0.0,0.0,,,0.0,0.0,NOT_EVALUABLE_RATIO,EXPLORATORY_CONSUMED_DIAGNOSTIC_ONLY
viscosity_laplacian_acceleration,LINEAGE,HMSO01R_A|FIELD_LINEAGE|7a40ff07646995058d8981271562dfa4f2cc77b96f79dba59c7ae90f96586134,0.00040330858681008485,0.0008186643846869703,2.0298709510801305,0.00039304773200182384,0.00039304773200182384,1.0,1.02610587461223,2.0828625076080365,2.0298709510801305,0.7079722201364934,0.00041535579787688545,0.0,EVALUABLE,EXPLORATORY_CONSUMED_DIAGNOSTIC_ONLY
viscosity_laplacian_acceleration,LINEAGE,HMSO01R_A|FIELD_LINEAGE|7a536ab09e10cdf42c9afdd1f0f02ad4a5141ab50a8f50eb0b247ee08a4c67c0,0.00029508150135233973,3.1831380302690016e-05,0.10787318133061147,0.00012315658734179542,0.00012315658734179542,1.0,2.3959863432509914,0.25846266927118283,0.10787318133061145,2.226798988764818,-0.0002632501210496497,0.0,EVALUABLE,EXPLORATORY_CONSUMED_DIAGNOSTIC_ONLY
viscosity_laplacian_acceleration,LINEAGE,HMSO01R_A|FIELD_LINEAGE|7b060c06cca73ad49fc21e32e1688bcbe34e5745a78029b452cbacf697a204be,0.0,0.0,,0.00013967367316919816,0.00013967367316919816,1.0,0.0,0.0,,,0.0,0.0,NOT_EVALUABLE_RATIO,EXPLORATORY_CONSUMED_DIAGNOSTIC_ONLY
viscosity_laplacian_acceleration,LINEAGE,HMSO01R_A|FIELD_LINEAGE|7be8c21ecd7eaebf293b54b94f1920e19f00da5d0e416aaa8f7c69137970c399,0.0005349762622560855,0.0004740606835457084,0.8861340530260431,0.0002906542972597972,0.0002906542972597972,1.0,1.8405929907098695,1.6310121268290627,0.8861340530260431,0.12088703843816026,-6.091557871037707e-05,0.0,EVALUABLE,EXPLORATORY_CONSUMED_DIAGNOSTIC_ONLY
viscosity_laplacian_acceleration,LINEAGE,HMSO01R_A|FIELD_LINEAGE|7c009b8ab0dfadca9095462a890aab36eac46b48a3c131f7a908a8d37a21f707,3.54363859588166e-05,2.5483159818190738e-05,0.7191241185770669,7.217776290184053e-05,7.217776290184053e-05,1.0,0.4909598820208512,0.3530610924149454,0.7191241185770668,0.32972130948750034,-9.953226140625863e-06,0.0,EVALUABLE,EXPLORATORY_CONSUMED_DIAGNOSTIC_ONLY
viscosity_laplacian_acceleration,LINEAGE,HMSO01R_A|FIELD_LINEAGE|7cb12f064a9c8069fd15f2a86fa0ddd017328ca5cc4b0fc515bbfbdd4c6e6858,0.0003933140293988815,0.00030186076291914007,0.7674802838344889,0.00023700801317423243,0.00023700801317423243,1.0,1.6594967576465163,1.273631042580962,0.7674802838344887,0.26464248866574636,-9.145326647974145e-05,0.0,EVALUABLE,EXPLORATORY_CONSUMED_DIAGNOSTIC_ONLY
viscosity_laplacian_acceleration,LINEAGE,HMSO01R_A|FIELD_LINEAGE|7f5e5896e83ee81bc858adc8fff5befe2b2c76e1183ff21435261a6621560b2c,0.0,0.0,,0.00010481815637954954,0.00010481815637954954,1.0,0.0,0.0,,,0.0,0.0,NOT_EVALUABLE_RATIO,EXPLORATORY_CONSUMED_DIAGNOSTIC_ONLY
viscosity_laplacian_acceleration,LINEAGE,HMSO01R_A|FIELD_LINEAGE|7fcdfe3b32b571e4d4b1a4e7c1702d5dffaf41926d62628c6a434d692409d901,7.319750426372147e-07,4.57753643395386e-07,0.6253678291354808,9.386088218595951e-05,9.386088218595951e-05,1.0,0.007798510152365791,0.004876937364476003,0.6253678291354808,0.4694152757428375,-2.7422139924182867e-07,0.0,EVALUABLE,EXPLORATORY_CONSUMED_DIAGNOSTIC_ONLY
viscosity_laplacian_acceleration,LINEAGE,HMSO01R_A|FIELD_LINEAGE|7fd6bba4cc2991027e04cc510555a1b3e651423143c79ecd367c197fbfdf8786,0.00017517746888188785,0.00017104427004531074,0.9764056481523666,0.00021015206337562275,0.00021015206337562275,1.0,0.8335748222884597,0.8139071646400573,0.9764056481523666,0.02387715580947057,-4.133198836577109e-06,0.0,EVALUABLE,EXPLORATORY_CONSUMED_DIAGNOSTIC_ONLY
viscosity_laplacian_acceleration,LINEAGE,HMSO01R_A|FIELD_LINEAGE|7fd9257249644666dfcbc65ef0f9aa8090d87f1c93f77579cc137a1fc016a884,0.00021676141199971098,8.592707761813216e-05,0.3964131660954798,0.00011925805290568315,0.00011925805290568315,1.0,1.8175830203360748,0.7205138397328082,0.3964131660954798,0.9252982629116872,-0.00013083433438157882,0.0,EVALUABLE,EXPLORATORY_CONSUMED_DIAGNOSTIC_ONLY
viscosity_laplacian_acceleration,LINEAGE,HMSO01R_A|FIELD_LINEAGE|81c7292472bf739bf28836ff17c69dda49199278b75cd9c66130df6be7c143fb,0.0,0.0,,0.00011972289327378197,0.00011972289327378197,1.0,0.0,0.0,,,0.0,0.0,NOT_EVALUABLE_RATIO,EXPLORATORY_CONSUMED_DIAGNOSTIC_ONLY
viscosity_laplacian_acceleration,LINEAGE,HMSO01R_A|FIELD_LINEAGE|8319212c9598ce2f7cd195e20de66435ffdb6ab6aeedf4d663d53cb3966ebc0a,0.0009452889804823682,9.567213993458515e-05,0.1012094099370173,0.00011211760787690822,0.00011211760787690822,1.0,8.431226801772144,0.8533194896525242,0.1012094099370173,2.290563542884111,-0.000849616840547783,0.0,EVALUABLE,EXPLORATORY_CONSUMED_DIAGNOSTIC_ONLY
viscosity_laplacian_acceleration,LINEAGE,HMSO01R_A|FIELD_LINEAGE|83c68f311cba3e93368aeeec1e81f7eebc2d9d8bfb68a0ba32cbc3fe731f6155,4.226109310117912e-05,0.00017762268455460788,4.202983678849804,0.00020905269649588092,0.00020905269649588092,1.0,0.2021552164098099,0.8496550751647811,4.202983678849804,1.4357946728010225,0.00013536159145342876,0.0,EVALUABLE,EXPLORATORY_CONSUMED_DIAGNOSTIC_ONLY
viscosity_laplacian_acceleration,LINEAGE,HMSO01R_A|FIELD_LINEAGE|8573999ac09da70da8d1802997d1dd1b2879d7ff239af35fb1a185a39cc1f420,0.0002872188615734476,0.0003369854267876615,1.173270532936388,0.00025233624151999994,0.00025233624151999994,1.0,1.1382386447674933,1.3354618613551488,1.173270532936388,0.1597951764439072,4.976656521421389e-05,0.0,EVALUABLE,EXPLORATORY_CONSUMED_DIAGNOSTIC_ONLY
viscosity_laplacian_acceleration,LINEAGE,HMSO01R_A|FIELD_LINEAGE|86c895c14384dc9ce73736790948d3516d7de8be96dc834ec48d9a651e6b8e5e,9.680980736198895e-05,7.475349076265508e-05,0.7721685725820999,0.00014834164813980774,0.00014834164813980774,1.0,0.6526138045247313,0.5039278698872353,0.7721685725820998,0.25855239452708856,-2.2056316599333874e-05,0.0,EVALUABLE,EXPLORATORY_CONSUMED_DIAGNOSTIC_ONLY
viscosity_laplacian_acceleration,LINEAGE,HMSO01R_A|FIELD_LINEAGE|86f4c153dee170c8ee8f47b2eb988fa25bcda8c9a7b6fd68a3d7256dc3af0a1f,0.0,0.0,,0.0001182746201523246,0.0001182746201523246,1.0,0.0,0.0,,,0.0,0.0,NOT_EVALUABLE_RATIO,EXPLORATORY_CONSUMED_DIAGNOSTIC_ONLY
viscosity_laplacian_acceleration,LINEAGE,HMSO01R_A|FIELD_LINEAGE|87172e4156e9f066a6ea7ab3304062c939784ea4bd0f5f1cf466bbc2d6008cc6,0.0,0.0,,0.00013552369756601062,0.00013552369756601062,1.0,0.0,0.0,,,0.0,0.0,NOT_EVALUABLE_RATIO,EXPLORATORY_CONSUMED_DIAGNOSTIC_ONLY
viscosity_laplacian_acceleration,LINEAGE,HMSO01R_A|FIELD_LINEAGE|8788043b5775de130eade6a54c5654805d8ed31cc68fcfa8928c3b7150abef48,0.00017723934853925864,1.702950630093487e-05,0.09608197300027212,0.0006136558368959994,0.0006136558368959994,1.0,0.2888253282748399,0.0277509073930979,0.09608197300027212,2.3425535664475587,-0.00016020984223832376,0.0,EVALUABLE,EXPLORATORY_CONSUMED_DIAGNOSTIC_ONLY
viscosity_laplacian_acceleration,LINEAGE,HMSO01R_A|FIELD_LINEAGE|88fd5f86ca9cc426c28ce681d06ea15f58c6c7889170fcda146bde128f6121e4,0.0,0.0,,8.147889220487275e-05,8.147889220487275e-05,1.0,0.0,0.0,,,0.0,0.0,NOT_EVALUABLE_RATIO,EXPLORATORY_CONSUMED_DIAGNOSTIC_ONLY
viscosity_laplacian_acceleration,LINEAGE,HMSO01R_A|FIELD_LINEAGE|8a6dd2252f8c5f8f08c3ba5ae9cf89d97575348634ba471a1a84e7de612ac6f3,0.0004103894394580249,0.00042583361917685885,1.0376329852425785,0.00033900178500301617,0.00033900178500301617,1.0,1.210581942671404,1.256139755054889,1.0376329852425785,0.03694214345561189,1.5444179718833927e-05,0.0,EVALUABLE,EXPLORATORY_CONSUMED_DIAGNOSTIC_ONLY
viscosity_laplacian_acceleration,LINEAGE,HMSO01R_A|FIELD_LINEAGE|8af782533dccfef4a682f44ff365b7014ae448a56bd62c92877bbd37640adb31,8.282670576677979e-05,0.00010167843009390548,1.227604420006847,0.00012647591012805492,0.00012647591012805492,1.0,0.6548812788373614,0.8039351524804812,1.227604420006847,0.20506464428388219,1.885172432712569e-05,0.0,EVALUABLE,EXPLORATORY_CONSUMED_DIAGNOSTIC_ONLY
viscosity_laplacian_acceleration,LINEAGE,HMSO01R_A|FIELD_LINEAGE|8d1e4918227588e163eea87a946c88983d6e03486114766be90d0602757fb4c2,0.00017927320703832624,4.0663250988131334e-05,0.22682280113077952,0.00013154790687691341,0.00013154790687691341,1.0,1.3627978680502182,0.30911362980620494,0.22682280113077952,1.4835861780954231,-0.0001386099560501949,0.0,EVALUABLE,EXPLORATORY_CONSUMED_DIAGNOSTIC_ONLY
viscosity_laplacian_acceleration,LINEAGE,HMSO01R_A|FIELD_LINEAGE|8e3408f57249bc00fdafb475f758686e9ee7a95dad97ecf63f9b3a27f383de5d,0.000354299630111404,0.0005962169486088736,1.6828043213632555,0.0003330121387347834,0.0003330121387347834,1.0,1.063924070328182,1.7903760231506487,1.6828043213632553,0.5204616406910311,0.00024191731849746963,0.0,EVALUABLE,EXPLORATORY_CONSUMED_DIAGNOSTIC_ONLY
viscosity_laplacian_acceleration,LINEAGE,HMSO01R_A|FIELD_LINEAGE|8e40e60ae6de8d393e4f96f7c0cdfd3570298138a8d1d44c6db1dc858b71a31e,0.0,0.0,,0.00012443059928069725,0.00012443059928069725,1.0,0.0,0.0,,,0.0,0.0,NOT_EVALUABLE_RATIO,EXPLORATORY_CONSUMED_DIAGNOSTIC_ONLY
viscosity_laplacian_acceleration,LINEAGE,HMSO01R_A|FIELD_LINEAGE|8fbd2d8c6238dbc0e3f8ebbea9ee429eb1cbd0b7ebf5580cffb8e79372f4cf04,0.0,0.0,,0.00011496481436927142,0.00011496481436927142,1.0,0.0,0.0,,,0.0,0.0,NOT_EVALUABLE_RATIO,EXPLORATORY_CONSUMED_DIAGNOSTIC_ONLY
viscosity_laplacian_acceleration,LINEAGE,HMSO01R_A|FIELD_LINEAGE|9035657b1a9729d4b57919992bee8d9ea960c2a587c8d3877d9c920d8fa2a77c,0.0,0.0,,0.0001129606995458721,0.0001129606995458721,1.0,0.0,0.0,,,0.0,0.0,NOT_EVALUABLE_RATIO,EXPLORATORY_CONSUMED_DIAGNOSTIC_ONLY
viscosity_laplacian_acceleration,LINEAGE,HMSO01R_A|FIELD_LINEAGE|9239a350bed02b809dafe66125991e7de2c0c1c20b38f7689dc19527329619d6,6.22059999641595e-06,4.763597812251239e-06,0.7657778694974481,0.00010891666176447742,0.00010891666176447742,1.0,0.05711339197915782,0.043736171629572114,0.7657778694974481,0.26686313889732327,-1.4570021841647107e-06,0.0,EVALUABLE,EXPLORATORY_CONSUMED_DIAGNOSTIC_ONLY
viscosity_laplacian_acceleration,LINEAGE,HMSO01R_A|FIELD_LINEAGE|9415b727187c332c72260d653b657bcbe590635140818a0978bae1e8dcd4568b,0.0,0.0,,0.000116667519980033,0.000116667519980033,1.0,0.0,0.0,,,0.0,0.0,NOT_EVALUABLE_RATIO,EXPLORATORY_CONSUMED_DIAGNOSTIC_ONLY
viscosity_laplacian_acceleration,LINEAGE,HMSO01R_A|FIELD_LINEAGE|95873981d02cb2a4e333122aa57c7927c33fccc49c0b93590a6b549f6bec57f1,0.0,0.0,,0.00012128959330898768,0.00012128959330898768,1.0,0.0,0.0,,,0.0,0.0,NOT_EVALUABLE_RATIO,EXPLORATORY_CONSUMED_DIAGNOSTIC_ONLY
viscosity_laplacian_acceleration,LINEAGE,HMSO01R_A|FIELD_LINEAGE|970bbd18dffee12c05308155c993436bfc58e77384e4967420f4e2e03156c88b,0.0,0.0,,0.00011369837451619758,0.00011369837451619758,1.0,0.0,0.0,,,0.0,0.0,NOT_EVALUABLE_RATIO,EXPLORATORY_CONSUMED_DIAGNOSTIC_ONLY
viscosity_laplacian_acceleration,LINEAGE,HMSO01R_A|FIELD_LINEAGE|97c8122849aa3cb13b599389c011f78352d49decd5677988d0a2a6da7c39f700,2.715933727890798e-08,3.842202226484304e-09,0.14146892418719542,0.00010503549182991882,0.00010503549182991882,1.0,0.0002585729528727906,3.658003746682007e-05,0.14146892418719545,1.9556752030698232,-2.331713505242368e-08,0.0,EVALUABLE,EXPLORATORY_CONSUMED_DIAGNOSTIC_ONLY
viscosity_laplacian_acceleration,LINEAGE,HMSO01R_A|FIELD_LINEAGE|97fbdfbd64658c72d9a31f61eea2acf4543cf9ba5532a2ed052d1358412ef553,1.0055558970459225e-06,1.0055558970459225e-06,1.0,0.00010384975519787091,0.00010384975519787091,1.0,0.009682795064176887,0.009682795064176887,1.0,0.0,0.0,0.0,EVALUABLE,EXPLORATORY_CONSUMED_DIAGNOSTIC_ONLY
viscosity_laplacian_acceleration,LINEAGE,HMSO01R_A|FIELD_LINEAGE|98ef721075a1ebd7c92edcbcf7747aac6c3d77c4f9c29f15e5d83577ad6d7f6b,0.00015267838013757046,0.00014990175480539627,0.9818138931676357,0.00030285302972356444,0.00030285302972356444,1.0,0.5041335735585373,0.4949653465320202,0.9818138931676358,0.01835350674773728,-2.776625332174187e-06,0.0,EVALUABLE,EXPLORATORY_CONSUMED_DIAGNOSTIC_ONLY
viscosity_laplacian_acceleration,LINEAGE,HMSO01R_A|FIELD_LINEAGE|99c13161db8958c19a30a96b96a6940cece539d1c84e808e21dfa37710ec6894,5.958834659780517e-05,5.4067335396563735e-05,0.9073474678110167,9.354698292342978e-05,9.354698292342978e-05,1.0,0.6369884387033573,0.5779698468823843,0.9073474678110167,0.0972298065171703,-5.521011201241435e-06,0.0,EVALUABLE,EXPLORATORY_CONSUMED_DIAGNOSTIC_ONLY
viscosity_laplacian_acceleration,LINEAGE,HMSO01R_A|FIELD_LINEAGE|9a24c02f87d28fecb69b79ddff22c8eb176badf445e6b5b8234aa2a46b73c349,4.328758200665524e-05,3.5517638277371094e-05,0.8205040944978271,0.00015763902119844152,0.00015763902119844152,1.0,0.2745994086842452,0.2253099391721054,0.8205040944978272,0.19783637821724329,-7.769943729284145e-06,0.0,EVALUABLE,EXPLORATORY_CONSUMED_DIAGNOSTIC_ONLY
viscosity_laplacian_acceleration,LINEAGE,HMSO01R_A|FIELD_LINEAGE|9aaa52aa8afb4f9adfe0d0e7ddb5e3e8101852fdd6ef0a635cf3875b473d16a7,4.8933405528846113e-05,1.1020978836589494e-07,0.002252240308533739,0.00015621119800667324,0.00015621119800667324,1.0,0.313251586014696,0.0007055178487344221,0.0022522403085337393,6.095829865457306,-4.882319574048022e-05,0.0,EVALUABLE,EXPLORATORY_CONSUMED_DIAGNOSTIC_ONLY
viscosity_laplacian_acceleration,LINEAGE,HMSO01R_A|FIELD_LINEAGE|9c004dbe18905f4181f1a701e81649fc67e98b969674994e8f64827f6fb4c765,0.00012075026786522118,6.758710712937807e-05,0.5597263536079052,0.00013123648961935934,0.00013123648961935934,1.0,0.9200967521719563,0.5150024000596856,0.5597263536079052,0.5803072689549469,-5.316316073584311e-05,0.0,EVALUABLE,EXPLORATORY_CONSUMED_DIAGNOSTIC_ONLY
viscosity_laplacian_acceleration,LINEAGE,HMSO01R_A|FIELD_LINEAGE|9c5f7b50a01e8dafcf4be2d7df61fd0da86b2229fe32286852ed3ad88cce82f1,0.00022292876816325314,0.0003029098543195314,1.358774180718153,0.00018199969080185177,0.00018199969080185177,1.0,1.2248854225030636,1.6643426864352089,1.3587741807181528,0.30658295559163873,7.998108615627823e-05,0.0,EVALUABLE,EXPLORATORY_CONSUMED_DIAGNOSTIC_ONLY
viscosity_laplacian_acceleration,LINEAGE,HMSO01R_A|FIELD_LINEAGE|9f471cc2328d66ccf0ca43f62bf5e261a867f85eeac6edc5a472072ca388bff6,0.0,0.0,,9.841937811730782e-05,9.841937811730782e-05,1.0,0.0,0.0,,,0.0,0.0,NOT_EVALUABLE_RATIO,EXPLORATORY_CONSUMED_DIAGNOSTIC_ONLY
viscosity_laplacian_acceleration,LINEAGE,HMSO01R_A|FIELD_LINEAGE|9ff02fac76e3803bb8391cba4035dfa7a72d5220975092d818302f10f07c08e9,0.0,0.0,,9.148606014067962e-05,9.148606014067962e-05,1.0,0.0,0.0,,,0.0,0.0,NOT_EVALUABLE_RATIO,EXPLORATORY_CONSUMED_DIAGNOSTIC_ONLY
viscosity_laplacian_acceleration,LINEAGE,HMSO01R_A|FIELD_LINEAGE|a1c0a919ad122615714cbb9f6b50981061d4f68fe06b618c4cd2688f52f12391,0.0,0.0,,0.00010042573305458897,0.00010042573305458897,1.0,0.0,0.0,,,0.0,0.0,NOT_EVALUABLE_RATIO,EXPLORATORY_CONSUMED_DIAGNOSTIC_ONLY
viscosity_laplacian_acceleration,LINEAGE,HMSO01R_A|FIELD_LINEAGE|a2187a6938903010b61ee85d06f597d4029728ee0de5541c03daf2ed126b189e,0.0,0.0,,0.00011552106187372516,0.00011552106187372516,1.0,0.0,0.0,,,0.0,0.0,NOT_EVALUABLE_RATIO,EXPLORATORY_CONSUMED_DIAGNOSTIC_ONLY
viscosity_laplacian_acceleration,LINEAGE,HMSO01R_A|FIELD_LINEAGE|a2bcc80ca3b9ebb8f54401e7b09de472e9adbce971c85048bd40ce15be44ea6a,0.0007602735451673789,0.0007013685149707356,0.9225212680737497,0.0005834402489658888,0.0005834402489658888,1.0,1.3030872424638444,1.2021256953284716,0.9225212680737498,0.08064484851072026,-5.89050301966433e-05,0.0,EVALUABLE,EXPLORATORY_CONSUMED_DIAGNOSTIC_ONLY
viscosity_laplacian_acceleration,LINEAGE,HMSO01R_A|FIELD_LINEAGE|a3f750d8c1551c6ecf78f876fab114a3481105b16656dddc657ee8cfb50fd48b,7.143904937709846e-06,7.143904937709846e-06,1.0,0.00010599230857723775,0.00010599230857723775,1.0,0.06740022020092151,0.06740022020092151,1.0,0.0,0.0,0.0,EVALUABLE,EXPLORATORY_CONSUMED_DIAGNOSTIC_ONLY
viscosity_laplacian_acceleration,LINEAGE,HMSO01R_A|FIELD_LINEAGE|a594f1a43c118c7761d223f6f34e42847c31c67fc6b06838b968dcc65b6c3356,3.176738945948057e-05,2.4408467194559152e-06,0.07683497954936538,0.00024151030985436657,0.00024151030985436657,1.0,0.13153636993235057,0.010106594293749915,0.07683497954936537,2.5660952796378833,-2.9326542740024655e-05,0.0,EVALUABLE,EXPLORATORY_CONSUMED_DIAGNOSTIC_ONLY
viscosity_laplacian_acceleration,LINEAGE,HMSO01R_A|FIELD_LINEAGE|a7458b96c9ce1c60bf3ea9d352424b7dd251e22480db263be2c5716c65dc6939,0.0,0.0,,0.00012478038034093543,0.00012478038034093543,1.0,0.0,0.0,,,0.0,0.0,NOT_EVALUABLE_RATIO,EXPLORATORY_CONSUMED_DIAGNOSTIC_ONLY
viscosity_laplacian_acceleration,LINEAGE,HMSO01R_A|FIELD_LINEAGE|a97cf87a717a68b745e28078c021ba65c881711a1cd171188bc4affd3a1b5795,0.0,0.0,,7.055021166301325e-05,7.055021166301325e-05,1.0,0.0,0.0,,,0.0,0.0,NOT_EVALUABLE_RATIO,EXPLORATORY_CONSUMED_DIAGNOSTIC_ONLY
viscosity_laplacian_acceleration,LINEAGE,HMSO01R_A|FIELD_LINEAGE|ad302a05132d9f111349ae57a7badd9ffd336cce6f517d6dda76a6f130659828,0.0,0.0,,0.00014416578427413625,0.00014416578427413625,1.0,0.0,0.0,,,0.0,0.0,NOT_EVALUABLE_RATIO,EXPLORATORY_CONSUMED_DIAGNOSTIC_ONLY
viscosity_laplacian_acceleration,LINEAGE,HMSO01R_A|FIELD_LINEAGE|adcf8aaea780832e88b7b6b779fb3ef2ecab338dd7379ac8654e7aabdcee4b4f,0.0,0.0,,7.934366429247013e-05,7.934366429247013e-05,1.0,0.0,0.0,,,0.0,0.0,NOT_EVALUABLE_RATIO,EXPLORATORY_CONSUMED_DIAGNOSTIC_ONLY
viscosity_laplacian_acceleration,LINEAGE,HMSO01R_A|FIELD_LINEAGE|b0c6a47a41827791b3e03b32c3cfc7642f7c46055e5fbdc618a902dd60890cc0,2.2807117248584848e-05,2.2807117248584848e-05,1.0,0.00012305379210012356,0.00012305379210012356,1.0,0.18534266079364448,0.18534266079364448,1.0,0.0,0.0,0.0,EVALUABLE,EXPLORATORY_CONSUMED_DIAGNOSTIC_ONLY
viscosity_laplacian_acceleration,LINEAGE,HMSO01R_A|FIELD_LINEAGE|b1b50b97bc0f473e266ef9eb8a1e2e2edee23dadabeb0645af363d822d4db947,1.4292585144723353e-06,0.0,0.0,0.0001035004169152971,0.0001035004169152971,1.0,0.01380920538360744,0.0,0.0,,-1.4292585144723353e-06,0.0,NOT_EVALUABLE_RATIO,EXPLORATORY_CONSUMED_DIAGNOSTIC_ONLY
viscosity_laplacian_acceleration,LINEAGE,HMSO01R_A|FIELD_LINEAGE|b1c696b82fff7183ba4fc0ae8ce4363fcd56ada1cc6ffa171713dda9524816e8,0.0006845978784472092,0.000702949999843125,1.0268071549353055,0.0006452234445386083,0.0006452234445386083,1.0,1.0610244935175241,1.0894675415054025,1.0268071549353055,0.026454138178441153,1.8352121395915797e-05,0.0,EVALUABLE,EXPLORATORY_CONSUMED_DIAGNOSTIC_ONLY
viscosity_laplacian_acceleration,LINEAGE,HMSO01R_A|FIELD_LINEAGE|b2211d9018dde472457c7d9570d8b744ae480cbc84526fced16d30cb565fdb61,0.0,0.0,,0.00012088505420945885,0.00012088505420945885,1.0,0.0,0.0,,,0.0,0.0,NOT_EVALUABLE_RATIO,EXPLORATORY_CONSUMED_DIAGNOSTIC_ONLY
viscosity_laplacian_acceleration,LINEAGE,HMSO01R_A|FIELD_LINEAGE|b31d5c3484f2394d06a11f5ae52600d61d7c303637147b70dbb1edd7e25e93c9,0.0,0.0,,0.00015112164449481818,0.00015112164449481818,1.0,0.0,0.0,,,0.0,0.0,NOT_EVALUABLE_RATIO,EXPLORATORY_CONSUMED_DIAGNOSTIC_ONLY
viscosity_laplacian_acceleration,LINEAGE,HMSO01R_A|FIELD_LINEAGE|b40ef25bd445f58063f7eecbd118e28fcd5b9c8ea0b1803b18c885057e29107f,0.00012254025216789797,0.0006865562008740931,5.602699429191734,0.0001097344208259321,0.0001097344208259321,1.0,1.1166984000606275,6.256525488599,5.602699429191734,1.723248522523794,0.0005640159487061952,0.0,EVALUABLE,EXPLORATORY_CONSUMED_DIAGNOSTIC_ONLY
viscosity_laplacian_acceleration,LINEAGE,HMSO01R_A|FIELD_LINEAGE|b49a6f081c09f4e4bff79a7f0fc0a282131ed3252c520eb6637fbf7ad615c6bd,0.00022159667693569116,1.917268209455243e-06,0.008652062097536089,0.0001754083174581188,0.0001754083174581188,1.0,1.2633190953935265,0.010930315262347908,0.008652062097536089,4.749957593670654,-0.00021967940872623593,0.0,EVALUABLE,EXPLORATORY_CONSUMED_DIAGNOSTIC_ONLY
viscosity_laplacian_acceleration,LINEAGE,HMSO01R_A|FIELD_LINEAGE|b7c6344fafcff3e1128b30252e587c19386316434538ac595af9870864bff2e9,1.1735721983851155e-08,9.118162478561987e-08,7.769579486553073,6.82044420020652e-05,6.82044420020652e-05,1.0,0.0001720668278980393,0.0013368868963528641,7.769579486553073,2.050216042780269,7.944590280176872e-08,0.0,EVALUABLE,EXPLORATORY_CONSUMED_DIAGNOSTIC_ONLY
viscosity_laplacian_acceleration,LINEAGE,HMSO01R_A|FIELD_LINEAGE|b914e9e8b47652c007a545bd9a5f60dbdaba2b957df3f42cdec4c8edb98e6d53,0.0,0.0,,0.00013219236300104716,0.00013219236300104716,1.0,0.0,0.0,,,0.0,0.0,NOT_EVALUABLE_RATIO,EXPLORATORY_CONSUMED_DIAGNOSTIC_ONLY
viscosity_laplacian_acceleration,LINEAGE,HMSO01R_A|FIELD_LINEAGE|bb92dd92e9632ccd3901d1e2e79aab63ab0910a576b08c41f27a140edcf99b56,0.0,0.0,,0.0001512768210383907,0.0001512768210383907,1.0,0.0,0.0,,,0.0,0.0,NOT_EVALUABLE_RATIO,EXPLORATORY_CONSUMED_DIAGNOSTIC_ONLY
viscosity_laplacian_acceleration,LINEAGE,HMSO01R_A|FIELD_LINEAGE|bd0a319ae5e310c35bfeaafdbd8220147f595c77c4d665773530796c1f3b9b59,1.8567216839544245e-05,4.461377756375087e-05,2.4028252564343924,0.00012941098363612779,0.00012941098363612779,1.0,0.1434748142534079,0.3447449073503217,2.4028252564343924,0.8766452351898303,2.6046560724206624e-05,0.0,EVALUABLE,EXPLORATORY_CONSUMED_DIAGNOSTIC_ONLY
viscosity_laplacian_acceleration,LINEAGE,HMSO01R_A|FIELD_LINEAGE|be9a8927a3f7361841f3e523395e00d4ebcd734040aebfe38006ae7fda2437fd,0.0,0.0,,8.849234303639991e-05,8.849234303639991e-05,1.0,0.0,0.0,,,0.0,0.0,NOT_EVALUABLE_RATIO,EXPLORATORY_CONSUMED_DIAGNOSTIC_ONLY
viscosity_laplacian_acceleration,LINEAGE,HMSO01R_A|FIELD_LINEAGE|bf32023450080971c5fdfb56d7a260838d7b8e02917a4118c4ed0b4a49c6c14a,5.749201709351977e-05,0.00011044686796820235,1.9210818049494285,0.0001575267393905475,0.0001575267393905475,1.0,0.36496671813274145,0.7011309216169163,1.9210818049494285,0.6528884674447558,5.295485087468258e-05,0.0,EVALUABLE,EXPLORATORY_CONSUMED_DIAGNOSTIC_ONLY
viscosity_laplacian_acceleration,LINEAGE,HMSO01R_A|FIELD_LINEAGE|c26b5ad7fee192c3863a9362bb1782ac10409a155024388ef9dea9120f9c3662,9.737610102625909e-05,6.504085693698496e-05,0.6679344957490709,7.800906650703666e-05,7.800906650703666e-05,1.0,1.2482664565339399,0.8337602262054766,0.6679344957490709,0.4035651705095944,-3.233524408927414e-05,0.0,EVALUABLE,EXPLORATORY_CONSUMED_DIAGNOSTIC_ONLY
viscosity_laplacian_acceleration,LINEAGE,HMSO01R_A|FIELD_LINEAGE|c2759d4a0108475d88af3dd58a918080f77e42a77ac5a686ce9a650a1d522183,0.00033862504003829533,7.340567080339756e-05,0.21677567257015626,0.0009575019427375056,0.0009575019427375056,1.0,0.35365467674160916,0.07666373040824354,0.21677567257015629,1.5288922271050833,-0.0002652193692348978,0.0,EVALUABLE,EXPLORATORY_CONSUMED_DIAGNOSTIC_ONLY
viscosity_laplacian_acceleration,LINEAGE,HMSO01R_A|FIELD_LINEAGE|c34a55057cd1e579919fb09acb5db221d75ae96164f74060b78863318f65371c,0.000239294445126321,0.0004217993910858235,1.7626794088895799,0.0003981133565835029,0.0003981133565835029,1.0,0.6010711300416514,1.0594957042024098,1.7626794088895799,0.5668350428015801,0.0001825049459595025,0.0,EVALUABLE,EXPLORATORY_CONSUMED_DIAGNOSTIC_ONLY
viscosity_laplacian_acceleration,LINEAGE,HMSO01R_A|FIELD_LINEAGE|c3a574c6618599692f4195c9d1a59189286c1fc26ae852d26723565b0428d983,0.0,0.0,,8.23332989992918e-05,8.23332989992918e-05,1.0,0.0,0.0,,,0.0,0.0,NOT_EVALUABLE_RATIO,EXPLORATORY_CONSUMED_DIAGNOSTIC_ONLY
viscosity_laplacian_acceleration,LINEAGE,HMSO01R_A|FIELD_LINEAGE|c54c1448df9c13b6658cb41b2c187b93be0f6db94293a7911953a6e90d602764,0.0007598655897019371,0.0004273502838876686,0.5624024691726071,0.0009612399887395152,0.0009612399887395152,1.0,0.7905055954843883,0.4445822987951821,0.5624024691726071,0.5755375480746102,-0.0003325153058142685,0.0,EVALUABLE,EXPLORATORY_CONSUMED_DIAGNOSTIC_ONLY
viscosity_laplacian_acceleration,LINEAGE,HMSO01R_A|FIELD_LINEAGE|c7100ae9429166735b2d4f6243a22cf5abc14cffba49fce96d94ed19a12387d6,0.0,0.0,,0.00012038837098300973,0.00012038837098300973,1.0,0.0,0.0,,,0.0,0.0,NOT_EVALUABLE_RATIO,EXPLORATORY_CONSUMED_DIAGNOSTIC_ONLY
viscosity_laplacian_acceleration,LINEAGE,HMSO01R_A|FIELD_LINEAGE|c7498c8903eedb4eb72abeb74a8624f4f311768cc705b42f488a9e810b4c3aec,5.671572251895003e-06,3.631453682072842e-08,0.006402904733973,0.00013513381837689623,0.00013513381837689623,1.0,0.041970043620588385,0.00026873019098331863,0.006402904733972999,5.0510035268986515,-5.635257715074275e-06,0.0,EVALUABLE,EXPLORATORY_CONSUMED_DIAGNOSTIC_ONLY
viscosity_laplacian_acceleration,LINEAGE,HMSO01R_A|FIELD_LINEAGE|c9a10c50914a082104b6f42f933e2e8b35494d6ac1b464fc981b740edc26e9a6,6.145164531815913e-05,1.374102114206846e-06,0.022360705024130494,0.00011811528805676459,0.00011811528805676459,1.0,0.5202683439981648,0.011633566973535818,0.022360705024130498,3.8004501005961413,-6.0077543203952286e-05,0.0,EVALUABLE,EXPLORATORY_CONSUMED_DIAGNOSTIC_ONLY
viscosity_laplacian_acceleration,LINEAGE,HMSO01R_A|FIELD_LINEAGE|ca0f07a3c0d5df7705d15288eb48ecdf2c50af57aa3e1ab370127581f048c929,6.142428009622248e-08,7.396902890927307e-07,12.04231108503005,0.00013227903613806906,0.00013227903613806906,1.0,0.0004643538529575434,0.005591893550847039,12.04231108503005,2.48842637204441,6.782660089965083e-07,0.0,EVALUABLE,EXPLORATORY_CONSUMED_DIAGNOSTIC_ONLY
viscosity_laplacian_acceleration,LINEAGE,HMSO01R_A|FIELD_LINEAGE|cb947f8167c6ce3da1c26b48289f11fe77c609125572b2e2f489d9b4dbf77d91,0.00015952319202921649,5.768884131589047e-05,0.361632942408304,0.00012653945430071256,0.00012653945430071256,1.0,1.260659712109397,0.4558960810657267,0.361632942408304,1.017125552820756,-0.00010183435071332602,0.0,EVALUABLE,EXPLORATORY_CONSUMED_DIAGNOSTIC_ONLY
viscosity_laplacian_acceleration,LINEAGE,HMSO01R_A|FIELD_LINEAGE|cd1482e6386aeab5f67532ea00a4d133dd0798283239fa2bc60b1a36d8fd8390,0.0,0.0,,0.0001042276726389035,0.0001042276726389035,1.0,0.0,0.0,,,0.0,0.0,NOT_EVALUABLE_RATIO,EXPLORATORY_CONSUMED_DIAGNOSTIC_ONLY
viscosity_laplacian_acceleration,LINEAGE,HMSO01R_A|FIELD_LINEAGE|d1321924d243ef663d38f2119b3da3e0b77ff9249352efe1c25dfa4971fbd453,0.0,0.0,,9.951971371556438e-05,9.951971371556438e-05,1.0,0.0,0.0,,,0.0,0.0,NOT_EVALUABLE_RATIO,EXPLORATORY_CONSUMED_DIAGNOSTIC_ONLY
viscosity_laplacian_acceleration,LINEAGE,HMSO01R_A|FIELD_LINEAGE|d2f9d8c8f5f3c69790790651faeb1c1f59b6b387e4ede38adea5936b94855ff9,8.597287327496095e-05,0.0002251913633923844,2.6193304331259326,0.00029108969270744524,0.00029108969270744524,1.0,0.2953483940819798,0.773615036993801,2.619330433125933,0.9629187252364175,0.00013921849011742346,0.0,EVALUABLE,EXPLORATORY_CONSUMED_DIAGNOSTIC_ONLY
viscosity_laplacian_acceleration,LINEAGE,HMSO01R_A|FIELD_LINEAGE|d3329a31885ae9100b3a5071d3f6de7c5b314524ba319156e3df439e55667dd5,0.0,0.0,,0.00013383732659806672,0.00013383732659806672,1.0,0.0,0.0,,,0.0,0.0,NOT_EVALUABLE_RATIO,EXPLORATORY_CONSUMED_DIAGNOSTIC_ONLY
viscosity_laplacian_acceleration,LINEAGE,HMSO01R_A|FIELD_LINEAGE|d65de8a657545ef8339cfa29e05ce27d63f8ec5e02ee50514a615a33f5595da9,1.3763194412349572e-07,1.1385503480125158e-07,0.8272427998189914,0.00011767952800343577,0.00011767952800343577,1.0,0.0011695487435969102,0.0009675007771778917,0.8272427998189914,0.18965703597291245,-2.3776909322244132e-08,0.0,EVALUABLE,EXPLORATORY_CONSUMED_DIAGNOSTIC_ONLY
viscosity_laplacian_acceleration,LINEAGE,HMSO01R_A|FIELD_LINEAGE|d6ecf8cd80acb9db6acee967c0d1a3a8ca941d75fcf9e621c7ea05d79a191767,0.00011187727966700674,2.209881089448438e-05,0.19752724556996398,0.00011579130157858334,0.00011579130157858334,1.0,0.9661976171075312,0.19085035398351335,0.197527245569964,1.6218787519025153,-8.977846877252237e-05,0.0,EVALUABLE,EXPLORATORY_CONSUMED_DIAGNOSTIC_ONLY
viscosity_laplacian_acceleration,LINEAGE,HMSO01R_A|FIELD_LINEAGE|d7d10f9b5293a22777f94b958cdb7280c40216c21a2b9b4a49451c1385cf26d9,0.0002603255839144041,0.000316592176340479,1.2161393113193806,0.00031916364761035794,0.00031916364761035794,1.0,0.815649231557271,0.9919430947442415,1.2161393113193806,0.19568134221163427,5.6266592426074905e-05,0.0,EVALUABLE,EXPLORATORY_CONSUMED_DIAGNOSTIC_ONLY
viscosity_laplacian_acceleration,LINEAGE,HMSO01R_A|FIELD_LINEAGE|d8cd77f2aea85a93297ba4755747ee15653349aca322bca77ce1738389444994,1.2402263795399042e-06,0.0,0.0,0.00010063361555386378,0.00010063361555386378,1.0,0.012324175900011041,0.0,0.0,,-1.2402263795399042e-06,0.0,NOT_EVALUABLE_RATIO,EXPLORATORY_CONSUMED_DIAGNOSTIC_ONLY
viscosity_laplacian_acceleration,LINEAGE,HMSO01R_A|FIELD_LINEAGE|d9b0e4ca0c6e9f306f81bad07b5f31753c1237e04a6a51d708212ab05edea52f,0.00026312344813335343,0.00018708724678761512,0.7110246088474698,0.00034378992258901777,0.00034378992258901777,1.0,0.7653611430836013,0.5441906073880699,0.7110246088474698,0.34104823817804697,-7.603620134573832e-05,0.0,EVALUABLE,EXPLORATORY_CONSUMED_DIAGNOSTIC_ONLY
viscosity_laplacian_acceleration,LINEAGE,HMSO01R_A|FIELD_LINEAGE|dca2b57202d33de06ea638a8ecbab23d1b960b5ed15b6841dcbc75b212cc8712,9.63832572129703e-05,7.346533921555537e-05,0.7622209638882088,0.00010716252702390844,0.00010716252702390844,1.0,0.8994119482780278,0.6855506421490501,0.7622209638882088,0.271518786475316,-2.2917917997414925e-05,0.0,EVALUABLE,EXPLORATORY_CONSUMED_DIAGNOSTIC_ONLY
viscosity_laplacian_acceleration,LINEAGE,HMSO01R_A|FIELD_LINEAGE|e0695af14e7ff6ed68d0eaa0320bde868bdf2eddcd09aade2748baa3ab9013d9,0.00016978231424768565,0.0002932509067890089,1.7272170431202982,0.0002465635545401786,0.0002465635545401786,1.0,0.6885945271364868,1.1893522030695027,1.7272170431202982,0.5465114676548967,0.00012346859254132325,0.0,EVALUABLE,EXPLORATORY_CONSUMED_DIAGNOSTIC_ONLY
viscosity_laplacian_acceleration,LINEAGE,HMSO01R_A|FIELD_LINEAGE|e1662caa4f55fa1e467b750db9be81d3672b988a828412586110c172a4b65cc4,0.00017122805796279366,0.0002705183879051672,1.5798718453254226,0.0003354335575923965,0.0003354335575923965,1.0,0.510467882795621,0.8064738359716792,1.5798718453254224,0.4573437331957066,9.929032994237356e-05,0.0,EVALUABLE,EXPLORATORY_CONSUMED_DIAGNOSTIC_ONLY
viscosity_laplacian_acceleration,LINEAGE,HMSO01R_A|FIELD_LINEAGE|e1bd95fcd7aed1a8bde13393ae7d4a98eff10f4a52c1bdfb2e54f1dd690c54dd,0.00010345096422532992,5.3616046491503026e-05,0.5182749807408288,0.00013583310654734248,0.00013583310654734248,1.0,0.7616034621815391,0.39472001969428566,0.5182749807408288,0.657249326723101,-4.983491773382689e-05,0.0,EVALUABLE,EXPLORATORY_CONSUMED_DIAGNOSTIC_ONLY
viscosity_laplacian_acceleration,LINEAGE,HMSO01R_A|FIELD_LINEAGE|e25db364da9db9cdb46c3073fa0aa473b93b0eed9df5062f9696d75bd2f90442,0.0,0.0,,0.00011729599473104768,0.00011729599473104768,1.0,0.0,0.0,,,0.0,0.0,NOT_EVALUABLE_RATIO,EXPLORATORY_CONSUMED_DIAGNOSTIC_ONLY
viscosity_laplacian_acceleration,LINEAGE,HMSO01R_A|FIELD_LINEAGE|e269817bd0e21e72d0864769c51ef7f6839102d6f41f035fbbff5041e46bd0d4,0.00048387125569442926,0.0004520046181457174,0.9341423215913531,0.00030269317219816684,0.00030269317219816684,1.0,1.5985535854031387,1.4932765574566693,0.934142321591353,0.06812647378426476,-3.186663754871187e-05,0.0,EVALUABLE,EXPLORATORY_CONSUMED_DIAGNOSTIC_ONLY
viscosity_laplacian_acceleration,LINEAGE,HMSO01R_A|FIELD_LINEAGE|e2940f5e79800b14b8eefcdb52a6c4eb9c2bcacb794aadbf19ab173720ccdfc9,0.0,0.0,,6.777291402071979e-05,6.777291402071979e-05,1.0,0.0,0.0,,,0.0,0.0,NOT_EVALUABLE_RATIO,EXPLORATORY_CONSUMED_DIAGNOSTIC_ONLY
viscosity_laplacian_acceleration,LINEAGE,HMSO01R_A|FIELD_LINEAGE|e2fdf0ecb37222ddf2c343b2a9785bb080b33fb721f4d3381403db08d53276de,0.0009617956788635912,0.00048635985918358014,0.5056789813801599,0.0004890968667573489,0.0004890968667573489,1.0,1.9664727873645487,0.9944039560263087,0.5056789813801599,0.6818532351767119,-0.00047543581968001106,0.0,EVALUABLE,EXPLORATORY_CONSUMED_DIAGNOSTIC_ONLY
viscosity_laplacian_acceleration,LINEAGE,HMSO01R_A|FIELD_LINEAGE|e39068083f41a31c97e7737f6138e1986484dea8bfe32d65a52cd58aaa1ec7e8,6.550827721914194e-05,1.0825914188592737e-05,0.16526024875264672,0.0001863814325357398,0.0001863814325357398,1.0,0.35147426612133326,0.05808472464936549,0.16526024875264672,1.800233782490295,-5.46823630305492e-05,0.0,EVALUABLE,EXPLORATORY_CONSUMED_DIAGNOSTIC_ONLY
viscosity_laplacian_acceleration,LINEAGE,HMSO01R_A|FIELD_LINEAGE|e46b2d3dad1b8a5413f52396bbef71167f252a4ba61297ea3e2b46c37456ba4c,2.8859777849767805e-06,4.790869156561874e-06,1.6600506010479978,0.000150758568468312,0.000150758568468312,1.0,0.01914304317358509,0.0317784203261977,1.660050601047998,0.506848084462903,1.9048913715850934e-06,0.0,EVALUABLE,EXPLORATORY_CONSUMED_DIAGNOSTIC_ONLY
viscosity_laplacian_acceleration,LINEAGE,HMSO01R_A|FIELD_LINEAGE|e4c235f067a50e9e5304ee0e7ad701299187cd559ceebd74674d932464340e77,3.7086923056363383e-05,0.0001147275916310379,3.0934782984471103,0.00013221315552268994,0.00013221315552268994,1.0,0.2805085689827489,0.867747170676588,3.0934782984471108,1.1292961207540557,7.764066857467451e-05,0.0,EVALUABLE,EXPLORATORY_CONSUMED_DIAGNOSTIC_ONLY
viscosity_laplacian_acceleration,LINEAGE,HMSO01R_A|FIELD_LINEAGE|e5cd23001367dee0fe50b87c4f9c5ae9d8e66eeb6cef2467ff3f6da8c0fcdc16,6.190661401041153e-05,6.301379190479575e-05,1.0178846462867122,0.00010873260628149138,0.00010873260628149138,1.0,0.5693472834647703,0.5795298582438381,1.0178846462867122,0.017726597647603686,1.1071778943842292e-06,0.0,EVALUABLE,EXPLORATORY_CONSUMED_DIAGNOSTIC_ONLY
viscosity_laplacian_acceleration,LINEAGE,HMSO01R_A|FIELD_LINEAGE|e5fd0d86ce4eda7b6deef112c4230d6cc2c904c7a1cbb32b883405f7907c5018,1.9958865714721868e-13,0.0,0.0,8.538830749201448e-05,8.538830749201448e-05,1.0,2.3374237411355673e-09,0.0,0.0,,-1.9958865714721868e-13,0.0,NOT_EVALUABLE_RATIO,EXPLORATORY_CONSUMED_DIAGNOSTIC_ONLY
viscosity_laplacian_acceleration,LINEAGE,HMSO01R_A|FIELD_LINEAGE|e6f79f1197cd7f6ad00ce2f5ddcac136ad9a2faa5584e9f390794bfb6ee07ac6,0.0002130036494796383,8.048838414784077e-05,0.3778732634134276,0.0021772129301273506,0.0021772129301273506,1.0,0.09783317310502064,0.03696854039128493,0.37787326341342764,0.9731964215571767,-0.00013251526533179754,0.0,EVALUABLE,EXPLORATORY_CONSUMED_DIAGNOSTIC_ONLY
viscosity_laplacian_acceleration,LINEAGE,HMSO01R_A|FIELD_LINEAGE|e82aee0755c70810ee3fbd630ec4d3fa698e473225b4aa505b26af8a458a6400,0.00026649077377381605,0.00027095185490066953,1.0167400959653479,0.00012998705936250328,0.00012998705936250328,1.0,2.050133106178178,2.0844525311173374,1.0167400959653479,0.016601524882758283,4.461081126853482e-06,0.0,EVALUABLE,EXPLORATORY_CONSUMED_DIAGNOSTIC_ONLY
viscosity_laplacian_acceleration,LINEAGE,HMSO01R_A|FIELD_LINEAGE|e853753ed3befc6151b8f2c4e9e3797938a7689193c2157695f0b61b8e60abc8,0.0,0.0,,8.210877228081583e-05,8.210877228081583e-05,1.0,0.0,0.0,,,0.0,0.0,NOT_EVALUABLE_RATIO,EXPLORATORY_CONSUMED_DIAGNOSTIC_ONLY
viscosity_laplacian_acceleration,LINEAGE,HMSO01R_A|FIELD_LINEAGE|e99701698ca3eda87704f5f32294f901f56116d9da609afcb18418d4c8a62bf2,0.00010968922528316712,1.57955502626172e-05,0.14400275160883264,0.00015427071582070604,0.00015427071582070604,1.0,0.7110178020477219,0.10238851993773623,0.14400275160883264,1.9379228711940284,-9.389367502054992e-05,0.0,EVALUABLE,EXPLORATORY_CONSUMED_DIAGNOSTIC_ONLY
viscosity_laplacian_acceleration,LINEAGE,HMSO01R_A|FIELD_LINEAGE|e9dc12a25958465c187afbd7ef920bc04ba98d4b232046e156979d215bd85146,0.0,0.0,,0.00013326895583163498,0.00013326895583163498,1.0,0.0,0.0,,,0.0,0.0,NOT_EVALUABLE_RATIO,EXPLORATORY_CONSUMED_DIAGNOSTIC_ONLY
viscosity_laplacian_acceleration,LINEAGE,HMSO01R_A|FIELD_LINEAGE|ea7a0f305184b5efcd1c245ec8837c3d5e92744042b12d412ef90758785acc95,0.00024717028467147477,0.00027327108495564496,1.1055984554084322,0.0003940311167077335,0.0003940311167077335,1.0,0.627286207080974,0.6935266616477387,1.105598455408432,0.10038677696845473,2.6100800284170188e-05,0.0,EVALUABLE,EXPLORATORY_CONSUMED_DIAGNOSTIC_ONLY
viscosity_laplacian_acceleration,LINEAGE,HMSO01R_A|FIELD_LINEAGE|eadb4166638494d642712d8eabac62f88ed028f779148966c13d2efd6405fa1d,1.629941904893166e-07,5.790434621941216e-08,0.35525404951906847,0.00011408822916994925,0.00011408822916994925,1.0,0.0014286678974262592,0.0005075400559785717,0.35525404951906847,1.0349221130014414,-1.0508984426990444e-07,0.0,EVALUABLE,EXPLORATORY_CONSUMED_DIAGNOSTIC_ONLY
viscosity_laplacian_acceleration,LINEAGE,HMSO01R_A|FIELD_LINEAGE|ebfb44058badbf85a36d8671e914d20620f9253b30eeec0e96b5e0c20dc8e16c,0.0,0.0,,0.00013189056451093153,0.00013189056451093153,1.0,0.0,0.0,,,0.0,0.0,NOT_EVALUABLE_RATIO,EXPLORATORY_CONSUMED_DIAGNOSTIC_ONLY
viscosity_laplacian_acceleration,LINEAGE,HMSO01R_A|FIELD_LINEAGE|eee5df81575181b025958cda057ac7cb0483be4404d018db7bb2c06a63c25462,0.00022058323531846973,0.000167208813264172,0.7580304687378542,0.0002201078033316075,0.0002201078033316075,1.0,1.0021599960549603,0.7596678115598676,0.7580304687378542,0.27703169792352994,-5.337442205429773e-05,0.0,EVALUABLE,EXPLORATORY_CONSUMED_DIAGNOSTIC_ONLY
viscosity_laplacian_acceleration,LINEAGE,HMSO01R_A|FIELD_LINEAGE|f01618f1ef2fe7c85085b02f71644f843db176708a8abb6e4e05116a594e9ae3,2.313733889607912e-06,2.43960057456898e-06,1.0543998104217582,0.00014040070561384166,0.00014040070561384166,1.0,0.016479503286625993,0.01737598514126319,1.0543998104217582,0.05297170496881929,1.2586668496106792e-07,0.0,EVALUABLE,EXPLORATORY_CONSUMED_DIAGNOSTIC_ONLY
viscosity_laplacian_acceleration,LINEAGE,HMSO01R_A|FIELD_LINEAGE|f0421338d311584916d83a8dd01c9f47b7707c5652d4192e1df422a2a9e7d57d,0.0005727160858443137,0.0007279483539232368,1.2710457623170746,0.0005650132634395508,0.0005650132634395508,1.0,1.01363299395464,1.288373921510814,1.2710457623170746,0.23983999652931456,0.00015523226807892315,0.0,EVALUABLE,EXPLORATORY_CONSUMED_DIAGNOSTIC_ONLY
viscosity_laplacian_acceleration,LINEAGE,HMSO01R_A|FIELD_LINEAGE|f11020ed75e98ae018c3d951c68d3fba4bfe91afdf9eb4b7d62d0c0967429304,0.0,0.0,,0.00010270546838710807,0.00010270546838710807,1.0,0.0,0.0,,,0.0,0.0,NOT_EVALUABLE_RATIO,EXPLORATORY_CONSUMED_DIAGNOSTIC_ONLY
viscosity_laplacian_acceleration,LINEAGE,HMSO01R_A|FIELD_LINEAGE|f117df283c3988b3a51ad2a7138592681c02ac94fc8905b0ebf163745ca00f62,1.7933406571118087e-05,7.634970337209058e-06,0.4257401016885016,0.0001270251303360007,0.0001270251303360007,1.0,0.14117998953184704,0.060105983099670156,0.4257401016885016,0.8539262088264531,-1.0298436233909029e-05,0.0,EVALUABLE,EXPLORATORY_CONSUMED_DIAGNOSTIC_ONLY
viscosity_laplacian_acceleration,LINEAGE,HMSO01R_A|FIELD_LINEAGE|f2247a8dfd61c19acaf6609654c9c6098f254569cd75ef6a5201803913aa1c00,3.968268358731631e-06,9.028444428409543e-06,2.27515974531906,8.906412635251137e-05,8.906412635251137e-05,1.0,0.044555181993538265,0.10137015651706288,2.2751597453190597,0.8220502676604287,5.0601760696779116e-06,0.0,EVALUABLE,EXPLORATORY_CONSUMED_DIAGNOSTIC_ONLY
viscosity_laplacian_acceleration,LINEAGE,HMSO01R_A|FIELD_LINEAGE|f2a3ceeae0e0974c878bba3a036f383f979564d7512b59be838a43b0d537377a,0.00035797921708625785,0.0003599724842480031,1.0055681086124755,0.0001634727776413704,0.0001634727776413704,1.0,2.1898399369685837,2.2020332035815615,1.0055681086124757,0.005552664000708883,1.9932671617452474e-06,0.0,EVALUABLE,EXPLORATORY_CONSUMED_DIAGNOSTIC_ONLY
viscosity_laplacian_acceleration,LINEAGE,HMSO01R_A|FIELD_LINEAGE|f52ad1fbea60f2cef5c93f5785e888eaa7893de6dad0b2f7545e6d3f4e338f25,0.0001369505451145885,2.7084879947599053e-05,0.19777124599932583,0.00013709345690456436,0.00013709345690456436,1.0,0.998957559367145,0.19756508121648578,0.19777124599932583,1.6206442394236962,-0.00010986566516698945,0.0,EVALUABLE,EXPLORATORY_CONSUMED_DIAGNOSTIC_ONLY
viscosity_laplacian_acceleration,LINEAGE,HMSO01R_A|FIELD_LINEAGE|f7cc0cf639be6a7e99c37868bcf630bb54f34534e2c78b36b59b7ac5ebbd1919,0.00021795036195419216,0.0003847231260979088,1.7651869106726614,0.0003600505044785582,0.0003600505044785582,1.0,0.6053327498314104,1.0685254466038943,1.7651869106726614,0.568256583176529,0.00016677276414371665,0.0,EVALUABLE,EXPLORATORY_CONSUMED_DIAGNOSTIC_ONLY
viscosity_laplacian_acceleration,LINEAGE,HMSO01R_A|FIELD_LINEAGE|f82108cfb75a5ece90cca0bec2aa62b5af33b3b96774d26a9d5bbde8416cb360,2.7242847314896416e-05,3.632973718277021e-06,0.13335514002203827,0.0001218837772353966,0.0001218837772353966,1.0,0.22351495771485447,0.029806868483084382,0.13335514002203827,2.014739483749848,-2.3609873596619395e-05,0.0,EVALUABLE,EXPLORATORY_CONSUMED_DIAGNOSTIC_ONLY
viscosity_laplacian_acceleration,LINEAGE,HMSO01R_A|FIELD_LINEAGE|f8fd31406421545fa9cf8bb98c251eb120eed5378ed4276493239005b13fd6f8,1.4591506011051634e-06,3.149907644300066e-08,0.021587268935189557,6.121872793637658e-05,6.121872793637658e-05,1.0,0.023835036275527154,0.0005145333381598035,0.021587268935189557,3.835651539205788,-1.4276515246621627e-06,0.0,EVALUABLE,EXPLORATORY_CONSUMED_DIAGNOSTIC_ONLY
viscosity_laplacian_acceleration,LINEAGE,HMSO01R_A|FIELD_LINEAGE|f952117e9c8f8a564901d0507e978f58c3289c63c557fb7f3123a84dd049ba29,0.0025045248835314066,0.0019523320071986516,0.7795219045481564,0.0022557716072519624,0.0022557716072519624,1.0,1.1102741409989116,0.8654830129620398,0.7795219045481563,0.24907449011176594,-0.000552192876332755,0.0,EVALUABLE,EXPLORATORY_CONSUMED_DIAGNOSTIC_ONLY
viscosity_laplacian_acceleration,LINEAGE,HMSO01R_A|FIELD_LINEAGE|f9a3d40825ca658eebc26e88239c04a3590f72ad95b03a86bc289649036f4117,0.0,0.0,,0.00013260316539457094,0.00013260316539457094,1.0,0.0,0.0,,,0.0,0.0,NOT_EVALUABLE_RATIO,EXPLORATORY_CONSUMED_DIAGNOSTIC_ONLY
viscosity_laplacian_acceleration,LINEAGE,HMSO01R_A|FIELD_LINEAGE|f9acbd6c60cf4de95eb27dc7c24fd369893e07d5c162236bcdc4cc91f1e5368b,0.0001637773701636855,2.198069509688698e-05,0.134210819693335,0.00010871538931870654,0.00010871538931870654,1.0,1.5064782565747066,0.20218568166507764,0.134210819693335,2.0083434340481556,-0.00014179667506679852,0.0,EVALUABLE,EXPLORATORY_CONSUMED_DIAGNOSTIC_ONLY
viscosity_laplacian_acceleration,LINEAGE,HMSO01R_A|FIELD_LINEAGE|f9dd81299410ddb65efe58bb38fc53798a53c7f5ab1183ef52b5f93fb7daea68,3.753632708270398e-05,1.661690678908356e-05,0.44268867202887074,0.00016740976936676028,0.00016740976936676028,1.0,0.22421825933270137,0.09925888346861853,0.44268867202887074,0.8148885279408203,-2.091942029362042e-05,0.0,EVALUABLE,EXPLORATORY_CONSUMED_DIAGNOSTIC_ONLY
viscosity_laplacian_acceleration,LINEAGE,HMSO01R_A|FIELD_LINEAGE|fa1ab395df96eb71b1cd3e5c31c1a1fe587398989c58265b21dd97a062b35ef9,2.8013449529266527e-05,3.3934304087729285e-05,1.2113575678096,0.00013323743971067155,0.00013323743971067155,1.0,0.21025208522543243,0.25469045458557654,1.2113575678096,0.1917416875528541,5.920854558462758e-06,0.0,EVALUABLE,EXPLORATORY_CONSUMED_DIAGNOSTIC_ONLY
viscosity_laplacian_acceleration,LINEAGE,HMSO01R_A|FIELD_LINEAGE|fd04ea3f458e107df0af85b51443fd7c576cbde1f2a34afcd2f94001f9376e64,0.0,0.0,,0.00012207197187669226,0.00012207197187669226,1.0,0.0,0.0,,,0.0,0.0,NOT_EVALUABLE_RATIO,EXPLORATORY_CONSUMED_DIAGNOSTIC_ONLY
viscosity_laplacian_acceleration,LINEAGE,HMSO01R_A|FIELD_LINEAGE|fefaa03392c6d5e862f0b98f72e148123eb5332d997aade537062f72a6e1a99c,0.0,0.0,,9.93338010106122e-05,9.93338010106122e-05,1.0,0.0,0.0,,,0.0,0.0,NOT_EVALUABLE_RATIO,EXPLORATORY_CONSUMED_DIAGNOSTIC_ONLY
viscosity_laplacian_acceleration,LINEAGE,HMSO01R_A|FIELD_LINEAGE|ff441cbe04ac4f8f63fd24360c00fa41becbfbb5a6acdf59e4dfd55c77c15642,3.6082647961441914e-09,0.0,0.0,0.0001137167017259869,0.0001137167017259869,1.0,3.1730297672884574e-05,0.0,0.0,,-3.6082647961441914e-09,0.0,NOT_EVALUABLE_RATIO,EXPLORATORY_CONSUMED_DIAGNOSTIC_ONLY
