arm,component,scope,scope_id,wn,wb,d_wn_over_wb,status,aggregation,evidence_class
SS,density_rate,OVERALL,ALL,0.006291549076702527,0.017703595326272418,0.35538256273660795,EVALUABLE,EQUAL_FOLD_FAMILY_LINEAGE_THEN_CASE_MEAN_AS_APPLICABLE,EXPLORATORY_CONSUMED_DIAGNOSTIC_ONLY
SS,density_rate,FOLD,FOLD_0,0.0022421374907695027,0.01332553116536776,0.1682587705469243,EVALUABLE,EQUAL_FOLD_FAMILY_LINEAGE_THEN_CASE_MEAN_AS_APPLICABLE,EXPLORATORY_CONSUMED_DIAGNOSTIC_ONLY
SS,density_rate,FOLD,FOLD_1,0.004265438582037687,0.01689263861631692,0.2525028018960649,EVALUABLE,EQUAL_FOLD_FAMILY_LINEAGE_THEN_CASE_MEAN_AS_APPLICABLE,EXPLORATORY_CONSUMED_DIAGNOSTIC_ONLY
SS,density_rate,FOLD,FOLD_2,0.005448044332424395,0.0173729821849713,0.3135929269033205,EVALUABLE,EQUAL_FOLD_FAMILY_LINEAGE_THEN_CASE_MEAN_AS_APPLICABLE,EXPLORATORY_CONSUMED_DIAGNOSTIC_ONLY
SS,density_rate,FOLD,FOLD_3,0.015821162621558454,0.035391494217116015,0.44703290922108146,EVALUABLE,EQUAL_FOLD_FAMILY_LINEAGE_THEN_CASE_MEAN_AS_APPLICABLE,EXPLORATORY_CONSUMED_DIAGNOSTIC_ONLY
SS,density_rate,FOLD,FOLD_4,0.006894817226153861,0.01275369148767309,0.5406134555487684,EVALUABLE,EQUAL_FOLD_FAMILY_LINEAGE_THEN_CASE_MEAN_AS_APPLICABLE,EXPLORATORY_CONSUMED_DIAGNOSTIC_ONLY
SS,density_rate,FOLD,FOLD_5,0.003077694207271262,0.010485234286189436,0.29352650816062625,EVALUABLE,EQUAL_FOLD_FAMILY_LINEAGE_THEN_CASE_MEAN_AS_APPLICABLE,EXPLORATORY_CONSUMED_DIAGNOSTIC_ONLY
SS,density_rate,FAMILY,F1,0.010554751829728337,0.027047607051641418,0.39022867381858867,EVALUABLE,EQUAL_FOLD_FAMILY_LINEAGE_THEN_CASE_MEAN_AS_APPLICABLE,EXPLORATORY_CONSUMED_DIAGNOSTIC_ONLY
SS,density_rate,FAMILY,F2,0.002680857858739358,0.012859242857956558,0.208477115515444,EVALUABLE,EQUAL_FOLD_FAMILY_LINEAGE_THEN_CASE_MEAN_AS_APPLICABLE,EXPLORATORY_CONSUMED_DIAGNOSTIC_ONLY
SS,density_rate,FAMILY,F3,0.004242075321439964,0.016538310764836285,0.2564999159684104,EVALUABLE,EQUAL_FOLD_FAMILY_LINEAGE_THEN_CASE_MEAN_AS_APPLICABLE,EXPLORATORY_CONSUMED_DIAGNOSTIC_ONLY
SS,density_rate,FAMILY,F4,0.0076885112969024465,0.014369220630655419,0.5350680802060838,EVALUABLE,EQUAL_FOLD_FAMILY_LINEAGE_THEN_CASE_MEAN_AS_APPLICABLE,EXPLORATORY_CONSUMED_DIAGNOSTIC_ONLY
SS,density_rate,FAMILY_FOLD,F1|FOLD_0,0.0034464973741048462,0.012341482598731673,0.27926121084180283,EVALUABLE,EQUAL_FOLD_FAMILY_LINEAGE_THEN_CASE_MEAN_AS_APPLICABLE,EXPLORATORY_CONSUMED_DIAGNOSTIC_ONLY
SS,density_rate,FAMILY_FOLD,F2|FOLD_0,0.004123468348178815,0.018927861281478282,0.21785178403720679,EVALUABLE,EQUAL_FOLD_FAMILY_LINEAGE_THEN_CASE_MEAN_AS_APPLICABLE,EXPLORATORY_CONSUMED_DIAGNOSTIC_ONLY
SS,density_rate,FAMILY_FOLD,F3|FOLD_0,0.0013223446745127521,0.011855381361194765,0.11153961515241281,EVALUABLE,EQUAL_FOLD_FAMILY_LINEAGE_THEN_CASE_MEAN_AS_APPLICABLE,EXPLORATORY_CONSUMED_DIAGNOSTIC_ONLY
SS,density_rate,FAMILY_FOLD,F4|FOLD_0,7.623956628159667e-05,0.010177399420066315,0.007491065559565108,EVALUABLE,EQUAL_FOLD_FAMILY_LINEAGE_THEN_CASE_MEAN_AS_APPLICABLE,EXPLORATORY_CONSUMED_DIAGNOSTIC_ONLY
SS,density_rate,FAMILY_FOLD,F1|FOLD_1,0.006674349183662385,0.033053910281336536,0.20192313486828123,EVALUABLE,EQUAL_FOLD_FAMILY_LINEAGE_THEN_CASE_MEAN_AS_APPLICABLE,EXPLORATORY_CONSUMED_DIAGNOSTIC_ONLY
SS,density_rate,FAMILY_FOLD,F2|FOLD_1,0.0027432944068276383,0.011960235171363694,0.2293679319446735,EVALUABLE,EQUAL_FOLD_FAMILY_LINEAGE_THEN_CASE_MEAN_AS_APPLICABLE,EXPLORATORY_CONSUMED_DIAGNOSTIC_ONLY
SS,density_rate,FAMILY_FOLD,F3|FOLD_1,0.0032314506783327414,0.014856682313151563,0.2175082303181625,EVALUABLE,EQUAL_FOLD_FAMILY_LINEAGE_THEN_CASE_MEAN_AS_APPLICABLE,EXPLORATORY_CONSUMED_DIAGNOSTIC_ONLY
SS,density_rate,FAMILY_FOLD,F4|FOLD_1,0.004412660059327982,0.007699726699415889,0.5730930761039521,EVALUABLE,EQUAL_FOLD_FAMILY_LINEAGE_THEN_CASE_MEAN_AS_APPLICABLE,EXPLORATORY_CONSUMED_DIAGNOSTIC_ONLY
SS,density_rate,FAMILY_FOLD,F1|FOLD_2,0.007000101708725839,0.01797676929941336,0.389397093111401,EVALUABLE,EQUAL_FOLD_FAMILY_LINEAGE_THEN_CASE_MEAN_AS_APPLICABLE,EXPLORATORY_CONSUMED_DIAGNOSTIC_ONLY
SS,density_rate,FAMILY_FOLD,F2|FOLD_2,0.002191573933034422,0.012047347087177305,0.18191340526471939,EVALUABLE,EQUAL_FOLD_FAMILY_LINEAGE_THEN_CASE_MEAN_AS_APPLICABLE,EXPLORATORY_CONSUMED_DIAGNOSTIC_ONLY
SS,density_rate,FAMILY_FOLD,F3|FOLD_2,0.012564698265794368,0.03161091267810115,0.39747976889318726,EVALUABLE,EQUAL_FOLD_FAMILY_LINEAGE_THEN_CASE_MEAN_AS_APPLICABLE,EXPLORATORY_CONSUMED_DIAGNOSTIC_ONLY
SS,density_rate,FAMILY_FOLD,F4|FOLD_2,3.5803422142950346e-05,0.00785689967519339,0.004556940221089063,EVALUABLE,EQUAL_FOLD_FAMILY_LINEAGE_THEN_CASE_MEAN_AS_APPLICABLE,EXPLORATORY_CONSUMED_DIAGNOSTIC_ONLY
SS,density_rate,FAMILY_FOLD,F1|FOLD_3,0.04371393204757827,0.07768901501373274,0.5626784177898402,EVALUABLE,EQUAL_FOLD_FAMILY_LINEAGE_THEN_CASE_MEAN_AS_APPLICABLE,EXPLORATORY_CONSUMED_DIAGNOSTIC_ONLY
SS,density_rate,FAMILY_FOLD,F2|FOLD_3,0.003702730438948888,0.009603448198547488,0.38556259818311117,EVALUABLE,EQUAL_FOLD_FAMILY_LINEAGE_THEN_CASE_MEAN_AS_APPLICABLE,EXPLORATORY_CONSUMED_DIAGNOSTIC_ONLY
SS,density_rate,FAMILY_FOLD,F3|FOLD_3,0.0016511010865363606,0.020047799441671316,0.08235822047902101,EVALUABLE,EQUAL_FOLD_FAMILY_LINEAGE_THEN_CASE_MEAN_AS_APPLICABLE,EXPLORATORY_CONSUMED_DIAGNOSTIC_ONLY
SS,density_rate,FAMILY_FOLD,F4|FOLD_3,0.014216886913170293,0.03422571421451251,0.4153861282211606,EVALUABLE,EQUAL_FOLD_FAMILY_LINEAGE_THEN_CASE_MEAN_AS_APPLICABLE,EXPLORATORY_CONSUMED_DIAGNOSTIC_ONLY
SS,density_rate,FAMILY_FOLD,F1|FOLD_4,0.0006311539554685431,0.010333378009207953,0.061079150971359915,EVALUABLE,EQUAL_FOLD_FAMILY_LINEAGE_THEN_CASE_MEAN_AS_APPLICABLE,EXPLORATORY_CONSUMED_DIAGNOSTIC_ONLY
SS,density_rate,FAMILY_FOLD,F2|FOLD_4,0.0029153078935349203,0.01476009236901716,0.19751284887989112,EVALUABLE,EQUAL_FOLD_FAMILY_LINEAGE_THEN_CASE_MEAN_AS_APPLICABLE,EXPLORATORY_CONSUMED_DIAGNOSTIC_ONLY
SS,density_rate,FAMILY_FOLD,F3|FOLD_4,0.00014905570272568,0.008661044148463486,0.01720989988858598,EVALUABLE,EQUAL_FOLD_FAMILY_LINEAGE_THEN_CASE_MEAN_AS_APPLICABLE,EXPLORATORY_CONSUMED_DIAGNOSTIC_ONLY
SS,density_rate,FAMILY_FOLD,F4|FOLD_4,0.0238837513528863,0.017260251424003767,1.3837429575140057,EVALUABLE,EQUAL_FOLD_FAMILY_LINEAGE_THEN_CASE_MEAN_AS_APPLICABLE,EXPLORATORY_CONSUMED_DIAGNOSTIC_ONLY
SS,density_rate,FAMILY_FOLD,F1|FOLD_5,0.0018624767088301487,0.010891087107426247,0.171009256510325,EVALUABLE,EQUAL_FOLD_FAMILY_LINEAGE_THEN_CASE_MEAN_AS_APPLICABLE,EXPLORATORY_CONSUMED_DIAGNOSTIC_ONLY
SS,density_rate,FAMILY_FOLD,F2|FOLD_5,0.0004087721319114628,0.009856473040155427,0.041472454725551285,EVALUABLE,EQUAL_FOLD_FAMILY_LINEAGE_THEN_CASE_MEAN_AS_APPLICABLE,EXPLORATORY_CONSUMED_DIAGNOSTIC_ONLY
SS,density_rate,FAMILY_FOLD,F3|FOLD_5,0.006533801520737886,0.012198044646435424,0.5356433518750259,EVALUABLE,EQUAL_FOLD_FAMILY_LINEAGE_THEN_CASE_MEAN_AS_APPLICABLE,EXPLORATORY_CONSUMED_DIAGNOSTIC_ONLY
SS,density_rate,FAMILY_FOLD,F4|FOLD_5,0.00350572646760555,0.008995332350740647,0.38972728643171256,EVALUABLE,EQUAL_FOLD_FAMILY_LINEAGE_THEN_CASE_MEAN_AS_APPLICABLE,EXPLORATORY_CONSUMED_DIAGNOSTIC_ONLY
SS,density_rate,LINEAGE,HMSO01R_A|FIELD_LINEAGE|008a4638c8cb2247bc6cd62f75f3daa09b2e49ba7d73812777f0a31f466efb5e,0.003310870563818234,0.011365519388133714,0.2913083380311666,EVALUABLE,EQUAL_FOLD_FAMILY_LINEAGE_THEN_CASE_MEAN_AS_APPLICABLE,EXPLORATORY_CONSUMED_DIAGNOSTIC_ONLY
SS,density_rate,LINEAGE,HMSO01R_A|FIELD_LINEAGE|0183a54dead296f9ee3dee43dc4041188299c7e551f4c9c6bfbe94dc055e54ad,0.0,0.009178480594627714,0.0,EVALUABLE,EQUAL_FOLD_FAMILY_LINEAGE_THEN_CASE_MEAN_AS_APPLICABLE,EXPLORATORY_CONSUMED_DIAGNOSTIC_ONLY
SS,density_rate,LINEAGE,HMSO01R_A|FIELD_LINEAGE|0280053dfd6ee65fbd80522b2b04964154d57f31de1cc5d0449972791fa285ea,1.5207978221719837e-10,0.00738285064938495,2.0599059826554642e-08,EVALUABLE,EQUAL_FOLD_FAMILY_LINEAGE_THEN_CASE_MEAN_AS_APPLICABLE,EXPLORATORY_CONSUMED_DIAGNOSTIC_ONLY
SS,density_rate,LINEAGE,HMSO01R_A|FIELD_LINEAGE|02a8e9bf168ff7b6159072e41013ee435870f1006dfd3aa95840b1c132f5aafb,0.0,0.007573590181103261,0.0,EVALUABLE,EQUAL_FOLD_FAMILY_LINEAGE_THEN_CASE_MEAN_AS_APPLICABLE,EXPLORATORY_CONSUMED_DIAGNOSTIC_ONLY
SS,density_rate,LINEAGE,HMSO01R_A|FIELD_LINEAGE|0404a47ad84d3ab6d4cc0dbf7c8fea97f3bca817bfb6ce9e4a0d96e074c1229f,0.006021344489059027,0.01036383955441128,0.5809955333104412,EVALUABLE,EQUAL_FOLD_FAMILY_LINEAGE_THEN_CASE_MEAN_AS_APPLICABLE,EXPLORATORY_CONSUMED_DIAGNOSTIC_ONLY
SS,density_rate,LINEAGE,HMSO01R_A|FIELD_LINEAGE|04cc9f11103eaca809c304d2c5e7176a0ac510070bc43c67da76cab1f9c23ed7,7.418241285189936e-15,0.007575398188992978,9.792543045418536e-13,EVALUABLE,EQUAL_FOLD_FAMILY_LINEAGE_THEN_CASE_MEAN_AS_APPLICABLE,EXPLORATORY_CONSUMED_DIAGNOSTIC_ONLY
SS,density_rate,LINEAGE,HMSO01R_A|FIELD_LINEAGE|051eaa0f00871ac3de3987b76f15e88e4e718676447cf96853b1d9836e56f4a9,2.101087081239765e-14,0.011121591525362826,1.889196412625144e-12,EVALUABLE,EQUAL_FOLD_FAMILY_LINEAGE_THEN_CASE_MEAN_AS_APPLICABLE,EXPLORATORY_CONSUMED_DIAGNOSTIC_ONLY
SS,density_rate,LINEAGE,HMSO01R_A|FIELD_LINEAGE|05638fa6abec8d1f9d2070785cb5b62bc36d80415fcae04a6c6b1419139c3003,0.0,0.007164890323747775,0.0,EVALUABLE,EQUAL_FOLD_FAMILY_LINEAGE_THEN_CASE_MEAN_AS_APPLICABLE,EXPLORATORY_CONSUMED_DIAGNOSTIC_ONLY
SS,density_rate,LINEAGE,HMSO01R_A|FIELD_LINEAGE|065caad01d0036cc45e094366cffda53edef5d184f8c28ff280e81478dd5499f,0.006542561483159545,0.03082103438774973,0.2122758568336688,EVALUABLE,EQUAL_FOLD_FAMILY_LINEAGE_THEN_CASE_MEAN_AS_APPLICABLE,EXPLORATORY_CONSUMED_DIAGNOSTIC_ONLY
SS,density_rate,LINEAGE,HMSO01R_A|FIELD_LINEAGE|06c31c418b756da4f49834b1270295e826a9807f080171a34a3e7c250369709c,4.823329324604842e-07,0.010464119020474871,4.609398378561213e-05,EVALUABLE,EQUAL_FOLD_FAMILY_LINEAGE_THEN_CASE_MEAN_AS_APPLICABLE,EXPLORATORY_CONSUMED_DIAGNOSTIC_ONLY
SS,density_rate,LINEAGE,HMSO01R_A|FIELD_LINEAGE|06c5b0d79a6fc40df74bc047659e629ea096b0eb47ce7956bd3f7d012a8211c7,2.036529319570406e-33,0.006772214920668471,3.0071835336398106e-31,EVALUABLE,EQUAL_FOLD_FAMILY_LINEAGE_THEN_CASE_MEAN_AS_APPLICABLE,EXPLORATORY_CONSUMED_DIAGNOSTIC_ONLY
SS,density_rate,LINEAGE,HMSO01R_A|FIELD_LINEAGE|07ef870a5e517a728f6e4939e44adb6e41abac7dca46a1a2247aeb449ae2b2b6,0.001033525983008447,0.007239094866049156,0.14277005649637373,EVALUABLE,EQUAL_FOLD_FAMILY_LINEAGE_THEN_CASE_MEAN_AS_APPLICABLE,EXPLORATORY_CONSUMED_DIAGNOSTIC_ONLY
SS,density_rate,LINEAGE,HMSO01R_A|FIELD_LINEAGE|092a3e161c8ce70f083c10130918ff7fb36de994b41e81b7dfb0e04366314a2c,0.007101798417468245,0.02079789038141859,0.34146724918856136,EVALUABLE,EQUAL_FOLD_FAMILY_LINEAGE_THEN_CASE_MEAN_AS_APPLICABLE,EXPLORATORY_CONSUMED_DIAGNOSTIC_ONLY
SS,density_rate,LINEAGE,HMSO01R_A|FIELD_LINEAGE|093dc802dc5954d756689fb97f687ee9b46c368f5fe625c807448d3bc43a1926,0.0,0.010199022445859246,0.0,EVALUABLE,EQUAL_FOLD_FAMILY_LINEAGE_THEN_CASE_MEAN_AS_APPLICABLE,EXPLORATORY_CONSUMED_DIAGNOSTIC_ONLY
SS,density_rate,LINEAGE,HMSO01R_A|FIELD_LINEAGE|0a252563daa08b1ab13bdaf89c42f5f5445076fcfec6feb203abcad9de8ed55a,0.0,0.0053821199467469875,0.0,EVALUABLE,EQUAL_FOLD_FAMILY_LINEAGE_THEN_CASE_MEAN_AS_APPLICABLE,EXPLORATORY_CONSUMED_DIAGNOSTIC_ONLY
SS,density_rate,LINEAGE,HMSO01R_A|FIELD_LINEAGE|0ac3210ffe07941071125618f2e4ad4f522063f7735eb12854083a5cf3b96fca,0.0004268348604833454,0.010265612649748583,0.041579092748429296,EVALUABLE,EQUAL_FOLD_FAMILY_LINEAGE_THEN_CASE_MEAN_AS_APPLICABLE,EXPLORATORY_CONSUMED_DIAGNOSTIC_ONLY
SS,density_rate,LINEAGE,HMSO01R_A|FIELD_LINEAGE|0af73c913450206e45697078b9ff423d2fbe56a236026748e22945b9fe394efb,0.0031472078602025576,0.008690112335882308,0.36215962907722543,EVALUABLE,EQUAL_FOLD_FAMILY_LINEAGE_THEN_CASE_MEAN_AS_APPLICABLE,EXPLORATORY_CONSUMED_DIAGNOSTIC_ONLY
SS,density_rate,LINEAGE,HMSO01R_A|FIELD_LINEAGE|0d095ad04875a9db82a8c6062fc3703d3296558fc88db157a4ad79a6317e27a5,3.7840184508114505e-32,0.008823622333223266,4.2885090815408344e-30,EVALUABLE,EQUAL_FOLD_FAMILY_LINEAGE_THEN_CASE_MEAN_AS_APPLICABLE,EXPLORATORY_CONSUMED_DIAGNOSTIC_ONLY
SS,density_rate,LINEAGE,HMSO01R_A|FIELD_LINEAGE|0d9a0fc9b5f4f20cb32cc24ac6db7a1e45276ec79661381e7e476b453759d6b0,0.5469247386740455,0.8466028862035782,0.6460227665022741,EVALUABLE,EQUAL_FOLD_FAMILY_LINEAGE_THEN_CASE_MEAN_AS_APPLICABLE,EXPLORATORY_CONSUMED_DIAGNOSTIC_ONLY
SS,density_rate,LINEAGE,HMSO01R_A|FIELD_LINEAGE|0da6210822c1316c7a077be78ae0c871024433732125f17a7f978f92e0d637e1,0.014597178700697084,0.04911652233741079,0.2971948746782259,EVALUABLE,EQUAL_FOLD_FAMILY_LINEAGE_THEN_CASE_MEAN_AS_APPLICABLE,EXPLORATORY_CONSUMED_DIAGNOSTIC_ONLY
SS,density_rate,LINEAGE,HMSO01R_A|FIELD_LINEAGE|0ddf6cdd096735cc15f4456489e1d58f77aa80618dad5da96cca18e59be60b9c,1.7493802195169282e-17,0.009776505509620111,1.7893716909334656e-15,EVALUABLE,EQUAL_FOLD_FAMILY_LINEAGE_THEN_CASE_MEAN_AS_APPLICABLE,EXPLORATORY_CONSUMED_DIAGNOSTIC_ONLY
SS,density_rate,LINEAGE,HMSO01R_A|FIELD_LINEAGE|0e65acebdbaa92caa4bcb30c2a0feac4a5469aac1dd76780539181916f956f58,0.0,0.004945635477963037,0.0,EVALUABLE,EQUAL_FOLD_FAMILY_LINEAGE_THEN_CASE_MEAN_AS_APPLICABLE,EXPLORATORY_CONSUMED_DIAGNOSTIC_ONLY
SS,density_rate,LINEAGE,HMSO01R_A|FIELD_LINEAGE|0e85d8db167a222553e045c2d06d7055fe817db60fe9573c8fc78f52ed1f8615,1.7712776489025004e-34,0.013890095914737138,1.2752090840663002e-32,EVALUABLE,EQUAL_FOLD_FAMILY_LINEAGE_THEN_CASE_MEAN_AS_APPLICABLE,EXPLORATORY_CONSUMED_DIAGNOSTIC_ONLY
SS,density_rate,LINEAGE,HMSO01R_A|FIELD_LINEAGE|0f0f1b8e6d3d2de7f2739e4c27aed7f4a0fa84df148b19d95d7dbbf8ec12bea3,1.45620513055334e-07,0.004120435616418359,3.5341048037516225e-05,EVALUABLE,EQUAL_FOLD_FAMILY_LINEAGE_THEN_CASE_MEAN_AS_APPLICABLE,EXPLORATORY_CONSUMED_DIAGNOSTIC_ONLY
SS,density_rate,LINEAGE,HMSO01R_A|FIELD_LINEAGE|0f49beb059c8327e240fa524ede4b5d0ddc16e0eb915fce826282146040c0e20,0.0008478361126044015,0.011233617327435157,0.07547311679682953,EVALUABLE,EQUAL_FOLD_FAMILY_LINEAGE_THEN_CASE_MEAN_AS_APPLICABLE,EXPLORATORY_CONSUMED_DIAGNOSTIC_ONLY
SS,density_rate,LINEAGE,HMSO01R_A|FIELD_LINEAGE|0fdda9072ffc8d97ff7e0441813be2217cbf8a41c67bef8c56cb65c5e8c889e5,1.6858309295373574e-13,0.008642049810746875,1.950730401300085e-11,EVALUABLE,EQUAL_FOLD_FAMILY_LINEAGE_THEN_CASE_MEAN_AS_APPLICABLE,EXPLORATORY_CONSUMED_DIAGNOSTIC_ONLY
SS,density_rate,LINEAGE,HMSO01R_A|FIELD_LINEAGE|1014832cdbdd8f9e416c91cfffc398c0221e1acf20617efe558f4efd66f3578a,4.4601995613458454e-33,0.00699713481109049,6.374322750329762e-31,EVALUABLE,EQUAL_FOLD_FAMILY_LINEAGE_THEN_CASE_MEAN_AS_APPLICABLE,EXPLORATORY_CONSUMED_DIAGNOSTIC_ONLY
SS,density_rate,LINEAGE,HMSO01R_A|FIELD_LINEAGE|101e8ab2bfdfa561a79b7bef11d98c5487b65f400bdd7d35b17d61b9746e280e,0.006039282028203327,0.012106791388755547,0.4988342356185673,EVALUABLE,EQUAL_FOLD_FAMILY_LINEAGE_THEN_CASE_MEAN_AS_APPLICABLE,EXPLORATORY_CONSUMED_DIAGNOSTIC_ONLY
SS,density_rate,LINEAGE,HMSO01R_A|FIELD_LINEAGE|10ec2dec79c0538398e95e49cd33ade9183e905d4ea4b212dcd4e7ec34fc5546,2.2277580995697922e-33,0.0061999896050825565,3.593164249410267e-31,EVALUABLE,EQUAL_FOLD_FAMILY_LINEAGE_THEN_CASE_MEAN_AS_APPLICABLE,EXPLORATORY_CONSUMED_DIAGNOSTIC_ONLY
SS,density_rate,LINEAGE,HMSO01R_A|FIELD_LINEAGE|11fde86949c379fe2021d6c74cae47b21d76fdf394512bb275cf864fa8a207c8,0.012123524255281218,0.01060524743361851,1.143162790983055,EVALUABLE,EQUAL_FOLD_FAMILY_LINEAGE_THEN_CASE_MEAN_AS_APPLICABLE,EXPLORATORY_CONSUMED_DIAGNOSTIC_ONLY
SS,density_rate,LINEAGE,HMSO01R_A|FIELD_LINEAGE|14fde0d6f8e15a741b90398f93d73484586c3eb3479f620760208e87c5b3db6c,0.0013097893565763847,0.008525476816591148,0.15363238734371398,EVALUABLE,EQUAL_FOLD_FAMILY_LINEAGE_THEN_CASE_MEAN_AS_APPLICABLE,EXPLORATORY_CONSUMED_DIAGNOSTIC_ONLY
SS,density_rate,LINEAGE,HMSO01R_A|FIELD_LINEAGE|15651b29629c1bcfb68ed12ef597d6352232a9bc607eac6bb7e574563cec2b00,8.088450981661426e-13,0.007227328601877166,1.1191480873805295e-10,EVALUABLE,EQUAL_FOLD_FAMILY_LINEAGE_THEN_CASE_MEAN_AS_APPLICABLE,EXPLORATORY_CONSUMED_DIAGNOSTIC_ONLY
SS,density_rate,LINEAGE,HMSO01R_A|FIELD_LINEAGE|16eb11153f438a544fbde5e29c9d4f0fc922c6cc49338ba6f7c68206ac580c7f,0.0,0.004135828218663193,0.0,EVALUABLE,EQUAL_FOLD_FAMILY_LINEAGE_THEN_CASE_MEAN_AS_APPLICABLE,EXPLORATORY_CONSUMED_DIAGNOSTIC_ONLY
SS,density_rate,LINEAGE,HMSO01R_A|FIELD_LINEAGE|17af857dc7e075f66db0acfe5114e05e0f490cc5340cc9cfe073ae813844b776,0.0040208758820249315,0.013644416245894962,0.29469020950124164,EVALUABLE,EQUAL_FOLD_FAMILY_LINEAGE_THEN_CASE_MEAN_AS_APPLICABLE,EXPLORATORY_CONSUMED_DIAGNOSTIC_ONLY
SS,density_rate,LINEAGE,HMSO01R_A|FIELD_LINEAGE|191e9f46778b3758f1f78fde4f9e2a46913f5a82ffc9889aaa9e18e41d67ee0e,4.4061148365282565e-16,0.010187416416577548,4.3250561833895137e-14,EVALUABLE,EQUAL_FOLD_FAMILY_LINEAGE_THEN_CASE_MEAN_AS_APPLICABLE,EXPLORATORY_CONSUMED_DIAGNOSTIC_ONLY
SS,density_rate,LINEAGE,HMSO01R_A|FIELD_LINEAGE|197d7ec024c0036b09ad028c746809cfe1ed712ccbb40eead96390c6dfdd817b,0.00015199679963073286,0.009890679819657761,0.015367679714860315,EVALUABLE,EQUAL_FOLD_FAMILY_LINEAGE_THEN_CASE_MEAN_AS_APPLICABLE,EXPLORATORY_CONSUMED_DIAGNOSTIC_ONLY
SS,density_rate,LINEAGE,HMSO01R_A|FIELD_LINEAGE|197ff926eb3d0f9ff98b06347687987d9933c0c4a0832b79258c496c53405132,0.002133727197574387,0.011630262838156208,0.1834633685641326,EVALUABLE,EQUAL_FOLD_FAMILY_LINEAGE_THEN_CASE_MEAN_AS_APPLICABLE,EXPLORATORY_CONSUMED_DIAGNOSTIC_ONLY
SS,density_rate,LINEAGE,HMSO01R_A|FIELD_LINEAGE|19bc9c15d585b69ea5a604b39577d278e2c7b171a2d899f0352dc2850b1dc0cb,6.387005108921693e-31,0.009248042797029135,6.906331695365283e-29,EVALUABLE,EQUAL_FOLD_FAMILY_LINEAGE_THEN_CASE_MEAN_AS_APPLICABLE,EXPLORATORY_CONSUMED_DIAGNOSTIC_ONLY
SS,density_rate,LINEAGE,HMSO01R_A|FIELD_LINEAGE|1a444bf8e4f5678b58a9ba1debf6e16323abf2899e40040f0bbc7e1608156e14,6.043577469347246e-17,0.004624002798201802,1.3070012569407383e-14,EVALUABLE,EQUAL_FOLD_FAMILY_LINEAGE_THEN_CASE_MEAN_AS_APPLICABLE,EXPLORATORY_CONSUMED_DIAGNOSTIC_ONLY
SS,density_rate,LINEAGE,HMSO01R_A|FIELD_LINEAGE|1b6f0cb3de33bc6abdb0882404222836bd00a9ad3c6fe2c95af35a87f0fa1200,0.0,0.008326855190004144,0.0,EVALUABLE,EQUAL_FOLD_FAMILY_LINEAGE_THEN_CASE_MEAN_AS_APPLICABLE,EXPLORATORY_CONSUMED_DIAGNOSTIC_ONLY
SS,density_rate,LINEAGE,HMSO01R_A|FIELD_LINEAGE|1d03c9c9f560219b53c739310adfe296cf8afec50561d01ce15be76ae73c1479,0.0,0.008219849889326192,0.0,EVALUABLE,EQUAL_FOLD_FAMILY_LINEAGE_THEN_CASE_MEAN_AS_APPLICABLE,EXPLORATORY_CONSUMED_DIAGNOSTIC_ONLY
SS,density_rate,LINEAGE,HMSO01R_A|FIELD_LINEAGE|1e499d17b9c103b93706f70e5fa2f7497086b8d1dab61b6d4e57ae6874e328ff,0.0,0.00904602808060823,0.0,EVALUABLE,EQUAL_FOLD_FAMILY_LINEAGE_THEN_CASE_MEAN_AS_APPLICABLE,EXPLORATORY_CONSUMED_DIAGNOSTIC_ONLY
SS,density_rate,LINEAGE,HMSO01R_A|FIELD_LINEAGE|20bbc33e3ce141e2f7eb99de3d0702689581411faf36ef6782c9dd4ff7bd0899,0.003196002494029208,0.008737031851512199,0.3657995699622002,EVALUABLE,EQUAL_FOLD_FAMILY_LINEAGE_THEN_CASE_MEAN_AS_APPLICABLE,EXPLORATORY_CONSUMED_DIAGNOSTIC_ONLY
SS,density_rate,LINEAGE,HMSO01R_A|FIELD_LINEAGE|20fd9f4e76cc9e98a79b808be25ffb0cc4d95c0522637973fd5963586426d614,2.7028080984035107e-12,0.006747798865889753,4.005466304080661e-10,EVALUABLE,EQUAL_FOLD_FAMILY_LINEAGE_THEN_CASE_MEAN_AS_APPLICABLE,EXPLORATORY_CONSUMED_DIAGNOSTIC_ONLY
SS,density_rate,LINEAGE,HMSO01R_A|FIELD_LINEAGE|21308456c1ed84c2854c7a093be1e48cf9af8d5768485e2a86892e0fd138af17,5.760475677785831e-05,0.008875768036561194,0.00649011516981651,EVALUABLE,EQUAL_FOLD_FAMILY_LINEAGE_THEN_CASE_MEAN_AS_APPLICABLE,EXPLORATORY_CONSUMED_DIAGNOSTIC_ONLY
SS,density_rate,LINEAGE,HMSO01R_A|FIELD_LINEAGE|21b79bdb11d90c0a9b01efce71ed9eec0d7fba61736210c4c1ab358a9c4e965a,8.337821109669546e-06,0.004395486245676141,0.0018969052895732516,EVALUABLE,EQUAL_FOLD_FAMILY_LINEAGE_THEN_CASE_MEAN_AS_APPLICABLE,EXPLORATORY_CONSUMED_DIAGNOSTIC_ONLY
SS,density_rate,LINEAGE,HMSO01R_A|FIELD_LINEAGE|21dfb26365637485a590f4aa1b2a5297d551eab87745fb26abbdd41a0e1d8daa,0.00018988423519378402,0.01038746478120343,0.018280132755529317,EVALUABLE,EQUAL_FOLD_FAMILY_LINEAGE_THEN_CASE_MEAN_AS_APPLICABLE,EXPLORATORY_CONSUMED_DIAGNOSTIC_ONLY
SS,density_rate,LINEAGE,HMSO01R_A|FIELD_LINEAGE|226b761343bde11d0f8531972b4efd2a54f34c441ce74b43268bfdfde41542ed,0.0,0.007892186214468574,0.0,EVALUABLE,EQUAL_FOLD_FAMILY_LINEAGE_THEN_CASE_MEAN_AS_APPLICABLE,EXPLORATORY_CONSUMED_DIAGNOSTIC_ONLY
SS,density_rate,LINEAGE,HMSO01R_A|FIELD_LINEAGE|292cdf1c570d6fb417a11eb6a7d4d830f9162a0bf0e09496e15edbaa84e1f3f4,0.0,0.009453025721693235,0.0,EVALUABLE,EQUAL_FOLD_FAMILY_LINEAGE_THEN_CASE_MEAN_AS_APPLICABLE,EXPLORATORY_CONSUMED_DIAGNOSTIC_ONLY
SS,density_rate,LINEAGE,HMSO01R_A|FIELD_LINEAGE|29dc93f9e64f8875b47eb06f84606bc0c4a0e9315877441085164bd7870ebc8e,0.013895544562443855,0.01026918321263056,1.3531304559210764,EVALUABLE,EQUAL_FOLD_FAMILY_LINEAGE_THEN_CASE_MEAN_AS_APPLICABLE,EXPLORATORY_CONSUMED_DIAGNOSTIC_ONLY
SS,density_rate,LINEAGE,HMSO01R_A|FIELD_LINEAGE|2bf67fa14447cc7892bedcae7ba79ef420cf3b1aa476bde75527a097c9a5c922,0.0,0.010269021730407928,0.0,EVALUABLE,EQUAL_FOLD_FAMILY_LINEAGE_THEN_CASE_MEAN_AS_APPLICABLE,EXPLORATORY_CONSUMED_DIAGNOSTIC_ONLY
SS,density_rate,LINEAGE,HMSO01R_A|FIELD_LINEAGE|2d885ab8e36e98def0f3a036fab45f57940afd290e12c42ece2cbbf2a0b7faed,5.494731755780591e-33,0.011613687922274418,4.731254871453879e-31,EVALUABLE,EQUAL_FOLD_FAMILY_LINEAGE_THEN_CASE_MEAN_AS_APPLICABLE,EXPLORATORY_CONSUMED_DIAGNOSTIC_ONLY
SS,density_rate,LINEAGE,HMSO01R_A|FIELD_LINEAGE|2e00a5aa730d3fe2629242ac9cb05445890c5ccd2cee3bc6b04bd3dcaa176cdc,0.010096606767498283,0.028408761462102937,0.3554046796783829,EVALUABLE,EQUAL_FOLD_FAMILY_LINEAGE_THEN_CASE_MEAN_AS_APPLICABLE,EXPLORATORY_CONSUMED_DIAGNOSTIC_ONLY
SS,density_rate,LINEAGE,HMSO01R_A|FIELD_LINEAGE|3264ae7008b91adb6f4b677f3ecc13cbe5ab1143b7f33ef501525d095e0b618c,0.0039922773376013234,0.007806328842434591,0.511415470470526,EVALUABLE,EQUAL_FOLD_FAMILY_LINEAGE_THEN_CASE_MEAN_AS_APPLICABLE,EXPLORATORY_CONSUMED_DIAGNOSTIC_ONLY
SS,density_rate,LINEAGE,HMSO01R_A|FIELD_LINEAGE|3283083498700d830b6f9393659c16097acacaf984f6c43b70c65438a233286d,1.145585622603981e-33,0.006557671893305557,1.7469395255554943e-31,EVALUABLE,EQUAL_FOLD_FAMILY_LINEAGE_THEN_CASE_MEAN_AS_APPLICABLE,EXPLORATORY_CONSUMED_DIAGNOSTIC_ONLY
SS,density_rate,LINEAGE,HMSO01R_A|FIELD_LINEAGE|34168bb92814c253cb6b05f8022442aa6cab311b67f648a00b758da530873bc9,4.100439227648321e-12,0.010839707414507432,3.782795116923965e-10,EVALUABLE,EQUAL_FOLD_FAMILY_LINEAGE_THEN_CASE_MEAN_AS_APPLICABLE,EXPLORATORY_CONSUMED_DIAGNOSTIC_ONLY
SS,density_rate,LINEAGE,HMSO01R_A|FIELD_LINEAGE|34a4e80876c1805c1767ae4dec4e60fe92b927519de4d3f4fc98d8e491efa006,0.06468384781189879,0.04176741282751531,1.5486678114112615,EVALUABLE,EQUAL_FOLD_FAMILY_LINEAGE_THEN_CASE_MEAN_AS_APPLICABLE,EXPLORATORY_CONSUMED_DIAGNOSTIC_ONLY
SS,density_rate,LINEAGE,HMSO01R_A|FIELD_LINEAGE|367777ab46eb41f1d6390744a91dc4aea35bac8f23f02a2f5c6dee473916edbd,8.348665567675618e-32,0.011098836669366513,7.522108682541893e-30,EVALUABLE,EQUAL_FOLD_FAMILY_LINEAGE_THEN_CASE_MEAN_AS_APPLICABLE,EXPLORATORY_CONSUMED_DIAGNOSTIC_ONLY
SS,density_rate,LINEAGE,HMSO01R_A|FIELD_LINEAGE|381d8f63546be0384f86ba8b518abcf8c4d107fec707374fb03828151e0b75af,1.406773142407166e-13,0.0087949793234025,1.5995184191779655e-11,EVALUABLE,EQUAL_FOLD_FAMILY_LINEAGE_THEN_CASE_MEAN_AS_APPLICABLE,EXPLORATORY_CONSUMED_DIAGNOSTIC_ONLY
SS,density_rate,LINEAGE,HMSO01R_A|FIELD_LINEAGE|38ed780ae9e2ceb725d12dc596e69f348d116c6ab5da75f5bae97744169a86db,0.0,0.009429750975380242,0.0,EVALUABLE,EQUAL_FOLD_FAMILY_LINEAGE_THEN_CASE_MEAN_AS_APPLICABLE,EXPLORATORY_CONSUMED_DIAGNOSTIC_ONLY
SS,density_rate,LINEAGE,HMSO01R_A|FIELD_LINEAGE|39a5eaeb1afddf9af00bec82f67fdf5414fc1d1e11076c2f86704fda2809ab87,6.314580109527706e-33,0.004184503157258984,1.509039394216638e-30,EVALUABLE,EQUAL_FOLD_FAMILY_LINEAGE_THEN_CASE_MEAN_AS_APPLICABLE,EXPLORATORY_CONSUMED_DIAGNOSTIC_ONLY
SS,density_rate,LINEAGE,HMSO01R_A|FIELD_LINEAGE|3c7ea9b77bf044ea3d9c6d199831fc605b20c1d7b4a9ad213eb80b5cab2c0296,0.0013789197978303924,0.01327285612599276,0.10389020906585428,EVALUABLE,EQUAL_FOLD_FAMILY_LINEAGE_THEN_CASE_MEAN_AS_APPLICABLE,EXPLORATORY_CONSUMED_DIAGNOSTIC_ONLY
SS,density_rate,LINEAGE,HMSO01R_A|FIELD_LINEAGE|3d33238d426baab3f4ff1c525309d0c0b825fb99fca42c8d1a5482ea92f2f1a6,0.0,0.00857278784594282,0.0,EVALUABLE,EQUAL_FOLD_FAMILY_LINEAGE_THEN_CASE_MEAN_AS_APPLICABLE,EXPLORATORY_CONSUMED_DIAGNOSTIC_ONLY
SS,density_rate,LINEAGE,HMSO01R_A|FIELD_LINEAGE|3e17b326e03465aac98a6b656cd3125c19ada3cc77d6223ebd6e30804155ff56,1.5531603221774035e-31,0.011054522035850303,1.404999978416467e-29,EVALUABLE,EQUAL_FOLD_FAMILY_LINEAGE_THEN_CASE_MEAN_AS_APPLICABLE,EXPLORATORY_CONSUMED_DIAGNOSTIC_ONLY
SS,density_rate,LINEAGE,HMSO01R_A|FIELD_LINEAGE|3e594f148c4f0181faaf58cc7906a2e9e8709c7be31e59cdc8bdd6b6b7c398a2,3.563082358751314e-14,0.010984079654825651,3.2438606334996304e-12,EVALUABLE,EQUAL_FOLD_FAMILY_LINEAGE_THEN_CASE_MEAN_AS_APPLICABLE,EXPLORATORY_CONSUMED_DIAGNOSTIC_ONLY
SS,density_rate,LINEAGE,HMSO01R_A|FIELD_LINEAGE|40ad278dca26109101acf56cf89434c2db030106327c552c8aaad7f18589b1fc,0.0034475521412056843,0.18553077725224038,0.018582103693332387,EVALUABLE,EQUAL_FOLD_FAMILY_LINEAGE_THEN_CASE_MEAN_AS_APPLICABLE,EXPLORATORY_CONSUMED_DIAGNOSTIC_ONLY
SS,density_rate,LINEAGE,HMSO01R_A|FIELD_LINEAGE|41b714ff189f53f826864cf9fac2bed83a6e097351a7033fcea23d658bf21b54,0.0,0.011751543003253992,0.0,EVALUABLE,EQUAL_FOLD_FAMILY_LINEAGE_THEN_CASE_MEAN_AS_APPLICABLE,EXPLORATORY_CONSUMED_DIAGNOSTIC_ONLY
SS,density_rate,LINEAGE,HMSO01R_A|FIELD_LINEAGE|41ec221cb0eeb1bbfd7efc4d5d4cd642cd62a71a09fd5ce2fc9fff0cbe48931c,3.521559178227363e-34,0.007759733239532044,4.5382477329075466e-32,EVALUABLE,EQUAL_FOLD_FAMILY_LINEAGE_THEN_CASE_MEAN_AS_APPLICABLE,EXPLORATORY_CONSUMED_DIAGNOSTIC_ONLY
SS,density_rate,LINEAGE,HMSO01R_A|FIELD_LINEAGE|429c6019f8749d53e4581b918e84a928af92c02c8bd8516136f7bea7e94cf671,1.0756348846480861e-13,0.009080265402714014,1.184585292327015e-11,EVALUABLE,EQUAL_FOLD_FAMILY_LINEAGE_THEN_CASE_MEAN_AS_APPLICABLE,EXPLORATORY_CONSUMED_DIAGNOSTIC_ONLY
SS,density_rate,LINEAGE,HMSO01R_A|FIELD_LINEAGE|42e50ef40056d389a76817004688f104ee3861e2ea394e0b7ded0e04dbc7e54e,0.0031197444936974066,0.008721868118070988,0.3576922342168365,EVALUABLE,EQUAL_FOLD_FAMILY_LINEAGE_THEN_CASE_MEAN_AS_APPLICABLE,EXPLORATORY_CONSUMED_DIAGNOSTIC_ONLY
SS,density_rate,LINEAGE,HMSO01R_A|FIELD_LINEAGE|43048a070f7e90a4b3daec507e653fb282b428f5e4cf309a72c949e8f5226bf3,1.7751913196852466e-31,0.011227150205743932,1.581159321068885e-29,EVALUABLE,EQUAL_FOLD_FAMILY_LINEAGE_THEN_CASE_MEAN_AS_APPLICABLE,EXPLORATORY_CONSUMED_DIAGNOSTIC_ONLY
SS,density_rate,LINEAGE,HMSO01R_A|FIELD_LINEAGE|4389c621e60229f631c944081b4adc544d96927c12f624ff90ee3e85668f651e,0.0008301992271293186,0.01205287747213414,0.06887975332435861,EVALUABLE,EQUAL_FOLD_FAMILY_LINEAGE_THEN_CASE_MEAN_AS_APPLICABLE,EXPLORATORY_CONSUMED_DIAGNOSTIC_ONLY
SS,density_rate,LINEAGE,HMSO01R_A|FIELD_LINEAGE|440a69e5e6d8a6266c3153ff4cc4273aafca8ec71c677d3f24cfa0db89cae65c,0.0,0.006973477427645073,0.0,EVALUABLE,EQUAL_FOLD_FAMILY_LINEAGE_THEN_CASE_MEAN_AS_APPLICABLE,EXPLORATORY_CONSUMED_DIAGNOSTIC_ONLY
SS,density_rate,LINEAGE,HMSO01R_A|FIELD_LINEAGE|4666d705aea26a6f22073d7a13f6e76c36824d125314c031a782f73ac5ba6779,0.003174064981002053,0.008958377251933656,0.3543124934057599,EVALUABLE,EQUAL_FOLD_FAMILY_LINEAGE_THEN_CASE_MEAN_AS_APPLICABLE,EXPLORATORY_CONSUMED_DIAGNOSTIC_ONLY
SS,density_rate,LINEAGE,HMSO01R_A|FIELD_LINEAGE|46ad1db2ba1a448aa8fcf8fea69b4b772861af80c9b661f505a8c591ffdfe68c,5.04564957905014e-32,0.010098659992552318,4.996355539023263e-30,EVALUABLE,EQUAL_FOLD_FAMILY_LINEAGE_THEN_CASE_MEAN_AS_APPLICABLE,EXPLORATORY_CONSUMED_DIAGNOSTIC_ONLY
SS,density_rate,LINEAGE,HMSO01R_A|FIELD_LINEAGE|4729596698ed7c65dd5f082aea4dac27cd26c6550de18eb2382e9ca6f186b90b,1.077319431268514e-13,0.007951866006062729,1.3548007856861964e-11,EVALUABLE,EQUAL_FOLD_FAMILY_LINEAGE_THEN_CASE_MEAN_AS_APPLICABLE,EXPLORATORY_CONSUMED_DIAGNOSTIC_ONLY
SS,density_rate,LINEAGE,HMSO01R_A|FIELD_LINEAGE|475ead0c3c732d8046f08c0918482fe4219c4fa643d2e948ba96c0bc2f6d887d,0.0,0.00767451210345914,0.0,EVALUABLE,EQUAL_FOLD_FAMILY_LINEAGE_THEN_CASE_MEAN_AS_APPLICABLE,EXPLORATORY_CONSUMED_DIAGNOSTIC_ONLY
SS,density_rate,LINEAGE,HMSO01R_A|FIELD_LINEAGE|49aae8e0ac8e4584d3624cd5459480c917c8157571a4f7ac9660003550146055,0.011142620888295911,0.009501372504315863,1.1727380316090685,EVALUABLE,EQUAL_FOLD_FAMILY_LINEAGE_THEN_CASE_MEAN_AS_APPLICABLE,EXPLORATORY_CONSUMED_DIAGNOSTIC_ONLY
SS,density_rate,LINEAGE,HMSO01R_A|FIELD_LINEAGE|4a864b01d23e69fbf80902fd3a728f366c9eb285ead51eb5724dfe25ca232031,1.035214024681188e-16,0.009347589725001553,1.1074662615030593e-14,EVALUABLE,EQUAL_FOLD_FAMILY_LINEAGE_THEN_CASE_MEAN_AS_APPLICABLE,EXPLORATORY_CONSUMED_DIAGNOSTIC_ONLY
SS,density_rate,LINEAGE,HMSO01R_A|FIELD_LINEAGE|4c3bbd0a7d56407cf1ccc6d516e10bc822949b03124ef92a27e554a97f6ed1b2,7.343091181101694e-15,0.007982659774254528,9.198802640674284e-13,EVALUABLE,EQUAL_FOLD_FAMILY_LINEAGE_THEN_CASE_MEAN_AS_APPLICABLE,EXPLORATORY_CONSUMED_DIAGNOSTIC_ONLY
SS,density_rate,LINEAGE,HMSO01R_A|FIELD_LINEAGE|4cf69c455bf1f50d880646e37d5ce58645992adb18a995a52fdf89583dcd2384,0.0,0.006499032801914311,0.0,EVALUABLE,EQUAL_FOLD_FAMILY_LINEAGE_THEN_CASE_MEAN_AS_APPLICABLE,EXPLORATORY_CONSUMED_DIAGNOSTIC_ONLY
SS,density_rate,LINEAGE,HMSO01R_A|FIELD_LINEAGE|51aa7e7dbbb5aa6496f5ed0b95d8e85438067333a238c5e41877a3cd9ace3175,3.665353299010995e-33,0.007424010107266031,4.9371609764157495e-31,EVALUABLE,EQUAL_FOLD_FAMILY_LINEAGE_THEN_CASE_MEAN_AS_APPLICABLE,EXPLORATORY_CONSUMED_DIAGNOSTIC_ONLY
SS,density_rate,LINEAGE,HMSO01R_A|FIELD_LINEAGE|541d56dfe6d37f091e41084f899b04aeee2814cee915608e406b47dce85c3c8b,1.2000304258056818e-15,0.004214727457966673,2.847231375631147e-13,EVALUABLE,EQUAL_FOLD_FAMILY_LINEAGE_THEN_CASE_MEAN_AS_APPLICABLE,EXPLORATORY_CONSUMED_DIAGNOSTIC_ONLY
SS,density_rate,LINEAGE,HMSO01R_A|FIELD_LINEAGE|55cdcba2ab757796978976644840d2bce6b96e998f32047a71aff1f289ed6480,0.0010881480197560411,0.011285652051476181,0.09641871065958565,EVALUABLE,EQUAL_FOLD_FAMILY_LINEAGE_THEN_CASE_MEAN_AS_APPLICABLE,EXPLORATORY_CONSUMED_DIAGNOSTIC_ONLY
SS,density_rate,LINEAGE,HMSO01R_A|FIELD_LINEAGE|56571c9b6d895bc0e855ce89225a188e41167fe16fc1aed7e4e19ab1ddaef9cb,0.0,0.012738358710806037,0.0,EVALUABLE,EQUAL_FOLD_FAMILY_LINEAGE_THEN_CASE_MEAN_AS_APPLICABLE,EXPLORATORY_CONSUMED_DIAGNOSTIC_ONLY
SS,density_rate,LINEAGE,HMSO01R_A|FIELD_LINEAGE|5717c014ee19e2404587fa3546273faef8d6d97d2a31a4b9e01b24770e476426,1.5358086094483393e-14,0.009452275007965506,1.6248031380319566e-12,EVALUABLE,EQUAL_FOLD_FAMILY_LINEAGE_THEN_CASE_MEAN_AS_APPLICABLE,EXPLORATORY_CONSUMED_DIAGNOSTIC_ONLY
SS,density_rate,LINEAGE,HMSO01R_A|FIELD_LINEAGE|5788e5f098ee24a0bfe3ef48cb7ba08a0bdbab2c319fd19eedc3c9eb4ac76f03,0.0011014252242686623,0.008151292960967713,0.13512276267615614,EVALUABLE,EQUAL_FOLD_FAMILY_LINEAGE_THEN_CASE_MEAN_AS_APPLICABLE,EXPLORATORY_CONSUMED_DIAGNOSTIC_ONLY
SS,density_rate,LINEAGE,HMSO01R_A|FIELD_LINEAGE|5851badadb2dbcb7aa9bd12e7e1999f87fd380febbee831ba86fec2a8906fa0a,0.0,0.004512900544849553,0.0,EVALUABLE,EQUAL_FOLD_FAMILY_LINEAGE_THEN_CASE_MEAN_AS_APPLICABLE,EXPLORATORY_CONSUMED_DIAGNOSTIC_ONLY
SS,density_rate,LINEAGE,HMSO01R_A|FIELD_LINEAGE|5915fb95e293a089619d78d1366edf95fa145cc69452df6337d9252e862b1502,1.7683877616187386e-16,0.00478468951350715,3.6959300214289566e-14,EVALUABLE,EQUAL_FOLD_FAMILY_LINEAGE_THEN_CASE_MEAN_AS_APPLICABLE,EXPLORATORY_CONSUMED_DIAGNOSTIC_ONLY
SS,density_rate,LINEAGE,HMSO01R_A|FIELD_LINEAGE|5932ef4f3ff2f79b2fa4005d45fb593b78f4308c6edd18917a8552256cdfcf19,0.0,0.009115514537337333,0.0,EVALUABLE,EQUAL_FOLD_FAMILY_LINEAGE_THEN_CASE_MEAN_AS_APPLICABLE,EXPLORATORY_CONSUMED_DIAGNOSTIC_ONLY
SS,density_rate,LINEAGE,HMSO01R_A|FIELD_LINEAGE|59aef3f6a7aa33f774612e58955e925638af1b151b9e6b2d7127236b21c1a5a6,0.0,0.0078091072577556216,0.0,EVALUABLE,EQUAL_FOLD_FAMILY_LINEAGE_THEN_CASE_MEAN_AS_APPLICABLE,EXPLORATORY_CONSUMED_DIAGNOSTIC_ONLY
SS,density_rate,LINEAGE,HMSO01R_A|FIELD_LINEAGE|5a0dbac6ae904f5529ad460639c41b1b383ca8809b93f779bcc31cb0fd08d08b,0.0,0.005895987798692422,0.0,EVALUABLE,EQUAL_FOLD_FAMILY_LINEAGE_THEN_CASE_MEAN_AS_APPLICABLE,EXPLORATORY_CONSUMED_DIAGNOSTIC_ONLY
SS,density_rate,LINEAGE,HMSO01R_A|FIELD_LINEAGE|5c056a7425c54539d868f52b6ae68a4c578195d4f6b5cb7d636be4eab2c2df8c,0.0,0.007704678231906624,0.0,EVALUABLE,EQUAL_FOLD_FAMILY_LINEAGE_THEN_CASE_MEAN_AS_APPLICABLE,EXPLORATORY_CONSUMED_DIAGNOSTIC_ONLY
SS,density_rate,LINEAGE,HMSO01R_A|FIELD_LINEAGE|5c07d2280b8a6c46f1c42b9f7878f3f5c5e2174c9419aaf05f2bb6b52ab2f5f6,0.0,0.009775916804953037,0.0,EVALUABLE,EQUAL_FOLD_FAMILY_LINEAGE_THEN_CASE_MEAN_AS_APPLICABLE,EXPLORATORY_CONSUMED_DIAGNOSTIC_ONLY
SS,density_rate,LINEAGE,HMSO01R_A|FIELD_LINEAGE|5cf76bdd12cdf0612bba343b6cf1b9e46ef0764cc183560f7b16acacca9460f1,0.0,0.004104337212374682,0.0,EVALUABLE,EQUAL_FOLD_FAMILY_LINEAGE_THEN_CASE_MEAN_AS_APPLICABLE,EXPLORATORY_CONSUMED_DIAGNOSTIC_ONLY
SS,density_rate,LINEAGE,HMSO01R_A|FIELD_LINEAGE|5d84595c43a38b585d7953f18ac50da686f8debb482b1cca6058cffe84d274b6,0.00483304278105464,0.007593124556397188,0.6365025023832666,EVALUABLE,EQUAL_FOLD_FAMILY_LINEAGE_THEN_CASE_MEAN_AS_APPLICABLE,EXPLORATORY_CONSUMED_DIAGNOSTIC_ONLY
SS,density_rate,LINEAGE,HMSO01R_A|FIELD_LINEAGE|5e2623db68536d2f4bee911245429597fdaee9006859890dec92aeaff707fe09,0.002452286279177392,0.011070139659213244,0.22152261440861315,EVALUABLE,EQUAL_FOLD_FAMILY_LINEAGE_THEN_CASE_MEAN_AS_APPLICABLE,EXPLORATORY_CONSUMED_DIAGNOSTIC_ONLY
SS,density_rate,LINEAGE,HMSO01R_A|FIELD_LINEAGE|61b0a8ee57598b36eed2786a9e3e1cafd7d1e5cb7b5052c92f6d5c1826bc6619,0.0010899463960886524,0.00962131431643076,0.11328456385914977,EVALUABLE,EQUAL_FOLD_FAMILY_LINEAGE_THEN_CASE_MEAN_AS_APPLICABLE,EXPLORATORY_CONSUMED_DIAGNOSTIC_ONLY
SS,density_rate,LINEAGE,HMSO01R_A|FIELD_LINEAGE|61d4f5ea89fdb94c7fd8a7150c89f5910fdf9e6c5a71383e850b5a750c8fcf55,0.012059028606042185,0.11108173907552918,0.10855995509615438,EVALUABLE,EQUAL_FOLD_FAMILY_LINEAGE_THEN_CASE_MEAN_AS_APPLICABLE,EXPLORATORY_CONSUMED_DIAGNOSTIC_ONLY
SS,density_rate,LINEAGE,HMSO01R_A|FIELD_LINEAGE|6260b45ec31956360cb50305f8ad9fa70be57f53fb24bc0523fc70aeb48f57ae,0.008793470699412796,0.023893238249309834,0.3680317672999724,EVALUABLE,EQUAL_FOLD_FAMILY_LINEAGE_THEN_CASE_MEAN_AS_APPLICABLE,EXPLORATORY_CONSUMED_DIAGNOSTIC_ONLY
SS,density_rate,LINEAGE,HMSO01R_A|FIELD_LINEAGE|6359faeb0765247f7e12d6c9e8bbc8898fa74fca5c76c863a6009dffddbcb32e,0.0238837513528863,0.017260251424003767,1.3837429575140057,EVALUABLE,EQUAL_FOLD_FAMILY_LINEAGE_THEN_CASE_MEAN_AS_APPLICABLE,EXPLORATORY_CONSUMED_DIAGNOSTIC_ONLY
SS,density_rate,LINEAGE,HMSO01R_A|FIELD_LINEAGE|64cf1977fe8b52c7e0fc1798d4810be4243b09c0886573ce42439c1eaf431667,7.52316384526264e-37,0.010735684292875334,7.007623957659912e-35,EVALUABLE,EQUAL_FOLD_FAMILY_LINEAGE_THEN_CASE_MEAN_AS_APPLICABLE,EXPLORATORY_CONSUMED_DIAGNOSTIC_ONLY
SS,density_rate,LINEAGE,HMSO01R_A|FIELD_LINEAGE|66e31e43c39c0807b2398e5067c9aaab318a50b596f04344988d8e71103f4693,0.0018942019753829514,0.007985246684106212,0.23721270617138976,EVALUABLE,EQUAL_FOLD_FAMILY_LINEAGE_THEN_CASE_MEAN_AS_APPLICABLE,EXPLORATORY_CONSUMED_DIAGNOSTIC_ONLY
SS,density_rate,LINEAGE,HMSO01R_A|FIELD_LINEAGE|6918def6b8a6923e67fc2a25f9ee5a59a177f2b6c9bf8dfd922cd28ef3b4c287,0.007612397621886009,0.024449234561376338,0.3113552533833386,EVALUABLE,EQUAL_FOLD_FAMILY_LINEAGE_THEN_CASE_MEAN_AS_APPLICABLE,EXPLORATORY_CONSUMED_DIAGNOSTIC_ONLY
SS,density_rate,LINEAGE,HMSO01R_A|FIELD_LINEAGE|6aba5ce17b9c02240405669069c0b485de9d3ce1714e3e85b0411d61ec7beb5e,3.997984823314717e-34,0.00924159569849882,4.326076311652694e-32,EVALUABLE,EQUAL_FOLD_FAMILY_LINEAGE_THEN_CASE_MEAN_AS_APPLICABLE,EXPLORATORY_CONSUMED_DIAGNOSTIC_ONLY
SS,density_rate,LINEAGE,HMSO01R_A|FIELD_LINEAGE|6ad90de4847db7d34a3540ed573a050180b363be817d3503c19045b1a2f0ed3c,0.008174021684108058,0.022797241728411424,0.3585530996024424,EVALUABLE,EQUAL_FOLD_FAMILY_LINEAGE_THEN_CASE_MEAN_AS_APPLICABLE,EXPLORATORY_CONSUMED_DIAGNOSTIC_ONLY
SS,density_rate,LINEAGE,HMSO01R_A|FIELD_LINEAGE|6af5032f0b166e8e3ff27ce0b5fdfb49cda87c61afe66a4eb6eb807e625daf8a,1.2785775017343544e-12,0.008336479471293116,1.5337139689927495e-10,EVALUABLE,EQUAL_FOLD_FAMILY_LINEAGE_THEN_CASE_MEAN_AS_APPLICABLE,EXPLORATORY_CONSUMED_DIAGNOSTIC_ONLY
SS,density_rate,LINEAGE,HMSO01R_A|FIELD_LINEAGE|6d1fc2b84d6da564ae936d907e04365ad5b63a9377b77c1faa05d68a9fe06d3c,0.0,0.013713252118273019,0.0,EVALUABLE,EQUAL_FOLD_FAMILY_LINEAGE_THEN_CASE_MEAN_AS_APPLICABLE,EXPLORATORY_CONSUMED_DIAGNOSTIC_ONLY
SS,density_rate,LINEAGE,HMSO01R_A|FIELD_LINEAGE|6d4353b03da9874056ea6f087e4493dcb629a7b8bd4a1eabce0a6b1b20255b6c,0.06901579133178447,0.08689455852936068,0.7942475627914586,EVALUABLE,EQUAL_FOLD_FAMILY_LINEAGE_THEN_CASE_MEAN_AS_APPLICABLE,EXPLORATORY_CONSUMED_DIAGNOSTIC_ONLY
SS,density_rate,LINEAGE,HMSO01R_A|FIELD_LINEAGE|70dd50135b0ce37b393c6eae858eae2988f95a40a860753345e473ce01dd9d91,0.0,0.010343973212392485,0.0,EVALUABLE,EQUAL_FOLD_FAMILY_LINEAGE_THEN_CASE_MEAN_AS_APPLICABLE,EXPLORATORY_CONSUMED_DIAGNOSTIC_ONLY
SS,density_rate,LINEAGE,HMSO01R_A|FIELD_LINEAGE|724fd3a44cb8ec4985e45f721837e7f4eeea1666b35a166345e025918455e304,0.0,0.009595638828872658,0.0,EVALUABLE,EQUAL_FOLD_FAMILY_LINEAGE_THEN_CASE_MEAN_AS_APPLICABLE,EXPLORATORY_CONSUMED_DIAGNOSTIC_ONLY
SS,density_rate,LINEAGE,HMSO01R_A|FIELD_LINEAGE|72bbc35959df916eca72e8fb7e723c361c09592753187c3754f344aae218c230,0.0,0.008691393754400655,0.0,EVALUABLE,EQUAL_FOLD_FAMILY_LINEAGE_THEN_CASE_MEAN_AS_APPLICABLE,EXPLORATORY_CONSUMED_DIAGNOSTIC_ONLY
SS,density_rate,LINEAGE,HMSO01R_A|FIELD_LINEAGE|73f5ee97e40c47c1aa5579bcf72cf190dfaf3aad2886cc887f3295530388016c,0.0,0.005768528739036135,0.0,EVALUABLE,EQUAL_FOLD_FAMILY_LINEAGE_THEN_CASE_MEAN_AS_APPLICABLE,EXPLORATORY_CONSUMED_DIAGNOSTIC_ONLY
SS,density_rate,LINEAGE,HMSO01R_A|FIELD_LINEAGE|75819144781d043ebbeb8c2d3fbfa9139c47542df53315ab71a80a7addb49109,0.0,0.010862765448810574,0.0,EVALUABLE,EQUAL_FOLD_FAMILY_LINEAGE_THEN_CASE_MEAN_AS_APPLICABLE,EXPLORATORY_CONSUMED_DIAGNOSTIC_ONLY
SS,density_rate,LINEAGE,HMSO01R_A|FIELD_LINEAGE|7583af7a3fd0bfbef70db28fd30d8a1112bd000451f8c0ebdcd0eabb3acf22a1,1.3525837317723916e-14,0.004090512523434232,3.306636329857306e-12,EVALUABLE,EQUAL_FOLD_FAMILY_LINEAGE_THEN_CASE_MEAN_AS_APPLICABLE,EXPLORATORY_CONSUMED_DIAGNOSTIC_ONLY
SS,density_rate,LINEAGE,HMSO01R_A|FIELD_LINEAGE|788bb18808dd1be8d0fa3d7caafb9ed17441fce457a419d2bbaf861831d83a81,1.590079030911833e-12,0.00811397264500901,1.9596800488228258e-10,EVALUABLE,EQUAL_FOLD_FAMILY_LINEAGE_THEN_CASE_MEAN_AS_APPLICABLE,EXPLORATORY_CONSUMED_DIAGNOSTIC_ONLY
SS,density_rate,LINEAGE,HMSO01R_A|FIELD_LINEAGE|7a0ba19f2cf324db5922acc61291c51f82b574717f73f269f12eae7bcc99ab35,0.0,0.008867084975791467,0.0,EVALUABLE,EQUAL_FOLD_FAMILY_LINEAGE_THEN_CASE_MEAN_AS_APPLICABLE,EXPLORATORY_CONSUMED_DIAGNOSTIC_ONLY
SS,density_rate,LINEAGE,HMSO01R_A|FIELD_LINEAGE|7a40ff07646995058d8981271562dfa4f2cc77b96f79dba59c7ae90f96586134,0.014216886913170293,0.03422571421451251,0.4153861282211606,EVALUABLE,EQUAL_FOLD_FAMILY_LINEAGE_THEN_CASE_MEAN_AS_APPLICABLE,EXPLORATORY_CONSUMED_DIAGNOSTIC_ONLY
SS,density_rate,LINEAGE,HMSO01R_A|FIELD_LINEAGE|7a536ab09e10cdf42c9afdd1f0f02ad4a5141ab50a8f50eb0b247ee08a4c67c0,0.007828652279335914,0.009059037717336679,0.8641814421805396,EVALUABLE,EQUAL_FOLD_FAMILY_LINEAGE_THEN_CASE_MEAN_AS_APPLICABLE,EXPLORATORY_CONSUMED_DIAGNOSTIC_ONLY
SS,density_rate,LINEAGE,HMSO01R_A|FIELD_LINEAGE|7b060c06cca73ad49fc21e32e1688bcbe34e5745a78029b452cbacf697a204be,0.0,0.009360494021959188,0.0,EVALUABLE,EQUAL_FOLD_FAMILY_LINEAGE_THEN_CASE_MEAN_AS_APPLICABLE,EXPLORATORY_CONSUMED_DIAGNOSTIC_ONLY
SS,density_rate,LINEAGE,HMSO01R_A|FIELD_LINEAGE|7be8c21ecd7eaebf293b54b94f1920e19f00da5d0e416aaa8f7c69137970c399,2.1734278590274208e-15,0.005089296889377461,4.2705857140381556e-13,EVALUABLE,EQUAL_FOLD_FAMILY_LINEAGE_THEN_CASE_MEAN_AS_APPLICABLE,EXPLORATORY_CONSUMED_DIAGNOSTIC_ONLY
SS,density_rate,LINEAGE,HMSO01R_A|FIELD_LINEAGE|7c009b8ab0dfadca9095462a890aab36eac46b48a3c131f7a908a8d37a21f707,0.0010215505373037718,0.004838880290856182,0.21111300050843385,EVALUABLE,EQUAL_FOLD_FAMILY_LINEAGE_THEN_CASE_MEAN_AS_APPLICABLE,EXPLORATORY_CONSUMED_DIAGNOSTIC_ONLY
SS,density_rate,LINEAGE,HMSO01R_A|FIELD_LINEAGE|7cb12f064a9c8069fd15f2a86fa0ddd017328ca5cc4b0fc515bbfbdd4c6e6858,0.019923954489047775,0.03954565145800134,0.5038216277763842,EVALUABLE,EQUAL_FOLD_FAMILY_LINEAGE_THEN_CASE_MEAN_AS_APPLICABLE,EXPLORATORY_CONSUMED_DIAGNOSTIC_ONLY
SS,density_rate,LINEAGE,HMSO01R_A|FIELD_LINEAGE|7f5e5896e83ee81bc858adc8fff5befe2b2c76e1183ff21435261a6621560b2c,0.0,0.005789043768512708,0.0,EVALUABLE,EQUAL_FOLD_FAMILY_LINEAGE_THEN_CASE_MEAN_AS_APPLICABLE,EXPLORATORY_CONSUMED_DIAGNOSTIC_ONLY
SS,density_rate,LINEAGE,HMSO01R_A|FIELD_LINEAGE|7fcdfe3b32b571e4d4b1a4e7c1702d5dffaf41926d62628c6a434d692409d901,4.16026847661731e-33,0.01252423186381245,3.321775356649218e-31,EVALUABLE,EQUAL_FOLD_FAMILY_LINEAGE_THEN_CASE_MEAN_AS_APPLICABLE,EXPLORATORY_CONSUMED_DIAGNOSTIC_ONLY
SS,density_rate,LINEAGE,HMSO01R_A|FIELD_LINEAGE|7fd6bba4cc2991027e04cc510555a1b3e651423143c79ecd367c197fbfdf8786,3.9188394441597477e-16,0.0070866393518457076,5.5298982346817044e-14,EVALUABLE,EQUAL_FOLD_FAMILY_LINEAGE_THEN_CASE_MEAN_AS_APPLICABLE,EXPLORATORY_CONSUMED_DIAGNOSTIC_ONLY
SS,density_rate,LINEAGE,HMSO01R_A|FIELD_LINEAGE|7fd9257249644666dfcbc65ef0f9aa8090d87f1c93f77579cc137a1fc016a884,7.801896205014165e-15,0.01201886786880039,6.491373638666083e-13,EVALUABLE,EQUAL_FOLD_FAMILY_LINEAGE_THEN_CASE_MEAN_AS_APPLICABLE,EXPLORATORY_CONSUMED_DIAGNOSTIC_ONLY
SS,density_rate,LINEAGE,HMSO01R_A|FIELD_LINEAGE|81c7292472bf739bf28836ff17c69dda49199278b75cd9c66130df6be7c143fb,0.0,0.00701029425740852,0.0,EVALUABLE,EQUAL_FOLD_FAMILY_LINEAGE_THEN_CASE_MEAN_AS_APPLICABLE,EXPLORATORY_CONSUMED_DIAGNOSTIC_ONLY
SS,density_rate,LINEAGE,HMSO01R_A|FIELD_LINEAGE|8319212c9598ce2f7cd195e20de66435ffdb6ab6aeedf4d663d53cb3966ebc0a,0.0007354528771818267,0.01563233906444475,0.047046886211327806,EVALUABLE,EQUAL_FOLD_FAMILY_LINEAGE_THEN_CASE_MEAN_AS_APPLICABLE,EXPLORATORY_CONSUMED_DIAGNOSTIC_ONLY
SS,density_rate,LINEAGE,HMSO01R_A|FIELD_LINEAGE|83c68f311cba3e93368aeeec1e81f7eebc2d9d8bfb68a0ba32cbc3fe731f6155,5.2151519998802276e-11,0.007697585133321069,6.775049459739053e-09,EVALUABLE,EQUAL_FOLD_FAMILY_LINEAGE_THEN_CASE_MEAN_AS_APPLICABLE,EXPLORATORY_CONSUMED_DIAGNOSTIC_ONLY
SS,density_rate,LINEAGE,HMSO01R_A|FIELD_LINEAGE|8573999ac09da70da8d1802997d1dd1b2879d7ff239af35fb1a185a39cc1f420,0.008382041793930888,0.02776821152835195,0.30185745975655076,EVALUABLE,EQUAL_FOLD_FAMILY_LINEAGE_THEN_CASE_MEAN_AS_APPLICABLE,EXPLORATORY_CONSUMED_DIAGNOSTIC_ONLY
SS,density_rate,LINEAGE,HMSO01R_A|FIELD_LINEAGE|86c895c14384dc9ce73736790948d3516d7de8be96dc834ec48d9a651e6b8e5e,0.005372338330137101,0.010060691493499543,0.5339929500480458,EVALUABLE,EQUAL_FOLD_FAMILY_LINEAGE_THEN_CASE_MEAN_AS_APPLICABLE,EXPLORATORY_CONSUMED_DIAGNOSTIC_ONLY
SS,density_rate,LINEAGE,HMSO01R_A|FIELD_LINEAGE|86f4c153dee170c8ee8f47b2eb988fa25bcda8c9a7b6fd68a3d7256dc3af0a1f,0.0,0.008008771308198975,0.0,EVALUABLE,EQUAL_FOLD_FAMILY_LINEAGE_THEN_CASE_MEAN_AS_APPLICABLE,EXPLORATORY_CONSUMED_DIAGNOSTIC_ONLY
SS,density_rate,LINEAGE,HMSO01R_A|FIELD_LINEAGE|87172e4156e9f066a6ea7ab3304062c939784ea4bd0f5f1cf466bbc2d6008cc6,0.0,0.008285044957570084,0.0,EVALUABLE,EQUAL_FOLD_FAMILY_LINEAGE_THEN_CASE_MEAN_AS_APPLICABLE,EXPLORATORY_CONSUMED_DIAGNOSTIC_ONLY
SS,density_rate,LINEAGE,HMSO01R_A|FIELD_LINEAGE|8788043b5775de130eade6a54c5654805d8ed31cc68fcfa8928c3b7150abef48,9.105965517744075e-33,0.007298601402016288,1.2476315688685902e-30,EVALUABLE,EQUAL_FOLD_FAMILY_LINEAGE_THEN_CASE_MEAN_AS_APPLICABLE,EXPLORATORY_CONSUMED_DIAGNOSTIC_ONLY
SS,density_rate,LINEAGE,HMSO01R_A|FIELD_LINEAGE|88fd5f86ca9cc426c28ce681d06ea15f58c6c7889170fcda146bde128f6121e4,0.0,0.00960024776402527,0.0,EVALUABLE,EQUAL_FOLD_FAMILY_LINEAGE_THEN_CASE_MEAN_AS_APPLICABLE,EXPLORATORY_CONSUMED_DIAGNOSTIC_ONLY
SS,density_rate,LINEAGE,HMSO01R_A|FIELD_LINEAGE|8a6dd2252f8c5f8f08c3ba5ae9cf89d97575348634ba471a1a84e7de612ac6f3,0.020429301046651287,0.05087702321142734,0.4015427742648025,EVALUABLE,EQUAL_FOLD_FAMILY_LINEAGE_THEN_CASE_MEAN_AS_APPLICABLE,EXPLORATORY_CONSUMED_DIAGNOSTIC_ONLY
SS,density_rate,LINEAGE,HMSO01R_A|FIELD_LINEAGE|8af782533dccfef4a682f44ff365b7014ae448a56bd62c92877bbd37640adb31,3.5803422142950346e-05,0.00785689967519339,0.004556940221089063,EVALUABLE,EQUAL_FOLD_FAMILY_LINEAGE_THEN_CASE_MEAN_AS_APPLICABLE,EXPLORATORY_CONSUMED_DIAGNOSTIC_ONLY
SS,density_rate,LINEAGE,HMSO01R_A|FIELD_LINEAGE|8d1e4918227588e163eea87a946c88983d6e03486114766be90d0602757fb4c2,0.004434002394653593,0.012669784296996629,0.34996668378203355,EVALUABLE,EQUAL_FOLD_FAMILY_LINEAGE_THEN_CASE_MEAN_AS_APPLICABLE,EXPLORATORY_CONSUMED_DIAGNOSTIC_ONLY
SS,density_rate,LINEAGE,HMSO01R_A|FIELD_LINEAGE|8e3408f57249bc00fdafb475f758686e9ee7a95dad97ecf63f9b3a27f383de5d,0.013175019437756336,0.0286788652555469,0.45939821259866964,EVALUABLE,EQUAL_FOLD_FAMILY_LINEAGE_THEN_CASE_MEAN_AS_APPLICABLE,EXPLORATORY_CONSUMED_DIAGNOSTIC_ONLY
SS,density_rate,LINEAGE,HMSO01R_A|FIELD_LINEAGE|8e40e60ae6de8d393e4f96f7c0cdfd3570298138a8d1d44c6db1dc858b71a31e,0.0,0.00943236695019567,0.0,EVALUABLE,EQUAL_FOLD_FAMILY_LINEAGE_THEN_CASE_MEAN_AS_APPLICABLE,EXPLORATORY_CONSUMED_DIAGNOSTIC_ONLY
SS,density_rate,LINEAGE,HMSO01R_A|FIELD_LINEAGE|8fbd2d8c6238dbc0e3f8ebbea9ee429eb1cbd0b7ebf5580cffb8e79372f4cf04,0.0,0.009044498644714299,0.0,EVALUABLE,EQUAL_FOLD_FAMILY_LINEAGE_THEN_CASE_MEAN_AS_APPLICABLE,EXPLORATORY_CONSUMED_DIAGNOSTIC_ONLY
SS,density_rate,LINEAGE,HMSO01R_A|FIELD_LINEAGE|9035657b1a9729d4b57919992bee8d9ea960c2a587c8d3877d9c920d8fa2a77c,0.0,0.00557110878626055,0.0,EVALUABLE,EQUAL_FOLD_FAMILY_LINEAGE_THEN_CASE_MEAN_AS_APPLICABLE,EXPLORATORY_CONSUMED_DIAGNOSTIC_ONLY
SS,density_rate,LINEAGE,HMSO01R_A|FIELD_LINEAGE|9239a350bed02b809dafe66125991e7de2c0c1c20b38f7689dc19527329619d6,2.0628268519863535e-14,0.007864370658133238,2.6230030877969908e-12,EVALUABLE,EQUAL_FOLD_FAMILY_LINEAGE_THEN_CASE_MEAN_AS_APPLICABLE,EXPLORATORY_CONSUMED_DIAGNOSTIC_ONLY
SS,density_rate,LINEAGE,HMSO01R_A|FIELD_LINEAGE|9415b727187c332c72260d653b657bcbe590635140818a0978bae1e8dcd4568b,0.0,0.009089844898767387,0.0,EVALUABLE,EQUAL_FOLD_FAMILY_LINEAGE_THEN_CASE_MEAN_AS_APPLICABLE,EXPLORATORY_CONSUMED_DIAGNOSTIC_ONLY
SS,density_rate,LINEAGE,HMSO01R_A|FIELD_LINEAGE|95873981d02cb2a4e333122aa57c7927c33fccc49c0b93590a6b549f6bec57f1,0.0,0.008612805099775125,0.0,EVALUABLE,EQUAL_FOLD_FAMILY_LINEAGE_THEN_CASE_MEAN_AS_APPLICABLE,EXPLORATORY_CONSUMED_DIAGNOSTIC_ONLY
SS,density_rate,LINEAGE,HMSO01R_A|FIELD_LINEAGE|970bbd18dffee12c05308155c993436bfc58e77384e4967420f4e2e03156c88b,0.0,0.009972651776770093,0.0,EVALUABLE,EQUAL_FOLD_FAMILY_LINEAGE_THEN_CASE_MEAN_AS_APPLICABLE,EXPLORATORY_CONSUMED_DIAGNOSTIC_ONLY
SS,density_rate,LINEAGE,HMSO01R_A|FIELD_LINEAGE|97c8122849aa3cb13b599389c011f78352d49decd5677988d0a2a6da7c39f700,1.7465386129887073e-35,0.007922044335242316,2.204656448612623e-33,EVALUABLE,EQUAL_FOLD_FAMILY_LINEAGE_THEN_CASE_MEAN_AS_APPLICABLE,EXPLORATORY_CONSUMED_DIAGNOSTIC_ONLY
SS,density_rate,LINEAGE,HMSO01R_A|FIELD_LINEAGE|97fbdfbd64658c72d9a31f61eea2acf4543cf9ba5532a2ed052d1358412ef553,1.3103675898817856e-05,0.007137824788330466,0.001835808006977263,EVALUABLE,EQUAL_FOLD_FAMILY_LINEAGE_THEN_CASE_MEAN_AS_APPLICABLE,EXPLORATORY_CONSUMED_DIAGNOSTIC_ONLY
SS,density_rate,LINEAGE,HMSO01R_A|FIELD_LINEAGE|98ef721075a1ebd7c92edcbcf7747aac6c3d77c4f9c29f15e5d83577ad6d7f6b,0.07721048583395386,0.037438510502229565,2.0623279291347814,EVALUABLE,EQUAL_FOLD_FAMILY_LINEAGE_THEN_CASE_MEAN_AS_APPLICABLE,EXPLORATORY_CONSUMED_DIAGNOSTIC_ONLY
SS,density_rate,LINEAGE,HMSO01R_A|FIELD_LINEAGE|99c13161db8958c19a30a96b96a6940cece539d1c84e808e21dfa37710ec6894,0.002042143200981865,0.007180246793831317,0.2844112827342241,EVALUABLE,EQUAL_FOLD_FAMILY_LINEAGE_THEN_CASE_MEAN_AS_APPLICABLE,EXPLORATORY_CONSUMED_DIAGNOSTIC_ONLY
SS,density_rate,LINEAGE,HMSO01R_A|FIELD_LINEAGE|9a24c02f87d28fecb69b79ddff22c8eb176badf445e6b5b8234aa2a46b73c349,5.431215809232246e-13,0.008243193482652634,6.58872780392933e-11,EVALUABLE,EQUAL_FOLD_FAMILY_LINEAGE_THEN_CASE_MEAN_AS_APPLICABLE,EXPLORATORY_CONSUMED_DIAGNOSTIC_ONLY
SS,density_rate,LINEAGE,HMSO01R_A|FIELD_LINEAGE|9aaa52aa8afb4f9adfe0d0e7ddb5e3e8101852fdd6ef0a635cf3875b473d16a7,3.2998866881487868e-12,0.007525153239774343,4.3851421798391714e-10,EVALUABLE,EQUAL_FOLD_FAMILY_LINEAGE_THEN_CASE_MEAN_AS_APPLICABLE,EXPLORATORY_CONSUMED_DIAGNOSTIC_ONLY
SS,density_rate,LINEAGE,HMSO01R_A|FIELD_LINEAGE|9c004dbe18905f4181f1a701e81649fc67e98b969674994e8f64827f6fb4c765,0.001212679843538397,0.008135639641491076,0.14905771358822634,EVALUABLE,EQUAL_FOLD_FAMILY_LINEAGE_THEN_CASE_MEAN_AS_APPLICABLE,EXPLORATORY_CONSUMED_DIAGNOSTIC_ONLY
SS,density_rate,LINEAGE,HMSO01R_A|FIELD_LINEAGE|9c5f7b50a01e8dafcf4be2d7df61fd0da86b2229fe32286852ed3ad88cce82f1,0.012518371482445709,0.03277872664785158,0.3819053624911388,EVALUABLE,EQUAL_FOLD_FAMILY_LINEAGE_THEN_CASE_MEAN_AS_APPLICABLE,EXPLORATORY_CONSUMED_DIAGNOSTIC_ONLY
SS,density_rate,LINEAGE,HMSO01R_A|FIELD_LINEAGE|9f471cc2328d66ccf0ca43f62bf5e261a867f85eeac6edc5a472072ca388bff6,0.0,0.007664711548344218,0.0,EVALUABLE,EQUAL_FOLD_FAMILY_LINEAGE_THEN_CASE_MEAN_AS_APPLICABLE,EXPLORATORY_CONSUMED_DIAGNOSTIC_ONLY
SS,density_rate,LINEAGE,HMSO01R_A|FIELD_LINEAGE|9ff02fac76e3803bb8391cba4035dfa7a72d5220975092d818302f10f07c08e9,0.0,0.006070659545326316,0.0,EVALUABLE,EQUAL_FOLD_FAMILY_LINEAGE_THEN_CASE_MEAN_AS_APPLICABLE,EXPLORATORY_CONSUMED_DIAGNOSTIC_ONLY
SS,density_rate,LINEAGE,HMSO01R_A|FIELD_LINEAGE|a1c0a919ad122615714cbb9f6b50981061d4f68fe06b618c4cd2688f52f12391,0.0,0.006889803413923663,0.0,EVALUABLE,EQUAL_FOLD_FAMILY_LINEAGE_THEN_CASE_MEAN_AS_APPLICABLE,EXPLORATORY_CONSUMED_DIAGNOSTIC_ONLY
SS,density_rate,LINEAGE,HMSO01R_A|FIELD_LINEAGE|a2187a6938903010b61ee85d06f597d4029728ee0de5541c03daf2ed126b189e,0.0,0.010848348110448394,0.0,EVALUABLE,EQUAL_FOLD_FAMILY_LINEAGE_THEN_CASE_MEAN_AS_APPLICABLE,EXPLORATORY_CONSUMED_DIAGNOSTIC_ONLY
SS,density_rate,LINEAGE,HMSO01R_A|FIELD_LINEAGE|a2bcc80ca3b9ebb8f54401e7b09de472e9adbce971c85048bd40ce15be44ea6a,0.02051734607812162,0.05457354047764289,0.37595776082233384,EVALUABLE,EQUAL_FOLD_FAMILY_LINEAGE_THEN_CASE_MEAN_AS_APPLICABLE,EXPLORATORY_CONSUMED_DIAGNOSTIC_ONLY
SS,density_rate,LINEAGE,HMSO01R_A|FIELD_LINEAGE|a3f750d8c1551c6ecf78f876fab114a3481105b16656dddc657ee8cfb50fd48b,0.000376870958549664,0.01062386198889212,0.035474007375444545,EVALUABLE,EQUAL_FOLD_FAMILY_LINEAGE_THEN_CASE_MEAN_AS_APPLICABLE,EXPLORATORY_CONSUMED_DIAGNOSTIC_ONLY
SS,density_rate,LINEAGE,HMSO01R_A|FIELD_LINEAGE|a594f1a43c118c7761d223f6f34e42847c31c67fc6b06838b968dcc65b6c3356,3.362696873335294e-33,0.007855383430711141,4.280754597144944e-31,EVALUABLE,EQUAL_FOLD_FAMILY_LINEAGE_THEN_CASE_MEAN_AS_APPLICABLE,EXPLORATORY_CONSUMED_DIAGNOSTIC_ONLY
SS,density_rate,LINEAGE,HMSO01R_A|FIELD_LINEAGE|a7458b96c9ce1c60bf3ea9d352424b7dd251e22480db263be2c5716c65dc6939,0.0,0.009770989207708145,0.0,EVALUABLE,EQUAL_FOLD_FAMILY_LINEAGE_THEN_CASE_MEAN_AS_APPLICABLE,EXPLORATORY_CONSUMED_DIAGNOSTIC_ONLY
SS,density_rate,LINEAGE,HMSO01R_A|FIELD_LINEAGE|a97cf87a717a68b745e28078c021ba65c881711a1cd171188bc4affd3a1b5795,0.0,0.0037263857683091754,0.0,EVALUABLE,EQUAL_FOLD_FAMILY_LINEAGE_THEN_CASE_MEAN_AS_APPLICABLE,EXPLORATORY_CONSUMED_DIAGNOSTIC_ONLY
SS,density_rate,LINEAGE,HMSO01R_A|FIELD_LINEAGE|ad302a05132d9f111349ae57a7badd9ffd336cce6f517d6dda76a6f130659828,0.0,0.007379153076202998,0.0,EVALUABLE,EQUAL_FOLD_FAMILY_LINEAGE_THEN_CASE_MEAN_AS_APPLICABLE,EXPLORATORY_CONSUMED_DIAGNOSTIC_ONLY
SS,density_rate,LINEAGE,HMSO01R_A|FIELD_LINEAGE|adcf8aaea780832e88b7b6b779fb3ef2ecab338dd7379ac8654e7aabdcee4b4f,0.0,0.005342392979328651,0.0,EVALUABLE,EQUAL_FOLD_FAMILY_LINEAGE_THEN_CASE_MEAN_AS_APPLICABLE,EXPLORATORY_CONSUMED_DIAGNOSTIC_ONLY
SS,density_rate,LINEAGE,HMSO01R_A|FIELD_LINEAGE|b0c6a47a41827791b3e03b32c3cfc7642f7c46055e5fbdc618a902dd60890cc0,0.0023387887566052082,0.008709864613831594,0.2685218267217522,EVALUABLE,EQUAL_FOLD_FAMILY_LINEAGE_THEN_CASE_MEAN_AS_APPLICABLE,EXPLORATORY_CONSUMED_DIAGNOSTIC_ONLY
SS,density_rate,LINEAGE,HMSO01R_A|FIELD_LINEAGE|b1b50b97bc0f473e266ef9eb8a1e2e2edee23dadabeb0645af363d822d4db947,0.00023957339303405369,0.014578606993456561,0.01643321567976854,EVALUABLE,EQUAL_FOLD_FAMILY_LINEAGE_THEN_CASE_MEAN_AS_APPLICABLE,EXPLORATORY_CONSUMED_DIAGNOSTIC_ONLY
SS,density_rate,LINEAGE,HMSO01R_A|FIELD_LINEAGE|b1c696b82fff7183ba4fc0ae8ce4363fcd56ada1cc6ffa171713dda9524816e8,1.0522598726778807e-05,0.0043234224310264475,0.0024338585679865147,EVALUABLE,EQUAL_FOLD_FAMILY_LINEAGE_THEN_CASE_MEAN_AS_APPLICABLE,EXPLORATORY_CONSUMED_DIAGNOSTIC_ONLY
SS,density_rate,LINEAGE,HMSO01R_A|FIELD_LINEAGE|b2211d9018dde472457c7d9570d8b744ae480cbc84526fced16d30cb565fdb61,0.0,0.009604164427310137,0.0,EVALUABLE,EQUAL_FOLD_FAMILY_LINEAGE_THEN_CASE_MEAN_AS_APPLICABLE,EXPLORATORY_CONSUMED_DIAGNOSTIC_ONLY
SS,density_rate,LINEAGE,HMSO01R_A|FIELD_LINEAGE|b31d5c3484f2394d06a11f5ae52600d61d7c303637147b70dbb1edd7e25e93c9,0.0,0.008317062041483789,0.0,EVALUABLE,EQUAL_FOLD_FAMILY_LINEAGE_THEN_CASE_MEAN_AS_APPLICABLE,EXPLORATORY_CONSUMED_DIAGNOSTIC_ONLY
SS,density_rate,LINEAGE,HMSO01R_A|FIELD_LINEAGE|b40ef25bd445f58063f7eecbd118e28fcd5b9c8ea0b1803b18c885057e29107f,0.0012257259326405724,0.005849405721070584,0.20954708753152357,EVALUABLE,EQUAL_FOLD_FAMILY_LINEAGE_THEN_CASE_MEAN_AS_APPLICABLE,EXPLORATORY_CONSUMED_DIAGNOSTIC_ONLY
SS,density_rate,LINEAGE,HMSO01R_A|FIELD_LINEAGE|b49a6f081c09f4e4bff79a7f0fc0a282131ed3252c520eb6637fbf7ad615c6bd,6.829480440391885e-33,0.0035445721024612658,1.926743269138088e-30,EVALUABLE,EQUAL_FOLD_FAMILY_LINEAGE_THEN_CASE_MEAN_AS_APPLICABLE,EXPLORATORY_CONSUMED_DIAGNOSTIC_ONLY
SS,density_rate,LINEAGE,HMSO01R_A|FIELD_LINEAGE|b7c6344fafcff3e1128b30252e587c19386316434538ac595af9870864bff2e9,1.6906979526474864e-32,0.004528393016005355,3.7335495101061406e-30,EVALUABLE,EQUAL_FOLD_FAMILY_LINEAGE_THEN_CASE_MEAN_AS_APPLICABLE,EXPLORATORY_CONSUMED_DIAGNOSTIC_ONLY
SS,density_rate,LINEAGE,HMSO01R_A|FIELD_LINEAGE|b914e9e8b47652c007a545bd9a5f60dbdaba2b957df3f42cdec4c8edb98e6d53,0.0,0.009017326657800303,0.0,EVALUABLE,EQUAL_FOLD_FAMILY_LINEAGE_THEN_CASE_MEAN_AS_APPLICABLE,EXPLORATORY_CONSUMED_DIAGNOSTIC_ONLY
SS,density_rate,LINEAGE,HMSO01R_A|FIELD_LINEAGE|bb92dd92e9632ccd3901d1e2e79aab63ab0910a576b08c41f27a140edcf99b56,0.0,0.011177126747287361,0.0,EVALUABLE,EQUAL_FOLD_FAMILY_LINEAGE_THEN_CASE_MEAN_AS_APPLICABLE,EXPLORATORY_CONSUMED_DIAGNOSTIC_ONLY
SS,density_rate,LINEAGE,HMSO01R_A|FIELD_LINEAGE|bd0a319ae5e310c35bfeaafdbd8220147f595c77c4d665773530796c1f3b9b59,2.2958877222084186e-12,0.01141997848216203,2.0104133521745142e-10,EVALUABLE,EQUAL_FOLD_FAMILY_LINEAGE_THEN_CASE_MEAN_AS_APPLICABLE,EXPLORATORY_CONSUMED_DIAGNOSTIC_ONLY
SS,density_rate,LINEAGE,HMSO01R_A|FIELD_LINEAGE|be9a8927a3f7361841f3e523395e00d4ebcd734040aebfe38006ae7fda2437fd,0.0,0.009476957470770462,0.0,EVALUABLE,EQUAL_FOLD_FAMILY_LINEAGE_THEN_CASE_MEAN_AS_APPLICABLE,EXPLORATORY_CONSUMED_DIAGNOSTIC_ONLY
SS,density_rate,LINEAGE,HMSO01R_A|FIELD_LINEAGE|bf32023450080971c5fdfb56d7a260838d7b8e02917a4118c4ed0b4a49c6c14a,4.897897973823847e-12,0.008993473803837086,5.446057975655801e-10,EVALUABLE,EQUAL_FOLD_FAMILY_LINEAGE_THEN_CASE_MEAN_AS_APPLICABLE,EXPLORATORY_CONSUMED_DIAGNOSTIC_ONLY
SS,density_rate,LINEAGE,HMSO01R_A|FIELD_LINEAGE|c26b5ad7fee192c3863a9362bb1782ac10409a155024388ef9dea9120f9c3662,0.008267460980014334,0.00626454139474215,1.319723258106849,EVALUABLE,EQUAL_FOLD_FAMILY_LINEAGE_THEN_CASE_MEAN_AS_APPLICABLE,EXPLORATORY_CONSUMED_DIAGNOSTIC_ONLY
SS,density_rate,LINEAGE,HMSO01R_A|FIELD_LINEAGE|c2759d4a0108475d88af3dd58a918080f77e42a77ac5a686ce9a650a1d522183,0.00440383411591078,0.18940107255739164,0.023251368413324827,EVALUABLE,EQUAL_FOLD_FAMILY_LINEAGE_THEN_CASE_MEAN_AS_APPLICABLE,EXPLORATORY_CONSUMED_DIAGNOSTIC_ONLY
SS,density_rate,LINEAGE,HMSO01R_A|FIELD_LINEAGE|c34a55057cd1e579919fb09acb5db221d75ae96164f74060b78863318f65371c,4.373842875214123e-12,0.01023618922232002,4.272921084417778e-10,EVALUABLE,EQUAL_FOLD_FAMILY_LINEAGE_THEN_CASE_MEAN_AS_APPLICABLE,EXPLORATORY_CONSUMED_DIAGNOSTIC_ONLY
SS,density_rate,LINEAGE,HMSO01R_A|FIELD_LINEAGE|c3a574c6618599692f4195c9d1a59189286c1fc26ae852d26723565b0428d983,0.0,0.009206651592759362,0.0,EVALUABLE,EQUAL_FOLD_FAMILY_LINEAGE_THEN_CASE_MEAN_AS_APPLICABLE,EXPLORATORY_CONSUMED_DIAGNOSTIC_ONLY
SS,density_rate,LINEAGE,HMSO01R_A|FIELD_LINEAGE|c54c1448df9c13b6658cb41b2c187b93be0f6db94293a7911953a6e90d602764,0.01610944615217704,0.17314606186385373,0.09303963358314231,EVALUABLE,EQUAL_FOLD_FAMILY_LINEAGE_THEN_CASE_MEAN_AS_APPLICABLE,EXPLORATORY_CONSUMED_DIAGNOSTIC_ONLY
SS,density_rate,LINEAGE,HMSO01R_A|FIELD_LINEAGE|c7100ae9429166735b2d4f6243a22cf5abc14cffba49fce96d94ed19a12387d6,0.0,0.006814798121881435,0.0,EVALUABLE,EQUAL_FOLD_FAMILY_LINEAGE_THEN_CASE_MEAN_AS_APPLICABLE,EXPLORATORY_CONSUMED_DIAGNOSTIC_ONLY
SS,density_rate,LINEAGE,HMSO01R_A|FIELD_LINEAGE|c7498c8903eedb4eb72abeb74a8624f4f311768cc705b42f488a9e810b4c3aec,1.797936200046983e-14,0.008877066805445118,2.0253719381092684e-12,EVALUABLE,EQUAL_FOLD_FAMILY_LINEAGE_THEN_CASE_MEAN_AS_APPLICABLE,EXPLORATORY_CONSUMED_DIAGNOSTIC_ONLY
SS,density_rate,LINEAGE,HMSO01R_A|FIELD_LINEAGE|c9a10c50914a082104b6f42f933e2e8b35494d6ac1b464fc981b740edc26e9a6,0.00350572646760555,0.008995332350740647,0.38972728643171256,EVALUABLE,EQUAL_FOLD_FAMILY_LINEAGE_THEN_CASE_MEAN_AS_APPLICABLE,EXPLORATORY_CONSUMED_DIAGNOSTIC_ONLY
SS,density_rate,LINEAGE,HMSO01R_A|FIELD_LINEAGE|ca0f07a3c0d5df7705d15288eb48ecdf2c50af57aa3e1ab370127581f048c929,2.0789149858134208e-31,0.010107070631724124,2.056891716268522e-29,EVALUABLE,EQUAL_FOLD_FAMILY_LINEAGE_THEN_CASE_MEAN_AS_APPLICABLE,EXPLORATORY_CONSUMED_DIAGNOSTIC_ONLY
SS,density_rate,LINEAGE,HMSO01R_A|FIELD_LINEAGE|cb947f8167c6ce3da1c26b48289f11fe77c609125572b2e2f489d9b4dbf77d91,0.004449184652120979,0.020526400738631705,0.21675425267067852,EVALUABLE,EQUAL_FOLD_FAMILY_LINEAGE_THEN_CASE_MEAN_AS_APPLICABLE,EXPLORATORY_CONSUMED_DIAGNOSTIC_ONLY
SS,density_rate,LINEAGE,HMSO01R_A|FIELD_LINEAGE|cd1482e6386aeab5f67532ea00a4d133dd0798283239fa2bc60b1a36d8fd8390,0.0,0.009083825665077691,0.0,EVALUABLE,EQUAL_FOLD_FAMILY_LINEAGE_THEN_CASE_MEAN_AS_APPLICABLE,EXPLORATORY_CONSUMED_DIAGNOSTIC_ONLY
SS,density_rate,LINEAGE,HMSO01R_A|FIELD_LINEAGE|d1321924d243ef663d38f2119b3da3e0b77ff9249352efe1c25dfa4971fbd453,0.0,0.0076080037768191545,0.0,EVALUABLE,EQUAL_FOLD_FAMILY_LINEAGE_THEN_CASE_MEAN_AS_APPLICABLE,EXPLORATORY_CONSUMED_DIAGNOSTIC_ONLY
SS,density_rate,LINEAGE,HMSO01R_A|FIELD_LINEAGE|d2f9d8c8f5f3c69790790651faeb1c1f59b6b387e4ede38adea5936b94855ff9,7.590447884546056e-12,0.01055924050917476,7.188441136415856e-10,EVALUABLE,EQUAL_FOLD_FAMILY_LINEAGE_THEN_CASE_MEAN_AS_APPLICABLE,EXPLORATORY_CONSUMED_DIAGNOSTIC_ONLY
SS,density_rate,LINEAGE,HMSO01R_A|FIELD_LINEAGE|d3329a31885ae9100b3a5071d3f6de7c5b314524ba319156e3df439e55667dd5,0.0,0.006865086701589087,0.0,EVALUABLE,EQUAL_FOLD_FAMILY_LINEAGE_THEN_CASE_MEAN_AS_APPLICABLE,EXPLORATORY_CONSUMED_DIAGNOSTIC_ONLY
SS,density_rate,LINEAGE,HMSO01R_A|FIELD_LINEAGE|d65de8a657545ef8339cfa29e05ce27d63f8ec5e02ee50514a615a33f5595da9,7.312387801562281e-12,0.007555709578433136,9.677963036634723e-10,EVALUABLE,EQUAL_FOLD_FAMILY_LINEAGE_THEN_CASE_MEAN_AS_APPLICABLE,EXPLORATORY_CONSUMED_DIAGNOSTIC_ONLY
SS,density_rate,LINEAGE,HMSO01R_A|FIELD_LINEAGE|d6ecf8cd80acb9db6acee967c0d1a3a8ca941d75fcf9e621c7ea05d79a191767,0.0015979083488941257,0.009009131271042942,0.17736541968592537,EVALUABLE,EQUAL_FOLD_FAMILY_LINEAGE_THEN_CASE_MEAN_AS_APPLICABLE,EXPLORATORY_CONSUMED_DIAGNOSTIC_ONLY
SS,density_rate,LINEAGE,HMSO01R_A|FIELD_LINEAGE|d7d10f9b5293a22777f94b958cdb7280c40216c21a2b9b4a49451c1385cf26d9,0.006565965793237453,0.04522366329702718,0.14518872012009415,EVALUABLE,EQUAL_FOLD_FAMILY_LINEAGE_THEN_CASE_MEAN_AS_APPLICABLE,EXPLORATORY_CONSUMED_DIAGNOSTIC_ONLY
SS,density_rate,LINEAGE,HMSO01R_A|FIELD_LINEAGE|d8cd77f2aea85a93297ba4755747ee15653349aca322bca77ce1738389444994,9.495782173338464e-06,0.008931126908334013,0.001063223294305397,EVALUABLE,EQUAL_FOLD_FAMILY_LINEAGE_THEN_CASE_MEAN_AS_APPLICABLE,EXPLORATORY_CONSUMED_DIAGNOSTIC_ONLY
SS,density_rate,LINEAGE,HMSO01R_A|FIELD_LINEAGE|d9b0e4ca0c6e9f306f81bad07b5f31753c1237e04a6a51d708212ab05edea52f,0.0068498091888503174,0.048268334387293846,0.14191103289144075,EVALUABLE,EQUAL_FOLD_FAMILY_LINEAGE_THEN_CASE_MEAN_AS_APPLICABLE,EXPLORATORY_CONSUMED_DIAGNOSTIC_ONLY
SS,density_rate,LINEAGE,HMSO01R_A|FIELD_LINEAGE|dca2b57202d33de06ea638a8ecbab23d1b960b5ed15b6841dcbc75b212cc8712,6.783991983740016e-16,0.004659462543592626,1.455960192891538e-13,EVALUABLE,EQUAL_FOLD_FAMILY_LINEAGE_THEN_CASE_MEAN_AS_APPLICABLE,EXPLORATORY_CONSUMED_DIAGNOSTIC_ONLY
SS,density_rate,LINEAGE,HMSO01R_A|FIELD_LINEAGE|e0695af14e7ff6ed68d0eaa0320bde868bdf2eddcd09aade2748baa3ab9013d9,0.003806276443150942,0.01885707349872469,0.20184873561681574,EVALUABLE,EQUAL_FOLD_FAMILY_LINEAGE_THEN_CASE_MEAN_AS_APPLICABLE,EXPLORATORY_CONSUMED_DIAGNOSTIC_ONLY
SS,density_rate,LINEAGE,HMSO01R_A|FIELD_LINEAGE|e1662caa4f55fa1e467b750db9be81d3672b988a828412586110c172a4b65cc4,8.839944563471443e-11,0.010069270804576948,8.779130817946897e-09,EVALUABLE,EQUAL_FOLD_FAMILY_LINEAGE_THEN_CASE_MEAN_AS_APPLICABLE,EXPLORATORY_CONSUMED_DIAGNOSTIC_ONLY
SS,density_rate,LINEAGE,HMSO01R_A|FIELD_LINEAGE|e1bd95fcd7aed1a8bde13393ae7d4a98eff10f4a52c1bdfb2e54f1dd690c54dd,0.0038256107956910956,0.010190029860205214,0.37542684841691454,EVALUABLE,EQUAL_FOLD_FAMILY_LINEAGE_THEN_CASE_MEAN_AS_APPLICABLE,EXPLORATORY_CONSUMED_DIAGNOSTIC_ONLY
SS,density_rate,LINEAGE,HMSO01R_A|FIELD_LINEAGE|e25db364da9db9cdb46c3073fa0aa473b93b0eed9df5062f9696d75bd2f90442,0.0,0.007634194329521756,0.0,EVALUABLE,EQUAL_FOLD_FAMILY_LINEAGE_THEN_CASE_MEAN_AS_APPLICABLE,EXPLORATORY_CONSUMED_DIAGNOSTIC_ONLY
SS,density_rate,LINEAGE,HMSO01R_A|FIELD_LINEAGE|e269817bd0e21e72d0864769c51ef7f6839102d6f41f035fbbff5041e46bd0d4,0.014466348643738504,0.030834063935860016,0.46916775790018844,EVALUABLE,EQUAL_FOLD_FAMILY_LINEAGE_THEN_CASE_MEAN_AS_APPLICABLE,EXPLORATORY_CONSUMED_DIAGNOSTIC_ONLY
SS,density_rate,LINEAGE,HMSO01R_A|FIELD_LINEAGE|e2940f5e79800b14b8eefcdb52a6c4eb9c2bcacb794aadbf19ab173720ccdfc9,0.0,0.006040102577205501,0.0,EVALUABLE,EQUAL_FOLD_FAMILY_LINEAGE_THEN_CASE_MEAN_AS_APPLICABLE,EXPLORATORY_CONSUMED_DIAGNOSTIC_ONLY
SS,density_rate,LINEAGE,HMSO01R_A|FIELD_LINEAGE|e2fdf0ecb37222ddf2c343b2a9785bb080b33fb721f4d3381403db08d53276de,0.0724627894252581,0.08263055084688807,0.876949126958254,EVALUABLE,EQUAL_FOLD_FAMILY_LINEAGE_THEN_CASE_MEAN_AS_APPLICABLE,EXPLORATORY_CONSUMED_DIAGNOSTIC_ONLY
SS,density_rate,LINEAGE,HMSO01R_A|FIELD_LINEAGE|e39068083f41a31c97e7737f6138e1986484dea8bfe32d65a52cd58aaa1ec7e8,1.800328953053336e-32,0.008904447897730698,2.0218310823202756e-30,EVALUABLE,EQUAL_FOLD_FAMILY_LINEAGE_THEN_CASE_MEAN_AS_APPLICABLE,EXPLORATORY_CONSUMED_DIAGNOSTIC_ONLY
SS,density_rate,LINEAGE,HMSO01R_A|FIELD_LINEAGE|e46b2d3dad1b8a5413f52396bbef71167f252a4ba61297ea3e2b46c37456ba4c,3.934555132149637e-13,0.009978514165915699,3.943027054658267e-11,EVALUABLE,EQUAL_FOLD_FAMILY_LINEAGE_THEN_CASE_MEAN_AS_APPLICABLE,EXPLORATORY_CONSUMED_DIAGNOSTIC_ONLY
SS,density_rate,LINEAGE,HMSO01R_A|FIELD_LINEAGE|e4c235f067a50e9e5304ee0e7ad701299187cd559ceebd74674d932464340e77,0.0013641594521953614,0.014562645267871783,0.09367525110324429,EVALUABLE,EQUAL_FOLD_FAMILY_LINEAGE_THEN_CASE_MEAN_AS_APPLICABLE,EXPLORATORY_CONSUMED_DIAGNOSTIC_ONLY
SS,density_rate,LINEAGE,HMSO01R_A|FIELD_LINEAGE|e5cd23001367dee0fe50b87c4f9c5ae9d8e66eeb6cef2467ff3f6da8c0fcdc16,0.0011048617816702673,0.0056028376392199585,0.19719682289849275,EVALUABLE,EQUAL_FOLD_FAMILY_LINEAGE_THEN_CASE_MEAN_AS_APPLICABLE,EXPLORATORY_CONSUMED_DIAGNOSTIC_ONLY
SS,density_rate,LINEAGE,HMSO01R_A|FIELD_LINEAGE|e5fd0d86ce4eda7b6deef112c4230d6cc2c904c7a1cbb32b883405f7907c5018,7.594058523262198e-36,0.007963568718949807,9.535999237617758e-34,EVALUABLE,EQUAL_FOLD_FAMILY_LINEAGE_THEN_CASE_MEAN_AS_APPLICABLE,EXPLORATORY_CONSUMED_DIAGNOSTIC_ONLY
SS,density_rate,LINEAGE,HMSO01R_A|FIELD_LINEAGE|e6f79f1197cd7f6ad00ce2f5ddcac136ad9a2faa5584e9f390794bfb6ee07ac6,6.979070283778001e-32,0.012314291393450694,5.667455853358962e-30,EVALUABLE,EQUAL_FOLD_FAMILY_LINEAGE_THEN_CASE_MEAN_AS_APPLICABLE,EXPLORATORY_CONSUMED_DIAGNOSTIC_ONLY
SS,density_rate,LINEAGE,HMSO01R_A|FIELD_LINEAGE|e82aee0755c70810ee3fbd630ec4d3fa698e473225b4aa505b26af8a458a6400,0.005434805601237436,0.0173330335811884,0.3135518993706819,EVALUABLE,EQUAL_FOLD_FAMILY_LINEAGE_THEN_CASE_MEAN_AS_APPLICABLE,EXPLORATORY_CONSUMED_DIAGNOSTIC_ONLY
SS,density_rate,LINEAGE,HMSO01R_A|FIELD_LINEAGE|e853753ed3befc6151b8f2c4e9e3797938a7689193c2157695f0b61b8e60abc8,0.0,0.005361866181393798,0.0,EVALUABLE,EQUAL_FOLD_FAMILY_LINEAGE_THEN_CASE_MEAN_AS_APPLICABLE,EXPLORATORY_CONSUMED_DIAGNOSTIC_ONLY
SS,density_rate,LINEAGE,HMSO01R_A|FIELD_LINEAGE|e99701698ca3eda87704f5f32294f901f56116d9da609afcb18418d4c8a62bf2,5.597062999335087e-12,0.007070615529288306,7.915948726317553e-10,EVALUABLE,EQUAL_FOLD_FAMILY_LINEAGE_THEN_CASE_MEAN_AS_APPLICABLE,EXPLORATORY_CONSUMED_DIAGNOSTIC_ONLY
SS,density_rate,LINEAGE,HMSO01R_A|FIELD_LINEAGE|e9dc12a25958465c187afbd7ef920bc04ba98d4b232046e156979d215bd85146,0.0,0.00844992680519258,0.0,EVALUABLE,EQUAL_FOLD_FAMILY_LINEAGE_THEN_CASE_MEAN_AS_APPLICABLE,EXPLORATORY_CONSUMED_DIAGNOSTIC_ONLY
SS,density_rate,LINEAGE,HMSO01R_A|FIELD_LINEAGE|ea7a0f305184b5efcd1c245ec8837c3d5e92744042b12d412ef90758785acc95,7.951616432705208e-12,0.006549568219359174,1.214067273809267e-09,EVALUABLE,EQUAL_FOLD_FAMILY_LINEAGE_THEN_CASE_MEAN_AS_APPLICABLE,EXPLORATORY_CONSUMED_DIAGNOSTIC_ONLY
SS,density_rate,LINEAGE,HMSO01R_A|FIELD_LINEAGE|eadb4166638494d642712d8eabac62f88ed028f779148966c13d2efd6405fa1d,3.553766296578754e-32,0.008005323913468521,4.4392535954725524e-30,EVALUABLE,EQUAL_FOLD_FAMILY_LINEAGE_THEN_CASE_MEAN_AS_APPLICABLE,EXPLORATORY_CONSUMED_DIAGNOSTIC_ONLY
SS,density_rate,LINEAGE,HMSO01R_A|FIELD_LINEAGE|ebfb44058badbf85a36d8671e914d20620f9253b30eeec0e96b5e0c20dc8e16c,0.0,0.00960856171304078,0.0,EVALUABLE,EQUAL_FOLD_FAMILY_LINEAGE_THEN_CASE_MEAN_AS_APPLICABLE,EXPLORATORY_CONSUMED_DIAGNOSTIC_ONLY
SS,density_rate,LINEAGE,HMSO01R_A|FIELD_LINEAGE|eee5df81575181b025958cda057ac7cb0483be4404d018db7bb2c06a63c25462,0.03336307164717703,0.02843488828474663,1.1733146729144714,EVALUABLE,EQUAL_FOLD_FAMILY_LINEAGE_THEN_CASE_MEAN_AS_APPLICABLE,EXPLORATORY_CONSUMED_DIAGNOSTIC_ONLY
SS,density_rate,LINEAGE,HMSO01R_A|FIELD_LINEAGE|f01618f1ef2fe7c85085b02f71644f843db176708a8abb6e4e05116a594e9ae3,6.4697911498676205e-34,0.008599375690015749,7.523559131599903e-32,EVALUABLE,EQUAL_FOLD_FAMILY_LINEAGE_THEN_CASE_MEAN_AS_APPLICABLE,EXPLORATORY_CONSUMED_DIAGNOSTIC_ONLY
SS,density_rate,LINEAGE,HMSO01R_A|FIELD_LINEAGE|f0421338d311584916d83a8dd01c9f47b7707c5652d4192e1df422a2a9e7d57d,0.02033427020540375,0.054300628756430436,0.3744757781095805,EVALUABLE,EQUAL_FOLD_FAMILY_LINEAGE_THEN_CASE_MEAN_AS_APPLICABLE,EXPLORATORY_CONSUMED_DIAGNOSTIC_ONLY
SS,density_rate,LINEAGE,HMSO01R_A|FIELD_LINEAGE|f11020ed75e98ae018c3d951c68d3fba4bfe91afdf9eb4b7d62d0c0967429304,0.0,0.007174438547838717,0.0,EVALUABLE,EQUAL_FOLD_FAMILY_LINEAGE_THEN_CASE_MEAN_AS_APPLICABLE,EXPLORATORY_CONSUMED_DIAGNOSTIC_ONLY
SS,density_rate,LINEAGE,HMSO01R_A|FIELD_LINEAGE|f117df283c3988b3a51ad2a7138592681c02ac94fc8905b0ebf163745ca00f62,4.3707724135592854e-33,0.007145800815403437,6.116560657746966e-31,EVALUABLE,EQUAL_FOLD_FAMILY_LINEAGE_THEN_CASE_MEAN_AS_APPLICABLE,EXPLORATORY_CONSUMED_DIAGNOSTIC_ONLY
SS,density_rate,LINEAGE,HMSO01R_A|FIELD_LINEAGE|f2247a8dfd61c19acaf6609654c9c6098f254569cd75ef6a5201803913aa1c00,1.8891033023919155e-12,0.008424321548422826,2.2424396926605766e-10,EVALUABLE,EQUAL_FOLD_FAMILY_LINEAGE_THEN_CASE_MEAN_AS_APPLICABLE,EXPLORATORY_CONSUMED_DIAGNOSTIC_ONLY
SS,density_rate,LINEAGE,HMSO01R_A|FIELD_LINEAGE|f2a3ceeae0e0974c878bba3a036f383f979564d7512b59be838a43b0d537377a,1.8229716836496196e-17,0.0035227931940541696,5.174790523401891e-15,EVALUABLE,EQUAL_FOLD_FAMILY_LINEAGE_THEN_CASE_MEAN_AS_APPLICABLE,EXPLORATORY_CONSUMED_DIAGNOSTIC_ONLY
SS,density_rate,LINEAGE,HMSO01R_A|FIELD_LINEAGE|f52ad1fbea60f2cef5c93f5785e888eaa7893de6dad0b2f7545e6d3f4e338f25,0.01374978778656506,0.0167295973628867,0.8218839633922026,EVALUABLE,EQUAL_FOLD_FAMILY_LINEAGE_THEN_CASE_MEAN_AS_APPLICABLE,EXPLORATORY_CONSUMED_DIAGNOSTIC_ONLY
SS,density_rate,LINEAGE,HMSO01R_A|FIELD_LINEAGE|f7cc0cf639be6a7e99c37868bcf630bb54f34534e2c78b36b59b7ac5ebbd1919,4.5095400355672875e-12,0.009449427025713206,4.772289392040599e-10,EVALUABLE,EQUAL_FOLD_FAMILY_LINEAGE_THEN_CASE_MEAN_AS_APPLICABLE,EXPLORATORY_CONSUMED_DIAGNOSTIC_ONLY
SS,density_rate,LINEAGE,HMSO01R_A|FIELD_LINEAGE|f82108cfb75a5ece90cca0bec2aa62b5af33b3b96774d26a9d5bbde8416cb360,0.00040974862690550535,0.00847069104345988,0.04837251468661077,EVALUABLE,EQUAL_FOLD_FAMILY_LINEAGE_THEN_CASE_MEAN_AS_APPLICABLE,EXPLORATORY_CONSUMED_DIAGNOSTIC_ONLY
SS,density_rate,LINEAGE,HMSO01R_A|FIELD_LINEAGE|f8fd31406421545fa9cf8bb98c251eb120eed5378ed4276493239005b13fd6f8,3.733673532687259e-33,0.0034718573638204886,1.075410980760645e-30,EVALUABLE,EQUAL_FOLD_FAMILY_LINEAGE_THEN_CASE_MEAN_AS_APPLICABLE,EXPLORATORY_CONSUMED_DIAGNOSTIC_ONLY
SS,density_rate,LINEAGE,HMSO01R_A|FIELD_LINEAGE|f952117e9c8f8a564901d0507e978f58c3289c63c557fb7f3123a84dd049ba29,0.09334371136910509,0.20444367423523888,0.4565742213266089,EVALUABLE,EQUAL_FOLD_FAMILY_LINEAGE_THEN_CASE_MEAN_AS_APPLICABLE,EXPLORATORY_CONSUMED_DIAGNOSTIC_ONLY
SS,density_rate,LINEAGE,HMSO01R_A|FIELD_LINEAGE|f9a3d40825ca658eebc26e88239c04a3590f72ad95b03a86bc289649036f4117,0.0,0.00955359658958058,0.0,EVALUABLE,EQUAL_FOLD_FAMILY_LINEAGE_THEN_CASE_MEAN_AS_APPLICABLE,EXPLORATORY_CONSUMED_DIAGNOSTIC_ONLY
SS,density_rate,LINEAGE,HMSO01R_A|FIELD_LINEAGE|f9acbd6c60cf4de95eb27dc7c24fd369893e07d5c162236bcdc4cc91f1e5368b,0.0009286941801401767,0.0073782205341633034,0.12586966950093903,EVALUABLE,EQUAL_FOLD_FAMILY_LINEAGE_THEN_CASE_MEAN_AS_APPLICABLE,EXPLORATORY_CONSUMED_DIAGNOSTIC_ONLY
SS,density_rate,LINEAGE,HMSO01R_A|FIELD_LINEAGE|f9dd81299410ddb65efe58bb38fc53798a53c7f5ab1183ef52b5f93fb7daea68,1.121977326113766e-12,0.008006895701239098,1.4012638205592408e-10,EVALUABLE,EQUAL_FOLD_FAMILY_LINEAGE_THEN_CASE_MEAN_AS_APPLICABLE,EXPLORATORY_CONSUMED_DIAGNOSTIC_ONLY
SS,density_rate,LINEAGE,HMSO01R_A|FIELD_LINEAGE|fa1ab395df96eb71b1cd3e5c31c1a1fe587398989c58265b21dd97a062b35ef9,0.002137864179115022,0.010621310055101939,0.20128064881112293,EVALUABLE,EQUAL_FOLD_FAMILY_LINEAGE_THEN_CASE_MEAN_AS_APPLICABLE,EXPLORATORY_CONSUMED_DIAGNOSTIC_ONLY
SS,density_rate,LINEAGE,HMSO01R_A|FIELD_LINEAGE|fd04ea3f458e107df0af85b51443fd7c576cbde1f2a34afcd2f94001f9376e64,0.0,0.007163091114285026,0.0,EVALUABLE,EQUAL_FOLD_FAMILY_LINEAGE_THEN_CASE_MEAN_AS_APPLICABLE,EXPLORATORY_CONSUMED_DIAGNOSTIC_ONLY
SS,density_rate,LINEAGE,HMSO01R_A|FIELD_LINEAGE|fefaa03392c6d5e862f0b98f72e148123eb5332d997aade537062f72a6e1a99c,0.0,0.006555371765669564,0.0,EVALUABLE,EQUAL_FOLD_FAMILY_LINEAGE_THEN_CASE_MEAN_AS_APPLICABLE,EXPLORATORY_CONSUMED_DIAGNOSTIC_ONLY
SS,density_rate,LINEAGE,HMSO01R_A|FIELD_LINEAGE|ff441cbe04ac4f8f63fd24360c00fa41becbfbb5a6acdf59e4dfd55c77c15642,2.4129641837552513e-05,0.011372874693310091,0.0021216836101910436,EVALUABLE,EQUAL_FOLD_FAMILY_LINEAGE_THEN_CASE_MEAN_AS_APPLICABLE,EXPLORATORY_CONSUMED_DIAGNOSTIC_ONLY
SS,pressure_gradient_acceleration,OVERALL,ALL,0.9457716995418465,1.9885870856762242,0.4755998398834187,EVALUABLE,EQUAL_FOLD_FAMILY_LINEAGE_THEN_CASE_MEAN_AS_APPLICABLE,EXPLORATORY_CONSUMED_DIAGNOSTIC_ONLY
SS,pressure_gradient_acceleration,FOLD,FOLD_0,1.002298312405427,1.5903004113823025,0.6302572175870979,EVALUABLE,EQUAL_FOLD_FAMILY_LINEAGE_THEN_CASE_MEAN_AS_APPLICABLE,EXPLORATORY_CONSUMED_DIAGNOSTIC_ONLY
SS,pressure_gradient_acceleration,FOLD,FOLD_1,2.4903288864843085,3.646617257794234,0.6829147975871366,EVALUABLE,EQUAL_FOLD_FAMILY_LINEAGE_THEN_CASE_MEAN_AS_APPLICABLE,EXPLORATORY_CONSUMED_DIAGNOSTIC_ONLY
SS,pressure_gradient_acceleration,FOLD,FOLD_2,0.7262629596604756,1.45864092363519,0.4979038692062063,EVALUABLE,EQUAL_FOLD_FAMILY_LINEAGE_THEN_CASE_MEAN_AS_APPLICABLE,EXPLORATORY_CONSUMED_DIAGNOSTIC_ONLY
SS,pressure_gradient_acceleration,FOLD,FOLD_3,0.26246145709358526,1.6371493123545464,0.16031613922624655,EVALUABLE,EQUAL_FOLD_FAMILY_LINEAGE_THEN_CASE_MEAN_AS_APPLICABLE,EXPLORATORY_CONSUMED_DIAGNOSTIC_ONLY
SS,pressure_gradient_acceleration,FOLD,FOLD_4,0.30036309918957366,1.6714036836851056,0.17970709417567757,EVALUABLE,EQUAL_FOLD_FAMILY_LINEAGE_THEN_CASE_MEAN_AS_APPLICABLE,EXPLORATORY_CONSUMED_DIAGNOSTIC_ONLY
SS,pressure_gradient_acceleration,FOLD,FOLD_5,0.8929154824177091,1.927410925205966,0.46327198354045385,EVALUABLE,EQUAL_FOLD_FAMILY_LINEAGE_THEN_CASE_MEAN_AS_APPLICABLE,EXPLORATORY_CONSUMED_DIAGNOSTIC_ONLY
SS,pressure_gradient_acceleration,FAMILY,F1,0.8877589547568293,2.637475354213463,0.3365942181558596,EVALUABLE,EQUAL_FOLD_FAMILY_LINEAGE_THEN_CASE_MEAN_AS_APPLICABLE,EXPLORATORY_CONSUMED_DIAGNOSTIC_ONLY
SS,pressure_gradient_acceleration,FAMILY,F2,0.2743602413268464,1.4403789269978715,0.1904778223176906,EVALUABLE,EQUAL_FOLD_FAMILY_LINEAGE_THEN_CASE_MEAN_AS_APPLICABLE,EXPLORATORY_CONSUMED_DIAGNOSTIC_ONLY
SS,pressure_gradient_acceleration,FAMILY,F3,0.40231576453270285,1.6902629360980488,0.23801963347870825,EVALUABLE,EQUAL_FOLD_FAMILY_LINEAGE_THEN_CASE_MEAN_AS_APPLICABLE,EXPLORATORY_CONSUMED_DIAGNOSTIC_ONLY
SS,pressure_gradient_acceleration,FAMILY,F4,2.2186518375510076,2.186231125395513,1.0148294989394726,EVALUABLE,EQUAL_FOLD_FAMILY_LINEAGE_THEN_CASE_MEAN_AS_APPLICABLE,EXPLORATORY_CONSUMED_DIAGNOSTIC_ONLY
SS,pressure_gradient_acceleration,FAMILY_FOLD,F1|FOLD_0,0.12308317642869282,1.5098633073604333,0.08151941690924906,EVALUABLE,EQUAL_FOLD_FAMILY_LINEAGE_THEN_CASE_MEAN_AS_APPLICABLE,EXPLORATORY_CONSUMED_DIAGNOSTIC_ONLY
SS,pressure_gradient_acceleration,FAMILY_FOLD,F2|FOLD_0,0.3102554444621897,1.6677414551049883,0.1860332988140889,EVALUABLE,EQUAL_FOLD_FAMILY_LINEAGE_THEN_CASE_MEAN_AS_APPLICABLE,EXPLORATORY_CONSUMED_DIAGNOSTIC_ONLY
SS,pressure_gradient_acceleration,FAMILY_FOLD,F3|FOLD_0,0.47993188633377426,1.4811870602707382,0.3240184168541481,EVALUABLE,EQUAL_FOLD_FAMILY_LINEAGE_THEN_CASE_MEAN_AS_APPLICABLE,EXPLORATORY_CONSUMED_DIAGNOSTIC_ONLY
SS,pressure_gradient_acceleration,FAMILY_FOLD,F4|FOLD_0,3.0959227423970512,1.70240982279305,1.8185531479827468,EVALUABLE,EQUAL_FOLD_FAMILY_LINEAGE_THEN_CASE_MEAN_AS_APPLICABLE,EXPLORATORY_CONSUMED_DIAGNOSTIC_ONLY
SS,pressure_gradient_acceleration,FAMILY_FOLD,F1|FOLD_1,2.917915728467293,5.755459783603395,0.5069822113569589,EVALUABLE,EQUAL_FOLD_FAMILY_LINEAGE_THEN_CASE_MEAN_AS_APPLICABLE,EXPLORATORY_CONSUMED_DIAGNOSTIC_ONLY
SS,pressure_gradient_acceleration,FAMILY_FOLD,F2|FOLD_1,0.011257544107731205,0.5365749274415414,0.020980376704160645,EVALUABLE,EQUAL_FOLD_FAMILY_LINEAGE_THEN_CASE_MEAN_AS_APPLICABLE,EXPLORATORY_CONSUMED_DIAGNOSTIC_ONLY
SS,pressure_gradient_acceleration,FAMILY_FOLD,F3|FOLD_1,0.6811621504668223,1.4583387929085603,0.4670808688482389,EVALUABLE,EQUAL_FOLD_FAMILY_LINEAGE_THEN_CASE_MEAN_AS_APPLICABLE,EXPLORATORY_CONSUMED_DIAGNOSTIC_ONLY
SS,pressure_gradient_acceleration,FAMILY_FOLD,F4|FOLD_1,6.350980122895388,6.83609552722344,0.9290361870462206,EVALUABLE,EQUAL_FOLD_FAMILY_LINEAGE_THEN_CASE_MEAN_AS_APPLICABLE,EXPLORATORY_CONSUMED_DIAGNOSTIC_ONLY
SS,pressure_gradient_acceleration,FAMILY_FOLD,F1|FOLD_2,0.6811481580934183,1.5070895779405433,0.4519626225696656,EVALUABLE,EQUAL_FOLD_FAMILY_LINEAGE_THEN_CASE_MEAN_AS_APPLICABLE,EXPLORATORY_CONSUMED_DIAGNOSTIC_ONLY
SS,pressure_gradient_acceleration,FAMILY_FOLD,F2|FOLD_2,0.23120778283845222,1.649031966786555,0.14020818728517648,EVALUABLE,EQUAL_FOLD_FAMILY_LINEAGE_THEN_CASE_MEAN_AS_APPLICABLE,EXPLORATORY_CONSUMED_DIAGNOSTIC_ONLY
SS,pressure_gradient_acceleration,FAMILY_FOLD,F3|FOLD_2,0.21248905585925432,1.473794458523775,0.1441782160533388,EVALUABLE,EQUAL_FOLD_FAMILY_LINEAGE_THEN_CASE_MEAN_AS_APPLICABLE,EXPLORATORY_CONSUMED_DIAGNOSTIC_ONLY
SS,pressure_gradient_acceleration,FAMILY_FOLD,F4|FOLD_2,1.7802068418507775,1.2046476912898874,1.477782138896232,EVALUABLE,EQUAL_FOLD_FAMILY_LINEAGE_THEN_CASE_MEAN_AS_APPLICABLE,EXPLORATORY_CONSUMED_DIAGNOSTIC_ONLY
SS,pressure_gradient_acceleration,FAMILY_FOLD,F1|FOLD_3,0.15240700710777672,1.7686566398876666,0.08617105416088937,EVALUABLE,EQUAL_FOLD_FAMILY_LINEAGE_THEN_CASE_MEAN_AS_APPLICABLE,EXPLORATORY_CONSUMED_DIAGNOSTIC_ONLY
SS,pressure_gradient_acceleration,FAMILY_FOLD,F2|FOLD_3,0.3017276082788319,1.4130228514924459,0.2135334244312785,EVALUABLE,EQUAL_FOLD_FAMILY_LINEAGE_THEN_CASE_MEAN_AS_APPLICABLE,EXPLORATORY_CONSUMED_DIAGNOSTIC_ONLY
SS,pressure_gradient_acceleration,FAMILY_FOLD,F3|FOLD_3,0.5957112129877324,2.281330831795071,0.26112442995345636,EVALUABLE,EQUAL_FOLD_FAMILY_LINEAGE_THEN_CASE_MEAN_AS_APPLICABLE,EXPLORATORY_CONSUMED_DIAGNOSTIC_ONLY
SS,pressure_gradient_acceleration,FAMILY_FOLD,F4|FOLD_3,0.0,1.0855869262430022,0.0,EVALUABLE,EQUAL_FOLD_FAMILY_LINEAGE_THEN_CASE_MEAN_AS_APPLICABLE,EXPLORATORY_CONSUMED_DIAGNOSTIC_ONLY
SS,pressure_gradient_acceleration,FAMILY_FOLD,F1|FOLD_4,0.7672425397970429,2.655757710480002,0.2888977924339233,EVALUABLE,EQUAL_FOLD_FAMILY_LINEAGE_THEN_CASE_MEAN_AS_APPLICABLE,EXPLORATORY_CONSUMED_DIAGNOSTIC_ONLY
SS,pressure_gradient_acceleration,FAMILY_FOLD,F2|FOLD_4,0.11516428115390061,1.261926654534098,0.09126067726687265,EVALUABLE,EQUAL_FOLD_FAMILY_LINEAGE_THEN_CASE_MEAN_AS_APPLICABLE,EXPLORATORY_CONSUMED_DIAGNOSTIC_ONLY
SS,pressure_gradient_acceleration,FAMILY_FOLD,F3|FOLD_4,0.31904557580735105,1.5911680078497408,0.20051030075604662,EVALUABLE,EQUAL_FOLD_FAMILY_LINEAGE_THEN_CASE_MEAN_AS_APPLICABLE,EXPLORATORY_CONSUMED_DIAGNOSTIC_ONLY
SS,pressure_gradient_acceleration,FAMILY_FOLD,F4|FOLD_4,0.0,1.1767623618765823,0.0,EVALUABLE,EQUAL_FOLD_FAMILY_LINEAGE_THEN_CASE_MEAN_AS_APPLICABLE,EXPLORATORY_CONSUMED_DIAGNOSTIC_ONLY
SS,pressure_gradient_acceleration,FAMILY_FOLD,F1|FOLD_5,0.6847571186467527,2.628025106008739,0.2605595803027597,EVALUABLE,EQUAL_FOLD_FAMILY_LINEAGE_THEN_CASE_MEAN_AS_APPLICABLE,EXPLORATORY_CONSUMED_DIAGNOSTIC_ONLY
SS,pressure_gradient_acceleration,FAMILY_FOLD,F2|FOLD_5,0.6765487871199726,2.113975706627601,0.32003621659364406,EVALUABLE,EQUAL_FOLD_FAMILY_LINEAGE_THEN_CASE_MEAN_AS_APPLICABLE,EXPLORATORY_CONSUMED_DIAGNOSTIC_ONLY
SS,pressure_gradient_acceleration,FAMILY_FOLD,F3|FOLD_5,0.12555470574128247,1.8557584652404082,0.06765681423148848,EVALUABLE,EQUAL_FOLD_FAMILY_LINEAGE_THEN_CASE_MEAN_AS_APPLICABLE,EXPLORATORY_CONSUMED_DIAGNOSTIC_ONLY
SS,pressure_gradient_acceleration,FAMILY_FOLD,F4|FOLD_5,2.0848013181628287,1.1118844229471165,1.8750162113405073,EVALUABLE,EQUAL_FOLD_FAMILY_LINEAGE_THEN_CASE_MEAN_AS_APPLICABLE,EXPLORATORY_CONSUMED_DIAGNOSTIC_ONLY
SS,pressure_gradient_acceleration,LINEAGE,HMSO01R_A|FIELD_LINEAGE|008a4638c8cb2247bc6cd62f75f3daa09b2e49ba7d73812777f0a31f466efb5e,0.0,0.53177825995291,0.0,EVALUABLE,EQUAL_FOLD_FAMILY_LINEAGE_THEN_CASE_MEAN_AS_APPLICABLE,EXPLORATORY_CONSUMED_DIAGNOSTIC_ONLY
SS,pressure_gradient_acceleration,LINEAGE,HMSO01R_A|FIELD_LINEAGE|0183a54dead296f9ee3dee43dc4041188299c7e551f4c9c6bfbe94dc055e54ad,0.6677322793367562,2.588712832644053,0.25793988074557866,EVALUABLE,EQUAL_FOLD_FAMILY_LINEAGE_THEN_CASE_MEAN_AS_APPLICABLE,EXPLORATORY_CONSUMED_DIAGNOSTIC_ONLY
SS,pressure_gradient_acceleration,LINEAGE,HMSO01R_A|FIELD_LINEAGE|0280053dfd6ee65fbd80522b2b04964154d57f31de1cc5d0449972791fa285ea,6.453816488167703,17.358489291966457,0.37179597715076174,EVALUABLE,EQUAL_FOLD_FAMILY_LINEAGE_THEN_CASE_MEAN_AS_APPLICABLE,EXPLORATORY_CONSUMED_DIAGNOSTIC_ONLY
SS,pressure_gradient_acceleration,LINEAGE,HMSO01R_A|FIELD_LINEAGE|02a8e9bf168ff7b6159072e41013ee435870f1006dfd3aa95840b1c132f5aafb,0.20277949842591225,1.4684194018975214,0.1380937204751425,EVALUABLE,EQUAL_FOLD_FAMILY_LINEAGE_THEN_CASE_MEAN_AS_APPLICABLE,EXPLORATORY_CONSUMED_DIAGNOSTIC_ONLY
SS,pressure_gradient_acceleration,LINEAGE,HMSO01R_A|FIELD_LINEAGE|0404a47ad84d3ab6d4cc0dbf7c8fea97f3bca817bfb6ce9e4a0d96e074c1229f,0.0,0.9580704151233648,0.0,EVALUABLE,EQUAL_FOLD_FAMILY_LINEAGE_THEN_CASE_MEAN_AS_APPLICABLE,EXPLORATORY_CONSUMED_DIAGNOSTIC_ONLY
SS,pressure_gradient_acceleration,LINEAGE,HMSO01R_A|FIELD_LINEAGE|04cc9f11103eaca809c304d2c5e7176a0ac510070bc43c67da76cab1f9c23ed7,0.0,1.080656982128958,0.0,EVALUABLE,EQUAL_FOLD_FAMILY_LINEAGE_THEN_CASE_MEAN_AS_APPLICABLE,EXPLORATORY_CONSUMED_DIAGNOSTIC_ONLY
SS,pressure_gradient_acceleration,LINEAGE,HMSO01R_A|FIELD_LINEAGE|051eaa0f00871ac3de3987b76f15e88e4e718676447cf96853b1d9836e56f4a9,0.0,1.2303409929771691,0.0,EVALUABLE,EQUAL_FOLD_FAMILY_LINEAGE_THEN_CASE_MEAN_AS_APPLICABLE,EXPLORATORY_CONSUMED_DIAGNOSTIC_ONLY
SS,pressure_gradient_acceleration,LINEAGE,HMSO01R_A|FIELD_LINEAGE|05638fa6abec8d1f9d2070785cb5b62bc36d80415fcae04a6c6b1419139c3003,8.083040265885174,3.8734084674111555,2.0868029627888904,EVALUABLE,EQUAL_FOLD_FAMILY_LINEAGE_THEN_CASE_MEAN_AS_APPLICABLE,EXPLORATORY_CONSUMED_DIAGNOSTIC_ONLY
SS,pressure_gradient_acceleration,LINEAGE,HMSO01R_A|FIELD_LINEAGE|065caad01d0036cc45e094366cffda53edef5d184f8c28ff280e81478dd5499f,0.0,1.4925161482570823,0.0,EVALUABLE,EQUAL_FOLD_FAMILY_LINEAGE_THEN_CASE_MEAN_AS_APPLICABLE,EXPLORATORY_CONSUMED_DIAGNOSTIC_ONLY
SS,pressure_gradient_acceleration,LINEAGE,HMSO01R_A|FIELD_LINEAGE|06c31c418b756da4f49834b1270295e826a9807f080171a34a3e7c250369709c,4.255327641580038,2.1910463910148743,1.9421440180502094,EVALUABLE,EQUAL_FOLD_FAMILY_LINEAGE_THEN_CASE_MEAN_AS_APPLICABLE,EXPLORATORY_CONSUMED_DIAGNOSTIC_ONLY
SS,pressure_gradient_acceleration,LINEAGE,HMSO01R_A|FIELD_LINEAGE|06c5b0d79a6fc40df74bc047659e629ea096b0eb47ce7956bd3f7d012a8211c7,0.0,1.136537019645771,0.0,EVALUABLE,EQUAL_FOLD_FAMILY_LINEAGE_THEN_CASE_MEAN_AS_APPLICABLE,EXPLORATORY_CONSUMED_DIAGNOSTIC_ONLY
SS,pressure_gradient_acceleration,LINEAGE,HMSO01R_A|FIELD_LINEAGE|07ef870a5e517a728f6e4939e44adb6e41abac7dca46a1a2247aeb449ae2b2b6,0.0,0.5323894959820283,0.0,EVALUABLE,EQUAL_FOLD_FAMILY_LINEAGE_THEN_CASE_MEAN_AS_APPLICABLE,EXPLORATORY_CONSUMED_DIAGNOSTIC_ONLY
SS,pressure_gradient_acceleration,LINEAGE,HMSO01R_A|FIELD_LINEAGE|092a3e161c8ce70f083c10130918ff7fb36de994b41e81b7dfb0e04366314a2c,0.0,1.0066785891076708,0.0,EVALUABLE,EQUAL_FOLD_FAMILY_LINEAGE_THEN_CASE_MEAN_AS_APPLICABLE,EXPLORATORY_CONSUMED_DIAGNOSTIC_ONLY
SS,pressure_gradient_acceleration,LINEAGE,HMSO01R_A|FIELD_LINEAGE|093dc802dc5954d756689fb97f687ee9b46c368f5fe625c807448d3bc43a1926,2.325400928628465,2.66295282552426,0.8732415033190306,EVALUABLE,EQUAL_FOLD_FAMILY_LINEAGE_THEN_CASE_MEAN_AS_APPLICABLE,EXPLORATORY_CONSUMED_DIAGNOSTIC_ONLY
SS,pressure_gradient_acceleration,LINEAGE,HMSO01R_A|FIELD_LINEAGE|0a252563daa08b1ab13bdaf89c42f5f5445076fcfec6feb203abcad9de8ed55a,0.09290625510758758,1.3107311275582012,0.0708812457064824,EVALUABLE,EQUAL_FOLD_FAMILY_LINEAGE_THEN_CASE_MEAN_AS_APPLICABLE,EXPLORATORY_CONSUMED_DIAGNOSTIC_ONLY
SS,pressure_gradient_acceleration,LINEAGE,HMSO01R_A|FIELD_LINEAGE|0ac3210ffe07941071125618f2e4ad4f522063f7735eb12854083a5cf3b96fca,0.0,1.0601893300162026,0.0,EVALUABLE,EQUAL_FOLD_FAMILY_LINEAGE_THEN_CASE_MEAN_AS_APPLICABLE,EXPLORATORY_CONSUMED_DIAGNOSTIC_ONLY
SS,pressure_gradient_acceleration,LINEAGE,HMSO01R_A|FIELD_LINEAGE|0af73c913450206e45697078b9ff423d2fbe56a236026748e22945b9fe394efb,0.0,0.7622792117145369,0.0,EVALUABLE,EQUAL_FOLD_FAMILY_LINEAGE_THEN_CASE_MEAN_AS_APPLICABLE,EXPLORATORY_CONSUMED_DIAGNOSTIC_ONLY
SS,pressure_gradient_acceleration,LINEAGE,HMSO01R_A|FIELD_LINEAGE|0d095ad04875a9db82a8c6062fc3703d3296558fc88db157a4ad79a6317e27a5,0.0,1.2793064820832134,0.0,EVALUABLE,EQUAL_FOLD_FAMILY_LINEAGE_THEN_CASE_MEAN_AS_APPLICABLE,EXPLORATORY_CONSUMED_DIAGNOSTIC_ONLY
SS,pressure_gradient_acceleration,LINEAGE,HMSO01R_A|FIELD_LINEAGE|0d9a0fc9b5f4f20cb32cc24ac6db7a1e45276ec79661381e7e476b453759d6b0,0.0,1.4500056740398457,0.0,EVALUABLE,EQUAL_FOLD_FAMILY_LINEAGE_THEN_CASE_MEAN_AS_APPLICABLE,EXPLORATORY_CONSUMED_DIAGNOSTIC_ONLY
SS,pressure_gradient_acceleration,LINEAGE,HMSO01R_A|FIELD_LINEAGE|0da6210822c1316c7a077be78ae0c871024433732125f17a7f978f92e0d637e1,0.0,0.5363770076728765,0.0,EVALUABLE,EQUAL_FOLD_FAMILY_LINEAGE_THEN_CASE_MEAN_AS_APPLICABLE,EXPLORATORY_CONSUMED_DIAGNOSTIC_ONLY
SS,pressure_gradient_acceleration,LINEAGE,HMSO01R_A|FIELD_LINEAGE|0ddf6cdd096735cc15f4456489e1d58f77aa80618dad5da96cca18e59be60b9c,0.0,0.8260173377962162,0.0,EVALUABLE,EQUAL_FOLD_FAMILY_LINEAGE_THEN_CASE_MEAN_AS_APPLICABLE,EXPLORATORY_CONSUMED_DIAGNOSTIC_ONLY
SS,pressure_gradient_acceleration,LINEAGE,HMSO01R_A|FIELD_LINEAGE|0e65acebdbaa92caa4bcb30c2a0feac4a5469aac1dd76780539181916f956f58,0.6032853069457116,1.6031570655894956,0.3763107931810025,EVALUABLE,EQUAL_FOLD_FAMILY_LINEAGE_THEN_CASE_MEAN_AS_APPLICABLE,EXPLORATORY_CONSUMED_DIAGNOSTIC_ONLY
SS,pressure_gradient_acceleration,LINEAGE,HMSO01R_A|FIELD_LINEAGE|0e85d8db167a222553e045c2d06d7055fe817db60fe9573c8fc78f52ed1f8615,0.024716408835291675,1.1352021634287688,0.021772693562033166,EVALUABLE,EQUAL_FOLD_FAMILY_LINEAGE_THEN_CASE_MEAN_AS_APPLICABLE,EXPLORATORY_CONSUMED_DIAGNOSTIC_ONLY
SS,pressure_gradient_acceleration,LINEAGE,HMSO01R_A|FIELD_LINEAGE|0f0f1b8e6d3d2de7f2739e4c27aed7f4a0fa84df148b19d95d7dbbf8ec12bea3,0.0,1.1882491814215261,0.0,EVALUABLE,EQUAL_FOLD_FAMILY_LINEAGE_THEN_CASE_MEAN_AS_APPLICABLE,EXPLORATORY_CONSUMED_DIAGNOSTIC_ONLY
SS,pressure_gradient_acceleration,LINEAGE,HMSO01R_A|FIELD_LINEAGE|0f49beb059c8327e240fa524ede4b5d0ddc16e0eb915fce826282146040c0e20,0.0,0.9204151608087922,0.0,EVALUABLE,EQUAL_FOLD_FAMILY_LINEAGE_THEN_CASE_MEAN_AS_APPLICABLE,EXPLORATORY_CONSUMED_DIAGNOSTIC_ONLY
SS,pressure_gradient_acceleration,LINEAGE,HMSO01R_A|FIELD_LINEAGE|0fdda9072ffc8d97ff7e0441813be2217cbf8a41c67bef8c56cb65c5e8c889e5,0.0,1.032177815600816,0.0,EVALUABLE,EQUAL_FOLD_FAMILY_LINEAGE_THEN_CASE_MEAN_AS_APPLICABLE,EXPLORATORY_CONSUMED_DIAGNOSTIC_ONLY
SS,pressure_gradient_acceleration,LINEAGE,HMSO01R_A|FIELD_LINEAGE|1014832cdbdd8f9e416c91cfffc398c0221e1acf20617efe558f4efd66f3578a,0.0,0.9131650685284556,0.0,EVALUABLE,EQUAL_FOLD_FAMILY_LINEAGE_THEN_CASE_MEAN_AS_APPLICABLE,EXPLORATORY_CONSUMED_DIAGNOSTIC_ONLY
SS,pressure_gradient_acceleration,LINEAGE,HMSO01R_A|FIELD_LINEAGE|101e8ab2bfdfa561a79b7bef11d98c5487b65f400bdd7d35b17d61b9746e280e,0.0,1.1133027583140338,0.0,EVALUABLE,EQUAL_FOLD_FAMILY_LINEAGE_THEN_CASE_MEAN_AS_APPLICABLE,EXPLORATORY_CONSUMED_DIAGNOSTIC_ONLY
SS,pressure_gradient_acceleration,LINEAGE,HMSO01R_A|FIELD_LINEAGE|10ec2dec79c0538398e95e49cd33ade9183e905d4ea4b212dcd4e7ec34fc5546,0.0,1.4044736704313183,0.0,EVALUABLE,EQUAL_FOLD_FAMILY_LINEAGE_THEN_CASE_MEAN_AS_APPLICABLE,EXPLORATORY_CONSUMED_DIAGNOSTIC_ONLY
SS,pressure_gradient_acceleration,LINEAGE,HMSO01R_A|FIELD_LINEAGE|11fde86949c379fe2021d6c74cae47b21d76fdf394512bb275cf864fa8a207c8,0.0,1.3748863560773026,0.0,EVALUABLE,EQUAL_FOLD_FAMILY_LINEAGE_THEN_CASE_MEAN_AS_APPLICABLE,EXPLORATORY_CONSUMED_DIAGNOSTIC_ONLY
SS,pressure_gradient_acceleration,LINEAGE,HMSO01R_A|FIELD_LINEAGE|14fde0d6f8e15a741b90398f93d73484586c3eb3479f620760208e87c5b3db6c,0.0,1.3788994883180392,0.0,EVALUABLE,EQUAL_FOLD_FAMILY_LINEAGE_THEN_CASE_MEAN_AS_APPLICABLE,EXPLORATORY_CONSUMED_DIAGNOSTIC_ONLY
SS,pressure_gradient_acceleration,LINEAGE,HMSO01R_A|FIELD_LINEAGE|15651b29629c1bcfb68ed12ef597d6352232a9bc607eac6bb7e574563cec2b00,0.0,1.3721393668816733,0.0,EVALUABLE,EQUAL_FOLD_FAMILY_LINEAGE_THEN_CASE_MEAN_AS_APPLICABLE,EXPLORATORY_CONSUMED_DIAGNOSTIC_ONLY
SS,pressure_gradient_acceleration,LINEAGE,HMSO01R_A|FIELD_LINEAGE|16eb11153f438a544fbde5e29c9d4f0fc922c6cc49338ba6f7c68206ac580c7f,1.3205976525257666,8.524578557090123,0.15491647401470535,EVALUABLE,EQUAL_FOLD_FAMILY_LINEAGE_THEN_CASE_MEAN_AS_APPLICABLE,EXPLORATORY_CONSUMED_DIAGNOSTIC_ONLY
SS,pressure_gradient_acceleration,LINEAGE,HMSO01R_A|FIELD_LINEAGE|17af857dc7e075f66db0acfe5114e05e0f490cc5340cc9cfe073ae813844b776,0.0,1.187289326725002,0.0,EVALUABLE,EQUAL_FOLD_FAMILY_LINEAGE_THEN_CASE_MEAN_AS_APPLICABLE,EXPLORATORY_CONSUMED_DIAGNOSTIC_ONLY
SS,pressure_gradient_acceleration,LINEAGE,HMSO01R_A|FIELD_LINEAGE|191e9f46778b3758f1f78fde4f9e2a46913f5a82ffc9889aaa9e18e41d67ee0e,0.0,1.0866176308580708,0.0,EVALUABLE,EQUAL_FOLD_FAMILY_LINEAGE_THEN_CASE_MEAN_AS_APPLICABLE,EXPLORATORY_CONSUMED_DIAGNOSTIC_ONLY
SS,pressure_gradient_acceleration,LINEAGE,HMSO01R_A|FIELD_LINEAGE|197d7ec024c0036b09ad028c746809cfe1ed712ccbb40eead96390c6dfdd817b,1.9365178432140642,1.2137732545712256,1.5954527222616661,EVALUABLE,EQUAL_FOLD_FAMILY_LINEAGE_THEN_CASE_MEAN_AS_APPLICABLE,EXPLORATORY_CONSUMED_DIAGNOSTIC_ONLY
SS,pressure_gradient_acceleration,LINEAGE,HMSO01R_A|FIELD_LINEAGE|197ff926eb3d0f9ff98b06347687987d9933c0c4a0832b79258c496c53405132,0.0,1.1153573796610392,0.0,EVALUABLE,EQUAL_FOLD_FAMILY_LINEAGE_THEN_CASE_MEAN_AS_APPLICABLE,EXPLORATORY_CONSUMED_DIAGNOSTIC_ONLY
SS,pressure_gradient_acceleration,LINEAGE,HMSO01R_A|FIELD_LINEAGE|19bc9c15d585b69ea5a604b39577d278e2c7b171a2d899f0352dc2850b1dc0cb,0.0,1.31745216182496,0.0,EVALUABLE,EQUAL_FOLD_FAMILY_LINEAGE_THEN_CASE_MEAN_AS_APPLICABLE,EXPLORATORY_CONSUMED_DIAGNOSTIC_ONLY
SS,pressure_gradient_acceleration,LINEAGE,HMSO01R_A|FIELD_LINEAGE|1a444bf8e4f5678b58a9ba1debf6e16323abf2899e40040f0bbc7e1608156e14,0.0,1.0214698697639686,0.0,EVALUABLE,EQUAL_FOLD_FAMILY_LINEAGE_THEN_CASE_MEAN_AS_APPLICABLE,EXPLORATORY_CONSUMED_DIAGNOSTIC_ONLY
SS,pressure_gradient_acceleration,LINEAGE,HMSO01R_A|FIELD_LINEAGE|1b6f0cb3de33bc6abdb0882404222836bd00a9ad3c6fe2c95af35a87f0fa1200,0.2658959706319345,1.2863774978797398,0.20670135405057624,EVALUABLE,EQUAL_FOLD_FAMILY_LINEAGE_THEN_CASE_MEAN_AS_APPLICABLE,EXPLORATORY_CONSUMED_DIAGNOSTIC_ONLY
SS,pressure_gradient_acceleration,LINEAGE,HMSO01R_A|FIELD_LINEAGE|1d03c9c9f560219b53c739310adfe296cf8afec50561d01ce15be76ae73c1479,0.5109130913846689,1.6349029800040682,0.31250361497499846,EVALUABLE,EQUAL_FOLD_FAMILY_LINEAGE_THEN_CASE_MEAN_AS_APPLICABLE,EXPLORATORY_CONSUMED_DIAGNOSTIC_ONLY
SS,pressure_gradient_acceleration,LINEAGE,HMSO01R_A|FIELD_LINEAGE|1e499d17b9c103b93706f70e5fa2f7497086b8d1dab61b6d4e57ae6874e328ff,0.010379520768102321,1.3155493200523334,0.007889875818330717,EVALUABLE,EQUAL_FOLD_FAMILY_LINEAGE_THEN_CASE_MEAN_AS_APPLICABLE,EXPLORATORY_CONSUMED_DIAGNOSTIC_ONLY
SS,pressure_gradient_acceleration,LINEAGE,HMSO01R_A|FIELD_LINEAGE|20bbc33e3ce141e2f7eb99de3d0702689581411faf36ef6782c9dd4ff7bd0899,0.0,0.5206608990516488,0.0,EVALUABLE,EQUAL_FOLD_FAMILY_LINEAGE_THEN_CASE_MEAN_AS_APPLICABLE,EXPLORATORY_CONSUMED_DIAGNOSTIC_ONLY
SS,pressure_gradient_acceleration,LINEAGE,HMSO01R_A|FIELD_LINEAGE|20fd9f4e76cc9e98a79b808be25ffb0cc4d95c0522637973fd5963586426d614,0.0,0.5609691398371914,0.0,EVALUABLE,EQUAL_FOLD_FAMILY_LINEAGE_THEN_CASE_MEAN_AS_APPLICABLE,EXPLORATORY_CONSUMED_DIAGNOSTIC_ONLY
SS,pressure_gradient_acceleration,LINEAGE,HMSO01R_A|FIELD_LINEAGE|21308456c1ed84c2854c7a093be1e48cf9af8d5768485e2a86892e0fd138af17,0.5697361220408601,2.88902328215,0.197207175712639,EVALUABLE,EQUAL_FOLD_FAMILY_LINEAGE_THEN_CASE_MEAN_AS_APPLICABLE,EXPLORATORY_CONSUMED_DIAGNOSTIC_ONLY
SS,pressure_gradient_acceleration,LINEAGE,HMSO01R_A|FIELD_LINEAGE|21b79bdb11d90c0a9b01efce71ed9eec0d7fba61736210c4c1ab358a9c4e965a,0.0,1.0439951042581619,0.0,EVALUABLE,EQUAL_FOLD_FAMILY_LINEAGE_THEN_CASE_MEAN_AS_APPLICABLE,EXPLORATORY_CONSUMED_DIAGNOSTIC_ONLY
SS,pressure_gradient_acceleration,LINEAGE,HMSO01R_A|FIELD_LINEAGE|21dfb26365637485a590f4aa1b2a5297d551eab87745fb26abbdd41a0e1d8daa,2.410807556967228,2.43845246429277,0.9886629295709647,EVALUABLE,EQUAL_FOLD_FAMILY_LINEAGE_THEN_CASE_MEAN_AS_APPLICABLE,EXPLORATORY_CONSUMED_DIAGNOSTIC_ONLY
SS,pressure_gradient_acceleration,LINEAGE,HMSO01R_A|FIELD_LINEAGE|226b761343bde11d0f8531972b4efd2a54f34c441ce74b43268bfdfde41542ed,0.110407426459959,1.2662546271903699,0.08719212083349825,EVALUABLE,EQUAL_FOLD_FAMILY_LINEAGE_THEN_CASE_MEAN_AS_APPLICABLE,EXPLORATORY_CONSUMED_DIAGNOSTIC_ONLY
SS,pressure_gradient_acceleration,LINEAGE,HMSO01R_A|FIELD_LINEAGE|292cdf1c570d6fb417a11eb6a7d4d830f9162a0bf0e09496e15edbaa84e1f3f4,0.05708148902231035,1.3612156242242937,0.04193420058254105,EVALUABLE,EQUAL_FOLD_FAMILY_LINEAGE_THEN_CASE_MEAN_AS_APPLICABLE,EXPLORATORY_CONSUMED_DIAGNOSTIC_ONLY
SS,pressure_gradient_acceleration,LINEAGE,HMSO01R_A|FIELD_LINEAGE|29dc93f9e64f8875b47eb06f84606bc0c4a0e9315877441085164bd7870ebc8e,0.0,1.194112681564874,0.0,EVALUABLE,EQUAL_FOLD_FAMILY_LINEAGE_THEN_CASE_MEAN_AS_APPLICABLE,EXPLORATORY_CONSUMED_DIAGNOSTIC_ONLY
SS,pressure_gradient_acceleration,LINEAGE,HMSO01R_A|FIELD_LINEAGE|2bf67fa14447cc7892bedcae7ba79ef420cf3b1aa476bde75527a097c9a5c922,0.2680090765580601,1.6758217817323457,0.15992695612358693,EVALUABLE,EQUAL_FOLD_FAMILY_LINEAGE_THEN_CASE_MEAN_AS_APPLICABLE,EXPLORATORY_CONSUMED_DIAGNOSTIC_ONLY
SS,pressure_gradient_acceleration,LINEAGE,HMSO01R_A|FIELD_LINEAGE|2d885ab8e36e98def0f3a036fab45f57940afd290e12c42ece2cbbf2a0b7faed,1.9524696738899127e-09,1.261254815461715,1.5480374385529389e-09,EVALUABLE,EQUAL_FOLD_FAMILY_LINEAGE_THEN_CASE_MEAN_AS_APPLICABLE,EXPLORATORY_CONSUMED_DIAGNOSTIC_ONLY
SS,pressure_gradient_acceleration,LINEAGE,HMSO01R_A|FIELD_LINEAGE|2e00a5aa730d3fe2629242ac9cb05445890c5ccd2cee3bc6b04bd3dcaa176cdc,0.0,1.287694727790583,0.0,EVALUABLE,EQUAL_FOLD_FAMILY_LINEAGE_THEN_CASE_MEAN_AS_APPLICABLE,EXPLORATORY_CONSUMED_DIAGNOSTIC_ONLY
SS,pressure_gradient_acceleration,LINEAGE,HMSO01R_A|FIELD_LINEAGE|3264ae7008b91adb6f4b677f3ecc13cbe5ab1143b7f33ef501525d095e0b618c,1.0964061028092063,1.0608397674697534,1.0335265856636233,EVALUABLE,EQUAL_FOLD_FAMILY_LINEAGE_THEN_CASE_MEAN_AS_APPLICABLE,EXPLORATORY_CONSUMED_DIAGNOSTIC_ONLY
SS,pressure_gradient_acceleration,LINEAGE,HMSO01R_A|FIELD_LINEAGE|3283083498700d830b6f9393659c16097acacaf984f6c43b70c65438a233286d,2.3953901277441507e-07,1.0554739556175599,2.2694924067004602e-07,EVALUABLE,EQUAL_FOLD_FAMILY_LINEAGE_THEN_CASE_MEAN_AS_APPLICABLE,EXPLORATORY_CONSUMED_DIAGNOSTIC_ONLY
SS,pressure_gradient_acceleration,LINEAGE,HMSO01R_A|FIELD_LINEAGE|34168bb92814c253cb6b05f8022442aa6cab311b67f648a00b758da530873bc9,0.0,1.154273283752937,0.0,EVALUABLE,EQUAL_FOLD_FAMILY_LINEAGE_THEN_CASE_MEAN_AS_APPLICABLE,EXPLORATORY_CONSUMED_DIAGNOSTIC_ONLY
SS,pressure_gradient_acceleration,LINEAGE,HMSO01R_A|FIELD_LINEAGE|34a4e80876c1805c1767ae4dec4e60fe92b927519de4d3f4fc98d8e491efa006,0.0,0.790228772601083,0.0,EVALUABLE,EQUAL_FOLD_FAMILY_LINEAGE_THEN_CASE_MEAN_AS_APPLICABLE,EXPLORATORY_CONSUMED_DIAGNOSTIC_ONLY
SS,pressure_gradient_acceleration,LINEAGE,HMSO01R_A|FIELD_LINEAGE|367777ab46eb41f1d6390744a91dc4aea35bac8f23f02a2f5c6dee473916edbd,0.0,1.1106893231438262,0.0,EVALUABLE,EQUAL_FOLD_FAMILY_LINEAGE_THEN_CASE_MEAN_AS_APPLICABLE,EXPLORATORY_CONSUMED_DIAGNOSTIC_ONLY
SS,pressure_gradient_acceleration,LINEAGE,HMSO01R_A|FIELD_LINEAGE|381d8f63546be0384f86ba8b518abcf8c4d107fec707374fb03828151e0b75af,0.0,0.44537122392177786,0.0,EVALUABLE,EQUAL_FOLD_FAMILY_LINEAGE_THEN_CASE_MEAN_AS_APPLICABLE,EXPLORATORY_CONSUMED_DIAGNOSTIC_ONLY
SS,pressure_gradient_acceleration,LINEAGE,HMSO01R_A|FIELD_LINEAGE|38ed780ae9e2ceb725d12dc596e69f348d116c6ab5da75f5bae97744169a86db,1.5563650828526694,3.969669089527266,0.3920641866493742,EVALUABLE,EQUAL_FOLD_FAMILY_LINEAGE_THEN_CASE_MEAN_AS_APPLICABLE,EXPLORATORY_CONSUMED_DIAGNOSTIC_ONLY
SS,pressure_gradient_acceleration,LINEAGE,HMSO01R_A|FIELD_LINEAGE|39a5eaeb1afddf9af00bec82f67fdf5414fc1d1e11076c2f86704fda2809ab87,1.779019694566938e-08,1.3140637197993466,1.3538306154884094e-08,EVALUABLE,EQUAL_FOLD_FAMILY_LINEAGE_THEN_CASE_MEAN_AS_APPLICABLE,EXPLORATORY_CONSUMED_DIAGNOSTIC_ONLY
SS,pressure_gradient_acceleration,LINEAGE,HMSO01R_A|FIELD_LINEAGE|3c7ea9b77bf044ea3d9c6d199831fc605b20c1d7b4a9ad213eb80b5cab2c0296,0.0,1.017738649825616,0.0,EVALUABLE,EQUAL_FOLD_FAMILY_LINEAGE_THEN_CASE_MEAN_AS_APPLICABLE,EXPLORATORY_CONSUMED_DIAGNOSTIC_ONLY
SS,pressure_gradient_acceleration,LINEAGE,HMSO01R_A|FIELD_LINEAGE|3d33238d426baab3f4ff1c525309d0c0b825fb99fca42c8d1a5482ea92f2f1a6,0.24464135812135718,1.133328741245186,0.2158608965061366,EVALUABLE,EQUAL_FOLD_FAMILY_LINEAGE_THEN_CASE_MEAN_AS_APPLICABLE,EXPLORATORY_CONSUMED_DIAGNOSTIC_ONLY
SS,pressure_gradient_acceleration,LINEAGE,HMSO01R_A|FIELD_LINEAGE|3e17b326e03465aac98a6b656cd3125c19ada3cc77d6223ebd6e30804155ff56,0.0,1.3554272280345248,0.0,EVALUABLE,EQUAL_FOLD_FAMILY_LINEAGE_THEN_CASE_MEAN_AS_APPLICABLE,EXPLORATORY_CONSUMED_DIAGNOSTIC_ONLY
SS,pressure_gradient_acceleration,LINEAGE,HMSO01R_A|FIELD_LINEAGE|3e594f148c4f0181faaf58cc7906a2e9e8709c7be31e59cdc8bdd6b6b7c398a2,0.0,1.2929133014168637,0.0,EVALUABLE,EQUAL_FOLD_FAMILY_LINEAGE_THEN_CASE_MEAN_AS_APPLICABLE,EXPLORATORY_CONSUMED_DIAGNOSTIC_ONLY
SS,pressure_gradient_acceleration,LINEAGE,HMSO01R_A|FIELD_LINEAGE|40ad278dca26109101acf56cf89434c2db030106327c552c8aaad7f18589b1fc,0.0,0.48138058709946163,0.0,EVALUABLE,EQUAL_FOLD_FAMILY_LINEAGE_THEN_CASE_MEAN_AS_APPLICABLE,EXPLORATORY_CONSUMED_DIAGNOSTIC_ONLY
SS,pressure_gradient_acceleration,LINEAGE,HMSO01R_A|FIELD_LINEAGE|41b714ff189f53f826864cf9fac2bed83a6e097351a7033fcea23d658bf21b54,0.6891402426945585,1.294473925971372,0.532370895132112,EVALUABLE,EQUAL_FOLD_FAMILY_LINEAGE_THEN_CASE_MEAN_AS_APPLICABLE,EXPLORATORY_CONSUMED_DIAGNOSTIC_ONLY
SS,pressure_gradient_acceleration,LINEAGE,HMSO01R_A|FIELD_LINEAGE|41ec221cb0eeb1bbfd7efc4d5d4cd642cd62a71a09fd5ce2fc9fff0cbe48931c,0.0,1.0147157782790104,0.0,EVALUABLE,EQUAL_FOLD_FAMILY_LINEAGE_THEN_CASE_MEAN_AS_APPLICABLE,EXPLORATORY_CONSUMED_DIAGNOSTIC_ONLY
SS,pressure_gradient_acceleration,LINEAGE,HMSO01R_A|FIELD_LINEAGE|429c6019f8749d53e4581b918e84a928af92c02c8bd8516136f7bea7e94cf671,0.0,1.189020445248989,0.0,EVALUABLE,EQUAL_FOLD_FAMILY_LINEAGE_THEN_CASE_MEAN_AS_APPLICABLE,EXPLORATORY_CONSUMED_DIAGNOSTIC_ONLY
SS,pressure_gradient_acceleration,LINEAGE,HMSO01R_A|FIELD_LINEAGE|42e50ef40056d389a76817004688f104ee3861e2ea394e0b7ded0e04dbc7e54e,0.0,1.112090487933706,0.0,EVALUABLE,EQUAL_FOLD_FAMILY_LINEAGE_THEN_CASE_MEAN_AS_APPLICABLE,EXPLORATORY_CONSUMED_DIAGNOSTIC_ONLY
SS,pressure_gradient_acceleration,LINEAGE,HMSO01R_A|FIELD_LINEAGE|43048a070f7e90a4b3daec507e653fb282b428f5e4cf309a72c949e8f5226bf3,0.0,1.0964466338212309,0.0,EVALUABLE,EQUAL_FOLD_FAMILY_LINEAGE_THEN_CASE_MEAN_AS_APPLICABLE,EXPLORATORY_CONSUMED_DIAGNOSTIC_ONLY
SS,pressure_gradient_acceleration,LINEAGE,HMSO01R_A|FIELD_LINEAGE|4389c621e60229f631c944081b4adc544d96927c12f624ff90ee3e85668f651e,0.0,1.2069851825584796,0.0,EVALUABLE,EQUAL_FOLD_FAMILY_LINEAGE_THEN_CASE_MEAN_AS_APPLICABLE,EXPLORATORY_CONSUMED_DIAGNOSTIC_ONLY
SS,pressure_gradient_acceleration,LINEAGE,HMSO01R_A|FIELD_LINEAGE|440a69e5e6d8a6266c3153ff4cc4273aafca8ec71c677d3f24cfa0db89cae65c,1.5384028990016696,5.507771933867039,0.2793149239789869,EVALUABLE,EQUAL_FOLD_FAMILY_LINEAGE_THEN_CASE_MEAN_AS_APPLICABLE,EXPLORATORY_CONSUMED_DIAGNOSTIC_ONLY
SS,pressure_gradient_acceleration,LINEAGE,HMSO01R_A|FIELD_LINEAGE|4666d705aea26a6f22073d7a13f6e76c36824d125314c031a782f73ac5ba6779,0.0,1.1713528651570515,0.0,EVALUABLE,EQUAL_FOLD_FAMILY_LINEAGE_THEN_CASE_MEAN_AS_APPLICABLE,EXPLORATORY_CONSUMED_DIAGNOSTIC_ONLY
SS,pressure_gradient_acceleration,LINEAGE,HMSO01R_A|FIELD_LINEAGE|46ad1db2ba1a448aa8fcf8fea69b4b772861af80c9b661f505a8c591ffdfe68c,0.0,1.0350048371053941,0.0,EVALUABLE,EQUAL_FOLD_FAMILY_LINEAGE_THEN_CASE_MEAN_AS_APPLICABLE,EXPLORATORY_CONSUMED_DIAGNOSTIC_ONLY
SS,pressure_gradient_acceleration,LINEAGE,HMSO01R_A|FIELD_LINEAGE|4729596698ed7c65dd5f082aea4dac27cd26c6550de18eb2382e9ca6f186b90b,0.0,1.5761287254929048,0.0,EVALUABLE,EQUAL_FOLD_FAMILY_LINEAGE_THEN_CASE_MEAN_AS_APPLICABLE,EXPLORATORY_CONSUMED_DIAGNOSTIC_ONLY
SS,pressure_gradient_acceleration,LINEAGE,HMSO01R_A|FIELD_LINEAGE|475ead0c3c732d8046f08c0918482fe4219c4fa643d2e948ba96c0bc2f6d887d,0.09174749416192178,1.2422538814056323,0.07385567115967298,EVALUABLE,EQUAL_FOLD_FAMILY_LINEAGE_THEN_CASE_MEAN_AS_APPLICABLE,EXPLORATORY_CONSUMED_DIAGNOSTIC_ONLY
SS,pressure_gradient_acceleration,LINEAGE,HMSO01R_A|FIELD_LINEAGE|49aae8e0ac8e4584d3624cd5459480c917c8157571a4f7ac9660003550146055,0.0,1.2461970160124203,0.0,EVALUABLE,EQUAL_FOLD_FAMILY_LINEAGE_THEN_CASE_MEAN_AS_APPLICABLE,EXPLORATORY_CONSUMED_DIAGNOSTIC_ONLY
SS,pressure_gradient_acceleration,LINEAGE,HMSO01R_A|FIELD_LINEAGE|4a864b01d23e69fbf80902fd3a728f366c9eb285ead51eb5724dfe25ca232031,0.0,1.2365062949278165,0.0,EVALUABLE,EQUAL_FOLD_FAMILY_LINEAGE_THEN_CASE_MEAN_AS_APPLICABLE,EXPLORATORY_CONSUMED_DIAGNOSTIC_ONLY
SS,pressure_gradient_acceleration,LINEAGE,HMSO01R_A|FIELD_LINEAGE|4c3bbd0a7d56407cf1ccc6d516e10bc822949b03124ef92a27e554a97f6ed1b2,0.0,1.4435530686680162,0.0,EVALUABLE,EQUAL_FOLD_FAMILY_LINEAGE_THEN_CASE_MEAN_AS_APPLICABLE,EXPLORATORY_CONSUMED_DIAGNOSTIC_ONLY
SS,pressure_gradient_acceleration,LINEAGE,HMSO01R_A|FIELD_LINEAGE|4cf69c455bf1f50d880646e37d5ce58645992adb18a995a52fdf89583dcd2384,0.0358691524500123,0.608665453753138,0.05893081696823241,EVALUABLE,EQUAL_FOLD_FAMILY_LINEAGE_THEN_CASE_MEAN_AS_APPLICABLE,EXPLORATORY_CONSUMED_DIAGNOSTIC_ONLY
SS,pressure_gradient_acceleration,LINEAGE,HMSO01R_A|FIELD_LINEAGE|51aa7e7dbbb5aa6496f5ed0b95d8e85438067333a238c5e41877a3cd9ace3175,0.0,1.436800110572492,0.0,EVALUABLE,EQUAL_FOLD_FAMILY_LINEAGE_THEN_CASE_MEAN_AS_APPLICABLE,EXPLORATORY_CONSUMED_DIAGNOSTIC_ONLY
SS,pressure_gradient_acceleration,LINEAGE,HMSO01R_A|FIELD_LINEAGE|541d56dfe6d37f091e41084f899b04aeee2814cee915608e406b47dce85c3c8b,0.0,1.2954920986725167,0.0,EVALUABLE,EQUAL_FOLD_FAMILY_LINEAGE_THEN_CASE_MEAN_AS_APPLICABLE,EXPLORATORY_CONSUMED_DIAGNOSTIC_ONLY
SS,pressure_gradient_acceleration,LINEAGE,HMSO01R_A|FIELD_LINEAGE|55cdcba2ab757796978976644840d2bce6b96e998f32047a71aff1f289ed6480,0.0,1.3401001431339308,0.0,EVALUABLE,EQUAL_FOLD_FAMILY_LINEAGE_THEN_CASE_MEAN_AS_APPLICABLE,EXPLORATORY_CONSUMED_DIAGNOSTIC_ONLY
SS,pressure_gradient_acceleration,LINEAGE,HMSO01R_A|FIELD_LINEAGE|56571c9b6d895bc0e855ce89225a188e41167fe16fc1aed7e4e19ab1ddaef9cb,0.9064840798006278,1.3165430675527294,0.688533555902319,EVALUABLE,EQUAL_FOLD_FAMILY_LINEAGE_THEN_CASE_MEAN_AS_APPLICABLE,EXPLORATORY_CONSUMED_DIAGNOSTIC_ONLY
SS,pressure_gradient_acceleration,LINEAGE,HMSO01R_A|FIELD_LINEAGE|5717c014ee19e2404587fa3546273faef8d6d97d2a31a4b9e01b24770e476426,0.0,1.0112492355498484,0.0,EVALUABLE,EQUAL_FOLD_FAMILY_LINEAGE_THEN_CASE_MEAN_AS_APPLICABLE,EXPLORATORY_CONSUMED_DIAGNOSTIC_ONLY
SS,pressure_gradient_acceleration,LINEAGE,HMSO01R_A|FIELD_LINEAGE|5788e5f098ee24a0bfe3ef48cb7ba08a0bdbab2c319fd19eedc3c9eb4ac76f03,0.0,0.4288981198967099,0.0,EVALUABLE,EQUAL_FOLD_FAMILY_LINEAGE_THEN_CASE_MEAN_AS_APPLICABLE,EXPLORATORY_CONSUMED_DIAGNOSTIC_ONLY
SS,pressure_gradient_acceleration,LINEAGE,HMSO01R_A|FIELD_LINEAGE|5851badadb2dbcb7aa9bd12e7e1999f87fd380febbee831ba86fec2a8906fa0a,2.825121455850262,2.6220363864141225,1.07745318504671,EVALUABLE,EQUAL_FOLD_FAMILY_LINEAGE_THEN_CASE_MEAN_AS_APPLICABLE,EXPLORATORY_CONSUMED_DIAGNOSTIC_ONLY
SS,pressure_gradient_acceleration,LINEAGE,HMSO01R_A|FIELD_LINEAGE|5915fb95e293a089619d78d1366edf95fa145cc69452df6337d9252e862b1502,0.0,1.1401668136635388,0.0,EVALUABLE,EQUAL_FOLD_FAMILY_LINEAGE_THEN_CASE_MEAN_AS_APPLICABLE,EXPLORATORY_CONSUMED_DIAGNOSTIC_ONLY
SS,pressure_gradient_acceleration,LINEAGE,HMSO01R_A|FIELD_LINEAGE|5932ef4f3ff2f79b2fa4005d45fb593b78f4308c6edd18917a8552256cdfcf19,0.23451314127341866,1.1533431366721245,0.20333336525510246,EVALUABLE,EQUAL_FOLD_FAMILY_LINEAGE_THEN_CASE_MEAN_AS_APPLICABLE,EXPLORATORY_CONSUMED_DIAGNOSTIC_ONLY
SS,pressure_gradient_acceleration,LINEAGE,HMSO01R_A|FIELD_LINEAGE|59aef3f6a7aa33f774612e58955e925638af1b151b9e6b2d7127236b21c1a5a6,1.4584772183803563,5.260419718330626,0.27725491433660704,EVALUABLE,EQUAL_FOLD_FAMILY_LINEAGE_THEN_CASE_MEAN_AS_APPLICABLE,EXPLORATORY_CONSUMED_DIAGNOSTIC_ONLY
SS,pressure_gradient_acceleration,LINEAGE,HMSO01R_A|FIELD_LINEAGE|5a0dbac6ae904f5529ad460639c41b1b383ca8809b93f779bcc31cb0fd08d08b,0.04344869665677673,0.9446883404795865,0.04599262507539713,EVALUABLE,EQUAL_FOLD_FAMILY_LINEAGE_THEN_CASE_MEAN_AS_APPLICABLE,EXPLORATORY_CONSUMED_DIAGNOSTIC_ONLY
SS,pressure_gradient_acceleration,LINEAGE,HMSO01R_A|FIELD_LINEAGE|5c056a7425c54539d868f52b6ae68a4c578195d4f6b5cb7d636be4eab2c2df8c,0.2676194708474163,1.1778456238717965,0.22721099049271123,EVALUABLE,EQUAL_FOLD_FAMILY_LINEAGE_THEN_CASE_MEAN_AS_APPLICABLE,EXPLORATORY_CONSUMED_DIAGNOSTIC_ONLY
SS,pressure_gradient_acceleration,LINEAGE,HMSO01R_A|FIELD_LINEAGE|5c07d2280b8a6c46f1c42b9f7878f3f5c5e2174c9419aaf05f2bb6b52ab2f5f6,0.41494324037088914,1.6608227719129345,0.24984197434441352,EVALUABLE,EQUAL_FOLD_FAMILY_LINEAGE_THEN_CASE_MEAN_AS_APPLICABLE,EXPLORATORY_CONSUMED_DIAGNOSTIC_ONLY
SS,pressure_gradient_acceleration,LINEAGE,HMSO01R_A|FIELD_LINEAGE|5cf76bdd12cdf0612bba343b6cf1b9e46ef0764cc183560f7b16acacca9460f1,0.19215462693805635,1.6820522043095107,0.11423820642768731,EVALUABLE,EQUAL_FOLD_FAMILY_LINEAGE_THEN_CASE_MEAN_AS_APPLICABLE,EXPLORATORY_CONSUMED_DIAGNOSTIC_ONLY
SS,pressure_gradient_acceleration,LINEAGE,HMSO01R_A|FIELD_LINEAGE|5d84595c43a38b585d7953f18ac50da686f8debb482b1cca6058cffe84d274b6,11.60555414298157,12.611351286977127,0.9202466792726506,EVALUABLE,EQUAL_FOLD_FAMILY_LINEAGE_THEN_CASE_MEAN_AS_APPLICABLE,EXPLORATORY_CONSUMED_DIAGNOSTIC_ONLY
SS,pressure_gradient_acceleration,LINEAGE,HMSO01R_A|FIELD_LINEAGE|5e2623db68536d2f4bee911245429597fdaee9006859890dec92aeaff707fe09,0.0,1.2970398373137435,0.0,EVALUABLE,EQUAL_FOLD_FAMILY_LINEAGE_THEN_CASE_MEAN_AS_APPLICABLE,EXPLORATORY_CONSUMED_DIAGNOSTIC_ONLY
SS,pressure_gradient_acceleration,LINEAGE,HMSO01R_A|FIELD_LINEAGE|61b0a8ee57598b36eed2786a9e3e1cafd7d1e5cb7b5052c92f6d5c1826bc6619,0.0,1.2386161624845067,0.0,EVALUABLE,EQUAL_FOLD_FAMILY_LINEAGE_THEN_CASE_MEAN_AS_APPLICABLE,EXPLORATORY_CONSUMED_DIAGNOSTIC_ONLY
SS,pressure_gradient_acceleration,LINEAGE,HMSO01R_A|FIELD_LINEAGE|61d4f5ea89fdb94c7fd8a7150c89f5910fdf9e6c5a71383e850b5a750c8fcf55,0.0,0.9430045367911358,0.0,EVALUABLE,EQUAL_FOLD_FAMILY_LINEAGE_THEN_CASE_MEAN_AS_APPLICABLE,EXPLORATORY_CONSUMED_DIAGNOSTIC_ONLY
SS,pressure_gradient_acceleration,LINEAGE,HMSO01R_A|FIELD_LINEAGE|6260b45ec31956360cb50305f8ad9fa70be57f53fb24bc0523fc70aeb48f57ae,0.0,1.378117876492584,0.0,EVALUABLE,EQUAL_FOLD_FAMILY_LINEAGE_THEN_CASE_MEAN_AS_APPLICABLE,EXPLORATORY_CONSUMED_DIAGNOSTIC_ONLY
SS,pressure_gradient_acceleration,LINEAGE,HMSO01R_A|FIELD_LINEAGE|6359faeb0765247f7e12d6c9e8bbc8898fa74fca5c76c863a6009dffddbcb32e,0.0,1.1767623618765823,0.0,EVALUABLE,EQUAL_FOLD_FAMILY_LINEAGE_THEN_CASE_MEAN_AS_APPLICABLE,EXPLORATORY_CONSUMED_DIAGNOSTIC_ONLY
SS,pressure_gradient_acceleration,LINEAGE,HMSO01R_A|FIELD_LINEAGE|64cf1977fe8b52c7e0fc1798d4810be4243b09c0886573ce42439c1eaf431667,0.11844875708630817,1.3221236692085836,0.08958977124826076,EVALUABLE,EQUAL_FOLD_FAMILY_LINEAGE_THEN_CASE_MEAN_AS_APPLICABLE,EXPLORATORY_CONSUMED_DIAGNOSTIC_ONLY
SS,pressure_gradient_acceleration,LINEAGE,HMSO01R_A|FIELD_LINEAGE|66e31e43c39c0807b2398e5067c9aaab318a50b596f04344988d8e71103f4693,0.0,1.0067342930583179,0.0,EVALUABLE,EQUAL_FOLD_FAMILY_LINEAGE_THEN_CASE_MEAN_AS_APPLICABLE,EXPLORATORY_CONSUMED_DIAGNOSTIC_ONLY
SS,pressure_gradient_acceleration,LINEAGE,HMSO01R_A|FIELD_LINEAGE|6918def6b8a6923e67fc2a25f9ee5a59a177f2b6c9bf8dfd922cd28ef3b4c287,0.0,0.5524365593875837,0.0,EVALUABLE,EQUAL_FOLD_FAMILY_LINEAGE_THEN_CASE_MEAN_AS_APPLICABLE,EXPLORATORY_CONSUMED_DIAGNOSTIC_ONLY
SS,pressure_gradient_acceleration,LINEAGE,HMSO01R_A|FIELD_LINEAGE|6aba5ce17b9c02240405669069c0b485de9d3ce1714e3e85b0411d61ec7beb5e,0.0,0.5192462928132224,0.0,EVALUABLE,EQUAL_FOLD_FAMILY_LINEAGE_THEN_CASE_MEAN_AS_APPLICABLE,EXPLORATORY_CONSUMED_DIAGNOSTIC_ONLY
SS,pressure_gradient_acceleration,LINEAGE,HMSO01R_A|FIELD_LINEAGE|6ad90de4847db7d34a3540ed573a050180b363be817d3503c19045b1a2f0ed3c,0.0,1.271212648860439,0.0,EVALUABLE,EQUAL_FOLD_FAMILY_LINEAGE_THEN_CASE_MEAN_AS_APPLICABLE,EXPLORATORY_CONSUMED_DIAGNOSTIC_ONLY
SS,pressure_gradient_acceleration,LINEAGE,HMSO01R_A|FIELD_LINEAGE|6af5032f0b166e8e3ff27ce0b5fdfb49cda87c61afe66a4eb6eb807e625daf8a,0.0,1.2817661451548996,0.0,EVALUABLE,EQUAL_FOLD_FAMILY_LINEAGE_THEN_CASE_MEAN_AS_APPLICABLE,EXPLORATORY_CONSUMED_DIAGNOSTIC_ONLY
SS,pressure_gradient_acceleration,LINEAGE,HMSO01R_A|FIELD_LINEAGE|6d1fc2b84d6da564ae936d907e04365ad5b63a9377b77c1faa05d68a9fe06d3c,0.3628425225488542,1.2925907938665773,0.28070950549126933,EVALUABLE,EQUAL_FOLD_FAMILY_LINEAGE_THEN_CASE_MEAN_AS_APPLICABLE,EXPLORATORY_CONSUMED_DIAGNOSTIC_ONLY
SS,pressure_gradient_acceleration,LINEAGE,HMSO01R_A|FIELD_LINEAGE|6d4353b03da9874056ea6f087e4493dcb629a7b8bd4a1eabce0a6b1b20255b6c,0.0,0.7925218793480863,0.0,EVALUABLE,EQUAL_FOLD_FAMILY_LINEAGE_THEN_CASE_MEAN_AS_APPLICABLE,EXPLORATORY_CONSUMED_DIAGNOSTIC_ONLY
SS,pressure_gradient_acceleration,LINEAGE,HMSO01R_A|FIELD_LINEAGE|70dd50135b0ce37b393c6eae858eae2988f95a40a860753345e473ce01dd9d91,0.13960159551312357,1.3212595608983517,0.10565796429749622,EVALUABLE,EQUAL_FOLD_FAMILY_LINEAGE_THEN_CASE_MEAN_AS_APPLICABLE,EXPLORATORY_CONSUMED_DIAGNOSTIC_ONLY
SS,pressure_gradient_acceleration,LINEAGE,HMSO01R_A|FIELD_LINEAGE|724fd3a44cb8ec4985e45f721837e7f4eeea1666b35a166345e025918455e304,0.09666487597045262,1.2752235694996017,0.07580229716769112,EVALUABLE,EQUAL_FOLD_FAMILY_LINEAGE_THEN_CASE_MEAN_AS_APPLICABLE,EXPLORATORY_CONSUMED_DIAGNOSTIC_ONLY
SS,pressure_gradient_acceleration,LINEAGE,HMSO01R_A|FIELD_LINEAGE|72bbc35959df916eca72e8fb7e723c361c09592753187c3754f344aae218c230,0.03919271684817952,2.5291648747737177,0.015496307591131664,EVALUABLE,EQUAL_FOLD_FAMILY_LINEAGE_THEN_CASE_MEAN_AS_APPLICABLE,EXPLORATORY_CONSUMED_DIAGNOSTIC_ONLY
SS,pressure_gradient_acceleration,LINEAGE,HMSO01R_A|FIELD_LINEAGE|73f5ee97e40c47c1aa5579bcf72cf190dfaf3aad2886cc887f3295530388016c,0.12516193308996787,0.6216149455790534,0.20134962001818615,EVALUABLE,EQUAL_FOLD_FAMILY_LINEAGE_THEN_CASE_MEAN_AS_APPLICABLE,EXPLORATORY_CONSUMED_DIAGNOSTIC_ONLY
SS,pressure_gradient_acceleration,LINEAGE,HMSO01R_A|FIELD_LINEAGE|75819144781d043ebbeb8c2d3fbfa9139c47542df53315ab71a80a7addb49109,0.725499977009769,2.2788999958712846,0.31835533736634675,EVALUABLE,EQUAL_FOLD_FAMILY_LINEAGE_THEN_CASE_MEAN_AS_APPLICABLE,EXPLORATORY_CONSUMED_DIAGNOSTIC_ONLY
SS,pressure_gradient_acceleration,LINEAGE,HMSO01R_A|FIELD_LINEAGE|7583af7a3fd0bfbef70db28fd30d8a1112bd000451f8c0ebdcd0eabb3acf22a1,0.0,1.2559093291582843,0.0,EVALUABLE,EQUAL_FOLD_FAMILY_LINEAGE_THEN_CASE_MEAN_AS_APPLICABLE,EXPLORATORY_CONSUMED_DIAGNOSTIC_ONLY
SS,pressure_gradient_acceleration,LINEAGE,HMSO01R_A|FIELD_LINEAGE|788bb18808dd1be8d0fa3d7caafb9ed17441fce457a419d2bbaf861831d83a81,0.0,0.4318096467010415,0.0,EVALUABLE,EQUAL_FOLD_FAMILY_LINEAGE_THEN_CASE_MEAN_AS_APPLICABLE,EXPLORATORY_CONSUMED_DIAGNOSTIC_ONLY
SS,pressure_gradient_acceleration,LINEAGE,HMSO01R_A|FIELD_LINEAGE|7a0ba19f2cf324db5922acc61291c51f82b574717f73f269f12eae7bcc99ab35,0.005409366248462124,1.1178031249898057,0.004839283526346785,EVALUABLE,EQUAL_FOLD_FAMILY_LINEAGE_THEN_CASE_MEAN_AS_APPLICABLE,EXPLORATORY_CONSUMED_DIAGNOSTIC_ONLY
SS,pressure_gradient_acceleration,LINEAGE,HMSO01R_A|FIELD_LINEAGE|7a40ff07646995058d8981271562dfa4f2cc77b96f79dba59c7ae90f96586134,0.0,1.0855869262430022,0.0,EVALUABLE,EQUAL_FOLD_FAMILY_LINEAGE_THEN_CASE_MEAN_AS_APPLICABLE,EXPLORATORY_CONSUMED_DIAGNOSTIC_ONLY
SS,pressure_gradient_acceleration,LINEAGE,HMSO01R_A|FIELD_LINEAGE|7a536ab09e10cdf42c9afdd1f0f02ad4a5141ab50a8f50eb0b247ee08a4c67c0,0.0,0.41441823479941076,0.0,EVALUABLE,EQUAL_FOLD_FAMILY_LINEAGE_THEN_CASE_MEAN_AS_APPLICABLE,EXPLORATORY_CONSUMED_DIAGNOSTIC_ONLY
SS,pressure_gradient_acceleration,LINEAGE,HMSO01R_A|FIELD_LINEAGE|7b060c06cca73ad49fc21e32e1688bcbe34e5745a78029b452cbacf697a204be,0.1382832704270438,1.0119043621185213,0.13665646241264756,EVALUABLE,EQUAL_FOLD_FAMILY_LINEAGE_THEN_CASE_MEAN_AS_APPLICABLE,EXPLORATORY_CONSUMED_DIAGNOSTIC_ONLY
SS,pressure_gradient_acceleration,LINEAGE,HMSO01R_A|FIELD_LINEAGE|7be8c21ecd7eaebf293b54b94f1920e19f00da5d0e416aaa8f7c69137970c399,0.0,0.9406148877460447,0.0,EVALUABLE,EQUAL_FOLD_FAMILY_LINEAGE_THEN_CASE_MEAN_AS_APPLICABLE,EXPLORATORY_CONSUMED_DIAGNOSTIC_ONLY
SS,pressure_gradient_acceleration,LINEAGE,HMSO01R_A|FIELD_LINEAGE|7c009b8ab0dfadca9095462a890aab36eac46b48a3c131f7a908a8d37a21f707,0.0,1.0471821634019478,0.0,EVALUABLE,EQUAL_FOLD_FAMILY_LINEAGE_THEN_CASE_MEAN_AS_APPLICABLE,EXPLORATORY_CONSUMED_DIAGNOSTIC_ONLY
SS,pressure_gradient_acceleration,LINEAGE,HMSO01R_A|FIELD_LINEAGE|7cb12f064a9c8069fd15f2a86fa0ddd017328ca5cc4b0fc515bbfbdd4c6e6858,0.0,0.43214315266508474,0.0,EVALUABLE,EQUAL_FOLD_FAMILY_LINEAGE_THEN_CASE_MEAN_AS_APPLICABLE,EXPLORATORY_CONSUMED_DIAGNOSTIC_ONLY
SS,pressure_gradient_acceleration,LINEAGE,HMSO01R_A|FIELD_LINEAGE|7f5e5896e83ee81bc858adc8fff5befe2b2c76e1183ff21435261a6621560b2c,1.0398189091167005,2.803868308522768,0.37085155032282324,EVALUABLE,EQUAL_FOLD_FAMILY_LINEAGE_THEN_CASE_MEAN_AS_APPLICABLE,EXPLORATORY_CONSUMED_DIAGNOSTIC_ONLY
SS,pressure_gradient_acceleration,LINEAGE,HMSO01R_A|FIELD_LINEAGE|7fcdfe3b32b571e4d4b1a4e7c1702d5dffaf41926d62628c6a434d692409d901,0.0,1.2917668313453774,0.0,EVALUABLE,EQUAL_FOLD_FAMILY_LINEAGE_THEN_CASE_MEAN_AS_APPLICABLE,EXPLORATORY_CONSUMED_DIAGNOSTIC_ONLY
SS,pressure_gradient_acceleration,LINEAGE,HMSO01R_A|FIELD_LINEAGE|7fd6bba4cc2991027e04cc510555a1b3e651423143c79ecd367c197fbfdf8786,0.0,1.357616572428571,0.0,EVALUABLE,EQUAL_FOLD_FAMILY_LINEAGE_THEN_CASE_MEAN_AS_APPLICABLE,EXPLORATORY_CONSUMED_DIAGNOSTIC_ONLY
SS,pressure_gradient_acceleration,LINEAGE,HMSO01R_A|FIELD_LINEAGE|7fd9257249644666dfcbc65ef0f9aa8090d87f1c93f77579cc137a1fc016a884,0.0,1.0611157149745378,0.0,EVALUABLE,EQUAL_FOLD_FAMILY_LINEAGE_THEN_CASE_MEAN_AS_APPLICABLE,EXPLORATORY_CONSUMED_DIAGNOSTIC_ONLY
SS,pressure_gradient_acceleration,LINEAGE,HMSO01R_A|FIELD_LINEAGE|81c7292472bf739bf28836ff17c69dda49199278b75cd9c66130df6be7c143fb,0.2656063834194874,2.5381632554898745,0.10464511407806368,EVALUABLE,EQUAL_FOLD_FAMILY_LINEAGE_THEN_CASE_MEAN_AS_APPLICABLE,EXPLORATORY_CONSUMED_DIAGNOSTIC_ONLY
SS,pressure_gradient_acceleration,LINEAGE,HMSO01R_A|FIELD_LINEAGE|8319212c9598ce2f7cd195e20de66435ffdb6ab6aeedf4d663d53cb3966ebc0a,0.0,1.1244914879615346,0.0,EVALUABLE,EQUAL_FOLD_FAMILY_LINEAGE_THEN_CASE_MEAN_AS_APPLICABLE,EXPLORATORY_CONSUMED_DIAGNOSTIC_ONLY
SS,pressure_gradient_acceleration,LINEAGE,HMSO01R_A|FIELD_LINEAGE|83c68f311cba3e93368aeeec1e81f7eebc2d9d8bfb68a0ba32cbc3fe731f6155,0.0,1.1422408766692547,0.0,EVALUABLE,EQUAL_FOLD_FAMILY_LINEAGE_THEN_CASE_MEAN_AS_APPLICABLE,EXPLORATORY_CONSUMED_DIAGNOSTIC_ONLY
SS,pressure_gradient_acceleration,LINEAGE,HMSO01R_A|FIELD_LINEAGE|8573999ac09da70da8d1802997d1dd1b2879d7ff239af35fb1a185a39cc1f420,0.0,1.2864450885513339,0.0,EVALUABLE,EQUAL_FOLD_FAMILY_LINEAGE_THEN_CASE_MEAN_AS_APPLICABLE,EXPLORATORY_CONSUMED_DIAGNOSTIC_ONLY
SS,pressure_gradient_acceleration,LINEAGE,HMSO01R_A|FIELD_LINEAGE|86c895c14384dc9ce73736790948d3516d7de8be96dc834ec48d9a651e6b8e5e,0.0,1.0353679397445394,0.0,EVALUABLE,EQUAL_FOLD_FAMILY_LINEAGE_THEN_CASE_MEAN_AS_APPLICABLE,EXPLORATORY_CONSUMED_DIAGNOSTIC_ONLY
SS,pressure_gradient_acceleration,LINEAGE,HMSO01R_A|FIELD_LINEAGE|86f4c153dee170c8ee8f47b2eb988fa25bcda8c9a7b6fd68a3d7256dc3af0a1f,0.22391307778768077,1.5281752321265545,0.1465231689929245,EVALUABLE,EQUAL_FOLD_FAMILY_LINEAGE_THEN_CASE_MEAN_AS_APPLICABLE,EXPLORATORY_CONSUMED_DIAGNOSTIC_ONLY
SS,pressure_gradient_acceleration,LINEAGE,HMSO01R_A|FIELD_LINEAGE|87172e4156e9f066a6ea7ab3304062c939784ea4bd0f5f1cf466bbc2d6008cc6,1.1807788296644763,3.0453322620754943,0.3877339902673663,EVALUABLE,EQUAL_FOLD_FAMILY_LINEAGE_THEN_CASE_MEAN_AS_APPLICABLE,EXPLORATORY_CONSUMED_DIAGNOSTIC_ONLY
SS,pressure_gradient_acceleration,LINEAGE,HMSO01R_A|FIELD_LINEAGE|8788043b5775de130eade6a54c5654805d8ed31cc68fcfa8928c3b7150abef48,0.0,0.48002923931551866,0.0,EVALUABLE,EQUAL_FOLD_FAMILY_LINEAGE_THEN_CASE_MEAN_AS_APPLICABLE,EXPLORATORY_CONSUMED_DIAGNOSTIC_ONLY
SS,pressure_gradient_acceleration,LINEAGE,HMSO01R_A|FIELD_LINEAGE|88fd5f86ca9cc426c28ce681d06ea15f58c6c7889170fcda146bde128f6121e4,0.3175707756065009,1.8324073872199165,0.17330795423626372,EVALUABLE,EQUAL_FOLD_FAMILY_LINEAGE_THEN_CASE_MEAN_AS_APPLICABLE,EXPLORATORY_CONSUMED_DIAGNOSTIC_ONLY
SS,pressure_gradient_acceleration,LINEAGE,HMSO01R_A|FIELD_LINEAGE|8a6dd2252f8c5f8f08c3ba5ae9cf89d97575348634ba471a1a84e7de612ac6f3,0.0,1.221998818369118,0.0,EVALUABLE,EQUAL_FOLD_FAMILY_LINEAGE_THEN_CASE_MEAN_AS_APPLICABLE,EXPLORATORY_CONSUMED_DIAGNOSTIC_ONLY
SS,pressure_gradient_acceleration,LINEAGE,HMSO01R_A|FIELD_LINEAGE|8af782533dccfef4a682f44ff365b7014ae448a56bd62c92877bbd37640adb31,1.7802068418507775,1.2046476912898874,1.477782138896232,EVALUABLE,EQUAL_FOLD_FAMILY_LINEAGE_THEN_CASE_MEAN_AS_APPLICABLE,EXPLORATORY_CONSUMED_DIAGNOSTIC_ONLY
SS,pressure_gradient_acceleration,LINEAGE,HMSO01R_A|FIELD_LINEAGE|8d1e4918227588e163eea87a946c88983d6e03486114766be90d0602757fb4c2,0.0,0.9220039790371961,0.0,EVALUABLE,EQUAL_FOLD_FAMILY_LINEAGE_THEN_CASE_MEAN_AS_APPLICABLE,EXPLORATORY_CONSUMED_DIAGNOSTIC_ONLY
SS,pressure_gradient_acceleration,LINEAGE,HMSO01R_A|FIELD_LINEAGE|8e3408f57249bc00fdafb475f758686e9ee7a95dad97ecf63f9b3a27f383de5d,0.0,1.1851956734333464,0.0,EVALUABLE,EQUAL_FOLD_FAMILY_LINEAGE_THEN_CASE_MEAN_AS_APPLICABLE,EXPLORATORY_CONSUMED_DIAGNOSTIC_ONLY
SS,pressure_gradient_acceleration,LINEAGE,HMSO01R_A|FIELD_LINEAGE|8e40e60ae6de8d393e4f96f7c0cdfd3570298138a8d1d44c6db1dc858b71a31e,0.13821381934422367,1.304292503448118,0.10596842271103454,EVALUABLE,EQUAL_FOLD_FAMILY_LINEAGE_THEN_CASE_MEAN_AS_APPLICABLE,EXPLORATORY_CONSUMED_DIAGNOSTIC_ONLY
SS,pressure_gradient_acceleration,LINEAGE,HMSO01R_A|FIELD_LINEAGE|8fbd2d8c6238dbc0e3f8ebbea9ee429eb1cbd0b7ebf5580cffb8e79372f4cf04,0.17293608649392134,1.589200930880147,0.10881952252453324,EVALUABLE,EQUAL_FOLD_FAMILY_LINEAGE_THEN_CASE_MEAN_AS_APPLICABLE,EXPLORATORY_CONSUMED_DIAGNOSTIC_ONLY
SS,pressure_gradient_acceleration,LINEAGE,HMSO01R_A|FIELD_LINEAGE|9035657b1a9729d4b57919992bee8d9ea960c2a587c8d3877d9c920d8fa2a77c,0.5038002098242566,1.587291258305872,0.31739619757117943,EVALUABLE,EQUAL_FOLD_FAMILY_LINEAGE_THEN_CASE_MEAN_AS_APPLICABLE,EXPLORATORY_CONSUMED_DIAGNOSTIC_ONLY
SS,pressure_gradient_acceleration,LINEAGE,HMSO01R_A|FIELD_LINEAGE|9239a350bed02b809dafe66125991e7de2c0c1c20b38f7689dc19527329619d6,0.0,1.276643083759631,0.0,EVALUABLE,EQUAL_FOLD_FAMILY_LINEAGE_THEN_CASE_MEAN_AS_APPLICABLE,EXPLORATORY_CONSUMED_DIAGNOSTIC_ONLY
SS,pressure_gradient_acceleration,LINEAGE,HMSO01R_A|FIELD_LINEAGE|9415b727187c332c72260d653b657bcbe590635140818a0978bae1e8dcd4568b,0.061806538627603616,1.4445419041694727,0.04278625524756845,EVALUABLE,EQUAL_FOLD_FAMILY_LINEAGE_THEN_CASE_MEAN_AS_APPLICABLE,EXPLORATORY_CONSUMED_DIAGNOSTIC_ONLY
SS,pressure_gradient_acceleration,LINEAGE,HMSO01R_A|FIELD_LINEAGE|95873981d02cb2a4e333122aa57c7927c33fccc49c0b93590a6b549f6bec57f1,0.12187445741810156,1.350867912349281,0.09021937400685674,EVALUABLE,EQUAL_FOLD_FAMILY_LINEAGE_THEN_CASE_MEAN_AS_APPLICABLE,EXPLORATORY_CONSUMED_DIAGNOSTIC_ONLY
SS,pressure_gradient_acceleration,LINEAGE,HMSO01R_A|FIELD_LINEAGE|970bbd18dffee12c05308155c993436bfc58e77384e4967420f4e2e03156c88b,0.3810203846141271,2.7919125496111947,0.13647289370406263,EVALUABLE,EQUAL_FOLD_FAMILY_LINEAGE_THEN_CASE_MEAN_AS_APPLICABLE,EXPLORATORY_CONSUMED_DIAGNOSTIC_ONLY
SS,pressure_gradient_acceleration,LINEAGE,HMSO01R_A|FIELD_LINEAGE|97c8122849aa3cb13b599389c011f78352d49decd5677988d0a2a6da7c39f700,0.1402361383156953,1.2222211637290274,0.11473875799027348,EVALUABLE,EQUAL_FOLD_FAMILY_LINEAGE_THEN_CASE_MEAN_AS_APPLICABLE,EXPLORATORY_CONSUMED_DIAGNOSTIC_ONLY
SS,pressure_gradient_acceleration,LINEAGE,HMSO01R_A|FIELD_LINEAGE|97fbdfbd64658c72d9a31f61eea2acf4543cf9ba5532a2ed052d1358412ef553,2.2426014408055654,1.0830915912639,2.0705556749716707,EVALUABLE,EQUAL_FOLD_FAMILY_LINEAGE_THEN_CASE_MEAN_AS_APPLICABLE,EXPLORATORY_CONSUMED_DIAGNOSTIC_ONLY
SS,pressure_gradient_acceleration,LINEAGE,HMSO01R_A|FIELD_LINEAGE|98ef721075a1ebd7c92edcbcf7747aac6c3d77c4f9c29f15e5d83577ad6d7f6b,0.0,1.0213463294256198,0.0,EVALUABLE,EQUAL_FOLD_FAMILY_LINEAGE_THEN_CASE_MEAN_AS_APPLICABLE,EXPLORATORY_CONSUMED_DIAGNOSTIC_ONLY
SS,pressure_gradient_acceleration,LINEAGE,HMSO01R_A|FIELD_LINEAGE|99c13161db8958c19a30a96b96a6940cece539d1c84e808e21dfa37710ec6894,0.0,1.0931208344149335,0.0,EVALUABLE,EQUAL_FOLD_FAMILY_LINEAGE_THEN_CASE_MEAN_AS_APPLICABLE,EXPLORATORY_CONSUMED_DIAGNOSTIC_ONLY
SS,pressure_gradient_acceleration,LINEAGE,HMSO01R_A|FIELD_LINEAGE|9a24c02f87d28fecb69b79ddff22c8eb176badf445e6b5b8234aa2a46b73c349,0.0,1.2657082787792169,0.0,EVALUABLE,EQUAL_FOLD_FAMILY_LINEAGE_THEN_CASE_MEAN_AS_APPLICABLE,EXPLORATORY_CONSUMED_DIAGNOSTIC_ONLY
SS,pressure_gradient_acceleration,LINEAGE,HMSO01R_A|FIELD_LINEAGE|9aaa52aa8afb4f9adfe0d0e7ddb5e3e8101852fdd6ef0a635cf3875b473d16a7,0.0,0.6039534696032456,0.0,EVALUABLE,EQUAL_FOLD_FAMILY_LINEAGE_THEN_CASE_MEAN_AS_APPLICABLE,EXPLORATORY_CONSUMED_DIAGNOSTIC_ONLY
SS,pressure_gradient_acceleration,LINEAGE,HMSO01R_A|FIELD_LINEAGE|9c004dbe18905f4181f1a701e81649fc67e98b969674994e8f64827f6fb4c765,0.0,1.0903022751361238,0.0,EVALUABLE,EQUAL_FOLD_FAMILY_LINEAGE_THEN_CASE_MEAN_AS_APPLICABLE,EXPLORATORY_CONSUMED_DIAGNOSTIC_ONLY
SS,pressure_gradient_acceleration,LINEAGE,HMSO01R_A|FIELD_LINEAGE|9c5f7b50a01e8dafcf4be2d7df61fd0da86b2229fe32286852ed3ad88cce82f1,0.0,0.9506523947874407,0.0,EVALUABLE,EQUAL_FOLD_FAMILY_LINEAGE_THEN_CASE_MEAN_AS_APPLICABLE,EXPLORATORY_CONSUMED_DIAGNOSTIC_ONLY
SS,pressure_gradient_acceleration,LINEAGE,HMSO01R_A|FIELD_LINEAGE|9f471cc2328d66ccf0ca43f62bf5e261a867f85eeac6edc5a472072ca388bff6,1.5416000264341962,1.8096755217544425,0.8518654354895884,EVALUABLE,EQUAL_FOLD_FAMILY_LINEAGE_THEN_CASE_MEAN_AS_APPLICABLE,EXPLORATORY_CONSUMED_DIAGNOSTIC_ONLY
SS,pressure_gradient_acceleration,LINEAGE,HMSO01R_A|FIELD_LINEAGE|9ff02fac76e3803bb8391cba4035dfa7a72d5220975092d818302f10f07c08e9,0.3063789903534728,1.4857555291936428,0.2062109037007942,EVALUABLE,EQUAL_FOLD_FAMILY_LINEAGE_THEN_CASE_MEAN_AS_APPLICABLE,EXPLORATORY_CONSUMED_DIAGNOSTIC_ONLY
SS,pressure_gradient_acceleration,LINEAGE,HMSO01R_A|FIELD_LINEAGE|a1c0a919ad122615714cbb9f6b50981061d4f68fe06b618c4cd2688f52f12391,0.751696435760913,2.215635787520866,0.3392689538572611,EVALUABLE,EQUAL_FOLD_FAMILY_LINEAGE_THEN_CASE_MEAN_AS_APPLICABLE,EXPLORATORY_CONSUMED_DIAGNOSTIC_ONLY
SS,pressure_gradient_acceleration,LINEAGE,HMSO01R_A|FIELD_LINEAGE|a2187a6938903010b61ee85d06f597d4029728ee0de5541c03daf2ed126b189e,0.262623139099065,0.9097683026559443,0.28867035522382195,EVALUABLE,EQUAL_FOLD_FAMILY_LINEAGE_THEN_CASE_MEAN_AS_APPLICABLE,EXPLORATORY_CONSUMED_DIAGNOSTIC_ONLY
SS,pressure_gradient_acceleration,LINEAGE,HMSO01R_A|FIELD_LINEAGE|a2bcc80ca3b9ebb8f54401e7b09de472e9adbce971c85048bd40ce15be44ea6a,0.0,1.3369446994044567,0.0,EVALUABLE,EQUAL_FOLD_FAMILY_LINEAGE_THEN_CASE_MEAN_AS_APPLICABLE,EXPLORATORY_CONSUMED_DIAGNOSTIC_ONLY
SS,pressure_gradient_acceleration,LINEAGE,HMSO01R_A|FIELD_LINEAGE|a3f750d8c1551c6ecf78f876fab114a3481105b16656dddc657ee8cfb50fd48b,1.9517844342171777,5.699053558118262,0.34247518720663267,EVALUABLE,EQUAL_FOLD_FAMILY_LINEAGE_THEN_CASE_MEAN_AS_APPLICABLE,EXPLORATORY_CONSUMED_DIAGNOSTIC_ONLY
SS,pressure_gradient_acceleration,LINEAGE,HMSO01R_A|FIELD_LINEAGE|a594f1a43c118c7761d223f6f34e42847c31c67fc6b06838b968dcc65b6c3356,0.0,1.137042983363164,0.0,EVALUABLE,EQUAL_FOLD_FAMILY_LINEAGE_THEN_CASE_MEAN_AS_APPLICABLE,EXPLORATORY_CONSUMED_DIAGNOSTIC_ONLY
SS,pressure_gradient_acceleration,LINEAGE,HMSO01R_A|FIELD_LINEAGE|a7458b96c9ce1c60bf3ea9d352424b7dd251e22480db263be2c5716c65dc6939,1.5986822788817947,4.430379002518731,0.36084548928498483,EVALUABLE,EQUAL_FOLD_FAMILY_LINEAGE_THEN_CASE_MEAN_AS_APPLICABLE,EXPLORATORY_CONSUMED_DIAGNOSTIC_ONLY
SS,pressure_gradient_acceleration,LINEAGE,HMSO01R_A|FIELD_LINEAGE|a97cf87a717a68b745e28078c021ba65c881711a1cd171188bc4affd3a1b5795,0.4346495543453142,1.9653894615055472,0.2211518698244976,EVALUABLE,EQUAL_FOLD_FAMILY_LINEAGE_THEN_CASE_MEAN_AS_APPLICABLE,EXPLORATORY_CONSUMED_DIAGNOSTIC_ONLY
SS,pressure_gradient_acceleration,LINEAGE,HMSO01R_A|FIELD_LINEAGE|ad302a05132d9f111349ae57a7badd9ffd336cce6f517d6dda76a6f130659828,0.04689203298866493,0.48233521089020703,0.09721876390098103,EVALUABLE,EQUAL_FOLD_FAMILY_LINEAGE_THEN_CASE_MEAN_AS_APPLICABLE,EXPLORATORY_CONSUMED_DIAGNOSTIC_ONLY
SS,pressure_gradient_acceleration,LINEAGE,HMSO01R_A|FIELD_LINEAGE|adcf8aaea780832e88b7b6b779fb3ef2ecab338dd7379ac8654e7aabdcee4b4f,6.025267533412156,12.459306482766724,0.48359573959803415,EVALUABLE,EQUAL_FOLD_FAMILY_LINEAGE_THEN_CASE_MEAN_AS_APPLICABLE,EXPLORATORY_CONSUMED_DIAGNOSTIC_ONLY
SS,pressure_gradient_acceleration,LINEAGE,HMSO01R_A|FIELD_LINEAGE|b0c6a47a41827791b3e03b32c3cfc7642f7c46055e5fbdc618a902dd60890cc0,3.2716844521431927,3.3969582929032107,0.9631217607170112,EVALUABLE,EQUAL_FOLD_FAMILY_LINEAGE_THEN_CASE_MEAN_AS_APPLICABLE,EXPLORATORY_CONSUMED_DIAGNOSTIC_ONLY
SS,pressure_gradient_acceleration,LINEAGE,HMSO01R_A|FIELD_LINEAGE|b1b50b97bc0f473e266ef9eb8a1e2e2edee23dadabeb0645af363d822d4db947,6.754116400681021,11.196329921398863,0.6032437814977468,EVALUABLE,EQUAL_FOLD_FAMILY_LINEAGE_THEN_CASE_MEAN_AS_APPLICABLE,EXPLORATORY_CONSUMED_DIAGNOSTIC_ONLY
SS,pressure_gradient_acceleration,LINEAGE,HMSO01R_A|FIELD_LINEAGE|b1c696b82fff7183ba4fc0ae8ce4363fcd56ada1cc6ffa171713dda9524816e8,0.0,1.0251706287632647,0.0,EVALUABLE,EQUAL_FOLD_FAMILY_LINEAGE_THEN_CASE_MEAN_AS_APPLICABLE,EXPLORATORY_CONSUMED_DIAGNOSTIC_ONLY
SS,pressure_gradient_acceleration,LINEAGE,HMSO01R_A|FIELD_LINEAGE|b2211d9018dde472457c7d9570d8b744ae480cbc84526fced16d30cb565fdb61,0.06708080381061915,1.2287625900264194,0.054592159913638694,EVALUABLE,EQUAL_FOLD_FAMILY_LINEAGE_THEN_CASE_MEAN_AS_APPLICABLE,EXPLORATORY_CONSUMED_DIAGNOSTIC_ONLY
SS,pressure_gradient_acceleration,LINEAGE,HMSO01R_A|FIELD_LINEAGE|b31d5c3484f2394d06a11f5ae52600d61d7c303637147b70dbb1edd7e25e93c9,0.028232638070163567,0.5457737761623831,0.051729561410373735,EVALUABLE,EQUAL_FOLD_FAMILY_LINEAGE_THEN_CASE_MEAN_AS_APPLICABLE,EXPLORATORY_CONSUMED_DIAGNOSTIC_ONLY
SS,pressure_gradient_acceleration,LINEAGE,HMSO01R_A|FIELD_LINEAGE|b40ef25bd445f58063f7eecbd118e28fcd5b9c8ea0b1803b18c885057e29107f,0.0,0.972277563448613,0.0,EVALUABLE,EQUAL_FOLD_FAMILY_LINEAGE_THEN_CASE_MEAN_AS_APPLICABLE,EXPLORATORY_CONSUMED_DIAGNOSTIC_ONLY
SS,pressure_gradient_acceleration,LINEAGE,HMSO01R_A|FIELD_LINEAGE|b49a6f081c09f4e4bff79a7f0fc0a282131ed3252c520eb6637fbf7ad615c6bd,0.0,1.3806904965485014,0.0,EVALUABLE,EQUAL_FOLD_FAMILY_LINEAGE_THEN_CASE_MEAN_AS_APPLICABLE,EXPLORATORY_CONSUMED_DIAGNOSTIC_ONLY
SS,pressure_gradient_acceleration,LINEAGE,HMSO01R_A|FIELD_LINEAGE|b7c6344fafcff3e1128b30252e587c19386316434538ac595af9870864bff2e9,0.0,1.2628965955047986,0.0,EVALUABLE,EQUAL_FOLD_FAMILY_LINEAGE_THEN_CASE_MEAN_AS_APPLICABLE,EXPLORATORY_CONSUMED_DIAGNOSTIC_ONLY
SS,pressure_gradient_acceleration,LINEAGE,HMSO01R_A|FIELD_LINEAGE|b914e9e8b47652c007a545bd9a5f60dbdaba2b957df3f42cdec4c8edb98e6d53,0.00889987838103621,1.0382890965863794,0.008571676626766727,EVALUABLE,EQUAL_FOLD_FAMILY_LINEAGE_THEN_CASE_MEAN_AS_APPLICABLE,EXPLORATORY_CONSUMED_DIAGNOSTIC_ONLY
SS,pressure_gradient_acceleration,LINEAGE,HMSO01R_A|FIELD_LINEAGE|bb92dd92e9632ccd3901d1e2e79aab63ab0910a576b08c41f27a140edcf99b56,0.0824494973424994,0.5368617059289154,0.15357678976160083,EVALUABLE,EQUAL_FOLD_FAMILY_LINEAGE_THEN_CASE_MEAN_AS_APPLICABLE,EXPLORATORY_CONSUMED_DIAGNOSTIC_ONLY
SS,pressure_gradient_acceleration,LINEAGE,HMSO01R_A|FIELD_LINEAGE|bd0a319ae5e310c35bfeaafdbd8220147f595c77c4d665773530796c1f3b9b59,0.0,1.0330014981506337,0.0,EVALUABLE,EQUAL_FOLD_FAMILY_LINEAGE_THEN_CASE_MEAN_AS_APPLICABLE,EXPLORATORY_CONSUMED_DIAGNOSTIC_ONLY
SS,pressure_gradient_acceleration,LINEAGE,HMSO01R_A|FIELD_LINEAGE|be9a8927a3f7361841f3e523395e00d4ebcd734040aebfe38006ae7fda2437fd,2.7095440125878496,2.7033833228041555,1.0022788813305632,EVALUABLE,EQUAL_FOLD_FAMILY_LINEAGE_THEN_CASE_MEAN_AS_APPLICABLE,EXPLORATORY_CONSUMED_DIAGNOSTIC_ONLY
SS,pressure_gradient_acceleration,LINEAGE,HMSO01R_A|FIELD_LINEAGE|bf32023450080971c5fdfb56d7a260838d7b8e02917a4118c4ed0b4a49c6c14a,0.0,1.1817007261946242,0.0,EVALUABLE,EQUAL_FOLD_FAMILY_LINEAGE_THEN_CASE_MEAN_AS_APPLICABLE,EXPLORATORY_CONSUMED_DIAGNOSTIC_ONLY
SS,pressure_gradient_acceleration,LINEAGE,HMSO01R_A|FIELD_LINEAGE|c26b5ad7fee192c3863a9362bb1782ac10409a155024388ef9dea9120f9c3662,0.0,1.3318573746006905,0.0,EVALUABLE,EQUAL_FOLD_FAMILY_LINEAGE_THEN_CASE_MEAN_AS_APPLICABLE,EXPLORATORY_CONSUMED_DIAGNOSTIC_ONLY
SS,pressure_gradient_acceleration,LINEAGE,HMSO01R_A|FIELD_LINEAGE|c2759d4a0108475d88af3dd58a918080f77e42a77ac5a686ce9a650a1d522183,0.0,1.2155971651025705,0.0,EVALUABLE,EQUAL_FOLD_FAMILY_LINEAGE_THEN_CASE_MEAN_AS_APPLICABLE,EXPLORATORY_CONSUMED_DIAGNOSTIC_ONLY
SS,pressure_gradient_acceleration,LINEAGE,HMSO01R_A|FIELD_LINEAGE|c34a55057cd1e579919fb09acb5db221d75ae96164f74060b78863318f65371c,0.0,0.9829513436008681,0.0,EVALUABLE,EQUAL_FOLD_FAMILY_LINEAGE_THEN_CASE_MEAN_AS_APPLICABLE,EXPLORATORY_CONSUMED_DIAGNOSTIC_ONLY
SS,pressure_gradient_acceleration,LINEAGE,HMSO01R_A|FIELD_LINEAGE|c3a574c6618599692f4195c9d1a59189286c1fc26ae852d26723565b0428d983,0.038439431306812044,1.2553401533667161,0.03062072953192865,EVALUABLE,EQUAL_FOLD_FAMILY_LINEAGE_THEN_CASE_MEAN_AS_APPLICABLE,EXPLORATORY_CONSUMED_DIAGNOSTIC_ONLY
SS,pressure_gradient_acceleration,LINEAGE,HMSO01R_A|FIELD_LINEAGE|c54c1448df9c13b6658cb41b2c187b93be0f6db94293a7911953a6e90d602764,0.0,1.37196565106451,0.0,EVALUABLE,EQUAL_FOLD_FAMILY_LINEAGE_THEN_CASE_MEAN_AS_APPLICABLE,EXPLORATORY_CONSUMED_DIAGNOSTIC_ONLY
SS,pressure_gradient_acceleration,LINEAGE,HMSO01R_A|FIELD_LINEAGE|c7100ae9429166735b2d4f6243a22cf5abc14cffba49fce96d94ed19a12387d6,0.7821399181196622,3.182783850730446,0.24574082149504492,EVALUABLE,EQUAL_FOLD_FAMILY_LINEAGE_THEN_CASE_MEAN_AS_APPLICABLE,EXPLORATORY_CONSUMED_DIAGNOSTIC_ONLY
SS,pressure_gradient_acceleration,LINEAGE,HMSO01R_A|FIELD_LINEAGE|c7498c8903eedb4eb72abeb74a8624f4f311768cc705b42f488a9e810b4c3aec,0.0,0.5820825910794939,0.0,EVALUABLE,EQUAL_FOLD_FAMILY_LINEAGE_THEN_CASE_MEAN_AS_APPLICABLE,EXPLORATORY_CONSUMED_DIAGNOSTIC_ONLY
SS,pressure_gradient_acceleration,LINEAGE,HMSO01R_A|FIELD_LINEAGE|c9a10c50914a082104b6f42f933e2e8b35494d6ac1b464fc981b740edc26e9a6,2.0848013181628287,1.1118844229471165,1.8750162113405073,EVALUABLE,EQUAL_FOLD_FAMILY_LINEAGE_THEN_CASE_MEAN_AS_APPLICABLE,EXPLORATORY_CONSUMED_DIAGNOSTIC_ONLY
SS,pressure_gradient_acceleration,LINEAGE,HMSO01R_A|FIELD_LINEAGE|ca0f07a3c0d5df7705d15288eb48ecdf2c50af57aa3e1ab370127581f048c929,0.0,1.3506036191430355,0.0,EVALUABLE,EQUAL_FOLD_FAMILY_LINEAGE_THEN_CASE_MEAN_AS_APPLICABLE,EXPLORATORY_CONSUMED_DIAGNOSTIC_ONLY
SS,pressure_gradient_acceleration,LINEAGE,HMSO01R_A|FIELD_LINEAGE|cb947f8167c6ce3da1c26b48289f11fe77c609125572b2e2f489d9b4dbf77d91,0.0,1.3490713363950522,0.0,EVALUABLE,EQUAL_FOLD_FAMILY_LINEAGE_THEN_CASE_MEAN_AS_APPLICABLE,EXPLORATORY_CONSUMED_DIAGNOSTIC_ONLY
SS,pressure_gradient_acceleration,LINEAGE,HMSO01R_A|FIELD_LINEAGE|cd1482e6386aeab5f67532ea00a4d133dd0798283239fa2bc60b1a36d8fd8390,2.5271999684218516,5.4531794153449,0.4634360573779164,EVALUABLE,EQUAL_FOLD_FAMILY_LINEAGE_THEN_CASE_MEAN_AS_APPLICABLE,EXPLORATORY_CONSUMED_DIAGNOSTIC_ONLY
SS,pressure_gradient_acceleration,LINEAGE,HMSO01R_A|FIELD_LINEAGE|d1321924d243ef663d38f2119b3da3e0b77ff9249352efe1c25dfa4971fbd453,1.0765330762394805,1.3933144388114844,0.7726418719652237,EVALUABLE,EQUAL_FOLD_FAMILY_LINEAGE_THEN_CASE_MEAN_AS_APPLICABLE,EXPLORATORY_CONSUMED_DIAGNOSTIC_ONLY
SS,pressure_gradient_acceleration,LINEAGE,HMSO01R_A|FIELD_LINEAGE|d2f9d8c8f5f3c69790790651faeb1c1f59b6b387e4ede38adea5936b94855ff9,0.0,1.0341414755079676,0.0,EVALUABLE,EQUAL_FOLD_FAMILY_LINEAGE_THEN_CASE_MEAN_AS_APPLICABLE,EXPLORATORY_CONSUMED_DIAGNOSTIC_ONLY
SS,pressure_gradient_acceleration,LINEAGE,HMSO01R_A|FIELD_LINEAGE|d3329a31885ae9100b3a5071d3f6de7c5b314524ba319156e3df439e55667dd5,0.8956036033741165,2.8652626692154186,0.31257294941805647,EVALUABLE,EQUAL_FOLD_FAMILY_LINEAGE_THEN_CASE_MEAN_AS_APPLICABLE,EXPLORATORY_CONSUMED_DIAGNOSTIC_ONLY
SS,pressure_gradient_acceleration,LINEAGE,HMSO01R_A|FIELD_LINEAGE|d65de8a657545ef8339cfa29e05ce27d63f8ec5e02ee50514a615a33f5595da9,0.11811543533034212,0.4668585089110114,0.253000498172041,EVALUABLE,EQUAL_FOLD_FAMILY_LINEAGE_THEN_CASE_MEAN_AS_APPLICABLE,EXPLORATORY_CONSUMED_DIAGNOSTIC_ONLY
SS,pressure_gradient_acceleration,LINEAGE,HMSO01R_A|FIELD_LINEAGE|d6ecf8cd80acb9db6acee967c0d1a3a8ca941d75fcf9e621c7ea05d79a191767,0.0,0.526852476475499,0.0,EVALUABLE,EQUAL_FOLD_FAMILY_LINEAGE_THEN_CASE_MEAN_AS_APPLICABLE,EXPLORATORY_CONSUMED_DIAGNOSTIC_ONLY
SS,pressure_gradient_acceleration,LINEAGE,HMSO01R_A|FIELD_LINEAGE|d7d10f9b5293a22777f94b958cdb7280c40216c21a2b9b4a49451c1385cf26d9,0.0,0.5684299409884045,0.0,EVALUABLE,EQUAL_FOLD_FAMILY_LINEAGE_THEN_CASE_MEAN_AS_APPLICABLE,EXPLORATORY_CONSUMED_DIAGNOSTIC_ONLY
SS,pressure_gradient_acceleration,LINEAGE,HMSO01R_A|FIELD_LINEAGE|d8cd77f2aea85a93297ba4755747ee15653349aca322bca77ce1738389444994,0.6207560832302373,1.4956852862928962,0.4150312160713977,EVALUABLE,EQUAL_FOLD_FAMILY_LINEAGE_THEN_CASE_MEAN_AS_APPLICABLE,EXPLORATORY_CONSUMED_DIAGNOSTIC_ONLY
SS,pressure_gradient_acceleration,LINEAGE,HMSO01R_A|FIELD_LINEAGE|d9b0e4ca0c6e9f306f81bad07b5f31753c1237e04a6a51d708212ab05edea52f,0.0,1.2477995281196068,0.0,EVALUABLE,EQUAL_FOLD_FAMILY_LINEAGE_THEN_CASE_MEAN_AS_APPLICABLE,EXPLORATORY_CONSUMED_DIAGNOSTIC_ONLY
SS,pressure_gradient_acceleration,LINEAGE,HMSO01R_A|FIELD_LINEAGE|dca2b57202d33de06ea638a8ecbab23d1b960b5ed15b6841dcbc75b212cc8712,0.0,1.1376069503997337,0.0,EVALUABLE,EQUAL_FOLD_FAMILY_LINEAGE_THEN_CASE_MEAN_AS_APPLICABLE,EXPLORATORY_CONSUMED_DIAGNOSTIC_ONLY
SS,pressure_gradient_acceleration,LINEAGE,HMSO01R_A|FIELD_LINEAGE|e0695af14e7ff6ed68d0eaa0320bde868bdf2eddcd09aade2748baa3ab9013d9,0.0,1.0452216785119477,0.0,EVALUABLE,EQUAL_FOLD_FAMILY_LINEAGE_THEN_CASE_MEAN_AS_APPLICABLE,EXPLORATORY_CONSUMED_DIAGNOSTIC_ONLY
SS,pressure_gradient_acceleration,LINEAGE,HMSO01R_A|FIELD_LINEAGE|e1662caa4f55fa1e467b750db9be81d3672b988a828412586110c172a4b65cc4,0.0,0.5984185047973996,0.0,EVALUABLE,EQUAL_FOLD_FAMILY_LINEAGE_THEN_CASE_MEAN_AS_APPLICABLE,EXPLORATORY_CONSUMED_DIAGNOSTIC_ONLY
SS,pressure_gradient_acceleration,LINEAGE,HMSO01R_A|FIELD_LINEAGE|e1bd95fcd7aed1a8bde13393ae7d4a98eff10f4a52c1bdfb2e54f1dd690c54dd,0.0,0.5041634992436728,0.0,EVALUABLE,EQUAL_FOLD_FAMILY_LINEAGE_THEN_CASE_MEAN_AS_APPLICABLE,EXPLORATORY_CONSUMED_DIAGNOSTIC_ONLY
SS,pressure_gradient_acceleration,LINEAGE,HMSO01R_A|FIELD_LINEAGE|e25db364da9db9cdb46c3073fa0aa473b93b0eed9df5062f9696d75bd2f90442,0.16847630243972486,1.616795052034516,0.10420387063142011,EVALUABLE,EQUAL_FOLD_FAMILY_LINEAGE_THEN_CASE_MEAN_AS_APPLICABLE,EXPLORATORY_CONSUMED_DIAGNOSTIC_ONLY
SS,pressure_gradient_acceleration,LINEAGE,HMSO01R_A|FIELD_LINEAGE|e269817bd0e21e72d0864769c51ef7f6839102d6f41f035fbbff5041e46bd0d4,0.0,1.1385217085438057,0.0,EVALUABLE,EQUAL_FOLD_FAMILY_LINEAGE_THEN_CASE_MEAN_AS_APPLICABLE,EXPLORATORY_CONSUMED_DIAGNOSTIC_ONLY
SS,pressure_gradient_acceleration,LINEAGE,HMSO01R_A|FIELD_LINEAGE|e2940f5e79800b14b8eefcdb52a6c4eb9c2bcacb794aadbf19ab173720ccdfc9,0.04325702384137829,1.1552077795830913,0.03744523245592194,EVALUABLE,EQUAL_FOLD_FAMILY_LINEAGE_THEN_CASE_MEAN_AS_APPLICABLE,EXPLORATORY_CONSUMED_DIAGNOSTIC_ONLY
SS,pressure_gradient_acceleration,LINEAGE,HMSO01R_A|FIELD_LINEAGE|e2fdf0ecb37222ddf2c343b2a9785bb080b33fb721f4d3381403db08d53276de,0.0,1.19454903760573,0.0,EVALUABLE,EQUAL_FOLD_FAMILY_LINEAGE_THEN_CASE_MEAN_AS_APPLICABLE,EXPLORATORY_CONSUMED_DIAGNOSTIC_ONLY
SS,pressure_gradient_acceleration,LINEAGE,HMSO01R_A|FIELD_LINEAGE|e39068083f41a31c97e7737f6138e1986484dea8bfe32d65a52cd58aaa1ec7e8,0.0,0.9246578567768966,0.0,EVALUABLE,EQUAL_FOLD_FAMILY_LINEAGE_THEN_CASE_MEAN_AS_APPLICABLE,EXPLORATORY_CONSUMED_DIAGNOSTIC_ONLY
SS,pressure_gradient_acceleration,LINEAGE,HMSO01R_A|FIELD_LINEAGE|e46b2d3dad1b8a5413f52396bbef71167f252a4ba61297ea3e2b46c37456ba4c,0.0,0.6911107075467986,0.0,EVALUABLE,EQUAL_FOLD_FAMILY_LINEAGE_THEN_CASE_MEAN_AS_APPLICABLE,EXPLORATORY_CONSUMED_DIAGNOSTIC_ONLY
SS,pressure_gradient_acceleration,LINEAGE,HMSO01R_A|FIELD_LINEAGE|e4c235f067a50e9e5304ee0e7ad701299187cd559ceebd74674d932464340e77,0.0,1.1875402013167968,0.0,EVALUABLE,EQUAL_FOLD_FAMILY_LINEAGE_THEN_CASE_MEAN_AS_APPLICABLE,EXPLORATORY_CONSUMED_DIAGNOSTIC_ONLY
SS,pressure_gradient_acceleration,LINEAGE,HMSO01R_A|FIELD_LINEAGE|e5cd23001367dee0fe50b87c4f9c5ae9d8e66eeb6cef2467ff3f6da8c0fcdc16,0.0,0.5273786688838766,0.0,EVALUABLE,EQUAL_FOLD_FAMILY_LINEAGE_THEN_CASE_MEAN_AS_APPLICABLE,EXPLORATORY_CONSUMED_DIAGNOSTIC_ONLY
SS,pressure_gradient_acceleration,LINEAGE,HMSO01R_A|FIELD_LINEAGE|e5fd0d86ce4eda7b6deef112c4230d6cc2c904c7a1cbb32b883405f7907c5018,8.993902522168568e-05,0.9850854461778016,9.130073494705987e-05,EVALUABLE,EQUAL_FOLD_FAMILY_LINEAGE_THEN_CASE_MEAN_AS_APPLICABLE,EXPLORATORY_CONSUMED_DIAGNOSTIC_ONLY
SS,pressure_gradient_acceleration,LINEAGE,HMSO01R_A|FIELD_LINEAGE|e6f79f1197cd7f6ad00ce2f5ddcac136ad9a2faa5584e9f390794bfb6ee07ac6,0.0,1.3869778138664057,0.0,EVALUABLE,EQUAL_FOLD_FAMILY_LINEAGE_THEN_CASE_MEAN_AS_APPLICABLE,EXPLORATORY_CONSUMED_DIAGNOSTIC_ONLY
SS,pressure_gradient_acceleration,LINEAGE,HMSO01R_A|FIELD_LINEAGE|e82aee0755c70810ee3fbd630ec4d3fa698e473225b4aa505b26af8a458a6400,0.0,1.358706447841838,0.0,EVALUABLE,EQUAL_FOLD_FAMILY_LINEAGE_THEN_CASE_MEAN_AS_APPLICABLE,EXPLORATORY_CONSUMED_DIAGNOSTIC_ONLY
SS,pressure_gradient_acceleration,LINEAGE,HMSO01R_A|FIELD_LINEAGE|e853753ed3befc6151b8f2c4e9e3797938a7689193c2157695f0b61b8e60abc8,0.014151091298043924,1.093686587899068,0.01293889077055215,EVALUABLE,EQUAL_FOLD_FAMILY_LINEAGE_THEN_CASE_MEAN_AS_APPLICABLE,EXPLORATORY_CONSUMED_DIAGNOSTIC_ONLY
SS,pressure_gradient_acceleration,LINEAGE,HMSO01R_A|FIELD_LINEAGE|e99701698ca3eda87704f5f32294f901f56116d9da609afcb18418d4c8a62bf2,0.0,0.5688095627310072,0.0,EVALUABLE,EQUAL_FOLD_FAMILY_LINEAGE_THEN_CASE_MEAN_AS_APPLICABLE,EXPLORATORY_CONSUMED_DIAGNOSTIC_ONLY
SS,pressure_gradient_acceleration,LINEAGE,HMSO01R_A|FIELD_LINEAGE|e9dc12a25958465c187afbd7ef920bc04ba98d4b232046e156979d215bd85146,0.8902610875082492,8.33413797055318,0.10682101624112637,EVALUABLE,EQUAL_FOLD_FAMILY_LINEAGE_THEN_CASE_MEAN_AS_APPLICABLE,EXPLORATORY_CONSUMED_DIAGNOSTIC_ONLY
SS,pressure_gradient_acceleration,LINEAGE,HMSO01R_A|FIELD_LINEAGE|ea7a0f305184b5efcd1c245ec8837c3d5e92744042b12d412ef90758785acc95,0.0,1.3251354602968521,0.0,EVALUABLE,EQUAL_FOLD_FAMILY_LINEAGE_THEN_CASE_MEAN_AS_APPLICABLE,EXPLORATORY_CONSUMED_DIAGNOSTIC_ONLY
SS,pressure_gradient_acceleration,LINEAGE,HMSO01R_A|FIELD_LINEAGE|eadb4166638494d642712d8eabac62f88ed028f779148966c13d2efd6405fa1d,0.0,1.0864547223706085,0.0,EVALUABLE,EQUAL_FOLD_FAMILY_LINEAGE_THEN_CASE_MEAN_AS_APPLICABLE,EXPLORATORY_CONSUMED_DIAGNOSTIC_ONLY
SS,pressure_gradient_acceleration,LINEAGE,HMSO01R_A|FIELD_LINEAGE|ebfb44058badbf85a36d8671e914d20620f9253b30eeec0e96b5e0c20dc8e16c,0.1367832548615202,1.5944740176324306,0.08578581610544152,EVALUABLE,EQUAL_FOLD_FAMILY_LINEAGE_THEN_CASE_MEAN_AS_APPLICABLE,EXPLORATORY_CONSUMED_DIAGNOSTIC_ONLY
SS,pressure_gradient_acceleration,LINEAGE,HMSO01R_A|FIELD_LINEAGE|eee5df81575181b025958cda057ac7cb0483be4404d018db7bb2c06a63c25462,0.0,0.9836715643149546,0.0,EVALUABLE,EQUAL_FOLD_FAMILY_LINEAGE_THEN_CASE_MEAN_AS_APPLICABLE,EXPLORATORY_CONSUMED_DIAGNOSTIC_ONLY
SS,pressure_gradient_acceleration,LINEAGE,HMSO01R_A|FIELD_LINEAGE|f01618f1ef2fe7c85085b02f71644f843db176708a8abb6e4e05116a594e9ae3,0.0,1.093330443870146,0.0,EVALUABLE,EQUAL_FOLD_FAMILY_LINEAGE_THEN_CASE_MEAN_AS_APPLICABLE,EXPLORATORY_CONSUMED_DIAGNOSTIC_ONLY
SS,pressure_gradient_acceleration,LINEAGE,HMSO01R_A|FIELD_LINEAGE|f0421338d311584916d83a8dd01c9f47b7707c5652d4192e1df422a2a9e7d57d,0.0,1.495476997646055,0.0,EVALUABLE,EQUAL_FOLD_FAMILY_LINEAGE_THEN_CASE_MEAN_AS_APPLICABLE,EXPLORATORY_CONSUMED_DIAGNOSTIC_ONLY
SS,pressure_gradient_acceleration,LINEAGE,HMSO01R_A|FIELD_LINEAGE|f11020ed75e98ae018c3d951c68d3fba4bfe91afdf9eb4b7d62d0c0967429304,0.01491373589485883,0.6699912739515259,0.022259597213706166,EVALUABLE,EQUAL_FOLD_FAMILY_LINEAGE_THEN_CASE_MEAN_AS_APPLICABLE,EXPLORATORY_CONSUMED_DIAGNOSTIC_ONLY
SS,pressure_gradient_acceleration,LINEAGE,HMSO01R_A|FIELD_LINEAGE|f117df283c3988b3a51ad2a7138592681c02ac94fc8905b0ebf163745ca00f62,0.0,1.3989818575755466,0.0,EVALUABLE,EQUAL_FOLD_FAMILY_LINEAGE_THEN_CASE_MEAN_AS_APPLICABLE,EXPLORATORY_CONSUMED_DIAGNOSTIC_ONLY
SS,pressure_gradient_acceleration,LINEAGE,HMSO01R_A|FIELD_LINEAGE|f2247a8dfd61c19acaf6609654c9c6098f254569cd75ef6a5201803913aa1c00,0.0,0.5613798536006029,0.0,EVALUABLE,EQUAL_FOLD_FAMILY_LINEAGE_THEN_CASE_MEAN_AS_APPLICABLE,EXPLORATORY_CONSUMED_DIAGNOSTIC_ONLY
SS,pressure_gradient_acceleration,LINEAGE,HMSO01R_A|FIELD_LINEAGE|f2a3ceeae0e0974c878bba3a036f383f979564d7512b59be838a43b0d537377a,0.0,1.191072218845818,0.0,EVALUABLE,EQUAL_FOLD_FAMILY_LINEAGE_THEN_CASE_MEAN_AS_APPLICABLE,EXPLORATORY_CONSUMED_DIAGNOSTIC_ONLY
SS,pressure_gradient_acceleration,LINEAGE,HMSO01R_A|FIELD_LINEAGE|f52ad1fbea60f2cef5c93f5785e888eaa7893de6dad0b2f7545e6d3f4e338f25,0.0,1.6747006905240123,0.0,EVALUABLE,EQUAL_FOLD_FAMILY_LINEAGE_THEN_CASE_MEAN_AS_APPLICABLE,EXPLORATORY_CONSUMED_DIAGNOSTIC_ONLY
SS,pressure_gradient_acceleration,LINEAGE,HMSO01R_A|FIELD_LINEAGE|f7cc0cf639be6a7e99c37868bcf630bb54f34534e2c78b36b59b7ac5ebbd1919,0.0,1.038107101737224,0.0,EVALUABLE,EQUAL_FOLD_FAMILY_LINEAGE_THEN_CASE_MEAN_AS_APPLICABLE,EXPLORATORY_CONSUMED_DIAGNOSTIC_ONLY
SS,pressure_gradient_acceleration,LINEAGE,HMSO01R_A|FIELD_LINEAGE|f82108cfb75a5ece90cca0bec2aa62b5af33b3b96774d26a9d5bbde8416cb360,0.0,0.9297003283557839,0.0,EVALUABLE,EQUAL_FOLD_FAMILY_LINEAGE_THEN_CASE_MEAN_AS_APPLICABLE,EXPLORATORY_CONSUMED_DIAGNOSTIC_ONLY
SS,pressure_gradient_acceleration,LINEAGE,HMSO01R_A|FIELD_LINEAGE|f8fd31406421545fa9cf8bb98c251eb120eed5378ed4276493239005b13fd6f8,0.0,1.1644923711922108,0.0,EVALUABLE,EQUAL_FOLD_FAMILY_LINEAGE_THEN_CASE_MEAN_AS_APPLICABLE,EXPLORATORY_CONSUMED_DIAGNOSTIC_ONLY
SS,pressure_gradient_acceleration,LINEAGE,HMSO01R_A|FIELD_LINEAGE|f952117e9c8f8a564901d0507e978f58c3289c63c557fb7f3123a84dd049ba29,0.0,0.5657732241043604,0.0,EVALUABLE,EQUAL_FOLD_FAMILY_LINEAGE_THEN_CASE_MEAN_AS_APPLICABLE,EXPLORATORY_CONSUMED_DIAGNOSTIC_ONLY
SS,pressure_gradient_acceleration,LINEAGE,HMSO01R_A|FIELD_LINEAGE|f9a3d40825ca658eebc26e88239c04a3590f72ad95b03a86bc289649036f4117,9.288774206663017,22.00482901935635,0.42212435272695054,EVALUABLE,EQUAL_FOLD_FAMILY_LINEAGE_THEN_CASE_MEAN_AS_APPLICABLE,EXPLORATORY_CONSUMED_DIAGNOSTIC_ONLY
SS,pressure_gradient_acceleration,LINEAGE,HMSO01R_A|FIELD_LINEAGE|f9acbd6c60cf4de95eb27dc7c24fd369893e07d5c162236bcdc4cc91f1e5368b,0.0,1.234303211572837,0.0,EVALUABLE,EQUAL_FOLD_FAMILY_LINEAGE_THEN_CASE_MEAN_AS_APPLICABLE,EXPLORATORY_CONSUMED_DIAGNOSTIC_ONLY
SS,pressure_gradient_acceleration,LINEAGE,HMSO01R_A|FIELD_LINEAGE|f9dd81299410ddb65efe58bb38fc53798a53c7f5ab1183ef52b5f93fb7daea68,0.0,0.9213978627124376,0.0,EVALUABLE,EQUAL_FOLD_FAMILY_LINEAGE_THEN_CASE_MEAN_AS_APPLICABLE,EXPLORATORY_CONSUMED_DIAGNOSTIC_ONLY
SS,pressure_gradient_acceleration,LINEAGE,HMSO01R_A|FIELD_LINEAGE|fa1ab395df96eb71b1cd3e5c31c1a1fe587398989c58265b21dd97a062b35ef9,0.0,0.9922502441650628,0.0,EVALUABLE,EQUAL_FOLD_FAMILY_LINEAGE_THEN_CASE_MEAN_AS_APPLICABLE,EXPLORATORY_CONSUMED_DIAGNOSTIC_ONLY
SS,pressure_gradient_acceleration,LINEAGE,HMSO01R_A|FIELD_LINEAGE|fd04ea3f458e107df0af85b51443fd7c576cbde1f2a34afcd2f94001f9376e64,0.6218838147471879,1.1816660463151554,0.526277129385614,EVALUABLE,EQUAL_FOLD_FAMILY_LINEAGE_THEN_CASE_MEAN_AS_APPLICABLE,EXPLORATORY_CONSUMED_DIAGNOSTIC_ONLY
SS,pressure_gradient_acceleration,LINEAGE,HMSO01R_A|FIELD_LINEAGE|fefaa03392c6d5e862f0b98f72e148123eb5332d997aade537062f72a6e1a99c,40.74580419550317,77.10704573576399,0.5284316602549376,EVALUABLE,EQUAL_FOLD_FAMILY_LINEAGE_THEN_CASE_MEAN_AS_APPLICABLE,EXPLORATORY_CONSUMED_DIAGNOSTIC_ONLY
SS,pressure_gradient_acceleration,LINEAGE,HMSO01R_A|FIELD_LINEAGE|ff441cbe04ac4f8f63fd24360c00fa41becbfbb5a6acdf59e4dfd55c77c15642,0.8282625955326437,1.9493330440053809,0.4248953754104408,EVALUABLE,EQUAL_FOLD_FAMILY_LINEAGE_THEN_CASE_MEAN_AS_APPLICABLE,EXPLORATORY_CONSUMED_DIAGNOSTIC_ONLY
SS,viscosity_laplacian_acceleration,OVERALL,ALL,0.00016803994783445324,0.00022388723419632396,0.75055618261424,EVALUABLE,EQUAL_FOLD_FAMILY_LINEAGE_THEN_CASE_MEAN_AS_APPLICABLE,EXPLORATORY_CONSUMED_DIAGNOSTIC_ONLY
SS,viscosity_laplacian_acceleration,FOLD,FOLD_0,0.00012072379080192236,0.0001961970419635798,0.6153191179321267,EVALUABLE,EQUAL_FOLD_FAMILY_LINEAGE_THEN_CASE_MEAN_AS_APPLICABLE,EXPLORATORY_CONSUMED_DIAGNOSTIC_ONLY
SS,viscosity_laplacian_acceleration,FOLD,FOLD_1,0.00011998800261804443,0.00019516553923424273,0.6148011738590373,EVALUABLE,EQUAL_FOLD_FAMILY_LINEAGE_THEN_CASE_MEAN_AS_APPLICABLE,EXPLORATORY_CONSUMED_DIAGNOSTIC_ONLY
SS,viscosity_laplacian_acceleration,FOLD,FOLD_2,0.0001495250697088851,0.00017499198736370533,0.8544680928625064,EVALUABLE,EQUAL_FOLD_FAMILY_LINEAGE_THEN_CASE_MEAN_AS_APPLICABLE,EXPLORATORY_CONSUMED_DIAGNOSTIC_ONLY
SS,viscosity_laplacian_acceleration,FOLD,FOLD_3,0.00038775342567167316,0.00039658337908439305,0.9777349382792947,EVALUABLE,EQUAL_FOLD_FAMILY_LINEAGE_THEN_CASE_MEAN_AS_APPLICABLE,EXPLORATORY_CONSUMED_DIAGNOSTIC_ONLY
SS,viscosity_laplacian_acceleration,FOLD,FOLD_4,0.00016733982289675404,0.00022994490040980086,0.7277387869812554,EVALUABLE,EQUAL_FOLD_FAMILY_LINEAGE_THEN_CASE_MEAN_AS_APPLICABLE,EXPLORATORY_CONSUMED_DIAGNOSTIC_ONLY
SS,viscosity_laplacian_acceleration,FOLD,FOLD_5,6.290957530944055e-05,0.00015044055712222206,0.4181689865607921,EVALUABLE,EQUAL_FOLD_FAMILY_LINEAGE_THEN_CASE_MEAN_AS_APPLICABLE,EXPLORATORY_CONSUMED_DIAGNOSTIC_ONLY
SS,viscosity_laplacian_acceleration,FAMILY,F1,0.0002458568213455057,0.0003502834620521685,0.7018796145987893,EVALUABLE,EQUAL_FOLD_FAMILY_LINEAGE_THEN_CASE_MEAN_AS_APPLICABLE,EXPLORATORY_CONSUMED_DIAGNOSTIC_ONLY
SS,viscosity_laplacian_acceleration,FAMILY,F2,0.00011265134043944194,0.00016161559839363552,0.6970325980853973,EVALUABLE,EQUAL_FOLD_FAMILY_LINEAGE_THEN_CASE_MEAN_AS_APPLICABLE,EXPLORATORY_CONSUMED_DIAGNOSTIC_ONLY
SS,viscosity_laplacian_acceleration,FAMILY,F3,0.00011888500776882241,0.00018416440737117052,0.6455373731864376,EVALUABLE,EQUAL_FOLD_FAMILY_LINEAGE_THEN_CASE_MEAN_AS_APPLICABLE,EXPLORATORY_CONSUMED_DIAGNOSTIC_ONLY
SS,viscosity_laplacian_acceleration,FAMILY,F4,0.00019476662178404306,0.00019948546896832132,0.9763449076833379,EVALUABLE,EQUAL_FOLD_FAMILY_LINEAGE_THEN_CASE_MEAN_AS_APPLICABLE,EXPLORATORY_CONSUMED_DIAGNOSTIC_ONLY
SS,viscosity_laplacian_acceleration,FAMILY_FOLD,F1|FOLD_0,0.0001746861794864514,0.0002681275640864873,0.6515039961728984,EVALUABLE,EQUAL_FOLD_FAMILY_LINEAGE_THEN_CASE_MEAN_AS_APPLICABLE,EXPLORATORY_CONSUMED_DIAGNOSTIC_ONLY
SS,viscosity_laplacian_acceleration,FAMILY_FOLD,F2|FOLD_0,0.00012996886683020028,0.00018302006630199657,0.7101345194342903,EVALUABLE,EQUAL_FOLD_FAMILY_LINEAGE_THEN_CASE_MEAN_AS_APPLICABLE,EXPLORATORY_CONSUMED_DIAGNOSTIC_ONLY
SS,viscosity_laplacian_acceleration,FAMILY_FOLD,F3|FOLD_0,4.782552521676504e-05,0.00012601081619823646,0.3795350800801683,EVALUABLE,EQUAL_FOLD_FAMILY_LINEAGE_THEN_CASE_MEAN_AS_APPLICABLE,EXPLORATORY_CONSUMED_DIAGNOSTIC_ONLY
SS,viscosity_laplacian_acceleration,FAMILY_FOLD,F4|FOLD_0,0.00013041459167427273,0.0002076297212675989,0.6281113844303187,EVALUABLE,EQUAL_FOLD_FAMILY_LINEAGE_THEN_CASE_MEAN_AS_APPLICABLE,EXPLORATORY_CONSUMED_DIAGNOSTIC_ONLY
SS,viscosity_laplacian_acceleration,FAMILY_FOLD,F1|FOLD_1,0.0002173597372148269,0.0003581882745091188,0.6068309676320611,EVALUABLE,EQUAL_FOLD_FAMILY_LINEAGE_THEN_CASE_MEAN_AS_APPLICABLE,EXPLORATORY_CONSUMED_DIAGNOSTIC_ONLY
SS,viscosity_laplacian_acceleration,FAMILY_FOLD,F2|FOLD_1,8.725384521753184e-05,0.00015428313024573798,0.5655436539209199,EVALUABLE,EQUAL_FOLD_FAMILY_LINEAGE_THEN_CASE_MEAN_AS_APPLICABLE,EXPLORATORY_CONSUMED_DIAGNOSTIC_ONLY
SS,viscosity_laplacian_acceleration,FAMILY_FOLD,F3|FOLD_1,9.593553254168903e-05,0.00015528422425173575,0.6178060456815314,EVALUABLE,EQUAL_FOLD_FAMILY_LINEAGE_THEN_CASE_MEAN_AS_APPLICABLE,EXPLORATORY_CONSUMED_DIAGNOSTIC_ONLY
SS,viscosity_laplacian_acceleration,FAMILY_FOLD,F4|FOLD_1,7.940289549812992e-05,0.00011290652793037833,0.7032622201179741,EVALUABLE,EQUAL_FOLD_FAMILY_LINEAGE_THEN_CASE_MEAN_AS_APPLICABLE,EXPLORATORY_CONSUMED_DIAGNOSTIC_ONLY
SS,viscosity_laplacian_acceleration,FAMILY_FOLD,F1|FOLD_2,0.00022892532805830822,0.00017327477002855452,1.3211694236880698,EVALUABLE,EQUAL_FOLD_FAMILY_LINEAGE_THEN_CASE_MEAN_AS_APPLICABLE,EXPLORATORY_CONSUMED_DIAGNOSTIC_ONLY
SS,viscosity_laplacian_acceleration,FAMILY_FOLD,F2|FOLD_2,9.360311957864129e-05,0.00014524665680506566,0.6444425065443349,EVALUABLE,EQUAL_FOLD_FAMILY_LINEAGE_THEN_CASE_MEAN_AS_APPLICABLE,EXPLORATORY_CONSUMED_DIAGNOSTIC_ONLY
SS,viscosity_laplacian_acceleration,FAMILY_FOLD,F3|FOLD_2,0.00019274512543181115,0.00025497061249314613,0.75595035658077,EVALUABLE,EQUAL_FOLD_FAMILY_LINEAGE_THEN_CASE_MEAN_AS_APPLICABLE,EXPLORATORY_CONSUMED_DIAGNOSTIC_ONLY
SS,viscosity_laplacian_acceleration,FAMILY_FOLD,F4|FOLD_2,8.282670576677979e-05,0.00012647591012805492,0.6548812788373614,EVALUABLE,EQUAL_FOLD_FAMILY_LINEAGE_THEN_CASE_MEAN_AS_APPLICABLE,EXPLORATORY_CONSUMED_DIAGNOSTIC_ONLY
SS,viscosity_laplacian_acceleration,FAMILY_FOLD,F1|FOLD_3,0.0007270759874466807,0.0007846071197426291,0.9266752354798666,EVALUABLE,EQUAL_FOLD_FAMILY_LINEAGE_THEN_CASE_MEAN_AS_APPLICABLE,EXPLORATORY_CONSUMED_DIAGNOSTIC_ONLY
SS,viscosity_laplacian_acceleration,FAMILY_FOLD,F2|FOLD_3,0.00016800464364132096,0.00014767650858741409,1.1376531396113962,EVALUABLE,EQUAL_FOLD_FAMILY_LINEAGE_THEN_CASE_MEAN_AS_APPLICABLE,EXPLORATORY_CONSUMED_DIAGNOSTIC_ONLY
SS,viscosity_laplacian_acceleration,FAMILY_FOLD,F3|FOLD_3,0.00025262448478860614,0.0002610021560057052,0.9679019079945228,EVALUABLE,EQUAL_FOLD_FAMILY_LINEAGE_THEN_CASE_MEAN_AS_APPLICABLE,EXPLORATORY_CONSUMED_DIAGNOSTIC_ONLY
SS,viscosity_laplacian_acceleration,FAMILY_FOLD,F4|FOLD_3,0.00040330858681008485,0.00039304773200182384,1.02610587461223,EVALUABLE,EQUAL_FOLD_FAMILY_LINEAGE_THEN_CASE_MEAN_AS_APPLICABLE,EXPLORATORY_CONSUMED_DIAGNOSTIC_ONLY
SS,viscosity_laplacian_acceleration,FAMILY_FOLD,F1|FOLD_4,9.50100806197706e-05,0.0003767837224199726,0.2521607887133457,EVALUABLE,EQUAL_FOLD_FAMILY_LINEAGE_THEN_CASE_MEAN_AS_APPLICABLE,EXPLORATORY_CONSUMED_DIAGNOSTIC_ONLY
SS,viscosity_laplacian_acceleration,FAMILY_FOLD,F2|FOLD_4,0.00013052203444359424,0.0001708883396711287,0.7637854911270212,EVALUABLE,EQUAL_FOLD_FAMILY_LINEAGE_THEN_CASE_MEAN_AS_APPLICABLE,EXPLORATORY_CONSUMED_DIAGNOSTIC_ONLY
SS,viscosity_laplacian_acceleration,FAMILY_FOLD,F3|FOLD_4,3.263187088681922e-05,0.00013336990512279485,0.244671920976286,EVALUABLE,EQUAL_FOLD_FAMILY_LINEAGE_THEN_CASE_MEAN_AS_APPLICABLE,EXPLORATORY_CONSUMED_DIAGNOSTIC_ONLY
SS,viscosity_laplacian_acceleration,FAMILY_FOLD,F4|FOLD_4,0.0004111953056368321,0.0002387376344253074,1.7223732095137294,EVALUABLE,EQUAL_FOLD_FAMILY_LINEAGE_THEN_CASE_MEAN_AS_APPLICABLE,EXPLORATORY_CONSUMED_DIAGNOSTIC_ONLY
SS,viscosity_laplacian_acceleration,FAMILY_FOLD,F1|FOLD_5,3.208361524699639e-05,0.0001407193215262488,0.22799722809217596,EVALUABLE,EQUAL_FOLD_FAMILY_LINEAGE_THEN_CASE_MEAN_AS_APPLICABLE,EXPLORATORY_CONSUMED_DIAGNOSTIC_ONLY
SS,viscosity_laplacian_acceleration,FAMILY_FOLD,F2|FOLD_5,6.655553292536295e-05,0.00016857888875047023,0.39480348588534225,EVALUABLE,EQUAL_FOLD_FAMILY_LINEAGE_THEN_CASE_MEAN_AS_APPLICABLE,EXPLORATORY_CONSUMED_DIAGNOSTIC_ONLY
SS,viscosity_laplacian_acceleration,FAMILY_FOLD,F3|FOLD_5,9.154750774724375e-05,0.00017434873015540457,0.5250827331271268,EVALUABLE,EQUAL_FOLD_FAMILY_LINEAGE_THEN_CASE_MEAN_AS_APPLICABLE,EXPLORATORY_CONSUMED_DIAGNOSTIC_ONLY
SS,viscosity_laplacian_acceleration,FAMILY_FOLD,F4|FOLD_5,6.145164531815913e-05,0.00011811528805676459,0.5202683439981648,EVALUABLE,EQUAL_FOLD_FAMILY_LINEAGE_THEN_CASE_MEAN_AS_APPLICABLE,EXPLORATORY_CONSUMED_DIAGNOSTIC_ONLY
SS,viscosity_laplacian_acceleration,LINEAGE,HMSO01R_A|FIELD_LINEAGE|008a4638c8cb2247bc6cd62f75f3daa09b2e49ba7d73812777f0a31f466efb5e,0.0001499090357503854,0.00016597348716258645,0.9032107375290341,EVALUABLE,EQUAL_FOLD_FAMILY_LINEAGE_THEN_CASE_MEAN_AS_APPLICABLE,EXPLORATORY_CONSUMED_DIAGNOSTIC_ONLY
SS,viscosity_laplacian_acceleration,LINEAGE,HMSO01R_A|FIELD_LINEAGE|0183a54dead296f9ee3dee43dc4041188299c7e551f4c9c6bfbe94dc055e54ad,0.0,0.0001081519523076594,0.0,EVALUABLE,EQUAL_FOLD_FAMILY_LINEAGE_THEN_CASE_MEAN_AS_APPLICABLE,EXPLORATORY_CONSUMED_DIAGNOSTIC_ONLY
SS,viscosity_laplacian_acceleration,LINEAGE,HMSO01R_A|FIELD_LINEAGE|0280053dfd6ee65fbd80522b2b04964154d57f31de1cc5d0449972791fa285ea,1.8425485063908825e-07,0.00010782129235612681,0.0017088911346982033,EVALUABLE,EQUAL_FOLD_FAMILY_LINEAGE_THEN_CASE_MEAN_AS_APPLICABLE,EXPLORATORY_CONSUMED_DIAGNOSTIC_ONLY
SS,viscosity_laplacian_acceleration,LINEAGE,HMSO01R_A|FIELD_LINEAGE|02a8e9bf168ff7b6159072e41013ee435870f1006dfd3aa95840b1c132f5aafb,0.0,9.854958486350503e-05,0.0,EVALUABLE,EQUAL_FOLD_FAMILY_LINEAGE_THEN_CASE_MEAN_AS_APPLICABLE,EXPLORATORY_CONSUMED_DIAGNOSTIC_ONLY
SS,viscosity_laplacian_acceleration,LINEAGE,HMSO01R_A|FIELD_LINEAGE|0404a47ad84d3ab6d4cc0dbf7c8fea97f3bca817bfb6ce9e4a0d96e074c1229f,0.00026526541402854543,0.00014230965470819128,1.864001529428747,EVALUABLE,EQUAL_FOLD_FAMILY_LINEAGE_THEN_CASE_MEAN_AS_APPLICABLE,EXPLORATORY_CONSUMED_DIAGNOSTIC_ONLY
SS,viscosity_laplacian_acceleration,LINEAGE,HMSO01R_A|FIELD_LINEAGE|04cc9f11103eaca809c304d2c5e7176a0ac510070bc43c67da76cab1f9c23ed7,0.0009233583161117713,0.000510315404634076,1.8093875037416705,EVALUABLE,EQUAL_FOLD_FAMILY_LINEAGE_THEN_CASE_MEAN_AS_APPLICABLE,EXPLORATORY_CONSUMED_DIAGNOSTIC_ONLY
SS,viscosity_laplacian_acceleration,LINEAGE,HMSO01R_A|FIELD_LINEAGE|051eaa0f00871ac3de3987b76f15e88e4e718676447cf96853b1d9836e56f4a9,0.00014263887399418467,0.00015292050430126372,0.9327648679027141,EVALUABLE,EQUAL_FOLD_FAMILY_LINEAGE_THEN_CASE_MEAN_AS_APPLICABLE,EXPLORATORY_CONSUMED_DIAGNOSTIC_ONLY
SS,viscosity_laplacian_acceleration,LINEAGE,HMSO01R_A|FIELD_LINEAGE|05638fa6abec8d1f9d2070785cb5b62bc36d80415fcae04a6c6b1419139c3003,0.0,0.0001175529955948302,0.0,EVALUABLE,EQUAL_FOLD_FAMILY_LINEAGE_THEN_CASE_MEAN_AS_APPLICABLE,EXPLORATORY_CONSUMED_DIAGNOSTIC_ONLY
SS,viscosity_laplacian_acceleration,LINEAGE,HMSO01R_A|FIELD_LINEAGE|065caad01d0036cc45e094366cffda53edef5d184f8c28ff280e81478dd5499f,0.00012894397714368315,0.00021679373408857954,0.5947772323115116,EVALUABLE,EQUAL_FOLD_FAMILY_LINEAGE_THEN_CASE_MEAN_AS_APPLICABLE,EXPLORATORY_CONSUMED_DIAGNOSTIC_ONLY
SS,viscosity_laplacian_acceleration,LINEAGE,HMSO01R_A|FIELD_LINEAGE|06c31c418b756da4f49834b1270295e826a9807f080171a34a3e7c250369709c,1.3447562237800779e-06,0.00010734706172987219,0.012527182412910549,EVALUABLE,EQUAL_FOLD_FAMILY_LINEAGE_THEN_CASE_MEAN_AS_APPLICABLE,EXPLORATORY_CONSUMED_DIAGNOSTIC_ONLY
SS,viscosity_laplacian_acceleration,LINEAGE,HMSO01R_A|FIELD_LINEAGE|06c5b0d79a6fc40df74bc047659e629ea096b0eb47ce7956bd3f7d012a8211c7,7.711201394465274e-07,0.00012611510243762004,0.006114415518378891,EVALUABLE,EQUAL_FOLD_FAMILY_LINEAGE_THEN_CASE_MEAN_AS_APPLICABLE,EXPLORATORY_CONSUMED_DIAGNOSTIC_ONLY
SS,viscosity_laplacian_acceleration,LINEAGE,HMSO01R_A|FIELD_LINEAGE|07ef870a5e517a728f6e4939e44adb6e41abac7dca46a1a2247aeb449ae2b2b6,5.1839552853110144e-05,0.00013637933284144056,0.3801129670679695,EVALUABLE,EQUAL_FOLD_FAMILY_LINEAGE_THEN_CASE_MEAN_AS_APPLICABLE,EXPLORATORY_CONSUMED_DIAGNOSTIC_ONLY
SS,viscosity_laplacian_acceleration,LINEAGE,HMSO01R_A|FIELD_LINEAGE|092a3e161c8ce70f083c10130918ff7fb36de994b41e81b7dfb0e04366314a2c,0.00015317717991241374,0.00024064658469495983,0.6365233901265582,EVALUABLE,EQUAL_FOLD_FAMILY_LINEAGE_THEN_CASE_MEAN_AS_APPLICABLE,EXPLORATORY_CONSUMED_DIAGNOSTIC_ONLY
SS,viscosity_laplacian_acceleration,LINEAGE,HMSO01R_A|FIELD_LINEAGE|093dc802dc5954d756689fb97f687ee9b46c368f5fe625c807448d3bc43a1926,0.0,8.372960778008677e-05,0.0,EVALUABLE,EQUAL_FOLD_FAMILY_LINEAGE_THEN_CASE_MEAN_AS_APPLICABLE,EXPLORATORY_CONSUMED_DIAGNOSTIC_ONLY
SS,viscosity_laplacian_acceleration,LINEAGE,HMSO01R_A|FIELD_LINEAGE|0a252563daa08b1ab13bdaf89c42f5f5445076fcfec6feb203abcad9de8ed55a,0.0,8.281216149535255e-05,0.0,EVALUABLE,EQUAL_FOLD_FAMILY_LINEAGE_THEN_CASE_MEAN_AS_APPLICABLE,EXPLORATORY_CONSUMED_DIAGNOSTIC_ONLY
SS,viscosity_laplacian_acceleration,LINEAGE,HMSO01R_A|FIELD_LINEAGE|0ac3210ffe07941071125618f2e4ad4f522063f7735eb12854083a5cf3b96fca,0.0004178861567474904,0.00012337396069877617,3.3871503709585915,EVALUABLE,EQUAL_FOLD_FAMILY_LINEAGE_THEN_CASE_MEAN_AS_APPLICABLE,EXPLORATORY_CONSUMED_DIAGNOSTIC_ONLY
SS,viscosity_laplacian_acceleration,LINEAGE,HMSO01R_A|FIELD_LINEAGE|0af73c913450206e45697078b9ff423d2fbe56a236026748e22945b9fe394efb,7.99023499368956e-05,0.00010811063317645404,0.7390794743240662,EVALUABLE,EQUAL_FOLD_FAMILY_LINEAGE_THEN_CASE_MEAN_AS_APPLICABLE,EXPLORATORY_CONSUMED_DIAGNOSTIC_ONLY
SS,viscosity_laplacian_acceleration,LINEAGE,HMSO01R_A|FIELD_LINEAGE|0d095ad04875a9db82a8c6062fc3703d3296558fc88db157a4ad79a6317e27a5,3.859362634479454e-07,0.00012159377238643373,0.0031739805079935533,EVALUABLE,EQUAL_FOLD_FAMILY_LINEAGE_THEN_CASE_MEAN_AS_APPLICABLE,EXPLORATORY_CONSUMED_DIAGNOSTIC_ONLY
SS,viscosity_laplacian_acceleration,LINEAGE,HMSO01R_A|FIELD_LINEAGE|0d9a0fc9b5f4f20cb32cc24ac6db7a1e45276ec79661381e7e476b453759d6b0,0.0077412780375112344,0.008197422896365282,0.9443550900544242,EVALUABLE,EQUAL_FOLD_FAMILY_LINEAGE_THEN_CASE_MEAN_AS_APPLICABLE,EXPLORATORY_CONSUMED_DIAGNOSTIC_ONLY
SS,viscosity_laplacian_acceleration,LINEAGE,HMSO01R_A|FIELD_LINEAGE|0da6210822c1316c7a077be78ae0c871024433732125f17a7f978f92e0d637e1,0.00029360913018819173,0.0003381782984333952,0.8682080770656505,EVALUABLE,EQUAL_FOLD_FAMILY_LINEAGE_THEN_CASE_MEAN_AS_APPLICABLE,EXPLORATORY_CONSUMED_DIAGNOSTIC_ONLY
SS,viscosity_laplacian_acceleration,LINEAGE,HMSO01R_A|FIELD_LINEAGE|0ddf6cdd096735cc15f4456489e1d58f77aa80618dad5da96cca18e59be60b9c,6.429006646069366e-05,0.0001109193952331031,0.5796106832856834,EVALUABLE,EQUAL_FOLD_FAMILY_LINEAGE_THEN_CASE_MEAN_AS_APPLICABLE,EXPLORATORY_CONSUMED_DIAGNOSTIC_ONLY
SS,viscosity_laplacian_acceleration,LINEAGE,HMSO01R_A|FIELD_LINEAGE|0e65acebdbaa92caa4bcb30c2a0feac4a5469aac1dd76780539181916f956f58,0.0,8.387773224832882e-05,0.0,EVALUABLE,EQUAL_FOLD_FAMILY_LINEAGE_THEN_CASE_MEAN_AS_APPLICABLE,EXPLORATORY_CONSUMED_DIAGNOSTIC_ONLY
SS,viscosity_laplacian_acceleration,LINEAGE,HMSO01R_A|FIELD_LINEAGE|0e85d8db167a222553e045c2d06d7055fe817db60fe9573c8fc78f52ed1f8615,4.4790559505133685e-09,0.00014913936826112942,3.0032686893717764e-05,EVALUABLE,EQUAL_FOLD_FAMILY_LINEAGE_THEN_CASE_MEAN_AS_APPLICABLE,EXPLORATORY_CONSUMED_DIAGNOSTIC_ONLY
SS,viscosity_laplacian_acceleration,LINEAGE,HMSO01R_A|FIELD_LINEAGE|0f0f1b8e6d3d2de7f2739e4c27aed7f4a0fa84df148b19d95d7dbbf8ec12bea3,0.0003035395356755207,0.000257563885765674,1.1785019269031929,EVALUABLE,EQUAL_FOLD_FAMILY_LINEAGE_THEN_CASE_MEAN_AS_APPLICABLE,EXPLORATORY_CONSUMED_DIAGNOSTIC_ONLY
SS,viscosity_laplacian_acceleration,LINEAGE,HMSO01R_A|FIELD_LINEAGE|0f49beb059c8327e240fa524ede4b5d0ddc16e0eb915fce826282146040c0e20,0.0005751924995417057,0.00010265071691803246,5.603394859882004,EVALUABLE,EQUAL_FOLD_FAMILY_LINEAGE_THEN_CASE_MEAN_AS_APPLICABLE,EXPLORATORY_CONSUMED_DIAGNOSTIC_ONLY
SS,viscosity_laplacian_acceleration,LINEAGE,HMSO01R_A|FIELD_LINEAGE|0fdda9072ffc8d97ff7e0441813be2217cbf8a41c67bef8c56cb65c5e8c889e5,2.6067942634582307e-06,0.00024992198915650286,0.010430431800964254,EVALUABLE,EQUAL_FOLD_FAMILY_LINEAGE_THEN_CASE_MEAN_AS_APPLICABLE,EXPLORATORY_CONSUMED_DIAGNOSTIC_ONLY
SS,viscosity_laplacian_acceleration,LINEAGE,HMSO01R_A|FIELD_LINEAGE|1014832cdbdd8f9e416c91cfffc398c0221e1acf20617efe558f4efd66f3578a,2.904773927033963e-06,0.00010901659087718174,0.02664524641305731,EVALUABLE,EQUAL_FOLD_FAMILY_LINEAGE_THEN_CASE_MEAN_AS_APPLICABLE,EXPLORATORY_CONSUMED_DIAGNOSTIC_ONLY
SS,viscosity_laplacian_acceleration,LINEAGE,HMSO01R_A|FIELD_LINEAGE|101e8ab2bfdfa561a79b7bef11d98c5487b65f400bdd7d35b17d61b9746e280e,0.0002128772750837276,0.00012199502571587253,1.7449668446279163,EVALUABLE,EQUAL_FOLD_FAMILY_LINEAGE_THEN_CASE_MEAN_AS_APPLICABLE,EXPLORATORY_CONSUMED_DIAGNOSTIC_ONLY
SS,viscosity_laplacian_acceleration,LINEAGE,HMSO01R_A|FIELD_LINEAGE|10ec2dec79c0538398e95e49cd33ade9183e905d4ea4b212dcd4e7ec34fc5546,0.001449833523597229,9.555094718264665e-05,15.173408180097438,EVALUABLE,EQUAL_FOLD_FAMILY_LINEAGE_THEN_CASE_MEAN_AS_APPLICABLE,EXPLORATORY_CONSUMED_DIAGNOSTIC_ONLY
SS,viscosity_laplacian_acceleration,LINEAGE,HMSO01R_A|FIELD_LINEAGE|11fde86949c379fe2021d6c74cae47b21d76fdf394512bb275cf864fa8a207c8,0.00015754541329955106,8.26405609907886e-05,1.906393318374395,EVALUABLE,EQUAL_FOLD_FAMILY_LINEAGE_THEN_CASE_MEAN_AS_APPLICABLE,EXPLORATORY_CONSUMED_DIAGNOSTIC_ONLY
SS,viscosity_laplacian_acceleration,LINEAGE,HMSO01R_A|FIELD_LINEAGE|14fde0d6f8e15a741b90398f93d73484586c3eb3479f620760208e87c5b3db6c,8.88785482291222e-05,0.0001208878272380729,0.735215035787577,EVALUABLE,EQUAL_FOLD_FAMILY_LINEAGE_THEN_CASE_MEAN_AS_APPLICABLE,EXPLORATORY_CONSUMED_DIAGNOSTIC_ONLY
SS,viscosity_laplacian_acceleration,LINEAGE,HMSO01R_A|FIELD_LINEAGE|15651b29629c1bcfb68ed12ef597d6352232a9bc607eac6bb7e574563cec2b00,5.3979087256755586e-05,0.00011062992076283136,0.4879248478580768,EVALUABLE,EQUAL_FOLD_FAMILY_LINEAGE_THEN_CASE_MEAN_AS_APPLICABLE,EXPLORATORY_CONSUMED_DIAGNOSTIC_ONLY
SS,viscosity_laplacian_acceleration,LINEAGE,HMSO01R_A|FIELD_LINEAGE|16eb11153f438a544fbde5e29c9d4f0fc922c6cc49338ba6f7c68206ac580c7f,0.0,8.391761340900151e-05,0.0,EVALUABLE,EQUAL_FOLD_FAMILY_LINEAGE_THEN_CASE_MEAN_AS_APPLICABLE,EXPLORATORY_CONSUMED_DIAGNOSTIC_ONLY
SS,viscosity_laplacian_acceleration,LINEAGE,HMSO01R_A|FIELD_LINEAGE|17af857dc7e075f66db0acfe5114e05e0f490cc5340cc9cfe073ae813844b776,0.00013697650238347748,0.00012508135757295148,1.0950992621229616,EVALUABLE,EQUAL_FOLD_FAMILY_LINEAGE_THEN_CASE_MEAN_AS_APPLICABLE,EXPLORATORY_CONSUMED_DIAGNOSTIC_ONLY
SS,viscosity_laplacian_acceleration,LINEAGE,HMSO01R_A|FIELD_LINEAGE|191e9f46778b3758f1f78fde4f9e2a46913f5a82ffc9889aaa9e18e41d67ee0e,0.00019650431088583695,0.0001644512606114289,1.1949091186971446,EVALUABLE,EQUAL_FOLD_FAMILY_LINEAGE_THEN_CASE_MEAN_AS_APPLICABLE,EXPLORATORY_CONSUMED_DIAGNOSTIC_ONLY
SS,viscosity_laplacian_acceleration,LINEAGE,HMSO01R_A|FIELD_LINEAGE|197d7ec024c0036b09ad028c746809cfe1ed712ccbb40eead96390c6dfdd817b,0.0002594844271247654,0.0003079123808053256,0.842721641936255,EVALUABLE,EQUAL_FOLD_FAMILY_LINEAGE_THEN_CASE_MEAN_AS_APPLICABLE,EXPLORATORY_CONSUMED_DIAGNOSTIC_ONLY
SS,viscosity_laplacian_acceleration,LINEAGE,HMSO01R_A|FIELD_LINEAGE|197ff926eb3d0f9ff98b06347687987d9933c0c4a0832b79258c496c53405132,8.925710846319046e-05,0.00013778069197396004,0.6478201494303691,EVALUABLE,EQUAL_FOLD_FAMILY_LINEAGE_THEN_CASE_MEAN_AS_APPLICABLE,EXPLORATORY_CONSUMED_DIAGNOSTIC_ONLY
SS,viscosity_laplacian_acceleration,LINEAGE,HMSO01R_A|FIELD_LINEAGE|19bc9c15d585b69ea5a604b39577d278e2c7b171a2d899f0352dc2850b1dc0cb,1.6473544799965072e-05,0.00013769932918611204,0.11963416886148888,EVALUABLE,EQUAL_FOLD_FAMILY_LINEAGE_THEN_CASE_MEAN_AS_APPLICABLE,EXPLORATORY_CONSUMED_DIAGNOSTIC_ONLY
SS,viscosity_laplacian_acceleration,LINEAGE,HMSO01R_A|FIELD_LINEAGE|1a444bf8e4f5678b58a9ba1debf6e16323abf2899e40040f0bbc7e1608156e14,3.12306729917505e-05,0.00014804758235457214,0.21095023974760643,EVALUABLE,EQUAL_FOLD_FAMILY_LINEAGE_THEN_CASE_MEAN_AS_APPLICABLE,EXPLORATORY_CONSUMED_DIAGNOSTIC_ONLY
SS,viscosity_laplacian_acceleration,LINEAGE,HMSO01R_A|FIELD_LINEAGE|1b6f0cb3de33bc6abdb0882404222836bd00a9ad3c6fe2c95af35a87f0fa1200,0.0,0.00011617378702527128,0.0,EVALUABLE,EQUAL_FOLD_FAMILY_LINEAGE_THEN_CASE_MEAN_AS_APPLICABLE,EXPLORATORY_CONSUMED_DIAGNOSTIC_ONLY
SS,viscosity_laplacian_acceleration,LINEAGE,HMSO01R_A|FIELD_LINEAGE|1d03c9c9f560219b53c739310adfe296cf8afec50561d01ce15be76ae73c1479,0.0,0.00011019581841990227,0.0,EVALUABLE,EQUAL_FOLD_FAMILY_LINEAGE_THEN_CASE_MEAN_AS_APPLICABLE,EXPLORATORY_CONSUMED_DIAGNOSTIC_ONLY
SS,viscosity_laplacian_acceleration,LINEAGE,HMSO01R_A|FIELD_LINEAGE|1e499d17b9c103b93706f70e5fa2f7497086b8d1dab61b6d4e57ae6874e328ff,0.0,0.0001259879522570447,0.0,EVALUABLE,EQUAL_FOLD_FAMILY_LINEAGE_THEN_CASE_MEAN_AS_APPLICABLE,EXPLORATORY_CONSUMED_DIAGNOSTIC_ONLY
SS,viscosity_laplacian_acceleration,LINEAGE,HMSO01R_A|FIELD_LINEAGE|20bbc33e3ce141e2f7eb99de3d0702689581411faf36ef6782c9dd4ff7bd0899,0.00011060431273673076,0.00010945792119489487,1.0104733538634878,EVALUABLE,EQUAL_FOLD_FAMILY_LINEAGE_THEN_CASE_MEAN_AS_APPLICABLE,EXPLORATORY_CONSUMED_DIAGNOSTIC_ONLY
SS,viscosity_laplacian_acceleration,LINEAGE,HMSO01R_A|FIELD_LINEAGE|20fd9f4e76cc9e98a79b808be25ffb0cc4d95c0522637973fd5963586426d614,4.109739510386798e-06,0.00010327186510758894,0.03979534509331519,EVALUABLE,EQUAL_FOLD_FAMILY_LINEAGE_THEN_CASE_MEAN_AS_APPLICABLE,EXPLORATORY_CONSUMED_DIAGNOSTIC_ONLY
SS,viscosity_laplacian_acceleration,LINEAGE,HMSO01R_A|FIELD_LINEAGE|21308456c1ed84c2854c7a093be1e48cf9af8d5768485e2a86892e0fd138af17,3.218711908143836e-08,0.00016394076492814497,0.00019633383494060144,EVALUABLE,EQUAL_FOLD_FAMILY_LINEAGE_THEN_CASE_MEAN_AS_APPLICABLE,EXPLORATORY_CONSUMED_DIAGNOSTIC_ONLY
SS,viscosity_laplacian_acceleration,LINEAGE,HMSO01R_A|FIELD_LINEAGE|21b79bdb11d90c0a9b01efce71ed9eec0d7fba61736210c4c1ab358a9c4e965a,0.000345143424941468,0.0003603039400148808,0.957922982821707,EVALUABLE,EQUAL_FOLD_FAMILY_LINEAGE_THEN_CASE_MEAN_AS_APPLICABLE,EXPLORATORY_CONSUMED_DIAGNOSTIC_ONLY
SS,viscosity_laplacian_acceleration,LINEAGE,HMSO01R_A|FIELD_LINEAGE|21dfb26365637485a590f4aa1b2a5297d551eab87745fb26abbdd41a0e1d8daa,6.984211747055739e-07,0.00015507490658694736,0.004503766535006637,EVALUABLE,EQUAL_FOLD_FAMILY_LINEAGE_THEN_CASE_MEAN_AS_APPLICABLE,EXPLORATORY_CONSUMED_DIAGNOSTIC_ONLY
SS,viscosity_laplacian_acceleration,LINEAGE,HMSO01R_A|FIELD_LINEAGE|226b761343bde11d0f8531972b4efd2a54f34c441ce74b43268bfdfde41542ed,0.0,0.00010630896476822733,0.0,EVALUABLE,EQUAL_FOLD_FAMILY_LINEAGE_THEN_CASE_MEAN_AS_APPLICABLE,EXPLORATORY_CONSUMED_DIAGNOSTIC_ONLY
SS,viscosity_laplacian_acceleration,LINEAGE,HMSO01R_A|FIELD_LINEAGE|292cdf1c570d6fb417a11eb6a7d4d830f9162a0bf0e09496e15edbaa84e1f3f4,0.0,0.00011229546056230481,0.0,EVALUABLE,EQUAL_FOLD_FAMILY_LINEAGE_THEN_CASE_MEAN_AS_APPLICABLE,EXPLORATORY_CONSUMED_DIAGNOSTIC_ONLY
SS,viscosity_laplacian_acceleration,LINEAGE,HMSO01R_A|FIELD_LINEAGE|29dc93f9e64f8875b47eb06f84606bc0c4a0e9315877441085164bd7870ebc8e,0.00014065220696850284,0.00010174653495417597,1.3823783486272923,EVALUABLE,EQUAL_FOLD_FAMILY_LINEAGE_THEN_CASE_MEAN_AS_APPLICABLE,EXPLORATORY_CONSUMED_DIAGNOSTIC_ONLY
SS,viscosity_laplacian_acceleration,LINEAGE,HMSO01R_A|FIELD_LINEAGE|2bf67fa14447cc7892bedcae7ba79ef420cf3b1aa476bde75527a097c9a5c922,0.0,0.00012011992861109041,0.0,EVALUABLE,EQUAL_FOLD_FAMILY_LINEAGE_THEN_CASE_MEAN_AS_APPLICABLE,EXPLORATORY_CONSUMED_DIAGNOSTIC_ONLY
SS,viscosity_laplacian_acceleration,LINEAGE,HMSO01R_A|FIELD_LINEAGE|2d885ab8e36e98def0f3a036fab45f57940afd290e12c42ece2cbbf2a0b7faed,3.597195600163851e-08,9.324591920282695e-05,0.00038577512355680594,EVALUABLE,EQUAL_FOLD_FAMILY_LINEAGE_THEN_CASE_MEAN_AS_APPLICABLE,EXPLORATORY_CONSUMED_DIAGNOSTIC_ONLY
SS,viscosity_laplacian_acceleration,LINEAGE,HMSO01R_A|FIELD_LINEAGE|2e00a5aa730d3fe2629242ac9cb05445890c5ccd2cee3bc6b04bd3dcaa176cdc,0.00022268642613542246,0.00020853326939766843,1.0678700179526954,EVALUABLE,EQUAL_FOLD_FAMILY_LINEAGE_THEN_CASE_MEAN_AS_APPLICABLE,EXPLORATORY_CONSUMED_DIAGNOSTIC_ONLY
SS,viscosity_laplacian_acceleration,LINEAGE,HMSO01R_A|FIELD_LINEAGE|3264ae7008b91adb6f4b677f3ecc13cbe5ab1143b7f33ef501525d095e0b618c,7.252254367908983e-05,0.00011329420014473586,0.6401258280339212,EVALUABLE,EQUAL_FOLD_FAMILY_LINEAGE_THEN_CASE_MEAN_AS_APPLICABLE,EXPLORATORY_CONSUMED_DIAGNOSTIC_ONLY
SS,viscosity_laplacian_acceleration,LINEAGE,HMSO01R_A|FIELD_LINEAGE|3283083498700d830b6f9393659c16097acacaf984f6c43b70c65438a233286d,2.557876756465546e-07,8.1142504558447e-05,0.0031523266016802646,EVALUABLE,EQUAL_FOLD_FAMILY_LINEAGE_THEN_CASE_MEAN_AS_APPLICABLE,EXPLORATORY_CONSUMED_DIAGNOSTIC_ONLY
SS,viscosity_laplacian_acceleration,LINEAGE,HMSO01R_A|FIELD_LINEAGE|34168bb92814c253cb6b05f8022442aa6cab311b67f648a00b758da530873bc9,0.00017883239685762857,0.00015649575472047816,1.142730019590925,EVALUABLE,EQUAL_FOLD_FAMILY_LINEAGE_THEN_CASE_MEAN_AS_APPLICABLE,EXPLORATORY_CONSUMED_DIAGNOSTIC_ONLY
SS,viscosity_laplacian_acceleration,LINEAGE,HMSO01R_A|FIELD_LINEAGE|34a4e80876c1805c1767ae4dec4e60fe92b927519de4d3f4fc98d8e491efa006,0.0001651769751713798,0.00029827976726419866,0.5537652677094781,EVALUABLE,EQUAL_FOLD_FAMILY_LINEAGE_THEN_CASE_MEAN_AS_APPLICABLE,EXPLORATORY_CONSUMED_DIAGNOSTIC_ONLY
SS,viscosity_laplacian_acceleration,LINEAGE,HMSO01R_A|FIELD_LINEAGE|367777ab46eb41f1d6390744a91dc4aea35bac8f23f02a2f5c6dee473916edbd,5.2644300427736333e-08,0.00011519453973013296,0.0004570034356755667,EVALUABLE,EQUAL_FOLD_FAMILY_LINEAGE_THEN_CASE_MEAN_AS_APPLICABLE,EXPLORATORY_CONSUMED_DIAGNOSTIC_ONLY
SS,viscosity_laplacian_acceleration,LINEAGE,HMSO01R_A|FIELD_LINEAGE|381d8f63546be0384f86ba8b518abcf8c4d107fec707374fb03828151e0b75af,6.027645871624707e-06,0.00014854882564585738,0.040576866531376724,EVALUABLE,EQUAL_FOLD_FAMILY_LINEAGE_THEN_CASE_MEAN_AS_APPLICABLE,EXPLORATORY_CONSUMED_DIAGNOSTIC_ONLY
SS,viscosity_laplacian_acceleration,LINEAGE,HMSO01R_A|FIELD_LINEAGE|38ed780ae9e2ceb725d12dc596e69f348d116c6ab5da75f5bae97744169a86db,0.0,0.00012266766519478627,0.0,EVALUABLE,EQUAL_FOLD_FAMILY_LINEAGE_THEN_CASE_MEAN_AS_APPLICABLE,EXPLORATORY_CONSUMED_DIAGNOSTIC_ONLY
SS,viscosity_laplacian_acceleration,LINEAGE,HMSO01R_A|FIELD_LINEAGE|39a5eaeb1afddf9af00bec82f67fdf5414fc1d1e11076c2f86704fda2809ab87,1.3616943508365293e-08,7.460529466863419e-05,0.00018251980062334872,EVALUABLE,EQUAL_FOLD_FAMILY_LINEAGE_THEN_CASE_MEAN_AS_APPLICABLE,EXPLORATORY_CONSUMED_DIAGNOSTIC_ONLY
SS,viscosity_laplacian_acceleration,LINEAGE,HMSO01R_A|FIELD_LINEAGE|3c7ea9b77bf044ea3d9c6d199831fc605b20c1d7b4a9ad213eb80b5cab2c0296,4.655321841400086e-05,0.0001078196474114495,0.43176934382237014,EVALUABLE,EQUAL_FOLD_FAMILY_LINEAGE_THEN_CASE_MEAN_AS_APPLICABLE,EXPLORATORY_CONSUMED_DIAGNOSTIC_ONLY
SS,viscosity_laplacian_acceleration,LINEAGE,HMSO01R_A|FIELD_LINEAGE|3d33238d426baab3f4ff1c525309d0c0b825fb99fca42c8d1a5482ea92f2f1a6,0.0,0.00010350369054296737,0.0,EVALUABLE,EQUAL_FOLD_FAMILY_LINEAGE_THEN_CASE_MEAN_AS_APPLICABLE,EXPLORATORY_CONSUMED_DIAGNOSTIC_ONLY
SS,viscosity_laplacian_acceleration,LINEAGE,HMSO01R_A|FIELD_LINEAGE|3e17b326e03465aac98a6b656cd3125c19ada3cc77d6223ebd6e30804155ff56,0.00023206134882685308,0.003998678344102895,0.058034512620673454,EVALUABLE,EQUAL_FOLD_FAMILY_LINEAGE_THEN_CASE_MEAN_AS_APPLICABLE,EXPLORATORY_CONSUMED_DIAGNOSTIC_ONLY
SS,viscosity_laplacian_acceleration,LINEAGE,HMSO01R_A|FIELD_LINEAGE|3e594f148c4f0181faaf58cc7906a2e9e8709c7be31e59cdc8bdd6b6b7c398a2,2.3298514895922023e-06,0.0001421046237581029,0.016395324993493415,EVALUABLE,EQUAL_FOLD_FAMILY_LINEAGE_THEN_CASE_MEAN_AS_APPLICABLE,EXPLORATORY_CONSUMED_DIAGNOSTIC_ONLY
SS,viscosity_laplacian_acceleration,LINEAGE,HMSO01R_A|FIELD_LINEAGE|40ad278dca26109101acf56cf89434c2db030106327c552c8aaad7f18589b1fc,0.0003587292279056863,0.0009860980650728054,0.3637865650605457,EVALUABLE,EQUAL_FOLD_FAMILY_LINEAGE_THEN_CASE_MEAN_AS_APPLICABLE,EXPLORATORY_CONSUMED_DIAGNOSTIC_ONLY
SS,viscosity_laplacian_acceleration,LINEAGE,HMSO01R_A|FIELD_LINEAGE|41b714ff189f53f826864cf9fac2bed83a6e097351a7033fcea23d658bf21b54,0.0,0.00011119669560594631,0.0,EVALUABLE,EQUAL_FOLD_FAMILY_LINEAGE_THEN_CASE_MEAN_AS_APPLICABLE,EXPLORATORY_CONSUMED_DIAGNOSTIC_ONLY
SS,viscosity_laplacian_acceleration,LINEAGE,HMSO01R_A|FIELD_LINEAGE|41ec221cb0eeb1bbfd7efc4d5d4cd642cd62a71a09fd5ce2fc9fff0cbe48931c,2.0404815217423514e-09,0.00010277843268215166,1.9853207219579428e-05,EVALUABLE,EQUAL_FOLD_FAMILY_LINEAGE_THEN_CASE_MEAN_AS_APPLICABLE,EXPLORATORY_CONSUMED_DIAGNOSTIC_ONLY
SS,viscosity_laplacian_acceleration,LINEAGE,HMSO01R_A|FIELD_LINEAGE|429c6019f8749d53e4581b918e84a928af92c02c8bd8516136f7bea7e94cf671,1.718728670047074e-05,0.00013445989082537868,0.12782463673714897,EVALUABLE,EQUAL_FOLD_FAMILY_LINEAGE_THEN_CASE_MEAN_AS_APPLICABLE,EXPLORATORY_CONSUMED_DIAGNOSTIC_ONLY
SS,viscosity_laplacian_acceleration,LINEAGE,HMSO01R_A|FIELD_LINEAGE|42e50ef40056d389a76817004688f104ee3861e2ea394e0b7ded0e04dbc7e54e,0.00011584157018585857,8.779146506619142e-05,1.3195083382936876,EVALUABLE,EQUAL_FOLD_FAMILY_LINEAGE_THEN_CASE_MEAN_AS_APPLICABLE,EXPLORATORY_CONSUMED_DIAGNOSTIC_ONLY
SS,viscosity_laplacian_acceleration,LINEAGE,HMSO01R_A|FIELD_LINEAGE|43048a070f7e90a4b3daec507e653fb282b428f5e4cf309a72c949e8f5226bf3,1.0543378434898407e-07,0.00010457579174506681,0.0010082045049776803,EVALUABLE,EQUAL_FOLD_FAMILY_LINEAGE_THEN_CASE_MEAN_AS_APPLICABLE,EXPLORATORY_CONSUMED_DIAGNOSTIC_ONLY
SS,viscosity_laplacian_acceleration,LINEAGE,HMSO01R_A|FIELD_LINEAGE|4389c621e60229f631c944081b4adc544d96927c12f624ff90ee3e85668f651e,3.698931677186974e-05,9.735072544858224e-05,0.3799593336508458,EVALUABLE,EQUAL_FOLD_FAMILY_LINEAGE_THEN_CASE_MEAN_AS_APPLICABLE,EXPLORATORY_CONSUMED_DIAGNOSTIC_ONLY
SS,viscosity_laplacian_acceleration,LINEAGE,HMSO01R_A|FIELD_LINEAGE|440a69e5e6d8a6266c3153ff4cc4273aafca8ec71c677d3f24cfa0db89cae65c,0.0,9.941853375247454e-05,0.0,EVALUABLE,EQUAL_FOLD_FAMILY_LINEAGE_THEN_CASE_MEAN_AS_APPLICABLE,EXPLORATORY_CONSUMED_DIAGNOSTIC_ONLY
SS,viscosity_laplacian_acceleration,LINEAGE,HMSO01R_A|FIELD_LINEAGE|4666d705aea26a6f22073d7a13f6e76c36824d125314c031a782f73ac5ba6779,0.00014032400370716085,9.838197610224358e-05,1.4263182065110074,EVALUABLE,EQUAL_FOLD_FAMILY_LINEAGE_THEN_CASE_MEAN_AS_APPLICABLE,EXPLORATORY_CONSUMED_DIAGNOSTIC_ONLY
SS,viscosity_laplacian_acceleration,LINEAGE,HMSO01R_A|FIELD_LINEAGE|46ad1db2ba1a448aa8fcf8fea69b4b772861af80c9b661f505a8c591ffdfe68c,2.221061122498777e-07,0.00013378476544988763,0.0016601749197898996,EVALUABLE,EQUAL_FOLD_FAMILY_LINEAGE_THEN_CASE_MEAN_AS_APPLICABLE,EXPLORATORY_CONSUMED_DIAGNOSTIC_ONLY
SS,viscosity_laplacian_acceleration,LINEAGE,HMSO01R_A|FIELD_LINEAGE|4729596698ed7c65dd5f082aea4dac27cd26c6550de18eb2382e9ca6f186b90b,3.934701638952696e-06,0.0002233055739751689,0.01762025716111424,EVALUABLE,EQUAL_FOLD_FAMILY_LINEAGE_THEN_CASE_MEAN_AS_APPLICABLE,EXPLORATORY_CONSUMED_DIAGNOSTIC_ONLY
SS,viscosity_laplacian_acceleration,LINEAGE,HMSO01R_A|FIELD_LINEAGE|475ead0c3c732d8046f08c0918482fe4219c4fa643d2e948ba96c0bc2f6d887d,0.0,0.0001120461127390381,0.0,EVALUABLE,EQUAL_FOLD_FAMILY_LINEAGE_THEN_CASE_MEAN_AS_APPLICABLE,EXPLORATORY_CONSUMED_DIAGNOSTIC_ONLY
SS,viscosity_laplacian_acceleration,LINEAGE,HMSO01R_A|FIELD_LINEAGE|49aae8e0ac8e4584d3624cd5459480c917c8157571a4f7ac9660003550146055,7.584885848403028e-05,0.00017657505307482074,0.429555914967731,EVALUABLE,EQUAL_FOLD_FAMILY_LINEAGE_THEN_CASE_MEAN_AS_APPLICABLE,EXPLORATORY_CONSUMED_DIAGNOSTIC_ONLY
SS,viscosity_laplacian_acceleration,LINEAGE,HMSO01R_A|FIELD_LINEAGE|4a864b01d23e69fbf80902fd3a728f366c9eb285ead51eb5724dfe25ca232031,0.00011528771375478628,0.0001228397956581173,0.9385208851669726,EVALUABLE,EQUAL_FOLD_FAMILY_LINEAGE_THEN_CASE_MEAN_AS_APPLICABLE,EXPLORATORY_CONSUMED_DIAGNOSTIC_ONLY
SS,viscosity_laplacian_acceleration,LINEAGE,HMSO01R_A|FIELD_LINEAGE|4c3bbd0a7d56407cf1ccc6d516e10bc822949b03124ef92a27e554a97f6ed1b2,0.0007573501120157857,0.0005001252946249999,1.5143207515301864,EVALUABLE,EQUAL_FOLD_FAMILY_LINEAGE_THEN_CASE_MEAN_AS_APPLICABLE,EXPLORATORY_CONSUMED_DIAGNOSTIC_ONLY
SS,viscosity_laplacian_acceleration,LINEAGE,HMSO01R_A|FIELD_LINEAGE|4cf69c455bf1f50d880646e37d5ce58645992adb18a995a52fdf89583dcd2384,0.0,0.00010178385311842718,0.0,EVALUABLE,EQUAL_FOLD_FAMILY_LINEAGE_THEN_CASE_MEAN_AS_APPLICABLE,EXPLORATORY_CONSUMED_DIAGNOSTIC_ONLY
SS,viscosity_laplacian_acceleration,LINEAGE,HMSO01R_A|FIELD_LINEAGE|51aa7e7dbbb5aa6496f5ed0b95d8e85438067333a238c5e41877a3cd9ace3175,6.242428498940291e-07,8.921299142244727e-05,0.006997219126282549,EVALUABLE,EQUAL_FOLD_FAMILY_LINEAGE_THEN_CASE_MEAN_AS_APPLICABLE,EXPLORATORY_CONSUMED_DIAGNOSTIC_ONLY
SS,viscosity_laplacian_acceleration,LINEAGE,HMSO01R_A|FIELD_LINEAGE|541d56dfe6d37f091e41084f899b04aeee2814cee915608e406b47dce85c3c8b,0.00029429290916540364,0.00024915115693488065,1.1811821899037838,EVALUABLE,EQUAL_FOLD_FAMILY_LINEAGE_THEN_CASE_MEAN_AS_APPLICABLE,EXPLORATORY_CONSUMED_DIAGNOSTIC_ONLY
SS,viscosity_laplacian_acceleration,LINEAGE,HMSO01R_A|FIELD_LINEAGE|55cdcba2ab757796978976644840d2bce6b96e998f32047a71aff1f289ed6480,6.632358756113817e-05,9.116650166556128e-05,0.7274995349107743,EVALUABLE,EQUAL_FOLD_FAMILY_LINEAGE_THEN_CASE_MEAN_AS_APPLICABLE,EXPLORATORY_CONSUMED_DIAGNOSTIC_ONLY
SS,viscosity_laplacian_acceleration,LINEAGE,HMSO01R_A|FIELD_LINEAGE|56571c9b6d895bc0e855ce89225a188e41167fe16fc1aed7e4e19ab1ddaef9cb,0.0,0.00014533058419900871,0.0,EVALUABLE,EQUAL_FOLD_FAMILY_LINEAGE_THEN_CASE_MEAN_AS_APPLICABLE,EXPLORATORY_CONSUMED_DIAGNOSTIC_ONLY
SS,viscosity_laplacian_acceleration,LINEAGE,HMSO01R_A|FIELD_LINEAGE|5717c014ee19e2404587fa3546273faef8d6d97d2a31a4b9e01b24770e476426,8.207193189318392e-05,0.00012854791581010816,0.6384540066322127,EVALUABLE,EQUAL_FOLD_FAMILY_LINEAGE_THEN_CASE_MEAN_AS_APPLICABLE,EXPLORATORY_CONSUMED_DIAGNOSTIC_ONLY
SS,viscosity_laplacian_acceleration,LINEAGE,HMSO01R_A|FIELD_LINEAGE|5788e5f098ee24a0bfe3ef48cb7ba08a0bdbab2c319fd19eedc3c9eb4ac76f03,2.7941549227320127e-05,0.00012376533011019443,0.22576232942167548,EVALUABLE,EQUAL_FOLD_FAMILY_LINEAGE_THEN_CASE_MEAN_AS_APPLICABLE,EXPLORATORY_CONSUMED_DIAGNOSTIC_ONLY
SS,viscosity_laplacian_acceleration,LINEAGE,HMSO01R_A|FIELD_LINEAGE|5851badadb2dbcb7aa9bd12e7e1999f87fd380febbee831ba86fec2a8906fa0a,0.0,6.667697846135591e-05,0.0,EVALUABLE,EQUAL_FOLD_FAMILY_LINEAGE_THEN_CASE_MEAN_AS_APPLICABLE,EXPLORATORY_CONSUMED_DIAGNOSTIC_ONLY
SS,viscosity_laplacian_acceleration,LINEAGE,HMSO01R_A|FIELD_LINEAGE|5915fb95e293a089619d78d1366edf95fa145cc69452df6337d9252e862b1502,4.771260049449475e-05,9.29665408188357e-05,0.5132233605149675,EVALUABLE,EQUAL_FOLD_FAMILY_LINEAGE_THEN_CASE_MEAN_AS_APPLICABLE,EXPLORATORY_CONSUMED_DIAGNOSTIC_ONLY
SS,viscosity_laplacian_acceleration,LINEAGE,HMSO01R_A|FIELD_LINEAGE|5932ef4f3ff2f79b2fa4005d45fb593b78f4308c6edd18917a8552256cdfcf19,0.0,9.79667482341839e-05,0.0,EVALUABLE,EQUAL_FOLD_FAMILY_LINEAGE_THEN_CASE_MEAN_AS_APPLICABLE,EXPLORATORY_CONSUMED_DIAGNOSTIC_ONLY
SS,viscosity_laplacian_acceleration,LINEAGE,HMSO01R_A|FIELD_LINEAGE|59aef3f6a7aa33f774612e58955e925638af1b151b9e6b2d7127236b21c1a5a6,0.0,6.560227778265089e-05,0.0,EVALUABLE,EQUAL_FOLD_FAMILY_LINEAGE_THEN_CASE_MEAN_AS_APPLICABLE,EXPLORATORY_CONSUMED_DIAGNOSTIC_ONLY
SS,viscosity_laplacian_acceleration,LINEAGE,HMSO01R_A|FIELD_LINEAGE|5a0dbac6ae904f5529ad460639c41b1b383ca8809b93f779bcc31cb0fd08d08b,0.0,8.594109722817787e-05,0.0,EVALUABLE,EQUAL_FOLD_FAMILY_LINEAGE_THEN_CASE_MEAN_AS_APPLICABLE,EXPLORATORY_CONSUMED_DIAGNOSTIC_ONLY
SS,viscosity_laplacian_acceleration,LINEAGE,HMSO01R_A|FIELD_LINEAGE|5c056a7425c54539d868f52b6ae68a4c578195d4f6b5cb7d636be4eab2c2df8c,0.0,8.816149894576993e-05,0.0,EVALUABLE,EQUAL_FOLD_FAMILY_LINEAGE_THEN_CASE_MEAN_AS_APPLICABLE,EXPLORATORY_CONSUMED_DIAGNOSTIC_ONLY
SS,viscosity_laplacian_acceleration,LINEAGE,HMSO01R_A|FIELD_LINEAGE|5c07d2280b8a6c46f1c42b9f7878f3f5c5e2174c9419aaf05f2bb6b52ab2f5f6,0.0,9.427800804663608e-05,0.0,EVALUABLE,EQUAL_FOLD_FAMILY_LINEAGE_THEN_CASE_MEAN_AS_APPLICABLE,EXPLORATORY_CONSUMED_DIAGNOSTIC_ONLY
SS,viscosity_laplacian_acceleration,LINEAGE,HMSO01R_A|FIELD_LINEAGE|5cf76bdd12cdf0612bba343b6cf1b9e46ef0764cc183560f7b16acacca9460f1,0.0,7.859332363688443e-05,0.0,EVALUABLE,EQUAL_FOLD_FAMILY_LINEAGE_THEN_CASE_MEAN_AS_APPLICABLE,EXPLORATORY_CONSUMED_DIAGNOSTIC_ONLY
SS,viscosity_laplacian_acceleration,LINEAGE,HMSO01R_A|FIELD_LINEAGE|5d84595c43a38b585d7953f18ac50da686f8debb482b1cca6058cffe84d274b6,8.628324731717003e-05,0.00011251885571602081,0.7668336721707767,EVALUABLE,EQUAL_FOLD_FAMILY_LINEAGE_THEN_CASE_MEAN_AS_APPLICABLE,EXPLORATORY_CONSUMED_DIAGNOSTIC_ONLY
SS,viscosity_laplacian_acceleration,LINEAGE,HMSO01R_A|FIELD_LINEAGE|5e2623db68536d2f4bee911245429597fdaee9006859890dec92aeaff707fe09,0.00014783430573051418,0.00016053623766608014,0.9208781012920813,EVALUABLE,EQUAL_FOLD_FAMILY_LINEAGE_THEN_CASE_MEAN_AS_APPLICABLE,EXPLORATORY_CONSUMED_DIAGNOSTIC_ONLY
SS,viscosity_laplacian_acceleration,LINEAGE,HMSO01R_A|FIELD_LINEAGE|61b0a8ee57598b36eed2786a9e3e1cafd7d1e5cb7b5052c92f6d5c1826bc6619,5.190145448116527e-05,0.000131403533838112,0.3949776156332858,EVALUABLE,EQUAL_FOLD_FAMILY_LINEAGE_THEN_CASE_MEAN_AS_APPLICABLE,EXPLORATORY_CONSUMED_DIAGNOSTIC_ONLY
SS,viscosity_laplacian_acceleration,LINEAGE,HMSO01R_A|FIELD_LINEAGE|61d4f5ea89fdb94c7fd8a7150c89f5910fdf9e6c5a71383e850b5a750c8fcf55,0.0004747081806326823,0.0005724152215833449,0.8293074026221781,EVALUABLE,EQUAL_FOLD_FAMILY_LINEAGE_THEN_CASE_MEAN_AS_APPLICABLE,EXPLORATORY_CONSUMED_DIAGNOSTIC_ONLY
SS,viscosity_laplacian_acceleration,LINEAGE,HMSO01R_A|FIELD_LINEAGE|6260b45ec31956360cb50305f8ad9fa70be57f53fb24bc0523fc70aeb48f57ae,0.00013967456162428024,0.0001923303714214138,0.7262220760663963,EVALUABLE,EQUAL_FOLD_FAMILY_LINEAGE_THEN_CASE_MEAN_AS_APPLICABLE,EXPLORATORY_CONSUMED_DIAGNOSTIC_ONLY
SS,viscosity_laplacian_acceleration,LINEAGE,HMSO01R_A|FIELD_LINEAGE|6359faeb0765247f7e12d6c9e8bbc8898fa74fca5c76c863a6009dffddbcb32e,0.0004111953056368321,0.0002387376344253074,1.7223732095137294,EVALUABLE,EQUAL_FOLD_FAMILY_LINEAGE_THEN_CASE_MEAN_AS_APPLICABLE,EXPLORATORY_CONSUMED_DIAGNOSTIC_ONLY
SS,viscosity_laplacian_acceleration,LINEAGE,HMSO01R_A|FIELD_LINEAGE|64cf1977fe8b52c7e0fc1798d4810be4243b09c0886573ce42439c1eaf431667,4.0942799695408894e-10,0.00013161537941014156,3.1107914499735176e-06,EVALUABLE,EQUAL_FOLD_FAMILY_LINEAGE_THEN_CASE_MEAN_AS_APPLICABLE,EXPLORATORY_CONSUMED_DIAGNOSTIC_ONLY
SS,viscosity_laplacian_acceleration,LINEAGE,HMSO01R_A|FIELD_LINEAGE|66e31e43c39c0807b2398e5067c9aaab318a50b596f04344988d8e71103f4693,3.169889416182864e-05,0.000101129519998153,0.3134484783711776,EVALUABLE,EQUAL_FOLD_FAMILY_LINEAGE_THEN_CASE_MEAN_AS_APPLICABLE,EXPLORATORY_CONSUMED_DIAGNOSTIC_ONLY
SS,viscosity_laplacian_acceleration,LINEAGE,HMSO01R_A|FIELD_LINEAGE|6918def6b8a6923e67fc2a25f9ee5a59a177f2b6c9bf8dfd922cd28ef3b4c287,0.0001669775207407561,0.00016450021451100638,1.01505959270092,EVALUABLE,EQUAL_FOLD_FAMILY_LINEAGE_THEN_CASE_MEAN_AS_APPLICABLE,EXPLORATORY_CONSUMED_DIAGNOSTIC_ONLY
SS,viscosity_laplacian_acceleration,LINEAGE,HMSO01R_A|FIELD_LINEAGE|6aba5ce17b9c02240405669069c0b485de9d3ce1714e3e85b0411d61ec7beb5e,5.8359434222146445e-09,0.00010988028463884431,5.311183385988019e-05,EVALUABLE,EQUAL_FOLD_FAMILY_LINEAGE_THEN_CASE_MEAN_AS_APPLICABLE,EXPLORATORY_CONSUMED_DIAGNOSTIC_ONLY
SS,viscosity_laplacian_acceleration,LINEAGE,HMSO01R_A|FIELD_LINEAGE|6ad90de4847db7d34a3540ed573a050180b363be817d3503c19045b1a2f0ed3c,0.00024026819695961376,0.0001867646060592462,1.2864760728989246,EVALUABLE,EQUAL_FOLD_FAMILY_LINEAGE_THEN_CASE_MEAN_AS_APPLICABLE,EXPLORATORY_CONSUMED_DIAGNOSTIC_ONLY
SS,viscosity_laplacian_acceleration,LINEAGE,HMSO01R_A|FIELD_LINEAGE|6af5032f0b166e8e3ff27ce0b5fdfb49cda87c61afe66a4eb6eb807e625daf8a,3.0015707027393747e-05,0.00012815324330118304,0.2342173030833989,EVALUABLE,EQUAL_FOLD_FAMILY_LINEAGE_THEN_CASE_MEAN_AS_APPLICABLE,EXPLORATORY_CONSUMED_DIAGNOSTIC_ONLY
SS,viscosity_laplacian_acceleration,LINEAGE,HMSO01R_A|FIELD_LINEAGE|6d1fc2b84d6da564ae936d907e04365ad5b63a9377b77c1faa05d68a9fe06d3c,0.0,0.00013179608189804184,0.0,EVALUABLE,EQUAL_FOLD_FAMILY_LINEAGE_THEN_CASE_MEAN_AS_APPLICABLE,EXPLORATORY_CONSUMED_DIAGNOSTIC_ONLY
SS,viscosity_laplacian_acceleration,LINEAGE,HMSO01R_A|FIELD_LINEAGE|6d4353b03da9874056ea6f087e4493dcb629a7b8bd4a1eabce0a6b1b20255b6c,0.0009699604519142163,0.000518990984441249,1.8689350701505647,EVALUABLE,EQUAL_FOLD_FAMILY_LINEAGE_THEN_CASE_MEAN_AS_APPLICABLE,EXPLORATORY_CONSUMED_DIAGNOSTIC_ONLY
SS,viscosity_laplacian_acceleration,LINEAGE,HMSO01R_A|FIELD_LINEAGE|70dd50135b0ce37b393c6eae858eae2988f95a40a860753345e473ce01dd9d91,0.0,0.0001287931438471602,0.0,EVALUABLE,EQUAL_FOLD_FAMILY_LINEAGE_THEN_CASE_MEAN_AS_APPLICABLE,EXPLORATORY_CONSUMED_DIAGNOSTIC_ONLY
SS,viscosity_laplacian_acceleration,LINEAGE,HMSO01R_A|FIELD_LINEAGE|724fd3a44cb8ec4985e45f721837e7f4eeea1666b35a166345e025918455e304,0.0,0.00011345582705923367,0.0,EVALUABLE,EQUAL_FOLD_FAMILY_LINEAGE_THEN_CASE_MEAN_AS_APPLICABLE,EXPLORATORY_CONSUMED_DIAGNOSTIC_ONLY
SS,viscosity_laplacian_acceleration,LINEAGE,HMSO01R_A|FIELD_LINEAGE|72bbc35959df916eca72e8fb7e723c361c09592753187c3754f344aae218c230,0.0,0.00010110019370299556,0.0,EVALUABLE,EQUAL_FOLD_FAMILY_LINEAGE_THEN_CASE_MEAN_AS_APPLICABLE,EXPLORATORY_CONSUMED_DIAGNOSTIC_ONLY
SS,viscosity_laplacian_acceleration,LINEAGE,HMSO01R_A|FIELD_LINEAGE|73f5ee97e40c47c1aa5579bcf72cf190dfaf3aad2886cc887f3295530388016c,0.0,7.676535130824388e-05,0.0,EVALUABLE,EQUAL_FOLD_FAMILY_LINEAGE_THEN_CASE_MEAN_AS_APPLICABLE,EXPLORATORY_CONSUMED_DIAGNOSTIC_ONLY
SS,viscosity_laplacian_acceleration,LINEAGE,HMSO01R_A|FIELD_LINEAGE|75819144781d043ebbeb8c2d3fbfa9139c47542df53315ab71a80a7addb49109,0.0,0.00013625339337021655,0.0,EVALUABLE,EQUAL_FOLD_FAMILY_LINEAGE_THEN_CASE_MEAN_AS_APPLICABLE,EXPLORATORY_CONSUMED_DIAGNOSTIC_ONLY
SS,viscosity_laplacian_acceleration,LINEAGE,HMSO01R_A|FIELD_LINEAGE|7583af7a3fd0bfbef70db28fd30d8a1112bd000451f8c0ebdcd0eabb3acf22a1,0.0007892126349147535,0.00045141993338845116,1.7482892901754707,EVALUABLE,EQUAL_FOLD_FAMILY_LINEAGE_THEN_CASE_MEAN_AS_APPLICABLE,EXPLORATORY_CONSUMED_DIAGNOSTIC_ONLY
SS,viscosity_laplacian_acceleration,LINEAGE,HMSO01R_A|FIELD_LINEAGE|788bb18808dd1be8d0fa3d7caafb9ed17441fce457a419d2bbaf861831d83a81,1.4377192874457187e-05,0.00016180702059474968,0.0888539497335241,EVALUABLE,EQUAL_FOLD_FAMILY_LINEAGE_THEN_CASE_MEAN_AS_APPLICABLE,EXPLORATORY_CONSUMED_DIAGNOSTIC_ONLY
SS,viscosity_laplacian_acceleration,LINEAGE,HMSO01R_A|FIELD_LINEAGE|7a0ba19f2cf324db5922acc61291c51f82b574717f73f269f12eae7bcc99ab35,0.0,0.00010607373553193027,0.0,EVALUABLE,EQUAL_FOLD_FAMILY_LINEAGE_THEN_CASE_MEAN_AS_APPLICABLE,EXPLORATORY_CONSUMED_DIAGNOSTIC_ONLY
SS,viscosity_laplacian_acceleration,LINEAGE,HMSO01R_A|FIELD_LINEAGE|7a40ff07646995058d8981271562dfa4f2cc77b96f79dba59c7ae90f96586134,0.00040330858681008485,0.00039304773200182384,1.02610587461223,EVALUABLE,EQUAL_FOLD_FAMILY_LINEAGE_THEN_CASE_MEAN_AS_APPLICABLE,EXPLORATORY_CONSUMED_DIAGNOSTIC_ONLY
SS,viscosity_laplacian_acceleration,LINEAGE,HMSO01R_A|FIELD_LINEAGE|7a536ab09e10cdf42c9afdd1f0f02ad4a5141ab50a8f50eb0b247ee08a4c67c0,0.00029508150135233973,0.00012315658734179542,2.3959863432509914,EVALUABLE,EQUAL_FOLD_FAMILY_LINEAGE_THEN_CASE_MEAN_AS_APPLICABLE,EXPLORATORY_CONSUMED_DIAGNOSTIC_ONLY
SS,viscosity_laplacian_acceleration,LINEAGE,HMSO01R_A|FIELD_LINEAGE|7b060c06cca73ad49fc21e32e1688bcbe34e5745a78029b452cbacf697a204be,0.0,0.00013967367316919816,0.0,EVALUABLE,EQUAL_FOLD_FAMILY_LINEAGE_THEN_CASE_MEAN_AS_APPLICABLE,EXPLORATORY_CONSUMED_DIAGNOSTIC_ONLY
SS,viscosity_laplacian_acceleration,LINEAGE,HMSO01R_A|FIELD_LINEAGE|7be8c21ecd7eaebf293b54b94f1920e19f00da5d0e416aaa8f7c69137970c399,0.0005349762622560855,0.0002906542972597972,1.8405929907098695,EVALUABLE,EQUAL_FOLD_FAMILY_LINEAGE_THEN_CASE_MEAN_AS_APPLICABLE,EXPLORATORY_CONSUMED_DIAGNOSTIC_ONLY
SS,viscosity_laplacian_acceleration,LINEAGE,HMSO01R_A|FIELD_LINEAGE|7c009b8ab0dfadca9095462a890aab36eac46b48a3c131f7a908a8d37a21f707,3.54363859588166e-05,7.217776290184053e-05,0.4909598820208512,EVALUABLE,EQUAL_FOLD_FAMILY_LINEAGE_THEN_CASE_MEAN_AS_APPLICABLE,EXPLORATORY_CONSUMED_DIAGNOSTIC_ONLY
SS,viscosity_laplacian_acceleration,LINEAGE,HMSO01R_A|FIELD_LINEAGE|7cb12f064a9c8069fd15f2a86fa0ddd017328ca5cc4b0fc515bbfbdd4c6e6858,0.0003933140293988815,0.00023700801317423243,1.6594967576465163,EVALUABLE,EQUAL_FOLD_FAMILY_LINEAGE_THEN_CASE_MEAN_AS_APPLICABLE,EXPLORATORY_CONSUMED_DIAGNOSTIC_ONLY
SS,viscosity_laplacian_acceleration,LINEAGE,HMSO01R_A|FIELD_LINEAGE|7f5e5896e83ee81bc858adc8fff5befe2b2c76e1183ff21435261a6621560b2c,0.0,0.00010481815637954954,0.0,EVALUABLE,EQUAL_FOLD_FAMILY_LINEAGE_THEN_CASE_MEAN_AS_APPLICABLE,EXPLORATORY_CONSUMED_DIAGNOSTIC_ONLY
SS,viscosity_laplacian_acceleration,LINEAGE,HMSO01R_A|FIELD_LINEAGE|7fcdfe3b32b571e4d4b1a4e7c1702d5dffaf41926d62628c6a434d692409d901,7.319750426372147e-07,9.386088218595951e-05,0.007798510152365791,EVALUABLE,EQUAL_FOLD_FAMILY_LINEAGE_THEN_CASE_MEAN_AS_APPLICABLE,EXPLORATORY_CONSUMED_DIAGNOSTIC_ONLY
SS,viscosity_laplacian_acceleration,LINEAGE,HMSO01R_A|FIELD_LINEAGE|7fd6bba4cc2991027e04cc510555a1b3e651423143c79ecd367c197fbfdf8786,0.00017517746888188785,0.00021015206337562275,0.8335748222884597,EVALUABLE,EQUAL_FOLD_FAMILY_LINEAGE_THEN_CASE_MEAN_AS_APPLICABLE,EXPLORATORY_CONSUMED_DIAGNOSTIC_ONLY
SS,viscosity_laplacian_acceleration,LINEAGE,HMSO01R_A|FIELD_LINEAGE|7fd9257249644666dfcbc65ef0f9aa8090d87f1c93f77579cc137a1fc016a884,0.00021676141199971098,0.00011925805290568315,1.8175830203360748,EVALUABLE,EQUAL_FOLD_FAMILY_LINEAGE_THEN_CASE_MEAN_AS_APPLICABLE,EXPLORATORY_CONSUMED_DIAGNOSTIC_ONLY
SS,viscosity_laplacian_acceleration,LINEAGE,HMSO01R_A|FIELD_LINEAGE|81c7292472bf739bf28836ff17c69dda49199278b75cd9c66130df6be7c143fb,0.0,0.00011972289327378197,0.0,EVALUABLE,EQUAL_FOLD_FAMILY_LINEAGE_THEN_CASE_MEAN_AS_APPLICABLE,EXPLORATORY_CONSUMED_DIAGNOSTIC_ONLY
SS,viscosity_laplacian_acceleration,LINEAGE,HMSO01R_A|FIELD_LINEAGE|8319212c9598ce2f7cd195e20de66435ffdb6ab6aeedf4d663d53cb3966ebc0a,0.0009452889804823682,0.00011211760787690822,8.431226801772144,EVALUABLE,EQUAL_FOLD_FAMILY_LINEAGE_THEN_CASE_MEAN_AS_APPLICABLE,EXPLORATORY_CONSUMED_DIAGNOSTIC_ONLY
SS,viscosity_laplacian_acceleration,LINEAGE,HMSO01R_A|FIELD_LINEAGE|83c68f311cba3e93368aeeec1e81f7eebc2d9d8bfb68a0ba32cbc3fe731f6155,4.226109310117912e-05,0.00020905269649588092,0.2021552164098099,EVALUABLE,EQUAL_FOLD_FAMILY_LINEAGE_THEN_CASE_MEAN_AS_APPLICABLE,EXPLORATORY_CONSUMED_DIAGNOSTIC_ONLY
SS,viscosity_laplacian_acceleration,LINEAGE,HMSO01R_A|FIELD_LINEAGE|8573999ac09da70da8d1802997d1dd1b2879d7ff239af35fb1a185a39cc1f420,0.0002872188615734476,0.00025233624151999994,1.1382386447674933,EVALUABLE,EQUAL_FOLD_FAMILY_LINEAGE_THEN_CASE_MEAN_AS_APPLICABLE,EXPLORATORY_CONSUMED_DIAGNOSTIC_ONLY
SS,viscosity_laplacian_acceleration,LINEAGE,HMSO01R_A|FIELD_LINEAGE|86c895c14384dc9ce73736790948d3516d7de8be96dc834ec48d9a651e6b8e5e,9.680980736198895e-05,0.00014834164813980774,0.6526138045247313,EVALUABLE,EQUAL_FOLD_FAMILY_LINEAGE_THEN_CASE_MEAN_AS_APPLICABLE,EXPLORATORY_CONSUMED_DIAGNOSTIC_ONLY
SS,viscosity_laplacian_acceleration,LINEAGE,HMSO01R_A|FIELD_LINEAGE|86f4c153dee170c8ee8f47b2eb988fa25bcda8c9a7b6fd68a3d7256dc3af0a1f,0.0,0.0001182746201523246,0.0,EVALUABLE,EQUAL_FOLD_FAMILY_LINEAGE_THEN_CASE_MEAN_AS_APPLICABLE,EXPLORATORY_CONSUMED_DIAGNOSTIC_ONLY
SS,viscosity_laplacian_acceleration,LINEAGE,HMSO01R_A|FIELD_LINEAGE|87172e4156e9f066a6ea7ab3304062c939784ea4bd0f5f1cf466bbc2d6008cc6,0.0,0.00013552369756601062,0.0,EVALUABLE,EQUAL_FOLD_FAMILY_LINEAGE_THEN_CASE_MEAN_AS_APPLICABLE,EXPLORATORY_CONSUMED_DIAGNOSTIC_ONLY
SS,viscosity_laplacian_acceleration,LINEAGE,HMSO01R_A|FIELD_LINEAGE|8788043b5775de130eade6a54c5654805d8ed31cc68fcfa8928c3b7150abef48,0.00017723934853925864,0.0006136558368959994,0.2888253282748399,EVALUABLE,EQUAL_FOLD_FAMILY_LINEAGE_THEN_CASE_MEAN_AS_APPLICABLE,EXPLORATORY_CONSUMED_DIAGNOSTIC_ONLY
SS,viscosity_laplacian_acceleration,LINEAGE,HMSO01R_A|FIELD_LINEAGE|88fd5f86ca9cc426c28ce681d06ea15f58c6c7889170fcda146bde128f6121e4,0.0,8.147889220487275e-05,0.0,EVALUABLE,EQUAL_FOLD_FAMILY_LINEAGE_THEN_CASE_MEAN_AS_APPLICABLE,EXPLORATORY_CONSUMED_DIAGNOSTIC_ONLY
SS,viscosity_laplacian_acceleration,LINEAGE,HMSO01R_A|FIELD_LINEAGE|8a6dd2252f8c5f8f08c3ba5ae9cf89d97575348634ba471a1a84e7de612ac6f3,0.0004103894394580249,0.00033900178500301617,1.210581942671404,EVALUABLE,EQUAL_FOLD_FAMILY_LINEAGE_THEN_CASE_MEAN_AS_APPLICABLE,EXPLORATORY_CONSUMED_DIAGNOSTIC_ONLY
SS,viscosity_laplacian_acceleration,LINEAGE,HMSO01R_A|FIELD_LINEAGE|8af782533dccfef4a682f44ff365b7014ae448a56bd62c92877bbd37640adb31,8.282670576677979e-05,0.00012647591012805492,0.6548812788373614,EVALUABLE,EQUAL_FOLD_FAMILY_LINEAGE_THEN_CASE_MEAN_AS_APPLICABLE,EXPLORATORY_CONSUMED_DIAGNOSTIC_ONLY
SS,viscosity_laplacian_acceleration,LINEAGE,HMSO01R_A|FIELD_LINEAGE|8d1e4918227588e163eea87a946c88983d6e03486114766be90d0602757fb4c2,0.00017927320703832624,0.00013154790687691341,1.3627978680502182,EVALUABLE,EQUAL_FOLD_FAMILY_LINEAGE_THEN_CASE_MEAN_AS_APPLICABLE,EXPLORATORY_CONSUMED_DIAGNOSTIC_ONLY
SS,viscosity_laplacian_acceleration,LINEAGE,HMSO01R_A|FIELD_LINEAGE|8e3408f57249bc00fdafb475f758686e9ee7a95dad97ecf63f9b3a27f383de5d,0.000354299630111404,0.0003330121387347834,1.063924070328182,EVALUABLE,EQUAL_FOLD_FAMILY_LINEAGE_THEN_CASE_MEAN_AS_APPLICABLE,EXPLORATORY_CONSUMED_DIAGNOSTIC_ONLY
SS,viscosity_laplacian_acceleration,LINEAGE,HMSO01R_A|FIELD_LINEAGE|8e40e60ae6de8d393e4f96f7c0cdfd3570298138a8d1d44c6db1dc858b71a31e,0.0,0.00012443059928069725,0.0,EVALUABLE,EQUAL_FOLD_FAMILY_LINEAGE_THEN_CASE_MEAN_AS_APPLICABLE,EXPLORATORY_CONSUMED_DIAGNOSTIC_ONLY
SS,viscosity_laplacian_acceleration,LINEAGE,HMSO01R_A|FIELD_LINEAGE|8fbd2d8c6238dbc0e3f8ebbea9ee429eb1cbd0b7ebf5580cffb8e79372f4cf04,0.0,0.00011496481436927142,0.0,EVALUABLE,EQUAL_FOLD_FAMILY_LINEAGE_THEN_CASE_MEAN_AS_APPLICABLE,EXPLORATORY_CONSUMED_DIAGNOSTIC_ONLY
SS,viscosity_laplacian_acceleration,LINEAGE,HMSO01R_A|FIELD_LINEAGE|9035657b1a9729d4b57919992bee8d9ea960c2a587c8d3877d9c920d8fa2a77c,0.0,0.0001129606995458721,0.0,EVALUABLE,EQUAL_FOLD_FAMILY_LINEAGE_THEN_CASE_MEAN_AS_APPLICABLE,EXPLORATORY_CONSUMED_DIAGNOSTIC_ONLY
SS,viscosity_laplacian_acceleration,LINEAGE,HMSO01R_A|FIELD_LINEAGE|9239a350bed02b809dafe66125991e7de2c0c1c20b38f7689dc19527329619d6,6.22059999641595e-06,0.00010891666176447742,0.05711339197915782,EVALUABLE,EQUAL_FOLD_FAMILY_LINEAGE_THEN_CASE_MEAN_AS_APPLICABLE,EXPLORATORY_CONSUMED_DIAGNOSTIC_ONLY
SS,viscosity_laplacian_acceleration,LINEAGE,HMSO01R_A|FIELD_LINEAGE|9415b727187c332c72260d653b657bcbe590635140818a0978bae1e8dcd4568b,0.0,0.000116667519980033,0.0,EVALUABLE,EQUAL_FOLD_FAMILY_LINEAGE_THEN_CASE_MEAN_AS_APPLICABLE,EXPLORATORY_CONSUMED_DIAGNOSTIC_ONLY
SS,viscosity_laplacian_acceleration,LINEAGE,HMSO01R_A|FIELD_LINEAGE|95873981d02cb2a4e333122aa57c7927c33fccc49c0b93590a6b549f6bec57f1,0.0,0.00012128959330898768,0.0,EVALUABLE,EQUAL_FOLD_FAMILY_LINEAGE_THEN_CASE_MEAN_AS_APPLICABLE,EXPLORATORY_CONSUMED_DIAGNOSTIC_ONLY
SS,viscosity_laplacian_acceleration,LINEAGE,HMSO01R_A|FIELD_LINEAGE|970bbd18dffee12c05308155c993436bfc58e77384e4967420f4e2e03156c88b,0.0,0.00011369837451619758,0.0,EVALUABLE,EQUAL_FOLD_FAMILY_LINEAGE_THEN_CASE_MEAN_AS_APPLICABLE,EXPLORATORY_CONSUMED_DIAGNOSTIC_ONLY
SS,viscosity_laplacian_acceleration,LINEAGE,HMSO01R_A|FIELD_LINEAGE|97c8122849aa3cb13b599389c011f78352d49decd5677988d0a2a6da7c39f700,2.715933727890798e-08,0.00010503549182991882,0.0002585729528727906,EVALUABLE,EQUAL_FOLD_FAMILY_LINEAGE_THEN_CASE_MEAN_AS_APPLICABLE,EXPLORATORY_CONSUMED_DIAGNOSTIC_ONLY
SS,viscosity_laplacian_acceleration,LINEAGE,HMSO01R_A|FIELD_LINEAGE|97fbdfbd64658c72d9a31f61eea2acf4543cf9ba5532a2ed052d1358412ef553,1.0055558970459225e-06,0.00010384975519787091,0.009682795064176887,EVALUABLE,EQUAL_FOLD_FAMILY_LINEAGE_THEN_CASE_MEAN_AS_APPLICABLE,EXPLORATORY_CONSUMED_DIAGNOSTIC_ONLY
SS,viscosity_laplacian_acceleration,LINEAGE,HMSO01R_A|FIELD_LINEAGE|98ef721075a1ebd7c92edcbcf7747aac6c3d77c4f9c29f15e5d83577ad6d7f6b,0.00015267838013757046,0.00030285302972356444,0.5041335735585373,EVALUABLE,EQUAL_FOLD_FAMILY_LINEAGE_THEN_CASE_MEAN_AS_APPLICABLE,EXPLORATORY_CONSUMED_DIAGNOSTIC_ONLY
SS,viscosity_laplacian_acceleration,LINEAGE,HMSO01R_A|FIELD_LINEAGE|99c13161db8958c19a30a96b96a6940cece539d1c84e808e21dfa37710ec6894,5.958834659780517e-05,9.354698292342978e-05,0.6369884387033573,EVALUABLE,EQUAL_FOLD_FAMILY_LINEAGE_THEN_CASE_MEAN_AS_APPLICABLE,EXPLORATORY_CONSUMED_DIAGNOSTIC_ONLY
SS,viscosity_laplacian_acceleration,LINEAGE,HMSO01R_A|FIELD_LINEAGE|9a24c02f87d28fecb69b79ddff22c8eb176badf445e6b5b8234aa2a46b73c349,4.328758200665524e-05,0.00015763902119844152,0.2745994086842452,EVALUABLE,EQUAL_FOLD_FAMILY_LINEAGE_THEN_CASE_MEAN_AS_APPLICABLE,EXPLORATORY_CONSUMED_DIAGNOSTIC_ONLY
SS,viscosity_laplacian_acceleration,LINEAGE,HMSO01R_A|FIELD_LINEAGE|9aaa52aa8afb4f9adfe0d0e7ddb5e3e8101852fdd6ef0a635cf3875b473d16a7,4.8933405528846113e-05,0.00015621119800667324,0.313251586014696,EVALUABLE,EQUAL_FOLD_FAMILY_LINEAGE_THEN_CASE_MEAN_AS_APPLICABLE,EXPLORATORY_CONSUMED_DIAGNOSTIC_ONLY
SS,viscosity_laplacian_acceleration,LINEAGE,HMSO01R_A|FIELD_LINEAGE|9c004dbe18905f4181f1a701e81649fc67e98b969674994e8f64827f6fb4c765,0.00012075026786522118,0.00013123648961935934,0.9200967521719563,EVALUABLE,EQUAL_FOLD_FAMILY_LINEAGE_THEN_CASE_MEAN_AS_APPLICABLE,EXPLORATORY_CONSUMED_DIAGNOSTIC_ONLY
SS,viscosity_laplacian_acceleration,LINEAGE,HMSO01R_A|FIELD_LINEAGE|9c5f7b50a01e8dafcf4be2d7df61fd0da86b2229fe32286852ed3ad88cce82f1,0.00022292876816325314,0.00018199969080185177,1.2248854225030636,EVALUABLE,EQUAL_FOLD_FAMILY_LINEAGE_THEN_CASE_MEAN_AS_APPLICABLE,EXPLORATORY_CONSUMED_DIAGNOSTIC_ONLY
SS,viscosity_laplacian_acceleration,LINEAGE,HMSO01R_A|FIELD_LINEAGE|9f471cc2328d66ccf0ca43f62bf5e261a867f85eeac6edc5a472072ca388bff6,0.0,9.841937811730782e-05,0.0,EVALUABLE,EQUAL_FOLD_FAMILY_LINEAGE_THEN_CASE_MEAN_AS_APPLICABLE,EXPLORATORY_CONSUMED_DIAGNOSTIC_ONLY
SS,viscosity_laplacian_acceleration,LINEAGE,HMSO01R_A|FIELD_LINEAGE|9ff02fac76e3803bb8391cba4035dfa7a72d5220975092d818302f10f07c08e9,0.0,9.148606014067962e-05,0.0,EVALUABLE,EQUAL_FOLD_FAMILY_LINEAGE_THEN_CASE_MEAN_AS_APPLICABLE,EXPLORATORY_CONSUMED_DIAGNOSTIC_ONLY
SS,viscosity_laplacian_acceleration,LINEAGE,HMSO01R_A|FIELD_LINEAGE|a1c0a919ad122615714cbb9f6b50981061d4f68fe06b618c4cd2688f52f12391,0.0,0.00010042573305458897,0.0,EVALUABLE,EQUAL_FOLD_FAMILY_LINEAGE_THEN_CASE_MEAN_AS_APPLICABLE,EXPLORATORY_CONSUMED_DIAGNOSTIC_ONLY
SS,viscosity_laplacian_acceleration,LINEAGE,HMSO01R_A|FIELD_LINEAGE|a2187a6938903010b61ee85d06f597d4029728ee0de5541c03daf2ed126b189e,0.0,0.00011552106187372516,0.0,EVALUABLE,EQUAL_FOLD_FAMILY_LINEAGE_THEN_CASE_MEAN_AS_APPLICABLE,EXPLORATORY_CONSUMED_DIAGNOSTIC_ONLY
SS,viscosity_laplacian_acceleration,LINEAGE,HMSO01R_A|FIELD_LINEAGE|a2bcc80ca3b9ebb8f54401e7b09de472e9adbce971c85048bd40ce15be44ea6a,0.0007602735451673789,0.0005834402489658888,1.3030872424638444,EVALUABLE,EQUAL_FOLD_FAMILY_LINEAGE_THEN_CASE_MEAN_AS_APPLICABLE,EXPLORATORY_CONSUMED_DIAGNOSTIC_ONLY
SS,viscosity_laplacian_acceleration,LINEAGE,HMSO01R_A|FIELD_LINEAGE|a3f750d8c1551c6ecf78f876fab114a3481105b16656dddc657ee8cfb50fd48b,7.143904937709846e-06,0.00010599230857723775,0.06740022020092151,EVALUABLE,EQUAL_FOLD_FAMILY_LINEAGE_THEN_CASE_MEAN_AS_APPLICABLE,EXPLORATORY_CONSUMED_DIAGNOSTIC_ONLY
SS,viscosity_laplacian_acceleration,LINEAGE,HMSO01R_A|FIELD_LINEAGE|a594f1a43c118c7761d223f6f34e42847c31c67fc6b06838b968dcc65b6c3356,3.176738945948057e-05,0.00024151030985436657,0.13153636993235057,EVALUABLE,EQUAL_FOLD_FAMILY_LINEAGE_THEN_CASE_MEAN_AS_APPLICABLE,EXPLORATORY_CONSUMED_DIAGNOSTIC_ONLY
SS,viscosity_laplacian_acceleration,LINEAGE,HMSO01R_A|FIELD_LINEAGE|a7458b96c9ce1c60bf3ea9d352424b7dd251e22480db263be2c5716c65dc6939,0.0,0.00012478038034093543,0.0,EVALUABLE,EQUAL_FOLD_FAMILY_LINEAGE_THEN_CASE_MEAN_AS_APPLICABLE,EXPLORATORY_CONSUMED_DIAGNOSTIC_ONLY
SS,viscosity_laplacian_acceleration,LINEAGE,HMSO01R_A|FIELD_LINEAGE|a97cf87a717a68b745e28078c021ba65c881711a1cd171188bc4affd3a1b5795,0.0,7.055021166301325e-05,0.0,EVALUABLE,EQUAL_FOLD_FAMILY_LINEAGE_THEN_CASE_MEAN_AS_APPLICABLE,EXPLORATORY_CONSUMED_DIAGNOSTIC_ONLY
SS,viscosity_laplacian_acceleration,LINEAGE,HMSO01R_A|FIELD_LINEAGE|ad302a05132d9f111349ae57a7badd9ffd336cce6f517d6dda76a6f130659828,0.0,0.00014416578427413625,0.0,EVALUABLE,EQUAL_FOLD_FAMILY_LINEAGE_THEN_CASE_MEAN_AS_APPLICABLE,EXPLORATORY_CONSUMED_DIAGNOSTIC_ONLY
SS,viscosity_laplacian_acceleration,LINEAGE,HMSO01R_A|FIELD_LINEAGE|adcf8aaea780832e88b7b6b779fb3ef2ecab338dd7379ac8654e7aabdcee4b4f,0.0,7.934366429247013e-05,0.0,EVALUABLE,EQUAL_FOLD_FAMILY_LINEAGE_THEN_CASE_MEAN_AS_APPLICABLE,EXPLORATORY_CONSUMED_DIAGNOSTIC_ONLY
SS,viscosity_laplacian_acceleration,LINEAGE,HMSO01R_A|FIELD_LINEAGE|b0c6a47a41827791b3e03b32c3cfc7642f7c46055e5fbdc618a902dd60890cc0,2.2807117248584848e-05,0.00012305379210012356,0.18534266079364448,EVALUABLE,EQUAL_FOLD_FAMILY_LINEAGE_THEN_CASE_MEAN_AS_APPLICABLE,EXPLORATORY_CONSUMED_DIAGNOSTIC_ONLY
SS,viscosity_laplacian_acceleration,LINEAGE,HMSO01R_A|FIELD_LINEAGE|b1b50b97bc0f473e266ef9eb8a1e2e2edee23dadabeb0645af363d822d4db947,1.4292585144723353e-06,0.0001035004169152971,0.01380920538360744,EVALUABLE,EQUAL_FOLD_FAMILY_LINEAGE_THEN_CASE_MEAN_AS_APPLICABLE,EXPLORATORY_CONSUMED_DIAGNOSTIC_ONLY
SS,viscosity_laplacian_acceleration,LINEAGE,HMSO01R_A|FIELD_LINEAGE|b1c696b82fff7183ba4fc0ae8ce4363fcd56ada1cc6ffa171713dda9524816e8,0.0006845978784472092,0.0006452234445386083,1.0610244935175241,EVALUABLE,EQUAL_FOLD_FAMILY_LINEAGE_THEN_CASE_MEAN_AS_APPLICABLE,EXPLORATORY_CONSUMED_DIAGNOSTIC_ONLY
SS,viscosity_laplacian_acceleration,LINEAGE,HMSO01R_A|FIELD_LINEAGE|b2211d9018dde472457c7d9570d8b744ae480cbc84526fced16d30cb565fdb61,0.0,0.00012088505420945885,0.0,EVALUABLE,EQUAL_FOLD_FAMILY_LINEAGE_THEN_CASE_MEAN_AS_APPLICABLE,EXPLORATORY_CONSUMED_DIAGNOSTIC_ONLY
SS,viscosity_laplacian_acceleration,LINEAGE,HMSO01R_A|FIELD_LINEAGE|b31d5c3484f2394d06a11f5ae52600d61d7c303637147b70dbb1edd7e25e93c9,0.0,0.00015112164449481818,0.0,EVALUABLE,EQUAL_FOLD_FAMILY_LINEAGE_THEN_CASE_MEAN_AS_APPLICABLE,EXPLORATORY_CONSUMED_DIAGNOSTIC_ONLY
SS,viscosity_laplacian_acceleration,LINEAGE,HMSO01R_A|FIELD_LINEAGE|b40ef25bd445f58063f7eecbd118e28fcd5b9c8ea0b1803b18c885057e29107f,0.00012254025216789797,0.0001097344208259321,1.1166984000606275,EVALUABLE,EQUAL_FOLD_FAMILY_LINEAGE_THEN_CASE_MEAN_AS_APPLICABLE,EXPLORATORY_CONSUMED_DIAGNOSTIC_ONLY
SS,viscosity_laplacian_acceleration,LINEAGE,HMSO01R_A|FIELD_LINEAGE|b49a6f081c09f4e4bff79a7f0fc0a282131ed3252c520eb6637fbf7ad615c6bd,0.00022159667693569116,0.0001754083174581188,1.2633190953935265,EVALUABLE,EQUAL_FOLD_FAMILY_LINEAGE_THEN_CASE_MEAN_AS_APPLICABLE,EXPLORATORY_CONSUMED_DIAGNOSTIC_ONLY
SS,viscosity_laplacian_acceleration,LINEAGE,HMSO01R_A|FIELD_LINEAGE|b7c6344fafcff3e1128b30252e587c19386316434538ac595af9870864bff2e9,1.1735721983851155e-08,6.82044420020652e-05,0.0001720668278980393,EVALUABLE,EQUAL_FOLD_FAMILY_LINEAGE_THEN_CASE_MEAN_AS_APPLICABLE,EXPLORATORY_CONSUMED_DIAGNOSTIC_ONLY
SS,viscosity_laplacian_acceleration,LINEAGE,HMSO01R_A|FIELD_LINEAGE|b914e9e8b47652c007a545bd9a5f60dbdaba2b957df3f42cdec4c8edb98e6d53,0.0,0.00013219236300104716,0.0,EVALUABLE,EQUAL_FOLD_FAMILY_LINEAGE_THEN_CASE_MEAN_AS_APPLICABLE,EXPLORATORY_CONSUMED_DIAGNOSTIC_ONLY
SS,viscosity_laplacian_acceleration,LINEAGE,HMSO01R_A|FIELD_LINEAGE|bb92dd92e9632ccd3901d1e2e79aab63ab0910a576b08c41f27a140edcf99b56,0.0,0.0001512768210383907,0.0,EVALUABLE,EQUAL_FOLD_FAMILY_LINEAGE_THEN_CASE_MEAN_AS_APPLICABLE,EXPLORATORY_CONSUMED_DIAGNOSTIC_ONLY
SS,viscosity_laplacian_acceleration,LINEAGE,HMSO01R_A|FIELD_LINEAGE|bd0a319ae5e310c35bfeaafdbd8220147f595c77c4d665773530796c1f3b9b59,1.8567216839544245e-05,0.00012941098363612779,0.1434748142534079,EVALUABLE,EQUAL_FOLD_FAMILY_LINEAGE_THEN_CASE_MEAN_AS_APPLICABLE,EXPLORATORY_CONSUMED_DIAGNOSTIC_ONLY
SS,viscosity_laplacian_acceleration,LINEAGE,HMSO01R_A|FIELD_LINEAGE|be9a8927a3f7361841f3e523395e00d4ebcd734040aebfe38006ae7fda2437fd,0.0,8.849234303639991e-05,0.0,EVALUABLE,EQUAL_FOLD_FAMILY_LINEAGE_THEN_CASE_MEAN_AS_APPLICABLE,EXPLORATORY_CONSUMED_DIAGNOSTIC_ONLY
SS,viscosity_laplacian_acceleration,LINEAGE,HMSO01R_A|FIELD_LINEAGE|bf32023450080971c5fdfb56d7a260838d7b8e02917a4118c4ed0b4a49c6c14a,5.749201709351977e-05,0.0001575267393905475,0.36496671813274145,EVALUABLE,EQUAL_FOLD_FAMILY_LINEAGE_THEN_CASE_MEAN_AS_APPLICABLE,EXPLORATORY_CONSUMED_DIAGNOSTIC_ONLY
SS,viscosity_laplacian_acceleration,LINEAGE,HMSO01R_A|FIELD_LINEAGE|c26b5ad7fee192c3863a9362bb1782ac10409a155024388ef9dea9120f9c3662,9.737610102625909e-05,7.800906650703666e-05,1.2482664565339399,EVALUABLE,EQUAL_FOLD_FAMILY_LINEAGE_THEN_CASE_MEAN_AS_APPLICABLE,EXPLORATORY_CONSUMED_DIAGNOSTIC_ONLY
SS,viscosity_laplacian_acceleration,LINEAGE,HMSO01R_A|FIELD_LINEAGE|c2759d4a0108475d88af3dd58a918080f77e42a77ac5a686ce9a650a1d522183,0.00033862504003829533,0.0009575019427375056,0.35365467674160916,EVALUABLE,EQUAL_FOLD_FAMILY_LINEAGE_THEN_CASE_MEAN_AS_APPLICABLE,EXPLORATORY_CONSUMED_DIAGNOSTIC_ONLY
SS,viscosity_laplacian_acceleration,LINEAGE,HMSO01R_A|FIELD_LINEAGE|c34a55057cd1e579919fb09acb5db221d75ae96164f74060b78863318f65371c,0.000239294445126321,0.0003981133565835029,0.6010711300416514,EVALUABLE,EQUAL_FOLD_FAMILY_LINEAGE_THEN_CASE_MEAN_AS_APPLICABLE,EXPLORATORY_CONSUMED_DIAGNOSTIC_ONLY
SS,viscosity_laplacian_acceleration,LINEAGE,HMSO01R_A|FIELD_LINEAGE|c3a574c6618599692f4195c9d1a59189286c1fc26ae852d26723565b0428d983,0.0,8.23332989992918e-05,0.0,EVALUABLE,EQUAL_FOLD_FAMILY_LINEAGE_THEN_CASE_MEAN_AS_APPLICABLE,EXPLORATORY_CONSUMED_DIAGNOSTIC_ONLY
SS,viscosity_laplacian_acceleration,LINEAGE,HMSO01R_A|FIELD_LINEAGE|c54c1448df9c13b6658cb41b2c187b93be0f6db94293a7911953a6e90d602764,0.0007598655897019371,0.0009612399887395152,0.7905055954843883,EVALUABLE,EQUAL_FOLD_FAMILY_LINEAGE_THEN_CASE_MEAN_AS_APPLICABLE,EXPLORATORY_CONSUMED_DIAGNOSTIC_ONLY
SS,viscosity_laplacian_acceleration,LINEAGE,HMSO01R_A|FIELD_LINEAGE|c7100ae9429166735b2d4f6243a22cf5abc14cffba49fce96d94ed19a12387d6,0.0,0.00012038837098300973,0.0,EVALUABLE,EQUAL_FOLD_FAMILY_LINEAGE_THEN_CASE_MEAN_AS_APPLICABLE,EXPLORATORY_CONSUMED_DIAGNOSTIC_ONLY
SS,viscosity_laplacian_acceleration,LINEAGE,HMSO01R_A|FIELD_LINEAGE|c7498c8903eedb4eb72abeb74a8624f4f311768cc705b42f488a9e810b4c3aec,5.671572251895003e-06,0.00013513381837689623,0.041970043620588385,EVALUABLE,EQUAL_FOLD_FAMILY_LINEAGE_THEN_CASE_MEAN_AS_APPLICABLE,EXPLORATORY_CONSUMED_DIAGNOSTIC_ONLY
SS,viscosity_laplacian_acceleration,LINEAGE,HMSO01R_A|FIELD_LINEAGE|c9a10c50914a082104b6f42f933e2e8b35494d6ac1b464fc981b740edc26e9a6,6.145164531815913e-05,0.00011811528805676459,0.5202683439981648,EVALUABLE,EQUAL_FOLD_FAMILY_LINEAGE_THEN_CASE_MEAN_AS_APPLICABLE,EXPLORATORY_CONSUMED_DIAGNOSTIC_ONLY
SS,viscosity_laplacian_acceleration,LINEAGE,HMSO01R_A|FIELD_LINEAGE|ca0f07a3c0d5df7705d15288eb48ecdf2c50af57aa3e1ab370127581f048c929,6.142428009622248e-08,0.00013227903613806906,0.0004643538529575434,EVALUABLE,EQUAL_FOLD_FAMILY_LINEAGE_THEN_CASE_MEAN_AS_APPLICABLE,EXPLORATORY_CONSUMED_DIAGNOSTIC_ONLY
SS,viscosity_laplacian_acceleration,LINEAGE,HMSO01R_A|FIELD_LINEAGE|cb947f8167c6ce3da1c26b48289f11fe77c609125572b2e2f489d9b4dbf77d91,0.00015952319202921649,0.00012653945430071256,1.260659712109397,EVALUABLE,EQUAL_FOLD_FAMILY_LINEAGE_THEN_CASE_MEAN_AS_APPLICABLE,EXPLORATORY_CONSUMED_DIAGNOSTIC_ONLY
SS,viscosity_laplacian_acceleration,LINEAGE,HMSO01R_A|FIELD_LINEAGE|cd1482e6386aeab5f67532ea00a4d133dd0798283239fa2bc60b1a36d8fd8390,0.0,0.0001042276726389035,0.0,EVALUABLE,EQUAL_FOLD_FAMILY_LINEAGE_THEN_CASE_MEAN_AS_APPLICABLE,EXPLORATORY_CONSUMED_DIAGNOSTIC_ONLY
SS,viscosity_laplacian_acceleration,LINEAGE,HMSO01R_A|FIELD_LINEAGE|d1321924d243ef663d38f2119b3da3e0b77ff9249352efe1c25dfa4971fbd453,0.0,9.951971371556438e-05,0.0,EVALUABLE,EQUAL_FOLD_FAMILY_LINEAGE_THEN_CASE_MEAN_AS_APPLICABLE,EXPLORATORY_CONSUMED_DIAGNOSTIC_ONLY
SS,viscosity_laplacian_acceleration,LINEAGE,HMSO01R_A|FIELD_LINEAGE|d2f9d8c8f5f3c69790790651faeb1c1f59b6b387e4ede38adea5936b94855ff9,8.597287327496095e-05,0.00029108969270744524,0.2953483940819798,EVALUABLE,EQUAL_FOLD_FAMILY_LINEAGE_THEN_CASE_MEAN_AS_APPLICABLE,EXPLORATORY_CONSUMED_DIAGNOSTIC_ONLY
SS,viscosity_laplacian_acceleration,LINEAGE,HMSO01R_A|FIELD_LINEAGE|d3329a31885ae9100b3a5071d3f6de7c5b314524ba319156e3df439e55667dd5,0.0,0.00013383732659806672,0.0,EVALUABLE,EQUAL_FOLD_FAMILY_LINEAGE_THEN_CASE_MEAN_AS_APPLICABLE,EXPLORATORY_CONSUMED_DIAGNOSTIC_ONLY
SS,viscosity_laplacian_acceleration,LINEAGE,HMSO01R_A|FIELD_LINEAGE|d65de8a657545ef8339cfa29e05ce27d63f8ec5e02ee50514a615a33f5595da9,1.3763194412349572e-07,0.00011767952800343577,0.0011695487435969102,EVALUABLE,EQUAL_FOLD_FAMILY_LINEAGE_THEN_CASE_MEAN_AS_APPLICABLE,EXPLORATORY_CONSUMED_DIAGNOSTIC_ONLY
SS,viscosity_laplacian_acceleration,LINEAGE,HMSO01R_A|FIELD_LINEAGE|d6ecf8cd80acb9db6acee967c0d1a3a8ca941d75fcf9e621c7ea05d79a191767,0.00011187727966700674,0.00011579130157858334,0.9661976171075312,EVALUABLE,EQUAL_FOLD_FAMILY_LINEAGE_THEN_CASE_MEAN_AS_APPLICABLE,EXPLORATORY_CONSUMED_DIAGNOSTIC_ONLY
SS,viscosity_laplacian_acceleration,LINEAGE,HMSO01R_A|FIELD_LINEAGE|d7d10f9b5293a22777f94b958cdb7280c40216c21a2b9b4a49451c1385cf26d9,0.0002603255839144041,0.00031916364761035794,0.815649231557271,EVALUABLE,EQUAL_FOLD_FAMILY_LINEAGE_THEN_CASE_MEAN_AS_APPLICABLE,EXPLORATORY_CONSUMED_DIAGNOSTIC_ONLY
SS,viscosity_laplacian_acceleration,LINEAGE,HMSO01R_A|FIELD_LINEAGE|d8cd77f2aea85a93297ba4755747ee15653349aca322bca77ce1738389444994,1.2402263795399042e-06,0.00010063361555386378,0.012324175900011041,EVALUABLE,EQUAL_FOLD_FAMILY_LINEAGE_THEN_CASE_MEAN_AS_APPLICABLE,EXPLORATORY_CONSUMED_DIAGNOSTIC_ONLY
SS,viscosity_laplacian_acceleration,LINEAGE,HMSO01R_A|FIELD_LINEAGE|d9b0e4ca0c6e9f306f81bad07b5f31753c1237e04a6a51d708212ab05edea52f,0.00026312344813335343,0.00034378992258901777,0.7653611430836013,EVALUABLE,EQUAL_FOLD_FAMILY_LINEAGE_THEN_CASE_MEAN_AS_APPLICABLE,EXPLORATORY_CONSUMED_DIAGNOSTIC_ONLY
SS,viscosity_laplacian_acceleration,LINEAGE,HMSO01R_A|FIELD_LINEAGE|dca2b57202d33de06ea638a8ecbab23d1b960b5ed15b6841dcbc75b212cc8712,9.63832572129703e-05,0.00010716252702390844,0.8994119482780278,EVALUABLE,EQUAL_FOLD_FAMILY_LINEAGE_THEN_CASE_MEAN_AS_APPLICABLE,EXPLORATORY_CONSUMED_DIAGNOSTIC_ONLY
SS,viscosity_laplacian_acceleration,LINEAGE,HMSO01R_A|FIELD_LINEAGE|e0695af14e7ff6ed68d0eaa0320bde868bdf2eddcd09aade2748baa3ab9013d9,0.00016978231424768565,0.0002465635545401786,0.6885945271364868,EVALUABLE,EQUAL_FOLD_FAMILY_LINEAGE_THEN_CASE_MEAN_AS_APPLICABLE,EXPLORATORY_CONSUMED_DIAGNOSTIC_ONLY
SS,viscosity_laplacian_acceleration,LINEAGE,HMSO01R_A|FIELD_LINEAGE|e1662caa4f55fa1e467b750db9be81d3672b988a828412586110c172a4b65cc4,0.00017122805796279366,0.0003354335575923965,0.510467882795621,EVALUABLE,EQUAL_FOLD_FAMILY_LINEAGE_THEN_CASE_MEAN_AS_APPLICABLE,EXPLORATORY_CONSUMED_DIAGNOSTIC_ONLY
SS,viscosity_laplacian_acceleration,LINEAGE,HMSO01R_A|FIELD_LINEAGE|e1bd95fcd7aed1a8bde13393ae7d4a98eff10f4a52c1bdfb2e54f1dd690c54dd,0.00010345096422532992,0.00013583310654734248,0.7616034621815391,EVALUABLE,EQUAL_FOLD_FAMILY_LINEAGE_THEN_CASE_MEAN_AS_APPLICABLE,EXPLORATORY_CONSUMED_DIAGNOSTIC_ONLY
SS,viscosity_laplacian_acceleration,LINEAGE,HMSO01R_A|FIELD_LINEAGE|e25db364da9db9cdb46c3073fa0aa473b93b0eed9df5062f9696d75bd2f90442,0.0,0.00011729599473104768,0.0,EVALUABLE,EQUAL_FOLD_FAMILY_LINEAGE_THEN_CASE_MEAN_AS_APPLICABLE,EXPLORATORY_CONSUMED_DIAGNOSTIC_ONLY
SS,viscosity_laplacian_acceleration,LINEAGE,HMSO01R_A|FIELD_LINEAGE|e269817bd0e21e72d0864769c51ef7f6839102d6f41f035fbbff5041e46bd0d4,0.00048387125569442926,0.00030269317219816684,1.5985535854031387,EVALUABLE,EQUAL_FOLD_FAMILY_LINEAGE_THEN_CASE_MEAN_AS_APPLICABLE,EXPLORATORY_CONSUMED_DIAGNOSTIC_ONLY
SS,viscosity_laplacian_acceleration,LINEAGE,HMSO01R_A|FIELD_LINEAGE|e2940f5e79800b14b8eefcdb52a6c4eb9c2bcacb794aadbf19ab173720ccdfc9,0.0,6.777291402071979e-05,0.0,EVALUABLE,EQUAL_FOLD_FAMILY_LINEAGE_THEN_CASE_MEAN_AS_APPLICABLE,EXPLORATORY_CONSUMED_DIAGNOSTIC_ONLY
SS,viscosity_laplacian_acceleration,LINEAGE,HMSO01R_A|FIELD_LINEAGE|e2fdf0ecb37222ddf2c343b2a9785bb080b33fb721f4d3381403db08d53276de,0.0009617956788635912,0.0004890968667573489,1.9664727873645487,EVALUABLE,EQUAL_FOLD_FAMILY_LINEAGE_THEN_CASE_MEAN_AS_APPLICABLE,EXPLORATORY_CONSUMED_DIAGNOSTIC_ONLY
SS,viscosity_laplacian_acceleration,LINEAGE,HMSO01R_A|FIELD_LINEAGE|e39068083f41a31c97e7737f6138e1986484dea8bfe32d65a52cd58aaa1ec7e8,6.550827721914194e-05,0.0001863814325357398,0.35147426612133326,EVALUABLE,EQUAL_FOLD_FAMILY_LINEAGE_THEN_CASE_MEAN_AS_APPLICABLE,EXPLORATORY_CONSUMED_DIAGNOSTIC_ONLY
SS,viscosity_laplacian_acceleration,LINEAGE,HMSO01R_A|FIELD_LINEAGE|e46b2d3dad1b8a5413f52396bbef71167f252a4ba61297ea3e2b46c37456ba4c,2.8859777849767805e-06,0.000150758568468312,0.01914304317358509,EVALUABLE,EQUAL_FOLD_FAMILY_LINEAGE_THEN_CASE_MEAN_AS_APPLICABLE,EXPLORATORY_CONSUMED_DIAGNOSTIC_ONLY
SS,viscosity_laplacian_acceleration,LINEAGE,HMSO01R_A|FIELD_LINEAGE|e4c235f067a50e9e5304ee0e7ad701299187cd559ceebd74674d932464340e77,3.7086923056363383e-05,0.00013221315552268994,0.2805085689827489,EVALUABLE,EQUAL_FOLD_FAMILY_LINEAGE_THEN_CASE_MEAN_AS_APPLICABLE,EXPLORATORY_CONSUMED_DIAGNOSTIC_ONLY
SS,viscosity_laplacian_acceleration,LINEAGE,HMSO01R_A|FIELD_LINEAGE|e5cd23001367dee0fe50b87c4f9c5ae9d8e66eeb6cef2467ff3f6da8c0fcdc16,6.190661401041153e-05,0.00010873260628149138,0.5693472834647703,EVALUABLE,EQUAL_FOLD_FAMILY_LINEAGE_THEN_CASE_MEAN_AS_APPLICABLE,EXPLORATORY_CONSUMED_DIAGNOSTIC_ONLY
SS,viscosity_laplacian_acceleration,LINEAGE,HMSO01R_A|FIELD_LINEAGE|e5fd0d86ce4eda7b6deef112c4230d6cc2c904c7a1cbb32b883405f7907c5018,1.9958865714721868e-13,8.538830749201448e-05,2.3374237411355673e-09,EVALUABLE,EQUAL_FOLD_FAMILY_LINEAGE_THEN_CASE_MEAN_AS_APPLICABLE,EXPLORATORY_CONSUMED_DIAGNOSTIC_ONLY
SS,viscosity_laplacian_acceleration,LINEAGE,HMSO01R_A|FIELD_LINEAGE|e6f79f1197cd7f6ad00ce2f5ddcac136ad9a2faa5584e9f390794bfb6ee07ac6,0.0002130036494796383,0.0021772129301273506,0.09783317310502064,EVALUABLE,EQUAL_FOLD_FAMILY_LINEAGE_THEN_CASE_MEAN_AS_APPLICABLE,EXPLORATORY_CONSUMED_DIAGNOSTIC_ONLY
SS,viscosity_laplacian_acceleration,LINEAGE,HMSO01R_A|FIELD_LINEAGE|e82aee0755c70810ee3fbd630ec4d3fa698e473225b4aa505b26af8a458a6400,0.00026649077377381605,0.00012998705936250328,2.050133106178178,EVALUABLE,EQUAL_FOLD_FAMILY_LINEAGE_THEN_CASE_MEAN_AS_APPLICABLE,EXPLORATORY_CONSUMED_DIAGNOSTIC_ONLY
SS,viscosity_laplacian_acceleration,LINEAGE,HMSO01R_A|FIELD_LINEAGE|e853753ed3befc6151b8f2c4e9e3797938a7689193c2157695f0b61b8e60abc8,0.0,8.210877228081583e-05,0.0,EVALUABLE,EQUAL_FOLD_FAMILY_LINEAGE_THEN_CASE_MEAN_AS_APPLICABLE,EXPLORATORY_CONSUMED_DIAGNOSTIC_ONLY
SS,viscosity_laplacian_acceleration,LINEAGE,HMSO01R_A|FIELD_LINEAGE|e99701698ca3eda87704f5f32294f901f56116d9da609afcb18418d4c8a62bf2,0.00010968922528316712,0.00015427071582070604,0.7110178020477219,EVALUABLE,EQUAL_FOLD_FAMILY_LINEAGE_THEN_CASE_MEAN_AS_APPLICABLE,EXPLORATORY_CONSUMED_DIAGNOSTIC_ONLY
SS,viscosity_laplacian_acceleration,LINEAGE,HMSO01R_A|FIELD_LINEAGE|e9dc12a25958465c187afbd7ef920bc04ba98d4b232046e156979d215bd85146,0.0,0.00013326895583163498,0.0,EVALUABLE,EQUAL_FOLD_FAMILY_LINEAGE_THEN_CASE_MEAN_AS_APPLICABLE,EXPLORATORY_CONSUMED_DIAGNOSTIC_ONLY
SS,viscosity_laplacian_acceleration,LINEAGE,HMSO01R_A|FIELD_LINEAGE|ea7a0f305184b5efcd1c245ec8837c3d5e92744042b12d412ef90758785acc95,0.00024717028467147477,0.0003940311167077335,0.627286207080974,EVALUABLE,EQUAL_FOLD_FAMILY_LINEAGE_THEN_CASE_MEAN_AS_APPLICABLE,EXPLORATORY_CONSUMED_DIAGNOSTIC_ONLY
SS,viscosity_laplacian_acceleration,LINEAGE,HMSO01R_A|FIELD_LINEAGE|eadb4166638494d642712d8eabac62f88ed028f779148966c13d2efd6405fa1d,1.629941904893166e-07,0.00011408822916994925,0.0014286678974262592,EVALUABLE,EQUAL_FOLD_FAMILY_LINEAGE_THEN_CASE_MEAN_AS_APPLICABLE,EXPLORATORY_CONSUMED_DIAGNOSTIC_ONLY
SS,viscosity_laplacian_acceleration,LINEAGE,HMSO01R_A|FIELD_LINEAGE|ebfb44058badbf85a36d8671e914d20620f9253b30eeec0e96b5e0c20dc8e16c,0.0,0.00013189056451093153,0.0,EVALUABLE,EQUAL_FOLD_FAMILY_LINEAGE_THEN_CASE_MEAN_AS_APPLICABLE,EXPLORATORY_CONSUMED_DIAGNOSTIC_ONLY
SS,viscosity_laplacian_acceleration,LINEAGE,HMSO01R_A|FIELD_LINEAGE|eee5df81575181b025958cda057ac7cb0483be4404d018db7bb2c06a63c25462,0.00022058323531846973,0.0002201078033316075,1.0021599960549603,EVALUABLE,EQUAL_FOLD_FAMILY_LINEAGE_THEN_CASE_MEAN_AS_APPLICABLE,EXPLORATORY_CONSUMED_DIAGNOSTIC_ONLY
SS,viscosity_laplacian_acceleration,LINEAGE,HMSO01R_A|FIELD_LINEAGE|f01618f1ef2fe7c85085b02f71644f843db176708a8abb6e4e05116a594e9ae3,2.313733889607912e-06,0.00014040070561384166,0.016479503286625993,EVALUABLE,EQUAL_FOLD_FAMILY_LINEAGE_THEN_CASE_MEAN_AS_APPLICABLE,EXPLORATORY_CONSUMED_DIAGNOSTIC_ONLY
SS,viscosity_laplacian_acceleration,LINEAGE,HMSO01R_A|FIELD_LINEAGE|f0421338d311584916d83a8dd01c9f47b7707c5652d4192e1df422a2a9e7d57d,0.0005727160858443137,0.0005650132634395508,1.01363299395464,EVALUABLE,EQUAL_FOLD_FAMILY_LINEAGE_THEN_CASE_MEAN_AS_APPLICABLE,EXPLORATORY_CONSUMED_DIAGNOSTIC_ONLY
SS,viscosity_laplacian_acceleration,LINEAGE,HMSO01R_A|FIELD_LINEAGE|f11020ed75e98ae018c3d951c68d3fba4bfe91afdf9eb4b7d62d0c0967429304,0.0,0.00010270546838710807,0.0,EVALUABLE,EQUAL_FOLD_FAMILY_LINEAGE_THEN_CASE_MEAN_AS_APPLICABLE,EXPLORATORY_CONSUMED_DIAGNOSTIC_ONLY
SS,viscosity_laplacian_acceleration,LINEAGE,HMSO01R_A|FIELD_LINEAGE|f117df283c3988b3a51ad2a7138592681c02ac94fc8905b0ebf163745ca00f62,1.7933406571118087e-05,0.0001270251303360007,0.14117998953184704,EVALUABLE,EQUAL_FOLD_FAMILY_LINEAGE_THEN_CASE_MEAN_AS_APPLICABLE,EXPLORATORY_CONSUMED_DIAGNOSTIC_ONLY
SS,viscosity_laplacian_acceleration,LINEAGE,HMSO01R_A|FIELD_LINEAGE|f2247a8dfd61c19acaf6609654c9c6098f254569cd75ef6a5201803913aa1c00,3.968268358731631e-06,8.906412635251137e-05,0.044555181993538265,EVALUABLE,EQUAL_FOLD_FAMILY_LINEAGE_THEN_CASE_MEAN_AS_APPLICABLE,EXPLORATORY_CONSUMED_DIAGNOSTIC_ONLY
SS,viscosity_laplacian_acceleration,LINEAGE,HMSO01R_A|FIELD_LINEAGE|f2a3ceeae0e0974c878bba3a036f383f979564d7512b59be838a43b0d537377a,0.00035797921708625785,0.0001634727776413704,2.1898399369685837,EVALUABLE,EQUAL_FOLD_FAMILY_LINEAGE_THEN_CASE_MEAN_AS_APPLICABLE,EXPLORATORY_CONSUMED_DIAGNOSTIC_ONLY
SS,viscosity_laplacian_acceleration,LINEAGE,HMSO01R_A|FIELD_LINEAGE|f52ad1fbea60f2cef5c93f5785e888eaa7893de6dad0b2f7545e6d3f4e338f25,0.0001369505451145885,0.00013709345690456436,0.998957559367145,EVALUABLE,EQUAL_FOLD_FAMILY_LINEAGE_THEN_CASE_MEAN_AS_APPLICABLE,EXPLORATORY_CONSUMED_DIAGNOSTIC_ONLY
SS,viscosity_laplacian_acceleration,LINEAGE,HMSO01R_A|FIELD_LINEAGE|f7cc0cf639be6a7e99c37868bcf630bb54f34534e2c78b36b59b7ac5ebbd1919,0.00021795036195419216,0.0003600505044785582,0.6053327498314104,EVALUABLE,EQUAL_FOLD_FAMILY_LINEAGE_THEN_CASE_MEAN_AS_APPLICABLE,EXPLORATORY_CONSUMED_DIAGNOSTIC_ONLY
SS,viscosity_laplacian_acceleration,LINEAGE,HMSO01R_A|FIELD_LINEAGE|f82108cfb75a5ece90cca0bec2aa62b5af33b3b96774d26a9d5bbde8416cb360,2.7242847314896416e-05,0.0001218837772353966,0.22351495771485447,EVALUABLE,EQUAL_FOLD_FAMILY_LINEAGE_THEN_CASE_MEAN_AS_APPLICABLE,EXPLORATORY_CONSUMED_DIAGNOSTIC_ONLY
SS,viscosity_laplacian_acceleration,LINEAGE,HMSO01R_A|FIELD_LINEAGE|f8fd31406421545fa9cf8bb98c251eb120eed5378ed4276493239005b13fd6f8,1.4591506011051634e-06,6.121872793637658e-05,0.023835036275527154,EVALUABLE,EQUAL_FOLD_FAMILY_LINEAGE_THEN_CASE_MEAN_AS_APPLICABLE,EXPLORATORY_CONSUMED_DIAGNOSTIC_ONLY
SS,viscosity_laplacian_acceleration,LINEAGE,HMSO01R_A|FIELD_LINEAGE|f952117e9c8f8a564901d0507e978f58c3289c63c557fb7f3123a84dd049ba29,0.0025045248835314066,0.0022557716072519624,1.1102741409989116,EVALUABLE,EQUAL_FOLD_FAMILY_LINEAGE_THEN_CASE_MEAN_AS_APPLICABLE,EXPLORATORY_CONSUMED_DIAGNOSTIC_ONLY
SS,viscosity_laplacian_acceleration,LINEAGE,HMSO01R_A|FIELD_LINEAGE|f9a3d40825ca658eebc26e88239c04a3590f72ad95b03a86bc289649036f4117,0.0,0.00013260316539457094,0.0,EVALUABLE,EQUAL_FOLD_FAMILY_LINEAGE_THEN_CASE_MEAN_AS_APPLICABLE,EXPLORATORY_CONSUMED_DIAGNOSTIC_ONLY
SS,viscosity_laplacian_acceleration,LINEAGE,HMSO01R_A|FIELD_LINEAGE|f9acbd6c60cf4de95eb27dc7c24fd369893e07d5c162236bcdc4cc91f1e5368b,0.0001637773701636855,0.00010871538931870654,1.5064782565747066,EVALUABLE,EQUAL_FOLD_FAMILY_LINEAGE_THEN_CASE_MEAN_AS_APPLICABLE,EXPLORATORY_CONSUMED_DIAGNOSTIC_ONLY
SS,viscosity_laplacian_acceleration,LINEAGE,HMSO01R_A|FIELD_LINEAGE|f9dd81299410ddb65efe58bb38fc53798a53c7f5ab1183ef52b5f93fb7daea68,3.753632708270398e-05,0.00016740976936676028,0.22421825933270137,EVALUABLE,EQUAL_FOLD_FAMILY_LINEAGE_THEN_CASE_MEAN_AS_APPLICABLE,EXPLORATORY_CONSUMED_DIAGNOSTIC_ONLY
SS,viscosity_laplacian_acceleration,LINEAGE,HMSO01R_A|FIELD_LINEAGE|fa1ab395df96eb71b1cd3e5c31c1a1fe587398989c58265b21dd97a062b35ef9,2.8013449529266527e-05,0.00013323743971067155,0.21025208522543243,EVALUABLE,EQUAL_FOLD_FAMILY_LINEAGE_THEN_CASE_MEAN_AS_APPLICABLE,EXPLORATORY_CONSUMED_DIAGNOSTIC_ONLY
SS,viscosity_laplacian_acceleration,LINEAGE,HMSO01R_A|FIELD_LINEAGE|fd04ea3f458e107df0af85b51443fd7c576cbde1f2a34afcd2f94001f9376e64,0.0,0.00012207197187669226,0.0,EVALUABLE,EQUAL_FOLD_FAMILY_LINEAGE_THEN_CASE_MEAN_AS_APPLICABLE,EXPLORATORY_CONSUMED_DIAGNOSTIC_ONLY
SS,viscosity_laplacian_acceleration,LINEAGE,HMSO01R_A|FIELD_LINEAGE|fefaa03392c6d5e862f0b98f72e148123eb5332d997aade537062f72a6e1a99c,0.0,9.93338010106122e-05,0.0,EVALUABLE,EQUAL_FOLD_FAMILY_LINEAGE_THEN_CASE_MEAN_AS_APPLICABLE,EXPLORATORY_CONSUMED_DIAGNOSTIC_ONLY
SS,viscosity_laplacian_acceleration,LINEAGE,HMSO01R_A|FIELD_LINEAGE|ff441cbe04ac4f8f63fd24360c00fa41becbfbb5a6acdf59e4dfd55c77c15642,3.6082647961441914e-09,0.0001137167017259869,3.1730297672884574e-05,EVALUABLE,EQUAL_FOLD_FAMILY_LINEAGE_THEN_CASE_MEAN_AS_APPLICABLE,EXPLORATORY_CONSUMED_DIAGNOSTIC_ONLY
MS,density_rate,OVERALL,ALL,0.0012682995704503253,0.017703595326272418,0.07164079087190546,EVALUABLE,EQUAL_FOLD_FAMILY_LINEAGE_THEN_CASE_MEAN_AS_APPLICABLE,EXPLORATORY_CONSUMED_DIAGNOSTIC_ONLY
MS,density_rate,FOLD,FOLD_0,0.00010895923513600791,0.01332553116536776,0.008176727350215225,EVALUABLE,EQUAL_FOLD_FAMILY_LINEAGE_THEN_CASE_MEAN_AS_APPLICABLE,EXPLORATORY_CONSUMED_DIAGNOSTIC_ONLY
MS,density_rate,FOLD,FOLD_1,0.0018603746574143226,0.01689263861631692,0.11012931133312422,EVALUABLE,EQUAL_FOLD_FAMILY_LINEAGE_THEN_CASE_MEAN_AS_APPLICABLE,EXPLORATORY_CONSUMED_DIAGNOSTIC_ONLY
MS,density_rate,FOLD,FOLD_2,0.0003833282625155477,0.0173729821849713,0.022064620710147868,EVALUABLE,EQUAL_FOLD_FAMILY_LINEAGE_THEN_CASE_MEAN_AS_APPLICABLE,EXPLORATORY_CONSUMED_DIAGNOSTIC_ONLY
MS,density_rate,FOLD,FOLD_3,0.00493166193167787,0.035391494217116015,0.1393459654860467,EVALUABLE,EQUAL_FOLD_FAMILY_LINEAGE_THEN_CASE_MEAN_AS_APPLICABLE,EXPLORATORY_CONSUMED_DIAGNOSTIC_ONLY
MS,density_rate,FOLD,FOLD_4,0.00031915666805429864,0.01275369148767309,0.025024650185616865,EVALUABLE,EQUAL_FOLD_FAMILY_LINEAGE_THEN_CASE_MEAN_AS_APPLICABLE,EXPLORATORY_CONSUMED_DIAGNOSTIC_ONLY
MS,density_rate,FOLD,FOLD_5,6.316667903905672e-06,0.010485234286189436,0.0006024345981687441,EVALUABLE,EQUAL_FOLD_FAMILY_LINEAGE_THEN_CASE_MEAN_AS_APPLICABLE,EXPLORATORY_CONSUMED_DIAGNOSTIC_ONLY
MS,density_rate,FAMILY,F1,0.0037134040939978187,0.027047607051641418,0.1372914094362542,EVALUABLE,EQUAL_FOLD_FAMILY_LINEAGE_THEN_CASE_MEAN_AS_APPLICABLE,EXPLORATORY_CONSUMED_DIAGNOSTIC_ONLY
MS,density_rate,FAMILY,F2,0.00014820395988092555,0.012859242857956558,0.011525092224945847,EVALUABLE,EQUAL_FOLD_FAMILY_LINEAGE_THEN_CASE_MEAN_AS_APPLICABLE,EXPLORATORY_CONSUMED_DIAGNOSTIC_ONLY
MS,density_rate,FAMILY,F3,0.00017695072424768414,0.016538310764836285,0.010699443659259102,EVALUABLE,EQUAL_FOLD_FAMILY_LINEAGE_THEN_CASE_MEAN_AS_APPLICABLE,EXPLORATORY_CONSUMED_DIAGNOSTIC_ONLY
MS,density_rate,FAMILY,F4,0.0010346395036748733,0.014369220630655419,0.0720038706530516,EVALUABLE,EQUAL_FOLD_FAMILY_LINEAGE_THEN_CASE_MEAN_AS_APPLICABLE,EXPLORATORY_CONSUMED_DIAGNOSTIC_ONLY
MS,density_rate,FAMILY_FOLD,F1|FOLD_0,0.00010610368201648144,0.012341482598731673,0.008597320554289455,EVALUABLE,EQUAL_FOLD_FAMILY_LINEAGE_THEN_CASE_MEAN_AS_APPLICABLE,EXPLORATORY_CONSUMED_DIAGNOSTIC_ONLY
MS,density_rate,FAMILY_FOLD,F2|FOLD_0,0.00021885013600352778,0.018927861281478282,0.011562327763764941,EVALUABLE,EQUAL_FOLD_FAMILY_LINEAGE_THEN_CASE_MEAN_AS_APPLICABLE,EXPLORATORY_CONSUMED_DIAGNOSTIC_ONLY
MS,density_rate,FAMILY_FOLD,F3|FOLD_0,1.5111914355528864e-05,0.011855381361194765,0.001274688168614587,EVALUABLE,EQUAL_FOLD_FAMILY_LINEAGE_THEN_CASE_MEAN_AS_APPLICABLE,EXPLORATORY_CONSUMED_DIAGNOSTIC_ONLY
MS,density_rate,FAMILY_FOLD,F4|FOLD_0,9.577120816849362e-05,0.010177399420066315,0.009410184686243706,EVALUABLE,EQUAL_FOLD_FAMILY_LINEAGE_THEN_CASE_MEAN_AS_APPLICABLE,EXPLORATORY_CONSUMED_DIAGNOSTIC_ONLY
MS,density_rate,FAMILY_FOLD,F1|FOLD_1,0.0025876769756139066,0.033053910281336536,0.07828656136563077,EVALUABLE,EQUAL_FOLD_FAMILY_LINEAGE_THEN_CASE_MEAN_AS_APPLICABLE,EXPLORATORY_CONSUMED_DIAGNOSTIC_ONLY
MS,density_rate,FAMILY_FOLD,F2|FOLD_1,0.00014629727076138828,0.011960235171363694,0.012231972755156756,EVALUABLE,EQUAL_FOLD_FAMILY_LINEAGE_THEN_CASE_MEAN_AS_APPLICABLE,EXPLORATORY_CONSUMED_DIAGNOSTIC_ONLY
MS,density_rate,FAMILY_FOLD,F3|FOLD_1,0.00028906382030094647,0.014856682313151563,0.01945682179964627,EVALUABLE,EQUAL_FOLD_FAMILY_LINEAGE_THEN_CASE_MEAN_AS_APPLICABLE,EXPLORATORY_CONSUMED_DIAGNOSTIC_ONLY
MS,density_rate,FAMILY_FOLD,F4|FOLD_1,0.004418460562981049,0.007699726699415889,0.5738464150053844,EVALUABLE,EQUAL_FOLD_FAMILY_LINEAGE_THEN_CASE_MEAN_AS_APPLICABLE,EXPLORATORY_CONSUMED_DIAGNOSTIC_ONLY
MS,density_rate,FAMILY_FOLD,F1|FOLD_2,0.0006879900528580285,0.01797676929941336,0.038271062024502915,EVALUABLE,EQUAL_FOLD_FAMILY_LINEAGE_THEN_CASE_MEAN_AS_APPLICABLE,EXPLORATORY_CONSUMED_DIAGNOSTIC_ONLY
MS,density_rate,FAMILY_FOLD,F2|FOLD_2,9.296755119098721e-05,0.012047347087177305,0.00771684840805641,EVALUABLE,EQUAL_FOLD_FAMILY_LINEAGE_THEN_CASE_MEAN_AS_APPLICABLE,EXPLORATORY_CONSUMED_DIAGNOSTIC_ONLY
MS,density_rate,FAMILY_FOLD,F3|FOLD_2,0.0007488648913770198,0.03161091267810115,0.023690074975146327,EVALUABLE,EQUAL_FOLD_FAMILY_LINEAGE_THEN_CASE_MEAN_AS_APPLICABLE,EXPLORATORY_CONSUMED_DIAGNOSTIC_ONLY
MS,density_rate,FAMILY_FOLD,F4|FOLD_2,3.4905546361553643e-06,0.00785689967519339,0.0004442661584665643,EVALUABLE,EQUAL_FOLD_FAMILY_LINEAGE_THEN_CASE_MEAN_AS_APPLICABLE,EXPLORATORY_CONSUMED_DIAGNOSTIC_ONLY
MS,density_rate,FAMILY_FOLD,F1|FOLD_3,0.018865470625897596,0.07768901501373274,0.24283318076001906,EVALUABLE,EQUAL_FOLD_FAMILY_LINEAGE_THEN_CASE_MEAN_AS_APPLICABLE,EXPLORATORY_CONSUMED_DIAGNOSTIC_ONLY
MS,density_rate,FAMILY_FOLD,F2|FOLD_3,0.00022812716063872894,0.009603448198547488,0.023754713507303862,EVALUABLE,EQUAL_FOLD_FAMILY_LINEAGE_THEN_CASE_MEAN_AS_APPLICABLE,EXPLORATORY_CONSUMED_DIAGNOSTIC_ONLY
MS,density_rate,FAMILY_FOLD,F3|FOLD_3,3.35951664506916e-06,0.020047799441671316,0.0001675753318883506,EVALUABLE,EQUAL_FOLD_FAMILY_LINEAGE_THEN_CASE_MEAN_AS_APPLICABLE,EXPLORATORY_CONSUMED_DIAGNOSTIC_ONLY
MS,density_rate,FAMILY_FOLD,F4|FOLD_3,0.0006296904235300856,0.03422571421451251,0.01839816751765788,EVALUABLE,EQUAL_FOLD_FAMILY_LINEAGE_THEN_CASE_MEAN_AS_APPLICABLE,EXPLORATORY_CONSUMED_DIAGNOSTIC_ONLY
MS,density_rate,FAMILY_FOLD,F1|FOLD_4,1.8311426143525952e-05,0.010333378009207953,0.001772065836284016,EVALUABLE,EQUAL_FOLD_FAMILY_LINEAGE_THEN_CASE_MEAN_AS_APPLICABLE,EXPLORATORY_CONSUMED_DIAGNOSTIC_ONLY
MS,density_rate,FAMILY_FOLD,F2|FOLD_4,0.00019734829401215587,0.01476009236901716,0.01337039695133675,EVALUABLE,EQUAL_FOLD_FAMILY_LINEAGE_THEN_CASE_MEAN_AS_APPLICABLE,EXPLORATORY_CONSUMED_DIAGNOSTIC_ONLY
MS,density_rate,FAMILY_FOLD,F3|FOLD_4,1.1398869089827569e-06,0.008661044148463486,0.0001316107953548509,EVALUABLE,EQUAL_FOLD_FAMILY_LINEAGE_THEN_CASE_MEAN_AS_APPLICABLE,EXPLORATORY_CONSUMED_DIAGNOSTIC_ONLY
MS,density_rate,FAMILY_FOLD,F4|FOLD_4,0.00105982706515253,0.017260251424003767,0.061402759387307215,EVALUABLE,EQUAL_FOLD_FAMILY_LINEAGE_THEN_CASE_MEAN_AS_APPLICABLE,EXPLORATORY_CONSUMED_DIAGNOSTIC_ONLY
MS,density_rate,FAMILY_FOLD,F1|FOLD_5,1.4871801457374052e-05,0.010891087107426247,0.0013655020211190392,EVALUABLE,EQUAL_FOLD_FAMILY_LINEAGE_THEN_CASE_MEAN_AS_APPLICABLE,EXPLORATORY_CONSUMED_DIAGNOSTIC_ONLY
MS,density_rate,FAMILY_FOLD,F2|FOLD_5,5.633346678765264e-06,0.009856473040155427,0.0005715377758164529,EVALUABLE,EQUAL_FOLD_FAMILY_LINEAGE_THEN_CASE_MEAN_AS_APPLICABLE,EXPLORATORY_CONSUMED_DIAGNOSTIC_ONLY
MS,density_rate,FAMILY_FOLD,F3|FOLD_5,4.164315898557861e-06,0.012198044646435424,0.0003413920853105566,EVALUABLE,EQUAL_FOLD_FAMILY_LINEAGE_THEN_CASE_MEAN_AS_APPLICABLE,EXPLORATORY_CONSUMED_DIAGNOSTIC_ONLY
MS,density_rate,FAMILY_FOLD,F4|FOLD_5,5.972075809255135e-07,0.008995332350740647,6.639083000377871e-05,EVALUABLE,EQUAL_FOLD_FAMILY_LINEAGE_THEN_CASE_MEAN_AS_APPLICABLE,EXPLORATORY_CONSUMED_DIAGNOSTIC_ONLY
MS,density_rate,LINEAGE,HMSO01R_A|FIELD_LINEAGE|008a4638c8cb2247bc6cd62f75f3daa09b2e49ba7d73812777f0a31f466efb5e,0.00012796941749886325,0.011365519388133714,0.011259442980887527,EVALUABLE,EQUAL_FOLD_FAMILY_LINEAGE_THEN_CASE_MEAN_AS_APPLICABLE,EXPLORATORY_CONSUMED_DIAGNOSTIC_ONLY
MS,density_rate,LINEAGE,HMSO01R_A|FIELD_LINEAGE|0183a54dead296f9ee3dee43dc4041188299c7e551f4c9c6bfbe94dc055e54ad,0.0,0.009178480594627714,0.0,EVALUABLE,EQUAL_FOLD_FAMILY_LINEAGE_THEN_CASE_MEAN_AS_APPLICABLE,EXPLORATORY_CONSUMED_DIAGNOSTIC_ONLY
MS,density_rate,LINEAGE,HMSO01R_A|FIELD_LINEAGE|0280053dfd6ee65fbd80522b2b04964154d57f31de1cc5d0449972791fa285ea,0.0,0.00738285064938495,0.0,EVALUABLE,EQUAL_FOLD_FAMILY_LINEAGE_THEN_CASE_MEAN_AS_APPLICABLE,EXPLORATORY_CONSUMED_DIAGNOSTIC_ONLY
MS,density_rate,LINEAGE,HMSO01R_A|FIELD_LINEAGE|02a8e9bf168ff7b6159072e41013ee435870f1006dfd3aa95840b1c132f5aafb,0.0,0.007573590181103261,0.0,EVALUABLE,EQUAL_FOLD_FAMILY_LINEAGE_THEN_CASE_MEAN_AS_APPLICABLE,EXPLORATORY_CONSUMED_DIAGNOSTIC_ONLY
MS,density_rate,LINEAGE,HMSO01R_A|FIELD_LINEAGE|0404a47ad84d3ab6d4cc0dbf7c8fea97f3bca817bfb6ce9e4a0d96e074c1229f,7.1245102954905675e-06,0.01036383955441128,0.0006874392697885872,EVALUABLE,EQUAL_FOLD_FAMILY_LINEAGE_THEN_CASE_MEAN_AS_APPLICABLE,EXPLORATORY_CONSUMED_DIAGNOSTIC_ONLY
MS,density_rate,LINEAGE,HMSO01R_A|FIELD_LINEAGE|04cc9f11103eaca809c304d2c5e7176a0ac510070bc43c67da76cab1f9c23ed7,2.1809590086873874e-14,0.007575398188992978,2.8790024686178367e-12,EVALUABLE,EQUAL_FOLD_FAMILY_LINEAGE_THEN_CASE_MEAN_AS_APPLICABLE,EXPLORATORY_CONSUMED_DIAGNOSTIC_ONLY
MS,density_rate,LINEAGE,HMSO01R_A|FIELD_LINEAGE|051eaa0f00871ac3de3987b76f15e88e4e718676447cf96853b1d9836e56f4a9,2.17870605480792e-14,0.011121591525362826,1.958987659130776e-12,EVALUABLE,EQUAL_FOLD_FAMILY_LINEAGE_THEN_CASE_MEAN_AS_APPLICABLE,EXPLORATORY_CONSUMED_DIAGNOSTIC_ONLY
MS,density_rate,LINEAGE,HMSO01R_A|FIELD_LINEAGE|05638fa6abec8d1f9d2070785cb5b62bc36d80415fcae04a6c6b1419139c3003,0.0,0.007164890323747775,0.0,EVALUABLE,EQUAL_FOLD_FAMILY_LINEAGE_THEN_CASE_MEAN_AS_APPLICABLE,EXPLORATORY_CONSUMED_DIAGNOSTIC_ONLY
MS,density_rate,LINEAGE,HMSO01R_A|FIELD_LINEAGE|065caad01d0036cc45e094366cffda53edef5d184f8c28ff280e81478dd5499f,0.00026646406642109367,0.03082103438774973,0.008645526398264028,EVALUABLE,EQUAL_FOLD_FAMILY_LINEAGE_THEN_CASE_MEAN_AS_APPLICABLE,EXPLORATORY_CONSUMED_DIAGNOSTIC_ONLY
MS,density_rate,LINEAGE,HMSO01R_A|FIELD_LINEAGE|06c31c418b756da4f49834b1270295e826a9807f080171a34a3e7c250369709c,1.6386872787761815e-07,0.010464119020474871,1.5660059633972096e-05,EVALUABLE,EQUAL_FOLD_FAMILY_LINEAGE_THEN_CASE_MEAN_AS_APPLICABLE,EXPLORATORY_CONSUMED_DIAGNOSTIC_ONLY
MS,density_rate,LINEAGE,HMSO01R_A|FIELD_LINEAGE|06c5b0d79a6fc40df74bc047659e629ea096b0eb47ce7956bd3f7d012a8211c7,1.9598926227904114e-33,0.006772214920668471,2.8940201186009536e-31,EVALUABLE,EQUAL_FOLD_FAMILY_LINEAGE_THEN_CASE_MEAN_AS_APPLICABLE,EXPLORATORY_CONSUMED_DIAGNOSTIC_ONLY
MS,density_rate,LINEAGE,HMSO01R_A|FIELD_LINEAGE|07ef870a5e517a728f6e4939e44adb6e41abac7dca46a1a2247aeb449ae2b2b6,1.543242085960632e-05,0.007239094866049156,0.0021318163589737283,EVALUABLE,EQUAL_FOLD_FAMILY_LINEAGE_THEN_CASE_MEAN_AS_APPLICABLE,EXPLORATORY_CONSUMED_DIAGNOSTIC_ONLY
MS,density_rate,LINEAGE,HMSO01R_A|FIELD_LINEAGE|092a3e161c8ce70f083c10130918ff7fb36de994b41e81b7dfb0e04366314a2c,0.00011514068789354338,0.02079789038141859,0.005536171495374995,EVALUABLE,EQUAL_FOLD_FAMILY_LINEAGE_THEN_CASE_MEAN_AS_APPLICABLE,EXPLORATORY_CONSUMED_DIAGNOSTIC_ONLY
MS,density_rate,LINEAGE,HMSO01R_A|FIELD_LINEAGE|093dc802dc5954d756689fb97f687ee9b46c368f5fe625c807448d3bc43a1926,0.0,0.010199022445859246,0.0,EVALUABLE,EQUAL_FOLD_FAMILY_LINEAGE_THEN_CASE_MEAN_AS_APPLICABLE,EXPLORATORY_CONSUMED_DIAGNOSTIC_ONLY
MS,density_rate,LINEAGE,HMSO01R_A|FIELD_LINEAGE|0a252563daa08b1ab13bdaf89c42f5f5445076fcfec6feb203abcad9de8ed55a,0.0,0.0053821199467469875,0.0,EVALUABLE,EQUAL_FOLD_FAMILY_LINEAGE_THEN_CASE_MEAN_AS_APPLICABLE,EXPLORATORY_CONSUMED_DIAGNOSTIC_ONLY
MS,density_rate,LINEAGE,HMSO01R_A|FIELD_LINEAGE|0ac3210ffe07941071125618f2e4ad4f522063f7735eb12854083a5cf3b96fca,1.2379721330445945e-06,0.010265612649748583,0.00012059408193966034,EVALUABLE,EQUAL_FOLD_FAMILY_LINEAGE_THEN_CASE_MEAN_AS_APPLICABLE,EXPLORATORY_CONSUMED_DIAGNOSTIC_ONLY
MS,density_rate,LINEAGE,HMSO01R_A|FIELD_LINEAGE|0af73c913450206e45697078b9ff423d2fbe56a236026748e22945b9fe394efb,1.628552637137655e-05,0.008690112335882308,0.0018740294419592309,EVALUABLE,EQUAL_FOLD_FAMILY_LINEAGE_THEN_CASE_MEAN_AS_APPLICABLE,EXPLORATORY_CONSUMED_DIAGNOSTIC_ONLY
MS,density_rate,LINEAGE,HMSO01R_A|FIELD_LINEAGE|0d095ad04875a9db82a8c6062fc3703d3296558fc88db157a4ad79a6317e27a5,1.2546718867724983e-31,0.008823622333223266,1.4219464970166815e-29,EVALUABLE,EQUAL_FOLD_FAMILY_LINEAGE_THEN_CASE_MEAN_AS_APPLICABLE,EXPLORATORY_CONSUMED_DIAGNOSTIC_ONLY
MS,density_rate,LINEAGE,HMSO01R_A|FIELD_LINEAGE|0d9a0fc9b5f4f20cb32cc24ac6db7a1e45276ec79661381e7e476b453759d6b0,0.24466708463377287,0.8466028862035782,0.28899864224528415,EVALUABLE,EQUAL_FOLD_FAMILY_LINEAGE_THEN_CASE_MEAN_AS_APPLICABLE,EXPLORATORY_CONSUMED_DIAGNOSTIC_ONLY
MS,density_rate,LINEAGE,HMSO01R_A|FIELD_LINEAGE|0da6210822c1316c7a077be78ae0c871024433732125f17a7f978f92e0d637e1,0.0002379728152442653,0.04911652233741079,0.004845066464793407,EVALUABLE,EQUAL_FOLD_FAMILY_LINEAGE_THEN_CASE_MEAN_AS_APPLICABLE,EXPLORATORY_CONSUMED_DIAGNOSTIC_ONLY
MS,density_rate,LINEAGE,HMSO01R_A|FIELD_LINEAGE|0ddf6cdd096735cc15f4456489e1d58f77aa80618dad5da96cca18e59be60b9c,1.1081323829043466e-16,0.009776505509620111,1.1334646943265577e-14,EVALUABLE,EQUAL_FOLD_FAMILY_LINEAGE_THEN_CASE_MEAN_AS_APPLICABLE,EXPLORATORY_CONSUMED_DIAGNOSTIC_ONLY
MS,density_rate,LINEAGE,HMSO01R_A|FIELD_LINEAGE|0e65acebdbaa92caa4bcb30c2a0feac4a5469aac1dd76780539181916f956f58,0.0,0.004945635477963037,0.0,EVALUABLE,EQUAL_FOLD_FAMILY_LINEAGE_THEN_CASE_MEAN_AS_APPLICABLE,EXPLORATORY_CONSUMED_DIAGNOSTIC_ONLY
MS,density_rate,LINEAGE,HMSO01R_A|FIELD_LINEAGE|0e85d8db167a222553e045c2d06d7055fe817db60fe9573c8fc78f52ed1f8615,1.1175774737406512e-34,0.013890095914737138,8.045858578664831e-33,EVALUABLE,EQUAL_FOLD_FAMILY_LINEAGE_THEN_CASE_MEAN_AS_APPLICABLE,EXPLORATORY_CONSUMED_DIAGNOSTIC_ONLY
MS,density_rate,LINEAGE,HMSO01R_A|FIELD_LINEAGE|0f0f1b8e6d3d2de7f2739e4c27aed7f4a0fa84df148b19d95d7dbbf8ec12bea3,6.81706256890319e-12,0.004120435616418359,1.6544519083709996e-09,EVALUABLE,EQUAL_FOLD_FAMILY_LINEAGE_THEN_CASE_MEAN_AS_APPLICABLE,EXPLORATORY_CONSUMED_DIAGNOSTIC_ONLY
MS,density_rate,LINEAGE,HMSO01R_A|FIELD_LINEAGE|0f49beb059c8327e240fa524ede4b5d0ddc16e0eb915fce826282146040c0e20,4.1877597874608044e-06,0.011233617327435157,0.00037278818259487106,EVALUABLE,EQUAL_FOLD_FAMILY_LINEAGE_THEN_CASE_MEAN_AS_APPLICABLE,EXPLORATORY_CONSUMED_DIAGNOSTIC_ONLY
MS,density_rate,LINEAGE,HMSO01R_A|FIELD_LINEAGE|0fdda9072ffc8d97ff7e0441813be2217cbf8a41c67bef8c56cb65c5e8c889e5,1.9383621116754594e-16,0.008642049810746875,2.2429425357685364e-14,EVALUABLE,EQUAL_FOLD_FAMILY_LINEAGE_THEN_CASE_MEAN_AS_APPLICABLE,EXPLORATORY_CONSUMED_DIAGNOSTIC_ONLY
MS,density_rate,LINEAGE,HMSO01R_A|FIELD_LINEAGE|1014832cdbdd8f9e416c91cfffc398c0221e1acf20617efe558f4efd66f3578a,6.407405786789335e-33,0.00699713481109049,9.157184990395738e-31,EVALUABLE,EQUAL_FOLD_FAMILY_LINEAGE_THEN_CASE_MEAN_AS_APPLICABLE,EXPLORATORY_CONSUMED_DIAGNOSTIC_ONLY
MS,density_rate,LINEAGE,HMSO01R_A|FIELD_LINEAGE|101e8ab2bfdfa561a79b7bef11d98c5487b65f400bdd7d35b17d61b9746e280e,2.381280180703631e-05,0.012106791388755547,0.001966896185983099,EVALUABLE,EQUAL_FOLD_FAMILY_LINEAGE_THEN_CASE_MEAN_AS_APPLICABLE,EXPLORATORY_CONSUMED_DIAGNOSTIC_ONLY
MS,density_rate,LINEAGE,HMSO01R_A|FIELD_LINEAGE|10ec2dec79c0538398e95e49cd33ade9183e905d4ea4b212dcd4e7ec34fc5546,2.7430622061263827e-33,0.0061999896050825565,4.424301298630737e-31,EVALUABLE,EQUAL_FOLD_FAMILY_LINEAGE_THEN_CASE_MEAN_AS_APPLICABLE,EXPLORATORY_CONSUMED_DIAGNOSTIC_ONLY
MS,density_rate,LINEAGE,HMSO01R_A|FIELD_LINEAGE|11fde86949c379fe2021d6c74cae47b21d76fdf394512bb275cf864fa8a207c8,0.0006494428941168873,0.01060524743361851,0.06123788230137477,EVALUABLE,EQUAL_FOLD_FAMILY_LINEAGE_THEN_CASE_MEAN_AS_APPLICABLE,EXPLORATORY_CONSUMED_DIAGNOSTIC_ONLY
MS,density_rate,LINEAGE,HMSO01R_A|FIELD_LINEAGE|14fde0d6f8e15a741b90398f93d73484586c3eb3479f620760208e87c5b3db6c,2.016056234081063e-05,0.008525476816591148,0.00236474308411429,EVALUABLE,EQUAL_FOLD_FAMILY_LINEAGE_THEN_CASE_MEAN_AS_APPLICABLE,EXPLORATORY_CONSUMED_DIAGNOSTIC_ONLY
MS,density_rate,LINEAGE,HMSO01R_A|FIELD_LINEAGE|15651b29629c1bcfb68ed12ef597d6352232a9bc607eac6bb7e574563cec2b00,1.046595111137208e-12,0.007227328601877166,1.4481078262656746e-10,EVALUABLE,EQUAL_FOLD_FAMILY_LINEAGE_THEN_CASE_MEAN_AS_APPLICABLE,EXPLORATORY_CONSUMED_DIAGNOSTIC_ONLY
MS,density_rate,LINEAGE,HMSO01R_A|FIELD_LINEAGE|16eb11153f438a544fbde5e29c9d4f0fc922c6cc49338ba6f7c68206ac580c7f,0.0,0.004135828218663193,0.0,EVALUABLE,EQUAL_FOLD_FAMILY_LINEAGE_THEN_CASE_MEAN_AS_APPLICABLE,EXPLORATORY_CONSUMED_DIAGNOSTIC_ONLY
MS,density_rate,LINEAGE,HMSO01R_A|FIELD_LINEAGE|17af857dc7e075f66db0acfe5114e05e0f490cc5340cc9cfe073ae813844b776,6.181354150322203e-06,0.013644416245894962,0.00045303177790269447,EVALUABLE,EQUAL_FOLD_FAMILY_LINEAGE_THEN_CASE_MEAN_AS_APPLICABLE,EXPLORATORY_CONSUMED_DIAGNOSTIC_ONLY
MS,density_rate,LINEAGE,HMSO01R_A|FIELD_LINEAGE|191e9f46778b3758f1f78fde4f9e2a46913f5a82ffc9889aaa9e18e41d67ee0e,1.1515151703164042e-14,0.010187416416577548,1.1303309133830955e-12,EVALUABLE,EQUAL_FOLD_FAMILY_LINEAGE_THEN_CASE_MEAN_AS_APPLICABLE,EXPLORATORY_CONSUMED_DIAGNOSTIC_ONLY
MS,density_rate,LINEAGE,HMSO01R_A|FIELD_LINEAGE|197d7ec024c0036b09ad028c746809cfe1ed712ccbb40eead96390c6dfdd817b,0.0001913785476091096,0.009890679819657761,0.019349382560008066,EVALUABLE,EQUAL_FOLD_FAMILY_LINEAGE_THEN_CASE_MEAN_AS_APPLICABLE,EXPLORATORY_CONSUMED_DIAGNOSTIC_ONLY
MS,density_rate,LINEAGE,HMSO01R_A|FIELD_LINEAGE|197ff926eb3d0f9ff98b06347687987d9933c0c4a0832b79258c496c53405132,3.694996906042589e-05,0.011630262838156208,0.003177053655159157,EVALUABLE,EQUAL_FOLD_FAMILY_LINEAGE_THEN_CASE_MEAN_AS_APPLICABLE,EXPLORATORY_CONSUMED_DIAGNOSTIC_ONLY
MS,density_rate,LINEAGE,HMSO01R_A|FIELD_LINEAGE|19bc9c15d585b69ea5a604b39577d278e2c7b171a2d899f0352dc2850b1dc0cb,5.845504326300147e-31,0.009248042797029135,6.320801551846162e-29,EVALUABLE,EQUAL_FOLD_FAMILY_LINEAGE_THEN_CASE_MEAN_AS_APPLICABLE,EXPLORATORY_CONSUMED_DIAGNOSTIC_ONLY
MS,density_rate,LINEAGE,HMSO01R_A|FIELD_LINEAGE|1a444bf8e4f5678b58a9ba1debf6e16323abf2899e40040f0bbc7e1608156e14,8.118687935974348e-17,0.004624002798201802,1.7557705499511313e-14,EVALUABLE,EQUAL_FOLD_FAMILY_LINEAGE_THEN_CASE_MEAN_AS_APPLICABLE,EXPLORATORY_CONSUMED_DIAGNOSTIC_ONLY
MS,density_rate,LINEAGE,HMSO01R_A|FIELD_LINEAGE|1b6f0cb3de33bc6abdb0882404222836bd00a9ad3c6fe2c95af35a87f0fa1200,0.0,0.008326855190004144,0.0,EVALUABLE,EQUAL_FOLD_FAMILY_LINEAGE_THEN_CASE_MEAN_AS_APPLICABLE,EXPLORATORY_CONSUMED_DIAGNOSTIC_ONLY
MS,density_rate,LINEAGE,HMSO01R_A|FIELD_LINEAGE|1d03c9c9f560219b53c739310adfe296cf8afec50561d01ce15be76ae73c1479,0.0,0.008219849889326192,0.0,EVALUABLE,EQUAL_FOLD_FAMILY_LINEAGE_THEN_CASE_MEAN_AS_APPLICABLE,EXPLORATORY_CONSUMED_DIAGNOSTIC_ONLY
MS,density_rate,LINEAGE,HMSO01R_A|FIELD_LINEAGE|1e499d17b9c103b93706f70e5fa2f7497086b8d1dab61b6d4e57ae6874e328ff,0.0,0.00904602808060823,0.0,EVALUABLE,EQUAL_FOLD_FAMILY_LINEAGE_THEN_CASE_MEAN_AS_APPLICABLE,EXPLORATORY_CONSUMED_DIAGNOSTIC_ONLY
MS,density_rate,LINEAGE,HMSO01R_A|FIELD_LINEAGE|20bbc33e3ce141e2f7eb99de3d0702689581411faf36ef6782c9dd4ff7bd0899,0.00010623930297643804,0.008737031851512199,0.012159656137461628,EVALUABLE,EQUAL_FOLD_FAMILY_LINEAGE_THEN_CASE_MEAN_AS_APPLICABLE,EXPLORATORY_CONSUMED_DIAGNOSTIC_ONLY
MS,density_rate,LINEAGE,HMSO01R_A|FIELD_LINEAGE|20fd9f4e76cc9e98a79b808be25ffb0cc4d95c0522637973fd5963586426d614,1.0061772246002917e-12,0.006747798865889753,1.491119170262374e-10,EVALUABLE,EQUAL_FOLD_FAMILY_LINEAGE_THEN_CASE_MEAN_AS_APPLICABLE,EXPLORATORY_CONSUMED_DIAGNOSTIC_ONLY
MS,density_rate,LINEAGE,HMSO01R_A|FIELD_LINEAGE|21308456c1ed84c2854c7a093be1e48cf9af8d5768485e2a86892e0fd138af17,0.0,0.008875768036561194,0.0,EVALUABLE,EQUAL_FOLD_FAMILY_LINEAGE_THEN_CASE_MEAN_AS_APPLICABLE,EXPLORATORY_CONSUMED_DIAGNOSTIC_ONLY
MS,density_rate,LINEAGE,HMSO01R_A|FIELD_LINEAGE|21b79bdb11d90c0a9b01efce71ed9eec0d7fba61736210c4c1ab358a9c4e965a,5.558454036319828e-10,0.004395486245676141,1.2645822841074074e-07,EVALUABLE,EQUAL_FOLD_FAMILY_LINEAGE_THEN_CASE_MEAN_AS_APPLICABLE,EXPLORATORY_CONSUMED_DIAGNOSTIC_ONLY
MS,density_rate,LINEAGE,HMSO01R_A|FIELD_LINEAGE|21dfb26365637485a590f4aa1b2a5297d551eab87745fb26abbdd41a0e1d8daa,0.00018988423519378402,0.01038746478120343,0.018280132755529317,EVALUABLE,EQUAL_FOLD_FAMILY_LINEAGE_THEN_CASE_MEAN_AS_APPLICABLE,EXPLORATORY_CONSUMED_DIAGNOSTIC_ONLY
MS,density_rate,LINEAGE,HMSO01R_A|FIELD_LINEAGE|226b761343bde11d0f8531972b4efd2a54f34c441ce74b43268bfdfde41542ed,0.0,0.007892186214468574,0.0,EVALUABLE,EQUAL_FOLD_FAMILY_LINEAGE_THEN_CASE_MEAN_AS_APPLICABLE,EXPLORATORY_CONSUMED_DIAGNOSTIC_ONLY
MS,density_rate,LINEAGE,HMSO01R_A|FIELD_LINEAGE|292cdf1c570d6fb417a11eb6a7d4d830f9162a0bf0e09496e15edbaa84e1f3f4,0.0,0.009453025721693235,0.0,EVALUABLE,EQUAL_FOLD_FAMILY_LINEAGE_THEN_CASE_MEAN_AS_APPLICABLE,EXPLORATORY_CONSUMED_DIAGNOSTIC_ONLY
MS,density_rate,LINEAGE,HMSO01R_A|FIELD_LINEAGE|29dc93f9e64f8875b47eb06f84606bc0c4a0e9315877441085164bd7870ebc8e,0.0009170366230058279,0.01026918321263056,0.08929985998087177,EVALUABLE,EQUAL_FOLD_FAMILY_LINEAGE_THEN_CASE_MEAN_AS_APPLICABLE,EXPLORATORY_CONSUMED_DIAGNOSTIC_ONLY
MS,density_rate,LINEAGE,HMSO01R_A|FIELD_LINEAGE|2bf67fa14447cc7892bedcae7ba79ef420cf3b1aa476bde75527a097c9a5c922,0.0,0.010269021730407928,0.0,EVALUABLE,EQUAL_FOLD_FAMILY_LINEAGE_THEN_CASE_MEAN_AS_APPLICABLE,EXPLORATORY_CONSUMED_DIAGNOSTIC_ONLY
MS,density_rate,LINEAGE,HMSO01R_A|FIELD_LINEAGE|2d885ab8e36e98def0f3a036fab45f57940afd290e12c42ece2cbbf2a0b7faed,2.60707424971738e-33,0.011613687922274418,2.244828918398224e-31,EVALUABLE,EQUAL_FOLD_FAMILY_LINEAGE_THEN_CASE_MEAN_AS_APPLICABLE,EXPLORATORY_CONSUMED_DIAGNOSTIC_ONLY
MS,density_rate,LINEAGE,HMSO01R_A|FIELD_LINEAGE|2e00a5aa730d3fe2629242ac9cb05445890c5ccd2cee3bc6b04bd3dcaa176cdc,0.00010692983756099787,0.028408761462102937,0.0037639739311987053,EVALUABLE,EQUAL_FOLD_FAMILY_LINEAGE_THEN_CASE_MEAN_AS_APPLICABLE,EXPLORATORY_CONSUMED_DIAGNOSTIC_ONLY
MS,density_rate,LINEAGE,HMSO01R_A|FIELD_LINEAGE|3264ae7008b91adb6f4b677f3ecc13cbe5ab1143b7f33ef501525d095e0b618c,0.003998469484580003,0.007806328842434591,0.5122086918558486,EVALUABLE,EQUAL_FOLD_FAMILY_LINEAGE_THEN_CASE_MEAN_AS_APPLICABLE,EXPLORATORY_CONSUMED_DIAGNOSTIC_ONLY
MS,density_rate,LINEAGE,HMSO01R_A|FIELD_LINEAGE|3283083498700d830b6f9393659c16097acacaf984f6c43b70c65438a233286d,1.4249307674346117e-33,0.006557671893305557,2.172921717674319e-31,EVALUABLE,EQUAL_FOLD_FAMILY_LINEAGE_THEN_CASE_MEAN_AS_APPLICABLE,EXPLORATORY_CONSUMED_DIAGNOSTIC_ONLY
MS,density_rate,LINEAGE,HMSO01R_A|FIELD_LINEAGE|34168bb92814c253cb6b05f8022442aa6cab311b67f648a00b758da530873bc9,4.108176027146005e-12,0.010839707414507432,3.789932578482502e-10,EVALUABLE,EQUAL_FOLD_FAMILY_LINEAGE_THEN_CASE_MEAN_AS_APPLICABLE,EXPLORATORY_CONSUMED_DIAGNOSTIC_ONLY
MS,density_rate,LINEAGE,HMSO01R_A|FIELD_LINEAGE|34a4e80876c1805c1767ae4dec4e60fe92b927519de4d3f4fc98d8e491efa006,1.294571084897693e-05,0.04176741282751531,0.0003099476355511449,EVALUABLE,EQUAL_FOLD_FAMILY_LINEAGE_THEN_CASE_MEAN_AS_APPLICABLE,EXPLORATORY_CONSUMED_DIAGNOSTIC_ONLY
MS,density_rate,LINEAGE,HMSO01R_A|FIELD_LINEAGE|367777ab46eb41f1d6390744a91dc4aea35bac8f23f02a2f5c6dee473916edbd,8.557553735003181e-32,0.011098836669366513,7.710315945654528e-30,EVALUABLE,EQUAL_FOLD_FAMILY_LINEAGE_THEN_CASE_MEAN_AS_APPLICABLE,EXPLORATORY_CONSUMED_DIAGNOSTIC_ONLY
MS,density_rate,LINEAGE,HMSO01R_A|FIELD_LINEAGE|381d8f63546be0384f86ba8b518abcf8c4d107fec707374fb03828151e0b75af,3.3271106272944244e-32,0.0087949793234025,3.782965831927926e-30,EVALUABLE,EQUAL_FOLD_FAMILY_LINEAGE_THEN_CASE_MEAN_AS_APPLICABLE,EXPLORATORY_CONSUMED_DIAGNOSTIC_ONLY
MS,density_rate,LINEAGE,HMSO01R_A|FIELD_LINEAGE|38ed780ae9e2ceb725d12dc596e69f348d116c6ab5da75f5bae97744169a86db,0.0,0.009429750975380242,0.0,EVALUABLE,EQUAL_FOLD_FAMILY_LINEAGE_THEN_CASE_MEAN_AS_APPLICABLE,EXPLORATORY_CONSUMED_DIAGNOSTIC_ONLY
MS,density_rate,LINEAGE,HMSO01R_A|FIELD_LINEAGE|39a5eaeb1afddf9af00bec82f67fdf5414fc1d1e11076c2f86704fda2809ab87,1.2857532156127024e-32,0.004184503157258984,3.0726544282378365e-30,EVALUABLE,EQUAL_FOLD_FAMILY_LINEAGE_THEN_CASE_MEAN_AS_APPLICABLE,EXPLORATORY_CONSUMED_DIAGNOSTIC_ONLY
MS,density_rate,LINEAGE,HMSO01R_A|FIELD_LINEAGE|3c7ea9b77bf044ea3d9c6d199831fc605b20c1d7b4a9ad213eb80b5cab2c0296,1.2500232593596343e-05,0.01327285612599276,0.0009417892030876944,EVALUABLE,EQUAL_FOLD_FAMILY_LINEAGE_THEN_CASE_MEAN_AS_APPLICABLE,EXPLORATORY_CONSUMED_DIAGNOSTIC_ONLY
MS,density_rate,LINEAGE,HMSO01R_A|FIELD_LINEAGE|3d33238d426baab3f4ff1c525309d0c0b825fb99fca42c8d1a5482ea92f2f1a6,0.0,0.00857278784594282,0.0,EVALUABLE,EQUAL_FOLD_FAMILY_LINEAGE_THEN_CASE_MEAN_AS_APPLICABLE,EXPLORATORY_CONSUMED_DIAGNOSTIC_ONLY
MS,density_rate,LINEAGE,HMSO01R_A|FIELD_LINEAGE|3e17b326e03465aac98a6b656cd3125c19ada3cc77d6223ebd6e30804155ff56,1.7967030946506684e-31,0.011054522035850303,1.625310518920566e-29,EVALUABLE,EQUAL_FOLD_FAMILY_LINEAGE_THEN_CASE_MEAN_AS_APPLICABLE,EXPLORATORY_CONSUMED_DIAGNOSTIC_ONLY
MS,density_rate,LINEAGE,HMSO01R_A|FIELD_LINEAGE|3e594f148c4f0181faaf58cc7906a2e9e8709c7be31e59cdc8bdd6b6b7c398a2,7.07089137099019e-33,0.010984079654825651,6.437399939906414e-31,EVALUABLE,EQUAL_FOLD_FAMILY_LINEAGE_THEN_CASE_MEAN_AS_APPLICABLE,EXPLORATORY_CONSUMED_DIAGNOSTIC_ONLY
MS,density_rate,LINEAGE,HMSO01R_A|FIELD_LINEAGE|40ad278dca26109101acf56cf89434c2db030106327c552c8aaad7f18589b1fc,1.3225455406823128e-06,0.18553077725224038,7.128442839886515e-06,EVALUABLE,EQUAL_FOLD_FAMILY_LINEAGE_THEN_CASE_MEAN_AS_APPLICABLE,EXPLORATORY_CONSUMED_DIAGNOSTIC_ONLY
MS,density_rate,LINEAGE,HMSO01R_A|FIELD_LINEAGE|41b714ff189f53f826864cf9fac2bed83a6e097351a7033fcea23d658bf21b54,0.0,0.011751543003253992,0.0,EVALUABLE,EQUAL_FOLD_FAMILY_LINEAGE_THEN_CASE_MEAN_AS_APPLICABLE,EXPLORATORY_CONSUMED_DIAGNOSTIC_ONLY
MS,density_rate,LINEAGE,HMSO01R_A|FIELD_LINEAGE|41ec221cb0eeb1bbfd7efc4d5d4cd642cd62a71a09fd5ce2fc9fff0cbe48931c,2.8523151694130607e-34,0.007759733239532044,3.6757902383575645e-32,EVALUABLE,EQUAL_FOLD_FAMILY_LINEAGE_THEN_CASE_MEAN_AS_APPLICABLE,EXPLORATORY_CONSUMED_DIAGNOSTIC_ONLY
MS,density_rate,LINEAGE,HMSO01R_A|FIELD_LINEAGE|429c6019f8749d53e4581b918e84a928af92c02c8bd8516136f7bea7e94cf671,1.0756348852560856e-13,0.009080265402714014,1.1845852929965985e-11,EVALUABLE,EQUAL_FOLD_FAMILY_LINEAGE_THEN_CASE_MEAN_AS_APPLICABLE,EXPLORATORY_CONSUMED_DIAGNOSTIC_ONLY
MS,density_rate,LINEAGE,HMSO01R_A|FIELD_LINEAGE|42e50ef40056d389a76817004688f104ee3861e2ea394e0b7ded0e04dbc7e54e,0.0001239645253908362,0.008721868118070988,0.014213070378121402,EVALUABLE,EQUAL_FOLD_FAMILY_LINEAGE_THEN_CASE_MEAN_AS_APPLICABLE,EXPLORATORY_CONSUMED_DIAGNOSTIC_ONLY
MS,density_rate,LINEAGE,HMSO01R_A|FIELD_LINEAGE|43048a070f7e90a4b3daec507e653fb282b428f5e4cf309a72c949e8f5226bf3,1.9384093685737577e-31,0.011227150205743932,1.7265373073765828e-29,EVALUABLE,EQUAL_FOLD_FAMILY_LINEAGE_THEN_CASE_MEAN_AS_APPLICABLE,EXPLORATORY_CONSUMED_DIAGNOSTIC_ONLY
MS,density_rate,LINEAGE,HMSO01R_A|FIELD_LINEAGE|4389c621e60229f631c944081b4adc544d96927c12f624ff90ee3e85668f651e,2.0687618585572654e-06,0.01205287747213414,0.00017164049525436356,EVALUABLE,EQUAL_FOLD_FAMILY_LINEAGE_THEN_CASE_MEAN_AS_APPLICABLE,EXPLORATORY_CONSUMED_DIAGNOSTIC_ONLY
MS,density_rate,LINEAGE,HMSO01R_A|FIELD_LINEAGE|440a69e5e6d8a6266c3153ff4cc4273aafca8ec71c677d3f24cfa0db89cae65c,0.0,0.006973477427645073,0.0,EVALUABLE,EQUAL_FOLD_FAMILY_LINEAGE_THEN_CASE_MEAN_AS_APPLICABLE,EXPLORATORY_CONSUMED_DIAGNOSTIC_ONLY
MS,density_rate,LINEAGE,HMSO01R_A|FIELD_LINEAGE|4666d705aea26a6f22073d7a13f6e76c36824d125314c031a782f73ac5ba6779,0.00031878759691781553,0.008958377251933656,0.03558541775509683,EVALUABLE,EQUAL_FOLD_FAMILY_LINEAGE_THEN_CASE_MEAN_AS_APPLICABLE,EXPLORATORY_CONSUMED_DIAGNOSTIC_ONLY
MS,density_rate,LINEAGE,HMSO01R_A|FIELD_LINEAGE|46ad1db2ba1a448aa8fcf8fea69b4b772861af80c9b661f505a8c591ffdfe68c,7.011576618127957e-32,0.010098659992552318,6.943076233182363e-30,EVALUABLE,EQUAL_FOLD_FAMILY_LINEAGE_THEN_CASE_MEAN_AS_APPLICABLE,EXPLORATORY_CONSUMED_DIAGNOSTIC_ONLY
MS,density_rate,LINEAGE,HMSO01R_A|FIELD_LINEAGE|4729596698ed7c65dd5f082aea4dac27cd26c6550de18eb2382e9ca6f186b90b,2.2216182930260575e-16,0.007951866006062729,2.793832656803111e-14,EVALUABLE,EQUAL_FOLD_FAMILY_LINEAGE_THEN_CASE_MEAN_AS_APPLICABLE,EXPLORATORY_CONSUMED_DIAGNOSTIC_ONLY
MS,density_rate,LINEAGE,HMSO01R_A|FIELD_LINEAGE|475ead0c3c732d8046f08c0918482fe4219c4fa643d2e948ba96c0bc2f6d887d,0.0,0.00767451210345914,0.0,EVALUABLE,EQUAL_FOLD_FAMILY_LINEAGE_THEN_CASE_MEAN_AS_APPLICABLE,EXPLORATORY_CONSUMED_DIAGNOSTIC_ONLY
MS,density_rate,LINEAGE,HMSO01R_A|FIELD_LINEAGE|49aae8e0ac8e4584d3624cd5459480c917c8157571a4f7ac9660003550146055,7.2855641216326e-05,0.009501372504315863,0.007667907050611095,EVALUABLE,EQUAL_FOLD_FAMILY_LINEAGE_THEN_CASE_MEAN_AS_APPLICABLE,EXPLORATORY_CONSUMED_DIAGNOSTIC_ONLY
MS,density_rate,LINEAGE,HMSO01R_A|FIELD_LINEAGE|4a864b01d23e69fbf80902fd3a728f366c9eb285ead51eb5724dfe25ca232031,1.7394698312991788e-15,0.009347589725001553,1.8608752442853816e-13,EVALUABLE,EQUAL_FOLD_FAMILY_LINEAGE_THEN_CASE_MEAN_AS_APPLICABLE,EXPLORATORY_CONSUMED_DIAGNOSTIC_ONLY
MS,density_rate,LINEAGE,HMSO01R_A|FIELD_LINEAGE|4c3bbd0a7d56407cf1ccc6d516e10bc822949b03124ef92a27e554a97f6ed1b2,3.572909320006764e-14,0.007982659774254528,4.475838155510549e-12,EVALUABLE,EQUAL_FOLD_FAMILY_LINEAGE_THEN_CASE_MEAN_AS_APPLICABLE,EXPLORATORY_CONSUMED_DIAGNOSTIC_ONLY
MS,density_rate,LINEAGE,HMSO01R_A|FIELD_LINEAGE|4cf69c455bf1f50d880646e37d5ce58645992adb18a995a52fdf89583dcd2384,0.0,0.006499032801914311,0.0,EVALUABLE,EQUAL_FOLD_FAMILY_LINEAGE_THEN_CASE_MEAN_AS_APPLICABLE,EXPLORATORY_CONSUMED_DIAGNOSTIC_ONLY
MS,density_rate,LINEAGE,HMSO01R_A|FIELD_LINEAGE|51aa7e7dbbb5aa6496f5ed0b95d8e85438067333a238c5e41877a3cd9ace3175,8.338201104465987e-32,0.007424010107266031,1.123139783485103e-29,EVALUABLE,EQUAL_FOLD_FAMILY_LINEAGE_THEN_CASE_MEAN_AS_APPLICABLE,EXPLORATORY_CONSUMED_DIAGNOSTIC_ONLY
MS,density_rate,LINEAGE,HMSO01R_A|FIELD_LINEAGE|541d56dfe6d37f091e41084f899b04aeee2814cee915608e406b47dce85c3c8b,4.100875650339528e-15,0.004214727457966673,9.729871483357856e-13,EVALUABLE,EQUAL_FOLD_FAMILY_LINEAGE_THEN_CASE_MEAN_AS_APPLICABLE,EXPLORATORY_CONSUMED_DIAGNOSTIC_ONLY
MS,density_rate,LINEAGE,HMSO01R_A|FIELD_LINEAGE|55cdcba2ab757796978976644840d2bce6b96e998f32047a71aff1f289ed6480,1.631409308543013e-05,0.011285652051476181,0.0014455605233103233,EVALUABLE,EQUAL_FOLD_FAMILY_LINEAGE_THEN_CASE_MEAN_AS_APPLICABLE,EXPLORATORY_CONSUMED_DIAGNOSTIC_ONLY
MS,density_rate,LINEAGE,HMSO01R_A|FIELD_LINEAGE|56571c9b6d895bc0e855ce89225a188e41167fe16fc1aed7e4e19ab1ddaef9cb,0.0,0.012738358710806037,0.0,EVALUABLE,EQUAL_FOLD_FAMILY_LINEAGE_THEN_CASE_MEAN_AS_APPLICABLE,EXPLORATORY_CONSUMED_DIAGNOSTIC_ONLY
MS,density_rate,LINEAGE,HMSO01R_A|FIELD_LINEAGE|5717c014ee19e2404587fa3546273faef8d6d97d2a31a4b9e01b24770e476426,9.559443775763814e-13,0.009452275007965506,1.0113378808496363e-10,EVALUABLE,EQUAL_FOLD_FAMILY_LINEAGE_THEN_CASE_MEAN_AS_APPLICABLE,EXPLORATORY_CONSUMED_DIAGNOSTIC_ONLY
MS,density_rate,LINEAGE,HMSO01R_A|FIELD_LINEAGE|5788e5f098ee24a0bfe3ef48cb7ba08a0bdbab2c319fd19eedc3c9eb4ac76f03,2.3540261872955746e-05,0.008151292960967713,0.00288791753476139,EVALUABLE,EQUAL_FOLD_FAMILY_LINEAGE_THEN_CASE_MEAN_AS_APPLICABLE,EXPLORATORY_CONSUMED_DIAGNOSTIC_ONLY
MS,density_rate,LINEAGE,HMSO01R_A|FIELD_LINEAGE|5851badadb2dbcb7aa9bd12e7e1999f87fd380febbee831ba86fec2a8906fa0a,0.0,0.004512900544849553,0.0,EVALUABLE,EQUAL_FOLD_FAMILY_LINEAGE_THEN_CASE_MEAN_AS_APPLICABLE,EXPLORATORY_CONSUMED_DIAGNOSTIC_ONLY
MS,density_rate,LINEAGE,HMSO01R_A|FIELD_LINEAGE|5915fb95e293a089619d78d1366edf95fa145cc69452df6337d9252e862b1502,7.250588727524169e-16,0.00478468951350715,1.5153728799028233e-13,EVALUABLE,EQUAL_FOLD_FAMILY_LINEAGE_THEN_CASE_MEAN_AS_APPLICABLE,EXPLORATORY_CONSUMED_DIAGNOSTIC_ONLY
MS,density_rate,LINEAGE,HMSO01R_A|FIELD_LINEAGE|5932ef4f3ff2f79b2fa4005d45fb593b78f4308c6edd18917a8552256cdfcf19,0.0,0.009115514537337333,0.0,EVALUABLE,EQUAL_FOLD_FAMILY_LINEAGE_THEN_CASE_MEAN_AS_APPLICABLE,EXPLORATORY_CONSUMED_DIAGNOSTIC_ONLY
MS,density_rate,LINEAGE,HMSO01R_A|FIELD_LINEAGE|59aef3f6a7aa33f774612e58955e925638af1b151b9e6b2d7127236b21c1a5a6,0.0,0.0078091072577556216,0.0,EVALUABLE,EQUAL_FOLD_FAMILY_LINEAGE_THEN_CASE_MEAN_AS_APPLICABLE,EXPLORATORY_CONSUMED_DIAGNOSTIC_ONLY
MS,density_rate,LINEAGE,HMSO01R_A|FIELD_LINEAGE|5a0dbac6ae904f5529ad460639c41b1b383ca8809b93f779bcc31cb0fd08d08b,0.0,0.005895987798692422,0.0,EVALUABLE,EQUAL_FOLD_FAMILY_LINEAGE_THEN_CASE_MEAN_AS_APPLICABLE,EXPLORATORY_CONSUMED_DIAGNOSTIC_ONLY
MS,density_rate,LINEAGE,HMSO01R_A|FIELD_LINEAGE|5c056a7425c54539d868f52b6ae68a4c578195d4f6b5cb7d636be4eab2c2df8c,0.0,0.007704678231906624,0.0,EVALUABLE,EQUAL_FOLD_FAMILY_LINEAGE_THEN_CASE_MEAN_AS_APPLICABLE,EXPLORATORY_CONSUMED_DIAGNOSTIC_ONLY
MS,density_rate,LINEAGE,HMSO01R_A|FIELD_LINEAGE|5c07d2280b8a6c46f1c42b9f7878f3f5c5e2174c9419aaf05f2bb6b52ab2f5f6,0.0,0.009775916804953037,0.0,EVALUABLE,EQUAL_FOLD_FAMILY_LINEAGE_THEN_CASE_MEAN_AS_APPLICABLE,EXPLORATORY_CONSUMED_DIAGNOSTIC_ONLY
MS,density_rate,LINEAGE,HMSO01R_A|FIELD_LINEAGE|5cf76bdd12cdf0612bba343b6cf1b9e46ef0764cc183560f7b16acacca9460f1,0.0,0.004104337212374682,0.0,EVALUABLE,EQUAL_FOLD_FAMILY_LINEAGE_THEN_CASE_MEAN_AS_APPLICABLE,EXPLORATORY_CONSUMED_DIAGNOSTIC_ONLY
MS,density_rate,LINEAGE,HMSO01R_A|FIELD_LINEAGE|5d84595c43a38b585d7953f18ac50da686f8debb482b1cca6058cffe84d274b6,0.004838451641382095,0.007593124556397188,0.6372148389566074,EVALUABLE,EQUAL_FOLD_FAMILY_LINEAGE_THEN_CASE_MEAN_AS_APPLICABLE,EXPLORATORY_CONSUMED_DIAGNOSTIC_ONLY
MS,density_rate,LINEAGE,HMSO01R_A|FIELD_LINEAGE|5e2623db68536d2f4bee911245429597fdaee9006859890dec92aeaff707fe09,0.00011240372250859921,0.011070139659213244,0.010153776372193281,EVALUABLE,EQUAL_FOLD_FAMILY_LINEAGE_THEN_CASE_MEAN_AS_APPLICABLE,EXPLORATORY_CONSUMED_DIAGNOSTIC_ONLY
MS,density_rate,LINEAGE,HMSO01R_A|FIELD_LINEAGE|61b0a8ee57598b36eed2786a9e3e1cafd7d1e5cb7b5052c92f6d5c1826bc6619,1.940001264470107e-05,0.00962131431643076,0.002016357849526938,EVALUABLE,EQUAL_FOLD_FAMILY_LINEAGE_THEN_CASE_MEAN_AS_APPLICABLE,EXPLORATORY_CONSUMED_DIAGNOSTIC_ONLY
MS,density_rate,LINEAGE,HMSO01R_A|FIELD_LINEAGE|61d4f5ea89fdb94c7fd8a7150c89f5910fdf9e6c5a71383e850b5a750c8fcf55,0.00046885668264346473,0.11108173907552918,0.004220825912031043,EVALUABLE,EQUAL_FOLD_FAMILY_LINEAGE_THEN_CASE_MEAN_AS_APPLICABLE,EXPLORATORY_CONSUMED_DIAGNOSTIC_ONLY
MS,density_rate,LINEAGE,HMSO01R_A|FIELD_LINEAGE|6260b45ec31956360cb50305f8ad9fa70be57f53fb24bc0523fc70aeb48f57ae,0.0007528702712461177,0.023893238249309834,0.03150976286221332,EVALUABLE,EQUAL_FOLD_FAMILY_LINEAGE_THEN_CASE_MEAN_AS_APPLICABLE,EXPLORATORY_CONSUMED_DIAGNOSTIC_ONLY
MS,density_rate,LINEAGE,HMSO01R_A|FIELD_LINEAGE|6359faeb0765247f7e12d6c9e8bbc8898fa74fca5c76c863a6009dffddbcb32e,0.00105982706515253,0.017260251424003767,0.061402759387307215,EVALUABLE,EQUAL_FOLD_FAMILY_LINEAGE_THEN_CASE_MEAN_AS_APPLICABLE,EXPLORATORY_CONSUMED_DIAGNOSTIC_ONLY
MS,density_rate,LINEAGE,HMSO01R_A|FIELD_LINEAGE|64cf1977fe8b52c7e0fc1798d4810be4243b09c0886573ce42439c1eaf431667,7.52316384526264e-37,0.010735684292875334,7.007623957659912e-35,EVALUABLE,EQUAL_FOLD_FAMILY_LINEAGE_THEN_CASE_MEAN_AS_APPLICABLE,EXPLORATORY_CONSUMED_DIAGNOSTIC_ONLY
MS,density_rate,LINEAGE,HMSO01R_A|FIELD_LINEAGE|66e31e43c39c0807b2398e5067c9aaab318a50b596f04344988d8e71103f4693,1.8938359793771783e-05,0.007985246684106212,0.002371668721451847,EVALUABLE,EQUAL_FOLD_FAMILY_LINEAGE_THEN_CASE_MEAN_AS_APPLICABLE,EXPLORATORY_CONSUMED_DIAGNOSTIC_ONLY
MS,density_rate,LINEAGE,HMSO01R_A|FIELD_LINEAGE|6918def6b8a6923e67fc2a25f9ee5a59a177f2b6c9bf8dfd922cd28ef3b4c287,0.0006456584149483817,0.024449234561376338,0.026408123875107326,EVALUABLE,EQUAL_FOLD_FAMILY_LINEAGE_THEN_CASE_MEAN_AS_APPLICABLE,EXPLORATORY_CONSUMED_DIAGNOSTIC_ONLY
MS,density_rate,LINEAGE,HMSO01R_A|FIELD_LINEAGE|6aba5ce17b9c02240405669069c0b485de9d3ce1714e3e85b0411d61ec7beb5e,2.97582597502457e-34,0.00924159569849882,3.220034799301981e-32,EVALUABLE,EQUAL_FOLD_FAMILY_LINEAGE_THEN_CASE_MEAN_AS_APPLICABLE,EXPLORATORY_CONSUMED_DIAGNOSTIC_ONLY
MS,density_rate,LINEAGE,HMSO01R_A|FIELD_LINEAGE|6ad90de4847db7d34a3540ed573a050180b363be817d3503c19045b1a2f0ed3c,0.0002782547797171487,0.022797241728411424,0.01220563360392715,EVALUABLE,EQUAL_FOLD_FAMILY_LINEAGE_THEN_CASE_MEAN_AS_APPLICABLE,EXPLORATORY_CONSUMED_DIAGNOSTIC_ONLY
MS,density_rate,LINEAGE,HMSO01R_A|FIELD_LINEAGE|6af5032f0b166e8e3ff27ce0b5fdfb49cda87c61afe66a4eb6eb807e625daf8a,3.323937014843158e-12,0.008336479471293116,3.987219096849241e-10,EVALUABLE,EQUAL_FOLD_FAMILY_LINEAGE_THEN_CASE_MEAN_AS_APPLICABLE,EXPLORATORY_CONSUMED_DIAGNOSTIC_ONLY
MS,density_rate,LINEAGE,HMSO01R_A|FIELD_LINEAGE|6d1fc2b84d6da564ae936d907e04365ad5b63a9377b77c1faa05d68a9fe06d3c,0.0,0.013713252118273019,0.0,EVALUABLE,EQUAL_FOLD_FAMILY_LINEAGE_THEN_CASE_MEAN_AS_APPLICABLE,EXPLORATORY_CONSUMED_DIAGNOSTIC_ONLY
MS,density_rate,LINEAGE,HMSO01R_A|FIELD_LINEAGE|6d4353b03da9874056ea6f087e4493dcb629a7b8bd4a1eabce0a6b1b20255b6c,0.008408932099900571,0.08689455852936068,0.09677167641123684,EVALUABLE,EQUAL_FOLD_FAMILY_LINEAGE_THEN_CASE_MEAN_AS_APPLICABLE,EXPLORATORY_CONSUMED_DIAGNOSTIC_ONLY
MS,density_rate,LINEAGE,HMSO01R_A|FIELD_LINEAGE|70dd50135b0ce37b393c6eae858eae2988f95a40a860753345e473ce01dd9d91,0.0,0.010343973212392485,0.0,EVALUABLE,EQUAL_FOLD_FAMILY_LINEAGE_THEN_CASE_MEAN_AS_APPLICABLE,EXPLORATORY_CONSUMED_DIAGNOSTIC_ONLY
MS,density_rate,LINEAGE,HMSO01R_A|FIELD_LINEAGE|724fd3a44cb8ec4985e45f721837e7f4eeea1666b35a166345e025918455e304,0.0,0.009595638828872658,0.0,EVALUABLE,EQUAL_FOLD_FAMILY_LINEAGE_THEN_CASE_MEAN_AS_APPLICABLE,EXPLORATORY_CONSUMED_DIAGNOSTIC_ONLY
MS,density_rate,LINEAGE,HMSO01R_A|FIELD_LINEAGE|72bbc35959df916eca72e8fb7e723c361c09592753187c3754f344aae218c230,0.0,0.008691393754400655,0.0,EVALUABLE,EQUAL_FOLD_FAMILY_LINEAGE_THEN_CASE_MEAN_AS_APPLICABLE,EXPLORATORY_CONSUMED_DIAGNOSTIC_ONLY
MS,density_rate,LINEAGE,HMSO01R_A|FIELD_LINEAGE|73f5ee97e40c47c1aa5579bcf72cf190dfaf3aad2886cc887f3295530388016c,0.0,0.005768528739036135,0.0,EVALUABLE,EQUAL_FOLD_FAMILY_LINEAGE_THEN_CASE_MEAN_AS_APPLICABLE,EXPLORATORY_CONSUMED_DIAGNOSTIC_ONLY
MS,density_rate,LINEAGE,HMSO01R_A|FIELD_LINEAGE|75819144781d043ebbeb8c2d3fbfa9139c47542df53315ab71a80a7addb49109,0.0,0.010862765448810574,0.0,EVALUABLE,EQUAL_FOLD_FAMILY_LINEAGE_THEN_CASE_MEAN_AS_APPLICABLE,EXPLORATORY_CONSUMED_DIAGNOSTIC_ONLY
MS,density_rate,LINEAGE,HMSO01R_A|FIELD_LINEAGE|7583af7a3fd0bfbef70db28fd30d8a1112bd000451f8c0ebdcd0eabb3acf22a1,5.889871266174682e-14,0.004090512523434232,1.4398858901988596e-11,EVALUABLE,EQUAL_FOLD_FAMILY_LINEAGE_THEN_CASE_MEAN_AS_APPLICABLE,EXPLORATORY_CONSUMED_DIAGNOSTIC_ONLY
MS,density_rate,LINEAGE,HMSO01R_A|FIELD_LINEAGE|788bb18808dd1be8d0fa3d7caafb9ed17441fce457a419d2bbaf861831d83a81,6.979123840729322e-14,0.00811397264500901,8.601364764302298e-12,EVALUABLE,EQUAL_FOLD_FAMILY_LINEAGE_THEN_CASE_MEAN_AS_APPLICABLE,EXPLORATORY_CONSUMED_DIAGNOSTIC_ONLY
MS,density_rate,LINEAGE,HMSO01R_A|FIELD_LINEAGE|7a0ba19f2cf324db5922acc61291c51f82b574717f73f269f12eae7bcc99ab35,0.0,0.008867084975791467,0.0,EVALUABLE,EQUAL_FOLD_FAMILY_LINEAGE_THEN_CASE_MEAN_AS_APPLICABLE,EXPLORATORY_CONSUMED_DIAGNOSTIC_ONLY
MS,density_rate,LINEAGE,HMSO01R_A|FIELD_LINEAGE|7a40ff07646995058d8981271562dfa4f2cc77b96f79dba59c7ae90f96586134,0.0006296904235300856,0.03422571421451251,0.01839816751765788,EVALUABLE,EQUAL_FOLD_FAMILY_LINEAGE_THEN_CASE_MEAN_AS_APPLICABLE,EXPLORATORY_CONSUMED_DIAGNOSTIC_ONLY
MS,density_rate,LINEAGE,HMSO01R_A|FIELD_LINEAGE|7a536ab09e10cdf42c9afdd1f0f02ad4a5141ab50a8f50eb0b247ee08a4c67c0,5.081338140329106e-05,0.009059037717336679,0.005609136752576629,EVALUABLE,EQUAL_FOLD_FAMILY_LINEAGE_THEN_CASE_MEAN_AS_APPLICABLE,EXPLORATORY_CONSUMED_DIAGNOSTIC_ONLY
MS,density_rate,LINEAGE,HMSO01R_A|FIELD_LINEAGE|7b060c06cca73ad49fc21e32e1688bcbe34e5745a78029b452cbacf697a204be,0.0,0.009360494021959188,0.0,EVALUABLE,EQUAL_FOLD_FAMILY_LINEAGE_THEN_CASE_MEAN_AS_APPLICABLE,EXPLORATORY_CONSUMED_DIAGNOSTIC_ONLY
MS,density_rate,LINEAGE,HMSO01R_A|FIELD_LINEAGE|7be8c21ecd7eaebf293b54b94f1920e19f00da5d0e416aaa8f7c69137970c399,1.116709942497374e-14,0.005089296889377461,2.1942322618831803e-12,EVALUABLE,EQUAL_FOLD_FAMILY_LINEAGE_THEN_CASE_MEAN_AS_APPLICABLE,EXPLORATORY_CONSUMED_DIAGNOSTIC_ONLY
MS,density_rate,LINEAGE,HMSO01R_A|FIELD_LINEAGE|7c009b8ab0dfadca9095462a890aab36eac46b48a3c131f7a908a8d37a21f707,1.3544420049838099e-05,0.004838880290856182,0.0027990814477126848,EVALUABLE,EQUAL_FOLD_FAMILY_LINEAGE_THEN_CASE_MEAN_AS_APPLICABLE,EXPLORATORY_CONSUMED_DIAGNOSTIC_ONLY
MS,density_rate,LINEAGE,HMSO01R_A|FIELD_LINEAGE|7cb12f064a9c8069fd15f2a86fa0ddd017328ca5cc4b0fc515bbfbdd4c6e6858,0.0009672431511299704,0.03954565145800134,0.024458900421888648,EVALUABLE,EQUAL_FOLD_FAMILY_LINEAGE_THEN_CASE_MEAN_AS_APPLICABLE,EXPLORATORY_CONSUMED_DIAGNOSTIC_ONLY
MS,density_rate,LINEAGE,HMSO01R_A|FIELD_LINEAGE|7f5e5896e83ee81bc858adc8fff5befe2b2c76e1183ff21435261a6621560b2c,0.0,0.005789043768512708,0.0,EVALUABLE,EQUAL_FOLD_FAMILY_LINEAGE_THEN_CASE_MEAN_AS_APPLICABLE,EXPLORATORY_CONSUMED_DIAGNOSTIC_ONLY
MS,density_rate,LINEAGE,HMSO01R_A|FIELD_LINEAGE|7fcdfe3b32b571e4d4b1a4e7c1702d5dffaf41926d62628c6a434d692409d901,5.8504308068392614e-33,0.01252423186381245,4.671289122124537e-31,EVALUABLE,EQUAL_FOLD_FAMILY_LINEAGE_THEN_CASE_MEAN_AS_APPLICABLE,EXPLORATORY_CONSUMED_DIAGNOSTIC_ONLY
MS,density_rate,LINEAGE,HMSO01R_A|FIELD_LINEAGE|7fd6bba4cc2991027e04cc510555a1b3e651423143c79ecd367c197fbfdf8786,1.155213714470882e-15,0.0070866393518457076,1.6301291163772964e-13,EVALUABLE,EQUAL_FOLD_FAMILY_LINEAGE_THEN_CASE_MEAN_AS_APPLICABLE,EXPLORATORY_CONSUMED_DIAGNOSTIC_ONLY
MS,density_rate,LINEAGE,HMSO01R_A|FIELD_LINEAGE|7fd9257249644666dfcbc65ef0f9aa8090d87f1c93f77579cc137a1fc016a884,8.93137474893583e-13,0.01201886786880039,7.431128161513998e-11,EVALUABLE,EQUAL_FOLD_FAMILY_LINEAGE_THEN_CASE_MEAN_AS_APPLICABLE,EXPLORATORY_CONSUMED_DIAGNOSTIC_ONLY
MS,density_rate,LINEAGE,HMSO01R_A|FIELD_LINEAGE|81c7292472bf739bf28836ff17c69dda49199278b75cd9c66130df6be7c143fb,0.0,0.00701029425740852,0.0,EVALUABLE,EQUAL_FOLD_FAMILY_LINEAGE_THEN_CASE_MEAN_AS_APPLICABLE,EXPLORATORY_CONSUMED_DIAGNOSTIC_ONLY
MS,density_rate,LINEAGE,HMSO01R_A|FIELD_LINEAGE|8319212c9598ce2f7cd195e20de66435ffdb6ab6aeedf4d663d53cb3966ebc0a,1.0579420528162917e-05,0.01563233906444475,0.0006767650371802302,EVALUABLE,EQUAL_FOLD_FAMILY_LINEAGE_THEN_CASE_MEAN_AS_APPLICABLE,EXPLORATORY_CONSUMED_DIAGNOSTIC_ONLY
MS,density_rate,LINEAGE,HMSO01R_A|FIELD_LINEAGE|83c68f311cba3e93368aeeec1e81f7eebc2d9d8bfb68a0ba32cbc3fe731f6155,7.644369265020775e-12,0.007697585133321069,9.930866801238827e-10,EVALUABLE,EQUAL_FOLD_FAMILY_LINEAGE_THEN_CASE_MEAN_AS_APPLICABLE,EXPLORATORY_CONSUMED_DIAGNOSTIC_ONLY
MS,density_rate,LINEAGE,HMSO01R_A|FIELD_LINEAGE|8573999ac09da70da8d1802997d1dd1b2879d7ff239af35fb1a185a39cc1f420,0.00048267336256624144,0.02776821152835195,0.01738222723035012,EVALUABLE,EQUAL_FOLD_FAMILY_LINEAGE_THEN_CASE_MEAN_AS_APPLICABLE,EXPLORATORY_CONSUMED_DIAGNOSTIC_ONLY
MS,density_rate,LINEAGE,HMSO01R_A|FIELD_LINEAGE|86c895c14384dc9ce73736790948d3516d7de8be96dc834ec48d9a651e6b8e5e,3.0293967177563992e-05,0.010060691493499543,0.0030111217700232295,EVALUABLE,EQUAL_FOLD_FAMILY_LINEAGE_THEN_CASE_MEAN_AS_APPLICABLE,EXPLORATORY_CONSUMED_DIAGNOSTIC_ONLY
MS,density_rate,LINEAGE,HMSO01R_A|FIELD_LINEAGE|86f4c153dee170c8ee8f47b2eb988fa25bcda8c9a7b6fd68a3d7256dc3af0a1f,0.0,0.008008771308198975,0.0,EVALUABLE,EQUAL_FOLD_FAMILY_LINEAGE_THEN_CASE_MEAN_AS_APPLICABLE,EXPLORATORY_CONSUMED_DIAGNOSTIC_ONLY
MS,density_rate,LINEAGE,HMSO01R_A|FIELD_LINEAGE|87172e4156e9f066a6ea7ab3304062c939784ea4bd0f5f1cf466bbc2d6008cc6,0.0,0.008285044957570084,0.0,EVALUABLE,EQUAL_FOLD_FAMILY_LINEAGE_THEN_CASE_MEAN_AS_APPLICABLE,EXPLORATORY_CONSUMED_DIAGNOSTIC_ONLY
MS,density_rate,LINEAGE,HMSO01R_A|FIELD_LINEAGE|8788043b5775de130eade6a54c5654805d8ed31cc68fcfa8928c3b7150abef48,1.0669592887530247e-32,0.007298601402016288,1.4618681442971662e-30,EVALUABLE,EQUAL_FOLD_FAMILY_LINEAGE_THEN_CASE_MEAN_AS_APPLICABLE,EXPLORATORY_CONSUMED_DIAGNOSTIC_ONLY
MS,density_rate,LINEAGE,HMSO01R_A|FIELD_LINEAGE|88fd5f86ca9cc426c28ce681d06ea15f58c6c7889170fcda146bde128f6121e4,0.0,0.00960024776402527,0.0,EVALUABLE,EQUAL_FOLD_FAMILY_LINEAGE_THEN_CASE_MEAN_AS_APPLICABLE,EXPLORATORY_CONSUMED_DIAGNOSTIC_ONLY
MS,density_rate,LINEAGE,HMSO01R_A|FIELD_LINEAGE|8a6dd2252f8c5f8f08c3ba5ae9cf89d97575348634ba471a1a84e7de612ac6f3,0.0008122892623181058,0.05087702321142734,0.015965738776471103,EVALUABLE,EQUAL_FOLD_FAMILY_LINEAGE_THEN_CASE_MEAN_AS_APPLICABLE,EXPLORATORY_CONSUMED_DIAGNOSTIC_ONLY
MS,density_rate,LINEAGE,HMSO01R_A|FIELD_LINEAGE|8af782533dccfef4a682f44ff365b7014ae448a56bd62c92877bbd37640adb31,3.4905546361553643e-06,0.00785689967519339,0.0004442661584665643,EVALUABLE,EQUAL_FOLD_FAMILY_LINEAGE_THEN_CASE_MEAN_AS_APPLICABLE,EXPLORATORY_CONSUMED_DIAGNOSTIC_ONLY
MS,density_rate,LINEAGE,HMSO01R_A|FIELD_LINEAGE|8d1e4918227588e163eea87a946c88983d6e03486114766be90d0602757fb4c2,4.273457711755168e-05,0.012669784296996629,0.003372952223636665,EVALUABLE,EQUAL_FOLD_FAMILY_LINEAGE_THEN_CASE_MEAN_AS_APPLICABLE,EXPLORATORY_CONSUMED_DIAGNOSTIC_ONLY
MS,density_rate,LINEAGE,HMSO01R_A|FIELD_LINEAGE|8e3408f57249bc00fdafb475f758686e9ee7a95dad97ecf63f9b3a27f383de5d,0.0008807440096408848,0.0286788652555469,0.030710559912077984,EVALUABLE,EQUAL_FOLD_FAMILY_LINEAGE_THEN_CASE_MEAN_AS_APPLICABLE,EXPLORATORY_CONSUMED_DIAGNOSTIC_ONLY
MS,density_rate,LINEAGE,HMSO01R_A|FIELD_LINEAGE|8e40e60ae6de8d393e4f96f7c0cdfd3570298138a8d1d44c6db1dc858b71a31e,0.0,0.00943236695019567,0.0,EVALUABLE,EQUAL_FOLD_FAMILY_LINEAGE_THEN_CASE_MEAN_AS_APPLICABLE,EXPLORATORY_CONSUMED_DIAGNOSTIC_ONLY
MS,density_rate,LINEAGE,HMSO01R_A|FIELD_LINEAGE|8fbd2d8c6238dbc0e3f8ebbea9ee429eb1cbd0b7ebf5580cffb8e79372f4cf04,0.0,0.009044498644714299,0.0,EVALUABLE,EQUAL_FOLD_FAMILY_LINEAGE_THEN_CASE_MEAN_AS_APPLICABLE,EXPLORATORY_CONSUMED_DIAGNOSTIC_ONLY
MS,density_rate,LINEAGE,HMSO01R_A|FIELD_LINEAGE|9035657b1a9729d4b57919992bee8d9ea960c2a587c8d3877d9c920d8fa2a77c,0.0,0.00557110878626055,0.0,EVALUABLE,EQUAL_FOLD_FAMILY_LINEAGE_THEN_CASE_MEAN_AS_APPLICABLE,EXPLORATORY_CONSUMED_DIAGNOSTIC_ONLY
MS,density_rate,LINEAGE,HMSO01R_A|FIELD_LINEAGE|9239a350bed02b809dafe66125991e7de2c0c1c20b38f7689dc19527329619d6,2.1208879448831508e-14,0.007864370658133238,2.6968311096702363e-12,EVALUABLE,EQUAL_FOLD_FAMILY_LINEAGE_THEN_CASE_MEAN_AS_APPLICABLE,EXPLORATORY_CONSUMED_DIAGNOSTIC_ONLY
MS,density_rate,LINEAGE,HMSO01R_A|FIELD_LINEAGE|9415b727187c332c72260d653b657bcbe590635140818a0978bae1e8dcd4568b,0.0,0.009089844898767387,0.0,EVALUABLE,EQUAL_FOLD_FAMILY_LINEAGE_THEN_CASE_MEAN_AS_APPLICABLE,EXPLORATORY_CONSUMED_DIAGNOSTIC_ONLY
MS,density_rate,LINEAGE,HMSO01R_A|FIELD_LINEAGE|95873981d02cb2a4e333122aa57c7927c33fccc49c0b93590a6b549f6bec57f1,0.0,0.008612805099775125,0.0,EVALUABLE,EQUAL_FOLD_FAMILY_LINEAGE_THEN_CASE_MEAN_AS_APPLICABLE,EXPLORATORY_CONSUMED_DIAGNOSTIC_ONLY
MS,density_rate,LINEAGE,HMSO01R_A|FIELD_LINEAGE|970bbd18dffee12c05308155c993436bfc58e77384e4967420f4e2e03156c88b,0.0,0.009972651776770093,0.0,EVALUABLE,EQUAL_FOLD_FAMILY_LINEAGE_THEN_CASE_MEAN_AS_APPLICABLE,EXPLORATORY_CONSUMED_DIAGNOSTIC_ONLY
MS,density_rate,LINEAGE,HMSO01R_A|FIELD_LINEAGE|97c8122849aa3cb13b599389c011f78352d49decd5677988d0a2a6da7c39f700,1.135596835361511e-35,0.007922044335242316,1.4334643777612433e-33,EVALUABLE,EQUAL_FOLD_FAMILY_LINEAGE_THEN_CASE_MEAN_AS_APPLICABLE,EXPLORATORY_CONSUMED_DIAGNOSTIC_ONLY
MS,density_rate,LINEAGE,HMSO01R_A|FIELD_LINEAGE|97fbdfbd64658c72d9a31f61eea2acf4543cf9ba5532a2ed052d1358412ef553,1.3103675898817856e-05,0.007137824788330466,0.001835808006977263,EVALUABLE,EQUAL_FOLD_FAMILY_LINEAGE_THEN_CASE_MEAN_AS_APPLICABLE,EXPLORATORY_CONSUMED_DIAGNOSTIC_ONLY
MS,density_rate,LINEAGE,HMSO01R_A|FIELD_LINEAGE|98ef721075a1ebd7c92edcbcf7747aac6c3d77c4f9c29f15e5d83577ad6d7f6b,0.0003846835770061433,0.037438510502229565,0.010275076968760132,EVALUABLE,EQUAL_FOLD_FAMILY_LINEAGE_THEN_CASE_MEAN_AS_APPLICABLE,EXPLORATORY_CONSUMED_DIAGNOSTIC_ONLY
MS,density_rate,LINEAGE,HMSO01R_A|FIELD_LINEAGE|99c13161db8958c19a30a96b96a6940cece539d1c84e808e21dfa37710ec6894,1.5167193435094127e-05,0.007180246793831317,0.002112349877461669,EVALUABLE,EQUAL_FOLD_FAMILY_LINEAGE_THEN_CASE_MEAN_AS_APPLICABLE,EXPLORATORY_CONSUMED_DIAGNOSTIC_ONLY
MS,density_rate,LINEAGE,HMSO01R_A|FIELD_LINEAGE|9a24c02f87d28fecb69b79ddff22c8eb176badf445e6b5b8234aa2a46b73c349,1.5743013665927962e-12,0.008243193482652634,1.9098197438963798e-10,EVALUABLE,EQUAL_FOLD_FAMILY_LINEAGE_THEN_CASE_MEAN_AS_APPLICABLE,EXPLORATORY_CONSUMED_DIAGNOSTIC_ONLY
MS,density_rate,LINEAGE,HMSO01R_A|FIELD_LINEAGE|9aaa52aa8afb4f9adfe0d0e7ddb5e3e8101852fdd6ef0a635cf3875b473d16a7,5.671114379101421e-31,0.007525153239774343,7.536211155311278e-29,EVALUABLE,EQUAL_FOLD_FAMILY_LINEAGE_THEN_CASE_MEAN_AS_APPLICABLE,EXPLORATORY_CONSUMED_DIAGNOSTIC_ONLY
MS,density_rate,LINEAGE,HMSO01R_A|FIELD_LINEAGE|9c004dbe18905f4181f1a701e81649fc67e98b969674994e8f64827f6fb4c765,1.048962873902438e-05,0.008135639641491076,0.0012893428422675161,EVALUABLE,EQUAL_FOLD_FAMILY_LINEAGE_THEN_CASE_MEAN_AS_APPLICABLE,EXPLORATORY_CONSUMED_DIAGNOSTIC_ONLY
MS,density_rate,LINEAGE,HMSO01R_A|FIELD_LINEAGE|9c5f7b50a01e8dafcf4be2d7df61fd0da86b2229fe32286852ed3ad88cce82f1,0.0004923197451053858,0.03277872664785158,0.01501948963406893,EVALUABLE,EQUAL_FOLD_FAMILY_LINEAGE_THEN_CASE_MEAN_AS_APPLICABLE,EXPLORATORY_CONSUMED_DIAGNOSTIC_ONLY
MS,density_rate,LINEAGE,HMSO01R_A|FIELD_LINEAGE|9f471cc2328d66ccf0ca43f62bf5e261a867f85eeac6edc5a472072ca388bff6,0.0,0.007664711548344218,0.0,EVALUABLE,EQUAL_FOLD_FAMILY_LINEAGE_THEN_CASE_MEAN_AS_APPLICABLE,EXPLORATORY_CONSUMED_DIAGNOSTIC_ONLY
MS,density_rate,LINEAGE,HMSO01R_A|FIELD_LINEAGE|9ff02fac76e3803bb8391cba4035dfa7a72d5220975092d818302f10f07c08e9,0.0,0.006070659545326316,0.0,EVALUABLE,EQUAL_FOLD_FAMILY_LINEAGE_THEN_CASE_MEAN_AS_APPLICABLE,EXPLORATORY_CONSUMED_DIAGNOSTIC_ONLY
MS,density_rate,LINEAGE,HMSO01R_A|FIELD_LINEAGE|a1c0a919ad122615714cbb9f6b50981061d4f68fe06b618c4cd2688f52f12391,0.0,0.006889803413923663,0.0,EVALUABLE,EQUAL_FOLD_FAMILY_LINEAGE_THEN_CASE_MEAN_AS_APPLICABLE,EXPLORATORY_CONSUMED_DIAGNOSTIC_ONLY
MS,density_rate,LINEAGE,HMSO01R_A|FIELD_LINEAGE|a2187a6938903010b61ee85d06f597d4029728ee0de5541c03daf2ed126b189e,0.0,0.010848348110448394,0.0,EVALUABLE,EQUAL_FOLD_FAMILY_LINEAGE_THEN_CASE_MEAN_AS_APPLICABLE,EXPLORATORY_CONSUMED_DIAGNOSTIC_ONLY
MS,density_rate,LINEAGE,HMSO01R_A|FIELD_LINEAGE|a2bcc80ca3b9ebb8f54401e7b09de472e9adbce971c85048bd40ce15be44ea6a,0.0013086267799234431,0.05457354047764289,0.02397914389409182,EVALUABLE,EQUAL_FOLD_FAMILY_LINEAGE_THEN_CASE_MEAN_AS_APPLICABLE,EXPLORATORY_CONSUMED_DIAGNOSTIC_ONLY
MS,density_rate,LINEAGE,HMSO01R_A|FIELD_LINEAGE|a3f750d8c1551c6ecf78f876fab114a3481105b16656dddc657ee8cfb50fd48b,0.000376870958549664,0.01062386198889212,0.035474007375444545,EVALUABLE,EQUAL_FOLD_FAMILY_LINEAGE_THEN_CASE_MEAN_AS_APPLICABLE,EXPLORATORY_CONSUMED_DIAGNOSTIC_ONLY
MS,density_rate,LINEAGE,HMSO01R_A|FIELD_LINEAGE|a594f1a43c118c7761d223f6f34e42847c31c67fc6b06838b968dcc65b6c3356,5.008544458737658e-33,0.007855383430711141,6.375938874169302e-31,EVALUABLE,EQUAL_FOLD_FAMILY_LINEAGE_THEN_CASE_MEAN_AS_APPLICABLE,EXPLORATORY_CONSUMED_DIAGNOSTIC_ONLY
MS,density_rate,LINEAGE,HMSO01R_A|FIELD_LINEAGE|a7458b96c9ce1c60bf3ea9d352424b7dd251e22480db263be2c5716c65dc6939,0.0,0.009770989207708145,0.0,EVALUABLE,EQUAL_FOLD_FAMILY_LINEAGE_THEN_CASE_MEAN_AS_APPLICABLE,EXPLORATORY_CONSUMED_DIAGNOSTIC_ONLY
MS,density_rate,LINEAGE,HMSO01R_A|FIELD_LINEAGE|a97cf87a717a68b745e28078c021ba65c881711a1cd171188bc4affd3a1b5795,0.0,0.0037263857683091754,0.0,EVALUABLE,EQUAL_FOLD_FAMILY_LINEAGE_THEN_CASE_MEAN_AS_APPLICABLE,EXPLORATORY_CONSUMED_DIAGNOSTIC_ONLY
MS,density_rate,LINEAGE,HMSO01R_A|FIELD_LINEAGE|ad302a05132d9f111349ae57a7badd9ffd336cce6f517d6dda76a6f130659828,0.0,0.007379153076202998,0.0,EVALUABLE,EQUAL_FOLD_FAMILY_LINEAGE_THEN_CASE_MEAN_AS_APPLICABLE,EXPLORATORY_CONSUMED_DIAGNOSTIC_ONLY
MS,density_rate,LINEAGE,HMSO01R_A|FIELD_LINEAGE|adcf8aaea780832e88b7b6b779fb3ef2ecab338dd7379ac8654e7aabdcee4b4f,0.0,0.005342392979328651,0.0,EVALUABLE,EQUAL_FOLD_FAMILY_LINEAGE_THEN_CASE_MEAN_AS_APPLICABLE,EXPLORATORY_CONSUMED_DIAGNOSTIC_ONLY
MS,density_rate,LINEAGE,HMSO01R_A|FIELD_LINEAGE|b0c6a47a41827791b3e03b32c3cfc7642f7c46055e5fbdc618a902dd60890cc0,0.0023387887566052082,0.008709864613831594,0.2685218267217522,EVALUABLE,EQUAL_FOLD_FAMILY_LINEAGE_THEN_CASE_MEAN_AS_APPLICABLE,EXPLORATORY_CONSUMED_DIAGNOSTIC_ONLY
MS,density_rate,LINEAGE,HMSO01R_A|FIELD_LINEAGE|b1b50b97bc0f473e266ef9eb8a1e2e2edee23dadabeb0645af363d822d4db947,0.0,0.014578606993456561,0.0,EVALUABLE,EQUAL_FOLD_FAMILY_LINEAGE_THEN_CASE_MEAN_AS_APPLICABLE,EXPLORATORY_CONSUMED_DIAGNOSTIC_ONLY
MS,density_rate,LINEAGE,HMSO01R_A|FIELD_LINEAGE|b1c696b82fff7183ba4fc0ae8ce4363fcd56ada1cc6ffa171713dda9524816e8,9.002556986621684e-10,0.0043234224310264475,2.082275588435696e-07,EVALUABLE,EQUAL_FOLD_FAMILY_LINEAGE_THEN_CASE_MEAN_AS_APPLICABLE,EXPLORATORY_CONSUMED_DIAGNOSTIC_ONLY
MS,density_rate,LINEAGE,HMSO01R_A|FIELD_LINEAGE|b2211d9018dde472457c7d9570d8b744ae480cbc84526fced16d30cb565fdb61,0.0,0.009604164427310137,0.0,EVALUABLE,EQUAL_FOLD_FAMILY_LINEAGE_THEN_CASE_MEAN_AS_APPLICABLE,EXPLORATORY_CONSUMED_DIAGNOSTIC_ONLY
MS,density_rate,LINEAGE,HMSO01R_A|FIELD_LINEAGE|b31d5c3484f2394d06a11f5ae52600d61d7c303637147b70dbb1edd7e25e93c9,0.0,0.008317062041483789,0.0,EVALUABLE,EQUAL_FOLD_FAMILY_LINEAGE_THEN_CASE_MEAN_AS_APPLICABLE,EXPLORATORY_CONSUMED_DIAGNOSTIC_ONLY
MS,density_rate,LINEAGE,HMSO01R_A|FIELD_LINEAGE|b40ef25bd445f58063f7eecbd118e28fcd5b9c8ea0b1803b18c885057e29107f,9.795007311764384e-05,0.005849405721070584,0.016745303333090836,EVALUABLE,EQUAL_FOLD_FAMILY_LINEAGE_THEN_CASE_MEAN_AS_APPLICABLE,EXPLORATORY_CONSUMED_DIAGNOSTIC_ONLY
MS,density_rate,LINEAGE,HMSO01R_A|FIELD_LINEAGE|b49a6f081c09f4e4bff79a7f0fc0a282131ed3252c520eb6637fbf7ad615c6bd,6.182063682495071e-33,0.0035445721024612658,1.7440930819836885e-30,EVALUABLE,EQUAL_FOLD_FAMILY_LINEAGE_THEN_CASE_MEAN_AS_APPLICABLE,EXPLORATORY_CONSUMED_DIAGNOSTIC_ONLY
MS,density_rate,LINEAGE,HMSO01R_A|FIELD_LINEAGE|b7c6344fafcff3e1128b30252e587c19386316434538ac595af9870864bff2e9,2.2114748219025228e-32,0.004528393016005355,4.883575286169259e-30,EVALUABLE,EQUAL_FOLD_FAMILY_LINEAGE_THEN_CASE_MEAN_AS_APPLICABLE,EXPLORATORY_CONSUMED_DIAGNOSTIC_ONLY
MS,density_rate,LINEAGE,HMSO01R_A|FIELD_LINEAGE|b914e9e8b47652c007a545bd9a5f60dbdaba2b957df3f42cdec4c8edb98e6d53,0.0,0.009017326657800303,0.0,EVALUABLE,EQUAL_FOLD_FAMILY_LINEAGE_THEN_CASE_MEAN_AS_APPLICABLE,EXPLORATORY_CONSUMED_DIAGNOSTIC_ONLY
MS,density_rate,LINEAGE,HMSO01R_A|FIELD_LINEAGE|bb92dd92e9632ccd3901d1e2e79aab63ab0910a576b08c41f27a140edcf99b56,0.0,0.011177126747287361,0.0,EVALUABLE,EQUAL_FOLD_FAMILY_LINEAGE_THEN_CASE_MEAN_AS_APPLICABLE,EXPLORATORY_CONSUMED_DIAGNOSTIC_ONLY
MS,density_rate,LINEAGE,HMSO01R_A|FIELD_LINEAGE|bd0a319ae5e310c35bfeaafdbd8220147f595c77c4d665773530796c1f3b9b59,8.186714932625311e-13,0.01141997848216203,7.168765637704952e-11,EVALUABLE,EQUAL_FOLD_FAMILY_LINEAGE_THEN_CASE_MEAN_AS_APPLICABLE,EXPLORATORY_CONSUMED_DIAGNOSTIC_ONLY
MS,density_rate,LINEAGE,HMSO01R_A|FIELD_LINEAGE|be9a8927a3f7361841f3e523395e00d4ebcd734040aebfe38006ae7fda2437fd,0.0,0.009476957470770462,0.0,EVALUABLE,EQUAL_FOLD_FAMILY_LINEAGE_THEN_CASE_MEAN_AS_APPLICABLE,EXPLORATORY_CONSUMED_DIAGNOSTIC_ONLY
MS,density_rate,LINEAGE,HMSO01R_A|FIELD_LINEAGE|bf32023450080971c5fdfb56d7a260838d7b8e02917a4118c4ed0b4a49c6c14a,5.221909986329049e-13,0.008993473803837086,5.806332569847604e-11,EVALUABLE,EQUAL_FOLD_FAMILY_LINEAGE_THEN_CASE_MEAN_AS_APPLICABLE,EXPLORATORY_CONSUMED_DIAGNOSTIC_ONLY
MS,density_rate,LINEAGE,HMSO01R_A|FIELD_LINEAGE|c26b5ad7fee192c3863a9362bb1782ac10409a155024388ef9dea9120f9c3662,0.0001016318443460126,0.00626454139474215,0.016223349474761638,EVALUABLE,EQUAL_FOLD_FAMILY_LINEAGE_THEN_CASE_MEAN_AS_APPLICABLE,EXPLORATORY_CONSUMED_DIAGNOSTIC_ONLY
MS,density_rate,LINEAGE,HMSO01R_A|FIELD_LINEAGE|c2759d4a0108475d88af3dd58a918080f77e42a77ac5a686ce9a650a1d522183,3.8657874055668863e-07,0.18940107255739164,2.0410588775285257e-06,EVALUABLE,EQUAL_FOLD_FAMILY_LINEAGE_THEN_CASE_MEAN_AS_APPLICABLE,EXPLORATORY_CONSUMED_DIAGNOSTIC_ONLY
MS,density_rate,LINEAGE,HMSO01R_A|FIELD_LINEAGE|c34a55057cd1e579919fb09acb5db221d75ae96164f74060b78863318f65371c,1.6153771102473327e-15,0.01023618922232002,1.5781039947219825e-13,EVALUABLE,EQUAL_FOLD_FAMILY_LINEAGE_THEN_CASE_MEAN_AS_APPLICABLE,EXPLORATORY_CONSUMED_DIAGNOSTIC_ONLY
MS,density_rate,LINEAGE,HMSO01R_A|FIELD_LINEAGE|c3a574c6618599692f4195c9d1a59189286c1fc26ae852d26723565b0428d983,0.0,0.009206651592759362,0.0,EVALUABLE,EQUAL_FOLD_FAMILY_LINEAGE_THEN_CASE_MEAN_AS_APPLICABLE,EXPLORATORY_CONSUMED_DIAGNOSTIC_ONLY
MS,density_rate,LINEAGE,HMSO01R_A|FIELD_LINEAGE|c54c1448df9c13b6658cb41b2c187b93be0f6db94293a7911953a6e90d602764,2.1786589341420647e-05,0.17314606186385373,0.000125827807499033,EVALUABLE,EQUAL_FOLD_FAMILY_LINEAGE_THEN_CASE_MEAN_AS_APPLICABLE,EXPLORATORY_CONSUMED_DIAGNOSTIC_ONLY
MS,density_rate,LINEAGE,HMSO01R_A|FIELD_LINEAGE|c7100ae9429166735b2d4f6243a22cf5abc14cffba49fce96d94ed19a12387d6,0.0,0.006814798121881435,0.0,EVALUABLE,EQUAL_FOLD_FAMILY_LINEAGE_THEN_CASE_MEAN_AS_APPLICABLE,EXPLORATORY_CONSUMED_DIAGNOSTIC_ONLY
MS,density_rate,LINEAGE,HMSO01R_A|FIELD_LINEAGE|c7498c8903eedb4eb72abeb74a8624f4f311768cc705b42f488a9e810b4c3aec,3.974518330709061e-33,0.008877066805445118,4.4772878449795205e-31,EVALUABLE,EQUAL_FOLD_FAMILY_LINEAGE_THEN_CASE_MEAN_AS_APPLICABLE,EXPLORATORY_CONSUMED_DIAGNOSTIC_ONLY
MS,density_rate,LINEAGE,HMSO01R_A|FIELD_LINEAGE|c9a10c50914a082104b6f42f933e2e8b35494d6ac1b464fc981b740edc26e9a6,5.972075809255135e-07,0.008995332350740647,6.639083000377871e-05,EVALUABLE,EQUAL_FOLD_FAMILY_LINEAGE_THEN_CASE_MEAN_AS_APPLICABLE,EXPLORATORY_CONSUMED_DIAGNOSTIC_ONLY
MS,density_rate,LINEAGE,HMSO01R_A|FIELD_LINEAGE|ca0f07a3c0d5df7705d15288eb48ecdf2c50af57aa3e1ab370127581f048c929,2.0757516636300147e-31,0.010107070631724124,2.0537619051702628e-29,EVALUABLE,EQUAL_FOLD_FAMILY_LINEAGE_THEN_CASE_MEAN_AS_APPLICABLE,EXPLORATORY_CONSUMED_DIAGNOSTIC_ONLY
MS,density_rate,LINEAGE,HMSO01R_A|FIELD_LINEAGE|cb947f8167c6ce3da1c26b48289f11fe77c609125572b2e2f489d9b4dbf77d91,5.930122032803256e-05,0.020526400738631705,0.0028890218544951585,EVALUABLE,EQUAL_FOLD_FAMILY_LINEAGE_THEN_CASE_MEAN_AS_APPLICABLE,EXPLORATORY_CONSUMED_DIAGNOSTIC_ONLY
MS,density_rate,LINEAGE,HMSO01R_A|FIELD_LINEAGE|cd1482e6386aeab5f67532ea00a4d133dd0798283239fa2bc60b1a36d8fd8390,0.0,0.009083825665077691,0.0,EVALUABLE,EQUAL_FOLD_FAMILY_LINEAGE_THEN_CASE_MEAN_AS_APPLICABLE,EXPLORATORY_CONSUMED_DIAGNOSTIC_ONLY
MS,density_rate,LINEAGE,HMSO01R_A|FIELD_LINEAGE|d1321924d243ef663d38f2119b3da3e0b77ff9249352efe1c25dfa4971fbd453,0.0,0.0076080037768191545,0.0,EVALUABLE,EQUAL_FOLD_FAMILY_LINEAGE_THEN_CASE_MEAN_AS_APPLICABLE,EXPLORATORY_CONSUMED_DIAGNOSTIC_ONLY
MS,density_rate,LINEAGE,HMSO01R_A|FIELD_LINEAGE|d2f9d8c8f5f3c69790790651faeb1c1f59b6b387e4ede38adea5936b94855ff9,1.1570138859998364e-14,0.01055924050917476,1.0957358959619538e-12,EVALUABLE,EQUAL_FOLD_FAMILY_LINEAGE_THEN_CASE_MEAN_AS_APPLICABLE,EXPLORATORY_CONSUMED_DIAGNOSTIC_ONLY
MS,density_rate,LINEAGE,HMSO01R_A|FIELD_LINEAGE|d3329a31885ae9100b3a5071d3f6de7c5b314524ba319156e3df439e55667dd5,0.0,0.006865086701589087,0.0,EVALUABLE,EQUAL_FOLD_FAMILY_LINEAGE_THEN_CASE_MEAN_AS_APPLICABLE,EXPLORATORY_CONSUMED_DIAGNOSTIC_ONLY
MS,density_rate,LINEAGE,HMSO01R_A|FIELD_LINEAGE|d65de8a657545ef8339cfa29e05ce27d63f8ec5e02ee50514a615a33f5595da9,2.1611288278761875e-15,0.007555709578433136,2.8602592588323797e-13,EVALUABLE,EQUAL_FOLD_FAMILY_LINEAGE_THEN_CASE_MEAN_AS_APPLICABLE,EXPLORATORY_CONSUMED_DIAGNOSTIC_ONLY
MS,density_rate,LINEAGE,HMSO01R_A|FIELD_LINEAGE|d6ecf8cd80acb9db6acee967c0d1a3a8ca941d75fcf9e621c7ea05d79a191767,1.891158290381752e-05,0.009009131271042942,0.0020991572144811494,EVALUABLE,EQUAL_FOLD_FAMILY_LINEAGE_THEN_CASE_MEAN_AS_APPLICABLE,EXPLORATORY_CONSUMED_DIAGNOSTIC_ONLY
MS,density_rate,LINEAGE,HMSO01R_A|FIELD_LINEAGE|d7d10f9b5293a22777f94b958cdb7280c40216c21a2b9b4a49451c1385cf26d9,0.0002002659046073883,0.04522366329702718,0.004428343261182757,EVALUABLE,EQUAL_FOLD_FAMILY_LINEAGE_THEN_CASE_MEAN_AS_APPLICABLE,EXPLORATORY_CONSUMED_DIAGNOSTIC_ONLY
MS,density_rate,LINEAGE,HMSO01R_A|FIELD_LINEAGE|d8cd77f2aea85a93297ba4755747ee15653349aca322bca77ce1738389444994,0.0,0.008931126908334013,0.0,EVALUABLE,EQUAL_FOLD_FAMILY_LINEAGE_THEN_CASE_MEAN_AS_APPLICABLE,EXPLORATORY_CONSUMED_DIAGNOSTIC_ONLY
MS,density_rate,LINEAGE,HMSO01R_A|FIELD_LINEAGE|d9b0e4ca0c6e9f306f81bad07b5f31753c1237e04a6a51d708212ab05edea52f,7.005984823463141e-05,0.048268334387293846,0.0014514660413282037,EVALUABLE,EQUAL_FOLD_FAMILY_LINEAGE_THEN_CASE_MEAN_AS_APPLICABLE,EXPLORATORY_CONSUMED_DIAGNOSTIC_ONLY
MS,density_rate,LINEAGE,HMSO01R_A|FIELD_LINEAGE|dca2b57202d33de06ea638a8ecbab23d1b960b5ed15b6841dcbc75b212cc8712,4.5465736552077846e-15,0.004659462543592626,9.75772122357743e-13,EVALUABLE,EQUAL_FOLD_FAMILY_LINEAGE_THEN_CASE_MEAN_AS_APPLICABLE,EXPLORATORY_CONSUMED_DIAGNOSTIC_ONLY
MS,density_rate,LINEAGE,HMSO01R_A|FIELD_LINEAGE|e0695af14e7ff6ed68d0eaa0320bde868bdf2eddcd09aade2748baa3ab9013d9,0.00019309758842987973,0.01885707349872469,0.010240061292805535,EVALUABLE,EQUAL_FOLD_FAMILY_LINEAGE_THEN_CASE_MEAN_AS_APPLICABLE,EXPLORATORY_CONSUMED_DIAGNOSTIC_ONLY
MS,density_rate,LINEAGE,HMSO01R_A|FIELD_LINEAGE|e1662caa4f55fa1e467b750db9be81d3672b988a828412586110c172a4b65cc4,4.3199740132120055e-12,0.010069270804576948,4.2902550711501154e-10,EVALUABLE,EQUAL_FOLD_FAMILY_LINEAGE_THEN_CASE_MEAN_AS_APPLICABLE,EXPLORATORY_CONSUMED_DIAGNOSTIC_ONLY
MS,density_rate,LINEAGE,HMSO01R_A|FIELD_LINEAGE|e1bd95fcd7aed1a8bde13393ae7d4a98eff10f4a52c1bdfb2e54f1dd690c54dd,0.0001645857005007802,0.010190029860205214,0.01615164064862374,EVALUABLE,EQUAL_FOLD_FAMILY_LINEAGE_THEN_CASE_MEAN_AS_APPLICABLE,EXPLORATORY_CONSUMED_DIAGNOSTIC_ONLY
MS,density_rate,LINEAGE,HMSO01R_A|FIELD_LINEAGE|e25db364da9db9cdb46c3073fa0aa473b93b0eed9df5062f9696d75bd2f90442,0.0,0.007634194329521756,0.0,EVALUABLE,EQUAL_FOLD_FAMILY_LINEAGE_THEN_CASE_MEAN_AS_APPLICABLE,EXPLORATORY_CONSUMED_DIAGNOSTIC_ONLY
MS,density_rate,LINEAGE,HMSO01R_A|FIELD_LINEAGE|e269817bd0e21e72d0864769c51ef7f6839102d6f41f035fbbff5041e46bd0d4,0.0010595527456806666,0.030834063935860016,0.03436305859275354,EVALUABLE,EQUAL_FOLD_FAMILY_LINEAGE_THEN_CASE_MEAN_AS_APPLICABLE,EXPLORATORY_CONSUMED_DIAGNOSTIC_ONLY
MS,density_rate,LINEAGE,HMSO01R_A|FIELD_LINEAGE|e2940f5e79800b14b8eefcdb52a6c4eb9c2bcacb794aadbf19ab173720ccdfc9,0.0,0.006040102577205501,0.0,EVALUABLE,EQUAL_FOLD_FAMILY_LINEAGE_THEN_CASE_MEAN_AS_APPLICABLE,EXPLORATORY_CONSUMED_DIAGNOSTIC_ONLY
MS,density_rate,LINEAGE,HMSO01R_A|FIELD_LINEAGE|e2fdf0ecb37222ddf2c343b2a9785bb080b33fb721f4d3381403db08d53276de,0.009052518639756979,0.08263055084688807,0.10955413641778843,EVALUABLE,EQUAL_FOLD_FAMILY_LINEAGE_THEN_CASE_MEAN_AS_APPLICABLE,EXPLORATORY_CONSUMED_DIAGNOSTIC_ONLY
MS,density_rate,LINEAGE,HMSO01R_A|FIELD_LINEAGE|e39068083f41a31c97e7737f6138e1986484dea8bfe32d65a52cd58aaa1ec7e8,2.184130652490725e-32,0.008904447897730698,2.4528535374409362e-30,EVALUABLE,EQUAL_FOLD_FAMILY_LINEAGE_THEN_CASE_MEAN_AS_APPLICABLE,EXPLORATORY_CONSUMED_DIAGNOSTIC_ONLY
MS,density_rate,LINEAGE,HMSO01R_A|FIELD_LINEAGE|e46b2d3dad1b8a5413f52396bbef71167f252a4ba61297ea3e2b46c37456ba4c,2.8702575047089075e-13,0.009978514165915699,2.8764377711794455e-11,EVALUABLE,EQUAL_FOLD_FAMILY_LINEAGE_THEN_CASE_MEAN_AS_APPLICABLE,EXPLORATORY_CONSUMED_DIAGNOSTIC_ONLY
MS,density_rate,LINEAGE,HMSO01R_A|FIELD_LINEAGE|e4c235f067a50e9e5304ee0e7ad701299187cd559ceebd74674d932464340e77,1.0154484102574808e-05,0.014562645267871783,0.0006972966734950076,EVALUABLE,EQUAL_FOLD_FAMILY_LINEAGE_THEN_CASE_MEAN_AS_APPLICABLE,EXPLORATORY_CONSUMED_DIAGNOSTIC_ONLY
MS,density_rate,LINEAGE,HMSO01R_A|FIELD_LINEAGE|e5cd23001367dee0fe50b87c4f9c5ae9d8e66eeb6cef2467ff3f6da8c0fcdc16,1.8137942127862472e-05,0.0056028376392199585,0.003237277839517706,EVALUABLE,EQUAL_FOLD_FAMILY_LINEAGE_THEN_CASE_MEAN_AS_APPLICABLE,EXPLORATORY_CONSUMED_DIAGNOSTIC_ONLY
MS,density_rate,LINEAGE,HMSO01R_A|FIELD_LINEAGE|e5fd0d86ce4eda7b6deef112c4230d6cc2c904c7a1cbb32b883405f7907c5018,0.0,0.007963568718949807,0.0,EVALUABLE,EQUAL_FOLD_FAMILY_LINEAGE_THEN_CASE_MEAN_AS_APPLICABLE,EXPLORATORY_CONSUMED_DIAGNOSTIC_ONLY
MS,density_rate,LINEAGE,HMSO01R_A|FIELD_LINEAGE|e6f79f1197cd7f6ad00ce2f5ddcac136ad9a2faa5584e9f390794bfb6ee07ac6,7.248651758637241e-32,0.012314291393450694,5.886373423396824e-30,EVALUABLE,EQUAL_FOLD_FAMILY_LINEAGE_THEN_CASE_MEAN_AS_APPLICABLE,EXPLORATORY_CONSUMED_DIAGNOSTIC_ONLY
MS,density_rate,LINEAGE,HMSO01R_A|FIELD_LINEAGE|e82aee0755c70810ee3fbd630ec4d3fa698e473225b4aa505b26af8a458a6400,0.00030833257349897664,0.0173330335811884,0.017788725329281715,EVALUABLE,EQUAL_FOLD_FAMILY_LINEAGE_THEN_CASE_MEAN_AS_APPLICABLE,EXPLORATORY_CONSUMED_DIAGNOSTIC_ONLY
MS,density_rate,LINEAGE,HMSO01R_A|FIELD_LINEAGE|e853753ed3befc6151b8f2c4e9e3797938a7689193c2157695f0b61b8e60abc8,0.0,0.005361866181393798,0.0,EVALUABLE,EQUAL_FOLD_FAMILY_LINEAGE_THEN_CASE_MEAN_AS_APPLICABLE,EXPLORATORY_CONSUMED_DIAGNOSTIC_ONLY
MS,density_rate,LINEAGE,HMSO01R_A|FIELD_LINEAGE|e99701698ca3eda87704f5f32294f901f56116d9da609afcb18418d4c8a62bf2,1.8060348592255927e-12,0.007070615529288306,2.5542823701055906e-10,EVALUABLE,EQUAL_FOLD_FAMILY_LINEAGE_THEN_CASE_MEAN_AS_APPLICABLE,EXPLORATORY_CONSUMED_DIAGNOSTIC_ONLY
MS,density_rate,LINEAGE,HMSO01R_A|FIELD_LINEAGE|e9dc12a25958465c187afbd7ef920bc04ba98d4b232046e156979d215bd85146,0.0,0.00844992680519258,0.0,EVALUABLE,EQUAL_FOLD_FAMILY_LINEAGE_THEN_CASE_MEAN_AS_APPLICABLE,EXPLORATORY_CONSUMED_DIAGNOSTIC_ONLY
MS,density_rate,LINEAGE,HMSO01R_A|FIELD_LINEAGE|ea7a0f305184b5efcd1c245ec8837c3d5e92744042b12d412ef90758785acc95,7.95890618078773e-12,0.006549568219359174,1.2151802858183602e-09,EVALUABLE,EQUAL_FOLD_FAMILY_LINEAGE_THEN_CASE_MEAN_AS_APPLICABLE,EXPLORATORY_CONSUMED_DIAGNOSTIC_ONLY
MS,density_rate,LINEAGE,HMSO01R_A|FIELD_LINEAGE|eadb4166638494d642712d8eabac62f88ed028f779148966c13d2efd6405fa1d,3.394649423425345e-32,0.008005323913468521,4.2404897792006045e-30,EVALUABLE,EQUAL_FOLD_FAMILY_LINEAGE_THEN_CASE_MEAN_AS_APPLICABLE,EXPLORATORY_CONSUMED_DIAGNOSTIC_ONLY
MS,density_rate,LINEAGE,HMSO01R_A|FIELD_LINEAGE|ebfb44058badbf85a36d8671e914d20620f9253b30eeec0e96b5e0c20dc8e16c,0.0,0.00960856171304078,0.0,EVALUABLE,EQUAL_FOLD_FAMILY_LINEAGE_THEN_CASE_MEAN_AS_APPLICABLE,EXPLORATORY_CONSUMED_DIAGNOSTIC_ONLY
MS,density_rate,LINEAGE,HMSO01R_A|FIELD_LINEAGE|eee5df81575181b025958cda057ac7cb0483be4404d018db7bb2c06a63c25462,0.0007817221218257376,0.02843488828474663,0.02749165440699403,EVALUABLE,EQUAL_FOLD_FAMILY_LINEAGE_THEN_CASE_MEAN_AS_APPLICABLE,EXPLORATORY_CONSUMED_DIAGNOSTIC_ONLY
MS,density_rate,LINEAGE,HMSO01R_A|FIELD_LINEAGE|f01618f1ef2fe7c85085b02f71644f843db176708a8abb6e4e05116a594e9ae3,4.577235944951281e-34,0.008599375690015749,5.322753778818679e-32,EVALUABLE,EQUAL_FOLD_FAMILY_LINEAGE_THEN_CASE_MEAN_AS_APPLICABLE,EXPLORATORY_CONSUMED_DIAGNOSTIC_ONLY
MS,density_rate,LINEAGE,HMSO01R_A|FIELD_LINEAGE|f0421338d311584916d83a8dd01c9f47b7707c5652d4192e1df422a2a9e7d57d,0.0012135082514705131,0.054300628756430436,0.022347959485216937,EVALUABLE,EQUAL_FOLD_FAMILY_LINEAGE_THEN_CASE_MEAN_AS_APPLICABLE,EXPLORATORY_CONSUMED_DIAGNOSTIC_ONLY
MS,density_rate,LINEAGE,HMSO01R_A|FIELD_LINEAGE|f11020ed75e98ae018c3d951c68d3fba4bfe91afdf9eb4b7d62d0c0967429304,0.0,0.007174438547838717,0.0,EVALUABLE,EQUAL_FOLD_FAMILY_LINEAGE_THEN_CASE_MEAN_AS_APPLICABLE,EXPLORATORY_CONSUMED_DIAGNOSTIC_ONLY
MS,density_rate,LINEAGE,HMSO01R_A|FIELD_LINEAGE|f117df283c3988b3a51ad2a7138592681c02ac94fc8905b0ebf163745ca00f62,1.6755475473007463e-32,0.007145800815403437,2.344800240847671e-30,EVALUABLE,EQUAL_FOLD_FAMILY_LINEAGE_THEN_CASE_MEAN_AS_APPLICABLE,EXPLORATORY_CONSUMED_DIAGNOSTIC_ONLY
MS,density_rate,LINEAGE,HMSO01R_A|FIELD_LINEAGE|f2247a8dfd61c19acaf6609654c9c6098f254569cd75ef6a5201803913aa1c00,7.932417465181393e-13,0.008424321548422826,9.416090565377901e-11,EVALUABLE,EQUAL_FOLD_FAMILY_LINEAGE_THEN_CASE_MEAN_AS_APPLICABLE,EXPLORATORY_CONSUMED_DIAGNOSTIC_ONLY
MS,density_rate,LINEAGE,HMSO01R_A|FIELD_LINEAGE|f2a3ceeae0e0974c878bba3a036f383f979564d7512b59be838a43b0d537377a,2.0851726911058714e-17,0.0035227931940541696,5.919089132524899e-15,EVALUABLE,EQUAL_FOLD_FAMILY_LINEAGE_THEN_CASE_MEAN_AS_APPLICABLE,EXPLORATORY_CONSUMED_DIAGNOSTIC_ONLY
MS,density_rate,LINEAGE,HMSO01R_A|FIELD_LINEAGE|f52ad1fbea60f2cef5c93f5785e888eaa7893de6dad0b2f7545e6d3f4e338f25,3.282790522541587e-05,0.0167295973628867,0.0019622651109489344,EVALUABLE,EQUAL_FOLD_FAMILY_LINEAGE_THEN_CASE_MEAN_AS_APPLICABLE,EXPLORATORY_CONSUMED_DIAGNOSTIC_ONLY
MS,density_rate,LINEAGE,HMSO01R_A|FIELD_LINEAGE|f7cc0cf639be6a7e99c37868bcf630bb54f34534e2c78b36b59b7ac5ebbd1919,3.306883111319347e-15,0.009449427025713206,3.4995593937292263e-13,EVALUABLE,EQUAL_FOLD_FAMILY_LINEAGE_THEN_CASE_MEAN_AS_APPLICABLE,EXPLORATORY_CONSUMED_DIAGNOSTIC_ONLY
MS,density_rate,LINEAGE,HMSO01R_A|FIELD_LINEAGE|f82108cfb75a5ece90cca0bec2aa62b5af33b3b96774d26a9d5bbde8416cb360,1.1784023339708631e-06,0.00847069104345988,0.00013911525375260778,EVALUABLE,EQUAL_FOLD_FAMILY_LINEAGE_THEN_CASE_MEAN_AS_APPLICABLE,EXPLORATORY_CONSUMED_DIAGNOSTIC_ONLY
MS,density_rate,LINEAGE,HMSO01R_A|FIELD_LINEAGE|f8fd31406421545fa9cf8bb98c251eb120eed5378ed4276493239005b13fd6f8,4.3523602288549426e-33,0.0034718573638204886,1.2536114744257622e-30,EVALUABLE,EQUAL_FOLD_FAMILY_LINEAGE_THEN_CASE_MEAN_AS_APPLICABLE,EXPLORATORY_CONSUMED_DIAGNOSTIC_ONLY
MS,density_rate,LINEAGE,HMSO01R_A|FIELD_LINEAGE|f952117e9c8f8a564901d0507e978f58c3289c63c557fb7f3123a84dd049ba29,0.038672758995200444,0.20444367423523888,0.18916094684691703,EVALUABLE,EQUAL_FOLD_FAMILY_LINEAGE_THEN_CASE_MEAN_AS_APPLICABLE,EXPLORATORY_CONSUMED_DIAGNOSTIC_ONLY
MS,density_rate,LINEAGE,HMSO01R_A|FIELD_LINEAGE|f9a3d40825ca658eebc26e88239c04a3590f72ad95b03a86bc289649036f4117,0.0,0.00955359658958058,0.0,EVALUABLE,EQUAL_FOLD_FAMILY_LINEAGE_THEN_CASE_MEAN_AS_APPLICABLE,EXPLORATORY_CONSUMED_DIAGNOSTIC_ONLY
MS,density_rate,LINEAGE,HMSO01R_A|FIELD_LINEAGE|f9acbd6c60cf4de95eb27dc7c24fd369893e07d5c162236bcdc4cc91f1e5368b,1.5737334100691278e-05,0.0073782205341633034,0.00213294439056448,EVALUABLE,EQUAL_FOLD_FAMILY_LINEAGE_THEN_CASE_MEAN_AS_APPLICABLE,EXPLORATORY_CONSUMED_DIAGNOSTIC_ONLY
MS,density_rate,LINEAGE,HMSO01R_A|FIELD_LINEAGE|f9dd81299410ddb65efe58bb38fc53798a53c7f5ab1183ef52b5f93fb7daea68,2.7201482066016443e-32,0.008006895701239098,3.397256949632416e-30,EVALUABLE,EQUAL_FOLD_FAMILY_LINEAGE_THEN_CASE_MEAN_AS_APPLICABLE,EXPLORATORY_CONSUMED_DIAGNOSTIC_ONLY
MS,density_rate,LINEAGE,HMSO01R_A|FIELD_LINEAGE|fa1ab395df96eb71b1cd3e5c31c1a1fe587398989c58265b21dd97a062b35ef9,1.347717206133558e-05,0.010621310055101939,0.0012688803915353014,EVALUABLE,EQUAL_FOLD_FAMILY_LINEAGE_THEN_CASE_MEAN_AS_APPLICABLE,EXPLORATORY_CONSUMED_DIAGNOSTIC_ONLY
MS,density_rate,LINEAGE,HMSO01R_A|FIELD_LINEAGE|fd04ea3f458e107df0af85b51443fd7c576cbde1f2a34afcd2f94001f9376e64,0.0,0.007163091114285026,0.0,EVALUABLE,EQUAL_FOLD_FAMILY_LINEAGE_THEN_CASE_MEAN_AS_APPLICABLE,EXPLORATORY_CONSUMED_DIAGNOSTIC_ONLY
MS,density_rate,LINEAGE,HMSO01R_A|FIELD_LINEAGE|fefaa03392c6d5e862f0b98f72e148123eb5332d997aade537062f72a6e1a99c,0.0,0.006555371765669564,0.0,EVALUABLE,EQUAL_FOLD_FAMILY_LINEAGE_THEN_CASE_MEAN_AS_APPLICABLE,EXPLORATORY_CONSUMED_DIAGNOSTIC_ONLY
MS,density_rate,LINEAGE,HMSO01R_A|FIELD_LINEAGE|ff441cbe04ac4f8f63fd24360c00fa41becbfbb5a6acdf59e4dfd55c77c15642,0.0,0.011372874693310091,0.0,EVALUABLE,EQUAL_FOLD_FAMILY_LINEAGE_THEN_CASE_MEAN_AS_APPLICABLE,EXPLORATORY_CONSUMED_DIAGNOSTIC_ONLY
MS,pressure_gradient_acceleration,OVERALL,ALL,0.9373935968609581,1.9885870856762242,0.4713867467072457,EVALUABLE,EQUAL_FOLD_FAMILY_LINEAGE_THEN_CASE_MEAN_AS_APPLICABLE,EXPLORATORY_CONSUMED_DIAGNOSTIC_ONLY
MS,pressure_gradient_acceleration,FOLD,FOLD_0,0.8470636772878316,1.5903004113823025,0.5326438144800307,EVALUABLE,EQUAL_FOLD_FAMILY_LINEAGE_THEN_CASE_MEAN_AS_APPLICABLE,EXPLORATORY_CONSUMED_DIAGNOSTIC_ONLY
MS,pressure_gradient_acceleration,FOLD,FOLD_1,2.4907860092026026,3.646617257794234,0.6830401528646386,EVALUABLE,EQUAL_FOLD_FAMILY_LINEAGE_THEN_CASE_MEAN_AS_APPLICABLE,EXPLORATORY_CONSUMED_DIAGNOSTIC_ONLY
MS,pressure_gradient_acceleration,FOLD,FOLD_2,0.47497959941015094,1.45864092363519,0.3256316148229395,EVALUABLE,EQUAL_FOLD_FAMILY_LINEAGE_THEN_CASE_MEAN_AS_APPLICABLE,EXPLORATORY_CONSUMED_DIAGNOSTIC_ONLY
MS,pressure_gradient_acceleration,FOLD,FOLD_3,0.26219445694397814,1.6371493123545464,0.1601530507726814,EVALUABLE,EQUAL_FOLD_FAMILY_LINEAGE_THEN_CASE_MEAN_AS_APPLICABLE,EXPLORATORY_CONSUMED_DIAGNOSTIC_ONLY
MS,pressure_gradient_acceleration,FOLD,FOLD_4,0.2919799993096148,1.6714036836851056,0.1746914896500995,EVALUABLE,EQUAL_FOLD_FAMILY_LINEAGE_THEN_CASE_MEAN_AS_APPLICABLE,EXPLORATORY_CONSUMED_DIAGNOSTIC_ONLY
MS,pressure_gradient_acceleration,FOLD,FOLD_5,1.2573578390115714,1.927410925205966,0.6523558741772766,EVALUABLE,EQUAL_FOLD_FAMILY_LINEAGE_THEN_CASE_MEAN_AS_APPLICABLE,EXPLORATORY_CONSUMED_DIAGNOSTIC_ONLY
MS,pressure_gradient_acceleration,FAMILY,F1,0.7845081302268202,2.637475354213463,0.29744662029676977,EVALUABLE,EQUAL_FOLD_FAMILY_LINEAGE_THEN_CASE_MEAN_AS_APPLICABLE,EXPLORATORY_CONSUMED_DIAGNOSTIC_ONLY
MS,pressure_gradient_acceleration,FAMILY,F2,0.2741663812540111,1.4403789269978715,0.19034323268353137,EVALUABLE,EQUAL_FOLD_FAMILY_LINEAGE_THEN_CASE_MEAN_AS_APPLICABLE,EXPLORATORY_CONSUMED_DIAGNOSTIC_ONLY
MS,pressure_gradient_acceleration,FAMILY,F3,0.40229775099660053,1.6902629360980488,0.23800897623969675,EVALUABLE,EQUAL_FOLD_FAMILY_LINEAGE_THEN_CASE_MEAN_AS_APPLICABLE,EXPLORATORY_CONSUMED_DIAGNOSTIC_ONLY
MS,pressure_gradient_acceleration,FAMILY,F4,2.2886021249664013,2.186231125395513,1.0468253325925767,EVALUABLE,EQUAL_FOLD_FAMILY_LINEAGE_THEN_CASE_MEAN_AS_APPLICABLE,EXPLORATORY_CONSUMED_DIAGNOSTIC_ONLY
MS,pressure_gradient_acceleration,FAMILY_FOLD,F1|FOLD_0,0.12308317642869282,1.5098633073604333,0.08151941690924906,EVALUABLE,EQUAL_FOLD_FAMILY_LINEAGE_THEN_CASE_MEAN_AS_APPLICABLE,EXPLORATORY_CONSUMED_DIAGNOSTIC_ONLY
MS,pressure_gradient_acceleration,FAMILY_FOLD,F2|FOLD_0,0.3102554562750316,1.6677414551049883,0.1860333058972263,EVALUABLE,EQUAL_FOLD_FAMILY_LINEAGE_THEN_CASE_MEAN_AS_APPLICABLE,EXPLORATORY_CONSUMED_DIAGNOSTIC_ONLY
MS,pressure_gradient_acceleration,FAMILY_FOLD,F3|FOLD_0,0.47993188633377426,1.4811870602707382,0.3240184168541481,EVALUABLE,EQUAL_FOLD_FAMILY_LINEAGE_THEN_CASE_MEAN_AS_APPLICABLE,EXPLORATORY_CONSUMED_DIAGNOSTIC_ONLY
MS,pressure_gradient_acceleration,FAMILY_FOLD,F4|FOLD_0,2.474984190113828,1.70240982279305,1.4538122119462737,EVALUABLE,EQUAL_FOLD_FAMILY_LINEAGE_THEN_CASE_MEAN_AS_APPLICABLE,EXPLORATORY_CONSUMED_DIAGNOSTIC_ONLY
MS,pressure_gradient_acceleration,FAMILY_FOLD,F1|FOLD_1,2.9269144641573503,5.755459783603395,0.508545724269636,EVALUABLE,EQUAL_FOLD_FAMILY_LINEAGE_THEN_CASE_MEAN_AS_APPLICABLE,EXPLORATORY_CONSUMED_DIAGNOSTIC_ONLY
MS,pressure_gradient_acceleration,FAMILY_FOLD,F2|FOLD_1,0.011257544107731205,0.5365749274415414,0.020980376704160645,EVALUABLE,EQUAL_FOLD_FAMILY_LINEAGE_THEN_CASE_MEAN_AS_APPLICABLE,EXPLORATORY_CONSUMED_DIAGNOSTIC_ONLY
MS,pressure_gradient_acceleration,FAMILY_FOLD,F3|FOLD_1,0.6811621504668223,1.4583387929085603,0.4670808688482389,EVALUABLE,EQUAL_FOLD_FAMILY_LINEAGE_THEN_CASE_MEAN_AS_APPLICABLE,EXPLORATORY_CONSUMED_DIAGNOSTIC_ONLY
MS,pressure_gradient_acceleration,FAMILY_FOLD,F4|FOLD_1,6.343809878078507,6.83609552722344,0.9279873069086733,EVALUABLE,EQUAL_FOLD_FAMILY_LINEAGE_THEN_CASE_MEAN_AS_APPLICABLE,EXPLORATORY_CONSUMED_DIAGNOSTIC_ONLY
MS,pressure_gradient_acceleration,FAMILY_FOLD,F1|FOLD_2,0.12071296900432905,1.5070895779405433,0.08009674459383152,EVALUABLE,EQUAL_FOLD_FAMILY_LINEAGE_THEN_CASE_MEAN_AS_APPLICABLE,EXPLORATORY_CONSUMED_DIAGNOSTIC_ONLY
MS,pressure_gradient_acceleration,FAMILY_FOLD,F2|FOLD_2,0.23120778283845222,1.649031966786555,0.14020818728517648,EVALUABLE,EQUAL_FOLD_FAMILY_LINEAGE_THEN_CASE_MEAN_AS_APPLICABLE,EXPLORATORY_CONSUMED_DIAGNOSTIC_ONLY
MS,pressure_gradient_acceleration,FAMILY_FOLD,F3|FOLD_2,0.21248905585925432,1.473794458523775,0.1441782160533388,EVALUABLE,EQUAL_FOLD_FAMILY_LINEAGE_THEN_CASE_MEAN_AS_APPLICABLE,EXPLORATORY_CONSUMED_DIAGNOSTIC_ONLY
MS,pressure_gradient_acceleration,FAMILY_FOLD,F4|FOLD_2,1.3355085899385681,1.2046476912898874,1.1086300165557619,EVALUABLE,EQUAL_FOLD_FAMILY_LINEAGE_THEN_CASE_MEAN_AS_APPLICABLE,EXPLORATORY_CONSUMED_DIAGNOSTIC_ONLY
MS,pressure_gradient_acceleration,FAMILY_FOLD,F1|FOLD_3,0.15133900650934812,1.7686566398876666,0.08556720569514283,EVALUABLE,EQUAL_FOLD_FAMILY_LINEAGE_THEN_CASE_MEAN_AS_APPLICABLE,EXPLORATORY_CONSUMED_DIAGNOSTIC_ONLY
MS,pressure_gradient_acceleration,FAMILY_FOLD,F2|FOLD_3,0.3017276082788319,1.4130228514924459,0.2135334244312785,EVALUABLE,EQUAL_FOLD_FAMILY_LINEAGE_THEN_CASE_MEAN_AS_APPLICABLE,EXPLORATORY_CONSUMED_DIAGNOSTIC_ONLY
MS,pressure_gradient_acceleration,FAMILY_FOLD,F3|FOLD_3,0.5957112129877324,2.281330831795071,0.26112442995345636,EVALUABLE,EQUAL_FOLD_FAMILY_LINEAGE_THEN_CASE_MEAN_AS_APPLICABLE,EXPLORATORY_CONSUMED_DIAGNOSTIC_ONLY
MS,pressure_gradient_acceleration,FAMILY_FOLD,F4|FOLD_3,0.0,1.0855869262430022,0.0,EVALUABLE,EQUAL_FOLD_FAMILY_LINEAGE_THEN_CASE_MEAN_AS_APPLICABLE,EXPLORATORY_CONSUMED_DIAGNOSTIC_ONLY
MS,pressure_gradient_acceleration,FAMILY_FOLD,F1|FOLD_4,0.733710140644731,2.655757710480002,0.27627149033566023,EVALUABLE,EQUAL_FOLD_FAMILY_LINEAGE_THEN_CASE_MEAN_AS_APPLICABLE,EXPLORATORY_CONSUMED_DIAGNOSTIC_ONLY
MS,pressure_gradient_acceleration,FAMILY_FOLD,F2|FOLD_4,0.11516428078637737,1.261926654534098,0.09126067697563288,EVALUABLE,EQUAL_FOLD_FAMILY_LINEAGE_THEN_CASE_MEAN_AS_APPLICABLE,EXPLORATORY_CONSUMED_DIAGNOSTIC_ONLY
MS,pressure_gradient_acceleration,FAMILY_FOLD,F3|FOLD_4,0.31904557580735105,1.5911680078497408,0.20051030075604662,EVALUABLE,EQUAL_FOLD_FAMILY_LINEAGE_THEN_CASE_MEAN_AS_APPLICABLE,EXPLORATORY_CONSUMED_DIAGNOSTIC_ONLY
MS,pressure_gradient_acceleration,FAMILY_FOLD,F4|FOLD_4,0.0,1.1767623618765823,0.0,EVALUABLE,EQUAL_FOLD_FAMILY_LINEAGE_THEN_CASE_MEAN_AS_APPLICABLE,EXPLORATORY_CONSUMED_DIAGNOSTIC_ONLY
MS,pressure_gradient_acceleration,FAMILY_FOLD,F1|FOLD_5,0.6512890246164695,2.628025106008739,0.24782450636691283,EVALUABLE,EQUAL_FOLD_FAMILY_LINEAGE_THEN_CASE_MEAN_AS_APPLICABLE,EXPLORATORY_CONSUMED_DIAGNOSTIC_ONLY
MS,pressure_gradient_acceleration,FAMILY_FOLD,F2|FOLD_5,0.6753856152376424,2.113975706627601,0.31948598705283926,EVALUABLE,EQUAL_FOLD_FAMILY_LINEAGE_THEN_CASE_MEAN_AS_APPLICABLE,EXPLORATORY_CONSUMED_DIAGNOSTIC_ONLY
MS,pressure_gradient_acceleration,FAMILY_FOLD,F3|FOLD_5,0.12544662452466873,1.8557584652404082,0.06759857323804123,EVALUABLE,EQUAL_FOLD_FAMILY_LINEAGE_THEN_CASE_MEAN_AS_APPLICABLE,EXPLORATORY_CONSUMED_DIAGNOSTIC_ONLY
MS,pressure_gradient_acceleration,FAMILY_FOLD,F4|FOLD_5,3.577310091667505,1.1118844229471165,3.2173398761947123,EVALUABLE,EQUAL_FOLD_FAMILY_LINEAGE_THEN_CASE_MEAN_AS_APPLICABLE,EXPLORATORY_CONSUMED_DIAGNOSTIC_ONLY
MS,pressure_gradient_acceleration,LINEAGE,HMSO01R_A|FIELD_LINEAGE|008a4638c8cb2247bc6cd62f75f3daa09b2e49ba7d73812777f0a31f466efb5e,0.0,0.53177825995291,0.0,EVALUABLE,EQUAL_FOLD_FAMILY_LINEAGE_THEN_CASE_MEAN_AS_APPLICABLE,EXPLORATORY_CONSUMED_DIAGNOSTIC_ONLY
MS,pressure_gradient_acceleration,LINEAGE,HMSO01R_A|FIELD_LINEAGE|0183a54dead296f9ee3dee43dc4041188299c7e551f4c9c6bfbe94dc055e54ad,0.6677322793367562,2.588712832644053,0.25793988074557866,EVALUABLE,EQUAL_FOLD_FAMILY_LINEAGE_THEN_CASE_MEAN_AS_APPLICABLE,EXPLORATORY_CONSUMED_DIAGNOSTIC_ONLY
MS,pressure_gradient_acceleration,LINEAGE,HMSO01R_A|FIELD_LINEAGE|0280053dfd6ee65fbd80522b2b04964154d57f31de1cc5d0449972791fa285ea,6.4812344127292825,17.358489291966457,0.37337548813817634,EVALUABLE,EQUAL_FOLD_FAMILY_LINEAGE_THEN_CASE_MEAN_AS_APPLICABLE,EXPLORATORY_CONSUMED_DIAGNOSTIC_ONLY
MS,pressure_gradient_acceleration,LINEAGE,HMSO01R_A|FIELD_LINEAGE|02a8e9bf168ff7b6159072e41013ee435870f1006dfd3aa95840b1c132f5aafb,0.16476753495065,1.4684194018975214,0.11220740800464366,EVALUABLE,EQUAL_FOLD_FAMILY_LINEAGE_THEN_CASE_MEAN_AS_APPLICABLE,EXPLORATORY_CONSUMED_DIAGNOSTIC_ONLY
MS,pressure_gradient_acceleration,LINEAGE,HMSO01R_A|FIELD_LINEAGE|0404a47ad84d3ab6d4cc0dbf7c8fea97f3bca817bfb6ce9e4a0d96e074c1229f,0.0,0.9580704151233648,0.0,EVALUABLE,EQUAL_FOLD_FAMILY_LINEAGE_THEN_CASE_MEAN_AS_APPLICABLE,EXPLORATORY_CONSUMED_DIAGNOSTIC_ONLY
MS,pressure_gradient_acceleration,LINEAGE,HMSO01R_A|FIELD_LINEAGE|04cc9f11103eaca809c304d2c5e7176a0ac510070bc43c67da76cab1f9c23ed7,0.0,1.080656982128958,0.0,EVALUABLE,EQUAL_FOLD_FAMILY_LINEAGE_THEN_CASE_MEAN_AS_APPLICABLE,EXPLORATORY_CONSUMED_DIAGNOSTIC_ONLY
MS,pressure_gradient_acceleration,LINEAGE,HMSO01R_A|FIELD_LINEAGE|051eaa0f00871ac3de3987b76f15e88e4e718676447cf96853b1d9836e56f4a9,0.0,1.2303409929771691,0.0,EVALUABLE,EQUAL_FOLD_FAMILY_LINEAGE_THEN_CASE_MEAN_AS_APPLICABLE,EXPLORATORY_CONSUMED_DIAGNOSTIC_ONLY
MS,pressure_gradient_acceleration,LINEAGE,HMSO01R_A|FIELD_LINEAGE|05638fa6abec8d1f9d2070785cb5b62bc36d80415fcae04a6c6b1419139c3003,0.2383429536619683,3.8734084674111555,0.06153313177973921,EVALUABLE,EQUAL_FOLD_FAMILY_LINEAGE_THEN_CASE_MEAN_AS_APPLICABLE,EXPLORATORY_CONSUMED_DIAGNOSTIC_ONLY
MS,pressure_gradient_acceleration,LINEAGE,HMSO01R_A|FIELD_LINEAGE|065caad01d0036cc45e094366cffda53edef5d184f8c28ff280e81478dd5499f,0.0,1.4925161482570823,0.0,EVALUABLE,EQUAL_FOLD_FAMILY_LINEAGE_THEN_CASE_MEAN_AS_APPLICABLE,EXPLORATORY_CONSUMED_DIAGNOSTIC_ONLY
MS,pressure_gradient_acceleration,LINEAGE,HMSO01R_A|FIELD_LINEAGE|06c31c418b756da4f49834b1270295e826a9807f080171a34a3e7c250369709c,4.664046232272337,2.1910463910148743,2.1286843817633594,EVALUABLE,EQUAL_FOLD_FAMILY_LINEAGE_THEN_CASE_MEAN_AS_APPLICABLE,EXPLORATORY_CONSUMED_DIAGNOSTIC_ONLY
MS,pressure_gradient_acceleration,LINEAGE,HMSO01R_A|FIELD_LINEAGE|06c5b0d79a6fc40df74bc047659e629ea096b0eb47ce7956bd3f7d012a8211c7,0.0,1.136537019645771,0.0,EVALUABLE,EQUAL_FOLD_FAMILY_LINEAGE_THEN_CASE_MEAN_AS_APPLICABLE,EXPLORATORY_CONSUMED_DIAGNOSTIC_ONLY
MS,pressure_gradient_acceleration,LINEAGE,HMSO01R_A|FIELD_LINEAGE|07ef870a5e517a728f6e4939e44adb6e41abac7dca46a1a2247aeb449ae2b2b6,0.0,0.5323894959820283,0.0,EVALUABLE,EQUAL_FOLD_FAMILY_LINEAGE_THEN_CASE_MEAN_AS_APPLICABLE,EXPLORATORY_CONSUMED_DIAGNOSTIC_ONLY
MS,pressure_gradient_acceleration,LINEAGE,HMSO01R_A|FIELD_LINEAGE|092a3e161c8ce70f083c10130918ff7fb36de994b41e81b7dfb0e04366314a2c,0.0,1.0066785891076708,0.0,EVALUABLE,EQUAL_FOLD_FAMILY_LINEAGE_THEN_CASE_MEAN_AS_APPLICABLE,EXPLORATORY_CONSUMED_DIAGNOSTIC_ONLY
MS,pressure_gradient_acceleration,LINEAGE,HMSO01R_A|FIELD_LINEAGE|093dc802dc5954d756689fb97f687ee9b46c368f5fe625c807448d3bc43a1926,2.325400928628465,2.66295282552426,0.8732415033190306,EVALUABLE,EQUAL_FOLD_FAMILY_LINEAGE_THEN_CASE_MEAN_AS_APPLICABLE,EXPLORATORY_CONSUMED_DIAGNOSTIC_ONLY
MS,pressure_gradient_acceleration,LINEAGE,HMSO01R_A|FIELD_LINEAGE|0a252563daa08b1ab13bdaf89c42f5f5445076fcfec6feb203abcad9de8ed55a,0.09290625510758758,1.3107311275582012,0.0708812457064824,EVALUABLE,EQUAL_FOLD_FAMILY_LINEAGE_THEN_CASE_MEAN_AS_APPLICABLE,EXPLORATORY_CONSUMED_DIAGNOSTIC_ONLY
MS,pressure_gradient_acceleration,LINEAGE,HMSO01R_A|FIELD_LINEAGE|0ac3210ffe07941071125618f2e4ad4f522063f7735eb12854083a5cf3b96fca,0.0,1.0601893300162026,0.0,EVALUABLE,EQUAL_FOLD_FAMILY_LINEAGE_THEN_CASE_MEAN_AS_APPLICABLE,EXPLORATORY_CONSUMED_DIAGNOSTIC_ONLY
MS,pressure_gradient_acceleration,LINEAGE,HMSO01R_A|FIELD_LINEAGE|0af73c913450206e45697078b9ff423d2fbe56a236026748e22945b9fe394efb,0.0,0.7622792117145369,0.0,EVALUABLE,EQUAL_FOLD_FAMILY_LINEAGE_THEN_CASE_MEAN_AS_APPLICABLE,EXPLORATORY_CONSUMED_DIAGNOSTIC_ONLY
MS,pressure_gradient_acceleration,LINEAGE,HMSO01R_A|FIELD_LINEAGE|0d095ad04875a9db82a8c6062fc3703d3296558fc88db157a4ad79a6317e27a5,0.0,1.2793064820832134,0.0,EVALUABLE,EQUAL_FOLD_FAMILY_LINEAGE_THEN_CASE_MEAN_AS_APPLICABLE,EXPLORATORY_CONSUMED_DIAGNOSTIC_ONLY
MS,pressure_gradient_acceleration,LINEAGE,HMSO01R_A|FIELD_LINEAGE|0d9a0fc9b5f4f20cb32cc24ac6db7a1e45276ec79661381e7e476b453759d6b0,0.0,1.4500056740398457,0.0,EVALUABLE,EQUAL_FOLD_FAMILY_LINEAGE_THEN_CASE_MEAN_AS_APPLICABLE,EXPLORATORY_CONSUMED_DIAGNOSTIC_ONLY
MS,pressure_gradient_acceleration,LINEAGE,HMSO01R_A|FIELD_LINEAGE|0da6210822c1316c7a077be78ae0c871024433732125f17a7f978f92e0d637e1,0.0,0.5363770076728765,0.0,EVALUABLE,EQUAL_FOLD_FAMILY_LINEAGE_THEN_CASE_MEAN_AS_APPLICABLE,EXPLORATORY_CONSUMED_DIAGNOSTIC_ONLY
MS,pressure_gradient_acceleration,LINEAGE,HMSO01R_A|FIELD_LINEAGE|0ddf6cdd096735cc15f4456489e1d58f77aa80618dad5da96cca18e59be60b9c,0.0,0.8260173377962162,0.0,EVALUABLE,EQUAL_FOLD_FAMILY_LINEAGE_THEN_CASE_MEAN_AS_APPLICABLE,EXPLORATORY_CONSUMED_DIAGNOSTIC_ONLY
MS,pressure_gradient_acceleration,LINEAGE,HMSO01R_A|FIELD_LINEAGE|0e65acebdbaa92caa4bcb30c2a0feac4a5469aac1dd76780539181916f956f58,0.6032853069457116,1.6031570655894956,0.3763107931810025,EVALUABLE,EQUAL_FOLD_FAMILY_LINEAGE_THEN_CASE_MEAN_AS_APPLICABLE,EXPLORATORY_CONSUMED_DIAGNOSTIC_ONLY
MS,pressure_gradient_acceleration,LINEAGE,HMSO01R_A|FIELD_LINEAGE|0e85d8db167a222553e045c2d06d7055fe817db60fe9573c8fc78f52ed1f8615,0.007146628454017226,1.1352021634287688,0.0062954676129505635,EVALUABLE,EQUAL_FOLD_FAMILY_LINEAGE_THEN_CASE_MEAN_AS_APPLICABLE,EXPLORATORY_CONSUMED_DIAGNOSTIC_ONLY
MS,pressure_gradient_acceleration,LINEAGE,HMSO01R_A|FIELD_LINEAGE|0f0f1b8e6d3d2de7f2739e4c27aed7f4a0fa84df148b19d95d7dbbf8ec12bea3,0.0,1.1882491814215261,0.0,EVALUABLE,EQUAL_FOLD_FAMILY_LINEAGE_THEN_CASE_MEAN_AS_APPLICABLE,EXPLORATORY_CONSUMED_DIAGNOSTIC_ONLY
MS,pressure_gradient_acceleration,LINEAGE,HMSO01R_A|FIELD_LINEAGE|0f49beb059c8327e240fa524ede4b5d0ddc16e0eb915fce826282146040c0e20,0.0,0.9204151608087922,0.0,EVALUABLE,EQUAL_FOLD_FAMILY_LINEAGE_THEN_CASE_MEAN_AS_APPLICABLE,EXPLORATORY_CONSUMED_DIAGNOSTIC_ONLY
MS,pressure_gradient_acceleration,LINEAGE,HMSO01R_A|FIELD_LINEAGE|0fdda9072ffc8d97ff7e0441813be2217cbf8a41c67bef8c56cb65c5e8c889e5,0.0,1.032177815600816,0.0,EVALUABLE,EQUAL_FOLD_FAMILY_LINEAGE_THEN_CASE_MEAN_AS_APPLICABLE,EXPLORATORY_CONSUMED_DIAGNOSTIC_ONLY
MS,pressure_gradient_acceleration,LINEAGE,HMSO01R_A|FIELD_LINEAGE|1014832cdbdd8f9e416c91cfffc398c0221e1acf20617efe558f4efd66f3578a,0.0,0.9131650685284556,0.0,EVALUABLE,EQUAL_FOLD_FAMILY_LINEAGE_THEN_CASE_MEAN_AS_APPLICABLE,EXPLORATORY_CONSUMED_DIAGNOSTIC_ONLY
MS,pressure_gradient_acceleration,LINEAGE,HMSO01R_A|FIELD_LINEAGE|101e8ab2bfdfa561a79b7bef11d98c5487b65f400bdd7d35b17d61b9746e280e,0.0,1.1133027583140338,0.0,EVALUABLE,EQUAL_FOLD_FAMILY_LINEAGE_THEN_CASE_MEAN_AS_APPLICABLE,EXPLORATORY_CONSUMED_DIAGNOSTIC_ONLY
MS,pressure_gradient_acceleration,LINEAGE,HMSO01R_A|FIELD_LINEAGE|10ec2dec79c0538398e95e49cd33ade9183e905d4ea4b212dcd4e7ec34fc5546,0.0,1.4044736704313183,0.0,EVALUABLE,EQUAL_FOLD_FAMILY_LINEAGE_THEN_CASE_MEAN_AS_APPLICABLE,EXPLORATORY_CONSUMED_DIAGNOSTIC_ONLY
MS,pressure_gradient_acceleration,LINEAGE,HMSO01R_A|FIELD_LINEAGE|11fde86949c379fe2021d6c74cae47b21d76fdf394512bb275cf864fa8a207c8,0.0,1.3748863560773026,0.0,EVALUABLE,EQUAL_FOLD_FAMILY_LINEAGE_THEN_CASE_MEAN_AS_APPLICABLE,EXPLORATORY_CONSUMED_DIAGNOSTIC_ONLY
MS,pressure_gradient_acceleration,LINEAGE,HMSO01R_A|FIELD_LINEAGE|14fde0d6f8e15a741b90398f93d73484586c3eb3479f620760208e87c5b3db6c,0.0,1.3788994883180392,0.0,EVALUABLE,EQUAL_FOLD_FAMILY_LINEAGE_THEN_CASE_MEAN_AS_APPLICABLE,EXPLORATORY_CONSUMED_DIAGNOSTIC_ONLY
MS,pressure_gradient_acceleration,LINEAGE,HMSO01R_A|FIELD_LINEAGE|15651b29629c1bcfb68ed12ef597d6352232a9bc607eac6bb7e574563cec2b00,0.0,1.3721393668816733,0.0,EVALUABLE,EQUAL_FOLD_FAMILY_LINEAGE_THEN_CASE_MEAN_AS_APPLICABLE,EXPLORATORY_CONSUMED_DIAGNOSTIC_ONLY
MS,pressure_gradient_acceleration,LINEAGE,HMSO01R_A|FIELD_LINEAGE|16eb11153f438a544fbde5e29c9d4f0fc922c6cc49338ba6f7c68206ac580c7f,1.3205976525257666,8.524578557090123,0.15491647401470535,EVALUABLE,EQUAL_FOLD_FAMILY_LINEAGE_THEN_CASE_MEAN_AS_APPLICABLE,EXPLORATORY_CONSUMED_DIAGNOSTIC_ONLY
MS,pressure_gradient_acceleration,LINEAGE,HMSO01R_A|FIELD_LINEAGE|17af857dc7e075f66db0acfe5114e05e0f490cc5340cc9cfe073ae813844b776,0.0,1.187289326725002,0.0,EVALUABLE,EQUAL_FOLD_FAMILY_LINEAGE_THEN_CASE_MEAN_AS_APPLICABLE,EXPLORATORY_CONSUMED_DIAGNOSTIC_ONLY
MS,pressure_gradient_acceleration,LINEAGE,HMSO01R_A|FIELD_LINEAGE|191e9f46778b3758f1f78fde4f9e2a46913f5a82ffc9889aaa9e18e41d67ee0e,0.0,1.0866176308580708,0.0,EVALUABLE,EQUAL_FOLD_FAMILY_LINEAGE_THEN_CASE_MEAN_AS_APPLICABLE,EXPLORATORY_CONSUMED_DIAGNOSTIC_ONLY
MS,pressure_gradient_acceleration,LINEAGE,HMSO01R_A|FIELD_LINEAGE|197d7ec024c0036b09ad028c746809cfe1ed712ccbb40eead96390c6dfdd817b,0.28592214795531806,1.2137732545712256,0.23556471266647094,EVALUABLE,EQUAL_FOLD_FAMILY_LINEAGE_THEN_CASE_MEAN_AS_APPLICABLE,EXPLORATORY_CONSUMED_DIAGNOSTIC_ONLY
MS,pressure_gradient_acceleration,LINEAGE,HMSO01R_A|FIELD_LINEAGE|197ff926eb3d0f9ff98b06347687987d9933c0c4a0832b79258c496c53405132,0.0,1.1153573796610392,0.0,EVALUABLE,EQUAL_FOLD_FAMILY_LINEAGE_THEN_CASE_MEAN_AS_APPLICABLE,EXPLORATORY_CONSUMED_DIAGNOSTIC_ONLY
MS,pressure_gradient_acceleration,LINEAGE,HMSO01R_A|FIELD_LINEAGE|19bc9c15d585b69ea5a604b39577d278e2c7b171a2d899f0352dc2850b1dc0cb,0.0,1.31745216182496,0.0,EVALUABLE,EQUAL_FOLD_FAMILY_LINEAGE_THEN_CASE_MEAN_AS_APPLICABLE,EXPLORATORY_CONSUMED_DIAGNOSTIC_ONLY
MS,pressure_gradient_acceleration,LINEAGE,HMSO01R_A|FIELD_LINEAGE|1a444bf8e4f5678b58a9ba1debf6e16323abf2899e40040f0bbc7e1608156e14,0.0,1.0214698697639686,0.0,EVALUABLE,EQUAL_FOLD_FAMILY_LINEAGE_THEN_CASE_MEAN_AS_APPLICABLE,EXPLORATORY_CONSUMED_DIAGNOSTIC_ONLY
MS,pressure_gradient_acceleration,LINEAGE,HMSO01R_A|FIELD_LINEAGE|1b6f0cb3de33bc6abdb0882404222836bd00a9ad3c6fe2c95af35a87f0fa1200,0.2658959706319345,1.2863774978797398,0.20670135405057624,EVALUABLE,EQUAL_FOLD_FAMILY_LINEAGE_THEN_CASE_MEAN_AS_APPLICABLE,EXPLORATORY_CONSUMED_DIAGNOSTIC_ONLY
MS,pressure_gradient_acceleration,LINEAGE,HMSO01R_A|FIELD_LINEAGE|1d03c9c9f560219b53c739310adfe296cf8afec50561d01ce15be76ae73c1479,0.09776313343778528,1.6349029800040682,0.05979751375677474,EVALUABLE,EQUAL_FOLD_FAMILY_LINEAGE_THEN_CASE_MEAN_AS_APPLICABLE,EXPLORATORY_CONSUMED_DIAGNOSTIC_ONLY
MS,pressure_gradient_acceleration,LINEAGE,HMSO01R_A|FIELD_LINEAGE|1e499d17b9c103b93706f70e5fa2f7497086b8d1dab61b6d4e57ae6874e328ff,0.010379520768102321,1.3155493200523334,0.007889875818330717,EVALUABLE,EQUAL_FOLD_FAMILY_LINEAGE_THEN_CASE_MEAN_AS_APPLICABLE,EXPLORATORY_CONSUMED_DIAGNOSTIC_ONLY
MS,pressure_gradient_acceleration,LINEAGE,HMSO01R_A|FIELD_LINEAGE|20bbc33e3ce141e2f7eb99de3d0702689581411faf36ef6782c9dd4ff7bd0899,0.0,0.5206608990516488,0.0,EVALUABLE,EQUAL_FOLD_FAMILY_LINEAGE_THEN_CASE_MEAN_AS_APPLICABLE,EXPLORATORY_CONSUMED_DIAGNOSTIC_ONLY
MS,pressure_gradient_acceleration,LINEAGE,HMSO01R_A|FIELD_LINEAGE|20fd9f4e76cc9e98a79b808be25ffb0cc4d95c0522637973fd5963586426d614,0.0,0.5609691398371914,0.0,EVALUABLE,EQUAL_FOLD_FAMILY_LINEAGE_THEN_CASE_MEAN_AS_APPLICABLE,EXPLORATORY_CONSUMED_DIAGNOSTIC_ONLY
MS,pressure_gradient_acceleration,LINEAGE,HMSO01R_A|FIELD_LINEAGE|21308456c1ed84c2854c7a093be1e48cf9af8d5768485e2a86892e0fd138af17,0.5683310662248815,2.88902328215,0.19672083286290848,EVALUABLE,EQUAL_FOLD_FAMILY_LINEAGE_THEN_CASE_MEAN_AS_APPLICABLE,EXPLORATORY_CONSUMED_DIAGNOSTIC_ONLY
MS,pressure_gradient_acceleration,LINEAGE,HMSO01R_A|FIELD_LINEAGE|21b79bdb11d90c0a9b01efce71ed9eec0d7fba61736210c4c1ab358a9c4e965a,0.0,1.0439951042581619,0.0,EVALUABLE,EQUAL_FOLD_FAMILY_LINEAGE_THEN_CASE_MEAN_AS_APPLICABLE,EXPLORATORY_CONSUMED_DIAGNOSTIC_ONLY
MS,pressure_gradient_acceleration,LINEAGE,HMSO01R_A|FIELD_LINEAGE|21dfb26365637485a590f4aa1b2a5297d551eab87745fb26abbdd41a0e1d8daa,2.410807556967228,2.43845246429277,0.9886629295709647,EVALUABLE,EQUAL_FOLD_FAMILY_LINEAGE_THEN_CASE_MEAN_AS_APPLICABLE,EXPLORATORY_CONSUMED_DIAGNOSTIC_ONLY
MS,pressure_gradient_acceleration,LINEAGE,HMSO01R_A|FIELD_LINEAGE|226b761343bde11d0f8531972b4efd2a54f34c441ce74b43268bfdfde41542ed,0.110407426459959,1.2662546271903699,0.08719212083349825,EVALUABLE,EQUAL_FOLD_FAMILY_LINEAGE_THEN_CASE_MEAN_AS_APPLICABLE,EXPLORATORY_CONSUMED_DIAGNOSTIC_ONLY
MS,pressure_gradient_acceleration,LINEAGE,HMSO01R_A|FIELD_LINEAGE|292cdf1c570d6fb417a11eb6a7d4d830f9162a0bf0e09496e15edbaa84e1f3f4,0.05708148902231035,1.3612156242242937,0.04193420058254105,EVALUABLE,EQUAL_FOLD_FAMILY_LINEAGE_THEN_CASE_MEAN_AS_APPLICABLE,EXPLORATORY_CONSUMED_DIAGNOSTIC_ONLY
MS,pressure_gradient_acceleration,LINEAGE,HMSO01R_A|FIELD_LINEAGE|29dc93f9e64f8875b47eb06f84606bc0c4a0e9315877441085164bd7870ebc8e,0.0,1.194112681564874,0.0,EVALUABLE,EQUAL_FOLD_FAMILY_LINEAGE_THEN_CASE_MEAN_AS_APPLICABLE,EXPLORATORY_CONSUMED_DIAGNOSTIC_ONLY
MS,pressure_gradient_acceleration,LINEAGE,HMSO01R_A|FIELD_LINEAGE|2bf67fa14447cc7892bedcae7ba79ef420cf3b1aa476bde75527a097c9a5c922,0.2680090765580601,1.6758217817323457,0.15992695612358693,EVALUABLE,EQUAL_FOLD_FAMILY_LINEAGE_THEN_CASE_MEAN_AS_APPLICABLE,EXPLORATORY_CONSUMED_DIAGNOSTIC_ONLY
MS,pressure_gradient_acceleration,LINEAGE,HMSO01R_A|FIELD_LINEAGE|2d885ab8e36e98def0f3a036fab45f57940afd290e12c42ece2cbbf2a0b7faed,1.2008088802722241e-07,1.261254815461715,9.520747636017049e-08,EVALUABLE,EQUAL_FOLD_FAMILY_LINEAGE_THEN_CASE_MEAN_AS_APPLICABLE,EXPLORATORY_CONSUMED_DIAGNOSTIC_ONLY
MS,pressure_gradient_acceleration,LINEAGE,HMSO01R_A|FIELD_LINEAGE|2e00a5aa730d3fe2629242ac9cb05445890c5ccd2cee3bc6b04bd3dcaa176cdc,0.0,1.287694727790583,0.0,EVALUABLE,EQUAL_FOLD_FAMILY_LINEAGE_THEN_CASE_MEAN_AS_APPLICABLE,EXPLORATORY_CONSUMED_DIAGNOSTIC_ONLY
MS,pressure_gradient_acceleration,LINEAGE,HMSO01R_A|FIELD_LINEAGE|3264ae7008b91adb6f4b677f3ecc13cbe5ab1143b7f33ef501525d095e0b618c,1.082065613175444,1.0608397674697534,1.0200085313131853,EVALUABLE,EQUAL_FOLD_FAMILY_LINEAGE_THEN_CASE_MEAN_AS_APPLICABLE,EXPLORATORY_CONSUMED_DIAGNOSTIC_ONLY
MS,pressure_gradient_acceleration,LINEAGE,HMSO01R_A|FIELD_LINEAGE|3283083498700d830b6f9393659c16097acacaf984f6c43b70c65438a233286d,2.3512873389863737e-07,1.0554739556175599,2.2277075871669718e-07,EVALUABLE,EQUAL_FOLD_FAMILY_LINEAGE_THEN_CASE_MEAN_AS_APPLICABLE,EXPLORATORY_CONSUMED_DIAGNOSTIC_ONLY
MS,pressure_gradient_acceleration,LINEAGE,HMSO01R_A|FIELD_LINEAGE|34168bb92814c253cb6b05f8022442aa6cab311b67f648a00b758da530873bc9,0.0,1.154273283752937,0.0,EVALUABLE,EQUAL_FOLD_FAMILY_LINEAGE_THEN_CASE_MEAN_AS_APPLICABLE,EXPLORATORY_CONSUMED_DIAGNOSTIC_ONLY
MS,pressure_gradient_acceleration,LINEAGE,HMSO01R_A|FIELD_LINEAGE|34a4e80876c1805c1767ae4dec4e60fe92b927519de4d3f4fc98d8e491efa006,0.0,0.790228772601083,0.0,EVALUABLE,EQUAL_FOLD_FAMILY_LINEAGE_THEN_CASE_MEAN_AS_APPLICABLE,EXPLORATORY_CONSUMED_DIAGNOSTIC_ONLY
MS,pressure_gradient_acceleration,LINEAGE,HMSO01R_A|FIELD_LINEAGE|367777ab46eb41f1d6390744a91dc4aea35bac8f23f02a2f5c6dee473916edbd,0.0,1.1106893231438262,0.0,EVALUABLE,EQUAL_FOLD_FAMILY_LINEAGE_THEN_CASE_MEAN_AS_APPLICABLE,EXPLORATORY_CONSUMED_DIAGNOSTIC_ONLY
MS,pressure_gradient_acceleration,LINEAGE,HMSO01R_A|FIELD_LINEAGE|381d8f63546be0384f86ba8b518abcf8c4d107fec707374fb03828151e0b75af,0.0,0.44537122392177786,0.0,EVALUABLE,EQUAL_FOLD_FAMILY_LINEAGE_THEN_CASE_MEAN_AS_APPLICABLE,EXPLORATORY_CONSUMED_DIAGNOSTIC_ONLY
MS,pressure_gradient_acceleration,LINEAGE,HMSO01R_A|FIELD_LINEAGE|38ed780ae9e2ceb725d12dc596e69f348d116c6ab5da75f5bae97744169a86db,1.5563650828526694,3.969669089527266,0.3920641866493742,EVALUABLE,EQUAL_FOLD_FAMILY_LINEAGE_THEN_CASE_MEAN_AS_APPLICABLE,EXPLORATORY_CONSUMED_DIAGNOSTIC_ONLY
MS,pressure_gradient_acceleration,LINEAGE,HMSO01R_A|FIELD_LINEAGE|39a5eaeb1afddf9af00bec82f67fdf5414fc1d1e11076c2f86704fda2809ab87,0.0,1.3140637197993466,0.0,EVALUABLE,EQUAL_FOLD_FAMILY_LINEAGE_THEN_CASE_MEAN_AS_APPLICABLE,EXPLORATORY_CONSUMED_DIAGNOSTIC_ONLY
MS,pressure_gradient_acceleration,LINEAGE,HMSO01R_A|FIELD_LINEAGE|3c7ea9b77bf044ea3d9c6d199831fc605b20c1d7b4a9ad213eb80b5cab2c0296,0.0,1.017738649825616,0.0,EVALUABLE,EQUAL_FOLD_FAMILY_LINEAGE_THEN_CASE_MEAN_AS_APPLICABLE,EXPLORATORY_CONSUMED_DIAGNOSTIC_ONLY
MS,pressure_gradient_acceleration,LINEAGE,HMSO01R_A|FIELD_LINEAGE|3d33238d426baab3f4ff1c525309d0c0b825fb99fca42c8d1a5482ea92f2f1a6,0.24464135812135718,1.133328741245186,0.2158608965061366,EVALUABLE,EQUAL_FOLD_FAMILY_LINEAGE_THEN_CASE_MEAN_AS_APPLICABLE,EXPLORATORY_CONSUMED_DIAGNOSTIC_ONLY
MS,pressure_gradient_acceleration,LINEAGE,HMSO01R_A|FIELD_LINEAGE|3e17b326e03465aac98a6b656cd3125c19ada3cc77d6223ebd6e30804155ff56,0.0,1.3554272280345248,0.0,EVALUABLE,EQUAL_FOLD_FAMILY_LINEAGE_THEN_CASE_MEAN_AS_APPLICABLE,EXPLORATORY_CONSUMED_DIAGNOSTIC_ONLY
MS,pressure_gradient_acceleration,LINEAGE,HMSO01R_A|FIELD_LINEAGE|3e594f148c4f0181faaf58cc7906a2e9e8709c7be31e59cdc8bdd6b6b7c398a2,0.0,1.2929133014168637,0.0,EVALUABLE,EQUAL_FOLD_FAMILY_LINEAGE_THEN_CASE_MEAN_AS_APPLICABLE,EXPLORATORY_CONSUMED_DIAGNOSTIC_ONLY
MS,pressure_gradient_acceleration,LINEAGE,HMSO01R_A|FIELD_LINEAGE|40ad278dca26109101acf56cf89434c2db030106327c552c8aaad7f18589b1fc,0.0,0.48138058709946163,0.0,EVALUABLE,EQUAL_FOLD_FAMILY_LINEAGE_THEN_CASE_MEAN_AS_APPLICABLE,EXPLORATORY_CONSUMED_DIAGNOSTIC_ONLY
MS,pressure_gradient_acceleration,LINEAGE,HMSO01R_A|FIELD_LINEAGE|41b714ff189f53f826864cf9fac2bed83a6e097351a7033fcea23d658bf21b54,0.6891402426945585,1.294473925971372,0.532370895132112,EVALUABLE,EQUAL_FOLD_FAMILY_LINEAGE_THEN_CASE_MEAN_AS_APPLICABLE,EXPLORATORY_CONSUMED_DIAGNOSTIC_ONLY
MS,pressure_gradient_acceleration,LINEAGE,HMSO01R_A|FIELD_LINEAGE|41ec221cb0eeb1bbfd7efc4d5d4cd642cd62a71a09fd5ce2fc9fff0cbe48931c,8.355477722983516e-09,1.0147157782790104,8.234303537838611e-09,EVALUABLE,EQUAL_FOLD_FAMILY_LINEAGE_THEN_CASE_MEAN_AS_APPLICABLE,EXPLORATORY_CONSUMED_DIAGNOSTIC_ONLY
MS,pressure_gradient_acceleration,LINEAGE,HMSO01R_A|FIELD_LINEAGE|429c6019f8749d53e4581b918e84a928af92c02c8bd8516136f7bea7e94cf671,0.0,1.189020445248989,0.0,EVALUABLE,EQUAL_FOLD_FAMILY_LINEAGE_THEN_CASE_MEAN_AS_APPLICABLE,EXPLORATORY_CONSUMED_DIAGNOSTIC_ONLY
MS,pressure_gradient_acceleration,LINEAGE,HMSO01R_A|FIELD_LINEAGE|42e50ef40056d389a76817004688f104ee3861e2ea394e0b7ded0e04dbc7e54e,0.0,1.112090487933706,0.0,EVALUABLE,EQUAL_FOLD_FAMILY_LINEAGE_THEN_CASE_MEAN_AS_APPLICABLE,EXPLORATORY_CONSUMED_DIAGNOSTIC_ONLY
MS,pressure_gradient_acceleration,LINEAGE,HMSO01R_A|FIELD_LINEAGE|43048a070f7e90a4b3daec507e653fb282b428f5e4cf309a72c949e8f5226bf3,0.0,1.0964466338212309,0.0,EVALUABLE,EQUAL_FOLD_FAMILY_LINEAGE_THEN_CASE_MEAN_AS_APPLICABLE,EXPLORATORY_CONSUMED_DIAGNOSTIC_ONLY
MS,pressure_gradient_acceleration,LINEAGE,HMSO01R_A|FIELD_LINEAGE|4389c621e60229f631c944081b4adc544d96927c12f624ff90ee3e85668f651e,0.0,1.2069851825584796,0.0,EVALUABLE,EQUAL_FOLD_FAMILY_LINEAGE_THEN_CASE_MEAN_AS_APPLICABLE,EXPLORATORY_CONSUMED_DIAGNOSTIC_ONLY
MS,pressure_gradient_acceleration,LINEAGE,HMSO01R_A|FIELD_LINEAGE|440a69e5e6d8a6266c3153ff4cc4273aafca8ec71c677d3f24cfa0db89cae65c,1.5384028990016696,5.507771933867039,0.2793149239789869,EVALUABLE,EQUAL_FOLD_FAMILY_LINEAGE_THEN_CASE_MEAN_AS_APPLICABLE,EXPLORATORY_CONSUMED_DIAGNOSTIC_ONLY
MS,pressure_gradient_acceleration,LINEAGE,HMSO01R_A|FIELD_LINEAGE|4666d705aea26a6f22073d7a13f6e76c36824d125314c031a782f73ac5ba6779,0.0,1.1713528651570515,0.0,EVALUABLE,EQUAL_FOLD_FAMILY_LINEAGE_THEN_CASE_MEAN_AS_APPLICABLE,EXPLORATORY_CONSUMED_DIAGNOSTIC_ONLY
MS,pressure_gradient_acceleration,LINEAGE,HMSO01R_A|FIELD_LINEAGE|46ad1db2ba1a448aa8fcf8fea69b4b772861af80c9b661f505a8c591ffdfe68c,0.0,1.0350048371053941,0.0,EVALUABLE,EQUAL_FOLD_FAMILY_LINEAGE_THEN_CASE_MEAN_AS_APPLICABLE,EXPLORATORY_CONSUMED_DIAGNOSTIC_ONLY
MS,pressure_gradient_acceleration,LINEAGE,HMSO01R_A|FIELD_LINEAGE|4729596698ed7c65dd5f082aea4dac27cd26c6550de18eb2382e9ca6f186b90b,0.0,1.5761287254929048,0.0,EVALUABLE,EQUAL_FOLD_FAMILY_LINEAGE_THEN_CASE_MEAN_AS_APPLICABLE,EXPLORATORY_CONSUMED_DIAGNOSTIC_ONLY
MS,pressure_gradient_acceleration,LINEAGE,HMSO01R_A|FIELD_LINEAGE|475ead0c3c732d8046f08c0918482fe4219c4fa643d2e948ba96c0bc2f6d887d,0.09174749416192178,1.2422538814056323,0.07385567115967298,EVALUABLE,EQUAL_FOLD_FAMILY_LINEAGE_THEN_CASE_MEAN_AS_APPLICABLE,EXPLORATORY_CONSUMED_DIAGNOSTIC_ONLY
MS,pressure_gradient_acceleration,LINEAGE,HMSO01R_A|FIELD_LINEAGE|49aae8e0ac8e4584d3624cd5459480c917c8157571a4f7ac9660003550146055,0.0,1.2461970160124203,0.0,EVALUABLE,EQUAL_FOLD_FAMILY_LINEAGE_THEN_CASE_MEAN_AS_APPLICABLE,EXPLORATORY_CONSUMED_DIAGNOSTIC_ONLY
MS,pressure_gradient_acceleration,LINEAGE,HMSO01R_A|FIELD_LINEAGE|4a864b01d23e69fbf80902fd3a728f366c9eb285ead51eb5724dfe25ca232031,0.0,1.2365062949278165,0.0,EVALUABLE,EQUAL_FOLD_FAMILY_LINEAGE_THEN_CASE_MEAN_AS_APPLICABLE,EXPLORATORY_CONSUMED_DIAGNOSTIC_ONLY
MS,pressure_gradient_acceleration,LINEAGE,HMSO01R_A|FIELD_LINEAGE|4c3bbd0a7d56407cf1ccc6d516e10bc822949b03124ef92a27e554a97f6ed1b2,0.0,1.4435530686680162,0.0,EVALUABLE,EQUAL_FOLD_FAMILY_LINEAGE_THEN_CASE_MEAN_AS_APPLICABLE,EXPLORATORY_CONSUMED_DIAGNOSTIC_ONLY
MS,pressure_gradient_acceleration,LINEAGE,HMSO01R_A|FIELD_LINEAGE|4cf69c455bf1f50d880646e37d5ce58645992adb18a995a52fdf89583dcd2384,0.0358691524500123,0.608665453753138,0.05893081696823241,EVALUABLE,EQUAL_FOLD_FAMILY_LINEAGE_THEN_CASE_MEAN_AS_APPLICABLE,EXPLORATORY_CONSUMED_DIAGNOSTIC_ONLY
MS,pressure_gradient_acceleration,LINEAGE,HMSO01R_A|FIELD_LINEAGE|51aa7e7dbbb5aa6496f5ed0b95d8e85438067333a238c5e41877a3cd9ace3175,0.0,1.436800110572492,0.0,EVALUABLE,EQUAL_FOLD_FAMILY_LINEAGE_THEN_CASE_MEAN_AS_APPLICABLE,EXPLORATORY_CONSUMED_DIAGNOSTIC_ONLY
MS,pressure_gradient_acceleration,LINEAGE,HMSO01R_A|FIELD_LINEAGE|541d56dfe6d37f091e41084f899b04aeee2814cee915608e406b47dce85c3c8b,0.0,1.2954920986725167,0.0,EVALUABLE,EQUAL_FOLD_FAMILY_LINEAGE_THEN_CASE_MEAN_AS_APPLICABLE,EXPLORATORY_CONSUMED_DIAGNOSTIC_ONLY
MS,pressure_gradient_acceleration,LINEAGE,HMSO01R_A|FIELD_LINEAGE|55cdcba2ab757796978976644840d2bce6b96e998f32047a71aff1f289ed6480,0.0,1.3401001431339308,0.0,EVALUABLE,EQUAL_FOLD_FAMILY_LINEAGE_THEN_CASE_MEAN_AS_APPLICABLE,EXPLORATORY_CONSUMED_DIAGNOSTIC_ONLY
MS,pressure_gradient_acceleration,LINEAGE,HMSO01R_A|FIELD_LINEAGE|56571c9b6d895bc0e855ce89225a188e41167fe16fc1aed7e4e19ab1ddaef9cb,0.9064840798006278,1.3165430675527294,0.688533555902319,EVALUABLE,EQUAL_FOLD_FAMILY_LINEAGE_THEN_CASE_MEAN_AS_APPLICABLE,EXPLORATORY_CONSUMED_DIAGNOSTIC_ONLY
MS,pressure_gradient_acceleration,LINEAGE,HMSO01R_A|FIELD_LINEAGE|5717c014ee19e2404587fa3546273faef8d6d97d2a31a4b9e01b24770e476426,0.0,1.0112492355498484,0.0,EVALUABLE,EQUAL_FOLD_FAMILY_LINEAGE_THEN_CASE_MEAN_AS_APPLICABLE,EXPLORATORY_CONSUMED_DIAGNOSTIC_ONLY
MS,pressure_gradient_acceleration,LINEAGE,HMSO01R_A|FIELD_LINEAGE|5788e5f098ee24a0bfe3ef48cb7ba08a0bdbab2c319fd19eedc3c9eb4ac76f03,0.0,0.4288981198967099,0.0,EVALUABLE,EQUAL_FOLD_FAMILY_LINEAGE_THEN_CASE_MEAN_AS_APPLICABLE,EXPLORATORY_CONSUMED_DIAGNOSTIC_ONLY
MS,pressure_gradient_acceleration,LINEAGE,HMSO01R_A|FIELD_LINEAGE|5851badadb2dbcb7aa9bd12e7e1999f87fd380febbee831ba86fec2a8906fa0a,2.825121455850262,2.6220363864141225,1.07745318504671,EVALUABLE,EQUAL_FOLD_FAMILY_LINEAGE_THEN_CASE_MEAN_AS_APPLICABLE,EXPLORATORY_CONSUMED_DIAGNOSTIC_ONLY
MS,pressure_gradient_acceleration,LINEAGE,HMSO01R_A|FIELD_LINEAGE|5915fb95e293a089619d78d1366edf95fa145cc69452df6337d9252e862b1502,0.0,1.1401668136635388,0.0,EVALUABLE,EQUAL_FOLD_FAMILY_LINEAGE_THEN_CASE_MEAN_AS_APPLICABLE,EXPLORATORY_CONSUMED_DIAGNOSTIC_ONLY
MS,pressure_gradient_acceleration,LINEAGE,HMSO01R_A|FIELD_LINEAGE|5932ef4f3ff2f79b2fa4005d45fb593b78f4308c6edd18917a8552256cdfcf19,0.23311780624937495,1.1533431366721245,0.20212354748303002,EVALUABLE,EQUAL_FOLD_FAMILY_LINEAGE_THEN_CASE_MEAN_AS_APPLICABLE,EXPLORATORY_CONSUMED_DIAGNOSTIC_ONLY
MS,pressure_gradient_acceleration,LINEAGE,HMSO01R_A|FIELD_LINEAGE|59aef3f6a7aa33f774612e58955e925638af1b151b9e6b2d7127236b21c1a5a6,1.4584772183803563,5.260419718330626,0.27725491433660704,EVALUABLE,EQUAL_FOLD_FAMILY_LINEAGE_THEN_CASE_MEAN_AS_APPLICABLE,EXPLORATORY_CONSUMED_DIAGNOSTIC_ONLY
MS,pressure_gradient_acceleration,LINEAGE,HMSO01R_A|FIELD_LINEAGE|5a0dbac6ae904f5529ad460639c41b1b383ca8809b93f779bcc31cb0fd08d08b,0.04344869665677673,0.9446883404795865,0.04599262507539713,EVALUABLE,EQUAL_FOLD_FAMILY_LINEAGE_THEN_CASE_MEAN_AS_APPLICABLE,EXPLORATORY_CONSUMED_DIAGNOSTIC_ONLY
MS,pressure_gradient_acceleration,LINEAGE,HMSO01R_A|FIELD_LINEAGE|5c056a7425c54539d868f52b6ae68a4c578195d4f6b5cb7d636be4eab2c2df8c,0.2676194708474163,1.1778456238717965,0.22721099049271123,EVALUABLE,EQUAL_FOLD_FAMILY_LINEAGE_THEN_CASE_MEAN_AS_APPLICABLE,EXPLORATORY_CONSUMED_DIAGNOSTIC_ONLY
MS,pressure_gradient_acceleration,LINEAGE,HMSO01R_A|FIELD_LINEAGE|5c07d2280b8a6c46f1c42b9f7878f3f5c5e2174c9419aaf05f2bb6b52ab2f5f6,0.41494324037088914,1.6608227719129345,0.24984197434441352,EVALUABLE,EQUAL_FOLD_FAMILY_LINEAGE_THEN_CASE_MEAN_AS_APPLICABLE,EXPLORATORY_CONSUMED_DIAGNOSTIC_ONLY
MS,pressure_gradient_acceleration,LINEAGE,HMSO01R_A|FIELD_LINEAGE|5cf76bdd12cdf0612bba343b6cf1b9e46ef0764cc183560f7b16acacca9460f1,0.19215462693805635,1.6820522043095107,0.11423820642768731,EVALUABLE,EQUAL_FOLD_FAMILY_LINEAGE_THEN_CASE_MEAN_AS_APPLICABLE,EXPLORATORY_CONSUMED_DIAGNOSTIC_ONLY
MS,pressure_gradient_acceleration,LINEAGE,HMSO01R_A|FIELD_LINEAGE|5d84595c43a38b585d7953f18ac50da686f8debb482b1cca6058cffe84d274b6,11.60555414298157,12.611351286977127,0.9202466792726506,EVALUABLE,EQUAL_FOLD_FAMILY_LINEAGE_THEN_CASE_MEAN_AS_APPLICABLE,EXPLORATORY_CONSUMED_DIAGNOSTIC_ONLY
MS,pressure_gradient_acceleration,LINEAGE,HMSO01R_A|FIELD_LINEAGE|5e2623db68536d2f4bee911245429597fdaee9006859890dec92aeaff707fe09,0.0,1.2970398373137435,0.0,EVALUABLE,EQUAL_FOLD_FAMILY_LINEAGE_THEN_CASE_MEAN_AS_APPLICABLE,EXPLORATORY_CONSUMED_DIAGNOSTIC_ONLY
MS,pressure_gradient_acceleration,LINEAGE,HMSO01R_A|FIELD_LINEAGE|61b0a8ee57598b36eed2786a9e3e1cafd7d1e5cb7b5052c92f6d5c1826bc6619,0.0,1.2386161624845067,0.0,EVALUABLE,EQUAL_FOLD_FAMILY_LINEAGE_THEN_CASE_MEAN_AS_APPLICABLE,EXPLORATORY_CONSUMED_DIAGNOSTIC_ONLY
MS,pressure_gradient_acceleration,LINEAGE,HMSO01R_A|FIELD_LINEAGE|61d4f5ea89fdb94c7fd8a7150c89f5910fdf9e6c5a71383e850b5a750c8fcf55,0.0,0.9430045367911358,0.0,EVALUABLE,EQUAL_FOLD_FAMILY_LINEAGE_THEN_CASE_MEAN_AS_APPLICABLE,EXPLORATORY_CONSUMED_DIAGNOSTIC_ONLY
MS,pressure_gradient_acceleration,LINEAGE,HMSO01R_A|FIELD_LINEAGE|6260b45ec31956360cb50305f8ad9fa70be57f53fb24bc0523fc70aeb48f57ae,0.0,1.378117876492584,0.0,EVALUABLE,EQUAL_FOLD_FAMILY_LINEAGE_THEN_CASE_MEAN_AS_APPLICABLE,EXPLORATORY_CONSUMED_DIAGNOSTIC_ONLY
MS,pressure_gradient_acceleration,LINEAGE,HMSO01R_A|FIELD_LINEAGE|6359faeb0765247f7e12d6c9e8bbc8898fa74fca5c76c863a6009dffddbcb32e,0.0,1.1767623618765823,0.0,EVALUABLE,EQUAL_FOLD_FAMILY_LINEAGE_THEN_CASE_MEAN_AS_APPLICABLE,EXPLORATORY_CONSUMED_DIAGNOSTIC_ONLY
MS,pressure_gradient_acceleration,LINEAGE,HMSO01R_A|FIELD_LINEAGE|64cf1977fe8b52c7e0fc1798d4810be4243b09c0886573ce42439c1eaf431667,0.11844875708630817,1.3221236692085836,0.08958977124826076,EVALUABLE,EQUAL_FOLD_FAMILY_LINEAGE_THEN_CASE_MEAN_AS_APPLICABLE,EXPLORATORY_CONSUMED_DIAGNOSTIC_ONLY
MS,pressure_gradient_acceleration,LINEAGE,HMSO01R_A|FIELD_LINEAGE|66e31e43c39c0807b2398e5067c9aaab318a50b596f04344988d8e71103f4693,0.0,1.0067342930583179,0.0,EVALUABLE,EQUAL_FOLD_FAMILY_LINEAGE_THEN_CASE_MEAN_AS_APPLICABLE,EXPLORATORY_CONSUMED_DIAGNOSTIC_ONLY
MS,pressure_gradient_acceleration,LINEAGE,HMSO01R_A|FIELD_LINEAGE|6918def6b8a6923e67fc2a25f9ee5a59a177f2b6c9bf8dfd922cd28ef3b4c287,0.0,0.5524365593875837,0.0,EVALUABLE,EQUAL_FOLD_FAMILY_LINEAGE_THEN_CASE_MEAN_AS_APPLICABLE,EXPLORATORY_CONSUMED_DIAGNOSTIC_ONLY
MS,pressure_gradient_acceleration,LINEAGE,HMSO01R_A|FIELD_LINEAGE|6aba5ce17b9c02240405669069c0b485de9d3ce1714e3e85b0411d61ec7beb5e,0.0,0.5192462928132224,0.0,EVALUABLE,EQUAL_FOLD_FAMILY_LINEAGE_THEN_CASE_MEAN_AS_APPLICABLE,EXPLORATORY_CONSUMED_DIAGNOSTIC_ONLY
MS,pressure_gradient_acceleration,LINEAGE,HMSO01R_A|FIELD_LINEAGE|6ad90de4847db7d34a3540ed573a050180b363be817d3503c19045b1a2f0ed3c,0.0,1.271212648860439,0.0,EVALUABLE,EQUAL_FOLD_FAMILY_LINEAGE_THEN_CASE_MEAN_AS_APPLICABLE,EXPLORATORY_CONSUMED_DIAGNOSTIC_ONLY
MS,pressure_gradient_acceleration,LINEAGE,HMSO01R_A|FIELD_LINEAGE|6af5032f0b166e8e3ff27ce0b5fdfb49cda87c61afe66a4eb6eb807e625daf8a,0.0,1.2817661451548996,0.0,EVALUABLE,EQUAL_FOLD_FAMILY_LINEAGE_THEN_CASE_MEAN_AS_APPLICABLE,EXPLORATORY_CONSUMED_DIAGNOSTIC_ONLY
MS,pressure_gradient_acceleration,LINEAGE,HMSO01R_A|FIELD_LINEAGE|6d1fc2b84d6da564ae936d907e04365ad5b63a9377b77c1faa05d68a9fe06d3c,0.13619424971500207,1.2925907938665773,0.10536532548525965,EVALUABLE,EQUAL_FOLD_FAMILY_LINEAGE_THEN_CASE_MEAN_AS_APPLICABLE,EXPLORATORY_CONSUMED_DIAGNOSTIC_ONLY
MS,pressure_gradient_acceleration,LINEAGE,HMSO01R_A|FIELD_LINEAGE|6d4353b03da9874056ea6f087e4493dcb629a7b8bd4a1eabce0a6b1b20255b6c,0.0,0.7925218793480863,0.0,EVALUABLE,EQUAL_FOLD_FAMILY_LINEAGE_THEN_CASE_MEAN_AS_APPLICABLE,EXPLORATORY_CONSUMED_DIAGNOSTIC_ONLY
MS,pressure_gradient_acceleration,LINEAGE,HMSO01R_A|FIELD_LINEAGE|70dd50135b0ce37b393c6eae858eae2988f95a40a860753345e473ce01dd9d91,0.13960159551312357,1.3212595608983517,0.10565796429749622,EVALUABLE,EQUAL_FOLD_FAMILY_LINEAGE_THEN_CASE_MEAN_AS_APPLICABLE,EXPLORATORY_CONSUMED_DIAGNOSTIC_ONLY
MS,pressure_gradient_acceleration,LINEAGE,HMSO01R_A|FIELD_LINEAGE|724fd3a44cb8ec4985e45f721837e7f4eeea1666b35a166345e025918455e304,0.09666487597045262,1.2752235694996017,0.07580229716769112,EVALUABLE,EQUAL_FOLD_FAMILY_LINEAGE_THEN_CASE_MEAN_AS_APPLICABLE,EXPLORATORY_CONSUMED_DIAGNOSTIC_ONLY
MS,pressure_gradient_acceleration,LINEAGE,HMSO01R_A|FIELD_LINEAGE|72bbc35959df916eca72e8fb7e723c361c09592753187c3754f344aae218c230,0.04555725353415134,2.5291648747737177,0.018012765394833073,EVALUABLE,EQUAL_FOLD_FAMILY_LINEAGE_THEN_CASE_MEAN_AS_APPLICABLE,EXPLORATORY_CONSUMED_DIAGNOSTIC_ONLY
MS,pressure_gradient_acceleration,LINEAGE,HMSO01R_A|FIELD_LINEAGE|73f5ee97e40c47c1aa5579bcf72cf190dfaf3aad2886cc887f3295530388016c,0.08868814365980315,0.6216149455790534,0.14267376338126397,EVALUABLE,EQUAL_FOLD_FAMILY_LINEAGE_THEN_CASE_MEAN_AS_APPLICABLE,EXPLORATORY_CONSUMED_DIAGNOSTIC_ONLY
MS,pressure_gradient_acceleration,LINEAGE,HMSO01R_A|FIELD_LINEAGE|75819144781d043ebbeb8c2d3fbfa9139c47542df53315ab71a80a7addb49109,0.725499977009769,2.2788999958712846,0.31835533736634675,EVALUABLE,EQUAL_FOLD_FAMILY_LINEAGE_THEN_CASE_MEAN_AS_APPLICABLE,EXPLORATORY_CONSUMED_DIAGNOSTIC_ONLY
MS,pressure_gradient_acceleration,LINEAGE,HMSO01R_A|FIELD_LINEAGE|7583af7a3fd0bfbef70db28fd30d8a1112bd000451f8c0ebdcd0eabb3acf22a1,0.0,1.2559093291582843,0.0,EVALUABLE,EQUAL_FOLD_FAMILY_LINEAGE_THEN_CASE_MEAN_AS_APPLICABLE,EXPLORATORY_CONSUMED_DIAGNOSTIC_ONLY
MS,pressure_gradient_acceleration,LINEAGE,HMSO01R_A|FIELD_LINEAGE|788bb18808dd1be8d0fa3d7caafb9ed17441fce457a419d2bbaf861831d83a81,0.0,0.4318096467010415,0.0,EVALUABLE,EQUAL_FOLD_FAMILY_LINEAGE_THEN_CASE_MEAN_AS_APPLICABLE,EXPLORATORY_CONSUMED_DIAGNOSTIC_ONLY
MS,pressure_gradient_acceleration,LINEAGE,HMSO01R_A|FIELD_LINEAGE|7a0ba19f2cf324db5922acc61291c51f82b574717f73f269f12eae7bcc99ab35,0.005409366248462124,1.1178031249898057,0.004839283526346785,EVALUABLE,EQUAL_FOLD_FAMILY_LINEAGE_THEN_CASE_MEAN_AS_APPLICABLE,EXPLORATORY_CONSUMED_DIAGNOSTIC_ONLY
MS,pressure_gradient_acceleration,LINEAGE,HMSO01R_A|FIELD_LINEAGE|7a40ff07646995058d8981271562dfa4f2cc77b96f79dba59c7ae90f96586134,0.0,1.0855869262430022,0.0,EVALUABLE,EQUAL_FOLD_FAMILY_LINEAGE_THEN_CASE_MEAN_AS_APPLICABLE,EXPLORATORY_CONSUMED_DIAGNOSTIC_ONLY
MS,pressure_gradient_acceleration,LINEAGE,HMSO01R_A|FIELD_LINEAGE|7a536ab09e10cdf42c9afdd1f0f02ad4a5141ab50a8f50eb0b247ee08a4c67c0,0.0,0.41441823479941076,0.0,EVALUABLE,EQUAL_FOLD_FAMILY_LINEAGE_THEN_CASE_MEAN_AS_APPLICABLE,EXPLORATORY_CONSUMED_DIAGNOSTIC_ONLY
MS,pressure_gradient_acceleration,LINEAGE,HMSO01R_A|FIELD_LINEAGE|7b060c06cca73ad49fc21e32e1688bcbe34e5745a78029b452cbacf697a204be,0.1382832704270438,1.0119043621185213,0.13665646241264756,EVALUABLE,EQUAL_FOLD_FAMILY_LINEAGE_THEN_CASE_MEAN_AS_APPLICABLE,EXPLORATORY_CONSUMED_DIAGNOSTIC_ONLY
MS,pressure_gradient_acceleration,LINEAGE,HMSO01R_A|FIELD_LINEAGE|7be8c21ecd7eaebf293b54b94f1920e19f00da5d0e416aaa8f7c69137970c399,0.0,0.9406148877460447,0.0,EVALUABLE,EQUAL_FOLD_FAMILY_LINEAGE_THEN_CASE_MEAN_AS_APPLICABLE,EXPLORATORY_CONSUMED_DIAGNOSTIC_ONLY
MS,pressure_gradient_acceleration,LINEAGE,HMSO01R_A|FIELD_LINEAGE|7c009b8ab0dfadca9095462a890aab36eac46b48a3c131f7a908a8d37a21f707,0.0,1.0471821634019478,0.0,EVALUABLE,EQUAL_FOLD_FAMILY_LINEAGE_THEN_CASE_MEAN_AS_APPLICABLE,EXPLORATORY_CONSUMED_DIAGNOSTIC_ONLY
MS,pressure_gradient_acceleration,LINEAGE,HMSO01R_A|FIELD_LINEAGE|7cb12f064a9c8069fd15f2a86fa0ddd017328ca5cc4b0fc515bbfbdd4c6e6858,0.0,0.43214315266508474,0.0,EVALUABLE,EQUAL_FOLD_FAMILY_LINEAGE_THEN_CASE_MEAN_AS_APPLICABLE,EXPLORATORY_CONSUMED_DIAGNOSTIC_ONLY
MS,pressure_gradient_acceleration,LINEAGE,HMSO01R_A|FIELD_LINEAGE|7f5e5896e83ee81bc858adc8fff5befe2b2c76e1183ff21435261a6621560b2c,1.0398189091167005,2.803868308522768,0.37085155032282324,EVALUABLE,EQUAL_FOLD_FAMILY_LINEAGE_THEN_CASE_MEAN_AS_APPLICABLE,EXPLORATORY_CONSUMED_DIAGNOSTIC_ONLY
MS,pressure_gradient_acceleration,LINEAGE,HMSO01R_A|FIELD_LINEAGE|7fcdfe3b32b571e4d4b1a4e7c1702d5dffaf41926d62628c6a434d692409d901,0.0,1.2917668313453774,0.0,EVALUABLE,EQUAL_FOLD_FAMILY_LINEAGE_THEN_CASE_MEAN_AS_APPLICABLE,EXPLORATORY_CONSUMED_DIAGNOSTIC_ONLY
MS,pressure_gradient_acceleration,LINEAGE,HMSO01R_A|FIELD_LINEAGE|7fd6bba4cc2991027e04cc510555a1b3e651423143c79ecd367c197fbfdf8786,0.0,1.357616572428571,0.0,EVALUABLE,EQUAL_FOLD_FAMILY_LINEAGE_THEN_CASE_MEAN_AS_APPLICABLE,EXPLORATORY_CONSUMED_DIAGNOSTIC_ONLY
MS,pressure_gradient_acceleration,LINEAGE,HMSO01R_A|FIELD_LINEAGE|7fd9257249644666dfcbc65ef0f9aa8090d87f1c93f77579cc137a1fc016a884,0.0,1.0611157149745378,0.0,EVALUABLE,EQUAL_FOLD_FAMILY_LINEAGE_THEN_CASE_MEAN_AS_APPLICABLE,EXPLORATORY_CONSUMED_DIAGNOSTIC_ONLY
MS,pressure_gradient_acceleration,LINEAGE,HMSO01R_A|FIELD_LINEAGE|81c7292472bf739bf28836ff17c69dda49199278b75cd9c66130df6be7c143fb,0.2656063834194874,2.5381632554898745,0.10464511407806368,EVALUABLE,EQUAL_FOLD_FAMILY_LINEAGE_THEN_CASE_MEAN_AS_APPLICABLE,EXPLORATORY_CONSUMED_DIAGNOSTIC_ONLY
MS,pressure_gradient_acceleration,LINEAGE,HMSO01R_A|FIELD_LINEAGE|8319212c9598ce2f7cd195e20de66435ffdb6ab6aeedf4d663d53cb3966ebc0a,0.0,1.1244914879615346,0.0,EVALUABLE,EQUAL_FOLD_FAMILY_LINEAGE_THEN_CASE_MEAN_AS_APPLICABLE,EXPLORATORY_CONSUMED_DIAGNOSTIC_ONLY
MS,pressure_gradient_acceleration,LINEAGE,HMSO01R_A|FIELD_LINEAGE|83c68f311cba3e93368aeeec1e81f7eebc2d9d8bfb68a0ba32cbc3fe731f6155,0.0,1.1422408766692547,0.0,EVALUABLE,EQUAL_FOLD_FAMILY_LINEAGE_THEN_CASE_MEAN_AS_APPLICABLE,EXPLORATORY_CONSUMED_DIAGNOSTIC_ONLY
MS,pressure_gradient_acceleration,LINEAGE,HMSO01R_A|FIELD_LINEAGE|8573999ac09da70da8d1802997d1dd1b2879d7ff239af35fb1a185a39cc1f420,0.0,1.2864450885513339,0.0,EVALUABLE,EQUAL_FOLD_FAMILY_LINEAGE_THEN_CASE_MEAN_AS_APPLICABLE,EXPLORATORY_CONSUMED_DIAGNOSTIC_ONLY
MS,pressure_gradient_acceleration,LINEAGE,HMSO01R_A|FIELD_LINEAGE|86c895c14384dc9ce73736790948d3516d7de8be96dc834ec48d9a651e6b8e5e,0.0,1.0353679397445394,0.0,EVALUABLE,EQUAL_FOLD_FAMILY_LINEAGE_THEN_CASE_MEAN_AS_APPLICABLE,EXPLORATORY_CONSUMED_DIAGNOSTIC_ONLY
MS,pressure_gradient_acceleration,LINEAGE,HMSO01R_A|FIELD_LINEAGE|86f4c153dee170c8ee8f47b2eb988fa25bcda8c9a7b6fd68a3d7256dc3af0a1f,0.03710849321837072,1.5281752321265545,0.024282878323274387,EVALUABLE,EQUAL_FOLD_FAMILY_LINEAGE_THEN_CASE_MEAN_AS_APPLICABLE,EXPLORATORY_CONSUMED_DIAGNOSTIC_ONLY
MS,pressure_gradient_acceleration,LINEAGE,HMSO01R_A|FIELD_LINEAGE|87172e4156e9f066a6ea7ab3304062c939784ea4bd0f5f1cf466bbc2d6008cc6,1.1807788296644763,3.0453322620754943,0.3877339902673663,EVALUABLE,EQUAL_FOLD_FAMILY_LINEAGE_THEN_CASE_MEAN_AS_APPLICABLE,EXPLORATORY_CONSUMED_DIAGNOSTIC_ONLY
MS,pressure_gradient_acceleration,LINEAGE,HMSO01R_A|FIELD_LINEAGE|8788043b5775de130eade6a54c5654805d8ed31cc68fcfa8928c3b7150abef48,0.0,0.48002923931551866,0.0,EVALUABLE,EQUAL_FOLD_FAMILY_LINEAGE_THEN_CASE_MEAN_AS_APPLICABLE,EXPLORATORY_CONSUMED_DIAGNOSTIC_ONLY
MS,pressure_gradient_acceleration,LINEAGE,HMSO01R_A|FIELD_LINEAGE|88fd5f86ca9cc426c28ce681d06ea15f58c6c7889170fcda146bde128f6121e4,0.3175707756065009,1.8324073872199165,0.17330795423626372,EVALUABLE,EQUAL_FOLD_FAMILY_LINEAGE_THEN_CASE_MEAN_AS_APPLICABLE,EXPLORATORY_CONSUMED_DIAGNOSTIC_ONLY
MS,pressure_gradient_acceleration,LINEAGE,HMSO01R_A|FIELD_LINEAGE|8a6dd2252f8c5f8f08c3ba5ae9cf89d97575348634ba471a1a84e7de612ac6f3,0.0,1.221998818369118,0.0,EVALUABLE,EQUAL_FOLD_FAMILY_LINEAGE_THEN_CASE_MEAN_AS_APPLICABLE,EXPLORATORY_CONSUMED_DIAGNOSTIC_ONLY
MS,pressure_gradient_acceleration,LINEAGE,HMSO01R_A|FIELD_LINEAGE|8af782533dccfef4a682f44ff365b7014ae448a56bd62c92877bbd37640adb31,1.3355085899385681,1.2046476912898874,1.1086300165557619,EVALUABLE,EQUAL_FOLD_FAMILY_LINEAGE_THEN_CASE_MEAN_AS_APPLICABLE,EXPLORATORY_CONSUMED_DIAGNOSTIC_ONLY
MS,pressure_gradient_acceleration,LINEAGE,HMSO01R_A|FIELD_LINEAGE|8d1e4918227588e163eea87a946c88983d6e03486114766be90d0602757fb4c2,0.0,0.9220039790371961,0.0,EVALUABLE,EQUAL_FOLD_FAMILY_LINEAGE_THEN_CASE_MEAN_AS_APPLICABLE,EXPLORATORY_CONSUMED_DIAGNOSTIC_ONLY
MS,pressure_gradient_acceleration,LINEAGE,HMSO01R_A|FIELD_LINEAGE|8e3408f57249bc00fdafb475f758686e9ee7a95dad97ecf63f9b3a27f383de5d,0.0,1.1851956734333464,0.0,EVALUABLE,EQUAL_FOLD_FAMILY_LINEAGE_THEN_CASE_MEAN_AS_APPLICABLE,EXPLORATORY_CONSUMED_DIAGNOSTIC_ONLY
MS,pressure_gradient_acceleration,LINEAGE,HMSO01R_A|FIELD_LINEAGE|8e40e60ae6de8d393e4f96f7c0cdfd3570298138a8d1d44c6db1dc858b71a31e,0.13821381934422367,1.304292503448118,0.10596842271103454,EVALUABLE,EQUAL_FOLD_FAMILY_LINEAGE_THEN_CASE_MEAN_AS_APPLICABLE,EXPLORATORY_CONSUMED_DIAGNOSTIC_ONLY
MS,pressure_gradient_acceleration,LINEAGE,HMSO01R_A|FIELD_LINEAGE|8fbd2d8c6238dbc0e3f8ebbea9ee429eb1cbd0b7ebf5580cffb8e79372f4cf04,0.17293608649392134,1.589200930880147,0.10881952252453324,EVALUABLE,EQUAL_FOLD_FAMILY_LINEAGE_THEN_CASE_MEAN_AS_APPLICABLE,EXPLORATORY_CONSUMED_DIAGNOSTIC_ONLY
MS,pressure_gradient_acceleration,LINEAGE,HMSO01R_A|FIELD_LINEAGE|9035657b1a9729d4b57919992bee8d9ea960c2a587c8d3877d9c920d8fa2a77c,0.5038002098242566,1.587291258305872,0.31739619757117943,EVALUABLE,EQUAL_FOLD_FAMILY_LINEAGE_THEN_CASE_MEAN_AS_APPLICABLE,EXPLORATORY_CONSUMED_DIAGNOSTIC_ONLY
MS,pressure_gradient_acceleration,LINEAGE,HMSO01R_A|FIELD_LINEAGE|9239a350bed02b809dafe66125991e7de2c0c1c20b38f7689dc19527329619d6,0.0,1.276643083759631,0.0,EVALUABLE,EQUAL_FOLD_FAMILY_LINEAGE_THEN_CASE_MEAN_AS_APPLICABLE,EXPLORATORY_CONSUMED_DIAGNOSTIC_ONLY
MS,pressure_gradient_acceleration,LINEAGE,HMSO01R_A|FIELD_LINEAGE|9415b727187c332c72260d653b657bcbe590635140818a0978bae1e8dcd4568b,0.061806538627603616,1.4445419041694727,0.04278625524756845,EVALUABLE,EQUAL_FOLD_FAMILY_LINEAGE_THEN_CASE_MEAN_AS_APPLICABLE,EXPLORATORY_CONSUMED_DIAGNOSTIC_ONLY
MS,pressure_gradient_acceleration,LINEAGE,HMSO01R_A|FIELD_LINEAGE|95873981d02cb2a4e333122aa57c7927c33fccc49c0b93590a6b549f6bec57f1,0.12187445741810156,1.350867912349281,0.09021937400685674,EVALUABLE,EQUAL_FOLD_FAMILY_LINEAGE_THEN_CASE_MEAN_AS_APPLICABLE,EXPLORATORY_CONSUMED_DIAGNOSTIC_ONLY
MS,pressure_gradient_acceleration,LINEAGE,HMSO01R_A|FIELD_LINEAGE|970bbd18dffee12c05308155c993436bfc58e77384e4967420f4e2e03156c88b,0.3810203846141271,2.7919125496111947,0.13647289370406263,EVALUABLE,EQUAL_FOLD_FAMILY_LINEAGE_THEN_CASE_MEAN_AS_APPLICABLE,EXPLORATORY_CONSUMED_DIAGNOSTIC_ONLY
MS,pressure_gradient_acceleration,LINEAGE,HMSO01R_A|FIELD_LINEAGE|97c8122849aa3cb13b599389c011f78352d49decd5677988d0a2a6da7c39f700,0.1402361383156953,1.2222211637290274,0.11473875799027348,EVALUABLE,EQUAL_FOLD_FAMILY_LINEAGE_THEN_CASE_MEAN_AS_APPLICABLE,EXPLORATORY_CONSUMED_DIAGNOSTIC_ONLY
MS,pressure_gradient_acceleration,LINEAGE,HMSO01R_A|FIELD_LINEAGE|97fbdfbd64658c72d9a31f61eea2acf4543cf9ba5532a2ed052d1358412ef553,2.2426014408055654,1.0830915912639,2.0705556749716707,EVALUABLE,EQUAL_FOLD_FAMILY_LINEAGE_THEN_CASE_MEAN_AS_APPLICABLE,EXPLORATORY_CONSUMED_DIAGNOSTIC_ONLY
MS,pressure_gradient_acceleration,LINEAGE,HMSO01R_A|FIELD_LINEAGE|98ef721075a1ebd7c92edcbcf7747aac6c3d77c4f9c29f15e5d83577ad6d7f6b,0.0,1.0213463294256198,0.0,EVALUABLE,EQUAL_FOLD_FAMILY_LINEAGE_THEN_CASE_MEAN_AS_APPLICABLE,EXPLORATORY_CONSUMED_DIAGNOSTIC_ONLY
MS,pressure_gradient_acceleration,LINEAGE,HMSO01R_A|FIELD_LINEAGE|99c13161db8958c19a30a96b96a6940cece539d1c84e808e21dfa37710ec6894,0.0,1.0931208344149335,0.0,EVALUABLE,EQUAL_FOLD_FAMILY_LINEAGE_THEN_CASE_MEAN_AS_APPLICABLE,EXPLORATORY_CONSUMED_DIAGNOSTIC_ONLY
MS,pressure_gradient_acceleration,LINEAGE,HMSO01R_A|FIELD_LINEAGE|9a24c02f87d28fecb69b79ddff22c8eb176badf445e6b5b8234aa2a46b73c349,0.0,1.2657082787792169,0.0,EVALUABLE,EQUAL_FOLD_FAMILY_LINEAGE_THEN_CASE_MEAN_AS_APPLICABLE,EXPLORATORY_CONSUMED_DIAGNOSTIC_ONLY
MS,pressure_gradient_acceleration,LINEAGE,HMSO01R_A|FIELD_LINEAGE|9aaa52aa8afb4f9adfe0d0e7ddb5e3e8101852fdd6ef0a635cf3875b473d16a7,0.0,0.6039534696032456,0.0,EVALUABLE,EQUAL_FOLD_FAMILY_LINEAGE_THEN_CASE_MEAN_AS_APPLICABLE,EXPLORATORY_CONSUMED_DIAGNOSTIC_ONLY
MS,pressure_gradient_acceleration,LINEAGE,HMSO01R_A|FIELD_LINEAGE|9c004dbe18905f4181f1a701e81649fc67e98b969674994e8f64827f6fb4c765,0.0,1.0903022751361238,0.0,EVALUABLE,EQUAL_FOLD_FAMILY_LINEAGE_THEN_CASE_MEAN_AS_APPLICABLE,EXPLORATORY_CONSUMED_DIAGNOSTIC_ONLY
MS,pressure_gradient_acceleration,LINEAGE,HMSO01R_A|FIELD_LINEAGE|9c5f7b50a01e8dafcf4be2d7df61fd0da86b2229fe32286852ed3ad88cce82f1,0.0,0.9506523947874407,0.0,EVALUABLE,EQUAL_FOLD_FAMILY_LINEAGE_THEN_CASE_MEAN_AS_APPLICABLE,EXPLORATORY_CONSUMED_DIAGNOSTIC_ONLY
MS,pressure_gradient_acceleration,LINEAGE,HMSO01R_A|FIELD_LINEAGE|9f471cc2328d66ccf0ca43f62bf5e261a867f85eeac6edc5a472072ca388bff6,1.5416000264341962,1.8096755217544425,0.8518654354895884,EVALUABLE,EQUAL_FOLD_FAMILY_LINEAGE_THEN_CASE_MEAN_AS_APPLICABLE,EXPLORATORY_CONSUMED_DIAGNOSTIC_ONLY
MS,pressure_gradient_acceleration,LINEAGE,HMSO01R_A|FIELD_LINEAGE|9ff02fac76e3803bb8391cba4035dfa7a72d5220975092d818302f10f07c08e9,0.3063789903534728,1.4857555291936428,0.2062109037007942,EVALUABLE,EQUAL_FOLD_FAMILY_LINEAGE_THEN_CASE_MEAN_AS_APPLICABLE,EXPLORATORY_CONSUMED_DIAGNOSTIC_ONLY
MS,pressure_gradient_acceleration,LINEAGE,HMSO01R_A|FIELD_LINEAGE|a1c0a919ad122615714cbb9f6b50981061d4f68fe06b618c4cd2688f52f12391,0.542235611339954,2.215635787520866,0.24473138337717315,EVALUABLE,EQUAL_FOLD_FAMILY_LINEAGE_THEN_CASE_MEAN_AS_APPLICABLE,EXPLORATORY_CONSUMED_DIAGNOSTIC_ONLY
MS,pressure_gradient_acceleration,LINEAGE,HMSO01R_A|FIELD_LINEAGE|a2187a6938903010b61ee85d06f597d4029728ee0de5541c03daf2ed126b189e,0.262623139099065,0.9097683026559443,0.28867035522382195,EVALUABLE,EQUAL_FOLD_FAMILY_LINEAGE_THEN_CASE_MEAN_AS_APPLICABLE,EXPLORATORY_CONSUMED_DIAGNOSTIC_ONLY
MS,pressure_gradient_acceleration,LINEAGE,HMSO01R_A|FIELD_LINEAGE|a2bcc80ca3b9ebb8f54401e7b09de472e9adbce971c85048bd40ce15be44ea6a,0.0,1.3369446994044567,0.0,EVALUABLE,EQUAL_FOLD_FAMILY_LINEAGE_THEN_CASE_MEAN_AS_APPLICABLE,EXPLORATORY_CONSUMED_DIAGNOSTIC_ONLY
MS,pressure_gradient_acceleration,LINEAGE,HMSO01R_A|FIELD_LINEAGE|a3f750d8c1551c6ecf78f876fab114a3481105b16656dddc657ee8cfb50fd48b,1.9517844342171777,5.699053558118262,0.34247518720663267,EVALUABLE,EQUAL_FOLD_FAMILY_LINEAGE_THEN_CASE_MEAN_AS_APPLICABLE,EXPLORATORY_CONSUMED_DIAGNOSTIC_ONLY
MS,pressure_gradient_acceleration,LINEAGE,HMSO01R_A|FIELD_LINEAGE|a594f1a43c118c7761d223f6f34e42847c31c67fc6b06838b968dcc65b6c3356,0.0,1.137042983363164,0.0,EVALUABLE,EQUAL_FOLD_FAMILY_LINEAGE_THEN_CASE_MEAN_AS_APPLICABLE,EXPLORATORY_CONSUMED_DIAGNOSTIC_ONLY
MS,pressure_gradient_acceleration,LINEAGE,HMSO01R_A|FIELD_LINEAGE|a7458b96c9ce1c60bf3ea9d352424b7dd251e22480db263be2c5716c65dc6939,1.5986822788817947,4.430379002518731,0.36084548928498483,EVALUABLE,EQUAL_FOLD_FAMILY_LINEAGE_THEN_CASE_MEAN_AS_APPLICABLE,EXPLORATORY_CONSUMED_DIAGNOSTIC_ONLY
MS,pressure_gradient_acceleration,LINEAGE,HMSO01R_A|FIELD_LINEAGE|a97cf87a717a68b745e28078c021ba65c881711a1cd171188bc4affd3a1b5795,0.4346495543453142,1.9653894615055472,0.2211518698244976,EVALUABLE,EQUAL_FOLD_FAMILY_LINEAGE_THEN_CASE_MEAN_AS_APPLICABLE,EXPLORATORY_CONSUMED_DIAGNOSTIC_ONLY
MS,pressure_gradient_acceleration,LINEAGE,HMSO01R_A|FIELD_LINEAGE|ad302a05132d9f111349ae57a7badd9ffd336cce6f517d6dda76a6f130659828,0.046747016711761534,0.48233521089020703,0.0969181093486506,EVALUABLE,EQUAL_FOLD_FAMILY_LINEAGE_THEN_CASE_MEAN_AS_APPLICABLE,EXPLORATORY_CONSUMED_DIAGNOSTIC_ONLY
MS,pressure_gradient_acceleration,LINEAGE,HMSO01R_A|FIELD_LINEAGE|adcf8aaea780832e88b7b6b779fb3ef2ecab338dd7379ac8654e7aabdcee4b4f,6.025267533412156,12.459306482766724,0.48359573959803415,EVALUABLE,EQUAL_FOLD_FAMILY_LINEAGE_THEN_CASE_MEAN_AS_APPLICABLE,EXPLORATORY_CONSUMED_DIAGNOSTIC_ONLY
MS,pressure_gradient_acceleration,LINEAGE,HMSO01R_A|FIELD_LINEAGE|b0c6a47a41827791b3e03b32c3cfc7642f7c46055e5fbdc618a902dd60890cc0,3.2716844521431927,3.3969582929032107,0.9631217607170112,EVALUABLE,EQUAL_FOLD_FAMILY_LINEAGE_THEN_CASE_MEAN_AS_APPLICABLE,EXPLORATORY_CONSUMED_DIAGNOSTIC_ONLY
MS,pressure_gradient_acceleration,LINEAGE,HMSO01R_A|FIELD_LINEAGE|b1b50b97bc0f473e266ef9eb8a1e2e2edee23dadabeb0645af363d822d4db947,6.739789312007562,11.196329921398863,0.601964157837669,EVALUABLE,EQUAL_FOLD_FAMILY_LINEAGE_THEN_CASE_MEAN_AS_APPLICABLE,EXPLORATORY_CONSUMED_DIAGNOSTIC_ONLY
MS,pressure_gradient_acceleration,LINEAGE,HMSO01R_A|FIELD_LINEAGE|b1c696b82fff7183ba4fc0ae8ce4363fcd56ada1cc6ffa171713dda9524816e8,0.0,1.0251706287632647,0.0,EVALUABLE,EQUAL_FOLD_FAMILY_LINEAGE_THEN_CASE_MEAN_AS_APPLICABLE,EXPLORATORY_CONSUMED_DIAGNOSTIC_ONLY
MS,pressure_gradient_acceleration,LINEAGE,HMSO01R_A|FIELD_LINEAGE|b2211d9018dde472457c7d9570d8b744ae480cbc84526fced16d30cb565fdb61,0.06708080381061915,1.2287625900264194,0.054592159913638694,EVALUABLE,EQUAL_FOLD_FAMILY_LINEAGE_THEN_CASE_MEAN_AS_APPLICABLE,EXPLORATORY_CONSUMED_DIAGNOSTIC_ONLY
MS,pressure_gradient_acceleration,LINEAGE,HMSO01R_A|FIELD_LINEAGE|b31d5c3484f2394d06a11f5ae52600d61d7c303637147b70dbb1edd7e25e93c9,0.028232638070163567,0.5457737761623831,0.051729561410373735,EVALUABLE,EQUAL_FOLD_FAMILY_LINEAGE_THEN_CASE_MEAN_AS_APPLICABLE,EXPLORATORY_CONSUMED_DIAGNOSTIC_ONLY
MS,pressure_gradient_acceleration,LINEAGE,HMSO01R_A|FIELD_LINEAGE|b40ef25bd445f58063f7eecbd118e28fcd5b9c8ea0b1803b18c885057e29107f,0.0,0.972277563448613,0.0,EVALUABLE,EQUAL_FOLD_FAMILY_LINEAGE_THEN_CASE_MEAN_AS_APPLICABLE,EXPLORATORY_CONSUMED_DIAGNOSTIC_ONLY
MS,pressure_gradient_acceleration,LINEAGE,HMSO01R_A|FIELD_LINEAGE|b49a6f081c09f4e4bff79a7f0fc0a282131ed3252c520eb6637fbf7ad615c6bd,0.0,1.3806904965485014,0.0,EVALUABLE,EQUAL_FOLD_FAMILY_LINEAGE_THEN_CASE_MEAN_AS_APPLICABLE,EXPLORATORY_CONSUMED_DIAGNOSTIC_ONLY
MS,pressure_gradient_acceleration,LINEAGE,HMSO01R_A|FIELD_LINEAGE|b7c6344fafcff3e1128b30252e587c19386316434538ac595af9870864bff2e9,0.0,1.2628965955047986,0.0,EVALUABLE,EQUAL_FOLD_FAMILY_LINEAGE_THEN_CASE_MEAN_AS_APPLICABLE,EXPLORATORY_CONSUMED_DIAGNOSTIC_ONLY
MS,pressure_gradient_acceleration,LINEAGE,HMSO01R_A|FIELD_LINEAGE|b914e9e8b47652c007a545bd9a5f60dbdaba2b957df3f42cdec4c8edb98e6d53,0.00889987838103621,1.0382890965863794,0.008571676626766727,EVALUABLE,EQUAL_FOLD_FAMILY_LINEAGE_THEN_CASE_MEAN_AS_APPLICABLE,EXPLORATORY_CONSUMED_DIAGNOSTIC_ONLY
MS,pressure_gradient_acceleration,LINEAGE,HMSO01R_A|FIELD_LINEAGE|bb92dd92e9632ccd3901d1e2e79aab63ab0910a576b08c41f27a140edcf99b56,0.0824494973424994,0.5368617059289154,0.15357678976160083,EVALUABLE,EQUAL_FOLD_FAMILY_LINEAGE_THEN_CASE_MEAN_AS_APPLICABLE,EXPLORATORY_CONSUMED_DIAGNOSTIC_ONLY
MS,pressure_gradient_acceleration,LINEAGE,HMSO01R_A|FIELD_LINEAGE|bd0a319ae5e310c35bfeaafdbd8220147f595c77c4d665773530796c1f3b9b59,0.0,1.0330014981506337,0.0,EVALUABLE,EQUAL_FOLD_FAMILY_LINEAGE_THEN_CASE_MEAN_AS_APPLICABLE,EXPLORATORY_CONSUMED_DIAGNOSTIC_ONLY
MS,pressure_gradient_acceleration,LINEAGE,HMSO01R_A|FIELD_LINEAGE|be9a8927a3f7361841f3e523395e00d4ebcd734040aebfe38006ae7fda2437fd,2.7095440125878496,2.7033833228041555,1.0022788813305632,EVALUABLE,EQUAL_FOLD_FAMILY_LINEAGE_THEN_CASE_MEAN_AS_APPLICABLE,EXPLORATORY_CONSUMED_DIAGNOSTIC_ONLY
MS,pressure_gradient_acceleration,LINEAGE,HMSO01R_A|FIELD_LINEAGE|bf32023450080971c5fdfb56d7a260838d7b8e02917a4118c4ed0b4a49c6c14a,0.0,1.1817007261946242,0.0,EVALUABLE,EQUAL_FOLD_FAMILY_LINEAGE_THEN_CASE_MEAN_AS_APPLICABLE,EXPLORATORY_CONSUMED_DIAGNOSTIC_ONLY
MS,pressure_gradient_acceleration,LINEAGE,HMSO01R_A|FIELD_LINEAGE|c26b5ad7fee192c3863a9362bb1782ac10409a155024388ef9dea9120f9c3662,0.0,1.3318573746006905,0.0,EVALUABLE,EQUAL_FOLD_FAMILY_LINEAGE_THEN_CASE_MEAN_AS_APPLICABLE,EXPLORATORY_CONSUMED_DIAGNOSTIC_ONLY
MS,pressure_gradient_acceleration,LINEAGE,HMSO01R_A|FIELD_LINEAGE|c2759d4a0108475d88af3dd58a918080f77e42a77ac5a686ce9a650a1d522183,0.0,1.2155971651025705,0.0,EVALUABLE,EQUAL_FOLD_FAMILY_LINEAGE_THEN_CASE_MEAN_AS_APPLICABLE,EXPLORATORY_CONSUMED_DIAGNOSTIC_ONLY
MS,pressure_gradient_acceleration,LINEAGE,HMSO01R_A|FIELD_LINEAGE|c34a55057cd1e579919fb09acb5db221d75ae96164f74060b78863318f65371c,0.0,0.9829513436008681,0.0,EVALUABLE,EQUAL_FOLD_FAMILY_LINEAGE_THEN_CASE_MEAN_AS_APPLICABLE,EXPLORATORY_CONSUMED_DIAGNOSTIC_ONLY
MS,pressure_gradient_acceleration,LINEAGE,HMSO01R_A|FIELD_LINEAGE|c3a574c6618599692f4195c9d1a59189286c1fc26ae852d26723565b0428d983,0.038439431306812044,1.2553401533667161,0.03062072953192865,EVALUABLE,EQUAL_FOLD_FAMILY_LINEAGE_THEN_CASE_MEAN_AS_APPLICABLE,EXPLORATORY_CONSUMED_DIAGNOSTIC_ONLY
MS,pressure_gradient_acceleration,LINEAGE,HMSO01R_A|FIELD_LINEAGE|c54c1448df9c13b6658cb41b2c187b93be0f6db94293a7911953a6e90d602764,0.0,1.37196565106451,0.0,EVALUABLE,EQUAL_FOLD_FAMILY_LINEAGE_THEN_CASE_MEAN_AS_APPLICABLE,EXPLORATORY_CONSUMED_DIAGNOSTIC_ONLY
MS,pressure_gradient_acceleration,LINEAGE,HMSO01R_A|FIELD_LINEAGE|c7100ae9429166735b2d4f6243a22cf5abc14cffba49fce96d94ed19a12387d6,0.43213818408882154,3.182783850730446,0.13577365110409437,EVALUABLE,EQUAL_FOLD_FAMILY_LINEAGE_THEN_CASE_MEAN_AS_APPLICABLE,EXPLORATORY_CONSUMED_DIAGNOSTIC_ONLY
MS,pressure_gradient_acceleration,LINEAGE,HMSO01R_A|FIELD_LINEAGE|c7498c8903eedb4eb72abeb74a8624f4f311768cc705b42f488a9e810b4c3aec,0.0,0.5820825910794939,0.0,EVALUABLE,EQUAL_FOLD_FAMILY_LINEAGE_THEN_CASE_MEAN_AS_APPLICABLE,EXPLORATORY_CONSUMED_DIAGNOSTIC_ONLY
MS,pressure_gradient_acceleration,LINEAGE,HMSO01R_A|FIELD_LINEAGE|c9a10c50914a082104b6f42f933e2e8b35494d6ac1b464fc981b740edc26e9a6,3.577310091667505,1.1118844229471165,3.2173398761947123,EVALUABLE,EQUAL_FOLD_FAMILY_LINEAGE_THEN_CASE_MEAN_AS_APPLICABLE,EXPLORATORY_CONSUMED_DIAGNOSTIC_ONLY
MS,pressure_gradient_acceleration,LINEAGE,HMSO01R_A|FIELD_LINEAGE|ca0f07a3c0d5df7705d15288eb48ecdf2c50af57aa3e1ab370127581f048c929,0.0,1.3506036191430355,0.0,EVALUABLE,EQUAL_FOLD_FAMILY_LINEAGE_THEN_CASE_MEAN_AS_APPLICABLE,EXPLORATORY_CONSUMED_DIAGNOSTIC_ONLY
MS,pressure_gradient_acceleration,LINEAGE,HMSO01R_A|FIELD_LINEAGE|cb947f8167c6ce3da1c26b48289f11fe77c609125572b2e2f489d9b4dbf77d91,0.0,1.3490713363950522,0.0,EVALUABLE,EQUAL_FOLD_FAMILY_LINEAGE_THEN_CASE_MEAN_AS_APPLICABLE,EXPLORATORY_CONSUMED_DIAGNOSTIC_ONLY
MS,pressure_gradient_acceleration,LINEAGE,HMSO01R_A|FIELD_LINEAGE|cd1482e6386aeab5f67532ea00a4d133dd0798283239fa2bc60b1a36d8fd8390,2.5271999684218516,5.4531794153449,0.4634360573779164,EVALUABLE,EQUAL_FOLD_FAMILY_LINEAGE_THEN_CASE_MEAN_AS_APPLICABLE,EXPLORATORY_CONSUMED_DIAGNOSTIC_ONLY
MS,pressure_gradient_acceleration,LINEAGE,HMSO01R_A|FIELD_LINEAGE|d1321924d243ef663d38f2119b3da3e0b77ff9249352efe1c25dfa4971fbd453,1.0765330762394805,1.3933144388114844,0.7726418719652237,EVALUABLE,EQUAL_FOLD_FAMILY_LINEAGE_THEN_CASE_MEAN_AS_APPLICABLE,EXPLORATORY_CONSUMED_DIAGNOSTIC_ONLY
MS,pressure_gradient_acceleration,LINEAGE,HMSO01R_A|FIELD_LINEAGE|d2f9d8c8f5f3c69790790651faeb1c1f59b6b387e4ede38adea5936b94855ff9,0.0,1.0341414755079676,0.0,EVALUABLE,EQUAL_FOLD_FAMILY_LINEAGE_THEN_CASE_MEAN_AS_APPLICABLE,EXPLORATORY_CONSUMED_DIAGNOSTIC_ONLY
MS,pressure_gradient_acceleration,LINEAGE,HMSO01R_A|FIELD_LINEAGE|d3329a31885ae9100b3a5071d3f6de7c5b314524ba319156e3df439e55667dd5,0.8956036033741165,2.8652626692154186,0.31257294941805647,EVALUABLE,EQUAL_FOLD_FAMILY_LINEAGE_THEN_CASE_MEAN_AS_APPLICABLE,EXPLORATORY_CONSUMED_DIAGNOSTIC_ONLY
MS,pressure_gradient_acceleration,LINEAGE,HMSO01R_A|FIELD_LINEAGE|d65de8a657545ef8339cfa29e05ce27d63f8ec5e02ee50514a615a33f5595da9,0.11811543533034212,0.4668585089110114,0.253000498172041,EVALUABLE,EQUAL_FOLD_FAMILY_LINEAGE_THEN_CASE_MEAN_AS_APPLICABLE,EXPLORATORY_CONSUMED_DIAGNOSTIC_ONLY
MS,pressure_gradient_acceleration,LINEAGE,HMSO01R_A|FIELD_LINEAGE|d6ecf8cd80acb9db6acee967c0d1a3a8ca941d75fcf9e621c7ea05d79a191767,0.0,0.526852476475499,0.0,EVALUABLE,EQUAL_FOLD_FAMILY_LINEAGE_THEN_CASE_MEAN_AS_APPLICABLE,EXPLORATORY_CONSUMED_DIAGNOSTIC_ONLY
MS,pressure_gradient_acceleration,LINEAGE,HMSO01R_A|FIELD_LINEAGE|d7d10f9b5293a22777f94b958cdb7280c40216c21a2b9b4a49451c1385cf26d9,0.0,0.5684299409884045,0.0,EVALUABLE,EQUAL_FOLD_FAMILY_LINEAGE_THEN_CASE_MEAN_AS_APPLICABLE,EXPLORATORY_CONSUMED_DIAGNOSTIC_ONLY
MS,pressure_gradient_acceleration,LINEAGE,HMSO01R_A|FIELD_LINEAGE|d8cd77f2aea85a93297ba4755747ee15653349aca322bca77ce1738389444994,0.6211251093157336,1.4956852862928962,0.4152779431662473,EVALUABLE,EQUAL_FOLD_FAMILY_LINEAGE_THEN_CASE_MEAN_AS_APPLICABLE,EXPLORATORY_CONSUMED_DIAGNOSTIC_ONLY
MS,pressure_gradient_acceleration,LINEAGE,HMSO01R_A|FIELD_LINEAGE|d9b0e4ca0c6e9f306f81bad07b5f31753c1237e04a6a51d708212ab05edea52f,0.0,1.2477995281196068,0.0,EVALUABLE,EQUAL_FOLD_FAMILY_LINEAGE_THEN_CASE_MEAN_AS_APPLICABLE,EXPLORATORY_CONSUMED_DIAGNOSTIC_ONLY
MS,pressure_gradient_acceleration,LINEAGE,HMSO01R_A|FIELD_LINEAGE|dca2b57202d33de06ea638a8ecbab23d1b960b5ed15b6841dcbc75b212cc8712,0.0,1.1376069503997337,0.0,EVALUABLE,EQUAL_FOLD_FAMILY_LINEAGE_THEN_CASE_MEAN_AS_APPLICABLE,EXPLORATORY_CONSUMED_DIAGNOSTIC_ONLY
MS,pressure_gradient_acceleration,LINEAGE,HMSO01R_A|FIELD_LINEAGE|e0695af14e7ff6ed68d0eaa0320bde868bdf2eddcd09aade2748baa3ab9013d9,0.0,1.0452216785119477,0.0,EVALUABLE,EQUAL_FOLD_FAMILY_LINEAGE_THEN_CASE_MEAN_AS_APPLICABLE,EXPLORATORY_CONSUMED_DIAGNOSTIC_ONLY
MS,pressure_gradient_acceleration,LINEAGE,HMSO01R_A|FIELD_LINEAGE|e1662caa4f55fa1e467b750db9be81d3672b988a828412586110c172a4b65cc4,0.0,0.5984185047973996,0.0,EVALUABLE,EQUAL_FOLD_FAMILY_LINEAGE_THEN_CASE_MEAN_AS_APPLICABLE,EXPLORATORY_CONSUMED_DIAGNOSTIC_ONLY
MS,pressure_gradient_acceleration,LINEAGE,HMSO01R_A|FIELD_LINEAGE|e1bd95fcd7aed1a8bde13393ae7d4a98eff10f4a52c1bdfb2e54f1dd690c54dd,0.0,0.5041634992436728,0.0,EVALUABLE,EQUAL_FOLD_FAMILY_LINEAGE_THEN_CASE_MEAN_AS_APPLICABLE,EXPLORATORY_CONSUMED_DIAGNOSTIC_ONLY
MS,pressure_gradient_acceleration,LINEAGE,HMSO01R_A|FIELD_LINEAGE|e25db364da9db9cdb46c3073fa0aa473b93b0eed9df5062f9696d75bd2f90442,0.16847630243972486,1.616795052034516,0.10420387063142011,EVALUABLE,EQUAL_FOLD_FAMILY_LINEAGE_THEN_CASE_MEAN_AS_APPLICABLE,EXPLORATORY_CONSUMED_DIAGNOSTIC_ONLY
MS,pressure_gradient_acceleration,LINEAGE,HMSO01R_A|FIELD_LINEAGE|e269817bd0e21e72d0864769c51ef7f6839102d6f41f035fbbff5041e46bd0d4,0.0,1.1385217085438057,0.0,EVALUABLE,EQUAL_FOLD_FAMILY_LINEAGE_THEN_CASE_MEAN_AS_APPLICABLE,EXPLORATORY_CONSUMED_DIAGNOSTIC_ONLY
MS,pressure_gradient_acceleration,LINEAGE,HMSO01R_A|FIELD_LINEAGE|e2940f5e79800b14b8eefcdb52a6c4eb9c2bcacb794aadbf19ab173720ccdfc9,0.04325702384137829,1.1552077795830913,0.03744523245592194,EVALUABLE,EQUAL_FOLD_FAMILY_LINEAGE_THEN_CASE_MEAN_AS_APPLICABLE,EXPLORATORY_CONSUMED_DIAGNOSTIC_ONLY
MS,pressure_gradient_acceleration,LINEAGE,HMSO01R_A|FIELD_LINEAGE|e2fdf0ecb37222ddf2c343b2a9785bb080b33fb721f4d3381403db08d53276de,0.0,1.19454903760573,0.0,EVALUABLE,EQUAL_FOLD_FAMILY_LINEAGE_THEN_CASE_MEAN_AS_APPLICABLE,EXPLORATORY_CONSUMED_DIAGNOSTIC_ONLY
MS,pressure_gradient_acceleration,LINEAGE,HMSO01R_A|FIELD_LINEAGE|e39068083f41a31c97e7737f6138e1986484dea8bfe32d65a52cd58aaa1ec7e8,0.0,0.9246578567768966,0.0,EVALUABLE,EQUAL_FOLD_FAMILY_LINEAGE_THEN_CASE_MEAN_AS_APPLICABLE,EXPLORATORY_CONSUMED_DIAGNOSTIC_ONLY
MS,pressure_gradient_acceleration,LINEAGE,HMSO01R_A|FIELD_LINEAGE|e46b2d3dad1b8a5413f52396bbef71167f252a4ba61297ea3e2b46c37456ba4c,0.0,0.6911107075467986,0.0,EVALUABLE,EQUAL_FOLD_FAMILY_LINEAGE_THEN_CASE_MEAN_AS_APPLICABLE,EXPLORATORY_CONSUMED_DIAGNOSTIC_ONLY
MS,pressure_gradient_acceleration,LINEAGE,HMSO01R_A|FIELD_LINEAGE|e4c235f067a50e9e5304ee0e7ad701299187cd559ceebd74674d932464340e77,0.0,1.1875402013167968,0.0,EVALUABLE,EQUAL_FOLD_FAMILY_LINEAGE_THEN_CASE_MEAN_AS_APPLICABLE,EXPLORATORY_CONSUMED_DIAGNOSTIC_ONLY
MS,pressure_gradient_acceleration,LINEAGE,HMSO01R_A|FIELD_LINEAGE|e5cd23001367dee0fe50b87c4f9c5ae9d8e66eeb6cef2467ff3f6da8c0fcdc16,0.0,0.5273786688838766,0.0,EVALUABLE,EQUAL_FOLD_FAMILY_LINEAGE_THEN_CASE_MEAN_AS_APPLICABLE,EXPLORATORY_CONSUMED_DIAGNOSTIC_ONLY
MS,pressure_gradient_acceleration,LINEAGE,HMSO01R_A|FIELD_LINEAGE|e5fd0d86ce4eda7b6deef112c4230d6cc2c904c7a1cbb32b883405f7907c5018,9.575080140204424e-05,0.9850854461778016,9.720050354369141e-05,EVALUABLE,EQUAL_FOLD_FAMILY_LINEAGE_THEN_CASE_MEAN_AS_APPLICABLE,EXPLORATORY_CONSUMED_DIAGNOSTIC_ONLY
MS,pressure_gradient_acceleration,LINEAGE,HMSO01R_A|FIELD_LINEAGE|e6f79f1197cd7f6ad00ce2f5ddcac136ad9a2faa5584e9f390794bfb6ee07ac6,0.0,1.3869778138664057,0.0,EVALUABLE,EQUAL_FOLD_FAMILY_LINEAGE_THEN_CASE_MEAN_AS_APPLICABLE,EXPLORATORY_CONSUMED_DIAGNOSTIC_ONLY
MS,pressure_gradient_acceleration,LINEAGE,HMSO01R_A|FIELD_LINEAGE|e82aee0755c70810ee3fbd630ec4d3fa698e473225b4aa505b26af8a458a6400,0.0,1.358706447841838,0.0,EVALUABLE,EQUAL_FOLD_FAMILY_LINEAGE_THEN_CASE_MEAN_AS_APPLICABLE,EXPLORATORY_CONSUMED_DIAGNOSTIC_ONLY
MS,pressure_gradient_acceleration,LINEAGE,HMSO01R_A|FIELD_LINEAGE|e853753ed3befc6151b8f2c4e9e3797938a7689193c2157695f0b61b8e60abc8,0.0002671013086691352,1.093686587899068,0.00024422106993396257,EVALUABLE,EQUAL_FOLD_FAMILY_LINEAGE_THEN_CASE_MEAN_AS_APPLICABLE,EXPLORATORY_CONSUMED_DIAGNOSTIC_ONLY
MS,pressure_gradient_acceleration,LINEAGE,HMSO01R_A|FIELD_LINEAGE|e99701698ca3eda87704f5f32294f901f56116d9da609afcb18418d4c8a62bf2,0.0,0.5688095627310072,0.0,EVALUABLE,EQUAL_FOLD_FAMILY_LINEAGE_THEN_CASE_MEAN_AS_APPLICABLE,EXPLORATORY_CONSUMED_DIAGNOSTIC_ONLY
MS,pressure_gradient_acceleration,LINEAGE,HMSO01R_A|FIELD_LINEAGE|e9dc12a25958465c187afbd7ef920bc04ba98d4b232046e156979d215bd85146,0.8902610875082492,8.33413797055318,0.10682101624112637,EVALUABLE,EQUAL_FOLD_FAMILY_LINEAGE_THEN_CASE_MEAN_AS_APPLICABLE,EXPLORATORY_CONSUMED_DIAGNOSTIC_ONLY
MS,pressure_gradient_acceleration,LINEAGE,HMSO01R_A|FIELD_LINEAGE|ea7a0f305184b5efcd1c245ec8837c3d5e92744042b12d412ef90758785acc95,0.0,1.3251354602968521,0.0,EVALUABLE,EQUAL_FOLD_FAMILY_LINEAGE_THEN_CASE_MEAN_AS_APPLICABLE,EXPLORATORY_CONSUMED_DIAGNOSTIC_ONLY
MS,pressure_gradient_acceleration,LINEAGE,HMSO01R_A|FIELD_LINEAGE|eadb4166638494d642712d8eabac62f88ed028f779148966c13d2efd6405fa1d,0.0,1.0864547223706085,0.0,EVALUABLE,EQUAL_FOLD_FAMILY_LINEAGE_THEN_CASE_MEAN_AS_APPLICABLE,EXPLORATORY_CONSUMED_DIAGNOSTIC_ONLY
MS,pressure_gradient_acceleration,LINEAGE,HMSO01R_A|FIELD_LINEAGE|ebfb44058badbf85a36d8671e914d20620f9253b30eeec0e96b5e0c20dc8e16c,0.1367832548615202,1.5944740176324306,0.08578581610544152,EVALUABLE,EQUAL_FOLD_FAMILY_LINEAGE_THEN_CASE_MEAN_AS_APPLICABLE,EXPLORATORY_CONSUMED_DIAGNOSTIC_ONLY
MS,pressure_gradient_acceleration,LINEAGE,HMSO01R_A|FIELD_LINEAGE|eee5df81575181b025958cda057ac7cb0483be4404d018db7bb2c06a63c25462,0.0,0.9836715643149546,0.0,EVALUABLE,EQUAL_FOLD_FAMILY_LINEAGE_THEN_CASE_MEAN_AS_APPLICABLE,EXPLORATORY_CONSUMED_DIAGNOSTIC_ONLY
MS,pressure_gradient_acceleration,LINEAGE,HMSO01R_A|FIELD_LINEAGE|f01618f1ef2fe7c85085b02f71644f843db176708a8abb6e4e05116a594e9ae3,0.0,1.093330443870146,0.0,EVALUABLE,EQUAL_FOLD_FAMILY_LINEAGE_THEN_CASE_MEAN_AS_APPLICABLE,EXPLORATORY_CONSUMED_DIAGNOSTIC_ONLY
MS,pressure_gradient_acceleration,LINEAGE,HMSO01R_A|FIELD_LINEAGE|f0421338d311584916d83a8dd01c9f47b7707c5652d4192e1df422a2a9e7d57d,0.0,1.495476997646055,0.0,EVALUABLE,EQUAL_FOLD_FAMILY_LINEAGE_THEN_CASE_MEAN_AS_APPLICABLE,EXPLORATORY_CONSUMED_DIAGNOSTIC_ONLY
MS,pressure_gradient_acceleration,LINEAGE,HMSO01R_A|FIELD_LINEAGE|f11020ed75e98ae018c3d951c68d3fba4bfe91afdf9eb4b7d62d0c0967429304,0.011168776821326368,0.6699912739515259,0.01667003326096219,EVALUABLE,EQUAL_FOLD_FAMILY_LINEAGE_THEN_CASE_MEAN_AS_APPLICABLE,EXPLORATORY_CONSUMED_DIAGNOSTIC_ONLY
MS,pressure_gradient_acceleration,LINEAGE,HMSO01R_A|FIELD_LINEAGE|f117df283c3988b3a51ad2a7138592681c02ac94fc8905b0ebf163745ca00f62,0.0,1.3989818575755466,0.0,EVALUABLE,EQUAL_FOLD_FAMILY_LINEAGE_THEN_CASE_MEAN_AS_APPLICABLE,EXPLORATORY_CONSUMED_DIAGNOSTIC_ONLY
MS,pressure_gradient_acceleration,LINEAGE,HMSO01R_A|FIELD_LINEAGE|f2247a8dfd61c19acaf6609654c9c6098f254569cd75ef6a5201803913aa1c00,0.0,0.5613798536006029,0.0,EVALUABLE,EQUAL_FOLD_FAMILY_LINEAGE_THEN_CASE_MEAN_AS_APPLICABLE,EXPLORATORY_CONSUMED_DIAGNOSTIC_ONLY
MS,pressure_gradient_acceleration,LINEAGE,HMSO01R_A|FIELD_LINEAGE|f2a3ceeae0e0974c878bba3a036f383f979564d7512b59be838a43b0d537377a,0.0,1.191072218845818,0.0,EVALUABLE,EQUAL_FOLD_FAMILY_LINEAGE_THEN_CASE_MEAN_AS_APPLICABLE,EXPLORATORY_CONSUMED_DIAGNOSTIC_ONLY
MS,pressure_gradient_acceleration,LINEAGE,HMSO01R_A|FIELD_LINEAGE|f52ad1fbea60f2cef5c93f5785e888eaa7893de6dad0b2f7545e6d3f4e338f25,0.0,1.6747006905240123,0.0,EVALUABLE,EQUAL_FOLD_FAMILY_LINEAGE_THEN_CASE_MEAN_AS_APPLICABLE,EXPLORATORY_CONSUMED_DIAGNOSTIC_ONLY
MS,pressure_gradient_acceleration,LINEAGE,HMSO01R_A|FIELD_LINEAGE|f7cc0cf639be6a7e99c37868bcf630bb54f34534e2c78b36b59b7ac5ebbd1919,0.0,1.038107101737224,0.0,EVALUABLE,EQUAL_FOLD_FAMILY_LINEAGE_THEN_CASE_MEAN_AS_APPLICABLE,EXPLORATORY_CONSUMED_DIAGNOSTIC_ONLY
MS,pressure_gradient_acceleration,LINEAGE,HMSO01R_A|FIELD_LINEAGE|f82108cfb75a5ece90cca0bec2aa62b5af33b3b96774d26a9d5bbde8416cb360,0.0,0.9297003283557839,0.0,EVALUABLE,EQUAL_FOLD_FAMILY_LINEAGE_THEN_CASE_MEAN_AS_APPLICABLE,EXPLORATORY_CONSUMED_DIAGNOSTIC_ONLY
MS,pressure_gradient_acceleration,LINEAGE,HMSO01R_A|FIELD_LINEAGE|f8fd31406421545fa9cf8bb98c251eb120eed5378ed4276493239005b13fd6f8,0.0,1.1644923711922108,0.0,EVALUABLE,EQUAL_FOLD_FAMILY_LINEAGE_THEN_CASE_MEAN_AS_APPLICABLE,EXPLORATORY_CONSUMED_DIAGNOSTIC_ONLY
MS,pressure_gradient_acceleration,LINEAGE,HMSO01R_A|FIELD_LINEAGE|f952117e9c8f8a564901d0507e978f58c3289c63c557fb7f3123a84dd049ba29,0.0,0.5657732241043604,0.0,EVALUABLE,EQUAL_FOLD_FAMILY_LINEAGE_THEN_CASE_MEAN_AS_APPLICABLE,EXPLORATORY_CONSUMED_DIAGNOSTIC_ONLY
MS,pressure_gradient_acceleration,LINEAGE,HMSO01R_A|FIELD_LINEAGE|f9a3d40825ca658eebc26e88239c04a3590f72ad95b03a86bc289649036f4117,9.177789144529317,22.00482901935635,0.4170806842650837,EVALUABLE,EQUAL_FOLD_FAMILY_LINEAGE_THEN_CASE_MEAN_AS_APPLICABLE,EXPLORATORY_CONSUMED_DIAGNOSTIC_ONLY
MS,pressure_gradient_acceleration,LINEAGE,HMSO01R_A|FIELD_LINEAGE|f9acbd6c60cf4de95eb27dc7c24fd369893e07d5c162236bcdc4cc91f1e5368b,0.0,1.234303211572837,0.0,EVALUABLE,EQUAL_FOLD_FAMILY_LINEAGE_THEN_CASE_MEAN_AS_APPLICABLE,EXPLORATORY_CONSUMED_DIAGNOSTIC_ONLY
MS,pressure_gradient_acceleration,LINEAGE,HMSO01R_A|FIELD_LINEAGE|f9dd81299410ddb65efe58bb38fc53798a53c7f5ab1183ef52b5f93fb7daea68,0.0,0.9213978627124376,0.0,EVALUABLE,EQUAL_FOLD_FAMILY_LINEAGE_THEN_CASE_MEAN_AS_APPLICABLE,EXPLORATORY_CONSUMED_DIAGNOSTIC_ONLY
MS,pressure_gradient_acceleration,LINEAGE,HMSO01R_A|FIELD_LINEAGE|fa1ab395df96eb71b1cd3e5c31c1a1fe587398989c58265b21dd97a062b35ef9,0.0,0.9922502441650628,0.0,EVALUABLE,EQUAL_FOLD_FAMILY_LINEAGE_THEN_CASE_MEAN_AS_APPLICABLE,EXPLORATORY_CONSUMED_DIAGNOSTIC_ONLY
MS,pressure_gradient_acceleration,LINEAGE,HMSO01R_A|FIELD_LINEAGE|fd04ea3f458e107df0af85b51443fd7c576cbde1f2a34afcd2f94001f9376e64,0.6218838147471879,1.1816660463151554,0.526277129385614,EVALUABLE,EQUAL_FOLD_FAMILY_LINEAGE_THEN_CASE_MEAN_AS_APPLICABLE,EXPLORATORY_CONSUMED_DIAGNOSTIC_ONLY
MS,pressure_gradient_acceleration,LINEAGE,HMSO01R_A|FIELD_LINEAGE|fefaa03392c6d5e862f0b98f72e148123eb5332d997aade537062f72a6e1a99c,41.334298953581516,77.10704573576399,0.5360638390326726,EVALUABLE,EQUAL_FOLD_FAMILY_LINEAGE_THEN_CASE_MEAN_AS_APPLICABLE,EXPLORATORY_CONSUMED_DIAGNOSTIC_ONLY
MS,pressure_gradient_acceleration,LINEAGE,HMSO01R_A|FIELD_LINEAGE|ff441cbe04ac4f8f63fd24360c00fa41becbfbb5a6acdf59e4dfd55c77c15642,0.8284162459248016,1.9493330440053809,0.42497419744274073,EVALUABLE,EQUAL_FOLD_FAMILY_LINEAGE_THEN_CASE_MEAN_AS_APPLICABLE,EXPLORATORY_CONSUMED_DIAGNOSTIC_ONLY
MS,viscosity_laplacian_acceleration,OVERALL,ALL,0.00016446372322795092,0.00022388723419632396,0.7345828529184236,EVALUABLE,EQUAL_FOLD_FAMILY_LINEAGE_THEN_CASE_MEAN_AS_APPLICABLE,EXPLORATORY_CONSUMED_DIAGNOSTIC_ONLY
MS,viscosity_laplacian_acceleration,FOLD,FOLD_0,9.375660779356752e-05,0.0001961970419635798,0.4778696297111943,EVALUABLE,EQUAL_FOLD_FAMILY_LINEAGE_THEN_CASE_MEAN_AS_APPLICABLE,EXPLORATORY_CONSUMED_DIAGNOSTIC_ONLY
MS,viscosity_laplacian_acceleration,FOLD,FOLD_1,9.266403341064341e-05,0.00019516553923424273,0.4747971069801705,EVALUABLE,EQUAL_FOLD_FAMILY_LINEAGE_THEN_CASE_MEAN_AS_APPLICABLE,EXPLORATORY_CONSUMED_DIAGNOSTIC_ONLY
MS,viscosity_laplacian_acceleration,FOLD,FOLD_2,0.00014726506126531207,0.00017499198736370533,0.8415531675700939,EVALUABLE,EQUAL_FOLD_FAMILY_LINEAGE_THEN_CASE_MEAN_AS_APPLICABLE,EXPLORATORY_CONSUMED_DIAGNOSTIC_ONLY
MS,viscosity_laplacian_acceleration,FOLD,FOLD_3,0.0004979768712556261,0.00039658337908439305,1.2556675279869873,EVALUABLE,EQUAL_FOLD_FAMILY_LINEAGE_THEN_CASE_MEAN_AS_APPLICABLE,EXPLORATORY_CONSUMED_DIAGNOSTIC_ONLY
MS,viscosity_laplacian_acceleration,FOLD,FOLD_4,0.00010082643281390276,0.00022994490040980086,0.438480838819269,EVALUABLE,EQUAL_FOLD_FAMILY_LINEAGE_THEN_CASE_MEAN_AS_APPLICABLE,EXPLORATORY_CONSUMED_DIAGNOSTIC_ONLY
MS,viscosity_laplacian_acceleration,FOLD,FOLD_5,5.4293332828653604e-05,0.00015044055712222206,0.36089558472283645,EVALUABLE,EQUAL_FOLD_FAMILY_LINEAGE_THEN_CASE_MEAN_AS_APPLICABLE,EXPLORATORY_CONSUMED_DIAGNOSTIC_ONLY
MS,viscosity_laplacian_acceleration,FAMILY,F1,0.00020978525086019415,0.0003502834620521685,0.598901385840906,EVALUABLE,EQUAL_FOLD_FAMILY_LINEAGE_THEN_CASE_MEAN_AS_APPLICABLE,EXPLORATORY_CONSUMED_DIAGNOSTIC_ONLY
MS,viscosity_laplacian_acceleration,FAMILY,F2,0.00013243841989294403,0.00016161559839363552,0.8194655788754578,EVALUABLE,EQUAL_FOLD_FAMILY_LINEAGE_THEN_CASE_MEAN_AS_APPLICABLE,EXPLORATORY_CONSUMED_DIAGNOSTIC_ONLY
MS,viscosity_laplacian_acceleration,FAMILY,F3,9.654299061217891e-05,0.00018416440737117052,0.5242217646192798,EVALUABLE,EQUAL_FOLD_FAMILY_LINEAGE_THEN_CASE_MEAN_AS_APPLICABLE,EXPLORATORY_CONSUMED_DIAGNOSTIC_ONLY
MS,viscosity_laplacian_acceleration,FAMILY,F4,0.0002190882315464866,0.00019948546896832132,1.0982666190151336,EVALUABLE,EQUAL_FOLD_FAMILY_LINEAGE_THEN_CASE_MEAN_AS_APPLICABLE,EXPLORATORY_CONSUMED_DIAGNOSTIC_ONLY
MS,viscosity_laplacian_acceleration,FAMILY_FOLD,F1|FOLD_0,5.793015831489843e-05,0.0002681275640864873,0.21605446837316755,EVALUABLE,EQUAL_FOLD_FAMILY_LINEAGE_THEN_CASE_MEAN_AS_APPLICABLE,EXPLORATORY_CONSUMED_DIAGNOSTIC_ONLY
MS,viscosity_laplacian_acceleration,FAMILY_FOLD,F2|FOLD_0,0.0001453815105196019,0.00018302006630199657,0.7943473819953256,EVALUABLE,EQUAL_FOLD_FAMILY_LINEAGE_THEN_CASE_MEAN_AS_APPLICABLE,EXPLORATORY_CONSUMED_DIAGNOSTIC_ONLY
MS,viscosity_laplacian_acceleration,FAMILY_FOLD,F3|FOLD_0,3.170245739319148e-05,0.00012601081619823646,0.25158520791832756,EVALUABLE,EQUAL_FOLD_FAMILY_LINEAGE_THEN_CASE_MEAN_AS_APPLICABLE,EXPLORATORY_CONSUMED_DIAGNOSTIC_ONLY
MS,viscosity_laplacian_acceleration,FAMILY_FOLD,F4|FOLD_0,0.00014001230494657828,0.0002076297212675989,0.6743365260608647,EVALUABLE,EQUAL_FOLD_FAMILY_LINEAGE_THEN_CASE_MEAN_AS_APPLICABLE,EXPLORATORY_CONSUMED_DIAGNOSTIC_ONLY
MS,viscosity_laplacian_acceleration,FAMILY_FOLD,F1|FOLD_1,0.00014904640041302417,0.0003581882745091188,0.4161118914830076,EVALUABLE,EQUAL_FOLD_FAMILY_LINEAGE_THEN_CASE_MEAN_AS_APPLICABLE,EXPLORATORY_CONSUMED_DIAGNOSTIC_ONLY
MS,viscosity_laplacian_acceleration,FAMILY_FOLD,F2|FOLD_1,8.177990159279125e-05,0.00015428313024573798,0.5300637954553712,EVALUABLE,EQUAL_FOLD_FAMILY_LINEAGE_THEN_CASE_MEAN_AS_APPLICABLE,EXPLORATORY_CONSUMED_DIAGNOSTIC_ONLY
MS,viscosity_laplacian_acceleration,FAMILY_FOLD,F3|FOLD_1,6.060702288310764e-05,0.00015528422425173575,0.3902973606955452,EVALUABLE,EQUAL_FOLD_FAMILY_LINEAGE_THEN_CASE_MEAN_AS_APPLICABLE,EXPLORATORY_CONSUMED_DIAGNOSTIC_ONLY
MS,viscosity_laplacian_acceleration,FAMILY_FOLD,F4|FOLD_1,7.922280875365058e-05,0.00011290652793037833,0.7016672127452349,EVALUABLE,EQUAL_FOLD_FAMILY_LINEAGE_THEN_CASE_MEAN_AS_APPLICABLE,EXPLORATORY_CONSUMED_DIAGNOSTIC_ONLY
MS,viscosity_laplacian_acceleration,FAMILY_FOLD,F1|FOLD_2,0.00017902271124351358,0.00017327477002855452,1.0331724071196968,EVALUABLE,EQUAL_FOLD_FAMILY_LINEAGE_THEN_CASE_MEAN_AS_APPLICABLE,EXPLORATORY_CONSUMED_DIAGNOSTIC_ONLY
MS,viscosity_laplacian_acceleration,FAMILY_FOLD,F2|FOLD_2,0.0001648665331142542,0.00014524665680506566,1.135079710203039,EVALUABLE,EQUAL_FOLD_FAMILY_LINEAGE_THEN_CASE_MEAN_AS_APPLICABLE,EXPLORATORY_CONSUMED_DIAGNOSTIC_ONLY
MS,viscosity_laplacian_acceleration,FAMILY_FOLD,F3|FOLD_2,0.00014349257060957508,0.00025497061249314613,0.5627808209208122,EVALUABLE,EQUAL_FOLD_FAMILY_LINEAGE_THEN_CASE_MEAN_AS_APPLICABLE,EXPLORATORY_CONSUMED_DIAGNOSTIC_ONLY
MS,viscosity_laplacian_acceleration,FAMILY_FOLD,F4|FOLD_2,0.00010167843009390548,0.00012647591012805492,0.8039351524804812,EVALUABLE,EQUAL_FOLD_FAMILY_LINEAGE_THEN_CASE_MEAN_AS_APPLICABLE,EXPLORATORY_CONSUMED_DIAGNOSTIC_ONLY
MS,viscosity_laplacian_acceleration,FAMILY_FOLD,F1|FOLD_3,0.0007461000720972276,0.0007846071197426291,0.950921873283494,EVALUABLE,EQUAL_FOLD_FAMILY_LINEAGE_THEN_CASE_MEAN_AS_APPLICABLE,EXPLORATORY_CONSUMED_DIAGNOSTIC_ONLY
MS,viscosity_laplacian_acceleration,FAMILY_FOLD,F2|FOLD_3,0.00019068285100015702,0.00014767650858741409,1.2912199294533444,EVALUABLE,EQUAL_FOLD_FAMILY_LINEAGE_THEN_CASE_MEAN_AS_APPLICABLE,EXPLORATORY_CONSUMED_DIAGNOSTIC_ONLY
MS,viscosity_laplacian_acceleration,FAMILY_FOLD,F3|FOLD_3,0.00023646017723814947,0.0002610021560057052,0.9059702067479501,EVALUABLE,EQUAL_FOLD_FAMILY_LINEAGE_THEN_CASE_MEAN_AS_APPLICABLE,EXPLORATORY_CONSUMED_DIAGNOSTIC_ONLY
MS,viscosity_laplacian_acceleration,FAMILY_FOLD,F4|FOLD_3,0.0008186643846869703,0.00039304773200182384,2.0828625076080365,EVALUABLE,EQUAL_FOLD_FAMILY_LINEAGE_THEN_CASE_MEAN_AS_APPLICABLE,EXPLORATORY_CONSUMED_DIAGNOSTIC_ONLY
MS,viscosity_laplacian_acceleration,FAMILY_FOLD,F1|FOLD_4,8.327818987776577e-05,0.0003767837224199726,0.22102385247137032,EVALUABLE,EQUAL_FOLD_FAMILY_LINEAGE_THEN_CASE_MEAN_AS_APPLICABLE,EXPLORATORY_CONSUMED_DIAGNOSTIC_ONLY
MS,viscosity_laplacian_acceleration,FAMILY_FOLD,F2|FOLD_4,0.0001068454369234099,0.0001708883396711287,0.6252353854512945,EVALUABLE,EQUAL_FOLD_FAMILY_LINEAGE_THEN_CASE_MEAN_AS_APPLICABLE,EXPLORATORY_CONSUMED_DIAGNOSTIC_ONLY
MS,viscosity_laplacian_acceleration,FAMILY_FOLD,F3|FOLD_4,3.960474577082742e-05,0.00013336990512279485,0.2969541421984441,EVALUABLE,EQUAL_FOLD_FAMILY_LINEAGE_THEN_CASE_MEAN_AS_APPLICABLE,EXPLORATORY_CONSUMED_DIAGNOSTIC_ONLY
MS,viscosity_laplacian_acceleration,FAMILY_FOLD,F4|FOLD_4,0.00017357735868360797,0.0002387376344253074,0.7270632428835355,EVALUABLE,EQUAL_FOLD_FAMILY_LINEAGE_THEN_CASE_MEAN_AS_APPLICABLE,EXPLORATORY_CONSUMED_DIAGNOSTIC_ONLY
MS,viscosity_laplacian_acceleration,FAMILY_FOLD,F1|FOLD_5,4.333397321473517e-05,0.0001407193215262488,0.30794614943230775,EVALUABLE,EQUAL_FOLD_FAMILY_LINEAGE_THEN_CASE_MEAN_AS_APPLICABLE,EXPLORATORY_CONSUMED_DIAGNOSTIC_ONLY
MS,viscosity_laplacian_acceleration,FAMILY_FOLD,F2|FOLD_5,0.00010507428620744998,0.00016857888875047023,0.6232944527412356,EVALUABLE,EQUAL_FOLD_FAMILY_LINEAGE_THEN_CASE_MEAN_AS_APPLICABLE,EXPLORATORY_CONSUMED_DIAGNOSTIC_ONLY
MS,viscosity_laplacian_acceleration,FAMILY_FOLD,F3|FOLD_5,6.73909697782224e-05,0.00017434873015540457,0.3865297425347114,EVALUABLE,EQUAL_FOLD_FAMILY_LINEAGE_THEN_CASE_MEAN_AS_APPLICABLE,EXPLORATORY_CONSUMED_DIAGNOSTIC_ONLY
MS,viscosity_laplacian_acceleration,FAMILY_FOLD,F4|FOLD_5,1.374102114206846e-06,0.00011811528805676459,0.011633566973535818,EVALUABLE,EQUAL_FOLD_FAMILY_LINEAGE_THEN_CASE_MEAN_AS_APPLICABLE,EXPLORATORY_CONSUMED_DIAGNOSTIC_ONLY
MS,viscosity_laplacian_acceleration,LINEAGE,HMSO01R_A|FIELD_LINEAGE|008a4638c8cb2247bc6cd62f75f3daa09b2e49ba7d73812777f0a31f466efb5e,0.00015436268168196555,0.00016597348716258645,0.9300442156207333,EVALUABLE,EQUAL_FOLD_FAMILY_LINEAGE_THEN_CASE_MEAN_AS_APPLICABLE,EXPLORATORY_CONSUMED_DIAGNOSTIC_ONLY
MS,viscosity_laplacian_acceleration,LINEAGE,HMSO01R_A|FIELD_LINEAGE|0183a54dead296f9ee3dee43dc4041188299c7e551f4c9c6bfbe94dc055e54ad,0.0,0.0001081519523076594,0.0,EVALUABLE,EQUAL_FOLD_FAMILY_LINEAGE_THEN_CASE_MEAN_AS_APPLICABLE,EXPLORATORY_CONSUMED_DIAGNOSTIC_ONLY
MS,viscosity_laplacian_acceleration,LINEAGE,HMSO01R_A|FIELD_LINEAGE|0280053dfd6ee65fbd80522b2b04964154d57f31de1cc5d0449972791fa285ea,0.0,0.00010782129235612681,0.0,EVALUABLE,EQUAL_FOLD_FAMILY_LINEAGE_THEN_CASE_MEAN_AS_APPLICABLE,EXPLORATORY_CONSUMED_DIAGNOSTIC_ONLY
MS,viscosity_laplacian_acceleration,LINEAGE,HMSO01R_A|FIELD_LINEAGE|02a8e9bf168ff7b6159072e41013ee435870f1006dfd3aa95840b1c132f5aafb,0.0,9.854958486350503e-05,0.0,EVALUABLE,EQUAL_FOLD_FAMILY_LINEAGE_THEN_CASE_MEAN_AS_APPLICABLE,EXPLORATORY_CONSUMED_DIAGNOSTIC_ONLY
MS,viscosity_laplacian_acceleration,LINEAGE,HMSO01R_A|FIELD_LINEAGE|0404a47ad84d3ab6d4cc0dbf7c8fea97f3bca817bfb6ce9e4a0d96e074c1229f,3.496990919245444e-05,0.00014230965470819128,0.2457311084350596,EVALUABLE,EQUAL_FOLD_FAMILY_LINEAGE_THEN_CASE_MEAN_AS_APPLICABLE,EXPLORATORY_CONSUMED_DIAGNOSTIC_ONLY
MS,viscosity_laplacian_acceleration,LINEAGE,HMSO01R_A|FIELD_LINEAGE|04cc9f11103eaca809c304d2c5e7176a0ac510070bc43c67da76cab1f9c23ed7,0.0008927049378650436,0.000510315404634076,1.7493199886943678,EVALUABLE,EQUAL_FOLD_FAMILY_LINEAGE_THEN_CASE_MEAN_AS_APPLICABLE,EXPLORATORY_CONSUMED_DIAGNOSTIC_ONLY
MS,viscosity_laplacian_acceleration,LINEAGE,HMSO01R_A|FIELD_LINEAGE|051eaa0f00871ac3de3987b76f15e88e4e718676447cf96853b1d9836e56f4a9,0.00014573986957326548,0.00015292050430126372,0.953043349151845,EVALUABLE,EQUAL_FOLD_FAMILY_LINEAGE_THEN_CASE_MEAN_AS_APPLICABLE,EXPLORATORY_CONSUMED_DIAGNOSTIC_ONLY
MS,viscosity_laplacian_acceleration,LINEAGE,HMSO01R_A|FIELD_LINEAGE|05638fa6abec8d1f9d2070785cb5b62bc36d80415fcae04a6c6b1419139c3003,0.0,0.0001175529955948302,0.0,EVALUABLE,EQUAL_FOLD_FAMILY_LINEAGE_THEN_CASE_MEAN_AS_APPLICABLE,EXPLORATORY_CONSUMED_DIAGNOSTIC_ONLY
MS,viscosity_laplacian_acceleration,LINEAGE,HMSO01R_A|FIELD_LINEAGE|065caad01d0036cc45e094366cffda53edef5d184f8c28ff280e81478dd5499f,0.00019285702772886765,0.00021679373408857954,0.8895876467078536,EVALUABLE,EQUAL_FOLD_FAMILY_LINEAGE_THEN_CASE_MEAN_AS_APPLICABLE,EXPLORATORY_CONSUMED_DIAGNOSTIC_ONLY
MS,viscosity_laplacian_acceleration,LINEAGE,HMSO01R_A|FIELD_LINEAGE|06c31c418b756da4f49834b1270295e826a9807f080171a34a3e7c250369709c,2.168015758079371e-07,0.00010734706172987219,0.0020196321381715683,EVALUABLE,EQUAL_FOLD_FAMILY_LINEAGE_THEN_CASE_MEAN_AS_APPLICABLE,EXPLORATORY_CONSUMED_DIAGNOSTIC_ONLY
MS,viscosity_laplacian_acceleration,LINEAGE,HMSO01R_A|FIELD_LINEAGE|06c5b0d79a6fc40df74bc047659e629ea096b0eb47ce7956bd3f7d012a8211c7,2.4447957702575354e-07,0.00012611510243762004,0.0019385432220275108,EVALUABLE,EQUAL_FOLD_FAMILY_LINEAGE_THEN_CASE_MEAN_AS_APPLICABLE,EXPLORATORY_CONSUMED_DIAGNOSTIC_ONLY
MS,viscosity_laplacian_acceleration,LINEAGE,HMSO01R_A|FIELD_LINEAGE|07ef870a5e517a728f6e4939e44adb6e41abac7dca46a1a2247aeb449ae2b2b6,2.2950242227050154e-05,0.00013637933284144056,0.16828240576402378,EVALUABLE,EQUAL_FOLD_FAMILY_LINEAGE_THEN_CASE_MEAN_AS_APPLICABLE,EXPLORATORY_CONSUMED_DIAGNOSTIC_ONLY
MS,viscosity_laplacian_acceleration,LINEAGE,HMSO01R_A|FIELD_LINEAGE|092a3e161c8ce70f083c10130918ff7fb36de994b41e81b7dfb0e04366314a2c,0.000341106629753951,0.00024064658469495983,1.4174588439986917,EVALUABLE,EQUAL_FOLD_FAMILY_LINEAGE_THEN_CASE_MEAN_AS_APPLICABLE,EXPLORATORY_CONSUMED_DIAGNOSTIC_ONLY
MS,viscosity_laplacian_acceleration,LINEAGE,HMSO01R_A|FIELD_LINEAGE|093dc802dc5954d756689fb97f687ee9b46c368f5fe625c807448d3bc43a1926,0.0,8.372960778008677e-05,0.0,EVALUABLE,EQUAL_FOLD_FAMILY_LINEAGE_THEN_CASE_MEAN_AS_APPLICABLE,EXPLORATORY_CONSUMED_DIAGNOSTIC_ONLY
MS,viscosity_laplacian_acceleration,LINEAGE,HMSO01R_A|FIELD_LINEAGE|0a252563daa08b1ab13bdaf89c42f5f5445076fcfec6feb203abcad9de8ed55a,0.0,8.281216149535255e-05,0.0,EVALUABLE,EQUAL_FOLD_FAMILY_LINEAGE_THEN_CASE_MEAN_AS_APPLICABLE,EXPLORATORY_CONSUMED_DIAGNOSTIC_ONLY
MS,viscosity_laplacian_acceleration,LINEAGE,HMSO01R_A|FIELD_LINEAGE|0ac3210ffe07941071125618f2e4ad4f522063f7735eb12854083a5cf3b96fca,8.358798326063458e-06,0.00012337396069877617,0.06775172231417528,EVALUABLE,EQUAL_FOLD_FAMILY_LINEAGE_THEN_CASE_MEAN_AS_APPLICABLE,EXPLORATORY_CONSUMED_DIAGNOSTIC_ONLY
MS,viscosity_laplacian_acceleration,LINEAGE,HMSO01R_A|FIELD_LINEAGE|0af73c913450206e45697078b9ff423d2fbe56a236026748e22945b9fe394efb,1.2875629401927395e-05,0.00010811063317645404,0.11909679023812843,EVALUABLE,EQUAL_FOLD_FAMILY_LINEAGE_THEN_CASE_MEAN_AS_APPLICABLE,EXPLORATORY_CONSUMED_DIAGNOSTIC_ONLY
MS,viscosity_laplacian_acceleration,LINEAGE,HMSO01R_A|FIELD_LINEAGE|0d095ad04875a9db82a8c6062fc3703d3296558fc88db157a4ad79a6317e27a5,2.6209473331816157e-07,0.00012159377238643373,0.002155494711400233,EVALUABLE,EQUAL_FOLD_FAMILY_LINEAGE_THEN_CASE_MEAN_AS_APPLICABLE,EXPLORATORY_CONSUMED_DIAGNOSTIC_ONLY
MS,viscosity_laplacian_acceleration,LINEAGE,HMSO01R_A|FIELD_LINEAGE|0d9a0fc9b5f4f20cb32cc24ac6db7a1e45276ec79661381e7e476b453759d6b0,0.008614641234889576,0.008197422896365282,1.0508962809164435,EVALUABLE,EQUAL_FOLD_FAMILY_LINEAGE_THEN_CASE_MEAN_AS_APPLICABLE,EXPLORATORY_CONSUMED_DIAGNOSTIC_ONLY
MS,viscosity_laplacian_acceleration,LINEAGE,HMSO01R_A|FIELD_LINEAGE|0da6210822c1316c7a077be78ae0c871024433732125f17a7f978f92e0d637e1,0.0002666796168994737,0.0003381782984333952,0.7885769670462657,EVALUABLE,EQUAL_FOLD_FAMILY_LINEAGE_THEN_CASE_MEAN_AS_APPLICABLE,EXPLORATORY_CONSUMED_DIAGNOSTIC_ONLY
MS,viscosity_laplacian_acceleration,LINEAGE,HMSO01R_A|FIELD_LINEAGE|0ddf6cdd096735cc15f4456489e1d58f77aa80618dad5da96cca18e59be60b9c,7.724386622783628e-05,0.0001109193952331031,0.696396388255671,EVALUABLE,EQUAL_FOLD_FAMILY_LINEAGE_THEN_CASE_MEAN_AS_APPLICABLE,EXPLORATORY_CONSUMED_DIAGNOSTIC_ONLY
MS,viscosity_laplacian_acceleration,LINEAGE,HMSO01R_A|FIELD_LINEAGE|0e65acebdbaa92caa4bcb30c2a0feac4a5469aac1dd76780539181916f956f58,0.0,8.387773224832882e-05,0.0,EVALUABLE,EQUAL_FOLD_FAMILY_LINEAGE_THEN_CASE_MEAN_AS_APPLICABLE,EXPLORATORY_CONSUMED_DIAGNOSTIC_ONLY
MS,viscosity_laplacian_acceleration,LINEAGE,HMSO01R_A|FIELD_LINEAGE|0e85d8db167a222553e045c2d06d7055fe817db60fe9573c8fc78f52ed1f8615,2.1095815010393654e-09,0.00014913936826112942,1.4145034444196389e-05,EVALUABLE,EQUAL_FOLD_FAMILY_LINEAGE_THEN_CASE_MEAN_AS_APPLICABLE,EXPLORATORY_CONSUMED_DIAGNOSTIC_ONLY
MS,viscosity_laplacian_acceleration,LINEAGE,HMSO01R_A|FIELD_LINEAGE|0f0f1b8e6d3d2de7f2739e4c27aed7f4a0fa84df148b19d95d7dbbf8ec12bea3,0.00030173184418556885,0.000257563885765674,1.1714835070475598,EVALUABLE,EQUAL_FOLD_FAMILY_LINEAGE_THEN_CASE_MEAN_AS_APPLICABLE,EXPLORATORY_CONSUMED_DIAGNOSTIC_ONLY
MS,viscosity_laplacian_acceleration,LINEAGE,HMSO01R_A|FIELD_LINEAGE|0f49beb059c8327e240fa524ede4b5d0ddc16e0eb915fce826282146040c0e20,6.048394103510317e-05,0.00010265071691803246,0.5892208340191151,EVALUABLE,EQUAL_FOLD_FAMILY_LINEAGE_THEN_CASE_MEAN_AS_APPLICABLE,EXPLORATORY_CONSUMED_DIAGNOSTIC_ONLY
MS,viscosity_laplacian_acceleration,LINEAGE,HMSO01R_A|FIELD_LINEAGE|0fdda9072ffc8d97ff7e0441813be2217cbf8a41c67bef8c56cb65c5e8c889e5,0.0001474677283221646,0.00024992198915650286,0.5900550360529473,EVALUABLE,EQUAL_FOLD_FAMILY_LINEAGE_THEN_CASE_MEAN_AS_APPLICABLE,EXPLORATORY_CONSUMED_DIAGNOSTIC_ONLY
MS,viscosity_laplacian_acceleration,LINEAGE,HMSO01R_A|FIELD_LINEAGE|1014832cdbdd8f9e416c91cfffc398c0221e1acf20617efe558f4efd66f3578a,6.330355203682977e-06,0.00010901659087718174,0.058067814749543624,EVALUABLE,EQUAL_FOLD_FAMILY_LINEAGE_THEN_CASE_MEAN_AS_APPLICABLE,EXPLORATORY_CONSUMED_DIAGNOSTIC_ONLY
MS,viscosity_laplacian_acceleration,LINEAGE,HMSO01R_A|FIELD_LINEAGE|101e8ab2bfdfa561a79b7bef11d98c5487b65f400bdd7d35b17d61b9746e280e,3.121484767803947e-05,0.00012199502571587253,0.2558698397321471,EVALUABLE,EQUAL_FOLD_FAMILY_LINEAGE_THEN_CASE_MEAN_AS_APPLICABLE,EXPLORATORY_CONSUMED_DIAGNOSTIC_ONLY
MS,viscosity_laplacian_acceleration,LINEAGE,HMSO01R_A|FIELD_LINEAGE|10ec2dec79c0538398e95e49cd33ade9183e905d4ea4b212dcd4e7ec34fc5546,0.0013865105278508664,9.555094718264665e-05,14.510693705636813,EVALUABLE,EQUAL_FOLD_FAMILY_LINEAGE_THEN_CASE_MEAN_AS_APPLICABLE,EXPLORATORY_CONSUMED_DIAGNOSTIC_ONLY
MS,viscosity_laplacian_acceleration,LINEAGE,HMSO01R_A|FIELD_LINEAGE|11fde86949c379fe2021d6c74cae47b21d76fdf394512bb275cf864fa8a207c8,0.00013893751758933042,8.26405609907886e-05,1.6812266993784915,EVALUABLE,EQUAL_FOLD_FAMILY_LINEAGE_THEN_CASE_MEAN_AS_APPLICABLE,EXPLORATORY_CONSUMED_DIAGNOSTIC_ONLY
MS,viscosity_laplacian_acceleration,LINEAGE,HMSO01R_A|FIELD_LINEAGE|14fde0d6f8e15a741b90398f93d73484586c3eb3479f620760208e87c5b3db6c,6.500178665041505e-05,0.0001208878272380729,0.5377033249377744,EVALUABLE,EQUAL_FOLD_FAMILY_LINEAGE_THEN_CASE_MEAN_AS_APPLICABLE,EXPLORATORY_CONSUMED_DIAGNOSTIC_ONLY
MS,viscosity_laplacian_acceleration,LINEAGE,HMSO01R_A|FIELD_LINEAGE|15651b29629c1bcfb68ed12ef597d6352232a9bc607eac6bb7e574563cec2b00,3.041286536606603e-05,0.00011062992076283136,0.27490632874324467,EVALUABLE,EQUAL_FOLD_FAMILY_LINEAGE_THEN_CASE_MEAN_AS_APPLICABLE,EXPLORATORY_CONSUMED_DIAGNOSTIC_ONLY
MS,viscosity_laplacian_acceleration,LINEAGE,HMSO01R_A|FIELD_LINEAGE|16eb11153f438a544fbde5e29c9d4f0fc922c6cc49338ba6f7c68206ac580c7f,0.0,8.391761340900151e-05,0.0,EVALUABLE,EQUAL_FOLD_FAMILY_LINEAGE_THEN_CASE_MEAN_AS_APPLICABLE,EXPLORATORY_CONSUMED_DIAGNOSTIC_ONLY
MS,viscosity_laplacian_acceleration,LINEAGE,HMSO01R_A|FIELD_LINEAGE|17af857dc7e075f66db0acfe5114e05e0f490cc5340cc9cfe073ae813844b776,3.425710265940942e-05,0.00012508135757295148,0.27387856451293774,EVALUABLE,EQUAL_FOLD_FAMILY_LINEAGE_THEN_CASE_MEAN_AS_APPLICABLE,EXPLORATORY_CONSUMED_DIAGNOSTIC_ONLY
MS,viscosity_laplacian_acceleration,LINEAGE,HMSO01R_A|FIELD_LINEAGE|191e9f46778b3758f1f78fde4f9e2a46913f5a82ffc9889aaa9e18e41d67ee0e,7.21611455206306e-05,0.0001644512606114289,0.43879958871908825,EVALUABLE,EQUAL_FOLD_FAMILY_LINEAGE_THEN_CASE_MEAN_AS_APPLICABLE,EXPLORATORY_CONSUMED_DIAGNOSTIC_ONLY
MS,viscosity_laplacian_acceleration,LINEAGE,HMSO01R_A|FIELD_LINEAGE|197d7ec024c0036b09ad028c746809cfe1ed712ccbb40eead96390c6dfdd817b,0.00027980780831734863,0.0003079123808053256,0.9087254224254601,EVALUABLE,EQUAL_FOLD_FAMILY_LINEAGE_THEN_CASE_MEAN_AS_APPLICABLE,EXPLORATORY_CONSUMED_DIAGNOSTIC_ONLY
MS,viscosity_laplacian_acceleration,LINEAGE,HMSO01R_A|FIELD_LINEAGE|197ff926eb3d0f9ff98b06347687987d9933c0c4a0832b79258c496c53405132,0.00030477936903615784,0.00013778069197396004,2.2120615353982966,EVALUABLE,EQUAL_FOLD_FAMILY_LINEAGE_THEN_CASE_MEAN_AS_APPLICABLE,EXPLORATORY_CONSUMED_DIAGNOSTIC_ONLY
MS,viscosity_laplacian_acceleration,LINEAGE,HMSO01R_A|FIELD_LINEAGE|19bc9c15d585b69ea5a604b39577d278e2c7b171a2d899f0352dc2850b1dc0cb,1.3158040922700197e-05,0.00013769932918611204,0.09555631825131128,EVALUABLE,EQUAL_FOLD_FAMILY_LINEAGE_THEN_CASE_MEAN_AS_APPLICABLE,EXPLORATORY_CONSUMED_DIAGNOSTIC_ONLY
MS,viscosity_laplacian_acceleration,LINEAGE,HMSO01R_A|FIELD_LINEAGE|1a444bf8e4f5678b58a9ba1debf6e16323abf2899e40040f0bbc7e1608156e14,1.485872968765724e-05,0.00014804758235457214,0.10036455476909285,EVALUABLE,EQUAL_FOLD_FAMILY_LINEAGE_THEN_CASE_MEAN_AS_APPLICABLE,EXPLORATORY_CONSUMED_DIAGNOSTIC_ONLY
MS,viscosity_laplacian_acceleration,LINEAGE,HMSO01R_A|FIELD_LINEAGE|1b6f0cb3de33bc6abdb0882404222836bd00a9ad3c6fe2c95af35a87f0fa1200,0.0,0.00011617378702527128,0.0,EVALUABLE,EQUAL_FOLD_FAMILY_LINEAGE_THEN_CASE_MEAN_AS_APPLICABLE,EXPLORATORY_CONSUMED_DIAGNOSTIC_ONLY
MS,viscosity_laplacian_acceleration,LINEAGE,HMSO01R_A|FIELD_LINEAGE|1d03c9c9f560219b53c739310adfe296cf8afec50561d01ce15be76ae73c1479,0.0,0.00011019581841990227,0.0,EVALUABLE,EQUAL_FOLD_FAMILY_LINEAGE_THEN_CASE_MEAN_AS_APPLICABLE,EXPLORATORY_CONSUMED_DIAGNOSTIC_ONLY
MS,viscosity_laplacian_acceleration,LINEAGE,HMSO01R_A|FIELD_LINEAGE|1e499d17b9c103b93706f70e5fa2f7497086b8d1dab61b6d4e57ae6874e328ff,0.0,0.0001259879522570447,0.0,EVALUABLE,EQUAL_FOLD_FAMILY_LINEAGE_THEN_CASE_MEAN_AS_APPLICABLE,EXPLORATORY_CONSUMED_DIAGNOSTIC_ONLY
MS,viscosity_laplacian_acceleration,LINEAGE,HMSO01R_A|FIELD_LINEAGE|20bbc33e3ce141e2f7eb99de3d0702689581411faf36ef6782c9dd4ff7bd0899,0.00013186671771384448,0.00010945792119489487,1.2047252156292072,EVALUABLE,EQUAL_FOLD_FAMILY_LINEAGE_THEN_CASE_MEAN_AS_APPLICABLE,EXPLORATORY_CONSUMED_DIAGNOSTIC_ONLY
MS,viscosity_laplacian_acceleration,LINEAGE,HMSO01R_A|FIELD_LINEAGE|20fd9f4e76cc9e98a79b808be25ffb0cc4d95c0522637973fd5963586426d614,7.996145989974696e-06,0.00010327186510758894,0.07742811637655897,EVALUABLE,EQUAL_FOLD_FAMILY_LINEAGE_THEN_CASE_MEAN_AS_APPLICABLE,EXPLORATORY_CONSUMED_DIAGNOSTIC_ONLY
MS,viscosity_laplacian_acceleration,LINEAGE,HMSO01R_A|FIELD_LINEAGE|21308456c1ed84c2854c7a093be1e48cf9af8d5768485e2a86892e0fd138af17,0.0,0.00016394076492814497,0.0,EVALUABLE,EQUAL_FOLD_FAMILY_LINEAGE_THEN_CASE_MEAN_AS_APPLICABLE,EXPLORATORY_CONSUMED_DIAGNOSTIC_ONLY
MS,viscosity_laplacian_acceleration,LINEAGE,HMSO01R_A|FIELD_LINEAGE|21b79bdb11d90c0a9b01efce71ed9eec0d7fba61736210c4c1ab358a9c4e965a,0.0003371401570013151,0.0003603039400148808,0.9357104365480737,EVALUABLE,EQUAL_FOLD_FAMILY_LINEAGE_THEN_CASE_MEAN_AS_APPLICABLE,EXPLORATORY_CONSUMED_DIAGNOSTIC_ONLY
MS,viscosity_laplacian_acceleration,LINEAGE,HMSO01R_A|FIELD_LINEAGE|21dfb26365637485a590f4aa1b2a5297d551eab87745fb26abbdd41a0e1d8daa,6.984211747055739e-07,0.00015507490658694736,0.004503766535006637,EVALUABLE,EQUAL_FOLD_FAMILY_LINEAGE_THEN_CASE_MEAN_AS_APPLICABLE,EXPLORATORY_CONSUMED_DIAGNOSTIC_ONLY
MS,viscosity_laplacian_acceleration,LINEAGE,HMSO01R_A|FIELD_LINEAGE|226b761343bde11d0f8531972b4efd2a54f34c441ce74b43268bfdfde41542ed,0.0,0.00010630896476822733,0.0,EVALUABLE,EQUAL_FOLD_FAMILY_LINEAGE_THEN_CASE_MEAN_AS_APPLICABLE,EXPLORATORY_CONSUMED_DIAGNOSTIC_ONLY
MS,viscosity_laplacian_acceleration,LINEAGE,HMSO01R_A|FIELD_LINEAGE|292cdf1c570d6fb417a11eb6a7d4d830f9162a0bf0e09496e15edbaa84e1f3f4,0.0,0.00011229546056230481,0.0,EVALUABLE,EQUAL_FOLD_FAMILY_LINEAGE_THEN_CASE_MEAN_AS_APPLICABLE,EXPLORATORY_CONSUMED_DIAGNOSTIC_ONLY
MS,viscosity_laplacian_acceleration,LINEAGE,HMSO01R_A|FIELD_LINEAGE|29dc93f9e64f8875b47eb06f84606bc0c4a0e9315877441085164bd7870ebc8e,8.909983927461422e-05,0.00010174653495417597,0.8757039177279355,EVALUABLE,EQUAL_FOLD_FAMILY_LINEAGE_THEN_CASE_MEAN_AS_APPLICABLE,EXPLORATORY_CONSUMED_DIAGNOSTIC_ONLY
MS,viscosity_laplacian_acceleration,LINEAGE,HMSO01R_A|FIELD_LINEAGE|2bf67fa14447cc7892bedcae7ba79ef420cf3b1aa476bde75527a097c9a5c922,0.0,0.00012011992861109041,0.0,EVALUABLE,EQUAL_FOLD_FAMILY_LINEAGE_THEN_CASE_MEAN_AS_APPLICABLE,EXPLORATORY_CONSUMED_DIAGNOSTIC_ONLY
MS,viscosity_laplacian_acceleration,LINEAGE,HMSO01R_A|FIELD_LINEAGE|2d885ab8e36e98def0f3a036fab45f57940afd290e12c42ece2cbbf2a0b7faed,4.014091723346909e-08,9.324591920282695e-05,0.0004304844391758876,EVALUABLE,EQUAL_FOLD_FAMILY_LINEAGE_THEN_CASE_MEAN_AS_APPLICABLE,EXPLORATORY_CONSUMED_DIAGNOSTIC_ONLY
MS,viscosity_laplacian_acceleration,LINEAGE,HMSO01R_A|FIELD_LINEAGE|2e00a5aa730d3fe2629242ac9cb05445890c5ccd2cee3bc6b04bd3dcaa176cdc,0.00014471400479324376,0.00020853326939766843,0.6939612331942933,EVALUABLE,EQUAL_FOLD_FAMILY_LINEAGE_THEN_CASE_MEAN_AS_APPLICABLE,EXPLORATORY_CONSUMED_DIAGNOSTIC_ONLY
MS,viscosity_laplacian_acceleration,LINEAGE,HMSO01R_A|FIELD_LINEAGE|3264ae7008b91adb6f4b677f3ecc13cbe5ab1143b7f33ef501525d095e0b618c,7.234551135620604e-05,0.00011329420014473586,0.6385632385751702,EVALUABLE,EQUAL_FOLD_FAMILY_LINEAGE_THEN_CASE_MEAN_AS_APPLICABLE,EXPLORATORY_CONSUMED_DIAGNOSTIC_ONLY
MS,viscosity_laplacian_acceleration,LINEAGE,HMSO01R_A|FIELD_LINEAGE|3283083498700d830b6f9393659c16097acacaf984f6c43b70c65438a233286d,2.2460376208132618e-07,8.1142504558447e-05,0.002768016137825077,EVALUABLE,EQUAL_FOLD_FAMILY_LINEAGE_THEN_CASE_MEAN_AS_APPLICABLE,EXPLORATORY_CONSUMED_DIAGNOSTIC_ONLY
MS,viscosity_laplacian_acceleration,LINEAGE,HMSO01R_A|FIELD_LINEAGE|34168bb92814c253cb6b05f8022442aa6cab311b67f648a00b758da530873bc9,0.00016451642776740241,0.00015649575472047816,1.0512516972824613,EVALUABLE,EQUAL_FOLD_FAMILY_LINEAGE_THEN_CASE_MEAN_AS_APPLICABLE,EXPLORATORY_CONSUMED_DIAGNOSTIC_ONLY
MS,viscosity_laplacian_acceleration,LINEAGE,HMSO01R_A|FIELD_LINEAGE|34a4e80876c1805c1767ae4dec4e60fe92b927519de4d3f4fc98d8e491efa006,0.00013178233449071458,0.00029827976726419866,0.44180782256675677,EVALUABLE,EQUAL_FOLD_FAMILY_LINEAGE_THEN_CASE_MEAN_AS_APPLICABLE,EXPLORATORY_CONSUMED_DIAGNOSTIC_ONLY
MS,viscosity_laplacian_acceleration,LINEAGE,HMSO01R_A|FIELD_LINEAGE|367777ab46eb41f1d6390744a91dc4aea35bac8f23f02a2f5c6dee473916edbd,2.3410561467346865e-08,0.00011519453973013296,0.0002032263119605404,EVALUABLE,EQUAL_FOLD_FAMILY_LINEAGE_THEN_CASE_MEAN_AS_APPLICABLE,EXPLORATORY_CONSUMED_DIAGNOSTIC_ONLY
MS,viscosity_laplacian_acceleration,LINEAGE,HMSO01R_A|FIELD_LINEAGE|381d8f63546be0384f86ba8b518abcf8c4d107fec707374fb03828151e0b75af,9.558270194490754e-07,0.00014854882564585738,0.006434429994941739,EVALUABLE,EQUAL_FOLD_FAMILY_LINEAGE_THEN_CASE_MEAN_AS_APPLICABLE,EXPLORATORY_CONSUMED_DIAGNOSTIC_ONLY
MS,viscosity_laplacian_acceleration,LINEAGE,HMSO01R_A|FIELD_LINEAGE|38ed780ae9e2ceb725d12dc596e69f348d116c6ab5da75f5bae97744169a86db,0.0,0.00012266766519478627,0.0,EVALUABLE,EQUAL_FOLD_FAMILY_LINEAGE_THEN_CASE_MEAN_AS_APPLICABLE,EXPLORATORY_CONSUMED_DIAGNOSTIC_ONLY
MS,viscosity_laplacian_acceleration,LINEAGE,HMSO01R_A|FIELD_LINEAGE|39a5eaeb1afddf9af00bec82f67fdf5414fc1d1e11076c2f86704fda2809ab87,2.3280128265993043e-09,7.460529466863419e-05,3.120439155075216e-05,EVALUABLE,EQUAL_FOLD_FAMILY_LINEAGE_THEN_CASE_MEAN_AS_APPLICABLE,EXPLORATORY_CONSUMED_DIAGNOSTIC_ONLY
MS,viscosity_laplacian_acceleration,LINEAGE,HMSO01R_A|FIELD_LINEAGE|3c7ea9b77bf044ea3d9c6d199831fc605b20c1d7b4a9ad213eb80b5cab2c0296,0.00011630753711909491,0.0001078196474114495,1.0787230334305848,EVALUABLE,EQUAL_FOLD_FAMILY_LINEAGE_THEN_CASE_MEAN_AS_APPLICABLE,EXPLORATORY_CONSUMED_DIAGNOSTIC_ONLY
MS,viscosity_laplacian_acceleration,LINEAGE,HMSO01R_A|FIELD_LINEAGE|3d33238d426baab3f4ff1c525309d0c0b825fb99fca42c8d1a5482ea92f2f1a6,0.0,0.00010350369054296737,0.0,EVALUABLE,EQUAL_FOLD_FAMILY_LINEAGE_THEN_CASE_MEAN_AS_APPLICABLE,EXPLORATORY_CONSUMED_DIAGNOSTIC_ONLY
MS,viscosity_laplacian_acceleration,LINEAGE,HMSO01R_A|FIELD_LINEAGE|3e17b326e03465aac98a6b656cd3125c19ada3cc77d6223ebd6e30804155ff56,0.00016444840354176135,0.003998678344102895,0.04112568938791585,EVALUABLE,EQUAL_FOLD_FAMILY_LINEAGE_THEN_CASE_MEAN_AS_APPLICABLE,EXPLORATORY_CONSUMED_DIAGNOSTIC_ONLY
MS,viscosity_laplacian_acceleration,LINEAGE,HMSO01R_A|FIELD_LINEAGE|3e594f148c4f0181faaf58cc7906a2e9e8709c7be31e59cdc8bdd6b6b7c398a2,3.837477006330899e-07,0.0001421046237581029,0.002700458932893859,EVALUABLE,EQUAL_FOLD_FAMILY_LINEAGE_THEN_CASE_MEAN_AS_APPLICABLE,EXPLORATORY_CONSUMED_DIAGNOSTIC_ONLY
MS,viscosity_laplacian_acceleration,LINEAGE,HMSO01R_A|FIELD_LINEAGE|40ad278dca26109101acf56cf89434c2db030106327c552c8aaad7f18589b1fc,9.228662080021527e-05,0.0009860980650728054,0.09358767050557146,EVALUABLE,EQUAL_FOLD_FAMILY_LINEAGE_THEN_CASE_MEAN_AS_APPLICABLE,EXPLORATORY_CONSUMED_DIAGNOSTIC_ONLY
MS,viscosity_laplacian_acceleration,LINEAGE,HMSO01R_A|FIELD_LINEAGE|41b714ff189f53f826864cf9fac2bed83a6e097351a7033fcea23d658bf21b54,0.0,0.00011119669560594631,0.0,EVALUABLE,EQUAL_FOLD_FAMILY_LINEAGE_THEN_CASE_MEAN_AS_APPLICABLE,EXPLORATORY_CONSUMED_DIAGNOSTIC_ONLY
MS,viscosity_laplacian_acceleration,LINEAGE,HMSO01R_A|FIELD_LINEAGE|41ec221cb0eeb1bbfd7efc4d5d4cd642cd62a71a09fd5ce2fc9fff0cbe48931c,1.4358721424874962e-10,0.00010277843268215166,1.397055885185577e-06,EVALUABLE,EQUAL_FOLD_FAMILY_LINEAGE_THEN_CASE_MEAN_AS_APPLICABLE,EXPLORATORY_CONSUMED_DIAGNOSTIC_ONLY
MS,viscosity_laplacian_acceleration,LINEAGE,HMSO01R_A|FIELD_LINEAGE|429c6019f8749d53e4581b918e84a928af92c02c8bd8516136f7bea7e94cf671,1.8651897894514848e-05,0.00013445989082537868,0.13871718755697807,EVALUABLE,EQUAL_FOLD_FAMILY_LINEAGE_THEN_CASE_MEAN_AS_APPLICABLE,EXPLORATORY_CONSUMED_DIAGNOSTIC_ONLY
MS,viscosity_laplacian_acceleration,LINEAGE,HMSO01R_A|FIELD_LINEAGE|42e50ef40056d389a76817004688f104ee3861e2ea394e0b7ded0e04dbc7e54e,0.00011253941662027769,8.779146506619142e-05,1.2818947324256094,EVALUABLE,EQUAL_FOLD_FAMILY_LINEAGE_THEN_CASE_MEAN_AS_APPLICABLE,EXPLORATORY_CONSUMED_DIAGNOSTIC_ONLY
MS,viscosity_laplacian_acceleration,LINEAGE,HMSO01R_A|FIELD_LINEAGE|43048a070f7e90a4b3daec507e653fb282b428f5e4cf309a72c949e8f5226bf3,3.788941682456432e-08,0.00010457579174506681,0.0003623153713904508,EVALUABLE,EQUAL_FOLD_FAMILY_LINEAGE_THEN_CASE_MEAN_AS_APPLICABLE,EXPLORATORY_CONSUMED_DIAGNOSTIC_ONLY
MS,viscosity_laplacian_acceleration,LINEAGE,HMSO01R_A|FIELD_LINEAGE|4389c621e60229f631c944081b4adc544d96927c12f624ff90ee3e85668f651e,1.1472229038816622e-05,9.735072544858224e-05,0.1178443096952155,EVALUABLE,EQUAL_FOLD_FAMILY_LINEAGE_THEN_CASE_MEAN_AS_APPLICABLE,EXPLORATORY_CONSUMED_DIAGNOSTIC_ONLY
MS,viscosity_laplacian_acceleration,LINEAGE,HMSO01R_A|FIELD_LINEAGE|440a69e5e6d8a6266c3153ff4cc4273aafca8ec71c677d3f24cfa0db89cae65c,0.0,9.941853375247454e-05,0.0,EVALUABLE,EQUAL_FOLD_FAMILY_LINEAGE_THEN_CASE_MEAN_AS_APPLICABLE,EXPLORATORY_CONSUMED_DIAGNOSTIC_ONLY
MS,viscosity_laplacian_acceleration,LINEAGE,HMSO01R_A|FIELD_LINEAGE|4666d705aea26a6f22073d7a13f6e76c36824d125314c031a782f73ac5ba6779,0.00012962762322068575,9.838197610224358e-05,1.3175952380339473,EVALUABLE,EQUAL_FOLD_FAMILY_LINEAGE_THEN_CASE_MEAN_AS_APPLICABLE,EXPLORATORY_CONSUMED_DIAGNOSTIC_ONLY
MS,viscosity_laplacian_acceleration,LINEAGE,HMSO01R_A|FIELD_LINEAGE|46ad1db2ba1a448aa8fcf8fea69b4b772861af80c9b661f505a8c591ffdfe68c,2.7312035916402574e-07,0.00013378476544988763,0.0020414907351041377,EVALUABLE,EQUAL_FOLD_FAMILY_LINEAGE_THEN_CASE_MEAN_AS_APPLICABLE,EXPLORATORY_CONSUMED_DIAGNOSTIC_ONLY
MS,viscosity_laplacian_acceleration,LINEAGE,HMSO01R_A|FIELD_LINEAGE|4729596698ed7c65dd5f082aea4dac27cd26c6550de18eb2382e9ca6f186b90b,9.738485994174503e-05,0.0002233055739751689,0.4361058177283743,EVALUABLE,EQUAL_FOLD_FAMILY_LINEAGE_THEN_CASE_MEAN_AS_APPLICABLE,EXPLORATORY_CONSUMED_DIAGNOSTIC_ONLY
MS,viscosity_laplacian_acceleration,LINEAGE,HMSO01R_A|FIELD_LINEAGE|475ead0c3c732d8046f08c0918482fe4219c4fa643d2e948ba96c0bc2f6d887d,0.0,0.0001120461127390381,0.0,EVALUABLE,EQUAL_FOLD_FAMILY_LINEAGE_THEN_CASE_MEAN_AS_APPLICABLE,EXPLORATORY_CONSUMED_DIAGNOSTIC_ONLY
MS,viscosity_laplacian_acceleration,LINEAGE,HMSO01R_A|FIELD_LINEAGE|49aae8e0ac8e4584d3624cd5459480c917c8157571a4f7ac9660003550146055,6.729115349780688e-05,0.00017657505307482074,0.38109094306370317,EVALUABLE,EQUAL_FOLD_FAMILY_LINEAGE_THEN_CASE_MEAN_AS_APPLICABLE,EXPLORATORY_CONSUMED_DIAGNOSTIC_ONLY
MS,viscosity_laplacian_acceleration,LINEAGE,HMSO01R_A|FIELD_LINEAGE|4a864b01d23e69fbf80902fd3a728f366c9eb285ead51eb5724dfe25ca232031,0.00017527156841218235,0.0001228397956581173,1.4268305110177082,EVALUABLE,EQUAL_FOLD_FAMILY_LINEAGE_THEN_CASE_MEAN_AS_APPLICABLE,EXPLORATORY_CONSUMED_DIAGNOSTIC_ONLY
MS,viscosity_laplacian_acceleration,LINEAGE,HMSO01R_A|FIELD_LINEAGE|4c3bbd0a7d56407cf1ccc6d516e10bc822949b03124ef92a27e554a97f6ed1b2,0.0009798847384516892,0.0005001252946249999,1.959278502772828,EVALUABLE,EQUAL_FOLD_FAMILY_LINEAGE_THEN_CASE_MEAN_AS_APPLICABLE,EXPLORATORY_CONSUMED_DIAGNOSTIC_ONLY
MS,viscosity_laplacian_acceleration,LINEAGE,HMSO01R_A|FIELD_LINEAGE|4cf69c455bf1f50d880646e37d5ce58645992adb18a995a52fdf89583dcd2384,0.0,0.00010178385311842718,0.0,EVALUABLE,EQUAL_FOLD_FAMILY_LINEAGE_THEN_CASE_MEAN_AS_APPLICABLE,EXPLORATORY_CONSUMED_DIAGNOSTIC_ONLY
MS,viscosity_laplacian_acceleration,LINEAGE,HMSO01R_A|FIELD_LINEAGE|51aa7e7dbbb5aa6496f5ed0b95d8e85438067333a238c5e41877a3cd9ace3175,4.910055022445339e-08,8.921299142244727e-05,0.0005503744403317809,EVALUABLE,EQUAL_FOLD_FAMILY_LINEAGE_THEN_CASE_MEAN_AS_APPLICABLE,EXPLORATORY_CONSUMED_DIAGNOSTIC_ONLY
MS,viscosity_laplacian_acceleration,LINEAGE,HMSO01R_A|FIELD_LINEAGE|541d56dfe6d37f091e41084f899b04aeee2814cee915608e406b47dce85c3c8b,0.0003139230410639051,0.00024915115693488065,1.2599702322311654,EVALUABLE,EQUAL_FOLD_FAMILY_LINEAGE_THEN_CASE_MEAN_AS_APPLICABLE,EXPLORATORY_CONSUMED_DIAGNOSTIC_ONLY
MS,viscosity_laplacian_acceleration,LINEAGE,HMSO01R_A|FIELD_LINEAGE|55cdcba2ab757796978976644840d2bce6b96e998f32047a71aff1f289ed6480,1.3194227987364145e-05,9.116650166556128e-05,0.14472671152575714,EVALUABLE,EQUAL_FOLD_FAMILY_LINEAGE_THEN_CASE_MEAN_AS_APPLICABLE,EXPLORATORY_CONSUMED_DIAGNOSTIC_ONLY
MS,viscosity_laplacian_acceleration,LINEAGE,HMSO01R_A|FIELD_LINEAGE|56571c9b6d895bc0e855ce89225a188e41167fe16fc1aed7e4e19ab1ddaef9cb,0.0,0.00014533058419900871,0.0,EVALUABLE,EQUAL_FOLD_FAMILY_LINEAGE_THEN_CASE_MEAN_AS_APPLICABLE,EXPLORATORY_CONSUMED_DIAGNOSTIC_ONLY
MS,viscosity_laplacian_acceleration,LINEAGE,HMSO01R_A|FIELD_LINEAGE|5717c014ee19e2404587fa3546273faef8d6d97d2a31a4b9e01b24770e476426,2.08687224043829e-05,0.00012854791581010816,0.162341973985874,EVALUABLE,EQUAL_FOLD_FAMILY_LINEAGE_THEN_CASE_MEAN_AS_APPLICABLE,EXPLORATORY_CONSUMED_DIAGNOSTIC_ONLY
MS,viscosity_laplacian_acceleration,LINEAGE,HMSO01R_A|FIELD_LINEAGE|5788e5f098ee24a0bfe3ef48cb7ba08a0bdbab2c319fd19eedc3c9eb4ac76f03,2.360697517018668e-05,0.00012376533011019443,0.190739806932751,EVALUABLE,EQUAL_FOLD_FAMILY_LINEAGE_THEN_CASE_MEAN_AS_APPLICABLE,EXPLORATORY_CONSUMED_DIAGNOSTIC_ONLY
MS,viscosity_laplacian_acceleration,LINEAGE,HMSO01R_A|FIELD_LINEAGE|5851badadb2dbcb7aa9bd12e7e1999f87fd380febbee831ba86fec2a8906fa0a,0.0,6.667697846135591e-05,0.0,EVALUABLE,EQUAL_FOLD_FAMILY_LINEAGE_THEN_CASE_MEAN_AS_APPLICABLE,EXPLORATORY_CONSUMED_DIAGNOSTIC_ONLY
MS,viscosity_laplacian_acceleration,LINEAGE,HMSO01R_A|FIELD_LINEAGE|5915fb95e293a089619d78d1366edf95fa145cc69452df6337d9252e862b1502,4.290026381225922e-05,9.29665408188357e-05,0.46145918127532737,EVALUABLE,EQUAL_FOLD_FAMILY_LINEAGE_THEN_CASE_MEAN_AS_APPLICABLE,EXPLORATORY_CONSUMED_DIAGNOSTIC_ONLY
MS,viscosity_laplacian_acceleration,LINEAGE,HMSO01R_A|FIELD_LINEAGE|5932ef4f3ff2f79b2fa4005d45fb593b78f4308c6edd18917a8552256cdfcf19,0.0,9.79667482341839e-05,0.0,EVALUABLE,EQUAL_FOLD_FAMILY_LINEAGE_THEN_CASE_MEAN_AS_APPLICABLE,EXPLORATORY_CONSUMED_DIAGNOSTIC_ONLY
MS,viscosity_laplacian_acceleration,LINEAGE,HMSO01R_A|FIELD_LINEAGE|59aef3f6a7aa33f774612e58955e925638af1b151b9e6b2d7127236b21c1a5a6,0.0,6.560227778265089e-05,0.0,EVALUABLE,EQUAL_FOLD_FAMILY_LINEAGE_THEN_CASE_MEAN_AS_APPLICABLE,EXPLORATORY_CONSUMED_DIAGNOSTIC_ONLY
MS,viscosity_laplacian_acceleration,LINEAGE,HMSO01R_A|FIELD_LINEAGE|5a0dbac6ae904f5529ad460639c41b1b383ca8809b93f779bcc31cb0fd08d08b,0.0,8.594109722817787e-05,0.0,EVALUABLE,EQUAL_FOLD_FAMILY_LINEAGE_THEN_CASE_MEAN_AS_APPLICABLE,EXPLORATORY_CONSUMED_DIAGNOSTIC_ONLY
MS,viscosity_laplacian_acceleration,LINEAGE,HMSO01R_A|FIELD_LINEAGE|5c056a7425c54539d868f52b6ae68a4c578195d4f6b5cb7d636be4eab2c2df8c,0.0,8.816149894576993e-05,0.0,EVALUABLE,EQUAL_FOLD_FAMILY_LINEAGE_THEN_CASE_MEAN_AS_APPLICABLE,EXPLORATORY_CONSUMED_DIAGNOSTIC_ONLY
MS,viscosity_laplacian_acceleration,LINEAGE,HMSO01R_A|FIELD_LINEAGE|5c07d2280b8a6c46f1c42b9f7878f3f5c5e2174c9419aaf05f2bb6b52ab2f5f6,0.0,9.427800804663608e-05,0.0,EVALUABLE,EQUAL_FOLD_FAMILY_LINEAGE_THEN_CASE_MEAN_AS_APPLICABLE,EXPLORATORY_CONSUMED_DIAGNOSTIC_ONLY
MS,viscosity_laplacian_acceleration,LINEAGE,HMSO01R_A|FIELD_LINEAGE|5cf76bdd12cdf0612bba343b6cf1b9e46ef0764cc183560f7b16acacca9460f1,0.0,7.859332363688443e-05,0.0,EVALUABLE,EQUAL_FOLD_FAMILY_LINEAGE_THEN_CASE_MEAN_AS_APPLICABLE,EXPLORATORY_CONSUMED_DIAGNOSTIC_ONLY
MS,viscosity_laplacian_acceleration,LINEAGE,HMSO01R_A|FIELD_LINEAGE|5d84595c43a38b585d7953f18ac50da686f8debb482b1cca6058cffe84d274b6,8.610010615109511e-05,0.00011251885571602081,0.765206023498832,EVALUABLE,EQUAL_FOLD_FAMILY_LINEAGE_THEN_CASE_MEAN_AS_APPLICABLE,EXPLORATORY_CONSUMED_DIAGNOSTIC_ONLY
MS,viscosity_laplacian_acceleration,LINEAGE,HMSO01R_A|FIELD_LINEAGE|5e2623db68536d2f4bee911245429597fdaee9006859890dec92aeaff707fe09,0.0003306967030831675,0.00016053623766608014,2.059950500216816,EVALUABLE,EQUAL_FOLD_FAMILY_LINEAGE_THEN_CASE_MEAN_AS_APPLICABLE,EXPLORATORY_CONSUMED_DIAGNOSTIC_ONLY
MS,viscosity_laplacian_acceleration,LINEAGE,HMSO01R_A|FIELD_LINEAGE|61b0a8ee57598b36eed2786a9e3e1cafd7d1e5cb7b5052c92f6d5c1826bc6619,3.782344115880975e-05,0.000131403533838112,0.287841887155089,EVALUABLE,EQUAL_FOLD_FAMILY_LINEAGE_THEN_CASE_MEAN_AS_APPLICABLE,EXPLORATORY_CONSUMED_DIAGNOSTIC_ONLY
MS,viscosity_laplacian_acceleration,LINEAGE,HMSO01R_A|FIELD_LINEAGE|61d4f5ea89fdb94c7fd8a7150c89f5910fdf9e6c5a71383e850b5a750c8fcf55,0.00018098374977345853,0.0005724152215833449,0.3161756412990616,EVALUABLE,EQUAL_FOLD_FAMILY_LINEAGE_THEN_CASE_MEAN_AS_APPLICABLE,EXPLORATORY_CONSUMED_DIAGNOSTIC_ONLY
MS,viscosity_laplacian_acceleration,LINEAGE,HMSO01R_A|FIELD_LINEAGE|6260b45ec31956360cb50305f8ad9fa70be57f53fb24bc0523fc70aeb48f57ae,0.00021114696307142767,0.0001923303714214138,1.0978347387932037,EVALUABLE,EQUAL_FOLD_FAMILY_LINEAGE_THEN_CASE_MEAN_AS_APPLICABLE,EXPLORATORY_CONSUMED_DIAGNOSTIC_ONLY
MS,viscosity_laplacian_acceleration,LINEAGE,HMSO01R_A|FIELD_LINEAGE|6359faeb0765247f7e12d6c9e8bbc8898fa74fca5c76c863a6009dffddbcb32e,0.00017357735868360797,0.0002387376344253074,0.7270632428835355,EVALUABLE,EQUAL_FOLD_FAMILY_LINEAGE_THEN_CASE_MEAN_AS_APPLICABLE,EXPLORATORY_CONSUMED_DIAGNOSTIC_ONLY
MS,viscosity_laplacian_acceleration,LINEAGE,HMSO01R_A|FIELD_LINEAGE|64cf1977fe8b52c7e0fc1798d4810be4243b09c0886573ce42439c1eaf431667,4.0942799695408894e-10,0.00013161537941014156,3.1107914499735176e-06,EVALUABLE,EQUAL_FOLD_FAMILY_LINEAGE_THEN_CASE_MEAN_AS_APPLICABLE,EXPLORATORY_CONSUMED_DIAGNOSTIC_ONLY
MS,viscosity_laplacian_acceleration,LINEAGE,HMSO01R_A|FIELD_LINEAGE|66e31e43c39c0807b2398e5067c9aaab318a50b596f04344988d8e71103f4693,1.5262646945509493e-05,0.000101129519998153,0.150921777793351,EVALUABLE,EQUAL_FOLD_FAMILY_LINEAGE_THEN_CASE_MEAN_AS_APPLICABLE,EXPLORATORY_CONSUMED_DIAGNOSTIC_ONLY
MS,viscosity_laplacian_acceleration,LINEAGE,HMSO01R_A|FIELD_LINEAGE|6918def6b8a6923e67fc2a25f9ee5a59a177f2b6c9bf8dfd922cd28ef3b4c287,0.0002035823218800221,0.00016450021451100638,1.237580890001823,EVALUABLE,EQUAL_FOLD_FAMILY_LINEAGE_THEN_CASE_MEAN_AS_APPLICABLE,EXPLORATORY_CONSUMED_DIAGNOSTIC_ONLY
MS,viscosity_laplacian_acceleration,LINEAGE,HMSO01R_A|FIELD_LINEAGE|6aba5ce17b9c02240405669069c0b485de9d3ce1714e3e85b0411d61ec7beb5e,3.7803107504859755e-10,0.00010988028463884431,3.4403903875123195e-06,EVALUABLE,EQUAL_FOLD_FAMILY_LINEAGE_THEN_CASE_MEAN_AS_APPLICABLE,EXPLORATORY_CONSUMED_DIAGNOSTIC_ONLY
MS,viscosity_laplacian_acceleration,LINEAGE,HMSO01R_A|FIELD_LINEAGE|6ad90de4847db7d34a3540ed573a050180b363be817d3503c19045b1a2f0ed3c,0.0001316396939717006,0.0001867646060592462,0.7048428326400418,EVALUABLE,EQUAL_FOLD_FAMILY_LINEAGE_THEN_CASE_MEAN_AS_APPLICABLE,EXPLORATORY_CONSUMED_DIAGNOSTIC_ONLY
MS,viscosity_laplacian_acceleration,LINEAGE,HMSO01R_A|FIELD_LINEAGE|6af5032f0b166e8e3ff27ce0b5fdfb49cda87c61afe66a4eb6eb807e625daf8a,2.6664585633655076e-05,0.00012815324330118304,0.20806797351970666,EVALUABLE,EQUAL_FOLD_FAMILY_LINEAGE_THEN_CASE_MEAN_AS_APPLICABLE,EXPLORATORY_CONSUMED_DIAGNOSTIC_ONLY
MS,viscosity_laplacian_acceleration,LINEAGE,HMSO01R_A|FIELD_LINEAGE|6d1fc2b84d6da564ae936d907e04365ad5b63a9377b77c1faa05d68a9fe06d3c,0.0,0.00013179608189804184,0.0,EVALUABLE,EQUAL_FOLD_FAMILY_LINEAGE_THEN_CASE_MEAN_AS_APPLICABLE,EXPLORATORY_CONSUMED_DIAGNOSTIC_ONLY
MS,viscosity_laplacian_acceleration,LINEAGE,HMSO01R_A|FIELD_LINEAGE|6d4353b03da9874056ea6f087e4493dcb629a7b8bd4a1eabce0a6b1b20255b6c,0.00048060199951073014,0.000518990984441249,0.9260314994260472,EVALUABLE,EQUAL_FOLD_FAMILY_LINEAGE_THEN_CASE_MEAN_AS_APPLICABLE,EXPLORATORY_CONSUMED_DIAGNOSTIC_ONLY
MS,viscosity_laplacian_acceleration,LINEAGE,HMSO01R_A|FIELD_LINEAGE|70dd50135b0ce37b393c6eae858eae2988f95a40a860753345e473ce01dd9d91,0.0,0.0001287931438471602,0.0,EVALUABLE,EQUAL_FOLD_FAMILY_LINEAGE_THEN_CASE_MEAN_AS_APPLICABLE,EXPLORATORY_CONSUMED_DIAGNOSTIC_ONLY
MS,viscosity_laplacian_acceleration,LINEAGE,HMSO01R_A|FIELD_LINEAGE|724fd3a44cb8ec4985e45f721837e7f4eeea1666b35a166345e025918455e304,0.0,0.00011345582705923367,0.0,EVALUABLE,EQUAL_FOLD_FAMILY_LINEAGE_THEN_CASE_MEAN_AS_APPLICABLE,EXPLORATORY_CONSUMED_DIAGNOSTIC_ONLY
MS,viscosity_laplacian_acceleration,LINEAGE,HMSO01R_A|FIELD_LINEAGE|72bbc35959df916eca72e8fb7e723c361c09592753187c3754f344aae218c230,0.0,0.00010110019370299556,0.0,EVALUABLE,EQUAL_FOLD_FAMILY_LINEAGE_THEN_CASE_MEAN_AS_APPLICABLE,EXPLORATORY_CONSUMED_DIAGNOSTIC_ONLY
MS,viscosity_laplacian_acceleration,LINEAGE,HMSO01R_A|FIELD_LINEAGE|73f5ee97e40c47c1aa5579bcf72cf190dfaf3aad2886cc887f3295530388016c,0.0,7.676535130824388e-05,0.0,EVALUABLE,EQUAL_FOLD_FAMILY_LINEAGE_THEN_CASE_MEAN_AS_APPLICABLE,EXPLORATORY_CONSUMED_DIAGNOSTIC_ONLY
MS,viscosity_laplacian_acceleration,LINEAGE,HMSO01R_A|FIELD_LINEAGE|75819144781d043ebbeb8c2d3fbfa9139c47542df53315ab71a80a7addb49109,0.0,0.00013625339337021655,0.0,EVALUABLE,EQUAL_FOLD_FAMILY_LINEAGE_THEN_CASE_MEAN_AS_APPLICABLE,EXPLORATORY_CONSUMED_DIAGNOSTIC_ONLY
MS,viscosity_laplacian_acceleration,LINEAGE,HMSO01R_A|FIELD_LINEAGE|7583af7a3fd0bfbef70db28fd30d8a1112bd000451f8c0ebdcd0eabb3acf22a1,0.0009683065957162853,0.00045141993338845116,2.1450240100120883,EVALUABLE,EQUAL_FOLD_FAMILY_LINEAGE_THEN_CASE_MEAN_AS_APPLICABLE,EXPLORATORY_CONSUMED_DIAGNOSTIC_ONLY
MS,viscosity_laplacian_acceleration,LINEAGE,HMSO01R_A|FIELD_LINEAGE|788bb18808dd1be8d0fa3d7caafb9ed17441fce457a419d2bbaf861831d83a81,1.8532731960287498e-05,0.00016180702059474968,0.11453601884619863,EVALUABLE,EQUAL_FOLD_FAMILY_LINEAGE_THEN_CASE_MEAN_AS_APPLICABLE,EXPLORATORY_CONSUMED_DIAGNOSTIC_ONLY
MS,viscosity_laplacian_acceleration,LINEAGE,HMSO01R_A|FIELD_LINEAGE|7a0ba19f2cf324db5922acc61291c51f82b574717f73f269f12eae7bcc99ab35,0.0,0.00010607373553193027,0.0,EVALUABLE,EQUAL_FOLD_FAMILY_LINEAGE_THEN_CASE_MEAN_AS_APPLICABLE,EXPLORATORY_CONSUMED_DIAGNOSTIC_ONLY
MS,viscosity_laplacian_acceleration,LINEAGE,HMSO01R_A|FIELD_LINEAGE|7a40ff07646995058d8981271562dfa4f2cc77b96f79dba59c7ae90f96586134,0.0008186643846869703,0.00039304773200182384,2.0828625076080365,EVALUABLE,EQUAL_FOLD_FAMILY_LINEAGE_THEN_CASE_MEAN_AS_APPLICABLE,EXPLORATORY_CONSUMED_DIAGNOSTIC_ONLY
MS,viscosity_laplacian_acceleration,LINEAGE,HMSO01R_A|FIELD_LINEAGE|7a536ab09e10cdf42c9afdd1f0f02ad4a5141ab50a8f50eb0b247ee08a4c67c0,3.1831380302690016e-05,0.00012315658734179542,0.25846266927118283,EVALUABLE,EQUAL_FOLD_FAMILY_LINEAGE_THEN_CASE_MEAN_AS_APPLICABLE,EXPLORATORY_CONSUMED_DIAGNOSTIC_ONLY
MS,viscosity_laplacian_acceleration,LINEAGE,HMSO01R_A|FIELD_LINEAGE|7b060c06cca73ad49fc21e32e1688bcbe34e5745a78029b452cbacf697a204be,0.0,0.00013967367316919816,0.0,EVALUABLE,EQUAL_FOLD_FAMILY_LINEAGE_THEN_CASE_MEAN_AS_APPLICABLE,EXPLORATORY_CONSUMED_DIAGNOSTIC_ONLY
MS,viscosity_laplacian_acceleration,LINEAGE,HMSO01R_A|FIELD_LINEAGE|7be8c21ecd7eaebf293b54b94f1920e19f00da5d0e416aaa8f7c69137970c399,0.0004740606835457084,0.0002906542972597972,1.6310121268290627,EVALUABLE,EQUAL_FOLD_FAMILY_LINEAGE_THEN_CASE_MEAN_AS_APPLICABLE,EXPLORATORY_CONSUMED_DIAGNOSTIC_ONLY
MS,viscosity_laplacian_acceleration,LINEAGE,HMSO01R_A|FIELD_LINEAGE|7c009b8ab0dfadca9095462a890aab36eac46b48a3c131f7a908a8d37a21f707,2.5483159818190738e-05,7.217776290184053e-05,0.3530610924149454,EVALUABLE,EQUAL_FOLD_FAMILY_LINEAGE_THEN_CASE_MEAN_AS_APPLICABLE,EXPLORATORY_CONSUMED_DIAGNOSTIC_ONLY
MS,viscosity_laplacian_acceleration,LINEAGE,HMSO01R_A|FIELD_LINEAGE|7cb12f064a9c8069fd15f2a86fa0ddd017328ca5cc4b0fc515bbfbdd4c6e6858,0.00030186076291914007,0.00023700801317423243,1.273631042580962,EVALUABLE,EQUAL_FOLD_FAMILY_LINEAGE_THEN_CASE_MEAN_AS_APPLICABLE,EXPLORATORY_CONSUMED_DIAGNOSTIC_ONLY
MS,viscosity_laplacian_acceleration,LINEAGE,HMSO01R_A|FIELD_LINEAGE|7f5e5896e83ee81bc858adc8fff5befe2b2c76e1183ff21435261a6621560b2c,0.0,0.00010481815637954954,0.0,EVALUABLE,EQUAL_FOLD_FAMILY_LINEAGE_THEN_CASE_MEAN_AS_APPLICABLE,EXPLORATORY_CONSUMED_DIAGNOSTIC_ONLY
MS,viscosity_laplacian_acceleration,LINEAGE,HMSO01R_A|FIELD_LINEAGE|7fcdfe3b32b571e4d4b1a4e7c1702d5dffaf41926d62628c6a434d692409d901,4.57753643395386e-07,9.386088218595951e-05,0.004876937364476003,EVALUABLE,EQUAL_FOLD_FAMILY_LINEAGE_THEN_CASE_MEAN_AS_APPLICABLE,EXPLORATORY_CONSUMED_DIAGNOSTIC_ONLY
MS,viscosity_laplacian_acceleration,LINEAGE,HMSO01R_A|FIELD_LINEAGE|7fd6bba4cc2991027e04cc510555a1b3e651423143c79ecd367c197fbfdf8786,0.00017104427004531074,0.00021015206337562275,0.8139071646400573,EVALUABLE,EQUAL_FOLD_FAMILY_LINEAGE_THEN_CASE_MEAN_AS_APPLICABLE,EXPLORATORY_CONSUMED_DIAGNOSTIC_ONLY
MS,viscosity_laplacian_acceleration,LINEAGE,HMSO01R_A|FIELD_LINEAGE|7fd9257249644666dfcbc65ef0f9aa8090d87f1c93f77579cc137a1fc016a884,8.592707761813216e-05,0.00011925805290568315,0.7205138397328082,EVALUABLE,EQUAL_FOLD_FAMILY_LINEAGE_THEN_CASE_MEAN_AS_APPLICABLE,EXPLORATORY_CONSUMED_DIAGNOSTIC_ONLY
MS,viscosity_laplacian_acceleration,LINEAGE,HMSO01R_A|FIELD_LINEAGE|81c7292472bf739bf28836ff17c69dda49199278b75cd9c66130df6be7c143fb,0.0,0.00011972289327378197,0.0,EVALUABLE,EQUAL_FOLD_FAMILY_LINEAGE_THEN_CASE_MEAN_AS_APPLICABLE,EXPLORATORY_CONSUMED_DIAGNOSTIC_ONLY
MS,viscosity_laplacian_acceleration,LINEAGE,HMSO01R_A|FIELD_LINEAGE|8319212c9598ce2f7cd195e20de66435ffdb6ab6aeedf4d663d53cb3966ebc0a,9.567213993458515e-05,0.00011211760787690822,0.8533194896525242,EVALUABLE,EQUAL_FOLD_FAMILY_LINEAGE_THEN_CASE_MEAN_AS_APPLICABLE,EXPLORATORY_CONSUMED_DIAGNOSTIC_ONLY
MS,viscosity_laplacian_acceleration,LINEAGE,HMSO01R_A|FIELD_LINEAGE|83c68f311cba3e93368aeeec1e81f7eebc2d9d8bfb68a0ba32cbc3fe731f6155,0.00017762268455460788,0.00020905269649588092,0.8496550751647811,EVALUABLE,EQUAL_FOLD_FAMILY_LINEAGE_THEN_CASE_MEAN_AS_APPLICABLE,EXPLORATORY_CONSUMED_DIAGNOSTIC_ONLY
MS,viscosity_laplacian_acceleration,LINEAGE,HMSO01R_A|FIELD_LINEAGE|8573999ac09da70da8d1802997d1dd1b2879d7ff239af35fb1a185a39cc1f420,0.0003369854267876615,0.00025233624151999994,1.3354618613551488,EVALUABLE,EQUAL_FOLD_FAMILY_LINEAGE_THEN_CASE_MEAN_AS_APPLICABLE,EXPLORATORY_CONSUMED_DIAGNOSTIC_ONLY
MS,viscosity_laplacian_acceleration,LINEAGE,HMSO01R_A|FIELD_LINEAGE|86c895c14384dc9ce73736790948d3516d7de8be96dc834ec48d9a651e6b8e5e,7.475349076265508e-05,0.00014834164813980774,0.5039278698872353,EVALUABLE,EQUAL_FOLD_FAMILY_LINEAGE_THEN_CASE_MEAN_AS_APPLICABLE,EXPLORATORY_CONSUMED_DIAGNOSTIC_ONLY
MS,viscosity_laplacian_acceleration,LINEAGE,HMSO01R_A|FIELD_LINEAGE|86f4c153dee170c8ee8f47b2eb988fa25bcda8c9a7b6fd68a3d7256dc3af0a1f,0.0,0.0001182746201523246,0.0,EVALUABLE,EQUAL_FOLD_FAMILY_LINEAGE_THEN_CASE_MEAN_AS_APPLICABLE,EXPLORATORY_CONSUMED_DIAGNOSTIC_ONLY
MS,viscosity_laplacian_acceleration,LINEAGE,HMSO01R_A|FIELD_LINEAGE|87172e4156e9f066a6ea7ab3304062c939784ea4bd0f5f1cf466bbc2d6008cc6,0.0,0.00013552369756601062,0.0,EVALUABLE,EQUAL_FOLD_FAMILY_LINEAGE_THEN_CASE_MEAN_AS_APPLICABLE,EXPLORATORY_CONSUMED_DIAGNOSTIC_ONLY
MS,viscosity_laplacian_acceleration,LINEAGE,HMSO01R_A|FIELD_LINEAGE|8788043b5775de130eade6a54c5654805d8ed31cc68fcfa8928c3b7150abef48,1.702950630093487e-05,0.0006136558368959994,0.0277509073930979,EVALUABLE,EQUAL_FOLD_FAMILY_LINEAGE_THEN_CASE_MEAN_AS_APPLICABLE,EXPLORATORY_CONSUMED_DIAGNOSTIC_ONLY
MS,viscosity_laplacian_acceleration,LINEAGE,HMSO01R_A|FIELD_LINEAGE|88fd5f86ca9cc426c28ce681d06ea15f58c6c7889170fcda146bde128f6121e4,0.0,8.147889220487275e-05,0.0,EVALUABLE,EQUAL_FOLD_FAMILY_LINEAGE_THEN_CASE_MEAN_AS_APPLICABLE,EXPLORATORY_CONSUMED_DIAGNOSTIC_ONLY
MS,viscosity_laplacian_acceleration,LINEAGE,HMSO01R_A|FIELD_LINEAGE|8a6dd2252f8c5f8f08c3ba5ae9cf89d97575348634ba471a1a84e7de612ac6f3,0.00042583361917685885,0.00033900178500301617,1.256139755054889,EVALUABLE,EQUAL_FOLD_FAMILY_LINEAGE_THEN_CASE_MEAN_AS_APPLICABLE,EXPLORATORY_CONSUMED_DIAGNOSTIC_ONLY
MS,viscosity_laplacian_acceleration,LINEAGE,HMSO01R_A|FIELD_LINEAGE|8af782533dccfef4a682f44ff365b7014ae448a56bd62c92877bbd37640adb31,0.00010167843009390548,0.00012647591012805492,0.8039351524804812,EVALUABLE,EQUAL_FOLD_FAMILY_LINEAGE_THEN_CASE_MEAN_AS_APPLICABLE,EXPLORATORY_CONSUMED_DIAGNOSTIC_ONLY
MS,viscosity_laplacian_acceleration,LINEAGE,HMSO01R_A|FIELD_LINEAGE|8d1e4918227588e163eea87a946c88983d6e03486114766be90d0602757fb4c2,4.0663250988131334e-05,0.00013154790687691341,0.30911362980620494,EVALUABLE,EQUAL_FOLD_FAMILY_LINEAGE_THEN_CASE_MEAN_AS_APPLICABLE,EXPLORATORY_CONSUMED_DIAGNOSTIC_ONLY
MS,viscosity_laplacian_acceleration,LINEAGE,HMSO01R_A|FIELD_LINEAGE|8e3408f57249bc00fdafb475f758686e9ee7a95dad97ecf63f9b3a27f383de5d,0.0005962169486088736,0.0003330121387347834,1.7903760231506487,EVALUABLE,EQUAL_FOLD_FAMILY_LINEAGE_THEN_CASE_MEAN_AS_APPLICABLE,EXPLORATORY_CONSUMED_DIAGNOSTIC_ONLY
MS,viscosity_laplacian_acceleration,LINEAGE,HMSO01R_A|FIELD_LINEAGE|8e40e60ae6de8d393e4f96f7c0cdfd3570298138a8d1d44c6db1dc858b71a31e,0.0,0.00012443059928069725,0.0,EVALUABLE,EQUAL_FOLD_FAMILY_LINEAGE_THEN_CASE_MEAN_AS_APPLICABLE,EXPLORATORY_CONSUMED_DIAGNOSTIC_ONLY
MS,viscosity_laplacian_acceleration,LINEAGE,HMSO01R_A|FIELD_LINEAGE|8fbd2d8c6238dbc0e3f8ebbea9ee429eb1cbd0b7ebf5580cffb8e79372f4cf04,0.0,0.00011496481436927142,0.0,EVALUABLE,EQUAL_FOLD_FAMILY_LINEAGE_THEN_CASE_MEAN_AS_APPLICABLE,EXPLORATORY_CONSUMED_DIAGNOSTIC_ONLY
MS,viscosity_laplacian_acceleration,LINEAGE,HMSO01R_A|FIELD_LINEAGE|9035657b1a9729d4b57919992bee8d9ea960c2a587c8d3877d9c920d8fa2a77c,0.0,0.0001129606995458721,0.0,EVALUABLE,EQUAL_FOLD_FAMILY_LINEAGE_THEN_CASE_MEAN_AS_APPLICABLE,EXPLORATORY_CONSUMED_DIAGNOSTIC_ONLY
MS,viscosity_laplacian_acceleration,LINEAGE,HMSO01R_A|FIELD_LINEAGE|9239a350bed02b809dafe66125991e7de2c0c1c20b38f7689dc19527329619d6,4.763597812251239e-06,0.00010891666176447742,0.043736171629572114,EVALUABLE,EQUAL_FOLD_FAMILY_LINEAGE_THEN_CASE_MEAN_AS_APPLICABLE,EXPLORATORY_CONSUMED_DIAGNOSTIC_ONLY
MS,viscosity_laplacian_acceleration,LINEAGE,HMSO01R_A|FIELD_LINEAGE|9415b727187c332c72260d653b657bcbe590635140818a0978bae1e8dcd4568b,0.0,0.000116667519980033,0.0,EVALUABLE,EQUAL_FOLD_FAMILY_LINEAGE_THEN_CASE_MEAN_AS_APPLICABLE,EXPLORATORY_CONSUMED_DIAGNOSTIC_ONLY
MS,viscosity_laplacian_acceleration,LINEAGE,HMSO01R_A|FIELD_LINEAGE|95873981d02cb2a4e333122aa57c7927c33fccc49c0b93590a6b549f6bec57f1,0.0,0.00012128959330898768,0.0,EVALUABLE,EQUAL_FOLD_FAMILY_LINEAGE_THEN_CASE_MEAN_AS_APPLICABLE,EXPLORATORY_CONSUMED_DIAGNOSTIC_ONLY
MS,viscosity_laplacian_acceleration,LINEAGE,HMSO01R_A|FIELD_LINEAGE|970bbd18dffee12c05308155c993436bfc58e77384e4967420f4e2e03156c88b,0.0,0.00011369837451619758,0.0,EVALUABLE,EQUAL_FOLD_FAMILY_LINEAGE_THEN_CASE_MEAN_AS_APPLICABLE,EXPLORATORY_CONSUMED_DIAGNOSTIC_ONLY
MS,viscosity_laplacian_acceleration,LINEAGE,HMSO01R_A|FIELD_LINEAGE|97c8122849aa3cb13b599389c011f78352d49decd5677988d0a2a6da7c39f700,3.842202226484304e-09,0.00010503549182991882,3.658003746682007e-05,EVALUABLE,EQUAL_FOLD_FAMILY_LINEAGE_THEN_CASE_MEAN_AS_APPLICABLE,EXPLORATORY_CONSUMED_DIAGNOSTIC_ONLY
MS,viscosity_laplacian_acceleration,LINEAGE,HMSO01R_A|FIELD_LINEAGE|97fbdfbd64658c72d9a31f61eea2acf4543cf9ba5532a2ed052d1358412ef553,1.0055558970459225e-06,0.00010384975519787091,0.009682795064176887,EVALUABLE,EQUAL_FOLD_FAMILY_LINEAGE_THEN_CASE_MEAN_AS_APPLICABLE,EXPLORATORY_CONSUMED_DIAGNOSTIC_ONLY
MS,viscosity_laplacian_acceleration,LINEAGE,HMSO01R_A|FIELD_LINEAGE|98ef721075a1ebd7c92edcbcf7747aac6c3d77c4f9c29f15e5d83577ad6d7f6b,0.00014990175480539627,0.00030285302972356444,0.4949653465320202,EVALUABLE,EQUAL_FOLD_FAMILY_LINEAGE_THEN_CASE_MEAN_AS_APPLICABLE,EXPLORATORY_CONSUMED_DIAGNOSTIC_ONLY
MS,viscosity_laplacian_acceleration,LINEAGE,HMSO01R_A|FIELD_LINEAGE|99c13161db8958c19a30a96b96a6940cece539d1c84e808e21dfa37710ec6894,5.4067335396563735e-05,9.354698292342978e-05,0.5779698468823843,EVALUABLE,EQUAL_FOLD_FAMILY_LINEAGE_THEN_CASE_MEAN_AS_APPLICABLE,EXPLORATORY_CONSUMED_DIAGNOSTIC_ONLY
MS,viscosity_laplacian_acceleration,LINEAGE,HMSO01R_A|FIELD_LINEAGE|9a24c02f87d28fecb69b79ddff22c8eb176badf445e6b5b8234aa2a46b73c349,3.5517638277371094e-05,0.00015763902119844152,0.2253099391721054,EVALUABLE,EQUAL_FOLD_FAMILY_LINEAGE_THEN_CASE_MEAN_AS_APPLICABLE,EXPLORATORY_CONSUMED_DIAGNOSTIC_ONLY
MS,viscosity_laplacian_acceleration,LINEAGE,HMSO01R_A|FIELD_LINEAGE|9aaa52aa8afb4f9adfe0d0e7ddb5e3e8101852fdd6ef0a635cf3875b473d16a7,1.1020978836589494e-07,0.00015621119800667324,0.0007055178487344221,EVALUABLE,EQUAL_FOLD_FAMILY_LINEAGE_THEN_CASE_MEAN_AS_APPLICABLE,EXPLORATORY_CONSUMED_DIAGNOSTIC_ONLY
MS,viscosity_laplacian_acceleration,LINEAGE,HMSO01R_A|FIELD_LINEAGE|9c004dbe18905f4181f1a701e81649fc67e98b969674994e8f64827f6fb4c765,6.758710712937807e-05,0.00013123648961935934,0.5150024000596856,EVALUABLE,EQUAL_FOLD_FAMILY_LINEAGE_THEN_CASE_MEAN_AS_APPLICABLE,EXPLORATORY_CONSUMED_DIAGNOSTIC_ONLY
MS,viscosity_laplacian_acceleration,LINEAGE,HMSO01R_A|FIELD_LINEAGE|9c5f7b50a01e8dafcf4be2d7df61fd0da86b2229fe32286852ed3ad88cce82f1,0.0003029098543195314,0.00018199969080185177,1.6643426864352089,EVALUABLE,EQUAL_FOLD_FAMILY_LINEAGE_THEN_CASE_MEAN_AS_APPLICABLE,EXPLORATORY_CONSUMED_DIAGNOSTIC_ONLY
MS,viscosity_laplacian_acceleration,LINEAGE,HMSO01R_A|FIELD_LINEAGE|9f471cc2328d66ccf0ca43f62bf5e261a867f85eeac6edc5a472072ca388bff6,0.0,9.841937811730782e-05,0.0,EVALUABLE,EQUAL_FOLD_FAMILY_LINEAGE_THEN_CASE_MEAN_AS_APPLICABLE,EXPLORATORY_CONSUMED_DIAGNOSTIC_ONLY
MS,viscosity_laplacian_acceleration,LINEAGE,HMSO01R_A|FIELD_LINEAGE|9ff02fac76e3803bb8391cba4035dfa7a72d5220975092d818302f10f07c08e9,0.0,9.148606014067962e-05,0.0,EVALUABLE,EQUAL_FOLD_FAMILY_LINEAGE_THEN_CASE_MEAN_AS_APPLICABLE,EXPLORATORY_CONSUMED_DIAGNOSTIC_ONLY
MS,viscosity_laplacian_acceleration,LINEAGE,HMSO01R_A|FIELD_LINEAGE|a1c0a919ad122615714cbb9f6b50981061d4f68fe06b618c4cd2688f52f12391,0.0,0.00010042573305458897,0.0,EVALUABLE,EQUAL_FOLD_FAMILY_LINEAGE_THEN_CASE_MEAN_AS_APPLICABLE,EXPLORATORY_CONSUMED_DIAGNOSTIC_ONLY
MS,viscosity_laplacian_acceleration,LINEAGE,HMSO01R_A|FIELD_LINEAGE|a2187a6938903010b61ee85d06f597d4029728ee0de5541c03daf2ed126b189e,0.0,0.00011552106187372516,0.0,EVALUABLE,EQUAL_FOLD_FAMILY_LINEAGE_THEN_CASE_MEAN_AS_APPLICABLE,EXPLORATORY_CONSUMED_DIAGNOSTIC_ONLY
MS,viscosity_laplacian_acceleration,LINEAGE,HMSO01R_A|FIELD_LINEAGE|a2bcc80ca3b9ebb8f54401e7b09de472e9adbce971c85048bd40ce15be44ea6a,0.0007013685149707356,0.0005834402489658888,1.2021256953284716,EVALUABLE,EQUAL_FOLD_FAMILY_LINEAGE_THEN_CASE_MEAN_AS_APPLICABLE,EXPLORATORY_CONSUMED_DIAGNOSTIC_ONLY
MS,viscosity_laplacian_acceleration,LINEAGE,HMSO01R_A|FIELD_LINEAGE|a3f750d8c1551c6ecf78f876fab114a3481105b16656dddc657ee8cfb50fd48b,7.143904937709846e-06,0.00010599230857723775,0.06740022020092151,EVALUABLE,EQUAL_FOLD_FAMILY_LINEAGE_THEN_CASE_MEAN_AS_APPLICABLE,EXPLORATORY_CONSUMED_DIAGNOSTIC_ONLY
MS,viscosity_laplacian_acceleration,LINEAGE,HMSO01R_A|FIELD_LINEAGE|a594f1a43c118c7761d223f6f34e42847c31c67fc6b06838b968dcc65b6c3356,2.4408467194559152e-06,0.00024151030985436657,0.010106594293749915,EVALUABLE,EQUAL_FOLD_FAMILY_LINEAGE_THEN_CASE_MEAN_AS_APPLICABLE,EXPLORATORY_CONSUMED_DIAGNOSTIC_ONLY
MS,viscosity_laplacian_acceleration,LINEAGE,HMSO01R_A|FIELD_LINEAGE|a7458b96c9ce1c60bf3ea9d352424b7dd251e22480db263be2c5716c65dc6939,0.0,0.00012478038034093543,0.0,EVALUABLE,EQUAL_FOLD_FAMILY_LINEAGE_THEN_CASE_MEAN_AS_APPLICABLE,EXPLORATORY_CONSUMED_DIAGNOSTIC_ONLY
MS,viscosity_laplacian_acceleration,LINEAGE,HMSO01R_A|FIELD_LINEAGE|a97cf87a717a68b745e28078c021ba65c881711a1cd171188bc4affd3a1b5795,0.0,7.055021166301325e-05,0.0,EVALUABLE,EQUAL_FOLD_FAMILY_LINEAGE_THEN_CASE_MEAN_AS_APPLICABLE,EXPLORATORY_CONSUMED_DIAGNOSTIC_ONLY
MS,viscosity_laplacian_acceleration,LINEAGE,HMSO01R_A|FIELD_LINEAGE|ad302a05132d9f111349ae57a7badd9ffd336cce6f517d6dda76a6f130659828,0.0,0.00014416578427413625,0.0,EVALUABLE,EQUAL_FOLD_FAMILY_LINEAGE_THEN_CASE_MEAN_AS_APPLICABLE,EXPLORATORY_CONSUMED_DIAGNOSTIC_ONLY
MS,viscosity_laplacian_acceleration,LINEAGE,HMSO01R_A|FIELD_LINEAGE|adcf8aaea780832e88b7b6b779fb3ef2ecab338dd7379ac8654e7aabdcee4b4f,0.0,7.934366429247013e-05,0.0,EVALUABLE,EQUAL_FOLD_FAMILY_LINEAGE_THEN_CASE_MEAN_AS_APPLICABLE,EXPLORATORY_CONSUMED_DIAGNOSTIC_ONLY
MS,viscosity_laplacian_acceleration,LINEAGE,HMSO01R_A|FIELD_LINEAGE|b0c6a47a41827791b3e03b32c3cfc7642f7c46055e5fbdc618a902dd60890cc0,2.2807117248584848e-05,0.00012305379210012356,0.18534266079364448,EVALUABLE,EQUAL_FOLD_FAMILY_LINEAGE_THEN_CASE_MEAN_AS_APPLICABLE,EXPLORATORY_CONSUMED_DIAGNOSTIC_ONLY
MS,viscosity_laplacian_acceleration,LINEAGE,HMSO01R_A|FIELD_LINEAGE|b1b50b97bc0f473e266ef9eb8a1e2e2edee23dadabeb0645af363d822d4db947,0.0,0.0001035004169152971,0.0,EVALUABLE,EQUAL_FOLD_FAMILY_LINEAGE_THEN_CASE_MEAN_AS_APPLICABLE,EXPLORATORY_CONSUMED_DIAGNOSTIC_ONLY
MS,viscosity_laplacian_acceleration,LINEAGE,HMSO01R_A|FIELD_LINEAGE|b1c696b82fff7183ba4fc0ae8ce4363fcd56ada1cc6ffa171713dda9524816e8,0.000702949999843125,0.0006452234445386083,1.0894675415054025,EVALUABLE,EQUAL_FOLD_FAMILY_LINEAGE_THEN_CASE_MEAN_AS_APPLICABLE,EXPLORATORY_CONSUMED_DIAGNOSTIC_ONLY
MS,viscosity_laplacian_acceleration,LINEAGE,HMSO01R_A|FIELD_LINEAGE|b2211d9018dde472457c7d9570d8b744ae480cbc84526fced16d30cb565fdb61,0.0,0.00012088505420945885,0.0,EVALUABLE,EQUAL_FOLD_FAMILY_LINEAGE_THEN_CASE_MEAN_AS_APPLICABLE,EXPLORATORY_CONSUMED_DIAGNOSTIC_ONLY
MS,viscosity_laplacian_acceleration,LINEAGE,HMSO01R_A|FIELD_LINEAGE|b31d5c3484f2394d06a11f5ae52600d61d7c303637147b70dbb1edd7e25e93c9,0.0,0.00015112164449481818,0.0,EVALUABLE,EQUAL_FOLD_FAMILY_LINEAGE_THEN_CASE_MEAN_AS_APPLICABLE,EXPLORATORY_CONSUMED_DIAGNOSTIC_ONLY
MS,viscosity_laplacian_acceleration,LINEAGE,HMSO01R_A|FIELD_LINEAGE|b40ef25bd445f58063f7eecbd118e28fcd5b9c8ea0b1803b18c885057e29107f,0.0006865562008740931,0.0001097344208259321,6.256525488599,EVALUABLE,EQUAL_FOLD_FAMILY_LINEAGE_THEN_CASE_MEAN_AS_APPLICABLE,EXPLORATORY_CONSUMED_DIAGNOSTIC_ONLY
MS,viscosity_laplacian_acceleration,LINEAGE,HMSO01R_A|FIELD_LINEAGE|b49a6f081c09f4e4bff79a7f0fc0a282131ed3252c520eb6637fbf7ad615c6bd,1.917268209455243e-06,0.0001754083174581188,0.010930315262347908,EVALUABLE,EQUAL_FOLD_FAMILY_LINEAGE_THEN_CASE_MEAN_AS_APPLICABLE,EXPLORATORY_CONSUMED_DIAGNOSTIC_ONLY
MS,viscosity_laplacian_acceleration,LINEAGE,HMSO01R_A|FIELD_LINEAGE|b7c6344fafcff3e1128b30252e587c19386316434538ac595af9870864bff2e9,9.118162478561987e-08,6.82044420020652e-05,0.0013368868963528641,EVALUABLE,EQUAL_FOLD_FAMILY_LINEAGE_THEN_CASE_MEAN_AS_APPLICABLE,EXPLORATORY_CONSUMED_DIAGNOSTIC_ONLY
MS,viscosity_laplacian_acceleration,LINEAGE,HMSO01R_A|FIELD_LINEAGE|b914e9e8b47652c007a545bd9a5f60dbdaba2b957df3f42cdec4c8edb98e6d53,0.0,0.00013219236300104716,0.0,EVALUABLE,EQUAL_FOLD_FAMILY_LINEAGE_THEN_CASE_MEAN_AS_APPLICABLE,EXPLORATORY_CONSUMED_DIAGNOSTIC_ONLY
MS,viscosity_laplacian_acceleration,LINEAGE,HMSO01R_A|FIELD_LINEAGE|bb92dd92e9632ccd3901d1e2e79aab63ab0910a576b08c41f27a140edcf99b56,0.0,0.0001512768210383907,0.0,EVALUABLE,EQUAL_FOLD_FAMILY_LINEAGE_THEN_CASE_MEAN_AS_APPLICABLE,EXPLORATORY_CONSUMED_DIAGNOSTIC_ONLY
MS,viscosity_laplacian_acceleration,LINEAGE,HMSO01R_A|FIELD_LINEAGE|bd0a319ae5e310c35bfeaafdbd8220147f595c77c4d665773530796c1f3b9b59,4.461377756375087e-05,0.00012941098363612779,0.3447449073503217,EVALUABLE,EQUAL_FOLD_FAMILY_LINEAGE_THEN_CASE_MEAN_AS_APPLICABLE,EXPLORATORY_CONSUMED_DIAGNOSTIC_ONLY
MS,viscosity_laplacian_acceleration,LINEAGE,HMSO01R_A|FIELD_LINEAGE|be9a8927a3f7361841f3e523395e00d4ebcd734040aebfe38006ae7fda2437fd,0.0,8.849234303639991e-05,0.0,EVALUABLE,EQUAL_FOLD_FAMILY_LINEAGE_THEN_CASE_MEAN_AS_APPLICABLE,EXPLORATORY_CONSUMED_DIAGNOSTIC_ONLY
MS,viscosity_laplacian_acceleration,LINEAGE,HMSO01R_A|FIELD_LINEAGE|bf32023450080971c5fdfb56d7a260838d7b8e02917a4118c4ed0b4a49c6c14a,0.00011044686796820235,0.0001575267393905475,0.7011309216169163,EVALUABLE,EQUAL_FOLD_FAMILY_LINEAGE_THEN_CASE_MEAN_AS_APPLICABLE,EXPLORATORY_CONSUMED_DIAGNOSTIC_ONLY
MS,viscosity_laplacian_acceleration,LINEAGE,HMSO01R_A|FIELD_LINEAGE|c26b5ad7fee192c3863a9362bb1782ac10409a155024388ef9dea9120f9c3662,6.504085693698496e-05,7.800906650703666e-05,0.8337602262054766,EVALUABLE,EQUAL_FOLD_FAMILY_LINEAGE_THEN_CASE_MEAN_AS_APPLICABLE,EXPLORATORY_CONSUMED_DIAGNOSTIC_ONLY
MS,viscosity_laplacian_acceleration,LINEAGE,HMSO01R_A|FIELD_LINEAGE|c2759d4a0108475d88af3dd58a918080f77e42a77ac5a686ce9a650a1d522183,7.340567080339756e-05,0.0009575019427375056,0.07666373040824354,EVALUABLE,EQUAL_FOLD_FAMILY_LINEAGE_THEN_CASE_MEAN_AS_APPLICABLE,EXPLORATORY_CONSUMED_DIAGNOSTIC_ONLY
MS,viscosity_laplacian_acceleration,LINEAGE,HMSO01R_A|FIELD_LINEAGE|c34a55057cd1e579919fb09acb5db221d75ae96164f74060b78863318f65371c,0.0004217993910858235,0.0003981133565835029,1.0594957042024098,EVALUABLE,EQUAL_FOLD_FAMILY_LINEAGE_THEN_CASE_MEAN_AS_APPLICABLE,EXPLORATORY_CONSUMED_DIAGNOSTIC_ONLY
MS,viscosity_laplacian_acceleration,LINEAGE,HMSO01R_A|FIELD_LINEAGE|c3a574c6618599692f4195c9d1a59189286c1fc26ae852d26723565b0428d983,0.0,8.23332989992918e-05,0.0,EVALUABLE,EQUAL_FOLD_FAMILY_LINEAGE_THEN_CASE_MEAN_AS_APPLICABLE,EXPLORATORY_CONSUMED_DIAGNOSTIC_ONLY
MS,viscosity_laplacian_acceleration,LINEAGE,HMSO01R_A|FIELD_LINEAGE|c54c1448df9c13b6658cb41b2c187b93be0f6db94293a7911953a6e90d602764,0.0004273502838876686,0.0009612399887395152,0.4445822987951821,EVALUABLE,EQUAL_FOLD_FAMILY_LINEAGE_THEN_CASE_MEAN_AS_APPLICABLE,EXPLORATORY_CONSUMED_DIAGNOSTIC_ONLY
MS,viscosity_laplacian_acceleration,LINEAGE,HMSO01R_A|FIELD_LINEAGE|c7100ae9429166735b2d4f6243a22cf5abc14cffba49fce96d94ed19a12387d6,0.0,0.00012038837098300973,0.0,EVALUABLE,EQUAL_FOLD_FAMILY_LINEAGE_THEN_CASE_MEAN_AS_APPLICABLE,EXPLORATORY_CONSUMED_DIAGNOSTIC_ONLY
MS,viscosity_laplacian_acceleration,LINEAGE,HMSO01R_A|FIELD_LINEAGE|c7498c8903eedb4eb72abeb74a8624f4f311768cc705b42f488a9e810b4c3aec,3.631453682072842e-08,0.00013513381837689623,0.00026873019098331863,EVALUABLE,EQUAL_FOLD_FAMILY_LINEAGE_THEN_CASE_MEAN_AS_APPLICABLE,EXPLORATORY_CONSUMED_DIAGNOSTIC_ONLY
MS,viscosity_laplacian_acceleration,LINEAGE,HMSO01R_A|FIELD_LINEAGE|c9a10c50914a082104b6f42f933e2e8b35494d6ac1b464fc981b740edc26e9a6,1.374102114206846e-06,0.00011811528805676459,0.011633566973535818,EVALUABLE,EQUAL_FOLD_FAMILY_LINEAGE_THEN_CASE_MEAN_AS_APPLICABLE,EXPLORATORY_CONSUMED_DIAGNOSTIC_ONLY
MS,viscosity_laplacian_acceleration,LINEAGE,HMSO01R_A|FIELD_LINEAGE|ca0f07a3c0d5df7705d15288eb48ecdf2c50af57aa3e1ab370127581f048c929,7.396902890927307e-07,0.00013227903613806906,0.005591893550847039,EVALUABLE,EQUAL_FOLD_FAMILY_LINEAGE_THEN_CASE_MEAN_AS_APPLICABLE,EXPLORATORY_CONSUMED_DIAGNOSTIC_ONLY
MS,viscosity_laplacian_acceleration,LINEAGE,HMSO01R_A|FIELD_LINEAGE|cb947f8167c6ce3da1c26b48289f11fe77c609125572b2e2f489d9b4dbf77d91,5.768884131589047e-05,0.00012653945430071256,0.4558960810657267,EVALUABLE,EQUAL_FOLD_FAMILY_LINEAGE_THEN_CASE_MEAN_AS_APPLICABLE,EXPLORATORY_CONSUMED_DIAGNOSTIC_ONLY
MS,viscosity_laplacian_acceleration,LINEAGE,HMSO01R_A|FIELD_LINEAGE|cd1482e6386aeab5f67532ea00a4d133dd0798283239fa2bc60b1a36d8fd8390,0.0,0.0001042276726389035,0.0,EVALUABLE,EQUAL_FOLD_FAMILY_LINEAGE_THEN_CASE_MEAN_AS_APPLICABLE,EXPLORATORY_CONSUMED_DIAGNOSTIC_ONLY
MS,viscosity_laplacian_acceleration,LINEAGE,HMSO01R_A|FIELD_LINEAGE|d1321924d243ef663d38f2119b3da3e0b77ff9249352efe1c25dfa4971fbd453,0.0,9.951971371556438e-05,0.0,EVALUABLE,EQUAL_FOLD_FAMILY_LINEAGE_THEN_CASE_MEAN_AS_APPLICABLE,EXPLORATORY_CONSUMED_DIAGNOSTIC_ONLY
MS,viscosity_laplacian_acceleration,LINEAGE,HMSO01R_A|FIELD_LINEAGE|d2f9d8c8f5f3c69790790651faeb1c1f59b6b387e4ede38adea5936b94855ff9,0.0002251913633923844,0.00029108969270744524,0.773615036993801,EVALUABLE,EQUAL_FOLD_FAMILY_LINEAGE_THEN_CASE_MEAN_AS_APPLICABLE,EXPLORATORY_CONSUMED_DIAGNOSTIC_ONLY
MS,viscosity_laplacian_acceleration,LINEAGE,HMSO01R_A|FIELD_LINEAGE|d3329a31885ae9100b3a5071d3f6de7c5b314524ba319156e3df439e55667dd5,0.0,0.00013383732659806672,0.0,EVALUABLE,EQUAL_FOLD_FAMILY_LINEAGE_THEN_CASE_MEAN_AS_APPLICABLE,EXPLORATORY_CONSUMED_DIAGNOSTIC_ONLY
MS,viscosity_laplacian_acceleration,LINEAGE,HMSO01R_A|FIELD_LINEAGE|d65de8a657545ef8339cfa29e05ce27d63f8ec5e02ee50514a615a33f5595da9,1.1385503480125158e-07,0.00011767952800343577,0.0009675007771778917,EVALUABLE,EQUAL_FOLD_FAMILY_LINEAGE_THEN_CASE_MEAN_AS_APPLICABLE,EXPLORATORY_CONSUMED_DIAGNOSTIC_ONLY
MS,viscosity_laplacian_acceleration,LINEAGE,HMSO01R_A|FIELD_LINEAGE|d6ecf8cd80acb9db6acee967c0d1a3a8ca941d75fcf9e621c7ea05d79a191767,2.209881089448438e-05,0.00011579130157858334,0.19085035398351335,EVALUABLE,EQUAL_FOLD_FAMILY_LINEAGE_THEN_CASE_MEAN_AS_APPLICABLE,EXPLORATORY_CONSUMED_DIAGNOSTIC_ONLY
MS,viscosity_laplacian_acceleration,LINEAGE,HMSO01R_A|FIELD_LINEAGE|d7d10f9b5293a22777f94b958cdb7280c40216c21a2b9b4a49451c1385cf26d9,0.000316592176340479,0.00031916364761035794,0.9919430947442415,EVALUABLE,EQUAL_FOLD_FAMILY_LINEAGE_THEN_CASE_MEAN_AS_APPLICABLE,EXPLORATORY_CONSUMED_DIAGNOSTIC_ONLY
MS,viscosity_laplacian_acceleration,LINEAGE,HMSO01R_A|FIELD_LINEAGE|d8cd77f2aea85a93297ba4755747ee15653349aca322bca77ce1738389444994,0.0,0.00010063361555386378,0.0,EVALUABLE,EQUAL_FOLD_FAMILY_LINEAGE_THEN_CASE_MEAN_AS_APPLICABLE,EXPLORATORY_CONSUMED_DIAGNOSTIC_ONLY
MS,viscosity_laplacian_acceleration,LINEAGE,HMSO01R_A|FIELD_LINEAGE|d9b0e4ca0c6e9f306f81bad07b5f31753c1237e04a6a51d708212ab05edea52f,0.00018708724678761512,0.00034378992258901777,0.5441906073880699,EVALUABLE,EQUAL_FOLD_FAMILY_LINEAGE_THEN_CASE_MEAN_AS_APPLICABLE,EXPLORATORY_CONSUMED_DIAGNOSTIC_ONLY
MS,viscosity_laplacian_acceleration,LINEAGE,HMSO01R_A|FIELD_LINEAGE|dca2b57202d33de06ea638a8ecbab23d1b960b5ed15b6841dcbc75b212cc8712,7.346533921555537e-05,0.00010716252702390844,0.6855506421490501,EVALUABLE,EQUAL_FOLD_FAMILY_LINEAGE_THEN_CASE_MEAN_AS_APPLICABLE,EXPLORATORY_CONSUMED_DIAGNOSTIC_ONLY
MS,viscosity_laplacian_acceleration,LINEAGE,HMSO01R_A|FIELD_LINEAGE|e0695af14e7ff6ed68d0eaa0320bde868bdf2eddcd09aade2748baa3ab9013d9,0.0002932509067890089,0.0002465635545401786,1.1893522030695027,EVALUABLE,EQUAL_FOLD_FAMILY_LINEAGE_THEN_CASE_MEAN_AS_APPLICABLE,EXPLORATORY_CONSUMED_DIAGNOSTIC_ONLY
MS,viscosity_laplacian_acceleration,LINEAGE,HMSO01R_A|FIELD_LINEAGE|e1662caa4f55fa1e467b750db9be81d3672b988a828412586110c172a4b65cc4,0.0002705183879051672,0.0003354335575923965,0.8064738359716792,EVALUABLE,EQUAL_FOLD_FAMILY_LINEAGE_THEN_CASE_MEAN_AS_APPLICABLE,EXPLORATORY_CONSUMED_DIAGNOSTIC_ONLY
MS,viscosity_laplacian_acceleration,LINEAGE,HMSO01R_A|FIELD_LINEAGE|e1bd95fcd7aed1a8bde13393ae7d4a98eff10f4a52c1bdfb2e54f1dd690c54dd,5.3616046491503026e-05,0.00013583310654734248,0.39472001969428566,EVALUABLE,EQUAL_FOLD_FAMILY_LINEAGE_THEN_CASE_MEAN_AS_APPLICABLE,EXPLORATORY_CONSUMED_DIAGNOSTIC_ONLY
MS,viscosity_laplacian_acceleration,LINEAGE,HMSO01R_A|FIELD_LINEAGE|e25db364da9db9cdb46c3073fa0aa473b93b0eed9df5062f9696d75bd2f90442,0.0,0.00011729599473104768,0.0,EVALUABLE,EQUAL_FOLD_FAMILY_LINEAGE_THEN_CASE_MEAN_AS_APPLICABLE,EXPLORATORY_CONSUMED_DIAGNOSTIC_ONLY
MS,viscosity_laplacian_acceleration,LINEAGE,HMSO01R_A|FIELD_LINEAGE|e269817bd0e21e72d0864769c51ef7f6839102d6f41f035fbbff5041e46bd0d4,0.0004520046181457174,0.00030269317219816684,1.4932765574566693,EVALUABLE,EQUAL_FOLD_FAMILY_LINEAGE_THEN_CASE_MEAN_AS_APPLICABLE,EXPLORATORY_CONSUMED_DIAGNOSTIC_ONLY
MS,viscosity_laplacian_acceleration,LINEAGE,HMSO01R_A|FIELD_LINEAGE|e2940f5e79800b14b8eefcdb52a6c4eb9c2bcacb794aadbf19ab173720ccdfc9,0.0,6.777291402071979e-05,0.0,EVALUABLE,EQUAL_FOLD_FAMILY_LINEAGE_THEN_CASE_MEAN_AS_APPLICABLE,EXPLORATORY_CONSUMED_DIAGNOSTIC_ONLY
MS,viscosity_laplacian_acceleration,LINEAGE,HMSO01R_A|FIELD_LINEAGE|e2fdf0ecb37222ddf2c343b2a9785bb080b33fb721f4d3381403db08d53276de,0.00048635985918358014,0.0004890968667573489,0.9944039560263087,EVALUABLE,EQUAL_FOLD_FAMILY_LINEAGE_THEN_CASE_MEAN_AS_APPLICABLE,EXPLORATORY_CONSUMED_DIAGNOSTIC_ONLY
MS,viscosity_laplacian_acceleration,LINEAGE,HMSO01R_A|FIELD_LINEAGE|e39068083f41a31c97e7737f6138e1986484dea8bfe32d65a52cd58aaa1ec7e8,1.0825914188592737e-05,0.0001863814325357398,0.05808472464936549,EVALUABLE,EQUAL_FOLD_FAMILY_LINEAGE_THEN_CASE_MEAN_AS_APPLICABLE,EXPLORATORY_CONSUMED_DIAGNOSTIC_ONLY
MS,viscosity_laplacian_acceleration,LINEAGE,HMSO01R_A|FIELD_LINEAGE|e46b2d3dad1b8a5413f52396bbef71167f252a4ba61297ea3e2b46c37456ba4c,4.790869156561874e-06,0.000150758568468312,0.0317784203261977,EVALUABLE,EQUAL_FOLD_FAMILY_LINEAGE_THEN_CASE_MEAN_AS_APPLICABLE,EXPLORATORY_CONSUMED_DIAGNOSTIC_ONLY
MS,viscosity_laplacian_acceleration,LINEAGE,HMSO01R_A|FIELD_LINEAGE|e4c235f067a50e9e5304ee0e7ad701299187cd559ceebd74674d932464340e77,0.0001147275916310379,0.00013221315552268994,0.867747170676588,EVALUABLE,EQUAL_FOLD_FAMILY_LINEAGE_THEN_CASE_MEAN_AS_APPLICABLE,EXPLORATORY_CONSUMED_DIAGNOSTIC_ONLY
MS,viscosity_laplacian_acceleration,LINEAGE,HMSO01R_A|FIELD_LINEAGE|e5cd23001367dee0fe50b87c4f9c5ae9d8e66eeb6cef2467ff3f6da8c0fcdc16,6.301379190479575e-05,0.00010873260628149138,0.5795298582438381,EVALUABLE,EQUAL_FOLD_FAMILY_LINEAGE_THEN_CASE_MEAN_AS_APPLICABLE,EXPLORATORY_CONSUMED_DIAGNOSTIC_ONLY
MS,viscosity_laplacian_acceleration,LINEAGE,HMSO01R_A|FIELD_LINEAGE|e5fd0d86ce4eda7b6deef112c4230d6cc2c904c7a1cbb32b883405f7907c5018,0.0,8.538830749201448e-05,0.0,EVALUABLE,EQUAL_FOLD_FAMILY_LINEAGE_THEN_CASE_MEAN_AS_APPLICABLE,EXPLORATORY_CONSUMED_DIAGNOSTIC_ONLY
MS,viscosity_laplacian_acceleration,LINEAGE,HMSO01R_A|FIELD_LINEAGE|e6f79f1197cd7f6ad00ce2f5ddcac136ad9a2faa5584e9f390794bfb6ee07ac6,8.048838414784077e-05,0.0021772129301273506,0.03696854039128493,EVALUABLE,EQUAL_FOLD_FAMILY_LINEAGE_THEN_CASE_MEAN_AS_APPLICABLE,EXPLORATORY_CONSUMED_DIAGNOSTIC_ONLY
MS,viscosity_laplacian_acceleration,LINEAGE,HMSO01R_A|FIELD_LINEAGE|e82aee0755c70810ee3fbd630ec4d3fa698e473225b4aa505b26af8a458a6400,0.00027095185490066953,0.00012998705936250328,2.0844525311173374,EVALUABLE,EQUAL_FOLD_FAMILY_LINEAGE_THEN_CASE_MEAN_AS_APPLICABLE,EXPLORATORY_CONSUMED_DIAGNOSTIC_ONLY
MS,viscosity_laplacian_acceleration,LINEAGE,HMSO01R_A|FIELD_LINEAGE|e853753ed3befc6151b8f2c4e9e3797938a7689193c2157695f0b61b8e60abc8,0.0,8.210877228081583e-05,0.0,EVALUABLE,EQUAL_FOLD_FAMILY_LINEAGE_THEN_CASE_MEAN_AS_APPLICABLE,EXPLORATORY_CONSUMED_DIAGNOSTIC_ONLY
MS,viscosity_laplacian_acceleration,LINEAGE,HMSO01R_A|FIELD_LINEAGE|e99701698ca3eda87704f5f32294f901f56116d9da609afcb18418d4c8a62bf2,1.57955502626172e-05,0.00015427071582070604,0.10238851993773623,EVALUABLE,EQUAL_FOLD_FAMILY_LINEAGE_THEN_CASE_MEAN_AS_APPLICABLE,EXPLORATORY_CONSUMED_DIAGNOSTIC_ONLY
MS,viscosity_laplacian_acceleration,LINEAGE,HMSO01R_A|FIELD_LINEAGE|e9dc12a25958465c187afbd7ef920bc04ba98d4b232046e156979d215bd85146,0.0,0.00013326895583163498,0.0,EVALUABLE,EQUAL_FOLD_FAMILY_LINEAGE_THEN_CASE_MEAN_AS_APPLICABLE,EXPLORATORY_CONSUMED_DIAGNOSTIC_ONLY
MS,viscosity_laplacian_acceleration,LINEAGE,HMSO01R_A|FIELD_LINEAGE|ea7a0f305184b5efcd1c245ec8837c3d5e92744042b12d412ef90758785acc95,0.00027327108495564496,0.0003940311167077335,0.6935266616477387,EVALUABLE,EQUAL_FOLD_FAMILY_LINEAGE_THEN_CASE_MEAN_AS_APPLICABLE,EXPLORATORY_CONSUMED_DIAGNOSTIC_ONLY
MS,viscosity_laplacian_acceleration,LINEAGE,HMSO01R_A|FIELD_LINEAGE|eadb4166638494d642712d8eabac62f88ed028f779148966c13d2efd6405fa1d,5.790434621941216e-08,0.00011408822916994925,0.0005075400559785717,EVALUABLE,EQUAL_FOLD_FAMILY_LINEAGE_THEN_CASE_MEAN_AS_APPLICABLE,EXPLORATORY_CONSUMED_DIAGNOSTIC_ONLY
MS,viscosity_laplacian_acceleration,LINEAGE,HMSO01R_A|FIELD_LINEAGE|ebfb44058badbf85a36d8671e914d20620f9253b30eeec0e96b5e0c20dc8e16c,0.0,0.00013189056451093153,0.0,EVALUABLE,EQUAL_FOLD_FAMILY_LINEAGE_THEN_CASE_MEAN_AS_APPLICABLE,EXPLORATORY_CONSUMED_DIAGNOSTIC_ONLY
MS,viscosity_laplacian_acceleration,LINEAGE,HMSO01R_A|FIELD_LINEAGE|eee5df81575181b025958cda057ac7cb0483be4404d018db7bb2c06a63c25462,0.000167208813264172,0.0002201078033316075,0.7596678115598676,EVALUABLE,EQUAL_FOLD_FAMILY_LINEAGE_THEN_CASE_MEAN_AS_APPLICABLE,EXPLORATORY_CONSUMED_DIAGNOSTIC_ONLY
MS,viscosity_laplacian_acceleration,LINEAGE,HMSO01R_A|FIELD_LINEAGE|f01618f1ef2fe7c85085b02f71644f843db176708a8abb6e4e05116a594e9ae3,2.43960057456898e-06,0.00014040070561384166,0.01737598514126319,EVALUABLE,EQUAL_FOLD_FAMILY_LINEAGE_THEN_CASE_MEAN_AS_APPLICABLE,EXPLORATORY_CONSUMED_DIAGNOSTIC_ONLY
MS,viscosity_laplacian_acceleration,LINEAGE,HMSO01R_A|FIELD_LINEAGE|f0421338d311584916d83a8dd01c9f47b7707c5652d4192e1df422a2a9e7d57d,0.0007279483539232368,0.0005650132634395508,1.288373921510814,EVALUABLE,EQUAL_FOLD_FAMILY_LINEAGE_THEN_CASE_MEAN_AS_APPLICABLE,EXPLORATORY_CONSUMED_DIAGNOSTIC_ONLY
MS,viscosity_laplacian_acceleration,LINEAGE,HMSO01R_A|FIELD_LINEAGE|f11020ed75e98ae018c3d951c68d3fba4bfe91afdf9eb4b7d62d0c0967429304,0.0,0.00010270546838710807,0.0,EVALUABLE,EQUAL_FOLD_FAMILY_LINEAGE_THEN_CASE_MEAN_AS_APPLICABLE,EXPLORATORY_CONSUMED_DIAGNOSTIC_ONLY
MS,viscosity_laplacian_acceleration,LINEAGE,HMSO01R_A|FIELD_LINEAGE|f117df283c3988b3a51ad2a7138592681c02ac94fc8905b0ebf163745ca00f62,7.634970337209058e-06,0.0001270251303360007,0.060105983099670156,EVALUABLE,EQUAL_FOLD_FAMILY_LINEAGE_THEN_CASE_MEAN_AS_APPLICABLE,EXPLORATORY_CONSUMED_DIAGNOSTIC_ONLY
MS,viscosity_laplacian_acceleration,LINEAGE,HMSO01R_A|FIELD_LINEAGE|f2247a8dfd61c19acaf6609654c9c6098f254569cd75ef6a5201803913aa1c00,9.028444428409543e-06,8.906412635251137e-05,0.10137015651706288,EVALUABLE,EQUAL_FOLD_FAMILY_LINEAGE_THEN_CASE_MEAN_AS_APPLICABLE,EXPLORATORY_CONSUMED_DIAGNOSTIC_ONLY
MS,viscosity_laplacian_acceleration,LINEAGE,HMSO01R_A|FIELD_LINEAGE|f2a3ceeae0e0974c878bba3a036f383f979564d7512b59be838a43b0d537377a,0.0003599724842480031,0.0001634727776413704,2.2020332035815615,EVALUABLE,EQUAL_FOLD_FAMILY_LINEAGE_THEN_CASE_MEAN_AS_APPLICABLE,EXPLORATORY_CONSUMED_DIAGNOSTIC_ONLY
MS,viscosity_laplacian_acceleration,LINEAGE,HMSO01R_A|FIELD_LINEAGE|f52ad1fbea60f2cef5c93f5785e888eaa7893de6dad0b2f7545e6d3f4e338f25,2.7084879947599053e-05,0.00013709345690456436,0.19756508121648578,EVALUABLE,EQUAL_FOLD_FAMILY_LINEAGE_THEN_CASE_MEAN_AS_APPLICABLE,EXPLORATORY_CONSUMED_DIAGNOSTIC_ONLY
MS,viscosity_laplacian_acceleration,LINEAGE,HMSO01R_A|FIELD_LINEAGE|f7cc0cf639be6a7e99c37868bcf630bb54f34534e2c78b36b59b7ac5ebbd1919,0.0003847231260979088,0.0003600505044785582,1.0685254466038943,EVALUABLE,EQUAL_FOLD_FAMILY_LINEAGE_THEN_CASE_MEAN_AS_APPLICABLE,EXPLORATORY_CONSUMED_DIAGNOSTIC_ONLY
MS,viscosity_laplacian_acceleration,LINEAGE,HMSO01R_A|FIELD_LINEAGE|f82108cfb75a5ece90cca0bec2aa62b5af33b3b96774d26a9d5bbde8416cb360,3.632973718277021e-06,0.0001218837772353966,0.029806868483084382,EVALUABLE,EQUAL_FOLD_FAMILY_LINEAGE_THEN_CASE_MEAN_AS_APPLICABLE,EXPLORATORY_CONSUMED_DIAGNOSTIC_ONLY
MS,viscosity_laplacian_acceleration,LINEAGE,HMSO01R_A|FIELD_LINEAGE|f8fd31406421545fa9cf8bb98c251eb120eed5378ed4276493239005b13fd6f8,3.149907644300066e-08,6.121872793637658e-05,0.0005145333381598035,EVALUABLE,EQUAL_FOLD_FAMILY_LINEAGE_THEN_CASE_MEAN_AS_APPLICABLE,EXPLORATORY_CONSUMED_DIAGNOSTIC_ONLY
MS,viscosity_laplacian_acceleration,LINEAGE,HMSO01R_A|FIELD_LINEAGE|f952117e9c8f8a564901d0507e978f58c3289c63c557fb7f3123a84dd049ba29,0.0019523320071986516,0.0022557716072519624,0.8654830129620398,EVALUABLE,EQUAL_FOLD_FAMILY_LINEAGE_THEN_CASE_MEAN_AS_APPLICABLE,EXPLORATORY_CONSUMED_DIAGNOSTIC_ONLY
MS,viscosity_laplacian_acceleration,LINEAGE,HMSO01R_A|FIELD_LINEAGE|f9a3d40825ca658eebc26e88239c04a3590f72ad95b03a86bc289649036f4117,0.0,0.00013260316539457094,0.0,EVALUABLE,EQUAL_FOLD_FAMILY_LINEAGE_THEN_CASE_MEAN_AS_APPLICABLE,EXPLORATORY_CONSUMED_DIAGNOSTIC_ONLY
MS,viscosity_laplacian_acceleration,LINEAGE,HMSO01R_A|FIELD_LINEAGE|f9acbd6c60cf4de95eb27dc7c24fd369893e07d5c162236bcdc4cc91f1e5368b,2.198069509688698e-05,0.00010871538931870654,0.20218568166507764,EVALUABLE,EQUAL_FOLD_FAMILY_LINEAGE_THEN_CASE_MEAN_AS_APPLICABLE,EXPLORATORY_CONSUMED_DIAGNOSTIC_ONLY
MS,viscosity_laplacian_acceleration,LINEAGE,HMSO01R_A|FIELD_LINEAGE|f9dd81299410ddb65efe58bb38fc53798a53c7f5ab1183ef52b5f93fb7daea68,1.661690678908356e-05,0.00016740976936676028,0.09925888346861853,EVALUABLE,EQUAL_FOLD_FAMILY_LINEAGE_THEN_CASE_MEAN_AS_APPLICABLE,EXPLORATORY_CONSUMED_DIAGNOSTIC_ONLY
MS,viscosity_laplacian_acceleration,LINEAGE,HMSO01R_A|FIELD_LINEAGE|fa1ab395df96eb71b1cd3e5c31c1a1fe587398989c58265b21dd97a062b35ef9,3.3934304087729285e-05,0.00013323743971067155,0.25469045458557654,EVALUABLE,EQUAL_FOLD_FAMILY_LINEAGE_THEN_CASE_MEAN_AS_APPLICABLE,EXPLORATORY_CONSUMED_DIAGNOSTIC_ONLY
MS,viscosity_laplacian_acceleration,LINEAGE,HMSO01R_A|FIELD_LINEAGE|fd04ea3f458e107df0af85b51443fd7c576cbde1f2a34afcd2f94001f9376e64,0.0,0.00012207197187669226,0.0,EVALUABLE,EQUAL_FOLD_FAMILY_LINEAGE_THEN_CASE_MEAN_AS_APPLICABLE,EXPLORATORY_CONSUMED_DIAGNOSTIC_ONLY
MS,viscosity_laplacian_acceleration,LINEAGE,HMSO01R_A|FIELD_LINEAGE|fefaa03392c6d5e862f0b98f72e148123eb5332d997aade537062f72a6e1a99c,0.0,9.93338010106122e-05,0.0,EVALUABLE,EQUAL_FOLD_FAMILY_LINEAGE_THEN_CASE_MEAN_AS_APPLICABLE,EXPLORATORY_CONSUMED_DIAGNOSTIC_ONLY
MS,viscosity_laplacian_acceleration,LINEAGE,HMSO01R_A|FIELD_LINEAGE|ff441cbe04ac4f8f63fd24360c00fa41becbfbb5a6acdf59e4dfd55c77c15642,0.0,0.0001137167017259869,0.0,EVALUABLE,EQUAL_FOLD_FAMILY_LINEAGE_THEN_CASE_MEAN_AS_APPLICABLE,EXPLORATORY_CONSUMED_DIAGNOSTIC_ONLY
