arm,component,formal_case_index,case_id,family,fold,lineage,jitter_fraction,polarization,cvar,coverage_fraction,coverage_status,status,evidence_class
SS,density_rate,0,HMSO01R_A|PRIMARY|F1|17189a9c215416ff2620cbd08f0d84d7ada1a2cc660112d1da29b944116d0cd4,F1,FOLD_0,HMSO01R_A|FIELD_LINEAGE|4389c621e60229f631c944081b4adc544d96927c12f624ff90ee3e85668f651e,0.0,longitudinal,0.08431252385364182,1.0,INSIDE_MAJORITY,EVALUABLE,EXPLORATORY_CONSUMED_DIAGNOSTIC_ONLY
SS,density_rate,1,HMSO01R_A|PRIMARY|F1|a4dcbb5c100eb79e76af22af5e66115d80a192e32c5351ce17a23c9ea395fc58,F1,FOLD_3,HMSO01R_A|FIELD_LINEAGE|39a5eaeb1afddf9af00bec82f67fdf5414fc1d1e11076c2f86704fda2809ab87,0.0,transverse,1.4998424177391312e-30,1.0,INSIDE_MAJORITY,EVALUABLE,EXPLORATORY_CONSUMED_DIAGNOSTIC_ONLY
SS,density_rate,2,HMSO01R_A|PRIMARY|F1|c2e87b38878c4fcdafb44a05b365bc326ef291a8d36233033ae3633cd4114a99,F1,FOLD_5,HMSO01R_A|FIELD_LINEAGE|86f4c153dee170c8ee8f47b2eb988fa25bcda8c9a7b6fd68a3d7256dc3af0a1f,0.0,none,0.0,1.0,INSIDE_MAJORITY,EVALUABLE,EXPLORATORY_CONSUMED_DIAGNOSTIC_ONLY
SS,density_rate,3,HMSO01R_A|PRIMARY|F1|5c9e81f778749b662a5e524e43479f5e490b215def0762270203c9817e709b9b,F1,FOLD_1,HMSO01R_A|FIELD_LINEAGE|9aaa52aa8afb4f9adfe0d0e7ddb5e3e8101852fdd6ef0a635cf3875b473d16a7,0.0,transverse,2.1657780635768458e-10,1.0,INSIDE_MAJORITY,EVALUABLE,EXPLORATORY_CONSUMED_DIAGNOSTIC_ONLY
SS,density_rate,4,HMSO01R_A|PRIMARY|F1|11515df6f9da405fc42923eeb47db2b4ebe97ceea73b879e18c9259527ebbd13,F1,FOLD_4,HMSO01R_A|FIELD_LINEAGE|e4c235f067a50e9e5304ee0e7ad701299187cd559ceebd74674d932464340e77,0.0,longitudinal,0.13979055243979738,1.0,INSIDE_MAJORITY,EVALUABLE,EXPLORATORY_CONSUMED_DIAGNOSTIC_ONLY
SS,density_rate,5,HMSO01R_A|PRIMARY|F1|29e92b6c39e1d3a436fb2bd671c7071524922a02fbf8851e384bc0c0d658f8fa,F1,FOLD_0,HMSO01R_A|FIELD_LINEAGE|f117df283c3988b3a51ad2a7138592681c02ac94fc8905b0ebf163745ca00f62,0.0,transverse,1.391011397623733e-31,1.0,INSIDE_MAJORITY,EVALUABLE,EXPLORATORY_CONSUMED_DIAGNOSTIC_ONLY
SS,density_rate,6,HMSO01R_A|PRIMARY|F1|9883cd7992a90f5d6864ab975f80dd9cf59338673fe1489da80f17066b15096b,F1,FOLD_3,HMSO01R_A|FIELD_LINEAGE|7c009b8ab0dfadca9095462a890aab36eac46b48a3c131f7a908a8d37a21f707,0.0,longitudinal,0.1920732414535144,1.0,INSIDE_MAJORITY,EVALUABLE,EXPLORATORY_CONSUMED_DIAGNOSTIC_ONLY
SS,density_rate,7,HMSO01R_A|PRIMARY|F1|9487e088f788d2ec8ba6ae806ea91685d6ebbefde165d132cb5f71e58101c354,F1,FOLD_4,HMSO01R_A|FIELD_LINEAGE|a1c0a919ad122615714cbb9f6b50981061d4f68fe06b618c4cd2688f52f12391,0.0,none,0.0,1.0,INSIDE_MAJORITY,EVALUABLE,EXPLORATORY_CONSUMED_DIAGNOSTIC_ONLY
SS,density_rate,8,HMSO01R_A|PRIMARY|F1|20535a5b894e69d9162faebb7d09c6da71c5ccb03d06b6550f8c2888772f9134,F1,FOLD_1,HMSO01R_A|FIELD_LINEAGE|fefaa03392c6d5e862f0b98f72e148123eb5332d997aade537062f72a6e1a99c,0.0,none,0.0,1.0,INSIDE_MAJORITY,EVALUABLE,EXPLORATORY_CONSUMED_DIAGNOSTIC_ONLY
SS,density_rate,9,HMSO01R_A|PRIMARY|F1|dc3d8aab18d0c255168c9471f21eea7e056899fbb44faeb54799a5443ea70f0c,F1,FOLD_2,HMSO01R_A|FIELD_LINEAGE|d3329a31885ae9100b3a5071d3f6de7c5b314524ba319156e3df439e55667dd5,0.0,none,0.0,1.0,INSIDE_MAJORITY,EVALUABLE,EXPLORATORY_CONSUMED_DIAGNOSTIC_ONLY
SS,density_rate,10,HMSO01R_A|PRIMARY|F1|a55f2004bfe7a70aa876e79f282731fbb98f78767765a44b0b1d4f8836b8abf4,F1,FOLD_5,HMSO01R_A|FIELD_LINEAGE|0e85d8db167a222553e045c2d06d7055fe817db60fe9573c8fc78f52ed1f8615,0.0,none,1.600955911583264e-32,1.0,INSIDE_MAJORITY,EVALUABLE,EXPLORATORY_CONSUMED_DIAGNOSTIC_ONLY
SS,density_rate,11,HMSO01R_A|PRIMARY|F1|28c77a8ddd05de23b312f2b66382c02eb5b79e2bf306ff67761448f2db57b19a,F1,FOLD_2,HMSO01R_A|FIELD_LINEAGE|05638fa6abec8d1f9d2070785cb5b62bc36d80415fcae04a6c6b1419139c3003,0.0,none,0.0,1.0,INSIDE_MAJORITY,EVALUABLE,EXPLORATORY_CONSUMED_DIAGNOSTIC_ONLY
SS,density_rate,12,HMSO01R_A|PRIMARY|F1|95f40357845f50cdbfb609794900692a451d073a196e1de5effa8bf3b10c31d3,F1,FOLD_1,HMSO01R_A|FIELD_LINEAGE|1d03c9c9f560219b53c739310adfe296cf8afec50561d01ce15be76ae73c1479,0.0,none,0.0,1.0,INSIDE_MAJORITY,EVALUABLE,EXPLORATORY_CONSUMED_DIAGNOSTIC_ONLY
SS,density_rate,13,HMSO01R_A|PRIMARY|F1|26d3e67e50ad7a7aa5a033717aad4a0174bbd3a8a498e7e470cb77fc7090aba8,F1,FOLD_1,HMSO01R_A|FIELD_LINEAGE|008a4638c8cb2247bc6cd62f75f3daa09b2e49ba7d73812777f0a31f466efb5e,0.0,longitudinal,0.4022826338768547,1.0,INSIDE_MAJORITY,EVALUABLE,EXPLORATORY_CONSUMED_DIAGNOSTIC_ONLY
SS,density_rate,14,HMSO01R_A|PRIMARY|F1|551fa9df47aa6d1ed2b65dd205e190a22a7f8bbbeba84ce8cd3bbf30d0d2c86c,F1,FOLD_2,HMSO01R_A|FIELD_LINEAGE|8d1e4918227588e163eea87a946c88983d6e03486114766be90d0602757fb4c2,0.0,longitudinal,0.19878364280012378,1.0,INSIDE_MAJORITY,EVALUABLE,EXPLORATORY_CONSUMED_DIAGNOSTIC_ONLY
SS,density_rate,15,HMSO01R_A|PRIMARY|F1|4677eaef7506ee864d1ee7c775444f00fae07b93f4e69bffa18aed1490049204,F1,FOLD_0,HMSO01R_A|FIELD_LINEAGE|1b6f0cb3de33bc6abdb0882404222836bd00a9ad3c6fe2c95af35a87f0fa1200,0.0,none,0.0,1.0,INSIDE_MAJORITY,EVALUABLE,EXPLORATORY_CONSUMED_DIAGNOSTIC_ONLY
SS,density_rate,16,HMSO01R_A|PRIMARY|F1|e4d028900be8963e34d3514450da85cf7e51369728095a44147a375b17ff63f3,F1,FOLD_5,HMSO01R_A|FIELD_LINEAGE|86c895c14384dc9ce73736790948d3516d7de8be96dc834ec48d9a651e6b8e5e,0.0,longitudinal,0.31483199871346623,1.0,INSIDE_MAJORITY,EVALUABLE,EXPLORATORY_CONSUMED_DIAGNOSTIC_ONLY
SS,density_rate,17,HMSO01R_A|PRIMARY|F1|8853d353badbe5291c0ebcfaf568093874927630ed91db99e44043086bc2bd77,F1,FOLD_4,HMSO01R_A|FIELD_LINEAGE|093dc802dc5954d756689fb97f687ee9b46c368f5fe625c807448d3bc43a1926,0.0,none,0.0,1.0,INSIDE_MAJORITY,EVALUABLE,EXPLORATORY_CONSUMED_DIAGNOSTIC_ONLY
SS,density_rate,18,HMSO01R_A|PRIMARY|F1|caffac0e852992e38bf950f2604d4982870d7de259ba736aae7ebd5004b0e98b,F1,FOLD_3,HMSO01R_A|FIELD_LINEAGE|0e65acebdbaa92caa4bcb30c2a0feac4a5469aac1dd76780539181916f956f58,0.0,none,0.0,1.0,INSIDE_MAJORITY,EVALUABLE,EXPLORATORY_CONSUMED_DIAGNOSTIC_ONLY
SS,density_rate,19,HMSO01R_A|PRIMARY|F1|60e871a6c20d0af14c3ace9907424d9db227d34f041ddac4df9aa0a3b0bb1f33,F1,FOLD_0,HMSO01R_A|FIELD_LINEAGE|f117df283c3988b3a51ad2a7138592681c02ac94fc8905b0ebf163745ca00f62,0.0,transverse,2.4952637080124274e-31,1.0,INSIDE_MAJORITY,EVALUABLE,EXPLORATORY_CONSUMED_DIAGNOSTIC_ONLY
SS,density_rate,20,HMSO01R_A|PRIMARY|F1|71098b9cd54436f1ef43bd82182ddda4df38006388ef812629c7c85d4a1ee54a,F1,FOLD_3,HMSO01R_A|FIELD_LINEAGE|16eb11153f438a544fbde5e29c9d4f0fc922c6cc49338ba6f7c68206ac580c7f,0.0,none,0.0,1.0,INSIDE_MAJORITY,EVALUABLE,EXPLORATORY_CONSUMED_DIAGNOSTIC_ONLY
SS,density_rate,21,HMSO01R_A|PRIMARY|F1|74878e2e410283bf5b8d858ce2e548e073e0dfb665a012817708b2ea789c0d47,F1,FOLD_2,HMSO01R_A|FIELD_LINEAGE|6af5032f0b166e8e3ff27ce0b5fdfb49cda87c61afe66a4eb6eb807e625daf8a,0.0,transverse,1.0074189945610659e-10,1.0,INSIDE_MAJORITY,EVALUABLE,EXPLORATORY_CONSUMED_DIAGNOSTIC_ONLY
SS,density_rate,22,HMSO01R_A|PRIMARY|F1|5a2a9369cfead6c6a1da9e80f9c5447c935f07e66b8f7bb9ce0dc8ec94be5ff5,F1,FOLD_3,HMSO01R_A|FIELD_LINEAGE|e2940f5e79800b14b8eefcdb52a6c4eb9c2bcacb794aadbf19ab173720ccdfc9,0.0,none,0.0,1.0,INSIDE_MAJORITY,EVALUABLE,EXPLORATORY_CONSUMED_DIAGNOSTIC_ONLY
SS,density_rate,23,HMSO01R_A|PRIMARY|F1|f0e0780bc33cf937b9317da0fd002ac7503f6caf7b9cb2ee921712e29ac5db01,F1,FOLD_0,HMSO01R_A|FIELD_LINEAGE|429c6019f8749d53e4581b918e84a928af92c02c8bd8516136f7bea7e94cf671,0.0,transverse,6.437472902257832e-12,1.0,INSIDE_MAJORITY,EVALUABLE,EXPLORATORY_CONSUMED_DIAGNOSTIC_ONLY
SS,density_rate,24,HMSO01R_A|PRIMARY|F1|6c20eb043c375744b73d04ab8ec845a805d28af301d2b852ab9d4c4b2c29898d,F1,FOLD_1,HMSO01R_A|FIELD_LINEAGE|40ad278dca26109101acf56cf89434c2db030106327c552c8aaad7f18589b1fc,0.0,longitudinal,0.29475443847290983,1.0,INSIDE_MAJORITY,EVALUABLE,EXPLORATORY_CONSUMED_DIAGNOSTIC_ONLY
SS,density_rate,25,HMSO01R_A|PRIMARY|F1|3844816a275020bfa174550105913eff0bb0a0b952d577b0e78ce0b6d881587b,F1,FOLD_0,HMSO01R_A|FIELD_LINEAGE|55cdcba2ab757796978976644840d2bce6b96e998f32047a71aff1f289ed6480,0.0,longitudinal,0.06685845671129781,1.0,INSIDE_MAJORITY,EVALUABLE,EXPLORATORY_CONSUMED_DIAGNOSTIC_ONLY
SS,density_rate,26,HMSO01R_A|PRIMARY|F1|73de76417820ead0c529b6f49ef57cb57cd9e90562de185ceaee69461322faf0,F1,FOLD_4,HMSO01R_A|FIELD_LINEAGE|367777ab46eb41f1d6390744a91dc4aea35bac8f23f02a2f5c6dee473916edbd,0.0,transverse,4.039808718439193e-30,1.0,INSIDE_MAJORITY,EVALUABLE,EXPLORATORY_CONSUMED_DIAGNOSTIC_ONLY
SS,density_rate,27,HMSO01R_A|PRIMARY|F1|3bcd9b0dfe43f7d54283d3409374d08e380284b0e39647cc9be2378c77c2427d,F1,FOLD_3,HMSO01R_A|FIELD_LINEAGE|e853753ed3befc6151b8f2c4e9e3797938a7689193c2157695f0b61b8e60abc8,0.0,none,0.0,1.0,INSIDE_MAJORITY,EVALUABLE,EXPLORATORY_CONSUMED_DIAGNOSTIC_ONLY
SS,density_rate,28,HMSO01R_A|PRIMARY|F1|447fd86c5d23a208d7175d372dc45ee38c1541cf5afadcbce00d200820555993,F1,FOLD_2,HMSO01R_A|FIELD_LINEAGE|e0695af14e7ff6ed68d0eaa0320bde868bdf2eddcd09aade2748baa3ab9013d9,0.0,longitudinal,0.5001140454521376,1.0,INSIDE_MAJORITY,EVALUABLE,EXPLORATORY_CONSUMED_DIAGNOSTIC_ONLY
SS,density_rate,29,HMSO01R_A|PRIMARY|F1|f56a8ce65aa7323f55e848e9be2c73492ff5fdd223be7259dae69d66167179f2,F1,FOLD_3,HMSO01R_A|FIELD_LINEAGE|21b79bdb11d90c0a9b01efce71ed9eec0d7fba61736210c4c1ab358a9c4e965a,0.0,transverse,0.0036083766650057197,1.0,INSIDE_MAJORITY,EVALUABLE,EXPLORATORY_CONSUMED_DIAGNOSTIC_ONLY
SS,density_rate,30,HMSO01R_A|PRIMARY|F1|9279a6540d8c7f0f3e5f902f5a6ef18c812dc118780d25f7ec124f972117401a,F1,FOLD_4,HMSO01R_A|FIELD_LINEAGE|66e31e43c39c0807b2398e5067c9aaab318a50b596f04344988d8e71103f4693,0.0,longitudinal,0.1179257123166775,1.0,INSIDE_MAJORITY,EVALUABLE,EXPLORATORY_CONSUMED_DIAGNOSTIC_ONLY
SS,density_rate,31,HMSO01R_A|PRIMARY|F1|fdf474ceb763705abb9a27ea1a0d3b260b2d5b47f6e2ba1f33b440f83b6b102b,F1,FOLD_1,HMSO01R_A|FIELD_LINEAGE|bb92dd92e9632ccd3901d1e2e79aab63ab0910a576b08c41f27a140edcf99b56,0.0,none,0.0,1.0,INSIDE_MAJORITY,EVALUABLE,EXPLORATORY_CONSUMED_DIAGNOSTIC_ONLY
SS,density_rate,32,HMSO01R_A|PRIMARY|F1|e1ae65ba18ef9931ed2d0023caee85b32b14ad85c74ba1f7f8404b6849be16dc,F1,FOLD_2,HMSO01R_A|FIELD_LINEAGE|10ec2dec79c0538398e95e49cd33ade9183e905d4ea4b212dcd4e7ec34fc5546,0.0,transverse,2.544568073251892e-31,1.0,INSIDE_MAJORITY,EVALUABLE,EXPLORATORY_CONSUMED_DIAGNOSTIC_ONLY
SS,density_rate,33,HMSO01R_A|PRIMARY|F1|cb9af2018d48c5188ab3eaf8f2d698636e814edd8acffd20fb4138cbf810c936,F1,FOLD_3,HMSO01R_A|FIELD_LINEAGE|7be8c21ecd7eaebf293b54b94f1920e19f00da5d0e416aaa8f7c69137970c399,0.0,transverse,2.764175470888233e-13,1.0,INSIDE_MAJORITY,EVALUABLE,EXPLORATORY_CONSUMED_DIAGNOSTIC_ONLY
SS,density_rate,34,HMSO01R_A|PRIMARY|F1|b665cfe4fd9eb20f1bd6aea233f0af27494b5960d9e7846b88a2432175f4c297,F1,FOLD_5,HMSO01R_A|FIELD_LINEAGE|4729596698ed7c65dd5f082aea4dac27cd26c6550de18eb2382e9ca6f186b90b,0.0,transverse,9.27572294244311e-12,1.0,INSIDE_MAJORITY,EVALUABLE,EXPLORATORY_CONSUMED_DIAGNOSTIC_ONLY
SS,density_rate,35,HMSO01R_A|PRIMARY|F1|a00695e617424fdaa8a3c9b60f31bdf7e639989766a74eea722e71e39bb641eb,F1,FOLD_0,HMSO01R_A|FIELD_LINEAGE|0f49beb059c8327e240fa524ede4b5d0ddc16e0eb915fce826282146040c0e20,0.0,longitudinal,0.059360014228803784,1.0,INSIDE_MAJORITY,EVALUABLE,EXPLORATORY_CONSUMED_DIAGNOSTIC_ONLY
SS,density_rate,36,HMSO01R_A|PRIMARY|F1|f75a46d3b9dd394415ff0dc35d08d05d473db87f55027b5878a646a9f33d45e7,F1,FOLD_2,HMSO01R_A|FIELD_LINEAGE|6d4353b03da9874056ea6f087e4493dcb629a7b8bd4a1eabce0a6b1b20255b6c,0.0,longitudinal,2.4315690307295617,0.5703125,INSIDE_MAJORITY,EVALUABLE,EXPLORATORY_CONSUMED_DIAGNOSTIC_ONLY
SS,density_rate,37,HMSO01R_A|PRIMARY|F1|29c6da305b8e2ef282724df580222dbd8a5b24509d1719ce985692e5358bdf7c,F1,FOLD_1,HMSO01R_A|FIELD_LINEAGE|73f5ee97e40c47c1aa5579bcf72cf190dfaf3aad2886cc887f3295530388016c,0.0,none,0.0,1.0,INSIDE_MAJORITY,EVALUABLE,EXPLORATORY_CONSUMED_DIAGNOSTIC_ONLY
SS,density_rate,38,HMSO01R_A|PRIMARY|F1|b261db49db049bd96fd81007473d9551c3c909e1c55ebeb506d71c25c755e401,F1,FOLD_4,HMSO01R_A|FIELD_LINEAGE|0280053dfd6ee65fbd80522b2b04964154d57f31de1cc5d0449972791fa285ea,0.0,none,1.6621829066324986e-08,1.0,INSIDE_MAJORITY,EVALUABLE,EXPLORATORY_CONSUMED_DIAGNOSTIC_ONLY
SS,density_rate,39,HMSO01R_A|PRIMARY|F1|b6e3294db87485d8748d624e75ac01416370a0ec2f4eaef0ebe70b5027802dc8,F1,FOLD_5,HMSO01R_A|FIELD_LINEAGE|f9a3d40825ca658eebc26e88239c04a3590f72ad95b03a86bc289649036f4117,0.0,none,0.0,1.0,INSIDE_MAJORITY,EVALUABLE,EXPLORATORY_CONSUMED_DIAGNOSTIC_ONLY
SS,density_rate,40,HMSO01R_A|PRIMARY|F1|a6994b29962f54879b3c8ebb37161ae29167e6424e5baa7e45c67bb686208095,F1,FOLD_1,HMSO01R_A|FIELD_LINEAGE|f952117e9c8f8a564901d0507e978f58c3289c63c557fb7f3123a84dd049ba29,0.0,longitudinal,0.4937090156473544,1.0,INSIDE_MAJORITY,EVALUABLE,EXPLORATORY_CONSUMED_DIAGNOSTIC_ONLY
SS,density_rate,41,HMSO01R_A|PRIMARY|F1|b0f0aff1339a42e131cd5f80e40a8c6d4e3f10bf3942e71d6d8ec4c6b0c55a8b,F1,FOLD_1,HMSO01R_A|FIELD_LINEAGE|6aba5ce17b9c02240405669069c0b485de9d3ce1714e3e85b0411d61ec7beb5e,0.0,transverse,2.530128732179451e-32,1.0,INSIDE_MAJORITY,EVALUABLE,EXPLORATORY_CONSUMED_DIAGNOSTIC_ONLY
SS,density_rate,42,HMSO01R_A|PRIMARY|F1|afc7d8cb8f2b532d62b4263307a637bf93a00196af97da060c00f3057dad14e2,F1,FOLD_3,HMSO01R_A|FIELD_LINEAGE|61d4f5ea89fdb94c7fd8a7150c89f5910fdf9e6c5a71383e850b5a750c8fcf55,0.0,longitudinal,1.0407021887856809,0.3828125,OUTSIDE_MAJORITY,EVALUABLE,EXPLORATORY_CONSUMED_DIAGNOSTIC_ONLY
SS,density_rate,43,HMSO01R_A|PRIMARY|F1|c7c8ab19a81bcd5badacba6a1854992bcea36fee7de3fce2db8d30fe9197fa68,F1,FOLD_4,HMSO01R_A|FIELD_LINEAGE|f9acbd6c60cf4de95eb27dc7c24fd369893e07d5c162236bcdc4cc91f1e5368b,0.0,longitudinal,0.07419020082246104,1.0,INSIDE_MAJORITY,EVALUABLE,EXPLORATORY_CONSUMED_DIAGNOSTIC_ONLY
SS,density_rate,44,HMSO01R_A|PRIMARY|F1|af7518d9cb8d018b6a6413ca8fca3bd8f76c60ce4bcf6fc40baab5bb8dae00e2,F1,FOLD_3,HMSO01R_A|FIELD_LINEAGE|f8fd31406421545fa9cf8bb98c251eb120eed5378ed4276493239005b13fd6f8,0.0,transverse,3.511338729070475e-31,1.0,INSIDE_MAJORITY,EVALUABLE,EXPLORATORY_CONSUMED_DIAGNOSTIC_ONLY
SS,density_rate,45,HMSO01R_A|PRIMARY|F1|cf9891d5f2c4095828d2e4d928157956cdda518ffd5838b924980f9ca27d663c,F1,FOLD_1,HMSO01R_A|FIELD_LINEAGE|ad302a05132d9f111349ae57a7badd9ffd336cce6f517d6dda76a6f130659828,0.0,none,0.0,1.0,INSIDE_MAJORITY,EVALUABLE,EXPLORATORY_CONSUMED_DIAGNOSTIC_ONLY
SS,density_rate,46,HMSO01R_A|PRIMARY|F1|026c2a27bf5597ed2feda6a4b4383b523d2b65bf87f0549bf53a436bd2600b80,F1,FOLD_2,HMSO01R_A|FIELD_LINEAGE|5932ef4f3ff2f79b2fa4005d45fb593b78f4308c6edd18917a8552256cdfcf19,0.0,none,0.0,1.0,INSIDE_MAJORITY,EVALUABLE,EXPLORATORY_CONSUMED_DIAGNOSTIC_ONLY
SS,density_rate,47,HMSO01R_A|PRIMARY|F1|01b0d9020535497e4a91a57f6dfccdf37675e8230c14ab2243b3fd456c0da1fb,F1,FOLD_1,HMSO01R_A|FIELD_LINEAGE|f11020ed75e98ae018c3d951c68d3fba4bfe91afdf9eb4b7d62d0c0967429304,0.0,none,0.0,1.0,INSIDE_MAJORITY,EVALUABLE,EXPLORATORY_CONSUMED_DIAGNOSTIC_ONLY
SS,density_rate,48,HMSO01R_A|PRIMARY|F1|acf4c60a4130b06fae19899271e9088eeceb09c4f21ff41df4be254bc212bc47,F1,FOLD_0,HMSO01R_A|FIELD_LINEAGE|8319212c9598ce2f7cd195e20de66435ffdb6ab6aeedf4d663d53cb3966ebc0a,0.0,longitudinal,0.059715832905980454,1.0,INSIDE_MAJORITY,EVALUABLE,EXPLORATORY_CONSUMED_DIAGNOSTIC_ONLY
SS,density_rate,49,HMSO01R_A|PRIMARY|F1|96d74acafef3b727542e7a3db52fce3d2980de16630e6c2889f40786a5d470b3,F1,FOLD_5,HMSO01R_A|FIELD_LINEAGE|6d1fc2b84d6da564ae936d907e04365ad5b63a9377b77c1faa05d68a9fe06d3c,0.0,none,0.0,1.0,INSIDE_MAJORITY,EVALUABLE,EXPLORATORY_CONSUMED_DIAGNOSTIC_ONLY
SS,density_rate,50,HMSO01R_A|PRIMARY|F1|2a6cb0fd5768542273f3d3adfc5cb4aed3516dc9e6976bcbd65f2001126b245e,F1,FOLD_0,HMSO01R_A|FIELD_LINEAGE|101e8ab2bfdfa561a79b7bef11d98c5487b65f400bdd7d35b17d61b9746e280e,0.0,longitudinal,0.2708312732940603,1.0,INSIDE_MAJORITY,EVALUABLE,EXPLORATORY_CONSUMED_DIAGNOSTIC_ONLY
SS,density_rate,51,HMSO01R_A|PRIMARY|F1|4a9501bd0b21a8516c742f400c393e6144280259851d7f30e2c997e43f411eb7,F1,FOLD_5,HMSO01R_A|FIELD_LINEAGE|41ec221cb0eeb1bbfd7efc4d5d4cd642cd62a71a09fd5ce2fc9fff0cbe48931c,0.0,transverse,1.5803415759392715e-32,1.0,INSIDE_MAJORITY,EVALUABLE,EXPLORATORY_CONSUMED_DIAGNOSTIC_ONLY
SS,density_rate,52,HMSO01R_A|PRIMARY|F1|c5b0cc6bf0c8dd57bd7f0b8c68dad820a13926b3e97b8ee202b7423bbb7ac616,F1,FOLD_2,HMSO01R_A|FIELD_LINEAGE|d9b0e4ca0c6e9f306f81bad07b5f31753c1237e04a6a51d708212ab05edea52f,0.0,longitudinal,0.5432796402227813,1.0,INSIDE_MAJORITY,EVALUABLE,EXPLORATORY_CONSUMED_DIAGNOSTIC_ONLY
SS,density_rate,53,HMSO01R_A|PRIMARY|F1|214b8b29d7ce4f3d813b54fcc8f24214fb3f6b4b46ccf76b4ac7b9e36cabe84c,F1,FOLD_4,HMSO01R_A|FIELD_LINEAGE|04cc9f11103eaca809c304d2c5e7176a0ac510070bc43c67da76cab1f9c23ed7,0.0,transverse,4.95547877692293e-13,1.0,INSIDE_MAJORITY,EVALUABLE,EXPLORATORY_CONSUMED_DIAGNOSTIC_ONLY
SS,density_rate,54,HMSO01R_A|PRIMARY|F1|035ddc8a0ba11d458af8f28be25b2b3108f13e52159ef7f4a7559d8590828570,F1,FOLD_3,HMSO01R_A|FIELD_LINEAGE|39a5eaeb1afddf9af00bec82f67fdf5414fc1d1e11076c2f86704fda2809ab87,0.0,transverse,4.717078474178667e-31,1.0,INSIDE_MAJORITY,EVALUABLE,EXPLORATORY_CONSUMED_DIAGNOSTIC_ONLY
SS,density_rate,55,HMSO01R_A|PRIMARY|F1|63b55d105a1f081e8b7d8bebf35069c236c2daea18d7054cd0d430ed3a2842c0,F1,FOLD_5,HMSO01R_A|FIELD_LINEAGE|fa1ab395df96eb71b1cd3e5c31c1a1fe587398989c58265b21dd97a062b35ef9,0.0,longitudinal,0.15740459857814867,1.0,INSIDE_MAJORITY,EVALUABLE,EXPLORATORY_CONSUMED_DIAGNOSTIC_ONLY
SS,density_rate,56,HMSO01R_A|PRIMARY|F1|74a12153712609103a3fed3a31e86ae95fca60502b239f6ee31ee9f8a4a37ebf,F1,FOLD_4,HMSO01R_A|FIELD_LINEAGE|7fcdfe3b32b571e4d4b1a4e7c1702d5dffaf41926d62628c6a434d692409d901,0.0,transverse,1.8448363155923016e-31,1.0,INSIDE_MAJORITY,EVALUABLE,EXPLORATORY_CONSUMED_DIAGNOSTIC_ONLY
SS,density_rate,57,HMSO01R_A|PRIMARY|F1|e98e42893b00bae6b3c383328c4579b8fc15ac15d56505fb09208a96018bc491,F1,FOLD_4,HMSO01R_A|FIELD_LINEAGE|cd1482e6386aeab5f67532ea00a4d133dd0798283239fa2bc60b1a36d8fd8390,0.0,none,0.0,1.0,INSIDE_MAJORITY,EVALUABLE,EXPLORATORY_CONSUMED_DIAGNOSTIC_ONLY
SS,density_rate,58,HMSO01R_A|PRIMARY|F1|7e82e7b632c2905675dfb9908bb28635a50c9d0afdc23c413d8a3bb153a65c1d,F1,FOLD_5,HMSO01R_A|FIELD_LINEAGE|ff441cbe04ac4f8f63fd24360c00fa41becbfbb5a6acdf59e4dfd55c77c15642,0.0,none,0.0025377974479131376,1.0,INSIDE_MAJORITY,EVALUABLE,EXPLORATORY_CONSUMED_DIAGNOSTIC_ONLY
SS,density_rate,59,HMSO01R_A|PRIMARY|F1|3acaa171d742cbcbf15c7ac08ab281a976d2802302cecc69e603936bf8653389,F1,FOLD_0,HMSO01R_A|FIELD_LINEAGE|eee5df81575181b025958cda057ac7cb0483be4404d018db7bb2c06a63c25462,0.0,longitudinal,0.9885289053802248,0.625,INSIDE_MAJORITY,EVALUABLE,EXPLORATORY_CONSUMED_DIAGNOSTIC_ONLY
SS,density_rate,60,HMSO01R_A|PRIMARY|F1|1a54ee621f7d1bb29510cf77a1720376b2c019b9d90a93945658549ac2fa9403,F1,FOLD_2,HMSO01R_A|FIELD_LINEAGE|1e499d17b9c103b93706f70e5fa2f7497086b8d1dab61b6d4e57ae6874e328ff,0.0,none,0.0,1.0,INSIDE_MAJORITY,EVALUABLE,EXPLORATORY_CONSUMED_DIAGNOSTIC_ONLY
SS,density_rate,61,HMSO01R_A|PRIMARY|F1|9b0121f166d7fe06976fbebe9a191c783f584d4642eab46fd48553c06dfce45d,F1,FOLD_2,HMSO01R_A|FIELD_LINEAGE|70dd50135b0ce37b393c6eae858eae2988f95a40a860753345e473ce01dd9d91,0.0,none,0.0,1.0,INSIDE_MAJORITY,EVALUABLE,EXPLORATORY_CONSUMED_DIAGNOSTIC_ONLY
SS,density_rate,62,HMSO01R_A|PRIMARY|F1|761edfc74274280b5be4fe59a9801d7c1223c2f57bae75ad70a713f6e24ee2a6,F1,FOLD_5,HMSO01R_A|FIELD_LINEAGE|17af857dc7e075f66db0acfe5114e05e0f490cc5340cc9cfe073ae813844b776,0.0,longitudinal,0.22423268014953923,1.0,INSIDE_MAJORITY,EVALUABLE,EXPLORATORY_CONSUMED_DIAGNOSTIC_ONLY
SS,density_rate,63,HMSO01R_A|PRIMARY|F1|1c3ba79b0f8b42b3ace0cd03d07aee91477b1c601678938adaed5d4dda46b415,F1,FOLD_5,HMSO01R_A|FIELD_LINEAGE|724fd3a44cb8ec4985e45f721837e7f4eeea1666b35a166345e025918455e304,0.0,none,0.0,1.0,INSIDE_MAJORITY,EVALUABLE,EXPLORATORY_CONSUMED_DIAGNOSTIC_ONLY
SS,density_rate,64,HMSO01R_A|PRIMARY|F1|19d2b988118623ed7e4c9f75c4b118503c0805f566ad8ddf0f5a97a99c7cf58a,F1,FOLD_5,HMSO01R_A|FIELD_LINEAGE|092a3e161c8ce70f083c10130918ff7fb36de994b41e81b7dfb0e04366314a2c,0.0,longitudinal,0.12986648223765945,1.0,INSIDE_MAJORITY,EVALUABLE,EXPLORATORY_CONSUMED_DIAGNOSTIC_ONLY
SS,density_rate,65,HMSO01R_A|PRIMARY|F1|a14993c5cb44b5479ec4a687919c3a203a6ac7c2d40f7a947b2b8bbddfc502e4,F1,FOLD_5,HMSO01R_A|FIELD_LINEAGE|72bbc35959df916eca72e8fb7e723c361c09592753187c3754f344aae218c230,0.0,none,0.0,1.0,INSIDE_MAJORITY,EVALUABLE,EXPLORATORY_CONSUMED_DIAGNOSTIC_ONLY
SS,density_rate,66,HMSO01R_A|PRIMARY|F1|0060fe96e8996a93ec588dad8d1598866677e2ab75f92384cd8022d88ffbb86c,F1,FOLD_4,HMSO01R_A|FIELD_LINEAGE|065caad01d0036cc45e094366cffda53edef5d184f8c28ff280e81478dd5499f,0.0,longitudinal,0.15044221638340266,0.875,INSIDE_MAJORITY,EVALUABLE,EXPLORATORY_CONSUMED_DIAGNOSTIC_ONLY
SS,density_rate,67,HMSO01R_A|PRIMARY|F1|a0f716a2924ed7983147b5345834d26d6ed9e125e8e6d3a013b4d6426dc1c09a,F1,FOLD_5,HMSO01R_A|FIELD_LINEAGE|bd0a319ae5e310c35bfeaafdbd8220147f595c77c4d665773530796c1f3b9b59,0.0,transverse,1.7915844557816968e-10,1.0,INSIDE_MAJORITY,EVALUABLE,EXPLORATORY_CONSUMED_DIAGNOSTIC_ONLY
SS,density_rate,68,HMSO01R_A|PRIMARY|F1|db32dab50d014d5b7d6290ae6c5a611058396e215092f82d17eb88333b05793e,F1,FOLD_3,HMSO01R_A|FIELD_LINEAGE|b49a6f081c09f4e4bff79a7f0fc0a282131ed3252c520eb6637fbf7ad615c6bd,0.0,transverse,9.008419223837461e-31,1.0,INSIDE_MAJORITY,EVALUABLE,EXPLORATORY_CONSUMED_DIAGNOSTIC_ONLY
SS,density_rate,69,HMSO01R_A|PRIMARY|F1|1aa6c3e6deee011c9544133bf78d7b19f7cad12fc2a4828e57202274987a750c,F1,FOLD_5,HMSO01R_A|FIELD_LINEAGE|49aae8e0ac8e4584d3624cd5459480c917c8157571a4f7ac9660003550146055,0.0,longitudinal,0.1965675383269613,1.0,INSIDE_MAJORITY,EVALUABLE,EXPLORATORY_CONSUMED_DIAGNOSTIC_ONLY
SS,density_rate,70,HMSO01R_A|PRIMARY|F1|7df69f6c86b7eff42e7c73af5fc7d5af02a2b7a11651af2ed2c84c22f75b0d75,F1,FOLD_0,HMSO01R_A|FIELD_LINEAGE|0f49beb059c8327e240fa524ede4b5d0ddc16e0eb915fce826282146040c0e20,0.0,longitudinal,0.06634417736647333,1.0,INSIDE_MAJORITY,EVALUABLE,EXPLORATORY_CONSUMED_DIAGNOSTIC_ONLY
SS,density_rate,71,HMSO01R_A|PRIMARY|F1|f50221dbd1affdd2a99fc0269437c21009164da4bfdebc3af7c6eef19b74bce8,F1,FOLD_1,HMSO01R_A|FIELD_LINEAGE|c7498c8903eedb4eb72abeb74a8624f4f311768cc705b42f488a9e810b4c3aec,0.0,transverse,2.2145379511373956e-12,1.0,INSIDE_MAJORITY,EVALUABLE,EXPLORATORY_CONSUMED_DIAGNOSTIC_ONLY
SS,density_rate,72,HMSO01R_A|PRIMARY|F1|bc61c9ff5fc4d66944ef51b8d5c8887be4970fac89df5995a89c67e9e00c487c,F1,FOLD_4,HMSO01R_A|FIELD_LINEAGE|e5fd0d86ce4eda7b6deef112c4230d6cc2c904c7a1cbb32b883405f7907c5018,0.0,none,7.021361160695623e-34,1.0,INSIDE_MAJORITY,EVALUABLE,EXPLORATORY_CONSUMED_DIAGNOSTIC_ONLY
SS,density_rate,73,HMSO01R_A|PRIMARY|F1|9b0c56f3112e6518b308e096b830a618cdd301074fb48e496f551a4183b7a002,F1,FOLD_2,HMSO01R_A|FIELD_LINEAGE|05638fa6abec8d1f9d2070785cb5b62bc36d80415fcae04a6c6b1419139c3003,0.0,none,0.0,1.0,INSIDE_MAJORITY,EVALUABLE,EXPLORATORY_CONSUMED_DIAGNOSTIC_ONLY
SS,density_rate,74,HMSO01R_A|PRIMARY|F1|a6b03df9badbccaafd77fa2d99f151928adcfe61dbcc87b60332a8518468a707,F1,FOLD_0,HMSO01R_A|FIELD_LINEAGE|e6f79f1197cd7f6ad00ce2f5ddcac136ad9a2faa5584e9f390794bfb6ee07ac6,0.0,transverse,5.927477729436906e-30,1.0,INSIDE_MAJORITY,EVALUABLE,EXPLORATORY_CONSUMED_DIAGNOSTIC_ONLY
SS,density_rate,75,HMSO01R_A|PRIMARY|F1|a6cab7e0592176d869b619f0ba537484f9c18170b47ba82de6cce39092c19e80,F1,FOLD_1,HMSO01R_A|FIELD_LINEAGE|97fbdfbd64658c72d9a31f61eea2acf4543cf9ba5532a2ed052d1358412ef553,0.0,none,0.0016105642975737524,1.0,INSIDE_MAJORITY,EVALUABLE,EXPLORATORY_CONSUMED_DIAGNOSTIC_ONLY
SS,density_rate,76,HMSO01R_A|PRIMARY|F1|6e6752cb4ce90e6f165c77805339b425572aba3cb875503942fd876c35a74b1c,F1,FOLD_0,HMSO01R_A|FIELD_LINEAGE|ca0f07a3c0d5df7705d15288eb48ecdf2c50af57aa3e1ab370127581f048c929,0.0,transverse,1.0442538541681074e-29,1.0,INSIDE_MAJORITY,EVALUABLE,EXPLORATORY_CONSUMED_DIAGNOSTIC_ONLY
SS,density_rate,77,HMSO01R_A|PRIMARY|F1|1814098db0c57fb57e82c60d62ef307c29f52d3af56f832b1893973e8e7f78fa,F1,FOLD_4,HMSO01R_A|FIELD_LINEAGE|a594f1a43c118c7761d223f6f34e42847c31c67fc6b06838b968dcc65b6c3356,0.0,transverse,2.188822918927735e-31,1.0,INSIDE_MAJORITY,EVALUABLE,EXPLORATORY_CONSUMED_DIAGNOSTIC_ONLY
SS,density_rate,78,HMSO01R_A|PRIMARY|F1|936b626e0f4176f23d80581a89d19b16c892c9e907469630a0ab4a4a186275a9,F1,FOLD_0,HMSO01R_A|FIELD_LINEAGE|59aef3f6a7aa33f774612e58955e925638af1b151b9e6b2d7127236b21c1a5a6,0.0,none,0.0,1.0,INSIDE_MAJORITY,EVALUABLE,EXPLORATORY_CONSUMED_DIAGNOSTIC_ONLY
SS,density_rate,79,HMSO01R_A|PRIMARY|F1|ffee10e6bc66c4c8b9fd9915c0f61a5f20526da0fd2aa5d32bde8193180800b3,F1,FOLD_1,HMSO01R_A|FIELD_LINEAGE|788bb18808dd1be8d0fa3d7caafb9ed17441fce457a419d2bbaf861831d83a81,0.0,transverse,1.0472582338471665e-10,1.0,INSIDE_MAJORITY,EVALUABLE,EXPLORATORY_CONSUMED_DIAGNOSTIC_ONLY
SS,density_rate,80,HMSO01R_A|PRIMARY|F1|1628e62e310d75900b67405f8fad9928eba66f7ce48430cf6fe2d28e0156c0f1,F1,FOLD_4,HMSO01R_A|FIELD_LINEAGE|c7100ae9429166735b2d4f6243a22cf5abc14cffba49fce96d94ed19a12387d6,0.0,none,0.0,1.0,INSIDE_MAJORITY,EVALUABLE,EXPLORATORY_CONSUMED_DIAGNOSTIC_ONLY
SS,density_rate,81,HMSO01R_A|PRIMARY|F1|0ed630a80e31bb1543196773fc1c45dcc64f47c954d8262e2dbb2a42930c1e88,F1,FOLD_4,HMSO01R_A|FIELD_LINEAGE|3e17b326e03465aac98a6b656cd3125c19ada3cc77d6223ebd6e30804155ff56,0.0,transverse,1.5566796164692398e-30,1.0,INSIDE_MAJORITY,EVALUABLE,EXPLORATORY_CONSUMED_DIAGNOSTIC_ONLY
SS,density_rate,82,HMSO01R_A|PRIMARY|F1|4ac07b1a900151f104f19f07c396d96c4ef4358c793444482dfc72a8b0c35c1b,F1,FOLD_2,HMSO01R_A|FIELD_LINEAGE|f01618f1ef2fe7c85085b02f71644f843db176708a8abb6e4e05116a594e9ae3,0.0,transverse,1.1255648766695681e-32,1.0,INSIDE_MAJORITY,EVALUABLE,EXPLORATORY_CONSUMED_DIAGNOSTIC_ONLY
SS,density_rate,83,HMSO01R_A|PRIMARY|F1|02ced0debb26e82ccc515e722e216e65ac33912437baf915d1006437bdc105bc,F1,FOLD_3,HMSO01R_A|FIELD_LINEAGE|0d9a0fc9b5f4f20cb32cc24ac6db7a1e45276ec79661381e7e476b453759d6b0,0.0,longitudinal,0.8673974669414974,0.5078125,INSIDE_MAJORITY,EVALUABLE,EXPLORATORY_CONSUMED_DIAGNOSTIC_ONLY
SS,density_rate,84,HMSO01R_A|PRIMARY|F1|498868e3493b829e691cfa53d16099c09ae3cb5d3b16812102a5ba5a69cbcaf6,F1,FOLD_3,HMSO01R_A|FIELD_LINEAGE|61d4f5ea89fdb94c7fd8a7150c89f5910fdf9e6c5a71383e850b5a750c8fcf55,0.0,longitudinal,0.8891639000419076,0.9375,INSIDE_MAJORITY,EVALUABLE,EXPLORATORY_CONSUMED_DIAGNOSTIC_ONLY
SS,density_rate,85,HMSO01R_A|PRIMARY|F1|bbc93f10c6777f99da1ac3f7ec2110235588b8a19af9f68689049ae7d9dea0a9,F1,FOLD_2,HMSO01R_A|FIELD_LINEAGE|8fbd2d8c6238dbc0e3f8ebbea9ee429eb1cbd0b7ebf5580cffb8e79372f4cf04,0.0,none,0.0,1.0,INSIDE_MAJORITY,EVALUABLE,EXPLORATORY_CONSUMED_DIAGNOSTIC_ONLY
SS,density_rate,86,HMSO01R_A|PRIMARY|F1|cc7d34b4c1b5db9db00200a23658dab384a02cfa9c58517792dace4721b21afb,F1,FOLD_4,HMSO01R_A|FIELD_LINEAGE|02a8e9bf168ff7b6159072e41013ee435870f1006dfd3aa95840b1c132f5aafb,0.0,none,0.0,1.0,INSIDE_MAJORITY,EVALUABLE,EXPLORATORY_CONSUMED_DIAGNOSTIC_ONLY
SS,density_rate,87,HMSO01R_A|PRIMARY|F1|05f1d1c9a9b3aa507312fd97f2e65f5e02bf2ebec700d57a2dc57507dfde8612,F1,FOLD_0,HMSO01R_A|FIELD_LINEAGE|95873981d02cb2a4e333122aa57c7927c33fccc49c0b93590a6b549f6bec57f1,0.0,none,0.0,1.0,INSIDE_MAJORITY,EVALUABLE,EXPLORATORY_CONSUMED_DIAGNOSTIC_ONLY
SS,density_rate,88,HMSO01R_A|PRIMARY|F1|c6267cee86f5825f3095ad26040411798dfef7a71ce8e9f6c3d51ded55f9bcdb,F1,FOLD_5,HMSO01R_A|FIELD_LINEAGE|475ead0c3c732d8046f08c0918482fe4219c4fa643d2e948ba96c0bc2f6d887d,0.0,none,0.0,1.0,INSIDE_MAJORITY,EVALUABLE,EXPLORATORY_CONSUMED_DIAGNOSTIC_ONLY
SS,density_rate,89,HMSO01R_A|PRIMARY|F1|cea2672e7a4028211523d6e85816f1c8244b9012de5d68bd1b63b1be848e64c5,F1,FOLD_0,HMSO01R_A|FIELD_LINEAGE|6260b45ec31956360cb50305f8ad9fa70be57f53fb24bc0523fc70aeb48f57ae,0.0,longitudinal,0.46759929188845756,1.0,INSIDE_MAJORITY,EVALUABLE,EXPLORATORY_CONSUMED_DIAGNOSTIC_ONLY
SS,density_rate,90,HMSO01R_A|PRIMARY|F1|0fe531b05a1f891a540b4fe00c26c9db1242f708e1b74604fcb14bb87dbb9a5f,F1,FOLD_1,HMSO01R_A|FIELD_LINEAGE|8788043b5775de130eade6a54c5654805d8ed31cc68fcfa8928c3b7150abef48,0.0,transverse,4.783050302298561e-31,1.0,INSIDE_MAJORITY,EVALUABLE,EXPLORATORY_CONSUMED_DIAGNOSTIC_ONLY
SS,density_rate,91,HMSO01R_A|PRIMARY|F1|0535144bbfa08b7d0b40f6b095ad58cc5b7364203192a1621e9b3684ace2b076,F1,FOLD_4,HMSO01R_A|FIELD_LINEAGE|e39068083f41a31c97e7737f6138e1986484dea8bfe32d65a52cd58aaa1ec7e8,0.0,transverse,2.710630442025055e-31,1.0,INSIDE_MAJORITY,EVALUABLE,EXPLORATORY_CONSUMED_DIAGNOSTIC_ONLY
SS,density_rate,92,HMSO01R_A|PRIMARY|F1|fbe40df16a8e1d6477e28f02fd31d0afffef7d5d611b8d2f2ea5d89f4b52046f,F1,FOLD_2,HMSO01R_A|FIELD_LINEAGE|29dc93f9e64f8875b47eb06f84606bc0c4a0e9315877441085164bd7870ebc8e,0.0,longitudinal,0.43905199273462614,0.90625,INSIDE_MAJORITY,EVALUABLE,EXPLORATORY_CONSUMED_DIAGNOSTIC_ONLY
SS,density_rate,93,HMSO01R_A|PRIMARY|F1|5560e3365d3607136c18f15a5b4bdeb0fa1ad093bb1bf0a9c64749d626712ac8,F1,FOLD_0,HMSO01R_A|FIELD_LINEAGE|7fd6bba4cc2991027e04cc510555a1b3e651423143c79ecd367c197fbfdf8786,0.0,transverse,2.896438644745884e-14,1.0,INSIDE_MAJORITY,EVALUABLE,EXPLORATORY_CONSUMED_DIAGNOSTIC_ONLY
SS,density_rate,94,HMSO01R_A|PRIMARY|F1|cb44afeeedccea248dc79f57a33134ffc06c52300efb702bef321f85ff291749,F1,FOLD_3,HMSO01R_A|FIELD_LINEAGE|21b79bdb11d90c0a9b01efce71ed9eec0d7fba61736210c4c1ab358a9c4e965a,0.0,transverse,1.979643843025025e-13,1.0,INSIDE_MAJORITY,EVALUABLE,EXPLORATORY_CONSUMED_DIAGNOSTIC_ONLY
SS,density_rate,95,HMSO01R_A|PRIMARY|F1|1b1636e252838151c5329cba2980c53958595581db916378e4983f55276c520b,F1,FOLD_3,HMSO01R_A|FIELD_LINEAGE|c26b5ad7fee192c3863a9362bb1782ac10409a155024388ef9dea9120f9c3662,0.0,longitudinal,0.7071935048780409,0.90625,INSIDE_MAJORITY,EVALUABLE,EXPLORATORY_CONSUMED_DIAGNOSTIC_ONLY
SS,density_rate,96,HMSO01R_A|PRIMARY|F2|7e7924cc19bd7edebd8e97056ff92c73108de1dde1d2b5a765b6e9c2f15039c8,F2,FOLD_4,HMSO01R_A|FIELD_LINEAGE|e269817bd0e21e72d0864769c51ef7f6839102d6f41f035fbbff5041e46bd0d4,0.0,longitudinal,0.5565599290745551,0.796875,INSIDE_MAJORITY,EVALUABLE,EXPLORATORY_CONSUMED_DIAGNOSTIC_ONLY
SS,density_rate,97,HMSO01R_A|PRIMARY|F2|85b92082f276f3286e4c6678f12a7255756bc248311c1650cd74d5462994ca54,F2,FOLD_2,HMSO01R_A|FIELD_LINEAGE|7f5e5896e83ee81bc858adc8fff5befe2b2c76e1183ff21435261a6621560b2c,0.0,none,0.0,1.0,INSIDE_MAJORITY,EVALUABLE,EXPLORATORY_CONSUMED_DIAGNOSTIC_ONLY
SS,density_rate,98,HMSO01R_A|PRIMARY|F2|2ff0e21490694c171662def5d7e7fc31fff27fc33ce0ec43388cd14f39163b4f,F2,FOLD_5,HMSO01R_A|FIELD_LINEAGE|b914e9e8b47652c007a545bd9a5f60dbdaba2b957df3f42cdec4c8edb98e6d53,0.0,none,0.0,1.0,INSIDE_MAJORITY,EVALUABLE,EXPLORATORY_CONSUMED_DIAGNOSTIC_ONLY
SS,density_rate,99,HMSO01R_A|PRIMARY|F2|97f71a14707261d95640d0d9f5541f1319782a7e078f04d23def94e5d6a43472,F2,FOLD_4,HMSO01R_A|FIELD_LINEAGE|5c07d2280b8a6c46f1c42b9f7878f3f5c5e2174c9419aaf05f2bb6b52ab2f5f6,0.0,none,0.0,1.0,INSIDE_MAJORITY,EVALUABLE,EXPLORATORY_CONSUMED_DIAGNOSTIC_ONLY
SS,density_rate,100,HMSO01R_A|PRIMARY|F2|414c8ecf48e731bd46184d3087ac18ed274e64a9422b6509a42bf763314621ad,F2,FOLD_1,HMSO01R_A|FIELD_LINEAGE|e46b2d3dad1b8a5413f52396bbef71167f252a4ba61297ea3e2b46c37456ba4c,0.0,transverse,2.6302544385938192e-11,1.0,INSIDE_MAJORITY,EVALUABLE,EXPLORATORY_CONSUMED_DIAGNOSTIC_ONLY
SS,density_rate,101,HMSO01R_A|PRIMARY|F2|eb1689f62d946c439a6d3e8a126f1b368ff2d262284868572ff232553dc8f24c,F2,FOLD_5,HMSO01R_A|FIELD_LINEAGE|f9dd81299410ddb65efe58bb38fc53798a53c7f5ab1183ef52b5f93fb7daea68,0.0,transverse,1.1879178521030964e-10,1.0,INSIDE_MAJORITY,EVALUABLE,EXPLORATORY_CONSUMED_DIAGNOSTIC_ONLY
SS,density_rate,102,HMSO01R_A|PRIMARY|F2|d101b9fccd0265ae823f18e17210370e5f35e1b05491fa7f75f82921c3267d4e,F2,FOLD_4,HMSO01R_A|FIELD_LINEAGE|88fd5f86ca9cc426c28ce681d06ea15f58c6c7889170fcda146bde128f6121e4,0.0,none,0.0,1.0,INSIDE_MAJORITY,EVALUABLE,EXPLORATORY_CONSUMED_DIAGNOSTIC_ONLY
SS,density_rate,103,HMSO01R_A|PRIMARY|F2|449e6cd6b8c06069cd6cf2860bd3963de9074cd7fcfd7566dd44991a9ae739a3,F2,FOLD_1,HMSO01R_A|FIELD_LINEAGE|381d8f63546be0384f86ba8b518abcf8c4d107fec707374fb03828151e0b75af,0.0,transverse,1.7985541589910838e-11,1.0,INSIDE_MAJORITY,EVALUABLE,EXPLORATORY_CONSUMED_DIAGNOSTIC_ONLY
SS,density_rate,104,HMSO01R_A|PRIMARY|F2|23cb9d511eb7a03c195d65cf002190a3de4bdf272f9cadb5034d63d5c3f94b61,F2,FOLD_2,HMSO01R_A|FIELD_LINEAGE|34168bb92814c253cb6b05f8022442aa6cab311b67f648a00b758da530873bc9,0.0,transverse,2.789260040857671e-10,1.0,INSIDE_MAJORITY,EVALUABLE,EXPLORATORY_CONSUMED_DIAGNOSTIC_ONLY
SS,density_rate,105,HMSO01R_A|PRIMARY|F2|869df7a0fb63835ddf6566da54e0d373a6c1f59a6452f75c57746e6112d3832d,F2,FOLD_3,HMSO01R_A|FIELD_LINEAGE|5915fb95e293a089619d78d1366edf95fa145cc69452df6337d9252e862b1502,0.0,transverse,2.250482035040866e-14,1.0,INSIDE_MAJORITY,EVALUABLE,EXPLORATORY_CONSUMED_DIAGNOSTIC_ONLY
SS,density_rate,106,HMSO01R_A|PRIMARY|F2|646ee8d3e4b16c47e1fb553fefbb3b74a716ac8bd308824708d76e3321dc1cd0,F2,FOLD_1,HMSO01R_A|FIELD_LINEAGE|d65de8a657545ef8339cfa29e05ce27d63f8ec5e02ee50514a615a33f5595da9,0.0,none,9.094284298405635e-10,1.0,INSIDE_MAJORITY,EVALUABLE,EXPLORATORY_CONSUMED_DIAGNOSTIC_ONLY
SS,density_rate,107,HMSO01R_A|PRIMARY|F2|b0f94b27f5456ad80df8c062f7f56906abef8438f057295aba3da67c8bbd12e9,F2,FOLD_3,HMSO01R_A|FIELD_LINEAGE|541d56dfe6d37f091e41084f899b04aeee2814cee915608e406b47dce85c3c8b,0.0,transverse,1.486190422062403e-14,1.0,INSIDE_MAJORITY,EVALUABLE,EXPLORATORY_CONSUMED_DIAGNOSTIC_ONLY
SS,density_rate,108,HMSO01R_A|PRIMARY|F2|7a7191904352183301d247a40d96db329241f40303971378388f54703e42d5eb,F2,FOLD_3,HMSO01R_A|FIELD_LINEAGE|0f0f1b8e6d3d2de7f2739e4c27aed7f4a0fa84df148b19d95d7dbbf8ec12bea3,0.0,transverse,3.158782571788667e-05,1.0,INSIDE_MAJORITY,EVALUABLE,EXPLORATORY_CONSUMED_DIAGNOSTIC_ONLY
SS,density_rate,109,HMSO01R_A|PRIMARY|F2|73fb02e9b6077123a3090fa7da944899e05b3071e33454b777da5ca899f5a712,F2,FOLD_0,HMSO01R_A|FIELD_LINEAGE|64cf1977fe8b52c7e0fc1798d4810be4243b09c0886573ce42439c1eaf431667,0.0,none,1.4577330897182141e-34,1.0,INSIDE_MAJORITY,EVALUABLE,EXPLORATORY_CONSUMED_DIAGNOSTIC_ONLY
SS,density_rate,110,HMSO01R_A|PRIMARY|F2|14ebf9c5211ec842b94eb431a255eec626b701840acca3d9bc1c8b3bb88cbb9a,F2,FOLD_2,HMSO01R_A|FIELD_LINEAGE|81c7292472bf739bf28836ff17c69dda49199278b75cd9c66130df6be7c143fb,0.0,none,0.0,1.0,INSIDE_MAJORITY,EVALUABLE,EXPLORATORY_CONSUMED_DIAGNOSTIC_ONLY
SS,density_rate,111,HMSO01R_A|PRIMARY|F2|e6f200a97055e4a10ae720faf7c9a87353731bdda3dd2c5fc3a08194879ff990,F2,FOLD_5,HMSO01R_A|FIELD_LINEAGE|f7cc0cf639be6a7e99c37868bcf630bb54f34534e2c78b36b59b7ac5ebbd1919,0.0,transverse,2.8735434898306337e-10,1.0,INSIDE_MAJORITY,EVALUABLE,EXPLORATORY_CONSUMED_DIAGNOSTIC_ONLY
SS,density_rate,112,HMSO01R_A|PRIMARY|F2|6a3e31bd5acc8fbcc153de54a6848625791547184a93279bd781a8ffb834c1f7,F2,FOLD_4,HMSO01R_A|FIELD_LINEAGE|7a0ba19f2cf324db5922acc61291c51f82b574717f73f269f12eae7bcc99ab35,0.0,none,0.0,1.0,INSIDE_MAJORITY,EVALUABLE,EXPLORATORY_CONSUMED_DIAGNOSTIC_ONLY
SS,density_rate,113,HMSO01R_A|PRIMARY|F2|60f3afc21d1f9a98ba22494006f3d71d56fc8c96f4d6037b7a222f6a9c276d6f,F2,FOLD_4,HMSO01R_A|FIELD_LINEAGE|3283083498700d830b6f9393659c16097acacaf984f6c43b70c65438a233286d,0.0,transverse,5.066335294336012e-32,1.0,INSIDE_MAJORITY,EVALUABLE,EXPLORATORY_CONSUMED_DIAGNOSTIC_ONLY
SS,density_rate,114,HMSO01R_A|PRIMARY|F2|d3d6e357c6b9ef5b5dfccefdc6900915df6420d99b7d834bc087f2124f3e371d,F2,FOLD_3,HMSO01R_A|FIELD_LINEAGE|541d56dfe6d37f091e41084f899b04aeee2814cee915608e406b47dce85c3c8b,0.0,transverse,4.6234887546191e-14,1.0,INSIDE_MAJORITY,EVALUABLE,EXPLORATORY_CONSUMED_DIAGNOSTIC_ONLY
SS,density_rate,115,HMSO01R_A|PRIMARY|F2|7354a4d210a0d4fe09c9c0aabc9fa2291423854904a772cbabdd6d8756f6b637,F2,FOLD_5,HMSO01R_A|FIELD_LINEAGE|d8cd77f2aea85a93297ba4755747ee15653349aca322bca77ce1738389444994,0.0,none,0.001272115725881932,1.0,INSIDE_MAJORITY,EVALUABLE,EXPLORATORY_CONSUMED_DIAGNOSTIC_ONLY
SS,density_rate,116,HMSO01R_A|PRIMARY|F2|44f3cae28757a7122157bf9485a7f37e5ec9420f4d95986f145315a5a9aeeb0d,F2,FOLD_0,HMSO01R_A|FIELD_LINEAGE|7fd9257249644666dfcbc65ef0f9aa8090d87f1c93f77579cc137a1fc016a884,0.0,transverse,8.584558662698824e-13,1.0,INSIDE_MAJORITY,EVALUABLE,EXPLORATORY_CONSUMED_DIAGNOSTIC_ONLY
SS,density_rate,117,HMSO01R_A|PRIMARY|F2|a23a0214d1c9ad2f0bfc1699c23efef49cb711a9af17731e6f7e285a93ea468f,F2,FOLD_0,HMSO01R_A|FIELD_LINEAGE|64cf1977fe8b52c7e0fc1798d4810be4243b09c0886573ce42439c1eaf431667,0.0,none,0.0,1.0,INSIDE_MAJORITY,EVALUABLE,EXPLORATORY_CONSUMED_DIAGNOSTIC_ONLY
SS,density_rate,118,HMSO01R_A|PRIMARY|F2|1c2c80021df766e0b8dac64531e49f3edfee32ca298674ae8af4014f66ef0538,F2,FOLD_0,HMSO01R_A|FIELD_LINEAGE|97c8122849aa3cb13b599389c011f78352d49decd5677988d0a2a6da7c39f700,0.0,none,4.090902415959428e-33,1.0,INSIDE_MAJORITY,EVALUABLE,EXPLORATORY_CONSUMED_DIAGNOSTIC_ONLY
SS,density_rate,119,HMSO01R_A|PRIMARY|F2|225f1525345e96d468060b181560b06e9a378014dbd595964d1d7788ffb935f2,F2,FOLD_2,HMSO01R_A|FIELD_LINEAGE|5e2623db68536d2f4bee911245429597fdaee9006859890dec92aeaff707fe09,0.0,longitudinal,0.19164608236458514,1.0,INSIDE_MAJORITY,EVALUABLE,EXPLORATORY_CONSUMED_DIAGNOSTIC_ONLY
SS,density_rate,120,HMSO01R_A|PRIMARY|F2|6ae7cce1ed05d77697c2da5aaa495d3eae48e18d9db16e9452dee591598de11a,F2,FOLD_1,HMSO01R_A|FIELD_LINEAGE|e5cd23001367dee0fe50b87c4f9c5ae9d8e66eeb6cef2467ff3f6da8c0fcdc16,0.0,longitudinal,0.11467683874261461,1.0,INSIDE_MAJORITY,EVALUABLE,EXPLORATORY_CONSUMED_DIAGNOSTIC_ONLY
SS,density_rate,121,HMSO01R_A|PRIMARY|F2|d281b99f6b2ec5d478578a5ecd7ee12f35eb0089879e73162244dd885ca6cab4,F2,FOLD_4,HMSO01R_A|FIELD_LINEAGE|88fd5f86ca9cc426c28ce681d06ea15f58c6c7889170fcda146bde128f6121e4,0.0,none,0.0,1.0,INSIDE_MAJORITY,EVALUABLE,EXPLORATORY_CONSUMED_DIAGNOSTIC_ONLY
SS,density_rate,122,HMSO01R_A|PRIMARY|F2|378edd32d7db407564a0b15e6b24bca9c7f72b0c6ef786012ce4d7f5a74c1362,F2,FOLD_5,HMSO01R_A|FIELD_LINEAGE|9c004dbe18905f4181f1a701e81649fc67e98b969674994e8f64827f6fb4c765,0.0,longitudinal,0.10846159466820571,1.0,INSIDE_MAJORITY,EVALUABLE,EXPLORATORY_CONSUMED_DIAGNOSTIC_ONLY
SS,density_rate,123,HMSO01R_A|PRIMARY|F2|afa1b7f4e9f94b044f6756cb4f45ff5cea11a69bd126c0c7b8d466e903f63066,F2,FOLD_5,HMSO01R_A|FIELD_LINEAGE|c34a55057cd1e579919fb09acb5db221d75ae96164f74060b78863318f65371c,0.0,transverse,2.874363913881579e-10,1.0,INSIDE_MAJORITY,EVALUABLE,EXPLORATORY_CONSUMED_DIAGNOSTIC_ONLY
SS,density_rate,124,HMSO01R_A|PRIMARY|F2|341793a8994d93b17446bf88fb7676243e144008987e9363494fcb9074bdb29d,F2,FOLD_1,HMSO01R_A|FIELD_LINEAGE|6918def6b8a6923e67fc2a25f9ee5a59a177f2b6c9bf8dfd922cd28ef3b4c287,0.0,longitudinal,0.44218253001461677,1.0,INSIDE_MAJORITY,EVALUABLE,EXPLORATORY_CONSUMED_DIAGNOSTIC_ONLY
SS,density_rate,125,HMSO01R_A|PRIMARY|F2|3d84dd5ecc35ea2a4add3e7e791de239a311aee1c6bf59b0a8c2313207c95ec3,F2,FOLD_2,HMSO01R_A|FIELD_LINEAGE|15651b29629c1bcfb68ed12ef597d6352232a9bc607eac6bb7e574563cec2b00,0.0,transverse,9.050142201576457e-11,1.0,INSIDE_MAJORITY,EVALUABLE,EXPLORATORY_CONSUMED_DIAGNOSTIC_ONLY
SS,density_rate,126,HMSO01R_A|PRIMARY|F2|fddef6d439eb0c020be984164c7083d125cd4fdc76722f369b1a92c7eb6363b8,F2,FOLD_2,HMSO01R_A|FIELD_LINEAGE|81c7292472bf739bf28836ff17c69dda49199278b75cd9c66130df6be7c143fb,0.0,none,0.0,1.0,INSIDE_MAJORITY,EVALUABLE,EXPLORATORY_CONSUMED_DIAGNOSTIC_ONLY
SS,density_rate,127,HMSO01R_A|PRIMARY|F2|99abe18bbb4ec9cf8662a1ee4faaed022570139cf8e65d88d42fa7668ef66902,F2,FOLD_3,HMSO01R_A|FIELD_LINEAGE|4666d705aea26a6f22073d7a13f6e76c36824d125314c031a782f73ac5ba6779,0.0,longitudinal,0.2174321739936197,1.0,INSIDE_MAJORITY,EVALUABLE,EXPLORATORY_CONSUMED_DIAGNOSTIC_ONLY
SS,density_rate,128,HMSO01R_A|PRIMARY|F2|78acf888fc653c06ca68eb940d4f98d1964ef008d11cd2138965981b7dc3b312,F2,FOLD_2,HMSO01R_A|FIELD_LINEAGE|292cdf1c570d6fb417a11eb6a7d4d830f9162a0bf0e09496e15edbaa84e1f3f4,0.0,none,0.0,1.0,INSIDE_MAJORITY,EVALUABLE,EXPLORATORY_CONSUMED_DIAGNOSTIC_ONLY
SS,density_rate,129,HMSO01R_A|PRIMARY|F2|244d674d82586d5c27efcb5cf76f1db16e66295a7fd417ef250a1b7281a36490,F2,FOLD_5,HMSO01R_A|FIELD_LINEAGE|b2211d9018dde472457c7d9570d8b744ae480cbc84526fced16d30cb565fdb61,0.0,none,0.0,1.0,INSIDE_MAJORITY,EVALUABLE,EXPLORATORY_CONSUMED_DIAGNOSTIC_ONLY
SS,density_rate,130,HMSO01R_A|PRIMARY|F2|6ec22863c33aa350034af595f655985a633a3c7f1e805555c956b54b0133a73f,F2,FOLD_1,HMSO01R_A|FIELD_LINEAGE|e1bd95fcd7aed1a8bde13393ae7d4a98eff10f4a52c1bdfb2e54f1dd690c54dd,0.0,longitudinal,0.25810750846323166,1.0,INSIDE_MAJORITY,EVALUABLE,EXPLORATORY_CONSUMED_DIAGNOSTIC_ONLY
SS,density_rate,131,HMSO01R_A|PRIMARY|F2|c2c1b0c4ac31440c4abeb49e8d993ffe64e79f579434d4eba55dfaf82ae2e796,F2,FOLD_4,HMSO01R_A|FIELD_LINEAGE|a2bcc80ca3b9ebb8f54401e7b09de472e9adbce971c85048bd40ce15be44ea6a,0.0,longitudinal,0.39321816357940753,0.84375,INSIDE_MAJORITY,EVALUABLE,EXPLORATORY_CONSUMED_DIAGNOSTIC_ONLY
SS,density_rate,132,HMSO01R_A|PRIMARY|F2|3e9109911fd666447f5ea379b1ac808462eb3949899a35697643d2bf2f340a2e,F2,FOLD_5,HMSO01R_A|FIELD_LINEAGE|0183a54dead296f9ee3dee43dc4041188299c7e551f4c9c6bfbe94dc055e54ad,0.0,none,0.0,1.0,INSIDE_MAJORITY,EVALUABLE,EXPLORATORY_CONSUMED_DIAGNOSTIC_ONLY
SS,density_rate,133,HMSO01R_A|PRIMARY|F2|53c2cc70af29de18dbc1eef7a6c39f527fe2de29047950a02af19de34f4a6d0a,F2,FOLD_2,HMSO01R_A|FIELD_LINEAGE|06c5b0d79a6fc40df74bc047659e629ea096b0eb47ce7956bd3f7d012a8211c7,0.0,transverse,2.167266547414713e-31,1.0,INSIDE_MAJORITY,EVALUABLE,EXPLORATORY_CONSUMED_DIAGNOSTIC_ONLY
SS,density_rate,134,HMSO01R_A|PRIMARY|F2|5c4af0ab896c03fc7e1a2d5070136892e3faab09da4944d75c188e5f2b791d01,F2,FOLD_5,HMSO01R_A|FIELD_LINEAGE|b914e9e8b47652c007a545bd9a5f60dbdaba2b957df3f42cdec4c8edb98e6d53,0.0,none,0.0,1.0,INSIDE_MAJORITY,EVALUABLE,EXPLORATORY_CONSUMED_DIAGNOSTIC_ONLY
SS,density_rate,135,HMSO01R_A|PRIMARY|F2|1a5782df378e38739791edf0212c303606d566a73b3ced31f13850ede81428ff,F2,FOLD_3,HMSO01R_A|FIELD_LINEAGE|42e50ef40056d389a76817004688f104ee3861e2ea394e0b7ded0e04dbc7e54e,0.0,longitudinal,0.34685444525902664,0.984375,INSIDE_MAJORITY,EVALUABLE,EXPLORATORY_CONSUMED_DIAGNOSTIC_ONLY
SS,density_rate,136,HMSO01R_A|PRIMARY|F2|ba00ef884a5bf7ea7e26266655c75cf5dc8311edf7b421c6f656794c4537b080,F2,FOLD_5,HMSO01R_A|FIELD_LINEAGE|14fde0d6f8e15a741b90398f93d73484586c3eb3479f620760208e87c5b3db6c,0.0,longitudinal,0.11926215662963185,1.0,INSIDE_MAJORITY,EVALUABLE,EXPLORATORY_CONSUMED_DIAGNOSTIC_ONLY
SS,density_rate,137,HMSO01R_A|PRIMARY|F2|173e86dcd59c309d6aa4e43dd7ef85ce6126ebb3f802053fbaab70edbb203555,F2,FOLD_1,HMSO01R_A|FIELD_LINEAGE|f2247a8dfd61c19acaf6609654c9c6098f254569cd75ef6a5201803913aa1c00,0.0,transverse,1.206742513519003e-10,1.0,INSIDE_MAJORITY,EVALUABLE,EXPLORATORY_CONSUMED_DIAGNOSTIC_ONLY
SS,density_rate,138,HMSO01R_A|PRIMARY|F2|49b1bb175e5832181d45f528b2b9591200fbe142eca9716787677e89238cbd10,F2,FOLD_4,HMSO01R_A|FIELD_LINEAGE|a2187a6938903010b61ee85d06f597d4029728ee0de5541c03daf2ed126b189e,0.0,none,0.0,1.0,INSIDE_MAJORITY,EVALUABLE,EXPLORATORY_CONSUMED_DIAGNOSTIC_ONLY
SS,density_rate,139,HMSO01R_A|PRIMARY|F2|fc4b57a5c40354268856c01fc76d3319239dd5d9dd20c90e80fe43c264e9267b,F2,FOLD_2,HMSO01R_A|FIELD_LINEAGE|15651b29629c1bcfb68ed12ef597d6352232a9bc607eac6bb7e574563cec2b00,0.0,transverse,5.4445080387144413e-14,1.0,INSIDE_MAJORITY,EVALUABLE,EXPLORATORY_CONSUMED_DIAGNOSTIC_ONLY
SS,density_rate,140,HMSO01R_A|PRIMARY|F2|9dfe0eca8bbebcdc4a1978a54e0816482c15911908fdfbb31569d5a214e9872c,F2,FOLD_3,HMSO01R_A|FIELD_LINEAGE|5851badadb2dbcb7aa9bd12e7e1999f87fd380febbee831ba86fec2a8906fa0a,0.0,none,0.0,1.0,INSIDE_MAJORITY,EVALUABLE,EXPLORATORY_CONSUMED_DIAGNOSTIC_ONLY
SS,density_rate,141,HMSO01R_A|PRIMARY|F2|895dd6678d4e24c9ca1d71d9c008f41366cf80a23cde2c2eb415309e3a867295,F2,FOLD_4,HMSO01R_A|FIELD_LINEAGE|9a24c02f87d28fecb69b79ddff22c8eb176badf445e6b5b8234aa2a46b73c349,0.0,transverse,4.642387975592722e-12,1.0,INSIDE_MAJORITY,EVALUABLE,EXPLORATORY_CONSUMED_DIAGNOSTIC_ONLY
SS,density_rate,142,HMSO01R_A|PRIMARY|F2|43400ba997c21fdce3f471265a500e4ce9576d1439d1f30fbef4c90e64fe3d8d,F2,FOLD_4,HMSO01R_A|FIELD_LINEAGE|191e9f46778b3758f1f78fde4f9e2a46913f5a82ffc9889aaa9e18e41d67ee0e,0.0,transverse,3.2793458802501825e-14,1.0,INSIDE_MAJORITY,EVALUABLE,EXPLORATORY_CONSUMED_DIAGNOSTIC_ONLY
SS,density_rate,143,HMSO01R_A|PRIMARY|F2|bb71b018647a767eed8901cfe1bf61e2c7d8c0a7a0a327a2fa924dd359c71c26,F2,FOLD_5,HMSO01R_A|FIELD_LINEAGE|9c004dbe18905f4181f1a701e81649fc67e98b969674994e8f64827f6fb4c765,0.0,longitudinal,0.12278603281149908,1.0,INSIDE_MAJORITY,EVALUABLE,EXPLORATORY_CONSUMED_DIAGNOSTIC_ONLY
SS,density_rate,144,HMSO01R_A|PRIMARY|F2|8e8cf402dd59acdd5c95ee8fdb63bc03fad23d019d7276ca80115848d78c55ef,F2,FOLD_0,HMSO01R_A|FIELD_LINEAGE|8573999ac09da70da8d1802997d1dd1b2879d7ff239af35fb1a185a39cc1f420,0.0,longitudinal,0.17408365823957597,1.0,INSIDE_MAJORITY,EVALUABLE,EXPLORATORY_CONSUMED_DIAGNOSTIC_ONLY
SS,density_rate,145,HMSO01R_A|PRIMARY|F2|7b872968a13989e45fb2f3e89908ca2ac37f6ff5f28e567d6ec4465af3c38fe9,F2,FOLD_1,HMSO01R_A|FIELD_LINEAGE|20fd9f4e76cc9e98a79b808be25ffb0cc4d95c0522637973fd5963586426d614,0.0,transverse,1.4157496699602153e-10,1.0,INSIDE_MAJORITY,EVALUABLE,EXPLORATORY_CONSUMED_DIAGNOSTIC_ONLY
SS,density_rate,146,HMSO01R_A|PRIMARY|F2|4ccc4b5f9e495e2dea0d0bbe1112b687c163dc2990f14f3a9a8779a2febb23ca,F2,FOLD_0,HMSO01R_A|FIELD_LINEAGE|970bbd18dffee12c05308155c993436bfc58e77384e4967420f4e2e03156c88b,0.0,none,0.0,1.0,INSIDE_MAJORITY,EVALUABLE,EXPLORATORY_CONSUMED_DIAGNOSTIC_ONLY
SS,density_rate,147,HMSO01R_A|PRIMARY|F2|6fefe8e4f1094c859a846ee88db724abc280227b36323f72927db524e29383b7,F2,FOLD_0,HMSO01R_A|FIELD_LINEAGE|f0421338d311584916d83a8dd01c9f47b7707c5652d4192e1df422a2a9e7d57d,0.0,longitudinal,0.38684076795133016,0.984375,INSIDE_MAJORITY,EVALUABLE,EXPLORATORY_CONSUMED_DIAGNOSTIC_ONLY
SS,density_rate,148,HMSO01R_A|PRIMARY|F2|eb7b6ba03291aea589dda52a307711c5f6ee46f4eb37a5cd373f77c7f67863a7,F2,FOLD_2,HMSO01R_A|FIELD_LINEAGE|7f5e5896e83ee81bc858adc8fff5befe2b2c76e1183ff21435261a6621560b2c,0.0,none,0.0,1.0,INSIDE_MAJORITY,EVALUABLE,EXPLORATORY_CONSUMED_DIAGNOSTIC_ONLY
SS,density_rate,149,HMSO01R_A|PRIMARY|F2|04462d4167f9e6a289c93a4bb5aa1dea05cd96b3ea96571f0868e25ebc8d5f8e,F2,FOLD_5,HMSO01R_A|FIELD_LINEAGE|3e594f148c4f0181faaf58cc7906a2e9e8709c7be31e59cdc8bdd6b6b7c398a2,0.0,transverse,3.432818667440518e-12,1.0,INSIDE_MAJORITY,EVALUABLE,EXPLORATORY_CONSUMED_DIAGNOSTIC_ONLY
SS,density_rate,150,HMSO01R_A|PRIMARY|F2|4297699e347ed4806aabb29114fcd2781da12cb95ffcc5628fb9d70f665cdd4f,F2,FOLD_3,HMSO01R_A|FIELD_LINEAGE|4666d705aea26a6f22073d7a13f6e76c36824d125314c031a782f73ac5ba6779,0.0,longitudinal,0.25036772860717044,0.984375,INSIDE_MAJORITY,EVALUABLE,EXPLORATORY_CONSUMED_DIAGNOSTIC_ONLY
SS,density_rate,151,HMSO01R_A|PRIMARY|F2|e68e4a07fd36664d37b69ec67f5add124cad2d58918fe355b55ab2950f542dba,F2,FOLD_1,HMSO01R_A|FIELD_LINEAGE|6918def6b8a6923e67fc2a25f9ee5a59a177f2b6c9bf8dfd922cd28ef3b4c287,0.0,longitudinal,0.4031693038168918,1.0,INSIDE_MAJORITY,EVALUABLE,EXPLORATORY_CONSUMED_DIAGNOSTIC_ONLY
SS,density_rate,152,HMSO01R_A|PRIMARY|F2|4712b26cd9c8f9315534de7184e7f01d6136b8f8799924f91d07bfdfeaa3ef4b,F2,FOLD_1,HMSO01R_A|FIELD_LINEAGE|7cb12f064a9c8069fd15f2a86fa0ddd017328ca5cc4b0fc515bbfbdd4c6e6858,0.0,longitudinal,0.6385254649485873,1.0,INSIDE_MAJORITY,EVALUABLE,EXPLORATORY_CONSUMED_DIAGNOSTIC_ONLY
SS,density_rate,153,HMSO01R_A|PRIMARY|F2|870ff902b019e213bc644d7adb9a6788d1c2dc81205205d17418193ba8c3ba06,F2,FOLD_4,HMSO01R_A|FIELD_LINEAGE|3d33238d426baab3f4ff1c525309d0c0b825fb99fca42c8d1a5482ea92f2f1a6,0.0,none,0.0,1.0,INSIDE_MAJORITY,EVALUABLE,EXPLORATORY_CONSUMED_DIAGNOSTIC_ONLY
SS,density_rate,154,HMSO01R_A|PRIMARY|F2|c97c32b32beaf7b49449c7dfac283e421732f48d3a1a0e8bae6822b2d18c979d,F2,FOLD_4,HMSO01R_A|FIELD_LINEAGE|a2187a6938903010b61ee85d06f597d4029728ee0de5541c03daf2ed126b189e,0.0,none,0.0,1.0,INSIDE_MAJORITY,EVALUABLE,EXPLORATORY_CONSUMED_DIAGNOSTIC_ONLY
SS,density_rate,155,HMSO01R_A|PRIMARY|F2|9aa02356e03e116f8c7747cc6dc67ca5bf6463af78c8ec2a5e839ecf5cd044b6,F2,FOLD_2,HMSO01R_A|FIELD_LINEAGE|b40ef25bd445f58063f7eecbd118e28fcd5b9c8ea0b1803b18c885057e29107f,0.0,longitudinal,0.1220994002165521,1.0,INSIDE_MAJORITY,EVALUABLE,EXPLORATORY_CONSUMED_DIAGNOSTIC_ONLY
SS,density_rate,156,HMSO01R_A|PRIMARY|F2|9ceb85393da4b2a224d124f538efebd26b83e4ecbf4cee17ff9c06c84e444184,F2,FOLD_3,HMSO01R_A|FIELD_LINEAGE|42e50ef40056d389a76817004688f104ee3861e2ea394e0b7ded0e04dbc7e54e,0.0,longitudinal,0.4402175985887402,0.9609375,INSIDE_MAJORITY,EVALUABLE,EXPLORATORY_CONSUMED_DIAGNOSTIC_ONLY
SS,density_rate,157,HMSO01R_A|PRIMARY|F2|d02d37603ad0429331b1b282ab0d05d6647faf02d57121f49583e677b27197af,F2,FOLD_5,HMSO01R_A|FIELD_LINEAGE|d8cd77f2aea85a93297ba4755747ee15653349aca322bca77ce1738389444994,0.0,none,0.0007252924352233501,1.0,INSIDE_MAJORITY,EVALUABLE,EXPLORATORY_CONSUMED_DIAGNOSTIC_ONLY
SS,density_rate,158,HMSO01R_A|PRIMARY|F2|5421d8aa9bb2512df8601781ad0d4b3968d57f51768c4451aff8f8be42a4b79d,F2,FOLD_0,HMSO01R_A|FIELD_LINEAGE|7fd9257249644666dfcbc65ef0f9aa8090d87f1c93f77579cc137a1fc016a884,0.0,transverse,2.4621452733590247e-14,1.0,INSIDE_MAJORITY,EVALUABLE,EXPLORATORY_CONSUMED_DIAGNOSTIC_ONLY
SS,density_rate,159,HMSO01R_A|PRIMARY|F2|767938226812a2838020c63ae0ec90bb4e50ead499924ecb103ed85f1140c35e,F2,FOLD_3,HMSO01R_A|FIELD_LINEAGE|8e3408f57249bc00fdafb475f758686e9ee7a95dad97ecf63f9b3a27f383de5d,0.0,longitudinal,0.27408656965056033,0.96875,INSIDE_MAJORITY,EVALUABLE,EXPLORATORY_CONSUMED_DIAGNOSTIC_ONLY
SS,density_rate,160,HMSO01R_A|PRIMARY|F2|06317839d4737f546c947257bdda4c62c61d0554e47ead2e411236d53d112e6a,F2,FOLD_3,HMSO01R_A|FIELD_LINEAGE|11fde86949c379fe2021d6c74cae47b21d76fdf394512bb275cf864fa8a207c8,0.0,longitudinal,1.1467068289477778,0.8125,INSIDE_MAJORITY,EVALUABLE,EXPLORATORY_CONSUMED_DIAGNOSTIC_ONLY
SS,density_rate,161,HMSO01R_A|PRIMARY|F2|7820bcfb5b087e80c1c6836a57a1f43ddd0c0eabfeda98ea6e8d9aa8389ed207,F2,FOLD_0,HMSO01R_A|FIELD_LINEAGE|2d885ab8e36e98def0f3a036fab45f57940afd290e12c42ece2cbbf2a0b7faed,0.0,transverse,5.07852993795752e-31,1.0,INSIDE_MAJORITY,EVALUABLE,EXPLORATORY_CONSUMED_DIAGNOSTIC_ONLY
SS,density_rate,162,HMSO01R_A|PRIMARY|F2|8944ba387db65deaa93a40382da6d01673338136d1e94ca8e9fe59b6cb3efcba,F2,FOLD_4,HMSO01R_A|FIELD_LINEAGE|5c07d2280b8a6c46f1c42b9f7878f3f5c5e2174c9419aaf05f2bb6b52ab2f5f6,0.0,none,0.0,1.0,INSIDE_MAJORITY,EVALUABLE,EXPLORATORY_CONSUMED_DIAGNOSTIC_ONLY
SS,density_rate,163,HMSO01R_A|PRIMARY|F2|8ddfab82fa98a874ee0e716b4b758a93f444c158ec4a00d3fbe09c82d4bc8295,F2,FOLD_2,HMSO01R_A|FIELD_LINEAGE|06c5b0d79a6fc40df74bc047659e629ea096b0eb47ce7956bd3f7d012a8211c7,0.0,transverse,7.319259365978777e-32,1.0,INSIDE_MAJORITY,EVALUABLE,EXPLORATORY_CONSUMED_DIAGNOSTIC_ONLY
SS,density_rate,164,HMSO01R_A|PRIMARY|F2|aef30f7b06dc318c716f205dc8eabfa6b6ed892cd6f40ffa2655079a736cee3a,F2,FOLD_0,HMSO01R_A|FIELD_LINEAGE|56571c9b6d895bc0e855ce89225a188e41167fe16fc1aed7e4e19ab1ddaef9cb,0.0,none,0.0,1.0,INSIDE_MAJORITY,EVALUABLE,EXPLORATORY_CONSUMED_DIAGNOSTIC_ONLY
SS,density_rate,165,HMSO01R_A|PRIMARY|F2|d57fe4ad60e081a7f8f4efa48a8eb91b168f1646797b26e04c5db9546d00f60b,F2,FOLD_5,HMSO01R_A|FIELD_LINEAGE|197ff926eb3d0f9ff98b06347687987d9933c0c4a0832b79258c496c53405132,0.0,longitudinal,0.1469331490385432,1.0,INSIDE_MAJORITY,EVALUABLE,EXPLORATORY_CONSUMED_DIAGNOSTIC_ONLY
SS,density_rate,166,HMSO01R_A|PRIMARY|F2|975452d94e6c79df9ff8d8fba1e374f302d680dee30b89df4102bc72393d1f9b,F2,FOLD_3,HMSO01R_A|FIELD_LINEAGE|5851badadb2dbcb7aa9bd12e7e1999f87fd380febbee831ba86fec2a8906fa0a,0.0,none,0.0,1.0,INSIDE_MAJORITY,EVALUABLE,EXPLORATORY_CONSUMED_DIAGNOSTIC_ONLY
SS,density_rate,167,HMSO01R_A|PRIMARY|F2|44347425dbc13101dae7c7450e08fb4b35d0ca65dcfd17e980334a022d882af9,F2,FOLD_1,HMSO01R_A|FIELD_LINEAGE|20bbc33e3ce141e2f7eb99de3d0702689581411faf36ef6782c9dd4ff7bd0899,0.0,longitudinal,0.28043323036602763,1.0,INSIDE_MAJORITY,EVALUABLE,EXPLORATORY_CONSUMED_DIAGNOSTIC_ONLY
SS,density_rate,168,HMSO01R_A|PRIMARY|F2|50287af40030d649f1af5a13277f820d8e9b04c2c12a7d0e8d2996e66e26b556,F2,FOLD_5,HMSO01R_A|FIELD_LINEAGE|b1b50b97bc0f473e266ef9eb8a1e2e2edee23dadabeb0645af363d822d4db947,0.0,none,0.02521769250495553,1.0,INSIDE_MAJORITY,EVALUABLE,EXPLORATORY_CONSUMED_DIAGNOSTIC_ONLY
SS,density_rate,169,HMSO01R_A|PRIMARY|F2|770f7ccfdd77b26685f21e0e3c70f18ec9f421839d2fba7929928a85b11f3c9a,F2,FOLD_3,HMSO01R_A|FIELD_LINEAGE|5cf76bdd12cdf0612bba343b6cf1b9e46ef0764cc183560f7b16acacca9460f1,0.0,none,0.0,1.0,INSIDE_MAJORITY,EVALUABLE,EXPLORATORY_CONSUMED_DIAGNOSTIC_ONLY
SS,density_rate,170,HMSO01R_A|PRIMARY|F2|d512fe7ee100d3974c5f97dc7b1fa2660d854ea076fcc8d96cb46f6dbe87500d,F2,FOLD_1,HMSO01R_A|FIELD_LINEAGE|e99701698ca3eda87704f5f32294f901f56116d9da609afcb18418d4c8a62bf2,0.0,transverse,9.996988519603948e-11,1.0,INSIDE_MAJORITY,EVALUABLE,EXPLORATORY_CONSUMED_DIAGNOSTIC_ONLY
SS,density_rate,171,HMSO01R_A|PRIMARY|F2|075d9f5ce867e6dbadfe8de37051b48f3917aea711dd42c93d1beca79c10b036,F2,FOLD_4,HMSO01R_A|FIELD_LINEAGE|3283083498700d830b6f9393659c16097acacaf984f6c43b70c65438a233286d,0.0,transverse,7.700507004868731e-32,1.0,INSIDE_MAJORITY,EVALUABLE,EXPLORATORY_CONSUMED_DIAGNOSTIC_ONLY
SS,density_rate,172,HMSO01R_A|PRIMARY|F2|23a1b3ff87d761d45da6714a7a8f504f2d1ae1758fc48c5edde0346581e7dcb9,F2,FOLD_5,HMSO01R_A|FIELD_LINEAGE|0183a54dead296f9ee3dee43dc4041188299c7e551f4c9c6bfbe94dc055e54ad,0.0,none,0.0,1.0,INSIDE_MAJORITY,EVALUABLE,EXPLORATORY_CONSUMED_DIAGNOSTIC_ONLY
SS,density_rate,173,HMSO01R_A|PRIMARY|F2|cf42695af0c24db6bd3d8952fcd9d3df58fca05a61b3413ec53ae3a547abb47e,F2,FOLD_2,HMSO01R_A|FIELD_LINEAGE|4a864b01d23e69fbf80902fd3a728f366c9eb285ead51eb5724dfe25ca232031,0.0,transverse,8.47155062408081e-15,1.0,INSIDE_MAJORITY,EVALUABLE,EXPLORATORY_CONSUMED_DIAGNOSTIC_ONLY
SS,density_rate,174,HMSO01R_A|PRIMARY|F2|caf9380b58fd1298f9b3296a6d0386c5d9b7a136975daf3e1d5a80853cd8eef1,F2,FOLD_1,HMSO01R_A|FIELD_LINEAGE|7cb12f064a9c8069fd15f2a86fa0ddd017328ca5cc4b0fc515bbfbdd4c6e6858,0.0,longitudinal,0.4626579014601522,1.0,INSIDE_MAJORITY,EVALUABLE,EXPLORATORY_CONSUMED_DIAGNOSTIC_ONLY
SS,density_rate,175,HMSO01R_A|PRIMARY|F2|0f34bfbdf04b3c15451a4a77716248a4eb3d3a17ab75fa5c980bc8ae9e205274,F2,FOLD_2,HMSO01R_A|FIELD_LINEAGE|5e2623db68536d2f4bee911245429597fdaee9006859890dec92aeaff707fe09,0.0,longitudinal,0.21161218331487394,1.0,INSIDE_MAJORITY,EVALUABLE,EXPLORATORY_CONSUMED_DIAGNOSTIC_ONLY
SS,density_rate,176,HMSO01R_A|PRIMARY|F2|2ea1d90f57b9810a91106d036818acb702d93d228b9d9df681a219b545bc1f6a,F2,FOLD_0,HMSO01R_A|FIELD_LINEAGE|9c5f7b50a01e8dafcf4be2d7df61fd0da86b2229fe32286852ed3ad88cce82f1,0.0,longitudinal,0.5468313806487584,1.0,INSIDE_MAJORITY,EVALUABLE,EXPLORATORY_CONSUMED_DIAGNOSTIC_ONLY
SS,density_rate,177,HMSO01R_A|PRIMARY|F2|19be682a103146b62d59845d0b1804ab3b62d9c573f8e68e21e4a7bdead50cd2,F2,FOLD_2,HMSO01R_A|FIELD_LINEAGE|06c5b0d79a6fc40df74bc047659e629ea096b0eb47ce7956bd3f7d012a8211c7,0.0,transverse,2.1261551975352207e-31,1.0,INSIDE_MAJORITY,EVALUABLE,EXPLORATORY_CONSUMED_DIAGNOSTIC_ONLY
SS,density_rate,178,HMSO01R_A|PRIMARY|F2|185d0c3aa5513b03f278a966e478709c4902e70ac083e6f632bc98d88beb9df7,F2,FOLD_2,HMSO01R_A|FIELD_LINEAGE|87172e4156e9f066a6ea7ab3304062c939784ea4bd0f5f1cf466bbc2d6008cc6,0.0,none,0.0,1.0,INSIDE_MAJORITY,EVALUABLE,EXPLORATORY_CONSUMED_DIAGNOSTIC_ONLY
SS,density_rate,179,HMSO01R_A|PRIMARY|F2|5138ec5bf5a63077695a50b6daf79a75c288e3f92b7d2fd433420e10b7c89d9c,F2,FOLD_2,HMSO01R_A|FIELD_LINEAGE|8a6dd2252f8c5f8f08c3ba5ae9cf89d97575348634ba471a1a84e7de612ac6f3,0.0,longitudinal,0.4014131426966696,0.96875,INSIDE_MAJORITY,EVALUABLE,EXPLORATORY_CONSUMED_DIAGNOSTIC_ONLY
SS,density_rate,180,HMSO01R_A|PRIMARY|F2|818dc2505ec37b131c424e5845713b79c3eb0739f3b7de40bbedca42f6db8eae,F2,FOLD_0,HMSO01R_A|FIELD_LINEAGE|970bbd18dffee12c05308155c993436bfc58e77384e4967420f4e2e03156c88b,0.0,none,0.0,1.0,INSIDE_MAJORITY,EVALUABLE,EXPLORATORY_CONSUMED_DIAGNOSTIC_ONLY
SS,density_rate,181,HMSO01R_A|PRIMARY|F2|a74e9c0a19316e67907d4b557a95ce39a7d043fecb771ce561b574665efa7afe,F2,FOLD_1,HMSO01R_A|FIELD_LINEAGE|e1662caa4f55fa1e467b750db9be81d3672b988a828412586110c172a4b65cc4,0.0,transverse,6.86697578373994e-09,1.0,INSIDE_MAJORITY,EVALUABLE,EXPLORATORY_CONSUMED_DIAGNOSTIC_ONLY
SS,density_rate,182,HMSO01R_A|PRIMARY|F2|bdb007584742122a198d9ced8ca8026b3be02c902d5955e2048c740a64716cf2,F2,FOLD_0,HMSO01R_A|FIELD_LINEAGE|38ed780ae9e2ceb725d12dc596e69f348d116c6ab5da75f5bae97744169a86db,0.0,none,0.0,1.0,INSIDE_MAJORITY,EVALUABLE,EXPLORATORY_CONSUMED_DIAGNOSTIC_ONLY
SS,density_rate,183,HMSO01R_A|PRIMARY|F2|3272400369fdb2a2501d3b745bd9e207e5bae9055664ceac44b9407292a76f92,F2,FOLD_4,HMSO01R_A|FIELD_LINEAGE|3d33238d426baab3f4ff1c525309d0c0b825fb99fca42c8d1a5482ea92f2f1a6,0.0,none,0.0,1.0,INSIDE_MAJORITY,EVALUABLE,EXPLORATORY_CONSUMED_DIAGNOSTIC_ONLY
SS,density_rate,184,HMSO01R_A|PRIMARY|F2|034e6c9c44e99f51aee8aba69d1a4c28c3cb9adb1b6463d89f18728770764abe,F2,FOLD_4,HMSO01R_A|FIELD_LINEAGE|ebfb44058badbf85a36d8671e914d20620f9253b30eeec0e96b5e0c20dc8e16c,0.0,none,0.0,1.0,INSIDE_MAJORITY,EVALUABLE,EXPLORATORY_CONSUMED_DIAGNOSTIC_ONLY
SS,density_rate,185,HMSO01R_A|PRIMARY|F2|732f4cfaffee839c2b271711e16b6b2fb3e217bff4c7fcfb490bdf8b56ec287e,F2,FOLD_1,HMSO01R_A|FIELD_LINEAGE|b31d5c3484f2394d06a11f5ae52600d61d7c303637147b70dbb1edd7e25e93c9,0.0,none,0.0,1.0,INSIDE_MAJORITY,EVALUABLE,EXPLORATORY_CONSUMED_DIAGNOSTIC_ONLY
SS,density_rate,186,HMSO01R_A|PRIMARY|F2|b1d0a8244d66a3601ab9490c2f324ddb81f10addb947e8c682ba8c0128bd165b,F2,FOLD_2,HMSO01R_A|FIELD_LINEAGE|87172e4156e9f066a6ea7ab3304062c939784ea4bd0f5f1cf466bbc2d6008cc6,0.0,none,0.0,1.0,INSIDE_MAJORITY,EVALUABLE,EXPLORATORY_CONSUMED_DIAGNOSTIC_ONLY
SS,density_rate,187,HMSO01R_A|PRIMARY|F2|72d1507d3e0e38859bf68cd9d3d24754b35a19b61c5d7d5a9758d538c22b58ae,F2,FOLD_3,HMSO01R_A|FIELD_LINEAGE|e82aee0755c70810ee3fbd630ec4d3fa698e473225b4aa505b26af8a458a6400,0.0,longitudinal,0.4588910000955746,0.9375,INSIDE_MAJORITY,EVALUABLE,EXPLORATORY_CONSUMED_DIAGNOSTIC_ONLY
SS,density_rate,188,HMSO01R_A|PRIMARY|F2|3d2c5979ee1fcd4aee7a725050dc0ff27fa2da4d1c90535241ecacbdd1790f25,F2,FOLD_0,HMSO01R_A|FIELD_LINEAGE|8573999ac09da70da8d1802997d1dd1b2879d7ff239af35fb1a185a39cc1f420,0.0,longitudinal,0.19251359807925272,1.0,INSIDE_MAJORITY,EVALUABLE,EXPLORATORY_CONSUMED_DIAGNOSTIC_ONLY
SS,density_rate,189,HMSO01R_A|PRIMARY|F2|8d55437423bf8c70e6605b36d7260b3a4672b3a5ed3778b44ba3d5bf4cb18b32,F2,FOLD_0,HMSO01R_A|FIELD_LINEAGE|97c8122849aa3cb13b599389c011f78352d49decd5677988d0a2a6da7c39f700,0.0,none,0.0,1.0,INSIDE_MAJORITY,EVALUABLE,EXPLORATORY_CONSUMED_DIAGNOSTIC_ONLY
SS,density_rate,190,HMSO01R_A|PRIMARY|F2|84e4cae6d11fca7df479ebcc35a969e79388e4512dbaf94280c83be546b27d42,F2,FOLD_0,HMSO01R_A|FIELD_LINEAGE|8573999ac09da70da8d1802997d1dd1b2879d7ff239af35fb1a185a39cc1f420,0.0,longitudinal,0.20647829862566902,1.0,INSIDE_MAJORITY,EVALUABLE,EXPLORATORY_CONSUMED_DIAGNOSTIC_ONLY
SS,density_rate,191,HMSO01R_A|PRIMARY|F2|288da569df1da8449acb1b2e9db3c3d5edda6f8e97a8bdeb3237c37cd17645a4,F2,FOLD_4,HMSO01R_A|FIELD_LINEAGE|5717c014ee19e2404587fa3546273faef8d6d97d2a31a4b9e01b24770e476426,0.0,transverse,1.0141200949885806e-12,1.0,INSIDE_MAJORITY,EVALUABLE,EXPLORATORY_CONSUMED_DIAGNOSTIC_ONLY
SS,density_rate,192,HMSO01R_A|PRIMARY|F3|0246c8978fdb6f9b1602abd7e4bb592349c6dbcaec25b547026c9c2750042711,F3,FOLD_2,HMSO01R_A|FIELD_LINEAGE|e2fdf0ecb37222ddf2c343b2a9785bb080b33fb721f4d3381403db08d53276de,0.0,longitudinal,3.198815659847842,0.546875,INSIDE_MAJORITY,EVALUABLE,EXPLORATORY_CONSUMED_DIAGNOSTIC_ONLY
SS,density_rate,193,HMSO01R_A|PRIMARY|F3|284496823e8aec01b40520cb6e31072714c17b163a3b2aee9494245e6ab4fbe3,F3,FOLD_3,HMSO01R_A|FIELD_LINEAGE|adcf8aaea780832e88b7b6b779fb3ef2ecab338dd7379ac8654e7aabdcee4b4f,0.0,none,0.0,1.0,INSIDE_MAJORITY,EVALUABLE,EXPLORATORY_CONSUMED_DIAGNOSTIC_ONLY
SS,density_rate,194,HMSO01R_A|PRIMARY|F3|856be85985639f39746337ee50cc51e130ce0a7d2c260e20fb1669a498ca4c4a,F3,FOLD_4,HMSO01R_A|FIELD_LINEAGE|440a69e5e6d8a6266c3153ff4cc4273aafca8ec71c677d3f24cfa0db89cae65c,0.0,none,0.0,1.0,INSIDE_MAJORITY,EVALUABLE,EXPLORATORY_CONSUMED_DIAGNOSTIC_ONLY
SS,density_rate,195,HMSO01R_A|PRIMARY|F3|b2ac6ac17aa0a12ce8cd63645f41349492c000f968be067724d7f478de5b6729,F3,FOLD_3,HMSO01R_A|FIELD_LINEAGE|a97cf87a717a68b745e28078c021ba65c881711a1cd171188bc4affd3a1b5795,0.0,none,0.0,1.0,INSIDE_MAJORITY,EVALUABLE,EXPLORATORY_CONSUMED_DIAGNOSTIC_ONLY
SS,density_rate,196,HMSO01R_A|PRIMARY|F3|b086157b1bcfb941501ef7f87c880219004f7cad86dd44d4bd3f804094e509b4,F3,FOLD_5,HMSO01R_A|FIELD_LINEAGE|bf32023450080971c5fdfb56d7a260838d7b8e02917a4118c4ed0b4a49c6c14a,0.0,transverse,2.1569610913859045e-10,1.0,INSIDE_MAJORITY,EVALUABLE,EXPLORATORY_CONSUMED_DIAGNOSTIC_ONLY
SS,density_rate,197,HMSO01R_A|PRIMARY|F3|1c755f486d1242ae237857d913100f73519ac2418e3546045035c8318a436869,F3,FOLD_5,HMSO01R_A|FIELD_LINEAGE|d2f9d8c8f5f3c69790790651faeb1c1f59b6b387e4ede38adea5936b94855ff9,0.0,transverse,1.1170325728126652e-09,1.0,INSIDE_MAJORITY,EVALUABLE,EXPLORATORY_CONSUMED_DIAGNOSTIC_ONLY
SS,density_rate,198,HMSO01R_A|PRIMARY|F3|7a55c18fc48b21e85cc57c38b6ca548a108b03deee77e5dc0ebe5146fbe17cfd,F3,FOLD_5,HMSO01R_A|FIELD_LINEAGE|226b761343bde11d0f8531972b4efd2a54f34c441ce74b43268bfdfde41542ed,0.0,none,0.0,1.0,INSIDE_MAJORITY,EVALUABLE,EXPLORATORY_CONSUMED_DIAGNOSTIC_ONLY
SS,density_rate,199,HMSO01R_A|PRIMARY|F3|9dfa53931f7f4e1baae8e92539a530becbe3dc126225f6cab71b5b92d4e26c23,F3,FOLD_1,HMSO01R_A|FIELD_LINEAGE|b0c6a47a41827791b3e03b32c3cfc7642f7c46055e5fbdc618a902dd60890cc0,0.0,none,0.2839350040104039,1.0,INSIDE_MAJORITY,EVALUABLE,EXPLORATORY_CONSUMED_DIAGNOSTIC_ONLY
SS,density_rate,200,HMSO01R_A|PRIMARY|F3|36bd7fbc4400ae830da89e8b7049cba3a2eba76340c04c9b22d524ed882f25fa,F3,FOLD_0,HMSO01R_A|FIELD_LINEAGE|46ad1db2ba1a448aa8fcf8fea69b4b772861af80c9b661f505a8c591ffdfe68c,0.0,transverse,4.459533509682982e-30,1.0,INSIDE_MAJORITY,EVALUABLE,EXPLORATORY_CONSUMED_DIAGNOSTIC_ONLY
SS,density_rate,201,HMSO01R_A|PRIMARY|F3|48ad4afa1ebbb91c201c1775b9df72193c6c5e3c47d0cd6020e71c21eda7c325,F3,FOLD_3,HMSO01R_A|FIELD_LINEAGE|99c13161db8958c19a30a96b96a6940cece539d1c84e808e21dfa37710ec6894,0.0,longitudinal,0.08317779156477875,1.0,INSIDE_MAJORITY,EVALUABLE,EXPLORATORY_CONSUMED_DIAGNOSTIC_ONLY
SS,density_rate,202,HMSO01R_A|PRIMARY|F3|640c5b30036e29f6d84cd9443dde5d1b73abd9252849cb7199b651f12e5099e6,F3,FOLD_0,HMSO01R_A|FIELD_LINEAGE|be9a8927a3f7361841f3e523395e00d4ebcd734040aebfe38006ae7fda2437fd,0.0,none,0.0,1.0,INSIDE_MAJORITY,EVALUABLE,EXPLORATORY_CONSUMED_DIAGNOSTIC_ONLY
SS,density_rate,203,HMSO01R_A|PRIMARY|F3|37814f4c4943fb00e00ed04672af67774d05465c46e6a4aaca391f8387f4afda,F3,FOLD_1,HMSO01R_A|FIELD_LINEAGE|5788e5f098ee24a0bfe3ef48cb7ba08a0bdbab2c319fd19eedc3c9eb4ac76f03,0.0,longitudinal,0.12493689762081148,1.0,INSIDE_MAJORITY,EVALUABLE,EXPLORATORY_CONSUMED_DIAGNOSTIC_ONLY
SS,density_rate,204,HMSO01R_A|PRIMARY|F3|fff250630c55c8bdaf6d9ce420a0a9166a884a0b680ca35cd4e6f7da5e276171,F3,FOLD_2,HMSO01R_A|FIELD_LINEAGE|5c056a7425c54539d868f52b6ae68a4c578195d4f6b5cb7d636be4eab2c2df8c,0.0,none,0.0,1.0,INSIDE_MAJORITY,EVALUABLE,EXPLORATORY_CONSUMED_DIAGNOSTIC_ONLY
SS,density_rate,205,HMSO01R_A|PRIMARY|F3|b99c0eeb5430528c2b50c8e3895f960a908c4207e1a45f365d2458a81bb0bc1d,F3,FOLD_3,HMSO01R_A|FIELD_LINEAGE|dca2b57202d33de06ea638a8ecbab23d1b960b5ed15b6841dcbc75b212cc8712,0.0,transverse,9.836191217791408e-14,1.0,INSIDE_MAJORITY,EVALUABLE,EXPLORATORY_CONSUMED_DIAGNOSTIC_ONLY
SS,density_rate,206,HMSO01R_A|PRIMARY|F3|85fea40f0a91b03a078c3b5a07bf11f84086ae49de633169660bf9e7756cae9f,F3,FOLD_1,HMSO01R_A|FIELD_LINEAGE|d6ecf8cd80acb9db6acee967c0d1a3a8ca941d75fcf9e621c7ea05d79a191767,0.0,longitudinal,0.1619095521117707,1.0,INSIDE_MAJORITY,EVALUABLE,EXPLORATORY_CONSUMED_DIAGNOSTIC_ONLY
SS,density_rate,207,HMSO01R_A|PRIMARY|F3|5bb1245725989ed102aa49078cd7bafa70151ebf012c1e0cb48cc587430f3f8c,F3,FOLD_2,HMSO01R_A|FIELD_LINEAGE|a7458b96c9ce1c60bf3ea9d352424b7dd251e22480db263be2c5716c65dc6939,0.0,none,0.0,1.0,INSIDE_MAJORITY,EVALUABLE,EXPLORATORY_CONSUMED_DIAGNOSTIC_ONLY
SS,density_rate,208,HMSO01R_A|PRIMARY|F3|c6419d25ed9799d98d73b7e3428108142f0bca3250e86eb89e0df130bb7ce32f,F3,FOLD_5,HMSO01R_A|FIELD_LINEAGE|d2f9d8c8f5f3c69790790651faeb1c1f59b6b387e4ede38adea5936b94855ff9,0.0,transverse,4.328668512612729e-12,1.0,INSIDE_MAJORITY,EVALUABLE,EXPLORATORY_CONSUMED_DIAGNOSTIC_ONLY
SS,density_rate,209,HMSO01R_A|PRIMARY|F3|1b4a7e3521dd87a05fef058b4828da1edb8cd5aec8d9c673df117a1ec7434769,F3,FOLD_2,HMSO01R_A|FIELD_LINEAGE|1014832cdbdd8f9e416c91cfffc398c0221e1acf20617efe558f4efd66f3578a,0.0,transverse,2.2274553003523965e-31,1.0,INSIDE_MAJORITY,EVALUABLE,EXPLORATORY_CONSUMED_DIAGNOSTIC_ONLY
SS,density_rate,210,HMSO01R_A|PRIMARY|F3|05d39cb15a23b77aab779fae1dffbbd812f25b20aa4d3dfd129ae8a8a816cca2,F3,FOLD_2,HMSO01R_A|FIELD_LINEAGE|6ad90de4847db7d34a3540ed573a050180b363be817d3503c19045b1a2f0ed3c,0.0,longitudinal,0.6537162280387581,1.0,INSIDE_MAJORITY,EVALUABLE,EXPLORATORY_CONSUMED_DIAGNOSTIC_ONLY
SS,density_rate,211,HMSO01R_A|PRIMARY|F3|09cc668e9dba7d88f6e54f75d429302426e7aa2f208bb8a7ff5b73b66544e9bb,F3,FOLD_1,HMSO01R_A|FIELD_LINEAGE|d7d10f9b5293a22777f94b958cdb7280c40216c21a2b9b4a49451c1385cf26d9,0.0,longitudinal,0.48269715597244056,1.0,INSIDE_MAJORITY,EVALUABLE,EXPLORATORY_CONSUMED_DIAGNOSTIC_ONLY
SS,density_rate,212,HMSO01R_A|PRIMARY|F3|a06f00606b940920f0738610d64d9adf69927bef39903d0e7a4fef72cc281beb,F3,FOLD_0,HMSO01R_A|FIELD_LINEAGE|9f471cc2328d66ccf0ca43f62bf5e261a867f85eeac6edc5a472072ca388bff6,0.0,none,0.0,1.0,INSIDE_MAJORITY,EVALUABLE,EXPLORATORY_CONSUMED_DIAGNOSTIC_ONLY
SS,density_rate,213,HMSO01R_A|PRIMARY|F3|22ed08250476ad8132d9bdab1fa34035b518f147b69d656483ab08c91f2690a4,F3,FOLD_4,HMSO01R_A|FIELD_LINEAGE|3c7ea9b77bf044ea3d9c6d199831fc605b20c1d7b4a9ad213eb80b5cab2c0296,0.0,longitudinal,0.13898163247102513,1.0,INSIDE_MAJORITY,EVALUABLE,EXPLORATORY_CONSUMED_DIAGNOSTIC_ONLY
SS,density_rate,214,HMSO01R_A|PRIMARY|F3|21da884cce84230dcc114a21edaa02c78d3f03be035b98a9b2728a4b8603ec8c,F3,FOLD_0,HMSO01R_A|FIELD_LINEAGE|051eaa0f00871ac3de3987b76f15e88e4e718676447cf96853b1d9836e56f4a9,0.0,transverse,4.237950791768629e-12,1.0,INSIDE_MAJORITY,EVALUABLE,EXPLORATORY_CONSUMED_DIAGNOSTIC_ONLY
SS,density_rate,215,HMSO01R_A|PRIMARY|F3|f6ebcf09fc81ee2b77827b154fde7148695341b90b45859fdeecc87b05ff4caf,F3,FOLD_1,HMSO01R_A|FIELD_LINEAGE|0da6210822c1316c7a077be78ae0c871024433732125f17a7f978f92e0d637e1,0.0,longitudinal,0.33685747281100353,1.0,INSIDE_MAJORITY,EVALUABLE,EXPLORATORY_CONSUMED_DIAGNOSTIC_ONLY
SS,density_rate,216,HMSO01R_A|PRIMARY|F3|a78675ef00c0dc7b5d540c4ffaaf15f59ac2fa555bd32502d134587a1fc4c16f,F3,FOLD_0,HMSO01R_A|FIELD_LINEAGE|9f471cc2328d66ccf0ca43f62bf5e261a867f85eeac6edc5a472072ca388bff6,0.0,none,0.0,1.0,INSIDE_MAJORITY,EVALUABLE,EXPLORATORY_CONSUMED_DIAGNOSTIC_ONLY
SS,density_rate,217,HMSO01R_A|PRIMARY|F3|0a6d945c46b0d5e5b98e3a1197a9fe721d92190d97798bc12f6ca4db57cdd3d6,F3,FOLD_1,HMSO01R_A|FIELD_LINEAGE|07ef870a5e517a728f6e4939e44adb6e41abac7dca46a1a2247aeb449ae2b2b6,0.0,longitudinal,0.15862453016343386,1.0,INSIDE_MAJORITY,EVALUABLE,EXPLORATORY_CONSUMED_DIAGNOSTIC_ONLY
SS,density_rate,218,HMSO01R_A|PRIMARY|F3|c463516606ee8c4c1a3b434573e8495c274c7f668a1ed539ab784aa22bbc8bd7,F3,FOLD_0,HMSO01R_A|FIELD_LINEAGE|0d095ad04875a9db82a8c6062fc3703d3296558fc88db157a4ad79a6317e27a5,0.0,transverse,4.285531553589575e-30,1.0,INSIDE_MAJORITY,EVALUABLE,EXPLORATORY_CONSUMED_DIAGNOSTIC_ONLY
SS,density_rate,219,HMSO01R_A|PRIMARY|F3|6472036ea78470d8788d70fa6d89e58eeee090b7e2f0998bbdc0beea3db2758d,F3,FOLD_4,HMSO01R_A|FIELD_LINEAGE|0ddf6cdd096735cc15f4456489e1d58f77aa80618dad5da96cca18e59be60b9c,0.0,transverse,9.75202568513637e-16,1.0,INSIDE_MAJORITY,EVALUABLE,EXPLORATORY_CONSUMED_DIAGNOSTIC_ONLY
SS,density_rate,220,HMSO01R_A|PRIMARY|F3|f3e2327f9b73508ecf7a883c33fe1553a004e2ae2881cc99e6ac3bcd4d7b3a11,F3,FOLD_2,HMSO01R_A|FIELD_LINEAGE|5c056a7425c54539d868f52b6ae68a4c578195d4f6b5cb7d636be4eab2c2df8c,0.0,none,0.0,1.0,INSIDE_MAJORITY,EVALUABLE,EXPLORATORY_CONSUMED_DIAGNOSTIC_ONLY
SS,density_rate,221,HMSO01R_A|PRIMARY|F3|6c24586eb799823630a419a0b4199df5d3f38c6d1a2a662d6c869fddf06570b6,F3,FOLD_4,HMSO01R_A|FIELD_LINEAGE|43048a070f7e90a4b3daec507e653fb282b428f5e4cf309a72c949e8f5226bf3,0.0,transverse,1.3588775662975577e-29,1.0,INSIDE_MAJORITY,EVALUABLE,EXPLORATORY_CONSUMED_DIAGNOSTIC_ONLY
SS,density_rate,222,HMSO01R_A|PRIMARY|F3|9b31b3d042f2e1de2933fe9923e4e95fb59b4a658533f8c072683810620fa170,F3,FOLD_0,HMSO01R_A|FIELD_LINEAGE|51aa7e7dbbb5aa6496f5ed0b95d8e85438067333a238c5e41877a3cd9ace3175,0.0,transverse,1.1214525170971146e-31,1.0,INSIDE_MAJORITY,EVALUABLE,EXPLORATORY_CONSUMED_DIAGNOSTIC_ONLY
SS,density_rate,223,HMSO01R_A|PRIMARY|F3|6b2c89cd3ffb71669c83bdccc811b6a9db38e88242eafa872a665d3547543682,F3,FOLD_5,HMSO01R_A|FIELD_LINEAGE|0ac3210ffe07941071125618f2e4ad4f522063f7735eb12854083a5cf3b96fca,0.0,longitudinal,0.04068428827769325,1.0,INSIDE_MAJORITY,EVALUABLE,EXPLORATORY_CONSUMED_DIAGNOSTIC_ONLY
SS,density_rate,224,HMSO01R_A|PRIMARY|F3|495ba1a4d513d7b77d558917d84762b10b3d5fcb3a9735e9f691fc80ea7caf42,F3,FOLD_3,HMSO01R_A|FIELD_LINEAGE|99c13161db8958c19a30a96b96a6940cece539d1c84e808e21dfa37710ec6894,0.0,longitudinal,0.5173294913278953,1.0,INSIDE_MAJORITY,EVALUABLE,EXPLORATORY_CONSUMED_DIAGNOSTIC_ONLY
SS,density_rate,225,HMSO01R_A|PRIMARY|F3|36c90f091efac4b31332373189b35b4adf1829ad932375257650642e0da7a044,F3,FOLD_1,HMSO01R_A|FIELD_LINEAGE|9035657b1a9729d4b57919992bee8d9ea960c2a587c8d3877d9c920d8fa2a77c,0.0,none,0.0,1.0,INSIDE_MAJORITY,EVALUABLE,EXPLORATORY_CONSUMED_DIAGNOSTIC_ONLY
SS,density_rate,226,HMSO01R_A|PRIMARY|F3|fefc93bf391a27e2ebe3a1140f7fe292478eed94430363eaf811e3e2c5c04f53,F3,FOLD_1,HMSO01R_A|FIELD_LINEAGE|7a536ab09e10cdf42c9afdd1f0f02ad4a5141ab50a8f50eb0b247ee08a4c67c0,0.0,longitudinal,0.440977507893055,1.0,INSIDE_MAJORITY,EVALUABLE,EXPLORATORY_CONSUMED_DIAGNOSTIC_ONLY
SS,density_rate,227,HMSO01R_A|PRIMARY|F3|4cda234c0475d6f05557ea16586f6a086d1159ec999b0a751b23b4f690d492f7,F3,FOLD_5,HMSO01R_A|FIELD_LINEAGE|0404a47ad84d3ab6d4cc0dbf7c8fea97f3bca817bfb6ce9e4a0d96e074c1229f,0.0,longitudinal,0.28591716155092606,1.0,INSIDE_MAJORITY,EVALUABLE,EXPLORATORY_CONSUMED_DIAGNOSTIC_ONLY
SS,density_rate,228,HMSO01R_A|PRIMARY|F3|5345902cb9bc3a92ef959f7406060b23f2a73e2e1371d31d99c943fc571e75ec,F3,FOLD_3,HMSO01R_A|FIELD_LINEAGE|0a252563daa08b1ab13bdaf89c42f5f5445076fcfec6feb203abcad9de8ed55a,0.0,none,0.0,1.0,INSIDE_MAJORITY,EVALUABLE,EXPLORATORY_CONSUMED_DIAGNOSTIC_ONLY
SS,density_rate,229,HMSO01R_A|PRIMARY|F3|70846550f93030f5e797b9cc40dd60e4750a3db2cbaa28dc008127d7e34d79a4,F3,FOLD_0,HMSO01R_A|FIELD_LINEAGE|cb947f8167c6ce3da1c26b48289f11fe77c609125572b2e2f489d9b4dbf77d91,0.0,longitudinal,0.3131686611034449,1.0,INSIDE_MAJORITY,EVALUABLE,EXPLORATORY_CONSUMED_DIAGNOSTIC_ONLY
SS,density_rate,230,HMSO01R_A|PRIMARY|F3|1d04f3e121ba9f0c3b1e345085a6d33da6902d60234f461d4a6ee2171dcd14a2,F3,FOLD_2,HMSO01R_A|FIELD_LINEAGE|a7458b96c9ce1c60bf3ea9d352424b7dd251e22480db263be2c5716c65dc6939,0.0,none,0.0,1.0,INSIDE_MAJORITY,EVALUABLE,EXPLORATORY_CONSUMED_DIAGNOSTIC_ONLY
SS,density_rate,231,HMSO01R_A|PRIMARY|F3|992cfe2587948c84f376807a446f61bc75663610f19574dc19ddcaf94cd37239,F3,FOLD_2,HMSO01R_A|FIELD_LINEAGE|c2759d4a0108475d88af3dd58a918080f77e42a77ac5a686ce9a650a1d522183,0.0,longitudinal,0.35321847854427224,1.0,INSIDE_MAJORITY,EVALUABLE,EXPLORATORY_CONSUMED_DIAGNOSTIC_ONLY
SS,density_rate,232,HMSO01R_A|PRIMARY|F3|7136656598cb24640a081e69d60382186efc577b90139fd912756f7adda26005,F3,FOLD_5,HMSO01R_A|FIELD_LINEAGE|0fdda9072ffc8d97ff7e0441813be2217cbf8a41c67bef8c56cb65c5e8c889e5,0.0,transverse,1.540282902397194e-11,1.0,INSIDE_MAJORITY,EVALUABLE,EXPLORATORY_CONSUMED_DIAGNOSTIC_ONLY
SS,density_rate,233,HMSO01R_A|PRIMARY|F3|80f1ddf447a9f070c4b8c90f674bbe33b4d9e3e48c3556797324f4f97c6f2790,F3,FOLD_5,HMSO01R_A|FIELD_LINEAGE|34a4e80876c1805c1767ae4dec4e60fe92b927519de4d3f4fc98d8e491efa006,0.0,longitudinal,4.740804279919767,1.0,INSIDE_MAJORITY,EVALUABLE,EXPLORATORY_CONSUMED_DIAGNOSTIC_ONLY
SS,density_rate,234,HMSO01R_A|PRIMARY|F3|ca00eb8ffcc519aea35eb210592a3e338905e20778f429a6567f20cff3dcd7f9,F3,FOLD_2,HMSO01R_A|FIELD_LINEAGE|6ad90de4847db7d34a3540ed573a050180b363be817d3503c19045b1a2f0ed3c,0.0,longitudinal,0.48224103226591514,0.890625,INSIDE_MAJORITY,EVALUABLE,EXPLORATORY_CONSUMED_DIAGNOSTIC_ONLY
SS,density_rate,235,HMSO01R_A|PRIMARY|F3|4b991d5f1d978986f69fcb0236ec4a83e34cbcaba9d7882a4d1f23e4df8cc31b,F3,FOLD_4,HMSO01R_A|FIELD_LINEAGE|f82108cfb75a5ece90cca0bec2aa62b5af33b3b96774d26a9d5bbde8416cb360,0.0,longitudinal,0.04063763553146943,1.0,INSIDE_MAJORITY,EVALUABLE,EXPLORATORY_CONSUMED_DIAGNOSTIC_ONLY
SS,density_rate,236,HMSO01R_A|PRIMARY|F3|362dc3678e005c1c1211eface4ff1a96771b521fd8dfed0969697a160f66e68e,F3,FOLD_4,HMSO01R_A|FIELD_LINEAGE|ea7a0f305184b5efcd1c245ec8837c3d5e92744042b12d412ef90758785acc95,0.0,transverse,5.94981332376446e-13,1.0,INSIDE_MAJORITY,EVALUABLE,EXPLORATORY_CONSUMED_DIAGNOSTIC_ONLY
SS,density_rate,237,HMSO01R_A|PRIMARY|F3|2d0a10ea34da730e58ecbeff3ce6e1f0b5db801184e52e09ed7cda862ce11fe7,F3,FOLD_3,HMSO01R_A|FIELD_LINEAGE|b1c696b82fff7183ba4fc0ae8ce4363fcd56ada1cc6ffa171713dda9524816e8,0.0,transverse,2.8189481763874347e-12,1.0,INSIDE_MAJORITY,EVALUABLE,EXPLORATORY_CONSUMED_DIAGNOSTIC_ONLY
SS,density_rate,238,HMSO01R_A|PRIMARY|F3|3163c11319e01c1fa67d9f34e9aed73c1f867fd08b7c89b010a7b3a4097c9f8e,F3,FOLD_1,HMSO01R_A|FIELD_LINEAGE|a3f750d8c1551c6ecf78f876fab114a3481105b16656dddc657ee8cfb50fd48b,0.0,none,0.0,1.0,INSIDE_MAJORITY,EVALUABLE,EXPLORATORY_CONSUMED_DIAGNOSTIC_ONLY
SS,density_rate,239,HMSO01R_A|PRIMARY|F3|380f69ecea392f85530413b931220c918af563554de7f128286ecaec359623f2,F3,FOLD_0,HMSO01R_A|FIELD_LINEAGE|2bf67fa14447cc7892bedcae7ba79ef420cf3b1aa476bde75527a097c9a5c922,0.0,none,0.0,1.0,INSIDE_MAJORITY,EVALUABLE,EXPLORATORY_CONSUMED_DIAGNOSTIC_ONLY
SS,density_rate,240,HMSO01R_A|PRIMARY|F3|13c1013b13a07676d41856b9facf68d3da57412867cb173e2968fab19b857816,F3,FOLD_0,HMSO01R_A|FIELD_LINEAGE|8e40e60ae6de8d393e4f96f7c0cdfd3570298138a8d1d44c6db1dc858b71a31e,0.0,none,0.0,1.0,INSIDE_MAJORITY,EVALUABLE,EXPLORATORY_CONSUMED_DIAGNOSTIC_ONLY
SS,density_rate,241,HMSO01R_A|PRIMARY|F3|18ef690b3c59b611d2a28230dd7b48838e1ff16db804f1890537e6174977f2c2,F3,FOLD_3,HMSO01R_A|FIELD_LINEAGE|a97cf87a717a68b745e28078c021ba65c881711a1cd171188bc4affd3a1b5795,0.0,none,0.0,1.0,INSIDE_MAJORITY,EVALUABLE,EXPLORATORY_CONSUMED_DIAGNOSTIC_ONLY
SS,density_rate,242,HMSO01R_A|PRIMARY|F3|68ec409d4a3309a14535aec6bb5958f5430688d65d51b348e794666d7d65d44f,F3,FOLD_5,HMSO01R_A|FIELD_LINEAGE|bf32023450080971c5fdfb56d7a260838d7b8e02917a4118c4ed0b4a49c6c14a,0.0,transverse,3.917153515049738e-10,1.0,INSIDE_MAJORITY,EVALUABLE,EXPLORATORY_CONSUMED_DIAGNOSTIC_ONLY
SS,density_rate,243,HMSO01R_A|PRIMARY|F3|7b160ffc1ee3480a1414d9a2546b7df691497ca9426646a9dbf10b739adaf9ba,F3,FOLD_5,HMSO01R_A|FIELD_LINEAGE|83c68f311cba3e93368aeeec1e81f7eebc2d9d8bfb68a0ba32cbc3fe731f6155,0.0,transverse,1.0824969624730827e-08,1.0,INSIDE_MAJORITY,EVALUABLE,EXPLORATORY_CONSUMED_DIAGNOSTIC_ONLY
SS,density_rate,244,HMSO01R_A|PRIMARY|F3|2533adb0fb2c8361bc57883a1879af5f891df3aa1c79e916e4a317b4a1d5c8d1,F3,FOLD_3,HMSO01R_A|FIELD_LINEAGE|0a252563daa08b1ab13bdaf89c42f5f5445076fcfec6feb203abcad9de8ed55a,0.0,none,0.0,1.0,INSIDE_MAJORITY,EVALUABLE,EXPLORATORY_CONSUMED_DIAGNOSTIC_ONLY
SS,density_rate,245,HMSO01R_A|PRIMARY|F3|653053ef8ac15854c397871157381bff72482264f1b13133d6e6ccb77ff9aeba,F3,FOLD_3,HMSO01R_A|FIELD_LINEAGE|1a444bf8e4f5678b58a9ba1debf6e16323abf2899e40040f0bbc7e1608156e14,0.0,transverse,8.319761445406658e-15,1.0,INSIDE_MAJORITY,EVALUABLE,EXPLORATORY_CONSUMED_DIAGNOSTIC_ONLY
SS,density_rate,246,HMSO01R_A|PRIMARY|F3|ea2d887ae045743da34d43d6b72ae43caedb23d56183d2afa0b13828de776344,F3,FOLD_5,HMSO01R_A|FIELD_LINEAGE|e9dc12a25958465c187afbd7ef920bc04ba98d4b232046e156979d215bd85146,0.0,none,0.0,1.0,INSIDE_MAJORITY,EVALUABLE,EXPLORATORY_CONSUMED_DIAGNOSTIC_ONLY
SS,density_rate,247,HMSO01R_A|PRIMARY|F3|dc8d9c4e413930a97b4cd3082904857f7e51fd10e589394942b120f455a2cc25,F3,FOLD_4,HMSO01R_A|FIELD_LINEAGE|7b060c06cca73ad49fc21e32e1688bcbe34e5745a78029b452cbacf697a204be,0.0,none,0.0,1.0,INSIDE_MAJORITY,EVALUABLE,EXPLORATORY_CONSUMED_DIAGNOSTIC_ONLY
SS,density_rate,248,HMSO01R_A|PRIMARY|F3|44116bd7174544bd426c255cf46e31b00e1aa52defd540ae4856fc93d8675b6b,F3,FOLD_2,HMSO01R_A|FIELD_LINEAGE|61b0a8ee57598b36eed2786a9e3e1cafd7d1e5cb7b5052c92f6d5c1826bc6619,0.0,longitudinal,0.04416941316550658,1.0,INSIDE_MAJORITY,EVALUABLE,EXPLORATORY_CONSUMED_DIAGNOSTIC_ONLY
SS,density_rate,249,HMSO01R_A|PRIMARY|F3|def8e91d8dfb3847bee14620c91a0b5b838f5d2bfe72d46753482c88503c8b88,F3,FOLD_5,HMSO01R_A|FIELD_LINEAGE|19bc9c15d585b69ea5a604b39577d278e2c7b171a2d899f0352dc2850b1dc0cb,0.0,transverse,3.5483152714251596e-29,1.0,INSIDE_MAJORITY,EVALUABLE,EXPLORATORY_CONSUMED_DIAGNOSTIC_ONLY
SS,density_rate,250,HMSO01R_A|PRIMARY|F3|e04e6444e20de807e03f26f651319384463d229d80d41c58718b558366ce7843,F3,FOLD_0,HMSO01R_A|FIELD_LINEAGE|0d095ad04875a9db82a8c6062fc3703d3296558fc88db157a4ad79a6317e27a5,0.0,transverse,6.681909713286335e-31,1.0,INSIDE_MAJORITY,EVALUABLE,EXPLORATORY_CONSUMED_DIAGNOSTIC_ONLY
SS,density_rate,251,HMSO01R_A|PRIMARY|F3|0ee0c86bc2bc91e027267a2389a0bdb674a41e8c3dd241151e876582a8fdd70d,F3,FOLD_3,HMSO01R_A|FIELD_LINEAGE|7583af7a3fd0bfbef70db28fd30d8a1112bd000451f8c0ebdcd0eabb3acf22a1,0.0,transverse,1.9371354799432214e-12,1.0,INSIDE_MAJORITY,EVALUABLE,EXPLORATORY_CONSUMED_DIAGNOSTIC_ONLY
SS,density_rate,252,HMSO01R_A|PRIMARY|F3|e263cdb5bb985dfceb73a368db0f1f5bfce2fea6cc9f4afa9306bea48ada1a6f,F3,FOLD_1,HMSO01R_A|FIELD_LINEAGE|d6ecf8cd80acb9db6acee967c0d1a3a8ca941d75fcf9e621c7ea05d79a191767,0.0,longitudinal,0.1373196561170855,1.0,INSIDE_MAJORITY,EVALUABLE,EXPLORATORY_CONSUMED_DIAGNOSTIC_ONLY
SS,density_rate,253,HMSO01R_A|PRIMARY|F3|c6fa46c4e95da6f6bc71a788cf09b900a973347f55e79f32ebd345970c2a6f65,F3,FOLD_1,HMSO01R_A|FIELD_LINEAGE|a3f750d8c1551c6ecf78f876fab114a3481105b16656dddc657ee8cfb50fd48b,0.0,none,0.08913148760891716,1.0,INSIDE_MAJORITY,EVALUABLE,EXPLORATORY_CONSUMED_DIAGNOSTIC_ONLY
SS,density_rate,254,HMSO01R_A|PRIMARY|F3|eac488ff4dd7149e5f4efe4b3645a2336a6306588688b4f82502c966f1148bfb,F3,FOLD_1,HMSO01R_A|FIELD_LINEAGE|0af73c913450206e45697078b9ff423d2fbe56a236026748e22945b9fe394efb,0.0,longitudinal,0.1742731055869983,1.0,INSIDE_MAJORITY,EVALUABLE,EXPLORATORY_CONSUMED_DIAGNOSTIC_ONLY
SS,density_rate,255,HMSO01R_A|PRIMARY|F3|42255f3b8df188b4b58dd874b7ef736b47932c7d925a1f1b17b1881babb64743,F3,FOLD_3,HMSO01R_A|FIELD_LINEAGE|adcf8aaea780832e88b7b6b779fb3ef2ecab338dd7379ac8654e7aabdcee4b4f,0.0,none,0.0,1.0,INSIDE_MAJORITY,EVALUABLE,EXPLORATORY_CONSUMED_DIAGNOSTIC_ONLY
SS,density_rate,256,HMSO01R_A|PRIMARY|F3|250069e18fee258e82eede00fdf9adb751acd5c2f8496c8fdc69ba43bedbab52,F3,FOLD_0,HMSO01R_A|FIELD_LINEAGE|fd04ea3f458e107df0af85b51443fd7c576cbde1f2a34afcd2f94001f9376e64,0.0,none,0.0,1.0,INSIDE_MAJORITY,EVALUABLE,EXPLORATORY_CONSUMED_DIAGNOSTIC_ONLY
SS,density_rate,257,HMSO01R_A|PRIMARY|F3|aecf7922000672602f41f9c886a0802ff665c6869b1d7e10c034334da9814021,F3,FOLD_1,HMSO01R_A|FIELD_LINEAGE|4cf69c455bf1f50d880646e37d5ce58645992adb18a995a52fdf89583dcd2384,0.0,none,0.0,1.0,INSIDE_MAJORITY,EVALUABLE,EXPLORATORY_CONSUMED_DIAGNOSTIC_ONLY
SS,density_rate,258,HMSO01R_A|PRIMARY|F3|5ce4f3220cbbb898f20b8d1521d212931fd5b2278c2883fa0502f4313f1155c4,F3,FOLD_5,HMSO01R_A|FIELD_LINEAGE|83c68f311cba3e93368aeeec1e81f7eebc2d9d8bfb68a0ba32cbc3fe731f6155,0.0,transverse,1.6601507722665186e-11,1.0,INSIDE_MAJORITY,EVALUABLE,EXPLORATORY_CONSUMED_DIAGNOSTIC_ONLY
SS,density_rate,259,HMSO01R_A|PRIMARY|F3|c2af3d5c0e7e86284f96d57c47c6c5bd252b99efef65ce29672b71ccb8a8e36a,F3,FOLD_4,HMSO01R_A|FIELD_LINEAGE|9ff02fac76e3803bb8391cba4035dfa7a72d5220975092d818302f10f07c08e9,0.0,none,0.0,1.0,INSIDE_MAJORITY,EVALUABLE,EXPLORATORY_CONSUMED_DIAGNOSTIC_ONLY
SS,density_rate,260,HMSO01R_A|PRIMARY|F3|a07d93d2a8225e8cb94863bd25cb217b01ccf43f0fdc968797433c20fe16588c,F3,FOLD_3,HMSO01R_A|FIELD_LINEAGE|f2a3ceeae0e0974c878bba3a036f383f979564d7512b59be838a43b0d537377a,0.0,transverse,2.7196743260612186e-15,1.0,INSIDE_MAJORITY,EVALUABLE,EXPLORATORY_CONSUMED_DIAGNOSTIC_ONLY
SS,density_rate,261,HMSO01R_A|PRIMARY|F3|f977e81f259034dd8b9bf0f1feb8de30c75e56d612513eeda3fb48e66576fde9,F3,FOLD_1,HMSO01R_A|FIELD_LINEAGE|21dfb26365637485a590f4aa1b2a5297d551eab87745fb26abbdd41a0e1d8daa,0.0,none,0.023388251772977424,1.0,INSIDE_MAJORITY,EVALUABLE,EXPLORATORY_CONSUMED_DIAGNOSTIC_ONLY
SS,density_rate,262,HMSO01R_A|PRIMARY|F3|45f73cec5484a7a54fe84df8ae7638a01d9a80a574526579b753371f8d73b14f,F3,FOLD_0,HMSO01R_A|FIELD_LINEAGE|2bf67fa14447cc7892bedcae7ba79ef420cf3b1aa476bde75527a097c9a5c922,0.0,none,0.0,1.0,INSIDE_MAJORITY,EVALUABLE,EXPLORATORY_CONSUMED_DIAGNOSTIC_ONLY
SS,density_rate,263,HMSO01R_A|PRIMARY|F3|4a6874df79991c13576be3d2bfbb235e50e272b38629dcda3e2ea270126c35fb,F3,FOLD_0,HMSO01R_A|FIELD_LINEAGE|8e40e60ae6de8d393e4f96f7c0cdfd3570298138a8d1d44c6db1dc858b71a31e,0.0,none,0.0,1.0,INSIDE_MAJORITY,EVALUABLE,EXPLORATORY_CONSUMED_DIAGNOSTIC_ONLY
SS,density_rate,264,HMSO01R_A|PRIMARY|F3|ddb33bf0e6d7c43f952d5d9d1706b4d65f742c0cb746ceff262b75e37f8810ba,F3,FOLD_3,HMSO01R_A|FIELD_LINEAGE|c54c1448df9c13b6658cb41b2c187b93be0f6db94293a7911953a6e90d602764,0.0,longitudinal,0.8497342686956807,0.953125,INSIDE_MAJORITY,EVALUABLE,EXPLORATORY_CONSUMED_DIAGNOSTIC_ONLY
SS,density_rate,265,HMSO01R_A|PRIMARY|F3|274c2031ba590d785d88bad03ceb155b8a64c57ddab3a478a74ea8522ed459b6,F3,FOLD_1,HMSO01R_A|FIELD_LINEAGE|d6ecf8cd80acb9db6acee967c0d1a3a8ca941d75fcf9e621c7ea05d79a191767,0.0,longitudinal,0.1719905541146649,1.0,INSIDE_MAJORITY,EVALUABLE,EXPLORATORY_CONSUMED_DIAGNOSTIC_ONLY
SS,density_rate,266,HMSO01R_A|PRIMARY|F3|15771101c80eb37f151b78ed8f2bba393bbe3047cda8c732baf0f06c18bae7e3,F3,FOLD_5,HMSO01R_A|FIELD_LINEAGE|21308456c1ed84c2854c7a093be1e48cf9af8d5768485e2a86892e0fd138af17,0.0,none,0.006058490454300663,1.0,INSIDE_MAJORITY,EVALUABLE,EXPLORATORY_CONSUMED_DIAGNOSTIC_ONLY
SS,density_rate,267,HMSO01R_A|PRIMARY|F3|0f682408db3625ffc5045e88a7fa1afa4c9a7be6cc44b84102e81531d6d926e6,F3,FOLD_0,HMSO01R_A|FIELD_LINEAGE|2e00a5aa730d3fe2629242ac9cb05445890c5ccd2cee3bc6b04bd3dcaa176cdc,0.0,longitudinal,0.6100644473472843,1.0,INSIDE_MAJORITY,EVALUABLE,EXPLORATORY_CONSUMED_DIAGNOSTIC_ONLY
SS,density_rate,268,HMSO01R_A|PRIMARY|F3|510a5e243faeece1484912a18f5fc7e9900fe5c133aae9468e13515bacc10b51,F3,FOLD_4,HMSO01R_A|FIELD_LINEAGE|9239a350bed02b809dafe66125991e7de2c0c1c20b38f7689dc19527329619d6,0.0,transverse,1.6605109911314339e-12,1.0,INSIDE_MAJORITY,EVALUABLE,EXPLORATORY_CONSUMED_DIAGNOSTIC_ONLY
SS,density_rate,269,HMSO01R_A|PRIMARY|F3|e78c69a17927f7d8a3db4a1024dee136e3cedde8ca2b0830e5fe247b291d887c,F3,FOLD_3,HMSO01R_A|FIELD_LINEAGE|b1c696b82fff7183ba4fc0ae8ce4363fcd56ada1cc6ffa171713dda9524816e8,0.0,transverse,0.00455424552369057,1.0,INSIDE_MAJORITY,EVALUABLE,EXPLORATORY_CONSUMED_DIAGNOSTIC_ONLY
SS,density_rate,270,HMSO01R_A|PRIMARY|F3|3f32014cc46db6982a14f2cee352392c822d4ac29aa18a16855949da8671e5a1,F3,FOLD_4,HMSO01R_A|FIELD_LINEAGE|d1321924d243ef663d38f2119b3da3e0b77ff9249352efe1c25dfa4971fbd453,0.0,none,0.0,1.0,INSIDE_MAJORITY,EVALUABLE,EXPLORATORY_CONSUMED_DIAGNOSTIC_ONLY
SS,density_rate,271,HMSO01R_A|PRIMARY|F3|bef78f5fddd3452c6b14cb4c4fb6c0b510253eced0e1f946f9e78200b9cbbb2d,F3,FOLD_2,HMSO01R_A|FIELD_LINEAGE|98ef721075a1ebd7c92edcbcf7747aac6c3d77c4f9c29f15e5d83577ad6d7f6b,0.0,longitudinal,4.4887935830759815,0.8125,INSIDE_MAJORITY,EVALUABLE,EXPLORATORY_CONSUMED_DIAGNOSTIC_ONLY
SS,density_rate,272,HMSO01R_A|PRIMARY|F3|02ca21a0314f19805ffe873f303fa54fe86f5d3d6d770015a5c846b75255ff7a,F3,FOLD_3,HMSO01R_A|FIELD_LINEAGE|b7c6344fafcff3e1128b30252e587c19386316434538ac595af9870864bff2e9,0.0,transverse,1.5818607407528775e-30,1.0,INSIDE_MAJORITY,EVALUABLE,EXPLORATORY_CONSUMED_DIAGNOSTIC_ONLY
SS,density_rate,273,HMSO01R_A|PRIMARY|F3|c333e644a9c87a0dd9864d3130310ff8db216a39061360b7a7a90b130af1a75c,F3,FOLD_3,HMSO01R_A|FIELD_LINEAGE|0a252563daa08b1ab13bdaf89c42f5f5445076fcfec6feb203abcad9de8ed55a,0.0,none,0.0,1.0,INSIDE_MAJORITY,EVALUABLE,EXPLORATORY_CONSUMED_DIAGNOSTIC_ONLY
SS,density_rate,274,HMSO01R_A|PRIMARY|F3|c63d89d72029153ba0d49d1f609be0b1ff98ddcac1d08c8fa2d7f8f9fae2c730,F3,FOLD_2,HMSO01R_A|FIELD_LINEAGE|61b0a8ee57598b36eed2786a9e3e1cafd7d1e5cb7b5052c92f6d5c1826bc6619,0.0,longitudinal,0.17559106698558297,1.0,INSIDE_MAJORITY,EVALUABLE,EXPLORATORY_CONSUMED_DIAGNOSTIC_ONLY
SS,density_rate,275,HMSO01R_A|PRIMARY|F3|5b31e243c622c272f6ff1603187caeafa7ec0920c1df79a92aecd2fbaa49ee35,F3,FOLD_1,HMSO01R_A|FIELD_LINEAGE|07ef870a5e517a728f6e4939e44adb6e41abac7dca46a1a2247aeb449ae2b2b6,0.0,longitudinal,0.08099975635804749,1.0,INSIDE_MAJORITY,EVALUABLE,EXPLORATORY_CONSUMED_DIAGNOSTIC_ONLY
SS,density_rate,276,HMSO01R_A|PRIMARY|F3|5c0d0ce2e0e3894c84ffb622054776ff13ecaa2c69f4830d76875194f4719557,F3,FOLD_0,HMSO01R_A|FIELD_LINEAGE|051eaa0f00871ac3de3987b76f15e88e4e718676447cf96853b1d9836e56f4a9,0.0,transverse,4.319401059535492e-15,1.0,INSIDE_MAJORITY,EVALUABLE,EXPLORATORY_CONSUMED_DIAGNOSTIC_ONLY
SS,density_rate,277,HMSO01R_A|PRIMARY|F3|8957bba0b6b7c6207995e43fbebef5604b5c1f21fa9f2bb551f9557857ec496a,F3,FOLD_5,HMSO01R_A|FIELD_LINEAGE|f52ad1fbea60f2cef5c93f5785e888eaa7893de6dad0b2f7545e6d3f4e338f25,0.0,longitudinal,0.6524999724010472,1.0,INSIDE_MAJORITY,EVALUABLE,EXPLORATORY_CONSUMED_DIAGNOSTIC_ONLY
SS,density_rate,278,HMSO01R_A|PRIMARY|F3|1b7f8ef99e42d00a053404bd9169623350f9d416432190eb695b53800825cda0,F3,FOLD_4,HMSO01R_A|FIELD_LINEAGE|75819144781d043ebbeb8c2d3fbfa9139c47542df53315ab71a80a7addb49109,0.0,none,0.0,1.0,INSIDE_MAJORITY,EVALUABLE,EXPLORATORY_CONSUMED_DIAGNOSTIC_ONLY
SS,density_rate,279,HMSO01R_A|PRIMARY|F3|c12e5512c669b4a3cbf5b6e89e1763c206004a4fa154767d1642208d82e43474,F3,FOLD_2,HMSO01R_A|FIELD_LINEAGE|c3a574c6618599692f4195c9d1a59189286c1fc26ae852d26723565b0428d983,0.0,none,0.0,1.0,INSIDE_MAJORITY,EVALUABLE,EXPLORATORY_CONSUMED_DIAGNOSTIC_ONLY
SS,density_rate,280,HMSO01R_A|PRIMARY|F3|84831626711a081a0e9e0d0668fbb26dfb58f95672277a402cf7a98289c1f3f2,F3,FOLD_0,HMSO01R_A|FIELD_LINEAGE|fd04ea3f458e107df0af85b51443fd7c576cbde1f2a34afcd2f94001f9376e64,0.0,none,0.0,1.0,INSIDE_MAJORITY,EVALUABLE,EXPLORATORY_CONSUMED_DIAGNOSTIC_ONLY
SS,density_rate,281,HMSO01R_A|PRIMARY|F3|166fe64198a1c3e3ba24ba2da836582dab251d3dd8c49bf9037daa83bf978def,F3,FOLD_2,HMSO01R_A|FIELD_LINEAGE|4c3bbd0a7d56407cf1ccc6d516e10bc822949b03124ef92a27e554a97f6ed1b2,0.0,transverse,5.247209014400913e-13,1.0,INSIDE_MAJORITY,EVALUABLE,EXPLORATORY_CONSUMED_DIAGNOSTIC_ONLY
SS,density_rate,282,HMSO01R_A|PRIMARY|F3|456aba1a7da72fd641eea98ae6f3495800a2489a115b86b7310ae5d079ead82a,F3,FOLD_5,HMSO01R_A|FIELD_LINEAGE|9415b727187c332c72260d653b657bcbe590635140818a0978bae1e8dcd4568b,0.0,none,0.0,1.0,INSIDE_MAJORITY,EVALUABLE,EXPLORATORY_CONSUMED_DIAGNOSTIC_ONLY
SS,density_rate,283,HMSO01R_A|PRIMARY|F3|642fa4ee6c2c422eab8b65fb64e4558ece2efb54b49d399d056377d37748b5a6,F3,FOLD_4,HMSO01R_A|FIELD_LINEAGE|ea7a0f305184b5efcd1c245ec8837c3d5e92744042b12d412ef90758785acc95,0.0,transverse,1.2190255426002417e-09,1.0,INSIDE_MAJORITY,EVALUABLE,EXPLORATORY_CONSUMED_DIAGNOSTIC_ONLY
SS,density_rate,284,HMSO01R_A|PRIMARY|F3|3175d180e4d467c3b3ee6e516632373afe58cecdfc663671603274c230831d69,F3,FOLD_4,HMSO01R_A|FIELD_LINEAGE|5a0dbac6ae904f5529ad460639c41b1b383ca8809b93f779bcc31cb0fd08d08b,0.0,none,0.0,1.0,INSIDE_MAJORITY,EVALUABLE,EXPLORATORY_CONSUMED_DIAGNOSTIC_ONLY
SS,density_rate,285,HMSO01R_A|PRIMARY|F3|a2031fc45c0421e224bd21dce94627d03a316cde187ae6d48b90b56d1c51da5d,F3,FOLD_2,HMSO01R_A|FIELD_LINEAGE|eadb4166638494d642712d8eabac62f88ed028f779148966c13d2efd6405fa1d,0.0,transverse,2.0753872467498118e-30,1.0,INSIDE_MAJORITY,EVALUABLE,EXPLORATORY_CONSUMED_DIAGNOSTIC_ONLY
SS,density_rate,286,HMSO01R_A|PRIMARY|F3|8410477f22210a51bd73f4d2bd5c11b7a2fc4dbb0363248233ffc7d2c3dd07c0,F3,FOLD_2,HMSO01R_A|FIELD_LINEAGE|e25db364da9db9cdb46c3073fa0aa473b93b0eed9df5062f9696d75bd2f90442,0.0,none,0.0,1.0,INSIDE_MAJORITY,EVALUABLE,EXPLORATORY_CONSUMED_DIAGNOSTIC_ONLY
SS,density_rate,287,HMSO01R_A|PRIMARY|F3|b888419bbbcc26de7ec8b027a9528281d2f1a9d121f0adddbe4aa1eda5e70c5e,F3,FOLD_2,HMSO01R_A|FIELD_LINEAGE|41b714ff189f53f826864cf9fac2bed83a6e097351a7033fcea23d658bf21b54,0.0,none,0.0,1.0,INSIDE_MAJORITY,EVALUABLE,EXPLORATORY_CONSUMED_DIAGNOSTIC_ONLY
SS,density_rate,288,HMSO01R_A|PRIMARY|F4|141d214d6fbecf88d4c59a03f8dc3b24beb51fc230773ee890a4b851d346997f,F4,FOLD_0,HMSO01R_A|FIELD_LINEAGE|197d7ec024c0036b09ad028c746809cfe1ed712ccbb40eead96390c6dfdd817b,0.05,transverse,0.008916071362780137,1.0,INSIDE_MAJORITY,EVALUABLE,EXPLORATORY_CONSUMED_DIAGNOSTIC_ONLY
SS,density_rate,289,HMSO01R_A|PRIMARY|F4|8140c0dc3b31c67a47815b694720914564c68a1dc815c23da3a6f1c6aa02932b,F4,FOLD_2,HMSO01R_A|FIELD_LINEAGE|8af782533dccfef4a682f44ff365b7014ae448a56bd62c92877bbd37640adb31,0.05,transverse,0.004921676772963631,1.0,INSIDE_MAJORITY,EVALUABLE,EXPLORATORY_CONSUMED_DIAGNOSTIC_ONLY
SS,density_rate,290,HMSO01R_A|PRIMARY|F4|92d400a387d7fd07980ceaa710bca64dffd4f47ca949167ba5e4f2afdd2a764f,F4,FOLD_5,HMSO01R_A|FIELD_LINEAGE|c9a10c50914a082104b6f42f933e2e8b35494d6ac1b464fc981b740edc26e9a6,0.1,none,0.631921104336128,0.8671875,INSIDE_MAJORITY,EVALUABLE,EXPLORATORY_CONSUMED_DIAGNOSTIC_ONLY
SS,density_rate,291,HMSO01R_A|PRIMARY|F4|51519fc5de1deb527bc7ba7450dbd141324700f1ad0b32b7d8bb03e54859db76,F4,FOLD_0,HMSO01R_A|FIELD_LINEAGE|197d7ec024c0036b09ad028c746809cfe1ed712ccbb40eead96390c6dfdd817b,0.0,transverse,2.4406878076388297e-16,1.0,INSIDE_MAJORITY,EVALUABLE,EXPLORATORY_CONSUMED_DIAGNOSTIC_ONLY
SS,density_rate,292,HMSO01R_A|PRIMARY|F4|8a6dad5114701cab1eb0845285cdf269a4dc3a234a95f4ea2b384a6b6883d0e6,F4,FOLD_4,HMSO01R_A|FIELD_LINEAGE|6359faeb0765247f7e12d6c9e8bbc8898fa74fca5c76c863a6009dffddbcb32e,0.05,longitudinal,1.2071361426139888,0.1328125,OUTSIDE_MAJORITY,EVALUABLE,EXPLORATORY_CONSUMED_DIAGNOSTIC_ONLY
SS,density_rate,293,HMSO01R_A|PRIMARY|F4|9b7be32ff75798d82be6c9492bf1dab25beef5734cfe5b6cd2115aa89aa759dc,F4,FOLD_1,HMSO01R_A|FIELD_LINEAGE|3264ae7008b91adb6f4b677f3ecc13cbe5ab1143b7f33ef501525d095e0b618c,0.0,none,0.0,1.0,INSIDE_MAJORITY,EVALUABLE,EXPLORATORY_CONSUMED_DIAGNOSTIC_ONLY
SS,density_rate,294,HMSO01R_A|PRIMARY|F4|011a48dce8758db0be8307d4005afe69879da0306ec2d99483baa7fcfa9141f4,F4,FOLD_1,HMSO01R_A|FIELD_LINEAGE|3264ae7008b91adb6f4b677f3ecc13cbe5ab1143b7f33ef501525d095e0b618c,0.1,none,0.41008881715375234,0.125,OUTSIDE_MAJORITY,EVALUABLE,EXPLORATORY_CONSUMED_DIAGNOSTIC_ONLY
SS,density_rate,295,HMSO01R_A|PRIMARY|F4|1d6667557d538859f0113641bfa62882220817b677dea9d2829a412690759fc5,F4,FOLD_2,HMSO01R_A|FIELD_LINEAGE|8af782533dccfef4a682f44ff365b7014ae448a56bd62c92877bbd37640adb31,0.1,transverse,0.004754407491298131,1.0,INSIDE_MAJORITY,EVALUABLE,EXPLORATORY_CONSUMED_DIAGNOSTIC_ONLY
SS,density_rate,296,HMSO01R_A|PRIMARY|F4|5258442e75cf59cbe7893e089ad47e17c4d26ed39cd16fec9118870e106baa43,F4,FOLD_3,HMSO01R_A|FIELD_LINEAGE|7a40ff07646995058d8981271562dfa4f2cc77b96f79dba59c7ae90f96586134,0.05,longitudinal,0.44053060633465513,0.84375,INSIDE_MAJORITY,EVALUABLE,EXPLORATORY_CONSUMED_DIAGNOSTIC_ONLY
SS,density_rate,297,HMSO01R_A|PRIMARY|F4|48f2bb8eb7eac96e71b6fba78be3d25c21266edb52344cd820e162bf6df261cd,F4,FOLD_1,HMSO01R_A|FIELD_LINEAGE|3264ae7008b91adb6f4b677f3ecc13cbe5ab1143b7f33ef501525d095e0b618c,0.05,none,0.8015587789681407,0.9921875,INSIDE_MAJORITY,EVALUABLE,EXPLORATORY_CONSUMED_DIAGNOSTIC_ONLY
SS,density_rate,298,HMSO01R_A|PRIMARY|F4|24bcceaed6cf5ba835a35d37ac2f603bbf2c8b0a639ceea6ec234fb6b3977288,F4,FOLD_0,HMSO01R_A|FIELD_LINEAGE|197d7ec024c0036b09ad028c746809cfe1ed712ccbb40eead96390c6dfdd817b,0.1,transverse,0.009889269614838207,0.9453125,INSIDE_MAJORITY,EVALUABLE,EXPLORATORY_CONSUMED_DIAGNOSTIC_ONLY
SS,density_rate,299,HMSO01R_A|PRIMARY|F4|4b6bdffc658fe9deb87879b130fd21d7155bd1b57b10ae5709614368fed74531,F4,FOLD_0,HMSO01R_A|FIELD_LINEAGE|06c31c418b756da4f49834b1270295e826a9807f080171a34a3e7c250369709c,0.0,none,0.0,1.0,INSIDE_MAJORITY,EVALUABLE,EXPLORATORY_CONSUMED_DIAGNOSTIC_ONLY
SS,density_rate,300,HMSO01R_A|PRIMARY|F4|85dc4b95288446dfb72a62b71691cae97be1b4b3c9789b973167c7f0c0024bb0,F4,FOLD_1,HMSO01R_A|FIELD_LINEAGE|5d84595c43a38b585d7953f18ac50da686f8debb482b1cca6058cffe84d274b6,0.05,none,0.7951537336851889,0.953125,INSIDE_MAJORITY,EVALUABLE,EXPLORATORY_CONSUMED_DIAGNOSTIC_ONLY
SS,density_rate,301,HMSO01R_A|PRIMARY|F4|4e7a52c6c115bcd8ae85224372e15761ec9ad1da299c81472e2c7f42bece49c4,F4,FOLD_5,HMSO01R_A|FIELD_LINEAGE|c9a10c50914a082104b6f42f933e2e8b35494d6ac1b464fc981b740edc26e9a6,0.05,none,0.3801145545431492,0.5625,INSIDE_MAJORITY,EVALUABLE,EXPLORATORY_CONSUMED_DIAGNOSTIC_ONLY
SS,density_rate,302,HMSO01R_A|PRIMARY|F4|3e1f516c8924d75bcb1bc1fc285c7fef823b724e7146e632a6edc0d86859301f,F4,FOLD_1,HMSO01R_A|FIELD_LINEAGE|5d84595c43a38b585d7953f18ac50da686f8debb482b1cca6058cffe84d274b6,0.1,none,0.3875868904399741,0.1328125,OUTSIDE_MAJORITY,EVALUABLE,EXPLORATORY_CONSUMED_DIAGNOSTIC_ONLY
SS,density_rate,303,HMSO01R_A|PRIMARY|F4|558f87a2fc4bf2fe995a797fa27bac5203b30df376d948587ab0bb7f9c16d3bd,F4,FOLD_0,HMSO01R_A|FIELD_LINEAGE|197d7ec024c0036b09ad028c746809cfe1ed712ccbb40eead96390c6dfdd817b,0.0,transverse,1.3299100771588935e-13,1.0,INSIDE_MAJORITY,EVALUABLE,EXPLORATORY_CONSUMED_DIAGNOSTIC_ONLY
SS,density_rate,304,HMSO01R_A|PRIMARY|F4|0670d89c61c35c8852c124d9000835eaea91a83b9577472f636a565b59d940d9,F4,FOLD_1,HMSO01R_A|FIELD_LINEAGE|5d84595c43a38b585d7953f18ac50da686f8debb482b1cca6058cffe84d274b6,0.05,none,0.4755473229287548,0.484375,OUTSIDE_MAJORITY,EVALUABLE,EXPLORATORY_CONSUMED_DIAGNOSTIC_ONLY
SS,density_rate,305,HMSO01R_A|PRIMARY|F4|ecaff7cbec579afd2494fc1fad898951c4ea48b684497e65b50613fe038305d3,F4,FOLD_2,HMSO01R_A|FIELD_LINEAGE|8af782533dccfef4a682f44ff365b7014ae448a56bd62c92877bbd37640adb31,0.05,transverse,0.008843304883264942,0.9921875,INSIDE_MAJORITY,EVALUABLE,EXPLORATORY_CONSUMED_DIAGNOSTIC_ONLY
SS,density_rate,306,HMSO01R_A|PRIMARY|F4|71f61d7caa1b1b02179212c15265a1f342ea520af413e9f96a8372d952d11eed,F4,FOLD_0,HMSO01R_A|FIELD_LINEAGE|06c31c418b756da4f49834b1270295e826a9807f080171a34a3e7c250369709c,0.05,none,7.069478091986181e-06,1.0,INSIDE_MAJORITY,EVALUABLE,EXPLORATORY_CONSUMED_DIAGNOSTIC_ONLY
SS,density_rate,307,HMSO01R_A|PRIMARY|F4|85f1b9eed95ecce08d553e89743dc53a15307163bc7008a8726ff536e6a54996,F4,FOLD_2,HMSO01R_A|FIELD_LINEAGE|8af782533dccfef4a682f44ff365b7014ae448a56bd62c92877bbd37640adb31,0.05,transverse,0.002210634144576792,0.984375,INSIDE_MAJORITY,EVALUABLE,EXPLORATORY_CONSUMED_DIAGNOSTIC_ONLY
SS,density_rate,308,HMSO01R_A|PRIMARY|F4|a6ddeab8e93b6db262b39867391f322e9baafa76bed004129fe7780c90cbd6a4,F4,FOLD_0,HMSO01R_A|FIELD_LINEAGE|06c31c418b756da4f49834b1270295e826a9807f080171a34a3e7c250369709c,0.05,none,6.766877249690073e-05,1.0,INSIDE_MAJORITY,EVALUABLE,EXPLORATORY_CONSUMED_DIAGNOSTIC_ONLY
SS,density_rate,309,HMSO01R_A|PRIMARY|F4|11826ade3e5db02d2c6bffdc10f23d4bb93470890790474abf521e919f738b3f,F4,FOLD_2,HMSO01R_A|FIELD_LINEAGE|8af782533dccfef4a682f44ff365b7014ae448a56bd62c92877bbd37640adb31,0.0,transverse,8.729527421515346e-15,1.0,INSIDE_MAJORITY,EVALUABLE,EXPLORATORY_CONSUMED_DIAGNOSTIC_ONLY
SS,density_rate,310,HMSO01R_A|PRIMARY|F4|ef19a86248138ec5e566612bf3df19a10b6bc69a7b14c32e2b817ccf29cc50f2,F4,FOLD_5,HMSO01R_A|FIELD_LINEAGE|c9a10c50914a082104b6f42f933e2e8b35494d6ac1b464fc981b740edc26e9a6,0.05,none,0.6393021040967121,0.9921875,INSIDE_MAJORITY,EVALUABLE,EXPLORATORY_CONSUMED_DIAGNOSTIC_ONLY
SS,density_rate,311,HMSO01R_A|PRIMARY|F4|4929b286a99ab022d26a2dbdc2a23a2bc6d15979bf42d1588c8b2e2c1d73a0e3,F4,FOLD_0,HMSO01R_A|FIELD_LINEAGE|197d7ec024c0036b09ad028c746809cfe1ed712ccbb40eead96390c6dfdd817b,0.05,transverse,0.004311720163714542,0.90625,INSIDE_MAJORITY,EVALUABLE,EXPLORATORY_CONSUMED_DIAGNOSTIC_ONLY
SS,density_rate,312,HMSO01R_A|PRIMARY|F4|e77b23936dd5a7c6d9262ae1d734b30beb458da1fe94bc080bdfac1b7bd85189,F4,FOLD_1,HMSO01R_A|FIELD_LINEAGE|3264ae7008b91adb6f4b677f3ecc13cbe5ab1143b7f33ef501525d095e0b618c,0.1,none,0.7298313817969051,0.7890625,INSIDE_MAJORITY,EVALUABLE,EXPLORATORY_CONSUMED_DIAGNOSTIC_ONLY
SS,density_rate,313,HMSO01R_A|PRIMARY|F4|8944eefcfb134a9bbf050fe15d6081c6962a214b6ed3d413508e814400676f0f,F4,FOLD_4,HMSO01R_A|FIELD_LINEAGE|6359faeb0765247f7e12d6c9e8bbc8898fa74fca5c76c863a6009dffddbcb32e,0.1,longitudinal,1.092335726359177,0.046875,OUTSIDE_MAJORITY,EVALUABLE,EXPLORATORY_CONSUMED_DIAGNOSTIC_ONLY
SS,density_rate,314,HMSO01R_A|PRIMARY|F4|e25d3f9fc33911ad2bdacf9851f072f8da6dbe4f6c19d60b1710f16572063c8d,F4,FOLD_0,HMSO01R_A|FIELD_LINEAGE|06c31c418b756da4f49834b1270295e826a9807f080171a34a3e7c250369709c,0.0,none,0.0,1.0,INSIDE_MAJORITY,EVALUABLE,EXPLORATORY_CONSUMED_DIAGNOSTIC_ONLY
SS,density_rate,315,HMSO01R_A|PRIMARY|F4|d250879e475816f6e92630481055f2ad783960a4b225044b2988cc1f044532fc,F4,FOLD_1,HMSO01R_A|FIELD_LINEAGE|5d84595c43a38b585d7953f18ac50da686f8debb482b1cca6058cffe84d274b6,0.0,none,0.38154140800844605,1.0,INSIDE_MAJORITY,EVALUABLE,EXPLORATORY_CONSUMED_DIAGNOSTIC_ONLY
SS,density_rate,316,HMSO01R_A|PRIMARY|F4|56464c262bb157790092f749cb48a04e8d8a0b8bedf3e324b5320e9a10b6d09e,F4,FOLD_0,HMSO01R_A|FIELD_LINEAGE|197d7ec024c0036b09ad028c746809cfe1ed712ccbb40eead96390c6dfdd817b,0.05,transverse,0.00882890632600059,0.984375,INSIDE_MAJORITY,EVALUABLE,EXPLORATORY_CONSUMED_DIAGNOSTIC_ONLY
SS,density_rate,317,HMSO01R_A|PRIMARY|F4|ecb76be4664dd9928293363ff466f845a5a7789eaaeda1e8ee5201799daa78c0,F4,FOLD_4,HMSO01R_A|FIELD_LINEAGE|6359faeb0765247f7e12d6c9e8bbc8898fa74fca5c76c863a6009dffddbcb32e,0.0,longitudinal,0.4562739773158969,0.65625,INSIDE_MAJORITY,EVALUABLE,EXPLORATORY_CONSUMED_DIAGNOSTIC_ONLY
SS,density_rate,318,HMSO01R_A|PRIMARY|F4|88dcd723af748de6ff950507849f3825b8d8f3553a5bcc217487217a0f9a7a63,F4,FOLD_5,HMSO01R_A|FIELD_LINEAGE|c9a10c50914a082104b6f42f933e2e8b35494d6ac1b464fc981b740edc26e9a6,0.0,none,1.646335209907928e-32,1.0,INSIDE_MAJORITY,EVALUABLE,EXPLORATORY_CONSUMED_DIAGNOSTIC_ONLY
SS,density_rate,319,HMSO01R_A|PRIMARY|F4|5713909151f3cd04934c16355de455e1018dfb770f2f64df240e5db9c47d5fb1,F4,FOLD_5,HMSO01R_A|FIELD_LINEAGE|c9a10c50914a082104b6f42f933e2e8b35494d6ac1b464fc981b740edc26e9a6,0.1,none,0.4605220393739128,0.640625,INSIDE_MAJORITY,EVALUABLE,EXPLORATORY_CONSUMED_DIAGNOSTIC_ONLY
SS,density_rate,320,HMSO01R_A|PRIMARY|F4|93aad5841f6682ecd48e9ead6bb4002efba75cd6704198bd8907aea0d47c8d7a,F4,FOLD_3,HMSO01R_A|FIELD_LINEAGE|7a40ff07646995058d8981271562dfa4f2cc77b96f79dba59c7ae90f96586134,0.1,longitudinal,0.42840211157500163,0.28125,OUTSIDE_MAJORITY,EVALUABLE,EXPLORATORY_CONSUMED_DIAGNOSTIC_ONLY
SS,density_rate,321,HMSO01R_A|PRIMARY|F4|367bce2de86b385d49af0dfa7e9148a0411935febd6ae7b0c77d7e5337e2b946,F4,FOLD_1,HMSO01R_A|FIELD_LINEAGE|3264ae7008b91adb6f4b677f3ecc13cbe5ab1143b7f33ef501525d095e0b618c,0.05,none,0.457351725801393,0.453125,OUTSIDE_MAJORITY,EVALUABLE,EXPLORATORY_CONSUMED_DIAGNOSTIC_ONLY
SS,density_rate,322,HMSO01R_A|PRIMARY|F4|67783874e0d03b7d1319229ffa56ea5f5807a8da29ee591962ad5c4a5d4aa291,F4,FOLD_2,HMSO01R_A|FIELD_LINEAGE|8af782533dccfef4a682f44ff365b7014ae448a56bd62c92877bbd37640adb31,0.0,transverse,7.574635547364129e-11,1.0,INSIDE_MAJORITY,EVALUABLE,EXPLORATORY_CONSUMED_DIAGNOSTIC_ONLY
SS,density_rate,323,HMSO01R_A|PRIMARY|F4|cf8e0f28eda1cea7b1e3865285dbd80d01ab677e45643ecd3ea5b887c3b903a3,F4,FOLD_4,HMSO01R_A|FIELD_LINEAGE|6359faeb0765247f7e12d6c9e8bbc8898fa74fca5c76c863a6009dffddbcb32e,0.0,longitudinal,0.5145214100035738,0.609375,INSIDE_MAJORITY,EVALUABLE,EXPLORATORY_CONSUMED_DIAGNOSTIC_ONLY
SS,density_rate,324,HMSO01R_A|PRIMARY|F4|0e2a37aabd2842d397826b1ca21a59a95541d00614cef99316c77d0e366d36d4,F4,FOLD_4,HMSO01R_A|FIELD_LINEAGE|6359faeb0765247f7e12d6c9e8bbc8898fa74fca5c76c863a6009dffddbcb32e,0.1,longitudinal,0.4445323483873597,0.2578125,OUTSIDE_MAJORITY,EVALUABLE,EXPLORATORY_CONSUMED_DIAGNOSTIC_ONLY
SS,density_rate,325,HMSO01R_A|PRIMARY|F4|8289d34ef953a6f182f5bbf0101c3a909aa131a7b4ef8051e96ed317d9d18138,F4,FOLD_1,HMSO01R_A|FIELD_LINEAGE|5d84595c43a38b585d7953f18ac50da686f8debb482b1cca6058cffe84d274b6,0.1,none,0.5819126400188189,0.5703125,INSIDE_MAJORITY,EVALUABLE,EXPLORATORY_CONSUMED_DIAGNOSTIC_ONLY
SS,density_rate,326,HMSO01R_A|PRIMARY|F4|56b946dabb5968a6b21b25f90019cfff82607fbed847e03471c8231bd3620084,F4,FOLD_1,HMSO01R_A|FIELD_LINEAGE|3264ae7008b91adb6f4b677f3ecc13cbe5ab1143b7f33ef501525d095e0b618c,0.0,none,0.0,1.0,INSIDE_MAJORITY,EVALUABLE,EXPLORATORY_CONSUMED_DIAGNOSTIC_ONLY
SS,density_rate,327,HMSO01R_A|PRIMARY|F4|0bef625e78c23809d27376d709781637b1ca99c4bf76c5eedcc0ca7586ad0d28,F4,FOLD_4,HMSO01R_A|FIELD_LINEAGE|6359faeb0765247f7e12d6c9e8bbc8898fa74fca5c76c863a6009dffddbcb32e,0.05,longitudinal,1.1234497565958075,0.1328125,OUTSIDE_MAJORITY,EVALUABLE,EXPLORATORY_CONSUMED_DIAGNOSTIC_ONLY
SS,density_rate,328,HMSO01R_A|PRIMARY|F4|c02320354fd792272cea49a4547cc64bea66d0c42060ac90ccbf8fb91fe26cd1,F4,FOLD_5,HMSO01R_A|FIELD_LINEAGE|c9a10c50914a082104b6f42f933e2e8b35494d6ac1b464fc981b740edc26e9a6,0.0,none,2.3059661702970028e-34,1.0,INSIDE_MAJORITY,EVALUABLE,EXPLORATORY_CONSUMED_DIAGNOSTIC_ONLY
SS,density_rate,329,HMSO01R_A|PRIMARY|F4|60d61a86c9c80d6addab5af159923a601fd7ed1edee92f2f4cbb301a86fb909a,F4,FOLD_1,HMSO01R_A|FIELD_LINEAGE|3264ae7008b91adb6f4b677f3ecc13cbe5ab1143b7f33ef501525d095e0b618c,0.1,none,0.5766718691993838,0.53125,INSIDE_MAJORITY,EVALUABLE,EXPLORATORY_CONSUMED_DIAGNOSTIC_ONLY
SS,density_rate,330,HMSO01R_A|PRIMARY|F4|85b9e2bb526dacaa593ccb65df264a96a4d27bede934ce2ecb57f157e3bc9a19,F4,FOLD_3,HMSO01R_A|FIELD_LINEAGE|7a40ff07646995058d8981271562dfa4f2cc77b96f79dba59c7ae90f96586134,0.0,longitudinal,0.7063079229075457,0.859375,INSIDE_MAJORITY,EVALUABLE,EXPLORATORY_CONSUMED_DIAGNOSTIC_ONLY
SS,density_rate,331,HMSO01R_A|PRIMARY|F4|c93564795c53c5b8f2acb7004944a5bf63ea14ebbf8f65a568b2a0b51ef1fb4d,F4,FOLD_5,HMSO01R_A|FIELD_LINEAGE|c9a10c50914a082104b6f42f933e2e8b35494d6ac1b464fc981b740edc26e9a6,0.05,none,0.5312568400510058,0.984375,INSIDE_MAJORITY,EVALUABLE,EXPLORATORY_CONSUMED_DIAGNOSTIC_ONLY
SS,density_rate,332,HMSO01R_A|PRIMARY|F4|c97a86869fce5865992f34bd7205509a7db68ce38ef12dd68bb413852c722653,F4,FOLD_3,HMSO01R_A|FIELD_LINEAGE|7a40ff07646995058d8981271562dfa4f2cc77b96f79dba59c7ae90f96586134,0.05,longitudinal,0.41617288720644036,0.5859375,INSIDE_MAJORITY,EVALUABLE,EXPLORATORY_CONSUMED_DIAGNOSTIC_ONLY
SS,density_rate,333,HMSO01R_A|PRIMARY|F4|6eca32e2ed9db412095b6bb1621309c554428bd902055e55d93c3dbb255ef660,F4,FOLD_3,HMSO01R_A|FIELD_LINEAGE|7a40ff07646995058d8981271562dfa4f2cc77b96f79dba59c7ae90f96586134,0.0,longitudinal,0.5641694714501065,0.84375,INSIDE_MAJORITY,EVALUABLE,EXPLORATORY_CONSUMED_DIAGNOSTIC_ONLY
SS,density_rate,334,HMSO01R_A|PRIMARY|F4|4d3ce164d8efe045e29b60ed83ff347cfa2fafe49965f090ff32a2e7acec3e50,F4,FOLD_4,HMSO01R_A|FIELD_LINEAGE|6359faeb0765247f7e12d6c9e8bbc8898fa74fca5c76c863a6009dffddbcb32e,0.05,longitudinal,0.5902699328022348,0.3046875,OUTSIDE_MAJORITY,EVALUABLE,EXPLORATORY_CONSUMED_DIAGNOSTIC_ONLY
SS,density_rate,335,HMSO01R_A|PRIMARY|F4|f2c4fabe042f5b8aea1f288e25844f23d9a120de8e396a36c9ca1d2e6ccce438,F4,FOLD_4,HMSO01R_A|FIELD_LINEAGE|6359faeb0765247f7e12d6c9e8bbc8898fa74fca5c76c863a6009dffddbcb32e,0.1,longitudinal,0.7068032811376452,0.171875,OUTSIDE_MAJORITY,EVALUABLE,EXPLORATORY_CONSUMED_DIAGNOSTIC_ONLY
SS,density_rate,336,HMSO01R_A|PRIMARY|F4|9768d97a717e98019abe133a1abe111c5fca5e302e9f72f7322cf07b6ef97904,F4,FOLD_2,HMSO01R_A|FIELD_LINEAGE|8af782533dccfef4a682f44ff365b7014ae448a56bd62c92877bbd37640adb31,0.1,transverse,0.0013209032139817338,0.7734375,INSIDE_MAJORITY,EVALUABLE,EXPLORATORY_CONSUMED_DIAGNOSTIC_ONLY
SS,density_rate,337,HMSO01R_A|PRIMARY|F4|2c7351f1aa4e82a7579ba6807a834a23987ceda38177da350424d7892a8de9f8,F4,FOLD_4,HMSO01R_A|FIELD_LINEAGE|6359faeb0765247f7e12d6c9e8bbc8898fa74fca5c76c863a6009dffddbcb32e,0.05,longitudinal,0.4619503425888186,0.3984375,OUTSIDE_MAJORITY,EVALUABLE,EXPLORATORY_CONSUMED_DIAGNOSTIC_ONLY
SS,density_rate,338,HMSO01R_A|PRIMARY|F4|9bbc1a27b5a28b8b1cbc9397ac21c221597c0b4297abbe6d2c46d9068ef63a3a,F4,FOLD_3,HMSO01R_A|FIELD_LINEAGE|7a40ff07646995058d8981271562dfa4f2cc77b96f79dba59c7ae90f96586134,0.1,longitudinal,0.4193827387832577,0.8125,INSIDE_MAJORITY,EVALUABLE,EXPLORATORY_CONSUMED_DIAGNOSTIC_ONLY
SS,density_rate,339,HMSO01R_A|PRIMARY|F4|a577084b300c5f034112e0aa6d4197f7bb336db3aebc017e187cc64ede052782,F4,FOLD_0,HMSO01R_A|FIELD_LINEAGE|06c31c418b756da4f49834b1270295e826a9807f080171a34a3e7c250369709c,0.0,none,0.0,1.0,INSIDE_MAJORITY,EVALUABLE,EXPLORATORY_CONSUMED_DIAGNOSTIC_ONLY
SS,density_rate,340,HMSO01R_A|PRIMARY|F4|13c67e1ebb51f50250e869a5f3a557602950c66494025b2a470f6b48342a31ea,F4,FOLD_3,HMSO01R_A|FIELD_LINEAGE|7a40ff07646995058d8981271562dfa4f2cc77b96f79dba59c7ae90f96586134,0.05,longitudinal,0.4757531421015648,0.921875,INSIDE_MAJORITY,EVALUABLE,EXPLORATORY_CONSUMED_DIAGNOSTIC_ONLY
SS,density_rate,341,HMSO01R_A|PRIMARY|F4|edab4679e82b888e2650cc858316bd212ed80b7e90262d2c10bbefda6974c3cb,F4,FOLD_0,HMSO01R_A|FIELD_LINEAGE|06c31c418b756da4f49834b1270295e826a9807f080171a34a3e7c250369709c,0.05,none,6.501100499945781e-06,1.0,INSIDE_MAJORITY,EVALUABLE,EXPLORATORY_CONSUMED_DIAGNOSTIC_ONLY
SS,density_rate,342,HMSO01R_A|PRIMARY|F4|93f336d5095c9a841b2e50a3fed0819138ef2e6d7698442409f0d4608bb285e9,F4,FOLD_0,HMSO01R_A|FIELD_LINEAGE|06c31c418b756da4f49834b1270295e826a9807f080171a34a3e7c250369709c,0.1,none,0.00034634523200182565,0.65625,INSIDE_MAJORITY,EVALUABLE,EXPLORATORY_CONSUMED_DIAGNOSTIC_ONLY
SS,density_rate,343,HMSO01R_A|PRIMARY|F4|3ecea2b0aa1bdaa68d2f1356e87b52064a96f8259663d3d03b044ceaf96f9cbc,F4,FOLD_1,HMSO01R_A|FIELD_LINEAGE|5d84595c43a38b585d7953f18ac50da686f8debb482b1cca6058cffe84d274b6,0.1,none,0.6370081315463444,0.7578125,INSIDE_MAJORITY,EVALUABLE,EXPLORATORY_CONSUMED_DIAGNOSTIC_ONLY
SS,density_rate,344,HMSO01R_A|PRIMARY|F4|b2269306cf2fc8a4591e8938af5813db53954684c008bd6a8cddd0d650dfaa59,F4,FOLD_0,HMSO01R_A|FIELD_LINEAGE|197d7ec024c0036b09ad028c746809cfe1ed712ccbb40eead96390c6dfdd817b,0.05,transverse,0.0031039405991314366,0.9921875,INSIDE_MAJORITY,EVALUABLE,EXPLORATORY_CONSUMED_DIAGNOSTIC_ONLY
SS,density_rate,345,HMSO01R_A|PRIMARY|F4|add41ee9198075a3a19c4e02467ad427e3909e0b283ae14140a03b1ecf2a0f11,F4,FOLD_3,HMSO01R_A|FIELD_LINEAGE|7a40ff07646995058d8981271562dfa4f2cc77b96f79dba59c7ae90f96586134,0.05,longitudinal,0.47212711662923523,0.9375,INSIDE_MAJORITY,EVALUABLE,EXPLORATORY_CONSUMED_DIAGNOSTIC_ONLY
SS,density_rate,346,HMSO01R_A|PRIMARY|F4|5e95bd4803f822dd8674c13a449420695c5df56cd9393606e1f3b9a611de51f1,F4,FOLD_2,HMSO01R_A|FIELD_LINEAGE|8af782533dccfef4a682f44ff365b7014ae448a56bd62c92877bbd37640adb31,0.05,transverse,0.006739278647721709,1.0,INSIDE_MAJORITY,EVALUABLE,EXPLORATORY_CONSUMED_DIAGNOSTIC_ONLY
SS,density_rate,347,HMSO01R_A|PRIMARY|F4|24f4ce932c7a7827efac3d2f928c557f54e4049809f5e73fbf1b9f52867a1edd,F4,FOLD_1,HMSO01R_A|FIELD_LINEAGE|5d84595c43a38b585d7953f18ac50da686f8debb482b1cca6058cffe84d274b6,0.05,none,0.8335792628455925,0.9609375,INSIDE_MAJORITY,EVALUABLE,EXPLORATORY_CONSUMED_DIAGNOSTIC_ONLY
SS,density_rate,348,HMSO01R_A|PRIMARY|F4|18ac4d31edf7a505ad239621dfdf76d1766a2c67683ae1b62d6989cad714c2d7,F4,FOLD_0,HMSO01R_A|FIELD_LINEAGE|197d7ec024c0036b09ad028c746809cfe1ed712ccbb40eead96390c6dfdd817b,0.0,transverse,3.7280604003665885e-10,1.0,INSIDE_MAJORITY,EVALUABLE,EXPLORATORY_CONSUMED_DIAGNOSTIC_ONLY
SS,density_rate,349,HMSO01R_A|PRIMARY|F4|1cc6c0e80b8899df18a73353bf6f7ed7c04f29c45158e61ee28cb2624ac746fe,F4,FOLD_4,HMSO01R_A|FIELD_LINEAGE|6359faeb0765247f7e12d6c9e8bbc8898fa74fca5c76c863a6009dffddbcb32e,0.05,longitudinal,0.4996962614352968,0.5,INSIDE_MAJORITY,EVALUABLE,EXPLORATORY_CONSUMED_DIAGNOSTIC_ONLY
SS,density_rate,350,HMSO01R_A|PRIMARY|F4|d33d0be38e4684bb33437a9df95a1ae6cc0a7aebc3f0a71bfa4fa8cbc4555242,F4,FOLD_1,HMSO01R_A|FIELD_LINEAGE|5d84595c43a38b585d7953f18ac50da686f8debb482b1cca6058cffe84d274b6,0.0,none,0.5977304384407277,1.0,INSIDE_MAJORITY,EVALUABLE,EXPLORATORY_CONSUMED_DIAGNOSTIC_ONLY
SS,density_rate,351,HMSO01R_A|PRIMARY|F4|5a2e3a505c133416c8dbb86a08170301d688109094d8674ee8080dc96049ad55,F4,FOLD_0,HMSO01R_A|FIELD_LINEAGE|06c31c418b756da4f49834b1270295e826a9807f080171a34a3e7c250369709c,0.05,none,1.3423034260319821e-05,1.0,INSIDE_MAJORITY,EVALUABLE,EXPLORATORY_CONSUMED_DIAGNOSTIC_ONLY
SS,density_rate,352,HMSO01R_A|PRIMARY|F4|3b38bca5ba7eb3e076d691c07d5fefab92d9894c689c32264b3e80a8f629fae5,F4,FOLD_1,HMSO01R_A|FIELD_LINEAGE|3264ae7008b91adb6f4b677f3ecc13cbe5ab1143b7f33ef501525d095e0b618c,0.05,none,0.6688528092945849,0.5859375,INSIDE_MAJORITY,EVALUABLE,EXPLORATORY_CONSUMED_DIAGNOSTIC_ONLY
SS,density_rate,353,HMSO01R_A|PRIMARY|F4|1453b091d0daa0c4e730c8e0c233a19b45a418a33d5d34531f6df7ff2203213a,F4,FOLD_1,HMSO01R_A|FIELD_LINEAGE|3264ae7008b91adb6f4b677f3ecc13cbe5ab1143b7f33ef501525d095e0b618c,0.05,none,0.7602086014361388,0.9765625,INSIDE_MAJORITY,EVALUABLE,EXPLORATORY_CONSUMED_DIAGNOSTIC_ONLY
SS,density_rate,354,HMSO01R_A|PRIMARY|F4|2a57c8fd48f74b76db849058b1fbda9ce73e7c1e67e92c7bb77564c77611730e,F4,FOLD_1,HMSO01R_A|FIELD_LINEAGE|3264ae7008b91adb6f4b677f3ecc13cbe5ab1143b7f33ef501525d095e0b618c,0.05,none,0.680121655093018,1.0,INSIDE_MAJORITY,EVALUABLE,EXPLORATORY_CONSUMED_DIAGNOSTIC_ONLY
SS,density_rate,355,HMSO01R_A|PRIMARY|F4|9f56c3d5d44bf58a93d9ca6afd6c4e8f218ea1cdd2052a96a5e56647a1dfd799,F4,FOLD_2,HMSO01R_A|FIELD_LINEAGE|8af782533dccfef4a682f44ff365b7014ae448a56bd62c92877bbd37640adb31,0.1,transverse,0.00461019992606107,0.984375,INSIDE_MAJORITY,EVALUABLE,EXPLORATORY_CONSUMED_DIAGNOSTIC_ONLY
SS,density_rate,356,HMSO01R_A|PRIMARY|F4|4af9d799645306b976781f74aaac033fc6a03925c4707f61d4dde7f0466e1248,F4,FOLD_1,HMSO01R_A|FIELD_LINEAGE|5d84595c43a38b585d7953f18ac50da686f8debb482b1cca6058cffe84d274b6,0.05,none,0.7716201413327699,1.0,INSIDE_MAJORITY,EVALUABLE,EXPLORATORY_CONSUMED_DIAGNOSTIC_ONLY
SS,density_rate,357,HMSO01R_A|PRIMARY|F4|70cefd0a326a1189e857a24bc47d3a308a01c71266a610d97da19fe3475449b3,F4,FOLD_0,HMSO01R_A|FIELD_LINEAGE|06c31c418b756da4f49834b1270295e826a9807f080171a34a3e7c250369709c,0.1,none,6.349262197938875e-05,0.984375,INSIDE_MAJORITY,EVALUABLE,EXPLORATORY_CONSUMED_DIAGNOSTIC_ONLY
SS,density_rate,358,HMSO01R_A|PRIMARY|F4|d12ba8221e83ef54db206896c0ccfc71b0d9e5c69260022a3f60f552de527261,F4,FOLD_5,HMSO01R_A|FIELD_LINEAGE|c9a10c50914a082104b6f42f933e2e8b35494d6ac1b464fc981b740edc26e9a6,0.1,none,0.2916594517536951,0.109375,OUTSIDE_MAJORITY,EVALUABLE,EXPLORATORY_CONSUMED_DIAGNOSTIC_ONLY
SS,density_rate,359,HMSO01R_A|PRIMARY|F4|6b8727c73995a66d16356a1d36b4933859c3b2fbc63ae62c24b1e21bc11073b5,F4,FOLD_3,HMSO01R_A|FIELD_LINEAGE|7a40ff07646995058d8981271562dfa4f2cc77b96f79dba59c7ae90f96586134,0.05,longitudinal,0.4202600522240507,0.6015625,INSIDE_MAJORITY,EVALUABLE,EXPLORATORY_CONSUMED_DIAGNOSTIC_ONLY
SS,density_rate,360,HMSO01R_A|PRIMARY|F4|743a01d4399472eed3d8ffd9c7a32e1f3a40e5b1780978943bf05c8e760eff58,F4,FOLD_0,HMSO01R_A|FIELD_LINEAGE|06c31c418b756da4f49834b1270295e826a9807f080171a34a3e7c250369709c,0.1,none,3.149460952877565e-05,1.0,INSIDE_MAJORITY,EVALUABLE,EXPLORATORY_CONSUMED_DIAGNOSTIC_ONLY
SS,density_rate,361,HMSO01R_A|PRIMARY|F4|6f8b0062875af4febf1ed5a9e87719c1f1886be25e2bae8ee74787af55c5c1ab,F4,FOLD_3,HMSO01R_A|FIELD_LINEAGE|7a40ff07646995058d8981271562dfa4f2cc77b96f79dba59c7ae90f96586134,0.0,longitudinal,0.5792678781353575,1.0,INSIDE_MAJORITY,EVALUABLE,EXPLORATORY_CONSUMED_DIAGNOSTIC_ONLY
SS,density_rate,362,HMSO01R_A|PRIMARY|F4|8f1ab78a0a32c0cb988d7b4adfde67f10680eff0253d57272287f87269fe5ac7,F4,FOLD_1,HMSO01R_A|FIELD_LINEAGE|5d84595c43a38b585d7953f18ac50da686f8debb482b1cca6058cffe84d274b6,0.0,none,0.2458825934539451,1.0,INSIDE_MAJORITY,EVALUABLE,EXPLORATORY_CONSUMED_DIAGNOSTIC_ONLY
SS,density_rate,363,HMSO01R_A|PRIMARY|F4|194231f073caf06555d785c43dcc6f91eb5ef962fbd48ce1696e7a0febd8d169,F4,FOLD_5,HMSO01R_A|FIELD_LINEAGE|c9a10c50914a082104b6f42f933e2e8b35494d6ac1b464fc981b740edc26e9a6,0.05,none,0.35480998771437916,0.5625,INSIDE_MAJORITY,EVALUABLE,EXPLORATORY_CONSUMED_DIAGNOSTIC_ONLY
SS,density_rate,364,HMSO01R_A|PRIMARY|F4|4c5124e2fe9ab57f1899643d25ea08bef342b07b4f5a1b63411031808a84e6e5,F4,FOLD_2,HMSO01R_A|FIELD_LINEAGE|8af782533dccfef4a682f44ff365b7014ae448a56bd62c92877bbd37640adb31,0.05,transverse,0.006785540997444557,1.0,INSIDE_MAJORITY,EVALUABLE,EXPLORATORY_CONSUMED_DIAGNOSTIC_ONLY
SS,density_rate,365,HMSO01R_A|PRIMARY|F4|86e0b5c66095d052b370f9153c1c0c79db91e1ce96e3bb2098471bfc1d51f52b,F4,FOLD_1,HMSO01R_A|FIELD_LINEAGE|3264ae7008b91adb6f4b677f3ecc13cbe5ab1143b7f33ef501525d095e0b618c,0.05,none,0.7349267211393282,1.0,INSIDE_MAJORITY,EVALUABLE,EXPLORATORY_CONSUMED_DIAGNOSTIC_ONLY
SS,density_rate,366,HMSO01R_A|PRIMARY|F4|fb27fce189386d914da9e876fe6ee49add0c761025cf76dcac6ae5fb83112597,F4,FOLD_4,HMSO01R_A|FIELD_LINEAGE|6359faeb0765247f7e12d6c9e8bbc8898fa74fca5c76c863a6009dffddbcb32e,0.0,longitudinal,0.5696251564685928,0.6640625,INSIDE_MAJORITY,EVALUABLE,EXPLORATORY_CONSUMED_DIAGNOSTIC_ONLY
SS,density_rate,367,HMSO01R_A|PRIMARY|F4|7786ab7ac7eee1e1201a9d4cd9bb75b985ca5b9bbe57ed362a6bae2ea6a67b5f,F4,FOLD_5,HMSO01R_A|FIELD_LINEAGE|c9a10c50914a082104b6f42f933e2e8b35494d6ac1b464fc981b740edc26e9a6,0.05,none,0.5590795863922633,1.0,INSIDE_MAJORITY,EVALUABLE,EXPLORATORY_CONSUMED_DIAGNOSTIC_ONLY
SS,density_rate,368,HMSO01R_A|PRIMARY|F4|30baa6e6806879515a78f1c62d05bccaab3249b592d8f3bd12ff03c066c53410,F4,FOLD_0,HMSO01R_A|FIELD_LINEAGE|197d7ec024c0036b09ad028c746809cfe1ed712ccbb40eead96390c6dfdd817b,0.1,transverse,0.00504828115529332,0.3671875,OUTSIDE_MAJORITY,EVALUABLE,EXPLORATORY_CONSUMED_DIAGNOSTIC_ONLY
SS,density_rate,369,HMSO01R_A|PRIMARY|F4|b6277718874b120da231461abacc7a7da2022f32e5d8dca303cccaa91f4b4e42,F4,FOLD_5,HMSO01R_A|FIELD_LINEAGE|c9a10c50914a082104b6f42f933e2e8b35494d6ac1b464fc981b740edc26e9a6,0.05,none,0.5478208443393588,1.0,INSIDE_MAJORITY,EVALUABLE,EXPLORATORY_CONSUMED_DIAGNOSTIC_ONLY
SS,density_rate,370,HMSO01R_A|PRIMARY|F4|522b8141f1cd2e67d095769af78530d3f17997c9669d7c69d1e60899303311c6,F4,FOLD_4,HMSO01R_A|FIELD_LINEAGE|6359faeb0765247f7e12d6c9e8bbc8898fa74fca5c76c863a6009dffddbcb32e,0.05,longitudinal,0.524116325682726,0.2265625,OUTSIDE_MAJORITY,EVALUABLE,EXPLORATORY_CONSUMED_DIAGNOSTIC_ONLY
SS,density_rate,371,HMSO01R_A|PRIMARY|F4|d0223a5116363bdb9fdbe576b917d428be2afd61c42aa978a1b394059de4a4d3,F4,FOLD_3,HMSO01R_A|FIELD_LINEAGE|7a40ff07646995058d8981271562dfa4f2cc77b96f79dba59c7ae90f96586134,0.1,longitudinal,0.5231792367083852,0.515625,INSIDE_MAJORITY,EVALUABLE,EXPLORATORY_CONSUMED_DIAGNOSTIC_ONLY
SS,density_rate,372,HMSO01R_A|PRIMARY|F4|06d3cb26de6443a1c4252d88b37fa2f0dcf1c3ed1a44f9c013bc3024e09538bf,F4,FOLD_2,HMSO01R_A|FIELD_LINEAGE|8af782533dccfef4a682f44ff365b7014ae448a56bd62c92877bbd37640adb31,0.0,transverse,1.1031397469302228e-14,1.0,INSIDE_MAJORITY,EVALUABLE,EXPLORATORY_CONSUMED_DIAGNOSTIC_ONLY
SS,density_rate,373,HMSO01R_A|PRIMARY|F4|faa348e08c7229666370404a73443dac623fabd23619b19b7c9c6da56881b0a4,F4,FOLD_1,HMSO01R_A|FIELD_LINEAGE|3264ae7008b91adb6f4b677f3ecc13cbe5ab1143b7f33ef501525d095e0b618c,0.0,none,0.0,1.0,INSIDE_MAJORITY,EVALUABLE,EXPLORATORY_CONSUMED_DIAGNOSTIC_ONLY
SS,density_rate,374,HMSO01R_A|PRIMARY|F4|f86320eb94ec3a1d1974e1cdd67f129ee26e2cc2003115ec42fd58bccce3aec1,F4,FOLD_0,HMSO01R_A|FIELD_LINEAGE|197d7ec024c0036b09ad028c746809cfe1ed712ccbb40eead96390c6dfdd817b,0.05,transverse,0.002764388242990571,0.8828125,INSIDE_MAJORITY,EVALUABLE,EXPLORATORY_CONSUMED_DIAGNOSTIC_ONLY
SS,density_rate,375,HMSO01R_A|PRIMARY|F4|c5dc5e67fe205445cd7e9fb69403cd2d5347418c0d908c36d223c6bb99c2c9c9,F4,FOLD_2,HMSO01R_A|FIELD_LINEAGE|8af782533dccfef4a682f44ff365b7014ae448a56bd62c92877bbd37640adb31,0.05,transverse,0.009768143444041427,1.0,INSIDE_MAJORITY,EVALUABLE,EXPLORATORY_CONSUMED_DIAGNOSTIC_ONLY
SS,density_rate,376,HMSO01R_A|PRIMARY|F4|1205342c8d88b237751559327d73d7a9501b4185f18f551c322b8c45740a2a59,F4,FOLD_0,HMSO01R_A|FIELD_LINEAGE|06c31c418b756da4f49834b1270295e826a9807f080171a34a3e7c250369709c,0.05,none,1.58632480108639e-05,1.0,INSIDE_MAJORITY,EVALUABLE,EXPLORATORY_CONSUMED_DIAGNOSTIC_ONLY
SS,density_rate,377,HMSO01R_A|PRIMARY|F4|acc5fc686f98699095bf8bb584f0cbcd98f5ff8d323f5f6a8f2f6a0a6f56d8fd,F4,FOLD_0,HMSO01R_A|FIELD_LINEAGE|197d7ec024c0036b09ad028c746809cfe1ed712ccbb40eead96390c6dfdd817b,0.05,transverse,0.013226529890670344,1.0,INSIDE_MAJORITY,EVALUABLE,EXPLORATORY_CONSUMED_DIAGNOSTIC_ONLY
SS,density_rate,378,HMSO01R_A|PRIMARY|F4|50ff0808ef66ae99ee108f7b364caec03276f15f3c79c7781f170708a5248bad,F4,FOLD_1,HMSO01R_A|FIELD_LINEAGE|5d84595c43a38b585d7953f18ac50da686f8debb482b1cca6058cffe84d274b6,0.05,none,0.8331609460542744,1.0,INSIDE_MAJORITY,EVALUABLE,EXPLORATORY_CONSUMED_DIAGNOSTIC_ONLY
SS,density_rate,379,HMSO01R_A|PRIMARY|F4|6a327a764bfac2756e747a73a674ce99a7a479505ab80e85fb6e0ce559489722,F4,FOLD_5,HMSO01R_A|FIELD_LINEAGE|c9a10c50914a082104b6f42f933e2e8b35494d6ac1b464fc981b740edc26e9a6,0.0,none,4.269262352606521e-33,1.0,INSIDE_MAJORITY,EVALUABLE,EXPLORATORY_CONSUMED_DIAGNOSTIC_ONLY
SS,density_rate,380,HMSO01R_A|PRIMARY|F4|151f0faa0ec3bffddc64493ea9d1ced59873d77b5045af43474acf1355c1de8d,F4,FOLD_1,HMSO01R_A|FIELD_LINEAGE|5d84595c43a38b585d7953f18ac50da686f8debb482b1cca6058cffe84d274b6,0.05,none,0.5115514622711119,0.53125,INSIDE_MAJORITY,EVALUABLE,EXPLORATORY_CONSUMED_DIAGNOSTIC_ONLY
SS,density_rate,381,HMSO01R_A|PRIMARY|F4|6ae78396c56cbbbfc0796994805858c3967c47bc24f14028345f8a91b53a4c63,F4,FOLD_3,HMSO01R_A|FIELD_LINEAGE|7a40ff07646995058d8981271562dfa4f2cc77b96f79dba59c7ae90f96586134,0.05,longitudinal,0.5282441529216735,0.875,INSIDE_MAJORITY,EVALUABLE,EXPLORATORY_CONSUMED_DIAGNOSTIC_ONLY
SS,density_rate,382,HMSO01R_A|PRIMARY|F4|e935c49b137288ce262897f601f1d1aa7350c95bd540ece1fcec9b3f463e4866,F4,FOLD_0,HMSO01R_A|FIELD_LINEAGE|197d7ec024c0036b09ad028c746809cfe1ed712ccbb40eead96390c6dfdd817b,0.1,transverse,0.014553347149009403,0.828125,INSIDE_MAJORITY,EVALUABLE,EXPLORATORY_CONSUMED_DIAGNOSTIC_ONLY
SS,density_rate,383,HMSO01R_A|PRIMARY|F4|6a6a8bfa9928af9cb01b022a75edc3db06b8fbb4fc71e646b76054dec1f3f066,F4,FOLD_0,HMSO01R_A|FIELD_LINEAGE|06c31c418b756da4f49834b1270295e826a9807f080171a34a3e7c250369709c,0.05,none,7.335521859784977e-05,1.0,INSIDE_MAJORITY,EVALUABLE,EXPLORATORY_CONSUMED_DIAGNOSTIC_ONLY
SS,pressure_gradient_acceleration,0,HMSO01R_A|PRIMARY|F1|17189a9c215416ff2620cbd08f0d84d7ada1a2cc660112d1da29b944116d0cd4,F1,FOLD_0,HMSO01R_A|FIELD_LINEAGE|4389c621e60229f631c944081b4adc544d96927c12f624ff90ee3e85668f651e,0.0,longitudinal,0.0,1.0,INSIDE_MAJORITY,EVALUABLE,EXPLORATORY_CONSUMED_DIAGNOSTIC_ONLY
SS,pressure_gradient_acceleration,1,HMSO01R_A|PRIMARY|F1|a4dcbb5c100eb79e76af22af5e66115d80a192e32c5351ce17a23c9ea395fc58,F1,FOLD_3,HMSO01R_A|FIELD_LINEAGE|39a5eaeb1afddf9af00bec82f67fdf5414fc1d1e11076c2f86704fda2809ab87,0.0,transverse,0.0,1.0,INSIDE_MAJORITY,EVALUABLE,EXPLORATORY_CONSUMED_DIAGNOSTIC_ONLY
SS,pressure_gradient_acceleration,2,HMSO01R_A|PRIMARY|F1|c2e87b38878c4fcdafb44a05b365bc326ef291a8d36233033ae3633cd4114a99,F1,FOLD_5,HMSO01R_A|FIELD_LINEAGE|86f4c153dee170c8ee8f47b2eb988fa25bcda8c9a7b6fd68a3d7256dc3af0a1f,0.0,none,0.005174401317855827,1.0,INSIDE_MAJORITY,EVALUABLE,EXPLORATORY_CONSUMED_DIAGNOSTIC_ONLY
SS,pressure_gradient_acceleration,3,HMSO01R_A|PRIMARY|F1|5c9e81f778749b662a5e524e43479f5e490b215def0762270203c9817e709b9b,F1,FOLD_1,HMSO01R_A|FIELD_LINEAGE|9aaa52aa8afb4f9adfe0d0e7ddb5e3e8101852fdd6ef0a635cf3875b473d16a7,0.0,transverse,0.0,1.0,INSIDE_MAJORITY,EVALUABLE,EXPLORATORY_CONSUMED_DIAGNOSTIC_ONLY
SS,pressure_gradient_acceleration,4,HMSO01R_A|PRIMARY|F1|11515df6f9da405fc42923eeb47db2b4ebe97ceea73b879e18c9259527ebbd13,F1,FOLD_4,HMSO01R_A|FIELD_LINEAGE|e4c235f067a50e9e5304ee0e7ad701299187cd559ceebd74674d932464340e77,0.0,longitudinal,0.0,1.0,INSIDE_MAJORITY,EVALUABLE,EXPLORATORY_CONSUMED_DIAGNOSTIC_ONLY
SS,pressure_gradient_acceleration,5,HMSO01R_A|PRIMARY|F1|29e92b6c39e1d3a436fb2bd671c7071524922a02fbf8851e384bc0c0d658f8fa,F1,FOLD_0,HMSO01R_A|FIELD_LINEAGE|f117df283c3988b3a51ad2a7138592681c02ac94fc8905b0ebf163745ca00f62,0.0,transverse,0.0,1.0,INSIDE_MAJORITY,EVALUABLE,EXPLORATORY_CONSUMED_DIAGNOSTIC_ONLY
SS,pressure_gradient_acceleration,6,HMSO01R_A|PRIMARY|F1|9883cd7992a90f5d6864ab975f80dd9cf59338673fe1489da80f17066b15096b,F1,FOLD_3,HMSO01R_A|FIELD_LINEAGE|7c009b8ab0dfadca9095462a890aab36eac46b48a3c131f7a908a8d37a21f707,0.0,longitudinal,0.0,1.0,INSIDE_MAJORITY,EVALUABLE,EXPLORATORY_CONSUMED_DIAGNOSTIC_ONLY
SS,pressure_gradient_acceleration,7,HMSO01R_A|PRIMARY|F1|9487e088f788d2ec8ba6ae806ea91685d6ebbefde165d132cb5f71e58101c354,F1,FOLD_4,HMSO01R_A|FIELD_LINEAGE|a1c0a919ad122615714cbb9f6b50981061d4f68fe06b618c4cd2688f52f12391,0.0,none,0.007188353878291286,1.0,INSIDE_MAJORITY,EVALUABLE,EXPLORATORY_CONSUMED_DIAGNOSTIC_ONLY
SS,pressure_gradient_acceleration,8,HMSO01R_A|PRIMARY|F1|20535a5b894e69d9162faebb7d09c6da71c5ccb03d06b6550f8c2888772f9134,F1,FOLD_1,HMSO01R_A|FIELD_LINEAGE|fefaa03392c6d5e862f0b98f72e148123eb5332d997aade537062f72a6e1a99c,0.0,none,0.0026183758577699584,1.0,INSIDE_MAJORITY,EVALUABLE,EXPLORATORY_CONSUMED_DIAGNOSTIC_ONLY
SS,pressure_gradient_acceleration,9,HMSO01R_A|PRIMARY|F1|dc3d8aab18d0c255168c9471f21eea7e056899fbb44faeb54799a5443ea70f0c,F1,FOLD_2,HMSO01R_A|FIELD_LINEAGE|d3329a31885ae9100b3a5071d3f6de7c5b314524ba319156e3df439e55667dd5,0.0,none,0.2153244927076346,1.0,INSIDE_MAJORITY,EVALUABLE,EXPLORATORY_CONSUMED_DIAGNOSTIC_ONLY
SS,pressure_gradient_acceleration,10,HMSO01R_A|PRIMARY|F1|a55f2004bfe7a70aa876e79f282731fbb98f78767765a44b0b1d4f8836b8abf4,F1,FOLD_5,HMSO01R_A|FIELD_LINEAGE|0e85d8db167a222553e045c2d06d7055fe817db60fe9573c8fc78f52ed1f8615,0.0,none,0.0007287349382413148,1.0,INSIDE_MAJORITY,EVALUABLE,EXPLORATORY_CONSUMED_DIAGNOSTIC_ONLY
SS,pressure_gradient_acceleration,11,HMSO01R_A|PRIMARY|F1|28c77a8ddd05de23b312f2b66382c02eb5b79e2bf306ff67761448f2db57b19a,F1,FOLD_2,HMSO01R_A|FIELD_LINEAGE|05638fa6abec8d1f9d2070785cb5b62bc36d80415fcae04a6c6b1419139c3003,0.0,none,0.1365837873219497,1.0,INSIDE_MAJORITY,EVALUABLE,EXPLORATORY_CONSUMED_DIAGNOSTIC_ONLY
SS,pressure_gradient_acceleration,12,HMSO01R_A|PRIMARY|F1|95f40357845f50cdbfb609794900692a451d073a196e1de5effa8bf3b10c31d3,F1,FOLD_1,HMSO01R_A|FIELD_LINEAGE|1d03c9c9f560219b53c739310adfe296cf8afec50561d01ce15be76ae73c1479,0.0,none,0.130831287772686,1.0,INSIDE_MAJORITY,EVALUABLE,EXPLORATORY_CONSUMED_DIAGNOSTIC_ONLY
SS,pressure_gradient_acceleration,13,HMSO01R_A|PRIMARY|F1|26d3e67e50ad7a7aa5a033717aad4a0174bbd3a8a498e7e470cb77fc7090aba8,F1,FOLD_1,HMSO01R_A|FIELD_LINEAGE|008a4638c8cb2247bc6cd62f75f3daa09b2e49ba7d73812777f0a31f466efb5e,0.0,longitudinal,0.0,1.0,INSIDE_MAJORITY,EVALUABLE,EXPLORATORY_CONSUMED_DIAGNOSTIC_ONLY
SS,pressure_gradient_acceleration,14,HMSO01R_A|PRIMARY|F1|551fa9df47aa6d1ed2b65dd205e190a22a7f8bbbeba84ce8cd3bbf30d0d2c86c,F1,FOLD_2,HMSO01R_A|FIELD_LINEAGE|8d1e4918227588e163eea87a946c88983d6e03486114766be90d0602757fb4c2,0.0,longitudinal,0.0,1.0,INSIDE_MAJORITY,EVALUABLE,EXPLORATORY_CONSUMED_DIAGNOSTIC_ONLY
SS,pressure_gradient_acceleration,15,HMSO01R_A|PRIMARY|F1|4677eaef7506ee864d1ee7c775444f00fae07b93f4e69bffa18aed1490049204,F1,FOLD_0,HMSO01R_A|FIELD_LINEAGE|1b6f0cb3de33bc6abdb0882404222836bd00a9ad3c6fe2c95af35a87f0fa1200,0.0,none,0.16955935967096775,1.0,INSIDE_MAJORITY,EVALUABLE,EXPLORATORY_CONSUMED_DIAGNOSTIC_ONLY
SS,pressure_gradient_acceleration,16,HMSO01R_A|PRIMARY|F1|e4d028900be8963e34d3514450da85cf7e51369728095a44147a375b17ff63f3,F1,FOLD_5,HMSO01R_A|FIELD_LINEAGE|86c895c14384dc9ce73736790948d3516d7de8be96dc834ec48d9a651e6b8e5e,0.0,longitudinal,0.0,1.0,INSIDE_MAJORITY,EVALUABLE,EXPLORATORY_CONSUMED_DIAGNOSTIC_ONLY
SS,pressure_gradient_acceleration,17,HMSO01R_A|PRIMARY|F1|8853d353badbe5291c0ebcfaf568093874927630ed91db99e44043086bc2bd77,F1,FOLD_4,HMSO01R_A|FIELD_LINEAGE|093dc802dc5954d756689fb97f687ee9b46c368f5fe625c807448d3bc43a1926,0.0,none,1.3925803500197027,1.0,INSIDE_MAJORITY,EVALUABLE,EXPLORATORY_CONSUMED_DIAGNOSTIC_ONLY
SS,pressure_gradient_acceleration,18,HMSO01R_A|PRIMARY|F1|caffac0e852992e38bf950f2604d4982870d7de259ba736aae7ebd5004b0e98b,F1,FOLD_3,HMSO01R_A|FIELD_LINEAGE|0e65acebdbaa92caa4bcb30c2a0feac4a5469aac1dd76780539181916f956f58,0.0,none,0.18574840697352935,1.0,INSIDE_MAJORITY,EVALUABLE,EXPLORATORY_CONSUMED_DIAGNOSTIC_ONLY
SS,pressure_gradient_acceleration,19,HMSO01R_A|PRIMARY|F1|60e871a6c20d0af14c3ace9907424d9db227d34f041ddac4df9aa0a3b0bb1f33,F1,FOLD_0,HMSO01R_A|FIELD_LINEAGE|f117df283c3988b3a51ad2a7138592681c02ac94fc8905b0ebf163745ca00f62,0.0,transverse,0.0,1.0,INSIDE_MAJORITY,EVALUABLE,EXPLORATORY_CONSUMED_DIAGNOSTIC_ONLY
SS,pressure_gradient_acceleration,20,HMSO01R_A|PRIMARY|F1|71098b9cd54436f1ef43bd82182ddda4df38006388ef812629c7c85d4a1ee54a,F1,FOLD_3,HMSO01R_A|FIELD_LINEAGE|16eb11153f438a544fbde5e29c9d4f0fc922c6cc49338ba6f7c68206ac580c7f,0.0,none,0.7317640101761662,1.0,INSIDE_MAJORITY,EVALUABLE,EXPLORATORY_CONSUMED_DIAGNOSTIC_ONLY
SS,pressure_gradient_acceleration,21,HMSO01R_A|PRIMARY|F1|74878e2e410283bf5b8d858ce2e548e073e0dfb665a012817708b2ea789c0d47,F1,FOLD_2,HMSO01R_A|FIELD_LINEAGE|6af5032f0b166e8e3ff27ce0b5fdfb49cda87c61afe66a4eb6eb807e625daf8a,0.0,transverse,0.0,1.0,INSIDE_MAJORITY,EVALUABLE,EXPLORATORY_CONSUMED_DIAGNOSTIC_ONLY
SS,pressure_gradient_acceleration,22,HMSO01R_A|PRIMARY|F1|5a2a9369cfead6c6a1da9e80f9c5447c935f07e66b8f7bb9ce0dc8ec94be5ff5,F1,FOLD_3,HMSO01R_A|FIELD_LINEAGE|e2940f5e79800b14b8eefcdb52a6c4eb9c2bcacb794aadbf19ab173720ccdfc9,0.0,none,0.025865725546107526,1.0,INSIDE_MAJORITY,EVALUABLE,EXPLORATORY_CONSUMED_DIAGNOSTIC_ONLY
SS,pressure_gradient_acceleration,23,HMSO01R_A|PRIMARY|F1|f0e0780bc33cf937b9317da0fd002ac7503f6caf7b9cb2ee921712e29ac5db01,F1,FOLD_0,HMSO01R_A|FIELD_LINEAGE|429c6019f8749d53e4581b918e84a928af92c02c8bd8516136f7bea7e94cf671,0.0,transverse,0.0,1.0,INSIDE_MAJORITY,EVALUABLE,EXPLORATORY_CONSUMED_DIAGNOSTIC_ONLY
SS,pressure_gradient_acceleration,24,HMSO01R_A|PRIMARY|F1|6c20eb043c375744b73d04ab8ec845a805d28af301d2b852ab9d4c4b2c29898d,F1,FOLD_1,HMSO01R_A|FIELD_LINEAGE|40ad278dca26109101acf56cf89434c2db030106327c552c8aaad7f18589b1fc,0.0,longitudinal,0.0,1.0,INSIDE_MAJORITY,EVALUABLE,EXPLORATORY_CONSUMED_DIAGNOSTIC_ONLY
SS,pressure_gradient_acceleration,25,HMSO01R_A|PRIMARY|F1|3844816a275020bfa174550105913eff0bb0a0b952d577b0e78ce0b6d881587b,F1,FOLD_0,HMSO01R_A|FIELD_LINEAGE|55cdcba2ab757796978976644840d2bce6b96e998f32047a71aff1f289ed6480,0.0,longitudinal,0.0,1.0,INSIDE_MAJORITY,EVALUABLE,EXPLORATORY_CONSUMED_DIAGNOSTIC_ONLY
SS,pressure_gradient_acceleration,26,HMSO01R_A|PRIMARY|F1|73de76417820ead0c529b6f49ef57cb57cd9e90562de185ceaee69461322faf0,F1,FOLD_4,HMSO01R_A|FIELD_LINEAGE|367777ab46eb41f1d6390744a91dc4aea35bac8f23f02a2f5c6dee473916edbd,0.0,transverse,0.0,1.0,INSIDE_MAJORITY,EVALUABLE,EXPLORATORY_CONSUMED_DIAGNOSTIC_ONLY
SS,pressure_gradient_acceleration,27,HMSO01R_A|PRIMARY|F1|3bcd9b0dfe43f7d54283d3409374d08e380284b0e39647cc9be2378c77c2427d,F1,FOLD_3,HMSO01R_A|FIELD_LINEAGE|e853753ed3befc6151b8f2c4e9e3797938a7689193c2157695f0b61b8e60abc8,0.0,none,0.008203557742871997,1.0,INSIDE_MAJORITY,EVALUABLE,EXPLORATORY_CONSUMED_DIAGNOSTIC_ONLY
SS,pressure_gradient_acceleration,28,HMSO01R_A|PRIMARY|F1|447fd86c5d23a208d7175d372dc45ee38c1541cf5afadcbce00d200820555993,F1,FOLD_2,HMSO01R_A|FIELD_LINEAGE|e0695af14e7ff6ed68d0eaa0320bde868bdf2eddcd09aade2748baa3ab9013d9,0.0,longitudinal,0.0,1.0,INSIDE_MAJORITY,EVALUABLE,EXPLORATORY_CONSUMED_DIAGNOSTIC_ONLY
SS,pressure_gradient_acceleration,29,HMSO01R_A|PRIMARY|F1|f56a8ce65aa7323f55e848e9be2c73492ff5fdd223be7259dae69d66167179f2,F1,FOLD_3,HMSO01R_A|FIELD_LINEAGE|21b79bdb11d90c0a9b01efce71ed9eec0d7fba61736210c4c1ab358a9c4e965a,0.0,transverse,0.0,1.0,INSIDE_MAJORITY,EVALUABLE,EXPLORATORY_CONSUMED_DIAGNOSTIC_ONLY
SS,pressure_gradient_acceleration,30,HMSO01R_A|PRIMARY|F1|9279a6540d8c7f0f3e5f902f5a6ef18c812dc118780d25f7ec124f972117401a,F1,FOLD_4,HMSO01R_A|FIELD_LINEAGE|66e31e43c39c0807b2398e5067c9aaab318a50b596f04344988d8e71103f4693,0.0,longitudinal,0.0,1.0,INSIDE_MAJORITY,EVALUABLE,EXPLORATORY_CONSUMED_DIAGNOSTIC_ONLY
SS,pressure_gradient_acceleration,31,HMSO01R_A|PRIMARY|F1|fdf474ceb763705abb9a27ea1a0d3b260b2d5b47f6e2ba1f33b440f83b6b102b,F1,FOLD_1,HMSO01R_A|FIELD_LINEAGE|bb92dd92e9632ccd3901d1e2e79aab63ab0910a576b08c41f27a140edcf99b56,0.0,none,0.13794116336076365,1.0,INSIDE_MAJORITY,EVALUABLE,EXPLORATORY_CONSUMED_DIAGNOSTIC_ONLY
SS,pressure_gradient_acceleration,32,HMSO01R_A|PRIMARY|F1|e1ae65ba18ef9931ed2d0023caee85b32b14ad85c74ba1f7f8404b6849be16dc,F1,FOLD_2,HMSO01R_A|FIELD_LINEAGE|10ec2dec79c0538398e95e49cd33ade9183e905d4ea4b212dcd4e7ec34fc5546,0.0,transverse,0.0,1.0,INSIDE_MAJORITY,EVALUABLE,EXPLORATORY_CONSUMED_DIAGNOSTIC_ONLY
SS,pressure_gradient_acceleration,33,HMSO01R_A|PRIMARY|F1|cb9af2018d48c5188ab3eaf8f2d698636e814edd8acffd20fb4138cbf810c936,F1,FOLD_3,HMSO01R_A|FIELD_LINEAGE|7be8c21ecd7eaebf293b54b94f1920e19f00da5d0e416aaa8f7c69137970c399,0.0,transverse,0.0,1.0,INSIDE_MAJORITY,EVALUABLE,EXPLORATORY_CONSUMED_DIAGNOSTIC_ONLY
SS,pressure_gradient_acceleration,34,HMSO01R_A|PRIMARY|F1|b665cfe4fd9eb20f1bd6aea233f0af27494b5960d9e7846b88a2432175f4c297,F1,FOLD_5,HMSO01R_A|FIELD_LINEAGE|4729596698ed7c65dd5f082aea4dac27cd26c6550de18eb2382e9ca6f186b90b,0.0,transverse,0.0,1.0,INSIDE_MAJORITY,EVALUABLE,EXPLORATORY_CONSUMED_DIAGNOSTIC_ONLY
SS,pressure_gradient_acceleration,35,HMSO01R_A|PRIMARY|F1|a00695e617424fdaa8a3c9b60f31bdf7e639989766a74eea722e71e39bb641eb,F1,FOLD_0,HMSO01R_A|FIELD_LINEAGE|0f49beb059c8327e240fa524ede4b5d0ddc16e0eb915fce826282146040c0e20,0.0,longitudinal,0.0,1.0,INSIDE_MAJORITY,EVALUABLE,EXPLORATORY_CONSUMED_DIAGNOSTIC_ONLY
SS,pressure_gradient_acceleration,36,HMSO01R_A|PRIMARY|F1|f75a46d3b9dd394415ff0dc35d08d05d473db87f55027b5878a646a9f33d45e7,F1,FOLD_2,HMSO01R_A|FIELD_LINEAGE|6d4353b03da9874056ea6f087e4493dcb629a7b8bd4a1eabce0a6b1b20255b6c,0.0,longitudinal,0.0,0.5703125,INSIDE_MAJORITY,EVALUABLE,EXPLORATORY_CONSUMED_DIAGNOSTIC_ONLY
SS,pressure_gradient_acceleration,37,HMSO01R_A|PRIMARY|F1|29c6da305b8e2ef282724df580222dbd8a5b24509d1719ce985692e5358bdf7c,F1,FOLD_1,HMSO01R_A|FIELD_LINEAGE|73f5ee97e40c47c1aa5579bcf72cf190dfaf3aad2886cc887f3295530388016c,0.0,none,0.002199374040985998,1.0,INSIDE_MAJORITY,EVALUABLE,EXPLORATORY_CONSUMED_DIAGNOSTIC_ONLY
SS,pressure_gradient_acceleration,38,HMSO01R_A|PRIMARY|F1|b261db49db049bd96fd81007473d9551c3c909e1c55ebeb506d71c25c755e401,F1,FOLD_4,HMSO01R_A|FIELD_LINEAGE|0280053dfd6ee65fbd80522b2b04964154d57f31de1cc5d0449972791fa285ea,0.0,none,3.3809048943241695,1.0,INSIDE_MAJORITY,EVALUABLE,EXPLORATORY_CONSUMED_DIAGNOSTIC_ONLY
SS,pressure_gradient_acceleration,39,HMSO01R_A|PRIMARY|F1|b6e3294db87485d8748d624e75ac01416370a0ec2f4eaef0ebe70b5027802dc8,F1,FOLD_5,HMSO01R_A|FIELD_LINEAGE|f9a3d40825ca658eebc26e88239c04a3590f72ad95b03a86bc289649036f4117,0.0,none,0.027263824044430365,1.0,INSIDE_MAJORITY,EVALUABLE,EXPLORATORY_CONSUMED_DIAGNOSTIC_ONLY
SS,pressure_gradient_acceleration,40,HMSO01R_A|PRIMARY|F1|a6994b29962f54879b3c8ebb37161ae29167e6424e5baa7e45c67bb686208095,F1,FOLD_1,HMSO01R_A|FIELD_LINEAGE|f952117e9c8f8a564901d0507e978f58c3289c63c557fb7f3123a84dd049ba29,0.0,longitudinal,0.0,1.0,INSIDE_MAJORITY,EVALUABLE,EXPLORATORY_CONSUMED_DIAGNOSTIC_ONLY
SS,pressure_gradient_acceleration,41,HMSO01R_A|PRIMARY|F1|b0f0aff1339a42e131cd5f80e40a8c6d4e3f10bf3942e71d6d8ec4c6b0c55a8b,F1,FOLD_1,HMSO01R_A|FIELD_LINEAGE|6aba5ce17b9c02240405669069c0b485de9d3ce1714e3e85b0411d61ec7beb5e,0.0,transverse,0.0,1.0,INSIDE_MAJORITY,EVALUABLE,EXPLORATORY_CONSUMED_DIAGNOSTIC_ONLY
SS,pressure_gradient_acceleration,42,HMSO01R_A|PRIMARY|F1|afc7d8cb8f2b532d62b4263307a637bf93a00196af97da060c00f3057dad14e2,F1,FOLD_3,HMSO01R_A|FIELD_LINEAGE|61d4f5ea89fdb94c7fd8a7150c89f5910fdf9e6c5a71383e850b5a750c8fcf55,0.0,longitudinal,0.0,0.3828125,OUTSIDE_MAJORITY,EVALUABLE,EXPLORATORY_CONSUMED_DIAGNOSTIC_ONLY
SS,pressure_gradient_acceleration,43,HMSO01R_A|PRIMARY|F1|c7c8ab19a81bcd5badacba6a1854992bcea36fee7de3fce2db8d30fe9197fa68,F1,FOLD_4,HMSO01R_A|FIELD_LINEAGE|f9acbd6c60cf4de95eb27dc7c24fd369893e07d5c162236bcdc4cc91f1e5368b,0.0,longitudinal,0.0,1.0,INSIDE_MAJORITY,EVALUABLE,EXPLORATORY_CONSUMED_DIAGNOSTIC_ONLY
SS,pressure_gradient_acceleration,44,HMSO01R_A|PRIMARY|F1|af7518d9cb8d018b6a6413ca8fca3bd8f76c60ce4bcf6fc40baab5bb8dae00e2,F1,FOLD_3,HMSO01R_A|FIELD_LINEAGE|f8fd31406421545fa9cf8bb98c251eb120eed5378ed4276493239005b13fd6f8,0.0,transverse,0.0,1.0,INSIDE_MAJORITY,EVALUABLE,EXPLORATORY_CONSUMED_DIAGNOSTIC_ONLY
SS,pressure_gradient_acceleration,45,HMSO01R_A|PRIMARY|F1|cf9891d5f2c4095828d2e4d928157956cdda518ffd5838b924980f9ca27d663c,F1,FOLD_1,HMSO01R_A|FIELD_LINEAGE|ad302a05132d9f111349ae57a7badd9ffd336cce6f517d6dda76a6f130659828,0.0,none,0.0019426371171226827,1.0,INSIDE_MAJORITY,EVALUABLE,EXPLORATORY_CONSUMED_DIAGNOSTIC_ONLY
SS,pressure_gradient_acceleration,46,HMSO01R_A|PRIMARY|F1|026c2a27bf5597ed2feda6a4b4383b523d2b65bf87f0549bf53a436bd2600b80,F1,FOLD_2,HMSO01R_A|FIELD_LINEAGE|5932ef4f3ff2f79b2fa4005d45fb593b78f4308c6edd18917a8552256cdfcf19,0.0,none,0.003805891002870124,1.0,INSIDE_MAJORITY,EVALUABLE,EXPLORATORY_CONSUMED_DIAGNOSTIC_ONLY
SS,pressure_gradient_acceleration,47,HMSO01R_A|PRIMARY|F1|01b0d9020535497e4a91a57f6dfccdf37675e8230c14ab2243b3fd456c0da1fb,F1,FOLD_1,HMSO01R_A|FIELD_LINEAGE|f11020ed75e98ae018c3d951c68d3fba4bfe91afdf9eb4b7d62d0c0967429304,0.0,none,0.003012028072406762,1.0,INSIDE_MAJORITY,EVALUABLE,EXPLORATORY_CONSUMED_DIAGNOSTIC_ONLY
SS,pressure_gradient_acceleration,48,HMSO01R_A|PRIMARY|F1|acf4c60a4130b06fae19899271e9088eeceb09c4f21ff41df4be254bc212bc47,F1,FOLD_0,HMSO01R_A|FIELD_LINEAGE|8319212c9598ce2f7cd195e20de66435ffdb6ab6aeedf4d663d53cb3966ebc0a,0.0,longitudinal,0.0,1.0,INSIDE_MAJORITY,EVALUABLE,EXPLORATORY_CONSUMED_DIAGNOSTIC_ONLY
SS,pressure_gradient_acceleration,49,HMSO01R_A|PRIMARY|F1|96d74acafef3b727542e7a3db52fce3d2980de16630e6c2889f40786a5d470b3,F1,FOLD_5,HMSO01R_A|FIELD_LINEAGE|6d1fc2b84d6da564ae936d907e04365ad5b63a9377b77c1faa05d68a9fe06d3c,0.0,none,0.01898033372440296,1.0,INSIDE_MAJORITY,EVALUABLE,EXPLORATORY_CONSUMED_DIAGNOSTIC_ONLY
SS,pressure_gradient_acceleration,50,HMSO01R_A|PRIMARY|F1|2a6cb0fd5768542273f3d3adfc5cb4aed3516dc9e6976bcbd65f2001126b245e,F1,FOLD_0,HMSO01R_A|FIELD_LINEAGE|101e8ab2bfdfa561a79b7bef11d98c5487b65f400bdd7d35b17d61b9746e280e,0.0,longitudinal,0.0,1.0,INSIDE_MAJORITY,EVALUABLE,EXPLORATORY_CONSUMED_DIAGNOSTIC_ONLY
SS,pressure_gradient_acceleration,51,HMSO01R_A|PRIMARY|F1|4a9501bd0b21a8516c742f400c393e6144280259851d7f30e2c997e43f411eb7,F1,FOLD_5,HMSO01R_A|FIELD_LINEAGE|41ec221cb0eeb1bbfd7efc4d5d4cd642cd62a71a09fd5ce2fc9fff0cbe48931c,0.0,transverse,0.0,1.0,INSIDE_MAJORITY,EVALUABLE,EXPLORATORY_CONSUMED_DIAGNOSTIC_ONLY
SS,pressure_gradient_acceleration,52,HMSO01R_A|PRIMARY|F1|c5b0cc6bf0c8dd57bd7f0b8c68dad820a13926b3e97b8ee202b7423bbb7ac616,F1,FOLD_2,HMSO01R_A|FIELD_LINEAGE|d9b0e4ca0c6e9f306f81bad07b5f31753c1237e04a6a51d708212ab05edea52f,0.0,longitudinal,0.0,1.0,INSIDE_MAJORITY,EVALUABLE,EXPLORATORY_CONSUMED_DIAGNOSTIC_ONLY
SS,pressure_gradient_acceleration,53,HMSO01R_A|PRIMARY|F1|214b8b29d7ce4f3d813b54fcc8f24214fb3f6b4b46ccf76b4ac7b9e36cabe84c,F1,FOLD_4,HMSO01R_A|FIELD_LINEAGE|04cc9f11103eaca809c304d2c5e7176a0ac510070bc43c67da76cab1f9c23ed7,0.0,transverse,0.0,1.0,INSIDE_MAJORITY,EVALUABLE,EXPLORATORY_CONSUMED_DIAGNOSTIC_ONLY
SS,pressure_gradient_acceleration,54,HMSO01R_A|PRIMARY|F1|035ddc8a0ba11d458af8f28be25b2b3108f13e52159ef7f4a7559d8590828570,F1,FOLD_3,HMSO01R_A|FIELD_LINEAGE|39a5eaeb1afddf9af00bec82f67fdf5414fc1d1e11076c2f86704fda2809ab87,0.0,transverse,2.82433385296996e-08,1.0,INSIDE_MAJORITY,EVALUABLE,EXPLORATORY_CONSUMED_DIAGNOSTIC_ONLY
SS,pressure_gradient_acceleration,55,HMSO01R_A|PRIMARY|F1|63b55d105a1f081e8b7d8bebf35069c236c2daea18d7054cd0d430ed3a2842c0,F1,FOLD_5,HMSO01R_A|FIELD_LINEAGE|fa1ab395df96eb71b1cd3e5c31c1a1fe587398989c58265b21dd97a062b35ef9,0.0,longitudinal,0.0,1.0,INSIDE_MAJORITY,EVALUABLE,EXPLORATORY_CONSUMED_DIAGNOSTIC_ONLY
SS,pressure_gradient_acceleration,56,HMSO01R_A|PRIMARY|F1|74a12153712609103a3fed3a31e86ae95fca60502b239f6ee31ee9f8a4a37ebf,F1,FOLD_4,HMSO01R_A|FIELD_LINEAGE|7fcdfe3b32b571e4d4b1a4e7c1702d5dffaf41926d62628c6a434d692409d901,0.0,transverse,0.0,1.0,INSIDE_MAJORITY,EVALUABLE,EXPLORATORY_CONSUMED_DIAGNOSTIC_ONLY
SS,pressure_gradient_acceleration,57,HMSO01R_A|PRIMARY|F1|e98e42893b00bae6b3c383328c4579b8fc15ac15d56505fb09208a96018bc491,F1,FOLD_4,HMSO01R_A|FIELD_LINEAGE|cd1482e6386aeab5f67532ea00a4d133dd0798283239fa2bc60b1a36d8fd8390,0.0,none,0.8668713485641509,1.0,INSIDE_MAJORITY,EVALUABLE,EXPLORATORY_CONSUMED_DIAGNOSTIC_ONLY
SS,pressure_gradient_acceleration,58,HMSO01R_A|PRIMARY|F1|7e82e7b632c2905675dfb9908bb28635a50c9d0afdc23c413d8a3bb153a65c1d,F1,FOLD_5,HMSO01R_A|FIELD_LINEAGE|ff441cbe04ac4f8f63fd24360c00fa41becbfbb5a6acdf59e4dfd55c77c15642,0.0,none,0.18218795474069469,1.0,INSIDE_MAJORITY,EVALUABLE,EXPLORATORY_CONSUMED_DIAGNOSTIC_ONLY
SS,pressure_gradient_acceleration,59,HMSO01R_A|PRIMARY|F1|3acaa171d742cbcbf15c7ac08ab281a976d2802302cecc69e603936bf8653389,F1,FOLD_0,HMSO01R_A|FIELD_LINEAGE|eee5df81575181b025958cda057ac7cb0483be4404d018db7bb2c06a63c25462,0.0,longitudinal,0.0,0.625,INSIDE_MAJORITY,EVALUABLE,EXPLORATORY_CONSUMED_DIAGNOSTIC_ONLY
SS,pressure_gradient_acceleration,60,HMSO01R_A|PRIMARY|F1|1a54ee621f7d1bb29510cf77a1720376b2c019b9d90a93945658549ac2fa9403,F1,FOLD_2,HMSO01R_A|FIELD_LINEAGE|1e499d17b9c103b93706f70e5fa2f7497086b8d1dab61b6d4e57ae6874e328ff,0.0,none,0.007877792088143754,1.0,INSIDE_MAJORITY,EVALUABLE,EXPLORATORY_CONSUMED_DIAGNOSTIC_ONLY
SS,pressure_gradient_acceleration,61,HMSO01R_A|PRIMARY|F1|9b0121f166d7fe06976fbebe9a191c783f584d4642eab46fd48553c06dfce45d,F1,FOLD_2,HMSO01R_A|FIELD_LINEAGE|70dd50135b0ce37b393c6eae858eae2988f95a40a860753345e473ce01dd9d91,0.0,none,0.10065308362428851,1.0,INSIDE_MAJORITY,EVALUABLE,EXPLORATORY_CONSUMED_DIAGNOSTIC_ONLY
SS,pressure_gradient_acceleration,62,HMSO01R_A|PRIMARY|F1|761edfc74274280b5be4fe59a9801d7c1223c2f57bae75ad70a713f6e24ee2a6,F1,FOLD_5,HMSO01R_A|FIELD_LINEAGE|17af857dc7e075f66db0acfe5114e05e0f490cc5340cc9cfe073ae813844b776,0.0,longitudinal,0.0,1.0,INSIDE_MAJORITY,EVALUABLE,EXPLORATORY_CONSUMED_DIAGNOSTIC_ONLY
SS,pressure_gradient_acceleration,63,HMSO01R_A|PRIMARY|F1|1c3ba79b0f8b42b3ace0cd03d07aee91477b1c601678938adaed5d4dda46b415,F1,FOLD_5,HMSO01R_A|FIELD_LINEAGE|724fd3a44cb8ec4985e45f721837e7f4eeea1666b35a166345e025918455e304,0.0,none,0.0767072938405651,1.0,INSIDE_MAJORITY,EVALUABLE,EXPLORATORY_CONSUMED_DIAGNOSTIC_ONLY
SS,pressure_gradient_acceleration,64,HMSO01R_A|PRIMARY|F1|19d2b988118623ed7e4c9f75c4b118503c0805f566ad8ddf0f5a97a99c7cf58a,F1,FOLD_5,HMSO01R_A|FIELD_LINEAGE|092a3e161c8ce70f083c10130918ff7fb36de994b41e81b7dfb0e04366314a2c,0.0,longitudinal,0.0,1.0,INSIDE_MAJORITY,EVALUABLE,EXPLORATORY_CONSUMED_DIAGNOSTIC_ONLY
SS,pressure_gradient_acceleration,65,HMSO01R_A|PRIMARY|F1|a14993c5cb44b5479ec4a687919c3a203a6ac7c2d40f7a947b2b8bbddfc502e4,F1,FOLD_5,HMSO01R_A|FIELD_LINEAGE|72bbc35959df916eca72e8fb7e723c361c09592753187c3754f344aae218c230,0.0,none,0.028905162300571028,1.0,INSIDE_MAJORITY,EVALUABLE,EXPLORATORY_CONSUMED_DIAGNOSTIC_ONLY
SS,pressure_gradient_acceleration,66,HMSO01R_A|PRIMARY|F1|0060fe96e8996a93ec588dad8d1598866677e2ab75f92384cd8022d88ffbb86c,F1,FOLD_4,HMSO01R_A|FIELD_LINEAGE|065caad01d0036cc45e094366cffda53edef5d184f8c28ff280e81478dd5499f,0.0,longitudinal,0.0,0.875,INSIDE_MAJORITY,EVALUABLE,EXPLORATORY_CONSUMED_DIAGNOSTIC_ONLY
SS,pressure_gradient_acceleration,67,HMSO01R_A|PRIMARY|F1|a0f716a2924ed7983147b5345834d26d6ed9e125e8e6d3a013b4d6426dc1c09a,F1,FOLD_5,HMSO01R_A|FIELD_LINEAGE|bd0a319ae5e310c35bfeaafdbd8220147f595c77c4d665773530796c1f3b9b59,0.0,transverse,0.0,1.0,INSIDE_MAJORITY,EVALUABLE,EXPLORATORY_CONSUMED_DIAGNOSTIC_ONLY
SS,pressure_gradient_acceleration,68,HMSO01R_A|PRIMARY|F1|db32dab50d014d5b7d6290ae6c5a611058396e215092f82d17eb88333b05793e,F1,FOLD_3,HMSO01R_A|FIELD_LINEAGE|b49a6f081c09f4e4bff79a7f0fc0a282131ed3252c520eb6637fbf7ad615c6bd,0.0,transverse,0.0,1.0,INSIDE_MAJORITY,EVALUABLE,EXPLORATORY_CONSUMED_DIAGNOSTIC_ONLY
SS,pressure_gradient_acceleration,69,HMSO01R_A|PRIMARY|F1|1aa6c3e6deee011c9544133bf78d7b19f7cad12fc2a4828e57202274987a750c,F1,FOLD_5,HMSO01R_A|FIELD_LINEAGE|49aae8e0ac8e4584d3624cd5459480c917c8157571a4f7ac9660003550146055,0.0,longitudinal,0.0,1.0,INSIDE_MAJORITY,EVALUABLE,EXPLORATORY_CONSUMED_DIAGNOSTIC_ONLY
SS,pressure_gradient_acceleration,70,HMSO01R_A|PRIMARY|F1|7df69f6c86b7eff42e7c73af5fc7d5af02a2b7a11651af2ed2c84c22f75b0d75,F1,FOLD_0,HMSO01R_A|FIELD_LINEAGE|0f49beb059c8327e240fa524ede4b5d0ddc16e0eb915fce826282146040c0e20,0.0,longitudinal,0.0,1.0,INSIDE_MAJORITY,EVALUABLE,EXPLORATORY_CONSUMED_DIAGNOSTIC_ONLY
SS,pressure_gradient_acceleration,71,HMSO01R_A|PRIMARY|F1|f50221dbd1affdd2a99fc0269437c21009164da4bfdebc3af7c6eef19b74bce8,F1,FOLD_1,HMSO01R_A|FIELD_LINEAGE|c7498c8903eedb4eb72abeb74a8624f4f311768cc705b42f488a9e810b4c3aec,0.0,transverse,0.0,1.0,INSIDE_MAJORITY,EVALUABLE,EXPLORATORY_CONSUMED_DIAGNOSTIC_ONLY
SS,pressure_gradient_acceleration,72,HMSO01R_A|PRIMARY|F1|bc61c9ff5fc4d66944ef51b8d5c8887be4970fac89df5995a89c67e9e00c487c,F1,FOLD_4,HMSO01R_A|FIELD_LINEAGE|e5fd0d86ce4eda7b6deef112c4230d6cc2c904c7a1cbb32b883405f7907c5018,0.0,none,6.06007543608294e-05,1.0,INSIDE_MAJORITY,EVALUABLE,EXPLORATORY_CONSUMED_DIAGNOSTIC_ONLY
SS,pressure_gradient_acceleration,73,HMSO01R_A|PRIMARY|F1|9b0c56f3112e6518b308e096b830a618cdd301074fb48e496f551a4183b7a002,F1,FOLD_2,HMSO01R_A|FIELD_LINEAGE|05638fa6abec8d1f9d2070785cb5b62bc36d80415fcae04a6c6b1419139c3003,0.0,none,0.0008662666847138159,1.0,INSIDE_MAJORITY,EVALUABLE,EXPLORATORY_CONSUMED_DIAGNOSTIC_ONLY
SS,pressure_gradient_acceleration,74,HMSO01R_A|PRIMARY|F1|a6b03df9badbccaafd77fa2d99f151928adcfe61dbcc87b60332a8518468a707,F1,FOLD_0,HMSO01R_A|FIELD_LINEAGE|e6f79f1197cd7f6ad00ce2f5ddcac136ad9a2faa5584e9f390794bfb6ee07ac6,0.0,transverse,0.0,1.0,INSIDE_MAJORITY,EVALUABLE,EXPLORATORY_CONSUMED_DIAGNOSTIC_ONLY
SS,pressure_gradient_acceleration,75,HMSO01R_A|PRIMARY|F1|a6cab7e0592176d869b619f0ba537484f9c18170b47ba82de6cce39092c19e80,F1,FOLD_1,HMSO01R_A|FIELD_LINEAGE|97fbdfbd64658c72d9a31f61eea2acf4543cf9ba5532a2ed052d1358412ef553,0.0,none,2.8699912298383583,1.0,INSIDE_MAJORITY,EVALUABLE,EXPLORATORY_CONSUMED_DIAGNOSTIC_ONLY
SS,pressure_gradient_acceleration,76,HMSO01R_A|PRIMARY|F1|6e6752cb4ce90e6f165c77805339b425572aba3cb875503942fd876c35a74b1c,F1,FOLD_0,HMSO01R_A|FIELD_LINEAGE|ca0f07a3c0d5df7705d15288eb48ecdf2c50af57aa3e1ab370127581f048c929,0.0,transverse,0.0,1.0,INSIDE_MAJORITY,EVALUABLE,EXPLORATORY_CONSUMED_DIAGNOSTIC_ONLY
SS,pressure_gradient_acceleration,77,HMSO01R_A|PRIMARY|F1|1814098db0c57fb57e82c60d62ef307c29f52d3af56f832b1893973e8e7f78fa,F1,FOLD_4,HMSO01R_A|FIELD_LINEAGE|a594f1a43c118c7761d223f6f34e42847c31c67fc6b06838b968dcc65b6c3356,0.0,transverse,0.0,1.0,INSIDE_MAJORITY,EVALUABLE,EXPLORATORY_CONSUMED_DIAGNOSTIC_ONLY
SS,pressure_gradient_acceleration,78,HMSO01R_A|PRIMARY|F1|936b626e0f4176f23d80581a89d19b16c892c9e907469630a0ab4a4a186275a9,F1,FOLD_0,HMSO01R_A|FIELD_LINEAGE|59aef3f6a7aa33f774612e58955e925638af1b151b9e6b2d7127236b21c1a5a6,0.0,none,0.82449301640904,1.0,INSIDE_MAJORITY,EVALUABLE,EXPLORATORY_CONSUMED_DIAGNOSTIC_ONLY
SS,pressure_gradient_acceleration,79,HMSO01R_A|PRIMARY|F1|ffee10e6bc66c4c8b9fd9915c0f61a5f20526da0fd2aa5d32bde8193180800b3,F1,FOLD_1,HMSO01R_A|FIELD_LINEAGE|788bb18808dd1be8d0fa3d7caafb9ed17441fce457a419d2bbaf861831d83a81,0.0,transverse,0.0,1.0,INSIDE_MAJORITY,EVALUABLE,EXPLORATORY_CONSUMED_DIAGNOSTIC_ONLY
SS,pressure_gradient_acceleration,80,HMSO01R_A|PRIMARY|F1|1628e62e310d75900b67405f8fad9928eba66f7ce48430cf6fe2d28e0156c0f1,F1,FOLD_4,HMSO01R_A|FIELD_LINEAGE|c7100ae9429166735b2d4f6243a22cf5abc14cffba49fce96d94ed19a12387d6,0.0,none,0.06815684769347591,1.0,INSIDE_MAJORITY,EVALUABLE,EXPLORATORY_CONSUMED_DIAGNOSTIC_ONLY
SS,pressure_gradient_acceleration,81,HMSO01R_A|PRIMARY|F1|0ed630a80e31bb1543196773fc1c45dcc64f47c954d8262e2dbb2a42930c1e88,F1,FOLD_4,HMSO01R_A|FIELD_LINEAGE|3e17b326e03465aac98a6b656cd3125c19ada3cc77d6223ebd6e30804155ff56,0.0,transverse,0.0,1.0,INSIDE_MAJORITY,EVALUABLE,EXPLORATORY_CONSUMED_DIAGNOSTIC_ONLY
SS,pressure_gradient_acceleration,82,HMSO01R_A|PRIMARY|F1|4ac07b1a900151f104f19f07c396d96c4ef4358c793444482dfc72a8b0c35c1b,F1,FOLD_2,HMSO01R_A|FIELD_LINEAGE|f01618f1ef2fe7c85085b02f71644f843db176708a8abb6e4e05116a594e9ae3,0.0,transverse,0.0,1.0,INSIDE_MAJORITY,EVALUABLE,EXPLORATORY_CONSUMED_DIAGNOSTIC_ONLY
SS,pressure_gradient_acceleration,83,HMSO01R_A|PRIMARY|F1|02ced0debb26e82ccc515e722e216e65ac33912437baf915d1006437bdc105bc,F1,FOLD_3,HMSO01R_A|FIELD_LINEAGE|0d9a0fc9b5f4f20cb32cc24ac6db7a1e45276ec79661381e7e476b453759d6b0,0.0,longitudinal,0.0,0.5078125,INSIDE_MAJORITY,EVALUABLE,EXPLORATORY_CONSUMED_DIAGNOSTIC_ONLY
SS,pressure_gradient_acceleration,84,HMSO01R_A|PRIMARY|F1|498868e3493b829e691cfa53d16099c09ae3cb5d3b16812102a5ba5a69cbcaf6,F1,FOLD_3,HMSO01R_A|FIELD_LINEAGE|61d4f5ea89fdb94c7fd8a7150c89f5910fdf9e6c5a71383e850b5a750c8fcf55,0.0,longitudinal,0.0,0.9375,INSIDE_MAJORITY,EVALUABLE,EXPLORATORY_CONSUMED_DIAGNOSTIC_ONLY
SS,pressure_gradient_acceleration,85,HMSO01R_A|PRIMARY|F1|bbc93f10c6777f99da1ac3f7ec2110235588b8a19af9f68689049ae7d9dea0a9,F1,FOLD_2,HMSO01R_A|FIELD_LINEAGE|8fbd2d8c6238dbc0e3f8ebbea9ee429eb1cbd0b7ebf5580cffb8e79372f4cf04,0.0,none,0.09672775538209476,1.0,INSIDE_MAJORITY,EVALUABLE,EXPLORATORY_CONSUMED_DIAGNOSTIC_ONLY
SS,pressure_gradient_acceleration,86,HMSO01R_A|PRIMARY|F1|cc7d34b4c1b5db9db00200a23658dab384a02cfa9c58517792dace4721b21afb,F1,FOLD_4,HMSO01R_A|FIELD_LINEAGE|02a8e9bf168ff7b6159072e41013ee435870f1006dfd3aa95840b1c132f5aafb,0.0,none,0.0025405984921718252,1.0,INSIDE_MAJORITY,EVALUABLE,EXPLORATORY_CONSUMED_DIAGNOSTIC_ONLY
SS,pressure_gradient_acceleration,87,HMSO01R_A|PRIMARY|F1|05f1d1c9a9b3aa507312fd97f2e65f5e02bf2ebec700d57a2dc57507dfde8612,F1,FOLD_0,HMSO01R_A|FIELD_LINEAGE|95873981d02cb2a4e333122aa57c7927c33fccc49c0b93590a6b549f6bec57f1,0.0,none,0.0791432199329375,1.0,INSIDE_MAJORITY,EVALUABLE,EXPLORATORY_CONSUMED_DIAGNOSTIC_ONLY
SS,pressure_gradient_acceleration,88,HMSO01R_A|PRIMARY|F1|c6267cee86f5825f3095ad26040411798dfef7a71ce8e9f6c3d51ded55f9bcdb,F1,FOLD_5,HMSO01R_A|FIELD_LINEAGE|475ead0c3c732d8046f08c0918482fe4219c4fa643d2e948ba96c0bc2f6d887d,0.0,none,0.06797393357623228,1.0,INSIDE_MAJORITY,EVALUABLE,EXPLORATORY_CONSUMED_DIAGNOSTIC_ONLY
SS,pressure_gradient_acceleration,89,HMSO01R_A|PRIMARY|F1|cea2672e7a4028211523d6e85816f1c8244b9012de5d68bd1b63b1be848e64c5,F1,FOLD_0,HMSO01R_A|FIELD_LINEAGE|6260b45ec31956360cb50305f8ad9fa70be57f53fb24bc0523fc70aeb48f57ae,0.0,longitudinal,0.0,1.0,INSIDE_MAJORITY,EVALUABLE,EXPLORATORY_CONSUMED_DIAGNOSTIC_ONLY
SS,pressure_gradient_acceleration,90,HMSO01R_A|PRIMARY|F1|0fe531b05a1f891a540b4fe00c26c9db1242f708e1b74604fcb14bb87dbb9a5f,F1,FOLD_1,HMSO01R_A|FIELD_LINEAGE|8788043b5775de130eade6a54c5654805d8ed31cc68fcfa8928c3b7150abef48,0.0,transverse,0.0,1.0,INSIDE_MAJORITY,EVALUABLE,EXPLORATORY_CONSUMED_DIAGNOSTIC_ONLY
SS,pressure_gradient_acceleration,91,HMSO01R_A|PRIMARY|F1|0535144bbfa08b7d0b40f6b095ad58cc5b7364203192a1621e9b3684ace2b076,F1,FOLD_4,HMSO01R_A|FIELD_LINEAGE|e39068083f41a31c97e7737f6138e1986484dea8bfe32d65a52cd58aaa1ec7e8,0.0,transverse,0.0,1.0,INSIDE_MAJORITY,EVALUABLE,EXPLORATORY_CONSUMED_DIAGNOSTIC_ONLY
SS,pressure_gradient_acceleration,92,HMSO01R_A|PRIMARY|F1|fbe40df16a8e1d6477e28f02fd31d0afffef7d5d611b8d2f2ea5d89f4b52046f,F1,FOLD_2,HMSO01R_A|FIELD_LINEAGE|29dc93f9e64f8875b47eb06f84606bc0c4a0e9315877441085164bd7870ebc8e,0.0,longitudinal,0.0,0.90625,INSIDE_MAJORITY,EVALUABLE,EXPLORATORY_CONSUMED_DIAGNOSTIC_ONLY
SS,pressure_gradient_acceleration,93,HMSO01R_A|PRIMARY|F1|5560e3365d3607136c18f15a5b4bdeb0fa1ad093bb1bf0a9c64749d626712ac8,F1,FOLD_0,HMSO01R_A|FIELD_LINEAGE|7fd6bba4cc2991027e04cc510555a1b3e651423143c79ecd367c197fbfdf8786,0.0,transverse,0.0,1.0,INSIDE_MAJORITY,EVALUABLE,EXPLORATORY_CONSUMED_DIAGNOSTIC_ONLY
SS,pressure_gradient_acceleration,94,HMSO01R_A|PRIMARY|F1|cb44afeeedccea248dc79f57a33134ffc06c52300efb702bef321f85ff291749,F1,FOLD_3,HMSO01R_A|FIELD_LINEAGE|21b79bdb11d90c0a9b01efce71ed9eec0d7fba61736210c4c1ab358a9c4e965a,0.0,transverse,0.0,1.0,INSIDE_MAJORITY,EVALUABLE,EXPLORATORY_CONSUMED_DIAGNOSTIC_ONLY
SS,pressure_gradient_acceleration,95,HMSO01R_A|PRIMARY|F1|1b1636e252838151c5329cba2980c53958595581db916378e4983f55276c520b,F1,FOLD_3,HMSO01R_A|FIELD_LINEAGE|c26b5ad7fee192c3863a9362bb1782ac10409a155024388ef9dea9120f9c3662,0.0,longitudinal,0.0,0.90625,INSIDE_MAJORITY,EVALUABLE,EXPLORATORY_CONSUMED_DIAGNOSTIC_ONLY
SS,pressure_gradient_acceleration,96,HMSO01R_A|PRIMARY|F2|7e7924cc19bd7edebd8e97056ff92c73108de1dde1d2b5a765b6e9c2f15039c8,F2,FOLD_4,HMSO01R_A|FIELD_LINEAGE|e269817bd0e21e72d0864769c51ef7f6839102d6f41f035fbbff5041e46bd0d4,0.0,longitudinal,0.0,0.796875,INSIDE_MAJORITY,EVALUABLE,EXPLORATORY_CONSUMED_DIAGNOSTIC_ONLY
SS,pressure_gradient_acceleration,97,HMSO01R_A|PRIMARY|F2|85b92082f276f3286e4c6678f12a7255756bc248311c1650cd74d5462994ca54,F2,FOLD_2,HMSO01R_A|FIELD_LINEAGE|7f5e5896e83ee81bc858adc8fff5befe2b2c76e1183ff21435261a6621560b2c,0.0,none,0.3934914611034905,1.0,INSIDE_MAJORITY,EVALUABLE,EXPLORATORY_CONSUMED_DIAGNOSTIC_ONLY
SS,pressure_gradient_acceleration,98,HMSO01R_A|PRIMARY|F2|2ff0e21490694c171662def5d7e7fc31fff27fc33ce0ec43388cd14f39163b4f,F2,FOLD_5,HMSO01R_A|FIELD_LINEAGE|b914e9e8b47652c007a545bd9a5f60dbdaba2b957df3f42cdec4c8edb98e6d53,0.0,none,0.008351054214267784,1.0,INSIDE_MAJORITY,EVALUABLE,EXPLORATORY_CONSUMED_DIAGNOSTIC_ONLY
SS,pressure_gradient_acceleration,99,HMSO01R_A|PRIMARY|F2|97f71a14707261d95640d0d9f5541f1319782a7e078f04d23def94e5d6a43472,F2,FOLD_4,HMSO01R_A|FIELD_LINEAGE|5c07d2280b8a6c46f1c42b9f7878f3f5c5e2174c9419aaf05f2bb6b52ab2f5f6,0.0,none,0.19569803199279956,1.0,INSIDE_MAJORITY,EVALUABLE,EXPLORATORY_CONSUMED_DIAGNOSTIC_ONLY
SS,pressure_gradient_acceleration,100,HMSO01R_A|PRIMARY|F2|414c8ecf48e731bd46184d3087ac18ed274e64a9422b6509a42bf763314621ad,F2,FOLD_1,HMSO01R_A|FIELD_LINEAGE|e46b2d3dad1b8a5413f52396bbef71167f252a4ba61297ea3e2b46c37456ba4c,0.0,transverse,0.0,1.0,INSIDE_MAJORITY,EVALUABLE,EXPLORATORY_CONSUMED_DIAGNOSTIC_ONLY
SS,pressure_gradient_acceleration,101,HMSO01R_A|PRIMARY|F2|eb1689f62d946c439a6d3e8a126f1b368ff2d262284868572ff232553dc8f24c,F2,FOLD_5,HMSO01R_A|FIELD_LINEAGE|f9dd81299410ddb65efe58bb38fc53798a53c7f5ab1183ef52b5f93fb7daea68,0.0,transverse,0.0,1.0,INSIDE_MAJORITY,EVALUABLE,EXPLORATORY_CONSUMED_DIAGNOSTIC_ONLY
SS,pressure_gradient_acceleration,102,HMSO01R_A|PRIMARY|F2|d101b9fccd0265ae823f18e17210370e5f35e1b05491fa7f75f82921c3267d4e,F2,FOLD_4,HMSO01R_A|FIELD_LINEAGE|88fd5f86ca9cc426c28ce681d06ea15f58c6c7889170fcda146bde128f6121e4,0.0,none,0.06082891175293212,1.0,INSIDE_MAJORITY,EVALUABLE,EXPLORATORY_CONSUMED_DIAGNOSTIC_ONLY
SS,pressure_gradient_acceleration,103,HMSO01R_A|PRIMARY|F2|449e6cd6b8c06069cd6cf2860bd3963de9074cd7fcfd7566dd44991a9ae739a3,F2,FOLD_1,HMSO01R_A|FIELD_LINEAGE|381d8f63546be0384f86ba8b518abcf8c4d107fec707374fb03828151e0b75af,0.0,transverse,0.0,1.0,INSIDE_MAJORITY,EVALUABLE,EXPLORATORY_CONSUMED_DIAGNOSTIC_ONLY
SS,pressure_gradient_acceleration,104,HMSO01R_A|PRIMARY|F2|23cb9d511eb7a03c195d65cf002190a3de4bdf272f9cadb5034d63d5c3f94b61,F2,FOLD_2,HMSO01R_A|FIELD_LINEAGE|34168bb92814c253cb6b05f8022442aa6cab311b67f648a00b758da530873bc9,0.0,transverse,0.0,1.0,INSIDE_MAJORITY,EVALUABLE,EXPLORATORY_CONSUMED_DIAGNOSTIC_ONLY
SS,pressure_gradient_acceleration,105,HMSO01R_A|PRIMARY|F2|869df7a0fb63835ddf6566da54e0d373a6c1f59a6452f75c57746e6112d3832d,F2,FOLD_3,HMSO01R_A|FIELD_LINEAGE|5915fb95e293a089619d78d1366edf95fa145cc69452df6337d9252e862b1502,0.0,transverse,0.0,1.0,INSIDE_MAJORITY,EVALUABLE,EXPLORATORY_CONSUMED_DIAGNOSTIC_ONLY
SS,pressure_gradient_acceleration,106,HMSO01R_A|PRIMARY|F2|646ee8d3e4b16c47e1fb553fefbb3b74a716ac8bd308824708d76e3321dc1cd0,F2,FOLD_1,HMSO01R_A|FIELD_LINEAGE|d65de8a657545ef8339cfa29e05ce27d63f8ec5e02ee50514a615a33f5595da9,0.0,none,0.17964162230215747,1.0,INSIDE_MAJORITY,EVALUABLE,EXPLORATORY_CONSUMED_DIAGNOSTIC_ONLY
SS,pressure_gradient_acceleration,107,HMSO01R_A|PRIMARY|F2|b0f94b27f5456ad80df8c062f7f56906abef8438f057295aba3da67c8bbd12e9,F2,FOLD_3,HMSO01R_A|FIELD_LINEAGE|541d56dfe6d37f091e41084f899b04aeee2814cee915608e406b47dce85c3c8b,0.0,transverse,0.0,1.0,INSIDE_MAJORITY,EVALUABLE,EXPLORATORY_CONSUMED_DIAGNOSTIC_ONLY
SS,pressure_gradient_acceleration,108,HMSO01R_A|PRIMARY|F2|7a7191904352183301d247a40d96db329241f40303971378388f54703e42d5eb,F2,FOLD_3,HMSO01R_A|FIELD_LINEAGE|0f0f1b8e6d3d2de7f2739e4c27aed7f4a0fa84df148b19d95d7dbbf8ec12bea3,0.0,transverse,0.0,1.0,INSIDE_MAJORITY,EVALUABLE,EXPLORATORY_CONSUMED_DIAGNOSTIC_ONLY
SS,pressure_gradient_acceleration,109,HMSO01R_A|PRIMARY|F2|73fb02e9b6077123a3090fa7da944899e05b3071e33454b777da5ca899f5a712,F2,FOLD_0,HMSO01R_A|FIELD_LINEAGE|64cf1977fe8b52c7e0fc1798d4810be4243b09c0886573ce42439c1eaf431667,0.0,none,0.055740994400106395,1.0,INSIDE_MAJORITY,EVALUABLE,EXPLORATORY_CONSUMED_DIAGNOSTIC_ONLY
SS,pressure_gradient_acceleration,110,HMSO01R_A|PRIMARY|F2|14ebf9c5211ec842b94eb431a255eec626b701840acca3d9bc1c8b3bb88cbb9a,F2,FOLD_2,HMSO01R_A|FIELD_LINEAGE|81c7292472bf739bf28836ff17c69dda49199278b75cd9c66130df6be7c143fb,0.0,none,0.14482370639505457,1.0,INSIDE_MAJORITY,EVALUABLE,EXPLORATORY_CONSUMED_DIAGNOSTIC_ONLY
SS,pressure_gradient_acceleration,111,HMSO01R_A|PRIMARY|F2|e6f200a97055e4a10ae720faf7c9a87353731bdda3dd2c5fc3a08194879ff990,F2,FOLD_5,HMSO01R_A|FIELD_LINEAGE|f7cc0cf639be6a7e99c37868bcf630bb54f34534e2c78b36b59b7ac5ebbd1919,0.0,transverse,0.0,1.0,INSIDE_MAJORITY,EVALUABLE,EXPLORATORY_CONSUMED_DIAGNOSTIC_ONLY
SS,pressure_gradient_acceleration,112,HMSO01R_A|PRIMARY|F2|6a3e31bd5acc8fbcc153de54a6848625791547184a93279bd781a8ffb834c1f7,F2,FOLD_4,HMSO01R_A|FIELD_LINEAGE|7a0ba19f2cf324db5922acc61291c51f82b574717f73f269f12eae7bcc99ab35,0.0,none,0.004101184362809282,1.0,INSIDE_MAJORITY,EVALUABLE,EXPLORATORY_CONSUMED_DIAGNOSTIC_ONLY
SS,pressure_gradient_acceleration,113,HMSO01R_A|PRIMARY|F2|60f3afc21d1f9a98ba22494006f3d71d56fc8c96f4d6037b7a222f6a9c276d6f,F2,FOLD_4,HMSO01R_A|FIELD_LINEAGE|3283083498700d830b6f9393659c16097acacaf984f6c43b70c65438a233286d,0.0,transverse,0.0,1.0,INSIDE_MAJORITY,EVALUABLE,EXPLORATORY_CONSUMED_DIAGNOSTIC_ONLY
SS,pressure_gradient_acceleration,114,HMSO01R_A|PRIMARY|F2|d3d6e357c6b9ef5b5dfccefdc6900915df6420d99b7d834bc087f2124f3e371d,F2,FOLD_3,HMSO01R_A|FIELD_LINEAGE|541d56dfe6d37f091e41084f899b04aeee2814cee915608e406b47dce85c3c8b,0.0,transverse,0.0,1.0,INSIDE_MAJORITY,EVALUABLE,EXPLORATORY_CONSUMED_DIAGNOSTIC_ONLY
SS,pressure_gradient_acceleration,115,HMSO01R_A|PRIMARY|F2|7354a4d210a0d4fe09c9c0aabc9fa2291423854904a772cbabdd6d8756f6b637,F2,FOLD_5,HMSO01R_A|FIELD_LINEAGE|d8cd77f2aea85a93297ba4755747ee15653349aca322bca77ce1738389444994,0.0,none,0.12384773959512715,1.0,INSIDE_MAJORITY,EVALUABLE,EXPLORATORY_CONSUMED_DIAGNOSTIC_ONLY
SS,pressure_gradient_acceleration,116,HMSO01R_A|PRIMARY|F2|44f3cae28757a7122157bf9485a7f37e5ec9420f4d95986f145315a5a9aeeb0d,F2,FOLD_0,HMSO01R_A|FIELD_LINEAGE|7fd9257249644666dfcbc65ef0f9aa8090d87f1c93f77579cc137a1fc016a884,0.0,transverse,0.0,1.0,INSIDE_MAJORITY,EVALUABLE,EXPLORATORY_CONSUMED_DIAGNOSTIC_ONLY
SS,pressure_gradient_acceleration,117,HMSO01R_A|PRIMARY|F2|a23a0214d1c9ad2f0bfc1699c23efef49cb711a9af17731e6f7e285a93ea468f,F2,FOLD_0,HMSO01R_A|FIELD_LINEAGE|64cf1977fe8b52c7e0fc1798d4810be4243b09c0886573ce42439c1eaf431667,0.0,none,0.0611604264955,1.0,INSIDE_MAJORITY,EVALUABLE,EXPLORATORY_CONSUMED_DIAGNOSTIC_ONLY
SS,pressure_gradient_acceleration,118,HMSO01R_A|PRIMARY|F2|1c2c80021df766e0b8dac64531e49f3edfee32ca298674ae8af4014f66ef0538,F2,FOLD_0,HMSO01R_A|FIELD_LINEAGE|97c8122849aa3cb13b599389c011f78352d49decd5677988d0a2a6da7c39f700,0.0,none,0.06792958021827858,1.0,INSIDE_MAJORITY,EVALUABLE,EXPLORATORY_CONSUMED_DIAGNOSTIC_ONLY
SS,pressure_gradient_acceleration,119,HMSO01R_A|PRIMARY|F2|225f1525345e96d468060b181560b06e9a378014dbd595964d1d7788ffb935f2,F2,FOLD_2,HMSO01R_A|FIELD_LINEAGE|5e2623db68536d2f4bee911245429597fdaee9006859890dec92aeaff707fe09,0.0,longitudinal,0.0,1.0,INSIDE_MAJORITY,EVALUABLE,EXPLORATORY_CONSUMED_DIAGNOSTIC_ONLY
SS,pressure_gradient_acceleration,120,HMSO01R_A|PRIMARY|F2|6ae7cce1ed05d77697c2da5aaa495d3eae48e18d9db16e9452dee591598de11a,F2,FOLD_1,HMSO01R_A|FIELD_LINEAGE|e5cd23001367dee0fe50b87c4f9c5ae9d8e66eeb6cef2467ff3f6da8c0fcdc16,0.0,longitudinal,0.0,1.0,INSIDE_MAJORITY,EVALUABLE,EXPLORATORY_CONSUMED_DIAGNOSTIC_ONLY
SS,pressure_gradient_acceleration,121,HMSO01R_A|PRIMARY|F2|d281b99f6b2ec5d478578a5ecd7ee12f35eb0089879e73162244dd885ca6cab4,F2,FOLD_4,HMSO01R_A|FIELD_LINEAGE|88fd5f86ca9cc426c28ce681d06ea15f58c6c7889170fcda146bde128f6121e4,0.0,none,0.19111323191968854,1.0,INSIDE_MAJORITY,EVALUABLE,EXPLORATORY_CONSUMED_DIAGNOSTIC_ONLY
SS,pressure_gradient_acceleration,122,HMSO01R_A|PRIMARY|F2|378edd32d7db407564a0b15e6b24bca9c7f72b0c6ef786012ce4d7f5a74c1362,F2,FOLD_5,HMSO01R_A|FIELD_LINEAGE|9c004dbe18905f4181f1a701e81649fc67e98b969674994e8f64827f6fb4c765,0.0,longitudinal,0.0,1.0,INSIDE_MAJORITY,EVALUABLE,EXPLORATORY_CONSUMED_DIAGNOSTIC_ONLY
SS,pressure_gradient_acceleration,123,HMSO01R_A|PRIMARY|F2|afa1b7f4e9f94b044f6756cb4f45ff5cea11a69bd126c0c7b8d466e903f63066,F2,FOLD_5,HMSO01R_A|FIELD_LINEAGE|c34a55057cd1e579919fb09acb5db221d75ae96164f74060b78863318f65371c,0.0,transverse,0.0,1.0,INSIDE_MAJORITY,EVALUABLE,EXPLORATORY_CONSUMED_DIAGNOSTIC_ONLY
SS,pressure_gradient_acceleration,124,HMSO01R_A|PRIMARY|F2|341793a8994d93b17446bf88fb7676243e144008987e9363494fcb9074bdb29d,F2,FOLD_1,HMSO01R_A|FIELD_LINEAGE|6918def6b8a6923e67fc2a25f9ee5a59a177f2b6c9bf8dfd922cd28ef3b4c287,0.0,longitudinal,0.0,1.0,INSIDE_MAJORITY,EVALUABLE,EXPLORATORY_CONSUMED_DIAGNOSTIC_ONLY
SS,pressure_gradient_acceleration,125,HMSO01R_A|PRIMARY|F2|3d84dd5ecc35ea2a4add3e7e791de239a311aee1c6bf59b0a8c2313207c95ec3,F2,FOLD_2,HMSO01R_A|FIELD_LINEAGE|15651b29629c1bcfb68ed12ef597d6352232a9bc607eac6bb7e574563cec2b00,0.0,transverse,0.0,1.0,INSIDE_MAJORITY,EVALUABLE,EXPLORATORY_CONSUMED_DIAGNOSTIC_ONLY
SS,pressure_gradient_acceleration,126,HMSO01R_A|PRIMARY|F2|fddef6d439eb0c020be984164c7083d125cd4fdc76722f369b1a92c7eb6363b8,F2,FOLD_2,HMSO01R_A|FIELD_LINEAGE|81c7292472bf739bf28836ff17c69dda49199278b75cd9c66130df6be7c143fb,0.0,none,0.07322518918727966,1.0,INSIDE_MAJORITY,EVALUABLE,EXPLORATORY_CONSUMED_DIAGNOSTIC_ONLY
SS,pressure_gradient_acceleration,127,HMSO01R_A|PRIMARY|F2|99abe18bbb4ec9cf8662a1ee4faaed022570139cf8e65d88d42fa7668ef66902,F2,FOLD_3,HMSO01R_A|FIELD_LINEAGE|4666d705aea26a6f22073d7a13f6e76c36824d125314c031a782f73ac5ba6779,0.0,longitudinal,0.0,1.0,INSIDE_MAJORITY,EVALUABLE,EXPLORATORY_CONSUMED_DIAGNOSTIC_ONLY
SS,pressure_gradient_acceleration,128,HMSO01R_A|PRIMARY|F2|78acf888fc653c06ca68eb940d4f98d1964ef008d11cd2138965981b7dc3b312,F2,FOLD_2,HMSO01R_A|FIELD_LINEAGE|292cdf1c570d6fb417a11eb6a7d4d830f9162a0bf0e09496e15edbaa84e1f3f4,0.0,none,0.026733395258977246,1.0,INSIDE_MAJORITY,EVALUABLE,EXPLORATORY_CONSUMED_DIAGNOSTIC_ONLY
SS,pressure_gradient_acceleration,129,HMSO01R_A|PRIMARY|F2|244d674d82586d5c27efcb5cf76f1db16e66295a7fd417ef250a1b7281a36490,F2,FOLD_5,HMSO01R_A|FIELD_LINEAGE|b2211d9018dde472457c7d9570d8b744ae480cbc84526fced16d30cb565fdb61,0.0,none,0.04468178703427334,1.0,INSIDE_MAJORITY,EVALUABLE,EXPLORATORY_CONSUMED_DIAGNOSTIC_ONLY
SS,pressure_gradient_acceleration,130,HMSO01R_A|PRIMARY|F2|6ec22863c33aa350034af595f655985a633a3c7f1e805555c956b54b0133a73f,F2,FOLD_1,HMSO01R_A|FIELD_LINEAGE|e1bd95fcd7aed1a8bde13393ae7d4a98eff10f4a52c1bdfb2e54f1dd690c54dd,0.0,longitudinal,0.0,1.0,INSIDE_MAJORITY,EVALUABLE,EXPLORATORY_CONSUMED_DIAGNOSTIC_ONLY
SS,pressure_gradient_acceleration,131,HMSO01R_A|PRIMARY|F2|c2c1b0c4ac31440c4abeb49e8d993ffe64e79f579434d4eba55dfaf82ae2e796,F2,FOLD_4,HMSO01R_A|FIELD_LINEAGE|a2bcc80ca3b9ebb8f54401e7b09de472e9adbce971c85048bd40ce15be44ea6a,0.0,longitudinal,0.0,0.84375,INSIDE_MAJORITY,EVALUABLE,EXPLORATORY_CONSUMED_DIAGNOSTIC_ONLY
SS,pressure_gradient_acceleration,132,HMSO01R_A|PRIMARY|F2|3e9109911fd666447f5ea379b1ac808462eb3949899a35697643d2bf2f340a2e,F2,FOLD_5,HMSO01R_A|FIELD_LINEAGE|0183a54dead296f9ee3dee43dc4041188299c7e551f4c9c6bfbe94dc055e54ad,0.0,none,0.24894758352936724,1.0,INSIDE_MAJORITY,EVALUABLE,EXPLORATORY_CONSUMED_DIAGNOSTIC_ONLY
SS,pressure_gradient_acceleration,133,HMSO01R_A|PRIMARY|F2|53c2cc70af29de18dbc1eef7a6c39f527fe2de29047950a02af19de34f4a6d0a,F2,FOLD_2,HMSO01R_A|FIELD_LINEAGE|06c5b0d79a6fc40df74bc047659e629ea096b0eb47ce7956bd3f7d012a8211c7,0.0,transverse,0.0,1.0,INSIDE_MAJORITY,EVALUABLE,EXPLORATORY_CONSUMED_DIAGNOSTIC_ONLY
SS,pressure_gradient_acceleration,134,HMSO01R_A|PRIMARY|F2|5c4af0ab896c03fc7e1a2d5070136892e3faab09da4944d75c188e5f2b791d01,F2,FOLD_5,HMSO01R_A|FIELD_LINEAGE|b914e9e8b47652c007a545bd9a5f60dbdaba2b957df3f42cdec4c8edb98e6d53,0.0,none,0.00436393732296482,1.0,INSIDE_MAJORITY,EVALUABLE,EXPLORATORY_CONSUMED_DIAGNOSTIC_ONLY
SS,pressure_gradient_acceleration,135,HMSO01R_A|PRIMARY|F2|1a5782df378e38739791edf0212c303606d566a73b3ced31f13850ede81428ff,F2,FOLD_3,HMSO01R_A|FIELD_LINEAGE|42e50ef40056d389a76817004688f104ee3861e2ea394e0b7ded0e04dbc7e54e,0.0,longitudinal,0.0,0.984375,INSIDE_MAJORITY,EVALUABLE,EXPLORATORY_CONSUMED_DIAGNOSTIC_ONLY
SS,pressure_gradient_acceleration,136,HMSO01R_A|PRIMARY|F2|ba00ef884a5bf7ea7e26266655c75cf5dc8311edf7b421c6f656794c4537b080,F2,FOLD_5,HMSO01R_A|FIELD_LINEAGE|14fde0d6f8e15a741b90398f93d73484586c3eb3479f620760208e87c5b3db6c,0.0,longitudinal,0.0,1.0,INSIDE_MAJORITY,EVALUABLE,EXPLORATORY_CONSUMED_DIAGNOSTIC_ONLY
SS,pressure_gradient_acceleration,137,HMSO01R_A|PRIMARY|F2|173e86dcd59c309d6aa4e43dd7ef85ce6126ebb3f802053fbaab70edbb203555,F2,FOLD_1,HMSO01R_A|FIELD_LINEAGE|f2247a8dfd61c19acaf6609654c9c6098f254569cd75ef6a5201803913aa1c00,0.0,transverse,0.0,1.0,INSIDE_MAJORITY,EVALUABLE,EXPLORATORY_CONSUMED_DIAGNOSTIC_ONLY
SS,pressure_gradient_acceleration,138,HMSO01R_A|PRIMARY|F2|49b1bb175e5832181d45f528b2b9591200fbe142eca9716787677e89238cbd10,F2,FOLD_4,HMSO01R_A|FIELD_LINEAGE|a2187a6938903010b61ee85d06f597d4029728ee0de5541c03daf2ed126b189e,0.0,none,0.0857938136578209,1.0,INSIDE_MAJORITY,EVALUABLE,EXPLORATORY_CONSUMED_DIAGNOSTIC_ONLY
SS,pressure_gradient_acceleration,139,HMSO01R_A|PRIMARY|F2|fc4b57a5c40354268856c01fc76d3319239dd5d9dd20c90e80fe43c264e9267b,F2,FOLD_2,HMSO01R_A|FIELD_LINEAGE|15651b29629c1bcfb68ed12ef597d6352232a9bc607eac6bb7e574563cec2b00,0.0,transverse,0.0,1.0,INSIDE_MAJORITY,EVALUABLE,EXPLORATORY_CONSUMED_DIAGNOSTIC_ONLY
SS,pressure_gradient_acceleration,140,HMSO01R_A|PRIMARY|F2|9dfe0eca8bbebcdc4a1978a54e0816482c15911908fdfbb31569d5a214e9872c,F2,FOLD_3,HMSO01R_A|FIELD_LINEAGE|5851badadb2dbcb7aa9bd12e7e1999f87fd380febbee831ba86fec2a8906fa0a,0.0,none,0.2677341671558624,1.0,INSIDE_MAJORITY,EVALUABLE,EXPLORATORY_CONSUMED_DIAGNOSTIC_ONLY
SS,pressure_gradient_acceleration,141,HMSO01R_A|PRIMARY|F2|895dd6678d4e24c9ca1d71d9c008f41366cf80a23cde2c2eb415309e3a867295,F2,FOLD_4,HMSO01R_A|FIELD_LINEAGE|9a24c02f87d28fecb69b79ddff22c8eb176badf445e6b5b8234aa2a46b73c349,0.0,transverse,0.0,1.0,INSIDE_MAJORITY,EVALUABLE,EXPLORATORY_CONSUMED_DIAGNOSTIC_ONLY
SS,pressure_gradient_acceleration,142,HMSO01R_A|PRIMARY|F2|43400ba997c21fdce3f471265a500e4ce9576d1439d1f30fbef4c90e64fe3d8d,F2,FOLD_4,HMSO01R_A|FIELD_LINEAGE|191e9f46778b3758f1f78fde4f9e2a46913f5a82ffc9889aaa9e18e41d67ee0e,0.0,transverse,0.0,1.0,INSIDE_MAJORITY,EVALUABLE,EXPLORATORY_CONSUMED_DIAGNOSTIC_ONLY
SS,pressure_gradient_acceleration,143,HMSO01R_A|PRIMARY|F2|bb71b018647a767eed8901cfe1bf61e2c7d8c0a7a0a327a2fa924dd359c71c26,F2,FOLD_5,HMSO01R_A|FIELD_LINEAGE|9c004dbe18905f4181f1a701e81649fc67e98b969674994e8f64827f6fb4c765,0.0,longitudinal,0.0,1.0,INSIDE_MAJORITY,EVALUABLE,EXPLORATORY_CONSUMED_DIAGNOSTIC_ONLY
SS,pressure_gradient_acceleration,144,HMSO01R_A|PRIMARY|F2|8e8cf402dd59acdd5c95ee8fdb63bc03fad23d019d7276ca80115848d78c55ef,F2,FOLD_0,HMSO01R_A|FIELD_LINEAGE|8573999ac09da70da8d1802997d1dd1b2879d7ff239af35fb1a185a39cc1f420,0.0,longitudinal,0.0,1.0,INSIDE_MAJORITY,EVALUABLE,EXPLORATORY_CONSUMED_DIAGNOSTIC_ONLY
SS,pressure_gradient_acceleration,145,HMSO01R_A|PRIMARY|F2|7b872968a13989e45fb2f3e89908ca2ac37f6ff5f28e567d6ec4465af3c38fe9,F2,FOLD_1,HMSO01R_A|FIELD_LINEAGE|20fd9f4e76cc9e98a79b808be25ffb0cc4d95c0522637973fd5963586426d614,0.0,transverse,0.0,1.0,INSIDE_MAJORITY,EVALUABLE,EXPLORATORY_CONSUMED_DIAGNOSTIC_ONLY
SS,pressure_gradient_acceleration,146,HMSO01R_A|PRIMARY|F2|4ccc4b5f9e495e2dea0d0bbe1112b687c163dc2990f14f3a9a8779a2febb23ca,F2,FOLD_0,HMSO01R_A|FIELD_LINEAGE|970bbd18dffee12c05308155c993436bfc58e77384e4967420f4e2e03156c88b,0.0,none,0.10269969221300351,1.0,INSIDE_MAJORITY,EVALUABLE,EXPLORATORY_CONSUMED_DIAGNOSTIC_ONLY
SS,pressure_gradient_acceleration,147,HMSO01R_A|PRIMARY|F2|6fefe8e4f1094c859a846ee88db724abc280227b36323f72927db524e29383b7,F2,FOLD_0,HMSO01R_A|FIELD_LINEAGE|f0421338d311584916d83a8dd01c9f47b7707c5652d4192e1df422a2a9e7d57d,0.0,longitudinal,0.0,0.984375,INSIDE_MAJORITY,EVALUABLE,EXPLORATORY_CONSUMED_DIAGNOSTIC_ONLY
SS,pressure_gradient_acceleration,148,HMSO01R_A|PRIMARY|F2|eb7b6ba03291aea589dda52a307711c5f6ee46f4eb37a5cd373f77c7f67863a7,F2,FOLD_2,HMSO01R_A|FIELD_LINEAGE|7f5e5896e83ee81bc858adc8fff5befe2b2c76e1183ff21435261a6621560b2c,0.0,none,0.113536504323441,1.0,INSIDE_MAJORITY,EVALUABLE,EXPLORATORY_CONSUMED_DIAGNOSTIC_ONLY
SS,pressure_gradient_acceleration,149,HMSO01R_A|PRIMARY|F2|04462d4167f9e6a289c93a4bb5aa1dea05cd96b3ea96571f0868e25ebc8d5f8e,F2,FOLD_5,HMSO01R_A|FIELD_LINEAGE|3e594f148c4f0181faaf58cc7906a2e9e8709c7be31e59cdc8bdd6b6b7c398a2,0.0,transverse,0.0,1.0,INSIDE_MAJORITY,EVALUABLE,EXPLORATORY_CONSUMED_DIAGNOSTIC_ONLY
SS,pressure_gradient_acceleration,150,HMSO01R_A|PRIMARY|F2|4297699e347ed4806aabb29114fcd2781da12cb95ffcc5628fb9d70f665cdd4f,F2,FOLD_3,HMSO01R_A|FIELD_LINEAGE|4666d705aea26a6f22073d7a13f6e76c36824d125314c031a782f73ac5ba6779,0.0,longitudinal,0.0,0.984375,INSIDE_MAJORITY,EVALUABLE,EXPLORATORY_CONSUMED_DIAGNOSTIC_ONLY
SS,pressure_gradient_acceleration,151,HMSO01R_A|PRIMARY|F2|e68e4a07fd36664d37b69ec67f5add124cad2d58918fe355b55ab2950f542dba,F2,FOLD_1,HMSO01R_A|FIELD_LINEAGE|6918def6b8a6923e67fc2a25f9ee5a59a177f2b6c9bf8dfd922cd28ef3b4c287,0.0,longitudinal,0.0,1.0,INSIDE_MAJORITY,EVALUABLE,EXPLORATORY_CONSUMED_DIAGNOSTIC_ONLY
SS,pressure_gradient_acceleration,152,HMSO01R_A|PRIMARY|F2|4712b26cd9c8f9315534de7184e7f01d6136b8f8799924f91d07bfdfeaa3ef4b,F2,FOLD_1,HMSO01R_A|FIELD_LINEAGE|7cb12f064a9c8069fd15f2a86fa0ddd017328ca5cc4b0fc515bbfbdd4c6e6858,0.0,longitudinal,0.0,1.0,INSIDE_MAJORITY,EVALUABLE,EXPLORATORY_CONSUMED_DIAGNOSTIC_ONLY
SS,pressure_gradient_acceleration,153,HMSO01R_A|PRIMARY|F2|870ff902b019e213bc644d7adb9a6788d1c2dc81205205d17418193ba8c3ba06,F2,FOLD_4,HMSO01R_A|FIELD_LINEAGE|3d33238d426baab3f4ff1c525309d0c0b825fb99fca42c8d1a5482ea92f2f1a6,0.0,none,0.11723551935877054,1.0,INSIDE_MAJORITY,EVALUABLE,EXPLORATORY_CONSUMED_DIAGNOSTIC_ONLY
SS,pressure_gradient_acceleration,154,HMSO01R_A|PRIMARY|F2|c97c32b32beaf7b49449c7dfac283e421732f48d3a1a0e8bae6822b2d18c979d,F2,FOLD_4,HMSO01R_A|FIELD_LINEAGE|a2187a6938903010b61ee85d06f597d4029728ee0de5541c03daf2ed126b189e,0.0,none,0.12459116905612187,1.0,INSIDE_MAJORITY,EVALUABLE,EXPLORATORY_CONSUMED_DIAGNOSTIC_ONLY
SS,pressure_gradient_acceleration,155,HMSO01R_A|PRIMARY|F2|9aa02356e03e116f8c7747cc6dc67ca5bf6463af78c8ec2a5e839ecf5cd044b6,F2,FOLD_2,HMSO01R_A|FIELD_LINEAGE|b40ef25bd445f58063f7eecbd118e28fcd5b9c8ea0b1803b18c885057e29107f,0.0,longitudinal,0.0,1.0,INSIDE_MAJORITY,EVALUABLE,EXPLORATORY_CONSUMED_DIAGNOSTIC_ONLY
SS,pressure_gradient_acceleration,156,HMSO01R_A|PRIMARY|F2|9ceb85393da4b2a224d124f538efebd26b83e4ecbf4cee17ff9c06c84e444184,F2,FOLD_3,HMSO01R_A|FIELD_LINEAGE|42e50ef40056d389a76817004688f104ee3861e2ea394e0b7ded0e04dbc7e54e,0.0,longitudinal,0.0,0.9609375,INSIDE_MAJORITY,EVALUABLE,EXPLORATORY_CONSUMED_DIAGNOSTIC_ONLY
SS,pressure_gradient_acceleration,157,HMSO01R_A|PRIMARY|F2|d02d37603ad0429331b1b282ab0d05d6647faf02d57121f49583e677b27197af,F2,FOLD_5,HMSO01R_A|FIELD_LINEAGE|d8cd77f2aea85a93297ba4755747ee15653349aca322bca77ce1738389444994,0.0,none,0.17284350651128613,1.0,INSIDE_MAJORITY,EVALUABLE,EXPLORATORY_CONSUMED_DIAGNOSTIC_ONLY
SS,pressure_gradient_acceleration,158,HMSO01R_A|PRIMARY|F2|5421d8aa9bb2512df8601781ad0d4b3968d57f51768c4451aff8f8be42a4b79d,F2,FOLD_0,HMSO01R_A|FIELD_LINEAGE|7fd9257249644666dfcbc65ef0f9aa8090d87f1c93f77579cc137a1fc016a884,0.0,transverse,0.0,1.0,INSIDE_MAJORITY,EVALUABLE,EXPLORATORY_CONSUMED_DIAGNOSTIC_ONLY
SS,pressure_gradient_acceleration,159,HMSO01R_A|PRIMARY|F2|767938226812a2838020c63ae0ec90bb4e50ead499924ecb103ed85f1140c35e,F2,FOLD_3,HMSO01R_A|FIELD_LINEAGE|8e3408f57249bc00fdafb475f758686e9ee7a95dad97ecf63f9b3a27f383de5d,0.0,longitudinal,0.0,0.96875,INSIDE_MAJORITY,EVALUABLE,EXPLORATORY_CONSUMED_DIAGNOSTIC_ONLY
SS,pressure_gradient_acceleration,160,HMSO01R_A|PRIMARY|F2|06317839d4737f546c947257bdda4c62c61d0554e47ead2e411236d53d112e6a,F2,FOLD_3,HMSO01R_A|FIELD_LINEAGE|11fde86949c379fe2021d6c74cae47b21d76fdf394512bb275cf864fa8a207c8,0.0,longitudinal,0.0,0.8125,INSIDE_MAJORITY,EVALUABLE,EXPLORATORY_CONSUMED_DIAGNOSTIC_ONLY
SS,pressure_gradient_acceleration,161,HMSO01R_A|PRIMARY|F2|7820bcfb5b087e80c1c6836a57a1f43ddd0c0eabfeda98ea6e8d9aa8389ed207,F2,FOLD_0,HMSO01R_A|FIELD_LINEAGE|2d885ab8e36e98def0f3a036fab45f57940afd290e12c42ece2cbbf2a0b7faed,0.0,transverse,1.5331976916019803e-09,1.0,INSIDE_MAJORITY,EVALUABLE,EXPLORATORY_CONSUMED_DIAGNOSTIC_ONLY
SS,pressure_gradient_acceleration,162,HMSO01R_A|PRIMARY|F2|8944ba387db65deaa93a40382da6d01673338136d1e94ca8e9fe59b6cb3efcba,F2,FOLD_4,HMSO01R_A|FIELD_LINEAGE|5c07d2280b8a6c46f1c42b9f7878f3f5c5e2174c9419aaf05f2bb6b52ab2f5f6,0.0,none,0.14401187293515957,1.0,INSIDE_MAJORITY,EVALUABLE,EXPLORATORY_CONSUMED_DIAGNOSTIC_ONLY
SS,pressure_gradient_acceleration,163,HMSO01R_A|PRIMARY|F2|8ddfab82fa98a874ee0e716b4b758a93f444c158ec4a00d3fbe09c82d4bc8295,F2,FOLD_2,HMSO01R_A|FIELD_LINEAGE|06c5b0d79a6fc40df74bc047659e629ea096b0eb47ce7956bd3f7d012a8211c7,0.0,transverse,0.0,1.0,INSIDE_MAJORITY,EVALUABLE,EXPLORATORY_CONSUMED_DIAGNOSTIC_ONLY
SS,pressure_gradient_acceleration,164,HMSO01R_A|PRIMARY|F2|aef30f7b06dc318c716f205dc8eabfa6b6ed892cd6f40ffa2655079a736cee3a,F2,FOLD_0,HMSO01R_A|FIELD_LINEAGE|56571c9b6d895bc0e855ce89225a188e41167fe16fc1aed7e4e19ab1ddaef9cb,0.0,none,0.15841694177714194,1.0,INSIDE_MAJORITY,EVALUABLE,EXPLORATORY_CONSUMED_DIAGNOSTIC_ONLY
SS,pressure_gradient_acceleration,165,HMSO01R_A|PRIMARY|F2|d57fe4ad60e081a7f8f4efa48a8eb91b168f1646797b26e04c5db9546d00f60b,F2,FOLD_5,HMSO01R_A|FIELD_LINEAGE|197ff926eb3d0f9ff98b06347687987d9933c0c4a0832b79258c496c53405132,0.0,longitudinal,0.0,1.0,INSIDE_MAJORITY,EVALUABLE,EXPLORATORY_CONSUMED_DIAGNOSTIC_ONLY
SS,pressure_gradient_acceleration,166,HMSO01R_A|PRIMARY|F2|975452d94e6c79df9ff8d8fba1e374f302d680dee30b89df4102bc72393d1f9b,F2,FOLD_3,HMSO01R_A|FIELD_LINEAGE|5851badadb2dbcb7aa9bd12e7e1999f87fd380febbee831ba86fec2a8906fa0a,0.0,none,0.39759563455155494,1.0,INSIDE_MAJORITY,EVALUABLE,EXPLORATORY_CONSUMED_DIAGNOSTIC_ONLY
SS,pressure_gradient_acceleration,167,HMSO01R_A|PRIMARY|F2|44347425dbc13101dae7c7450e08fb4b35d0ca65dcfd17e980334a022d882af9,F2,FOLD_1,HMSO01R_A|FIELD_LINEAGE|20bbc33e3ce141e2f7eb99de3d0702689581411faf36ef6782c9dd4ff7bd0899,0.0,longitudinal,0.0,1.0,INSIDE_MAJORITY,EVALUABLE,EXPLORATORY_CONSUMED_DIAGNOSTIC_ONLY
SS,pressure_gradient_acceleration,168,HMSO01R_A|PRIMARY|F2|50287af40030d649f1af5a13277f820d8e9b04c2c12a7d0e8d2996e66e26b556,F2,FOLD_5,HMSO01R_A|FIELD_LINEAGE|b1b50b97bc0f473e266ef9eb8a1e2e2edee23dadabeb0645af363d822d4db947,0.0,none,0.5702828648169671,1.0,INSIDE_MAJORITY,EVALUABLE,EXPLORATORY_CONSUMED_DIAGNOSTIC_ONLY
SS,pressure_gradient_acceleration,169,HMSO01R_A|PRIMARY|F2|770f7ccfdd77b26685f21e0e3c70f18ec9f421839d2fba7929928a85b11f3c9a,F2,FOLD_3,HMSO01R_A|FIELD_LINEAGE|5cf76bdd12cdf0612bba343b6cf1b9e46ef0764cc183560f7b16acacca9460f1,0.0,none,0.09374966453651853,1.0,INSIDE_MAJORITY,EVALUABLE,EXPLORATORY_CONSUMED_DIAGNOSTIC_ONLY
SS,pressure_gradient_acceleration,170,HMSO01R_A|PRIMARY|F2|d512fe7ee100d3974c5f97dc7b1fa2660d854ea076fcc8d96cb46f6dbe87500d,F2,FOLD_1,HMSO01R_A|FIELD_LINEAGE|e99701698ca3eda87704f5f32294f901f56116d9da609afcb18418d4c8a62bf2,0.0,transverse,0.0,1.0,INSIDE_MAJORITY,EVALUABLE,EXPLORATORY_CONSUMED_DIAGNOSTIC_ONLY
SS,pressure_gradient_acceleration,171,HMSO01R_A|PRIMARY|F2|075d9f5ce867e6dbadfe8de37051b48f3917aea711dd42c93d1beca79c10b036,F2,FOLD_4,HMSO01R_A|FIELD_LINEAGE|3283083498700d830b6f9393659c16097acacaf984f6c43b70c65438a233286d,0.0,transverse,4.03712078222665e-07,1.0,INSIDE_MAJORITY,EVALUABLE,EXPLORATORY_CONSUMED_DIAGNOSTIC_ONLY
SS,pressure_gradient_acceleration,172,HMSO01R_A|PRIMARY|F2|23a1b3ff87d761d45da6714a7a8f504f2d1ae1758fc48c5edde0346581e7dcb9,F2,FOLD_5,HMSO01R_A|FIELD_LINEAGE|0183a54dead296f9ee3dee43dc4041188299c7e551f4c9c6bfbe94dc055e54ad,0.0,none,0.3070934582631112,1.0,INSIDE_MAJORITY,EVALUABLE,EXPLORATORY_CONSUMED_DIAGNOSTIC_ONLY
SS,pressure_gradient_acceleration,173,HMSO01R_A|PRIMARY|F2|cf42695af0c24db6bd3d8952fcd9d3df58fca05a61b3413ec53ae3a547abb47e,F2,FOLD_2,HMSO01R_A|FIELD_LINEAGE|4a864b01d23e69fbf80902fd3a728f366c9eb285ead51eb5724dfe25ca232031,0.0,transverse,0.0,1.0,INSIDE_MAJORITY,EVALUABLE,EXPLORATORY_CONSUMED_DIAGNOSTIC_ONLY
SS,pressure_gradient_acceleration,174,HMSO01R_A|PRIMARY|F2|caf9380b58fd1298f9b3296a6d0386c5d9b7a136975daf3e1d5a80853cd8eef1,F2,FOLD_1,HMSO01R_A|FIELD_LINEAGE|7cb12f064a9c8069fd15f2a86fa0ddd017328ca5cc4b0fc515bbfbdd4c6e6858,0.0,longitudinal,0.0,1.0,INSIDE_MAJORITY,EVALUABLE,EXPLORATORY_CONSUMED_DIAGNOSTIC_ONLY
SS,pressure_gradient_acceleration,175,HMSO01R_A|PRIMARY|F2|0f34bfbdf04b3c15451a4a77716248a4eb3d3a17ab75fa5c980bc8ae9e205274,F2,FOLD_2,HMSO01R_A|FIELD_LINEAGE|5e2623db68536d2f4bee911245429597fdaee9006859890dec92aeaff707fe09,0.0,longitudinal,0.0,1.0,INSIDE_MAJORITY,EVALUABLE,EXPLORATORY_CONSUMED_DIAGNOSTIC_ONLY
SS,pressure_gradient_acceleration,176,HMSO01R_A|PRIMARY|F2|2ea1d90f57b9810a91106d036818acb702d93d228b9d9df681a219b545bc1f6a,F2,FOLD_0,HMSO01R_A|FIELD_LINEAGE|9c5f7b50a01e8dafcf4be2d7df61fd0da86b2229fe32286852ed3ad88cce82f1,0.0,longitudinal,0.0,1.0,INSIDE_MAJORITY,EVALUABLE,EXPLORATORY_CONSUMED_DIAGNOSTIC_ONLY
SS,pressure_gradient_acceleration,177,HMSO01R_A|PRIMARY|F2|19be682a103146b62d59845d0b1804ab3b62d9c573f8e68e21e4a7bdead50cd2,F2,FOLD_2,HMSO01R_A|FIELD_LINEAGE|06c5b0d79a6fc40df74bc047659e629ea096b0eb47ce7956bd3f7d012a8211c7,0.0,transverse,0.0,1.0,INSIDE_MAJORITY,EVALUABLE,EXPLORATORY_CONSUMED_DIAGNOSTIC_ONLY
SS,pressure_gradient_acceleration,178,HMSO01R_A|PRIMARY|F2|185d0c3aa5513b03f278a966e478709c4902e70ac083e6f632bc98d88beb9df7,F2,FOLD_2,HMSO01R_A|FIELD_LINEAGE|87172e4156e9f066a6ea7ab3304062c939784ea4bd0f5f1cf466bbc2d6008cc6,0.0,none,0.26225731543974845,1.0,INSIDE_MAJORITY,EVALUABLE,EXPLORATORY_CONSUMED_DIAGNOSTIC_ONLY
SS,pressure_gradient_acceleration,179,HMSO01R_A|PRIMARY|F2|5138ec5bf5a63077695a50b6daf79a75c288e3f92b7d2fd433420e10b7c89d9c,F2,FOLD_2,HMSO01R_A|FIELD_LINEAGE|8a6dd2252f8c5f8f08c3ba5ae9cf89d97575348634ba471a1a84e7de612ac6f3,0.0,longitudinal,0.0,0.96875,INSIDE_MAJORITY,EVALUABLE,EXPLORATORY_CONSUMED_DIAGNOSTIC_ONLY
SS,pressure_gradient_acceleration,180,HMSO01R_A|PRIMARY|F2|818dc2505ec37b131c424e5845713b79c3eb0739f3b7de40bbedca42f6db8eae,F2,FOLD_0,HMSO01R_A|FIELD_LINEAGE|970bbd18dffee12c05308155c993436bfc58e77384e4967420f4e2e03156c88b,0.0,none,0.217685864370465,1.0,INSIDE_MAJORITY,EVALUABLE,EXPLORATORY_CONSUMED_DIAGNOSTIC_ONLY
SS,pressure_gradient_acceleration,181,HMSO01R_A|PRIMARY|F2|a74e9c0a19316e67907d4b557a95ce39a7d043fecb771ce561b574665efa7afe,F2,FOLD_1,HMSO01R_A|FIELD_LINEAGE|e1662caa4f55fa1e467b750db9be81d3672b988a828412586110c172a4b65cc4,0.0,transverse,0.0,1.0,INSIDE_MAJORITY,EVALUABLE,EXPLORATORY_CONSUMED_DIAGNOSTIC_ONLY
SS,pressure_gradient_acceleration,182,HMSO01R_A|PRIMARY|F2|bdb007584742122a198d9ced8ca8026b3be02c902d5955e2048c740a64716cf2,F2,FOLD_0,HMSO01R_A|FIELD_LINEAGE|38ed780ae9e2ceb725d12dc596e69f348d116c6ab5da75f5bae97744169a86db,0.0,none,0.36480885762341675,1.0,INSIDE_MAJORITY,EVALUABLE,EXPLORATORY_CONSUMED_DIAGNOSTIC_ONLY
SS,pressure_gradient_acceleration,183,HMSO01R_A|PRIMARY|F2|3272400369fdb2a2501d3b745bd9e207e5bae9055664ceac44b9407292a76f92,F2,FOLD_4,HMSO01R_A|FIELD_LINEAGE|3d33238d426baab3f4ff1c525309d0c0b825fb99fca42c8d1a5482ea92f2f1a6,0.0,none,0.11852786022460796,1.0,INSIDE_MAJORITY,EVALUABLE,EXPLORATORY_CONSUMED_DIAGNOSTIC_ONLY
SS,pressure_gradient_acceleration,184,HMSO01R_A|PRIMARY|F2|034e6c9c44e99f51aee8aba69d1a4c28c3cb9adb1b6463d89f18728770764abe,F2,FOLD_4,HMSO01R_A|FIELD_LINEAGE|ebfb44058badbf85a36d8671e914d20620f9253b30eeec0e96b5e0c20dc8e16c,0.0,none,0.0553570449318504,1.0,INSIDE_MAJORITY,EVALUABLE,EXPLORATORY_CONSUMED_DIAGNOSTIC_ONLY
SS,pressure_gradient_acceleration,185,HMSO01R_A|PRIMARY|F2|732f4cfaffee839c2b271711e16b6b2fb3e217bff4c7fcfb490bdf8b56ec287e,F2,FOLD_1,HMSO01R_A|FIELD_LINEAGE|b31d5c3484f2394d06a11f5ae52600d61d7c303637147b70dbb1edd7e25e93c9,0.0,none,0.021896703194989566,1.0,INSIDE_MAJORITY,EVALUABLE,EXPLORATORY_CONSUMED_DIAGNOSTIC_ONLY
SS,pressure_gradient_acceleration,186,HMSO01R_A|PRIMARY|F2|b1d0a8244d66a3601ab9490c2f324ddb81f10addb947e8c682ba8c0128bd165b,F2,FOLD_2,HMSO01R_A|FIELD_LINEAGE|87172e4156e9f066a6ea7ab3304062c939784ea4bd0f5f1cf466bbc2d6008cc6,0.0,none,0.3131849312970932,1.0,INSIDE_MAJORITY,EVALUABLE,EXPLORATORY_CONSUMED_DIAGNOSTIC_ONLY
SS,pressure_gradient_acceleration,187,HMSO01R_A|PRIMARY|F2|72d1507d3e0e38859bf68cd9d3d24754b35a19b61c5d7d5a9758d538c22b58ae,F2,FOLD_3,HMSO01R_A|FIELD_LINEAGE|e82aee0755c70810ee3fbd630ec4d3fa698e473225b4aa505b26af8a458a6400,0.0,longitudinal,0.0,0.9375,INSIDE_MAJORITY,EVALUABLE,EXPLORATORY_CONSUMED_DIAGNOSTIC_ONLY
SS,pressure_gradient_acceleration,188,HMSO01R_A|PRIMARY|F2|3d2c5979ee1fcd4aee7a725050dc0ff27fa2da4d1c90535241ecacbdd1790f25,F2,FOLD_0,HMSO01R_A|FIELD_LINEAGE|8573999ac09da70da8d1802997d1dd1b2879d7ff239af35fb1a185a39cc1f420,0.0,longitudinal,0.0,1.0,INSIDE_MAJORITY,EVALUABLE,EXPLORATORY_CONSUMED_DIAGNOSTIC_ONLY
SS,pressure_gradient_acceleration,189,HMSO01R_A|PRIMARY|F2|8d55437423bf8c70e6605b36d7260b3a4672b3a5ed3778b44ba3d5bf4cb18b32,F2,FOLD_0,HMSO01R_A|FIELD_LINEAGE|97c8122849aa3cb13b599389c011f78352d49decd5677988d0a2a6da7c39f700,0.0,none,0.10731120081075052,1.0,INSIDE_MAJORITY,EVALUABLE,EXPLORATORY_CONSUMED_DIAGNOSTIC_ONLY
SS,pressure_gradient_acceleration,190,HMSO01R_A|PRIMARY|F2|84e4cae6d11fca7df479ebcc35a969e79388e4512dbaf94280c83be546b27d42,F2,FOLD_0,HMSO01R_A|FIELD_LINEAGE|8573999ac09da70da8d1802997d1dd1b2879d7ff239af35fb1a185a39cc1f420,0.0,longitudinal,0.0,1.0,INSIDE_MAJORITY,EVALUABLE,EXPLORATORY_CONSUMED_DIAGNOSTIC_ONLY
SS,pressure_gradient_acceleration,191,HMSO01R_A|PRIMARY|F2|288da569df1da8449acb1b2e9db3c3d5edda6f8e97a8bdeb3237c37cd17645a4,F2,FOLD_4,HMSO01R_A|FIELD_LINEAGE|5717c014ee19e2404587fa3546273faef8d6d97d2a31a4b9e01b24770e476426,0.0,transverse,0.0,1.0,INSIDE_MAJORITY,EVALUABLE,EXPLORATORY_CONSUMED_DIAGNOSTIC_ONLY
SS,pressure_gradient_acceleration,192,HMSO01R_A|PRIMARY|F3|0246c8978fdb6f9b1602abd7e4bb592349c6dbcaec25b547026c9c2750042711,F3,FOLD_2,HMSO01R_A|FIELD_LINEAGE|e2fdf0ecb37222ddf2c343b2a9785bb080b33fb721f4d3381403db08d53276de,0.0,longitudinal,0.0,0.546875,INSIDE_MAJORITY,EVALUABLE,EXPLORATORY_CONSUMED_DIAGNOSTIC_ONLY
SS,pressure_gradient_acceleration,193,HMSO01R_A|PRIMARY|F3|284496823e8aec01b40520cb6e31072714c17b163a3b2aee9494245e6ab4fbe3,F3,FOLD_3,HMSO01R_A|FIELD_LINEAGE|adcf8aaea780832e88b7b6b779fb3ef2ecab338dd7379ac8654e7aabdcee4b4f,0.0,none,1.120207515459139,1.0,INSIDE_MAJORITY,EVALUABLE,EXPLORATORY_CONSUMED_DIAGNOSTIC_ONLY
SS,pressure_gradient_acceleration,194,HMSO01R_A|PRIMARY|F3|856be85985639f39746337ee50cc51e130ce0a7d2c260e20fb1669a498ca4c4a,F3,FOLD_4,HMSO01R_A|FIELD_LINEAGE|440a69e5e6d8a6266c3153ff4cc4273aafca8ec71c677d3f24cfa0db89cae65c,0.0,none,0.8045502569647542,1.0,INSIDE_MAJORITY,EVALUABLE,EXPLORATORY_CONSUMED_DIAGNOSTIC_ONLY
SS,pressure_gradient_acceleration,195,HMSO01R_A|PRIMARY|F3|b2ac6ac17aa0a12ce8cd63645f41349492c000f968be067724d7f478de5b6729,F3,FOLD_3,HMSO01R_A|FIELD_LINEAGE|a97cf87a717a68b745e28078c021ba65c881711a1cd171188bc4affd3a1b5795,0.0,none,0.2851906177938345,1.0,INSIDE_MAJORITY,EVALUABLE,EXPLORATORY_CONSUMED_DIAGNOSTIC_ONLY
SS,pressure_gradient_acceleration,196,HMSO01R_A|PRIMARY|F3|b086157b1bcfb941501ef7f87c880219004f7cad86dd44d4bd3f804094e509b4,F3,FOLD_5,HMSO01R_A|FIELD_LINEAGE|bf32023450080971c5fdfb56d7a260838d7b8e02917a4118c4ed0b4a49c6c14a,0.0,transverse,0.0,1.0,INSIDE_MAJORITY,EVALUABLE,EXPLORATORY_CONSUMED_DIAGNOSTIC_ONLY
SS,pressure_gradient_acceleration,197,HMSO01R_A|PRIMARY|F3|1c755f486d1242ae237857d913100f73519ac2418e3546045035c8318a436869,F3,FOLD_5,HMSO01R_A|FIELD_LINEAGE|d2f9d8c8f5f3c69790790651faeb1c1f59b6b387e4ede38adea5936b94855ff9,0.0,transverse,0.0,1.0,INSIDE_MAJORITY,EVALUABLE,EXPLORATORY_CONSUMED_DIAGNOSTIC_ONLY
SS,pressure_gradient_acceleration,198,HMSO01R_A|PRIMARY|F3|7a55c18fc48b21e85cc57c38b6ca548a108b03deee77e5dc0ebe5146fbe17cfd,F3,FOLD_5,HMSO01R_A|FIELD_LINEAGE|226b761343bde11d0f8531972b4efd2a54f34c441ce74b43268bfdfde41542ed,0.0,none,0.05747746093704062,1.0,INSIDE_MAJORITY,EVALUABLE,EXPLORATORY_CONSUMED_DIAGNOSTIC_ONLY
SS,pressure_gradient_acceleration,199,HMSO01R_A|PRIMARY|F3|9dfa53931f7f4e1baae8e92539a530becbe3dc126225f6cab71b5b92d4e26c23,F3,FOLD_1,HMSO01R_A|FIELD_LINEAGE|b0c6a47a41827791b3e03b32c3cfc7642f7c46055e5fbdc618a902dd60890cc0,0.0,none,3.5211331309124847,1.0,INSIDE_MAJORITY,EVALUABLE,EXPLORATORY_CONSUMED_DIAGNOSTIC_ONLY
SS,pressure_gradient_acceleration,200,HMSO01R_A|PRIMARY|F3|36bd7fbc4400ae830da89e8b7049cba3a2eba76340c04c9b22d524ed882f25fa,F3,FOLD_0,HMSO01R_A|FIELD_LINEAGE|46ad1db2ba1a448aa8fcf8fea69b4b772861af80c9b661f505a8c591ffdfe68c,0.0,transverse,0.0,1.0,INSIDE_MAJORITY,EVALUABLE,EXPLORATORY_CONSUMED_DIAGNOSTIC_ONLY
SS,pressure_gradient_acceleration,201,HMSO01R_A|PRIMARY|F3|48ad4afa1ebbb91c201c1775b9df72193c6c5e3c47d0cd6020e71c21eda7c325,F3,FOLD_3,HMSO01R_A|FIELD_LINEAGE|99c13161db8958c19a30a96b96a6940cece539d1c84e808e21dfa37710ec6894,0.0,longitudinal,0.0,1.0,INSIDE_MAJORITY,EVALUABLE,EXPLORATORY_CONSUMED_DIAGNOSTIC_ONLY
SS,pressure_gradient_acceleration,202,HMSO01R_A|PRIMARY|F3|640c5b30036e29f6d84cd9443dde5d1b73abd9252849cb7199b651f12e5099e6,F3,FOLD_0,HMSO01R_A|FIELD_LINEAGE|be9a8927a3f7361841f3e523395e00d4ebcd734040aebfe38006ae7fda2437fd,0.0,none,1.4013724853469283,1.0,INSIDE_MAJORITY,EVALUABLE,EXPLORATORY_CONSUMED_DIAGNOSTIC_ONLY
SS,pressure_gradient_acceleration,203,HMSO01R_A|PRIMARY|F3|37814f4c4943fb00e00ed04672af67774d05465c46e6a4aaca391f8387f4afda,F3,FOLD_1,HMSO01R_A|FIELD_LINEAGE|5788e5f098ee24a0bfe3ef48cb7ba08a0bdbab2c319fd19eedc3c9eb4ac76f03,0.0,longitudinal,0.0,1.0,INSIDE_MAJORITY,EVALUABLE,EXPLORATORY_CONSUMED_DIAGNOSTIC_ONLY
SS,pressure_gradient_acceleration,204,HMSO01R_A|PRIMARY|F3|fff250630c55c8bdaf6d9ce420a0a9166a884a0b680ca35cd4e6f7da5e276171,F3,FOLD_2,HMSO01R_A|FIELD_LINEAGE|5c056a7425c54539d868f52b6ae68a4c578195d4f6b5cb7d636be4eab2c2df8c,0.0,none,0.2053983690920761,1.0,INSIDE_MAJORITY,EVALUABLE,EXPLORATORY_CONSUMED_DIAGNOSTIC_ONLY
SS,pressure_gradient_acceleration,205,HMSO01R_A|PRIMARY|F3|b99c0eeb5430528c2b50c8e3895f960a908c4207e1a45f365d2458a81bb0bc1d,F3,FOLD_3,HMSO01R_A|FIELD_LINEAGE|dca2b57202d33de06ea638a8ecbab23d1b960b5ed15b6841dcbc75b212cc8712,0.0,transverse,0.0,1.0,INSIDE_MAJORITY,EVALUABLE,EXPLORATORY_CONSUMED_DIAGNOSTIC_ONLY
SS,pressure_gradient_acceleration,206,HMSO01R_A|PRIMARY|F3|85fea40f0a91b03a078c3b5a07bf11f84086ae49de633169660bf9e7756cae9f,F3,FOLD_1,HMSO01R_A|FIELD_LINEAGE|d6ecf8cd80acb9db6acee967c0d1a3a8ca941d75fcf9e621c7ea05d79a191767,0.0,longitudinal,0.0,1.0,INSIDE_MAJORITY,EVALUABLE,EXPLORATORY_CONSUMED_DIAGNOSTIC_ONLY
SS,pressure_gradient_acceleration,207,HMSO01R_A|PRIMARY|F3|5bb1245725989ed102aa49078cd7bafa70151ebf012c1e0cb48cc587430f3f8c,F3,FOLD_2,HMSO01R_A|FIELD_LINEAGE|a7458b96c9ce1c60bf3ea9d352424b7dd251e22480db263be2c5716c65dc6939,0.0,none,0.22466527119746543,1.0,INSIDE_MAJORITY,EVALUABLE,EXPLORATORY_CONSUMED_DIAGNOSTIC_ONLY
SS,pressure_gradient_acceleration,208,HMSO01R_A|PRIMARY|F3|c6419d25ed9799d98d73b7e3428108142f0bca3250e86eb89e0df130bb7ce32f,F3,FOLD_5,HMSO01R_A|FIELD_LINEAGE|d2f9d8c8f5f3c69790790651faeb1c1f59b6b387e4ede38adea5936b94855ff9,0.0,transverse,0.0,1.0,INSIDE_MAJORITY,EVALUABLE,EXPLORATORY_CONSUMED_DIAGNOSTIC_ONLY
SS,pressure_gradient_acceleration,209,HMSO01R_A|PRIMARY|F3|1b4a7e3521dd87a05fef058b4828da1edb8cd5aec8d9c673df117a1ec7434769,F3,FOLD_2,HMSO01R_A|FIELD_LINEAGE|1014832cdbdd8f9e416c91cfffc398c0221e1acf20617efe558f4efd66f3578a,0.0,transverse,0.0,1.0,INSIDE_MAJORITY,EVALUABLE,EXPLORATORY_CONSUMED_DIAGNOSTIC_ONLY
SS,pressure_gradient_acceleration,210,HMSO01R_A|PRIMARY|F3|05d39cb15a23b77aab779fae1dffbbd812f25b20aa4d3dfd129ae8a8a816cca2,F3,FOLD_2,HMSO01R_A|FIELD_LINEAGE|6ad90de4847db7d34a3540ed573a050180b363be817d3503c19045b1a2f0ed3c,0.0,longitudinal,0.0,1.0,INSIDE_MAJORITY,EVALUABLE,EXPLORATORY_CONSUMED_DIAGNOSTIC_ONLY
SS,pressure_gradient_acceleration,211,HMSO01R_A|PRIMARY|F3|09cc668e9dba7d88f6e54f75d429302426e7aa2f208bb8a7ff5b73b66544e9bb,F3,FOLD_1,HMSO01R_A|FIELD_LINEAGE|d7d10f9b5293a22777f94b958cdb7280c40216c21a2b9b4a49451c1385cf26d9,0.0,longitudinal,0.0,1.0,INSIDE_MAJORITY,EVALUABLE,EXPLORATORY_CONSUMED_DIAGNOSTIC_ONLY
SS,pressure_gradient_acceleration,212,HMSO01R_A|PRIMARY|F3|a06f00606b940920f0738610d64d9adf69927bef39903d0e7a4fef72cc281beb,F3,FOLD_0,HMSO01R_A|FIELD_LINEAGE|9f471cc2328d66ccf0ca43f62bf5e261a867f85eeac6edc5a472072ca388bff6,0.0,none,0.4640293931174502,1.0,INSIDE_MAJORITY,EVALUABLE,EXPLORATORY_CONSUMED_DIAGNOSTIC_ONLY
SS,pressure_gradient_acceleration,213,HMSO01R_A|PRIMARY|F3|22ed08250476ad8132d9bdab1fa34035b518f147b69d656483ab08c91f2690a4,F3,FOLD_4,HMSO01R_A|FIELD_LINEAGE|3c7ea9b77bf044ea3d9c6d199831fc605b20c1d7b4a9ad213eb80b5cab2c0296,0.0,longitudinal,0.0,1.0,INSIDE_MAJORITY,EVALUABLE,EXPLORATORY_CONSUMED_DIAGNOSTIC_ONLY
SS,pressure_gradient_acceleration,214,HMSO01R_A|PRIMARY|F3|21da884cce84230dcc114a21edaa02c78d3f03be035b98a9b2728a4b8603ec8c,F3,FOLD_0,HMSO01R_A|FIELD_LINEAGE|051eaa0f00871ac3de3987b76f15e88e4e718676447cf96853b1d9836e56f4a9,0.0,transverse,0.0,1.0,INSIDE_MAJORITY,EVALUABLE,EXPLORATORY_CONSUMED_DIAGNOSTIC_ONLY
SS,pressure_gradient_acceleration,215,HMSO01R_A|PRIMARY|F3|f6ebcf09fc81ee2b77827b154fde7148695341b90b45859fdeecc87b05ff4caf,F3,FOLD_1,HMSO01R_A|FIELD_LINEAGE|0da6210822c1316c7a077be78ae0c871024433732125f17a7f978f92e0d637e1,0.0,longitudinal,0.0,1.0,INSIDE_MAJORITY,EVALUABLE,EXPLORATORY_CONSUMED_DIAGNOSTIC_ONLY
SS,pressure_gradient_acceleration,216,HMSO01R_A|PRIMARY|F3|a78675ef00c0dc7b5d540c4ffaaf15f59ac2fa555bd32502d134587a1fc4c16f,F3,FOLD_0,HMSO01R_A|FIELD_LINEAGE|9f471cc2328d66ccf0ca43f62bf5e261a867f85eeac6edc5a472072ca388bff6,0.0,none,1.3275117166470585,1.0,INSIDE_MAJORITY,EVALUABLE,EXPLORATORY_CONSUMED_DIAGNOSTIC_ONLY
SS,pressure_gradient_acceleration,217,HMSO01R_A|PRIMARY|F3|0a6d945c46b0d5e5b98e3a1197a9fe721d92190d97798bc12f6ca4db57cdd3d6,F3,FOLD_1,HMSO01R_A|FIELD_LINEAGE|07ef870a5e517a728f6e4939e44adb6e41abac7dca46a1a2247aeb449ae2b2b6,0.0,longitudinal,0.0,1.0,INSIDE_MAJORITY,EVALUABLE,EXPLORATORY_CONSUMED_DIAGNOSTIC_ONLY
SS,pressure_gradient_acceleration,218,HMSO01R_A|PRIMARY|F3|c463516606ee8c4c1a3b434573e8495c274c7f668a1ed539ab784aa22bbc8bd7,F3,FOLD_0,HMSO01R_A|FIELD_LINEAGE|0d095ad04875a9db82a8c6062fc3703d3296558fc88db157a4ad79a6317e27a5,0.0,transverse,0.0,1.0,INSIDE_MAJORITY,EVALUABLE,EXPLORATORY_CONSUMED_DIAGNOSTIC_ONLY
SS,pressure_gradient_acceleration,219,HMSO01R_A|PRIMARY|F3|6472036ea78470d8788d70fa6d89e58eeee090b7e2f0998bbdc0beea3db2758d,F3,FOLD_4,HMSO01R_A|FIELD_LINEAGE|0ddf6cdd096735cc15f4456489e1d58f77aa80618dad5da96cca18e59be60b9c,0.0,transverse,0.0,1.0,INSIDE_MAJORITY,EVALUABLE,EXPLORATORY_CONSUMED_DIAGNOSTIC_ONLY
SS,pressure_gradient_acceleration,220,HMSO01R_A|PRIMARY|F3|f3e2327f9b73508ecf7a883c33fe1553a004e2ae2881cc99e6ac3bcd4d7b3a11,F3,FOLD_2,HMSO01R_A|FIELD_LINEAGE|5c056a7425c54539d868f52b6ae68a4c578195d4f6b5cb7d636be4eab2c2df8c,0.0,none,0.04080897259415629,1.0,INSIDE_MAJORITY,EVALUABLE,EXPLORATORY_CONSUMED_DIAGNOSTIC_ONLY
SS,pressure_gradient_acceleration,221,HMSO01R_A|PRIMARY|F3|6c24586eb799823630a419a0b4199df5d3f38c6d1a2a662d6c869fddf06570b6,F3,FOLD_4,HMSO01R_A|FIELD_LINEAGE|43048a070f7e90a4b3daec507e653fb282b428f5e4cf309a72c949e8f5226bf3,0.0,transverse,0.0,1.0,INSIDE_MAJORITY,EVALUABLE,EXPLORATORY_CONSUMED_DIAGNOSTIC_ONLY
SS,pressure_gradient_acceleration,222,HMSO01R_A|PRIMARY|F3|9b31b3d042f2e1de2933fe9923e4e95fb59b4a658533f8c072683810620fa170,F3,FOLD_0,HMSO01R_A|FIELD_LINEAGE|51aa7e7dbbb5aa6496f5ed0b95d8e85438067333a238c5e41877a3cd9ace3175,0.0,transverse,0.0,1.0,INSIDE_MAJORITY,EVALUABLE,EXPLORATORY_CONSUMED_DIAGNOSTIC_ONLY
SS,pressure_gradient_acceleration,223,HMSO01R_A|PRIMARY|F3|6b2c89cd3ffb71669c83bdccc811b6a9db38e88242eafa872a665d3547543682,F3,FOLD_5,HMSO01R_A|FIELD_LINEAGE|0ac3210ffe07941071125618f2e4ad4f522063f7735eb12854083a5cf3b96fca,0.0,longitudinal,0.0,1.0,INSIDE_MAJORITY,EVALUABLE,EXPLORATORY_CONSUMED_DIAGNOSTIC_ONLY
SS,pressure_gradient_acceleration,224,HMSO01R_A|PRIMARY|F3|495ba1a4d513d7b77d558917d84762b10b3d5fcb3a9735e9f691fc80ea7caf42,F3,FOLD_3,HMSO01R_A|FIELD_LINEAGE|99c13161db8958c19a30a96b96a6940cece539d1c84e808e21dfa37710ec6894,0.0,longitudinal,0.0,1.0,INSIDE_MAJORITY,EVALUABLE,EXPLORATORY_CONSUMED_DIAGNOSTIC_ONLY
SS,pressure_gradient_acceleration,225,HMSO01R_A|PRIMARY|F3|36c90f091efac4b31332373189b35b4adf1829ad932375257650642e0da7a044,F3,FOLD_1,HMSO01R_A|FIELD_LINEAGE|9035657b1a9729d4b57919992bee8d9ea960c2a587c8d3877d9c920d8fa2a77c,0.0,none,0.7766874374949304,1.0,INSIDE_MAJORITY,EVALUABLE,EXPLORATORY_CONSUMED_DIAGNOSTIC_ONLY
SS,pressure_gradient_acceleration,226,HMSO01R_A|PRIMARY|F3|fefc93bf391a27e2ebe3a1140f7fe292478eed94430363eaf811e3e2c5c04f53,F3,FOLD_1,HMSO01R_A|FIELD_LINEAGE|7a536ab09e10cdf42c9afdd1f0f02ad4a5141ab50a8f50eb0b247ee08a4c67c0,0.0,longitudinal,0.0,1.0,INSIDE_MAJORITY,EVALUABLE,EXPLORATORY_CONSUMED_DIAGNOSTIC_ONLY
SS,pressure_gradient_acceleration,227,HMSO01R_A|PRIMARY|F3|4cda234c0475d6f05557ea16586f6a086d1159ec999b0a751b23b4f690d492f7,F3,FOLD_5,HMSO01R_A|FIELD_LINEAGE|0404a47ad84d3ab6d4cc0dbf7c8fea97f3bca817bfb6ce9e4a0d96e074c1229f,0.0,longitudinal,0.0,1.0,INSIDE_MAJORITY,EVALUABLE,EXPLORATORY_CONSUMED_DIAGNOSTIC_ONLY
SS,pressure_gradient_acceleration,228,HMSO01R_A|PRIMARY|F3|5345902cb9bc3a92ef959f7406060b23f2a73e2e1371d31d99c943fc571e75ec,F3,FOLD_3,HMSO01R_A|FIELD_LINEAGE|0a252563daa08b1ab13bdaf89c42f5f5445076fcfec6feb203abcad9de8ed55a,0.0,none,0.006433660826963497,1.0,INSIDE_MAJORITY,EVALUABLE,EXPLORATORY_CONSUMED_DIAGNOSTIC_ONLY
SS,pressure_gradient_acceleration,229,HMSO01R_A|PRIMARY|F3|70846550f93030f5e797b9cc40dd60e4750a3db2cbaa28dc008127d7e34d79a4,F3,FOLD_0,HMSO01R_A|FIELD_LINEAGE|cb947f8167c6ce3da1c26b48289f11fe77c609125572b2e2f489d9b4dbf77d91,0.0,longitudinal,0.0,1.0,INSIDE_MAJORITY,EVALUABLE,EXPLORATORY_CONSUMED_DIAGNOSTIC_ONLY
SS,pressure_gradient_acceleration,230,HMSO01R_A|PRIMARY|F3|1d04f3e121ba9f0c3b1e345085a6d33da6902d60234f461d4a6ee2171dcd14a2,F3,FOLD_2,HMSO01R_A|FIELD_LINEAGE|a7458b96c9ce1c60bf3ea9d352424b7dd251e22480db263be2c5716c65dc6939,0.0,none,0.7601845123977309,1.0,INSIDE_MAJORITY,EVALUABLE,EXPLORATORY_CONSUMED_DIAGNOSTIC_ONLY
SS,pressure_gradient_acceleration,231,HMSO01R_A|PRIMARY|F3|992cfe2587948c84f376807a446f61bc75663610f19574dc19ddcaf94cd37239,F3,FOLD_2,HMSO01R_A|FIELD_LINEAGE|c2759d4a0108475d88af3dd58a918080f77e42a77ac5a686ce9a650a1d522183,0.0,longitudinal,0.0,1.0,INSIDE_MAJORITY,EVALUABLE,EXPLORATORY_CONSUMED_DIAGNOSTIC_ONLY
SS,pressure_gradient_acceleration,232,HMSO01R_A|PRIMARY|F3|7136656598cb24640a081e69d60382186efc577b90139fd912756f7adda26005,F3,FOLD_5,HMSO01R_A|FIELD_LINEAGE|0fdda9072ffc8d97ff7e0441813be2217cbf8a41c67bef8c56cb65c5e8c889e5,0.0,transverse,0.0,1.0,INSIDE_MAJORITY,EVALUABLE,EXPLORATORY_CONSUMED_DIAGNOSTIC_ONLY
SS,pressure_gradient_acceleration,233,HMSO01R_A|PRIMARY|F3|80f1ddf447a9f070c4b8c90f674bbe33b4d9e3e48c3556797324f4f97c6f2790,F3,FOLD_5,HMSO01R_A|FIELD_LINEAGE|34a4e80876c1805c1767ae4dec4e60fe92b927519de4d3f4fc98d8e491efa006,0.0,longitudinal,0.0,1.0,INSIDE_MAJORITY,EVALUABLE,EXPLORATORY_CONSUMED_DIAGNOSTIC_ONLY
SS,pressure_gradient_acceleration,234,HMSO01R_A|PRIMARY|F3|ca00eb8ffcc519aea35eb210592a3e338905e20778f429a6567f20cff3dcd7f9,F3,FOLD_2,HMSO01R_A|FIELD_LINEAGE|6ad90de4847db7d34a3540ed573a050180b363be817d3503c19045b1a2f0ed3c,0.0,longitudinal,0.0,0.890625,INSIDE_MAJORITY,EVALUABLE,EXPLORATORY_CONSUMED_DIAGNOSTIC_ONLY
SS,pressure_gradient_acceleration,235,HMSO01R_A|PRIMARY|F3|4b991d5f1d978986f69fcb0236ec4a83e34cbcaba9d7882a4d1f23e4df8cc31b,F3,FOLD_4,HMSO01R_A|FIELD_LINEAGE|f82108cfb75a5ece90cca0bec2aa62b5af33b3b96774d26a9d5bbde8416cb360,0.0,longitudinal,0.0,1.0,INSIDE_MAJORITY,EVALUABLE,EXPLORATORY_CONSUMED_DIAGNOSTIC_ONLY
SS,pressure_gradient_acceleration,236,HMSO01R_A|PRIMARY|F3|362dc3678e005c1c1211eface4ff1a96771b521fd8dfed0969697a160f66e68e,F3,FOLD_4,HMSO01R_A|FIELD_LINEAGE|ea7a0f305184b5efcd1c245ec8837c3d5e92744042b12d412ef90758785acc95,0.0,transverse,0.0,1.0,INSIDE_MAJORITY,EVALUABLE,EXPLORATORY_CONSUMED_DIAGNOSTIC_ONLY
SS,pressure_gradient_acceleration,237,HMSO01R_A|PRIMARY|F3|2d0a10ea34da730e58ecbeff3ce6e1f0b5db801184e52e09ed7cda862ce11fe7,F3,FOLD_3,HMSO01R_A|FIELD_LINEAGE|b1c696b82fff7183ba4fc0ae8ce4363fcd56ada1cc6ffa171713dda9524816e8,0.0,transverse,0.0,1.0,INSIDE_MAJORITY,EVALUABLE,EXPLORATORY_CONSUMED_DIAGNOSTIC_ONLY
SS,pressure_gradient_acceleration,238,HMSO01R_A|PRIMARY|F3|3163c11319e01c1fa67d9f34e9aed73c1f867fd08b7c89b010a7b3a4097c9f8e,F3,FOLD_1,HMSO01R_A|FIELD_LINEAGE|a3f750d8c1551c6ecf78f876fab114a3481105b16656dddc657ee8cfb50fd48b,0.0,none,1.1669958897688344,1.0,INSIDE_MAJORITY,EVALUABLE,EXPLORATORY_CONSUMED_DIAGNOSTIC_ONLY
SS,pressure_gradient_acceleration,239,HMSO01R_A|PRIMARY|F3|380f69ecea392f85530413b931220c918af563554de7f128286ecaec359623f2,F3,FOLD_0,HMSO01R_A|FIELD_LINEAGE|2bf67fa14447cc7892bedcae7ba79ef420cf3b1aa476bde75527a097c9a5c922,0.0,none,0.2336466366445375,1.0,INSIDE_MAJORITY,EVALUABLE,EXPLORATORY_CONSUMED_DIAGNOSTIC_ONLY
SS,pressure_gradient_acceleration,240,HMSO01R_A|PRIMARY|F3|13c1013b13a07676d41856b9facf68d3da57412867cb173e2968fab19b857816,F3,FOLD_0,HMSO01R_A|FIELD_LINEAGE|8e40e60ae6de8d393e4f96f7c0cdfd3570298138a8d1d44c6db1dc858b71a31e,0.0,none,0.15298163870418366,1.0,INSIDE_MAJORITY,EVALUABLE,EXPLORATORY_CONSUMED_DIAGNOSTIC_ONLY
SS,pressure_gradient_acceleration,241,HMSO01R_A|PRIMARY|F3|18ef690b3c59b611d2a28230dd7b48838e1ff16db804f1890537e6174977f2c2,F3,FOLD_3,HMSO01R_A|FIELD_LINEAGE|a97cf87a717a68b745e28078c021ba65c881711a1cd171188bc4affd3a1b5795,0.0,none,0.2564616691232549,1.0,INSIDE_MAJORITY,EVALUABLE,EXPLORATORY_CONSUMED_DIAGNOSTIC_ONLY
SS,pressure_gradient_acceleration,242,HMSO01R_A|PRIMARY|F3|68ec409d4a3309a14535aec6bb5958f5430688d65d51b348e794666d7d65d44f,F3,FOLD_5,HMSO01R_A|FIELD_LINEAGE|bf32023450080971c5fdfb56d7a260838d7b8e02917a4118c4ed0b4a49c6c14a,0.0,transverse,0.0,1.0,INSIDE_MAJORITY,EVALUABLE,EXPLORATORY_CONSUMED_DIAGNOSTIC_ONLY
SS,pressure_gradient_acceleration,243,HMSO01R_A|PRIMARY|F3|7b160ffc1ee3480a1414d9a2546b7df691497ca9426646a9dbf10b739adaf9ba,F3,FOLD_5,HMSO01R_A|FIELD_LINEAGE|83c68f311cba3e93368aeeec1e81f7eebc2d9d8bfb68a0ba32cbc3fe731f6155,0.0,transverse,0.0,1.0,INSIDE_MAJORITY,EVALUABLE,EXPLORATORY_CONSUMED_DIAGNOSTIC_ONLY
SS,pressure_gradient_acceleration,244,HMSO01R_A|PRIMARY|F3|2533adb0fb2c8361bc57883a1879af5f891df3aa1c79e916e4a317b4a1d5c8d1,F3,FOLD_3,HMSO01R_A|FIELD_LINEAGE|0a252563daa08b1ab13bdaf89c42f5f5445076fcfec6feb203abcad9de8ed55a,0.0,none,0.05872715008504569,1.0,INSIDE_MAJORITY,EVALUABLE,EXPLORATORY_CONSUMED_DIAGNOSTIC_ONLY
SS,pressure_gradient_acceleration,245,HMSO01R_A|PRIMARY|F3|653053ef8ac15854c397871157381bff72482264f1b13133d6e6ccb77ff9aeba,F3,FOLD_3,HMSO01R_A|FIELD_LINEAGE|1a444bf8e4f5678b58a9ba1debf6e16323abf2899e40040f0bbc7e1608156e14,0.0,transverse,0.0,1.0,INSIDE_MAJORITY,EVALUABLE,EXPLORATORY_CONSUMED_DIAGNOSTIC_ONLY
SS,pressure_gradient_acceleration,246,HMSO01R_A|PRIMARY|F3|ea2d887ae045743da34d43d6b72ae43caedb23d56183d2afa0b13828de776344,F3,FOLD_5,HMSO01R_A|FIELD_LINEAGE|e9dc12a25958465c187afbd7ef920bc04ba98d4b232046e156979d215bd85146,0.0,none,0.47088644035636873,1.0,INSIDE_MAJORITY,EVALUABLE,EXPLORATORY_CONSUMED_DIAGNOSTIC_ONLY
SS,pressure_gradient_acceleration,247,HMSO01R_A|PRIMARY|F3|dc8d9c4e413930a97b4cd3082904857f7e51fd10e589394942b120f455a2cc25,F3,FOLD_4,HMSO01R_A|FIELD_LINEAGE|7b060c06cca73ad49fc21e32e1688bcbe34e5745a78029b452cbacf697a204be,0.0,none,0.10295031758023197,1.0,INSIDE_MAJORITY,EVALUABLE,EXPLORATORY_CONSUMED_DIAGNOSTIC_ONLY
SS,pressure_gradient_acceleration,248,HMSO01R_A|PRIMARY|F3|44116bd7174544bd426c255cf46e31b00e1aa52defd540ae4856fc93d8675b6b,F3,FOLD_2,HMSO01R_A|FIELD_LINEAGE|61b0a8ee57598b36eed2786a9e3e1cafd7d1e5cb7b5052c92f6d5c1826bc6619,0.0,longitudinal,0.0,1.0,INSIDE_MAJORITY,EVALUABLE,EXPLORATORY_CONSUMED_DIAGNOSTIC_ONLY
SS,pressure_gradient_acceleration,249,HMSO01R_A|PRIMARY|F3|def8e91d8dfb3847bee14620c91a0b5b838f5d2bfe72d46753482c88503c8b88,F3,FOLD_5,HMSO01R_A|FIELD_LINEAGE|19bc9c15d585b69ea5a604b39577d278e2c7b171a2d899f0352dc2850b1dc0cb,0.0,transverse,0.0,1.0,INSIDE_MAJORITY,EVALUABLE,EXPLORATORY_CONSUMED_DIAGNOSTIC_ONLY
SS,pressure_gradient_acceleration,250,HMSO01R_A|PRIMARY|F3|e04e6444e20de807e03f26f651319384463d229d80d41c58718b558366ce7843,F3,FOLD_0,HMSO01R_A|FIELD_LINEAGE|0d095ad04875a9db82a8c6062fc3703d3296558fc88db157a4ad79a6317e27a5,0.0,transverse,0.0,1.0,INSIDE_MAJORITY,EVALUABLE,EXPLORATORY_CONSUMED_DIAGNOSTIC_ONLY
SS,pressure_gradient_acceleration,251,HMSO01R_A|PRIMARY|F3|0ee0c86bc2bc91e027267a2389a0bdb674a41e8c3dd241151e876582a8fdd70d,F3,FOLD_3,HMSO01R_A|FIELD_LINEAGE|7583af7a3fd0bfbef70db28fd30d8a1112bd000451f8c0ebdcd0eabb3acf22a1,0.0,transverse,0.0,1.0,INSIDE_MAJORITY,EVALUABLE,EXPLORATORY_CONSUMED_DIAGNOSTIC_ONLY
SS,pressure_gradient_acceleration,252,HMSO01R_A|PRIMARY|F3|e263cdb5bb985dfceb73a368db0f1f5bfce2fea6cc9f4afa9306bea48ada1a6f,F3,FOLD_1,HMSO01R_A|FIELD_LINEAGE|d6ecf8cd80acb9db6acee967c0d1a3a8ca941d75fcf9e621c7ea05d79a191767,0.0,longitudinal,0.0,1.0,INSIDE_MAJORITY,EVALUABLE,EXPLORATORY_CONSUMED_DIAGNOSTIC_ONLY
SS,pressure_gradient_acceleration,253,HMSO01R_A|PRIMARY|F3|c6fa46c4e95da6f6bc71a788cf09b900a973347f55e79f32ebd345970c2a6f65,F3,FOLD_1,HMSO01R_A|FIELD_LINEAGE|a3f750d8c1551c6ecf78f876fab114a3481105b16656dddc657ee8cfb50fd48b,0.0,none,1.327190357006569,1.0,INSIDE_MAJORITY,EVALUABLE,EXPLORATORY_CONSUMED_DIAGNOSTIC_ONLY
SS,pressure_gradient_acceleration,254,HMSO01R_A|PRIMARY|F3|eac488ff4dd7149e5f4efe4b3645a2336a6306588688b4f82502c966f1148bfb,F3,FOLD_1,HMSO01R_A|FIELD_LINEAGE|0af73c913450206e45697078b9ff423d2fbe56a236026748e22945b9fe394efb,0.0,longitudinal,0.0,1.0,INSIDE_MAJORITY,EVALUABLE,EXPLORATORY_CONSUMED_DIAGNOSTIC_ONLY
SS,pressure_gradient_acceleration,255,HMSO01R_A|PRIMARY|F3|42255f3b8df188b4b58dd874b7ef736b47932c7d925a1f1b17b1881babb64743,F3,FOLD_3,HMSO01R_A|FIELD_LINEAGE|adcf8aaea780832e88b7b6b779fb3ef2ecab338dd7379ac8654e7aabdcee4b4f,0.0,none,0.43890082371835004,1.0,INSIDE_MAJORITY,EVALUABLE,EXPLORATORY_CONSUMED_DIAGNOSTIC_ONLY
SS,pressure_gradient_acceleration,256,HMSO01R_A|PRIMARY|F3|250069e18fee258e82eede00fdf9adb751acd5c2f8496c8fdc69ba43bedbab52,F3,FOLD_0,HMSO01R_A|FIELD_LINEAGE|fd04ea3f458e107df0af85b51443fd7c576cbde1f2a34afcd2f94001f9376e64,0.0,none,0.4785268132384781,1.0,INSIDE_MAJORITY,EVALUABLE,EXPLORATORY_CONSUMED_DIAGNOSTIC_ONLY
SS,pressure_gradient_acceleration,257,HMSO01R_A|PRIMARY|F3|aecf7922000672602f41f9c886a0802ff665c6869b1d7e10c034334da9814021,F3,FOLD_1,HMSO01R_A|FIELD_LINEAGE|4cf69c455bf1f50d880646e37d5ce58645992adb18a995a52fdf89583dcd2384,0.0,none,0.05826105611747782,1.0,INSIDE_MAJORITY,EVALUABLE,EXPLORATORY_CONSUMED_DIAGNOSTIC_ONLY
SS,pressure_gradient_acceleration,258,HMSO01R_A|PRIMARY|F3|5ce4f3220cbbb898f20b8d1521d212931fd5b2278c2883fa0502f4313f1155c4,F3,FOLD_5,HMSO01R_A|FIELD_LINEAGE|83c68f311cba3e93368aeeec1e81f7eebc2d9d8bfb68a0ba32cbc3fe731f6155,0.0,transverse,0.0,1.0,INSIDE_MAJORITY,EVALUABLE,EXPLORATORY_CONSUMED_DIAGNOSTIC_ONLY
SS,pressure_gradient_acceleration,259,HMSO01R_A|PRIMARY|F3|c2af3d5c0e7e86284f96d57c47c6c5bd252b99efef65ce29672b71ccb8a8e36a,F3,FOLD_4,HMSO01R_A|FIELD_LINEAGE|9ff02fac76e3803bb8391cba4035dfa7a72d5220975092d818302f10f07c08e9,0.0,none,0.09160236149047749,1.0,INSIDE_MAJORITY,EVALUABLE,EXPLORATORY_CONSUMED_DIAGNOSTIC_ONLY
SS,pressure_gradient_acceleration,260,HMSO01R_A|PRIMARY|F3|a07d93d2a8225e8cb94863bd25cb217b01ccf43f0fdc968797433c20fe16588c,F3,FOLD_3,HMSO01R_A|FIELD_LINEAGE|f2a3ceeae0e0974c878bba3a036f383f979564d7512b59be838a43b0d537377a,0.0,transverse,0.0,1.0,INSIDE_MAJORITY,EVALUABLE,EXPLORATORY_CONSUMED_DIAGNOSTIC_ONLY
SS,pressure_gradient_acceleration,261,HMSO01R_A|PRIMARY|F3|f977e81f259034dd8b9bf0f1feb8de30c75e56d612513eeda3fb48e66576fde9,F3,FOLD_1,HMSO01R_A|FIELD_LINEAGE|21dfb26365637485a590f4aa1b2a5297d551eab87745fb26abbdd41a0e1d8daa,0.0,none,2.562193866837564,1.0,INSIDE_MAJORITY,EVALUABLE,EXPLORATORY_CONSUMED_DIAGNOSTIC_ONLY
SS,pressure_gradient_acceleration,262,HMSO01R_A|PRIMARY|F3|45f73cec5484a7a54fe84df8ae7638a01d9a80a574526579b753371f8d73b14f,F3,FOLD_0,HMSO01R_A|FIELD_LINEAGE|2bf67fa14447cc7892bedcae7ba79ef420cf3b1aa476bde75527a097c9a5c922,0.0,none,0.07532580775561706,1.0,INSIDE_MAJORITY,EVALUABLE,EXPLORATORY_CONSUMED_DIAGNOSTIC_ONLY
SS,pressure_gradient_acceleration,263,HMSO01R_A|PRIMARY|F3|4a6874df79991c13576be3d2bfbb235e50e272b38629dcda3e2ea270126c35fb,F3,FOLD_0,HMSO01R_A|FIELD_LINEAGE|8e40e60ae6de8d393e4f96f7c0cdfd3570298138a8d1d44c6db1dc858b71a31e,0.0,none,0.006187102226371005,1.0,INSIDE_MAJORITY,EVALUABLE,EXPLORATORY_CONSUMED_DIAGNOSTIC_ONLY
SS,pressure_gradient_acceleration,264,HMSO01R_A|PRIMARY|F3|ddb33bf0e6d7c43f952d5d9d1706b4d65f742c0cb746ceff262b75e37f8810ba,F3,FOLD_3,HMSO01R_A|FIELD_LINEAGE|c54c1448df9c13b6658cb41b2c187b93be0f6db94293a7911953a6e90d602764,0.0,longitudinal,0.0,0.953125,INSIDE_MAJORITY,EVALUABLE,EXPLORATORY_CONSUMED_DIAGNOSTIC_ONLY
SS,pressure_gradient_acceleration,265,HMSO01R_A|PRIMARY|F3|274c2031ba590d785d88bad03ceb155b8a64c57ddab3a478a74ea8522ed459b6,F3,FOLD_1,HMSO01R_A|FIELD_LINEAGE|d6ecf8cd80acb9db6acee967c0d1a3a8ca941d75fcf9e621c7ea05d79a191767,0.0,longitudinal,0.0,1.0,INSIDE_MAJORITY,EVALUABLE,EXPLORATORY_CONSUMED_DIAGNOSTIC_ONLY
SS,pressure_gradient_acceleration,266,HMSO01R_A|PRIMARY|F3|15771101c80eb37f151b78ed8f2bba393bbe3047cda8c732baf0f06c18bae7e3,F3,FOLD_5,HMSO01R_A|FIELD_LINEAGE|21308456c1ed84c2854c7a093be1e48cf9af8d5768485e2a86892e0fd138af17,0.0,none,0.26363357767470463,1.0,INSIDE_MAJORITY,EVALUABLE,EXPLORATORY_CONSUMED_DIAGNOSTIC_ONLY
SS,pressure_gradient_acceleration,267,HMSO01R_A|PRIMARY|F3|0f682408db3625ffc5045e88a7fa1afa4c9a7be6cc44b84102e81531d6d926e6,F3,FOLD_0,HMSO01R_A|FIELD_LINEAGE|2e00a5aa730d3fe2629242ac9cb05445890c5ccd2cee3bc6b04bd3dcaa176cdc,0.0,longitudinal,0.0,1.0,INSIDE_MAJORITY,EVALUABLE,EXPLORATORY_CONSUMED_DIAGNOSTIC_ONLY
SS,pressure_gradient_acceleration,268,HMSO01R_A|PRIMARY|F3|510a5e243faeece1484912a18f5fc7e9900fe5c133aae9468e13515bacc10b51,F3,FOLD_4,HMSO01R_A|FIELD_LINEAGE|9239a350bed02b809dafe66125991e7de2c0c1c20b38f7689dc19527329619d6,0.0,transverse,0.0,1.0,INSIDE_MAJORITY,EVALUABLE,EXPLORATORY_CONSUMED_DIAGNOSTIC_ONLY
SS,pressure_gradient_acceleration,269,HMSO01R_A|PRIMARY|F3|e78c69a17927f7d8a3db4a1024dee136e3cedde8ca2b0830e5fe247b291d887c,F3,FOLD_3,HMSO01R_A|FIELD_LINEAGE|b1c696b82fff7183ba4fc0ae8ce4363fcd56ada1cc6ffa171713dda9524816e8,0.0,transverse,0.0,1.0,INSIDE_MAJORITY,EVALUABLE,EXPLORATORY_CONSUMED_DIAGNOSTIC_ONLY
SS,pressure_gradient_acceleration,270,HMSO01R_A|PRIMARY|F3|3f32014cc46db6982a14f2cee352392c822d4ac29aa18a16855949da8671e5a1,F3,FOLD_4,HMSO01R_A|FIELD_LINEAGE|d1321924d243ef663d38f2119b3da3e0b77ff9249352efe1c25dfa4971fbd453,0.0,none,0.7496152970722965,1.0,INSIDE_MAJORITY,EVALUABLE,EXPLORATORY_CONSUMED_DIAGNOSTIC_ONLY
SS,pressure_gradient_acceleration,271,HMSO01R_A|PRIMARY|F3|bef78f5fddd3452c6b14cb4c4fb6c0b510253eced0e1f946f9e78200b9cbbb2d,F3,FOLD_2,HMSO01R_A|FIELD_LINEAGE|98ef721075a1ebd7c92edcbcf7747aac6c3d77c4f9c29f15e5d83577ad6d7f6b,0.0,longitudinal,0.0,0.8125,INSIDE_MAJORITY,EVALUABLE,EXPLORATORY_CONSUMED_DIAGNOSTIC_ONLY
SS,pressure_gradient_acceleration,272,HMSO01R_A|PRIMARY|F3|02ca21a0314f19805ffe873f303fa54fe86f5d3d6d770015a5c846b75255ff7a,F3,FOLD_3,HMSO01R_A|FIELD_LINEAGE|b7c6344fafcff3e1128b30252e587c19386316434538ac595af9870864bff2e9,0.0,transverse,0.0,1.0,INSIDE_MAJORITY,EVALUABLE,EXPLORATORY_CONSUMED_DIAGNOSTIC_ONLY
SS,pressure_gradient_acceleration,273,HMSO01R_A|PRIMARY|F3|c333e644a9c87a0dd9864d3130310ff8db216a39061360b7a7a90b130af1a75c,F3,FOLD_3,HMSO01R_A|FIELD_LINEAGE|0a252563daa08b1ab13bdaf89c42f5f5445076fcfec6feb203abcad9de8ed55a,0.0,none,0.12797107219210563,1.0,INSIDE_MAJORITY,EVALUABLE,EXPLORATORY_CONSUMED_DIAGNOSTIC_ONLY
SS,pressure_gradient_acceleration,274,HMSO01R_A|PRIMARY|F3|c63d89d72029153ba0d49d1f609be0b1ff98ddcac1d08c8fa2d7f8f9fae2c730,F3,FOLD_2,HMSO01R_A|FIELD_LINEAGE|61b0a8ee57598b36eed2786a9e3e1cafd7d1e5cb7b5052c92f6d5c1826bc6619,0.0,longitudinal,0.0,1.0,INSIDE_MAJORITY,EVALUABLE,EXPLORATORY_CONSUMED_DIAGNOSTIC_ONLY
SS,pressure_gradient_acceleration,275,HMSO01R_A|PRIMARY|F3|5b31e243c622c272f6ff1603187caeafa7ec0920c1df79a92aecd2fbaa49ee35,F3,FOLD_1,HMSO01R_A|FIELD_LINEAGE|07ef870a5e517a728f6e4939e44adb6e41abac7dca46a1a2247aeb449ae2b2b6,0.0,longitudinal,0.0,1.0,INSIDE_MAJORITY,EVALUABLE,EXPLORATORY_CONSUMED_DIAGNOSTIC_ONLY
SS,pressure_gradient_acceleration,276,HMSO01R_A|PRIMARY|F3|5c0d0ce2e0e3894c84ffb622054776ff13ecaa2c69f4830d76875194f4719557,F3,FOLD_0,HMSO01R_A|FIELD_LINEAGE|051eaa0f00871ac3de3987b76f15e88e4e718676447cf96853b1d9836e56f4a9,0.0,transverse,0.0,1.0,INSIDE_MAJORITY,EVALUABLE,EXPLORATORY_CONSUMED_DIAGNOSTIC_ONLY
SS,pressure_gradient_acceleration,277,HMSO01R_A|PRIMARY|F3|8957bba0b6b7c6207995e43fbebef5604b5c1f21fa9f2bb551f9557857ec496a,F3,FOLD_5,HMSO01R_A|FIELD_LINEAGE|f52ad1fbea60f2cef5c93f5785e888eaa7893de6dad0b2f7545e6d3f4e338f25,0.0,longitudinal,0.0,1.0,INSIDE_MAJORITY,EVALUABLE,EXPLORATORY_CONSUMED_DIAGNOSTIC_ONLY
SS,pressure_gradient_acceleration,278,HMSO01R_A|PRIMARY|F3|1b7f8ef99e42d00a053404bd9169623350f9d416432190eb695b53800825cda0,F3,FOLD_4,HMSO01R_A|FIELD_LINEAGE|75819144781d043ebbeb8c2d3fbfa9139c47542df53315ab71a80a7addb49109,0.0,none,0.125112151634381,1.0,INSIDE_MAJORITY,EVALUABLE,EXPLORATORY_CONSUMED_DIAGNOSTIC_ONLY
SS,pressure_gradient_acceleration,279,HMSO01R_A|PRIMARY|F3|c12e5512c669b4a3cbf5b6e89e1763c206004a4fa154767d1642208d82e43474,F3,FOLD_2,HMSO01R_A|FIELD_LINEAGE|c3a574c6618599692f4195c9d1a59189286c1fc26ae852d26723565b0428d983,0.0,none,0.022685948256405256,1.0,INSIDE_MAJORITY,EVALUABLE,EXPLORATORY_CONSUMED_DIAGNOSTIC_ONLY
SS,pressure_gradient_acceleration,280,HMSO01R_A|PRIMARY|F3|84831626711a081a0e9e0d0668fbb26dfb58f95672277a402cf7a98289c1f3f2,F3,FOLD_0,HMSO01R_A|FIELD_LINEAGE|fd04ea3f458e107df0af85b51443fd7c576cbde1f2a34afcd2f94001f9376e64,0.0,none,0.12468862792734231,1.0,INSIDE_MAJORITY,EVALUABLE,EXPLORATORY_CONSUMED_DIAGNOSTIC_ONLY
SS,pressure_gradient_acceleration,281,HMSO01R_A|PRIMARY|F3|166fe64198a1c3e3ba24ba2da836582dab251d3dd8c49bf9037daa83bf978def,F3,FOLD_2,HMSO01R_A|FIELD_LINEAGE|4c3bbd0a7d56407cf1ccc6d516e10bc822949b03124ef92a27e554a97f6ed1b2,0.0,transverse,0.0,1.0,INSIDE_MAJORITY,EVALUABLE,EXPLORATORY_CONSUMED_DIAGNOSTIC_ONLY
SS,pressure_gradient_acceleration,282,HMSO01R_A|PRIMARY|F3|456aba1a7da72fd641eea98ae6f3495800a2489a115b86b7310ae5d079ead82a,F3,FOLD_5,HMSO01R_A|FIELD_LINEAGE|9415b727187c332c72260d653b657bcbe590635140818a0978bae1e8dcd4568b,0.0,none,0.04614446984351925,1.0,INSIDE_MAJORITY,EVALUABLE,EXPLORATORY_CONSUMED_DIAGNOSTIC_ONLY
SS,pressure_gradient_acceleration,283,HMSO01R_A|PRIMARY|F3|642fa4ee6c2c422eab8b65fb64e4558ece2efb54b49d399d056377d37748b5a6,F3,FOLD_4,HMSO01R_A|FIELD_LINEAGE|ea7a0f305184b5efcd1c245ec8837c3d5e92744042b12d412ef90758785acc95,0.0,transverse,0.0,1.0,INSIDE_MAJORITY,EVALUABLE,EXPLORATORY_CONSUMED_DIAGNOSTIC_ONLY
SS,pressure_gradient_acceleration,284,HMSO01R_A|PRIMARY|F3|3175d180e4d467c3b3ee6e516632373afe58cecdfc663671603274c230831d69,F3,FOLD_4,HMSO01R_A|FIELD_LINEAGE|5a0dbac6ae904f5529ad460639c41b1b383ca8809b93f779bcc31cb0fd08d08b,0.0,none,0.028048110224896592,1.0,INSIDE_MAJORITY,EVALUABLE,EXPLORATORY_CONSUMED_DIAGNOSTIC_ONLY
SS,pressure_gradient_acceleration,285,HMSO01R_A|PRIMARY|F3|a2031fc45c0421e224bd21dce94627d03a316cde187ae6d48b90b56d1c51da5d,F3,FOLD_2,HMSO01R_A|FIELD_LINEAGE|eadb4166638494d642712d8eabac62f88ed028f779148966c13d2efd6405fa1d,0.0,transverse,0.0,1.0,INSIDE_MAJORITY,EVALUABLE,EXPLORATORY_CONSUMED_DIAGNOSTIC_ONLY
SS,pressure_gradient_acceleration,286,HMSO01R_A|PRIMARY|F3|8410477f22210a51bd73f4d2bd5c11b7a2fc4dbb0363248233ffc7d2c3dd07c0,F3,FOLD_2,HMSO01R_A|FIELD_LINEAGE|e25db364da9db9cdb46c3073fa0aa473b93b0eed9df5062f9696d75bd2f90442,0.0,none,0.12756520243468286,1.0,INSIDE_MAJORITY,EVALUABLE,EXPLORATORY_CONSUMED_DIAGNOSTIC_ONLY
SS,pressure_gradient_acceleration,287,HMSO01R_A|PRIMARY|F3|b888419bbbcc26de7ec8b027a9528281d2f1a9d121f0adddbe4aa1eda5e70c5e,F3,FOLD_2,HMSO01R_A|FIELD_LINEAGE|41b714ff189f53f826864cf9fac2bed83a6e097351a7033fcea23d658bf21b54,0.0,none,0.38766105472267204,1.0,INSIDE_MAJORITY,EVALUABLE,EXPLORATORY_CONSUMED_DIAGNOSTIC_ONLY
SS,pressure_gradient_acceleration,288,HMSO01R_A|PRIMARY|F4|141d214d6fbecf88d4c59a03f8dc3b24beb51fc230773ee890a4b851d346997f,F4,FOLD_0,HMSO01R_A|FIELD_LINEAGE|197d7ec024c0036b09ad028c746809cfe1ed712ccbb40eead96390c6dfdd817b,0.05,transverse,1.466973510182653,1.0,INSIDE_MAJORITY,EVALUABLE,EXPLORATORY_CONSUMED_DIAGNOSTIC_ONLY
SS,pressure_gradient_acceleration,289,HMSO01R_A|PRIMARY|F4|8140c0dc3b31c67a47815b694720914564c68a1dc815c23da3a6f1c6aa02932b,F4,FOLD_2,HMSO01R_A|FIELD_LINEAGE|8af782533dccfef4a682f44ff365b7014ae448a56bd62c92877bbd37640adb31,0.05,transverse,1.8057131666929853,1.0,INSIDE_MAJORITY,EVALUABLE,EXPLORATORY_CONSUMED_DIAGNOSTIC_ONLY
SS,pressure_gradient_acceleration,290,HMSO01R_A|PRIMARY|F4|92d400a387d7fd07980ceaa710bca64dffd4f47ca949167ba5e4f2afdd2a764f,F4,FOLD_5,HMSO01R_A|FIELD_LINEAGE|c9a10c50914a082104b6f42f933e2e8b35494d6ac1b464fc981b740edc26e9a6,0.1,none,1.7066463907900715,0.8671875,INSIDE_MAJORITY,EVALUABLE,EXPLORATORY_CONSUMED_DIAGNOSTIC_ONLY
SS,pressure_gradient_acceleration,291,HMSO01R_A|PRIMARY|F4|51519fc5de1deb527bc7ba7450dbd141324700f1ad0b32b7d8bb03e54859db76,F4,FOLD_0,HMSO01R_A|FIELD_LINEAGE|197d7ec024c0036b09ad028c746809cfe1ed712ccbb40eead96390c6dfdd817b,0.0,transverse,0.0,1.0,INSIDE_MAJORITY,EVALUABLE,EXPLORATORY_CONSUMED_DIAGNOSTIC_ONLY
SS,pressure_gradient_acceleration,292,HMSO01R_A|PRIMARY|F4|8a6dad5114701cab1eb0845285cdf269a4dc3a234a95f4ea2b384a6b6883d0e6,F4,FOLD_4,HMSO01R_A|FIELD_LINEAGE|6359faeb0765247f7e12d6c9e8bbc8898fa74fca5c76c863a6009dffddbcb32e,0.05,longitudinal,0.0,0.1328125,OUTSIDE_MAJORITY,EVALUABLE,EXPLORATORY_CONSUMED_DIAGNOSTIC_ONLY
SS,pressure_gradient_acceleration,293,HMSO01R_A|PRIMARY|F4|9b7be32ff75798d82be6c9492bf1dab25beef5734cfe5b6cd2115aa89aa759dc,F4,FOLD_1,HMSO01R_A|FIELD_LINEAGE|3264ae7008b91adb6f4b677f3ecc13cbe5ab1143b7f33ef501525d095e0b618c,0.0,none,0.2655917613420331,1.0,INSIDE_MAJORITY,EVALUABLE,EXPLORATORY_CONSUMED_DIAGNOSTIC_ONLY
SS,pressure_gradient_acceleration,294,HMSO01R_A|PRIMARY|F4|011a48dce8758db0be8307d4005afe69879da0306ec2d99483baa7fcfa9141f4,F4,FOLD_1,HMSO01R_A|FIELD_LINEAGE|3264ae7008b91adb6f4b677f3ecc13cbe5ab1143b7f33ef501525d095e0b618c,0.1,none,0.4058032962162878,0.125,OUTSIDE_MAJORITY,EVALUABLE,EXPLORATORY_CONSUMED_DIAGNOSTIC_ONLY
SS,pressure_gradient_acceleration,295,HMSO01R_A|PRIMARY|F4|1d6667557d538859f0113641bfa62882220817b677dea9d2829a412690759fc5,F4,FOLD_2,HMSO01R_A|FIELD_LINEAGE|8af782533dccfef4a682f44ff365b7014ae448a56bd62c92877bbd37640adb31,0.1,transverse,1.6956045342972916,1.0,INSIDE_MAJORITY,EVALUABLE,EXPLORATORY_CONSUMED_DIAGNOSTIC_ONLY
SS,pressure_gradient_acceleration,296,HMSO01R_A|PRIMARY|F4|5258442e75cf59cbe7893e089ad47e17c4d26ed39cd16fec9118870e106baa43,F4,FOLD_3,HMSO01R_A|FIELD_LINEAGE|7a40ff07646995058d8981271562dfa4f2cc77b96f79dba59c7ae90f96586134,0.05,longitudinal,0.0,0.84375,INSIDE_MAJORITY,EVALUABLE,EXPLORATORY_CONSUMED_DIAGNOSTIC_ONLY
SS,pressure_gradient_acceleration,297,HMSO01R_A|PRIMARY|F4|48f2bb8eb7eac96e71b6fba78be3d25c21266edb52344cd820e162bf6df261cd,F4,FOLD_1,HMSO01R_A|FIELD_LINEAGE|3264ae7008b91adb6f4b677f3ecc13cbe5ab1143b7f33ef501525d095e0b618c,0.05,none,0.9593739451140486,0.9921875,INSIDE_MAJORITY,EVALUABLE,EXPLORATORY_CONSUMED_DIAGNOSTIC_ONLY
SS,pressure_gradient_acceleration,298,HMSO01R_A|PRIMARY|F4|24bcceaed6cf5ba835a35d37ac2f603bbf2c8b0a639ceea6ec234fb6b3977288,F4,FOLD_0,HMSO01R_A|FIELD_LINEAGE|197d7ec024c0036b09ad028c746809cfe1ed712ccbb40eead96390c6dfdd817b,0.1,transverse,1.5728585951822127,0.9453125,INSIDE_MAJORITY,EVALUABLE,EXPLORATORY_CONSUMED_DIAGNOSTIC_ONLY
SS,pressure_gradient_acceleration,299,HMSO01R_A|PRIMARY|F4|4b6bdffc658fe9deb87879b130fd21d7155bd1b57b10ae5709614368fed74531,F4,FOLD_0,HMSO01R_A|FIELD_LINEAGE|06c31c418b756da4f49834b1270295e826a9807f080171a34a3e7c250369709c,0.0,none,0.48681536400658887,1.0,INSIDE_MAJORITY,EVALUABLE,EXPLORATORY_CONSUMED_DIAGNOSTIC_ONLY
SS,pressure_gradient_acceleration,300,HMSO01R_A|PRIMARY|F4|85dc4b95288446dfb72a62b71691cae97be1b4b3c9789b973167c7f0c0024bb0,F4,FOLD_1,HMSO01R_A|FIELD_LINEAGE|5d84595c43a38b585d7953f18ac50da686f8debb482b1cca6058cffe84d274b6,0.05,none,1.3890055284381233,0.953125,INSIDE_MAJORITY,EVALUABLE,EXPLORATORY_CONSUMED_DIAGNOSTIC_ONLY
SS,pressure_gradient_acceleration,301,HMSO01R_A|PRIMARY|F4|4e7a52c6c115bcd8ae85224372e15761ec9ad1da299c81472e2c7f42bece49c4,F4,FOLD_5,HMSO01R_A|FIELD_LINEAGE|c9a10c50914a082104b6f42f933e2e8b35494d6ac1b464fc981b740edc26e9a6,0.05,none,2.129192068156977,0.5625,INSIDE_MAJORITY,EVALUABLE,EXPLORATORY_CONSUMED_DIAGNOSTIC_ONLY
SS,pressure_gradient_acceleration,302,HMSO01R_A|PRIMARY|F4|3e1f516c8924d75bcb1bc1fc285c7fef823b724e7146e632a6edc0d86859301f,F4,FOLD_1,HMSO01R_A|FIELD_LINEAGE|5d84595c43a38b585d7953f18ac50da686f8debb482b1cca6058cffe84d274b6,0.1,none,0.3752527897522778,0.1328125,OUTSIDE_MAJORITY,EVALUABLE,EXPLORATORY_CONSUMED_DIAGNOSTIC_ONLY
SS,pressure_gradient_acceleration,303,HMSO01R_A|PRIMARY|F4|558f87a2fc4bf2fe995a797fa27bac5203b30df376d948587ab0bb7f9c16d3bd,F4,FOLD_0,HMSO01R_A|FIELD_LINEAGE|197d7ec024c0036b09ad028c746809cfe1ed712ccbb40eead96390c6dfdd817b,0.0,transverse,0.0,1.0,INSIDE_MAJORITY,EVALUABLE,EXPLORATORY_CONSUMED_DIAGNOSTIC_ONLY
SS,pressure_gradient_acceleration,304,HMSO01R_A|PRIMARY|F4|0670d89c61c35c8852c124d9000835eaea91a83b9577472f636a565b59d940d9,F4,FOLD_1,HMSO01R_A|FIELD_LINEAGE|5d84595c43a38b585d7953f18ac50da686f8debb482b1cca6058cffe84d274b6,0.05,none,0.7912873424624752,0.484375,OUTSIDE_MAJORITY,EVALUABLE,EXPLORATORY_CONSUMED_DIAGNOSTIC_ONLY
SS,pressure_gradient_acceleration,305,HMSO01R_A|PRIMARY|F4|ecaff7cbec579afd2494fc1fad898951c4ea48b684497e65b50613fe038305d3,F4,FOLD_2,HMSO01R_A|FIELD_LINEAGE|8af782533dccfef4a682f44ff365b7014ae448a56bd62c92877bbd37640adb31,0.05,transverse,1.8452997077911464,0.9921875,INSIDE_MAJORITY,EVALUABLE,EXPLORATORY_CONSUMED_DIAGNOSTIC_ONLY
SS,pressure_gradient_acceleration,306,HMSO01R_A|PRIMARY|F4|71f61d7caa1b1b02179212c15265a1f342ea520af413e9f96a8372d952d11eed,F4,FOLD_0,HMSO01R_A|FIELD_LINEAGE|06c31c418b756da4f49834b1270295e826a9807f080171a34a3e7c250369709c,0.05,none,2.264000644630694,1.0,INSIDE_MAJORITY,EVALUABLE,EXPLORATORY_CONSUMED_DIAGNOSTIC_ONLY
SS,pressure_gradient_acceleration,307,HMSO01R_A|PRIMARY|F4|85f1b9eed95ecce08d553e89743dc53a15307163bc7008a8726ff536e6a54996,F4,FOLD_2,HMSO01R_A|FIELD_LINEAGE|8af782533dccfef4a682f44ff365b7014ae448a56bd62c92877bbd37640adb31,0.05,transverse,2.266230812624536,0.984375,INSIDE_MAJORITY,EVALUABLE,EXPLORATORY_CONSUMED_DIAGNOSTIC_ONLY
SS,pressure_gradient_acceleration,308,HMSO01R_A|PRIMARY|F4|a6ddeab8e93b6db262b39867391f322e9baafa76bed004129fe7780c90cbd6a4,F4,FOLD_0,HMSO01R_A|FIELD_LINEAGE|06c31c418b756da4f49834b1270295e826a9807f080171a34a3e7c250369709c,0.05,none,2.7026508197195356,1.0,INSIDE_MAJORITY,EVALUABLE,EXPLORATORY_CONSUMED_DIAGNOSTIC_ONLY
SS,pressure_gradient_acceleration,309,HMSO01R_A|PRIMARY|F4|11826ade3e5db02d2c6bffdc10f23d4bb93470890790474abf521e919f738b3f,F4,FOLD_2,HMSO01R_A|FIELD_LINEAGE|8af782533dccfef4a682f44ff365b7014ae448a56bd62c92877bbd37640adb31,0.0,transverse,0.0,1.0,INSIDE_MAJORITY,EVALUABLE,EXPLORATORY_CONSUMED_DIAGNOSTIC_ONLY
SS,pressure_gradient_acceleration,310,HMSO01R_A|PRIMARY|F4|ef19a86248138ec5e566612bf3df19a10b6bc69a7b14c32e2b817ccf29cc50f2,F4,FOLD_5,HMSO01R_A|FIELD_LINEAGE|c9a10c50914a082104b6f42f933e2e8b35494d6ac1b464fc981b740edc26e9a6,0.05,none,1.885860862380987,0.9921875,INSIDE_MAJORITY,EVALUABLE,EXPLORATORY_CONSUMED_DIAGNOSTIC_ONLY
SS,pressure_gradient_acceleration,311,HMSO01R_A|PRIMARY|F4|4929b286a99ab022d26a2dbdc2a23a2bc6d15979bf42d1588c8b2e2c1d73a0e3,F4,FOLD_0,HMSO01R_A|FIELD_LINEAGE|197d7ec024c0036b09ad028c746809cfe1ed712ccbb40eead96390c6dfdd817b,0.05,transverse,2.2748703902994936,0.90625,INSIDE_MAJORITY,EVALUABLE,EXPLORATORY_CONSUMED_DIAGNOSTIC_ONLY
SS,pressure_gradient_acceleration,312,HMSO01R_A|PRIMARY|F4|e77b23936dd5a7c6d9262ae1d734b30beb458da1fe94bc080bdfac1b7bd85189,F4,FOLD_1,HMSO01R_A|FIELD_LINEAGE|3264ae7008b91adb6f4b677f3ecc13cbe5ab1143b7f33ef501525d095e0b618c,0.1,none,1.102991757596862,0.7890625,INSIDE_MAJORITY,EVALUABLE,EXPLORATORY_CONSUMED_DIAGNOSTIC_ONLY
SS,pressure_gradient_acceleration,313,HMSO01R_A|PRIMARY|F4|8944eefcfb134a9bbf050fe15d6081c6962a214b6ed3d413508e814400676f0f,F4,FOLD_4,HMSO01R_A|FIELD_LINEAGE|6359faeb0765247f7e12d6c9e8bbc8898fa74fca5c76c863a6009dffddbcb32e,0.1,longitudinal,0.0,0.046875,OUTSIDE_MAJORITY,EVALUABLE,EXPLORATORY_CONSUMED_DIAGNOSTIC_ONLY
SS,pressure_gradient_acceleration,314,HMSO01R_A|PRIMARY|F4|e25d3f9fc33911ad2bdacf9851f072f8da6dbe4f6c19d60b1710f16572063c8d,F4,FOLD_0,HMSO01R_A|FIELD_LINEAGE|06c31c418b756da4f49834b1270295e826a9807f080171a34a3e7c250369709c,0.0,none,0.33189893721929664,1.0,INSIDE_MAJORITY,EVALUABLE,EXPLORATORY_CONSUMED_DIAGNOSTIC_ONLY
SS,pressure_gradient_acceleration,315,HMSO01R_A|PRIMARY|F4|d250879e475816f6e92630481055f2ad783960a4b225044b2988cc1f044532fc,F4,FOLD_1,HMSO01R_A|FIELD_LINEAGE|5d84595c43a38b585d7953f18ac50da686f8debb482b1cca6058cffe84d274b6,0.0,none,7.253866158559774,1.0,INSIDE_MAJORITY,EVALUABLE,EXPLORATORY_CONSUMED_DIAGNOSTIC_ONLY
SS,pressure_gradient_acceleration,316,HMSO01R_A|PRIMARY|F4|56464c262bb157790092f749cb48a04e8d8a0b8bedf3e324b5320e9a10b6d09e,F4,FOLD_0,HMSO01R_A|FIELD_LINEAGE|197d7ec024c0036b09ad028c746809cfe1ed712ccbb40eead96390c6dfdd817b,0.05,transverse,1.5431126783856324,0.984375,INSIDE_MAJORITY,EVALUABLE,EXPLORATORY_CONSUMED_DIAGNOSTIC_ONLY
SS,pressure_gradient_acceleration,317,HMSO01R_A|PRIMARY|F4|ecb76be4664dd9928293363ff466f845a5a7789eaaeda1e8ee5201799daa78c0,F4,FOLD_4,HMSO01R_A|FIELD_LINEAGE|6359faeb0765247f7e12d6c9e8bbc8898fa74fca5c76c863a6009dffddbcb32e,0.0,longitudinal,0.0,0.65625,INSIDE_MAJORITY,EVALUABLE,EXPLORATORY_CONSUMED_DIAGNOSTIC_ONLY
SS,pressure_gradient_acceleration,318,HMSO01R_A|PRIMARY|F4|88dcd723af748de6ff950507849f3825b8d8f3553a5bcc217487217a0f9a7a63,F4,FOLD_5,HMSO01R_A|FIELD_LINEAGE|c9a10c50914a082104b6f42f933e2e8b35494d6ac1b464fc981b740edc26e9a6,0.0,none,0.0004046443517593071,1.0,INSIDE_MAJORITY,EVALUABLE,EXPLORATORY_CONSUMED_DIAGNOSTIC_ONLY
SS,pressure_gradient_acceleration,319,HMSO01R_A|PRIMARY|F4|5713909151f3cd04934c16355de455e1018dfb770f2f64df240e5db9c47d5fb1,F4,FOLD_5,HMSO01R_A|FIELD_LINEAGE|c9a10c50914a082104b6f42f933e2e8b35494d6ac1b464fc981b740edc26e9a6,0.1,none,1.6790582664255953,0.640625,INSIDE_MAJORITY,EVALUABLE,EXPLORATORY_CONSUMED_DIAGNOSTIC_ONLY
SS,pressure_gradient_acceleration,320,HMSO01R_A|PRIMARY|F4|93aad5841f6682ecd48e9ead6bb4002efba75cd6704198bd8907aea0d47c8d7a,F4,FOLD_3,HMSO01R_A|FIELD_LINEAGE|7a40ff07646995058d8981271562dfa4f2cc77b96f79dba59c7ae90f96586134,0.1,longitudinal,0.0,0.28125,OUTSIDE_MAJORITY,EVALUABLE,EXPLORATORY_CONSUMED_DIAGNOSTIC_ONLY
SS,pressure_gradient_acceleration,321,HMSO01R_A|PRIMARY|F4|367bce2de86b385d49af0dfa7e9148a0411935febd6ae7b0c77d7e5337e2b946,F4,FOLD_1,HMSO01R_A|FIELD_LINEAGE|3264ae7008b91adb6f4b677f3ecc13cbe5ab1143b7f33ef501525d095e0b618c,0.05,none,0.7527422262676846,0.453125,OUTSIDE_MAJORITY,EVALUABLE,EXPLORATORY_CONSUMED_DIAGNOSTIC_ONLY
SS,pressure_gradient_acceleration,322,HMSO01R_A|PRIMARY|F4|67783874e0d03b7d1319229ffa56ea5f5807a8da29ee591962ad5c4a5d4aa291,F4,FOLD_2,HMSO01R_A|FIELD_LINEAGE|8af782533dccfef4a682f44ff365b7014ae448a56bd62c92877bbd37640adb31,0.0,transverse,0.0,1.0,INSIDE_MAJORITY,EVALUABLE,EXPLORATORY_CONSUMED_DIAGNOSTIC_ONLY
SS,pressure_gradient_acceleration,323,HMSO01R_A|PRIMARY|F4|cf8e0f28eda1cea7b1e3865285dbd80d01ab677e45643ecd3ea5b887c3b903a3,F4,FOLD_4,HMSO01R_A|FIELD_LINEAGE|6359faeb0765247f7e12d6c9e8bbc8898fa74fca5c76c863a6009dffddbcb32e,0.0,longitudinal,0.0,0.609375,INSIDE_MAJORITY,EVALUABLE,EXPLORATORY_CONSUMED_DIAGNOSTIC_ONLY
SS,pressure_gradient_acceleration,324,HMSO01R_A|PRIMARY|F4|0e2a37aabd2842d397826b1ca21a59a95541d00614cef99316c77d0e366d36d4,F4,FOLD_4,HMSO01R_A|FIELD_LINEAGE|6359faeb0765247f7e12d6c9e8bbc8898fa74fca5c76c863a6009dffddbcb32e,0.1,longitudinal,0.0,0.2578125,OUTSIDE_MAJORITY,EVALUABLE,EXPLORATORY_CONSUMED_DIAGNOSTIC_ONLY
SS,pressure_gradient_acceleration,325,HMSO01R_A|PRIMARY|F4|8289d34ef953a6f182f5bbf0101c3a909aa131a7b4ef8051e96ed317d9d18138,F4,FOLD_1,HMSO01R_A|FIELD_LINEAGE|5d84595c43a38b585d7953f18ac50da686f8debb482b1cca6058cffe84d274b6,0.1,none,0.6835878419631444,0.5703125,INSIDE_MAJORITY,EVALUABLE,EXPLORATORY_CONSUMED_DIAGNOSTIC_ONLY
SS,pressure_gradient_acceleration,326,HMSO01R_A|PRIMARY|F4|56b946dabb5968a6b21b25f90019cfff82607fbed847e03471c8231bd3620084,F4,FOLD_1,HMSO01R_A|FIELD_LINEAGE|3264ae7008b91adb6f4b677f3ecc13cbe5ab1143b7f33ef501525d095e0b618c,0.0,none,0.0006295524310063233,1.0,INSIDE_MAJORITY,EVALUABLE,EXPLORATORY_CONSUMED_DIAGNOSTIC_ONLY
SS,pressure_gradient_acceleration,327,HMSO01R_A|PRIMARY|F4|0bef625e78c23809d27376d709781637b1ca99c4bf76c5eedcc0ca7586ad0d28,F4,FOLD_4,HMSO01R_A|FIELD_LINEAGE|6359faeb0765247f7e12d6c9e8bbc8898fa74fca5c76c863a6009dffddbcb32e,0.05,longitudinal,0.0,0.1328125,OUTSIDE_MAJORITY,EVALUABLE,EXPLORATORY_CONSUMED_DIAGNOSTIC_ONLY
SS,pressure_gradient_acceleration,328,HMSO01R_A|PRIMARY|F4|c02320354fd792272cea49a4547cc64bea66d0c42060ac90ccbf8fb91fe26cd1,F4,FOLD_5,HMSO01R_A|FIELD_LINEAGE|c9a10c50914a082104b6f42f933e2e8b35494d6ac1b464fc981b740edc26e9a6,0.0,none,5.425922703525642e-05,1.0,INSIDE_MAJORITY,EVALUABLE,EXPLORATORY_CONSUMED_DIAGNOSTIC_ONLY
SS,pressure_gradient_acceleration,329,HMSO01R_A|PRIMARY|F4|60d61a86c9c80d6addab5af159923a601fd7ed1edee92f2f4cbb301a86fb909a,F4,FOLD_1,HMSO01R_A|FIELD_LINEAGE|3264ae7008b91adb6f4b677f3ecc13cbe5ab1143b7f33ef501525d095e0b618c,0.1,none,0.2877850362843639,0.53125,INSIDE_MAJORITY,EVALUABLE,EXPLORATORY_CONSUMED_DIAGNOSTIC_ONLY
SS,pressure_gradient_acceleration,330,HMSO01R_A|PRIMARY|F4|85b9e2bb526dacaa593ccb65df264a96a4d27bede934ce2ecb57f157e3bc9a19,F4,FOLD_3,HMSO01R_A|FIELD_LINEAGE|7a40ff07646995058d8981271562dfa4f2cc77b96f79dba59c7ae90f96586134,0.0,longitudinal,0.0,0.859375,INSIDE_MAJORITY,EVALUABLE,EXPLORATORY_CONSUMED_DIAGNOSTIC_ONLY
SS,pressure_gradient_acceleration,331,HMSO01R_A|PRIMARY|F4|c93564795c53c5b8f2acb7004944a5bf63ea14ebbf8f65a568b2a0b51ef1fb4d,F4,FOLD_5,HMSO01R_A|FIELD_LINEAGE|c9a10c50914a082104b6f42f933e2e8b35494d6ac1b464fc981b740edc26e9a6,0.05,none,1.851843256396179,0.984375,INSIDE_MAJORITY,EVALUABLE,EXPLORATORY_CONSUMED_DIAGNOSTIC_ONLY
SS,pressure_gradient_acceleration,332,HMSO01R_A|PRIMARY|F4|c97a86869fce5865992f34bd7205509a7db68ce38ef12dd68bb413852c722653,F4,FOLD_3,HMSO01R_A|FIELD_LINEAGE|7a40ff07646995058d8981271562dfa4f2cc77b96f79dba59c7ae90f96586134,0.05,longitudinal,0.0,0.5859375,INSIDE_MAJORITY,EVALUABLE,EXPLORATORY_CONSUMED_DIAGNOSTIC_ONLY
SS,pressure_gradient_acceleration,333,HMSO01R_A|PRIMARY|F4|6eca32e2ed9db412095b6bb1621309c554428bd902055e55d93c3dbb255ef660,F4,FOLD_3,HMSO01R_A|FIELD_LINEAGE|7a40ff07646995058d8981271562dfa4f2cc77b96f79dba59c7ae90f96586134,0.0,longitudinal,0.0,0.84375,INSIDE_MAJORITY,EVALUABLE,EXPLORATORY_CONSUMED_DIAGNOSTIC_ONLY
SS,pressure_gradient_acceleration,334,HMSO01R_A|PRIMARY|F4|4d3ce164d8efe045e29b60ed83ff347cfa2fafe49965f090ff32a2e7acec3e50,F4,FOLD_4,HMSO01R_A|FIELD_LINEAGE|6359faeb0765247f7e12d6c9e8bbc8898fa74fca5c76c863a6009dffddbcb32e,0.05,longitudinal,0.0,0.3046875,OUTSIDE_MAJORITY,EVALUABLE,EXPLORATORY_CONSUMED_DIAGNOSTIC_ONLY
SS,pressure_gradient_acceleration,335,HMSO01R_A|PRIMARY|F4|f2c4fabe042f5b8aea1f288e25844f23d9a120de8e396a36c9ca1d2e6ccce438,F4,FOLD_4,HMSO01R_A|FIELD_LINEAGE|6359faeb0765247f7e12d6c9e8bbc8898fa74fca5c76c863a6009dffddbcb32e,0.1,longitudinal,0.0,0.171875,OUTSIDE_MAJORITY,EVALUABLE,EXPLORATORY_CONSUMED_DIAGNOSTIC_ONLY
SS,pressure_gradient_acceleration,336,HMSO01R_A|PRIMARY|F4|9768d97a717e98019abe133a1abe111c5fca5e302e9f72f7322cf07b6ef97904,F4,FOLD_2,HMSO01R_A|FIELD_LINEAGE|8af782533dccfef4a682f44ff365b7014ae448a56bd62c92877bbd37640adb31,0.1,transverse,1.5386698260894258,0.7734375,INSIDE_MAJORITY,EVALUABLE,EXPLORATORY_CONSUMED_DIAGNOSTIC_ONLY
SS,pressure_gradient_acceleration,337,HMSO01R_A|PRIMARY|F4|2c7351f1aa4e82a7579ba6807a834a23987ceda38177da350424d7892a8de9f8,F4,FOLD_4,HMSO01R_A|FIELD_LINEAGE|6359faeb0765247f7e12d6c9e8bbc8898fa74fca5c76c863a6009dffddbcb32e,0.05,longitudinal,0.0,0.3984375,OUTSIDE_MAJORITY,EVALUABLE,EXPLORATORY_CONSUMED_DIAGNOSTIC_ONLY
SS,pressure_gradient_acceleration,338,HMSO01R_A|PRIMARY|F4|9bbc1a27b5a28b8b1cbc9397ac21c221597c0b4297abbe6d2c46d9068ef63a3a,F4,FOLD_3,HMSO01R_A|FIELD_LINEAGE|7a40ff07646995058d8981271562dfa4f2cc77b96f79dba59c7ae90f96586134,0.1,longitudinal,0.0,0.8125,INSIDE_MAJORITY,EVALUABLE,EXPLORATORY_CONSUMED_DIAGNOSTIC_ONLY
SS,pressure_gradient_acceleration,339,HMSO01R_A|PRIMARY|F4|a577084b300c5f034112e0aa6d4197f7bb336db3aebc017e187cc64ede052782,F4,FOLD_0,HMSO01R_A|FIELD_LINEAGE|06c31c418b756da4f49834b1270295e826a9807f080171a34a3e7c250369709c,0.0,none,0.14359569264181943,1.0,INSIDE_MAJORITY,EVALUABLE,EXPLORATORY_CONSUMED_DIAGNOSTIC_ONLY
SS,pressure_gradient_acceleration,340,HMSO01R_A|PRIMARY|F4|13c67e1ebb51f50250e869a5f3a557602950c66494025b2a470f6b48342a31ea,F4,FOLD_3,HMSO01R_A|FIELD_LINEAGE|7a40ff07646995058d8981271562dfa4f2cc77b96f79dba59c7ae90f96586134,0.05,longitudinal,0.0,0.921875,INSIDE_MAJORITY,EVALUABLE,EXPLORATORY_CONSUMED_DIAGNOSTIC_ONLY
SS,pressure_gradient_acceleration,341,HMSO01R_A|PRIMARY|F4|edab4679e82b888e2650cc858316bd212ed80b7e90262d2c10bbefda6974c3cb,F4,FOLD_0,HMSO01R_A|FIELD_LINEAGE|06c31c418b756da4f49834b1270295e826a9807f080171a34a3e7c250369709c,0.05,none,2.138993025433081,1.0,INSIDE_MAJORITY,EVALUABLE,EXPLORATORY_CONSUMED_DIAGNOSTIC_ONLY
SS,pressure_gradient_acceleration,342,HMSO01R_A|PRIMARY|F4|93f336d5095c9a841b2e50a3fed0819138ef2e6d7698442409f0d4608bb285e9,F4,FOLD_0,HMSO01R_A|FIELD_LINEAGE|06c31c418b756da4f49834b1270295e826a9807f080171a34a3e7c250369709c,0.1,none,2.2593874669852188,0.65625,INSIDE_MAJORITY,EVALUABLE,EXPLORATORY_CONSUMED_DIAGNOSTIC_ONLY
SS,pressure_gradient_acceleration,343,HMSO01R_A|PRIMARY|F4|3ecea2b0aa1bdaa68d2f1356e87b52064a96f8259663d3d03b044ceaf96f9cbc,F4,FOLD_1,HMSO01R_A|FIELD_LINEAGE|5d84595c43a38b585d7953f18ac50da686f8debb482b1cca6058cffe84d274b6,0.1,none,0.6767643209739868,0.7578125,INSIDE_MAJORITY,EVALUABLE,EXPLORATORY_CONSUMED_DIAGNOSTIC_ONLY
SS,pressure_gradient_acceleration,344,HMSO01R_A|PRIMARY|F4|b2269306cf2fc8a4591e8938af5813db53954684c008bd6a8cddd0d650dfaa59,F4,FOLD_0,HMSO01R_A|FIELD_LINEAGE|197d7ec024c0036b09ad028c746809cfe1ed712ccbb40eead96390c6dfdd817b,0.05,transverse,1.7647748147158164,0.9921875,INSIDE_MAJORITY,EVALUABLE,EXPLORATORY_CONSUMED_DIAGNOSTIC_ONLY
SS,pressure_gradient_acceleration,345,HMSO01R_A|PRIMARY|F4|add41ee9198075a3a19c4e02467ad427e3909e0b283ae14140a03b1ecf2a0f11,F4,FOLD_3,HMSO01R_A|FIELD_LINEAGE|7a40ff07646995058d8981271562dfa4f2cc77b96f79dba59c7ae90f96586134,0.05,longitudinal,0.0,0.9375,INSIDE_MAJORITY,EVALUABLE,EXPLORATORY_CONSUMED_DIAGNOSTIC_ONLY
SS,pressure_gradient_acceleration,346,HMSO01R_A|PRIMARY|F4|5e95bd4803f822dd8674c13a449420695c5df56cd9393606e1f3b9a611de51f1,F4,FOLD_2,HMSO01R_A|FIELD_LINEAGE|8af782533dccfef4a682f44ff365b7014ae448a56bd62c92877bbd37640adb31,0.05,transverse,1.7836738496358802,1.0,INSIDE_MAJORITY,EVALUABLE,EXPLORATORY_CONSUMED_DIAGNOSTIC_ONLY
SS,pressure_gradient_acceleration,347,HMSO01R_A|PRIMARY|F4|24f4ce932c7a7827efac3d2f928c557f54e4049809f5e73fbf1b9f52867a1edd,F4,FOLD_1,HMSO01R_A|FIELD_LINEAGE|5d84595c43a38b585d7953f18ac50da686f8debb482b1cca6058cffe84d274b6,0.05,none,1.160763474467697,0.9609375,INSIDE_MAJORITY,EVALUABLE,EXPLORATORY_CONSUMED_DIAGNOSTIC_ONLY
SS,pressure_gradient_acceleration,348,HMSO01R_A|PRIMARY|F4|18ac4d31edf7a505ad239621dfdf76d1766a2c67683ae1b62d6989cad714c2d7,F4,FOLD_0,HMSO01R_A|FIELD_LINEAGE|197d7ec024c0036b09ad028c746809cfe1ed712ccbb40eead96390c6dfdd817b,0.0,transverse,0.0,1.0,INSIDE_MAJORITY,EVALUABLE,EXPLORATORY_CONSUMED_DIAGNOSTIC_ONLY
SS,pressure_gradient_acceleration,349,HMSO01R_A|PRIMARY|F4|1cc6c0e80b8899df18a73353bf6f7ed7c04f29c45158e61ee28cb2624ac746fe,F4,FOLD_4,HMSO01R_A|FIELD_LINEAGE|6359faeb0765247f7e12d6c9e8bbc8898fa74fca5c76c863a6009dffddbcb32e,0.05,longitudinal,0.0,0.5,INSIDE_MAJORITY,EVALUABLE,EXPLORATORY_CONSUMED_DIAGNOSTIC_ONLY
SS,pressure_gradient_acceleration,350,HMSO01R_A|PRIMARY|F4|d33d0be38e4684bb33437a9df95a1ae6cc0a7aebc3f0a71bfa4fa8cbc4555242,F4,FOLD_1,HMSO01R_A|FIELD_LINEAGE|5d84595c43a38b585d7953f18ac50da686f8debb482b1cca6058cffe84d274b6,0.0,none,5.136822153158179,1.0,INSIDE_MAJORITY,EVALUABLE,EXPLORATORY_CONSUMED_DIAGNOSTIC_ONLY
SS,pressure_gradient_acceleration,351,HMSO01R_A|PRIMARY|F4|5a2e3a505c133416c8dbb86a08170301d688109094d8674ee8080dc96049ad55,F4,FOLD_0,HMSO01R_A|FIELD_LINEAGE|06c31c418b756da4f49834b1270295e826a9807f080171a34a3e7c250369709c,0.05,none,2.6007065563694773,1.0,INSIDE_MAJORITY,EVALUABLE,EXPLORATORY_CONSUMED_DIAGNOSTIC_ONLY
SS,pressure_gradient_acceleration,352,HMSO01R_A|PRIMARY|F4|3b38bca5ba7eb3e076d691c07d5fefab92d9894c689c32264b3e80a8f629fae5,F4,FOLD_1,HMSO01R_A|FIELD_LINEAGE|3264ae7008b91adb6f4b677f3ecc13cbe5ab1143b7f33ef501525d095e0b618c,0.05,none,0.5347505258790883,0.5859375,INSIDE_MAJORITY,EVALUABLE,EXPLORATORY_CONSUMED_DIAGNOSTIC_ONLY
SS,pressure_gradient_acceleration,353,HMSO01R_A|PRIMARY|F4|1453b091d0daa0c4e730c8e0c233a19b45a418a33d5d34531f6df7ff2203213a,F4,FOLD_1,HMSO01R_A|FIELD_LINEAGE|3264ae7008b91adb6f4b677f3ecc13cbe5ab1143b7f33ef501525d095e0b618c,0.05,none,1.0091653811268497,0.9765625,INSIDE_MAJORITY,EVALUABLE,EXPLORATORY_CONSUMED_DIAGNOSTIC_ONLY
SS,pressure_gradient_acceleration,354,HMSO01R_A|PRIMARY|F4|2a57c8fd48f74b76db849058b1fbda9ce73e7c1e67e92c7bb77564c77611730e,F4,FOLD_1,HMSO01R_A|FIELD_LINEAGE|3264ae7008b91adb6f4b677f3ecc13cbe5ab1143b7f33ef501525d095e0b618c,0.05,none,1.2695541441011662,1.0,INSIDE_MAJORITY,EVALUABLE,EXPLORATORY_CONSUMED_DIAGNOSTIC_ONLY
SS,pressure_gradient_acceleration,355,HMSO01R_A|PRIMARY|F4|9f56c3d5d44bf58a93d9ca6afd6c4e8f218ea1cdd2052a96a5e56647a1dfd799,F4,FOLD_2,HMSO01R_A|FIELD_LINEAGE|8af782533dccfef4a682f44ff365b7014ae448a56bd62c92877bbd37640adb31,0.1,transverse,1.2922594578101245,0.984375,INSIDE_MAJORITY,EVALUABLE,EXPLORATORY_CONSUMED_DIAGNOSTIC_ONLY
SS,pressure_gradient_acceleration,356,HMSO01R_A|PRIMARY|F4|4af9d799645306b976781f74aaac033fc6a03925c4707f61d4dde7f0466e1248,F4,FOLD_1,HMSO01R_A|FIELD_LINEAGE|5d84595c43a38b585d7953f18ac50da686f8debb482b1cca6058cffe84d274b6,0.05,none,1.932253340315474,1.0,INSIDE_MAJORITY,EVALUABLE,EXPLORATORY_CONSUMED_DIAGNOSTIC_ONLY
SS,pressure_gradient_acceleration,357,HMSO01R_A|PRIMARY|F4|70cefd0a326a1189e857a24bc47d3a308a01c71266a610d97da19fe3475449b3,F4,FOLD_0,HMSO01R_A|FIELD_LINEAGE|06c31c418b756da4f49834b1270295e826a9807f080171a34a3e7c250369709c,0.1,none,2.5787053254892944,0.984375,INSIDE_MAJORITY,EVALUABLE,EXPLORATORY_CONSUMED_DIAGNOSTIC_ONLY
SS,pressure_gradient_acceleration,358,HMSO01R_A|PRIMARY|F4|d12ba8221e83ef54db206896c0ccfc71b0d9e5c69260022a3f60f552de527261,F4,FOLD_5,HMSO01R_A|FIELD_LINEAGE|c9a10c50914a082104b6f42f933e2e8b35494d6ac1b464fc981b740edc26e9a6,0.1,none,1.4424933286466062,0.109375,OUTSIDE_MAJORITY,EVALUABLE,EXPLORATORY_CONSUMED_DIAGNOSTIC_ONLY
SS,pressure_gradient_acceleration,359,HMSO01R_A|PRIMARY|F4|6b8727c73995a66d16356a1d36b4933859c3b2fbc63ae62c24b1e21bc11073b5,F4,FOLD_3,HMSO01R_A|FIELD_LINEAGE|7a40ff07646995058d8981271562dfa4f2cc77b96f79dba59c7ae90f96586134,0.05,longitudinal,0.0,0.6015625,INSIDE_MAJORITY,EVALUABLE,EXPLORATORY_CONSUMED_DIAGNOSTIC_ONLY
SS,pressure_gradient_acceleration,360,HMSO01R_A|PRIMARY|F4|743a01d4399472eed3d8ffd9c7a32e1f3a40e5b1780978943bf05c8e760eff58,F4,FOLD_0,HMSO01R_A|FIELD_LINEAGE|06c31c418b756da4f49834b1270295e826a9807f080171a34a3e7c250369709c,0.1,none,2.621880003109823,1.0,INSIDE_MAJORITY,EVALUABLE,EXPLORATORY_CONSUMED_DIAGNOSTIC_ONLY
SS,pressure_gradient_acceleration,361,HMSO01R_A|PRIMARY|F4|6f8b0062875af4febf1ed5a9e87719c1f1886be25e2bae8ee74787af55c5c1ab,F4,FOLD_3,HMSO01R_A|FIELD_LINEAGE|7a40ff07646995058d8981271562dfa4f2cc77b96f79dba59c7ae90f96586134,0.0,longitudinal,0.0,1.0,INSIDE_MAJORITY,EVALUABLE,EXPLORATORY_CONSUMED_DIAGNOSTIC_ONLY
SS,pressure_gradient_acceleration,362,HMSO01R_A|PRIMARY|F4|8f1ab78a0a32c0cb988d7b4adfde67f10680eff0253d57272287f87269fe5ac7,F4,FOLD_1,HMSO01R_A|FIELD_LINEAGE|5d84595c43a38b585d7953f18ac50da686f8debb482b1cca6058cffe84d274b6,0.0,none,3.7822665818475327,1.0,INSIDE_MAJORITY,EVALUABLE,EXPLORATORY_CONSUMED_DIAGNOSTIC_ONLY
SS,pressure_gradient_acceleration,363,HMSO01R_A|PRIMARY|F4|194231f073caf06555d785c43dcc6f91eb5ef962fbd48ce1696e7a0febd8d169,F4,FOLD_5,HMSO01R_A|FIELD_LINEAGE|c9a10c50914a082104b6f42f933e2e8b35494d6ac1b464fc981b740edc26e9a6,0.05,none,1.5509841862768898,0.5625,INSIDE_MAJORITY,EVALUABLE,EXPLORATORY_CONSUMED_DIAGNOSTIC_ONLY
SS,pressure_gradient_acceleration,364,HMSO01R_A|PRIMARY|F4|4c5124e2fe9ab57f1899643d25ea08bef342b07b4f5a1b63411031808a84e6e5,F4,FOLD_2,HMSO01R_A|FIELD_LINEAGE|8af782533dccfef4a682f44ff365b7014ae448a56bd62c92877bbd37640adb31,0.05,transverse,1.248389476386654,1.0,INSIDE_MAJORITY,EVALUABLE,EXPLORATORY_CONSUMED_DIAGNOSTIC_ONLY
SS,pressure_gradient_acceleration,365,HMSO01R_A|PRIMARY|F4|86e0b5c66095d052b370f9153c1c0c79db91e1ce96e3bb2098471bfc1d51f52b,F4,FOLD_1,HMSO01R_A|FIELD_LINEAGE|3264ae7008b91adb6f4b677f3ecc13cbe5ab1143b7f33ef501525d095e0b618c,0.05,none,1.6759254713177327,1.0,INSIDE_MAJORITY,EVALUABLE,EXPLORATORY_CONSUMED_DIAGNOSTIC_ONLY
SS,pressure_gradient_acceleration,366,HMSO01R_A|PRIMARY|F4|fb27fce189386d914da9e876fe6ee49add0c761025cf76dcac6ae5fb83112597,F4,FOLD_4,HMSO01R_A|FIELD_LINEAGE|6359faeb0765247f7e12d6c9e8bbc8898fa74fca5c76c863a6009dffddbcb32e,0.0,longitudinal,0.0,0.6640625,INSIDE_MAJORITY,EVALUABLE,EXPLORATORY_CONSUMED_DIAGNOSTIC_ONLY
SS,pressure_gradient_acceleration,367,HMSO01R_A|PRIMARY|F4|7786ab7ac7eee1e1201a9d4cd9bb75b985ca5b9bbe57ed362a6bae2ea6a67b5f,F4,FOLD_5,HMSO01R_A|FIELD_LINEAGE|c9a10c50914a082104b6f42f933e2e8b35494d6ac1b464fc981b740edc26e9a6,0.05,none,1.661900655564681,1.0,INSIDE_MAJORITY,EVALUABLE,EXPLORATORY_CONSUMED_DIAGNOSTIC_ONLY
SS,pressure_gradient_acceleration,368,HMSO01R_A|PRIMARY|F4|30baa6e6806879515a78f1c62d05bccaab3249b592d8f3bd12ff03c066c53410,F4,FOLD_0,HMSO01R_A|FIELD_LINEAGE|197d7ec024c0036b09ad028c746809cfe1ed712ccbb40eead96390c6dfdd817b,0.1,transverse,1.6929826245433153,0.3671875,OUTSIDE_MAJORITY,EVALUABLE,EXPLORATORY_CONSUMED_DIAGNOSTIC_ONLY
SS,pressure_gradient_acceleration,369,HMSO01R_A|PRIMARY|F4|b6277718874b120da231461abacc7a7da2022f32e5d8dca303cccaa91f4b4e42,F4,FOLD_5,HMSO01R_A|FIELD_LINEAGE|c9a10c50914a082104b6f42f933e2e8b35494d6ac1b464fc981b740edc26e9a6,0.05,none,1.5514390160153213,1.0,INSIDE_MAJORITY,EVALUABLE,EXPLORATORY_CONSUMED_DIAGNOSTIC_ONLY
SS,pressure_gradient_acceleration,370,HMSO01R_A|PRIMARY|F4|522b8141f1cd2e67d095769af78530d3f17997c9669d7c69d1e60899303311c6,F4,FOLD_4,HMSO01R_A|FIELD_LINEAGE|6359faeb0765247f7e12d6c9e8bbc8898fa74fca5c76c863a6009dffddbcb32e,0.05,longitudinal,0.0,0.2265625,OUTSIDE_MAJORITY,EVALUABLE,EXPLORATORY_CONSUMED_DIAGNOSTIC_ONLY
SS,pressure_gradient_acceleration,371,HMSO01R_A|PRIMARY|F4|d0223a5116363bdb9fdbe576b917d428be2afd61c42aa978a1b394059de4a4d3,F4,FOLD_3,HMSO01R_A|FIELD_LINEAGE|7a40ff07646995058d8981271562dfa4f2cc77b96f79dba59c7ae90f96586134,0.1,longitudinal,0.0,0.515625,INSIDE_MAJORITY,EVALUABLE,EXPLORATORY_CONSUMED_DIAGNOSTIC_ONLY
SS,pressure_gradient_acceleration,372,HMSO01R_A|PRIMARY|F4|06d3cb26de6443a1c4252d88b37fa2f0dcf1c3ed1a44f9c013bc3024e09538bf,F4,FOLD_2,HMSO01R_A|FIELD_LINEAGE|8af782533dccfef4a682f44ff365b7014ae448a56bd62c92877bbd37640adb31,0.0,transverse,0.0,1.0,INSIDE_MAJORITY,EVALUABLE,EXPLORATORY_CONSUMED_DIAGNOSTIC_ONLY
SS,pressure_gradient_acceleration,373,HMSO01R_A|PRIMARY|F4|faa348e08c7229666370404a73443dac623fabd23619b19b7c9c6da56881b0a4,F4,FOLD_1,HMSO01R_A|FIELD_LINEAGE|3264ae7008b91adb6f4b677f3ecc13cbe5ab1143b7f33ef501525d095e0b618c,0.0,none,1.575164542587817e-05,1.0,INSIDE_MAJORITY,EVALUABLE,EXPLORATORY_CONSUMED_DIAGNOSTIC_ONLY
SS,pressure_gradient_acceleration,374,HMSO01R_A|PRIMARY|F4|f86320eb94ec3a1d1974e1cdd67f129ee26e2cc2003115ec42fd58bccce3aec1,F4,FOLD_0,HMSO01R_A|FIELD_LINEAGE|197d7ec024c0036b09ad028c746809cfe1ed712ccbb40eead96390c6dfdd817b,0.05,transverse,1.8474321106639522,0.8828125,INSIDE_MAJORITY,EVALUABLE,EXPLORATORY_CONSUMED_DIAGNOSTIC_ONLY
SS,pressure_gradient_acceleration,375,HMSO01R_A|PRIMARY|F4|c5dc5e67fe205445cd7e9fb69403cd2d5347418c0d908c36d223c6bb99c2c9c9,F4,FOLD_2,HMSO01R_A|FIELD_LINEAGE|8af782533dccfef4a682f44ff365b7014ae448a56bd62c92877bbd37640adb31,0.05,transverse,1.4258010276447632,1.0,INSIDE_MAJORITY,EVALUABLE,EXPLORATORY_CONSUMED_DIAGNOSTIC_ONLY
SS,pressure_gradient_acceleration,376,HMSO01R_A|PRIMARY|F4|1205342c8d88b237751559327d73d7a9501b4185f18f551c322b8c45740a2a59,F4,FOLD_0,HMSO01R_A|FIELD_LINEAGE|06c31c418b756da4f49834b1270295e826a9807f080171a34a3e7c250369709c,0.05,none,2.824408443799002,1.0,INSIDE_MAJORITY,EVALUABLE,EXPLORATORY_CONSUMED_DIAGNOSTIC_ONLY
SS,pressure_gradient_acceleration,377,HMSO01R_A|PRIMARY|F4|acc5fc686f98699095bf8bb584f0cbcd98f5ff8d323f5f6a8f2f6a0a6f56d8fd,F4,FOLD_0,HMSO01R_A|FIELD_LINEAGE|197d7ec024c0036b09ad028c746809cfe1ed712ccbb40eead96390c6dfdd817b,0.05,transverse,1.6268884198205562,1.0,INSIDE_MAJORITY,EVALUABLE,EXPLORATORY_CONSUMED_DIAGNOSTIC_ONLY
SS,pressure_gradient_acceleration,378,HMSO01R_A|PRIMARY|F4|50ff0808ef66ae99ee108f7b364caec03276f15f3c79c7781f170708a5248bad,F4,FOLD_1,HMSO01R_A|FIELD_LINEAGE|5d84595c43a38b585d7953f18ac50da686f8debb482b1cca6058cffe84d274b6,0.05,none,1.271454474677399,1.0,INSIDE_MAJORITY,EVALUABLE,EXPLORATORY_CONSUMED_DIAGNOSTIC_ONLY
SS,pressure_gradient_acceleration,379,HMSO01R_A|PRIMARY|F4|6a327a764bfac2756e747a73a674ce99a7a479505ab80e85fb6e0ce559489722,F4,FOLD_5,HMSO01R_A|FIELD_LINEAGE|c9a10c50914a082104b6f42f933e2e8b35494d6ac1b464fc981b740edc26e9a6,0.0,none,0.007828706509642222,1.0,INSIDE_MAJORITY,EVALUABLE,EXPLORATORY_CONSUMED_DIAGNOSTIC_ONLY
SS,pressure_gradient_acceleration,380,HMSO01R_A|PRIMARY|F4|151f0faa0ec3bffddc64493ea9d1ced59873d77b5045af43474acf1355c1de8d,F4,FOLD_1,HMSO01R_A|FIELD_LINEAGE|5d84595c43a38b585d7953f18ac50da686f8debb482b1cca6058cffe84d274b6,0.05,none,0.657250247823755,0.53125,INSIDE_MAJORITY,EVALUABLE,EXPLORATORY_CONSUMED_DIAGNOSTIC_ONLY
SS,pressure_gradient_acceleration,381,HMSO01R_A|PRIMARY|F4|6ae78396c56cbbbfc0796994805858c3967c47bc24f14028345f8a91b53a4c63,F4,FOLD_3,HMSO01R_A|FIELD_LINEAGE|7a40ff07646995058d8981271562dfa4f2cc77b96f79dba59c7ae90f96586134,0.05,longitudinal,0.0,0.875,INSIDE_MAJORITY,EVALUABLE,EXPLORATORY_CONSUMED_DIAGNOSTIC_ONLY
SS,pressure_gradient_acceleration,382,HMSO01R_A|PRIMARY|F4|e935c49b137288ce262897f601f1d1aa7350c95bd540ece1fcec9b3f463e4866,F4,FOLD_0,HMSO01R_A|FIELD_LINEAGE|197d7ec024c0036b09ad028c746809cfe1ed712ccbb40eead96390c6dfdd817b,0.1,transverse,1.497091086414566,0.828125,INSIDE_MAJORITY,EVALUABLE,EXPLORATORY_CONSUMED_DIAGNOSTIC_ONLY
SS,pressure_gradient_acceleration,383,HMSO01R_A|PRIMARY|F4|6a6a8bfa9928af9cb01b022a75edc3db06b8fbb4fc71e646b76054dec1f3f066,F4,FOLD_0,HMSO01R_A|FIELD_LINEAGE|06c31c418b756da4f49834b1270295e826a9807f080171a34a3e7c250369709c,0.05,none,2.6808521525270743,1.0,INSIDE_MAJORITY,EVALUABLE,EXPLORATORY_CONSUMED_DIAGNOSTIC_ONLY
SS,viscosity_laplacian_acceleration,0,HMSO01R_A|PRIMARY|F1|17189a9c215416ff2620cbd08f0d84d7ada1a2cc660112d1da29b944116d0cd4,F1,FOLD_0,HMSO01R_A|FIELD_LINEAGE|4389c621e60229f631c944081b4adc544d96927c12f624ff90ee3e85668f651e,0.0,longitudinal,0.2597566640640546,1.0,INSIDE_MAJORITY,EVALUABLE,EXPLORATORY_CONSUMED_DIAGNOSTIC_ONLY
SS,viscosity_laplacian_acceleration,1,HMSO01R_A|PRIMARY|F1|a4dcbb5c100eb79e76af22af5e66115d80a192e32c5351ce17a23c9ea395fc58,F1,FOLD_3,HMSO01R_A|FIELD_LINEAGE|39a5eaeb1afddf9af00bec82f67fdf5414fc1d1e11076c2f86704fda2809ab87,0.0,transverse,0.00029267243675125897,1.0,INSIDE_MAJORITY,EVALUABLE,EXPLORATORY_CONSUMED_DIAGNOSTIC_ONLY
SS,viscosity_laplacian_acceleration,2,HMSO01R_A|PRIMARY|F1|c2e87b38878c4fcdafb44a05b365bc326ef291a8d36233033ae3633cd4114a99,F1,FOLD_5,HMSO01R_A|FIELD_LINEAGE|86f4c153dee170c8ee8f47b2eb988fa25bcda8c9a7b6fd68a3d7256dc3af0a1f,0.0,none,0.0,1.0,INSIDE_MAJORITY,EVALUABLE,EXPLORATORY_CONSUMED_DIAGNOSTIC_ONLY
SS,viscosity_laplacian_acceleration,3,HMSO01R_A|PRIMARY|F1|5c9e81f778749b662a5e524e43479f5e490b215def0762270203c9817e709b9b,F1,FOLD_1,HMSO01R_A|FIELD_LINEAGE|9aaa52aa8afb4f9adfe0d0e7ddb5e3e8101852fdd6ef0a635cf3875b473d16a7,0.0,transverse,0.12183549079670902,1.0,INSIDE_MAJORITY,EVALUABLE,EXPLORATORY_CONSUMED_DIAGNOSTIC_ONLY
SS,viscosity_laplacian_acceleration,4,HMSO01R_A|PRIMARY|F1|11515df6f9da405fc42923eeb47db2b4ebe97ceea73b879e18c9259527ebbd13,F1,FOLD_4,HMSO01R_A|FIELD_LINEAGE|e4c235f067a50e9e5304ee0e7ad701299187cd559ceebd74674d932464340e77,0.0,longitudinal,0.2321086300980562,1.0,INSIDE_MAJORITY,EVALUABLE,EXPLORATORY_CONSUMED_DIAGNOSTIC_ONLY
SS,viscosity_laplacian_acceleration,5,HMSO01R_A|PRIMARY|F1|29e92b6c39e1d3a436fb2bd671c7071524922a02fbf8851e384bc0c0d658f8fa,F1,FOLD_0,HMSO01R_A|FIELD_LINEAGE|f117df283c3988b3a51ad2a7138592681c02ac94fc8905b0ebf163745ca00f62,0.0,transverse,5.934150478182017e-05,1.0,INSIDE_MAJORITY,EVALUABLE,EXPLORATORY_CONSUMED_DIAGNOSTIC_ONLY
SS,viscosity_laplacian_acceleration,6,HMSO01R_A|PRIMARY|F1|9883cd7992a90f5d6864ab975f80dd9cf59338673fe1489da80f17066b15096b,F1,FOLD_3,HMSO01R_A|FIELD_LINEAGE|7c009b8ab0dfadca9095462a890aab36eac46b48a3c131f7a908a8d37a21f707,0.0,longitudinal,0.4321585763000185,1.0,INSIDE_MAJORITY,EVALUABLE,EXPLORATORY_CONSUMED_DIAGNOSTIC_ONLY
SS,viscosity_laplacian_acceleration,7,HMSO01R_A|PRIMARY|F1|9487e088f788d2ec8ba6ae806ea91685d6ebbefde165d132cb5f71e58101c354,F1,FOLD_4,HMSO01R_A|FIELD_LINEAGE|a1c0a919ad122615714cbb9f6b50981061d4f68fe06b618c4cd2688f52f12391,0.0,none,0.0,1.0,INSIDE_MAJORITY,EVALUABLE,EXPLORATORY_CONSUMED_DIAGNOSTIC_ONLY
SS,viscosity_laplacian_acceleration,8,HMSO01R_A|PRIMARY|F1|20535a5b894e69d9162faebb7d09c6da71c5ccb03d06b6550f8c2888772f9134,F1,FOLD_1,HMSO01R_A|FIELD_LINEAGE|fefaa03392c6d5e862f0b98f72e148123eb5332d997aade537062f72a6e1a99c,0.0,none,0.0,1.0,INSIDE_MAJORITY,EVALUABLE,EXPLORATORY_CONSUMED_DIAGNOSTIC_ONLY
SS,viscosity_laplacian_acceleration,9,HMSO01R_A|PRIMARY|F1|dc3d8aab18d0c255168c9471f21eea7e056899fbb44faeb54799a5443ea70f0c,F1,FOLD_2,HMSO01R_A|FIELD_LINEAGE|d3329a31885ae9100b3a5071d3f6de7c5b314524ba319156e3df439e55667dd5,0.0,none,0.0,1.0,INSIDE_MAJORITY,EVALUABLE,EXPLORATORY_CONSUMED_DIAGNOSTIC_ONLY
SS,viscosity_laplacian_acceleration,10,HMSO01R_A|PRIMARY|F1|a55f2004bfe7a70aa876e79f282731fbb98f78767765a44b0b1d4f8836b8abf4,F1,FOLD_5,HMSO01R_A|FIELD_LINEAGE|0e85d8db167a222553e045c2d06d7055fe817db60fe9573c8fc78f52ed1f8615,0.0,none,3.752030731997994e-05,1.0,INSIDE_MAJORITY,EVALUABLE,EXPLORATORY_CONSUMED_DIAGNOSTIC_ONLY
SS,viscosity_laplacian_acceleration,11,HMSO01R_A|PRIMARY|F1|28c77a8ddd05de23b312f2b66382c02eb5b79e2bf306ff67761448f2db57b19a,F1,FOLD_2,HMSO01R_A|FIELD_LINEAGE|05638fa6abec8d1f9d2070785cb5b62bc36d80415fcae04a6c6b1419139c3003,0.0,none,0.0,1.0,INSIDE_MAJORITY,EVALUABLE,EXPLORATORY_CONSUMED_DIAGNOSTIC_ONLY
SS,viscosity_laplacian_acceleration,12,HMSO01R_A|PRIMARY|F1|95f40357845f50cdbfb609794900692a451d073a196e1de5effa8bf3b10c31d3,F1,FOLD_1,HMSO01R_A|FIELD_LINEAGE|1d03c9c9f560219b53c739310adfe296cf8afec50561d01ce15be76ae73c1479,0.0,none,0.0,1.0,INSIDE_MAJORITY,EVALUABLE,EXPLORATORY_CONSUMED_DIAGNOSTIC_ONLY
SS,viscosity_laplacian_acceleration,13,HMSO01R_A|PRIMARY|F1|26d3e67e50ad7a7aa5a033717aad4a0174bbd3a8a498e7e470cb77fc7090aba8,F1,FOLD_1,HMSO01R_A|FIELD_LINEAGE|008a4638c8cb2247bc6cd62f75f3daa09b2e49ba7d73812777f0a31f466efb5e,0.0,longitudinal,0.7296693948792687,1.0,INSIDE_MAJORITY,EVALUABLE,EXPLORATORY_CONSUMED_DIAGNOSTIC_ONLY
SS,viscosity_laplacian_acceleration,14,HMSO01R_A|PRIMARY|F1|551fa9df47aa6d1ed2b65dd205e190a22a7f8bbbeba84ce8cd3bbf30d0d2c86c,F1,FOLD_2,HMSO01R_A|FIELD_LINEAGE|8d1e4918227588e163eea87a946c88983d6e03486114766be90d0602757fb4c2,0.0,longitudinal,0.7100338867198979,1.0,INSIDE_MAJORITY,EVALUABLE,EXPLORATORY_CONSUMED_DIAGNOSTIC_ONLY
SS,viscosity_laplacian_acceleration,15,HMSO01R_A|PRIMARY|F1|4677eaef7506ee864d1ee7c775444f00fae07b93f4e69bffa18aed1490049204,F1,FOLD_0,HMSO01R_A|FIELD_LINEAGE|1b6f0cb3de33bc6abdb0882404222836bd00a9ad3c6fe2c95af35a87f0fa1200,0.0,none,0.0,1.0,INSIDE_MAJORITY,EVALUABLE,EXPLORATORY_CONSUMED_DIAGNOSTIC_ONLY
SS,viscosity_laplacian_acceleration,16,HMSO01R_A|PRIMARY|F1|e4d028900be8963e34d3514450da85cf7e51369728095a44147a375b17ff63f3,F1,FOLD_5,HMSO01R_A|FIELD_LINEAGE|86c895c14384dc9ce73736790948d3516d7de8be96dc834ec48d9a651e6b8e5e,0.0,longitudinal,0.6829688357644739,1.0,INSIDE_MAJORITY,EVALUABLE,EXPLORATORY_CONSUMED_DIAGNOSTIC_ONLY
SS,viscosity_laplacian_acceleration,17,HMSO01R_A|PRIMARY|F1|8853d353badbe5291c0ebcfaf568093874927630ed91db99e44043086bc2bd77,F1,FOLD_4,HMSO01R_A|FIELD_LINEAGE|093dc802dc5954d756689fb97f687ee9b46c368f5fe625c807448d3bc43a1926,0.0,none,0.0,1.0,INSIDE_MAJORITY,EVALUABLE,EXPLORATORY_CONSUMED_DIAGNOSTIC_ONLY
SS,viscosity_laplacian_acceleration,18,HMSO01R_A|PRIMARY|F1|caffac0e852992e38bf950f2604d4982870d7de259ba736aae7ebd5004b0e98b,F1,FOLD_3,HMSO01R_A|FIELD_LINEAGE|0e65acebdbaa92caa4bcb30c2a0feac4a5469aac1dd76780539181916f956f58,0.0,none,0.0,1.0,INSIDE_MAJORITY,EVALUABLE,EXPLORATORY_CONSUMED_DIAGNOSTIC_ONLY
SS,viscosity_laplacian_acceleration,19,HMSO01R_A|PRIMARY|F1|60e871a6c20d0af14c3ace9907424d9db227d34f041ddac4df9aa0a3b0bb1f33,F1,FOLD_0,HMSO01R_A|FIELD_LINEAGE|f117df283c3988b3a51ad2a7138592681c02ac94fc8905b0ebf163745ca00f62,0.0,transverse,0.0743025901712529,1.0,INSIDE_MAJORITY,EVALUABLE,EXPLORATORY_CONSUMED_DIAGNOSTIC_ONLY
SS,viscosity_laplacian_acceleration,20,HMSO01R_A|PRIMARY|F1|71098b9cd54436f1ef43bd82182ddda4df38006388ef812629c7c85d4a1ee54a,F1,FOLD_3,HMSO01R_A|FIELD_LINEAGE|16eb11153f438a544fbde5e29c9d4f0fc922c6cc49338ba6f7c68206ac580c7f,0.0,none,0.0,1.0,INSIDE_MAJORITY,EVALUABLE,EXPLORATORY_CONSUMED_DIAGNOSTIC_ONLY
SS,viscosity_laplacian_acceleration,21,HMSO01R_A|PRIMARY|F1|74878e2e410283bf5b8d858ce2e548e073e0dfb665a012817708b2ea789c0d47,F1,FOLD_2,HMSO01R_A|FIELD_LINEAGE|6af5032f0b166e8e3ff27ce0b5fdfb49cda87c61afe66a4eb6eb807e625daf8a,0.0,transverse,0.16990809818857738,1.0,INSIDE_MAJORITY,EVALUABLE,EXPLORATORY_CONSUMED_DIAGNOSTIC_ONLY
SS,viscosity_laplacian_acceleration,22,HMSO01R_A|PRIMARY|F1|5a2a9369cfead6c6a1da9e80f9c5447c935f07e66b8f7bb9ce0dc8ec94be5ff5,F1,FOLD_3,HMSO01R_A|FIELD_LINEAGE|e2940f5e79800b14b8eefcdb52a6c4eb9c2bcacb794aadbf19ab173720ccdfc9,0.0,none,0.0,1.0,INSIDE_MAJORITY,EVALUABLE,EXPLORATORY_CONSUMED_DIAGNOSTIC_ONLY
SS,viscosity_laplacian_acceleration,23,HMSO01R_A|PRIMARY|F1|f0e0780bc33cf937b9317da0fd002ac7503f6caf7b9cb2ee921712e29ac5db01,F1,FOLD_0,HMSO01R_A|FIELD_LINEAGE|429c6019f8749d53e4581b918e84a928af92c02c8bd8516136f7bea7e94cf671,0.0,transverse,0.1352711520515258,1.0,INSIDE_MAJORITY,EVALUABLE,EXPLORATORY_CONSUMED_DIAGNOSTIC_ONLY
SS,viscosity_laplacian_acceleration,24,HMSO01R_A|PRIMARY|F1|6c20eb043c375744b73d04ab8ec845a805d28af301d2b852ab9d4c4b2c29898d,F1,FOLD_1,HMSO01R_A|FIELD_LINEAGE|40ad278dca26109101acf56cf89434c2db030106327c552c8aaad7f18589b1fc,0.0,longitudinal,1.4101581404772618,1.0,INSIDE_MAJORITY,EVALUABLE,EXPLORATORY_CONSUMED_DIAGNOSTIC_ONLY
SS,viscosity_laplacian_acceleration,25,HMSO01R_A|PRIMARY|F1|3844816a275020bfa174550105913eff0bb0a0b952d577b0e78ce0b6d881587b,F1,FOLD_0,HMSO01R_A|FIELD_LINEAGE|55cdcba2ab757796978976644840d2bce6b96e998f32047a71aff1f289ed6480,0.0,longitudinal,0.4657214946642495,1.0,INSIDE_MAJORITY,EVALUABLE,EXPLORATORY_CONSUMED_DIAGNOSTIC_ONLY
SS,viscosity_laplacian_acceleration,26,HMSO01R_A|PRIMARY|F1|73de76417820ead0c529b6f49ef57cb57cd9e90562de185ceaee69461322faf0,F1,FOLD_4,HMSO01R_A|FIELD_LINEAGE|367777ab46eb41f1d6390744a91dc4aea35bac8f23f02a2f5c6dee473916edbd,0.0,transverse,0.00043768223991237984,1.0,INSIDE_MAJORITY,EVALUABLE,EXPLORATORY_CONSUMED_DIAGNOSTIC_ONLY
SS,viscosity_laplacian_acceleration,27,HMSO01R_A|PRIMARY|F1|3bcd9b0dfe43f7d54283d3409374d08e380284b0e39647cc9be2378c77c2427d,F1,FOLD_3,HMSO01R_A|FIELD_LINEAGE|e853753ed3befc6151b8f2c4e9e3797938a7689193c2157695f0b61b8e60abc8,0.0,none,0.0,1.0,INSIDE_MAJORITY,EVALUABLE,EXPLORATORY_CONSUMED_DIAGNOSTIC_ONLY
SS,viscosity_laplacian_acceleration,28,HMSO01R_A|PRIMARY|F1|447fd86c5d23a208d7175d372dc45ee38c1541cf5afadcbce00d200820555993,F1,FOLD_2,HMSO01R_A|FIELD_LINEAGE|e0695af14e7ff6ed68d0eaa0320bde868bdf2eddcd09aade2748baa3ab9013d9,0.0,longitudinal,0.7186509614981716,1.0,INSIDE_MAJORITY,EVALUABLE,EXPLORATORY_CONSUMED_DIAGNOSTIC_ONLY
SS,viscosity_laplacian_acceleration,29,HMSO01R_A|PRIMARY|F1|f56a8ce65aa7323f55e848e9be2c73492ff5fdd223be7259dae69d66167179f2,F1,FOLD_3,HMSO01R_A|FIELD_LINEAGE|21b79bdb11d90c0a9b01efce71ed9eec0d7fba61736210c4c1ab358a9c4e965a,0.0,transverse,1.3789950975334695,1.0,INSIDE_MAJORITY,EVALUABLE,EXPLORATORY_CONSUMED_DIAGNOSTIC_ONLY
SS,viscosity_laplacian_acceleration,30,HMSO01R_A|PRIMARY|F1|9279a6540d8c7f0f3e5f902f5a6ef18c812dc118780d25f7ec124f972117401a,F1,FOLD_4,HMSO01R_A|FIELD_LINEAGE|66e31e43c39c0807b2398e5067c9aaab318a50b596f04344988d8e71103f4693,0.0,longitudinal,0.28600354302496417,1.0,INSIDE_MAJORITY,EVALUABLE,EXPLORATORY_CONSUMED_DIAGNOSTIC_ONLY
SS,viscosity_laplacian_acceleration,31,HMSO01R_A|PRIMARY|F1|fdf474ceb763705abb9a27ea1a0d3b260b2d5b47f6e2ba1f33b440f83b6b102b,F1,FOLD_1,HMSO01R_A|FIELD_LINEAGE|bb92dd92e9632ccd3901d1e2e79aab63ab0910a576b08c41f27a140edcf99b56,0.0,none,0.0,1.0,INSIDE_MAJORITY,EVALUABLE,EXPLORATORY_CONSUMED_DIAGNOSTIC_ONLY
SS,viscosity_laplacian_acceleration,32,HMSO01R_A|PRIMARY|F1|e1ae65ba18ef9931ed2d0023caee85b32b14ad85c74ba1f7f8404b6849be16dc,F1,FOLD_2,HMSO01R_A|FIELD_LINEAGE|10ec2dec79c0538398e95e49cd33ade9183e905d4ea4b212dcd4e7ec34fc5546,0.0,transverse,12.337360241965545,1.0,INSIDE_MAJORITY,EVALUABLE,EXPLORATORY_CONSUMED_DIAGNOSTIC_ONLY
SS,viscosity_laplacian_acceleration,33,HMSO01R_A|PRIMARY|F1|cb9af2018d48c5188ab3eaf8f2d698636e814edd8acffd20fb4138cbf810c936,F1,FOLD_3,HMSO01R_A|FIELD_LINEAGE|7be8c21ecd7eaebf293b54b94f1920e19f00da5d0e416aaa8f7c69137970c399,0.0,transverse,1.5709095315171027,1.0,INSIDE_MAJORITY,EVALUABLE,EXPLORATORY_CONSUMED_DIAGNOSTIC_ONLY
SS,viscosity_laplacian_acceleration,34,HMSO01R_A|PRIMARY|F1|b665cfe4fd9eb20f1bd6aea233f0af27494b5960d9e7846b88a2432175f4c297,F1,FOLD_5,HMSO01R_A|FIELD_LINEAGE|4729596698ed7c65dd5f082aea4dac27cd26c6550de18eb2382e9ca6f186b90b,0.0,transverse,0.021619630612305603,1.0,INSIDE_MAJORITY,EVALUABLE,EXPLORATORY_CONSUMED_DIAGNOSTIC_ONLY
SS,viscosity_laplacian_acceleration,35,HMSO01R_A|PRIMARY|F1|a00695e617424fdaa8a3c9b60f31bdf7e639989766a74eea722e71e39bb641eb,F1,FOLD_0,HMSO01R_A|FIELD_LINEAGE|0f49beb059c8327e240fa524ede4b5d0ddc16e0eb915fce826282146040c0e20,0.0,longitudinal,0.14891755125622952,1.0,INSIDE_MAJORITY,EVALUABLE,EXPLORATORY_CONSUMED_DIAGNOSTIC_ONLY
SS,viscosity_laplacian_acceleration,36,HMSO01R_A|PRIMARY|F1|f75a46d3b9dd394415ff0dc35d08d05d473db87f55027b5878a646a9f33d45e7,F1,FOLD_2,HMSO01R_A|FIELD_LINEAGE|6d4353b03da9874056ea6f087e4493dcb629a7b8bd4a1eabce0a6b1b20255b6c,0.0,longitudinal,0.49338004633472954,0.5703125,INSIDE_MAJORITY,EVALUABLE,EXPLORATORY_CONSUMED_DIAGNOSTIC_ONLY
SS,viscosity_laplacian_acceleration,37,HMSO01R_A|PRIMARY|F1|29c6da305b8e2ef282724df580222dbd8a5b24509d1719ce985692e5358bdf7c,F1,FOLD_1,HMSO01R_A|FIELD_LINEAGE|73f5ee97e40c47c1aa5579bcf72cf190dfaf3aad2886cc887f3295530388016c,0.0,none,0.0,1.0,INSIDE_MAJORITY,EVALUABLE,EXPLORATORY_CONSUMED_DIAGNOSTIC_ONLY
SS,viscosity_laplacian_acceleration,38,HMSO01R_A|PRIMARY|F1|b261db49db049bd96fd81007473d9551c3c909e1c55ebeb506d71c25c755e401,F1,FOLD_4,HMSO01R_A|FIELD_LINEAGE|0280053dfd6ee65fbd80522b2b04964154d57f31de1cc5d0449972791fa285ea,0.0,none,0.0017825424071844067,1.0,INSIDE_MAJORITY,EVALUABLE,EXPLORATORY_CONSUMED_DIAGNOSTIC_ONLY
SS,viscosity_laplacian_acceleration,39,HMSO01R_A|PRIMARY|F1|b6e3294db87485d8748d624e75ac01416370a0ec2f4eaef0ebe70b5027802dc8,F1,FOLD_5,HMSO01R_A|FIELD_LINEAGE|f9a3d40825ca658eebc26e88239c04a3590f72ad95b03a86bc289649036f4117,0.0,none,0.0,1.0,INSIDE_MAJORITY,EVALUABLE,EXPLORATORY_CONSUMED_DIAGNOSTIC_ONLY
SS,viscosity_laplacian_acceleration,40,HMSO01R_A|PRIMARY|F1|a6994b29962f54879b3c8ebb37161ae29167e6424e5baa7e45c67bb686208095,F1,FOLD_1,HMSO01R_A|FIELD_LINEAGE|f952117e9c8f8a564901d0507e978f58c3289c63c557fb7f3123a84dd049ba29,0.0,longitudinal,1.0361082017391827,1.0,INSIDE_MAJORITY,EVALUABLE,EXPLORATORY_CONSUMED_DIAGNOSTIC_ONLY
SS,viscosity_laplacian_acceleration,41,HMSO01R_A|PRIMARY|F1|b0f0aff1339a42e131cd5f80e40a8c6d4e3f10bf3942e71d6d8ec4c6b0c55a8b,F1,FOLD_1,HMSO01R_A|FIELD_LINEAGE|6aba5ce17b9c02240405669069c0b485de9d3ce1714e3e85b0411d61ec7beb5e,0.0,transverse,4.5725944124718563e-05,1.0,INSIDE_MAJORITY,EVALUABLE,EXPLORATORY_CONSUMED_DIAGNOSTIC_ONLY
SS,viscosity_laplacian_acceleration,42,HMSO01R_A|PRIMARY|F1|afc7d8cb8f2b532d62b4263307a637bf93a00196af97da060c00f3057dad14e2,F1,FOLD_3,HMSO01R_A|FIELD_LINEAGE|61d4f5ea89fdb94c7fd8a7150c89f5910fdf9e6c5a71383e850b5a750c8fcf55,0.0,longitudinal,1.520104280068636,0.3828125,OUTSIDE_MAJORITY,EVALUABLE,EXPLORATORY_CONSUMED_DIAGNOSTIC_ONLY
SS,viscosity_laplacian_acceleration,43,HMSO01R_A|PRIMARY|F1|c7c8ab19a81bcd5badacba6a1854992bcea36fee7de3fce2db8d30fe9197fa68,F1,FOLD_4,HMSO01R_A|FIELD_LINEAGE|f9acbd6c60cf4de95eb27dc7c24fd369893e07d5c162236bcdc4cc91f1e5368b,0.0,longitudinal,0.9194369892034091,1.0,INSIDE_MAJORITY,EVALUABLE,EXPLORATORY_CONSUMED_DIAGNOSTIC_ONLY
SS,viscosity_laplacian_acceleration,44,HMSO01R_A|PRIMARY|F1|af7518d9cb8d018b6a6413ca8fca3bd8f76c60ce4bcf6fc40baab5bb8dae00e2,F1,FOLD_3,HMSO01R_A|FIELD_LINEAGE|f8fd31406421545fa9cf8bb98c251eb120eed5378ed4276493239005b13fd6f8,0.0,transverse,0.015615443163437487,1.0,INSIDE_MAJORITY,EVALUABLE,EXPLORATORY_CONSUMED_DIAGNOSTIC_ONLY
SS,viscosity_laplacian_acceleration,45,HMSO01R_A|PRIMARY|F1|cf9891d5f2c4095828d2e4d928157956cdda518ffd5838b924980f9ca27d663c,F1,FOLD_1,HMSO01R_A|FIELD_LINEAGE|ad302a05132d9f111349ae57a7badd9ffd336cce6f517d6dda76a6f130659828,0.0,none,0.0,1.0,INSIDE_MAJORITY,EVALUABLE,EXPLORATORY_CONSUMED_DIAGNOSTIC_ONLY
SS,viscosity_laplacian_acceleration,46,HMSO01R_A|PRIMARY|F1|026c2a27bf5597ed2feda6a4b4383b523d2b65bf87f0549bf53a436bd2600b80,F1,FOLD_2,HMSO01R_A|FIELD_LINEAGE|5932ef4f3ff2f79b2fa4005d45fb593b78f4308c6edd18917a8552256cdfcf19,0.0,none,0.0,1.0,INSIDE_MAJORITY,EVALUABLE,EXPLORATORY_CONSUMED_DIAGNOSTIC_ONLY
SS,viscosity_laplacian_acceleration,47,HMSO01R_A|PRIMARY|F1|01b0d9020535497e4a91a57f6dfccdf37675e8230c14ab2243b3fd456c0da1fb,F1,FOLD_1,HMSO01R_A|FIELD_LINEAGE|f11020ed75e98ae018c3d951c68d3fba4bfe91afdf9eb4b7d62d0c0967429304,0.0,none,0.0,1.0,INSIDE_MAJORITY,EVALUABLE,EXPLORATORY_CONSUMED_DIAGNOSTIC_ONLY
SS,viscosity_laplacian_acceleration,48,HMSO01R_A|PRIMARY|F1|acf4c60a4130b06fae19899271e9088eeceb09c4f21ff41df4be254bc212bc47,F1,FOLD_0,HMSO01R_A|FIELD_LINEAGE|8319212c9598ce2f7cd195e20de66435ffdb6ab6aeedf4d663d53cb3966ebc0a,0.0,longitudinal,2.4594703718435285,1.0,INSIDE_MAJORITY,EVALUABLE,EXPLORATORY_CONSUMED_DIAGNOSTIC_ONLY
SS,viscosity_laplacian_acceleration,49,HMSO01R_A|PRIMARY|F1|96d74acafef3b727542e7a3db52fce3d2980de16630e6c2889f40786a5d470b3,F1,FOLD_5,HMSO01R_A|FIELD_LINEAGE|6d1fc2b84d6da564ae936d907e04365ad5b63a9377b77c1faa05d68a9fe06d3c,0.0,none,0.0,1.0,INSIDE_MAJORITY,EVALUABLE,EXPLORATORY_CONSUMED_DIAGNOSTIC_ONLY
SS,viscosity_laplacian_acceleration,50,HMSO01R_A|PRIMARY|F1|2a6cb0fd5768542273f3d3adfc5cb4aed3516dc9e6976bcbd65f2001126b245e,F1,FOLD_0,HMSO01R_A|FIELD_LINEAGE|101e8ab2bfdfa561a79b7bef11d98c5487b65f400bdd7d35b17d61b9746e280e,0.0,longitudinal,0.9729275379445008,1.0,INSIDE_MAJORITY,EVALUABLE,EXPLORATORY_CONSUMED_DIAGNOSTIC_ONLY
SS,viscosity_laplacian_acceleration,51,HMSO01R_A|PRIMARY|F1|4a9501bd0b21a8516c742f400c393e6144280259851d7f30e2c997e43f411eb7,F1,FOLD_5,HMSO01R_A|FIELD_LINEAGE|41ec221cb0eeb1bbfd7efc4d5d4cd642cd62a71a09fd5ce2fc9fff0cbe48931c,0.0,transverse,1.2784270072653384e-05,1.0,INSIDE_MAJORITY,EVALUABLE,EXPLORATORY_CONSUMED_DIAGNOSTIC_ONLY
SS,viscosity_laplacian_acceleration,52,HMSO01R_A|PRIMARY|F1|c5b0cc6bf0c8dd57bd7f0b8c68dad820a13926b3e97b8ee202b7423bbb7ac616,F1,FOLD_2,HMSO01R_A|FIELD_LINEAGE|d9b0e4ca0c6e9f306f81bad07b5f31753c1237e04a6a51d708212ab05edea52f,0.0,longitudinal,0.46427864520340023,1.0,INSIDE_MAJORITY,EVALUABLE,EXPLORATORY_CONSUMED_DIAGNOSTIC_ONLY
SS,viscosity_laplacian_acceleration,53,HMSO01R_A|PRIMARY|F1|214b8b29d7ce4f3d813b54fcc8f24214fb3f6b4b46ccf76b4ac7b9e36cabe84c,F1,FOLD_4,HMSO01R_A|FIELD_LINEAGE|04cc9f11103eaca809c304d2c5e7176a0ac510070bc43c67da76cab1f9c23ed7,0.0,transverse,1.052922013554156,1.0,INSIDE_MAJORITY,EVALUABLE,EXPLORATORY_CONSUMED_DIAGNOSTIC_ONLY
SS,viscosity_laplacian_acceleration,54,HMSO01R_A|PRIMARY|F1|035ddc8a0ba11d458af8f28be25b2b3108f13e52159ef7f4a7559d8590828570,F1,FOLD_3,HMSO01R_A|FIELD_LINEAGE|39a5eaeb1afddf9af00bec82f67fdf5414fc1d1e11076c2f86704fda2809ab87,0.0,transverse,2.5393960593137672e-05,1.0,INSIDE_MAJORITY,EVALUABLE,EXPLORATORY_CONSUMED_DIAGNOSTIC_ONLY
SS,viscosity_laplacian_acceleration,55,HMSO01R_A|PRIMARY|F1|63b55d105a1f081e8b7d8bebf35069c236c2daea18d7054cd0d430ed3a2842c0,F1,FOLD_5,HMSO01R_A|FIELD_LINEAGE|fa1ab395df96eb71b1cd3e5c31c1a1fe587398989c58265b21dd97a062b35ef9,0.0,longitudinal,0.19518112148018235,1.0,INSIDE_MAJORITY,EVALUABLE,EXPLORATORY_CONSUMED_DIAGNOSTIC_ONLY
SS,viscosity_laplacian_acceleration,56,HMSO01R_A|PRIMARY|F1|74a12153712609103a3fed3a31e86ae95fca60502b239f6ee31ee9f8a4a37ebf,F1,FOLD_4,HMSO01R_A|FIELD_LINEAGE|7fcdfe3b32b571e4d4b1a4e7c1702d5dffaf41926d62628c6a434d692409d901,0.0,transverse,0.0006054878102991995,1.0,INSIDE_MAJORITY,EVALUABLE,EXPLORATORY_CONSUMED_DIAGNOSTIC_ONLY
SS,viscosity_laplacian_acceleration,57,HMSO01R_A|PRIMARY|F1|e98e42893b00bae6b3c383328c4579b8fc15ac15d56505fb09208a96018bc491,F1,FOLD_4,HMSO01R_A|FIELD_LINEAGE|cd1482e6386aeab5f67532ea00a4d133dd0798283239fa2bc60b1a36d8fd8390,0.0,none,0.0,1.0,INSIDE_MAJORITY,EVALUABLE,EXPLORATORY_CONSUMED_DIAGNOSTIC_ONLY
SS,viscosity_laplacian_acceleration,58,HMSO01R_A|PRIMARY|F1|7e82e7b632c2905675dfb9908bb28635a50c9d0afdc23c413d8a3bb153a65c1d,F1,FOLD_5,HMSO01R_A|FIELD_LINEAGE|ff441cbe04ac4f8f63fd24360c00fa41becbfbb5a6acdf59e4dfd55c77c15642,0.0,none,2.9590233139929965e-05,1.0,INSIDE_MAJORITY,EVALUABLE,EXPLORATORY_CONSUMED_DIAGNOSTIC_ONLY
SS,viscosity_laplacian_acceleration,59,HMSO01R_A|PRIMARY|F1|3acaa171d742cbcbf15c7ac08ab281a976d2802302cecc69e603936bf8653389,F1,FOLD_0,HMSO01R_A|FIELD_LINEAGE|eee5df81575181b025958cda057ac7cb0483be4404d018db7bb2c06a63c25462,0.0,longitudinal,0.42844941986705143,0.625,INSIDE_MAJORITY,EVALUABLE,EXPLORATORY_CONSUMED_DIAGNOSTIC_ONLY
SS,viscosity_laplacian_acceleration,60,HMSO01R_A|PRIMARY|F1|1a54ee621f7d1bb29510cf77a1720376b2c019b9d90a93945658549ac2fa9403,F1,FOLD_2,HMSO01R_A|FIELD_LINEAGE|1e499d17b9c103b93706f70e5fa2f7497086b8d1dab61b6d4e57ae6874e328ff,0.0,none,0.0,1.0,INSIDE_MAJORITY,EVALUABLE,EXPLORATORY_CONSUMED_DIAGNOSTIC_ONLY
SS,viscosity_laplacian_acceleration,61,HMSO01R_A|PRIMARY|F1|9b0121f166d7fe06976fbebe9a191c783f584d4642eab46fd48553c06dfce45d,F1,FOLD_2,HMSO01R_A|FIELD_LINEAGE|70dd50135b0ce37b393c6eae858eae2988f95a40a860753345e473ce01dd9d91,0.0,none,0.0,1.0,INSIDE_MAJORITY,EVALUABLE,EXPLORATORY_CONSUMED_DIAGNOSTIC_ONLY
SS,viscosity_laplacian_acceleration,62,HMSO01R_A|PRIMARY|F1|761edfc74274280b5be4fe59a9801d7c1223c2f57bae75ad70a713f6e24ee2a6,F1,FOLD_5,HMSO01R_A|FIELD_LINEAGE|17af857dc7e075f66db0acfe5114e05e0f490cc5340cc9cfe073ae813844b776,0.0,longitudinal,0.6304158106766374,1.0,INSIDE_MAJORITY,EVALUABLE,EXPLORATORY_CONSUMED_DIAGNOSTIC_ONLY
SS,viscosity_laplacian_acceleration,63,HMSO01R_A|PRIMARY|F1|1c3ba79b0f8b42b3ace0cd03d07aee91477b1c601678938adaed5d4dda46b415,F1,FOLD_5,HMSO01R_A|FIELD_LINEAGE|724fd3a44cb8ec4985e45f721837e7f4eeea1666b35a166345e025918455e304,0.0,none,0.0,1.0,INSIDE_MAJORITY,EVALUABLE,EXPLORATORY_CONSUMED_DIAGNOSTIC_ONLY
SS,viscosity_laplacian_acceleration,64,HMSO01R_A|PRIMARY|F1|19d2b988118623ed7e4c9f75c4b118503c0805f566ad8ddf0f5a97a99c7cf58a,F1,FOLD_5,HMSO01R_A|FIELD_LINEAGE|092a3e161c8ce70f083c10130918ff7fb36de994b41e81b7dfb0e04366314a2c,0.0,longitudinal,0.22476762048849297,1.0,INSIDE_MAJORITY,EVALUABLE,EXPLORATORY_CONSUMED_DIAGNOSTIC_ONLY
SS,viscosity_laplacian_acceleration,65,HMSO01R_A|PRIMARY|F1|a14993c5cb44b5479ec4a687919c3a203a6ac7c2d40f7a947b2b8bbddfc502e4,F1,FOLD_5,HMSO01R_A|FIELD_LINEAGE|72bbc35959df916eca72e8fb7e723c361c09592753187c3754f344aae218c230,0.0,none,0.0,1.0,INSIDE_MAJORITY,EVALUABLE,EXPLORATORY_CONSUMED_DIAGNOSTIC_ONLY
SS,viscosity_laplacian_acceleration,66,HMSO01R_A|PRIMARY|F1|0060fe96e8996a93ec588dad8d1598866677e2ab75f92384cd8022d88ffbb86c,F1,FOLD_4,HMSO01R_A|FIELD_LINEAGE|065caad01d0036cc45e094366cffda53edef5d184f8c28ff280e81478dd5499f,0.0,longitudinal,0.25327583520832614,0.875,INSIDE_MAJORITY,EVALUABLE,EXPLORATORY_CONSUMED_DIAGNOSTIC_ONLY
SS,viscosity_laplacian_acceleration,67,HMSO01R_A|PRIMARY|F1|a0f716a2924ed7983147b5345834d26d6ed9e125e8e6d3a013b4d6426dc1c09a,F1,FOLD_5,HMSO01R_A|FIELD_LINEAGE|bd0a319ae5e310c35bfeaafdbd8220147f595c77c4d665773530796c1f3b9b59,0.0,transverse,0.0891841745940522,1.0,INSIDE_MAJORITY,EVALUABLE,EXPLORATORY_CONSUMED_DIAGNOSTIC_ONLY
SS,viscosity_laplacian_acceleration,68,HMSO01R_A|PRIMARY|F1|db32dab50d014d5b7d6290ae6c5a611058396e215092f82d17eb88333b05793e,F1,FOLD_3,HMSO01R_A|FIELD_LINEAGE|b49a6f081c09f4e4bff79a7f0fc0a282131ed3252c520eb6637fbf7ad615c6bd,0.0,transverse,0.1031704297174484,1.0,INSIDE_MAJORITY,EVALUABLE,EXPLORATORY_CONSUMED_DIAGNOSTIC_ONLY
SS,viscosity_laplacian_acceleration,69,HMSO01R_A|PRIMARY|F1|1aa6c3e6deee011c9544133bf78d7b19f7cad12fc2a4828e57202274987a750c,F1,FOLD_5,HMSO01R_A|FIELD_LINEAGE|49aae8e0ac8e4584d3624cd5459480c917c8157571a4f7ac9660003550146055,0.0,longitudinal,0.4736538409615595,1.0,INSIDE_MAJORITY,EVALUABLE,EXPLORATORY_CONSUMED_DIAGNOSTIC_ONLY
SS,viscosity_laplacian_acceleration,70,HMSO01R_A|PRIMARY|F1|7df69f6c86b7eff42e7c73af5fc7d5af02a2b7a11651af2ed2c84c22f75b0d75,F1,FOLD_0,HMSO01R_A|FIELD_LINEAGE|0f49beb059c8327e240fa524ede4b5d0ddc16e0eb915fce826282146040c0e20,0.0,longitudinal,2.404974919293714,1.0,INSIDE_MAJORITY,EVALUABLE,EXPLORATORY_CONSUMED_DIAGNOSTIC_ONLY
SS,viscosity_laplacian_acceleration,71,HMSO01R_A|PRIMARY|F1|f50221dbd1affdd2a99fc0269437c21009164da4bfdebc3af7c6eef19b74bce8,F1,FOLD_1,HMSO01R_A|FIELD_LINEAGE|c7498c8903eedb4eb72abeb74a8624f4f311768cc705b42f488a9e810b4c3aec,0.0,transverse,0.00027678016714729456,1.0,INSIDE_MAJORITY,EVALUABLE,EXPLORATORY_CONSUMED_DIAGNOSTIC_ONLY
SS,viscosity_laplacian_acceleration,72,HMSO01R_A|PRIMARY|F1|bc61c9ff5fc4d66944ef51b8d5c8887be4970fac89df5995a89c67e9e00c487c,F1,FOLD_4,HMSO01R_A|FIELD_LINEAGE|e5fd0d86ce4eda7b6deef112c4230d6cc2c904c7a1cbb32b883405f7907c5018,0.0,none,1.8832105108534475e-09,1.0,INSIDE_MAJORITY,EVALUABLE,EXPLORATORY_CONSUMED_DIAGNOSTIC_ONLY
SS,viscosity_laplacian_acceleration,73,HMSO01R_A|PRIMARY|F1|9b0c56f3112e6518b308e096b830a618cdd301074fb48e496f551a4183b7a002,F1,FOLD_2,HMSO01R_A|FIELD_LINEAGE|05638fa6abec8d1f9d2070785cb5b62bc36d80415fcae04a6c6b1419139c3003,0.0,none,0.0,1.0,INSIDE_MAJORITY,EVALUABLE,EXPLORATORY_CONSUMED_DIAGNOSTIC_ONLY
SS,viscosity_laplacian_acceleration,74,HMSO01R_A|PRIMARY|F1|a6b03df9badbccaafd77fa2d99f151928adcfe61dbcc87b60332a8518468a707,F1,FOLD_0,HMSO01R_A|FIELD_LINEAGE|e6f79f1197cd7f6ad00ce2f5ddcac136ad9a2faa5584e9f390794bfb6ee07ac6,0.0,transverse,0.011845548250093402,1.0,INSIDE_MAJORITY,EVALUABLE,EXPLORATORY_CONSUMED_DIAGNOSTIC_ONLY
SS,viscosity_laplacian_acceleration,75,HMSO01R_A|PRIMARY|F1|a6cab7e0592176d869b619f0ba537484f9c18170b47ba82de6cce39092c19e80,F1,FOLD_1,HMSO01R_A|FIELD_LINEAGE|97fbdfbd64658c72d9a31f61eea2acf4543cf9ba5532a2ed052d1358412ef553,0.0,none,0.008487667565272715,1.0,INSIDE_MAJORITY,EVALUABLE,EXPLORATORY_CONSUMED_DIAGNOSTIC_ONLY
SS,viscosity_laplacian_acceleration,76,HMSO01R_A|PRIMARY|F1|6e6752cb4ce90e6f165c77805339b425572aba3cb875503942fd876c35a74b1c,F1,FOLD_0,HMSO01R_A|FIELD_LINEAGE|ca0f07a3c0d5df7705d15288eb48ecdf2c50af57aa3e1ab370127581f048c929,0.0,transverse,0.0004773289147049663,1.0,INSIDE_MAJORITY,EVALUABLE,EXPLORATORY_CONSUMED_DIAGNOSTIC_ONLY
SS,viscosity_laplacian_acceleration,77,HMSO01R_A|PRIMARY|F1|1814098db0c57fb57e82c60d62ef307c29f52d3af56f832b1893973e8e7f78fa,F1,FOLD_4,HMSO01R_A|FIELD_LINEAGE|a594f1a43c118c7761d223f6f34e42847c31c67fc6b06838b968dcc65b6c3356,0.0,transverse,0.01300718869309403,1.0,INSIDE_MAJORITY,EVALUABLE,EXPLORATORY_CONSUMED_DIAGNOSTIC_ONLY
SS,viscosity_laplacian_acceleration,78,HMSO01R_A|PRIMARY|F1|936b626e0f4176f23d80581a89d19b16c892c9e907469630a0ab4a4a186275a9,F1,FOLD_0,HMSO01R_A|FIELD_LINEAGE|59aef3f6a7aa33f774612e58955e925638af1b151b9e6b2d7127236b21c1a5a6,0.0,none,0.0,1.0,INSIDE_MAJORITY,EVALUABLE,EXPLORATORY_CONSUMED_DIAGNOSTIC_ONLY
SS,viscosity_laplacian_acceleration,79,HMSO01R_A|PRIMARY|F1|ffee10e6bc66c4c8b9fd9915c0f61a5f20526da0fd2aa5d32bde8193180800b3,F1,FOLD_1,HMSO01R_A|FIELD_LINEAGE|788bb18808dd1be8d0fa3d7caafb9ed17441fce457a419d2bbaf861831d83a81,0.0,transverse,0.06437615646408235,1.0,INSIDE_MAJORITY,EVALUABLE,EXPLORATORY_CONSUMED_DIAGNOSTIC_ONLY
SS,viscosity_laplacian_acceleration,80,HMSO01R_A|PRIMARY|F1|1628e62e310d75900b67405f8fad9928eba66f7ce48430cf6fe2d28e0156c0f1,F1,FOLD_4,HMSO01R_A|FIELD_LINEAGE|c7100ae9429166735b2d4f6243a22cf5abc14cffba49fce96d94ed19a12387d6,0.0,none,0.0,1.0,INSIDE_MAJORITY,EVALUABLE,EXPLORATORY_CONSUMED_DIAGNOSTIC_ONLY
SS,viscosity_laplacian_acceleration,81,HMSO01R_A|PRIMARY|F1|0ed630a80e31bb1543196773fc1c45dcc64f47c954d8262e2dbb2a42930c1e88,F1,FOLD_4,HMSO01R_A|FIELD_LINEAGE|3e17b326e03465aac98a6b656cd3125c19ada3cc77d6223ebd6e30804155ff56,0.0,transverse,2.0557944876883395e-28,1.0,INSIDE_MAJORITY,EVALUABLE,EXPLORATORY_CONSUMED_DIAGNOSTIC_ONLY
SS,viscosity_laplacian_acceleration,82,HMSO01R_A|PRIMARY|F1|4ac07b1a900151f104f19f07c396d96c4ef4358c793444482dfc72a8b0c35c1b,F1,FOLD_2,HMSO01R_A|FIELD_LINEAGE|f01618f1ef2fe7c85085b02f71644f843db176708a8abb6e4e05116a594e9ae3,0.0,transverse,4.962321964063466e-05,1.0,INSIDE_MAJORITY,EVALUABLE,EXPLORATORY_CONSUMED_DIAGNOSTIC_ONLY
SS,viscosity_laplacian_acceleration,83,HMSO01R_A|PRIMARY|F1|02ced0debb26e82ccc515e722e216e65ac33912437baf915d1006437bdc105bc,F1,FOLD_3,HMSO01R_A|FIELD_LINEAGE|0d9a0fc9b5f4f20cb32cc24ac6db7a1e45276ec79661381e7e476b453759d6b0,0.0,longitudinal,2.0841975952875793,0.5078125,INSIDE_MAJORITY,EVALUABLE,EXPLORATORY_CONSUMED_DIAGNOSTIC_ONLY
SS,viscosity_laplacian_acceleration,84,HMSO01R_A|PRIMARY|F1|498868e3493b829e691cfa53d16099c09ae3cb5d3b16812102a5ba5a69cbcaf6,F1,FOLD_3,HMSO01R_A|FIELD_LINEAGE|61d4f5ea89fdb94c7fd8a7150c89f5910fdf9e6c5a71383e850b5a750c8fcf55,0.0,longitudinal,0.893152074445918,0.9375,INSIDE_MAJORITY,EVALUABLE,EXPLORATORY_CONSUMED_DIAGNOSTIC_ONLY
SS,viscosity_laplacian_acceleration,85,HMSO01R_A|PRIMARY|F1|bbc93f10c6777f99da1ac3f7ec2110235588b8a19af9f68689049ae7d9dea0a9,F1,FOLD_2,HMSO01R_A|FIELD_LINEAGE|8fbd2d8c6238dbc0e3f8ebbea9ee429eb1cbd0b7ebf5580cffb8e79372f4cf04,0.0,none,0.0,1.0,INSIDE_MAJORITY,EVALUABLE,EXPLORATORY_CONSUMED_DIAGNOSTIC_ONLY
SS,viscosity_laplacian_acceleration,86,HMSO01R_A|PRIMARY|F1|cc7d34b4c1b5db9db00200a23658dab384a02cfa9c58517792dace4721b21afb,F1,FOLD_4,HMSO01R_A|FIELD_LINEAGE|02a8e9bf168ff7b6159072e41013ee435870f1006dfd3aa95840b1c132f5aafb,0.0,none,0.0,1.0,INSIDE_MAJORITY,EVALUABLE,EXPLORATORY_CONSUMED_DIAGNOSTIC_ONLY
SS,viscosity_laplacian_acceleration,87,HMSO01R_A|PRIMARY|F1|05f1d1c9a9b3aa507312fd97f2e65f5e02bf2ebec700d57a2dc57507dfde8612,F1,FOLD_0,HMSO01R_A|FIELD_LINEAGE|95873981d02cb2a4e333122aa57c7927c33fccc49c0b93590a6b549f6bec57f1,0.0,none,0.0,1.0,INSIDE_MAJORITY,EVALUABLE,EXPLORATORY_CONSUMED_DIAGNOSTIC_ONLY
SS,viscosity_laplacian_acceleration,88,HMSO01R_A|PRIMARY|F1|c6267cee86f5825f3095ad26040411798dfef7a71ce8e9f6c3d51ded55f9bcdb,F1,FOLD_5,HMSO01R_A|FIELD_LINEAGE|475ead0c3c732d8046f08c0918482fe4219c4fa643d2e948ba96c0bc2f6d887d,0.0,none,0.0,1.0,INSIDE_MAJORITY,EVALUABLE,EXPLORATORY_CONSUMED_DIAGNOSTIC_ONLY
SS,viscosity_laplacian_acceleration,89,HMSO01R_A|PRIMARY|F1|cea2672e7a4028211523d6e85816f1c8244b9012de5d68bd1b63b1be848e64c5,F1,FOLD_0,HMSO01R_A|FIELD_LINEAGE|6260b45ec31956360cb50305f8ad9fa70be57f53fb24bc0523fc70aeb48f57ae,0.0,longitudinal,0.3469669685299409,1.0,INSIDE_MAJORITY,EVALUABLE,EXPLORATORY_CONSUMED_DIAGNOSTIC_ONLY
SS,viscosity_laplacian_acceleration,90,HMSO01R_A|PRIMARY|F1|0fe531b05a1f891a540b4fe00c26c9db1242f708e1b74604fcb14bb87dbb9a5f,F1,FOLD_1,HMSO01R_A|FIELD_LINEAGE|8788043b5775de130eade6a54c5654805d8ed31cc68fcfa8928c3b7150abef48,0.0,transverse,0.061784648802444116,1.0,INSIDE_MAJORITY,EVALUABLE,EXPLORATORY_CONSUMED_DIAGNOSTIC_ONLY
SS,viscosity_laplacian_acceleration,91,HMSO01R_A|PRIMARY|F1|0535144bbfa08b7d0b40f6b095ad58cc5b7364203192a1621e9b3684ace2b076,F1,FOLD_4,HMSO01R_A|FIELD_LINEAGE|e39068083f41a31c97e7737f6138e1986484dea8bfe32d65a52cd58aaa1ec7e8,0.0,transverse,2.9036505726118615e-08,1.0,INSIDE_MAJORITY,EVALUABLE,EXPLORATORY_CONSUMED_DIAGNOSTIC_ONLY
SS,viscosity_laplacian_acceleration,92,HMSO01R_A|PRIMARY|F1|fbe40df16a8e1d6477e28f02fd31d0afffef7d5d611b8d2f2ea5d89f4b52046f,F1,FOLD_2,HMSO01R_A|FIELD_LINEAGE|29dc93f9e64f8875b47eb06f84606bc0c4a0e9315877441085164bd7870ebc8e,0.0,longitudinal,0.729417875715226,0.90625,INSIDE_MAJORITY,EVALUABLE,EXPLORATORY_CONSUMED_DIAGNOSTIC_ONLY
SS,viscosity_laplacian_acceleration,93,HMSO01R_A|PRIMARY|F1|5560e3365d3607136c18f15a5b4bdeb0fa1ad093bb1bf0a9c64749d626712ac8,F1,FOLD_0,HMSO01R_A|FIELD_LINEAGE|7fd6bba4cc2991027e04cc510555a1b3e651423143c79ecd367c197fbfdf8786,0.0,transverse,0.9212392378249402,1.0,INSIDE_MAJORITY,EVALUABLE,EXPLORATORY_CONSUMED_DIAGNOSTIC_ONLY
SS,viscosity_laplacian_acceleration,94,HMSO01R_A|PRIMARY|F1|cb44afeeedccea248dc79f57a33134ffc06c52300efb702bef321f85ff291749,F1,FOLD_3,HMSO01R_A|FIELD_LINEAGE|21b79bdb11d90c0a9b01efce71ed9eec0d7fba61736210c4c1ab358a9c4e965a,0.0,transverse,3.514822885124663,1.0,INSIDE_MAJORITY,EVALUABLE,EXPLORATORY_CONSUMED_DIAGNOSTIC_ONLY
SS,viscosity_laplacian_acceleration,95,HMSO01R_A|PRIMARY|F1|1b1636e252838151c5329cba2980c53958595581db916378e4983f55276c520b,F1,FOLD_3,HMSO01R_A|FIELD_LINEAGE|c26b5ad7fee192c3863a9362bb1782ac10409a155024388ef9dea9120f9c3662,0.0,longitudinal,1.03496756839075,0.90625,INSIDE_MAJORITY,EVALUABLE,EXPLORATORY_CONSUMED_DIAGNOSTIC_ONLY
SS,viscosity_laplacian_acceleration,96,HMSO01R_A|PRIMARY|F2|7e7924cc19bd7edebd8e97056ff92c73108de1dde1d2b5a765b6e9c2f15039c8,F2,FOLD_4,HMSO01R_A|FIELD_LINEAGE|e269817bd0e21e72d0864769c51ef7f6839102d6f41f035fbbff5041e46bd0d4,0.0,longitudinal,1.0417516762761907,0.796875,INSIDE_MAJORITY,EVALUABLE,EXPLORATORY_CONSUMED_DIAGNOSTIC_ONLY
SS,viscosity_laplacian_acceleration,97,HMSO01R_A|PRIMARY|F2|85b92082f276f3286e4c6678f12a7255756bc248311c1650cd74d5462994ca54,F2,FOLD_2,HMSO01R_A|FIELD_LINEAGE|7f5e5896e83ee81bc858adc8fff5befe2b2c76e1183ff21435261a6621560b2c,0.0,none,0.0,1.0,INSIDE_MAJORITY,EVALUABLE,EXPLORATORY_CONSUMED_DIAGNOSTIC_ONLY
SS,viscosity_laplacian_acceleration,98,HMSO01R_A|PRIMARY|F2|2ff0e21490694c171662def5d7e7fc31fff27fc33ce0ec43388cd14f39163b4f,F2,FOLD_5,HMSO01R_A|FIELD_LINEAGE|b914e9e8b47652c007a545bd9a5f60dbdaba2b957df3f42cdec4c8edb98e6d53,0.0,none,0.0,1.0,INSIDE_MAJORITY,EVALUABLE,EXPLORATORY_CONSUMED_DIAGNOSTIC_ONLY
SS,viscosity_laplacian_acceleration,99,HMSO01R_A|PRIMARY|F2|97f71a14707261d95640d0d9f5541f1319782a7e078f04d23def94e5d6a43472,F2,FOLD_4,HMSO01R_A|FIELD_LINEAGE|5c07d2280b8a6c46f1c42b9f7878f3f5c5e2174c9419aaf05f2bb6b52ab2f5f6,0.0,none,0.0,1.0,INSIDE_MAJORITY,EVALUABLE,EXPLORATORY_CONSUMED_DIAGNOSTIC_ONLY
SS,viscosity_laplacian_acceleration,100,HMSO01R_A|PRIMARY|F2|414c8ecf48e731bd46184d3087ac18ed274e64a9422b6509a42bf763314621ad,F2,FOLD_1,HMSO01R_A|FIELD_LINEAGE|e46b2d3dad1b8a5413f52396bbef71167f252a4ba61297ea3e2b46c37456ba4c,0.0,transverse,0.016609586863106582,1.0,INSIDE_MAJORITY,EVALUABLE,EXPLORATORY_CONSUMED_DIAGNOSTIC_ONLY
SS,viscosity_laplacian_acceleration,101,HMSO01R_A|PRIMARY|F2|eb1689f62d946c439a6d3e8a126f1b368ff2d262284868572ff232553dc8f24c,F2,FOLD_5,HMSO01R_A|FIELD_LINEAGE|f9dd81299410ddb65efe58bb38fc53798a53c7f5ab1183ef52b5f93fb7daea68,0.0,transverse,0.16737636585195026,1.0,INSIDE_MAJORITY,EVALUABLE,EXPLORATORY_CONSUMED_DIAGNOSTIC_ONLY
SS,viscosity_laplacian_acceleration,102,HMSO01R_A|PRIMARY|F2|d101b9fccd0265ae823f18e17210370e5f35e1b05491fa7f75f82921c3267d4e,F2,FOLD_4,HMSO01R_A|FIELD_LINEAGE|88fd5f86ca9cc426c28ce681d06ea15f58c6c7889170fcda146bde128f6121e4,0.0,none,0.0,1.0,INSIDE_MAJORITY,EVALUABLE,EXPLORATORY_CONSUMED_DIAGNOSTIC_ONLY
SS,viscosity_laplacian_acceleration,103,HMSO01R_A|PRIMARY|F2|449e6cd6b8c06069cd6cf2860bd3963de9074cd7fcfd7566dd44991a9ae739a3,F2,FOLD_1,HMSO01R_A|FIELD_LINEAGE|381d8f63546be0384f86ba8b518abcf8c4d107fec707374fb03828151e0b75af,0.0,transverse,0.04642812587752395,1.0,INSIDE_MAJORITY,EVALUABLE,EXPLORATORY_CONSUMED_DIAGNOSTIC_ONLY
SS,viscosity_laplacian_acceleration,104,HMSO01R_A|PRIMARY|F2|23cb9d511eb7a03c195d65cf002190a3de4bdf272f9cadb5034d63d5c3f94b61,F2,FOLD_2,HMSO01R_A|FIELD_LINEAGE|34168bb92814c253cb6b05f8022442aa6cab311b67f648a00b758da530873bc9,0.0,transverse,0.6561075594530961,1.0,INSIDE_MAJORITY,EVALUABLE,EXPLORATORY_CONSUMED_DIAGNOSTIC_ONLY
SS,viscosity_laplacian_acceleration,105,HMSO01R_A|PRIMARY|F2|869df7a0fb63835ddf6566da54e0d373a6c1f59a6452f75c57746e6112d3832d,F2,FOLD_3,HMSO01R_A|FIELD_LINEAGE|5915fb95e293a089619d78d1366edf95fa145cc69452df6337d9252e862b1502,0.0,transverse,0.4931217088391973,1.0,INSIDE_MAJORITY,EVALUABLE,EXPLORATORY_CONSUMED_DIAGNOSTIC_ONLY
SS,viscosity_laplacian_acceleration,106,HMSO01R_A|PRIMARY|F2|646ee8d3e4b16c47e1fb553fefbb3b74a716ac8bd308824708d76e3321dc1cd0,F2,FOLD_1,HMSO01R_A|FIELD_LINEAGE|d65de8a657545ef8339cfa29e05ce27d63f8ec5e02ee50514a615a33f5595da9,0.0,none,0.00109626705885243,1.0,INSIDE_MAJORITY,EVALUABLE,EXPLORATORY_CONSUMED_DIAGNOSTIC_ONLY
SS,viscosity_laplacian_acceleration,107,HMSO01R_A|PRIMARY|F2|b0f94b27f5456ad80df8c062f7f56906abef8438f057295aba3da67c8bbd12e9,F2,FOLD_3,HMSO01R_A|FIELD_LINEAGE|541d56dfe6d37f091e41084f899b04aeee2814cee915608e406b47dce85c3c8b,0.0,transverse,0.762973738658584,1.0,INSIDE_MAJORITY,EVALUABLE,EXPLORATORY_CONSUMED_DIAGNOSTIC_ONLY
SS,viscosity_laplacian_acceleration,108,HMSO01R_A|PRIMARY|F2|7a7191904352183301d247a40d96db329241f40303971378388f54703e42d5eb,F2,FOLD_3,HMSO01R_A|FIELD_LINEAGE|0f0f1b8e6d3d2de7f2739e4c27aed7f4a0fa84df148b19d95d7dbbf8ec12bea3,0.0,transverse,1.6056641567891616,1.0,INSIDE_MAJORITY,EVALUABLE,EXPLORATORY_CONSUMED_DIAGNOSTIC_ONLY
SS,viscosity_laplacian_acceleration,109,HMSO01R_A|PRIMARY|F2|73fb02e9b6077123a3090fa7da944899e05b3071e33454b777da5ca899f5a712,F2,FOLD_0,HMSO01R_A|FIELD_LINEAGE|64cf1977fe8b52c7e0fc1798d4810be4243b09c0886573ce42439c1eaf431667,0.0,none,6.633901678183362e-06,1.0,INSIDE_MAJORITY,EVALUABLE,EXPLORATORY_CONSUMED_DIAGNOSTIC_ONLY
SS,viscosity_laplacian_acceleration,110,HMSO01R_A|PRIMARY|F2|14ebf9c5211ec842b94eb431a255eec626b701840acca3d9bc1c8b3bb88cbb9a,F2,FOLD_2,HMSO01R_A|FIELD_LINEAGE|81c7292472bf739bf28836ff17c69dda49199278b75cd9c66130df6be7c143fb,0.0,none,0.0,1.0,INSIDE_MAJORITY,EVALUABLE,EXPLORATORY_CONSUMED_DIAGNOSTIC_ONLY
SS,viscosity_laplacian_acceleration,111,HMSO01R_A|PRIMARY|F2|e6f200a97055e4a10ae720faf7c9a87353731bdda3dd2c5fc3a08194879ff990,F2,FOLD_5,HMSO01R_A|FIELD_LINEAGE|f7cc0cf639be6a7e99c37868bcf630bb54f34534e2c78b36b59b7ac5ebbd1919,0.0,transverse,0.5395051579300472,1.0,INSIDE_MAJORITY,EVALUABLE,EXPLORATORY_CONSUMED_DIAGNOSTIC_ONLY
SS,viscosity_laplacian_acceleration,112,HMSO01R_A|PRIMARY|F2|6a3e31bd5acc8fbcc153de54a6848625791547184a93279bd781a8ffb834c1f7,F2,FOLD_4,HMSO01R_A|FIELD_LINEAGE|7a0ba19f2cf324db5922acc61291c51f82b574717f73f269f12eae7bcc99ab35,0.0,none,0.0,1.0,INSIDE_MAJORITY,EVALUABLE,EXPLORATORY_CONSUMED_DIAGNOSTIC_ONLY
SS,viscosity_laplacian_acceleration,113,HMSO01R_A|PRIMARY|F2|60f3afc21d1f9a98ba22494006f3d71d56fc8c96f4d6037b7a222f6a9c276d6f,F2,FOLD_4,HMSO01R_A|FIELD_LINEAGE|3283083498700d830b6f9393659c16097acacaf984f6c43b70c65438a233286d,0.0,transverse,0.0027342132676593887,1.0,INSIDE_MAJORITY,EVALUABLE,EXPLORATORY_CONSUMED_DIAGNOSTIC_ONLY
SS,viscosity_laplacian_acceleration,114,HMSO01R_A|PRIMARY|F2|d3d6e357c6b9ef5b5dfccefdc6900915df6420d99b7d834bc087f2124f3e371d,F2,FOLD_3,HMSO01R_A|FIELD_LINEAGE|541d56dfe6d37f091e41084f899b04aeee2814cee915608e406b47dce85c3c8b,0.0,transverse,2.114702852494381,1.0,INSIDE_MAJORITY,EVALUABLE,EXPLORATORY_CONSUMED_DIAGNOSTIC_ONLY
SS,viscosity_laplacian_acceleration,115,HMSO01R_A|PRIMARY|F2|7354a4d210a0d4fe09c9c0aabc9fa2291423854904a772cbabdd6d8756f6b637,F2,FOLD_5,HMSO01R_A|FIELD_LINEAGE|d8cd77f2aea85a93297ba4755747ee15653349aca322bca77ce1738389444994,0.0,none,0.0007333888674658089,1.0,INSIDE_MAJORITY,EVALUABLE,EXPLORATORY_CONSUMED_DIAGNOSTIC_ONLY
SS,viscosity_laplacian_acceleration,116,HMSO01R_A|PRIMARY|F2|44f3cae28757a7122157bf9485a7f37e5ec9420f4d95986f145315a5a9aeeb0d,F2,FOLD_0,HMSO01R_A|FIELD_LINEAGE|7fd9257249644666dfcbc65ef0f9aa8090d87f1c93f77579cc137a1fc016a884,0.0,transverse,1.1834338875478319,1.0,INSIDE_MAJORITY,EVALUABLE,EXPLORATORY_CONSUMED_DIAGNOSTIC_ONLY
SS,viscosity_laplacian_acceleration,117,HMSO01R_A|PRIMARY|F2|a23a0214d1c9ad2f0bfc1699c23efef49cb711a9af17731e6f7e285a93ea468f,F2,FOLD_0,HMSO01R_A|FIELD_LINEAGE|64cf1977fe8b52c7e0fc1798d4810be4243b09c0886573ce42439c1eaf431667,0.0,none,0.0,1.0,INSIDE_MAJORITY,EVALUABLE,EXPLORATORY_CONSUMED_DIAGNOSTIC_ONLY
SS,viscosity_laplacian_acceleration,118,HMSO01R_A|PRIMARY|F2|1c2c80021df766e0b8dac64531e49f3edfee32ca298674ae8af4014f66ef0538,F2,FOLD_0,HMSO01R_A|FIELD_LINEAGE|97c8122849aa3cb13b599389c011f78352d49decd5677988d0a2a6da7c39f700,0.0,none,0.00043831486785879,1.0,INSIDE_MAJORITY,EVALUABLE,EXPLORATORY_CONSUMED_DIAGNOSTIC_ONLY
SS,viscosity_laplacian_acceleration,119,HMSO01R_A|PRIMARY|F2|225f1525345e96d468060b181560b06e9a378014dbd595964d1d7788ffb935f2,F2,FOLD_2,HMSO01R_A|FIELD_LINEAGE|5e2623db68536d2f4bee911245429597fdaee9006859890dec92aeaff707fe09,0.0,longitudinal,0.7728940959621277,1.0,INSIDE_MAJORITY,EVALUABLE,EXPLORATORY_CONSUMED_DIAGNOSTIC_ONLY
SS,viscosity_laplacian_acceleration,120,HMSO01R_A|PRIMARY|F2|6ae7cce1ed05d77697c2da5aaa495d3eae48e18d9db16e9452dee591598de11a,F2,FOLD_1,HMSO01R_A|FIELD_LINEAGE|e5cd23001367dee0fe50b87c4f9c5ae9d8e66eeb6cef2467ff3f6da8c0fcdc16,0.0,longitudinal,0.4341013267639494,1.0,INSIDE_MAJORITY,EVALUABLE,EXPLORATORY_CONSUMED_DIAGNOSTIC_ONLY
SS,viscosity_laplacian_acceleration,121,HMSO01R_A|PRIMARY|F2|d281b99f6b2ec5d478578a5ecd7ee12f35eb0089879e73162244dd885ca6cab4,F2,FOLD_4,HMSO01R_A|FIELD_LINEAGE|88fd5f86ca9cc426c28ce681d06ea15f58c6c7889170fcda146bde128f6121e4,0.0,none,0.0,1.0,INSIDE_MAJORITY,EVALUABLE,EXPLORATORY_CONSUMED_DIAGNOSTIC_ONLY
SS,viscosity_laplacian_acceleration,122,HMSO01R_A|PRIMARY|F2|378edd32d7db407564a0b15e6b24bca9c7f72b0c6ef786012ce4d7f5a74c1362,F2,FOLD_5,HMSO01R_A|FIELD_LINEAGE|9c004dbe18905f4181f1a701e81649fc67e98b969674994e8f64827f6fb4c765,0.0,longitudinal,0.364585592869554,1.0,INSIDE_MAJORITY,EVALUABLE,EXPLORATORY_CONSUMED_DIAGNOSTIC_ONLY
SS,viscosity_laplacian_acceleration,123,HMSO01R_A|PRIMARY|F2|afa1b7f4e9f94b044f6756cb4f45ff5cea11a69bd126c0c7b8d466e903f63066,F2,FOLD_5,HMSO01R_A|FIELD_LINEAGE|c34a55057cd1e579919fb09acb5db221d75ae96164f74060b78863318f65371c,0.0,transverse,0.5695582127876995,1.0,INSIDE_MAJORITY,EVALUABLE,EXPLORATORY_CONSUMED_DIAGNOSTIC_ONLY
SS,viscosity_laplacian_acceleration,124,HMSO01R_A|PRIMARY|F2|341793a8994d93b17446bf88fb7676243e144008987e9363494fcb9074bdb29d,F2,FOLD_1,HMSO01R_A|FIELD_LINEAGE|6918def6b8a6923e67fc2a25f9ee5a59a177f2b6c9bf8dfd922cd28ef3b4c287,0.0,longitudinal,0.7069602245579971,1.0,INSIDE_MAJORITY,EVALUABLE,EXPLORATORY_CONSUMED_DIAGNOSTIC_ONLY
SS,viscosity_laplacian_acceleration,125,HMSO01R_A|PRIMARY|F2|3d84dd5ecc35ea2a4add3e7e791de239a311aee1c6bf59b0a8c2313207c95ec3,F2,FOLD_2,HMSO01R_A|FIELD_LINEAGE|15651b29629c1bcfb68ed12ef597d6352232a9bc607eac6bb7e574563cec2b00,0.0,transverse,0.17520299948796117,1.0,INSIDE_MAJORITY,EVALUABLE,EXPLORATORY_CONSUMED_DIAGNOSTIC_ONLY
SS,viscosity_laplacian_acceleration,126,HMSO01R_A|PRIMARY|F2|fddef6d439eb0c020be984164c7083d125cd4fdc76722f369b1a92c7eb6363b8,F2,FOLD_2,HMSO01R_A|FIELD_LINEAGE|81c7292472bf739bf28836ff17c69dda49199278b75cd9c66130df6be7c143fb,0.0,none,0.0,1.0,INSIDE_MAJORITY,EVALUABLE,EXPLORATORY_CONSUMED_DIAGNOSTIC_ONLY
SS,viscosity_laplacian_acceleration,127,HMSO01R_A|PRIMARY|F2|99abe18bbb4ec9cf8662a1ee4faaed022570139cf8e65d88d42fa7668ef66902,F2,FOLD_3,HMSO01R_A|FIELD_LINEAGE|4666d705aea26a6f22073d7a13f6e76c36824d125314c031a782f73ac5ba6779,0.0,longitudinal,0.7871560179846372,1.0,INSIDE_MAJORITY,EVALUABLE,EXPLORATORY_CONSUMED_DIAGNOSTIC_ONLY
SS,viscosity_laplacian_acceleration,128,HMSO01R_A|PRIMARY|F2|78acf888fc653c06ca68eb940d4f98d1964ef008d11cd2138965981b7dc3b312,F2,FOLD_2,HMSO01R_A|FIELD_LINEAGE|292cdf1c570d6fb417a11eb6a7d4d830f9162a0bf0e09496e15edbaa84e1f3f4,0.0,none,0.0,1.0,INSIDE_MAJORITY,EVALUABLE,EXPLORATORY_CONSUMED_DIAGNOSTIC_ONLY
SS,viscosity_laplacian_acceleration,129,HMSO01R_A|PRIMARY|F2|244d674d82586d5c27efcb5cf76f1db16e66295a7fd417ef250a1b7281a36490,F2,FOLD_5,HMSO01R_A|FIELD_LINEAGE|b2211d9018dde472457c7d9570d8b744ae480cbc84526fced16d30cb565fdb61,0.0,none,0.0,1.0,INSIDE_MAJORITY,EVALUABLE,EXPLORATORY_CONSUMED_DIAGNOSTIC_ONLY
SS,viscosity_laplacian_acceleration,130,HMSO01R_A|PRIMARY|F2|6ec22863c33aa350034af595f655985a633a3c7f1e805555c956b54b0133a73f,F2,FOLD_1,HMSO01R_A|FIELD_LINEAGE|e1bd95fcd7aed1a8bde13393ae7d4a98eff10f4a52c1bdfb2e54f1dd690c54dd,0.0,longitudinal,0.5640170850076649,1.0,INSIDE_MAJORITY,EVALUABLE,EXPLORATORY_CONSUMED_DIAGNOSTIC_ONLY
SS,viscosity_laplacian_acceleration,131,HMSO01R_A|PRIMARY|F2|c2c1b0c4ac31440c4abeb49e8d993ffe64e79f579434d4eba55dfaf82ae2e796,F2,FOLD_4,HMSO01R_A|FIELD_LINEAGE|a2bcc80ca3b9ebb8f54401e7b09de472e9adbce971c85048bd40ce15be44ea6a,0.0,longitudinal,1.0605687529493997,0.84375,INSIDE_MAJORITY,EVALUABLE,EXPLORATORY_CONSUMED_DIAGNOSTIC_ONLY
SS,viscosity_laplacian_acceleration,132,HMSO01R_A|PRIMARY|F2|3e9109911fd666447f5ea379b1ac808462eb3949899a35697643d2bf2f340a2e,F2,FOLD_5,HMSO01R_A|FIELD_LINEAGE|0183a54dead296f9ee3dee43dc4041188299c7e551f4c9c6bfbe94dc055e54ad,0.0,none,0.0,1.0,INSIDE_MAJORITY,EVALUABLE,EXPLORATORY_CONSUMED_DIAGNOSTIC_ONLY
SS,viscosity_laplacian_acceleration,133,HMSO01R_A|PRIMARY|F2|53c2cc70af29de18dbc1eef7a6c39f527fe2de29047950a02af19de34f4a6d0a,F2,FOLD_2,HMSO01R_A|FIELD_LINEAGE|06c5b0d79a6fc40df74bc047659e629ea096b0eb47ce7956bd3f7d012a8211c7,0.0,transverse,0.0007396574043133364,1.0,INSIDE_MAJORITY,EVALUABLE,EXPLORATORY_CONSUMED_DIAGNOSTIC_ONLY
SS,viscosity_laplacian_acceleration,134,HMSO01R_A|PRIMARY|F2|5c4af0ab896c03fc7e1a2d5070136892e3faab09da4944d75c188e5f2b791d01,F2,FOLD_5,HMSO01R_A|FIELD_LINEAGE|b914e9e8b47652c007a545bd9a5f60dbdaba2b957df3f42cdec4c8edb98e6d53,0.0,none,0.0,1.0,INSIDE_MAJORITY,EVALUABLE,EXPLORATORY_CONSUMED_DIAGNOSTIC_ONLY
SS,viscosity_laplacian_acceleration,135,HMSO01R_A|PRIMARY|F2|1a5782df378e38739791edf0212c303606d566a73b3ced31f13850ede81428ff,F2,FOLD_3,HMSO01R_A|FIELD_LINEAGE|42e50ef40056d389a76817004688f104ee3861e2ea394e0b7ded0e04dbc7e54e,0.0,longitudinal,1.0595891679324156,0.984375,INSIDE_MAJORITY,EVALUABLE,EXPLORATORY_CONSUMED_DIAGNOSTIC_ONLY
SS,viscosity_laplacian_acceleration,136,HMSO01R_A|PRIMARY|F2|ba00ef884a5bf7ea7e26266655c75cf5dc8311edf7b421c6f656794c4537b080,F2,FOLD_5,HMSO01R_A|FIELD_LINEAGE|14fde0d6f8e15a741b90398f93d73484586c3eb3479f620760208e87c5b3db6c,0.0,longitudinal,0.4252685393108065,1.0,INSIDE_MAJORITY,EVALUABLE,EXPLORATORY_CONSUMED_DIAGNOSTIC_ONLY
SS,viscosity_laplacian_acceleration,137,HMSO01R_A|PRIMARY|F2|173e86dcd59c309d6aa4e43dd7ef85ce6126ebb3f802053fbaab70edbb203555,F2,FOLD_1,HMSO01R_A|FIELD_LINEAGE|f2247a8dfd61c19acaf6609654c9c6098f254569cd75ef6a5201803913aa1c00,0.0,transverse,0.02867256057368605,1.0,INSIDE_MAJORITY,EVALUABLE,EXPLORATORY_CONSUMED_DIAGNOSTIC_ONLY
SS,viscosity_laplacian_acceleration,138,HMSO01R_A|PRIMARY|F2|49b1bb175e5832181d45f528b2b9591200fbe142eca9716787677e89238cbd10,F2,FOLD_4,HMSO01R_A|FIELD_LINEAGE|a2187a6938903010b61ee85d06f597d4029728ee0de5541c03daf2ed126b189e,0.0,none,0.0,1.0,INSIDE_MAJORITY,EVALUABLE,EXPLORATORY_CONSUMED_DIAGNOSTIC_ONLY
SS,viscosity_laplacian_acceleration,139,HMSO01R_A|PRIMARY|F2|fc4b57a5c40354268856c01fc76d3319239dd5d9dd20c90e80fe43c264e9267b,F2,FOLD_2,HMSO01R_A|FIELD_LINEAGE|15651b29629c1bcfb68ed12ef597d6352232a9bc607eac6bb7e574563cec2b00,0.0,transverse,0.4747850301645211,1.0,INSIDE_MAJORITY,EVALUABLE,EXPLORATORY_CONSUMED_DIAGNOSTIC_ONLY
SS,viscosity_laplacian_acceleration,140,HMSO01R_A|PRIMARY|F2|9dfe0eca8bbebcdc4a1978a54e0816482c15911908fdfbb31569d5a214e9872c,F2,FOLD_3,HMSO01R_A|FIELD_LINEAGE|5851badadb2dbcb7aa9bd12e7e1999f87fd380febbee831ba86fec2a8906fa0a,0.0,none,0.0,1.0,INSIDE_MAJORITY,EVALUABLE,EXPLORATORY_CONSUMED_DIAGNOSTIC_ONLY
SS,viscosity_laplacian_acceleration,141,HMSO01R_A|PRIMARY|F2|895dd6678d4e24c9ca1d71d9c008f41366cf80a23cde2c2eb415309e3a867295,F2,FOLD_4,HMSO01R_A|FIELD_LINEAGE|9a24c02f87d28fecb69b79ddff22c8eb176badf445e6b5b8234aa2a46b73c349,0.0,transverse,0.270283078465629,1.0,INSIDE_MAJORITY,EVALUABLE,EXPLORATORY_CONSUMED_DIAGNOSTIC_ONLY
SS,viscosity_laplacian_acceleration,142,HMSO01R_A|PRIMARY|F2|43400ba997c21fdce3f471265a500e4ce9576d1439d1f30fbef4c90e64fe3d8d,F2,FOLD_4,HMSO01R_A|FIELD_LINEAGE|191e9f46778b3758f1f78fde4f9e2a46913f5a82ffc9889aaa9e18e41d67ee0e,0.0,transverse,1.1461193400905263,1.0,INSIDE_MAJORITY,EVALUABLE,EXPLORATORY_CONSUMED_DIAGNOSTIC_ONLY
SS,viscosity_laplacian_acceleration,143,HMSO01R_A|PRIMARY|F2|bb71b018647a767eed8901cfe1bf61e2c7d8c0a7a0a327a2fa924dd359c71c26,F2,FOLD_5,HMSO01R_A|FIELD_LINEAGE|9c004dbe18905f4181f1a701e81649fc67e98b969674994e8f64827f6fb4c765,0.0,longitudinal,0.4135839280885879,1.0,INSIDE_MAJORITY,EVALUABLE,EXPLORATORY_CONSUMED_DIAGNOSTIC_ONLY
SS,viscosity_laplacian_acceleration,144,HMSO01R_A|PRIMARY|F2|8e8cf402dd59acdd5c95ee8fdb63bc03fad23d019d7276ca80115848d78c55ef,F2,FOLD_0,HMSO01R_A|FIELD_LINEAGE|8573999ac09da70da8d1802997d1dd1b2879d7ff239af35fb1a185a39cc1f420,0.0,longitudinal,0.6207922491142907,1.0,INSIDE_MAJORITY,EVALUABLE,EXPLORATORY_CONSUMED_DIAGNOSTIC_ONLY
SS,viscosity_laplacian_acceleration,145,HMSO01R_A|PRIMARY|F2|7b872968a13989e45fb2f3e89908ca2ac37f6ff5f28e567d6ec4465af3c38fe9,F2,FOLD_1,HMSO01R_A|FIELD_LINEAGE|20fd9f4e76cc9e98a79b808be25ffb0cc4d95c0522637973fd5963586426d614,0.0,transverse,0.030796091156997996,1.0,INSIDE_MAJORITY,EVALUABLE,EXPLORATORY_CONSUMED_DIAGNOSTIC_ONLY
SS,viscosity_laplacian_acceleration,146,HMSO01R_A|PRIMARY|F2|4ccc4b5f9e495e2dea0d0bbe1112b687c163dc2990f14f3a9a8779a2febb23ca,F2,FOLD_0,HMSO01R_A|FIELD_LINEAGE|970bbd18dffee12c05308155c993436bfc58e77384e4967420f4e2e03156c88b,0.0,none,0.0,1.0,INSIDE_MAJORITY,EVALUABLE,EXPLORATORY_CONSUMED_DIAGNOSTIC_ONLY
SS,viscosity_laplacian_acceleration,147,HMSO01R_A|PRIMARY|F2|6fefe8e4f1094c859a846ee88db724abc280227b36323f72927db524e29383b7,F2,FOLD_0,HMSO01R_A|FIELD_LINEAGE|f0421338d311584916d83a8dd01c9f47b7707c5652d4192e1df422a2a9e7d57d,0.0,longitudinal,0.7519334065963161,0.984375,INSIDE_MAJORITY,EVALUABLE,EXPLORATORY_CONSUMED_DIAGNOSTIC_ONLY
SS,viscosity_laplacian_acceleration,148,HMSO01R_A|PRIMARY|F2|eb7b6ba03291aea589dda52a307711c5f6ee46f4eb37a5cd373f77c7f67863a7,F2,FOLD_2,HMSO01R_A|FIELD_LINEAGE|7f5e5896e83ee81bc858adc8fff5befe2b2c76e1183ff21435261a6621560b2c,0.0,none,0.0,1.0,INSIDE_MAJORITY,EVALUABLE,EXPLORATORY_CONSUMED_DIAGNOSTIC_ONLY
SS,viscosity_laplacian_acceleration,149,HMSO01R_A|PRIMARY|F2|04462d4167f9e6a289c93a4bb5aa1dea05cd96b3ea96571f0868e25ebc8d5f8e,F2,FOLD_5,HMSO01R_A|FIELD_LINEAGE|3e594f148c4f0181faaf58cc7906a2e9e8709c7be31e59cdc8bdd6b6b7c398a2,0.0,transverse,0.011008565978768684,1.0,INSIDE_MAJORITY,EVALUABLE,EXPLORATORY_CONSUMED_DIAGNOSTIC_ONLY
SS,viscosity_laplacian_acceleration,150,HMSO01R_A|PRIMARY|F2|4297699e347ed4806aabb29114fcd2781da12cb95ffcc5628fb9d70f665cdd4f,F2,FOLD_3,HMSO01R_A|FIELD_LINEAGE|4666d705aea26a6f22073d7a13f6e76c36824d125314c031a782f73ac5ba6779,0.0,longitudinal,0.8455414280276918,0.984375,INSIDE_MAJORITY,EVALUABLE,EXPLORATORY_CONSUMED_DIAGNOSTIC_ONLY
SS,viscosity_laplacian_acceleration,151,HMSO01R_A|PRIMARY|F2|e68e4a07fd36664d37b69ec67f5add124cad2d58918fe355b55ab2950f542dba,F2,FOLD_1,HMSO01R_A|FIELD_LINEAGE|6918def6b8a6923e67fc2a25f9ee5a59a177f2b6c9bf8dfd922cd28ef3b4c287,0.0,longitudinal,0.5945033365846752,1.0,INSIDE_MAJORITY,EVALUABLE,EXPLORATORY_CONSUMED_DIAGNOSTIC_ONLY
SS,viscosity_laplacian_acceleration,152,HMSO01R_A|PRIMARY|F2|4712b26cd9c8f9315534de7184e7f01d6136b8f8799924f91d07bfdfeaa3ef4b,F2,FOLD_1,HMSO01R_A|FIELD_LINEAGE|7cb12f064a9c8069fd15f2a86fa0ddd017328ca5cc4b0fc515bbfbdd4c6e6858,0.0,longitudinal,0.8671907458823966,1.0,INSIDE_MAJORITY,EVALUABLE,EXPLORATORY_CONSUMED_DIAGNOSTIC_ONLY
SS,viscosity_laplacian_acceleration,153,HMSO01R_A|PRIMARY|F2|870ff902b019e213bc644d7adb9a6788d1c2dc81205205d17418193ba8c3ba06,F2,FOLD_4,HMSO01R_A|FIELD_LINEAGE|3d33238d426baab3f4ff1c525309d0c0b825fb99fca42c8d1a5482ea92f2f1a6,0.0,none,0.0,1.0,INSIDE_MAJORITY,EVALUABLE,EXPLORATORY_CONSUMED_DIAGNOSTIC_ONLY
SS,viscosity_laplacian_acceleration,154,HMSO01R_A|PRIMARY|F2|c97c32b32beaf7b49449c7dfac283e421732f48d3a1a0e8bae6822b2d18c979d,F2,FOLD_4,HMSO01R_A|FIELD_LINEAGE|a2187a6938903010b61ee85d06f597d4029728ee0de5541c03daf2ed126b189e,0.0,none,0.0,1.0,INSIDE_MAJORITY,EVALUABLE,EXPLORATORY_CONSUMED_DIAGNOSTIC_ONLY
SS,viscosity_laplacian_acceleration,155,HMSO01R_A|PRIMARY|F2|9aa02356e03e116f8c7747cc6dc67ca5bf6463af78c8ec2a5e839ecf5cd044b6,F2,FOLD_2,HMSO01R_A|FIELD_LINEAGE|b40ef25bd445f58063f7eecbd118e28fcd5b9c8ea0b1803b18c885057e29107f,0.0,longitudinal,0.9245925888926605,1.0,INSIDE_MAJORITY,EVALUABLE,EXPLORATORY_CONSUMED_DIAGNOSTIC_ONLY
SS,viscosity_laplacian_acceleration,156,HMSO01R_A|PRIMARY|F2|9ceb85393da4b2a224d124f538efebd26b83e4ecbf4cee17ff9c06c84e444184,F2,FOLD_3,HMSO01R_A|FIELD_LINEAGE|42e50ef40056d389a76817004688f104ee3861e2ea394e0b7ded0e04dbc7e54e,0.0,longitudinal,0.9014078070569894,0.9609375,INSIDE_MAJORITY,EVALUABLE,EXPLORATORY_CONSUMED_DIAGNOSTIC_ONLY
SS,viscosity_laplacian_acceleration,157,HMSO01R_A|PRIMARY|F2|d02d37603ad0429331b1b282ab0d05d6647faf02d57121f49583e677b27197af,F2,FOLD_5,HMSO01R_A|FIELD_LINEAGE|d8cd77f2aea85a93297ba4755747ee15653349aca322bca77ce1738389444994,0.0,none,0.019608016095991037,1.0,INSIDE_MAJORITY,EVALUABLE,EXPLORATORY_CONSUMED_DIAGNOSTIC_ONLY
SS,viscosity_laplacian_acceleration,158,HMSO01R_A|PRIMARY|F2|5421d8aa9bb2512df8601781ad0d4b3968d57f51768c4451aff8f8be42a4b79d,F2,FOLD_0,HMSO01R_A|FIELD_LINEAGE|7fd9257249644666dfcbc65ef0f9aa8090d87f1c93f77579cc137a1fc016a884,0.0,transverse,1.5889361546558989,1.0,INSIDE_MAJORITY,EVALUABLE,EXPLORATORY_CONSUMED_DIAGNOSTIC_ONLY
SS,viscosity_laplacian_acceleration,159,HMSO01R_A|PRIMARY|F2|767938226812a2838020c63ae0ec90bb4e50ead499924ecb103ed85f1140c35e,F2,FOLD_3,HMSO01R_A|FIELD_LINEAGE|8e3408f57249bc00fdafb475f758686e9ee7a95dad97ecf63f9b3a27f383de5d,0.0,longitudinal,0.812020997137618,0.96875,INSIDE_MAJORITY,EVALUABLE,EXPLORATORY_CONSUMED_DIAGNOSTIC_ONLY
SS,viscosity_laplacian_acceleration,160,HMSO01R_A|PRIMARY|F2|06317839d4737f546c947257bdda4c62c61d0554e47ead2e411236d53d112e6a,F2,FOLD_3,HMSO01R_A|FIELD_LINEAGE|11fde86949c379fe2021d6c74cae47b21d76fdf394512bb275cf864fa8a207c8,0.0,longitudinal,1.3659288073519582,0.8125,INSIDE_MAJORITY,EVALUABLE,EXPLORATORY_CONSUMED_DIAGNOSTIC_ONLY
SS,viscosity_laplacian_acceleration,161,HMSO01R_A|PRIMARY|F2|7820bcfb5b087e80c1c6836a57a1f43ddd0c0eabfeda98ea6e8d9aa8389ed207,F2,FOLD_0,HMSO01R_A|FIELD_LINEAGE|2d885ab8e36e98def0f3a036fab45f57940afd290e12c42ece2cbbf2a0b7faed,0.0,transverse,0.0002588203218054688,1.0,INSIDE_MAJORITY,EVALUABLE,EXPLORATORY_CONSUMED_DIAGNOSTIC_ONLY
SS,viscosity_laplacian_acceleration,162,HMSO01R_A|PRIMARY|F2|8944ba387db65deaa93a40382da6d01673338136d1e94ca8e9fe59b6cb3efcba,F2,FOLD_4,HMSO01R_A|FIELD_LINEAGE|5c07d2280b8a6c46f1c42b9f7878f3f5c5e2174c9419aaf05f2bb6b52ab2f5f6,0.0,none,0.0,1.0,INSIDE_MAJORITY,EVALUABLE,EXPLORATORY_CONSUMED_DIAGNOSTIC_ONLY
SS,viscosity_laplacian_acceleration,163,HMSO01R_A|PRIMARY|F2|8ddfab82fa98a874ee0e716b4b758a93f444c158ec4a00d3fbe09c82d4bc8295,F2,FOLD_2,HMSO01R_A|FIELD_LINEAGE|06c5b0d79a6fc40df74bc047659e629ea096b0eb47ce7956bd3f7d012a8211c7,0.0,transverse,0.0015430276926940247,1.0,INSIDE_MAJORITY,EVALUABLE,EXPLORATORY_CONSUMED_DIAGNOSTIC_ONLY
SS,viscosity_laplacian_acceleration,164,HMSO01R_A|PRIMARY|F2|aef30f7b06dc318c716f205dc8eabfa6b6ed892cd6f40ffa2655079a736cee3a,F2,FOLD_0,HMSO01R_A|FIELD_LINEAGE|56571c9b6d895bc0e855ce89225a188e41167fe16fc1aed7e4e19ab1ddaef9cb,0.0,none,0.0,1.0,INSIDE_MAJORITY,EVALUABLE,EXPLORATORY_CONSUMED_DIAGNOSTIC_ONLY
SS,viscosity_laplacian_acceleration,165,HMSO01R_A|PRIMARY|F2|d57fe4ad60e081a7f8f4efa48a8eb91b168f1646797b26e04c5db9546d00f60b,F2,FOLD_5,HMSO01R_A|FIELD_LINEAGE|197ff926eb3d0f9ff98b06347687987d9933c0c4a0832b79258c496c53405132,0.0,longitudinal,0.3921694022191571,1.0,INSIDE_MAJORITY,EVALUABLE,EXPLORATORY_CONSUMED_DIAGNOSTIC_ONLY
SS,viscosity_laplacian_acceleration,166,HMSO01R_A|PRIMARY|F2|975452d94e6c79df9ff8d8fba1e374f302d680dee30b89df4102bc72393d1f9b,F2,FOLD_3,HMSO01R_A|FIELD_LINEAGE|5851badadb2dbcb7aa9bd12e7e1999f87fd380febbee831ba86fec2a8906fa0a,0.0,none,0.0,1.0,INSIDE_MAJORITY,EVALUABLE,EXPLORATORY_CONSUMED_DIAGNOSTIC_ONLY
SS,viscosity_laplacian_acceleration,167,HMSO01R_A|PRIMARY|F2|44347425dbc13101dae7c7450e08fb4b35d0ca65dcfd17e980334a022d882af9,F2,FOLD_1,HMSO01R_A|FIELD_LINEAGE|20bbc33e3ce141e2f7eb99de3d0702689581411faf36ef6782c9dd4ff7bd0899,0.0,longitudinal,0.6127871948961492,1.0,INSIDE_MAJORITY,EVALUABLE,EXPLORATORY_CONSUMED_DIAGNOSTIC_ONLY
SS,viscosity_laplacian_acceleration,168,HMSO01R_A|PRIMARY|F2|50287af40030d649f1af5a13277f820d8e9b04c2c12a7d0e8d2996e66e26b556,F2,FOLD_5,HMSO01R_A|FIELD_LINEAGE|b1b50b97bc0f473e266ef9eb8a1e2e2edee23dadabeb0645af363d822d4db947,0.0,none,0.011712207903409454,1.0,INSIDE_MAJORITY,EVALUABLE,EXPLORATORY_CONSUMED_DIAGNOSTIC_ONLY
SS,viscosity_laplacian_acceleration,169,HMSO01R_A|PRIMARY|F2|770f7ccfdd77b26685f21e0e3c70f18ec9f421839d2fba7929928a85b11f3c9a,F2,FOLD_3,HMSO01R_A|FIELD_LINEAGE|5cf76bdd12cdf0612bba343b6cf1b9e46ef0764cc183560f7b16acacca9460f1,0.0,none,0.0,1.0,INSIDE_MAJORITY,EVALUABLE,EXPLORATORY_CONSUMED_DIAGNOSTIC_ONLY
SS,viscosity_laplacian_acceleration,170,HMSO01R_A|PRIMARY|F2|d512fe7ee100d3974c5f97dc7b1fa2660d854ea076fcc8d96cb46f6dbe87500d,F2,FOLD_1,HMSO01R_A|FIELD_LINEAGE|e99701698ca3eda87704f5f32294f901f56116d9da609afcb18418d4c8a62bf2,0.0,transverse,0.13034193994294224,1.0,INSIDE_MAJORITY,EVALUABLE,EXPLORATORY_CONSUMED_DIAGNOSTIC_ONLY
SS,viscosity_laplacian_acceleration,171,HMSO01R_A|PRIMARY|F2|075d9f5ce867e6dbadfe8de37051b48f3917aea711dd42c93d1beca79c10b036,F2,FOLD_4,HMSO01R_A|FIELD_LINEAGE|3283083498700d830b6f9393659c16097acacaf984f6c43b70c65438a233286d,0.0,transverse,0.0006506648324147405,1.0,INSIDE_MAJORITY,EVALUABLE,EXPLORATORY_CONSUMED_DIAGNOSTIC_ONLY
SS,viscosity_laplacian_acceleration,172,HMSO01R_A|PRIMARY|F2|23a1b3ff87d761d45da6714a7a8f504f2d1ae1758fc48c5edde0346581e7dcb9,F2,FOLD_5,HMSO01R_A|FIELD_LINEAGE|0183a54dead296f9ee3dee43dc4041188299c7e551f4c9c6bfbe94dc055e54ad,0.0,none,0.0,1.0,INSIDE_MAJORITY,EVALUABLE,EXPLORATORY_CONSUMED_DIAGNOSTIC_ONLY
SS,viscosity_laplacian_acceleration,173,HMSO01R_A|PRIMARY|F2|cf42695af0c24db6bd3d8952fcd9d3df58fca05a61b3413ec53ae3a547abb47e,F2,FOLD_2,HMSO01R_A|FIELD_LINEAGE|4a864b01d23e69fbf80902fd3a728f366c9eb285ead51eb5724dfe25ca232031,0.0,transverse,0.7677926516935493,1.0,INSIDE_MAJORITY,EVALUABLE,EXPLORATORY_CONSUMED_DIAGNOSTIC_ONLY
SS,viscosity_laplacian_acceleration,174,HMSO01R_A|PRIMARY|F2|caf9380b58fd1298f9b3296a6d0386c5d9b7a136975daf3e1d5a80853cd8eef1,F2,FOLD_1,HMSO01R_A|FIELD_LINEAGE|7cb12f064a9c8069fd15f2a86fa0ddd017328ca5cc4b0fc515bbfbdd4c6e6858,0.0,longitudinal,0.7551294983659994,1.0,INSIDE_MAJORITY,EVALUABLE,EXPLORATORY_CONSUMED_DIAGNOSTIC_ONLY
SS,viscosity_laplacian_acceleration,175,HMSO01R_A|PRIMARY|F2|0f34bfbdf04b3c15451a4a77716248a4eb3d3a17ab75fa5c980bc8ae9e205274,F2,FOLD_2,HMSO01R_A|FIELD_LINEAGE|5e2623db68536d2f4bee911245429597fdaee9006859890dec92aeaff707fe09,0.0,longitudinal,0.629085895333442,1.0,INSIDE_MAJORITY,EVALUABLE,EXPLORATORY_CONSUMED_DIAGNOSTIC_ONLY
SS,viscosity_laplacian_acceleration,176,HMSO01R_A|PRIMARY|F2|2ea1d90f57b9810a91106d036818acb702d93d228b9d9df681a219b545bc1f6a,F2,FOLD_0,HMSO01R_A|FIELD_LINEAGE|9c5f7b50a01e8dafcf4be2d7df61fd0da86b2229fe32286852ed3ad88cce82f1,0.0,longitudinal,0.7372175195805147,1.0,INSIDE_MAJORITY,EVALUABLE,EXPLORATORY_CONSUMED_DIAGNOSTIC_ONLY
SS,viscosity_laplacian_acceleration,177,HMSO01R_A|PRIMARY|F2|19be682a103146b62d59845d0b1804ab3b62d9c573f8e68e21e4a7bdead50cd2,F2,FOLD_2,HMSO01R_A|FIELD_LINEAGE|06c5b0d79a6fc40df74bc047659e629ea096b0eb47ce7956bd3f7d012a8211c7,0.0,transverse,0.00015211184203761424,1.0,INSIDE_MAJORITY,EVALUABLE,EXPLORATORY_CONSUMED_DIAGNOSTIC_ONLY
SS,viscosity_laplacian_acceleration,178,HMSO01R_A|PRIMARY|F2|185d0c3aa5513b03f278a966e478709c4902e70ac083e6f632bc98d88beb9df7,F2,FOLD_2,HMSO01R_A|FIELD_LINEAGE|87172e4156e9f066a6ea7ab3304062c939784ea4bd0f5f1cf466bbc2d6008cc6,0.0,none,0.0,1.0,INSIDE_MAJORITY,EVALUABLE,EXPLORATORY_CONSUMED_DIAGNOSTIC_ONLY
SS,viscosity_laplacian_acceleration,179,HMSO01R_A|PRIMARY|F2|5138ec5bf5a63077695a50b6daf79a75c288e3f92b7d2fd433420e10b7c89d9c,F2,FOLD_2,HMSO01R_A|FIELD_LINEAGE|8a6dd2252f8c5f8f08c3ba5ae9cf89d97575348634ba471a1a84e7de612ac6f3,0.0,longitudinal,0.7659678286795082,0.96875,INSIDE_MAJORITY,EVALUABLE,EXPLORATORY_CONSUMED_DIAGNOSTIC_ONLY
SS,viscosity_laplacian_acceleration,180,HMSO01R_A|PRIMARY|F2|818dc2505ec37b131c424e5845713b79c3eb0739f3b7de40bbedca42f6db8eae,F2,FOLD_0,HMSO01R_A|FIELD_LINEAGE|970bbd18dffee12c05308155c993436bfc58e77384e4967420f4e2e03156c88b,0.0,none,0.0,1.0,INSIDE_MAJORITY,EVALUABLE,EXPLORATORY_CONSUMED_DIAGNOSTIC_ONLY
SS,viscosity_laplacian_acceleration,181,HMSO01R_A|PRIMARY|F2|a74e9c0a19316e67907d4b557a95ce39a7d043fecb771ce561b574665efa7afe,F2,FOLD_1,HMSO01R_A|FIELD_LINEAGE|e1662caa4f55fa1e467b750db9be81d3672b988a828412586110c172a4b65cc4,0.0,transverse,0.6028168016178868,1.0,INSIDE_MAJORITY,EVALUABLE,EXPLORATORY_CONSUMED_DIAGNOSTIC_ONLY
SS,viscosity_laplacian_acceleration,182,HMSO01R_A|PRIMARY|F2|bdb007584742122a198d9ced8ca8026b3be02c902d5955e2048c740a64716cf2,F2,FOLD_0,HMSO01R_A|FIELD_LINEAGE|38ed780ae9e2ceb725d12dc596e69f348d116c6ab5da75f5bae97744169a86db,0.0,none,0.0,1.0,INSIDE_MAJORITY,EVALUABLE,EXPLORATORY_CONSUMED_DIAGNOSTIC_ONLY
SS,viscosity_laplacian_acceleration,183,HMSO01R_A|PRIMARY|F2|3272400369fdb2a2501d3b745bd9e207e5bae9055664ceac44b9407292a76f92,F2,FOLD_4,HMSO01R_A|FIELD_LINEAGE|3d33238d426baab3f4ff1c525309d0c0b825fb99fca42c8d1a5482ea92f2f1a6,0.0,none,0.0,1.0,INSIDE_MAJORITY,EVALUABLE,EXPLORATORY_CONSUMED_DIAGNOSTIC_ONLY
SS,viscosity_laplacian_acceleration,184,HMSO01R_A|PRIMARY|F2|034e6c9c44e99f51aee8aba69d1a4c28c3cb9adb1b6463d89f18728770764abe,F2,FOLD_4,HMSO01R_A|FIELD_LINEAGE|ebfb44058badbf85a36d8671e914d20620f9253b30eeec0e96b5e0c20dc8e16c,0.0,none,0.0,1.0,INSIDE_MAJORITY,EVALUABLE,EXPLORATORY_CONSUMED_DIAGNOSTIC_ONLY
SS,viscosity_laplacian_acceleration,185,HMSO01R_A|PRIMARY|F2|732f4cfaffee839c2b271711e16b6b2fb3e217bff4c7fcfb490bdf8b56ec287e,F2,FOLD_1,HMSO01R_A|FIELD_LINEAGE|b31d5c3484f2394d06a11f5ae52600d61d7c303637147b70dbb1edd7e25e93c9,0.0,none,0.0,1.0,INSIDE_MAJORITY,EVALUABLE,EXPLORATORY_CONSUMED_DIAGNOSTIC_ONLY
SS,viscosity_laplacian_acceleration,186,HMSO01R_A|PRIMARY|F2|b1d0a8244d66a3601ab9490c2f324ddb81f10addb947e8c682ba8c0128bd165b,F2,FOLD_2,HMSO01R_A|FIELD_LINEAGE|87172e4156e9f066a6ea7ab3304062c939784ea4bd0f5f1cf466bbc2d6008cc6,0.0,none,0.0,1.0,INSIDE_MAJORITY,EVALUABLE,EXPLORATORY_CONSUMED_DIAGNOSTIC_ONLY
SS,viscosity_laplacian_acceleration,187,HMSO01R_A|PRIMARY|F2|72d1507d3e0e38859bf68cd9d3d24754b35a19b61c5d7d5a9758d538c22b58ae,F2,FOLD_3,HMSO01R_A|FIELD_LINEAGE|e82aee0755c70810ee3fbd630ec4d3fa698e473225b4aa505b26af8a458a6400,0.0,longitudinal,0.994543714118162,0.9375,INSIDE_MAJORITY,EVALUABLE,EXPLORATORY_CONSUMED_DIAGNOSTIC_ONLY
SS,viscosity_laplacian_acceleration,188,HMSO01R_A|PRIMARY|F2|3d2c5979ee1fcd4aee7a725050dc0ff27fa2da4d1c90535241ecacbdd1790f25,F2,FOLD_0,HMSO01R_A|FIELD_LINEAGE|8573999ac09da70da8d1802997d1dd1b2879d7ff239af35fb1a185a39cc1f420,0.0,longitudinal,0.517942158998286,1.0,INSIDE_MAJORITY,EVALUABLE,EXPLORATORY_CONSUMED_DIAGNOSTIC_ONLY
SS,viscosity_laplacian_acceleration,189,HMSO01R_A|PRIMARY|F2|8d55437423bf8c70e6605b36d7260b3a4672b3a5ed3778b44ba3d5bf4cb18b32,F2,FOLD_0,HMSO01R_A|FIELD_LINEAGE|97c8122849aa3cb13b599389c011f78352d49decd5677988d0a2a6da7c39f700,0.0,none,0.0,1.0,INSIDE_MAJORITY,EVALUABLE,EXPLORATORY_CONSUMED_DIAGNOSTIC_ONLY
SS,viscosity_laplacian_acceleration,190,HMSO01R_A|PRIMARY|F2|84e4cae6d11fca7df479ebcc35a969e79388e4512dbaf94280c83be546b27d42,F2,FOLD_0,HMSO01R_A|FIELD_LINEAGE|8573999ac09da70da8d1802997d1dd1b2879d7ff239af35fb1a185a39cc1f420,0.0,longitudinal,0.7620549256860402,1.0,INSIDE_MAJORITY,EVALUABLE,EXPLORATORY_CONSUMED_DIAGNOSTIC_ONLY
SS,viscosity_laplacian_acceleration,191,HMSO01R_A|PRIMARY|F2|288da569df1da8449acb1b2e9db3c3d5edda6f8e97a8bdeb3237c37cd17645a4,F2,FOLD_4,HMSO01R_A|FIELD_LINEAGE|5717c014ee19e2404587fa3546273faef8d6d97d2a31a4b9e01b24770e476426,0.0,transverse,0.5902272231972929,1.0,INSIDE_MAJORITY,EVALUABLE,EXPLORATORY_CONSUMED_DIAGNOSTIC_ONLY
SS,viscosity_laplacian_acceleration,192,HMSO01R_A|PRIMARY|F3|0246c8978fdb6f9b1602abd7e4bb592349c6dbcaec25b547026c9c2750042711,F3,FOLD_2,HMSO01R_A|FIELD_LINEAGE|e2fdf0ecb37222ddf2c343b2a9785bb080b33fb721f4d3381403db08d53276de,0.0,longitudinal,0.6217173101642302,0.546875,INSIDE_MAJORITY,EVALUABLE,EXPLORATORY_CONSUMED_DIAGNOSTIC_ONLY
SS,viscosity_laplacian_acceleration,193,HMSO01R_A|PRIMARY|F3|284496823e8aec01b40520cb6e31072714c17b163a3b2aee9494245e6ab4fbe3,F3,FOLD_3,HMSO01R_A|FIELD_LINEAGE|adcf8aaea780832e88b7b6b779fb3ef2ecab338dd7379ac8654e7aabdcee4b4f,0.0,none,0.0,1.0,INSIDE_MAJORITY,EVALUABLE,EXPLORATORY_CONSUMED_DIAGNOSTIC_ONLY
SS,viscosity_laplacian_acceleration,194,HMSO01R_A|PRIMARY|F3|856be85985639f39746337ee50cc51e130ce0a7d2c260e20fb1669a498ca4c4a,F3,FOLD_4,HMSO01R_A|FIELD_LINEAGE|440a69e5e6d8a6266c3153ff4cc4273aafca8ec71c677d3f24cfa0db89cae65c,0.0,none,0.0,1.0,INSIDE_MAJORITY,EVALUABLE,EXPLORATORY_CONSUMED_DIAGNOSTIC_ONLY
SS,viscosity_laplacian_acceleration,195,HMSO01R_A|PRIMARY|F3|b2ac6ac17aa0a12ce8cd63645f41349492c000f968be067724d7f478de5b6729,F3,FOLD_3,HMSO01R_A|FIELD_LINEAGE|a97cf87a717a68b745e28078c021ba65c881711a1cd171188bc4affd3a1b5795,0.0,none,0.0,1.0,INSIDE_MAJORITY,EVALUABLE,EXPLORATORY_CONSUMED_DIAGNOSTIC_ONLY
SS,viscosity_laplacian_acceleration,196,HMSO01R_A|PRIMARY|F3|b086157b1bcfb941501ef7f87c880219004f7cad86dd44d4bd3f804094e509b4,F3,FOLD_5,HMSO01R_A|FIELD_LINEAGE|bf32023450080971c5fdfb56d7a260838d7b8e02917a4118c4ed0b4a49c6c14a,0.0,transverse,0.08187943314156605,1.0,INSIDE_MAJORITY,EVALUABLE,EXPLORATORY_CONSUMED_DIAGNOSTIC_ONLY
SS,viscosity_laplacian_acceleration,197,HMSO01R_A|PRIMARY|F3|1c755f486d1242ae237857d913100f73519ac2418e3546045035c8318a436869,F3,FOLD_5,HMSO01R_A|FIELD_LINEAGE|d2f9d8c8f5f3c69790790651faeb1c1f59b6b387e4ede38adea5936b94855ff9,0.0,transverse,0.9469773717218423,1.0,INSIDE_MAJORITY,EVALUABLE,EXPLORATORY_CONSUMED_DIAGNOSTIC_ONLY
SS,viscosity_laplacian_acceleration,198,HMSO01R_A|PRIMARY|F3|7a55c18fc48b21e85cc57c38b6ca548a108b03deee77e5dc0ebe5146fbe17cfd,F3,FOLD_5,HMSO01R_A|FIELD_LINEAGE|226b761343bde11d0f8531972b4efd2a54f34c441ce74b43268bfdfde41542ed,0.0,none,0.0,1.0,INSIDE_MAJORITY,EVALUABLE,EXPLORATORY_CONSUMED_DIAGNOSTIC_ONLY
SS,viscosity_laplacian_acceleration,199,HMSO01R_A|PRIMARY|F3|9dfa53931f7f4e1baae8e92539a530becbe3dc126225f6cab71b5b92d4e26c23,F3,FOLD_1,HMSO01R_A|FIELD_LINEAGE|b0c6a47a41827791b3e03b32c3cfc7642f7c46055e5fbdc618a902dd60890cc0,0.0,none,0.18702518674403645,1.0,INSIDE_MAJORITY,EVALUABLE,EXPLORATORY_CONSUMED_DIAGNOSTIC_ONLY
SS,viscosity_laplacian_acceleration,200,HMSO01R_A|PRIMARY|F3|36bd7fbc4400ae830da89e8b7049cba3a2eba76340c04c9b22d524ed882f25fa,F3,FOLD_0,HMSO01R_A|FIELD_LINEAGE|46ad1db2ba1a448aa8fcf8fea69b4b772861af80c9b661f505a8c591ffdfe68c,0.0,transverse,0.0013452116279519819,1.0,INSIDE_MAJORITY,EVALUABLE,EXPLORATORY_CONSUMED_DIAGNOSTIC_ONLY
SS,viscosity_laplacian_acceleration,201,HMSO01R_A|PRIMARY|F3|48ad4afa1ebbb91c201c1775b9df72193c6c5e3c47d0cd6020e71c21eda7c325,F3,FOLD_3,HMSO01R_A|FIELD_LINEAGE|99c13161db8958c19a30a96b96a6940cece539d1c84e808e21dfa37710ec6894,0.0,longitudinal,0.1797325612707315,1.0,INSIDE_MAJORITY,EVALUABLE,EXPLORATORY_CONSUMED_DIAGNOSTIC_ONLY
SS,viscosity_laplacian_acceleration,202,HMSO01R_A|PRIMARY|F3|640c5b30036e29f6d84cd9443dde5d1b73abd9252849cb7199b651f12e5099e6,F3,FOLD_0,HMSO01R_A|FIELD_LINEAGE|be9a8927a3f7361841f3e523395e00d4ebcd734040aebfe38006ae7fda2437fd,0.0,none,0.0,1.0,INSIDE_MAJORITY,EVALUABLE,EXPLORATORY_CONSUMED_DIAGNOSTIC_ONLY
SS,viscosity_laplacian_acceleration,203,HMSO01R_A|PRIMARY|F3|37814f4c4943fb00e00ed04672af67774d05465c46e6a4aaca391f8387f4afda,F3,FOLD_1,HMSO01R_A|FIELD_LINEAGE|5788e5f098ee24a0bfe3ef48cb7ba08a0bdbab2c319fd19eedc3c9eb4ac76f03,0.0,longitudinal,0.22226457948585787,1.0,INSIDE_MAJORITY,EVALUABLE,EXPLORATORY_CONSUMED_DIAGNOSTIC_ONLY
SS,viscosity_laplacian_acceleration,204,HMSO01R_A|PRIMARY|F3|fff250630c55c8bdaf6d9ce420a0a9166a884a0b680ca35cd4e6f7da5e276171,F3,FOLD_2,HMSO01R_A|FIELD_LINEAGE|5c056a7425c54539d868f52b6ae68a4c578195d4f6b5cb7d636be4eab2c2df8c,0.0,none,0.0,1.0,INSIDE_MAJORITY,EVALUABLE,EXPLORATORY_CONSUMED_DIAGNOSTIC_ONLY
SS,viscosity_laplacian_acceleration,205,HMSO01R_A|PRIMARY|F3|b99c0eeb5430528c2b50c8e3895f960a908c4207e1a45f365d2458a81bb0bc1d,F3,FOLD_3,HMSO01R_A|FIELD_LINEAGE|dca2b57202d33de06ea638a8ecbab23d1b960b5ed15b6841dcbc75b212cc8712,0.0,transverse,0.6473934822204339,1.0,INSIDE_MAJORITY,EVALUABLE,EXPLORATORY_CONSUMED_DIAGNOSTIC_ONLY
SS,viscosity_laplacian_acceleration,206,HMSO01R_A|PRIMARY|F3|85fea40f0a91b03a078c3b5a07bf11f84086ae49de633169660bf9e7756cae9f,F3,FOLD_1,HMSO01R_A|FIELD_LINEAGE|d6ecf8cd80acb9db6acee967c0d1a3a8ca941d75fcf9e621c7ea05d79a191767,0.0,longitudinal,0.6997584293677852,1.0,INSIDE_MAJORITY,EVALUABLE,EXPLORATORY_CONSUMED_DIAGNOSTIC_ONLY
SS,viscosity_laplacian_acceleration,207,HMSO01R_A|PRIMARY|F3|5bb1245725989ed102aa49078cd7bafa70151ebf012c1e0cb48cc587430f3f8c,F3,FOLD_2,HMSO01R_A|FIELD_LINEAGE|a7458b96c9ce1c60bf3ea9d352424b7dd251e22480db263be2c5716c65dc6939,0.0,none,0.0,1.0,INSIDE_MAJORITY,EVALUABLE,EXPLORATORY_CONSUMED_DIAGNOSTIC_ONLY
SS,viscosity_laplacian_acceleration,208,HMSO01R_A|PRIMARY|F3|c6419d25ed9799d98d73b7e3428108142f0bca3250e86eb89e0df130bb7ce32f,F3,FOLD_5,HMSO01R_A|FIELD_LINEAGE|d2f9d8c8f5f3c69790790651faeb1c1f59b6b387e4ede38adea5936b94855ff9,0.0,transverse,0.007788802845875259,1.0,INSIDE_MAJORITY,EVALUABLE,EXPLORATORY_CONSUMED_DIAGNOSTIC_ONLY
SS,viscosity_laplacian_acceleration,209,HMSO01R_A|PRIMARY|F3|1b4a7e3521dd87a05fef058b4828da1edb8cd5aec8d9c673df117a1ec7434769,F3,FOLD_2,HMSO01R_A|FIELD_LINEAGE|1014832cdbdd8f9e416c91cfffc398c0221e1acf20617efe558f4efd66f3578a,0.0,transverse,0.01889616850749905,1.0,INSIDE_MAJORITY,EVALUABLE,EXPLORATORY_CONSUMED_DIAGNOSTIC_ONLY
SS,viscosity_laplacian_acceleration,210,HMSO01R_A|PRIMARY|F3|05d39cb15a23b77aab779fae1dffbbd812f25b20aa4d3dfd129ae8a8a816cca2,F3,FOLD_2,HMSO01R_A|FIELD_LINEAGE|6ad90de4847db7d34a3540ed573a050180b363be817d3503c19045b1a2f0ed3c,0.0,longitudinal,1.0850624474927073,1.0,INSIDE_MAJORITY,EVALUABLE,EXPLORATORY_CONSUMED_DIAGNOSTIC_ONLY
SS,viscosity_laplacian_acceleration,211,HMSO01R_A|PRIMARY|F3|09cc668e9dba7d88f6e54f75d429302426e7aa2f208bb8a7ff5b73b66544e9bb,F3,FOLD_1,HMSO01R_A|FIELD_LINEAGE|d7d10f9b5293a22777f94b958cdb7280c40216c21a2b9b4a49451c1385cf26d9,0.0,longitudinal,0.8941059313033444,1.0,INSIDE_MAJORITY,EVALUABLE,EXPLORATORY_CONSUMED_DIAGNOSTIC_ONLY
SS,viscosity_laplacian_acceleration,212,HMSO01R_A|PRIMARY|F3|a06f00606b940920f0738610d64d9adf69927bef39903d0e7a4fef72cc281beb,F3,FOLD_0,HMSO01R_A|FIELD_LINEAGE|9f471cc2328d66ccf0ca43f62bf5e261a867f85eeac6edc5a472072ca388bff6,0.0,none,0.0,1.0,INSIDE_MAJORITY,EVALUABLE,EXPLORATORY_CONSUMED_DIAGNOSTIC_ONLY
SS,viscosity_laplacian_acceleration,213,HMSO01R_A|PRIMARY|F3|22ed08250476ad8132d9bdab1fa34035b518f147b69d656483ab08c91f2690a4,F3,FOLD_4,HMSO01R_A|FIELD_LINEAGE|3c7ea9b77bf044ea3d9c6d199831fc605b20c1d7b4a9ad213eb80b5cab2c0296,0.0,longitudinal,0.25324719489542524,1.0,INSIDE_MAJORITY,EVALUABLE,EXPLORATORY_CONSUMED_DIAGNOSTIC_ONLY
SS,viscosity_laplacian_acceleration,214,HMSO01R_A|PRIMARY|F3|21da884cce84230dcc114a21edaa02c78d3f03be035b98a9b2728a4b8603ec8c,F3,FOLD_0,HMSO01R_A|FIELD_LINEAGE|051eaa0f00871ac3de3987b76f15e88e4e718676447cf96853b1d9836e56f4a9,0.0,transverse,0.04076492437723482,1.0,INSIDE_MAJORITY,EVALUABLE,EXPLORATORY_CONSUMED_DIAGNOSTIC_ONLY
SS,viscosity_laplacian_acceleration,215,HMSO01R_A|PRIMARY|F3|f6ebcf09fc81ee2b77827b154fde7148695341b90b45859fdeecc87b05ff4caf,F3,FOLD_1,HMSO01R_A|FIELD_LINEAGE|0da6210822c1316c7a077be78ae0c871024433732125f17a7f978f92e0d637e1,0.0,longitudinal,0.47896173993107133,1.0,INSIDE_MAJORITY,EVALUABLE,EXPLORATORY_CONSUMED_DIAGNOSTIC_ONLY
SS,viscosity_laplacian_acceleration,216,HMSO01R_A|PRIMARY|F3|a78675ef00c0dc7b5d540c4ffaaf15f59ac2fa555bd32502d134587a1fc4c16f,F3,FOLD_0,HMSO01R_A|FIELD_LINEAGE|9f471cc2328d66ccf0ca43f62bf5e261a867f85eeac6edc5a472072ca388bff6,0.0,none,0.0,1.0,INSIDE_MAJORITY,EVALUABLE,EXPLORATORY_CONSUMED_DIAGNOSTIC_ONLY
SS,viscosity_laplacian_acceleration,217,HMSO01R_A|PRIMARY|F3|0a6d945c46b0d5e5b98e3a1197a9fe721d92190d97798bc12f6ca4db57cdd3d6,F3,FOLD_1,HMSO01R_A|FIELD_LINEAGE|07ef870a5e517a728f6e4939e44adb6e41abac7dca46a1a2247aeb449ae2b2b6,0.0,longitudinal,0.5469074859023636,1.0,INSIDE_MAJORITY,EVALUABLE,EXPLORATORY_CONSUMED_DIAGNOSTIC_ONLY
SS,viscosity_laplacian_acceleration,218,HMSO01R_A|PRIMARY|F3|c463516606ee8c4c1a3b434573e8495c274c7f668a1ed539ab784aa22bbc8bd7,F3,FOLD_0,HMSO01R_A|FIELD_LINEAGE|0d095ad04875a9db82a8c6062fc3703d3296558fc88db157a4ad79a6317e27a5,0.0,transverse,0.0012526699765010594,1.0,INSIDE_MAJORITY,EVALUABLE,EXPLORATORY_CONSUMED_DIAGNOSTIC_ONLY
SS,viscosity_laplacian_acceleration,219,HMSO01R_A|PRIMARY|F3|6472036ea78470d8788d70fa6d89e58eeee090b7e2f0998bbdc0beea3db2758d,F3,FOLD_4,HMSO01R_A|FIELD_LINEAGE|0ddf6cdd096735cc15f4456489e1d58f77aa80618dad5da96cca18e59be60b9c,0.0,transverse,0.3399675025577874,1.0,INSIDE_MAJORITY,EVALUABLE,EXPLORATORY_CONSUMED_DIAGNOSTIC_ONLY
SS,viscosity_laplacian_acceleration,220,HMSO01R_A|PRIMARY|F3|f3e2327f9b73508ecf7a883c33fe1553a004e2ae2881cc99e6ac3bcd4d7b3a11,F3,FOLD_2,HMSO01R_A|FIELD_LINEAGE|5c056a7425c54539d868f52b6ae68a4c578195d4f6b5cb7d636be4eab2c2df8c,0.0,none,0.0,1.0,INSIDE_MAJORITY,EVALUABLE,EXPLORATORY_CONSUMED_DIAGNOSTIC_ONLY
SS,viscosity_laplacian_acceleration,221,HMSO01R_A|PRIMARY|F3|6c24586eb799823630a419a0b4199df5d3f38c6d1a2a662d6c869fddf06570b6,F3,FOLD_4,HMSO01R_A|FIELD_LINEAGE|43048a070f7e90a4b3daec507e653fb282b428f5e4cf309a72c949e8f5226bf3,0.0,transverse,0.0008313849421193078,1.0,INSIDE_MAJORITY,EVALUABLE,EXPLORATORY_CONSUMED_DIAGNOSTIC_ONLY
SS,viscosity_laplacian_acceleration,222,HMSO01R_A|PRIMARY|F3|9b31b3d042f2e1de2933fe9923e4e95fb59b4a658533f8c072683810620fa170,F3,FOLD_0,HMSO01R_A|FIELD_LINEAGE|51aa7e7dbbb5aa6496f5ed0b95d8e85438067333a238c5e41877a3cd9ace3175,0.0,transverse,0.0034492472871075915,1.0,INSIDE_MAJORITY,EVALUABLE,EXPLORATORY_CONSUMED_DIAGNOSTIC_ONLY
SS,viscosity_laplacian_acceleration,223,HMSO01R_A|PRIMARY|F3|6b2c89cd3ffb71669c83bdccc811b6a9db38e88242eafa872a665d3547543682,F3,FOLD_5,HMSO01R_A|FIELD_LINEAGE|0ac3210ffe07941071125618f2e4ad4f522063f7735eb12854083a5cf3b96fca,0.0,longitudinal,1.6864487892379503,1.0,INSIDE_MAJORITY,EVALUABLE,EXPLORATORY_CONSUMED_DIAGNOSTIC_ONLY
SS,viscosity_laplacian_acceleration,224,HMSO01R_A|PRIMARY|F3|495ba1a4d513d7b77d558917d84762b10b3d5fcb3a9735e9f691fc80ea7caf42,F3,FOLD_3,HMSO01R_A|FIELD_LINEAGE|99c13161db8958c19a30a96b96a6940cece539d1c84e808e21dfa37710ec6894,0.0,longitudinal,1.0169067221499537,1.0,INSIDE_MAJORITY,EVALUABLE,EXPLORATORY_CONSUMED_DIAGNOSTIC_ONLY
SS,viscosity_laplacian_acceleration,225,HMSO01R_A|PRIMARY|F3|36c90f091efac4b31332373189b35b4adf1829ad932375257650642e0da7a044,F3,FOLD_1,HMSO01R_A|FIELD_LINEAGE|9035657b1a9729d4b57919992bee8d9ea960c2a587c8d3877d9c920d8fa2a77c,0.0,none,0.0,1.0,INSIDE_MAJORITY,EVALUABLE,EXPLORATORY_CONSUMED_DIAGNOSTIC_ONLY
SS,viscosity_laplacian_acceleration,226,HMSO01R_A|PRIMARY|F3|fefc93bf391a27e2ebe3a1140f7fe292478eed94430363eaf811e3e2c5c04f53,F3,FOLD_1,HMSO01R_A|FIELD_LINEAGE|7a536ab09e10cdf42c9afdd1f0f02ad4a5141ab50a8f50eb0b247ee08a4c67c0,0.0,longitudinal,1.089017712684381,1.0,INSIDE_MAJORITY,EVALUABLE,EXPLORATORY_CONSUMED_DIAGNOSTIC_ONLY
SS,viscosity_laplacian_acceleration,227,HMSO01R_A|PRIMARY|F3|4cda234c0475d6f05557ea16586f6a086d1159ec999b0a751b23b4f690d492f7,F3,FOLD_5,HMSO01R_A|FIELD_LINEAGE|0404a47ad84d3ab6d4cc0dbf7c8fea97f3bca817bfb6ce9e4a0d96e074c1229f,0.0,longitudinal,0.8886136442144095,1.0,INSIDE_MAJORITY,EVALUABLE,EXPLORATORY_CONSUMED_DIAGNOSTIC_ONLY
SS,viscosity_laplacian_acceleration,228,HMSO01R_A|PRIMARY|F3|5345902cb9bc3a92ef959f7406060b23f2a73e2e1371d31d99c943fc571e75ec,F3,FOLD_3,HMSO01R_A|FIELD_LINEAGE|0a252563daa08b1ab13bdaf89c42f5f5445076fcfec6feb203abcad9de8ed55a,0.0,none,0.0,1.0,INSIDE_MAJORITY,EVALUABLE,EXPLORATORY_CONSUMED_DIAGNOSTIC_ONLY
SS,viscosity_laplacian_acceleration,229,HMSO01R_A|PRIMARY|F3|70846550f93030f5e797b9cc40dd60e4750a3db2cbaa28dc008127d7e34d79a4,F3,FOLD_0,HMSO01R_A|FIELD_LINEAGE|cb947f8167c6ce3da1c26b48289f11fe77c609125572b2e2f489d9b4dbf77d91,0.0,longitudinal,0.8088091599226368,1.0,INSIDE_MAJORITY,EVALUABLE,EXPLORATORY_CONSUMED_DIAGNOSTIC_ONLY
SS,viscosity_laplacian_acceleration,230,HMSO01R_A|PRIMARY|F3|1d04f3e121ba9f0c3b1e345085a6d33da6902d60234f461d4a6ee2171dcd14a2,F3,FOLD_2,HMSO01R_A|FIELD_LINEAGE|a7458b96c9ce1c60bf3ea9d352424b7dd251e22480db263be2c5716c65dc6939,0.0,none,0.0,1.0,INSIDE_MAJORITY,EVALUABLE,EXPLORATORY_CONSUMED_DIAGNOSTIC_ONLY
SS,viscosity_laplacian_acceleration,231,HMSO01R_A|PRIMARY|F3|992cfe2587948c84f376807a446f61bc75663610f19574dc19ddcaf94cd37239,F3,FOLD_2,HMSO01R_A|FIELD_LINEAGE|c2759d4a0108475d88af3dd58a918080f77e42a77ac5a686ce9a650a1d522183,0.0,longitudinal,1.5984058805512111,1.0,INSIDE_MAJORITY,EVALUABLE,EXPLORATORY_CONSUMED_DIAGNOSTIC_ONLY
SS,viscosity_laplacian_acceleration,232,HMSO01R_A|PRIMARY|F3|7136656598cb24640a081e69d60382186efc577b90139fd912756f7adda26005,F3,FOLD_5,HMSO01R_A|FIELD_LINEAGE|0fdda9072ffc8d97ff7e0441813be2217cbf8a41c67bef8c56cb65c5e8c889e5,0.0,transverse,0.014704961767993054,1.0,INSIDE_MAJORITY,EVALUABLE,EXPLORATORY_CONSUMED_DIAGNOSTIC_ONLY
SS,viscosity_laplacian_acceleration,233,HMSO01R_A|PRIMARY|F3|80f1ddf447a9f070c4b8c90f674bbe33b4d9e3e48c3556797324f4f97c6f2790,F3,FOLD_5,HMSO01R_A|FIELD_LINEAGE|34a4e80876c1805c1767ae4dec4e60fe92b927519de4d3f4fc98d8e491efa006,0.0,longitudinal,0.48622209461166666,1.0,INSIDE_MAJORITY,EVALUABLE,EXPLORATORY_CONSUMED_DIAGNOSTIC_ONLY
SS,viscosity_laplacian_acceleration,234,HMSO01R_A|PRIMARY|F3|ca00eb8ffcc519aea35eb210592a3e338905e20778f429a6567f20cff3dcd7f9,F3,FOLD_2,HMSO01R_A|FIELD_LINEAGE|6ad90de4847db7d34a3540ed573a050180b363be817d3503c19045b1a2f0ed3c,0.0,longitudinal,0.7203122856627973,0.890625,INSIDE_MAJORITY,EVALUABLE,EXPLORATORY_CONSUMED_DIAGNOSTIC_ONLY
SS,viscosity_laplacian_acceleration,235,HMSO01R_A|PRIMARY|F3|4b991d5f1d978986f69fcb0236ec4a83e34cbcaba9d7882a4d1f23e4df8cc31b,F3,FOLD_4,HMSO01R_A|FIELD_LINEAGE|f82108cfb75a5ece90cca0bec2aa62b5af33b3b96774d26a9d5bbde8416cb360,0.0,longitudinal,0.2518172073339855,1.0,INSIDE_MAJORITY,EVALUABLE,EXPLORATORY_CONSUMED_DIAGNOSTIC_ONLY
SS,viscosity_laplacian_acceleration,236,HMSO01R_A|PRIMARY|F3|362dc3678e005c1c1211eface4ff1a96771b521fd8dfed0969697a160f66e68e,F3,FOLD_4,HMSO01R_A|FIELD_LINEAGE|ea7a0f305184b5efcd1c245ec8837c3d5e92744042b12d412ef90758785acc95,0.0,transverse,1.1362535543490808,1.0,INSIDE_MAJORITY,EVALUABLE,EXPLORATORY_CONSUMED_DIAGNOSTIC_ONLY
SS,viscosity_laplacian_acceleration,237,HMSO01R_A|PRIMARY|F3|2d0a10ea34da730e58ecbeff3ce6e1f0b5db801184e52e09ed7cda862ce11fe7,F3,FOLD_3,HMSO01R_A|FIELD_LINEAGE|b1c696b82fff7183ba4fc0ae8ce4363fcd56ada1cc6ffa171713dda9524816e8,0.0,transverse,0.8621666552171269,1.0,INSIDE_MAJORITY,EVALUABLE,EXPLORATORY_CONSUMED_DIAGNOSTIC_ONLY
SS,viscosity_laplacian_acceleration,238,HMSO01R_A|PRIMARY|F3|3163c11319e01c1fa67d9f34e9aed73c1f867fd08b7c89b010a7b3a4097c9f8e,F3,FOLD_1,HMSO01R_A|FIELD_LINEAGE|a3f750d8c1551c6ecf78f876fab114a3481105b16656dddc657ee8cfb50fd48b,0.0,none,0.0,1.0,INSIDE_MAJORITY,EVALUABLE,EXPLORATORY_CONSUMED_DIAGNOSTIC_ONLY
SS,viscosity_laplacian_acceleration,239,HMSO01R_A|PRIMARY|F3|380f69ecea392f85530413b931220c918af563554de7f128286ecaec359623f2,F3,FOLD_0,HMSO01R_A|FIELD_LINEAGE|2bf67fa14447cc7892bedcae7ba79ef420cf3b1aa476bde75527a097c9a5c922,0.0,none,0.0,1.0,INSIDE_MAJORITY,EVALUABLE,EXPLORATORY_CONSUMED_DIAGNOSTIC_ONLY
SS,viscosity_laplacian_acceleration,240,HMSO01R_A|PRIMARY|F3|13c1013b13a07676d41856b9facf68d3da57412867cb173e2968fab19b857816,F3,FOLD_0,HMSO01R_A|FIELD_LINEAGE|8e40e60ae6de8d393e4f96f7c0cdfd3570298138a8d1d44c6db1dc858b71a31e,0.0,none,0.0,1.0,INSIDE_MAJORITY,EVALUABLE,EXPLORATORY_CONSUMED_DIAGNOSTIC_ONLY
SS,viscosity_laplacian_acceleration,241,HMSO01R_A|PRIMARY|F3|18ef690b3c59b611d2a28230dd7b48838e1ff16db804f1890537e6174977f2c2,F3,FOLD_3,HMSO01R_A|FIELD_LINEAGE|a97cf87a717a68b745e28078c021ba65c881711a1cd171188bc4affd3a1b5795,0.0,none,0.0,1.0,INSIDE_MAJORITY,EVALUABLE,EXPLORATORY_CONSUMED_DIAGNOSTIC_ONLY
SS,viscosity_laplacian_acceleration,242,HMSO01R_A|PRIMARY|F3|68ec409d4a3309a14535aec6bb5958f5430688d65d51b348e794666d7d65d44f,F3,FOLD_5,HMSO01R_A|FIELD_LINEAGE|bf32023450080971c5fdfb56d7a260838d7b8e02917a4118c4ed0b4a49c6c14a,0.0,transverse,0.5520909903586405,1.0,INSIDE_MAJORITY,EVALUABLE,EXPLORATORY_CONSUMED_DIAGNOSTIC_ONLY
SS,viscosity_laplacian_acceleration,243,HMSO01R_A|PRIMARY|F3|7b160ffc1ee3480a1414d9a2546b7df691497ca9426646a9dbf10b739adaf9ba,F3,FOLD_5,HMSO01R_A|FIELD_LINEAGE|83c68f311cba3e93368aeeec1e81f7eebc2d9d8bfb68a0ba32cbc3fe731f6155,0.0,transverse,0.47229103954118123,1.0,INSIDE_MAJORITY,EVALUABLE,EXPLORATORY_CONSUMED_DIAGNOSTIC_ONLY
SS,viscosity_laplacian_acceleration,244,HMSO01R_A|PRIMARY|F3|2533adb0fb2c8361bc57883a1879af5f891df3aa1c79e916e4a317b4a1d5c8d1,F3,FOLD_3,HMSO01R_A|FIELD_LINEAGE|0a252563daa08b1ab13bdaf89c42f5f5445076fcfec6feb203abcad9de8ed55a,0.0,none,0.0,1.0,INSIDE_MAJORITY,EVALUABLE,EXPLORATORY_CONSUMED_DIAGNOSTIC_ONLY
SS,viscosity_laplacian_acceleration,245,HMSO01R_A|PRIMARY|F3|653053ef8ac15854c397871157381bff72482264f1b13133d6e6ccb77ff9aeba,F3,FOLD_3,HMSO01R_A|FIELD_LINEAGE|1a444bf8e4f5678b58a9ba1debf6e16323abf2899e40040f0bbc7e1608156e14,0.0,transverse,0.2601449101512373,1.0,INSIDE_MAJORITY,EVALUABLE,EXPLORATORY_CONSUMED_DIAGNOSTIC_ONLY
SS,viscosity_laplacian_acceleration,246,HMSO01R_A|PRIMARY|F3|ea2d887ae045743da34d43d6b72ae43caedb23d56183d2afa0b13828de776344,F3,FOLD_5,HMSO01R_A|FIELD_LINEAGE|e9dc12a25958465c187afbd7ef920bc04ba98d4b232046e156979d215bd85146,0.0,none,0.0,1.0,INSIDE_MAJORITY,EVALUABLE,EXPLORATORY_CONSUMED_DIAGNOSTIC_ONLY
SS,viscosity_laplacian_acceleration,247,HMSO01R_A|PRIMARY|F3|dc8d9c4e413930a97b4cd3082904857f7e51fd10e589394942b120f455a2cc25,F3,FOLD_4,HMSO01R_A|FIELD_LINEAGE|7b060c06cca73ad49fc21e32e1688bcbe34e5745a78029b452cbacf697a204be,0.0,none,0.0,1.0,INSIDE_MAJORITY,EVALUABLE,EXPLORATORY_CONSUMED_DIAGNOSTIC_ONLY
SS,viscosity_laplacian_acceleration,248,HMSO01R_A|PRIMARY|F3|44116bd7174544bd426c255cf46e31b00e1aa52defd540ae4856fc93d8675b6b,F3,FOLD_2,HMSO01R_A|FIELD_LINEAGE|61b0a8ee57598b36eed2786a9e3e1cafd7d1e5cb7b5052c92f6d5c1826bc6619,0.0,longitudinal,0.11214589600343151,1.0,INSIDE_MAJORITY,EVALUABLE,EXPLORATORY_CONSUMED_DIAGNOSTIC_ONLY
SS,viscosity_laplacian_acceleration,249,HMSO01R_A|PRIMARY|F3|def8e91d8dfb3847bee14620c91a0b5b838f5d2bfe72d46753482c88503c8b88,F3,FOLD_5,HMSO01R_A|FIELD_LINEAGE|19bc9c15d585b69ea5a604b39577d278e2c7b171a2d899f0352dc2850b1dc0cb,0.0,transverse,0.07945899937839629,1.0,INSIDE_MAJORITY,EVALUABLE,EXPLORATORY_CONSUMED_DIAGNOSTIC_ONLY
SS,viscosity_laplacian_acceleration,250,HMSO01R_A|PRIMARY|F3|e04e6444e20de807e03f26f651319384463d229d80d41c58718b558366ce7843,F3,FOLD_0,HMSO01R_A|FIELD_LINEAGE|0d095ad04875a9db82a8c6062fc3703d3296558fc88db157a4ad79a6317e27a5,0.0,transverse,0.0014647107810160562,1.0,INSIDE_MAJORITY,EVALUABLE,EXPLORATORY_CONSUMED_DIAGNOSTIC_ONLY
SS,viscosity_laplacian_acceleration,251,HMSO01R_A|PRIMARY|F3|0ee0c86bc2bc91e027267a2389a0bdb674a41e8c3dd241151e876582a8fdd70d,F3,FOLD_3,HMSO01R_A|FIELD_LINEAGE|7583af7a3fd0bfbef70db28fd30d8a1112bd000451f8c0ebdcd0eabb3acf22a1,0.0,transverse,1.2958374196450357,1.0,INSIDE_MAJORITY,EVALUABLE,EXPLORATORY_CONSUMED_DIAGNOSTIC_ONLY
SS,viscosity_laplacian_acceleration,252,HMSO01R_A|PRIMARY|F3|e263cdb5bb985dfceb73a368db0f1f5bfce2fea6cc9f4afa9306bea48ada1a6f,F3,FOLD_1,HMSO01R_A|FIELD_LINEAGE|d6ecf8cd80acb9db6acee967c0d1a3a8ca941d75fcf9e621c7ea05d79a191767,0.0,longitudinal,0.8462272131189499,1.0,INSIDE_MAJORITY,EVALUABLE,EXPLORATORY_CONSUMED_DIAGNOSTIC_ONLY
SS,viscosity_laplacian_acceleration,253,HMSO01R_A|PRIMARY|F3|c6fa46c4e95da6f6bc71a788cf09b900a973347f55e79f32ebd345970c2a6f65,F3,FOLD_1,HMSO01R_A|FIELD_LINEAGE|a3f750d8c1551c6ecf78f876fab114a3481105b16656dddc657ee8cfb50fd48b,0.0,none,0.11496186112207221,1.0,INSIDE_MAJORITY,EVALUABLE,EXPLORATORY_CONSUMED_DIAGNOSTIC_ONLY
SS,viscosity_laplacian_acceleration,254,HMSO01R_A|PRIMARY|F3|eac488ff4dd7149e5f4efe4b3645a2336a6306588688b4f82502c966f1148bfb,F3,FOLD_1,HMSO01R_A|FIELD_LINEAGE|0af73c913450206e45697078b9ff423d2fbe56a236026748e22945b9fe394efb,0.0,longitudinal,0.4905793669546996,1.0,INSIDE_MAJORITY,EVALUABLE,EXPLORATORY_CONSUMED_DIAGNOSTIC_ONLY
SS,viscosity_laplacian_acceleration,255,HMSO01R_A|PRIMARY|F3|42255f3b8df188b4b58dd874b7ef736b47932c7d925a1f1b17b1881babb64743,F3,FOLD_3,HMSO01R_A|FIELD_LINEAGE|adcf8aaea780832e88b7b6b779fb3ef2ecab338dd7379ac8654e7aabdcee4b4f,0.0,none,0.0,1.0,INSIDE_MAJORITY,EVALUABLE,EXPLORATORY_CONSUMED_DIAGNOSTIC_ONLY
SS,viscosity_laplacian_acceleration,256,HMSO01R_A|PRIMARY|F3|250069e18fee258e82eede00fdf9adb751acd5c2f8496c8fdc69ba43bedbab52,F3,FOLD_0,HMSO01R_A|FIELD_LINEAGE|fd04ea3f458e107df0af85b51443fd7c576cbde1f2a34afcd2f94001f9376e64,0.0,none,0.0,1.0,INSIDE_MAJORITY,EVALUABLE,EXPLORATORY_CONSUMED_DIAGNOSTIC_ONLY
SS,viscosity_laplacian_acceleration,257,HMSO01R_A|PRIMARY|F3|aecf7922000672602f41f9c886a0802ff665c6869b1d7e10c034334da9814021,F3,FOLD_1,HMSO01R_A|FIELD_LINEAGE|4cf69c455bf1f50d880646e37d5ce58645992adb18a995a52fdf89583dcd2384,0.0,none,0.0,1.0,INSIDE_MAJORITY,EVALUABLE,EXPLORATORY_CONSUMED_DIAGNOSTIC_ONLY
SS,viscosity_laplacian_acceleration,258,HMSO01R_A|PRIMARY|F3|5ce4f3220cbbb898f20b8d1521d212931fd5b2278c2883fa0502f4313f1155c4,F3,FOLD_5,HMSO01R_A|FIELD_LINEAGE|83c68f311cba3e93368aeeec1e81f7eebc2d9d8bfb68a0ba32cbc3fe731f6155,0.0,transverse,0.010017911316463271,1.0,INSIDE_MAJORITY,EVALUABLE,EXPLORATORY_CONSUMED_DIAGNOSTIC_ONLY
SS,viscosity_laplacian_acceleration,259,HMSO01R_A|PRIMARY|F3|c2af3d5c0e7e86284f96d57c47c6c5bd252b99efef65ce29672b71ccb8a8e36a,F3,FOLD_4,HMSO01R_A|FIELD_LINEAGE|9ff02fac76e3803bb8391cba4035dfa7a72d5220975092d818302f10f07c08e9,0.0,none,0.0,1.0,INSIDE_MAJORITY,EVALUABLE,EXPLORATORY_CONSUMED_DIAGNOSTIC_ONLY
SS,viscosity_laplacian_acceleration,260,HMSO01R_A|PRIMARY|F3|a07d93d2a8225e8cb94863bd25cb217b01ccf43f0fdc968797433c20fe16588c,F3,FOLD_3,HMSO01R_A|FIELD_LINEAGE|f2a3ceeae0e0974c878bba3a036f383f979564d7512b59be838a43b0d537377a,0.0,transverse,0.031987682056272476,1.0,INSIDE_MAJORITY,EVALUABLE,EXPLORATORY_CONSUMED_DIAGNOSTIC_ONLY
SS,viscosity_laplacian_acceleration,261,HMSO01R_A|PRIMARY|F3|f977e81f259034dd8b9bf0f1feb8de30c75e56d612513eeda3fb48e66576fde9,F3,FOLD_1,HMSO01R_A|FIELD_LINEAGE|21dfb26365637485a590f4aa1b2a5297d551eab87745fb26abbdd41a0e1d8daa,0.0,none,0.0060510038347716295,1.0,INSIDE_MAJORITY,EVALUABLE,EXPLORATORY_CONSUMED_DIAGNOSTIC_ONLY
SS,viscosity_laplacian_acceleration,262,HMSO01R_A|PRIMARY|F3|45f73cec5484a7a54fe84df8ae7638a01d9a80a574526579b753371f8d73b14f,F3,FOLD_0,HMSO01R_A|FIELD_LINEAGE|2bf67fa14447cc7892bedcae7ba79ef420cf3b1aa476bde75527a097c9a5c922,0.0,none,0.0,1.0,INSIDE_MAJORITY,EVALUABLE,EXPLORATORY_CONSUMED_DIAGNOSTIC_ONLY
SS,viscosity_laplacian_acceleration,263,HMSO01R_A|PRIMARY|F3|4a6874df79991c13576be3d2bfbb235e50e272b38629dcda3e2ea270126c35fb,F3,FOLD_0,HMSO01R_A|FIELD_LINEAGE|8e40e60ae6de8d393e4f96f7c0cdfd3570298138a8d1d44c6db1dc858b71a31e,0.0,none,0.0,1.0,INSIDE_MAJORITY,EVALUABLE,EXPLORATORY_CONSUMED_DIAGNOSTIC_ONLY
SS,viscosity_laplacian_acceleration,264,HMSO01R_A|PRIMARY|F3|ddb33bf0e6d7c43f952d5d9d1706b4d65f742c0cb746ceff262b75e37f8810ba,F3,FOLD_3,HMSO01R_A|FIELD_LINEAGE|c54c1448df9c13b6658cb41b2c187b93be0f6db94293a7911953a6e90d602764,0.0,longitudinal,0.9867726741967235,0.953125,INSIDE_MAJORITY,EVALUABLE,EXPLORATORY_CONSUMED_DIAGNOSTIC_ONLY
SS,viscosity_laplacian_acceleration,265,HMSO01R_A|PRIMARY|F3|274c2031ba590d785d88bad03ceb155b8a64c57ddab3a478a74ea8522ed459b6,F3,FOLD_1,HMSO01R_A|FIELD_LINEAGE|d6ecf8cd80acb9db6acee967c0d1a3a8ca941d75fcf9e621c7ea05d79a191767,0.0,longitudinal,0.3683238303122104,1.0,INSIDE_MAJORITY,EVALUABLE,EXPLORATORY_CONSUMED_DIAGNOSTIC_ONLY
SS,viscosity_laplacian_acceleration,266,HMSO01R_A|PRIMARY|F3|15771101c80eb37f151b78ed8f2bba393bbe3047cda8c732baf0f06c18bae7e3,F3,FOLD_5,HMSO01R_A|FIELD_LINEAGE|21308456c1ed84c2854c7a093be1e48cf9af8d5768485e2a86892e0fd138af17,0.0,none,0.0002639563367799986,1.0,INSIDE_MAJORITY,EVALUABLE,EXPLORATORY_CONSUMED_DIAGNOSTIC_ONLY
SS,viscosity_laplacian_acceleration,267,HMSO01R_A|PRIMARY|F3|0f682408db3625ffc5045e88a7fa1afa4c9a7be6cc44b84102e81531d6d926e6,F3,FOLD_0,HMSO01R_A|FIELD_LINEAGE|2e00a5aa730d3fe2629242ac9cb05445890c5ccd2cee3bc6b04bd3dcaa176cdc,0.0,longitudinal,0.9145655699601776,1.0,INSIDE_MAJORITY,EVALUABLE,EXPLORATORY_CONSUMED_DIAGNOSTIC_ONLY
SS,viscosity_laplacian_acceleration,268,HMSO01R_A|PRIMARY|F3|510a5e243faeece1484912a18f5fc7e9900fe5c133aae9468e13515bacc10b51,F3,FOLD_4,HMSO01R_A|FIELD_LINEAGE|9239a350bed02b809dafe66125991e7de2c0c1c20b38f7689dc19527329619d6,0.0,transverse,0.041391475551098164,1.0,INSIDE_MAJORITY,EVALUABLE,EXPLORATORY_CONSUMED_DIAGNOSTIC_ONLY
SS,viscosity_laplacian_acceleration,269,HMSO01R_A|PRIMARY|F3|e78c69a17927f7d8a3db4a1024dee136e3cedde8ca2b0830e5fe247b291d887c,F3,FOLD_3,HMSO01R_A|FIELD_LINEAGE|b1c696b82fff7183ba4fc0ae8ce4363fcd56ada1cc6ffa171713dda9524816e8,0.0,transverse,1.290605474358994,1.0,INSIDE_MAJORITY,EVALUABLE,EXPLORATORY_CONSUMED_DIAGNOSTIC_ONLY
SS,viscosity_laplacian_acceleration,270,HMSO01R_A|PRIMARY|F3|3f32014cc46db6982a14f2cee352392c822d4ac29aa18a16855949da8671e5a1,F3,FOLD_4,HMSO01R_A|FIELD_LINEAGE|d1321924d243ef663d38f2119b3da3e0b77ff9249352efe1c25dfa4971fbd453,0.0,none,0.0,1.0,INSIDE_MAJORITY,EVALUABLE,EXPLORATORY_CONSUMED_DIAGNOSTIC_ONLY
SS,viscosity_laplacian_acceleration,271,HMSO01R_A|PRIMARY|F3|bef78f5fddd3452c6b14cb4c4fb6c0b510253eced0e1f946f9e78200b9cbbb2d,F3,FOLD_2,HMSO01R_A|FIELD_LINEAGE|98ef721075a1ebd7c92edcbcf7747aac6c3d77c4f9c29f15e5d83577ad6d7f6b,0.0,longitudinal,0.4686359430567309,0.8125,INSIDE_MAJORITY,EVALUABLE,EXPLORATORY_CONSUMED_DIAGNOSTIC_ONLY
SS,viscosity_laplacian_acceleration,272,HMSO01R_A|PRIMARY|F3|02ca21a0314f19805ffe873f303fa54fe86f5d3d6d770015a5c846b75255ff7a,F3,FOLD_3,HMSO01R_A|FIELD_LINEAGE|b7c6344fafcff3e1128b30252e587c19386316434538ac595af9870864bff2e9,0.0,transverse,6.0332229512803054e-05,1.0,INSIDE_MAJORITY,EVALUABLE,EXPLORATORY_CONSUMED_DIAGNOSTIC_ONLY
SS,viscosity_laplacian_acceleration,273,HMSO01R_A|PRIMARY|F3|c333e644a9c87a0dd9864d3130310ff8db216a39061360b7a7a90b130af1a75c,F3,FOLD_3,HMSO01R_A|FIELD_LINEAGE|0a252563daa08b1ab13bdaf89c42f5f5445076fcfec6feb203abcad9de8ed55a,0.0,none,0.0,1.0,INSIDE_MAJORITY,EVALUABLE,EXPLORATORY_CONSUMED_DIAGNOSTIC_ONLY
SS,viscosity_laplacian_acceleration,274,HMSO01R_A|PRIMARY|F3|c63d89d72029153ba0d49d1f609be0b1ff98ddcac1d08c8fa2d7f8f9fae2c730,F3,FOLD_2,HMSO01R_A|FIELD_LINEAGE|61b0a8ee57598b36eed2786a9e3e1cafd7d1e5cb7b5052c92f6d5c1826bc6619,0.0,longitudinal,0.4495676240938957,1.0,INSIDE_MAJORITY,EVALUABLE,EXPLORATORY_CONSUMED_DIAGNOSTIC_ONLY
SS,viscosity_laplacian_acceleration,275,HMSO01R_A|PRIMARY|F3|5b31e243c622c272f6ff1603187caeafa7ec0920c1df79a92aecd2fbaa49ee35,F3,FOLD_1,HMSO01R_A|FIELD_LINEAGE|07ef870a5e517a728f6e4939e44adb6e41abac7dca46a1a2247aeb449ae2b2b6,0.0,longitudinal,0.27227098670981886,1.0,INSIDE_MAJORITY,EVALUABLE,EXPLORATORY_CONSUMED_DIAGNOSTIC_ONLY
SS,viscosity_laplacian_acceleration,276,HMSO01R_A|PRIMARY|F3|5c0d0ce2e0e3894c84ffb622054776ff13ecaa2c69f4830d76875194f4719557,F3,FOLD_0,HMSO01R_A|FIELD_LINEAGE|051eaa0f00871ac3de3987b76f15e88e4e718676447cf96853b1d9836e56f4a9,0.0,transverse,0.532476771505139,1.0,INSIDE_MAJORITY,EVALUABLE,EXPLORATORY_CONSUMED_DIAGNOSTIC_ONLY
SS,viscosity_laplacian_acceleration,277,HMSO01R_A|PRIMARY|F3|8957bba0b6b7c6207995e43fbebef5604b5c1f21fa9f2bb551f9557857ec496a,F3,FOLD_5,HMSO01R_A|FIELD_LINEAGE|f52ad1fbea60f2cef5c93f5785e888eaa7893de6dad0b2f7545e6d3f4e338f25,0.0,longitudinal,0.5724795131686153,1.0,INSIDE_MAJORITY,EVALUABLE,EXPLORATORY_CONSUMED_DIAGNOSTIC_ONLY
SS,viscosity_laplacian_acceleration,278,HMSO01R_A|PRIMARY|F3|1b7f8ef99e42d00a053404bd9169623350f9d416432190eb695b53800825cda0,F3,FOLD_4,HMSO01R_A|FIELD_LINEAGE|75819144781d043ebbeb8c2d3fbfa9139c47542df53315ab71a80a7addb49109,0.0,none,0.0,1.0,INSIDE_MAJORITY,EVALUABLE,EXPLORATORY_CONSUMED_DIAGNOSTIC_ONLY
SS,viscosity_laplacian_acceleration,279,HMSO01R_A|PRIMARY|F3|c12e5512c669b4a3cbf5b6e89e1763c206004a4fa154767d1642208d82e43474,F3,FOLD_2,HMSO01R_A|FIELD_LINEAGE|c3a574c6618599692f4195c9d1a59189286c1fc26ae852d26723565b0428d983,0.0,none,0.0,1.0,INSIDE_MAJORITY,EVALUABLE,EXPLORATORY_CONSUMED_DIAGNOSTIC_ONLY
SS,viscosity_laplacian_acceleration,280,HMSO01R_A|PRIMARY|F3|84831626711a081a0e9e0d0668fbb26dfb58f95672277a402cf7a98289c1f3f2,F3,FOLD_0,HMSO01R_A|FIELD_LINEAGE|fd04ea3f458e107df0af85b51443fd7c576cbde1f2a34afcd2f94001f9376e64,0.0,none,0.0,1.0,INSIDE_MAJORITY,EVALUABLE,EXPLORATORY_CONSUMED_DIAGNOSTIC_ONLY
SS,viscosity_laplacian_acceleration,281,HMSO01R_A|PRIMARY|F3|166fe64198a1c3e3ba24ba2da836582dab251d3dd8c49bf9037daa83bf978def,F3,FOLD_2,HMSO01R_A|FIELD_LINEAGE|4c3bbd0a7d56407cf1ccc6d516e10bc822949b03124ef92a27e554a97f6ed1b2,0.0,transverse,1.4278779359930376,1.0,INSIDE_MAJORITY,EVALUABLE,EXPLORATORY_CONSUMED_DIAGNOSTIC_ONLY
SS,viscosity_laplacian_acceleration,282,HMSO01R_A|PRIMARY|F3|456aba1a7da72fd641eea98ae6f3495800a2489a115b86b7310ae5d079ead82a,F3,FOLD_5,HMSO01R_A|FIELD_LINEAGE|9415b727187c332c72260d653b657bcbe590635140818a0978bae1e8dcd4568b,0.0,none,0.0,1.0,INSIDE_MAJORITY,EVALUABLE,EXPLORATORY_CONSUMED_DIAGNOSTIC_ONLY
SS,viscosity_laplacian_acceleration,283,HMSO01R_A|PRIMARY|F3|642fa4ee6c2c422eab8b65fb64e4558ece2efb54b49d399d056377d37748b5a6,F3,FOLD_4,HMSO01R_A|FIELD_LINEAGE|ea7a0f305184b5efcd1c245ec8837c3d5e92744042b12d412ef90758785acc95,0.0,transverse,1.4713323213623672,1.0,INSIDE_MAJORITY,EVALUABLE,EXPLORATORY_CONSUMED_DIAGNOSTIC_ONLY
SS,viscosity_laplacian_acceleration,284,HMSO01R_A|PRIMARY|F3|3175d180e4d467c3b3ee6e516632373afe58cecdfc663671603274c230831d69,F3,FOLD_4,HMSO01R_A|FIELD_LINEAGE|5a0dbac6ae904f5529ad460639c41b1b383ca8809b93f779bcc31cb0fd08d08b,0.0,none,0.0,1.0,INSIDE_MAJORITY,EVALUABLE,EXPLORATORY_CONSUMED_DIAGNOSTIC_ONLY
SS,viscosity_laplacian_acceleration,285,HMSO01R_A|PRIMARY|F3|a2031fc45c0421e224bd21dce94627d03a316cde187ae6d48b90b56d1c51da5d,F3,FOLD_2,HMSO01R_A|FIELD_LINEAGE|eadb4166638494d642712d8eabac62f88ed028f779148966c13d2efd6405fa1d,0.0,transverse,0.0011871621116619126,1.0,INSIDE_MAJORITY,EVALUABLE,EXPLORATORY_CONSUMED_DIAGNOSTIC_ONLY
SS,viscosity_laplacian_acceleration,286,HMSO01R_A|PRIMARY|F3|8410477f22210a51bd73f4d2bd5c11b7a2fc4dbb0363248233ffc7d2c3dd07c0,F3,FOLD_2,HMSO01R_A|FIELD_LINEAGE|e25db364da9db9cdb46c3073fa0aa473b93b0eed9df5062f9696d75bd2f90442,0.0,none,0.0,1.0,INSIDE_MAJORITY,EVALUABLE,EXPLORATORY_CONSUMED_DIAGNOSTIC_ONLY
SS,viscosity_laplacian_acceleration,287,HMSO01R_A|PRIMARY|F3|b888419bbbcc26de7ec8b027a9528281d2f1a9d121f0adddbe4aa1eda5e70c5e,F3,FOLD_2,HMSO01R_A|FIELD_LINEAGE|41b714ff189f53f826864cf9fac2bed83a6e097351a7033fcea23d658bf21b54,0.0,none,0.0,1.0,INSIDE_MAJORITY,EVALUABLE,EXPLORATORY_CONSUMED_DIAGNOSTIC_ONLY
SS,viscosity_laplacian_acceleration,288,HMSO01R_A|PRIMARY|F4|141d214d6fbecf88d4c59a03f8dc3b24beb51fc230773ee890a4b851d346997f,F4,FOLD_0,HMSO01R_A|FIELD_LINEAGE|197d7ec024c0036b09ad028c746809cfe1ed712ccbb40eead96390c6dfdd817b,0.05,transverse,0.060909441003879815,1.0,INSIDE_MAJORITY,EVALUABLE,EXPLORATORY_CONSUMED_DIAGNOSTIC_ONLY
SS,viscosity_laplacian_acceleration,289,HMSO01R_A|PRIMARY|F4|8140c0dc3b31c67a47815b694720914564c68a1dc815c23da3a6f1c6aa02932b,F4,FOLD_2,HMSO01R_A|FIELD_LINEAGE|8af782533dccfef4a682f44ff365b7014ae448a56bd62c92877bbd37640adb31,0.05,transverse,0.7055983425057739,1.0,INSIDE_MAJORITY,EVALUABLE,EXPLORATORY_CONSUMED_DIAGNOSTIC_ONLY
SS,viscosity_laplacian_acceleration,290,HMSO01R_A|PRIMARY|F4|92d400a387d7fd07980ceaa710bca64dffd4f47ca949167ba5e4f2afdd2a764f,F4,FOLD_5,HMSO01R_A|FIELD_LINEAGE|c9a10c50914a082104b6f42f933e2e8b35494d6ac1b464fc981b740edc26e9a6,0.1,none,0.5892432742911418,0.8671875,INSIDE_MAJORITY,EVALUABLE,EXPLORATORY_CONSUMED_DIAGNOSTIC_ONLY
SS,viscosity_laplacian_acceleration,291,HMSO01R_A|PRIMARY|F4|51519fc5de1deb527bc7ba7450dbd141324700f1ad0b32b7d8bb03e54859db76,F4,FOLD_0,HMSO01R_A|FIELD_LINEAGE|197d7ec024c0036b09ad028c746809cfe1ed712ccbb40eead96390c6dfdd817b,0.0,transverse,0.6254840215461628,1.0,INSIDE_MAJORITY,EVALUABLE,EXPLORATORY_CONSUMED_DIAGNOSTIC_ONLY
SS,viscosity_laplacian_acceleration,292,HMSO01R_A|PRIMARY|F4|8a6dad5114701cab1eb0845285cdf269a4dc3a234a95f4ea2b384a6b6883d0e6,F4,FOLD_4,HMSO01R_A|FIELD_LINEAGE|6359faeb0765247f7e12d6c9e8bbc8898fa74fca5c76c863a6009dffddbcb32e,0.05,longitudinal,1.8338951731160638,0.1328125,OUTSIDE_MAJORITY,EVALUABLE,EXPLORATORY_CONSUMED_DIAGNOSTIC_ONLY
SS,viscosity_laplacian_acceleration,293,HMSO01R_A|PRIMARY|F4|9b7be32ff75798d82be6c9492bf1dab25beef5734cfe5b6cd2115aa89aa759dc,F4,FOLD_1,HMSO01R_A|FIELD_LINEAGE|3264ae7008b91adb6f4b677f3ecc13cbe5ab1143b7f33ef501525d095e0b618c,0.0,none,0.0,1.0,INSIDE_MAJORITY,EVALUABLE,EXPLORATORY_CONSUMED_DIAGNOSTIC_ONLY
SS,viscosity_laplacian_acceleration,294,HMSO01R_A|PRIMARY|F4|011a48dce8758db0be8307d4005afe69879da0306ec2d99483baa7fcfa9141f4,F4,FOLD_1,HMSO01R_A|FIELD_LINEAGE|3264ae7008b91adb6f4b677f3ecc13cbe5ab1143b7f33ef501525d095e0b618c,0.1,none,0.6718008159495628,0.125,OUTSIDE_MAJORITY,EVALUABLE,EXPLORATORY_CONSUMED_DIAGNOSTIC_ONLY
SS,viscosity_laplacian_acceleration,295,HMSO01R_A|PRIMARY|F4|1d6667557d538859f0113641bfa62882220817b677dea9d2829a412690759fc5,F4,FOLD_2,HMSO01R_A|FIELD_LINEAGE|8af782533dccfef4a682f44ff365b7014ae448a56bd62c92877bbd37640adb31,0.1,transverse,0.8512783641415194,1.0,INSIDE_MAJORITY,EVALUABLE,EXPLORATORY_CONSUMED_DIAGNOSTIC_ONLY
SS,viscosity_laplacian_acceleration,296,HMSO01R_A|PRIMARY|F4|5258442e75cf59cbe7893e089ad47e17c4d26ed39cd16fec9118870e106baa43,F4,FOLD_3,HMSO01R_A|FIELD_LINEAGE|7a40ff07646995058d8981271562dfa4f2cc77b96f79dba59c7ae90f96586134,0.05,longitudinal,0.8584280488926357,0.84375,INSIDE_MAJORITY,EVALUABLE,EXPLORATORY_CONSUMED_DIAGNOSTIC_ONLY
SS,viscosity_laplacian_acceleration,297,HMSO01R_A|PRIMARY|F4|48f2bb8eb7eac96e71b6fba78be3d25c21266edb52344cd820e162bf6df261cd,F4,FOLD_1,HMSO01R_A|FIELD_LINEAGE|3264ae7008b91adb6f4b677f3ecc13cbe5ab1143b7f33ef501525d095e0b618c,0.05,none,0.8080952040605083,0.9921875,INSIDE_MAJORITY,EVALUABLE,EXPLORATORY_CONSUMED_DIAGNOSTIC_ONLY
SS,viscosity_laplacian_acceleration,298,HMSO01R_A|PRIMARY|F4|24bcceaed6cf5ba835a35d37ac2f603bbf2c8b0a639ceea6ec234fb6b3977288,F4,FOLD_0,HMSO01R_A|FIELD_LINEAGE|197d7ec024c0036b09ad028c746809cfe1ed712ccbb40eead96390c6dfdd817b,0.1,transverse,0.08240970018366428,0.9453125,INSIDE_MAJORITY,EVALUABLE,EXPLORATORY_CONSUMED_DIAGNOSTIC_ONLY
SS,viscosity_laplacian_acceleration,299,HMSO01R_A|PRIMARY|F4|4b6bdffc658fe9deb87879b130fd21d7155bd1b57b10ae5709614368fed74531,F4,FOLD_0,HMSO01R_A|FIELD_LINEAGE|06c31c418b756da4f49834b1270295e826a9807f080171a34a3e7c250369709c,0.0,none,0.0,1.0,INSIDE_MAJORITY,EVALUABLE,EXPLORATORY_CONSUMED_DIAGNOSTIC_ONLY
SS,viscosity_laplacian_acceleration,300,HMSO01R_A|PRIMARY|F4|85dc4b95288446dfb72a62b71691cae97be1b4b3c9789b973167c7f0c0024bb0,F4,FOLD_1,HMSO01R_A|FIELD_LINEAGE|5d84595c43a38b585d7953f18ac50da686f8debb482b1cca6058cffe84d274b6,0.05,none,0.9174184265010281,0.953125,INSIDE_MAJORITY,EVALUABLE,EXPLORATORY_CONSUMED_DIAGNOSTIC_ONLY
SS,viscosity_laplacian_acceleration,301,HMSO01R_A|PRIMARY|F4|4e7a52c6c115bcd8ae85224372e15761ec9ad1da299c81472e2c7f42bece49c4,F4,FOLD_5,HMSO01R_A|FIELD_LINEAGE|c9a10c50914a082104b6f42f933e2e8b35494d6ac1b464fc981b740edc26e9a6,0.05,none,0.8583161231041213,0.5625,INSIDE_MAJORITY,EVALUABLE,EXPLORATORY_CONSUMED_DIAGNOSTIC_ONLY
SS,viscosity_laplacian_acceleration,302,HMSO01R_A|PRIMARY|F4|3e1f516c8924d75bcb1bc1fc285c7fef823b724e7146e632a6edc0d86859301f,F4,FOLD_1,HMSO01R_A|FIELD_LINEAGE|5d84595c43a38b585d7953f18ac50da686f8debb482b1cca6058cffe84d274b6,0.1,none,0.874522646336316,0.1328125,OUTSIDE_MAJORITY,EVALUABLE,EXPLORATORY_CONSUMED_DIAGNOSTIC_ONLY
SS,viscosity_laplacian_acceleration,303,HMSO01R_A|PRIMARY|F4|558f87a2fc4bf2fe995a797fa27bac5203b30df376d948587ab0bb7f9c16d3bd,F4,FOLD_0,HMSO01R_A|FIELD_LINEAGE|197d7ec024c0036b09ad028c746809cfe1ed712ccbb40eead96390c6dfdd817b,0.0,transverse,1.1614440664844383,1.0,INSIDE_MAJORITY,EVALUABLE,EXPLORATORY_CONSUMED_DIAGNOSTIC_ONLY
SS,viscosity_laplacian_acceleration,304,HMSO01R_A|PRIMARY|F4|0670d89c61c35c8852c124d9000835eaea91a83b9577472f636a565b59d940d9,F4,FOLD_1,HMSO01R_A|FIELD_LINEAGE|5d84595c43a38b585d7953f18ac50da686f8debb482b1cca6058cffe84d274b6,0.05,none,1.0752608797383378,0.484375,OUTSIDE_MAJORITY,EVALUABLE,EXPLORATORY_CONSUMED_DIAGNOSTIC_ONLY
SS,viscosity_laplacian_acceleration,305,HMSO01R_A|PRIMARY|F4|ecaff7cbec579afd2494fc1fad898951c4ea48b684497e65b50613fe038305d3,F4,FOLD_2,HMSO01R_A|FIELD_LINEAGE|8af782533dccfef4a682f44ff365b7014ae448a56bd62c92877bbd37640adb31,0.05,transverse,0.6068793359035909,0.9921875,INSIDE_MAJORITY,EVALUABLE,EXPLORATORY_CONSUMED_DIAGNOSTIC_ONLY
SS,viscosity_laplacian_acceleration,306,HMSO01R_A|PRIMARY|F4|71f61d7caa1b1b02179212c15265a1f342ea520af413e9f96a8372d952d11eed,F4,FOLD_0,HMSO01R_A|FIELD_LINEAGE|06c31c418b756da4f49834b1270295e826a9807f080171a34a3e7c250369709c,0.05,none,0.015141691335203721,1.0,INSIDE_MAJORITY,EVALUABLE,EXPLORATORY_CONSUMED_DIAGNOSTIC_ONLY
SS,viscosity_laplacian_acceleration,307,HMSO01R_A|PRIMARY|F4|85f1b9eed95ecce08d553e89743dc53a15307163bc7008a8726ff536e6a54996,F4,FOLD_2,HMSO01R_A|FIELD_LINEAGE|8af782533dccfef4a682f44ff365b7014ae448a56bd62c92877bbd37640adb31,0.05,transverse,0.570490775707415,0.984375,INSIDE_MAJORITY,EVALUABLE,EXPLORATORY_CONSUMED_DIAGNOSTIC_ONLY
SS,viscosity_laplacian_acceleration,308,HMSO01R_A|PRIMARY|F4|a6ddeab8e93b6db262b39867391f322e9baafa76bed004129fe7780c90cbd6a4,F4,FOLD_0,HMSO01R_A|FIELD_LINEAGE|06c31c418b756da4f49834b1270295e826a9807f080171a34a3e7c250369709c,0.05,none,0.016940857533755366,1.0,INSIDE_MAJORITY,EVALUABLE,EXPLORATORY_CONSUMED_DIAGNOSTIC_ONLY
SS,viscosity_laplacian_acceleration,309,HMSO01R_A|PRIMARY|F4|11826ade3e5db02d2c6bffdc10f23d4bb93470890790474abf521e919f738b3f,F4,FOLD_2,HMSO01R_A|FIELD_LINEAGE|8af782533dccfef4a682f44ff365b7014ae448a56bd62c92877bbd37640adb31,0.0,transverse,0.7096296681051112,1.0,INSIDE_MAJORITY,EVALUABLE,EXPLORATORY_CONSUMED_DIAGNOSTIC_ONLY
SS,viscosity_laplacian_acceleration,310,HMSO01R_A|PRIMARY|F4|ef19a86248138ec5e566612bf3df19a10b6bc69a7b14c32e2b817ccf29cc50f2,F4,FOLD_5,HMSO01R_A|FIELD_LINEAGE|c9a10c50914a082104b6f42f933e2e8b35494d6ac1b464fc981b740edc26e9a6,0.05,none,0.6340389265379178,0.9921875,INSIDE_MAJORITY,EVALUABLE,EXPLORATORY_CONSUMED_DIAGNOSTIC_ONLY
SS,viscosity_laplacian_acceleration,311,HMSO01R_A|PRIMARY|F4|4929b286a99ab022d26a2dbdc2a23a2bc6d15979bf42d1588c8b2e2c1d73a0e3,F4,FOLD_0,HMSO01R_A|FIELD_LINEAGE|197d7ec024c0036b09ad028c746809cfe1ed712ccbb40eead96390c6dfdd817b,0.05,transverse,0.05871726538880244,0.90625,INSIDE_MAJORITY,EVALUABLE,EXPLORATORY_CONSUMED_DIAGNOSTIC_ONLY
SS,viscosity_laplacian_acceleration,312,HMSO01R_A|PRIMARY|F4|e77b23936dd5a7c6d9262ae1d734b30beb458da1fe94bc080bdfac1b7bd85189,F4,FOLD_1,HMSO01R_A|FIELD_LINEAGE|3264ae7008b91adb6f4b677f3ecc13cbe5ab1143b7f33ef501525d095e0b618c,0.1,none,0.7737421797487678,0.7890625,INSIDE_MAJORITY,EVALUABLE,EXPLORATORY_CONSUMED_DIAGNOSTIC_ONLY
SS,viscosity_laplacian_acceleration,313,HMSO01R_A|PRIMARY|F4|8944eefcfb134a9bbf050fe15d6081c6962a214b6ed3d413508e814400676f0f,F4,FOLD_4,HMSO01R_A|FIELD_LINEAGE|6359faeb0765247f7e12d6c9e8bbc8898fa74fca5c76c863a6009dffddbcb32e,0.1,longitudinal,1.6073196747648248,0.046875,OUTSIDE_MAJORITY,EVALUABLE,EXPLORATORY_CONSUMED_DIAGNOSTIC_ONLY
SS,viscosity_laplacian_acceleration,314,HMSO01R_A|PRIMARY|F4|e25d3f9fc33911ad2bdacf9851f072f8da6dbe4f6c19d60b1710f16572063c8d,F4,FOLD_0,HMSO01R_A|FIELD_LINEAGE|06c31c418b756da4f49834b1270295e826a9807f080171a34a3e7c250369709c,0.0,none,0.0,1.0,INSIDE_MAJORITY,EVALUABLE,EXPLORATORY_CONSUMED_DIAGNOSTIC_ONLY
SS,viscosity_laplacian_acceleration,315,HMSO01R_A|PRIMARY|F4|d250879e475816f6e92630481055f2ad783960a4b225044b2988cc1f044532fc,F4,FOLD_1,HMSO01R_A|FIELD_LINEAGE|5d84595c43a38b585d7953f18ac50da686f8debb482b1cca6058cffe84d274b6,0.0,none,0.27692031637087644,1.0,INSIDE_MAJORITY,EVALUABLE,EXPLORATORY_CONSUMED_DIAGNOSTIC_ONLY
SS,viscosity_laplacian_acceleration,316,HMSO01R_A|PRIMARY|F4|56464c262bb157790092f749cb48a04e8d8a0b8bedf3e324b5320e9a10b6d09e,F4,FOLD_0,HMSO01R_A|FIELD_LINEAGE|197d7ec024c0036b09ad028c746809cfe1ed712ccbb40eead96390c6dfdd817b,0.05,transverse,0.0797354663941189,0.984375,INSIDE_MAJORITY,EVALUABLE,EXPLORATORY_CONSUMED_DIAGNOSTIC_ONLY
SS,viscosity_laplacian_acceleration,317,HMSO01R_A|PRIMARY|F4|ecb76be4664dd9928293363ff466f845a5a7789eaaeda1e8ee5201799daa78c0,F4,FOLD_4,HMSO01R_A|FIELD_LINEAGE|6359faeb0765247f7e12d6c9e8bbc8898fa74fca5c76c863a6009dffddbcb32e,0.0,longitudinal,0.6358916768086892,0.65625,INSIDE_MAJORITY,EVALUABLE,EXPLORATORY_CONSUMED_DIAGNOSTIC_ONLY
SS,viscosity_laplacian_acceleration,318,HMSO01R_A|PRIMARY|F4|88dcd723af748de6ff950507849f3825b8d8f3553a5bcc217487217a0f9a7a63,F4,FOLD_5,HMSO01R_A|FIELD_LINEAGE|c9a10c50914a082104b6f42f933e2e8b35494d6ac1b464fc981b740edc26e9a6,0.0,none,4.6608594611056375e-05,1.0,INSIDE_MAJORITY,EVALUABLE,EXPLORATORY_CONSUMED_DIAGNOSTIC_ONLY
SS,viscosity_laplacian_acceleration,319,HMSO01R_A|PRIMARY|F4|5713909151f3cd04934c16355de455e1018dfb770f2f64df240e5db9c47d5fb1,F4,FOLD_5,HMSO01R_A|FIELD_LINEAGE|c9a10c50914a082104b6f42f933e2e8b35494d6ac1b464fc981b740edc26e9a6,0.1,none,0.6140587071570669,0.640625,INSIDE_MAJORITY,EVALUABLE,EXPLORATORY_CONSUMED_DIAGNOSTIC_ONLY
SS,viscosity_laplacian_acceleration,320,HMSO01R_A|PRIMARY|F4|93aad5841f6682ecd48e9ead6bb4002efba75cd6704198bd8907aea0d47c8d7a,F4,FOLD_3,HMSO01R_A|FIELD_LINEAGE|7a40ff07646995058d8981271562dfa4f2cc77b96f79dba59c7ae90f96586134,0.1,longitudinal,1.1541932100442494,0.28125,OUTSIDE_MAJORITY,EVALUABLE,EXPLORATORY_CONSUMED_DIAGNOSTIC_ONLY
SS,viscosity_laplacian_acceleration,321,HMSO01R_A|PRIMARY|F4|367bce2de86b385d49af0dfa7e9148a0411935febd6ae7b0c77d7e5337e2b946,F4,FOLD_1,HMSO01R_A|FIELD_LINEAGE|3264ae7008b91adb6f4b677f3ecc13cbe5ab1143b7f33ef501525d095e0b618c,0.05,none,1.1832674738499729,0.453125,OUTSIDE_MAJORITY,EVALUABLE,EXPLORATORY_CONSUMED_DIAGNOSTIC_ONLY
SS,viscosity_laplacian_acceleration,322,HMSO01R_A|PRIMARY|F4|67783874e0d03b7d1319229ffa56ea5f5807a8da29ee591962ad5c4a5d4aa291,F4,FOLD_2,HMSO01R_A|FIELD_LINEAGE|8af782533dccfef4a682f44ff365b7014ae448a56bd62c92877bbd37640adb31,0.0,transverse,0.1998218189018363,1.0,INSIDE_MAJORITY,EVALUABLE,EXPLORATORY_CONSUMED_DIAGNOSTIC_ONLY
SS,viscosity_laplacian_acceleration,323,HMSO01R_A|PRIMARY|F4|cf8e0f28eda1cea7b1e3865285dbd80d01ab677e45643ecd3ea5b887c3b903a3,F4,FOLD_4,HMSO01R_A|FIELD_LINEAGE|6359faeb0765247f7e12d6c9e8bbc8898fa74fca5c76c863a6009dffddbcb32e,0.0,longitudinal,0.4501267903667209,0.609375,INSIDE_MAJORITY,EVALUABLE,EXPLORATORY_CONSUMED_DIAGNOSTIC_ONLY
SS,viscosity_laplacian_acceleration,324,HMSO01R_A|PRIMARY|F4|0e2a37aabd2842d397826b1ca21a59a95541d00614cef99316c77d0e366d36d4,F4,FOLD_4,HMSO01R_A|FIELD_LINEAGE|6359faeb0765247f7e12d6c9e8bbc8898fa74fca5c76c863a6009dffddbcb32e,0.1,longitudinal,0.6767585467051014,0.2578125,OUTSIDE_MAJORITY,EVALUABLE,EXPLORATORY_CONSUMED_DIAGNOSTIC_ONLY
SS,viscosity_laplacian_acceleration,325,HMSO01R_A|PRIMARY|F4|8289d34ef953a6f182f5bbf0101c3a909aa131a7b4ef8051e96ed317d9d18138,F4,FOLD_1,HMSO01R_A|FIELD_LINEAGE|5d84595c43a38b585d7953f18ac50da686f8debb482b1cca6058cffe84d274b6,0.1,none,0.7921065155069815,0.5703125,INSIDE_MAJORITY,EVALUABLE,EXPLORATORY_CONSUMED_DIAGNOSTIC_ONLY
SS,viscosity_laplacian_acceleration,326,HMSO01R_A|PRIMARY|F4|56b946dabb5968a6b21b25f90019cfff82607fbed847e03471c8231bd3620084,F4,FOLD_1,HMSO01R_A|FIELD_LINEAGE|3264ae7008b91adb6f4b677f3ecc13cbe5ab1143b7f33ef501525d095e0b618c,0.0,none,0.0,1.0,INSIDE_MAJORITY,EVALUABLE,EXPLORATORY_CONSUMED_DIAGNOSTIC_ONLY
SS,viscosity_laplacian_acceleration,327,HMSO01R_A|PRIMARY|F4|0bef625e78c23809d27376d709781637b1ca99c4bf76c5eedcc0ca7586ad0d28,F4,FOLD_4,HMSO01R_A|FIELD_LINEAGE|6359faeb0765247f7e12d6c9e8bbc8898fa74fca5c76c863a6009dffddbcb32e,0.05,longitudinal,1.5559534580055132,0.1328125,OUTSIDE_MAJORITY,EVALUABLE,EXPLORATORY_CONSUMED_DIAGNOSTIC_ONLY
SS,viscosity_laplacian_acceleration,328,HMSO01R_A|PRIMARY|F4|c02320354fd792272cea49a4547cc64bea66d0c42060ac90ccbf8fb91fe26cd1,F4,FOLD_5,HMSO01R_A|FIELD_LINEAGE|c9a10c50914a082104b6f42f933e2e8b35494d6ac1b464fc981b740edc26e9a6,0.0,none,1.9232252675933027e-08,1.0,INSIDE_MAJORITY,EVALUABLE,EXPLORATORY_CONSUMED_DIAGNOSTIC_ONLY
SS,viscosity_laplacian_acceleration,329,HMSO01R_A|PRIMARY|F4|60d61a86c9c80d6addab5af159923a601fd7ed1edee92f2f4cbb301a86fb909a,F4,FOLD_1,HMSO01R_A|FIELD_LINEAGE|3264ae7008b91adb6f4b677f3ecc13cbe5ab1143b7f33ef501525d095e0b618c,0.1,none,0.8153434422730508,0.53125,INSIDE_MAJORITY,EVALUABLE,EXPLORATORY_CONSUMED_DIAGNOSTIC_ONLY
SS,viscosity_laplacian_acceleration,330,HMSO01R_A|PRIMARY|F4|85b9e2bb526dacaa593ccb65df264a96a4d27bede934ce2ecb57f157e3bc9a19,F4,FOLD_3,HMSO01R_A|FIELD_LINEAGE|7a40ff07646995058d8981271562dfa4f2cc77b96f79dba59c7ae90f96586134,0.0,longitudinal,0.7202509779228422,0.859375,INSIDE_MAJORITY,EVALUABLE,EXPLORATORY_CONSUMED_DIAGNOSTIC_ONLY
SS,viscosity_laplacian_acceleration,331,HMSO01R_A|PRIMARY|F4|c93564795c53c5b8f2acb7004944a5bf63ea14ebbf8f65a568b2a0b51ef1fb4d,F4,FOLD_5,HMSO01R_A|FIELD_LINEAGE|c9a10c50914a082104b6f42f933e2e8b35494d6ac1b464fc981b740edc26e9a6,0.05,none,0.5791149818767367,0.984375,INSIDE_MAJORITY,EVALUABLE,EXPLORATORY_CONSUMED_DIAGNOSTIC_ONLY
SS,viscosity_laplacian_acceleration,332,HMSO01R_A|PRIMARY|F4|c97a86869fce5865992f34bd7205509a7db68ce38ef12dd68bb413852c722653,F4,FOLD_3,HMSO01R_A|FIELD_LINEAGE|7a40ff07646995058d8981271562dfa4f2cc77b96f79dba59c7ae90f96586134,0.05,longitudinal,1.0207852950269305,0.5859375,INSIDE_MAJORITY,EVALUABLE,EXPLORATORY_CONSUMED_DIAGNOSTIC_ONLY
SS,viscosity_laplacian_acceleration,333,HMSO01R_A|PRIMARY|F4|6eca32e2ed9db412095b6bb1621309c554428bd902055e55d93c3dbb255ef660,F4,FOLD_3,HMSO01R_A|FIELD_LINEAGE|7a40ff07646995058d8981271562dfa4f2cc77b96f79dba59c7ae90f96586134,0.0,longitudinal,1.2441617777539746,0.84375,INSIDE_MAJORITY,EVALUABLE,EXPLORATORY_CONSUMED_DIAGNOSTIC_ONLY
SS,viscosity_laplacian_acceleration,334,HMSO01R_A|PRIMARY|F4|4d3ce164d8efe045e29b60ed83ff347cfa2fafe49965f090ff32a2e7acec3e50,F4,FOLD_4,HMSO01R_A|FIELD_LINEAGE|6359faeb0765247f7e12d6c9e8bbc8898fa74fca5c76c863a6009dffddbcb32e,0.05,longitudinal,0.7132317949994434,0.3046875,OUTSIDE_MAJORITY,EVALUABLE,EXPLORATORY_CONSUMED_DIAGNOSTIC_ONLY
SS,viscosity_laplacian_acceleration,335,HMSO01R_A|PRIMARY|F4|f2c4fabe042f5b8aea1f288e25844f23d9a120de8e396a36c9ca1d2e6ccce438,F4,FOLD_4,HMSO01R_A|FIELD_LINEAGE|6359faeb0765247f7e12d6c9e8bbc8898fa74fca5c76c863a6009dffddbcb32e,0.1,longitudinal,0.9367148556254026,0.171875,OUTSIDE_MAJORITY,EVALUABLE,EXPLORATORY_CONSUMED_DIAGNOSTIC_ONLY
SS,viscosity_laplacian_acceleration,336,HMSO01R_A|PRIMARY|F4|9768d97a717e98019abe133a1abe111c5fca5e302e9f72f7322cf07b6ef97904,F4,FOLD_2,HMSO01R_A|FIELD_LINEAGE|8af782533dccfef4a682f44ff365b7014ae448a56bd62c92877bbd37640adb31,0.1,transverse,0.4422750398523373,0.7734375,INSIDE_MAJORITY,EVALUABLE,EXPLORATORY_CONSUMED_DIAGNOSTIC_ONLY
SS,viscosity_laplacian_acceleration,337,HMSO01R_A|PRIMARY|F4|2c7351f1aa4e82a7579ba6807a834a23987ceda38177da350424d7892a8de9f8,F4,FOLD_4,HMSO01R_A|FIELD_LINEAGE|6359faeb0765247f7e12d6c9e8bbc8898fa74fca5c76c863a6009dffddbcb32e,0.05,longitudinal,0.9145632923537172,0.3984375,OUTSIDE_MAJORITY,EVALUABLE,EXPLORATORY_CONSUMED_DIAGNOSTIC_ONLY
SS,viscosity_laplacian_acceleration,338,HMSO01R_A|PRIMARY|F4|9bbc1a27b5a28b8b1cbc9397ac21c221597c0b4297abbe6d2c46d9068ef63a3a,F4,FOLD_3,HMSO01R_A|FIELD_LINEAGE|7a40ff07646995058d8981271562dfa4f2cc77b96f79dba59c7ae90f96586134,0.1,longitudinal,0.9950488357339462,0.8125,INSIDE_MAJORITY,EVALUABLE,EXPLORATORY_CONSUMED_DIAGNOSTIC_ONLY
SS,viscosity_laplacian_acceleration,339,HMSO01R_A|PRIMARY|F4|a577084b300c5f034112e0aa6d4197f7bb336db3aebc017e187cc64ede052782,F4,FOLD_0,HMSO01R_A|FIELD_LINEAGE|06c31c418b756da4f49834b1270295e826a9807f080171a34a3e7c250369709c,0.0,none,0.0,1.0,INSIDE_MAJORITY,EVALUABLE,EXPLORATORY_CONSUMED_DIAGNOSTIC_ONLY
SS,viscosity_laplacian_acceleration,340,HMSO01R_A|PRIMARY|F4|13c67e1ebb51f50250e869a5f3a557602950c66494025b2a470f6b48342a31ea,F4,FOLD_3,HMSO01R_A|FIELD_LINEAGE|7a40ff07646995058d8981271562dfa4f2cc77b96f79dba59c7ae90f96586134,0.05,longitudinal,1.0732044429923855,0.921875,INSIDE_MAJORITY,EVALUABLE,EXPLORATORY_CONSUMED_DIAGNOSTIC_ONLY
SS,viscosity_laplacian_acceleration,341,HMSO01R_A|PRIMARY|F4|edab4679e82b888e2650cc858316bd212ed80b7e90262d2c10bbefda6974c3cb,F4,FOLD_0,HMSO01R_A|FIELD_LINEAGE|06c31c418b756da4f49834b1270295e826a9807f080171a34a3e7c250369709c,0.05,none,0.01235860891787896,1.0,INSIDE_MAJORITY,EVALUABLE,EXPLORATORY_CONSUMED_DIAGNOSTIC_ONLY
SS,viscosity_laplacian_acceleration,342,HMSO01R_A|PRIMARY|F4|93f336d5095c9a841b2e50a3fed0819138ef2e6d7698442409f0d4608bb285e9,F4,FOLD_0,HMSO01R_A|FIELD_LINEAGE|06c31c418b756da4f49834b1270295e826a9807f080171a34a3e7c250369709c,0.1,none,0.02069771136411908,0.65625,INSIDE_MAJORITY,EVALUABLE,EXPLORATORY_CONSUMED_DIAGNOSTIC_ONLY
SS,viscosity_laplacian_acceleration,343,HMSO01R_A|PRIMARY|F4|3ecea2b0aa1bdaa68d2f1356e87b52064a96f8259663d3d03b044ceaf96f9cbc,F4,FOLD_1,HMSO01R_A|FIELD_LINEAGE|5d84595c43a38b585d7953f18ac50da686f8debb482b1cca6058cffe84d274b6,0.1,none,0.7118573350892266,0.7578125,INSIDE_MAJORITY,EVALUABLE,EXPLORATORY_CONSUMED_DIAGNOSTIC_ONLY
SS,viscosity_laplacian_acceleration,344,HMSO01R_A|PRIMARY|F4|b2269306cf2fc8a4591e8938af5813db53954684c008bd6a8cddd0d650dfaa59,F4,FOLD_0,HMSO01R_A|FIELD_LINEAGE|197d7ec024c0036b09ad028c746809cfe1ed712ccbb40eead96390c6dfdd817b,0.05,transverse,0.06031459718833901,0.9921875,INSIDE_MAJORITY,EVALUABLE,EXPLORATORY_CONSUMED_DIAGNOSTIC_ONLY
SS,viscosity_laplacian_acceleration,345,HMSO01R_A|PRIMARY|F4|add41ee9198075a3a19c4e02467ad427e3909e0b283ae14140a03b1ecf2a0f11,F4,FOLD_3,HMSO01R_A|FIELD_LINEAGE|7a40ff07646995058d8981271562dfa4f2cc77b96f79dba59c7ae90f96586134,0.05,longitudinal,1.0695605082507713,0.9375,INSIDE_MAJORITY,EVALUABLE,EXPLORATORY_CONSUMED_DIAGNOSTIC_ONLY
SS,viscosity_laplacian_acceleration,346,HMSO01R_A|PRIMARY|F4|5e95bd4803f822dd8674c13a449420695c5df56cd9393606e1f3b9a611de51f1,F4,FOLD_2,HMSO01R_A|FIELD_LINEAGE|8af782533dccfef4a682f44ff365b7014ae448a56bd62c92877bbd37640adb31,0.05,transverse,0.42091753444509306,1.0,INSIDE_MAJORITY,EVALUABLE,EXPLORATORY_CONSUMED_DIAGNOSTIC_ONLY
SS,viscosity_laplacian_acceleration,347,HMSO01R_A|PRIMARY|F4|24f4ce932c7a7827efac3d2f928c557f54e4049809f5e73fbf1b9f52867a1edd,F4,FOLD_1,HMSO01R_A|FIELD_LINEAGE|5d84595c43a38b585d7953f18ac50da686f8debb482b1cca6058cffe84d274b6,0.05,none,0.9331324857446495,0.9609375,INSIDE_MAJORITY,EVALUABLE,EXPLORATORY_CONSUMED_DIAGNOSTIC_ONLY
SS,viscosity_laplacian_acceleration,348,HMSO01R_A|PRIMARY|F4|18ac4d31edf7a505ad239621dfdf76d1766a2c67683ae1b62d6989cad714c2d7,F4,FOLD_0,HMSO01R_A|FIELD_LINEAGE|197d7ec024c0036b09ad028c746809cfe1ed712ccbb40eead96390c6dfdd817b,0.0,transverse,0.5935230658350893,1.0,INSIDE_MAJORITY,EVALUABLE,EXPLORATORY_CONSUMED_DIAGNOSTIC_ONLY
SS,viscosity_laplacian_acceleration,349,HMSO01R_A|PRIMARY|F4|1cc6c0e80b8899df18a73353bf6f7ed7c04f29c45158e61ee28cb2624ac746fe,F4,FOLD_4,HMSO01R_A|FIELD_LINEAGE|6359faeb0765247f7e12d6c9e8bbc8898fa74fca5c76c863a6009dffddbcb32e,0.05,longitudinal,0.8139565072448709,0.5,INSIDE_MAJORITY,EVALUABLE,EXPLORATORY_CONSUMED_DIAGNOSTIC_ONLY
SS,viscosity_laplacian_acceleration,350,HMSO01R_A|PRIMARY|F4|d33d0be38e4684bb33437a9df95a1ae6cc0a7aebc3f0a71bfa4fa8cbc4555242,F4,FOLD_1,HMSO01R_A|FIELD_LINEAGE|5d84595c43a38b585d7953f18ac50da686f8debb482b1cca6058cffe84d274b6,0.0,none,0.5754442501912646,1.0,INSIDE_MAJORITY,EVALUABLE,EXPLORATORY_CONSUMED_DIAGNOSTIC_ONLY
SS,viscosity_laplacian_acceleration,351,HMSO01R_A|PRIMARY|F4|5a2e3a505c133416c8dbb86a08170301d688109094d8674ee8080dc96049ad55,F4,FOLD_0,HMSO01R_A|FIELD_LINEAGE|06c31c418b756da4f49834b1270295e826a9807f080171a34a3e7c250369709c,0.05,none,0.017074769541831385,1.0,INSIDE_MAJORITY,EVALUABLE,EXPLORATORY_CONSUMED_DIAGNOSTIC_ONLY
SS,viscosity_laplacian_acceleration,352,HMSO01R_A|PRIMARY|F4|3b38bca5ba7eb3e076d691c07d5fefab92d9894c689c32264b3e80a8f629fae5,F4,FOLD_1,HMSO01R_A|FIELD_LINEAGE|3264ae7008b91adb6f4b677f3ecc13cbe5ab1143b7f33ef501525d095e0b618c,0.05,none,1.0733695494613107,0.5859375,INSIDE_MAJORITY,EVALUABLE,EXPLORATORY_CONSUMED_DIAGNOSTIC_ONLY
SS,viscosity_laplacian_acceleration,353,HMSO01R_A|PRIMARY|F4|1453b091d0daa0c4e730c8e0c233a19b45a418a33d5d34531f6df7ff2203213a,F4,FOLD_1,HMSO01R_A|FIELD_LINEAGE|3264ae7008b91adb6f4b677f3ecc13cbe5ab1143b7f33ef501525d095e0b618c,0.05,none,0.8088427830609655,0.9765625,INSIDE_MAJORITY,EVALUABLE,EXPLORATORY_CONSUMED_DIAGNOSTIC_ONLY
SS,viscosity_laplacian_acceleration,354,HMSO01R_A|PRIMARY|F4|2a57c8fd48f74b76db849058b1fbda9ce73e7c1e67e92c7bb77564c77611730e,F4,FOLD_1,HMSO01R_A|FIELD_LINEAGE|3264ae7008b91adb6f4b677f3ecc13cbe5ab1143b7f33ef501525d095e0b618c,0.05,none,0.6091431511398961,1.0,INSIDE_MAJORITY,EVALUABLE,EXPLORATORY_CONSUMED_DIAGNOSTIC_ONLY
SS,viscosity_laplacian_acceleration,355,HMSO01R_A|PRIMARY|F4|9f56c3d5d44bf58a93d9ca6afd6c4e8f218ea1cdd2052a96a5e56647a1dfd799,F4,FOLD_2,HMSO01R_A|FIELD_LINEAGE|8af782533dccfef4a682f44ff365b7014ae448a56bd62c92877bbd37640adb31,0.1,transverse,0.6579874436515181,0.984375,INSIDE_MAJORITY,EVALUABLE,EXPLORATORY_CONSUMED_DIAGNOSTIC_ONLY
SS,viscosity_laplacian_acceleration,356,HMSO01R_A|PRIMARY|F4|4af9d799645306b976781f74aaac033fc6a03925c4707f61d4dde7f0466e1248,F4,FOLD_1,HMSO01R_A|FIELD_LINEAGE|5d84595c43a38b585d7953f18ac50da686f8debb482b1cca6058cffe84d274b6,0.05,none,0.7943937165986541,1.0,INSIDE_MAJORITY,EVALUABLE,EXPLORATORY_CONSUMED_DIAGNOSTIC_ONLY
SS,viscosity_laplacian_acceleration,357,HMSO01R_A|PRIMARY|F4|70cefd0a326a1189e857a24bc47d3a308a01c71266a610d97da19fe3475449b3,F4,FOLD_0,HMSO01R_A|FIELD_LINEAGE|06c31c418b756da4f49834b1270295e826a9807f080171a34a3e7c250369709c,0.1,none,0.013626434496085905,0.984375,INSIDE_MAJORITY,EVALUABLE,EXPLORATORY_CONSUMED_DIAGNOSTIC_ONLY
SS,viscosity_laplacian_acceleration,358,HMSO01R_A|PRIMARY|F4|d12ba8221e83ef54db206896c0ccfc71b0d9e5c69260022a3f60f552de527261,F4,FOLD_5,HMSO01R_A|FIELD_LINEAGE|c9a10c50914a082104b6f42f933e2e8b35494d6ac1b464fc981b740edc26e9a6,0.1,none,0.74430751789811,0.109375,OUTSIDE_MAJORITY,EVALUABLE,EXPLORATORY_CONSUMED_DIAGNOSTIC_ONLY
SS,viscosity_laplacian_acceleration,359,HMSO01R_A|PRIMARY|F4|6b8727c73995a66d16356a1d36b4933859c3b2fbc63ae62c24b1e21bc11073b5,F4,FOLD_3,HMSO01R_A|FIELD_LINEAGE|7a40ff07646995058d8981271562dfa4f2cc77b96f79dba59c7ae90f96586134,0.05,longitudinal,0.9581693921866823,0.6015625,INSIDE_MAJORITY,EVALUABLE,EXPLORATORY_CONSUMED_DIAGNOSTIC_ONLY
SS,viscosity_laplacian_acceleration,360,HMSO01R_A|PRIMARY|F4|743a01d4399472eed3d8ffd9c7a32e1f3a40e5b1780978943bf05c8e760eff58,F4,FOLD_0,HMSO01R_A|FIELD_LINEAGE|06c31c418b756da4f49834b1270295e826a9807f080171a34a3e7c250369709c,0.1,none,0.013758611984420108,1.0,INSIDE_MAJORITY,EVALUABLE,EXPLORATORY_CONSUMED_DIAGNOSTIC_ONLY
SS,viscosity_laplacian_acceleration,361,HMSO01R_A|PRIMARY|F4|6f8b0062875af4febf1ed5a9e87719c1f1886be25e2bae8ee74787af55c5c1ab,F4,FOLD_3,HMSO01R_A|FIELD_LINEAGE|7a40ff07646995058d8981271562dfa4f2cc77b96f79dba59c7ae90f96586134,0.0,longitudinal,1.6428612033353538,1.0,INSIDE_MAJORITY,EVALUABLE,EXPLORATORY_CONSUMED_DIAGNOSTIC_ONLY
SS,viscosity_laplacian_acceleration,362,HMSO01R_A|PRIMARY|F4|8f1ab78a0a32c0cb988d7b4adfde67f10680eff0253d57272287f87269fe5ac7,F4,FOLD_1,HMSO01R_A|FIELD_LINEAGE|5d84595c43a38b585d7953f18ac50da686f8debb482b1cca6058cffe84d274b6,0.0,none,0.2006530213095205,1.0,INSIDE_MAJORITY,EVALUABLE,EXPLORATORY_CONSUMED_DIAGNOSTIC_ONLY
SS,viscosity_laplacian_acceleration,363,HMSO01R_A|PRIMARY|F4|194231f073caf06555d785c43dcc6f91eb5ef962fbd48ce1696e7a0febd8d169,F4,FOLD_5,HMSO01R_A|FIELD_LINEAGE|c9a10c50914a082104b6f42f933e2e8b35494d6ac1b464fc981b740edc26e9a6,0.05,none,0.8841071768925205,0.5625,INSIDE_MAJORITY,EVALUABLE,EXPLORATORY_CONSUMED_DIAGNOSTIC_ONLY
SS,viscosity_laplacian_acceleration,364,HMSO01R_A|PRIMARY|F4|4c5124e2fe9ab57f1899643d25ea08bef342b07b4f5a1b63411031808a84e6e5,F4,FOLD_2,HMSO01R_A|FIELD_LINEAGE|8af782533dccfef4a682f44ff365b7014ae448a56bd62c92877bbd37640adb31,0.05,transverse,0.6414079226191107,1.0,INSIDE_MAJORITY,EVALUABLE,EXPLORATORY_CONSUMED_DIAGNOSTIC_ONLY
SS,viscosity_laplacian_acceleration,365,HMSO01R_A|PRIMARY|F4|86e0b5c66095d052b370f9153c1c0c79db91e1ce96e3bb2098471bfc1d51f52b,F4,FOLD_1,HMSO01R_A|FIELD_LINEAGE|3264ae7008b91adb6f4b677f3ecc13cbe5ab1143b7f33ef501525d095e0b618c,0.05,none,0.8027586883286653,1.0,INSIDE_MAJORITY,EVALUABLE,EXPLORATORY_CONSUMED_DIAGNOSTIC_ONLY
SS,viscosity_laplacian_acceleration,366,HMSO01R_A|PRIMARY|F4|fb27fce189386d914da9e876fe6ee49add0c761025cf76dcac6ae5fb83112597,F4,FOLD_4,HMSO01R_A|FIELD_LINEAGE|6359faeb0765247f7e12d6c9e8bbc8898fa74fca5c76c863a6009dffddbcb32e,0.0,longitudinal,0.9107309671473239,0.6640625,INSIDE_MAJORITY,EVALUABLE,EXPLORATORY_CONSUMED_DIAGNOSTIC_ONLY
SS,viscosity_laplacian_acceleration,367,HMSO01R_A|PRIMARY|F4|7786ab7ac7eee1e1201a9d4cd9bb75b985ca5b9bbe57ed362a6bae2ea6a67b5f,F4,FOLD_5,HMSO01R_A|FIELD_LINEAGE|c9a10c50914a082104b6f42f933e2e8b35494d6ac1b464fc981b740edc26e9a6,0.05,none,0.5994969180106624,1.0,INSIDE_MAJORITY,EVALUABLE,EXPLORATORY_CONSUMED_DIAGNOSTIC_ONLY
SS,viscosity_laplacian_acceleration,368,HMSO01R_A|PRIMARY|F4|30baa6e6806879515a78f1c62d05bccaab3249b592d8f3bd12ff03c066c53410,F4,FOLD_0,HMSO01R_A|FIELD_LINEAGE|197d7ec024c0036b09ad028c746809cfe1ed712ccbb40eead96390c6dfdd817b,0.1,transverse,0.05168335660417844,0.3671875,OUTSIDE_MAJORITY,EVALUABLE,EXPLORATORY_CONSUMED_DIAGNOSTIC_ONLY
SS,viscosity_laplacian_acceleration,369,HMSO01R_A|PRIMARY|F4|b6277718874b120da231461abacc7a7da2022f32e5d8dca303cccaa91f4b4e42,F4,FOLD_5,HMSO01R_A|FIELD_LINEAGE|c9a10c50914a082104b6f42f933e2e8b35494d6ac1b464fc981b740edc26e9a6,0.05,none,0.5338898748721116,1.0,INSIDE_MAJORITY,EVALUABLE,EXPLORATORY_CONSUMED_DIAGNOSTIC_ONLY
SS,viscosity_laplacian_acceleration,370,HMSO01R_A|PRIMARY|F4|522b8141f1cd2e67d095769af78530d3f17997c9669d7c69d1e60899303311c6,F4,FOLD_4,HMSO01R_A|FIELD_LINEAGE|6359faeb0765247f7e12d6c9e8bbc8898fa74fca5c76c863a6009dffddbcb32e,0.05,longitudinal,0.688079290246564,0.2265625,OUTSIDE_MAJORITY,EVALUABLE,EXPLORATORY_CONSUMED_DIAGNOSTIC_ONLY
SS,viscosity_laplacian_acceleration,371,HMSO01R_A|PRIMARY|F4|d0223a5116363bdb9fdbe576b917d428be2afd61c42aa978a1b394059de4a4d3,F4,FOLD_3,HMSO01R_A|FIELD_LINEAGE|7a40ff07646995058d8981271562dfa4f2cc77b96f79dba59c7ae90f96586134,0.1,longitudinal,1.0315413816511245,0.515625,INSIDE_MAJORITY,EVALUABLE,EXPLORATORY_CONSUMED_DIAGNOSTIC_ONLY
SS,viscosity_laplacian_acceleration,372,HMSO01R_A|PRIMARY|F4|06d3cb26de6443a1c4252d88b37fa2f0dcf1c3ed1a44f9c013bc3024e09538bf,F4,FOLD_2,HMSO01R_A|FIELD_LINEAGE|8af782533dccfef4a682f44ff365b7014ae448a56bd62c92877bbd37640adb31,0.0,transverse,0.4206263832797612,1.0,INSIDE_MAJORITY,EVALUABLE,EXPLORATORY_CONSUMED_DIAGNOSTIC_ONLY
SS,viscosity_laplacian_acceleration,373,HMSO01R_A|PRIMARY|F4|faa348e08c7229666370404a73443dac623fabd23619b19b7c9c6da56881b0a4,F4,FOLD_1,HMSO01R_A|FIELD_LINEAGE|3264ae7008b91adb6f4b677f3ecc13cbe5ab1143b7f33ef501525d095e0b618c,0.0,none,0.0,1.0,INSIDE_MAJORITY,EVALUABLE,EXPLORATORY_CONSUMED_DIAGNOSTIC_ONLY
SS,viscosity_laplacian_acceleration,374,HMSO01R_A|PRIMARY|F4|f86320eb94ec3a1d1974e1cdd67f129ee26e2cc2003115ec42fd58bccce3aec1,F4,FOLD_0,HMSO01R_A|FIELD_LINEAGE|197d7ec024c0036b09ad028c746809cfe1ed712ccbb40eead96390c6dfdd817b,0.05,transverse,0.05605880629956886,0.8828125,INSIDE_MAJORITY,EVALUABLE,EXPLORATORY_CONSUMED_DIAGNOSTIC_ONLY
SS,viscosity_laplacian_acceleration,375,HMSO01R_A|PRIMARY|F4|c5dc5e67fe205445cd7e9fb69403cd2d5347418c0d908c36d223c6bb99c2c9c9,F4,FOLD_2,HMSO01R_A|FIELD_LINEAGE|8af782533dccfef4a682f44ff365b7014ae448a56bd62c92877bbd37640adb31,0.05,transverse,0.7704028629843035,1.0,INSIDE_MAJORITY,EVALUABLE,EXPLORATORY_CONSUMED_DIAGNOSTIC_ONLY
SS,viscosity_laplacian_acceleration,376,HMSO01R_A|PRIMARY|F4|1205342c8d88b237751559327d73d7a9501b4185f18f551c322b8c45740a2a59,F4,FOLD_0,HMSO01R_A|FIELD_LINEAGE|06c31c418b756da4f49834b1270295e826a9807f080171a34a3e7c250369709c,0.05,none,0.013483194264386404,1.0,INSIDE_MAJORITY,EVALUABLE,EXPLORATORY_CONSUMED_DIAGNOSTIC_ONLY
SS,viscosity_laplacian_acceleration,377,HMSO01R_A|PRIMARY|F4|acc5fc686f98699095bf8bb584f0cbcd98f5ff8d323f5f6a8f2f6a0a6f56d8fd,F4,FOLD_0,HMSO01R_A|FIELD_LINEAGE|197d7ec024c0036b09ad028c746809cfe1ed712ccbb40eead96390c6dfdd817b,0.05,transverse,0.07937442609826333,1.0,INSIDE_MAJORITY,EVALUABLE,EXPLORATORY_CONSUMED_DIAGNOSTIC_ONLY
SS,viscosity_laplacian_acceleration,378,HMSO01R_A|PRIMARY|F4|50ff0808ef66ae99ee108f7b364caec03276f15f3c79c7781f170708a5248bad,F4,FOLD_1,HMSO01R_A|FIELD_LINEAGE|5d84595c43a38b585d7953f18ac50da686f8debb482b1cca6058cffe84d274b6,0.05,none,0.8337645601715278,1.0,INSIDE_MAJORITY,EVALUABLE,EXPLORATORY_CONSUMED_DIAGNOSTIC_ONLY
SS,viscosity_laplacian_acceleration,379,HMSO01R_A|PRIMARY|F4|6a327a764bfac2756e747a73a674ce99a7a479505ab80e85fb6e0ce559489722,F4,FOLD_5,HMSO01R_A|FIELD_LINEAGE|c9a10c50914a082104b6f42f933e2e8b35494d6ac1b464fc981b740edc26e9a6,0.0,none,0.0001386462906166794,1.0,INSIDE_MAJORITY,EVALUABLE,EXPLORATORY_CONSUMED_DIAGNOSTIC_ONLY
SS,viscosity_laplacian_acceleration,380,HMSO01R_A|PRIMARY|F4|151f0faa0ec3bffddc64493ea9d1ced59873d77b5045af43474acf1355c1de8d,F4,FOLD_1,HMSO01R_A|FIELD_LINEAGE|5d84595c43a38b585d7953f18ac50da686f8debb482b1cca6058cffe84d274b6,0.05,none,0.9532671518274232,0.53125,INSIDE_MAJORITY,EVALUABLE,EXPLORATORY_CONSUMED_DIAGNOSTIC_ONLY
SS,viscosity_laplacian_acceleration,381,HMSO01R_A|PRIMARY|F4|6ae78396c56cbbbfc0796994805858c3967c47bc24f14028345f8a91b53a4c63,F4,FOLD_3,HMSO01R_A|FIELD_LINEAGE|7a40ff07646995058d8981271562dfa4f2cc77b96f79dba59c7ae90f96586134,0.05,longitudinal,1.1865931482587393,0.875,INSIDE_MAJORITY,EVALUABLE,EXPLORATORY_CONSUMED_DIAGNOSTIC_ONLY
SS,viscosity_laplacian_acceleration,382,HMSO01R_A|PRIMARY|F4|e935c49b137288ce262897f601f1d1aa7350c95bd540ece1fcec9b3f463e4866,F4,FOLD_0,HMSO01R_A|FIELD_LINEAGE|197d7ec024c0036b09ad028c746809cfe1ed712ccbb40eead96390c6dfdd817b,0.1,transverse,0.06104674903417362,0.828125,INSIDE_MAJORITY,EVALUABLE,EXPLORATORY_CONSUMED_DIAGNOSTIC_ONLY
SS,viscosity_laplacian_acceleration,383,HMSO01R_A|PRIMARY|F4|6a6a8bfa9928af9cb01b022a75edc3db06b8fbb4fc71e646b76054dec1f3f066,F4,FOLD_0,HMSO01R_A|FIELD_LINEAGE|06c31c418b756da4f49834b1270295e826a9807f080171a34a3e7c250369709c,0.05,none,0.01912580977263658,1.0,INSIDE_MAJORITY,EVALUABLE,EXPLORATORY_CONSUMED_DIAGNOSTIC_ONLY
MS,density_rate,0,HMSO01R_A|PRIMARY|F1|17189a9c215416ff2620cbd08f0d84d7ada1a2cc660112d1da29b944116d0cd4,F1,FOLD_0,HMSO01R_A|FIELD_LINEAGE|4389c621e60229f631c944081b4adc544d96927c12f624ff90ee3e85668f651e,0.0,longitudinal,0.0001909440761462915,1.0,INSIDE_MAJORITY,EVALUABLE,EXPLORATORY_CONSUMED_DIAGNOSTIC_ONLY
MS,density_rate,1,HMSO01R_A|PRIMARY|F1|a4dcbb5c100eb79e76af22af5e66115d80a192e32c5351ce17a23c9ea395fc58,F1,FOLD_3,HMSO01R_A|FIELD_LINEAGE|39a5eaeb1afddf9af00bec82f67fdf5414fc1d1e11076c2f86704fda2809ab87,0.0,transverse,2.7413168428880057e-30,1.0,INSIDE_MAJORITY,EVALUABLE,EXPLORATORY_CONSUMED_DIAGNOSTIC_ONLY
MS,density_rate,2,HMSO01R_A|PRIMARY|F1|c2e87b38878c4fcdafb44a05b365bc326ef291a8d36233033ae3633cd4114a99,F1,FOLD_5,HMSO01R_A|FIELD_LINEAGE|86f4c153dee170c8ee8f47b2eb988fa25bcda8c9a7b6fd68a3d7256dc3af0a1f,0.0,none,0.0,1.0,INSIDE_MAJORITY,EVALUABLE,EXPLORATORY_CONSUMED_DIAGNOSTIC_ONLY
MS,density_rate,3,HMSO01R_A|PRIMARY|F1|5c9e81f778749b662a5e524e43479f5e490b215def0762270203c9817e709b9b,F1,FOLD_1,HMSO01R_A|FIELD_LINEAGE|9aaa52aa8afb4f9adfe0d0e7ddb5e3e8101852fdd6ef0a635cf3875b473d16a7,0.0,transverse,3.8953967027506846e-29,1.0,INSIDE_MAJORITY,EVALUABLE,EXPLORATORY_CONSUMED_DIAGNOSTIC_ONLY
MS,density_rate,4,HMSO01R_A|PRIMARY|F1|11515df6f9da405fc42923eeb47db2b4ebe97ceea73b879e18c9259527ebbd13,F1,FOLD_4,HMSO01R_A|FIELD_LINEAGE|e4c235f067a50e9e5304ee0e7ad701299187cd559ceebd74674d932464340e77,0.0,longitudinal,0.0009218369967507338,1.0,INSIDE_MAJORITY,EVALUABLE,EXPLORATORY_CONSUMED_DIAGNOSTIC_ONLY
MS,density_rate,5,HMSO01R_A|PRIMARY|F1|29e92b6c39e1d3a436fb2bd671c7071524922a02fbf8851e384bc0c0d658f8fa,F1,FOLD_0,HMSO01R_A|FIELD_LINEAGE|f117df283c3988b3a51ad2a7138592681c02ac94fc8905b0ebf163745ca00f62,0.0,transverse,1.7081324756412204e-30,1.0,INSIDE_MAJORITY,EVALUABLE,EXPLORATORY_CONSUMED_DIAGNOSTIC_ONLY
MS,density_rate,6,HMSO01R_A|PRIMARY|F1|9883cd7992a90f5d6864ab975f80dd9cf59338673fe1489da80f17066b15096b,F1,FOLD_3,HMSO01R_A|FIELD_LINEAGE|7c009b8ab0dfadca9095462a890aab36eac46b48a3c131f7a908a8d37a21f707,0.0,longitudinal,0.0029105213652163,1.0,INSIDE_MAJORITY,EVALUABLE,EXPLORATORY_CONSUMED_DIAGNOSTIC_ONLY
MS,density_rate,7,HMSO01R_A|PRIMARY|F1|9487e088f788d2ec8ba6ae806ea91685d6ebbefde165d132cb5f71e58101c354,F1,FOLD_4,HMSO01R_A|FIELD_LINEAGE|a1c0a919ad122615714cbb9f6b50981061d4f68fe06b618c4cd2688f52f12391,0.0,none,0.0,1.0,INSIDE_MAJORITY,EVALUABLE,EXPLORATORY_CONSUMED_DIAGNOSTIC_ONLY
MS,density_rate,8,HMSO01R_A|PRIMARY|F1|20535a5b894e69d9162faebb7d09c6da71c5ccb03d06b6550f8c2888772f9134,F1,FOLD_1,HMSO01R_A|FIELD_LINEAGE|fefaa03392c6d5e862f0b98f72e148123eb5332d997aade537062f72a6e1a99c,0.0,none,0.0,1.0,INSIDE_MAJORITY,EVALUABLE,EXPLORATORY_CONSUMED_DIAGNOSTIC_ONLY
MS,density_rate,9,HMSO01R_A|PRIMARY|F1|dc3d8aab18d0c255168c9471f21eea7e056899fbb44faeb54799a5443ea70f0c,F1,FOLD_2,HMSO01R_A|FIELD_LINEAGE|d3329a31885ae9100b3a5071d3f6de7c5b314524ba319156e3df439e55667dd5,0.0,none,0.0,1.0,INSIDE_MAJORITY,EVALUABLE,EXPLORATORY_CONSUMED_DIAGNOSTIC_ONLY
MS,density_rate,10,HMSO01R_A|PRIMARY|F1|a55f2004bfe7a70aa876e79f282731fbb98f78767765a44b0b1d4f8836b8abf4,F1,FOLD_5,HMSO01R_A|FIELD_LINEAGE|0e85d8db167a222553e045c2d06d7055fe817db60fe9573c8fc78f52ed1f8615,0.0,none,1.2531775351470706e-32,1.0,INSIDE_MAJORITY,EVALUABLE,EXPLORATORY_CONSUMED_DIAGNOSTIC_ONLY
MS,density_rate,11,HMSO01R_A|PRIMARY|F1|28c77a8ddd05de23b312f2b66382c02eb5b79e2bf306ff67761448f2db57b19a,F1,FOLD_2,HMSO01R_A|FIELD_LINEAGE|05638fa6abec8d1f9d2070785cb5b62bc36d80415fcae04a6c6b1419139c3003,0.0,none,0.0,1.0,INSIDE_MAJORITY,EVALUABLE,EXPLORATORY_CONSUMED_DIAGNOSTIC_ONLY
MS,density_rate,12,HMSO01R_A|PRIMARY|F1|95f40357845f50cdbfb609794900692a451d073a196e1de5effa8bf3b10c31d3,F1,FOLD_1,HMSO01R_A|FIELD_LINEAGE|1d03c9c9f560219b53c739310adfe296cf8afec50561d01ce15be76ae73c1479,0.0,none,0.0,1.0,INSIDE_MAJORITY,EVALUABLE,EXPLORATORY_CONSUMED_DIAGNOSTIC_ONLY
MS,density_rate,13,HMSO01R_A|PRIMARY|F1|26d3e67e50ad7a7aa5a033717aad4a0174bbd3a8a498e7e470cb77fc7090aba8,F1,FOLD_1,HMSO01R_A|FIELD_LINEAGE|008a4638c8cb2247bc6cd62f75f3daa09b2e49ba7d73812777f0a31f466efb5e,0.0,longitudinal,0.012790081911415715,1.0,INSIDE_MAJORITY,EVALUABLE,EXPLORATORY_CONSUMED_DIAGNOSTIC_ONLY
MS,density_rate,14,HMSO01R_A|PRIMARY|F1|551fa9df47aa6d1ed2b65dd205e190a22a7f8bbbeba84ce8cd3bbf30d0d2c86c,F1,FOLD_2,HMSO01R_A|FIELD_LINEAGE|8d1e4918227588e163eea87a946c88983d6e03486114766be90d0602757fb4c2,0.0,longitudinal,0.0012642084724012112,1.0,INSIDE_MAJORITY,EVALUABLE,EXPLORATORY_CONSUMED_DIAGNOSTIC_ONLY
MS,density_rate,15,HMSO01R_A|PRIMARY|F1|4677eaef7506ee864d1ee7c775444f00fae07b93f4e69bffa18aed1490049204,F1,FOLD_0,HMSO01R_A|FIELD_LINEAGE|1b6f0cb3de33bc6abdb0882404222836bd00a9ad3c6fe2c95af35a87f0fa1200,0.0,none,0.0,1.0,INSIDE_MAJORITY,EVALUABLE,EXPLORATORY_CONSUMED_DIAGNOSTIC_ONLY
MS,density_rate,16,HMSO01R_A|PRIMARY|F1|e4d028900be8963e34d3514450da85cf7e51369728095a44147a375b17ff63f3,F1,FOLD_5,HMSO01R_A|FIELD_LINEAGE|86c895c14384dc9ce73736790948d3516d7de8be96dc834ec48d9a651e6b8e5e,0.0,longitudinal,0.001473944642312039,1.0,INSIDE_MAJORITY,EVALUABLE,EXPLORATORY_CONSUMED_DIAGNOSTIC_ONLY
MS,density_rate,17,HMSO01R_A|PRIMARY|F1|8853d353badbe5291c0ebcfaf568093874927630ed91db99e44043086bc2bd77,F1,FOLD_4,HMSO01R_A|FIELD_LINEAGE|093dc802dc5954d756689fb97f687ee9b46c368f5fe625c807448d3bc43a1926,0.0,none,0.0,1.0,INSIDE_MAJORITY,EVALUABLE,EXPLORATORY_CONSUMED_DIAGNOSTIC_ONLY
MS,density_rate,18,HMSO01R_A|PRIMARY|F1|caffac0e852992e38bf950f2604d4982870d7de259ba736aae7ebd5004b0e98b,F1,FOLD_3,HMSO01R_A|FIELD_LINEAGE|0e65acebdbaa92caa4bcb30c2a0feac4a5469aac1dd76780539181916f956f58,0.0,none,0.0,1.0,INSIDE_MAJORITY,EVALUABLE,EXPLORATORY_CONSUMED_DIAGNOSTIC_ONLY
MS,density_rate,19,HMSO01R_A|PRIMARY|F1|60e871a6c20d0af14c3ace9907424d9db227d34f041ddac4df9aa0a3b0bb1f33,F1,FOLD_0,HMSO01R_A|FIELD_LINEAGE|f117df283c3988b3a51ad2a7138592681c02ac94fc8905b0ebf163745ca00f62,0.0,transverse,1.593876538282637e-30,1.0,INSIDE_MAJORITY,EVALUABLE,EXPLORATORY_CONSUMED_DIAGNOSTIC_ONLY
MS,density_rate,20,HMSO01R_A|PRIMARY|F1|71098b9cd54436f1ef43bd82182ddda4df38006388ef812629c7c85d4a1ee54a,F1,FOLD_3,HMSO01R_A|FIELD_LINEAGE|16eb11153f438a544fbde5e29c9d4f0fc922c6cc49338ba6f7c68206ac580c7f,0.0,none,0.0,1.0,INSIDE_MAJORITY,EVALUABLE,EXPLORATORY_CONSUMED_DIAGNOSTIC_ONLY
MS,density_rate,21,HMSO01R_A|PRIMARY|F1|74878e2e410283bf5b8d858ce2e548e073e0dfb665a012817708b2ea789c0d47,F1,FOLD_2,HMSO01R_A|FIELD_LINEAGE|6af5032f0b166e8e3ff27ce0b5fdfb49cda87c61afe66a4eb6eb807e625daf8a,0.0,transverse,2.4032757132901095e-10,1.0,INSIDE_MAJORITY,EVALUABLE,EXPLORATORY_CONSUMED_DIAGNOSTIC_ONLY
MS,density_rate,22,HMSO01R_A|PRIMARY|F1|5a2a9369cfead6c6a1da9e80f9c5447c935f07e66b8f7bb9ce0dc8ec94be5ff5,F1,FOLD_3,HMSO01R_A|FIELD_LINEAGE|e2940f5e79800b14b8eefcdb52a6c4eb9c2bcacb794aadbf19ab173720ccdfc9,0.0,none,0.0,1.0,INSIDE_MAJORITY,EVALUABLE,EXPLORATORY_CONSUMED_DIAGNOSTIC_ONLY
MS,density_rate,23,HMSO01R_A|PRIMARY|F1|f0e0780bc33cf937b9317da0fd002ac7503f6caf7b9cb2ee921712e29ac5db01,F1,FOLD_0,HMSO01R_A|FIELD_LINEAGE|429c6019f8749d53e4581b918e84a928af92c02c8bd8516136f7bea7e94cf671,0.0,transverse,6.437472906571625e-12,1.0,INSIDE_MAJORITY,EVALUABLE,EXPLORATORY_CONSUMED_DIAGNOSTIC_ONLY
MS,density_rate,24,HMSO01R_A|PRIMARY|F1|6c20eb043c375744b73d04ab8ec845a805d28af301d2b852ab9d4c4b2c29898d,F1,FOLD_1,HMSO01R_A|FIELD_LINEAGE|40ad278dca26109101acf56cf89434c2db030106327c552c8aaad7f18589b1fc,0.0,longitudinal,0.00013832160351892137,1.0,INSIDE_MAJORITY,EVALUABLE,EXPLORATORY_CONSUMED_DIAGNOSTIC_ONLY
MS,density_rate,25,HMSO01R_A|PRIMARY|F1|3844816a275020bfa174550105913eff0bb0a0b952d577b0e78ce0b6d881587b,F1,FOLD_0,HMSO01R_A|FIELD_LINEAGE|55cdcba2ab757796978976644840d2bce6b96e998f32047a71aff1f289ed6480,0.0,longitudinal,0.0007814640640895773,1.0,INSIDE_MAJORITY,EVALUABLE,EXPLORATORY_CONSUMED_DIAGNOSTIC_ONLY
MS,density_rate,26,HMSO01R_A|PRIMARY|F1|73de76417820ead0c529b6f49ef57cb57cd9e90562de185ceaee69461322faf0,F1,FOLD_4,HMSO01R_A|FIELD_LINEAGE|367777ab46eb41f1d6390744a91dc4aea35bac8f23f02a2f5c6dee473916edbd,0.0,transverse,3.8592930449362555e-30,1.0,INSIDE_MAJORITY,EVALUABLE,EXPLORATORY_CONSUMED_DIAGNOSTIC_ONLY
MS,density_rate,27,HMSO01R_A|PRIMARY|F1|3bcd9b0dfe43f7d54283d3409374d08e380284b0e39647cc9be2378c77c2427d,F1,FOLD_3,HMSO01R_A|FIELD_LINEAGE|e853753ed3befc6151b8f2c4e9e3797938a7689193c2157695f0b61b8e60abc8,0.0,none,0.0,1.0,INSIDE_MAJORITY,EVALUABLE,EXPLORATORY_CONSUMED_DIAGNOSTIC_ONLY
MS,density_rate,28,HMSO01R_A|PRIMARY|F1|447fd86c5d23a208d7175d372dc45ee38c1541cf5afadcbce00d200820555993,F1,FOLD_2,HMSO01R_A|FIELD_LINEAGE|e0695af14e7ff6ed68d0eaa0320bde868bdf2eddcd09aade2748baa3ab9013d9,0.0,longitudinal,0.00824459472240036,1.0,INSIDE_MAJORITY,EVALUABLE,EXPLORATORY_CONSUMED_DIAGNOSTIC_ONLY
MS,density_rate,29,HMSO01R_A|PRIMARY|F1|f56a8ce65aa7323f55e848e9be2c73492ff5fdd223be7259dae69d66167179f2,F1,FOLD_3,HMSO01R_A|FIELD_LINEAGE|21b79bdb11d90c0a9b01efce71ed9eec0d7fba61736210c4c1ab358a9c4e965a,0.0,transverse,2.36435100362144e-07,1.0,INSIDE_MAJORITY,EVALUABLE,EXPLORATORY_CONSUMED_DIAGNOSTIC_ONLY
MS,density_rate,30,HMSO01R_A|PRIMARY|F1|9279a6540d8c7f0f3e5f902f5a6ef18c812dc118780d25f7ec124f972117401a,F1,FOLD_4,HMSO01R_A|FIELD_LINEAGE|66e31e43c39c0807b2398e5067c9aaab318a50b596f04344988d8e71103f4693,0.0,longitudinal,0.0013474665887669025,1.0,INSIDE_MAJORITY,EVALUABLE,EXPLORATORY_CONSUMED_DIAGNOSTIC_ONLY
MS,density_rate,31,HMSO01R_A|PRIMARY|F1|fdf474ceb763705abb9a27ea1a0d3b260b2d5b47f6e2ba1f33b440f83b6b102b,F1,FOLD_1,HMSO01R_A|FIELD_LINEAGE|bb92dd92e9632ccd3901d1e2e79aab63ab0910a576b08c41f27a140edcf99b56,0.0,none,0.0,1.0,INSIDE_MAJORITY,EVALUABLE,EXPLORATORY_CONSUMED_DIAGNOSTIC_ONLY
MS,density_rate,32,HMSO01R_A|PRIMARY|F1|e1ae65ba18ef9931ed2d0023caee85b32b14ad85c74ba1f7f8404b6849be16dc,F1,FOLD_2,HMSO01R_A|FIELD_LINEAGE|10ec2dec79c0538398e95e49cd33ade9183e905d4ea4b212dcd4e7ec34fc5546,0.0,transverse,2.615844644663745e-31,1.0,INSIDE_MAJORITY,EVALUABLE,EXPLORATORY_CONSUMED_DIAGNOSTIC_ONLY
MS,density_rate,33,HMSO01R_A|PRIMARY|F1|cb9af2018d48c5188ab3eaf8f2d698636e814edd8acffd20fb4138cbf810c936,F1,FOLD_3,HMSO01R_A|FIELD_LINEAGE|7be8c21ecd7eaebf293b54b94f1920e19f00da5d0e416aaa8f7c69137970c399,0.0,transverse,1.3615924352152943e-12,1.0,INSIDE_MAJORITY,EVALUABLE,EXPLORATORY_CONSUMED_DIAGNOSTIC_ONLY
MS,density_rate,34,HMSO01R_A|PRIMARY|F1|b665cfe4fd9eb20f1bd6aea233f0af27494b5960d9e7846b88a2432175f4c297,F1,FOLD_5,HMSO01R_A|FIELD_LINEAGE|4729596698ed7c65dd5f082aea4dac27cd26c6550de18eb2382e9ca6f186b90b,0.0,transverse,1.7861340394353426e-14,1.0,INSIDE_MAJORITY,EVALUABLE,EXPLORATORY_CONSUMED_DIAGNOSTIC_ONLY
MS,density_rate,35,HMSO01R_A|PRIMARY|F1|a00695e617424fdaa8a3c9b60f31bdf7e639989766a74eea722e71e39bb641eb,F1,FOLD_0,HMSO01R_A|FIELD_LINEAGE|0f49beb059c8327e240fa524ede4b5d0ddc16e0eb915fce826282146040c0e20,0.0,longitudinal,9.633856304629878e-05,1.0,INSIDE_MAJORITY,EVALUABLE,EXPLORATORY_CONSUMED_DIAGNOSTIC_ONLY
MS,density_rate,36,HMSO01R_A|PRIMARY|F1|f75a46d3b9dd394415ff0dc35d08d05d473db87f55027b5878a646a9f33d45e7,F1,FOLD_2,HMSO01R_A|FIELD_LINEAGE|6d4353b03da9874056ea6f087e4493dcb629a7b8bd4a1eabce0a6b1b20255b6c,0.0,longitudinal,0.13257578656258112,0.2578125,OUTSIDE_MAJORITY,EVALUABLE,EXPLORATORY_CONSUMED_DIAGNOSTIC_ONLY
MS,density_rate,37,HMSO01R_A|PRIMARY|F1|29c6da305b8e2ef282724df580222dbd8a5b24509d1719ce985692e5358bdf7c,F1,FOLD_1,HMSO01R_A|FIELD_LINEAGE|73f5ee97e40c47c1aa5579bcf72cf190dfaf3aad2886cc887f3295530388016c,0.0,none,0.0,1.0,INSIDE_MAJORITY,EVALUABLE,EXPLORATORY_CONSUMED_DIAGNOSTIC_ONLY
MS,density_rate,38,HMSO01R_A|PRIMARY|F1|b261db49db049bd96fd81007473d9551c3c909e1c55ebeb506d71c25c755e401,F1,FOLD_4,HMSO01R_A|FIELD_LINEAGE|0280053dfd6ee65fbd80522b2b04964154d57f31de1cc5d0449972791fa285ea,0.0,none,0.0,1.0,INSIDE_MAJORITY,EVALUABLE,EXPLORATORY_CONSUMED_DIAGNOSTIC_ONLY
MS,density_rate,39,HMSO01R_A|PRIMARY|F1|b6e3294db87485d8748d624e75ac01416370a0ec2f4eaef0ebe70b5027802dc8,F1,FOLD_5,HMSO01R_A|FIELD_LINEAGE|f9a3d40825ca658eebc26e88239c04a3590f72ad95b03a86bc289649036f4117,0.0,none,0.0,1.0,INSIDE_MAJORITY,EVALUABLE,EXPLORATORY_CONSUMED_DIAGNOSTIC_ONLY
MS,density_rate,40,HMSO01R_A|PRIMARY|F1|a6994b29962f54879b3c8ebb37161ae29167e6424e5baa7e45c67bb686208095,F1,FOLD_1,HMSO01R_A|FIELD_LINEAGE|f952117e9c8f8a564901d0507e978f58c3289c63c557fb7f3123a84dd049ba29,0.0,longitudinal,0.08321990253541153,1.0,INSIDE_MAJORITY,EVALUABLE,EXPLORATORY_CONSUMED_DIAGNOSTIC_ONLY
MS,density_rate,41,HMSO01R_A|PRIMARY|F1|b0f0aff1339a42e131cd5f80e40a8c6d4e3f10bf3942e71d6d8ec4c6b0c55a8b,F1,FOLD_1,HMSO01R_A|FIELD_LINEAGE|6aba5ce17b9c02240405669069c0b485de9d3ce1714e3e85b0411d61ec7beb5e,0.0,transverse,1.504676182947468e-32,1.0,INSIDE_MAJORITY,EVALUABLE,EXPLORATORY_CONSUMED_DIAGNOSTIC_ONLY
MS,density_rate,42,HMSO01R_A|PRIMARY|F1|afc7d8cb8f2b532d62b4263307a637bf93a00196af97da060c00f3057dad14e2,F1,FOLD_3,HMSO01R_A|FIELD_LINEAGE|61d4f5ea89fdb94c7fd8a7150c89f5910fdf9e6c5a71383e850b5a750c8fcf55,0.0,longitudinal,0.08364845222283968,0.5859375,INSIDE_MAJORITY,EVALUABLE,EXPLORATORY_CONSUMED_DIAGNOSTIC_ONLY
MS,density_rate,43,HMSO01R_A|PRIMARY|F1|c7c8ab19a81bcd5badacba6a1854992bcea36fee7de3fce2db8d30fe9197fa68,F1,FOLD_4,HMSO01R_A|FIELD_LINEAGE|f9acbd6c60cf4de95eb27dc7c24fd369893e07d5c162236bcdc4cc91f1e5368b,0.0,longitudinal,0.0017218091487032554,1.0,INSIDE_MAJORITY,EVALUABLE,EXPLORATORY_CONSUMED_DIAGNOSTIC_ONLY
MS,density_rate,44,HMSO01R_A|PRIMARY|F1|af7518d9cb8d018b6a6413ca8fca3bd8f76c60ce4bcf6fc40baab5bb8dae00e2,F1,FOLD_3,HMSO01R_A|FIELD_LINEAGE|f8fd31406421545fa9cf8bb98c251eb120eed5378ed4276493239005b13fd6f8,0.0,transverse,4.242448835378441e-31,1.0,INSIDE_MAJORITY,EVALUABLE,EXPLORATORY_CONSUMED_DIAGNOSTIC_ONLY
MS,density_rate,45,HMSO01R_A|PRIMARY|F1|cf9891d5f2c4095828d2e4d928157956cdda518ffd5838b924980f9ca27d663c,F1,FOLD_1,HMSO01R_A|FIELD_LINEAGE|ad302a05132d9f111349ae57a7badd9ffd336cce6f517d6dda76a6f130659828,0.0,none,0.0,1.0,INSIDE_MAJORITY,EVALUABLE,EXPLORATORY_CONSUMED_DIAGNOSTIC_ONLY
MS,density_rate,46,HMSO01R_A|PRIMARY|F1|026c2a27bf5597ed2feda6a4b4383b523d2b65bf87f0549bf53a436bd2600b80,F1,FOLD_2,HMSO01R_A|FIELD_LINEAGE|5932ef4f3ff2f79b2fa4005d45fb593b78f4308c6edd18917a8552256cdfcf19,0.0,none,0.0,1.0,INSIDE_MAJORITY,EVALUABLE,EXPLORATORY_CONSUMED_DIAGNOSTIC_ONLY
MS,density_rate,47,HMSO01R_A|PRIMARY|F1|01b0d9020535497e4a91a57f6dfccdf37675e8230c14ab2243b3fd456c0da1fb,F1,FOLD_1,HMSO01R_A|FIELD_LINEAGE|f11020ed75e98ae018c3d951c68d3fba4bfe91afdf9eb4b7d62d0c0967429304,0.0,none,0.0,1.0,INSIDE_MAJORITY,EVALUABLE,EXPLORATORY_CONSUMED_DIAGNOSTIC_ONLY
MS,density_rate,48,HMSO01R_A|PRIMARY|F1|acf4c60a4130b06fae19899271e9088eeceb09c4f21ff41df4be254bc212bc47,F1,FOLD_0,HMSO01R_A|FIELD_LINEAGE|8319212c9598ce2f7cd195e20de66435ffdb6ab6aeedf4d663d53cb3966ebc0a,0.0,longitudinal,0.0010371843699340227,1.0,INSIDE_MAJORITY,EVALUABLE,EXPLORATORY_CONSUMED_DIAGNOSTIC_ONLY
MS,density_rate,49,HMSO01R_A|PRIMARY|F1|96d74acafef3b727542e7a3db52fce3d2980de16630e6c2889f40786a5d470b3,F1,FOLD_5,HMSO01R_A|FIELD_LINEAGE|6d1fc2b84d6da564ae936d907e04365ad5b63a9377b77c1faa05d68a9fe06d3c,0.0,none,0.0,1.0,INSIDE_MAJORITY,EVALUABLE,EXPLORATORY_CONSUMED_DIAGNOSTIC_ONLY
MS,density_rate,50,HMSO01R_A|PRIMARY|F1|2a6cb0fd5768542273f3d3adfc5cb4aed3516dc9e6976bcbd65f2001126b245e,F1,FOLD_0,HMSO01R_A|FIELD_LINEAGE|101e8ab2bfdfa561a79b7bef11d98c5487b65f400bdd7d35b17d61b9746e280e,0.0,longitudinal,0.0019445525665228276,1.0,INSIDE_MAJORITY,EVALUABLE,EXPLORATORY_CONSUMED_DIAGNOSTIC_ONLY
MS,density_rate,51,HMSO01R_A|PRIMARY|F1|4a9501bd0b21a8516c742f400c393e6144280259851d7f30e2c997e43f411eb7,F1,FOLD_5,HMSO01R_A|FIELD_LINEAGE|41ec221cb0eeb1bbfd7efc4d5d4cd642cd62a71a09fd5ce2fc9fff0cbe48931c,0.0,transverse,1.1032243348025225e-32,1.0,INSIDE_MAJORITY,EVALUABLE,EXPLORATORY_CONSUMED_DIAGNOSTIC_ONLY
MS,density_rate,52,HMSO01R_A|PRIMARY|F1|c5b0cc6bf0c8dd57bd7f0b8c68dad820a13926b3e97b8ee202b7423bbb7ac616,F1,FOLD_2,HMSO01R_A|FIELD_LINEAGE|d9b0e4ca0c6e9f306f81bad07b5f31753c1237e04a6a51d708212ab05edea52f,0.0,longitudinal,0.006387137574707589,1.0,INSIDE_MAJORITY,EVALUABLE,EXPLORATORY_CONSUMED_DIAGNOSTIC_ONLY
MS,density_rate,53,HMSO01R_A|PRIMARY|F1|214b8b29d7ce4f3d813b54fcc8f24214fb3f6b4b46ccf76b4ac7b9e36cabe84c,F1,FOLD_4,HMSO01R_A|FIELD_LINEAGE|04cc9f11103eaca809c304d2c5e7176a0ac510070bc43c67da76cab1f9c23ed7,0.0,transverse,1.3279912633889605e-12,1.0,INSIDE_MAJORITY,EVALUABLE,EXPLORATORY_CONSUMED_DIAGNOSTIC_ONLY
MS,density_rate,54,HMSO01R_A|PRIMARY|F1|035ddc8a0ba11d458af8f28be25b2b3108f13e52159ef7f4a7559d8590828570,F1,FOLD_3,HMSO01R_A|FIELD_LINEAGE|39a5eaeb1afddf9af00bec82f67fdf5414fc1d1e11076c2f86704fda2809ab87,0.0,transverse,1.1996078220748069e-30,1.0,INSIDE_MAJORITY,EVALUABLE,EXPLORATORY_CONSUMED_DIAGNOSTIC_ONLY
MS,density_rate,55,HMSO01R_A|PRIMARY|F1|63b55d105a1f081e8b7d8bebf35069c236c2daea18d7054cd0d430ed3a2842c0,F1,FOLD_5,HMSO01R_A|FIELD_LINEAGE|fa1ab395df96eb71b1cd3e5c31c1a1fe587398989c58265b21dd97a062b35ef9,0.0,longitudinal,0.00025158476304600947,1.0,INSIDE_MAJORITY,EVALUABLE,EXPLORATORY_CONSUMED_DIAGNOSTIC_ONLY
MS,density_rate,56,HMSO01R_A|PRIMARY|F1|74a12153712609103a3fed3a31e86ae95fca60502b239f6ee31ee9f8a4a37ebf,F1,FOLD_4,HMSO01R_A|FIELD_LINEAGE|7fcdfe3b32b571e4d4b1a4e7c1702d5dffaf41926d62628c6a434d692409d901,0.0,transverse,4.065687492043074e-31,1.0,INSIDE_MAJORITY,EVALUABLE,EXPLORATORY_CONSUMED_DIAGNOSTIC_ONLY
MS,density_rate,57,HMSO01R_A|PRIMARY|F1|e98e42893b00bae6b3c383328c4579b8fc15ac15d56505fb09208a96018bc491,F1,FOLD_4,HMSO01R_A|FIELD_LINEAGE|cd1482e6386aeab5f67532ea00a4d133dd0798283239fa2bc60b1a36d8fd8390,0.0,none,0.0,1.0,INSIDE_MAJORITY,EVALUABLE,EXPLORATORY_CONSUMED_DIAGNOSTIC_ONLY
MS,density_rate,58,HMSO01R_A|PRIMARY|F1|7e82e7b632c2905675dfb9908bb28635a50c9d0afdc23c413d8a3bb153a65c1d,F1,FOLD_5,HMSO01R_A|FIELD_LINEAGE|ff441cbe04ac4f8f63fd24360c00fa41becbfbb5a6acdf59e4dfd55c77c15642,0.0,none,0.0,1.0,INSIDE_MAJORITY,EVALUABLE,EXPLORATORY_CONSUMED_DIAGNOSTIC_ONLY
MS,density_rate,59,HMSO01R_A|PRIMARY|F1|3acaa171d742cbcbf15c7ac08ab281a976d2802302cecc69e603936bf8653389,F1,FOLD_0,HMSO01R_A|FIELD_LINEAGE|eee5df81575181b025958cda057ac7cb0483be4404d018db7bb2c06a63c25462,0.0,longitudinal,0.035242101960979454,0.4375,OUTSIDE_MAJORITY,EVALUABLE,EXPLORATORY_CONSUMED_DIAGNOSTIC_ONLY
MS,density_rate,60,HMSO01R_A|PRIMARY|F1|1a54ee621f7d1bb29510cf77a1720376b2c019b9d90a93945658549ac2fa9403,F1,FOLD_2,HMSO01R_A|FIELD_LINEAGE|1e499d17b9c103b93706f70e5fa2f7497086b8d1dab61b6d4e57ae6874e328ff,0.0,none,0.0,1.0,INSIDE_MAJORITY,EVALUABLE,EXPLORATORY_CONSUMED_DIAGNOSTIC_ONLY
MS,density_rate,61,HMSO01R_A|PRIMARY|F1|9b0121f166d7fe06976fbebe9a191c783f584d4642eab46fd48553c06dfce45d,F1,FOLD_2,HMSO01R_A|FIELD_LINEAGE|70dd50135b0ce37b393c6eae858eae2988f95a40a860753345e473ce01dd9d91,0.0,none,0.0,1.0,INSIDE_MAJORITY,EVALUABLE,EXPLORATORY_CONSUMED_DIAGNOSTIC_ONLY
MS,density_rate,62,HMSO01R_A|PRIMARY|F1|761edfc74274280b5be4fe59a9801d7c1223c2f57bae75ad70a713f6e24ee2a6,F1,FOLD_5,HMSO01R_A|FIELD_LINEAGE|17af857dc7e075f66db0acfe5114e05e0f490cc5340cc9cfe073ae813844b776,0.0,longitudinal,0.0005212807854824537,1.0,INSIDE_MAJORITY,EVALUABLE,EXPLORATORY_CONSUMED_DIAGNOSTIC_ONLY
MS,density_rate,63,HMSO01R_A|PRIMARY|F1|1c3ba79b0f8b42b3ace0cd03d07aee91477b1c601678938adaed5d4dda46b415,F1,FOLD_5,HMSO01R_A|FIELD_LINEAGE|724fd3a44cb8ec4985e45f721837e7f4eeea1666b35a166345e025918455e304,0.0,none,0.0,1.0,INSIDE_MAJORITY,EVALUABLE,EXPLORATORY_CONSUMED_DIAGNOSTIC_ONLY
MS,density_rate,64,HMSO01R_A|PRIMARY|F1|19d2b988118623ed7e4c9f75c4b118503c0805f566ad8ddf0f5a97a99c7cf58a,F1,FOLD_5,HMSO01R_A|FIELD_LINEAGE|092a3e161c8ce70f083c10130918ff7fb36de994b41e81b7dfb0e04366314a2c,0.0,longitudinal,0.01121331847371059,1.0,INSIDE_MAJORITY,EVALUABLE,EXPLORATORY_CONSUMED_DIAGNOSTIC_ONLY
MS,density_rate,65,HMSO01R_A|PRIMARY|F1|a14993c5cb44b5479ec4a687919c3a203a6ac7c2d40f7a947b2b8bbddfc502e4,F1,FOLD_5,HMSO01R_A|FIELD_LINEAGE|72bbc35959df916eca72e8fb7e723c361c09592753187c3754f344aae218c230,0.0,none,0.0,1.0,INSIDE_MAJORITY,EVALUABLE,EXPLORATORY_CONSUMED_DIAGNOSTIC_ONLY
MS,density_rate,66,HMSO01R_A|PRIMARY|F1|0060fe96e8996a93ec588dad8d1598866677e2ab75f92384cd8022d88ffbb86c,F1,FOLD_4,HMSO01R_A|FIELD_LINEAGE|065caad01d0036cc45e094366cffda53edef5d184f8c28ff280e81478dd5499f,0.0,longitudinal,0.02757291817218787,0.6328125,INSIDE_MAJORITY,EVALUABLE,EXPLORATORY_CONSUMED_DIAGNOSTIC_ONLY
MS,density_rate,67,HMSO01R_A|PRIMARY|F1|a0f716a2924ed7983147b5345834d26d6ed9e125e8e6d3a013b4d6426dc1c09a,F1,FOLD_5,HMSO01R_A|FIELD_LINEAGE|bd0a319ae5e310c35bfeaafdbd8220147f595c77c4d665773530796c1f3b9b59,0.0,transverse,6.648055686594749e-11,1.0,INSIDE_MAJORITY,EVALUABLE,EXPLORATORY_CONSUMED_DIAGNOSTIC_ONLY
MS,density_rate,68,HMSO01R_A|PRIMARY|F1|db32dab50d014d5b7d6290ae6c5a611058396e215092f82d17eb88333b05793e,F1,FOLD_3,HMSO01R_A|FIELD_LINEAGE|b49a6f081c09f4e4bff79a7f0fc0a282131ed3252c520eb6637fbf7ad615c6bd,0.0,transverse,4.028369758826007e-31,1.0,INSIDE_MAJORITY,EVALUABLE,EXPLORATORY_CONSUMED_DIAGNOSTIC_ONLY
MS,density_rate,69,HMSO01R_A|PRIMARY|F1|1aa6c3e6deee011c9544133bf78d7b19f7cad12fc2a4828e57202274987a750c,F1,FOLD_5,HMSO01R_A|FIELD_LINEAGE|49aae8e0ac8e4584d3624cd5459480c917c8157571a4f7ac9660003550146055,0.0,longitudinal,0.004519860476062764,1.0,INSIDE_MAJORITY,EVALUABLE,EXPLORATORY_CONSUMED_DIAGNOSTIC_ONLY
MS,density_rate,70,HMSO01R_A|PRIMARY|F1|7df69f6c86b7eff42e7c73af5fc7d5af02a2b7a11651af2ed2c84c22f75b0d75,F1,FOLD_0,HMSO01R_A|FIELD_LINEAGE|0f49beb059c8327e240fa524ede4b5d0ddc16e0eb915fce826282146040c0e20,0.0,longitudinal,0.0006727684597894545,1.0,INSIDE_MAJORITY,EVALUABLE,EXPLORATORY_CONSUMED_DIAGNOSTIC_ONLY
MS,density_rate,71,HMSO01R_A|PRIMARY|F1|f50221dbd1affdd2a99fc0269437c21009164da4bfdebc3af7c6eef19b74bce8,F1,FOLD_1,HMSO01R_A|FIELD_LINEAGE|c7498c8903eedb4eb72abeb74a8624f4f311768cc705b42f488a9e810b4c3aec,0.0,transverse,3.385497611369947e-31,1.0,INSIDE_MAJORITY,EVALUABLE,EXPLORATORY_CONSUMED_DIAGNOSTIC_ONLY
MS,density_rate,72,HMSO01R_A|PRIMARY|F1|bc61c9ff5fc4d66944ef51b8d5c8887be4970fac89df5995a89c67e9e00c487c,F1,FOLD_4,HMSO01R_A|FIELD_LINEAGE|e5fd0d86ce4eda7b6deef112c4230d6cc2c904c7a1cbb32b883405f7907c5018,0.0,none,0.0,1.0,INSIDE_MAJORITY,EVALUABLE,EXPLORATORY_CONSUMED_DIAGNOSTIC_ONLY
MS,density_rate,73,HMSO01R_A|PRIMARY|F1|9b0c56f3112e6518b308e096b830a618cdd301074fb48e496f551a4183b7a002,F1,FOLD_2,HMSO01R_A|FIELD_LINEAGE|05638fa6abec8d1f9d2070785cb5b62bc36d80415fcae04a6c6b1419139c3003,0.0,none,0.0,1.0,INSIDE_MAJORITY,EVALUABLE,EXPLORATORY_CONSUMED_DIAGNOSTIC_ONLY
MS,density_rate,74,HMSO01R_A|PRIMARY|F1|a6b03df9badbccaafd77fa2d99f151928adcfe61dbcc87b60332a8518468a707,F1,FOLD_0,HMSO01R_A|FIELD_LINEAGE|e6f79f1197cd7f6ad00ce2f5ddcac136ad9a2faa5584e9f390794bfb6ee07ac6,0.0,transverse,6.852409348097474e-30,1.0,INSIDE_MAJORITY,EVALUABLE,EXPLORATORY_CONSUMED_DIAGNOSTIC_ONLY
MS,density_rate,75,HMSO01R_A|PRIMARY|F1|a6cab7e0592176d869b619f0ba537484f9c18170b47ba82de6cce39092c19e80,F1,FOLD_1,HMSO01R_A|FIELD_LINEAGE|97fbdfbd64658c72d9a31f61eea2acf4543cf9ba5532a2ed052d1358412ef553,0.0,none,0.0016105642975737524,1.0,INSIDE_MAJORITY,EVALUABLE,EXPLORATORY_CONSUMED_DIAGNOSTIC_ONLY
MS,density_rate,76,HMSO01R_A|PRIMARY|F1|6e6752cb4ce90e6f165c77805339b425572aba3cb875503942fd876c35a74b1c,F1,FOLD_0,HMSO01R_A|FIELD_LINEAGE|ca0f07a3c0d5df7705d15288eb48ecdf2c50af57aa3e1ab370127581f048c929,0.0,transverse,7.775557548668042e-30,1.0,INSIDE_MAJORITY,EVALUABLE,EXPLORATORY_CONSUMED_DIAGNOSTIC_ONLY
MS,density_rate,77,HMSO01R_A|PRIMARY|F1|1814098db0c57fb57e82c60d62ef307c29f52d3af56f832b1893973e8e7f78fa,F1,FOLD_4,HMSO01R_A|FIELD_LINEAGE|a594f1a43c118c7761d223f6f34e42847c31c67fc6b06838b968dcc65b6c3356,0.0,transverse,4.3319539524178325e-31,1.0,INSIDE_MAJORITY,EVALUABLE,EXPLORATORY_CONSUMED_DIAGNOSTIC_ONLY
MS,density_rate,78,HMSO01R_A|PRIMARY|F1|936b626e0f4176f23d80581a89d19b16c892c9e907469630a0ab4a4a186275a9,F1,FOLD_0,HMSO01R_A|FIELD_LINEAGE|59aef3f6a7aa33f774612e58955e925638af1b151b9e6b2d7127236b21c1a5a6,0.0,none,0.0,1.0,INSIDE_MAJORITY,EVALUABLE,EXPLORATORY_CONSUMED_DIAGNOSTIC_ONLY
MS,density_rate,79,HMSO01R_A|PRIMARY|F1|ffee10e6bc66c4c8b9fd9915c0f61a5f20526da0fd2aa5d32bde8193180800b3,F1,FOLD_1,HMSO01R_A|FIELD_LINEAGE|788bb18808dd1be8d0fa3d7caafb9ed17441fce457a419d2bbaf861831d83a81,0.0,transverse,6.641123491546762e-12,1.0,INSIDE_MAJORITY,EVALUABLE,EXPLORATORY_CONSUMED_DIAGNOSTIC_ONLY
MS,density_rate,80,HMSO01R_A|PRIMARY|F1|1628e62e310d75900b67405f8fad9928eba66f7ce48430cf6fe2d28e0156c0f1,F1,FOLD_4,HMSO01R_A|FIELD_LINEAGE|c7100ae9429166735b2d4f6243a22cf5abc14cffba49fce96d94ed19a12387d6,0.0,none,0.0,1.0,INSIDE_MAJORITY,EVALUABLE,EXPLORATORY_CONSUMED_DIAGNOSTIC_ONLY
MS,density_rate,81,HMSO01R_A|PRIMARY|F1|0ed630a80e31bb1543196773fc1c45dcc64f47c954d8262e2dbb2a42930c1e88,F1,FOLD_4,HMSO01R_A|FIELD_LINEAGE|3e17b326e03465aac98a6b656cd3125c19ada3cc77d6223ebd6e30804155ff56,0.0,transverse,1.717329529146287e-30,1.0,INSIDE_MAJORITY,EVALUABLE,EXPLORATORY_CONSUMED_DIAGNOSTIC_ONLY
MS,density_rate,82,HMSO01R_A|PRIMARY|F1|4ac07b1a900151f104f19f07c396d96c4ef4358c793444482dfc72a8b0c35c1b,F1,FOLD_2,HMSO01R_A|FIELD_LINEAGE|f01618f1ef2fe7c85085b02f71644f843db176708a8abb6e4e05116a594e9ae3,0.0,transverse,7.274658021282572e-33,1.0,INSIDE_MAJORITY,EVALUABLE,EXPLORATORY_CONSUMED_DIAGNOSTIC_ONLY
MS,density_rate,83,HMSO01R_A|PRIMARY|F1|02ced0debb26e82ccc515e722e216e65ac33912437baf915d1006437bdc105bc,F1,FOLD_3,HMSO01R_A|FIELD_LINEAGE|0d9a0fc9b5f4f20cb32cc24ac6db7a1e45276ec79661381e7e476b453759d6b0,0.0,longitudinal,0.015938178529380294,0.234375,OUTSIDE_MAJORITY,EVALUABLE,EXPLORATORY_CONSUMED_DIAGNOSTIC_ONLY
MS,density_rate,84,HMSO01R_A|PRIMARY|F1|498868e3493b829e691cfa53d16099c09ae3cb5d3b16812102a5ba5a69cbcaf6,F1,FOLD_3,HMSO01R_A|FIELD_LINEAGE|61d4f5ea89fdb94c7fd8a7150c89f5910fdf9e6c5a71383e850b5a750c8fcf55,0.0,longitudinal,0.004035049254488491,0.9375,INSIDE_MAJORITY,EVALUABLE,EXPLORATORY_CONSUMED_DIAGNOSTIC_ONLY
MS,density_rate,85,HMSO01R_A|PRIMARY|F1|bbc93f10c6777f99da1ac3f7ec2110235588b8a19af9f68689049ae7d9dea0a9,F1,FOLD_2,HMSO01R_A|FIELD_LINEAGE|8fbd2d8c6238dbc0e3f8ebbea9ee429eb1cbd0b7ebf5580cffb8e79372f4cf04,0.0,none,0.0,1.0,INSIDE_MAJORITY,EVALUABLE,EXPLORATORY_CONSUMED_DIAGNOSTIC_ONLY
MS,density_rate,86,HMSO01R_A|PRIMARY|F1|cc7d34b4c1b5db9db00200a23658dab384a02cfa9c58517792dace4721b21afb,F1,FOLD_4,HMSO01R_A|FIELD_LINEAGE|02a8e9bf168ff7b6159072e41013ee435870f1006dfd3aa95840b1c132f5aafb,0.0,none,0.0,1.0,INSIDE_MAJORITY,EVALUABLE,EXPLORATORY_CONSUMED_DIAGNOSTIC_ONLY
MS,density_rate,87,HMSO01R_A|PRIMARY|F1|05f1d1c9a9b3aa507312fd97f2e65f5e02bf2ebec700d57a2dc57507dfde8612,F1,FOLD_0,HMSO01R_A|FIELD_LINEAGE|95873981d02cb2a4e333122aa57c7927c33fccc49c0b93590a6b549f6bec57f1,0.0,none,0.0,1.0,INSIDE_MAJORITY,EVALUABLE,EXPLORATORY_CONSUMED_DIAGNOSTIC_ONLY
MS,density_rate,88,HMSO01R_A|PRIMARY|F1|c6267cee86f5825f3095ad26040411798dfef7a71ce8e9f6c3d51ded55f9bcdb,F1,FOLD_5,HMSO01R_A|FIELD_LINEAGE|475ead0c3c732d8046f08c0918482fe4219c4fa643d2e948ba96c0bc2f6d887d,0.0,none,0.0,1.0,INSIDE_MAJORITY,EVALUABLE,EXPLORATORY_CONSUMED_DIAGNOSTIC_ONLY
MS,density_rate,89,HMSO01R_A|PRIMARY|F1|cea2672e7a4028211523d6e85816f1c8244b9012de5d68bd1b63b1be848e64c5,F1,FOLD_0,HMSO01R_A|FIELD_LINEAGE|6260b45ec31956360cb50305f8ad9fa70be57f53fb24bc0523fc70aeb48f57ae,0.0,longitudinal,0.016283029183329162,0.3515625,OUTSIDE_MAJORITY,EVALUABLE,EXPLORATORY_CONSUMED_DIAGNOSTIC_ONLY
MS,density_rate,90,HMSO01R_A|PRIMARY|F1|0fe531b05a1f891a540b4fe00c26c9db1242f708e1b74604fcb14bb87dbb9a5f,F1,FOLD_1,HMSO01R_A|FIELD_LINEAGE|8788043b5775de130eade6a54c5654805d8ed31cc68fcfa8928c3b7150abef48,0.0,transverse,9.087146310017043e-31,1.0,INSIDE_MAJORITY,EVALUABLE,EXPLORATORY_CONSUMED_DIAGNOSTIC_ONLY
MS,density_rate,91,HMSO01R_A|PRIMARY|F1|0535144bbfa08b7d0b40f6b095ad58cc5b7364203192a1621e9b3684ace2b076,F1,FOLD_4,HMSO01R_A|FIELD_LINEAGE|e39068083f41a31c97e7737f6138e1986484dea8bfe32d65a52cd58aaa1ec7e8,0.0,transverse,4.465099863816374e-31,1.0,INSIDE_MAJORITY,EVALUABLE,EXPLORATORY_CONSUMED_DIAGNOSTIC_ONLY
MS,density_rate,92,HMSO01R_A|PRIMARY|F1|fbe40df16a8e1d6477e28f02fd31d0afffef7d5d611b8d2f2ea5d89f4b52046f,F1,FOLD_2,HMSO01R_A|FIELD_LINEAGE|29dc93f9e64f8875b47eb06f84606bc0c4a0e9315877441085164bd7870ebc8e,0.0,longitudinal,0.07548986628613413,0.7109375,INSIDE_MAJORITY,EVALUABLE,EXPLORATORY_CONSUMED_DIAGNOSTIC_ONLY
MS,density_rate,93,HMSO01R_A|PRIMARY|F1|5560e3365d3607136c18f15a5b4bdeb0fa1ad093bb1bf0a9c64749d626712ac8,F1,FOLD_0,HMSO01R_A|FIELD_LINEAGE|7fd6bba4cc2991027e04cc510555a1b3e651423143c79ecd367c197fbfdf8786,0.0,transverse,8.216206055785109e-14,1.0,INSIDE_MAJORITY,EVALUABLE,EXPLORATORY_CONSUMED_DIAGNOSTIC_ONLY
MS,density_rate,94,HMSO01R_A|PRIMARY|F1|cb44afeeedccea248dc79f57a33134ffc06c52300efb702bef321f85ff291749,F1,FOLD_3,HMSO01R_A|FIELD_LINEAGE|21b79bdb11d90c0a9b01efce71ed9eec0d7fba61736210c4c1ab358a9c4e965a,0.0,transverse,1.2494079614856624e-12,1.0,INSIDE_MAJORITY,EVALUABLE,EXPLORATORY_CONSUMED_DIAGNOSTIC_ONLY
MS,density_rate,95,HMSO01R_A|PRIMARY|F1|1b1636e252838151c5329cba2980c53958595581db916378e4983f55276c520b,F1,FOLD_3,HMSO01R_A|FIELD_LINEAGE|c26b5ad7fee192c3863a9362bb1782ac10409a155024388ef9dea9120f9c3662,0.0,longitudinal,0.015473387734790085,1.0,INSIDE_MAJORITY,EVALUABLE,EXPLORATORY_CONSUMED_DIAGNOSTIC_ONLY
MS,density_rate,96,HMSO01R_A|PRIMARY|F2|7e7924cc19bd7edebd8e97056ff92c73108de1dde1d2b5a765b6e9c2f15039c8,F2,FOLD_4,HMSO01R_A|FIELD_LINEAGE|e269817bd0e21e72d0864769c51ef7f6839102d6f41f035fbbff5041e46bd0d4,0.0,longitudinal,0.02348380209979256,0.46875,OUTSIDE_MAJORITY,EVALUABLE,EXPLORATORY_CONSUMED_DIAGNOSTIC_ONLY
MS,density_rate,97,HMSO01R_A|PRIMARY|F2|85b92082f276f3286e4c6678f12a7255756bc248311c1650cd74d5462994ca54,F2,FOLD_2,HMSO01R_A|FIELD_LINEAGE|7f5e5896e83ee81bc858adc8fff5befe2b2c76e1183ff21435261a6621560b2c,0.0,none,0.0,1.0,INSIDE_MAJORITY,EVALUABLE,EXPLORATORY_CONSUMED_DIAGNOSTIC_ONLY
MS,density_rate,98,HMSO01R_A|PRIMARY|F2|2ff0e21490694c171662def5d7e7fc31fff27fc33ce0ec43388cd14f39163b4f,F2,FOLD_5,HMSO01R_A|FIELD_LINEAGE|b914e9e8b47652c007a545bd9a5f60dbdaba2b957df3f42cdec4c8edb98e6d53,0.0,none,0.0,1.0,INSIDE_MAJORITY,EVALUABLE,EXPLORATORY_CONSUMED_DIAGNOSTIC_ONLY
MS,density_rate,99,HMSO01R_A|PRIMARY|F2|97f71a14707261d95640d0d9f5541f1319782a7e078f04d23def94e5d6a43472,F2,FOLD_4,HMSO01R_A|FIELD_LINEAGE|5c07d2280b8a6c46f1c42b9f7878f3f5c5e2174c9419aaf05f2bb6b52ab2f5f6,0.0,none,0.0,1.0,INSIDE_MAJORITY,EVALUABLE,EXPLORATORY_CONSUMED_DIAGNOSTIC_ONLY
MS,density_rate,100,HMSO01R_A|PRIMARY|F2|414c8ecf48e731bd46184d3087ac18ed274e64a9422b6509a42bf763314621ad,F2,FOLD_1,HMSO01R_A|FIELD_LINEAGE|e46b2d3dad1b8a5413f52396bbef71167f252a4ba61297ea3e2b46c37456ba4c,0.0,transverse,6.4688908937916775e-12,1.0,INSIDE_MAJORITY,EVALUABLE,EXPLORATORY_CONSUMED_DIAGNOSTIC_ONLY
MS,density_rate,101,HMSO01R_A|PRIMARY|F2|eb1689f62d946c439a6d3e8a126f1b368ff2d262284868572ff232553dc8f24c,F2,FOLD_5,HMSO01R_A|FIELD_LINEAGE|f9dd81299410ddb65efe58bb38fc53798a53c7f5ab1183ef52b5f93fb7daea68,0.0,transverse,9.069035810417043e-31,1.0,INSIDE_MAJORITY,EVALUABLE,EXPLORATORY_CONSUMED_DIAGNOSTIC_ONLY
MS,density_rate,102,HMSO01R_A|PRIMARY|F2|d101b9fccd0265ae823f18e17210370e5f35e1b05491fa7f75f82921c3267d4e,F2,FOLD_4,HMSO01R_A|FIELD_LINEAGE|88fd5f86ca9cc426c28ce681d06ea15f58c6c7889170fcda146bde128f6121e4,0.0,none,0.0,1.0,INSIDE_MAJORITY,EVALUABLE,EXPLORATORY_CONSUMED_DIAGNOSTIC_ONLY
MS,density_rate,103,HMSO01R_A|PRIMARY|F2|449e6cd6b8c06069cd6cf2860bd3963de9074cd7fcfd7566dd44991a9ae739a3,F2,FOLD_1,HMSO01R_A|FIELD_LINEAGE|381d8f63546be0384f86ba8b518abcf8c4d107fec707374fb03828151e0b75af,0.0,transverse,1.6246870919640125e-30,1.0,INSIDE_MAJORITY,EVALUABLE,EXPLORATORY_CONSUMED_DIAGNOSTIC_ONLY
MS,density_rate,104,HMSO01R_A|PRIMARY|F2|23cb9d511eb7a03c195d65cf002190a3de4bdf272f9cadb5034d63d5c3f94b61,F2,FOLD_2,HMSO01R_A|FIELD_LINEAGE|34168bb92814c253cb6b05f8022442aa6cab311b67f648a00b758da530873bc9,0.0,transverse,2.7935935247568484e-10,1.0,INSIDE_MAJORITY,EVALUABLE,EXPLORATORY_CONSUMED_DIAGNOSTIC_ONLY
MS,density_rate,105,HMSO01R_A|PRIMARY|F2|869df7a0fb63835ddf6566da54e0d373a6c1f59a6452f75c57746e6112d3832d,F2,FOLD_3,HMSO01R_A|FIELD_LINEAGE|5915fb95e293a089619d78d1366edf95fa145cc69452df6337d9252e862b1502,0.0,transverse,1.1182385576299015e-13,1.0,INSIDE_MAJORITY,EVALUABLE,EXPLORATORY_CONSUMED_DIAGNOSTIC_ONLY
MS,density_rate,106,HMSO01R_A|PRIMARY|F2|646ee8d3e4b16c47e1fb553fefbb3b74a716ac8bd308824708d76e3321dc1cd0,F2,FOLD_1,HMSO01R_A|FIELD_LINEAGE|d65de8a657545ef8339cfa29e05ce27d63f8ec5e02ee50514a615a33f5595da9,0.0,none,2.6618863376122877e-13,1.0,INSIDE_MAJORITY,EVALUABLE,EXPLORATORY_CONSUMED_DIAGNOSTIC_ONLY
MS,density_rate,107,HMSO01R_A|PRIMARY|F2|b0f94b27f5456ad80df8c062f7f56906abef8438f057295aba3da67c8bbd12e9,F2,FOLD_3,HMSO01R_A|FIELD_LINEAGE|541d56dfe6d37f091e41084f899b04aeee2814cee915608e406b47dce85c3c8b,0.0,transverse,6.163936247353014e-13,1.0,INSIDE_MAJORITY,EVALUABLE,EXPLORATORY_CONSUMED_DIAGNOSTIC_ONLY
MS,density_rate,108,HMSO01R_A|PRIMARY|F2|7a7191904352183301d247a40d96db329241f40303971378388f54703e42d5eb,F2,FOLD_3,HMSO01R_A|FIELD_LINEAGE|0f0f1b8e6d3d2de7f2739e4c27aed7f4a0fa84df148b19d95d7dbbf8ec12bea3,0.0,transverse,6.604964878627837e-10,1.0,INSIDE_MAJORITY,EVALUABLE,EXPLORATORY_CONSUMED_DIAGNOSTIC_ONLY
MS,density_rate,109,HMSO01R_A|PRIMARY|F2|73fb02e9b6077123a3090fa7da944899e05b3071e33454b777da5ca899f5a712,F2,FOLD_0,HMSO01R_A|FIELD_LINEAGE|64cf1977fe8b52c7e0fc1798d4810be4243b09c0886573ce42439c1eaf431667,0.0,none,1.4577330897182141e-34,1.0,INSIDE_MAJORITY,EVALUABLE,EXPLORATORY_CONSUMED_DIAGNOSTIC_ONLY
MS,density_rate,110,HMSO01R_A|PRIMARY|F2|14ebf9c5211ec842b94eb431a255eec626b701840acca3d9bc1c8b3bb88cbb9a,F2,FOLD_2,HMSO01R_A|FIELD_LINEAGE|81c7292472bf739bf28836ff17c69dda49199278b75cd9c66130df6be7c143fb,0.0,none,0.0,1.0,INSIDE_MAJORITY,EVALUABLE,EXPLORATORY_CONSUMED_DIAGNOSTIC_ONLY
MS,density_rate,111,HMSO01R_A|PRIMARY|F2|e6f200a97055e4a10ae720faf7c9a87353731bdda3dd2c5fc3a08194879ff990,F2,FOLD_5,HMSO01R_A|FIELD_LINEAGE|f7cc0cf639be6a7e99c37868bcf630bb54f34534e2c78b36b59b7ac5ebbd1919,0.0,transverse,1.5025772284068856e-13,1.0,INSIDE_MAJORITY,EVALUABLE,EXPLORATORY_CONSUMED_DIAGNOSTIC_ONLY
MS,density_rate,112,HMSO01R_A|PRIMARY|F2|6a3e31bd5acc8fbcc153de54a6848625791547184a93279bd781a8ffb834c1f7,F2,FOLD_4,HMSO01R_A|FIELD_LINEAGE|7a0ba19f2cf324db5922acc61291c51f82b574717f73f269f12eae7bcc99ab35,0.0,none,0.0,1.0,INSIDE_MAJORITY,EVALUABLE,EXPLORATORY_CONSUMED_DIAGNOSTIC_ONLY
MS,density_rate,113,HMSO01R_A|PRIMARY|F2|60f3afc21d1f9a98ba22494006f3d71d56fc8c96f4d6037b7a222f6a9c276d6f,F2,FOLD_4,HMSO01R_A|FIELD_LINEAGE|3283083498700d830b6f9393659c16097acacaf984f6c43b70c65438a233286d,0.0,transverse,6.55507512670901e-32,1.0,INSIDE_MAJORITY,EVALUABLE,EXPLORATORY_CONSUMED_DIAGNOSTIC_ONLY
MS,density_rate,114,HMSO01R_A|PRIMARY|F2|d3d6e357c6b9ef5b5dfccefdc6900915df6420d99b7d834bc087f2124f3e371d,F2,FOLD_3,HMSO01R_A|FIELD_LINEAGE|541d56dfe6d37f091e41084f899b04aeee2814cee915608e406b47dce85c3c8b,0.0,transverse,7.782657023445679e-14,1.0,INSIDE_MAJORITY,EVALUABLE,EXPLORATORY_CONSUMED_DIAGNOSTIC_ONLY
MS,density_rate,115,HMSO01R_A|PRIMARY|F2|7354a4d210a0d4fe09c9c0aabc9fa2291423854904a772cbabdd6d8756f6b637,F2,FOLD_5,HMSO01R_A|FIELD_LINEAGE|d8cd77f2aea85a93297ba4755747ee15653349aca322bca77ce1738389444994,0.0,none,0.0,1.0,INSIDE_MAJORITY,EVALUABLE,EXPLORATORY_CONSUMED_DIAGNOSTIC_ONLY
MS,density_rate,116,HMSO01R_A|PRIMARY|F2|44f3cae28757a7122157bf9485a7f37e5ec9420f4d95986f145315a5a9aeeb0d,F2,FOLD_0,HMSO01R_A|FIELD_LINEAGE|7fd9257249644666dfcbc65ef0f9aa8090d87f1c93f77579cc137a1fc016a884,0.0,transverse,1.2102519074168658e-10,1.0,INSIDE_MAJORITY,EVALUABLE,EXPLORATORY_CONSUMED_DIAGNOSTIC_ONLY
MS,density_rate,117,HMSO01R_A|PRIMARY|F2|a23a0214d1c9ad2f0bfc1699c23efef49cb711a9af17731e6f7e285a93ea468f,F2,FOLD_0,HMSO01R_A|FIELD_LINEAGE|64cf1977fe8b52c7e0fc1798d4810be4243b09c0886573ce42439c1eaf431667,0.0,none,0.0,1.0,INSIDE_MAJORITY,EVALUABLE,EXPLORATORY_CONSUMED_DIAGNOSTIC_ONLY
MS,density_rate,118,HMSO01R_A|PRIMARY|F2|1c2c80021df766e0b8dac64531e49f3edfee32ca298674ae8af4014f66ef0538,F2,FOLD_0,HMSO01R_A|FIELD_LINEAGE|97c8122849aa3cb13b599389c011f78352d49decd5677988d0a2a6da7c39f700,0.0,none,2.6729622753178312e-33,1.0,INSIDE_MAJORITY,EVALUABLE,EXPLORATORY_CONSUMED_DIAGNOSTIC_ONLY
MS,density_rate,119,HMSO01R_A|PRIMARY|F2|225f1525345e96d468060b181560b06e9a378014dbd595964d1d7788ffb935f2,F2,FOLD_2,HMSO01R_A|FIELD_LINEAGE|5e2623db68536d2f4bee911245429597fdaee9006859890dec92aeaff707fe09,0.0,longitudinal,0.012461224846366498,1.0,INSIDE_MAJORITY,EVALUABLE,EXPLORATORY_CONSUMED_DIAGNOSTIC_ONLY
MS,density_rate,120,HMSO01R_A|PRIMARY|F2|6ae7cce1ed05d77697c2da5aaa495d3eae48e18d9db16e9452dee591598de11a,F2,FOLD_1,HMSO01R_A|FIELD_LINEAGE|e5cd23001367dee0fe50b87c4f9c5ae9d8e66eeb6cef2467ff3f6da8c0fcdc16,0.0,longitudinal,0.0013924082375125818,1.0,INSIDE_MAJORITY,EVALUABLE,EXPLORATORY_CONSUMED_DIAGNOSTIC_ONLY
MS,density_rate,121,HMSO01R_A|PRIMARY|F2|d281b99f6b2ec5d478578a5ecd7ee12f35eb0089879e73162244dd885ca6cab4,F2,FOLD_4,HMSO01R_A|FIELD_LINEAGE|88fd5f86ca9cc426c28ce681d06ea15f58c6c7889170fcda146bde128f6121e4,0.0,none,0.0,1.0,INSIDE_MAJORITY,EVALUABLE,EXPLORATORY_CONSUMED_DIAGNOSTIC_ONLY
MS,density_rate,122,HMSO01R_A|PRIMARY|F2|378edd32d7db407564a0b15e6b24bca9c7f72b0c6ef786012ce4d7f5a74c1362,F2,FOLD_5,HMSO01R_A|FIELD_LINEAGE|9c004dbe18905f4181f1a701e81649fc67e98b969674994e8f64827f6fb4c765,0.0,longitudinal,0.0008045835565877763,1.0,INSIDE_MAJORITY,EVALUABLE,EXPLORATORY_CONSUMED_DIAGNOSTIC_ONLY
MS,density_rate,123,HMSO01R_A|PRIMARY|F2|afa1b7f4e9f94b044f6756cb4f45ff5cea11a69bd126c0c7b8d466e903f63066,F2,FOLD_5,HMSO01R_A|FIELD_LINEAGE|c34a55057cd1e579919fb09acb5db221d75ae96164f74060b78863318f65371c,0.0,transverse,8.593430505581129e-14,1.0,INSIDE_MAJORITY,EVALUABLE,EXPLORATORY_CONSUMED_DIAGNOSTIC_ONLY
MS,density_rate,124,HMSO01R_A|PRIMARY|F2|341793a8994d93b17446bf88fb7676243e144008987e9363494fcb9074bdb29d,F2,FOLD_1,HMSO01R_A|FIELD_LINEAGE|6918def6b8a6923e67fc2a25f9ee5a59a177f2b6c9bf8dfd922cd28ef3b4c287,0.0,longitudinal,0.0657020942929481,1.0,INSIDE_MAJORITY,EVALUABLE,EXPLORATORY_CONSUMED_DIAGNOSTIC_ONLY
MS,density_rate,125,HMSO01R_A|PRIMARY|F2|3d84dd5ecc35ea2a4add3e7e791de239a311aee1c6bf59b0a8c2313207c95ec3,F2,FOLD_2,HMSO01R_A|FIELD_LINEAGE|15651b29629c1bcfb68ed12ef597d6352232a9bc607eac6bb7e574563cec2b00,0.0,transverse,9.08217587056996e-11,1.0,INSIDE_MAJORITY,EVALUABLE,EXPLORATORY_CONSUMED_DIAGNOSTIC_ONLY
MS,density_rate,126,HMSO01R_A|PRIMARY|F2|fddef6d439eb0c020be984164c7083d125cd4fdc76722f369b1a92c7eb6363b8,F2,FOLD_2,HMSO01R_A|FIELD_LINEAGE|81c7292472bf739bf28836ff17c69dda49199278b75cd9c66130df6be7c143fb,0.0,none,0.0,1.0,INSIDE_MAJORITY,EVALUABLE,EXPLORATORY_CONSUMED_DIAGNOSTIC_ONLY
MS,density_rate,127,HMSO01R_A|PRIMARY|F2|99abe18bbb4ec9cf8662a1ee4faaed022570139cf8e65d88d42fa7668ef66902,F2,FOLD_3,HMSO01R_A|FIELD_LINEAGE|4666d705aea26a6f22073d7a13f6e76c36824d125314c031a782f73ac5ba6779,0.0,longitudinal,0.05749121248925892,1.0,INSIDE_MAJORITY,EVALUABLE,EXPLORATORY_CONSUMED_DIAGNOSTIC_ONLY
MS,density_rate,128,HMSO01R_A|PRIMARY|F2|78acf888fc653c06ca68eb940d4f98d1964ef008d11cd2138965981b7dc3b312,F2,FOLD_2,HMSO01R_A|FIELD_LINEAGE|292cdf1c570d6fb417a11eb6a7d4d830f9162a0bf0e09496e15edbaa84e1f3f4,0.0,none,0.0,1.0,INSIDE_MAJORITY,EVALUABLE,EXPLORATORY_CONSUMED_DIAGNOSTIC_ONLY
MS,density_rate,129,HMSO01R_A|PRIMARY|F2|244d674d82586d5c27efcb5cf76f1db16e66295a7fd417ef250a1b7281a36490,F2,FOLD_5,HMSO01R_A|FIELD_LINEAGE|b2211d9018dde472457c7d9570d8b744ae480cbc84526fced16d30cb565fdb61,0.0,none,0.0,1.0,INSIDE_MAJORITY,EVALUABLE,EXPLORATORY_CONSUMED_DIAGNOSTIC_ONLY
MS,density_rate,130,HMSO01R_A|PRIMARY|F2|6ec22863c33aa350034af595f655985a633a3c7f1e805555c956b54b0133a73f,F2,FOLD_1,HMSO01R_A|FIELD_LINEAGE|e1bd95fcd7aed1a8bde13393ae7d4a98eff10f4a52c1bdfb2e54f1dd690c54dd,0.0,longitudinal,0.011988460909324664,1.0,INSIDE_MAJORITY,EVALUABLE,EXPLORATORY_CONSUMED_DIAGNOSTIC_ONLY
MS,density_rate,131,HMSO01R_A|PRIMARY|F2|c2c1b0c4ac31440c4abeb49e8d993ffe64e79f579434d4eba55dfaf82ae2e796,F2,FOLD_4,HMSO01R_A|FIELD_LINEAGE|a2bcc80ca3b9ebb8f54401e7b09de472e9adbce971c85048bd40ce15be44ea6a,0.0,longitudinal,0.04950340495717569,0.40625,OUTSIDE_MAJORITY,EVALUABLE,EXPLORATORY_CONSUMED_DIAGNOSTIC_ONLY
MS,density_rate,132,HMSO01R_A|PRIMARY|F2|3e9109911fd666447f5ea379b1ac808462eb3949899a35697643d2bf2f340a2e,F2,FOLD_5,HMSO01R_A|FIELD_LINEAGE|0183a54dead296f9ee3dee43dc4041188299c7e551f4c9c6bfbe94dc055e54ad,0.0,none,0.0,1.0,INSIDE_MAJORITY,EVALUABLE,EXPLORATORY_CONSUMED_DIAGNOSTIC_ONLY
MS,density_rate,133,HMSO01R_A|PRIMARY|F2|53c2cc70af29de18dbc1eef7a6c39f527fe2de29047950a02af19de34f4a6d0a,F2,FOLD_2,HMSO01R_A|FIELD_LINEAGE|06c5b0d79a6fc40df74bc047659e629ea096b0eb47ce7956bd3f7d012a8211c7,0.0,transverse,2.663198323464109e-31,1.0,INSIDE_MAJORITY,EVALUABLE,EXPLORATORY_CONSUMED_DIAGNOSTIC_ONLY
MS,density_rate,134,HMSO01R_A|PRIMARY|F2|5c4af0ab896c03fc7e1a2d5070136892e3faab09da4944d75c188e5f2b791d01,F2,FOLD_5,HMSO01R_A|FIELD_LINEAGE|b914e9e8b47652c007a545bd9a5f60dbdaba2b957df3f42cdec4c8edb98e6d53,0.0,none,0.0,1.0,INSIDE_MAJORITY,EVALUABLE,EXPLORATORY_CONSUMED_DIAGNOSTIC_ONLY
MS,density_rate,135,HMSO01R_A|PRIMARY|F2|1a5782df378e38739791edf0212c303606d566a73b3ced31f13850ede81428ff,F2,FOLD_3,HMSO01R_A|FIELD_LINEAGE|42e50ef40056d389a76817004688f104ee3861e2ea394e0b7ded0e04dbc7e54e,0.0,longitudinal,0.012668407379828994,0.984375,INSIDE_MAJORITY,EVALUABLE,EXPLORATORY_CONSUMED_DIAGNOSTIC_ONLY
MS,density_rate,136,HMSO01R_A|PRIMARY|F2|ba00ef884a5bf7ea7e26266655c75cf5dc8311edf7b421c6f656794c4537b080,F2,FOLD_5,HMSO01R_A|FIELD_LINEAGE|14fde0d6f8e15a741b90398f93d73484586c3eb3479f620760208e87c5b3db6c,0.0,longitudinal,0.0013737847061476613,1.0,INSIDE_MAJORITY,EVALUABLE,EXPLORATORY_CONSUMED_DIAGNOSTIC_ONLY
MS,density_rate,137,HMSO01R_A|PRIMARY|F2|173e86dcd59c309d6aa4e43dd7ef85ce6126ebb3f802053fbaab70edbb203555,F2,FOLD_1,HMSO01R_A|FIELD_LINEAGE|f2247a8dfd61c19acaf6609654c9c6098f254569cd75ef6a5201803913aa1c00,0.0,transverse,4.5809852100474495e-11,1.0,INSIDE_MAJORITY,EVALUABLE,EXPLORATORY_CONSUMED_DIAGNOSTIC_ONLY
MS,density_rate,138,HMSO01R_A|PRIMARY|F2|49b1bb175e5832181d45f528b2b9591200fbe142eca9716787677e89238cbd10,F2,FOLD_4,HMSO01R_A|FIELD_LINEAGE|a2187a6938903010b61ee85d06f597d4029728ee0de5541c03daf2ed126b189e,0.0,none,0.0,1.0,INSIDE_MAJORITY,EVALUABLE,EXPLORATORY_CONSUMED_DIAGNOSTIC_ONLY
MS,density_rate,139,HMSO01R_A|PRIMARY|F2|fc4b57a5c40354268856c01fc76d3319239dd5d9dd20c90e80fe43c264e9267b,F2,FOLD_2,HMSO01R_A|FIELD_LINEAGE|15651b29629c1bcfb68ed12ef597d6352232a9bc607eac6bb7e574563cec2b00,0.0,transverse,1.569183658034987e-13,1.0,INSIDE_MAJORITY,EVALUABLE,EXPLORATORY_CONSUMED_DIAGNOSTIC_ONLY
MS,density_rate,140,HMSO01R_A|PRIMARY|F2|9dfe0eca8bbebcdc4a1978a54e0816482c15911908fdfbb31569d5a214e9872c,F2,FOLD_3,HMSO01R_A|FIELD_LINEAGE|5851badadb2dbcb7aa9bd12e7e1999f87fd380febbee831ba86fec2a8906fa0a,0.0,none,0.0,1.0,INSIDE_MAJORITY,EVALUABLE,EXPLORATORY_CONSUMED_DIAGNOSTIC_ONLY
MS,density_rate,141,HMSO01R_A|PRIMARY|F2|895dd6678d4e24c9ca1d71d9c008f41366cf80a23cde2c2eb415309e3a867295,F2,FOLD_4,HMSO01R_A|FIELD_LINEAGE|9a24c02f87d28fecb69b79ddff22c8eb176badf445e6b5b8234aa2a46b73c349,0.0,transverse,4.758424323353913e-12,1.0,INSIDE_MAJORITY,EVALUABLE,EXPLORATORY_CONSUMED_DIAGNOSTIC_ONLY
MS,density_rate,142,HMSO01R_A|PRIMARY|F2|43400ba997c21fdce3f471265a500e4ce9576d1439d1f30fbef4c90e64fe3d8d,F2,FOLD_4,HMSO01R_A|FIELD_LINEAGE|191e9f46778b3758f1f78fde4f9e2a46913f5a82ffc9889aaa9e18e41d67ee0e,0.0,transverse,1.1102738194650872e-12,1.0,INSIDE_MAJORITY,EVALUABLE,EXPLORATORY_CONSUMED_DIAGNOSTIC_ONLY
MS,density_rate,143,HMSO01R_A|PRIMARY|F2|bb71b018647a767eed8901cfe1bf61e2c7d8c0a7a0a327a2fa924dd359c71c26,F2,FOLD_5,HMSO01R_A|FIELD_LINEAGE|9c004dbe18905f4181f1a701e81649fc67e98b969674994e8f64827f6fb4c765,0.0,longitudinal,0.000526016471751602,1.0,INSIDE_MAJORITY,EVALUABLE,EXPLORATORY_CONSUMED_DIAGNOSTIC_ONLY
MS,density_rate,144,HMSO01R_A|PRIMARY|F2|8e8cf402dd59acdd5c95ee8fdb63bc03fad23d019d7276ca80115848d78c55ef,F2,FOLD_0,HMSO01R_A|FIELD_LINEAGE|8573999ac09da70da8d1802997d1dd1b2879d7ff239af35fb1a185a39cc1f420,0.0,longitudinal,0.03662136015626707,0.796875,INSIDE_MAJORITY,EVALUABLE,EXPLORATORY_CONSUMED_DIAGNOSTIC_ONLY
MS,density_rate,145,HMSO01R_A|PRIMARY|F2|7b872968a13989e45fb2f3e89908ca2ac37f6ff5f28e567d6ec4465af3c38fe9,F2,FOLD_1,HMSO01R_A|FIELD_LINEAGE|20fd9f4e76cc9e98a79b808be25ffb0cc4d95c0522637973fd5963586426d614,0.0,transverse,4.88460232171633e-11,1.0,INSIDE_MAJORITY,EVALUABLE,EXPLORATORY_CONSUMED_DIAGNOSTIC_ONLY
MS,density_rate,146,HMSO01R_A|PRIMARY|F2|4ccc4b5f9e495e2dea0d0bbe1112b687c163dc2990f14f3a9a8779a2febb23ca,F2,FOLD_0,HMSO01R_A|FIELD_LINEAGE|970bbd18dffee12c05308155c993436bfc58e77384e4967420f4e2e03156c88b,0.0,none,0.0,1.0,INSIDE_MAJORITY,EVALUABLE,EXPLORATORY_CONSUMED_DIAGNOSTIC_ONLY
MS,density_rate,147,HMSO01R_A|PRIMARY|F2|6fefe8e4f1094c859a846ee88db724abc280227b36323f72927db524e29383b7,F2,FOLD_0,HMSO01R_A|FIELD_LINEAGE|f0421338d311584916d83a8dd01c9f47b7707c5652d4192e1df422a2a9e7d57d,0.0,longitudinal,0.038147430217508,0.578125,INSIDE_MAJORITY,EVALUABLE,EXPLORATORY_CONSUMED_DIAGNOSTIC_ONLY
MS,density_rate,148,HMSO01R_A|PRIMARY|F2|eb7b6ba03291aea589dda52a307711c5f6ee46f4eb37a5cd373f77c7f67863a7,F2,FOLD_2,HMSO01R_A|FIELD_LINEAGE|7f5e5896e83ee81bc858adc8fff5befe2b2c76e1183ff21435261a6621560b2c,0.0,none,0.0,1.0,INSIDE_MAJORITY,EVALUABLE,EXPLORATORY_CONSUMED_DIAGNOSTIC_ONLY
MS,density_rate,149,HMSO01R_A|PRIMARY|F2|04462d4167f9e6a289c93a4bb5aa1dea05cd96b3ea96571f0868e25ebc8d5f8e,F2,FOLD_5,HMSO01R_A|FIELD_LINEAGE|3e594f148c4f0181faaf58cc7906a2e9e8709c7be31e59cdc8bdd6b6b7c398a2,0.0,transverse,6.649853826057293e-31,1.0,INSIDE_MAJORITY,EVALUABLE,EXPLORATORY_CONSUMED_DIAGNOSTIC_ONLY
MS,density_rate,150,HMSO01R_A|PRIMARY|F2|4297699e347ed4806aabb29114fcd2781da12cb95ffcc5628fb9d70f665cdd4f,F2,FOLD_3,HMSO01R_A|FIELD_LINEAGE|4666d705aea26a6f22073d7a13f6e76c36824d125314c031a782f73ac5ba6779,0.0,longitudinal,0.013426038950170922,1.0,INSIDE_MAJORITY,EVALUABLE,EXPLORATORY_CONSUMED_DIAGNOSTIC_ONLY
MS,density_rate,151,HMSO01R_A|PRIMARY|F2|e68e4a07fd36664d37b69ec67f5add124cad2d58918fe355b55ab2950f542dba,F2,FOLD_1,HMSO01R_A|FIELD_LINEAGE|6918def6b8a6923e67fc2a25f9ee5a59a177f2b6c9bf8dfd922cd28ef3b4c287,0.0,longitudinal,0.0374360391219373,1.0,INSIDE_MAJORITY,EVALUABLE,EXPLORATORY_CONSUMED_DIAGNOSTIC_ONLY
MS,density_rate,152,HMSO01R_A|PRIMARY|F2|4712b26cd9c8f9315534de7184e7f01d6136b8f8799924f91d07bfdfeaa3ef4b,F2,FOLD_1,HMSO01R_A|FIELD_LINEAGE|7cb12f064a9c8069fd15f2a86fa0ddd017328ca5cc4b0fc515bbfbdd4c6e6858,0.0,longitudinal,0.13028970833184952,1.0,INSIDE_MAJORITY,EVALUABLE,EXPLORATORY_CONSUMED_DIAGNOSTIC_ONLY
MS,density_rate,153,HMSO01R_A|PRIMARY|F2|870ff902b019e213bc644d7adb9a6788d1c2dc81205205d17418193ba8c3ba06,F2,FOLD_4,HMSO01R_A|FIELD_LINEAGE|3d33238d426baab3f4ff1c525309d0c0b825fb99fca42c8d1a5482ea92f2f1a6,0.0,none,0.0,1.0,INSIDE_MAJORITY,EVALUABLE,EXPLORATORY_CONSUMED_DIAGNOSTIC_ONLY
MS,density_rate,154,HMSO01R_A|PRIMARY|F2|c97c32b32beaf7b49449c7dfac283e421732f48d3a1a0e8bae6822b2d18c979d,F2,FOLD_4,HMSO01R_A|FIELD_LINEAGE|a2187a6938903010b61ee85d06f597d4029728ee0de5541c03daf2ed126b189e,0.0,none,0.0,1.0,INSIDE_MAJORITY,EVALUABLE,EXPLORATORY_CONSUMED_DIAGNOSTIC_ONLY
MS,density_rate,155,HMSO01R_A|PRIMARY|F2|9aa02356e03e116f8c7747cc6dc67ca5bf6463af78c8ec2a5e839ecf5cd044b6,F2,FOLD_2,HMSO01R_A|FIELD_LINEAGE|b40ef25bd445f58063f7eecbd118e28fcd5b9c8ea0b1803b18c885057e29107f,0.0,longitudinal,0.009726766884154154,1.0,INSIDE_MAJORITY,EVALUABLE,EXPLORATORY_CONSUMED_DIAGNOSTIC_ONLY
MS,density_rate,156,HMSO01R_A|PRIMARY|F2|9ceb85393da4b2a224d124f538efebd26b83e4ecbf4cee17ff9c06c84e444184,F2,FOLD_3,HMSO01R_A|FIELD_LINEAGE|42e50ef40056d389a76817004688f104ee3861e2ea394e0b7ded0e04dbc7e54e,0.0,longitudinal,0.026566260597259184,1.0,INSIDE_MAJORITY,EVALUABLE,EXPLORATORY_CONSUMED_DIAGNOSTIC_ONLY
MS,density_rate,157,HMSO01R_A|PRIMARY|F2|d02d37603ad0429331b1b282ab0d05d6647faf02d57121f49583e677b27197af,F2,FOLD_5,HMSO01R_A|FIELD_LINEAGE|d8cd77f2aea85a93297ba4755747ee15653349aca322bca77ce1738389444994,0.0,none,0.0,1.0,INSIDE_MAJORITY,EVALUABLE,EXPLORATORY_CONSUMED_DIAGNOSTIC_ONLY
MS,density_rate,158,HMSO01R_A|PRIMARY|F2|5421d8aa9bb2512df8601781ad0d4b3968d57f51768c4451aff8f8be42a4b79d,F2,FOLD_0,HMSO01R_A|FIELD_LINEAGE|7fd9257249644666dfcbc65ef0f9aa8090d87f1c93f77579cc137a1fc016a884,0.0,transverse,2.0318789099637825e-12,1.0,INSIDE_MAJORITY,EVALUABLE,EXPLORATORY_CONSUMED_DIAGNOSTIC_ONLY
MS,density_rate,159,HMSO01R_A|PRIMARY|F2|767938226812a2838020c63ae0ec90bb4e50ead499924ecb103ed85f1140c35e,F2,FOLD_3,HMSO01R_A|FIELD_LINEAGE|8e3408f57249bc00fdafb475f758686e9ee7a95dad97ecf63f9b3a27f383de5d,0.0,longitudinal,0.07959778962693054,0.7890625,INSIDE_MAJORITY,EVALUABLE,EXPLORATORY_CONSUMED_DIAGNOSTIC_ONLY
MS,density_rate,160,HMSO01R_A|PRIMARY|F2|06317839d4737f546c947257bdda4c62c61d0554e47ead2e411236d53d112e6a,F2,FOLD_3,HMSO01R_A|FIELD_LINEAGE|11fde86949c379fe2021d6c74cae47b21d76fdf394512bb275cf864fa8a207c8,0.0,longitudinal,0.07349304930341913,0.8359375,INSIDE_MAJORITY,EVALUABLE,EXPLORATORY_CONSUMED_DIAGNOSTIC_ONLY
MS,density_rate,161,HMSO01R_A|PRIMARY|F2|7820bcfb5b087e80c1c6836a57a1f43ddd0c0eabfeda98ea6e8d9aa8389ed207,F2,FOLD_0,HMSO01R_A|FIELD_LINEAGE|2d885ab8e36e98def0f3a036fab45f57940afd290e12c42ece2cbbf2a0b7faed,0.0,transverse,2.1384258164396074e-31,1.0,INSIDE_MAJORITY,EVALUABLE,EXPLORATORY_CONSUMED_DIAGNOSTIC_ONLY
MS,density_rate,162,HMSO01R_A|PRIMARY|F2|8944ba387db65deaa93a40382da6d01673338136d1e94ca8e9fe59b6cb3efcba,F2,FOLD_4,HMSO01R_A|FIELD_LINEAGE|5c07d2280b8a6c46f1c42b9f7878f3f5c5e2174c9419aaf05f2bb6b52ab2f5f6,0.0,none,0.0,1.0,INSIDE_MAJORITY,EVALUABLE,EXPLORATORY_CONSUMED_DIAGNOSTIC_ONLY
MS,density_rate,163,HMSO01R_A|PRIMARY|F2|8ddfab82fa98a874ee0e716b4b758a93f444c158ec4a00d3fbe09c82d4bc8295,F2,FOLD_2,HMSO01R_A|FIELD_LINEAGE|06c5b0d79a6fc40df74bc047659e629ea096b0eb47ce7956bd3f7d012a8211c7,0.0,transverse,6.565231450991124e-32,1.0,INSIDE_MAJORITY,EVALUABLE,EXPLORATORY_CONSUMED_DIAGNOSTIC_ONLY
MS,density_rate,164,HMSO01R_A|PRIMARY|F2|aef30f7b06dc318c716f205dc8eabfa6b6ed892cd6f40ffa2655079a736cee3a,F2,FOLD_0,HMSO01R_A|FIELD_LINEAGE|56571c9b6d895bc0e855ce89225a188e41167fe16fc1aed7e4e19ab1ddaef9cb,0.0,none,0.0,1.0,INSIDE_MAJORITY,EVALUABLE,EXPLORATORY_CONSUMED_DIAGNOSTIC_ONLY
MS,density_rate,165,HMSO01R_A|PRIMARY|F2|d57fe4ad60e081a7f8f4efa48a8eb91b168f1646797b26e04c5db9546d00f60b,F2,FOLD_5,HMSO01R_A|FIELD_LINEAGE|197ff926eb3d0f9ff98b06347687987d9933c0c4a0832b79258c496c53405132,0.0,longitudinal,0.0028418706119393367,1.0,INSIDE_MAJORITY,EVALUABLE,EXPLORATORY_CONSUMED_DIAGNOSTIC_ONLY
MS,density_rate,166,HMSO01R_A|PRIMARY|F2|975452d94e6c79df9ff8d8fba1e374f302d680dee30b89df4102bc72393d1f9b,F2,FOLD_3,HMSO01R_A|FIELD_LINEAGE|5851badadb2dbcb7aa9bd12e7e1999f87fd380febbee831ba86fec2a8906fa0a,0.0,none,0.0,1.0,INSIDE_MAJORITY,EVALUABLE,EXPLORATORY_CONSUMED_DIAGNOSTIC_ONLY
MS,density_rate,167,HMSO01R_A|PRIMARY|F2|44347425dbc13101dae7c7450e08fb4b35d0ca65dcfd17e980334a022d882af9,F2,FOLD_1,HMSO01R_A|FIELD_LINEAGE|20bbc33e3ce141e2f7eb99de3d0702689581411faf36ef6782c9dd4ff7bd0899,0.0,longitudinal,0.008257814098541429,1.0,INSIDE_MAJORITY,EVALUABLE,EXPLORATORY_CONSUMED_DIAGNOSTIC_ONLY
MS,density_rate,168,HMSO01R_A|PRIMARY|F2|50287af40030d649f1af5a13277f820d8e9b04c2c12a7d0e8d2996e66e26b556,F2,FOLD_5,HMSO01R_A|FIELD_LINEAGE|b1b50b97bc0f473e266ef9eb8a1e2e2edee23dadabeb0645af363d822d4db947,0.0,none,0.0,1.0,INSIDE_MAJORITY,EVALUABLE,EXPLORATORY_CONSUMED_DIAGNOSTIC_ONLY
MS,density_rate,169,HMSO01R_A|PRIMARY|F2|770f7ccfdd77b26685f21e0e3c70f18ec9f421839d2fba7929928a85b11f3c9a,F2,FOLD_3,HMSO01R_A|FIELD_LINEAGE|5cf76bdd12cdf0612bba343b6cf1b9e46ef0764cc183560f7b16acacca9460f1,0.0,none,0.0,1.0,INSIDE_MAJORITY,EVALUABLE,EXPLORATORY_CONSUMED_DIAGNOSTIC_ONLY
MS,density_rate,170,HMSO01R_A|PRIMARY|F2|d512fe7ee100d3974c5f97dc7b1fa2660d854ea076fcc8d96cb46f6dbe87500d,F2,FOLD_1,HMSO01R_A|FIELD_LINEAGE|e99701698ca3eda87704f5f32294f901f56116d9da609afcb18418d4c8a62bf2,0.0,transverse,3.716978335184312e-11,1.0,INSIDE_MAJORITY,EVALUABLE,EXPLORATORY_CONSUMED_DIAGNOSTIC_ONLY
MS,density_rate,171,HMSO01R_A|PRIMARY|F2|075d9f5ce867e6dbadfe8de37051b48f3917aea711dd42c93d1beca79c10b036,F2,FOLD_4,HMSO01R_A|FIELD_LINEAGE|3283083498700d830b6f9393659c16097acacaf984f6c43b70c65438a233286d,0.0,transverse,1.1376188459108399e-31,1.0,INSIDE_MAJORITY,EVALUABLE,EXPLORATORY_CONSUMED_DIAGNOSTIC_ONLY
MS,density_rate,172,HMSO01R_A|PRIMARY|F2|23a1b3ff87d761d45da6714a7a8f504f2d1ae1758fc48c5edde0346581e7dcb9,F2,FOLD_5,HMSO01R_A|FIELD_LINEAGE|0183a54dead296f9ee3dee43dc4041188299c7e551f4c9c6bfbe94dc055e54ad,0.0,none,0.0,1.0,INSIDE_MAJORITY,EVALUABLE,EXPLORATORY_CONSUMED_DIAGNOSTIC_ONLY
MS,density_rate,173,HMSO01R_A|PRIMARY|F2|cf42695af0c24db6bd3d8952fcd9d3df58fca05a61b3413ec53ae3a547abb47e,F2,FOLD_2,HMSO01R_A|FIELD_LINEAGE|4a864b01d23e69fbf80902fd3a728f366c9eb285ead51eb5724dfe25ca232031,0.0,transverse,1.0319420796412788e-13,1.0,INSIDE_MAJORITY,EVALUABLE,EXPLORATORY_CONSUMED_DIAGNOSTIC_ONLY
MS,density_rate,174,HMSO01R_A|PRIMARY|F2|caf9380b58fd1298f9b3296a6d0386c5d9b7a136975daf3e1d5a80853cd8eef1,F2,FOLD_1,HMSO01R_A|FIELD_LINEAGE|7cb12f064a9c8069fd15f2a86fa0ddd017328ca5cc4b0fc515bbfbdd4c6e6858,0.0,longitudinal,0.022245819175750997,1.0,INSIDE_MAJORITY,EVALUABLE,EXPLORATORY_CONSUMED_DIAGNOSTIC_ONLY
MS,density_rate,175,HMSO01R_A|PRIMARY|F2|0f34bfbdf04b3c15451a4a77716248a4eb3d3a17ab75fa5c980bc8ae9e205274,F2,FOLD_2,HMSO01R_A|FIELD_LINEAGE|5e2623db68536d2f4bee911245429597fdaee9006859890dec92aeaff707fe09,0.0,longitudinal,0.007728465388681157,1.0,INSIDE_MAJORITY,EVALUABLE,EXPLORATORY_CONSUMED_DIAGNOSTIC_ONLY
MS,density_rate,176,HMSO01R_A|PRIMARY|F2|2ea1d90f57b9810a91106d036818acb702d93d228b9d9df681a219b545bc1f6a,F2,FOLD_0,HMSO01R_A|FIELD_LINEAGE|9c5f7b50a01e8dafcf4be2d7df61fd0da86b2229fe32286852ed3ad88cce82f1,0.0,longitudinal,0.04117443176760195,0.78125,INSIDE_MAJORITY,EVALUABLE,EXPLORATORY_CONSUMED_DIAGNOSTIC_ONLY
MS,density_rate,177,HMSO01R_A|PRIMARY|F2|19be682a103146b62d59845d0b1804ab3b62d9c573f8e68e21e4a7bdead50cd2,F2,FOLD_2,HMSO01R_A|FIELD_LINEAGE|06c5b0d79a6fc40df74bc047659e629ea096b0eb47ce7956bd3f7d012a8211c7,0.0,transverse,4.2615337334530154e-32,1.0,INSIDE_MAJORITY,EVALUABLE,EXPLORATORY_CONSUMED_DIAGNOSTIC_ONLY
MS,density_rate,178,HMSO01R_A|PRIMARY|F2|185d0c3aa5513b03f278a966e478709c4902e70ac083e6f632bc98d88beb9df7,F2,FOLD_2,HMSO01R_A|FIELD_LINEAGE|87172e4156e9f066a6ea7ab3304062c939784ea4bd0f5f1cf466bbc2d6008cc6,0.0,none,0.0,1.0,INSIDE_MAJORITY,EVALUABLE,EXPLORATORY_CONSUMED_DIAGNOSTIC_ONLY
MS,density_rate,179,HMSO01R_A|PRIMARY|F2|5138ec5bf5a63077695a50b6daf79a75c288e3f92b7d2fd433420e10b7c89d9c,F2,FOLD_2,HMSO01R_A|FIELD_LINEAGE|8a6dd2252f8c5f8f08c3ba5ae9cf89d97575348634ba471a1a84e7de612ac6f3,0.0,longitudinal,0.08099725734650806,0.53125,INSIDE_MAJORITY,EVALUABLE,EXPLORATORY_CONSUMED_DIAGNOSTIC_ONLY
MS,density_rate,180,HMSO01R_A|PRIMARY|F2|818dc2505ec37b131c424e5845713b79c3eb0739f3b7de40bbedca42f6db8eae,F2,FOLD_0,HMSO01R_A|FIELD_LINEAGE|970bbd18dffee12c05308155c993436bfc58e77384e4967420f4e2e03156c88b,0.0,none,0.0,1.0,INSIDE_MAJORITY,EVALUABLE,EXPLORATORY_CONSUMED_DIAGNOSTIC_ONLY
MS,density_rate,181,HMSO01R_A|PRIMARY|F2|a74e9c0a19316e67907d4b557a95ce39a7d043fecb771ce561b574665efa7afe,F2,FOLD_1,HMSO01R_A|FIELD_LINEAGE|e1662caa4f55fa1e467b750db9be81d3672b988a828412586110c172a4b65cc4,0.0,transverse,3.081209302768888e-10,1.0,INSIDE_MAJORITY,EVALUABLE,EXPLORATORY_CONSUMED_DIAGNOSTIC_ONLY
MS,density_rate,182,HMSO01R_A|PRIMARY|F2|bdb007584742122a198d9ced8ca8026b3be02c902d5955e2048c740a64716cf2,F2,FOLD_0,HMSO01R_A|FIELD_LINEAGE|38ed780ae9e2ceb725d12dc596e69f348d116c6ab5da75f5bae97744169a86db,0.0,none,0.0,1.0,INSIDE_MAJORITY,EVALUABLE,EXPLORATORY_CONSUMED_DIAGNOSTIC_ONLY
MS,density_rate,183,HMSO01R_A|PRIMARY|F2|3272400369fdb2a2501d3b745bd9e207e5bae9055664ceac44b9407292a76f92,F2,FOLD_4,HMSO01R_A|FIELD_LINEAGE|3d33238d426baab3f4ff1c525309d0c0b825fb99fca42c8d1a5482ea92f2f1a6,0.0,none,0.0,1.0,INSIDE_MAJORITY,EVALUABLE,EXPLORATORY_CONSUMED_DIAGNOSTIC_ONLY
MS,density_rate,184,HMSO01R_A|PRIMARY|F2|034e6c9c44e99f51aee8aba69d1a4c28c3cb9adb1b6463d89f18728770764abe,F2,FOLD_4,HMSO01R_A|FIELD_LINEAGE|ebfb44058badbf85a36d8671e914d20620f9253b30eeec0e96b5e0c20dc8e16c,0.0,none,0.0,1.0,INSIDE_MAJORITY,EVALUABLE,EXPLORATORY_CONSUMED_DIAGNOSTIC_ONLY
MS,density_rate,185,HMSO01R_A|PRIMARY|F2|732f4cfaffee839c2b271711e16b6b2fb3e217bff4c7fcfb490bdf8b56ec287e,F2,FOLD_1,HMSO01R_A|FIELD_LINEAGE|b31d5c3484f2394d06a11f5ae52600d61d7c303637147b70dbb1edd7e25e93c9,0.0,none,0.0,1.0,INSIDE_MAJORITY,EVALUABLE,EXPLORATORY_CONSUMED_DIAGNOSTIC_ONLY
MS,density_rate,186,HMSO01R_A|PRIMARY|F2|b1d0a8244d66a3601ab9490c2f324ddb81f10addb947e8c682ba8c0128bd165b,F2,FOLD_2,HMSO01R_A|FIELD_LINEAGE|87172e4156e9f066a6ea7ab3304062c939784ea4bd0f5f1cf466bbc2d6008cc6,0.0,none,0.0,1.0,INSIDE_MAJORITY,EVALUABLE,EXPLORATORY_CONSUMED_DIAGNOSTIC_ONLY
MS,density_rate,187,HMSO01R_A|PRIMARY|F2|72d1507d3e0e38859bf68cd9d3d24754b35a19b61c5d7d5a9758d538c22b58ae,F2,FOLD_3,HMSO01R_A|FIELD_LINEAGE|e82aee0755c70810ee3fbd630ec4d3fa698e473225b4aa505b26af8a458a6400,0.0,longitudinal,0.04746946013142872,0.9140625,INSIDE_MAJORITY,EVALUABLE,EXPLORATORY_CONSUMED_DIAGNOSTIC_ONLY
MS,density_rate,188,HMSO01R_A|PRIMARY|F2|3d2c5979ee1fcd4aee7a725050dc0ff27fa2da4d1c90535241ecacbdd1790f25,F2,FOLD_0,HMSO01R_A|FIELD_LINEAGE|8573999ac09da70da8d1802997d1dd1b2879d7ff239af35fb1a185a39cc1f420,0.0,longitudinal,0.01228635473692661,0.984375,INSIDE_MAJORITY,EVALUABLE,EXPLORATORY_CONSUMED_DIAGNOSTIC_ONLY
MS,density_rate,189,HMSO01R_A|PRIMARY|F2|8d55437423bf8c70e6605b36d7260b3a4672b3a5ed3778b44ba3d5bf4cb18b32,F2,FOLD_0,HMSO01R_A|FIELD_LINEAGE|97c8122849aa3cb13b599389c011f78352d49decd5677988d0a2a6da7c39f700,0.0,none,0.0,1.0,INSIDE_MAJORITY,EVALUABLE,EXPLORATORY_CONSUMED_DIAGNOSTIC_ONLY
MS,density_rate,190,HMSO01R_A|PRIMARY|F2|84e4cae6d11fca7df479ebcc35a969e79388e4512dbaf94280c83be546b27d42,F2,FOLD_0,HMSO01R_A|FIELD_LINEAGE|8573999ac09da70da8d1802997d1dd1b2879d7ff239af35fb1a185a39cc1f420,0.0,longitudinal,0.01783116810083396,0.984375,INSIDE_MAJORITY,EVALUABLE,EXPLORATORY_CONSUMED_DIAGNOSTIC_ONLY
MS,density_rate,191,HMSO01R_A|PRIMARY|F2|288da569df1da8449acb1b2e9db3c3d5edda6f8e97a8bdeb3237c37cd17645a4,F2,FOLD_4,HMSO01R_A|FIELD_LINEAGE|5717c014ee19e2404587fa3546273faef8d6d97d2a31a4b9e01b24770e476426,0.0,transverse,8.364036033178321e-11,1.0,INSIDE_MAJORITY,EVALUABLE,EXPLORATORY_CONSUMED_DIAGNOSTIC_ONLY
MS,density_rate,192,HMSO01R_A|PRIMARY|F3|0246c8978fdb6f9b1602abd7e4bb592349c6dbcaec25b547026c9c2750042711,F3,FOLD_2,HMSO01R_A|FIELD_LINEAGE|e2fdf0ecb37222ddf2c343b2a9785bb080b33fb721f4d3381403db08d53276de,0.0,longitudinal,0.14375580344458866,0.2578125,OUTSIDE_MAJORITY,EVALUABLE,EXPLORATORY_CONSUMED_DIAGNOSTIC_ONLY
MS,density_rate,193,HMSO01R_A|PRIMARY|F3|284496823e8aec01b40520cb6e31072714c17b163a3b2aee9494245e6ab4fbe3,F3,FOLD_3,HMSO01R_A|FIELD_LINEAGE|adcf8aaea780832e88b7b6b779fb3ef2ecab338dd7379ac8654e7aabdcee4b4f,0.0,none,0.0,1.0,INSIDE_MAJORITY,EVALUABLE,EXPLORATORY_CONSUMED_DIAGNOSTIC_ONLY
MS,density_rate,194,HMSO01R_A|PRIMARY|F3|856be85985639f39746337ee50cc51e130ce0a7d2c260e20fb1669a498ca4c4a,F3,FOLD_4,HMSO01R_A|FIELD_LINEAGE|440a69e5e6d8a6266c3153ff4cc4273aafca8ec71c677d3f24cfa0db89cae65c,0.0,none,0.0,1.0,INSIDE_MAJORITY,EVALUABLE,EXPLORATORY_CONSUMED_DIAGNOSTIC_ONLY
MS,density_rate,195,HMSO01R_A|PRIMARY|F3|b2ac6ac17aa0a12ce8cd63645f41349492c000f968be067724d7f478de5b6729,F3,FOLD_3,HMSO01R_A|FIELD_LINEAGE|a97cf87a717a68b745e28078c021ba65c881711a1cd171188bc4affd3a1b5795,0.0,none,0.0,1.0,INSIDE_MAJORITY,EVALUABLE,EXPLORATORY_CONSUMED_DIAGNOSTIC_ONLY
MS,density_rate,196,HMSO01R_A|PRIMARY|F3|b086157b1bcfb941501ef7f87c880219004f7cad86dd44d4bd3f804094e509b4,F3,FOLD_5,HMSO01R_A|FIELD_LINEAGE|bf32023450080971c5fdfb56d7a260838d7b8e02917a4118c4ed0b4a49c6c14a,0.0,transverse,8.137749060974721e-11,1.0,INSIDE_MAJORITY,EVALUABLE,EXPLORATORY_CONSUMED_DIAGNOSTIC_ONLY
MS,density_rate,197,HMSO01R_A|PRIMARY|F3|1c755f486d1242ae237857d913100f73519ac2418e3546045035c8318a436869,F3,FOLD_5,HMSO01R_A|FIELD_LINEAGE|d2f9d8c8f5f3c69790790651faeb1c1f59b6b387e4ede38adea5936b94855ff9,0.0,transverse,1.0494893754842856e-12,1.0,INSIDE_MAJORITY,EVALUABLE,EXPLORATORY_CONSUMED_DIAGNOSTIC_ONLY
MS,density_rate,198,HMSO01R_A|PRIMARY|F3|7a55c18fc48b21e85cc57c38b6ca548a108b03deee77e5dc0ebe5146fbe17cfd,F3,FOLD_5,HMSO01R_A|FIELD_LINEAGE|226b761343bde11d0f8531972b4efd2a54f34c441ce74b43268bfdfde41542ed,0.0,none,0.0,1.0,INSIDE_MAJORITY,EVALUABLE,EXPLORATORY_CONSUMED_DIAGNOSTIC_ONLY
MS,density_rate,199,HMSO01R_A|PRIMARY|F3|9dfa53931f7f4e1baae8e92539a530becbe3dc126225f6cab71b5b92d4e26c23,F3,FOLD_1,HMSO01R_A|FIELD_LINEAGE|b0c6a47a41827791b3e03b32c3cfc7642f7c46055e5fbdc618a902dd60890cc0,0.0,none,0.2839350040104039,1.0,INSIDE_MAJORITY,EVALUABLE,EXPLORATORY_CONSUMED_DIAGNOSTIC_ONLY
MS,density_rate,200,HMSO01R_A|PRIMARY|F3|36bd7fbc4400ae830da89e8b7049cba3a2eba76340c04c9b22d524ed882f25fa,F3,FOLD_0,HMSO01R_A|FIELD_LINEAGE|46ad1db2ba1a448aa8fcf8fea69b4b772861af80c9b661f505a8c591ffdfe68c,0.0,transverse,6.843926538066144e-30,1.0,INSIDE_MAJORITY,EVALUABLE,EXPLORATORY_CONSUMED_DIAGNOSTIC_ONLY
MS,density_rate,201,HMSO01R_A|PRIMARY|F3|48ad4afa1ebbb91c201c1775b9df72193c6c5e3c47d0cd6020e71c21eda7c325,F3,FOLD_3,HMSO01R_A|FIELD_LINEAGE|99c13161db8958c19a30a96b96a6940cece539d1c84e808e21dfa37710ec6894,0.0,longitudinal,0.0011474942760780825,1.0,INSIDE_MAJORITY,EVALUABLE,EXPLORATORY_CONSUMED_DIAGNOSTIC_ONLY
MS,density_rate,202,HMSO01R_A|PRIMARY|F3|640c5b30036e29f6d84cd9443dde5d1b73abd9252849cb7199b651f12e5099e6,F3,FOLD_0,HMSO01R_A|FIELD_LINEAGE|be9a8927a3f7361841f3e523395e00d4ebcd734040aebfe38006ae7fda2437fd,0.0,none,0.0,1.0,INSIDE_MAJORITY,EVALUABLE,EXPLORATORY_CONSUMED_DIAGNOSTIC_ONLY
MS,density_rate,203,HMSO01R_A|PRIMARY|F3|37814f4c4943fb00e00ed04672af67774d05465c46e6a4aaca391f8387f4afda,F3,FOLD_1,HMSO01R_A|FIELD_LINEAGE|5788e5f098ee24a0bfe3ef48cb7ba08a0bdbab2c319fd19eedc3c9eb4ac76f03,0.0,longitudinal,0.002489092529925063,1.0,INSIDE_MAJORITY,EVALUABLE,EXPLORATORY_CONSUMED_DIAGNOSTIC_ONLY
MS,density_rate,204,HMSO01R_A|PRIMARY|F3|fff250630c55c8bdaf6d9ce420a0a9166a884a0b680ca35cd4e6f7da5e276171,F3,FOLD_2,HMSO01R_A|FIELD_LINEAGE|5c056a7425c54539d868f52b6ae68a4c578195d4f6b5cb7d636be4eab2c2df8c,0.0,none,0.0,1.0,INSIDE_MAJORITY,EVALUABLE,EXPLORATORY_CONSUMED_DIAGNOSTIC_ONLY
MS,density_rate,205,HMSO01R_A|PRIMARY|F3|b99c0eeb5430528c2b50c8e3895f960a908c4207e1a45f365d2458a81bb0bc1d,F3,FOLD_3,HMSO01R_A|FIELD_LINEAGE|dca2b57202d33de06ea638a8ecbab23d1b960b5ed15b6841dcbc75b212cc8712,0.0,transverse,6.795261049839987e-13,1.0,INSIDE_MAJORITY,EVALUABLE,EXPLORATORY_CONSUMED_DIAGNOSTIC_ONLY
MS,density_rate,206,HMSO01R_A|PRIMARY|F3|85fea40f0a91b03a078c3b5a07bf11f84086ae49de633169660bf9e7756cae9f,F3,FOLD_1,HMSO01R_A|FIELD_LINEAGE|d6ecf8cd80acb9db6acee967c0d1a3a8ca941d75fcf9e621c7ea05d79a191767,0.0,longitudinal,0.0010077932177456168,1.0,INSIDE_MAJORITY,EVALUABLE,EXPLORATORY_CONSUMED_DIAGNOSTIC_ONLY
MS,density_rate,207,HMSO01R_A|PRIMARY|F3|5bb1245725989ed102aa49078cd7bafa70151ebf012c1e0cb48cc587430f3f8c,F3,FOLD_2,HMSO01R_A|FIELD_LINEAGE|a7458b96c9ce1c60bf3ea9d352424b7dd251e22480db263be2c5716c65dc6939,0.0,none,0.0,1.0,INSIDE_MAJORITY,EVALUABLE,EXPLORATORY_CONSUMED_DIAGNOSTIC_ONLY
MS,density_rate,208,HMSO01R_A|PRIMARY|F3|c6419d25ed9799d98d73b7e3428108142f0bca3250e86eb89e0df130bb7ce32f,F3,FOLD_5,HMSO01R_A|FIELD_LINEAGE|d2f9d8c8f5f3c69790790651faeb1c1f59b6b387e4ede38adea5936b94855ff9,0.0,transverse,3.054529757650218e-13,1.0,INSIDE_MAJORITY,EVALUABLE,EXPLORATORY_CONSUMED_DIAGNOSTIC_ONLY
MS,density_rate,209,HMSO01R_A|PRIMARY|F3|1b4a7e3521dd87a05fef058b4828da1edb8cd5aec8d9c673df117a1ec7434769,F3,FOLD_2,HMSO01R_A|FIELD_LINEAGE|1014832cdbdd8f9e416c91cfffc398c0221e1acf20617efe558f4efd66f3578a,0.0,transverse,2.94701279968173e-31,1.0,INSIDE_MAJORITY,EVALUABLE,EXPLORATORY_CONSUMED_DIAGNOSTIC_ONLY
MS,density_rate,210,HMSO01R_A|PRIMARY|F3|05d39cb15a23b77aab779fae1dffbbd812f25b20aa4d3dfd129ae8a8a816cca2,F3,FOLD_2,HMSO01R_A|FIELD_LINEAGE|6ad90de4847db7d34a3540ed573a050180b363be817d3503c19045b1a2f0ed3c,0.0,longitudinal,0.013991229682762951,0.84375,INSIDE_MAJORITY,EVALUABLE,EXPLORATORY_CONSUMED_DIAGNOSTIC_ONLY
MS,density_rate,211,HMSO01R_A|PRIMARY|F3|09cc668e9dba7d88f6e54f75d429302426e7aa2f208bb8a7ff5b73b66544e9bb,F3,FOLD_1,HMSO01R_A|FIELD_LINEAGE|d7d10f9b5293a22777f94b958cdb7280c40216c21a2b9b4a49451c1385cf26d9,0.0,longitudinal,0.023905991898271695,1.0,INSIDE_MAJORITY,EVALUABLE,EXPLORATORY_CONSUMED_DIAGNOSTIC_ONLY
MS,density_rate,212,HMSO01R_A|PRIMARY|F3|a06f00606b940920f0738610d64d9adf69927bef39903d0e7a4fef72cc281beb,F3,FOLD_0,HMSO01R_A|FIELD_LINEAGE|9f471cc2328d66ccf0ca43f62bf5e261a867f85eeac6edc5a472072ca388bff6,0.0,none,0.0,1.0,INSIDE_MAJORITY,EVALUABLE,EXPLORATORY_CONSUMED_DIAGNOSTIC_ONLY
MS,density_rate,213,HMSO01R_A|PRIMARY|F3|22ed08250476ad8132d9bdab1fa34035b518f147b69d656483ab08c91f2690a4,F3,FOLD_4,HMSO01R_A|FIELD_LINEAGE|3c7ea9b77bf044ea3d9c6d199831fc605b20c1d7b4a9ad213eb80b5cab2c0296,0.0,longitudinal,0.001198399560467341,1.0,INSIDE_MAJORITY,EVALUABLE,EXPLORATORY_CONSUMED_DIAGNOSTIC_ONLY
MS,density_rate,214,HMSO01R_A|PRIMARY|F3|21da884cce84230dcc114a21edaa02c78d3f03be035b98a9b2728a4b8603ec8c,F3,FOLD_0,HMSO01R_A|FIELD_LINEAGE|051eaa0f00871ac3de3987b76f15e88e4e718676447cf96853b1d9836e56f4a9,0.0,transverse,4.3287018352054375e-12,1.0,INSIDE_MAJORITY,EVALUABLE,EXPLORATORY_CONSUMED_DIAGNOSTIC_ONLY
MS,density_rate,215,HMSO01R_A|PRIMARY|F3|f6ebcf09fc81ee2b77827b154fde7148695341b90b45859fdeecc87b05ff4caf,F3,FOLD_1,HMSO01R_A|FIELD_LINEAGE|0da6210822c1316c7a077be78ae0c871024433732125f17a7f978f92e0d637e1,0.0,longitudinal,0.02424177882932129,1.0,INSIDE_MAJORITY,EVALUABLE,EXPLORATORY_CONSUMED_DIAGNOSTIC_ONLY
MS,density_rate,216,HMSO01R_A|PRIMARY|F3|a78675ef00c0dc7b5d540c4ffaaf15f59ac2fa555bd32502d134587a1fc4c16f,F3,FOLD_0,HMSO01R_A|FIELD_LINEAGE|9f471cc2328d66ccf0ca43f62bf5e261a867f85eeac6edc5a472072ca388bff6,0.0,none,0.0,1.0,INSIDE_MAJORITY,EVALUABLE,EXPLORATORY_CONSUMED_DIAGNOSTIC_ONLY
MS,density_rate,217,HMSO01R_A|PRIMARY|F3|0a6d945c46b0d5e5b98e3a1197a9fe721d92190d97798bc12f6ca4db57cdd3d6,F3,FOLD_1,HMSO01R_A|FIELD_LINEAGE|07ef870a5e517a728f6e4939e44adb6e41abac7dca46a1a2247aeb449ae2b2b6,0.0,longitudinal,0.0020340510228577515,1.0,INSIDE_MAJORITY,EVALUABLE,EXPLORATORY_CONSUMED_DIAGNOSTIC_ONLY
MS,density_rate,218,HMSO01R_A|PRIMARY|F3|c463516606ee8c4c1a3b434573e8495c274c7f668a1ed539ab784aa22bbc8bd7,F3,FOLD_0,HMSO01R_A|FIELD_LINEAGE|0d095ad04875a9db82a8c6062fc3703d3296558fc88db157a4ad79a6317e27a5,0.0,transverse,6.404761468216371e-30,1.0,INSIDE_MAJORITY,EVALUABLE,EXPLORATORY_CONSUMED_DIAGNOSTIC_ONLY
MS,density_rate,219,HMSO01R_A|PRIMARY|F3|6472036ea78470d8788d70fa6d89e58eeee090b7e2f0998bbdc0beea3db2758d,F3,FOLD_4,HMSO01R_A|FIELD_LINEAGE|0ddf6cdd096735cc15f4456489e1d58f77aa80618dad5da96cca18e59be60b9c,0.0,transverse,8.953479411197949e-15,1.0,INSIDE_MAJORITY,EVALUABLE,EXPLORATORY_CONSUMED_DIAGNOSTIC_ONLY
MS,density_rate,220,HMSO01R_A|PRIMARY|F3|f3e2327f9b73508ecf7a883c33fe1553a004e2ae2881cc99e6ac3bcd4d7b3a11,F3,FOLD_2,HMSO01R_A|FIELD_LINEAGE|5c056a7425c54539d868f52b6ae68a4c578195d4f6b5cb7d636be4eab2c2df8c,0.0,none,0.0,1.0,INSIDE_MAJORITY,EVALUABLE,EXPLORATORY_CONSUMED_DIAGNOSTIC_ONLY
MS,density_rate,221,HMSO01R_A|PRIMARY|F3|6c24586eb799823630a419a0b4199df5d3f38c6d1a2a662d6c869fddf06570b6,F3,FOLD_4,HMSO01R_A|FIELD_LINEAGE|43048a070f7e90a4b3daec507e653fb282b428f5e4cf309a72c949e8f5226bf3,0.0,transverse,1.378238807141859e-29,1.0,INSIDE_MAJORITY,EVALUABLE,EXPLORATORY_CONSUMED_DIAGNOSTIC_ONLY
MS,density_rate,222,HMSO01R_A|PRIMARY|F3|9b31b3d042f2e1de2933fe9923e4e95fb59b4a658533f8c072683810620fa170,F3,FOLD_0,HMSO01R_A|FIELD_LINEAGE|51aa7e7dbbb5aa6496f5ed0b95d8e85438067333a238c5e41877a3cd9ace3175,0.0,transverse,8.812750858364674e-30,1.0,INSIDE_MAJORITY,EVALUABLE,EXPLORATORY_CONSUMED_DIAGNOSTIC_ONLY
MS,density_rate,223,HMSO01R_A|PRIMARY|F3|6b2c89cd3ffb71669c83bdccc811b6a9db38e88242eafa872a665d3547543682,F3,FOLD_5,HMSO01R_A|FIELD_LINEAGE|0ac3210ffe07941071125618f2e4ad4f522063f7735eb12854083a5cf3b96fca,0.0,longitudinal,9.951694932571132e-05,1.0,INSIDE_MAJORITY,EVALUABLE,EXPLORATORY_CONSUMED_DIAGNOSTIC_ONLY
MS,density_rate,224,HMSO01R_A|PRIMARY|F3|495ba1a4d513d7b77d558917d84762b10b3d5fcb3a9735e9f691fc80ea7caf42,F3,FOLD_3,HMSO01R_A|FIELD_LINEAGE|99c13161db8958c19a30a96b96a6940cece539d1c84e808e21dfa37710ec6894,0.0,longitudinal,0.0031852916847066575,1.0,INSIDE_MAJORITY,EVALUABLE,EXPLORATORY_CONSUMED_DIAGNOSTIC_ONLY
MS,density_rate,225,HMSO01R_A|PRIMARY|F3|36c90f091efac4b31332373189b35b4adf1829ad932375257650642e0da7a044,F3,FOLD_1,HMSO01R_A|FIELD_LINEAGE|9035657b1a9729d4b57919992bee8d9ea960c2a587c8d3877d9c920d8fa2a77c,0.0,none,0.0,1.0,INSIDE_MAJORITY,EVALUABLE,EXPLORATORY_CONSUMED_DIAGNOSTIC_ONLY
MS,density_rate,226,HMSO01R_A|PRIMARY|F3|fefc93bf391a27e2ebe3a1140f7fe292478eed94430363eaf811e3e2c5c04f53,F3,FOLD_1,HMSO01R_A|FIELD_LINEAGE|7a536ab09e10cdf42c9afdd1f0f02ad4a5141ab50a8f50eb0b247ee08a4c67c0,0.0,longitudinal,0.005281748174247924,1.0,INSIDE_MAJORITY,EVALUABLE,EXPLORATORY_CONSUMED_DIAGNOSTIC_ONLY
MS,density_rate,227,HMSO01R_A|PRIMARY|F3|4cda234c0475d6f05557ea16586f6a086d1159ec999b0a751b23b4f690d492f7,F3,FOLD_5,HMSO01R_A|FIELD_LINEAGE|0404a47ad84d3ab6d4cc0dbf7c8fea97f3bca817bfb6ce9e4a0d96e074c1229f,0.0,longitudinal,0.000656426964170825,1.0,INSIDE_MAJORITY,EVALUABLE,EXPLORATORY_CONSUMED_DIAGNOSTIC_ONLY
MS,density_rate,228,HMSO01R_A|PRIMARY|F3|5345902cb9bc3a92ef959f7406060b23f2a73e2e1371d31d99c943fc571e75ec,F3,FOLD_3,HMSO01R_A|FIELD_LINEAGE|0a252563daa08b1ab13bdaf89c42f5f5445076fcfec6feb203abcad9de8ed55a,0.0,none,0.0,1.0,INSIDE_MAJORITY,EVALUABLE,EXPLORATORY_CONSUMED_DIAGNOSTIC_ONLY
MS,density_rate,229,HMSO01R_A|PRIMARY|F3|70846550f93030f5e797b9cc40dd60e4750a3db2cbaa28dc008127d7e34d79a4,F3,FOLD_0,HMSO01R_A|FIELD_LINEAGE|cb947f8167c6ce3da1c26b48289f11fe77c609125572b2e2f489d9b4dbf77d91,0.0,longitudinal,0.0060119260297030325,1.0,INSIDE_MAJORITY,EVALUABLE,EXPLORATORY_CONSUMED_DIAGNOSTIC_ONLY
MS,density_rate,230,HMSO01R_A|PRIMARY|F3|1d04f3e121ba9f0c3b1e345085a6d33da6902d60234f461d4a6ee2171dcd14a2,F3,FOLD_2,HMSO01R_A|FIELD_LINEAGE|a7458b96c9ce1c60bf3ea9d352424b7dd251e22480db263be2c5716c65dc6939,0.0,none,0.0,1.0,INSIDE_MAJORITY,EVALUABLE,EXPLORATORY_CONSUMED_DIAGNOSTIC_ONLY
MS,density_rate,231,HMSO01R_A|PRIMARY|F3|992cfe2587948c84f376807a446f61bc75663610f19574dc19ddcaf94cd37239,F3,FOLD_2,HMSO01R_A|FIELD_LINEAGE|c2759d4a0108475d88af3dd58a918080f77e42a77ac5a686ce9a650a1d522183,0.0,longitudinal,2.43932574385729e-05,1.0,INSIDE_MAJORITY,EVALUABLE,EXPLORATORY_CONSUMED_DIAGNOSTIC_ONLY
MS,density_rate,232,HMSO01R_A|PRIMARY|F3|7136656598cb24640a081e69d60382186efc577b90139fd912756f7adda26005,F3,FOLD_5,HMSO01R_A|FIELD_LINEAGE|0fdda9072ffc8d97ff7e0441813be2217cbf8a41c67bef8c56cb65c5e8c889e5,0.0,transverse,1.847053108216884e-14,1.0,INSIDE_MAJORITY,EVALUABLE,EXPLORATORY_CONSUMED_DIAGNOSTIC_ONLY
MS,density_rate,233,HMSO01R_A|PRIMARY|F3|80f1ddf447a9f070c4b8c90f674bbe33b4d9e3e48c3556797324f4f97c6f2790,F3,FOLD_5,HMSO01R_A|FIELD_LINEAGE|34a4e80876c1805c1767ae4dec4e60fe92b927519de4d3f4fc98d8e491efa006,0.0,longitudinal,0.0012369235865697112,1.0,INSIDE_MAJORITY,EVALUABLE,EXPLORATORY_CONSUMED_DIAGNOSTIC_ONLY
MS,density_rate,234,HMSO01R_A|PRIMARY|F3|ca00eb8ffcc519aea35eb210592a3e338905e20778f429a6567f20cff3dcd7f9,F3,FOLD_2,HMSO01R_A|FIELD_LINEAGE|6ad90de4847db7d34a3540ed573a050180b363be817d3503c19045b1a2f0ed3c,0.0,longitudinal,0.03976675957137536,0.984375,INSIDE_MAJORITY,EVALUABLE,EXPLORATORY_CONSUMED_DIAGNOSTIC_ONLY
MS,density_rate,235,HMSO01R_A|PRIMARY|F3|4b991d5f1d978986f69fcb0236ec4a83e34cbcaba9d7882a4d1f23e4df8cc31b,F3,FOLD_4,HMSO01R_A|FIELD_LINEAGE|f82108cfb75a5ece90cca0bec2aa62b5af33b3b96774d26a9d5bbde8416cb360,0.0,longitudinal,0.00011393963085661548,1.0,INSIDE_MAJORITY,EVALUABLE,EXPLORATORY_CONSUMED_DIAGNOSTIC_ONLY
MS,density_rate,236,HMSO01R_A|PRIMARY|F3|362dc3678e005c1c1211eface4ff1a96771b521fd8dfed0969697a160f66e68e,F3,FOLD_4,HMSO01R_A|FIELD_LINEAGE|ea7a0f305184b5efcd1c245ec8837c3d5e92744042b12d412ef90758785acc95,0.0,transverse,1.4285216164639288e-12,1.0,INSIDE_MAJORITY,EVALUABLE,EXPLORATORY_CONSUMED_DIAGNOSTIC_ONLY
MS,density_rate,237,HMSO01R_A|PRIMARY|F3|2d0a10ea34da730e58ecbeff3ce6e1f0b5db801184e52e09ed7cda862ce11fe7,F3,FOLD_3,HMSO01R_A|FIELD_LINEAGE|b1c696b82fff7183ba4fc0ae8ce4363fcd56ada1cc6ffa171713dda9524816e8,0.0,transverse,3.3038560978556114e-13,1.0,INSIDE_MAJORITY,EVALUABLE,EXPLORATORY_CONSUMED_DIAGNOSTIC_ONLY
MS,density_rate,238,HMSO01R_A|PRIMARY|F3|3163c11319e01c1fa67d9f34e9aed73c1f867fd08b7c89b010a7b3a4097c9f8e,F3,FOLD_1,HMSO01R_A|FIELD_LINEAGE|a3f750d8c1551c6ecf78f876fab114a3481105b16656dddc657ee8cfb50fd48b,0.0,none,0.0,1.0,INSIDE_MAJORITY,EVALUABLE,EXPLORATORY_CONSUMED_DIAGNOSTIC_ONLY
MS,density_rate,239,HMSO01R_A|PRIMARY|F3|380f69ecea392f85530413b931220c918af563554de7f128286ecaec359623f2,F3,FOLD_0,HMSO01R_A|FIELD_LINEAGE|2bf67fa14447cc7892bedcae7ba79ef420cf3b1aa476bde75527a097c9a5c922,0.0,none,0.0,1.0,INSIDE_MAJORITY,EVALUABLE,EXPLORATORY_CONSUMED_DIAGNOSTIC_ONLY
MS,density_rate,240,HMSO01R_A|PRIMARY|F3|13c1013b13a07676d41856b9facf68d3da57412867cb173e2968fab19b857816,F3,FOLD_0,HMSO01R_A|FIELD_LINEAGE|8e40e60ae6de8d393e4f96f7c0cdfd3570298138a8d1d44c6db1dc858b71a31e,0.0,none,0.0,1.0,INSIDE_MAJORITY,EVALUABLE,EXPLORATORY_CONSUMED_DIAGNOSTIC_ONLY
MS,density_rate,241,HMSO01R_A|PRIMARY|F3|18ef690b3c59b611d2a28230dd7b48838e1ff16db804f1890537e6174977f2c2,F3,FOLD_3,HMSO01R_A|FIELD_LINEAGE|a97cf87a717a68b745e28078c021ba65c881711a1cd171188bc4affd3a1b5795,0.0,none,0.0,1.0,INSIDE_MAJORITY,EVALUABLE,EXPLORATORY_CONSUMED_DIAGNOSTIC_ONLY
MS,density_rate,242,HMSO01R_A|PRIMARY|F3|68ec409d4a3309a14535aec6bb5958f5430688d65d51b348e794666d7d65d44f,F3,FOLD_5,HMSO01R_A|FIELD_LINEAGE|bf32023450080971c5fdfb56d7a260838d7b8e02917a4118c4ed0b4a49c6c14a,0.0,transverse,1.9522134033545207e-13,1.0,INSIDE_MAJORITY,EVALUABLE,EXPLORATORY_CONSUMED_DIAGNOSTIC_ONLY
MS,density_rate,243,HMSO01R_A|PRIMARY|F3|7b160ffc1ee3480a1414d9a2546b7df691497ca9426646a9dbf10b739adaf9ba,F3,FOLD_5,HMSO01R_A|FIELD_LINEAGE|83c68f311cba3e93368aeeec1e81f7eebc2d9d8bfb68a0ba32cbc3fe731f6155,0.0,transverse,4.832136479121689e-10,1.0,INSIDE_MAJORITY,EVALUABLE,EXPLORATORY_CONSUMED_DIAGNOSTIC_ONLY
MS,density_rate,244,HMSO01R_A|PRIMARY|F3|2533adb0fb2c8361bc57883a1879af5f891df3aa1c79e916e4a317b4a1d5c8d1,F3,FOLD_3,HMSO01R_A|FIELD_LINEAGE|0a252563daa08b1ab13bdaf89c42f5f5445076fcfec6feb203abcad9de8ed55a,0.0,none,0.0,1.0,INSIDE_MAJORITY,EVALUABLE,EXPLORATORY_CONSUMED_DIAGNOSTIC_ONLY
MS,density_rate,245,HMSO01R_A|PRIMARY|F3|653053ef8ac15854c397871157381bff72482264f1b13133d6e6ccb77ff9aeba,F3,FOLD_3,HMSO01R_A|FIELD_LINEAGE|1a444bf8e4f5678b58a9ba1debf6e16323abf2899e40040f0bbc7e1608156e14,0.0,transverse,1.1115893296234103e-14,1.0,INSIDE_MAJORITY,EVALUABLE,EXPLORATORY_CONSUMED_DIAGNOSTIC_ONLY
MS,density_rate,246,HMSO01R_A|PRIMARY|F3|ea2d887ae045743da34d43d6b72ae43caedb23d56183d2afa0b13828de776344,F3,FOLD_5,HMSO01R_A|FIELD_LINEAGE|e9dc12a25958465c187afbd7ef920bc04ba98d4b232046e156979d215bd85146,0.0,none,0.0,1.0,INSIDE_MAJORITY,EVALUABLE,EXPLORATORY_CONSUMED_DIAGNOSTIC_ONLY
MS,density_rate,247,HMSO01R_A|PRIMARY|F3|dc8d9c4e413930a97b4cd3082904857f7e51fd10e589394942b120f455a2cc25,F3,FOLD_4,HMSO01R_A|FIELD_LINEAGE|7b060c06cca73ad49fc21e32e1688bcbe34e5745a78029b452cbacf697a204be,0.0,none,0.0,1.0,INSIDE_MAJORITY,EVALUABLE,EXPLORATORY_CONSUMED_DIAGNOSTIC_ONLY
MS,density_rate,248,HMSO01R_A|PRIMARY|F3|44116bd7174544bd426c255cf46e31b00e1aa52defd540ae4856fc93d8675b6b,F3,FOLD_2,HMSO01R_A|FIELD_LINEAGE|61b0a8ee57598b36eed2786a9e3e1cafd7d1e5cb7b5052c92f6d5c1826bc6619,0.0,longitudinal,2.3373537292893795e-05,1.0,INSIDE_MAJORITY,EVALUABLE,EXPLORATORY_CONSUMED_DIAGNOSTIC_ONLY
MS,density_rate,249,HMSO01R_A|PRIMARY|F3|def8e91d8dfb3847bee14620c91a0b5b838f5d2bfe72d46753482c88503c8b88,F3,FOLD_5,HMSO01R_A|FIELD_LINEAGE|19bc9c15d585b69ea5a604b39577d278e2c7b171a2d899f0352dc2850b1dc0cb,0.0,transverse,3.267808910661965e-29,1.0,INSIDE_MAJORITY,EVALUABLE,EXPLORATORY_CONSUMED_DIAGNOSTIC_ONLY
MS,density_rate,250,HMSO01R_A|PRIMARY|F3|e04e6444e20de807e03f26f651319384463d229d80d41c58718b558366ce7843,F3,FOLD_0,HMSO01R_A|FIELD_LINEAGE|0d095ad04875a9db82a8c6062fc3703d3296558fc88db157a4ad79a6317e27a5,0.0,transverse,1.8290323902481457e-29,1.0,INSIDE_MAJORITY,EVALUABLE,EXPLORATORY_CONSUMED_DIAGNOSTIC_ONLY
MS,density_rate,251,HMSO01R_A|PRIMARY|F3|0ee0c86bc2bc91e027267a2389a0bdb674a41e8c3dd241151e876582a8fdd70d,F3,FOLD_3,HMSO01R_A|FIELD_LINEAGE|7583af7a3fd0bfbef70db28fd30d8a1112bd000451f8c0ebdcd0eabb3acf22a1,0.0,transverse,6.077590759860261e-12,1.0,INSIDE_MAJORITY,EVALUABLE,EXPLORATORY_CONSUMED_DIAGNOSTIC_ONLY
MS,density_rate,252,HMSO01R_A|PRIMARY|F3|e263cdb5bb985dfceb73a368db0f1f5bfce2fea6cc9f4afa9306bea48ada1a6f,F3,FOLD_1,HMSO01R_A|FIELD_LINEAGE|d6ecf8cd80acb9db6acee967c0d1a3a8ca941d75fcf9e621c7ea05d79a191767,0.0,longitudinal,0.0023412816186084507,1.0,INSIDE_MAJORITY,EVALUABLE,EXPLORATORY_CONSUMED_DIAGNOSTIC_ONLY
MS,density_rate,253,HMSO01R_A|PRIMARY|F3|c6fa46c4e95da6f6bc71a788cf09b900a973347f55e79f32ebd345970c2a6f65,F3,FOLD_1,HMSO01R_A|FIELD_LINEAGE|a3f750d8c1551c6ecf78f876fab114a3481105b16656dddc657ee8cfb50fd48b,0.0,none,0.08913148760891716,1.0,INSIDE_MAJORITY,EVALUABLE,EXPLORATORY_CONSUMED_DIAGNOSTIC_ONLY
MS,density_rate,254,HMSO01R_A|PRIMARY|F3|eac488ff4dd7149e5f4efe4b3645a2336a6306588688b4f82502c966f1148bfb,F3,FOLD_1,HMSO01R_A|FIELD_LINEAGE|0af73c913450206e45697078b9ff423d2fbe56a236026748e22945b9fe394efb,0.0,longitudinal,0.0012134049714049887,1.0,INSIDE_MAJORITY,EVALUABLE,EXPLORATORY_CONSUMED_DIAGNOSTIC_ONLY
MS,density_rate,255,HMSO01R_A|PRIMARY|F3|42255f3b8df188b4b58dd874b7ef736b47932c7d925a1f1b17b1881babb64743,F3,FOLD_3,HMSO01R_A|FIELD_LINEAGE|adcf8aaea780832e88b7b6b779fb3ef2ecab338dd7379ac8654e7aabdcee4b4f,0.0,none,0.0,1.0,INSIDE_MAJORITY,EVALUABLE,EXPLORATORY_CONSUMED_DIAGNOSTIC_ONLY
MS,density_rate,256,HMSO01R_A|PRIMARY|F3|250069e18fee258e82eede00fdf9adb751acd5c2f8496c8fdc69ba43bedbab52,F3,FOLD_0,HMSO01R_A|FIELD_LINEAGE|fd04ea3f458e107df0af85b51443fd7c576cbde1f2a34afcd2f94001f9376e64,0.0,none,0.0,1.0,INSIDE_MAJORITY,EVALUABLE,EXPLORATORY_CONSUMED_DIAGNOSTIC_ONLY
MS,density_rate,257,HMSO01R_A|PRIMARY|F3|aecf7922000672602f41f9c886a0802ff665c6869b1d7e10c034334da9814021,F3,FOLD_1,HMSO01R_A|FIELD_LINEAGE|4cf69c455bf1f50d880646e37d5ce58645992adb18a995a52fdf89583dcd2384,0.0,none,0.0,1.0,INSIDE_MAJORITY,EVALUABLE,EXPLORATORY_CONSUMED_DIAGNOSTIC_ONLY
MS,density_rate,258,HMSO01R_A|PRIMARY|F3|5ce4f3220cbbb898f20b8d1521d212931fd5b2278c2883fa0502f4313f1155c4,F3,FOLD_5,HMSO01R_A|FIELD_LINEAGE|83c68f311cba3e93368aeeec1e81f7eebc2d9d8bfb68a0ba32cbc3fe731f6155,0.0,transverse,2.662706516078792e-13,1.0,INSIDE_MAJORITY,EVALUABLE,EXPLORATORY_CONSUMED_DIAGNOSTIC_ONLY
MS,density_rate,259,HMSO01R_A|PRIMARY|F3|c2af3d5c0e7e86284f96d57c47c6c5bd252b99efef65ce29672b71ccb8a8e36a,F3,FOLD_4,HMSO01R_A|FIELD_LINEAGE|9ff02fac76e3803bb8391cba4035dfa7a72d5220975092d818302f10f07c08e9,0.0,none,0.0,1.0,INSIDE_MAJORITY,EVALUABLE,EXPLORATORY_CONSUMED_DIAGNOSTIC_ONLY
MS,density_rate,260,HMSO01R_A|PRIMARY|F3|a07d93d2a8225e8cb94863bd25cb217b01ccf43f0fdc968797433c20fe16588c,F3,FOLD_3,HMSO01R_A|FIELD_LINEAGE|f2a3ceeae0e0974c878bba3a036f383f979564d7512b59be838a43b0d537377a,0.0,transverse,3.238903400188238e-15,1.0,INSIDE_MAJORITY,EVALUABLE,EXPLORATORY_CONSUMED_DIAGNOSTIC_ONLY
MS,density_rate,261,HMSO01R_A|PRIMARY|F3|f977e81f259034dd8b9bf0f1feb8de30c75e56d612513eeda3fb48e66576fde9,F3,FOLD_1,HMSO01R_A|FIELD_LINEAGE|21dfb26365637485a590f4aa1b2a5297d551eab87745fb26abbdd41a0e1d8daa,0.0,none,0.023388251772977424,1.0,INSIDE_MAJORITY,EVALUABLE,EXPLORATORY_CONSUMED_DIAGNOSTIC_ONLY
MS,density_rate,262,HMSO01R_A|PRIMARY|F3|45f73cec5484a7a54fe84df8ae7638a01d9a80a574526579b753371f8d73b14f,F3,FOLD_0,HMSO01R_A|FIELD_LINEAGE|2bf67fa14447cc7892bedcae7ba79ef420cf3b1aa476bde75527a097c9a5c922,0.0,none,0.0,1.0,INSIDE_MAJORITY,EVALUABLE,EXPLORATORY_CONSUMED_DIAGNOSTIC_ONLY
MS,density_rate,263,HMSO01R_A|PRIMARY|F3|4a6874df79991c13576be3d2bfbb235e50e272b38629dcda3e2ea270126c35fb,F3,FOLD_0,HMSO01R_A|FIELD_LINEAGE|8e40e60ae6de8d393e4f96f7c0cdfd3570298138a8d1d44c6db1dc858b71a31e,0.0,none,0.0,1.0,INSIDE_MAJORITY,EVALUABLE,EXPLORATORY_CONSUMED_DIAGNOSTIC_ONLY
MS,density_rate,264,HMSO01R_A|PRIMARY|F3|ddb33bf0e6d7c43f952d5d9d1706b4d65f742c0cb746ceff262b75e37f8810ba,F3,FOLD_3,HMSO01R_A|FIELD_LINEAGE|c54c1448df9c13b6658cb41b2c187b93be0f6db94293a7911953a6e90d602764,0.0,longitudinal,0.0033380301711545936,0.953125,INSIDE_MAJORITY,EVALUABLE,EXPLORATORY_CONSUMED_DIAGNOSTIC_ONLY
MS,density_rate,265,HMSO01R_A|PRIMARY|F3|274c2031ba590d785d88bad03ceb155b8a64c57ddab3a478a74ea8522ed459b6,F3,FOLD_1,HMSO01R_A|FIELD_LINEAGE|d6ecf8cd80acb9db6acee967c0d1a3a8ca941d75fcf9e621c7ea05d79a191767,0.0,longitudinal,0.0013680506762919725,1.0,INSIDE_MAJORITY,EVALUABLE,EXPLORATORY_CONSUMED_DIAGNOSTIC_ONLY
MS,density_rate,266,HMSO01R_A|PRIMARY|F3|15771101c80eb37f151b78ed8f2bba393bbe3047cda8c732baf0f06c18bae7e3,F3,FOLD_5,HMSO01R_A|FIELD_LINEAGE|21308456c1ed84c2854c7a093be1e48cf9af8d5768485e2a86892e0fd138af17,0.0,none,0.0,1.0,INSIDE_MAJORITY,EVALUABLE,EXPLORATORY_CONSUMED_DIAGNOSTIC_ONLY
MS,density_rate,267,HMSO01R_A|PRIMARY|F3|0f682408db3625ffc5045e88a7fa1afa4c9a7be6cc44b84102e81531d6d926e6,F3,FOLD_0,HMSO01R_A|FIELD_LINEAGE|2e00a5aa730d3fe2629242ac9cb05445890c5ccd2cee3bc6b04bd3dcaa176cdc,0.0,longitudinal,0.00800378764944119,0.8515625,INSIDE_MAJORITY,EVALUABLE,EXPLORATORY_CONSUMED_DIAGNOSTIC_ONLY
MS,density_rate,268,HMSO01R_A|PRIMARY|F3|510a5e243faeece1484912a18f5fc7e9900fe5c133aae9468e13515bacc10b51,F3,FOLD_4,HMSO01R_A|FIELD_LINEAGE|9239a350bed02b809dafe66125991e7de2c0c1c20b38f7689dc19527329619d6,0.0,transverse,1.7239698905990628e-12,1.0,INSIDE_MAJORITY,EVALUABLE,EXPLORATORY_CONSUMED_DIAGNOSTIC_ONLY
MS,density_rate,269,HMSO01R_A|PRIMARY|F3|e78c69a17927f7d8a3db4a1024dee136e3cedde8ca2b0830e5fe247b291d887c,F3,FOLD_3,HMSO01R_A|FIELD_LINEAGE|b1c696b82fff7183ba4fc0ae8ce4363fcd56ada1cc6ffa171713dda9524816e8,0.0,transverse,3.8264493266133086e-07,1.0,INSIDE_MAJORITY,EVALUABLE,EXPLORATORY_CONSUMED_DIAGNOSTIC_ONLY
MS,density_rate,270,HMSO01R_A|PRIMARY|F3|3f32014cc46db6982a14f2cee352392c822d4ac29aa18a16855949da8671e5a1,F3,FOLD_4,HMSO01R_A|FIELD_LINEAGE|d1321924d243ef663d38f2119b3da3e0b77ff9249352efe1c25dfa4971fbd453,0.0,none,0.0,1.0,INSIDE_MAJORITY,EVALUABLE,EXPLORATORY_CONSUMED_DIAGNOSTIC_ONLY
MS,density_rate,271,HMSO01R_A|PRIMARY|F3|bef78f5fddd3452c6b14cb4c4fb6c0b510253eced0e1f946f9e78200b9cbbb2d,F3,FOLD_2,HMSO01R_A|FIELD_LINEAGE|98ef721075a1ebd7c92edcbcf7747aac6c3d77c4f9c29f15e5d83577ad6d7f6b,0.0,longitudinal,0.04254679414997087,0.828125,INSIDE_MAJORITY,EVALUABLE,EXPLORATORY_CONSUMED_DIAGNOSTIC_ONLY
MS,density_rate,272,HMSO01R_A|PRIMARY|F3|02ca21a0314f19805ffe873f303fa54fe86f5d3d6d770015a5c846b75255ff7a,F3,FOLD_3,HMSO01R_A|FIELD_LINEAGE|b7c6344fafcff3e1128b30252e587c19386316434538ac595af9870864bff2e9,0.0,transverse,5.926710368452076e-31,1.0,INSIDE_MAJORITY,EVALUABLE,EXPLORATORY_CONSUMED_DIAGNOSTIC_ONLY
MS,density_rate,273,HMSO01R_A|PRIMARY|F3|c333e644a9c87a0dd9864d3130310ff8db216a39061360b7a7a90b130af1a75c,F3,FOLD_3,HMSO01R_A|FIELD_LINEAGE|0a252563daa08b1ab13bdaf89c42f5f5445076fcfec6feb203abcad9de8ed55a,0.0,none,0.0,1.0,INSIDE_MAJORITY,EVALUABLE,EXPLORATORY_CONSUMED_DIAGNOSTIC_ONLY
MS,density_rate,274,HMSO01R_A|PRIMARY|F3|c63d89d72029153ba0d49d1f609be0b1ff98ddcac1d08c8fa2d7f8f9fae2c730,F3,FOLD_2,HMSO01R_A|FIELD_LINEAGE|61b0a8ee57598b36eed2786a9e3e1cafd7d1e5cb7b5052c92f6d5c1826bc6619,0.0,longitudinal,0.004195944543670418,1.0,INSIDE_MAJORITY,EVALUABLE,EXPLORATORY_CONSUMED_DIAGNOSTIC_ONLY
MS,density_rate,275,HMSO01R_A|PRIMARY|F3|5b31e243c622c272f6ff1603187caeafa7ec0920c1df79a92aecd2fbaa49ee35,F3,FOLD_1,HMSO01R_A|FIELD_LINEAGE|07ef870a5e517a728f6e4939e44adb6e41abac7dca46a1a2247aeb449ae2b2b6,0.0,longitudinal,0.0009128709055423002,1.0,INSIDE_MAJORITY,EVALUABLE,EXPLORATORY_CONSUMED_DIAGNOSTIC_ONLY
MS,density_rate,276,HMSO01R_A|PRIMARY|F3|5c0d0ce2e0e3894c84ffb622054776ff13ecaa2c69f4830d76875194f4719557,F3,FOLD_0,HMSO01R_A|FIELD_LINEAGE|051eaa0f00871ac3de3987b76f15e88e4e718676447cf96853b1d9836e56f4a9,0.0,transverse,1.9850006748586345e-14,1.0,INSIDE_MAJORITY,EVALUABLE,EXPLORATORY_CONSUMED_DIAGNOSTIC_ONLY
MS,density_rate,277,HMSO01R_A|PRIMARY|F3|8957bba0b6b7c6207995e43fbebef5604b5c1f21fa9f2bb551f9557857ec496a,F3,FOLD_5,HMSO01R_A|FIELD_LINEAGE|f52ad1fbea60f2cef5c93f5785e888eaa7893de6dad0b2f7545e6d3f4e338f25,0.0,longitudinal,0.002795403124305331,1.0,INSIDE_MAJORITY,EVALUABLE,EXPLORATORY_CONSUMED_DIAGNOSTIC_ONLY
MS,density_rate,278,HMSO01R_A|PRIMARY|F3|1b7f8ef99e42d00a053404bd9169623350f9d416432190eb695b53800825cda0,F3,FOLD_4,HMSO01R_A|FIELD_LINEAGE|75819144781d043ebbeb8c2d3fbfa9139c47542df53315ab71a80a7addb49109,0.0,none,0.0,1.0,INSIDE_MAJORITY,EVALUABLE,EXPLORATORY_CONSUMED_DIAGNOSTIC_ONLY
MS,density_rate,279,HMSO01R_A|PRIMARY|F3|c12e5512c669b4a3cbf5b6e89e1763c206004a4fa154767d1642208d82e43474,F3,FOLD_2,HMSO01R_A|FIELD_LINEAGE|c3a574c6618599692f4195c9d1a59189286c1fc26ae852d26723565b0428d983,0.0,none,0.0,1.0,INSIDE_MAJORITY,EVALUABLE,EXPLORATORY_CONSUMED_DIAGNOSTIC_ONLY
MS,density_rate,280,HMSO01R_A|PRIMARY|F3|84831626711a081a0e9e0d0668fbb26dfb58f95672277a402cf7a98289c1f3f2,F3,FOLD_0,HMSO01R_A|FIELD_LINEAGE|fd04ea3f458e107df0af85b51443fd7c576cbde1f2a34afcd2f94001f9376e64,0.0,none,0.0,1.0,INSIDE_MAJORITY,EVALUABLE,EXPLORATORY_CONSUMED_DIAGNOSTIC_ONLY
MS,density_rate,281,HMSO01R_A|PRIMARY|F3|166fe64198a1c3e3ba24ba2da836582dab251d3dd8c49bf9037daa83bf978def,F3,FOLD_2,HMSO01R_A|FIELD_LINEAGE|4c3bbd0a7d56407cf1ccc6d516e10bc822949b03124ef92a27e554a97f6ed1b2,0.0,transverse,2.2382740705431067e-12,1.0,INSIDE_MAJORITY,EVALUABLE,EXPLORATORY_CONSUMED_DIAGNOSTIC_ONLY
MS,density_rate,282,HMSO01R_A|PRIMARY|F3|456aba1a7da72fd641eea98ae6f3495800a2489a115b86b7310ae5d079ead82a,F3,FOLD_5,HMSO01R_A|FIELD_LINEAGE|9415b727187c332c72260d653b657bcbe590635140818a0978bae1e8dcd4568b,0.0,none,0.0,1.0,INSIDE_MAJORITY,EVALUABLE,EXPLORATORY_CONSUMED_DIAGNOSTIC_ONLY
MS,density_rate,283,HMSO01R_A|PRIMARY|F3|642fa4ee6c2c422eab8b65fb64e4558ece2efb54b49d399d056377d37748b5a6,F3,FOLD_4,HMSO01R_A|FIELD_LINEAGE|ea7a0f305184b5efcd1c245ec8837c3d5e92744042b12d412ef90758785acc95,0.0,transverse,1.2190441848756316e-09,1.0,INSIDE_MAJORITY,EVALUABLE,EXPLORATORY_CONSUMED_DIAGNOSTIC_ONLY
MS,density_rate,284,HMSO01R_A|PRIMARY|F3|3175d180e4d467c3b3ee6e516632373afe58cecdfc663671603274c230831d69,F3,FOLD_4,HMSO01R_A|FIELD_LINEAGE|5a0dbac6ae904f5529ad460639c41b1b383ca8809b93f779bcc31cb0fd08d08b,0.0,none,0.0,1.0,INSIDE_MAJORITY,EVALUABLE,EXPLORATORY_CONSUMED_DIAGNOSTIC_ONLY
MS,density_rate,285,HMSO01R_A|PRIMARY|F3|a2031fc45c0421e224bd21dce94627d03a316cde187ae6d48b90b56d1c51da5d,F3,FOLD_2,HMSO01R_A|FIELD_LINEAGE|eadb4166638494d642712d8eabac62f88ed028f779148966c13d2efd6405fa1d,0.0,transverse,1.3797379213140673e-30,1.0,INSIDE_MAJORITY,EVALUABLE,EXPLORATORY_CONSUMED_DIAGNOSTIC_ONLY
MS,density_rate,286,HMSO01R_A|PRIMARY|F3|8410477f22210a51bd73f4d2bd5c11b7a2fc4dbb0363248233ffc7d2c3dd07c0,F3,FOLD_2,HMSO01R_A|FIELD_LINEAGE|e25db364da9db9cdb46c3073fa0aa473b93b0eed9df5062f9696d75bd2f90442,0.0,none,0.0,1.0,INSIDE_MAJORITY,EVALUABLE,EXPLORATORY_CONSUMED_DIAGNOSTIC_ONLY
MS,density_rate,287,HMSO01R_A|PRIMARY|F3|b888419bbbcc26de7ec8b027a9528281d2f1a9d121f0adddbe4aa1eda5e70c5e,F3,FOLD_2,HMSO01R_A|FIELD_LINEAGE|41b714ff189f53f826864cf9fac2bed83a6e097351a7033fcea23d658bf21b54,0.0,none,0.0,1.0,INSIDE_MAJORITY,EVALUABLE,EXPLORATORY_CONSUMED_DIAGNOSTIC_ONLY
MS,density_rate,288,HMSO01R_A|PRIMARY|F4|141d214d6fbecf88d4c59a03f8dc3b24beb51fc230773ee890a4b851d346997f,F4,FOLD_0,HMSO01R_A|FIELD_LINEAGE|197d7ec024c0036b09ad028c746809cfe1ed712ccbb40eead96390c6dfdd817b,0.05,transverse,0.00040647783924869417,1.0,INSIDE_MAJORITY,EVALUABLE,EXPLORATORY_CONSUMED_DIAGNOSTIC_ONLY
MS,density_rate,289,HMSO01R_A|PRIMARY|F4|8140c0dc3b31c67a47815b694720914564c68a1dc815c23da3a6f1c6aa02932b,F4,FOLD_2,HMSO01R_A|FIELD_LINEAGE|8af782533dccfef4a682f44ff365b7014ae448a56bd62c92877bbd37640adb31,0.05,transverse,9.341415599636726e-05,1.0,INSIDE_MAJORITY,EVALUABLE,EXPLORATORY_CONSUMED_DIAGNOSTIC_ONLY
MS,density_rate,290,HMSO01R_A|PRIMARY|F4|92d400a387d7fd07980ceaa710bca64dffd4f47ca949167ba5e4f2afdd2a764f,F4,FOLD_5,HMSO01R_A|FIELD_LINEAGE|c9a10c50914a082104b6f42f933e2e8b35494d6ac1b464fc981b740edc26e9a6,0.1,none,3.7425748091920796e-05,1.0,INSIDE_MAJORITY,EVALUABLE,EXPLORATORY_CONSUMED_DIAGNOSTIC_ONLY
MS,density_rate,291,HMSO01R_A|PRIMARY|F4|51519fc5de1deb527bc7ba7450dbd141324700f1ad0b32b7d8bb03e54859db76,F4,FOLD_0,HMSO01R_A|FIELD_LINEAGE|197d7ec024c0036b09ad028c746809cfe1ed712ccbb40eead96390c6dfdd817b,0.0,transverse,6.716221448962898e-16,1.0,INSIDE_MAJORITY,EVALUABLE,EXPLORATORY_CONSUMED_DIAGNOSTIC_ONLY
MS,density_rate,292,HMSO01R_A|PRIMARY|F4|8a6dad5114701cab1eb0845285cdf269a4dc3a234a95f4ea2b384a6b6883d0e6,F4,FOLD_4,HMSO01R_A|FIELD_LINEAGE|6359faeb0765247f7e12d6c9e8bbc8898fa74fca5c76c863a6009dffddbcb32e,0.05,longitudinal,0.011919935870019334,0.296875,OUTSIDE_MAJORITY,EVALUABLE,EXPLORATORY_CONSUMED_DIAGNOSTIC_ONLY
MS,density_rate,293,HMSO01R_A|PRIMARY|F4|9b7be32ff75798d82be6c9492bf1dab25beef5734cfe5b6cd2115aa89aa759dc,F4,FOLD_1,HMSO01R_A|FIELD_LINEAGE|3264ae7008b91adb6f4b677f3ecc13cbe5ab1143b7f33ef501525d095e0b618c,0.0,none,0.0,1.0,INSIDE_MAJORITY,EVALUABLE,EXPLORATORY_CONSUMED_DIAGNOSTIC_ONLY
MS,density_rate,294,HMSO01R_A|PRIMARY|F4|011a48dce8758db0be8307d4005afe69879da0306ec2d99483baa7fcfa9141f4,F4,FOLD_1,HMSO01R_A|FIELD_LINEAGE|3264ae7008b91adb6f4b677f3ecc13cbe5ab1143b7f33ef501525d095e0b618c,0.1,none,0.40896237682964065,0.125,OUTSIDE_MAJORITY,EVALUABLE,EXPLORATORY_CONSUMED_DIAGNOSTIC_ONLY
MS,density_rate,295,HMSO01R_A|PRIMARY|F4|1d6667557d538859f0113641bfa62882220817b677dea9d2829a412690759fc5,F4,FOLD_2,HMSO01R_A|FIELD_LINEAGE|8af782533dccfef4a682f44ff365b7014ae448a56bd62c92877bbd37640adb31,0.1,transverse,0.0001405768304127347,1.0,INSIDE_MAJORITY,EVALUABLE,EXPLORATORY_CONSUMED_DIAGNOSTIC_ONLY
MS,density_rate,296,HMSO01R_A|PRIMARY|F4|5258442e75cf59cbe7893e089ad47e17c4d26ed39cd16fec9118870e106baa43,F4,FOLD_3,HMSO01R_A|FIELD_LINEAGE|7a40ff07646995058d8981271562dfa4f2cc77b96f79dba59c7ae90f96586134,0.05,longitudinal,0.05049766774820237,0.953125,INSIDE_MAJORITY,EVALUABLE,EXPLORATORY_CONSUMED_DIAGNOSTIC_ONLY
MS,density_rate,297,HMSO01R_A|PRIMARY|F4|48f2bb8eb7eac96e71b6fba78be3d25c21266edb52344cd820e162bf6df261cd,F4,FOLD_1,HMSO01R_A|FIELD_LINEAGE|3264ae7008b91adb6f4b677f3ecc13cbe5ab1143b7f33ef501525d095e0b618c,0.05,none,0.8015698873132726,0.9921875,INSIDE_MAJORITY,EVALUABLE,EXPLORATORY_CONSUMED_DIAGNOSTIC_ONLY
MS,density_rate,298,HMSO01R_A|PRIMARY|F4|24bcceaed6cf5ba835a35d37ac2f603bbf2c8b0a639ceea6ec234fb6b3977288,F4,FOLD_0,HMSO01R_A|FIELD_LINEAGE|197d7ec024c0036b09ad028c746809cfe1ed712ccbb40eead96390c6dfdd817b,0.1,transverse,0.001524434026793136,1.0,INSIDE_MAJORITY,EVALUABLE,EXPLORATORY_CONSUMED_DIAGNOSTIC_ONLY
MS,density_rate,299,HMSO01R_A|PRIMARY|F4|4b6bdffc658fe9deb87879b130fd21d7155bd1b57b10ae5709614368fed74531,F4,FOLD_0,HMSO01R_A|FIELD_LINEAGE|06c31c418b756da4f49834b1270295e826a9807f080171a34a3e7c250369709c,0.0,none,0.0,1.0,INSIDE_MAJORITY,EVALUABLE,EXPLORATORY_CONSUMED_DIAGNOSTIC_ONLY
MS,density_rate,300,HMSO01R_A|PRIMARY|F4|85dc4b95288446dfb72a62b71691cae97be1b4b3c9789b973167c7f0c0024bb0,F4,FOLD_1,HMSO01R_A|FIELD_LINEAGE|5d84595c43a38b585d7953f18ac50da686f8debb482b1cca6058cffe84d274b6,0.05,none,0.7951453592062685,0.953125,INSIDE_MAJORITY,EVALUABLE,EXPLORATORY_CONSUMED_DIAGNOSTIC_ONLY
MS,density_rate,301,HMSO01R_A|PRIMARY|F4|4e7a52c6c115bcd8ae85224372e15761ec9ad1da299c81472e2c7f42bece49c4,F4,FOLD_5,HMSO01R_A|FIELD_LINEAGE|c9a10c50914a082104b6f42f933e2e8b35494d6ac1b464fc981b740edc26e9a6,0.05,none,6.005413340927658e-05,1.0,INSIDE_MAJORITY,EVALUABLE,EXPLORATORY_CONSUMED_DIAGNOSTIC_ONLY
MS,density_rate,302,HMSO01R_A|PRIMARY|F4|3e1f516c8924d75bcb1bc1fc285c7fef823b724e7146e632a6edc0d86859301f,F4,FOLD_1,HMSO01R_A|FIELD_LINEAGE|5d84595c43a38b585d7953f18ac50da686f8debb482b1cca6058cffe84d274b6,0.1,none,0.38589461728595514,0.1328125,OUTSIDE_MAJORITY,EVALUABLE,EXPLORATORY_CONSUMED_DIAGNOSTIC_ONLY
MS,density_rate,303,HMSO01R_A|PRIMARY|F4|558f87a2fc4bf2fe995a797fa27bac5203b30df376d948587ab0bb7f9c16d3bd,F4,FOLD_0,HMSO01R_A|FIELD_LINEAGE|197d7ec024c0036b09ad028c746809cfe1ed712ccbb40eead96390c6dfdd817b,0.0,transverse,6.209320542505037e-13,1.0,INSIDE_MAJORITY,EVALUABLE,EXPLORATORY_CONSUMED_DIAGNOSTIC_ONLY
MS,density_rate,304,HMSO01R_A|PRIMARY|F4|0670d89c61c35c8852c124d9000835eaea91a83b9577472f636a565b59d940d9,F4,FOLD_1,HMSO01R_A|FIELD_LINEAGE|5d84595c43a38b585d7953f18ac50da686f8debb482b1cca6058cffe84d274b6,0.05,none,0.4755490950870212,0.484375,OUTSIDE_MAJORITY,EVALUABLE,EXPLORATORY_CONSUMED_DIAGNOSTIC_ONLY
MS,density_rate,305,HMSO01R_A|PRIMARY|F4|ecaff7cbec579afd2494fc1fad898951c4ea48b684497e65b50613fe038305d3,F4,FOLD_2,HMSO01R_A|FIELD_LINEAGE|8af782533dccfef4a682f44ff365b7014ae448a56bd62c92877bbd37640adb31,0.05,transverse,0.00023524588507427396,1.0,INSIDE_MAJORITY,EVALUABLE,EXPLORATORY_CONSUMED_DIAGNOSTIC_ONLY
MS,density_rate,306,HMSO01R_A|PRIMARY|F4|71f61d7caa1b1b02179212c15265a1f342ea520af413e9f96a8372d952d11eed,F4,FOLD_0,HMSO01R_A|FIELD_LINEAGE|06c31c418b756da4f49834b1270295e826a9807f080171a34a3e7c250369709c,0.05,none,2.1428024039383005e-08,1.0,INSIDE_MAJORITY,EVALUABLE,EXPLORATORY_CONSUMED_DIAGNOSTIC_ONLY
MS,density_rate,307,HMSO01R_A|PRIMARY|F4|85f1b9eed95ecce08d553e89743dc53a15307163bc7008a8726ff536e6a54996,F4,FOLD_2,HMSO01R_A|FIELD_LINEAGE|8af782533dccfef4a682f44ff365b7014ae448a56bd62c92877bbd37640adb31,0.05,transverse,0.00029089363550832746,1.0,INSIDE_MAJORITY,EVALUABLE,EXPLORATORY_CONSUMED_DIAGNOSTIC_ONLY
MS,density_rate,308,HMSO01R_A|PRIMARY|F4|a6ddeab8e93b6db262b39867391f322e9baafa76bed004129fe7780c90cbd6a4,F4,FOLD_0,HMSO01R_A|FIELD_LINEAGE|06c31c418b756da4f49834b1270295e826a9807f080171a34a3e7c250369709c,0.05,none,2.9826039021084194e-06,1.0,INSIDE_MAJORITY,EVALUABLE,EXPLORATORY_CONSUMED_DIAGNOSTIC_ONLY
MS,density_rate,309,HMSO01R_A|PRIMARY|F4|11826ade3e5db02d2c6bffdc10f23d4bb93470890790474abf521e919f738b3f,F4,FOLD_2,HMSO01R_A|FIELD_LINEAGE|8af782533dccfef4a682f44ff365b7014ae448a56bd62c92877bbd37640adb31,0.0,transverse,1.3497938619476422e-13,1.0,INSIDE_MAJORITY,EVALUABLE,EXPLORATORY_CONSUMED_DIAGNOSTIC_ONLY
MS,density_rate,310,HMSO01R_A|PRIMARY|F4|ef19a86248138ec5e566612bf3df19a10b6bc69a7b14c32e2b817ccf29cc50f2,F4,FOLD_5,HMSO01R_A|FIELD_LINEAGE|c9a10c50914a082104b6f42f933e2e8b35494d6ac1b464fc981b740edc26e9a6,0.05,none,8.351401379613847e-06,1.0,INSIDE_MAJORITY,EVALUABLE,EXPLORATORY_CONSUMED_DIAGNOSTIC_ONLY
MS,density_rate,311,HMSO01R_A|PRIMARY|F4|4929b286a99ab022d26a2dbdc2a23a2bc6d15979bf42d1588c8b2e2c1d73a0e3,F4,FOLD_0,HMSO01R_A|FIELD_LINEAGE|197d7ec024c0036b09ad028c746809cfe1ed712ccbb40eead96390c6dfdd817b,0.05,transverse,0.0018666287493138986,0.9921875,INSIDE_MAJORITY,EVALUABLE,EXPLORATORY_CONSUMED_DIAGNOSTIC_ONLY
MS,density_rate,312,HMSO01R_A|PRIMARY|F4|e77b23936dd5a7c6d9262ae1d734b30beb458da1fe94bc080bdfac1b7bd85189,F4,FOLD_1,HMSO01R_A|FIELD_LINEAGE|3264ae7008b91adb6f4b677f3ecc13cbe5ab1143b7f33ef501525d095e0b618c,0.1,none,0.7298308471748842,0.7890625,INSIDE_MAJORITY,EVALUABLE,EXPLORATORY_CONSUMED_DIAGNOSTIC_ONLY
MS,density_rate,313,HMSO01R_A|PRIMARY|F4|8944eefcfb134a9bbf050fe15d6081c6962a214b6ed3d413508e814400676f0f,F4,FOLD_4,HMSO01R_A|FIELD_LINEAGE|6359faeb0765247f7e12d6c9e8bbc8898fa74fca5c76c863a6009dffddbcb32e,0.1,longitudinal,0.013969505255194248,0.1640625,OUTSIDE_MAJORITY,EVALUABLE,EXPLORATORY_CONSUMED_DIAGNOSTIC_ONLY
MS,density_rate,314,HMSO01R_A|PRIMARY|F4|e25d3f9fc33911ad2bdacf9851f072f8da6dbe4f6c19d60b1710f16572063c8d,F4,FOLD_0,HMSO01R_A|FIELD_LINEAGE|06c31c418b756da4f49834b1270295e826a9807f080171a34a3e7c250369709c,0.0,none,0.0,1.0,INSIDE_MAJORITY,EVALUABLE,EXPLORATORY_CONSUMED_DIAGNOSTIC_ONLY
MS,density_rate,315,HMSO01R_A|PRIMARY|F4|d250879e475816f6e92630481055f2ad783960a4b225044b2988cc1f044532fc,F4,FOLD_1,HMSO01R_A|FIELD_LINEAGE|5d84595c43a38b585d7953f18ac50da686f8debb482b1cca6058cffe84d274b6,0.0,none,0.38154140800844605,1.0,INSIDE_MAJORITY,EVALUABLE,EXPLORATORY_CONSUMED_DIAGNOSTIC_ONLY
MS,density_rate,316,HMSO01R_A|PRIMARY|F4|56464c262bb157790092f749cb48a04e8d8a0b8bedf3e324b5320e9a10b6d09e,F4,FOLD_0,HMSO01R_A|FIELD_LINEAGE|197d7ec024c0036b09ad028c746809cfe1ed712ccbb40eead96390c6dfdd817b,0.05,transverse,0.0009469964070227656,1.0,INSIDE_MAJORITY,EVALUABLE,EXPLORATORY_CONSUMED_DIAGNOSTIC_ONLY
MS,density_rate,317,HMSO01R_A|PRIMARY|F4|ecb76be4664dd9928293363ff466f845a5a7789eaaeda1e8ee5201799daa78c0,F4,FOLD_4,HMSO01R_A|FIELD_LINEAGE|6359faeb0765247f7e12d6c9e8bbc8898fa74fca5c76c863a6009dffddbcb32e,0.0,longitudinal,0.011389709418398546,0.5859375,INSIDE_MAJORITY,EVALUABLE,EXPLORATORY_CONSUMED_DIAGNOSTIC_ONLY
MS,density_rate,318,HMSO01R_A|PRIMARY|F4|88dcd723af748de6ff950507849f3825b8d8f3553a5bcc217487217a0f9a7a63,F4,FOLD_5,HMSO01R_A|FIELD_LINEAGE|c9a10c50914a082104b6f42f933e2e8b35494d6ac1b464fc981b740edc26e9a6,0.0,none,1.344795163931309e-32,1.0,INSIDE_MAJORITY,EVALUABLE,EXPLORATORY_CONSUMED_DIAGNOSTIC_ONLY
MS,density_rate,319,HMSO01R_A|PRIMARY|F4|5713909151f3cd04934c16355de455e1018dfb770f2f64df240e5db9c47d5fb1,F4,FOLD_5,HMSO01R_A|FIELD_LINEAGE|c9a10c50914a082104b6f42f933e2e8b35494d6ac1b464fc981b740edc26e9a6,0.1,none,9.15970523853796e-05,1.0,INSIDE_MAJORITY,EVALUABLE,EXPLORATORY_CONSUMED_DIAGNOSTIC_ONLY
MS,density_rate,320,HMSO01R_A|PRIMARY|F4|93aad5841f6682ecd48e9ead6bb4002efba75cd6704198bd8907aea0d47c8d7a,F4,FOLD_3,HMSO01R_A|FIELD_LINEAGE|7a40ff07646995058d8981271562dfa4f2cc77b96f79dba59c7ae90f96586134,0.1,longitudinal,0.019624087265297283,0.78125,INSIDE_MAJORITY,EVALUABLE,EXPLORATORY_CONSUMED_DIAGNOSTIC_ONLY
MS,density_rate,321,HMSO01R_A|PRIMARY|F4|367bce2de86b385d49af0dfa7e9148a0411935febd6ae7b0c77d7e5337e2b946,F4,FOLD_1,HMSO01R_A|FIELD_LINEAGE|3264ae7008b91adb6f4b677f3ecc13cbe5ab1143b7f33ef501525d095e0b618c,0.05,none,0.45736584619089127,0.453125,OUTSIDE_MAJORITY,EVALUABLE,EXPLORATORY_CONSUMED_DIAGNOSTIC_ONLY
MS,density_rate,322,HMSO01R_A|PRIMARY|F4|67783874e0d03b7d1319229ffa56ea5f5807a8da29ee591962ad5c4a5d4aa291,F4,FOLD_2,HMSO01R_A|FIELD_LINEAGE|8af782533dccfef4a682f44ff365b7014ae448a56bd62c92877bbd37640adb31,0.0,transverse,1.5785557422391953e-10,1.0,INSIDE_MAJORITY,EVALUABLE,EXPLORATORY_CONSUMED_DIAGNOSTIC_ONLY
MS,density_rate,323,HMSO01R_A|PRIMARY|F4|cf8e0f28eda1cea7b1e3865285dbd80d01ab677e45643ecd3ea5b887c3b903a3,F4,FOLD_4,HMSO01R_A|FIELD_LINEAGE|6359faeb0765247f7e12d6c9e8bbc8898fa74fca5c76c863a6009dffddbcb32e,0.0,longitudinal,0.01368877704953967,0.3125,OUTSIDE_MAJORITY,EVALUABLE,EXPLORATORY_CONSUMED_DIAGNOSTIC_ONLY
MS,density_rate,324,HMSO01R_A|PRIMARY|F4|0e2a37aabd2842d397826b1ca21a59a95541d00614cef99316c77d0e366d36d4,F4,FOLD_4,HMSO01R_A|FIELD_LINEAGE|6359faeb0765247f7e12d6c9e8bbc8898fa74fca5c76c863a6009dffddbcb32e,0.1,longitudinal,0.02092409886378576,0.421875,OUTSIDE_MAJORITY,EVALUABLE,EXPLORATORY_CONSUMED_DIAGNOSTIC_ONLY
MS,density_rate,325,HMSO01R_A|PRIMARY|F4|8289d34ef953a6f182f5bbf0101c3a909aa131a7b4ef8051e96ed317d9d18138,F4,FOLD_1,HMSO01R_A|FIELD_LINEAGE|5d84595c43a38b585d7953f18ac50da686f8debb482b1cca6058cffe84d274b6,0.1,none,0.5819043248708626,0.5703125,INSIDE_MAJORITY,EVALUABLE,EXPLORATORY_CONSUMED_DIAGNOSTIC_ONLY
MS,density_rate,326,HMSO01R_A|PRIMARY|F4|56b946dabb5968a6b21b25f90019cfff82607fbed847e03471c8231bd3620084,F4,FOLD_1,HMSO01R_A|FIELD_LINEAGE|3264ae7008b91adb6f4b677f3ecc13cbe5ab1143b7f33ef501525d095e0b618c,0.0,none,0.0,1.0,INSIDE_MAJORITY,EVALUABLE,EXPLORATORY_CONSUMED_DIAGNOSTIC_ONLY
MS,density_rate,327,HMSO01R_A|PRIMARY|F4|0bef625e78c23809d27376d709781637b1ca99c4bf76c5eedcc0ca7586ad0d28,F4,FOLD_4,HMSO01R_A|FIELD_LINEAGE|6359faeb0765247f7e12d6c9e8bbc8898fa74fca5c76c863a6009dffddbcb32e,0.05,longitudinal,0.01097003005206907,0.3203125,OUTSIDE_MAJORITY,EVALUABLE,EXPLORATORY_CONSUMED_DIAGNOSTIC_ONLY
MS,density_rate,328,HMSO01R_A|PRIMARY|F4|c02320354fd792272cea49a4547cc64bea66d0c42060ac90ccbf8fb91fe26cd1,F4,FOLD_5,HMSO01R_A|FIELD_LINEAGE|c9a10c50914a082104b6f42f933e2e8b35494d6ac1b464fc981b740edc26e9a6,0.0,none,2.3059661702970028e-34,1.0,INSIDE_MAJORITY,EVALUABLE,EXPLORATORY_CONSUMED_DIAGNOSTIC_ONLY
MS,density_rate,329,HMSO01R_A|PRIMARY|F4|60d61a86c9c80d6addab5af159923a601fd7ed1edee92f2f4cbb301a86fb909a,F4,FOLD_1,HMSO01R_A|FIELD_LINEAGE|3264ae7008b91adb6f4b677f3ecc13cbe5ab1143b7f33ef501525d095e0b618c,0.1,none,0.5766718691993838,0.53125,INSIDE_MAJORITY,EVALUABLE,EXPLORATORY_CONSUMED_DIAGNOSTIC_ONLY
MS,density_rate,330,HMSO01R_A|PRIMARY|F4|85b9e2bb526dacaa593ccb65df264a96a4d27bede934ce2ecb57f157e3bc9a19,F4,FOLD_3,HMSO01R_A|FIELD_LINEAGE|7a40ff07646995058d8981271562dfa4f2cc77b96f79dba59c7ae90f96586134,0.0,longitudinal,0.06002157777923407,1.0,INSIDE_MAJORITY,EVALUABLE,EXPLORATORY_CONSUMED_DIAGNOSTIC_ONLY
MS,density_rate,331,HMSO01R_A|PRIMARY|F4|c93564795c53c5b8f2acb7004944a5bf63ea14ebbf8f65a568b2a0b51ef1fb4d,F4,FOLD_5,HMSO01R_A|FIELD_LINEAGE|c9a10c50914a082104b6f42f933e2e8b35494d6ac1b464fc981b740edc26e9a6,0.05,none,1.0446682148675202e-05,1.0,INSIDE_MAJORITY,EVALUABLE,EXPLORATORY_CONSUMED_DIAGNOSTIC_ONLY
MS,density_rate,332,HMSO01R_A|PRIMARY|F4|c97a86869fce5865992f34bd7205509a7db68ce38ef12dd68bb413852c722653,F4,FOLD_3,HMSO01R_A|FIELD_LINEAGE|7a40ff07646995058d8981271562dfa4f2cc77b96f79dba59c7ae90f96586134,0.05,longitudinal,0.019608801192134505,0.9140625,INSIDE_MAJORITY,EVALUABLE,EXPLORATORY_CONSUMED_DIAGNOSTIC_ONLY
MS,density_rate,333,HMSO01R_A|PRIMARY|F4|6eca32e2ed9db412095b6bb1621309c554428bd902055e55d93c3dbb255ef660,F4,FOLD_3,HMSO01R_A|FIELD_LINEAGE|7a40ff07646995058d8981271562dfa4f2cc77b96f79dba59c7ae90f96586134,0.0,longitudinal,0.05163729248462196,1.0,INSIDE_MAJORITY,EVALUABLE,EXPLORATORY_CONSUMED_DIAGNOSTIC_ONLY
MS,density_rate,334,HMSO01R_A|PRIMARY|F4|4d3ce164d8efe045e29b60ed83ff347cfa2fafe49965f090ff32a2e7acec3e50,F4,FOLD_4,HMSO01R_A|FIELD_LINEAGE|6359faeb0765247f7e12d6c9e8bbc8898fa74fca5c76c863a6009dffddbcb32e,0.05,longitudinal,0.013551628006095918,0.5703125,INSIDE_MAJORITY,EVALUABLE,EXPLORATORY_CONSUMED_DIAGNOSTIC_ONLY
MS,density_rate,335,HMSO01R_A|PRIMARY|F4|f2c4fabe042f5b8aea1f288e25844f23d9a120de8e396a36c9ca1d2e6ccce438,F4,FOLD_4,HMSO01R_A|FIELD_LINEAGE|6359faeb0765247f7e12d6c9e8bbc8898fa74fca5c76c863a6009dffddbcb32e,0.1,longitudinal,0.020318539403058333,0.4921875,OUTSIDE_MAJORITY,EVALUABLE,EXPLORATORY_CONSUMED_DIAGNOSTIC_ONLY
MS,density_rate,336,HMSO01R_A|PRIMARY|F4|9768d97a717e98019abe133a1abe111c5fca5e302e9f72f7322cf07b6ef97904,F4,FOLD_2,HMSO01R_A|FIELD_LINEAGE|8af782533dccfef4a682f44ff365b7014ae448a56bd62c92877bbd37640adb31,0.1,transverse,0.0009943019678504146,1.0,INSIDE_MAJORITY,EVALUABLE,EXPLORATORY_CONSUMED_DIAGNOSTIC_ONLY
MS,density_rate,337,HMSO01R_A|PRIMARY|F4|2c7351f1aa4e82a7579ba6807a834a23987ceda38177da350424d7892a8de9f8,F4,FOLD_4,HMSO01R_A|FIELD_LINEAGE|6359faeb0765247f7e12d6c9e8bbc8898fa74fca5c76c863a6009dffddbcb32e,0.05,longitudinal,0.011015293835453369,0.5078125,INSIDE_MAJORITY,EVALUABLE,EXPLORATORY_CONSUMED_DIAGNOSTIC_ONLY
MS,density_rate,338,HMSO01R_A|PRIMARY|F4|9bbc1a27b5a28b8b1cbc9397ac21c221597c0b4297abbe6d2c46d9068ef63a3a,F4,FOLD_3,HMSO01R_A|FIELD_LINEAGE|7a40ff07646995058d8981271562dfa4f2cc77b96f79dba59c7ae90f96586134,0.1,longitudinal,0.06623283543920583,0.7578125,INSIDE_MAJORITY,EVALUABLE,EXPLORATORY_CONSUMED_DIAGNOSTIC_ONLY
MS,density_rate,339,HMSO01R_A|PRIMARY|F4|a577084b300c5f034112e0aa6d4197f7bb336db3aebc017e187cc64ede052782,F4,FOLD_0,HMSO01R_A|FIELD_LINEAGE|06c31c418b756da4f49834b1270295e826a9807f080171a34a3e7c250369709c,0.0,none,0.0,1.0,INSIDE_MAJORITY,EVALUABLE,EXPLORATORY_CONSUMED_DIAGNOSTIC_ONLY
MS,density_rate,340,HMSO01R_A|PRIMARY|F4|13c67e1ebb51f50250e869a5f3a557602950c66494025b2a470f6b48342a31ea,F4,FOLD_3,HMSO01R_A|FIELD_LINEAGE|7a40ff07646995058d8981271562dfa4f2cc77b96f79dba59c7ae90f96586134,0.05,longitudinal,0.06476077844902489,0.6953125,INSIDE_MAJORITY,EVALUABLE,EXPLORATORY_CONSUMED_DIAGNOSTIC_ONLY
MS,density_rate,341,HMSO01R_A|PRIMARY|F4|edab4679e82b888e2650cc858316bd212ed80b7e90262d2c10bbefda6974c3cb,F4,FOLD_0,HMSO01R_A|FIELD_LINEAGE|06c31c418b756da4f49834b1270295e826a9807f080171a34a3e7c250369709c,0.05,none,3.96730612068492e-08,1.0,INSIDE_MAJORITY,EVALUABLE,EXPLORATORY_CONSUMED_DIAGNOSTIC_ONLY
MS,density_rate,342,HMSO01R_A|PRIMARY|F4|93f336d5095c9a841b2e50a3fed0819138ef2e6d7698442409f0d4608bb285e9,F4,FOLD_0,HMSO01R_A|FIELD_LINEAGE|06c31c418b756da4f49834b1270295e826a9807f080171a34a3e7c250369709c,0.1,none,0.0002088315735233262,1.0,INSIDE_MAJORITY,EVALUABLE,EXPLORATORY_CONSUMED_DIAGNOSTIC_ONLY
MS,density_rate,343,HMSO01R_A|PRIMARY|F4|3ecea2b0aa1bdaa68d2f1356e87b52064a96f8259663d3d03b044ceaf96f9cbc,F4,FOLD_1,HMSO01R_A|FIELD_LINEAGE|5d84595c43a38b585d7953f18ac50da686f8debb482b1cca6058cffe84d274b6,0.1,none,0.6475409994474329,0.7578125,INSIDE_MAJORITY,EVALUABLE,EXPLORATORY_CONSUMED_DIAGNOSTIC_ONLY
MS,density_rate,344,HMSO01R_A|PRIMARY|F4|b2269306cf2fc8a4591e8938af5813db53954684c008bd6a8cddd0d650dfaa59,F4,FOLD_0,HMSO01R_A|FIELD_LINEAGE|197d7ec024c0036b09ad028c746809cfe1ed712ccbb40eead96390c6dfdd817b,0.05,transverse,0.0008645417030734427,1.0,INSIDE_MAJORITY,EVALUABLE,EXPLORATORY_CONSUMED_DIAGNOSTIC_ONLY
MS,density_rate,345,HMSO01R_A|PRIMARY|F4|add41ee9198075a3a19c4e02467ad427e3909e0b283ae14140a03b1ecf2a0f11,F4,FOLD_3,HMSO01R_A|FIELD_LINEAGE|7a40ff07646995058d8981271562dfa4f2cc77b96f79dba59c7ae90f96586134,0.05,longitudinal,0.05502755702393739,0.8203125,INSIDE_MAJORITY,EVALUABLE,EXPLORATORY_CONSUMED_DIAGNOSTIC_ONLY
MS,density_rate,346,HMSO01R_A|PRIMARY|F4|5e95bd4803f822dd8674c13a449420695c5df56cd9393606e1f3b9a611de51f1,F4,FOLD_2,HMSO01R_A|FIELD_LINEAGE|8af782533dccfef4a682f44ff365b7014ae448a56bd62c92877bbd37640adb31,0.05,transverse,6.825372040745793e-05,1.0,INSIDE_MAJORITY,EVALUABLE,EXPLORATORY_CONSUMED_DIAGNOSTIC_ONLY
MS,density_rate,347,HMSO01R_A|PRIMARY|F4|24f4ce932c7a7827efac3d2f928c557f54e4049809f5e73fbf1b9f52867a1edd,F4,FOLD_1,HMSO01R_A|FIELD_LINEAGE|5d84595c43a38b585d7953f18ac50da686f8debb482b1cca6058cffe84d274b6,0.05,none,0.8335597526398488,0.9609375,INSIDE_MAJORITY,EVALUABLE,EXPLORATORY_CONSUMED_DIAGNOSTIC_ONLY
MS,density_rate,348,HMSO01R_A|PRIMARY|F4|18ac4d31edf7a505ad239621dfdf76d1766a2c67683ae1b62d6989cad714c2d7,F4,FOLD_0,HMSO01R_A|FIELD_LINEAGE|197d7ec024c0036b09ad028c746809cfe1ed712ccbb40eead96390c6dfdd817b,0.0,transverse,3.7320550318041785e-10,1.0,INSIDE_MAJORITY,EVALUABLE,EXPLORATORY_CONSUMED_DIAGNOSTIC_ONLY
MS,density_rate,349,HMSO01R_A|PRIMARY|F4|1cc6c0e80b8899df18a73353bf6f7ed7c04f29c45158e61ee28cb2624ac746fe,F4,FOLD_4,HMSO01R_A|FIELD_LINEAGE|6359faeb0765247f7e12d6c9e8bbc8898fa74fca5c76c863a6009dffddbcb32e,0.05,longitudinal,0.008122521084325643,0.421875,OUTSIDE_MAJORITY,EVALUABLE,EXPLORATORY_CONSUMED_DIAGNOSTIC_ONLY
MS,density_rate,350,HMSO01R_A|PRIMARY|F4|d33d0be38e4684bb33437a9df95a1ae6cc0a7aebc3f0a71bfa4fa8cbc4555242,F4,FOLD_1,HMSO01R_A|FIELD_LINEAGE|5d84595c43a38b585d7953f18ac50da686f8debb482b1cca6058cffe84d274b6,0.0,none,0.5977304384407277,1.0,INSIDE_MAJORITY,EVALUABLE,EXPLORATORY_CONSUMED_DIAGNOSTIC_ONLY
MS,density_rate,351,HMSO01R_A|PRIMARY|F4|5a2e3a505c133416c8dbb86a08170301d688109094d8674ee8080dc96049ad55,F4,FOLD_0,HMSO01R_A|FIELD_LINEAGE|06c31c418b756da4f49834b1270295e826a9807f080171a34a3e7c250369709c,0.05,none,4.854077400760517e-07,1.0,INSIDE_MAJORITY,EVALUABLE,EXPLORATORY_CONSUMED_DIAGNOSTIC_ONLY
MS,density_rate,352,HMSO01R_A|PRIMARY|F4|3b38bca5ba7eb3e076d691c07d5fefab92d9894c689c32264b3e80a8f629fae5,F4,FOLD_1,HMSO01R_A|FIELD_LINEAGE|3264ae7008b91adb6f4b677f3ecc13cbe5ab1143b7f33ef501525d095e0b618c,0.05,none,0.6688187359779121,0.5859375,INSIDE_MAJORITY,EVALUABLE,EXPLORATORY_CONSUMED_DIAGNOSTIC_ONLY
MS,density_rate,353,HMSO01R_A|PRIMARY|F4|1453b091d0daa0c4e730c8e0c233a19b45a418a33d5d34531f6df7ff2203213a,F4,FOLD_1,HMSO01R_A|FIELD_LINEAGE|3264ae7008b91adb6f4b677f3ecc13cbe5ab1143b7f33ef501525d095e0b618c,0.05,none,0.7602086014361388,0.9765625,INSIDE_MAJORITY,EVALUABLE,EXPLORATORY_CONSUMED_DIAGNOSTIC_ONLY
MS,density_rate,354,HMSO01R_A|PRIMARY|F4|2a57c8fd48f74b76db849058b1fbda9ce73e7c1e67e92c7bb77564c77611730e,F4,FOLD_1,HMSO01R_A|FIELD_LINEAGE|3264ae7008b91adb6f4b677f3ecc13cbe5ab1143b7f33ef501525d095e0b618c,0.05,none,0.6895641995669557,1.0,INSIDE_MAJORITY,EVALUABLE,EXPLORATORY_CONSUMED_DIAGNOSTIC_ONLY
MS,density_rate,355,HMSO01R_A|PRIMARY|F4|9f56c3d5d44bf58a93d9ca6afd6c4e8f218ea1cdd2052a96a5e56647a1dfd799,F4,FOLD_2,HMSO01R_A|FIELD_LINEAGE|8af782533dccfef4a682f44ff365b7014ae448a56bd62c92877bbd37640adb31,0.1,transverse,0.00033763464342199566,1.0,INSIDE_MAJORITY,EVALUABLE,EXPLORATORY_CONSUMED_DIAGNOSTIC_ONLY
MS,density_rate,356,HMSO01R_A|PRIMARY|F4|4af9d799645306b976781f74aaac033fc6a03925c4707f61d4dde7f0466e1248,F4,FOLD_1,HMSO01R_A|FIELD_LINEAGE|5d84595c43a38b585d7953f18ac50da686f8debb482b1cca6058cffe84d274b6,0.05,none,0.771976042184159,1.0,INSIDE_MAJORITY,EVALUABLE,EXPLORATORY_CONSUMED_DIAGNOSTIC_ONLY
MS,density_rate,357,HMSO01R_A|PRIMARY|F4|70cefd0a326a1189e857a24bc47d3a308a01c71266a610d97da19fe3475449b3,F4,FOLD_0,HMSO01R_A|FIELD_LINEAGE|06c31c418b756da4f49834b1270295e826a9807f080171a34a3e7c250369709c,0.1,none,5.992631185658273e-06,1.0,INSIDE_MAJORITY,EVALUABLE,EXPLORATORY_CONSUMED_DIAGNOSTIC_ONLY
MS,density_rate,358,HMSO01R_A|PRIMARY|F4|d12ba8221e83ef54db206896c0ccfc71b0d9e5c69260022a3f60f552de527261,F4,FOLD_5,HMSO01R_A|FIELD_LINEAGE|c9a10c50914a082104b6f42f933e2e8b35494d6ac1b464fc981b740edc26e9a6,0.1,none,0.0005139759880442342,0.8828125,INSIDE_MAJORITY,EVALUABLE,EXPLORATORY_CONSUMED_DIAGNOSTIC_ONLY
MS,density_rate,359,HMSO01R_A|PRIMARY|F4|6b8727c73995a66d16356a1d36b4933859c3b2fbc63ae62c24b1e21bc11073b5,F4,FOLD_3,HMSO01R_A|FIELD_LINEAGE|7a40ff07646995058d8981271562dfa4f2cc77b96f79dba59c7ae90f96586134,0.05,longitudinal,0.016903827829561496,0.9453125,INSIDE_MAJORITY,EVALUABLE,EXPLORATORY_CONSUMED_DIAGNOSTIC_ONLY
MS,density_rate,360,HMSO01R_A|PRIMARY|F4|743a01d4399472eed3d8ffd9c7a32e1f3a40e5b1780978943bf05c8e760eff58,F4,FOLD_0,HMSO01R_A|FIELD_LINEAGE|06c31c418b756da4f49834b1270295e826a9807f080171a34a3e7c250369709c,0.1,none,1.288146323642785e-06,1.0,INSIDE_MAJORITY,EVALUABLE,EXPLORATORY_CONSUMED_DIAGNOSTIC_ONLY
MS,density_rate,361,HMSO01R_A|PRIMARY|F4|6f8b0062875af4febf1ed5a9e87719c1f1886be25e2bae8ee74787af55c5c1ab,F4,FOLD_3,HMSO01R_A|FIELD_LINEAGE|7a40ff07646995058d8981271562dfa4f2cc77b96f79dba59c7ae90f96586134,0.0,longitudinal,0.011345640678366919,1.0,INSIDE_MAJORITY,EVALUABLE,EXPLORATORY_CONSUMED_DIAGNOSTIC_ONLY
MS,density_rate,362,HMSO01R_A|PRIMARY|F4|8f1ab78a0a32c0cb988d7b4adfde67f10680eff0253d57272287f87269fe5ac7,F4,FOLD_1,HMSO01R_A|FIELD_LINEAGE|5d84595c43a38b585d7953f18ac50da686f8debb482b1cca6058cffe84d274b6,0.0,none,0.2458825934539451,1.0,INSIDE_MAJORITY,EVALUABLE,EXPLORATORY_CONSUMED_DIAGNOSTIC_ONLY
MS,density_rate,363,HMSO01R_A|PRIMARY|F4|194231f073caf06555d785c43dcc6f91eb5ef962fbd48ce1696e7a0febd8d169,F4,FOLD_5,HMSO01R_A|FIELD_LINEAGE|c9a10c50914a082104b6f42f933e2e8b35494d6ac1b464fc981b740edc26e9a6,0.05,none,2.405305408302281e-05,1.0,INSIDE_MAJORITY,EVALUABLE,EXPLORATORY_CONSUMED_DIAGNOSTIC_ONLY
MS,density_rate,364,HMSO01R_A|PRIMARY|F4|4c5124e2fe9ab57f1899643d25ea08bef342b07b4f5a1b63411031808a84e6e5,F4,FOLD_2,HMSO01R_A|FIELD_LINEAGE|8af782533dccfef4a682f44ff365b7014ae448a56bd62c92877bbd37640adb31,0.05,transverse,4.274146738987726e-05,1.0,INSIDE_MAJORITY,EVALUABLE,EXPLORATORY_CONSUMED_DIAGNOSTIC_ONLY
MS,density_rate,365,HMSO01R_A|PRIMARY|F4|86e0b5c66095d052b370f9153c1c0c79db91e1ce96e3bb2098471bfc1d51f52b,F4,FOLD_1,HMSO01R_A|FIELD_LINEAGE|3264ae7008b91adb6f4b677f3ecc13cbe5ab1143b7f33ef501525d095e0b618c,0.05,none,0.735117387666895,1.0,INSIDE_MAJORITY,EVALUABLE,EXPLORATORY_CONSUMED_DIAGNOSTIC_ONLY
MS,density_rate,366,HMSO01R_A|PRIMARY|F4|fb27fce189386d914da9e876fe6ee49add0c761025cf76dcac6ae5fb83112597,F4,FOLD_4,HMSO01R_A|FIELD_LINEAGE|6359faeb0765247f7e12d6c9e8bbc8898fa74fca5c76c863a6009dffddbcb32e,0.0,longitudinal,0.004979388186059704,0.4453125,OUTSIDE_MAJORITY,EVALUABLE,EXPLORATORY_CONSUMED_DIAGNOSTIC_ONLY
MS,density_rate,367,HMSO01R_A|PRIMARY|F4|7786ab7ac7eee1e1201a9d4cd9bb75b985ca5b9bbe57ed362a6bae2ea6a67b5f,F4,FOLD_5,HMSO01R_A|FIELD_LINEAGE|c9a10c50914a082104b6f42f933e2e8b35494d6ac1b464fc981b740edc26e9a6,0.05,none,2.818946582757383e-06,1.0,INSIDE_MAJORITY,EVALUABLE,EXPLORATORY_CONSUMED_DIAGNOSTIC_ONLY
MS,density_rate,368,HMSO01R_A|PRIMARY|F4|30baa6e6806879515a78f1c62d05bccaab3249b592d8f3bd12ff03c066c53410,F4,FOLD_0,HMSO01R_A|FIELD_LINEAGE|197d7ec024c0036b09ad028c746809cfe1ed712ccbb40eead96390c6dfdd817b,0.1,transverse,0.006805206627160172,0.7890625,INSIDE_MAJORITY,EVALUABLE,EXPLORATORY_CONSUMED_DIAGNOSTIC_ONLY
MS,density_rate,369,HMSO01R_A|PRIMARY|F4|b6277718874b120da231461abacc7a7da2022f32e5d8dca303cccaa91f4b4e42,F4,FOLD_5,HMSO01R_A|FIELD_LINEAGE|c9a10c50914a082104b6f42f933e2e8b35494d6ac1b464fc981b740edc26e9a6,0.05,none,2.811569155328273e-06,1.0,INSIDE_MAJORITY,EVALUABLE,EXPLORATORY_CONSUMED_DIAGNOSTIC_ONLY
MS,density_rate,370,HMSO01R_A|PRIMARY|F4|522b8141f1cd2e67d095769af78530d3f17997c9669d7c69d1e60899303311c6,F4,FOLD_4,HMSO01R_A|FIELD_LINEAGE|6359faeb0765247f7e12d6c9e8bbc8898fa74fca5c76c863a6009dffddbcb32e,0.05,longitudinal,0.012526065058327599,0.640625,INSIDE_MAJORITY,EVALUABLE,EXPLORATORY_CONSUMED_DIAGNOSTIC_ONLY
MS,density_rate,371,HMSO01R_A|PRIMARY|F4|d0223a5116363bdb9fdbe576b917d428be2afd61c42aa978a1b394059de4a4d3,F4,FOLD_3,HMSO01R_A|FIELD_LINEAGE|7a40ff07646995058d8981271562dfa4f2cc77b96f79dba59c7ae90f96586134,0.1,longitudinal,0.03956158101153755,0.953125,INSIDE_MAJORITY,EVALUABLE,EXPLORATORY_CONSUMED_DIAGNOSTIC_ONLY
MS,density_rate,372,HMSO01R_A|PRIMARY|F4|06d3cb26de6443a1c4252d88b37fa2f0dcf1c3ed1a44f9c013bc3024e09538bf,F4,FOLD_2,HMSO01R_A|FIELD_LINEAGE|8af782533dccfef4a682f44ff365b7014ae448a56bd62c92877bbd37640adb31,0.0,transverse,2.5794267841709476e-14,1.0,INSIDE_MAJORITY,EVALUABLE,EXPLORATORY_CONSUMED_DIAGNOSTIC_ONLY
MS,density_rate,373,HMSO01R_A|PRIMARY|F4|faa348e08c7229666370404a73443dac623fabd23619b19b7c9c6da56881b0a4,F4,FOLD_1,HMSO01R_A|FIELD_LINEAGE|3264ae7008b91adb6f4b677f3ecc13cbe5ab1143b7f33ef501525d095e0b618c,0.0,none,0.0,1.0,INSIDE_MAJORITY,EVALUABLE,EXPLORATORY_CONSUMED_DIAGNOSTIC_ONLY
MS,density_rate,374,HMSO01R_A|PRIMARY|F4|f86320eb94ec3a1d1974e1cdd67f129ee26e2cc2003115ec42fd58bccce3aec1,F4,FOLD_0,HMSO01R_A|FIELD_LINEAGE|197d7ec024c0036b09ad028c746809cfe1ed712ccbb40eead96390c6dfdd817b,0.05,transverse,0.0016819509765236278,1.0,INSIDE_MAJORITY,EVALUABLE,EXPLORATORY_CONSUMED_DIAGNOSTIC_ONLY
MS,density_rate,375,HMSO01R_A|PRIMARY|F4|c5dc5e67fe205445cd7e9fb69403cd2d5347418c0d908c36d223c6bb99c2c9c9,F4,FOLD_2,HMSO01R_A|FIELD_LINEAGE|8af782533dccfef4a682f44ff365b7014ae448a56bd62c92877bbd37640adb31,0.05,transverse,0.00012591781694744092,1.0,INSIDE_MAJORITY,EVALUABLE,EXPLORATORY_CONSUMED_DIAGNOSTIC_ONLY
MS,density_rate,376,HMSO01R_A|PRIMARY|F4|1205342c8d88b237751559327d73d7a9501b4185f18f551c322b8c45740a2a59,F4,FOLD_0,HMSO01R_A|FIELD_LINEAGE|06c31c418b756da4f49834b1270295e826a9807f080171a34a3e7c250369709c,0.05,none,2.5221881897326316e-07,1.0,INSIDE_MAJORITY,EVALUABLE,EXPLORATORY_CONSUMED_DIAGNOSTIC_ONLY
MS,density_rate,377,HMSO01R_A|PRIMARY|F4|acc5fc686f98699095bf8bb584f0cbcd98f5ff8d323f5f6a8f2f6a0a6f56d8fd,F4,FOLD_0,HMSO01R_A|FIELD_LINEAGE|197d7ec024c0036b09ad028c746809cfe1ed712ccbb40eead96390c6dfdd817b,0.05,transverse,0.0004473686109056827,1.0,INSIDE_MAJORITY,EVALUABLE,EXPLORATORY_CONSUMED_DIAGNOSTIC_ONLY
MS,density_rate,378,HMSO01R_A|PRIMARY|F4|50ff0808ef66ae99ee108f7b364caec03276f15f3c79c7781f170708a5248bad,F4,FOLD_1,HMSO01R_A|FIELD_LINEAGE|5d84595c43a38b585d7953f18ac50da686f8debb482b1cca6058cffe84d274b6,0.05,none,0.8331609460542744,1.0,INSIDE_MAJORITY,EVALUABLE,EXPLORATORY_CONSUMED_DIAGNOSTIC_ONLY
MS,density_rate,379,HMSO01R_A|PRIMARY|F4|6a327a764bfac2756e747a73a674ce99a7a479505ab80e85fb6e0ce559489722,F4,FOLD_5,HMSO01R_A|FIELD_LINEAGE|c9a10c50914a082104b6f42f933e2e8b35494d6ac1b464fc981b740edc26e9a6,0.0,none,5.178399163250086e-34,1.0,INSIDE_MAJORITY,EVALUABLE,EXPLORATORY_CONSUMED_DIAGNOSTIC_ONLY
MS,density_rate,380,HMSO01R_A|PRIMARY|F4|151f0faa0ec3bffddc64493ea9d1ced59873d77b5045af43474acf1355c1de8d,F4,FOLD_1,HMSO01R_A|FIELD_LINEAGE|5d84595c43a38b585d7953f18ac50da686f8debb482b1cca6058cffe84d274b6,0.05,none,0.5115784831256094,0.53125,INSIDE_MAJORITY,EVALUABLE,EXPLORATORY_CONSUMED_DIAGNOSTIC_ONLY
MS,density_rate,381,HMSO01R_A|PRIMARY|F4|6ae78396c56cbbbfc0796994805858c3967c47bc24f14028345f8a91b53a4c63,F4,FOLD_3,HMSO01R_A|FIELD_LINEAGE|7a40ff07646995058d8981271562dfa4f2cc77b96f79dba59c7ae90f96586134,0.05,longitudinal,0.04676506714018876,0.9765625,INSIDE_MAJORITY,EVALUABLE,EXPLORATORY_CONSUMED_DIAGNOSTIC_ONLY
MS,density_rate,382,HMSO01R_A|PRIMARY|F4|e935c49b137288ce262897f601f1d1aa7350c95bd540ece1fcec9b3f463e4866,F4,FOLD_0,HMSO01R_A|FIELD_LINEAGE|197d7ec024c0036b09ad028c746809cfe1ed712ccbb40eead96390c6dfdd817b,0.1,transverse,0.003053293688842472,0.984375,INSIDE_MAJORITY,EVALUABLE,EXPLORATORY_CONSUMED_DIAGNOSTIC_ONLY
MS,density_rate,383,HMSO01R_A|PRIMARY|F4|6a6a8bfa9928af9cb01b022a75edc3db06b8fbb4fc71e646b76054dec1f3f066,F4,FOLD_0,HMSO01R_A|FIELD_LINEAGE|06c31c418b756da4f49834b1270295e826a9807f080171a34a3e7c250369709c,0.05,none,3.0195784825168395e-06,1.0,INSIDE_MAJORITY,EVALUABLE,EXPLORATORY_CONSUMED_DIAGNOSTIC_ONLY
MS,pressure_gradient_acceleration,0,HMSO01R_A|PRIMARY|F1|17189a9c215416ff2620cbd08f0d84d7ada1a2cc660112d1da29b944116d0cd4,F1,FOLD_0,HMSO01R_A|FIELD_LINEAGE|4389c621e60229f631c944081b4adc544d96927c12f624ff90ee3e85668f651e,0.0,longitudinal,0.0,1.0,INSIDE_MAJORITY,EVALUABLE,EXPLORATORY_CONSUMED_DIAGNOSTIC_ONLY
MS,pressure_gradient_acceleration,1,HMSO01R_A|PRIMARY|F1|a4dcbb5c100eb79e76af22af5e66115d80a192e32c5351ce17a23c9ea395fc58,F1,FOLD_3,HMSO01R_A|FIELD_LINEAGE|39a5eaeb1afddf9af00bec82f67fdf5414fc1d1e11076c2f86704fda2809ab87,0.0,transverse,0.0,1.0,INSIDE_MAJORITY,EVALUABLE,EXPLORATORY_CONSUMED_DIAGNOSTIC_ONLY
MS,pressure_gradient_acceleration,2,HMSO01R_A|PRIMARY|F1|c2e87b38878c4fcdafb44a05b365bc326ef291a8d36233033ae3633cd4114a99,F1,FOLD_5,HMSO01R_A|FIELD_LINEAGE|86f4c153dee170c8ee8f47b2eb988fa25bcda8c9a7b6fd68a3d7256dc3af0a1f,0.0,none,0.0005853147624697031,1.0,INSIDE_MAJORITY,EVALUABLE,EXPLORATORY_CONSUMED_DIAGNOSTIC_ONLY
MS,pressure_gradient_acceleration,3,HMSO01R_A|PRIMARY|F1|5c9e81f778749b662a5e524e43479f5e490b215def0762270203c9817e709b9b,F1,FOLD_1,HMSO01R_A|FIELD_LINEAGE|9aaa52aa8afb4f9adfe0d0e7ddb5e3e8101852fdd6ef0a635cf3875b473d16a7,0.0,transverse,0.0,1.0,INSIDE_MAJORITY,EVALUABLE,EXPLORATORY_CONSUMED_DIAGNOSTIC_ONLY
MS,pressure_gradient_acceleration,4,HMSO01R_A|PRIMARY|F1|11515df6f9da405fc42923eeb47db2b4ebe97ceea73b879e18c9259527ebbd13,F1,FOLD_4,HMSO01R_A|FIELD_LINEAGE|e4c235f067a50e9e5304ee0e7ad701299187cd559ceebd74674d932464340e77,0.0,longitudinal,0.0,1.0,INSIDE_MAJORITY,EVALUABLE,EXPLORATORY_CONSUMED_DIAGNOSTIC_ONLY
MS,pressure_gradient_acceleration,5,HMSO01R_A|PRIMARY|F1|29e92b6c39e1d3a436fb2bd671c7071524922a02fbf8851e384bc0c0d658f8fa,F1,FOLD_0,HMSO01R_A|FIELD_LINEAGE|f117df283c3988b3a51ad2a7138592681c02ac94fc8905b0ebf163745ca00f62,0.0,transverse,0.0,1.0,INSIDE_MAJORITY,EVALUABLE,EXPLORATORY_CONSUMED_DIAGNOSTIC_ONLY
MS,pressure_gradient_acceleration,6,HMSO01R_A|PRIMARY|F1|9883cd7992a90f5d6864ab975f80dd9cf59338673fe1489da80f17066b15096b,F1,FOLD_3,HMSO01R_A|FIELD_LINEAGE|7c009b8ab0dfadca9095462a890aab36eac46b48a3c131f7a908a8d37a21f707,0.0,longitudinal,0.0,1.0,INSIDE_MAJORITY,EVALUABLE,EXPLORATORY_CONSUMED_DIAGNOSTIC_ONLY
MS,pressure_gradient_acceleration,7,HMSO01R_A|PRIMARY|F1|9487e088f788d2ec8ba6ae806ea91685d6ebbefde165d132cb5f71e58101c354,F1,FOLD_4,HMSO01R_A|FIELD_LINEAGE|a1c0a919ad122615714cbb9f6b50981061d4f68fe06b618c4cd2688f52f12391,0.0,none,0.0022787603941211917,1.0,INSIDE_MAJORITY,EVALUABLE,EXPLORATORY_CONSUMED_DIAGNOSTIC_ONLY
MS,pressure_gradient_acceleration,8,HMSO01R_A|PRIMARY|F1|20535a5b894e69d9162faebb7d09c6da71c5ccb03d06b6550f8c2888772f9134,F1,FOLD_1,HMSO01R_A|FIELD_LINEAGE|fefaa03392c6d5e862f0b98f72e148123eb5332d997aade537062f72a6e1a99c,0.0,none,0.027682764574250805,1.0,INSIDE_MAJORITY,EVALUABLE,EXPLORATORY_CONSUMED_DIAGNOSTIC_ONLY
MS,pressure_gradient_acceleration,9,HMSO01R_A|PRIMARY|F1|dc3d8aab18d0c255168c9471f21eea7e056899fbb44faeb54799a5443ea70f0c,F1,FOLD_2,HMSO01R_A|FIELD_LINEAGE|d3329a31885ae9100b3a5071d3f6de7c5b314524ba319156e3df439e55667dd5,0.0,none,0.2153244927076346,1.0,INSIDE_MAJORITY,EVALUABLE,EXPLORATORY_CONSUMED_DIAGNOSTIC_ONLY
MS,pressure_gradient_acceleration,10,HMSO01R_A|PRIMARY|F1|a55f2004bfe7a70aa876e79f282731fbb98f78767765a44b0b1d4f8836b8abf4,F1,FOLD_5,HMSO01R_A|FIELD_LINEAGE|0e85d8db167a222553e045c2d06d7055fe817db60fe9573c8fc78f52ed1f8615,0.0,none,0.0003722583362013748,1.0,INSIDE_MAJORITY,EVALUABLE,EXPLORATORY_CONSUMED_DIAGNOSTIC_ONLY
MS,pressure_gradient_acceleration,11,HMSO01R_A|PRIMARY|F1|28c77a8ddd05de23b312f2b66382c02eb5b79e2bf306ff67761448f2db57b19a,F1,FOLD_2,HMSO01R_A|FIELD_LINEAGE|05638fa6abec8d1f9d2070785cb5b62bc36d80415fcae04a6c6b1419139c3003,0.0,none,0.013810085746631326,1.0,INSIDE_MAJORITY,EVALUABLE,EXPLORATORY_CONSUMED_DIAGNOSTIC_ONLY
MS,pressure_gradient_acceleration,12,HMSO01R_A|PRIMARY|F1|95f40357845f50cdbfb609794900692a451d073a196e1de5effa8bf3b10c31d3,F1,FOLD_1,HMSO01R_A|FIELD_LINEAGE|1d03c9c9f560219b53c739310adfe296cf8afec50561d01ce15be76ae73c1479,0.0,none,5.288291160427155e-28,1.0,INSIDE_MAJORITY,EVALUABLE,EXPLORATORY_CONSUMED_DIAGNOSTIC_ONLY
MS,pressure_gradient_acceleration,13,HMSO01R_A|PRIMARY|F1|26d3e67e50ad7a7aa5a033717aad4a0174bbd3a8a498e7e470cb77fc7090aba8,F1,FOLD_1,HMSO01R_A|FIELD_LINEAGE|008a4638c8cb2247bc6cd62f75f3daa09b2e49ba7d73812777f0a31f466efb5e,0.0,longitudinal,0.0,1.0,INSIDE_MAJORITY,EVALUABLE,EXPLORATORY_CONSUMED_DIAGNOSTIC_ONLY
MS,pressure_gradient_acceleration,14,HMSO01R_A|PRIMARY|F1|551fa9df47aa6d1ed2b65dd205e190a22a7f8bbbeba84ce8cd3bbf30d0d2c86c,F1,FOLD_2,HMSO01R_A|FIELD_LINEAGE|8d1e4918227588e163eea87a946c88983d6e03486114766be90d0602757fb4c2,0.0,longitudinal,0.0,1.0,INSIDE_MAJORITY,EVALUABLE,EXPLORATORY_CONSUMED_DIAGNOSTIC_ONLY
MS,pressure_gradient_acceleration,15,HMSO01R_A|PRIMARY|F1|4677eaef7506ee864d1ee7c775444f00fae07b93f4e69bffa18aed1490049204,F1,FOLD_0,HMSO01R_A|FIELD_LINEAGE|1b6f0cb3de33bc6abdb0882404222836bd00a9ad3c6fe2c95af35a87f0fa1200,0.0,none,0.16955935967096775,1.0,INSIDE_MAJORITY,EVALUABLE,EXPLORATORY_CONSUMED_DIAGNOSTIC_ONLY
MS,pressure_gradient_acceleration,16,HMSO01R_A|PRIMARY|F1|e4d028900be8963e34d3514450da85cf7e51369728095a44147a375b17ff63f3,F1,FOLD_5,HMSO01R_A|FIELD_LINEAGE|86c895c14384dc9ce73736790948d3516d7de8be96dc834ec48d9a651e6b8e5e,0.0,longitudinal,0.0,1.0,INSIDE_MAJORITY,EVALUABLE,EXPLORATORY_CONSUMED_DIAGNOSTIC_ONLY
MS,pressure_gradient_acceleration,17,HMSO01R_A|PRIMARY|F1|8853d353badbe5291c0ebcfaf568093874927630ed91db99e44043086bc2bd77,F1,FOLD_4,HMSO01R_A|FIELD_LINEAGE|093dc802dc5954d756689fb97f687ee9b46c368f5fe625c807448d3bc43a1926,0.0,none,1.3925803500197027,1.0,INSIDE_MAJORITY,EVALUABLE,EXPLORATORY_CONSUMED_DIAGNOSTIC_ONLY
MS,pressure_gradient_acceleration,18,HMSO01R_A|PRIMARY|F1|caffac0e852992e38bf950f2604d4982870d7de259ba736aae7ebd5004b0e98b,F1,FOLD_3,HMSO01R_A|FIELD_LINEAGE|0e65acebdbaa92caa4bcb30c2a0feac4a5469aac1dd76780539181916f956f58,0.0,none,0.18574840697352935,1.0,INSIDE_MAJORITY,EVALUABLE,EXPLORATORY_CONSUMED_DIAGNOSTIC_ONLY
MS,pressure_gradient_acceleration,19,HMSO01R_A|PRIMARY|F1|60e871a6c20d0af14c3ace9907424d9db227d34f041ddac4df9aa0a3b0bb1f33,F1,FOLD_0,HMSO01R_A|FIELD_LINEAGE|f117df283c3988b3a51ad2a7138592681c02ac94fc8905b0ebf163745ca00f62,0.0,transverse,0.0,1.0,INSIDE_MAJORITY,EVALUABLE,EXPLORATORY_CONSUMED_DIAGNOSTIC_ONLY
MS,pressure_gradient_acceleration,20,HMSO01R_A|PRIMARY|F1|71098b9cd54436f1ef43bd82182ddda4df38006388ef812629c7c85d4a1ee54a,F1,FOLD_3,HMSO01R_A|FIELD_LINEAGE|16eb11153f438a544fbde5e29c9d4f0fc922c6cc49338ba6f7c68206ac580c7f,0.0,none,0.7317640101761662,1.0,INSIDE_MAJORITY,EVALUABLE,EXPLORATORY_CONSUMED_DIAGNOSTIC_ONLY
MS,pressure_gradient_acceleration,21,HMSO01R_A|PRIMARY|F1|74878e2e410283bf5b8d858ce2e548e073e0dfb665a012817708b2ea789c0d47,F1,FOLD_2,HMSO01R_A|FIELD_LINEAGE|6af5032f0b166e8e3ff27ce0b5fdfb49cda87c61afe66a4eb6eb807e625daf8a,0.0,transverse,0.0,1.0,INSIDE_MAJORITY,EVALUABLE,EXPLORATORY_CONSUMED_DIAGNOSTIC_ONLY
MS,pressure_gradient_acceleration,22,HMSO01R_A|PRIMARY|F1|5a2a9369cfead6c6a1da9e80f9c5447c935f07e66b8f7bb9ce0dc8ec94be5ff5,F1,FOLD_3,HMSO01R_A|FIELD_LINEAGE|e2940f5e79800b14b8eefcdb52a6c4eb9c2bcacb794aadbf19ab173720ccdfc9,0.0,none,0.025865725546107526,1.0,INSIDE_MAJORITY,EVALUABLE,EXPLORATORY_CONSUMED_DIAGNOSTIC_ONLY
MS,pressure_gradient_acceleration,23,HMSO01R_A|PRIMARY|F1|f0e0780bc33cf937b9317da0fd002ac7503f6caf7b9cb2ee921712e29ac5db01,F1,FOLD_0,HMSO01R_A|FIELD_LINEAGE|429c6019f8749d53e4581b918e84a928af92c02c8bd8516136f7bea7e94cf671,0.0,transverse,0.0,1.0,INSIDE_MAJORITY,EVALUABLE,EXPLORATORY_CONSUMED_DIAGNOSTIC_ONLY
MS,pressure_gradient_acceleration,24,HMSO01R_A|PRIMARY|F1|6c20eb043c375744b73d04ab8ec845a805d28af301d2b852ab9d4c4b2c29898d,F1,FOLD_1,HMSO01R_A|FIELD_LINEAGE|40ad278dca26109101acf56cf89434c2db030106327c552c8aaad7f18589b1fc,0.0,longitudinal,0.0,1.0,INSIDE_MAJORITY,EVALUABLE,EXPLORATORY_CONSUMED_DIAGNOSTIC_ONLY
MS,pressure_gradient_acceleration,25,HMSO01R_A|PRIMARY|F1|3844816a275020bfa174550105913eff0bb0a0b952d577b0e78ce0b6d881587b,F1,FOLD_0,HMSO01R_A|FIELD_LINEAGE|55cdcba2ab757796978976644840d2bce6b96e998f32047a71aff1f289ed6480,0.0,longitudinal,0.0,1.0,INSIDE_MAJORITY,EVALUABLE,EXPLORATORY_CONSUMED_DIAGNOSTIC_ONLY
MS,pressure_gradient_acceleration,26,HMSO01R_A|PRIMARY|F1|73de76417820ead0c529b6f49ef57cb57cd9e90562de185ceaee69461322faf0,F1,FOLD_4,HMSO01R_A|FIELD_LINEAGE|367777ab46eb41f1d6390744a91dc4aea35bac8f23f02a2f5c6dee473916edbd,0.0,transverse,0.0,1.0,INSIDE_MAJORITY,EVALUABLE,EXPLORATORY_CONSUMED_DIAGNOSTIC_ONLY
MS,pressure_gradient_acceleration,27,HMSO01R_A|PRIMARY|F1|3bcd9b0dfe43f7d54283d3409374d08e380284b0e39647cc9be2378c77c2427d,F1,FOLD_3,HMSO01R_A|FIELD_LINEAGE|e853753ed3befc6151b8f2c4e9e3797938a7689193c2157695f0b61b8e60abc8,0.0,none,0.00014415206165710603,1.0,INSIDE_MAJORITY,EVALUABLE,EXPLORATORY_CONSUMED_DIAGNOSTIC_ONLY
MS,pressure_gradient_acceleration,28,HMSO01R_A|PRIMARY|F1|447fd86c5d23a208d7175d372dc45ee38c1541cf5afadcbce00d200820555993,F1,FOLD_2,HMSO01R_A|FIELD_LINEAGE|e0695af14e7ff6ed68d0eaa0320bde868bdf2eddcd09aade2748baa3ab9013d9,0.0,longitudinal,0.0,1.0,INSIDE_MAJORITY,EVALUABLE,EXPLORATORY_CONSUMED_DIAGNOSTIC_ONLY
MS,pressure_gradient_acceleration,29,HMSO01R_A|PRIMARY|F1|f56a8ce65aa7323f55e848e9be2c73492ff5fdd223be7259dae69d66167179f2,F1,FOLD_3,HMSO01R_A|FIELD_LINEAGE|21b79bdb11d90c0a9b01efce71ed9eec0d7fba61736210c4c1ab358a9c4e965a,0.0,transverse,0.0,1.0,INSIDE_MAJORITY,EVALUABLE,EXPLORATORY_CONSUMED_DIAGNOSTIC_ONLY
MS,pressure_gradient_acceleration,30,HMSO01R_A|PRIMARY|F1|9279a6540d8c7f0f3e5f902f5a6ef18c812dc118780d25f7ec124f972117401a,F1,FOLD_4,HMSO01R_A|FIELD_LINEAGE|66e31e43c39c0807b2398e5067c9aaab318a50b596f04344988d8e71103f4693,0.0,longitudinal,0.0,1.0,INSIDE_MAJORITY,EVALUABLE,EXPLORATORY_CONSUMED_DIAGNOSTIC_ONLY
MS,pressure_gradient_acceleration,31,HMSO01R_A|PRIMARY|F1|fdf474ceb763705abb9a27ea1a0d3b260b2d5b47f6e2ba1f33b440f83b6b102b,F1,FOLD_1,HMSO01R_A|FIELD_LINEAGE|bb92dd92e9632ccd3901d1e2e79aab63ab0910a576b08c41f27a140edcf99b56,0.0,none,0.13794116336076365,1.0,INSIDE_MAJORITY,EVALUABLE,EXPLORATORY_CONSUMED_DIAGNOSTIC_ONLY
MS,pressure_gradient_acceleration,32,HMSO01R_A|PRIMARY|F1|e1ae65ba18ef9931ed2d0023caee85b32b14ad85c74ba1f7f8404b6849be16dc,F1,FOLD_2,HMSO01R_A|FIELD_LINEAGE|10ec2dec79c0538398e95e49cd33ade9183e905d4ea4b212dcd4e7ec34fc5546,0.0,transverse,0.0,1.0,INSIDE_MAJORITY,EVALUABLE,EXPLORATORY_CONSUMED_DIAGNOSTIC_ONLY
MS,pressure_gradient_acceleration,33,HMSO01R_A|PRIMARY|F1|cb9af2018d48c5188ab3eaf8f2d698636e814edd8acffd20fb4138cbf810c936,F1,FOLD_3,HMSO01R_A|FIELD_LINEAGE|7be8c21ecd7eaebf293b54b94f1920e19f00da5d0e416aaa8f7c69137970c399,0.0,transverse,0.0,1.0,INSIDE_MAJORITY,EVALUABLE,EXPLORATORY_CONSUMED_DIAGNOSTIC_ONLY
MS,pressure_gradient_acceleration,34,HMSO01R_A|PRIMARY|F1|b665cfe4fd9eb20f1bd6aea233f0af27494b5960d9e7846b88a2432175f4c297,F1,FOLD_5,HMSO01R_A|FIELD_LINEAGE|4729596698ed7c65dd5f082aea4dac27cd26c6550de18eb2382e9ca6f186b90b,0.0,transverse,0.0,1.0,INSIDE_MAJORITY,EVALUABLE,EXPLORATORY_CONSUMED_DIAGNOSTIC_ONLY
MS,pressure_gradient_acceleration,35,HMSO01R_A|PRIMARY|F1|a00695e617424fdaa8a3c9b60f31bdf7e639989766a74eea722e71e39bb641eb,F1,FOLD_0,HMSO01R_A|FIELD_LINEAGE|0f49beb059c8327e240fa524ede4b5d0ddc16e0eb915fce826282146040c0e20,0.0,longitudinal,0.0,1.0,INSIDE_MAJORITY,EVALUABLE,EXPLORATORY_CONSUMED_DIAGNOSTIC_ONLY
MS,pressure_gradient_acceleration,36,HMSO01R_A|PRIMARY|F1|f75a46d3b9dd394415ff0dc35d08d05d473db87f55027b5878a646a9f33d45e7,F1,FOLD_2,HMSO01R_A|FIELD_LINEAGE|6d4353b03da9874056ea6f087e4493dcb629a7b8bd4a1eabce0a6b1b20255b6c,0.0,longitudinal,0.0,0.2578125,OUTSIDE_MAJORITY,EVALUABLE,EXPLORATORY_CONSUMED_DIAGNOSTIC_ONLY
MS,pressure_gradient_acceleration,37,HMSO01R_A|PRIMARY|F1|29c6da305b8e2ef282724df580222dbd8a5b24509d1719ce985692e5358bdf7c,F1,FOLD_1,HMSO01R_A|FIELD_LINEAGE|73f5ee97e40c47c1aa5579bcf72cf190dfaf3aad2886cc887f3295530388016c,0.0,none,0.001750767943721607,1.0,INSIDE_MAJORITY,EVALUABLE,EXPLORATORY_CONSUMED_DIAGNOSTIC_ONLY
MS,pressure_gradient_acceleration,38,HMSO01R_A|PRIMARY|F1|b261db49db049bd96fd81007473d9551c3c909e1c55ebeb506d71c25c755e401,F1,FOLD_4,HMSO01R_A|FIELD_LINEAGE|0280053dfd6ee65fbd80522b2b04964154d57f31de1cc5d0449972791fa285ea,0.0,none,3.393975368070044,1.0,INSIDE_MAJORITY,EVALUABLE,EXPLORATORY_CONSUMED_DIAGNOSTIC_ONLY
MS,pressure_gradient_acceleration,39,HMSO01R_A|PRIMARY|F1|b6e3294db87485d8748d624e75ac01416370a0ec2f4eaef0ebe70b5027802dc8,F1,FOLD_5,HMSO01R_A|FIELD_LINEAGE|f9a3d40825ca658eebc26e88239c04a3590f72ad95b03a86bc289649036f4117,0.0,none,3.428508951904193e-28,1.0,INSIDE_MAJORITY,EVALUABLE,EXPLORATORY_CONSUMED_DIAGNOSTIC_ONLY
MS,pressure_gradient_acceleration,40,HMSO01R_A|PRIMARY|F1|a6994b29962f54879b3c8ebb37161ae29167e6424e5baa7e45c67bb686208095,F1,FOLD_1,HMSO01R_A|FIELD_LINEAGE|f952117e9c8f8a564901d0507e978f58c3289c63c557fb7f3123a84dd049ba29,0.0,longitudinal,0.0,1.0,INSIDE_MAJORITY,EVALUABLE,EXPLORATORY_CONSUMED_DIAGNOSTIC_ONLY
MS,pressure_gradient_acceleration,41,HMSO01R_A|PRIMARY|F1|b0f0aff1339a42e131cd5f80e40a8c6d4e3f10bf3942e71d6d8ec4c6b0c55a8b,F1,FOLD_1,HMSO01R_A|FIELD_LINEAGE|6aba5ce17b9c02240405669069c0b485de9d3ce1714e3e85b0411d61ec7beb5e,0.0,transverse,0.0,1.0,INSIDE_MAJORITY,EVALUABLE,EXPLORATORY_CONSUMED_DIAGNOSTIC_ONLY
MS,pressure_gradient_acceleration,42,HMSO01R_A|PRIMARY|F1|afc7d8cb8f2b532d62b4263307a637bf93a00196af97da060c00f3057dad14e2,F1,FOLD_3,HMSO01R_A|FIELD_LINEAGE|61d4f5ea89fdb94c7fd8a7150c89f5910fdf9e6c5a71383e850b5a750c8fcf55,0.0,longitudinal,0.0,0.5859375,INSIDE_MAJORITY,EVALUABLE,EXPLORATORY_CONSUMED_DIAGNOSTIC_ONLY
MS,pressure_gradient_acceleration,43,HMSO01R_A|PRIMARY|F1|c7c8ab19a81bcd5badacba6a1854992bcea36fee7de3fce2db8d30fe9197fa68,F1,FOLD_4,HMSO01R_A|FIELD_LINEAGE|f9acbd6c60cf4de95eb27dc7c24fd369893e07d5c162236bcdc4cc91f1e5368b,0.0,longitudinal,0.0,1.0,INSIDE_MAJORITY,EVALUABLE,EXPLORATORY_CONSUMED_DIAGNOSTIC_ONLY
MS,pressure_gradient_acceleration,44,HMSO01R_A|PRIMARY|F1|af7518d9cb8d018b6a6413ca8fca3bd8f76c60ce4bcf6fc40baab5bb8dae00e2,F1,FOLD_3,HMSO01R_A|FIELD_LINEAGE|f8fd31406421545fa9cf8bb98c251eb120eed5378ed4276493239005b13fd6f8,0.0,transverse,0.0,1.0,INSIDE_MAJORITY,EVALUABLE,EXPLORATORY_CONSUMED_DIAGNOSTIC_ONLY
MS,pressure_gradient_acceleration,45,HMSO01R_A|PRIMARY|F1|cf9891d5f2c4095828d2e4d928157956cdda518ffd5838b924980f9ca27d663c,F1,FOLD_1,HMSO01R_A|FIELD_LINEAGE|ad302a05132d9f111349ae57a7badd9ffd336cce6f517d6dda76a6f130659828,0.0,none,0.0026463187302465364,1.0,INSIDE_MAJORITY,EVALUABLE,EXPLORATORY_CONSUMED_DIAGNOSTIC_ONLY
MS,pressure_gradient_acceleration,46,HMSO01R_A|PRIMARY|F1|026c2a27bf5597ed2feda6a4b4383b523d2b65bf87f0549bf53a436bd2600b80,F1,FOLD_2,HMSO01R_A|FIELD_LINEAGE|5932ef4f3ff2f79b2fa4005d45fb593b78f4308c6edd18917a8552256cdfcf19,0.0,none,0.003082529148563047,1.0,INSIDE_MAJORITY,EVALUABLE,EXPLORATORY_CONSUMED_DIAGNOSTIC_ONLY
MS,pressure_gradient_acceleration,47,HMSO01R_A|PRIMARY|F1|01b0d9020535497e4a91a57f6dfccdf37675e8230c14ab2243b3fd456c0da1fb,F1,FOLD_1,HMSO01R_A|FIELD_LINEAGE|f11020ed75e98ae018c3d951c68d3fba4bfe91afdf9eb4b7d62d0c0967429304,0.0,none,0.0001398848692761188,1.0,INSIDE_MAJORITY,EVALUABLE,EXPLORATORY_CONSUMED_DIAGNOSTIC_ONLY
MS,pressure_gradient_acceleration,48,HMSO01R_A|PRIMARY|F1|acf4c60a4130b06fae19899271e9088eeceb09c4f21ff41df4be254bc212bc47,F1,FOLD_0,HMSO01R_A|FIELD_LINEAGE|8319212c9598ce2f7cd195e20de66435ffdb6ab6aeedf4d663d53cb3966ebc0a,0.0,longitudinal,0.0,1.0,INSIDE_MAJORITY,EVALUABLE,EXPLORATORY_CONSUMED_DIAGNOSTIC_ONLY
MS,pressure_gradient_acceleration,49,HMSO01R_A|PRIMARY|F1|96d74acafef3b727542e7a3db52fce3d2980de16630e6c2889f40786a5d470b3,F1,FOLD_5,HMSO01R_A|FIELD_LINEAGE|6d1fc2b84d6da564ae936d907e04365ad5b63a9377b77c1faa05d68a9fe06d3c,0.0,none,0.002502930903659935,1.0,INSIDE_MAJORITY,EVALUABLE,EXPLORATORY_CONSUMED_DIAGNOSTIC_ONLY
MS,pressure_gradient_acceleration,50,HMSO01R_A|PRIMARY|F1|2a6cb0fd5768542273f3d3adfc5cb4aed3516dc9e6976bcbd65f2001126b245e,F1,FOLD_0,HMSO01R_A|FIELD_LINEAGE|101e8ab2bfdfa561a79b7bef11d98c5487b65f400bdd7d35b17d61b9746e280e,0.0,longitudinal,0.0,1.0,INSIDE_MAJORITY,EVALUABLE,EXPLORATORY_CONSUMED_DIAGNOSTIC_ONLY
MS,pressure_gradient_acceleration,51,HMSO01R_A|PRIMARY|F1|4a9501bd0b21a8516c742f400c393e6144280259851d7f30e2c997e43f411eb7,F1,FOLD_5,HMSO01R_A|FIELD_LINEAGE|41ec221cb0eeb1bbfd7efc4d5d4cd642cd62a71a09fd5ce2fc9fff0cbe48931c,0.0,transverse,5.793878302271427e-09,1.0,INSIDE_MAJORITY,EVALUABLE,EXPLORATORY_CONSUMED_DIAGNOSTIC_ONLY
MS,pressure_gradient_acceleration,52,HMSO01R_A|PRIMARY|F1|c5b0cc6bf0c8dd57bd7f0b8c68dad820a13926b3e97b8ee202b7423bbb7ac616,F1,FOLD_2,HMSO01R_A|FIELD_LINEAGE|d9b0e4ca0c6e9f306f81bad07b5f31753c1237e04a6a51d708212ab05edea52f,0.0,longitudinal,0.0,1.0,INSIDE_MAJORITY,EVALUABLE,EXPLORATORY_CONSUMED_DIAGNOSTIC_ONLY
MS,pressure_gradient_acceleration,53,HMSO01R_A|PRIMARY|F1|214b8b29d7ce4f3d813b54fcc8f24214fb3f6b4b46ccf76b4ac7b9e36cabe84c,F1,FOLD_4,HMSO01R_A|FIELD_LINEAGE|04cc9f11103eaca809c304d2c5e7176a0ac510070bc43c67da76cab1f9c23ed7,0.0,transverse,0.0,1.0,INSIDE_MAJORITY,EVALUABLE,EXPLORATORY_CONSUMED_DIAGNOSTIC_ONLY
MS,pressure_gradient_acceleration,54,HMSO01R_A|PRIMARY|F1|035ddc8a0ba11d458af8f28be25b2b3108f13e52159ef7f4a7559d8590828570,F1,FOLD_3,HMSO01R_A|FIELD_LINEAGE|39a5eaeb1afddf9af00bec82f67fdf5414fc1d1e11076c2f86704fda2809ab87,0.0,transverse,0.0,1.0,INSIDE_MAJORITY,EVALUABLE,EXPLORATORY_CONSUMED_DIAGNOSTIC_ONLY
MS,pressure_gradient_acceleration,55,HMSO01R_A|PRIMARY|F1|63b55d105a1f081e8b7d8bebf35069c236c2daea18d7054cd0d430ed3a2842c0,F1,FOLD_5,HMSO01R_A|FIELD_LINEAGE|fa1ab395df96eb71b1cd3e5c31c1a1fe587398989c58265b21dd97a062b35ef9,0.0,longitudinal,0.0,1.0,INSIDE_MAJORITY,EVALUABLE,EXPLORATORY_CONSUMED_DIAGNOSTIC_ONLY
MS,pressure_gradient_acceleration,56,HMSO01R_A|PRIMARY|F1|74a12153712609103a3fed3a31e86ae95fca60502b239f6ee31ee9f8a4a37ebf,F1,FOLD_4,HMSO01R_A|FIELD_LINEAGE|7fcdfe3b32b571e4d4b1a4e7c1702d5dffaf41926d62628c6a434d692409d901,0.0,transverse,0.0,1.0,INSIDE_MAJORITY,EVALUABLE,EXPLORATORY_CONSUMED_DIAGNOSTIC_ONLY
MS,pressure_gradient_acceleration,57,HMSO01R_A|PRIMARY|F1|e98e42893b00bae6b3c383328c4579b8fc15ac15d56505fb09208a96018bc491,F1,FOLD_4,HMSO01R_A|FIELD_LINEAGE|cd1482e6386aeab5f67532ea00a4d133dd0798283239fa2bc60b1a36d8fd8390,0.0,none,0.8668713485641509,1.0,INSIDE_MAJORITY,EVALUABLE,EXPLORATORY_CONSUMED_DIAGNOSTIC_ONLY
MS,pressure_gradient_acceleration,58,HMSO01R_A|PRIMARY|F1|7e82e7b632c2905675dfb9908bb28635a50c9d0afdc23c413d8a3bb153a65c1d,F1,FOLD_5,HMSO01R_A|FIELD_LINEAGE|ff441cbe04ac4f8f63fd24360c00fa41becbfbb5a6acdf59e4dfd55c77c15642,0.0,none,0.18323935172486913,1.0,INSIDE_MAJORITY,EVALUABLE,EXPLORATORY_CONSUMED_DIAGNOSTIC_ONLY
MS,pressure_gradient_acceleration,59,HMSO01R_A|PRIMARY|F1|3acaa171d742cbcbf15c7ac08ab281a976d2802302cecc69e603936bf8653389,F1,FOLD_0,HMSO01R_A|FIELD_LINEAGE|eee5df81575181b025958cda057ac7cb0483be4404d018db7bb2c06a63c25462,0.0,longitudinal,0.0,0.4375,OUTSIDE_MAJORITY,EVALUABLE,EXPLORATORY_CONSUMED_DIAGNOSTIC_ONLY
MS,pressure_gradient_acceleration,60,HMSO01R_A|PRIMARY|F1|1a54ee621f7d1bb29510cf77a1720376b2c019b9d90a93945658549ac2fa9403,F1,FOLD_2,HMSO01R_A|FIELD_LINEAGE|1e499d17b9c103b93706f70e5fa2f7497086b8d1dab61b6d4e57ae6874e328ff,0.0,none,0.007877792088143754,1.0,INSIDE_MAJORITY,EVALUABLE,EXPLORATORY_CONSUMED_DIAGNOSTIC_ONLY
MS,pressure_gradient_acceleration,61,HMSO01R_A|PRIMARY|F1|9b0121f166d7fe06976fbebe9a191c783f584d4642eab46fd48553c06dfce45d,F1,FOLD_2,HMSO01R_A|FIELD_LINEAGE|70dd50135b0ce37b393c6eae858eae2988f95a40a860753345e473ce01dd9d91,0.0,none,0.10065308362428851,1.0,INSIDE_MAJORITY,EVALUABLE,EXPLORATORY_CONSUMED_DIAGNOSTIC_ONLY
MS,pressure_gradient_acceleration,62,HMSO01R_A|PRIMARY|F1|761edfc74274280b5be4fe59a9801d7c1223c2f57bae75ad70a713f6e24ee2a6,F1,FOLD_5,HMSO01R_A|FIELD_LINEAGE|17af857dc7e075f66db0acfe5114e05e0f490cc5340cc9cfe073ae813844b776,0.0,longitudinal,0.0,1.0,INSIDE_MAJORITY,EVALUABLE,EXPLORATORY_CONSUMED_DIAGNOSTIC_ONLY
MS,pressure_gradient_acceleration,63,HMSO01R_A|PRIMARY|F1|1c3ba79b0f8b42b3ace0cd03d07aee91477b1c601678938adaed5d4dda46b415,F1,FOLD_5,HMSO01R_A|FIELD_LINEAGE|724fd3a44cb8ec4985e45f721837e7f4eeea1666b35a166345e025918455e304,0.0,none,0.0767072938405651,1.0,INSIDE_MAJORITY,EVALUABLE,EXPLORATORY_CONSUMED_DIAGNOSTIC_ONLY
MS,pressure_gradient_acceleration,64,HMSO01R_A|PRIMARY|F1|19d2b988118623ed7e4c9f75c4b118503c0805f566ad8ddf0f5a97a99c7cf58a,F1,FOLD_5,HMSO01R_A|FIELD_LINEAGE|092a3e161c8ce70f083c10130918ff7fb36de994b41e81b7dfb0e04366314a2c,0.0,longitudinal,0.0,1.0,INSIDE_MAJORITY,EVALUABLE,EXPLORATORY_CONSUMED_DIAGNOSTIC_ONLY
MS,pressure_gradient_acceleration,65,HMSO01R_A|PRIMARY|F1|a14993c5cb44b5479ec4a687919c3a203a6ac7c2d40f7a947b2b8bbddfc502e4,F1,FOLD_5,HMSO01R_A|FIELD_LINEAGE|72bbc35959df916eca72e8fb7e723c361c09592753187c3754f344aae218c230,0.0,none,0.034608917101976666,1.0,INSIDE_MAJORITY,EVALUABLE,EXPLORATORY_CONSUMED_DIAGNOSTIC_ONLY
MS,pressure_gradient_acceleration,66,HMSO01R_A|PRIMARY|F1|0060fe96e8996a93ec588dad8d1598866677e2ab75f92384cd8022d88ffbb86c,F1,FOLD_4,HMSO01R_A|FIELD_LINEAGE|065caad01d0036cc45e094366cffda53edef5d184f8c28ff280e81478dd5499f,0.0,longitudinal,0.0,0.6328125,INSIDE_MAJORITY,EVALUABLE,EXPLORATORY_CONSUMED_DIAGNOSTIC_ONLY
MS,pressure_gradient_acceleration,67,HMSO01R_A|PRIMARY|F1|a0f716a2924ed7983147b5345834d26d6ed9e125e8e6d3a013b4d6426dc1c09a,F1,FOLD_5,HMSO01R_A|FIELD_LINEAGE|bd0a319ae5e310c35bfeaafdbd8220147f595c77c4d665773530796c1f3b9b59,0.0,transverse,0.0,1.0,INSIDE_MAJORITY,EVALUABLE,EXPLORATORY_CONSUMED_DIAGNOSTIC_ONLY
MS,pressure_gradient_acceleration,68,HMSO01R_A|PRIMARY|F1|db32dab50d014d5b7d6290ae6c5a611058396e215092f82d17eb88333b05793e,F1,FOLD_3,HMSO01R_A|FIELD_LINEAGE|b49a6f081c09f4e4bff79a7f0fc0a282131ed3252c520eb6637fbf7ad615c6bd,0.0,transverse,0.0,1.0,INSIDE_MAJORITY,EVALUABLE,EXPLORATORY_CONSUMED_DIAGNOSTIC_ONLY
MS,pressure_gradient_acceleration,69,HMSO01R_A|PRIMARY|F1|1aa6c3e6deee011c9544133bf78d7b19f7cad12fc2a4828e57202274987a750c,F1,FOLD_5,HMSO01R_A|FIELD_LINEAGE|49aae8e0ac8e4584d3624cd5459480c917c8157571a4f7ac9660003550146055,0.0,longitudinal,0.0,1.0,INSIDE_MAJORITY,EVALUABLE,EXPLORATORY_CONSUMED_DIAGNOSTIC_ONLY
MS,pressure_gradient_acceleration,70,HMSO01R_A|PRIMARY|F1|7df69f6c86b7eff42e7c73af5fc7d5af02a2b7a11651af2ed2c84c22f75b0d75,F1,FOLD_0,HMSO01R_A|FIELD_LINEAGE|0f49beb059c8327e240fa524ede4b5d0ddc16e0eb915fce826282146040c0e20,0.0,longitudinal,0.0,1.0,INSIDE_MAJORITY,EVALUABLE,EXPLORATORY_CONSUMED_DIAGNOSTIC_ONLY
MS,pressure_gradient_acceleration,71,HMSO01R_A|PRIMARY|F1|f50221dbd1affdd2a99fc0269437c21009164da4bfdebc3af7c6eef19b74bce8,F1,FOLD_1,HMSO01R_A|FIELD_LINEAGE|c7498c8903eedb4eb72abeb74a8624f4f311768cc705b42f488a9e810b4c3aec,0.0,transverse,0.0,1.0,INSIDE_MAJORITY,EVALUABLE,EXPLORATORY_CONSUMED_DIAGNOSTIC_ONLY
MS,pressure_gradient_acceleration,72,HMSO01R_A|PRIMARY|F1|bc61c9ff5fc4d66944ef51b8d5c8887be4970fac89df5995a89c67e9e00c487c,F1,FOLD_4,HMSO01R_A|FIELD_LINEAGE|e5fd0d86ce4eda7b6deef112c4230d6cc2c904c7a1cbb32b883405f7907c5018,0.0,none,6.714056810450559e-05,1.0,INSIDE_MAJORITY,EVALUABLE,EXPLORATORY_CONSUMED_DIAGNOSTIC_ONLY
MS,pressure_gradient_acceleration,73,HMSO01R_A|PRIMARY|F1|9b0c56f3112e6518b308e096b830a618cdd301074fb48e496f551a4183b7a002,F1,FOLD_2,HMSO01R_A|FIELD_LINEAGE|05638fa6abec8d1f9d2070785cb5b62bc36d80415fcae04a6c6b1419139c3003,0.0,none,0.006590333455690059,1.0,INSIDE_MAJORITY,EVALUABLE,EXPLORATORY_CONSUMED_DIAGNOSTIC_ONLY
MS,pressure_gradient_acceleration,74,HMSO01R_A|PRIMARY|F1|a6b03df9badbccaafd77fa2d99f151928adcfe61dbcc87b60332a8518468a707,F1,FOLD_0,HMSO01R_A|FIELD_LINEAGE|e6f79f1197cd7f6ad00ce2f5ddcac136ad9a2faa5584e9f390794bfb6ee07ac6,0.0,transverse,0.0,1.0,INSIDE_MAJORITY,EVALUABLE,EXPLORATORY_CONSUMED_DIAGNOSTIC_ONLY
MS,pressure_gradient_acceleration,75,HMSO01R_A|PRIMARY|F1|a6cab7e0592176d869b619f0ba537484f9c18170b47ba82de6cce39092c19e80,F1,FOLD_1,HMSO01R_A|FIELD_LINEAGE|97fbdfbd64658c72d9a31f61eea2acf4543cf9ba5532a2ed052d1358412ef553,0.0,none,2.8699912298383583,1.0,INSIDE_MAJORITY,EVALUABLE,EXPLORATORY_CONSUMED_DIAGNOSTIC_ONLY
MS,pressure_gradient_acceleration,76,HMSO01R_A|PRIMARY|F1|6e6752cb4ce90e6f165c77805339b425572aba3cb875503942fd876c35a74b1c,F1,FOLD_0,HMSO01R_A|FIELD_LINEAGE|ca0f07a3c0d5df7705d15288eb48ecdf2c50af57aa3e1ab370127581f048c929,0.0,transverse,0.0,1.0,INSIDE_MAJORITY,EVALUABLE,EXPLORATORY_CONSUMED_DIAGNOSTIC_ONLY
MS,pressure_gradient_acceleration,77,HMSO01R_A|PRIMARY|F1|1814098db0c57fb57e82c60d62ef307c29f52d3af56f832b1893973e8e7f78fa,F1,FOLD_4,HMSO01R_A|FIELD_LINEAGE|a594f1a43c118c7761d223f6f34e42847c31c67fc6b06838b968dcc65b6c3356,0.0,transverse,0.0,1.0,INSIDE_MAJORITY,EVALUABLE,EXPLORATORY_CONSUMED_DIAGNOSTIC_ONLY
MS,pressure_gradient_acceleration,78,HMSO01R_A|PRIMARY|F1|936b626e0f4176f23d80581a89d19b16c892c9e907469630a0ab4a4a186275a9,F1,FOLD_0,HMSO01R_A|FIELD_LINEAGE|59aef3f6a7aa33f774612e58955e925638af1b151b9e6b2d7127236b21c1a5a6,0.0,none,0.82449301640904,1.0,INSIDE_MAJORITY,EVALUABLE,EXPLORATORY_CONSUMED_DIAGNOSTIC_ONLY
MS,pressure_gradient_acceleration,79,HMSO01R_A|PRIMARY|F1|ffee10e6bc66c4c8b9fd9915c0f61a5f20526da0fd2aa5d32bde8193180800b3,F1,FOLD_1,HMSO01R_A|FIELD_LINEAGE|788bb18808dd1be8d0fa3d7caafb9ed17441fce457a419d2bbaf861831d83a81,0.0,transverse,0.0,1.0,INSIDE_MAJORITY,EVALUABLE,EXPLORATORY_CONSUMED_DIAGNOSTIC_ONLY
MS,pressure_gradient_acceleration,80,HMSO01R_A|PRIMARY|F1|1628e62e310d75900b67405f8fad9928eba66f7ce48430cf6fe2d28e0156c0f1,F1,FOLD_4,HMSO01R_A|FIELD_LINEAGE|c7100ae9429166735b2d4f6243a22cf5abc14cffba49fce96d94ed19a12387d6,0.0,none,0.0005800772247894163,1.0,INSIDE_MAJORITY,EVALUABLE,EXPLORATORY_CONSUMED_DIAGNOSTIC_ONLY
MS,pressure_gradient_acceleration,81,HMSO01R_A|PRIMARY|F1|0ed630a80e31bb1543196773fc1c45dcc64f47c954d8262e2dbb2a42930c1e88,F1,FOLD_4,HMSO01R_A|FIELD_LINEAGE|3e17b326e03465aac98a6b656cd3125c19ada3cc77d6223ebd6e30804155ff56,0.0,transverse,0.0,1.0,INSIDE_MAJORITY,EVALUABLE,EXPLORATORY_CONSUMED_DIAGNOSTIC_ONLY
MS,pressure_gradient_acceleration,82,HMSO01R_A|PRIMARY|F1|4ac07b1a900151f104f19f07c396d96c4ef4358c793444482dfc72a8b0c35c1b,F1,FOLD_2,HMSO01R_A|FIELD_LINEAGE|f01618f1ef2fe7c85085b02f71644f843db176708a8abb6e4e05116a594e9ae3,0.0,transverse,0.0,1.0,INSIDE_MAJORITY,EVALUABLE,EXPLORATORY_CONSUMED_DIAGNOSTIC_ONLY
MS,pressure_gradient_acceleration,83,HMSO01R_A|PRIMARY|F1|02ced0debb26e82ccc515e722e216e65ac33912437baf915d1006437bdc105bc,F1,FOLD_3,HMSO01R_A|FIELD_LINEAGE|0d9a0fc9b5f4f20cb32cc24ac6db7a1e45276ec79661381e7e476b453759d6b0,0.0,longitudinal,0.0,0.234375,OUTSIDE_MAJORITY,EVALUABLE,EXPLORATORY_CONSUMED_DIAGNOSTIC_ONLY
MS,pressure_gradient_acceleration,84,HMSO01R_A|PRIMARY|F1|498868e3493b829e691cfa53d16099c09ae3cb5d3b16812102a5ba5a69cbcaf6,F1,FOLD_3,HMSO01R_A|FIELD_LINEAGE|61d4f5ea89fdb94c7fd8a7150c89f5910fdf9e6c5a71383e850b5a750c8fcf55,0.0,longitudinal,0.0,0.9375,INSIDE_MAJORITY,EVALUABLE,EXPLORATORY_CONSUMED_DIAGNOSTIC_ONLY
MS,pressure_gradient_acceleration,85,HMSO01R_A|PRIMARY|F1|bbc93f10c6777f99da1ac3f7ec2110235588b8a19af9f68689049ae7d9dea0a9,F1,FOLD_2,HMSO01R_A|FIELD_LINEAGE|8fbd2d8c6238dbc0e3f8ebbea9ee429eb1cbd0b7ebf5580cffb8e79372f4cf04,0.0,none,0.09672775538209476,1.0,INSIDE_MAJORITY,EVALUABLE,EXPLORATORY_CONSUMED_DIAGNOSTIC_ONLY
MS,pressure_gradient_acceleration,86,HMSO01R_A|PRIMARY|F1|cc7d34b4c1b5db9db00200a23658dab384a02cfa9c58517792dace4721b21afb,F1,FOLD_4,HMSO01R_A|FIELD_LINEAGE|02a8e9bf168ff7b6159072e41013ee435870f1006dfd3aa95840b1c132f5aafb,0.0,none,0.005743769647996798,1.0,INSIDE_MAJORITY,EVALUABLE,EXPLORATORY_CONSUMED_DIAGNOSTIC_ONLY
MS,pressure_gradient_acceleration,87,HMSO01R_A|PRIMARY|F1|05f1d1c9a9b3aa507312fd97f2e65f5e02bf2ebec700d57a2dc57507dfde8612,F1,FOLD_0,HMSO01R_A|FIELD_LINEAGE|95873981d02cb2a4e333122aa57c7927c33fccc49c0b93590a6b549f6bec57f1,0.0,none,0.0791432199329375,1.0,INSIDE_MAJORITY,EVALUABLE,EXPLORATORY_CONSUMED_DIAGNOSTIC_ONLY
MS,pressure_gradient_acceleration,88,HMSO01R_A|PRIMARY|F1|c6267cee86f5825f3095ad26040411798dfef7a71ce8e9f6c3d51ded55f9bcdb,F1,FOLD_5,HMSO01R_A|FIELD_LINEAGE|475ead0c3c732d8046f08c0918482fe4219c4fa643d2e948ba96c0bc2f6d887d,0.0,none,0.06797393357623228,1.0,INSIDE_MAJORITY,EVALUABLE,EXPLORATORY_CONSUMED_DIAGNOSTIC_ONLY
MS,pressure_gradient_acceleration,89,HMSO01R_A|PRIMARY|F1|cea2672e7a4028211523d6e85816f1c8244b9012de5d68bd1b63b1be848e64c5,F1,FOLD_0,HMSO01R_A|FIELD_LINEAGE|6260b45ec31956360cb50305f8ad9fa70be57f53fb24bc0523fc70aeb48f57ae,0.0,longitudinal,0.0,0.3515625,OUTSIDE_MAJORITY,EVALUABLE,EXPLORATORY_CONSUMED_DIAGNOSTIC_ONLY
MS,pressure_gradient_acceleration,90,HMSO01R_A|PRIMARY|F1|0fe531b05a1f891a540b4fe00c26c9db1242f708e1b74604fcb14bb87dbb9a5f,F1,FOLD_1,HMSO01R_A|FIELD_LINEAGE|8788043b5775de130eade6a54c5654805d8ed31cc68fcfa8928c3b7150abef48,0.0,transverse,0.0,1.0,INSIDE_MAJORITY,EVALUABLE,EXPLORATORY_CONSUMED_DIAGNOSTIC_ONLY
MS,pressure_gradient_acceleration,91,HMSO01R_A|PRIMARY|F1|0535144bbfa08b7d0b40f6b095ad58cc5b7364203192a1621e9b3684ace2b076,F1,FOLD_4,HMSO01R_A|FIELD_LINEAGE|e39068083f41a31c97e7737f6138e1986484dea8bfe32d65a52cd58aaa1ec7e8,0.0,transverse,0.0,1.0,INSIDE_MAJORITY,EVALUABLE,EXPLORATORY_CONSUMED_DIAGNOSTIC_ONLY
MS,pressure_gradient_acceleration,92,HMSO01R_A|PRIMARY|F1|fbe40df16a8e1d6477e28f02fd31d0afffef7d5d611b8d2f2ea5d89f4b52046f,F1,FOLD_2,HMSO01R_A|FIELD_LINEAGE|29dc93f9e64f8875b47eb06f84606bc0c4a0e9315877441085164bd7870ebc8e,0.0,longitudinal,0.0,0.7109375,INSIDE_MAJORITY,EVALUABLE,EXPLORATORY_CONSUMED_DIAGNOSTIC_ONLY
MS,pressure_gradient_acceleration,93,HMSO01R_A|PRIMARY|F1|5560e3365d3607136c18f15a5b4bdeb0fa1ad093bb1bf0a9c64749d626712ac8,F1,FOLD_0,HMSO01R_A|FIELD_LINEAGE|7fd6bba4cc2991027e04cc510555a1b3e651423143c79ecd367c197fbfdf8786,0.0,transverse,0.0,1.0,INSIDE_MAJORITY,EVALUABLE,EXPLORATORY_CONSUMED_DIAGNOSTIC_ONLY
MS,pressure_gradient_acceleration,94,HMSO01R_A|PRIMARY|F1|cb44afeeedccea248dc79f57a33134ffc06c52300efb702bef321f85ff291749,F1,FOLD_3,HMSO01R_A|FIELD_LINEAGE|21b79bdb11d90c0a9b01efce71ed9eec0d7fba61736210c4c1ab358a9c4e965a,0.0,transverse,0.0,1.0,INSIDE_MAJORITY,EVALUABLE,EXPLORATORY_CONSUMED_DIAGNOSTIC_ONLY
MS,pressure_gradient_acceleration,95,HMSO01R_A|PRIMARY|F1|1b1636e252838151c5329cba2980c53958595581db916378e4983f55276c520b,F1,FOLD_3,HMSO01R_A|FIELD_LINEAGE|c26b5ad7fee192c3863a9362bb1782ac10409a155024388ef9dea9120f9c3662,0.0,longitudinal,0.0,1.0,INSIDE_MAJORITY,EVALUABLE,EXPLORATORY_CONSUMED_DIAGNOSTIC_ONLY
MS,pressure_gradient_acceleration,96,HMSO01R_A|PRIMARY|F2|7e7924cc19bd7edebd8e97056ff92c73108de1dde1d2b5a765b6e9c2f15039c8,F2,FOLD_4,HMSO01R_A|FIELD_LINEAGE|e269817bd0e21e72d0864769c51ef7f6839102d6f41f035fbbff5041e46bd0d4,0.0,longitudinal,0.0,0.46875,OUTSIDE_MAJORITY,EVALUABLE,EXPLORATORY_CONSUMED_DIAGNOSTIC_ONLY
MS,pressure_gradient_acceleration,97,HMSO01R_A|PRIMARY|F2|85b92082f276f3286e4c6678f12a7255756bc248311c1650cd74d5462994ca54,F2,FOLD_2,HMSO01R_A|FIELD_LINEAGE|7f5e5896e83ee81bc858adc8fff5befe2b2c76e1183ff21435261a6621560b2c,0.0,none,0.3934914611034905,1.0,INSIDE_MAJORITY,EVALUABLE,EXPLORATORY_CONSUMED_DIAGNOSTIC_ONLY
MS,pressure_gradient_acceleration,98,HMSO01R_A|PRIMARY|F2|2ff0e21490694c171662def5d7e7fc31fff27fc33ce0ec43388cd14f39163b4f,F2,FOLD_5,HMSO01R_A|FIELD_LINEAGE|b914e9e8b47652c007a545bd9a5f60dbdaba2b957df3f42cdec4c8edb98e6d53,0.0,none,0.008351054214267784,1.0,INSIDE_MAJORITY,EVALUABLE,EXPLORATORY_CONSUMED_DIAGNOSTIC_ONLY
MS,pressure_gradient_acceleration,99,HMSO01R_A|PRIMARY|F2|97f71a14707261d95640d0d9f5541f1319782a7e078f04d23def94e5d6a43472,F2,FOLD_4,HMSO01R_A|FIELD_LINEAGE|5c07d2280b8a6c46f1c42b9f7878f3f5c5e2174c9419aaf05f2bb6b52ab2f5f6,0.0,none,0.19569803199279956,1.0,INSIDE_MAJORITY,EVALUABLE,EXPLORATORY_CONSUMED_DIAGNOSTIC_ONLY
MS,pressure_gradient_acceleration,100,HMSO01R_A|PRIMARY|F2|414c8ecf48e731bd46184d3087ac18ed274e64a9422b6509a42bf763314621ad,F2,FOLD_1,HMSO01R_A|FIELD_LINEAGE|e46b2d3dad1b8a5413f52396bbef71167f252a4ba61297ea3e2b46c37456ba4c,0.0,transverse,0.0,1.0,INSIDE_MAJORITY,EVALUABLE,EXPLORATORY_CONSUMED_DIAGNOSTIC_ONLY
MS,pressure_gradient_acceleration,101,HMSO01R_A|PRIMARY|F2|eb1689f62d946c439a6d3e8a126f1b368ff2d262284868572ff232553dc8f24c,F2,FOLD_5,HMSO01R_A|FIELD_LINEAGE|f9dd81299410ddb65efe58bb38fc53798a53c7f5ab1183ef52b5f93fb7daea68,0.0,transverse,0.0,1.0,INSIDE_MAJORITY,EVALUABLE,EXPLORATORY_CONSUMED_DIAGNOSTIC_ONLY
MS,pressure_gradient_acceleration,102,HMSO01R_A|PRIMARY|F2|d101b9fccd0265ae823f18e17210370e5f35e1b05491fa7f75f82921c3267d4e,F2,FOLD_4,HMSO01R_A|FIELD_LINEAGE|88fd5f86ca9cc426c28ce681d06ea15f58c6c7889170fcda146bde128f6121e4,0.0,none,0.06082891175293212,1.0,INSIDE_MAJORITY,EVALUABLE,EXPLORATORY_CONSUMED_DIAGNOSTIC_ONLY
MS,pressure_gradient_acceleration,103,HMSO01R_A|PRIMARY|F2|449e6cd6b8c06069cd6cf2860bd3963de9074cd7fcfd7566dd44991a9ae739a3,F2,FOLD_1,HMSO01R_A|FIELD_LINEAGE|381d8f63546be0384f86ba8b518abcf8c4d107fec707374fb03828151e0b75af,0.0,transverse,0.0,1.0,INSIDE_MAJORITY,EVALUABLE,EXPLORATORY_CONSUMED_DIAGNOSTIC_ONLY
MS,pressure_gradient_acceleration,104,HMSO01R_A|PRIMARY|F2|23cb9d511eb7a03c195d65cf002190a3de4bdf272f9cadb5034d63d5c3f94b61,F2,FOLD_2,HMSO01R_A|FIELD_LINEAGE|34168bb92814c253cb6b05f8022442aa6cab311b67f648a00b758da530873bc9,0.0,transverse,0.0,1.0,INSIDE_MAJORITY,EVALUABLE,EXPLORATORY_CONSUMED_DIAGNOSTIC_ONLY
MS,pressure_gradient_acceleration,105,HMSO01R_A|PRIMARY|F2|869df7a0fb63835ddf6566da54e0d373a6c1f59a6452f75c57746e6112d3832d,F2,FOLD_3,HMSO01R_A|FIELD_LINEAGE|5915fb95e293a089619d78d1366edf95fa145cc69452df6337d9252e862b1502,0.0,transverse,0.0,1.0,INSIDE_MAJORITY,EVALUABLE,EXPLORATORY_CONSUMED_DIAGNOSTIC_ONLY
MS,pressure_gradient_acceleration,106,HMSO01R_A|PRIMARY|F2|646ee8d3e4b16c47e1fb553fefbb3b74a716ac8bd308824708d76e3321dc1cd0,F2,FOLD_1,HMSO01R_A|FIELD_LINEAGE|d65de8a657545ef8339cfa29e05ce27d63f8ec5e02ee50514a615a33f5595da9,0.0,none,0.17964162230215747,1.0,INSIDE_MAJORITY,EVALUABLE,EXPLORATORY_CONSUMED_DIAGNOSTIC_ONLY
MS,pressure_gradient_acceleration,107,HMSO01R_A|PRIMARY|F2|b0f94b27f5456ad80df8c062f7f56906abef8438f057295aba3da67c8bbd12e9,F2,FOLD_3,HMSO01R_A|FIELD_LINEAGE|541d56dfe6d37f091e41084f899b04aeee2814cee915608e406b47dce85c3c8b,0.0,transverse,0.0,1.0,INSIDE_MAJORITY,EVALUABLE,EXPLORATORY_CONSUMED_DIAGNOSTIC_ONLY
MS,pressure_gradient_acceleration,108,HMSO01R_A|PRIMARY|F2|7a7191904352183301d247a40d96db329241f40303971378388f54703e42d5eb,F2,FOLD_3,HMSO01R_A|FIELD_LINEAGE|0f0f1b8e6d3d2de7f2739e4c27aed7f4a0fa84df148b19d95d7dbbf8ec12bea3,0.0,transverse,0.0,1.0,INSIDE_MAJORITY,EVALUABLE,EXPLORATORY_CONSUMED_DIAGNOSTIC_ONLY
MS,pressure_gradient_acceleration,109,HMSO01R_A|PRIMARY|F2|73fb02e9b6077123a3090fa7da944899e05b3071e33454b777da5ca899f5a712,F2,FOLD_0,HMSO01R_A|FIELD_LINEAGE|64cf1977fe8b52c7e0fc1798d4810be4243b09c0886573ce42439c1eaf431667,0.0,none,0.055740994400106395,1.0,INSIDE_MAJORITY,EVALUABLE,EXPLORATORY_CONSUMED_DIAGNOSTIC_ONLY
MS,pressure_gradient_acceleration,110,HMSO01R_A|PRIMARY|F2|14ebf9c5211ec842b94eb431a255eec626b701840acca3d9bc1c8b3bb88cbb9a,F2,FOLD_2,HMSO01R_A|FIELD_LINEAGE|81c7292472bf739bf28836ff17c69dda49199278b75cd9c66130df6be7c143fb,0.0,none,0.14482370639505457,1.0,INSIDE_MAJORITY,EVALUABLE,EXPLORATORY_CONSUMED_DIAGNOSTIC_ONLY
MS,pressure_gradient_acceleration,111,HMSO01R_A|PRIMARY|F2|e6f200a97055e4a10ae720faf7c9a87353731bdda3dd2c5fc3a08194879ff990,F2,FOLD_5,HMSO01R_A|FIELD_LINEAGE|f7cc0cf639be6a7e99c37868bcf630bb54f34534e2c78b36b59b7ac5ebbd1919,0.0,transverse,0.0,1.0,INSIDE_MAJORITY,EVALUABLE,EXPLORATORY_CONSUMED_DIAGNOSTIC_ONLY
MS,pressure_gradient_acceleration,112,HMSO01R_A|PRIMARY|F2|6a3e31bd5acc8fbcc153de54a6848625791547184a93279bd781a8ffb834c1f7,F2,FOLD_4,HMSO01R_A|FIELD_LINEAGE|7a0ba19f2cf324db5922acc61291c51f82b574717f73f269f12eae7bcc99ab35,0.0,none,0.004101184362809282,1.0,INSIDE_MAJORITY,EVALUABLE,EXPLORATORY_CONSUMED_DIAGNOSTIC_ONLY
MS,pressure_gradient_acceleration,113,HMSO01R_A|PRIMARY|F2|60f3afc21d1f9a98ba22494006f3d71d56fc8c96f4d6037b7a222f6a9c276d6f,F2,FOLD_4,HMSO01R_A|FIELD_LINEAGE|3283083498700d830b6f9393659c16097acacaf984f6c43b70c65438a233286d,0.0,transverse,1.0110373243601437e-08,1.0,INSIDE_MAJORITY,EVALUABLE,EXPLORATORY_CONSUMED_DIAGNOSTIC_ONLY
MS,pressure_gradient_acceleration,114,HMSO01R_A|PRIMARY|F2|d3d6e357c6b9ef5b5dfccefdc6900915df6420d99b7d834bc087f2124f3e371d,F2,FOLD_3,HMSO01R_A|FIELD_LINEAGE|541d56dfe6d37f091e41084f899b04aeee2814cee915608e406b47dce85c3c8b,0.0,transverse,0.0,1.0,INSIDE_MAJORITY,EVALUABLE,EXPLORATORY_CONSUMED_DIAGNOSTIC_ONLY
MS,pressure_gradient_acceleration,115,HMSO01R_A|PRIMARY|F2|7354a4d210a0d4fe09c9c0aabc9fa2291423854904a772cbabdd6d8756f6b637,F2,FOLD_5,HMSO01R_A|FIELD_LINEAGE|d8cd77f2aea85a93297ba4755747ee15653349aca322bca77ce1738389444994,0.0,none,0.12392009310596117,1.0,INSIDE_MAJORITY,EVALUABLE,EXPLORATORY_CONSUMED_DIAGNOSTIC_ONLY
MS,pressure_gradient_acceleration,116,HMSO01R_A|PRIMARY|F2|44f3cae28757a7122157bf9485a7f37e5ec9420f4d95986f145315a5a9aeeb0d,F2,FOLD_0,HMSO01R_A|FIELD_LINEAGE|7fd9257249644666dfcbc65ef0f9aa8090d87f1c93f77579cc137a1fc016a884,0.0,transverse,0.0,1.0,INSIDE_MAJORITY,EVALUABLE,EXPLORATORY_CONSUMED_DIAGNOSTIC_ONLY
MS,pressure_gradient_acceleration,117,HMSO01R_A|PRIMARY|F2|a23a0214d1c9ad2f0bfc1699c23efef49cb711a9af17731e6f7e285a93ea468f,F2,FOLD_0,HMSO01R_A|FIELD_LINEAGE|64cf1977fe8b52c7e0fc1798d4810be4243b09c0886573ce42439c1eaf431667,0.0,none,0.0611604264955,1.0,INSIDE_MAJORITY,EVALUABLE,EXPLORATORY_CONSUMED_DIAGNOSTIC_ONLY
MS,pressure_gradient_acceleration,118,HMSO01R_A|PRIMARY|F2|1c2c80021df766e0b8dac64531e49f3edfee32ca298674ae8af4014f66ef0538,F2,FOLD_0,HMSO01R_A|FIELD_LINEAGE|97c8122849aa3cb13b599389c011f78352d49decd5677988d0a2a6da7c39f700,0.0,none,0.06792958021827858,1.0,INSIDE_MAJORITY,EVALUABLE,EXPLORATORY_CONSUMED_DIAGNOSTIC_ONLY
MS,pressure_gradient_acceleration,119,HMSO01R_A|PRIMARY|F2|225f1525345e96d468060b181560b06e9a378014dbd595964d1d7788ffb935f2,F2,FOLD_2,HMSO01R_A|FIELD_LINEAGE|5e2623db68536d2f4bee911245429597fdaee9006859890dec92aeaff707fe09,0.0,longitudinal,0.0,1.0,INSIDE_MAJORITY,EVALUABLE,EXPLORATORY_CONSUMED_DIAGNOSTIC_ONLY
MS,pressure_gradient_acceleration,120,HMSO01R_A|PRIMARY|F2|6ae7cce1ed05d77697c2da5aaa495d3eae48e18d9db16e9452dee591598de11a,F2,FOLD_1,HMSO01R_A|FIELD_LINEAGE|e5cd23001367dee0fe50b87c4f9c5ae9d8e66eeb6cef2467ff3f6da8c0fcdc16,0.0,longitudinal,0.0,1.0,INSIDE_MAJORITY,EVALUABLE,EXPLORATORY_CONSUMED_DIAGNOSTIC_ONLY
MS,pressure_gradient_acceleration,121,HMSO01R_A|PRIMARY|F2|d281b99f6b2ec5d478578a5ecd7ee12f35eb0089879e73162244dd885ca6cab4,F2,FOLD_4,HMSO01R_A|FIELD_LINEAGE|88fd5f86ca9cc426c28ce681d06ea15f58c6c7889170fcda146bde128f6121e4,0.0,none,0.19111323191968854,1.0,INSIDE_MAJORITY,EVALUABLE,EXPLORATORY_CONSUMED_DIAGNOSTIC_ONLY
MS,pressure_gradient_acceleration,122,HMSO01R_A|PRIMARY|F2|378edd32d7db407564a0b15e6b24bca9c7f72b0c6ef786012ce4d7f5a74c1362,F2,FOLD_5,HMSO01R_A|FIELD_LINEAGE|9c004dbe18905f4181f1a701e81649fc67e98b969674994e8f64827f6fb4c765,0.0,longitudinal,0.0,1.0,INSIDE_MAJORITY,EVALUABLE,EXPLORATORY_CONSUMED_DIAGNOSTIC_ONLY
MS,pressure_gradient_acceleration,123,HMSO01R_A|PRIMARY|F2|afa1b7f4e9f94b044f6756cb4f45ff5cea11a69bd126c0c7b8d466e903f63066,F2,FOLD_5,HMSO01R_A|FIELD_LINEAGE|c34a55057cd1e579919fb09acb5db221d75ae96164f74060b78863318f65371c,0.0,transverse,0.0,1.0,INSIDE_MAJORITY,EVALUABLE,EXPLORATORY_CONSUMED_DIAGNOSTIC_ONLY
MS,pressure_gradient_acceleration,124,HMSO01R_A|PRIMARY|F2|341793a8994d93b17446bf88fb7676243e144008987e9363494fcb9074bdb29d,F2,FOLD_1,HMSO01R_A|FIELD_LINEAGE|6918def6b8a6923e67fc2a25f9ee5a59a177f2b6c9bf8dfd922cd28ef3b4c287,0.0,longitudinal,0.0,1.0,INSIDE_MAJORITY,EVALUABLE,EXPLORATORY_CONSUMED_DIAGNOSTIC_ONLY
MS,pressure_gradient_acceleration,125,HMSO01R_A|PRIMARY|F2|3d84dd5ecc35ea2a4add3e7e791de239a311aee1c6bf59b0a8c2313207c95ec3,F2,FOLD_2,HMSO01R_A|FIELD_LINEAGE|15651b29629c1bcfb68ed12ef597d6352232a9bc607eac6bb7e574563cec2b00,0.0,transverse,0.0,1.0,INSIDE_MAJORITY,EVALUABLE,EXPLORATORY_CONSUMED_DIAGNOSTIC_ONLY
MS,pressure_gradient_acceleration,126,HMSO01R_A|PRIMARY|F2|fddef6d439eb0c020be984164c7083d125cd4fdc76722f369b1a92c7eb6363b8,F2,FOLD_2,HMSO01R_A|FIELD_LINEAGE|81c7292472bf739bf28836ff17c69dda49199278b75cd9c66130df6be7c143fb,0.0,none,0.07322518918727966,1.0,INSIDE_MAJORITY,EVALUABLE,EXPLORATORY_CONSUMED_DIAGNOSTIC_ONLY
MS,pressure_gradient_acceleration,127,HMSO01R_A|PRIMARY|F2|99abe18bbb4ec9cf8662a1ee4faaed022570139cf8e65d88d42fa7668ef66902,F2,FOLD_3,HMSO01R_A|FIELD_LINEAGE|4666d705aea26a6f22073d7a13f6e76c36824d125314c031a782f73ac5ba6779,0.0,longitudinal,0.0,1.0,INSIDE_MAJORITY,EVALUABLE,EXPLORATORY_CONSUMED_DIAGNOSTIC_ONLY
MS,pressure_gradient_acceleration,128,HMSO01R_A|PRIMARY|F2|78acf888fc653c06ca68eb940d4f98d1964ef008d11cd2138965981b7dc3b312,F2,FOLD_2,HMSO01R_A|FIELD_LINEAGE|292cdf1c570d6fb417a11eb6a7d4d830f9162a0bf0e09496e15edbaa84e1f3f4,0.0,none,0.026733395258977246,1.0,INSIDE_MAJORITY,EVALUABLE,EXPLORATORY_CONSUMED_DIAGNOSTIC_ONLY
MS,pressure_gradient_acceleration,129,HMSO01R_A|PRIMARY|F2|244d674d82586d5c27efcb5cf76f1db16e66295a7fd417ef250a1b7281a36490,F2,FOLD_5,HMSO01R_A|FIELD_LINEAGE|b2211d9018dde472457c7d9570d8b744ae480cbc84526fced16d30cb565fdb61,0.0,none,0.04468178703427334,1.0,INSIDE_MAJORITY,EVALUABLE,EXPLORATORY_CONSUMED_DIAGNOSTIC_ONLY
MS,pressure_gradient_acceleration,130,HMSO01R_A|PRIMARY|F2|6ec22863c33aa350034af595f655985a633a3c7f1e805555c956b54b0133a73f,F2,FOLD_1,HMSO01R_A|FIELD_LINEAGE|e1bd95fcd7aed1a8bde13393ae7d4a98eff10f4a52c1bdfb2e54f1dd690c54dd,0.0,longitudinal,0.0,1.0,INSIDE_MAJORITY,EVALUABLE,EXPLORATORY_CONSUMED_DIAGNOSTIC_ONLY
MS,pressure_gradient_acceleration,131,HMSO01R_A|PRIMARY|F2|c2c1b0c4ac31440c4abeb49e8d993ffe64e79f579434d4eba55dfaf82ae2e796,F2,FOLD_4,HMSO01R_A|FIELD_LINEAGE|a2bcc80ca3b9ebb8f54401e7b09de472e9adbce971c85048bd40ce15be44ea6a,0.0,longitudinal,0.0,0.40625,OUTSIDE_MAJORITY,EVALUABLE,EXPLORATORY_CONSUMED_DIAGNOSTIC_ONLY
MS,pressure_gradient_acceleration,132,HMSO01R_A|PRIMARY|F2|3e9109911fd666447f5ea379b1ac808462eb3949899a35697643d2bf2f340a2e,F2,FOLD_5,HMSO01R_A|FIELD_LINEAGE|0183a54dead296f9ee3dee43dc4041188299c7e551f4c9c6bfbe94dc055e54ad,0.0,none,0.24894758352936724,1.0,INSIDE_MAJORITY,EVALUABLE,EXPLORATORY_CONSUMED_DIAGNOSTIC_ONLY
MS,pressure_gradient_acceleration,133,HMSO01R_A|PRIMARY|F2|53c2cc70af29de18dbc1eef7a6c39f527fe2de29047950a02af19de34f4a6d0a,F2,FOLD_2,HMSO01R_A|FIELD_LINEAGE|06c5b0d79a6fc40df74bc047659e629ea096b0eb47ce7956bd3f7d012a8211c7,0.0,transverse,0.0,1.0,INSIDE_MAJORITY,EVALUABLE,EXPLORATORY_CONSUMED_DIAGNOSTIC_ONLY
MS,pressure_gradient_acceleration,134,HMSO01R_A|PRIMARY|F2|5c4af0ab896c03fc7e1a2d5070136892e3faab09da4944d75c188e5f2b791d01,F2,FOLD_5,HMSO01R_A|FIELD_LINEAGE|b914e9e8b47652c007a545bd9a5f60dbdaba2b957df3f42cdec4c8edb98e6d53,0.0,none,0.00436393732296482,1.0,INSIDE_MAJORITY,EVALUABLE,EXPLORATORY_CONSUMED_DIAGNOSTIC_ONLY
MS,pressure_gradient_acceleration,135,HMSO01R_A|PRIMARY|F2|1a5782df378e38739791edf0212c303606d566a73b3ced31f13850ede81428ff,F2,FOLD_3,HMSO01R_A|FIELD_LINEAGE|42e50ef40056d389a76817004688f104ee3861e2ea394e0b7ded0e04dbc7e54e,0.0,longitudinal,0.0,0.984375,INSIDE_MAJORITY,EVALUABLE,EXPLORATORY_CONSUMED_DIAGNOSTIC_ONLY
MS,pressure_gradient_acceleration,136,HMSO01R_A|PRIMARY|F2|ba00ef884a5bf7ea7e26266655c75cf5dc8311edf7b421c6f656794c4537b080,F2,FOLD_5,HMSO01R_A|FIELD_LINEAGE|14fde0d6f8e15a741b90398f93d73484586c3eb3479f620760208e87c5b3db6c,0.0,longitudinal,0.0,1.0,INSIDE_MAJORITY,EVALUABLE,EXPLORATORY_CONSUMED_DIAGNOSTIC_ONLY
MS,pressure_gradient_acceleration,137,HMSO01R_A|PRIMARY|F2|173e86dcd59c309d6aa4e43dd7ef85ce6126ebb3f802053fbaab70edbb203555,F2,FOLD_1,HMSO01R_A|FIELD_LINEAGE|f2247a8dfd61c19acaf6609654c9c6098f254569cd75ef6a5201803913aa1c00,0.0,transverse,0.0,1.0,INSIDE_MAJORITY,EVALUABLE,EXPLORATORY_CONSUMED_DIAGNOSTIC_ONLY
MS,pressure_gradient_acceleration,138,HMSO01R_A|PRIMARY|F2|49b1bb175e5832181d45f528b2b9591200fbe142eca9716787677e89238cbd10,F2,FOLD_4,HMSO01R_A|FIELD_LINEAGE|a2187a6938903010b61ee85d06f597d4029728ee0de5541c03daf2ed126b189e,0.0,none,0.0857938136578209,1.0,INSIDE_MAJORITY,EVALUABLE,EXPLORATORY_CONSUMED_DIAGNOSTIC_ONLY
MS,pressure_gradient_acceleration,139,HMSO01R_A|PRIMARY|F2|fc4b57a5c40354268856c01fc76d3319239dd5d9dd20c90e80fe43c264e9267b,F2,FOLD_2,HMSO01R_A|FIELD_LINEAGE|15651b29629c1bcfb68ed12ef597d6352232a9bc607eac6bb7e574563cec2b00,0.0,transverse,0.0,1.0,INSIDE_MAJORITY,EVALUABLE,EXPLORATORY_CONSUMED_DIAGNOSTIC_ONLY
MS,pressure_gradient_acceleration,140,HMSO01R_A|PRIMARY|F2|9dfe0eca8bbebcdc4a1978a54e0816482c15911908fdfbb31569d5a214e9872c,F2,FOLD_3,HMSO01R_A|FIELD_LINEAGE|5851badadb2dbcb7aa9bd12e7e1999f87fd380febbee831ba86fec2a8906fa0a,0.0,none,0.2677341671558624,1.0,INSIDE_MAJORITY,EVALUABLE,EXPLORATORY_CONSUMED_DIAGNOSTIC_ONLY
MS,pressure_gradient_acceleration,141,HMSO01R_A|PRIMARY|F2|895dd6678d4e24c9ca1d71d9c008f41366cf80a23cde2c2eb415309e3a867295,F2,FOLD_4,HMSO01R_A|FIELD_LINEAGE|9a24c02f87d28fecb69b79ddff22c8eb176badf445e6b5b8234aa2a46b73c349,0.0,transverse,0.0,1.0,INSIDE_MAJORITY,EVALUABLE,EXPLORATORY_CONSUMED_DIAGNOSTIC_ONLY
MS,pressure_gradient_acceleration,142,HMSO01R_A|PRIMARY|F2|43400ba997c21fdce3f471265a500e4ce9576d1439d1f30fbef4c90e64fe3d8d,F2,FOLD_4,HMSO01R_A|FIELD_LINEAGE|191e9f46778b3758f1f78fde4f9e2a46913f5a82ffc9889aaa9e18e41d67ee0e,0.0,transverse,0.0,1.0,INSIDE_MAJORITY,EVALUABLE,EXPLORATORY_CONSUMED_DIAGNOSTIC_ONLY
MS,pressure_gradient_acceleration,143,HMSO01R_A|PRIMARY|F2|bb71b018647a767eed8901cfe1bf61e2c7d8c0a7a0a327a2fa924dd359c71c26,F2,FOLD_5,HMSO01R_A|FIELD_LINEAGE|9c004dbe18905f4181f1a701e81649fc67e98b969674994e8f64827f6fb4c765,0.0,longitudinal,0.0,1.0,INSIDE_MAJORITY,EVALUABLE,EXPLORATORY_CONSUMED_DIAGNOSTIC_ONLY
MS,pressure_gradient_acceleration,144,HMSO01R_A|PRIMARY|F2|8e8cf402dd59acdd5c95ee8fdb63bc03fad23d019d7276ca80115848d78c55ef,F2,FOLD_0,HMSO01R_A|FIELD_LINEAGE|8573999ac09da70da8d1802997d1dd1b2879d7ff239af35fb1a185a39cc1f420,0.0,longitudinal,0.0,0.796875,INSIDE_MAJORITY,EVALUABLE,EXPLORATORY_CONSUMED_DIAGNOSTIC_ONLY
MS,pressure_gradient_acceleration,145,HMSO01R_A|PRIMARY|F2|7b872968a13989e45fb2f3e89908ca2ac37f6ff5f28e567d6ec4465af3c38fe9,F2,FOLD_1,HMSO01R_A|FIELD_LINEAGE|20fd9f4e76cc9e98a79b808be25ffb0cc4d95c0522637973fd5963586426d614,0.0,transverse,0.0,1.0,INSIDE_MAJORITY,EVALUABLE,EXPLORATORY_CONSUMED_DIAGNOSTIC_ONLY
MS,pressure_gradient_acceleration,146,HMSO01R_A|PRIMARY|F2|4ccc4b5f9e495e2dea0d0bbe1112b687c163dc2990f14f3a9a8779a2febb23ca,F2,FOLD_0,HMSO01R_A|FIELD_LINEAGE|970bbd18dffee12c05308155c993436bfc58e77384e4967420f4e2e03156c88b,0.0,none,0.10269969221300351,1.0,INSIDE_MAJORITY,EVALUABLE,EXPLORATORY_CONSUMED_DIAGNOSTIC_ONLY
MS,pressure_gradient_acceleration,147,HMSO01R_A|PRIMARY|F2|6fefe8e4f1094c859a846ee88db724abc280227b36323f72927db524e29383b7,F2,FOLD_0,HMSO01R_A|FIELD_LINEAGE|f0421338d311584916d83a8dd01c9f47b7707c5652d4192e1df422a2a9e7d57d,0.0,longitudinal,0.0,0.578125,INSIDE_MAJORITY,EVALUABLE,EXPLORATORY_CONSUMED_DIAGNOSTIC_ONLY
MS,pressure_gradient_acceleration,148,HMSO01R_A|PRIMARY|F2|eb7b6ba03291aea589dda52a307711c5f6ee46f4eb37a5cd373f77c7f67863a7,F2,FOLD_2,HMSO01R_A|FIELD_LINEAGE|7f5e5896e83ee81bc858adc8fff5befe2b2c76e1183ff21435261a6621560b2c,0.0,none,0.113536504323441,1.0,INSIDE_MAJORITY,EVALUABLE,EXPLORATORY_CONSUMED_DIAGNOSTIC_ONLY
MS,pressure_gradient_acceleration,149,HMSO01R_A|PRIMARY|F2|04462d4167f9e6a289c93a4bb5aa1dea05cd96b3ea96571f0868e25ebc8d5f8e,F2,FOLD_5,HMSO01R_A|FIELD_LINEAGE|3e594f148c4f0181faaf58cc7906a2e9e8709c7be31e59cdc8bdd6b6b7c398a2,0.0,transverse,0.0,1.0,INSIDE_MAJORITY,EVALUABLE,EXPLORATORY_CONSUMED_DIAGNOSTIC_ONLY
MS,pressure_gradient_acceleration,150,HMSO01R_A|PRIMARY|F2|4297699e347ed4806aabb29114fcd2781da12cb95ffcc5628fb9d70f665cdd4f,F2,FOLD_3,HMSO01R_A|FIELD_LINEAGE|4666d705aea26a6f22073d7a13f6e76c36824d125314c031a782f73ac5ba6779,0.0,longitudinal,0.0,1.0,INSIDE_MAJORITY,EVALUABLE,EXPLORATORY_CONSUMED_DIAGNOSTIC_ONLY
MS,pressure_gradient_acceleration,151,HMSO01R_A|PRIMARY|F2|e68e4a07fd36664d37b69ec67f5add124cad2d58918fe355b55ab2950f542dba,F2,FOLD_1,HMSO01R_A|FIELD_LINEAGE|6918def6b8a6923e67fc2a25f9ee5a59a177f2b6c9bf8dfd922cd28ef3b4c287,0.0,longitudinal,0.0,1.0,INSIDE_MAJORITY,EVALUABLE,EXPLORATORY_CONSUMED_DIAGNOSTIC_ONLY
MS,pressure_gradient_acceleration,152,HMSO01R_A|PRIMARY|F2|4712b26cd9c8f9315534de7184e7f01d6136b8f8799924f91d07bfdfeaa3ef4b,F2,FOLD_1,HMSO01R_A|FIELD_LINEAGE|7cb12f064a9c8069fd15f2a86fa0ddd017328ca5cc4b0fc515bbfbdd4c6e6858,0.0,longitudinal,0.0,1.0,INSIDE_MAJORITY,EVALUABLE,EXPLORATORY_CONSUMED_DIAGNOSTIC_ONLY
MS,pressure_gradient_acceleration,153,HMSO01R_A|PRIMARY|F2|870ff902b019e213bc644d7adb9a6788d1c2dc81205205d17418193ba8c3ba06,F2,FOLD_4,HMSO01R_A|FIELD_LINEAGE|3d33238d426baab3f4ff1c525309d0c0b825fb99fca42c8d1a5482ea92f2f1a6,0.0,none,0.11723551935877054,1.0,INSIDE_MAJORITY,EVALUABLE,EXPLORATORY_CONSUMED_DIAGNOSTIC_ONLY
MS,pressure_gradient_acceleration,154,HMSO01R_A|PRIMARY|F2|c97c32b32beaf7b49449c7dfac283e421732f48d3a1a0e8bae6822b2d18c979d,F2,FOLD_4,HMSO01R_A|FIELD_LINEAGE|a2187a6938903010b61ee85d06f597d4029728ee0de5541c03daf2ed126b189e,0.0,none,0.12459116905612187,1.0,INSIDE_MAJORITY,EVALUABLE,EXPLORATORY_CONSUMED_DIAGNOSTIC_ONLY
MS,pressure_gradient_acceleration,155,HMSO01R_A|PRIMARY|F2|9aa02356e03e116f8c7747cc6dc67ca5bf6463af78c8ec2a5e839ecf5cd044b6,F2,FOLD_2,HMSO01R_A|FIELD_LINEAGE|b40ef25bd445f58063f7eecbd118e28fcd5b9c8ea0b1803b18c885057e29107f,0.0,longitudinal,0.0,1.0,INSIDE_MAJORITY,EVALUABLE,EXPLORATORY_CONSUMED_DIAGNOSTIC_ONLY
MS,pressure_gradient_acceleration,156,HMSO01R_A|PRIMARY|F2|9ceb85393da4b2a224d124f538efebd26b83e4ecbf4cee17ff9c06c84e444184,F2,FOLD_3,HMSO01R_A|FIELD_LINEAGE|42e50ef40056d389a76817004688f104ee3861e2ea394e0b7ded0e04dbc7e54e,0.0,longitudinal,0.0,1.0,INSIDE_MAJORITY,EVALUABLE,EXPLORATORY_CONSUMED_DIAGNOSTIC_ONLY
MS,pressure_gradient_acceleration,157,HMSO01R_A|PRIMARY|F2|d02d37603ad0429331b1b282ab0d05d6647faf02d57121f49583e677b27197af,F2,FOLD_5,HMSO01R_A|FIELD_LINEAGE|d8cd77f2aea85a93297ba4755747ee15653349aca322bca77ce1738389444994,0.0,none,0.1727251470651454,1.0,INSIDE_MAJORITY,EVALUABLE,EXPLORATORY_CONSUMED_DIAGNOSTIC_ONLY
MS,pressure_gradient_acceleration,158,HMSO01R_A|PRIMARY|F2|5421d8aa9bb2512df8601781ad0d4b3968d57f51768c4451aff8f8be42a4b79d,F2,FOLD_0,HMSO01R_A|FIELD_LINEAGE|7fd9257249644666dfcbc65ef0f9aa8090d87f1c93f77579cc137a1fc016a884,0.0,transverse,0.0,1.0,INSIDE_MAJORITY,EVALUABLE,EXPLORATORY_CONSUMED_DIAGNOSTIC_ONLY
MS,pressure_gradient_acceleration,159,HMSO01R_A|PRIMARY|F2|767938226812a2838020c63ae0ec90bb4e50ead499924ecb103ed85f1140c35e,F2,FOLD_3,HMSO01R_A|FIELD_LINEAGE|8e3408f57249bc00fdafb475f758686e9ee7a95dad97ecf63f9b3a27f383de5d,0.0,longitudinal,0.0,0.7890625,INSIDE_MAJORITY,EVALUABLE,EXPLORATORY_CONSUMED_DIAGNOSTIC_ONLY
MS,pressure_gradient_acceleration,160,HMSO01R_A|PRIMARY|F2|06317839d4737f546c947257bdda4c62c61d0554e47ead2e411236d53d112e6a,F2,FOLD_3,HMSO01R_A|FIELD_LINEAGE|11fde86949c379fe2021d6c74cae47b21d76fdf394512bb275cf864fa8a207c8,0.0,longitudinal,0.0,0.8359375,INSIDE_MAJORITY,EVALUABLE,EXPLORATORY_CONSUMED_DIAGNOSTIC_ONLY
MS,pressure_gradient_acceleration,161,HMSO01R_A|PRIMARY|F2|7820bcfb5b087e80c1c6836a57a1f43ddd0c0eabfeda98ea6e8d9aa8389ed207,F2,FOLD_0,HMSO01R_A|FIELD_LINEAGE|2d885ab8e36e98def0f3a036fab45f57940afd290e12c42ece2cbbf2a0b7faed,0.0,transverse,8.806297148422197e-08,1.0,INSIDE_MAJORITY,EVALUABLE,EXPLORATORY_CONSUMED_DIAGNOSTIC_ONLY
MS,pressure_gradient_acceleration,162,HMSO01R_A|PRIMARY|F2|8944ba387db65deaa93a40382da6d01673338136d1e94ca8e9fe59b6cb3efcba,F2,FOLD_4,HMSO01R_A|FIELD_LINEAGE|5c07d2280b8a6c46f1c42b9f7878f3f5c5e2174c9419aaf05f2bb6b52ab2f5f6,0.0,none,0.14401187293515957,1.0,INSIDE_MAJORITY,EVALUABLE,EXPLORATORY_CONSUMED_DIAGNOSTIC_ONLY
MS,pressure_gradient_acceleration,163,HMSO01R_A|PRIMARY|F2|8ddfab82fa98a874ee0e716b4b758a93f444c158ec4a00d3fbe09c82d4bc8295,F2,FOLD_2,HMSO01R_A|FIELD_LINEAGE|06c5b0d79a6fc40df74bc047659e629ea096b0eb47ce7956bd3f7d012a8211c7,0.0,transverse,0.0,1.0,INSIDE_MAJORITY,EVALUABLE,EXPLORATORY_CONSUMED_DIAGNOSTIC_ONLY
MS,pressure_gradient_acceleration,164,HMSO01R_A|PRIMARY|F2|aef30f7b06dc318c716f205dc8eabfa6b6ed892cd6f40ffa2655079a736cee3a,F2,FOLD_0,HMSO01R_A|FIELD_LINEAGE|56571c9b6d895bc0e855ce89225a188e41167fe16fc1aed7e4e19ab1ddaef9cb,0.0,none,0.15841694177714194,1.0,INSIDE_MAJORITY,EVALUABLE,EXPLORATORY_CONSUMED_DIAGNOSTIC_ONLY
MS,pressure_gradient_acceleration,165,HMSO01R_A|PRIMARY|F2|d57fe4ad60e081a7f8f4efa48a8eb91b168f1646797b26e04c5db9546d00f60b,F2,FOLD_5,HMSO01R_A|FIELD_LINEAGE|197ff926eb3d0f9ff98b06347687987d9933c0c4a0832b79258c496c53405132,0.0,longitudinal,0.0,1.0,INSIDE_MAJORITY,EVALUABLE,EXPLORATORY_CONSUMED_DIAGNOSTIC_ONLY
MS,pressure_gradient_acceleration,166,HMSO01R_A|PRIMARY|F2|975452d94e6c79df9ff8d8fba1e374f302d680dee30b89df4102bc72393d1f9b,F2,FOLD_3,HMSO01R_A|FIELD_LINEAGE|5851badadb2dbcb7aa9bd12e7e1999f87fd380febbee831ba86fec2a8906fa0a,0.0,none,0.39759563455155494,1.0,INSIDE_MAJORITY,EVALUABLE,EXPLORATORY_CONSUMED_DIAGNOSTIC_ONLY
MS,pressure_gradient_acceleration,167,HMSO01R_A|PRIMARY|F2|44347425dbc13101dae7c7450e08fb4b35d0ca65dcfd17e980334a022d882af9,F2,FOLD_1,HMSO01R_A|FIELD_LINEAGE|20bbc33e3ce141e2f7eb99de3d0702689581411faf36ef6782c9dd4ff7bd0899,0.0,longitudinal,0.0,1.0,INSIDE_MAJORITY,EVALUABLE,EXPLORATORY_CONSUMED_DIAGNOSTIC_ONLY
MS,pressure_gradient_acceleration,168,HMSO01R_A|PRIMARY|F2|50287af40030d649f1af5a13277f820d8e9b04c2c12a7d0e8d2996e66e26b556,F2,FOLD_5,HMSO01R_A|FIELD_LINEAGE|b1b50b97bc0f473e266ef9eb8a1e2e2edee23dadabeb0645af363d822d4db947,0.0,none,0.5671502512205793,1.0,INSIDE_MAJORITY,EVALUABLE,EXPLORATORY_CONSUMED_DIAGNOSTIC_ONLY
MS,pressure_gradient_acceleration,169,HMSO01R_A|PRIMARY|F2|770f7ccfdd77b26685f21e0e3c70f18ec9f421839d2fba7929928a85b11f3c9a,F2,FOLD_3,HMSO01R_A|FIELD_LINEAGE|5cf76bdd12cdf0612bba343b6cf1b9e46ef0764cc183560f7b16acacca9460f1,0.0,none,0.09374966453651853,1.0,INSIDE_MAJORITY,EVALUABLE,EXPLORATORY_CONSUMED_DIAGNOSTIC_ONLY
MS,pressure_gradient_acceleration,170,HMSO01R_A|PRIMARY|F2|d512fe7ee100d3974c5f97dc7b1fa2660d854ea076fcc8d96cb46f6dbe87500d,F2,FOLD_1,HMSO01R_A|FIELD_LINEAGE|e99701698ca3eda87704f5f32294f901f56116d9da609afcb18418d4c8a62bf2,0.0,transverse,0.0,1.0,INSIDE_MAJORITY,EVALUABLE,EXPLORATORY_CONSUMED_DIAGNOSTIC_ONLY
MS,pressure_gradient_acceleration,171,HMSO01R_A|PRIMARY|F2|075d9f5ce867e6dbadfe8de37051b48f3917aea711dd42c93d1beca79c10b036,F2,FOLD_4,HMSO01R_A|FIELD_LINEAGE|3283083498700d830b6f9393659c16097acacaf984f6c43b70c65438a233286d,0.0,transverse,3.4174116354068635e-07,1.0,INSIDE_MAJORITY,EVALUABLE,EXPLORATORY_CONSUMED_DIAGNOSTIC_ONLY
MS,pressure_gradient_acceleration,172,HMSO01R_A|PRIMARY|F2|23a1b3ff87d761d45da6714a7a8f504f2d1ae1758fc48c5edde0346581e7dcb9,F2,FOLD_5,HMSO01R_A|FIELD_LINEAGE|0183a54dead296f9ee3dee43dc4041188299c7e551f4c9c6bfbe94dc055e54ad,0.0,none,0.3070934582631112,1.0,INSIDE_MAJORITY,EVALUABLE,EXPLORATORY_CONSUMED_DIAGNOSTIC_ONLY
MS,pressure_gradient_acceleration,173,HMSO01R_A|PRIMARY|F2|cf42695af0c24db6bd3d8952fcd9d3df58fca05a61b3413ec53ae3a547abb47e,F2,FOLD_2,HMSO01R_A|FIELD_LINEAGE|4a864b01d23e69fbf80902fd3a728f366c9eb285ead51eb5724dfe25ca232031,0.0,transverse,0.0,1.0,INSIDE_MAJORITY,EVALUABLE,EXPLORATORY_CONSUMED_DIAGNOSTIC_ONLY
MS,pressure_gradient_acceleration,174,HMSO01R_A|PRIMARY|F2|caf9380b58fd1298f9b3296a6d0386c5d9b7a136975daf3e1d5a80853cd8eef1,F2,FOLD_1,HMSO01R_A|FIELD_LINEAGE|7cb12f064a9c8069fd15f2a86fa0ddd017328ca5cc4b0fc515bbfbdd4c6e6858,0.0,longitudinal,0.0,1.0,INSIDE_MAJORITY,EVALUABLE,EXPLORATORY_CONSUMED_DIAGNOSTIC_ONLY
MS,pressure_gradient_acceleration,175,HMSO01R_A|PRIMARY|F2|0f34bfbdf04b3c15451a4a77716248a4eb3d3a17ab75fa5c980bc8ae9e205274,F2,FOLD_2,HMSO01R_A|FIELD_LINEAGE|5e2623db68536d2f4bee911245429597fdaee9006859890dec92aeaff707fe09,0.0,longitudinal,0.0,1.0,INSIDE_MAJORITY,EVALUABLE,EXPLORATORY_CONSUMED_DIAGNOSTIC_ONLY
MS,pressure_gradient_acceleration,176,HMSO01R_A|PRIMARY|F2|2ea1d90f57b9810a91106d036818acb702d93d228b9d9df681a219b545bc1f6a,F2,FOLD_0,HMSO01R_A|FIELD_LINEAGE|9c5f7b50a01e8dafcf4be2d7df61fd0da86b2229fe32286852ed3ad88cce82f1,0.0,longitudinal,0.0,0.78125,INSIDE_MAJORITY,EVALUABLE,EXPLORATORY_CONSUMED_DIAGNOSTIC_ONLY
MS,pressure_gradient_acceleration,177,HMSO01R_A|PRIMARY|F2|19be682a103146b62d59845d0b1804ab3b62d9c573f8e68e21e4a7bdead50cd2,F2,FOLD_2,HMSO01R_A|FIELD_LINEAGE|06c5b0d79a6fc40df74bc047659e629ea096b0eb47ce7956bd3f7d012a8211c7,0.0,transverse,0.0,1.0,INSIDE_MAJORITY,EVALUABLE,EXPLORATORY_CONSUMED_DIAGNOSTIC_ONLY
MS,pressure_gradient_acceleration,178,HMSO01R_A|PRIMARY|F2|185d0c3aa5513b03f278a966e478709c4902e70ac083e6f632bc98d88beb9df7,F2,FOLD_2,HMSO01R_A|FIELD_LINEAGE|87172e4156e9f066a6ea7ab3304062c939784ea4bd0f5f1cf466bbc2d6008cc6,0.0,none,0.26225731543974845,1.0,INSIDE_MAJORITY,EVALUABLE,EXPLORATORY_CONSUMED_DIAGNOSTIC_ONLY
MS,pressure_gradient_acceleration,179,HMSO01R_A|PRIMARY|F2|5138ec5bf5a63077695a50b6daf79a75c288e3f92b7d2fd433420e10b7c89d9c,F2,FOLD_2,HMSO01R_A|FIELD_LINEAGE|8a6dd2252f8c5f8f08c3ba5ae9cf89d97575348634ba471a1a84e7de612ac6f3,0.0,longitudinal,0.0,0.53125,INSIDE_MAJORITY,EVALUABLE,EXPLORATORY_CONSUMED_DIAGNOSTIC_ONLY
MS,pressure_gradient_acceleration,180,HMSO01R_A|PRIMARY|F2|818dc2505ec37b131c424e5845713b79c3eb0739f3b7de40bbedca42f6db8eae,F2,FOLD_0,HMSO01R_A|FIELD_LINEAGE|970bbd18dffee12c05308155c993436bfc58e77384e4967420f4e2e03156c88b,0.0,none,0.217685864370465,1.0,INSIDE_MAJORITY,EVALUABLE,EXPLORATORY_CONSUMED_DIAGNOSTIC_ONLY
MS,pressure_gradient_acceleration,181,HMSO01R_A|PRIMARY|F2|a74e9c0a19316e67907d4b557a95ce39a7d043fecb771ce561b574665efa7afe,F2,FOLD_1,HMSO01R_A|FIELD_LINEAGE|e1662caa4f55fa1e467b750db9be81d3672b988a828412586110c172a4b65cc4,0.0,transverse,0.0,1.0,INSIDE_MAJORITY,EVALUABLE,EXPLORATORY_CONSUMED_DIAGNOSTIC_ONLY
MS,pressure_gradient_acceleration,182,HMSO01R_A|PRIMARY|F2|bdb007584742122a198d9ced8ca8026b3be02c902d5955e2048c740a64716cf2,F2,FOLD_0,HMSO01R_A|FIELD_LINEAGE|38ed780ae9e2ceb725d12dc596e69f348d116c6ab5da75f5bae97744169a86db,0.0,none,0.36480885762341675,1.0,INSIDE_MAJORITY,EVALUABLE,EXPLORATORY_CONSUMED_DIAGNOSTIC_ONLY
MS,pressure_gradient_acceleration,183,HMSO01R_A|PRIMARY|F2|3272400369fdb2a2501d3b745bd9e207e5bae9055664ceac44b9407292a76f92,F2,FOLD_4,HMSO01R_A|FIELD_LINEAGE|3d33238d426baab3f4ff1c525309d0c0b825fb99fca42c8d1a5482ea92f2f1a6,0.0,none,0.11852786022460796,1.0,INSIDE_MAJORITY,EVALUABLE,EXPLORATORY_CONSUMED_DIAGNOSTIC_ONLY
MS,pressure_gradient_acceleration,184,HMSO01R_A|PRIMARY|F2|034e6c9c44e99f51aee8aba69d1a4c28c3cb9adb1b6463d89f18728770764abe,F2,FOLD_4,HMSO01R_A|FIELD_LINEAGE|ebfb44058badbf85a36d8671e914d20620f9253b30eeec0e96b5e0c20dc8e16c,0.0,none,0.0553570449318504,1.0,INSIDE_MAJORITY,EVALUABLE,EXPLORATORY_CONSUMED_DIAGNOSTIC_ONLY
MS,pressure_gradient_acceleration,185,HMSO01R_A|PRIMARY|F2|732f4cfaffee839c2b271711e16b6b2fb3e217bff4c7fcfb490bdf8b56ec287e,F2,FOLD_1,HMSO01R_A|FIELD_LINEAGE|b31d5c3484f2394d06a11f5ae52600d61d7c303637147b70dbb1edd7e25e93c9,0.0,none,0.021896703194989566,1.0,INSIDE_MAJORITY,EVALUABLE,EXPLORATORY_CONSUMED_DIAGNOSTIC_ONLY
MS,pressure_gradient_acceleration,186,HMSO01R_A|PRIMARY|F2|b1d0a8244d66a3601ab9490c2f324ddb81f10addb947e8c682ba8c0128bd165b,F2,FOLD_2,HMSO01R_A|FIELD_LINEAGE|87172e4156e9f066a6ea7ab3304062c939784ea4bd0f5f1cf466bbc2d6008cc6,0.0,none,0.3131849312970932,1.0,INSIDE_MAJORITY,EVALUABLE,EXPLORATORY_CONSUMED_DIAGNOSTIC_ONLY
MS,pressure_gradient_acceleration,187,HMSO01R_A|PRIMARY|F2|72d1507d3e0e38859bf68cd9d3d24754b35a19b61c5d7d5a9758d538c22b58ae,F2,FOLD_3,HMSO01R_A|FIELD_LINEAGE|e82aee0755c70810ee3fbd630ec4d3fa698e473225b4aa505b26af8a458a6400,0.0,longitudinal,0.0,0.9140625,INSIDE_MAJORITY,EVALUABLE,EXPLORATORY_CONSUMED_DIAGNOSTIC_ONLY
MS,pressure_gradient_acceleration,188,HMSO01R_A|PRIMARY|F2|3d2c5979ee1fcd4aee7a725050dc0ff27fa2da4d1c90535241ecacbdd1790f25,F2,FOLD_0,HMSO01R_A|FIELD_LINEAGE|8573999ac09da70da8d1802997d1dd1b2879d7ff239af35fb1a185a39cc1f420,0.0,longitudinal,0.0,0.984375,INSIDE_MAJORITY,EVALUABLE,EXPLORATORY_CONSUMED_DIAGNOSTIC_ONLY
MS,pressure_gradient_acceleration,189,HMSO01R_A|PRIMARY|F2|8d55437423bf8c70e6605b36d7260b3a4672b3a5ed3778b44ba3d5bf4cb18b32,F2,FOLD_0,HMSO01R_A|FIELD_LINEAGE|97c8122849aa3cb13b599389c011f78352d49decd5677988d0a2a6da7c39f700,0.0,none,0.10731120081075052,1.0,INSIDE_MAJORITY,EVALUABLE,EXPLORATORY_CONSUMED_DIAGNOSTIC_ONLY
MS,pressure_gradient_acceleration,190,HMSO01R_A|PRIMARY|F2|84e4cae6d11fca7df479ebcc35a969e79388e4512dbaf94280c83be546b27d42,F2,FOLD_0,HMSO01R_A|FIELD_LINEAGE|8573999ac09da70da8d1802997d1dd1b2879d7ff239af35fb1a185a39cc1f420,0.0,longitudinal,0.0,0.984375,INSIDE_MAJORITY,EVALUABLE,EXPLORATORY_CONSUMED_DIAGNOSTIC_ONLY
MS,pressure_gradient_acceleration,191,HMSO01R_A|PRIMARY|F2|288da569df1da8449acb1b2e9db3c3d5edda6f8e97a8bdeb3237c37cd17645a4,F2,FOLD_4,HMSO01R_A|FIELD_LINEAGE|5717c014ee19e2404587fa3546273faef8d6d97d2a31a4b9e01b24770e476426,0.0,transverse,0.0,1.0,INSIDE_MAJORITY,EVALUABLE,EXPLORATORY_CONSUMED_DIAGNOSTIC_ONLY
MS,pressure_gradient_acceleration,192,HMSO01R_A|PRIMARY|F3|0246c8978fdb6f9b1602abd7e4bb592349c6dbcaec25b547026c9c2750042711,F3,FOLD_2,HMSO01R_A|FIELD_LINEAGE|e2fdf0ecb37222ddf2c343b2a9785bb080b33fb721f4d3381403db08d53276de,0.0,longitudinal,0.0,0.2578125,OUTSIDE_MAJORITY,EVALUABLE,EXPLORATORY_CONSUMED_DIAGNOSTIC_ONLY
MS,pressure_gradient_acceleration,193,HMSO01R_A|PRIMARY|F3|284496823e8aec01b40520cb6e31072714c17b163a3b2aee9494245e6ab4fbe3,F3,FOLD_3,HMSO01R_A|FIELD_LINEAGE|adcf8aaea780832e88b7b6b779fb3ef2ecab338dd7379ac8654e7aabdcee4b4f,0.0,none,1.120207515459139,1.0,INSIDE_MAJORITY,EVALUABLE,EXPLORATORY_CONSUMED_DIAGNOSTIC_ONLY
MS,pressure_gradient_acceleration,194,HMSO01R_A|PRIMARY|F3|856be85985639f39746337ee50cc51e130ce0a7d2c260e20fb1669a498ca4c4a,F3,FOLD_4,HMSO01R_A|FIELD_LINEAGE|440a69e5e6d8a6266c3153ff4cc4273aafca8ec71c677d3f24cfa0db89cae65c,0.0,none,0.8045502569647542,1.0,INSIDE_MAJORITY,EVALUABLE,EXPLORATORY_CONSUMED_DIAGNOSTIC_ONLY
MS,pressure_gradient_acceleration,195,HMSO01R_A|PRIMARY|F3|b2ac6ac17aa0a12ce8cd63645f41349492c000f968be067724d7f478de5b6729,F3,FOLD_3,HMSO01R_A|FIELD_LINEAGE|a97cf87a717a68b745e28078c021ba65c881711a1cd171188bc4affd3a1b5795,0.0,none,0.2851906177938345,1.0,INSIDE_MAJORITY,EVALUABLE,EXPLORATORY_CONSUMED_DIAGNOSTIC_ONLY
MS,pressure_gradient_acceleration,196,HMSO01R_A|PRIMARY|F3|b086157b1bcfb941501ef7f87c880219004f7cad86dd44d4bd3f804094e509b4,F3,FOLD_5,HMSO01R_A|FIELD_LINEAGE|bf32023450080971c5fdfb56d7a260838d7b8e02917a4118c4ed0b4a49c6c14a,0.0,transverse,0.0,1.0,INSIDE_MAJORITY,EVALUABLE,EXPLORATORY_CONSUMED_DIAGNOSTIC_ONLY
MS,pressure_gradient_acceleration,197,HMSO01R_A|PRIMARY|F3|1c755f486d1242ae237857d913100f73519ac2418e3546045035c8318a436869,F3,FOLD_5,HMSO01R_A|FIELD_LINEAGE|d2f9d8c8f5f3c69790790651faeb1c1f59b6b387e4ede38adea5936b94855ff9,0.0,transverse,0.0,1.0,INSIDE_MAJORITY,EVALUABLE,EXPLORATORY_CONSUMED_DIAGNOSTIC_ONLY
MS,pressure_gradient_acceleration,198,HMSO01R_A|PRIMARY|F3|7a55c18fc48b21e85cc57c38b6ca548a108b03deee77e5dc0ebe5146fbe17cfd,F3,FOLD_5,HMSO01R_A|FIELD_LINEAGE|226b761343bde11d0f8531972b4efd2a54f34c441ce74b43268bfdfde41542ed,0.0,none,0.05747746093704062,1.0,INSIDE_MAJORITY,EVALUABLE,EXPLORATORY_CONSUMED_DIAGNOSTIC_ONLY
MS,pressure_gradient_acceleration,199,HMSO01R_A|PRIMARY|F3|9dfa53931f7f4e1baae8e92539a530becbe3dc126225f6cab71b5b92d4e26c23,F3,FOLD_1,HMSO01R_A|FIELD_LINEAGE|b0c6a47a41827791b3e03b32c3cfc7642f7c46055e5fbdc618a902dd60890cc0,0.0,none,3.5211331309124847,1.0,INSIDE_MAJORITY,EVALUABLE,EXPLORATORY_CONSUMED_DIAGNOSTIC_ONLY
MS,pressure_gradient_acceleration,200,HMSO01R_A|PRIMARY|F3|36bd7fbc4400ae830da89e8b7049cba3a2eba76340c04c9b22d524ed882f25fa,F3,FOLD_0,HMSO01R_A|FIELD_LINEAGE|46ad1db2ba1a448aa8fcf8fea69b4b772861af80c9b661f505a8c591ffdfe68c,0.0,transverse,0.0,1.0,INSIDE_MAJORITY,EVALUABLE,EXPLORATORY_CONSUMED_DIAGNOSTIC_ONLY
MS,pressure_gradient_acceleration,201,HMSO01R_A|PRIMARY|F3|48ad4afa1ebbb91c201c1775b9df72193c6c5e3c47d0cd6020e71c21eda7c325,F3,FOLD_3,HMSO01R_A|FIELD_LINEAGE|99c13161db8958c19a30a96b96a6940cece539d1c84e808e21dfa37710ec6894,0.0,longitudinal,0.0,1.0,INSIDE_MAJORITY,EVALUABLE,EXPLORATORY_CONSUMED_DIAGNOSTIC_ONLY
MS,pressure_gradient_acceleration,202,HMSO01R_A|PRIMARY|F3|640c5b30036e29f6d84cd9443dde5d1b73abd9252849cb7199b651f12e5099e6,F3,FOLD_0,HMSO01R_A|FIELD_LINEAGE|be9a8927a3f7361841f3e523395e00d4ebcd734040aebfe38006ae7fda2437fd,0.0,none,1.4013724853469283,1.0,INSIDE_MAJORITY,EVALUABLE,EXPLORATORY_CONSUMED_DIAGNOSTIC_ONLY
MS,pressure_gradient_acceleration,203,HMSO01R_A|PRIMARY|F3|37814f4c4943fb00e00ed04672af67774d05465c46e6a4aaca391f8387f4afda,F3,FOLD_1,HMSO01R_A|FIELD_LINEAGE|5788e5f098ee24a0bfe3ef48cb7ba08a0bdbab2c319fd19eedc3c9eb4ac76f03,0.0,longitudinal,0.0,1.0,INSIDE_MAJORITY,EVALUABLE,EXPLORATORY_CONSUMED_DIAGNOSTIC_ONLY
MS,pressure_gradient_acceleration,204,HMSO01R_A|PRIMARY|F3|fff250630c55c8bdaf6d9ce420a0a9166a884a0b680ca35cd4e6f7da5e276171,F3,FOLD_2,HMSO01R_A|FIELD_LINEAGE|5c056a7425c54539d868f52b6ae68a4c578195d4f6b5cb7d636be4eab2c2df8c,0.0,none,0.2053983690920761,1.0,INSIDE_MAJORITY,EVALUABLE,EXPLORATORY_CONSUMED_DIAGNOSTIC_ONLY
MS,pressure_gradient_acceleration,205,HMSO01R_A|PRIMARY|F3|b99c0eeb5430528c2b50c8e3895f960a908c4207e1a45f365d2458a81bb0bc1d,F3,FOLD_3,HMSO01R_A|FIELD_LINEAGE|dca2b57202d33de06ea638a8ecbab23d1b960b5ed15b6841dcbc75b212cc8712,0.0,transverse,0.0,1.0,INSIDE_MAJORITY,EVALUABLE,EXPLORATORY_CONSUMED_DIAGNOSTIC_ONLY
MS,pressure_gradient_acceleration,206,HMSO01R_A|PRIMARY|F3|85fea40f0a91b03a078c3b5a07bf11f84086ae49de633169660bf9e7756cae9f,F3,FOLD_1,HMSO01R_A|FIELD_LINEAGE|d6ecf8cd80acb9db6acee967c0d1a3a8ca941d75fcf9e621c7ea05d79a191767,0.0,longitudinal,0.0,1.0,INSIDE_MAJORITY,EVALUABLE,EXPLORATORY_CONSUMED_DIAGNOSTIC_ONLY
MS,pressure_gradient_acceleration,207,HMSO01R_A|PRIMARY|F3|5bb1245725989ed102aa49078cd7bafa70151ebf012c1e0cb48cc587430f3f8c,F3,FOLD_2,HMSO01R_A|FIELD_LINEAGE|a7458b96c9ce1c60bf3ea9d352424b7dd251e22480db263be2c5716c65dc6939,0.0,none,0.22466527119746543,1.0,INSIDE_MAJORITY,EVALUABLE,EXPLORATORY_CONSUMED_DIAGNOSTIC_ONLY
MS,pressure_gradient_acceleration,208,HMSO01R_A|PRIMARY|F3|c6419d25ed9799d98d73b7e3428108142f0bca3250e86eb89e0df130bb7ce32f,F3,FOLD_5,HMSO01R_A|FIELD_LINEAGE|d2f9d8c8f5f3c69790790651faeb1c1f59b6b387e4ede38adea5936b94855ff9,0.0,transverse,0.0,1.0,INSIDE_MAJORITY,EVALUABLE,EXPLORATORY_CONSUMED_DIAGNOSTIC_ONLY
MS,pressure_gradient_acceleration,209,HMSO01R_A|PRIMARY|F3|1b4a7e3521dd87a05fef058b4828da1edb8cd5aec8d9c673df117a1ec7434769,F3,FOLD_2,HMSO01R_A|FIELD_LINEAGE|1014832cdbdd8f9e416c91cfffc398c0221e1acf20617efe558f4efd66f3578a,0.0,transverse,0.0,1.0,INSIDE_MAJORITY,EVALUABLE,EXPLORATORY_CONSUMED_DIAGNOSTIC_ONLY
MS,pressure_gradient_acceleration,210,HMSO01R_A|PRIMARY|F3|05d39cb15a23b77aab779fae1dffbbd812f25b20aa4d3dfd129ae8a8a816cca2,F3,FOLD_2,HMSO01R_A|FIELD_LINEAGE|6ad90de4847db7d34a3540ed573a050180b363be817d3503c19045b1a2f0ed3c,0.0,longitudinal,0.0,0.84375,INSIDE_MAJORITY,EVALUABLE,EXPLORATORY_CONSUMED_DIAGNOSTIC_ONLY
MS,pressure_gradient_acceleration,211,HMSO01R_A|PRIMARY|F3|09cc668e9dba7d88f6e54f75d429302426e7aa2f208bb8a7ff5b73b66544e9bb,F3,FOLD_1,HMSO01R_A|FIELD_LINEAGE|d7d10f9b5293a22777f94b958cdb7280c40216c21a2b9b4a49451c1385cf26d9,0.0,longitudinal,0.0,1.0,INSIDE_MAJORITY,EVALUABLE,EXPLORATORY_CONSUMED_DIAGNOSTIC_ONLY
MS,pressure_gradient_acceleration,212,HMSO01R_A|PRIMARY|F3|a06f00606b940920f0738610d64d9adf69927bef39903d0e7a4fef72cc281beb,F3,FOLD_0,HMSO01R_A|FIELD_LINEAGE|9f471cc2328d66ccf0ca43f62bf5e261a867f85eeac6edc5a472072ca388bff6,0.0,none,0.4640293931174502,1.0,INSIDE_MAJORITY,EVALUABLE,EXPLORATORY_CONSUMED_DIAGNOSTIC_ONLY
MS,pressure_gradient_acceleration,213,HMSO01R_A|PRIMARY|F3|22ed08250476ad8132d9bdab1fa34035b518f147b69d656483ab08c91f2690a4,F3,FOLD_4,HMSO01R_A|FIELD_LINEAGE|3c7ea9b77bf044ea3d9c6d199831fc605b20c1d7b4a9ad213eb80b5cab2c0296,0.0,longitudinal,0.0,1.0,INSIDE_MAJORITY,EVALUABLE,EXPLORATORY_CONSUMED_DIAGNOSTIC_ONLY
MS,pressure_gradient_acceleration,214,HMSO01R_A|PRIMARY|F3|21da884cce84230dcc114a21edaa02c78d3f03be035b98a9b2728a4b8603ec8c,F3,FOLD_0,HMSO01R_A|FIELD_LINEAGE|051eaa0f00871ac3de3987b76f15e88e4e718676447cf96853b1d9836e56f4a9,0.0,transverse,0.0,1.0,INSIDE_MAJORITY,EVALUABLE,EXPLORATORY_CONSUMED_DIAGNOSTIC_ONLY
MS,pressure_gradient_acceleration,215,HMSO01R_A|PRIMARY|F3|f6ebcf09fc81ee2b77827b154fde7148695341b90b45859fdeecc87b05ff4caf,F3,FOLD_1,HMSO01R_A|FIELD_LINEAGE|0da6210822c1316c7a077be78ae0c871024433732125f17a7f978f92e0d637e1,0.0,longitudinal,0.0,1.0,INSIDE_MAJORITY,EVALUABLE,EXPLORATORY_CONSUMED_DIAGNOSTIC_ONLY
MS,pressure_gradient_acceleration,216,HMSO01R_A|PRIMARY|F3|a78675ef00c0dc7b5d540c4ffaaf15f59ac2fa555bd32502d134587a1fc4c16f,F3,FOLD_0,HMSO01R_A|FIELD_LINEAGE|9f471cc2328d66ccf0ca43f62bf5e261a867f85eeac6edc5a472072ca388bff6,0.0,none,1.3275117166470585,1.0,INSIDE_MAJORITY,EVALUABLE,EXPLORATORY_CONSUMED_DIAGNOSTIC_ONLY
MS,pressure_gradient_acceleration,217,HMSO01R_A|PRIMARY|F3|0a6d945c46b0d5e5b98e3a1197a9fe721d92190d97798bc12f6ca4db57cdd3d6,F3,FOLD_1,HMSO01R_A|FIELD_LINEAGE|07ef870a5e517a728f6e4939e44adb6e41abac7dca46a1a2247aeb449ae2b2b6,0.0,longitudinal,0.0,1.0,INSIDE_MAJORITY,EVALUABLE,EXPLORATORY_CONSUMED_DIAGNOSTIC_ONLY
MS,pressure_gradient_acceleration,218,HMSO01R_A|PRIMARY|F3|c463516606ee8c4c1a3b434573e8495c274c7f668a1ed539ab784aa22bbc8bd7,F3,FOLD_0,HMSO01R_A|FIELD_LINEAGE|0d095ad04875a9db82a8c6062fc3703d3296558fc88db157a4ad79a6317e27a5,0.0,transverse,0.0,1.0,INSIDE_MAJORITY,EVALUABLE,EXPLORATORY_CONSUMED_DIAGNOSTIC_ONLY
MS,pressure_gradient_acceleration,219,HMSO01R_A|PRIMARY|F3|6472036ea78470d8788d70fa6d89e58eeee090b7e2f0998bbdc0beea3db2758d,F3,FOLD_4,HMSO01R_A|FIELD_LINEAGE|0ddf6cdd096735cc15f4456489e1d58f77aa80618dad5da96cca18e59be60b9c,0.0,transverse,0.0,1.0,INSIDE_MAJORITY,EVALUABLE,EXPLORATORY_CONSUMED_DIAGNOSTIC_ONLY
MS,pressure_gradient_acceleration,220,HMSO01R_A|PRIMARY|F3|f3e2327f9b73508ecf7a883c33fe1553a004e2ae2881cc99e6ac3bcd4d7b3a11,F3,FOLD_2,HMSO01R_A|FIELD_LINEAGE|5c056a7425c54539d868f52b6ae68a4c578195d4f6b5cb7d636be4eab2c2df8c,0.0,none,0.04080897259415629,1.0,INSIDE_MAJORITY,EVALUABLE,EXPLORATORY_CONSUMED_DIAGNOSTIC_ONLY
MS,pressure_gradient_acceleration,221,HMSO01R_A|PRIMARY|F3|6c24586eb799823630a419a0b4199df5d3f38c6d1a2a662d6c869fddf06570b6,F3,FOLD_4,HMSO01R_A|FIELD_LINEAGE|43048a070f7e90a4b3daec507e653fb282b428f5e4cf309a72c949e8f5226bf3,0.0,transverse,0.0,1.0,INSIDE_MAJORITY,EVALUABLE,EXPLORATORY_CONSUMED_DIAGNOSTIC_ONLY
MS,pressure_gradient_acceleration,222,HMSO01R_A|PRIMARY|F3|9b31b3d042f2e1de2933fe9923e4e95fb59b4a658533f8c072683810620fa170,F3,FOLD_0,HMSO01R_A|FIELD_LINEAGE|51aa7e7dbbb5aa6496f5ed0b95d8e85438067333a238c5e41877a3cd9ace3175,0.0,transverse,0.0,1.0,INSIDE_MAJORITY,EVALUABLE,EXPLORATORY_CONSUMED_DIAGNOSTIC_ONLY
MS,pressure_gradient_acceleration,223,HMSO01R_A|PRIMARY|F3|6b2c89cd3ffb71669c83bdccc811b6a9db38e88242eafa872a665d3547543682,F3,FOLD_5,HMSO01R_A|FIELD_LINEAGE|0ac3210ffe07941071125618f2e4ad4f522063f7735eb12854083a5cf3b96fca,0.0,longitudinal,0.0,1.0,INSIDE_MAJORITY,EVALUABLE,EXPLORATORY_CONSUMED_DIAGNOSTIC_ONLY
MS,pressure_gradient_acceleration,224,HMSO01R_A|PRIMARY|F3|495ba1a4d513d7b77d558917d84762b10b3d5fcb3a9735e9f691fc80ea7caf42,F3,FOLD_3,HMSO01R_A|FIELD_LINEAGE|99c13161db8958c19a30a96b96a6940cece539d1c84e808e21dfa37710ec6894,0.0,longitudinal,0.0,1.0,INSIDE_MAJORITY,EVALUABLE,EXPLORATORY_CONSUMED_DIAGNOSTIC_ONLY
MS,pressure_gradient_acceleration,225,HMSO01R_A|PRIMARY|F3|36c90f091efac4b31332373189b35b4adf1829ad932375257650642e0da7a044,F3,FOLD_1,HMSO01R_A|FIELD_LINEAGE|9035657b1a9729d4b57919992bee8d9ea960c2a587c8d3877d9c920d8fa2a77c,0.0,none,0.7766874374949304,1.0,INSIDE_MAJORITY,EVALUABLE,EXPLORATORY_CONSUMED_DIAGNOSTIC_ONLY
MS,pressure_gradient_acceleration,226,HMSO01R_A|PRIMARY|F3|fefc93bf391a27e2ebe3a1140f7fe292478eed94430363eaf811e3e2c5c04f53,F3,FOLD_1,HMSO01R_A|FIELD_LINEAGE|7a536ab09e10cdf42c9afdd1f0f02ad4a5141ab50a8f50eb0b247ee08a4c67c0,0.0,longitudinal,0.0,1.0,INSIDE_MAJORITY,EVALUABLE,EXPLORATORY_CONSUMED_DIAGNOSTIC_ONLY
MS,pressure_gradient_acceleration,227,HMSO01R_A|PRIMARY|F3|4cda234c0475d6f05557ea16586f6a086d1159ec999b0a751b23b4f690d492f7,F3,FOLD_5,HMSO01R_A|FIELD_LINEAGE|0404a47ad84d3ab6d4cc0dbf7c8fea97f3bca817bfb6ce9e4a0d96e074c1229f,0.0,longitudinal,0.0,1.0,INSIDE_MAJORITY,EVALUABLE,EXPLORATORY_CONSUMED_DIAGNOSTIC_ONLY
MS,pressure_gradient_acceleration,228,HMSO01R_A|PRIMARY|F3|5345902cb9bc3a92ef959f7406060b23f2a73e2e1371d31d99c943fc571e75ec,F3,FOLD_3,HMSO01R_A|FIELD_LINEAGE|0a252563daa08b1ab13bdaf89c42f5f5445076fcfec6feb203abcad9de8ed55a,0.0,none,0.006433660826963497,1.0,INSIDE_MAJORITY,EVALUABLE,EXPLORATORY_CONSUMED_DIAGNOSTIC_ONLY
MS,pressure_gradient_acceleration,229,HMSO01R_A|PRIMARY|F3|70846550f93030f5e797b9cc40dd60e4750a3db2cbaa28dc008127d7e34d79a4,F3,FOLD_0,HMSO01R_A|FIELD_LINEAGE|cb947f8167c6ce3da1c26b48289f11fe77c609125572b2e2f489d9b4dbf77d91,0.0,longitudinal,0.0,1.0,INSIDE_MAJORITY,EVALUABLE,EXPLORATORY_CONSUMED_DIAGNOSTIC_ONLY
MS,pressure_gradient_acceleration,230,HMSO01R_A|PRIMARY|F3|1d04f3e121ba9f0c3b1e345085a6d33da6902d60234f461d4a6ee2171dcd14a2,F3,FOLD_2,HMSO01R_A|FIELD_LINEAGE|a7458b96c9ce1c60bf3ea9d352424b7dd251e22480db263be2c5716c65dc6939,0.0,none,0.7601845123977309,1.0,INSIDE_MAJORITY,EVALUABLE,EXPLORATORY_CONSUMED_DIAGNOSTIC_ONLY
MS,pressure_gradient_acceleration,231,HMSO01R_A|PRIMARY|F3|992cfe2587948c84f376807a446f61bc75663610f19574dc19ddcaf94cd37239,F3,FOLD_2,HMSO01R_A|FIELD_LINEAGE|c2759d4a0108475d88af3dd58a918080f77e42a77ac5a686ce9a650a1d522183,0.0,longitudinal,0.0,1.0,INSIDE_MAJORITY,EVALUABLE,EXPLORATORY_CONSUMED_DIAGNOSTIC_ONLY
MS,pressure_gradient_acceleration,232,HMSO01R_A|PRIMARY|F3|7136656598cb24640a081e69d60382186efc577b90139fd912756f7adda26005,F3,FOLD_5,HMSO01R_A|FIELD_LINEAGE|0fdda9072ffc8d97ff7e0441813be2217cbf8a41c67bef8c56cb65c5e8c889e5,0.0,transverse,0.0,1.0,INSIDE_MAJORITY,EVALUABLE,EXPLORATORY_CONSUMED_DIAGNOSTIC_ONLY
MS,pressure_gradient_acceleration,233,HMSO01R_A|PRIMARY|F3|80f1ddf447a9f070c4b8c90f674bbe33b4d9e3e48c3556797324f4f97c6f2790,F3,FOLD_5,HMSO01R_A|FIELD_LINEAGE|34a4e80876c1805c1767ae4dec4e60fe92b927519de4d3f4fc98d8e491efa006,0.0,longitudinal,0.0,1.0,INSIDE_MAJORITY,EVALUABLE,EXPLORATORY_CONSUMED_DIAGNOSTIC_ONLY
MS,pressure_gradient_acceleration,234,HMSO01R_A|PRIMARY|F3|ca00eb8ffcc519aea35eb210592a3e338905e20778f429a6567f20cff3dcd7f9,F3,FOLD_2,HMSO01R_A|FIELD_LINEAGE|6ad90de4847db7d34a3540ed573a050180b363be817d3503c19045b1a2f0ed3c,0.0,longitudinal,0.0,0.984375,INSIDE_MAJORITY,EVALUABLE,EXPLORATORY_CONSUMED_DIAGNOSTIC_ONLY
MS,pressure_gradient_acceleration,235,HMSO01R_A|PRIMARY|F3|4b991d5f1d978986f69fcb0236ec4a83e34cbcaba9d7882a4d1f23e4df8cc31b,F3,FOLD_4,HMSO01R_A|FIELD_LINEAGE|f82108cfb75a5ece90cca0bec2aa62b5af33b3b96774d26a9d5bbde8416cb360,0.0,longitudinal,0.0,1.0,INSIDE_MAJORITY,EVALUABLE,EXPLORATORY_CONSUMED_DIAGNOSTIC_ONLY
MS,pressure_gradient_acceleration,236,HMSO01R_A|PRIMARY|F3|362dc3678e005c1c1211eface4ff1a96771b521fd8dfed0969697a160f66e68e,F3,FOLD_4,HMSO01R_A|FIELD_LINEAGE|ea7a0f305184b5efcd1c245ec8837c3d5e92744042b12d412ef90758785acc95,0.0,transverse,0.0,1.0,INSIDE_MAJORITY,EVALUABLE,EXPLORATORY_CONSUMED_DIAGNOSTIC_ONLY
MS,pressure_gradient_acceleration,237,HMSO01R_A|PRIMARY|F3|2d0a10ea34da730e58ecbeff3ce6e1f0b5db801184e52e09ed7cda862ce11fe7,F3,FOLD_3,HMSO01R_A|FIELD_LINEAGE|b1c696b82fff7183ba4fc0ae8ce4363fcd56ada1cc6ffa171713dda9524816e8,0.0,transverse,0.0,1.0,INSIDE_MAJORITY,EVALUABLE,EXPLORATORY_CONSUMED_DIAGNOSTIC_ONLY
MS,pressure_gradient_acceleration,238,HMSO01R_A|PRIMARY|F3|3163c11319e01c1fa67d9f34e9aed73c1f867fd08b7c89b010a7b3a4097c9f8e,F3,FOLD_1,HMSO01R_A|FIELD_LINEAGE|a3f750d8c1551c6ecf78f876fab114a3481105b16656dddc657ee8cfb50fd48b,0.0,none,1.1669958897688344,1.0,INSIDE_MAJORITY,EVALUABLE,EXPLORATORY_CONSUMED_DIAGNOSTIC_ONLY
MS,pressure_gradient_acceleration,239,HMSO01R_A|PRIMARY|F3|380f69ecea392f85530413b931220c918af563554de7f128286ecaec359623f2,F3,FOLD_0,HMSO01R_A|FIELD_LINEAGE|2bf67fa14447cc7892bedcae7ba79ef420cf3b1aa476bde75527a097c9a5c922,0.0,none,0.2336466366445375,1.0,INSIDE_MAJORITY,EVALUABLE,EXPLORATORY_CONSUMED_DIAGNOSTIC_ONLY
MS,pressure_gradient_acceleration,240,HMSO01R_A|PRIMARY|F3|13c1013b13a07676d41856b9facf68d3da57412867cb173e2968fab19b857816,F3,FOLD_0,HMSO01R_A|FIELD_LINEAGE|8e40e60ae6de8d393e4f96f7c0cdfd3570298138a8d1d44c6db1dc858b71a31e,0.0,none,0.15298163870418366,1.0,INSIDE_MAJORITY,EVALUABLE,EXPLORATORY_CONSUMED_DIAGNOSTIC_ONLY
MS,pressure_gradient_acceleration,241,HMSO01R_A|PRIMARY|F3|18ef690b3c59b611d2a28230dd7b48838e1ff16db804f1890537e6174977f2c2,F3,FOLD_3,HMSO01R_A|FIELD_LINEAGE|a97cf87a717a68b745e28078c021ba65c881711a1cd171188bc4affd3a1b5795,0.0,none,0.2564616691232549,1.0,INSIDE_MAJORITY,EVALUABLE,EXPLORATORY_CONSUMED_DIAGNOSTIC_ONLY
MS,pressure_gradient_acceleration,242,HMSO01R_A|PRIMARY|F3|68ec409d4a3309a14535aec6bb5958f5430688d65d51b348e794666d7d65d44f,F3,FOLD_5,HMSO01R_A|FIELD_LINEAGE|bf32023450080971c5fdfb56d7a260838d7b8e02917a4118c4ed0b4a49c6c14a,0.0,transverse,0.0,1.0,INSIDE_MAJORITY,EVALUABLE,EXPLORATORY_CONSUMED_DIAGNOSTIC_ONLY
MS,pressure_gradient_acceleration,243,HMSO01R_A|PRIMARY|F3|7b160ffc1ee3480a1414d9a2546b7df691497ca9426646a9dbf10b739adaf9ba,F3,FOLD_5,HMSO01R_A|FIELD_LINEAGE|83c68f311cba3e93368aeeec1e81f7eebc2d9d8bfb68a0ba32cbc3fe731f6155,0.0,transverse,0.0,1.0,INSIDE_MAJORITY,EVALUABLE,EXPLORATORY_CONSUMED_DIAGNOSTIC_ONLY
MS,pressure_gradient_acceleration,244,HMSO01R_A|PRIMARY|F3|2533adb0fb2c8361bc57883a1879af5f891df3aa1c79e916e4a317b4a1d5c8d1,F3,FOLD_3,HMSO01R_A|FIELD_LINEAGE|0a252563daa08b1ab13bdaf89c42f5f5445076fcfec6feb203abcad9de8ed55a,0.0,none,0.05872715008504569,1.0,INSIDE_MAJORITY,EVALUABLE,EXPLORATORY_CONSUMED_DIAGNOSTIC_ONLY
MS,pressure_gradient_acceleration,245,HMSO01R_A|PRIMARY|F3|653053ef8ac15854c397871157381bff72482264f1b13133d6e6ccb77ff9aeba,F3,FOLD_3,HMSO01R_A|FIELD_LINEAGE|1a444bf8e4f5678b58a9ba1debf6e16323abf2899e40040f0bbc7e1608156e14,0.0,transverse,0.0,1.0,INSIDE_MAJORITY,EVALUABLE,EXPLORATORY_CONSUMED_DIAGNOSTIC_ONLY
MS,pressure_gradient_acceleration,246,HMSO01R_A|PRIMARY|F3|ea2d887ae045743da34d43d6b72ae43caedb23d56183d2afa0b13828de776344,F3,FOLD_5,HMSO01R_A|FIELD_LINEAGE|e9dc12a25958465c187afbd7ef920bc04ba98d4b232046e156979d215bd85146,0.0,none,0.47088644035636873,1.0,INSIDE_MAJORITY,EVALUABLE,EXPLORATORY_CONSUMED_DIAGNOSTIC_ONLY
MS,pressure_gradient_acceleration,247,HMSO01R_A|PRIMARY|F3|dc8d9c4e413930a97b4cd3082904857f7e51fd10e589394942b120f455a2cc25,F3,FOLD_4,HMSO01R_A|FIELD_LINEAGE|7b060c06cca73ad49fc21e32e1688bcbe34e5745a78029b452cbacf697a204be,0.0,none,0.10295031758023197,1.0,INSIDE_MAJORITY,EVALUABLE,EXPLORATORY_CONSUMED_DIAGNOSTIC_ONLY
MS,pressure_gradient_acceleration,248,HMSO01R_A|PRIMARY|F3|44116bd7174544bd426c255cf46e31b00e1aa52defd540ae4856fc93d8675b6b,F3,FOLD_2,HMSO01R_A|FIELD_LINEAGE|61b0a8ee57598b36eed2786a9e3e1cafd7d1e5cb7b5052c92f6d5c1826bc6619,0.0,longitudinal,0.0,1.0,INSIDE_MAJORITY,EVALUABLE,EXPLORATORY_CONSUMED_DIAGNOSTIC_ONLY
MS,pressure_gradient_acceleration,249,HMSO01R_A|PRIMARY|F3|def8e91d8dfb3847bee14620c91a0b5b838f5d2bfe72d46753482c88503c8b88,F3,FOLD_5,HMSO01R_A|FIELD_LINEAGE|19bc9c15d585b69ea5a604b39577d278e2c7b171a2d899f0352dc2850b1dc0cb,0.0,transverse,0.0,1.0,INSIDE_MAJORITY,EVALUABLE,EXPLORATORY_CONSUMED_DIAGNOSTIC_ONLY
MS,pressure_gradient_acceleration,250,HMSO01R_A|PRIMARY|F3|e04e6444e20de807e03f26f651319384463d229d80d41c58718b558366ce7843,F3,FOLD_0,HMSO01R_A|FIELD_LINEAGE|0d095ad04875a9db82a8c6062fc3703d3296558fc88db157a4ad79a6317e27a5,0.0,transverse,0.0,1.0,INSIDE_MAJORITY,EVALUABLE,EXPLORATORY_CONSUMED_DIAGNOSTIC_ONLY
MS,pressure_gradient_acceleration,251,HMSO01R_A|PRIMARY|F3|0ee0c86bc2bc91e027267a2389a0bdb674a41e8c3dd241151e876582a8fdd70d,F3,FOLD_3,HMSO01R_A|FIELD_LINEAGE|7583af7a3fd0bfbef70db28fd30d8a1112bd000451f8c0ebdcd0eabb3acf22a1,0.0,transverse,0.0,1.0,INSIDE_MAJORITY,EVALUABLE,EXPLORATORY_CONSUMED_DIAGNOSTIC_ONLY
MS,pressure_gradient_acceleration,252,HMSO01R_A|PRIMARY|F3|e263cdb5bb985dfceb73a368db0f1f5bfce2fea6cc9f4afa9306bea48ada1a6f,F3,FOLD_1,HMSO01R_A|FIELD_LINEAGE|d6ecf8cd80acb9db6acee967c0d1a3a8ca941d75fcf9e621c7ea05d79a191767,0.0,longitudinal,0.0,1.0,INSIDE_MAJORITY,EVALUABLE,EXPLORATORY_CONSUMED_DIAGNOSTIC_ONLY
MS,pressure_gradient_acceleration,253,HMSO01R_A|PRIMARY|F3|c6fa46c4e95da6f6bc71a788cf09b900a973347f55e79f32ebd345970c2a6f65,F3,FOLD_1,HMSO01R_A|FIELD_LINEAGE|a3f750d8c1551c6ecf78f876fab114a3481105b16656dddc657ee8cfb50fd48b,0.0,none,1.327190357006569,1.0,INSIDE_MAJORITY,EVALUABLE,EXPLORATORY_CONSUMED_DIAGNOSTIC_ONLY
MS,pressure_gradient_acceleration,254,HMSO01R_A|PRIMARY|F3|eac488ff4dd7149e5f4efe4b3645a2336a6306588688b4f82502c966f1148bfb,F3,FOLD_1,HMSO01R_A|FIELD_LINEAGE|0af73c913450206e45697078b9ff423d2fbe56a236026748e22945b9fe394efb,0.0,longitudinal,0.0,1.0,INSIDE_MAJORITY,EVALUABLE,EXPLORATORY_CONSUMED_DIAGNOSTIC_ONLY
MS,pressure_gradient_acceleration,255,HMSO01R_A|PRIMARY|F3|42255f3b8df188b4b58dd874b7ef736b47932c7d925a1f1b17b1881babb64743,F3,FOLD_3,HMSO01R_A|FIELD_LINEAGE|adcf8aaea780832e88b7b6b779fb3ef2ecab338dd7379ac8654e7aabdcee4b4f,0.0,none,0.43890082371835004,1.0,INSIDE_MAJORITY,EVALUABLE,EXPLORATORY_CONSUMED_DIAGNOSTIC_ONLY
MS,pressure_gradient_acceleration,256,HMSO01R_A|PRIMARY|F3|250069e18fee258e82eede00fdf9adb751acd5c2f8496c8fdc69ba43bedbab52,F3,FOLD_0,HMSO01R_A|FIELD_LINEAGE|fd04ea3f458e107df0af85b51443fd7c576cbde1f2a34afcd2f94001f9376e64,0.0,none,0.4785268132384781,1.0,INSIDE_MAJORITY,EVALUABLE,EXPLORATORY_CONSUMED_DIAGNOSTIC_ONLY
MS,pressure_gradient_acceleration,257,HMSO01R_A|PRIMARY|F3|aecf7922000672602f41f9c886a0802ff665c6869b1d7e10c034334da9814021,F3,FOLD_1,HMSO01R_A|FIELD_LINEAGE|4cf69c455bf1f50d880646e37d5ce58645992adb18a995a52fdf89583dcd2384,0.0,none,0.05826105611747782,1.0,INSIDE_MAJORITY,EVALUABLE,EXPLORATORY_CONSUMED_DIAGNOSTIC_ONLY
MS,pressure_gradient_acceleration,258,HMSO01R_A|PRIMARY|F3|5ce4f3220cbbb898f20b8d1521d212931fd5b2278c2883fa0502f4313f1155c4,F3,FOLD_5,HMSO01R_A|FIELD_LINEAGE|83c68f311cba3e93368aeeec1e81f7eebc2d9d8bfb68a0ba32cbc3fe731f6155,0.0,transverse,0.0,1.0,INSIDE_MAJORITY,EVALUABLE,EXPLORATORY_CONSUMED_DIAGNOSTIC_ONLY
MS,pressure_gradient_acceleration,259,HMSO01R_A|PRIMARY|F3|c2af3d5c0e7e86284f96d57c47c6c5bd252b99efef65ce29672b71ccb8a8e36a,F3,FOLD_4,HMSO01R_A|FIELD_LINEAGE|9ff02fac76e3803bb8391cba4035dfa7a72d5220975092d818302f10f07c08e9,0.0,none,0.09160236149047749,1.0,INSIDE_MAJORITY,EVALUABLE,EXPLORATORY_CONSUMED_DIAGNOSTIC_ONLY
MS,pressure_gradient_acceleration,260,HMSO01R_A|PRIMARY|F3|a07d93d2a8225e8cb94863bd25cb217b01ccf43f0fdc968797433c20fe16588c,F3,FOLD_3,HMSO01R_A|FIELD_LINEAGE|f2a3ceeae0e0974c878bba3a036f383f979564d7512b59be838a43b0d537377a,0.0,transverse,0.0,1.0,INSIDE_MAJORITY,EVALUABLE,EXPLORATORY_CONSUMED_DIAGNOSTIC_ONLY
MS,pressure_gradient_acceleration,261,HMSO01R_A|PRIMARY|F3|f977e81f259034dd8b9bf0f1feb8de30c75e56d612513eeda3fb48e66576fde9,F3,FOLD_1,HMSO01R_A|FIELD_LINEAGE|21dfb26365637485a590f4aa1b2a5297d551eab87745fb26abbdd41a0e1d8daa,0.0,none,2.562193866837564,1.0,INSIDE_MAJORITY,EVALUABLE,EXPLORATORY_CONSUMED_DIAGNOSTIC_ONLY
MS,pressure_gradient_acceleration,262,HMSO01R_A|PRIMARY|F3|45f73cec5484a7a54fe84df8ae7638a01d9a80a574526579b753371f8d73b14f,F3,FOLD_0,HMSO01R_A|FIELD_LINEAGE|2bf67fa14447cc7892bedcae7ba79ef420cf3b1aa476bde75527a097c9a5c922,0.0,none,0.07532580775561706,1.0,INSIDE_MAJORITY,EVALUABLE,EXPLORATORY_CONSUMED_DIAGNOSTIC_ONLY
MS,pressure_gradient_acceleration,263,HMSO01R_A|PRIMARY|F3|4a6874df79991c13576be3d2bfbb235e50e272b38629dcda3e2ea270126c35fb,F3,FOLD_0,HMSO01R_A|FIELD_LINEAGE|8e40e60ae6de8d393e4f96f7c0cdfd3570298138a8d1d44c6db1dc858b71a31e,0.0,none,0.006187102226371005,1.0,INSIDE_MAJORITY,EVALUABLE,EXPLORATORY_CONSUMED_DIAGNOSTIC_ONLY
MS,pressure_gradient_acceleration,264,HMSO01R_A|PRIMARY|F3|ddb33bf0e6d7c43f952d5d9d1706b4d65f742c0cb746ceff262b75e37f8810ba,F3,FOLD_3,HMSO01R_A|FIELD_LINEAGE|c54c1448df9c13b6658cb41b2c187b93be0f6db94293a7911953a6e90d602764,0.0,longitudinal,0.0,0.953125,INSIDE_MAJORITY,EVALUABLE,EXPLORATORY_CONSUMED_DIAGNOSTIC_ONLY
MS,pressure_gradient_acceleration,265,HMSO01R_A|PRIMARY|F3|274c2031ba590d785d88bad03ceb155b8a64c57ddab3a478a74ea8522ed459b6,F3,FOLD_1,HMSO01R_A|FIELD_LINEAGE|d6ecf8cd80acb9db6acee967c0d1a3a8ca941d75fcf9e621c7ea05d79a191767,0.0,longitudinal,0.0,1.0,INSIDE_MAJORITY,EVALUABLE,EXPLORATORY_CONSUMED_DIAGNOSTIC_ONLY
MS,pressure_gradient_acceleration,266,HMSO01R_A|PRIMARY|F3|15771101c80eb37f151b78ed8f2bba393bbe3047cda8c732baf0f06c18bae7e3,F3,FOLD_5,HMSO01R_A|FIELD_LINEAGE|21308456c1ed84c2854c7a093be1e48cf9af8d5768485e2a86892e0fd138af17,0.0,none,0.26323290329859195,1.0,INSIDE_MAJORITY,EVALUABLE,EXPLORATORY_CONSUMED_DIAGNOSTIC_ONLY
MS,pressure_gradient_acceleration,267,HMSO01R_A|PRIMARY|F3|0f682408db3625ffc5045e88a7fa1afa4c9a7be6cc44b84102e81531d6d926e6,F3,FOLD_0,HMSO01R_A|FIELD_LINEAGE|2e00a5aa730d3fe2629242ac9cb05445890c5ccd2cee3bc6b04bd3dcaa176cdc,0.0,longitudinal,0.0,0.8515625,INSIDE_MAJORITY,EVALUABLE,EXPLORATORY_CONSUMED_DIAGNOSTIC_ONLY
MS,pressure_gradient_acceleration,268,HMSO01R_A|PRIMARY|F3|510a5e243faeece1484912a18f5fc7e9900fe5c133aae9468e13515bacc10b51,F3,FOLD_4,HMSO01R_A|FIELD_LINEAGE|9239a350bed02b809dafe66125991e7de2c0c1c20b38f7689dc19527329619d6,0.0,transverse,0.0,1.0,INSIDE_MAJORITY,EVALUABLE,EXPLORATORY_CONSUMED_DIAGNOSTIC_ONLY
MS,pressure_gradient_acceleration,269,HMSO01R_A|PRIMARY|F3|e78c69a17927f7d8a3db4a1024dee136e3cedde8ca2b0830e5fe247b291d887c,F3,FOLD_3,HMSO01R_A|FIELD_LINEAGE|b1c696b82fff7183ba4fc0ae8ce4363fcd56ada1cc6ffa171713dda9524816e8,0.0,transverse,0.0,1.0,INSIDE_MAJORITY,EVALUABLE,EXPLORATORY_CONSUMED_DIAGNOSTIC_ONLY
MS,pressure_gradient_acceleration,270,HMSO01R_A|PRIMARY|F3|3f32014cc46db6982a14f2cee352392c822d4ac29aa18a16855949da8671e5a1,F3,FOLD_4,HMSO01R_A|FIELD_LINEAGE|d1321924d243ef663d38f2119b3da3e0b77ff9249352efe1c25dfa4971fbd453,0.0,none,0.7496152970722965,1.0,INSIDE_MAJORITY,EVALUABLE,EXPLORATORY_CONSUMED_DIAGNOSTIC_ONLY
MS,pressure_gradient_acceleration,271,HMSO01R_A|PRIMARY|F3|bef78f5fddd3452c6b14cb4c4fb6c0b510253eced0e1f946f9e78200b9cbbb2d,F3,FOLD_2,HMSO01R_A|FIELD_LINEAGE|98ef721075a1ebd7c92edcbcf7747aac6c3d77c4f9c29f15e5d83577ad6d7f6b,0.0,longitudinal,0.0,0.828125,INSIDE_MAJORITY,EVALUABLE,EXPLORATORY_CONSUMED_DIAGNOSTIC_ONLY
MS,pressure_gradient_acceleration,272,HMSO01R_A|PRIMARY|F3|02ca21a0314f19805ffe873f303fa54fe86f5d3d6d770015a5c846b75255ff7a,F3,FOLD_3,HMSO01R_A|FIELD_LINEAGE|b7c6344fafcff3e1128b30252e587c19386316434538ac595af9870864bff2e9,0.0,transverse,0.0,1.0,INSIDE_MAJORITY,EVALUABLE,EXPLORATORY_CONSUMED_DIAGNOSTIC_ONLY
MS,pressure_gradient_acceleration,273,HMSO01R_A|PRIMARY|F3|c333e644a9c87a0dd9864d3130310ff8db216a39061360b7a7a90b130af1a75c,F3,FOLD_3,HMSO01R_A|FIELD_LINEAGE|0a252563daa08b1ab13bdaf89c42f5f5445076fcfec6feb203abcad9de8ed55a,0.0,none,0.12797107219210563,1.0,INSIDE_MAJORITY,EVALUABLE,EXPLORATORY_CONSUMED_DIAGNOSTIC_ONLY
MS,pressure_gradient_acceleration,274,HMSO01R_A|PRIMARY|F3|c63d89d72029153ba0d49d1f609be0b1ff98ddcac1d08c8fa2d7f8f9fae2c730,F3,FOLD_2,HMSO01R_A|FIELD_LINEAGE|61b0a8ee57598b36eed2786a9e3e1cafd7d1e5cb7b5052c92f6d5c1826bc6619,0.0,longitudinal,0.0,1.0,INSIDE_MAJORITY,EVALUABLE,EXPLORATORY_CONSUMED_DIAGNOSTIC_ONLY
MS,pressure_gradient_acceleration,275,HMSO01R_A|PRIMARY|F3|5b31e243c622c272f6ff1603187caeafa7ec0920c1df79a92aecd2fbaa49ee35,F3,FOLD_1,HMSO01R_A|FIELD_LINEAGE|07ef870a5e517a728f6e4939e44adb6e41abac7dca46a1a2247aeb449ae2b2b6,0.0,longitudinal,0.0,1.0,INSIDE_MAJORITY,EVALUABLE,EXPLORATORY_CONSUMED_DIAGNOSTIC_ONLY
MS,pressure_gradient_acceleration,276,HMSO01R_A|PRIMARY|F3|5c0d0ce2e0e3894c84ffb622054776ff13ecaa2c69f4830d76875194f4719557,F3,FOLD_0,HMSO01R_A|FIELD_LINEAGE|051eaa0f00871ac3de3987b76f15e88e4e718676447cf96853b1d9836e56f4a9,0.0,transverse,0.0,1.0,INSIDE_MAJORITY,EVALUABLE,EXPLORATORY_CONSUMED_DIAGNOSTIC_ONLY
MS,pressure_gradient_acceleration,277,HMSO01R_A|PRIMARY|F3|8957bba0b6b7c6207995e43fbebef5604b5c1f21fa9f2bb551f9557857ec496a,F3,FOLD_5,HMSO01R_A|FIELD_LINEAGE|f52ad1fbea60f2cef5c93f5785e888eaa7893de6dad0b2f7545e6d3f4e338f25,0.0,longitudinal,0.0,1.0,INSIDE_MAJORITY,EVALUABLE,EXPLORATORY_CONSUMED_DIAGNOSTIC_ONLY
MS,pressure_gradient_acceleration,278,HMSO01R_A|PRIMARY|F3|1b7f8ef99e42d00a053404bd9169623350f9d416432190eb695b53800825cda0,F3,FOLD_4,HMSO01R_A|FIELD_LINEAGE|75819144781d043ebbeb8c2d3fbfa9139c47542df53315ab71a80a7addb49109,0.0,none,0.125112151634381,1.0,INSIDE_MAJORITY,EVALUABLE,EXPLORATORY_CONSUMED_DIAGNOSTIC_ONLY
MS,pressure_gradient_acceleration,279,HMSO01R_A|PRIMARY|F3|c12e5512c669b4a3cbf5b6e89e1763c206004a4fa154767d1642208d82e43474,F3,FOLD_2,HMSO01R_A|FIELD_LINEAGE|c3a574c6618599692f4195c9d1a59189286c1fc26ae852d26723565b0428d983,0.0,none,0.022685948256405256,1.0,INSIDE_MAJORITY,EVALUABLE,EXPLORATORY_CONSUMED_DIAGNOSTIC_ONLY
MS,pressure_gradient_acceleration,280,HMSO01R_A|PRIMARY|F3|84831626711a081a0e9e0d0668fbb26dfb58f95672277a402cf7a98289c1f3f2,F3,FOLD_0,HMSO01R_A|FIELD_LINEAGE|fd04ea3f458e107df0af85b51443fd7c576cbde1f2a34afcd2f94001f9376e64,0.0,none,0.12468862792734231,1.0,INSIDE_MAJORITY,EVALUABLE,EXPLORATORY_CONSUMED_DIAGNOSTIC_ONLY
MS,pressure_gradient_acceleration,281,HMSO01R_A|PRIMARY|F3|166fe64198a1c3e3ba24ba2da836582dab251d3dd8c49bf9037daa83bf978def,F3,FOLD_2,HMSO01R_A|FIELD_LINEAGE|4c3bbd0a7d56407cf1ccc6d516e10bc822949b03124ef92a27e554a97f6ed1b2,0.0,transverse,0.0,1.0,INSIDE_MAJORITY,EVALUABLE,EXPLORATORY_CONSUMED_DIAGNOSTIC_ONLY
MS,pressure_gradient_acceleration,282,HMSO01R_A|PRIMARY|F3|456aba1a7da72fd641eea98ae6f3495800a2489a115b86b7310ae5d079ead82a,F3,FOLD_5,HMSO01R_A|FIELD_LINEAGE|9415b727187c332c72260d653b657bcbe590635140818a0978bae1e8dcd4568b,0.0,none,0.04614446984351925,1.0,INSIDE_MAJORITY,EVALUABLE,EXPLORATORY_CONSUMED_DIAGNOSTIC_ONLY
MS,pressure_gradient_acceleration,283,HMSO01R_A|PRIMARY|F3|642fa4ee6c2c422eab8b65fb64e4558ece2efb54b49d399d056377d37748b5a6,F3,FOLD_4,HMSO01R_A|FIELD_LINEAGE|ea7a0f305184b5efcd1c245ec8837c3d5e92744042b12d412ef90758785acc95,0.0,transverse,0.0,1.0,INSIDE_MAJORITY,EVALUABLE,EXPLORATORY_CONSUMED_DIAGNOSTIC_ONLY
MS,pressure_gradient_acceleration,284,HMSO01R_A|PRIMARY|F3|3175d180e4d467c3b3ee6e516632373afe58cecdfc663671603274c230831d69,F3,FOLD_4,HMSO01R_A|FIELD_LINEAGE|5a0dbac6ae904f5529ad460639c41b1b383ca8809b93f779bcc31cb0fd08d08b,0.0,none,0.028048110224896592,1.0,INSIDE_MAJORITY,EVALUABLE,EXPLORATORY_CONSUMED_DIAGNOSTIC_ONLY
MS,pressure_gradient_acceleration,285,HMSO01R_A|PRIMARY|F3|a2031fc45c0421e224bd21dce94627d03a316cde187ae6d48b90b56d1c51da5d,F3,FOLD_2,HMSO01R_A|FIELD_LINEAGE|eadb4166638494d642712d8eabac62f88ed028f779148966c13d2efd6405fa1d,0.0,transverse,0.0,1.0,INSIDE_MAJORITY,EVALUABLE,EXPLORATORY_CONSUMED_DIAGNOSTIC_ONLY
MS,pressure_gradient_acceleration,286,HMSO01R_A|PRIMARY|F3|8410477f22210a51bd73f4d2bd5c11b7a2fc4dbb0363248233ffc7d2c3dd07c0,F3,FOLD_2,HMSO01R_A|FIELD_LINEAGE|e25db364da9db9cdb46c3073fa0aa473b93b0eed9df5062f9696d75bd2f90442,0.0,none,0.12756520243468286,1.0,INSIDE_MAJORITY,EVALUABLE,EXPLORATORY_CONSUMED_DIAGNOSTIC_ONLY
MS,pressure_gradient_acceleration,287,HMSO01R_A|PRIMARY|F3|b888419bbbcc26de7ec8b027a9528281d2f1a9d121f0adddbe4aa1eda5e70c5e,F3,FOLD_2,HMSO01R_A|FIELD_LINEAGE|41b714ff189f53f826864cf9fac2bed83a6e097351a7033fcea23d658bf21b54,0.0,none,0.38766105472267204,1.0,INSIDE_MAJORITY,EVALUABLE,EXPLORATORY_CONSUMED_DIAGNOSTIC_ONLY
MS,pressure_gradient_acceleration,288,HMSO01R_A|PRIMARY|F4|141d214d6fbecf88d4c59a03f8dc3b24beb51fc230773ee890a4b851d346997f,F4,FOLD_0,HMSO01R_A|FIELD_LINEAGE|197d7ec024c0036b09ad028c746809cfe1ed712ccbb40eead96390c6dfdd817b,0.05,transverse,0.1872624678768892,1.0,INSIDE_MAJORITY,EVALUABLE,EXPLORATORY_CONSUMED_DIAGNOSTIC_ONLY
MS,pressure_gradient_acceleration,289,HMSO01R_A|PRIMARY|F4|8140c0dc3b31c67a47815b694720914564c68a1dc815c23da3a6f1c6aa02932b,F4,FOLD_2,HMSO01R_A|FIELD_LINEAGE|8af782533dccfef4a682f44ff365b7014ae448a56bd62c92877bbd37640adb31,0.05,transverse,1.7957818772895846,1.0,INSIDE_MAJORITY,EVALUABLE,EXPLORATORY_CONSUMED_DIAGNOSTIC_ONLY
MS,pressure_gradient_acceleration,290,HMSO01R_A|PRIMARY|F4|92d400a387d7fd07980ceaa710bca64dffd4f47ca949167ba5e4f2afdd2a764f,F4,FOLD_5,HMSO01R_A|FIELD_LINEAGE|c9a10c50914a082104b6f42f933e2e8b35494d6ac1b464fc981b740edc26e9a6,0.1,none,3.0891947808829485,1.0,INSIDE_MAJORITY,EVALUABLE,EXPLORATORY_CONSUMED_DIAGNOSTIC_ONLY
MS,pressure_gradient_acceleration,291,HMSO01R_A|PRIMARY|F4|51519fc5de1deb527bc7ba7450dbd141324700f1ad0b32b7d8bb03e54859db76,F4,FOLD_0,HMSO01R_A|FIELD_LINEAGE|197d7ec024c0036b09ad028c746809cfe1ed712ccbb40eead96390c6dfdd817b,0.0,transverse,0.0,1.0,INSIDE_MAJORITY,EVALUABLE,EXPLORATORY_CONSUMED_DIAGNOSTIC_ONLY
MS,pressure_gradient_acceleration,292,HMSO01R_A|PRIMARY|F4|8a6dad5114701cab1eb0845285cdf269a4dc3a234a95f4ea2b384a6b6883d0e6,F4,FOLD_4,HMSO01R_A|FIELD_LINEAGE|6359faeb0765247f7e12d6c9e8bbc8898fa74fca5c76c863a6009dffddbcb32e,0.05,longitudinal,0.0,0.296875,OUTSIDE_MAJORITY,EVALUABLE,EXPLORATORY_CONSUMED_DIAGNOSTIC_ONLY
MS,pressure_gradient_acceleration,293,HMSO01R_A|PRIMARY|F4|9b7be32ff75798d82be6c9492bf1dab25beef5734cfe5b6cd2115aa89aa759dc,F4,FOLD_1,HMSO01R_A|FIELD_LINEAGE|3264ae7008b91adb6f4b677f3ecc13cbe5ab1143b7f33ef501525d095e0b618c,0.0,none,0.08413455252270088,1.0,INSIDE_MAJORITY,EVALUABLE,EXPLORATORY_CONSUMED_DIAGNOSTIC_ONLY
MS,pressure_gradient_acceleration,294,HMSO01R_A|PRIMARY|F4|011a48dce8758db0be8307d4005afe69879da0306ec2d99483baa7fcfa9141f4,F4,FOLD_1,HMSO01R_A|FIELD_LINEAGE|3264ae7008b91adb6f4b677f3ecc13cbe5ab1143b7f33ef501525d095e0b618c,0.1,none,0.4058032962162878,0.125,OUTSIDE_MAJORITY,EVALUABLE,EXPLORATORY_CONSUMED_DIAGNOSTIC_ONLY
MS,pressure_gradient_acceleration,295,HMSO01R_A|PRIMARY|F4|1d6667557d538859f0113641bfa62882220817b677dea9d2829a412690759fc5,F4,FOLD_2,HMSO01R_A|FIELD_LINEAGE|8af782533dccfef4a682f44ff365b7014ae448a56bd62c92877bbd37640adb31,0.1,transverse,1.3751060032100697,1.0,INSIDE_MAJORITY,EVALUABLE,EXPLORATORY_CONSUMED_DIAGNOSTIC_ONLY
MS,pressure_gradient_acceleration,296,HMSO01R_A|PRIMARY|F4|5258442e75cf59cbe7893e089ad47e17c4d26ed39cd16fec9118870e106baa43,F4,FOLD_3,HMSO01R_A|FIELD_LINEAGE|7a40ff07646995058d8981271562dfa4f2cc77b96f79dba59c7ae90f96586134,0.05,longitudinal,0.0,0.953125,INSIDE_MAJORITY,EVALUABLE,EXPLORATORY_CONSUMED_DIAGNOSTIC_ONLY
MS,pressure_gradient_acceleration,297,HMSO01R_A|PRIMARY|F4|48f2bb8eb7eac96e71b6fba78be3d25c21266edb52344cd820e162bf6df261cd,F4,FOLD_1,HMSO01R_A|FIELD_LINEAGE|3264ae7008b91adb6f4b677f3ecc13cbe5ab1143b7f33ef501525d095e0b618c,0.05,none,0.9593739451140486,0.9921875,INSIDE_MAJORITY,EVALUABLE,EXPLORATORY_CONSUMED_DIAGNOSTIC_ONLY
MS,pressure_gradient_acceleration,298,HMSO01R_A|PRIMARY|F4|24bcceaed6cf5ba835a35d37ac2f603bbf2c8b0a639ceea6ec234fb6b3977288,F4,FOLD_0,HMSO01R_A|FIELD_LINEAGE|197d7ec024c0036b09ad028c746809cfe1ed712ccbb40eead96390c6dfdd817b,0.1,transverse,0.21447530633442013,1.0,INSIDE_MAJORITY,EVALUABLE,EXPLORATORY_CONSUMED_DIAGNOSTIC_ONLY
MS,pressure_gradient_acceleration,299,HMSO01R_A|PRIMARY|F4|4b6bdffc658fe9deb87879b130fd21d7155bd1b57b10ae5709614368fed74531,F4,FOLD_0,HMSO01R_A|FIELD_LINEAGE|06c31c418b756da4f49834b1270295e826a9807f080171a34a3e7c250369709c,0.0,none,0.48681536400658887,1.0,INSIDE_MAJORITY,EVALUABLE,EXPLORATORY_CONSUMED_DIAGNOSTIC_ONLY
MS,pressure_gradient_acceleration,300,HMSO01R_A|PRIMARY|F4|85dc4b95288446dfb72a62b71691cae97be1b4b3c9789b973167c7f0c0024bb0,F4,FOLD_1,HMSO01R_A|FIELD_LINEAGE|5d84595c43a38b585d7953f18ac50da686f8debb482b1cca6058cffe84d274b6,0.05,none,1.3890055284381233,0.953125,INSIDE_MAJORITY,EVALUABLE,EXPLORATORY_CONSUMED_DIAGNOSTIC_ONLY
MS,pressure_gradient_acceleration,301,HMSO01R_A|PRIMARY|F4|4e7a52c6c115bcd8ae85224372e15761ec9ad1da299c81472e2c7f42bece49c4,F4,FOLD_5,HMSO01R_A|FIELD_LINEAGE|c9a10c50914a082104b6f42f933e2e8b35494d6ac1b464fc981b740edc26e9a6,0.05,none,4.239716137181374,1.0,INSIDE_MAJORITY,EVALUABLE,EXPLORATORY_CONSUMED_DIAGNOSTIC_ONLY
MS,pressure_gradient_acceleration,302,HMSO01R_A|PRIMARY|F4|3e1f516c8924d75bcb1bc1fc285c7fef823b724e7146e632a6edc0d86859301f,F4,FOLD_1,HMSO01R_A|FIELD_LINEAGE|5d84595c43a38b585d7953f18ac50da686f8debb482b1cca6058cffe84d274b6,0.1,none,0.3752527897522778,0.1328125,OUTSIDE_MAJORITY,EVALUABLE,EXPLORATORY_CONSUMED_DIAGNOSTIC_ONLY
MS,pressure_gradient_acceleration,303,HMSO01R_A|PRIMARY|F4|558f87a2fc4bf2fe995a797fa27bac5203b30df376d948587ab0bb7f9c16d3bd,F4,FOLD_0,HMSO01R_A|FIELD_LINEAGE|197d7ec024c0036b09ad028c746809cfe1ed712ccbb40eead96390c6dfdd817b,0.0,transverse,0.0,1.0,INSIDE_MAJORITY,EVALUABLE,EXPLORATORY_CONSUMED_DIAGNOSTIC_ONLY
MS,pressure_gradient_acceleration,304,HMSO01R_A|PRIMARY|F4|0670d89c61c35c8852c124d9000835eaea91a83b9577472f636a565b59d940d9,F4,FOLD_1,HMSO01R_A|FIELD_LINEAGE|5d84595c43a38b585d7953f18ac50da686f8debb482b1cca6058cffe84d274b6,0.05,none,0.7912873424624752,0.484375,OUTSIDE_MAJORITY,EVALUABLE,EXPLORATORY_CONSUMED_DIAGNOSTIC_ONLY
MS,pressure_gradient_acceleration,305,HMSO01R_A|PRIMARY|F4|ecaff7cbec579afd2494fc1fad898951c4ea48b684497e65b50613fe038305d3,F4,FOLD_2,HMSO01R_A|FIELD_LINEAGE|8af782533dccfef4a682f44ff365b7014ae448a56bd62c92877bbd37640adb31,0.05,transverse,1.6866732179346031,1.0,INSIDE_MAJORITY,EVALUABLE,EXPLORATORY_CONSUMED_DIAGNOSTIC_ONLY
MS,pressure_gradient_acceleration,306,HMSO01R_A|PRIMARY|F4|71f61d7caa1b1b02179212c15265a1f342ea520af413e9f96a8372d952d11eed,F4,FOLD_0,HMSO01R_A|FIELD_LINEAGE|06c31c418b756da4f49834b1270295e826a9807f080171a34a3e7c250369709c,0.05,none,2.51679572632469,1.0,INSIDE_MAJORITY,EVALUABLE,EXPLORATORY_CONSUMED_DIAGNOSTIC_ONLY
MS,pressure_gradient_acceleration,307,HMSO01R_A|PRIMARY|F4|85f1b9eed95ecce08d553e89743dc53a15307163bc7008a8726ff536e6a54996,F4,FOLD_2,HMSO01R_A|FIELD_LINEAGE|8af782533dccfef4a682f44ff365b7014ae448a56bd62c92877bbd37640adb31,0.05,transverse,1.5319969779524705,1.0,INSIDE_MAJORITY,EVALUABLE,EXPLORATORY_CONSUMED_DIAGNOSTIC_ONLY
MS,pressure_gradient_acceleration,308,HMSO01R_A|PRIMARY|F4|a6ddeab8e93b6db262b39867391f322e9baafa76bed004129fe7780c90cbd6a4,F4,FOLD_0,HMSO01R_A|FIELD_LINEAGE|06c31c418b756da4f49834b1270295e826a9807f080171a34a3e7c250369709c,0.05,none,3.186829051765946,1.0,INSIDE_MAJORITY,EVALUABLE,EXPLORATORY_CONSUMED_DIAGNOSTIC_ONLY
MS,pressure_gradient_acceleration,309,HMSO01R_A|PRIMARY|F4|11826ade3e5db02d2c6bffdc10f23d4bb93470890790474abf521e919f738b3f,F4,FOLD_2,HMSO01R_A|FIELD_LINEAGE|8af782533dccfef4a682f44ff365b7014ae448a56bd62c92877bbd37640adb31,0.0,transverse,0.0,1.0,INSIDE_MAJORITY,EVALUABLE,EXPLORATORY_CONSUMED_DIAGNOSTIC_ONLY
MS,pressure_gradient_acceleration,310,HMSO01R_A|PRIMARY|F4|ef19a86248138ec5e566612bf3df19a10b6bc69a7b14c32e2b817ccf29cc50f2,F4,FOLD_5,HMSO01R_A|FIELD_LINEAGE|c9a10c50914a082104b6f42f933e2e8b35494d6ac1b464fc981b740edc26e9a6,0.05,none,3.412034556484578,1.0,INSIDE_MAJORITY,EVALUABLE,EXPLORATORY_CONSUMED_DIAGNOSTIC_ONLY
MS,pressure_gradient_acceleration,311,HMSO01R_A|PRIMARY|F4|4929b286a99ab022d26a2dbdc2a23a2bc6d15979bf42d1588c8b2e2c1d73a0e3,F4,FOLD_0,HMSO01R_A|FIELD_LINEAGE|197d7ec024c0036b09ad028c746809cfe1ed712ccbb40eead96390c6dfdd817b,0.05,transverse,0.30729034993098925,0.9921875,INSIDE_MAJORITY,EVALUABLE,EXPLORATORY_CONSUMED_DIAGNOSTIC_ONLY
MS,pressure_gradient_acceleration,312,HMSO01R_A|PRIMARY|F4|e77b23936dd5a7c6d9262ae1d734b30beb458da1fe94bc080bdfac1b7bd85189,F4,FOLD_1,HMSO01R_A|FIELD_LINEAGE|3264ae7008b91adb6f4b677f3ecc13cbe5ab1143b7f33ef501525d095e0b618c,0.1,none,1.102991757596862,0.7890625,INSIDE_MAJORITY,EVALUABLE,EXPLORATORY_CONSUMED_DIAGNOSTIC_ONLY
MS,pressure_gradient_acceleration,313,HMSO01R_A|PRIMARY|F4|8944eefcfb134a9bbf050fe15d6081c6962a214b6ed3d413508e814400676f0f,F4,FOLD_4,HMSO01R_A|FIELD_LINEAGE|6359faeb0765247f7e12d6c9e8bbc8898fa74fca5c76c863a6009dffddbcb32e,0.1,longitudinal,0.0,0.1640625,OUTSIDE_MAJORITY,EVALUABLE,EXPLORATORY_CONSUMED_DIAGNOSTIC_ONLY
MS,pressure_gradient_acceleration,314,HMSO01R_A|PRIMARY|F4|e25d3f9fc33911ad2bdacf9851f072f8da6dbe4f6c19d60b1710f16572063c8d,F4,FOLD_0,HMSO01R_A|FIELD_LINEAGE|06c31c418b756da4f49834b1270295e826a9807f080171a34a3e7c250369709c,0.0,none,0.33189893721929664,1.0,INSIDE_MAJORITY,EVALUABLE,EXPLORATORY_CONSUMED_DIAGNOSTIC_ONLY
MS,pressure_gradient_acceleration,315,HMSO01R_A|PRIMARY|F4|d250879e475816f6e92630481055f2ad783960a4b225044b2988cc1f044532fc,F4,FOLD_1,HMSO01R_A|FIELD_LINEAGE|5d84595c43a38b585d7953f18ac50da686f8debb482b1cca6058cffe84d274b6,0.0,none,7.253866158559774,1.0,INSIDE_MAJORITY,EVALUABLE,EXPLORATORY_CONSUMED_DIAGNOSTIC_ONLY
MS,pressure_gradient_acceleration,316,HMSO01R_A|PRIMARY|F4|56464c262bb157790092f749cb48a04e8d8a0b8bedf3e324b5320e9a10b6d09e,F4,FOLD_0,HMSO01R_A|FIELD_LINEAGE|197d7ec024c0036b09ad028c746809cfe1ed712ccbb40eead96390c6dfdd817b,0.05,transverse,0.28128629121186255,1.0,INSIDE_MAJORITY,EVALUABLE,EXPLORATORY_CONSUMED_DIAGNOSTIC_ONLY
MS,pressure_gradient_acceleration,317,HMSO01R_A|PRIMARY|F4|ecb76be4664dd9928293363ff466f845a5a7789eaaeda1e8ee5201799daa78c0,F4,FOLD_4,HMSO01R_A|FIELD_LINEAGE|6359faeb0765247f7e12d6c9e8bbc8898fa74fca5c76c863a6009dffddbcb32e,0.0,longitudinal,0.0,0.5859375,INSIDE_MAJORITY,EVALUABLE,EXPLORATORY_CONSUMED_DIAGNOSTIC_ONLY
MS,pressure_gradient_acceleration,318,HMSO01R_A|PRIMARY|F4|88dcd723af748de6ff950507849f3825b8d8f3553a5bcc217487217a0f9a7a63,F4,FOLD_5,HMSO01R_A|FIELD_LINEAGE|c9a10c50914a082104b6f42f933e2e8b35494d6ac1b464fc981b740edc26e9a6,0.0,none,0.0003833856553177819,1.0,INSIDE_MAJORITY,EVALUABLE,EXPLORATORY_CONSUMED_DIAGNOSTIC_ONLY
MS,pressure_gradient_acceleration,319,HMSO01R_A|PRIMARY|F4|5713909151f3cd04934c16355de455e1018dfb770f2f64df240e5db9c47d5fb1,F4,FOLD_5,HMSO01R_A|FIELD_LINEAGE|c9a10c50914a082104b6f42f933e2e8b35494d6ac1b464fc981b740edc26e9a6,0.1,none,3.1399118103259647,1.0,INSIDE_MAJORITY,EVALUABLE,EXPLORATORY_CONSUMED_DIAGNOSTIC_ONLY
MS,pressure_gradient_acceleration,320,HMSO01R_A|PRIMARY|F4|93aad5841f6682ecd48e9ead6bb4002efba75cd6704198bd8907aea0d47c8d7a,F4,FOLD_3,HMSO01R_A|FIELD_LINEAGE|7a40ff07646995058d8981271562dfa4f2cc77b96f79dba59c7ae90f96586134,0.1,longitudinal,0.0,0.78125,INSIDE_MAJORITY,EVALUABLE,EXPLORATORY_CONSUMED_DIAGNOSTIC_ONLY
MS,pressure_gradient_acceleration,321,HMSO01R_A|PRIMARY|F4|367bce2de86b385d49af0dfa7e9148a0411935febd6ae7b0c77d7e5337e2b946,F4,FOLD_1,HMSO01R_A|FIELD_LINEAGE|3264ae7008b91adb6f4b677f3ecc13cbe5ab1143b7f33ef501525d095e0b618c,0.05,none,0.7527422262676846,0.453125,OUTSIDE_MAJORITY,EVALUABLE,EXPLORATORY_CONSUMED_DIAGNOSTIC_ONLY
MS,pressure_gradient_acceleration,322,HMSO01R_A|PRIMARY|F4|67783874e0d03b7d1319229ffa56ea5f5807a8da29ee591962ad5c4a5d4aa291,F4,FOLD_2,HMSO01R_A|FIELD_LINEAGE|8af782533dccfef4a682f44ff365b7014ae448a56bd62c92877bbd37640adb31,0.0,transverse,0.0,1.0,INSIDE_MAJORITY,EVALUABLE,EXPLORATORY_CONSUMED_DIAGNOSTIC_ONLY
MS,pressure_gradient_acceleration,323,HMSO01R_A|PRIMARY|F4|cf8e0f28eda1cea7b1e3865285dbd80d01ab677e45643ecd3ea5b887c3b903a3,F4,FOLD_4,HMSO01R_A|FIELD_LINEAGE|6359faeb0765247f7e12d6c9e8bbc8898fa74fca5c76c863a6009dffddbcb32e,0.0,longitudinal,0.0,0.3125,OUTSIDE_MAJORITY,EVALUABLE,EXPLORATORY_CONSUMED_DIAGNOSTIC_ONLY
MS,pressure_gradient_acceleration,324,HMSO01R_A|PRIMARY|F4|0e2a37aabd2842d397826b1ca21a59a95541d00614cef99316c77d0e366d36d4,F4,FOLD_4,HMSO01R_A|FIELD_LINEAGE|6359faeb0765247f7e12d6c9e8bbc8898fa74fca5c76c863a6009dffddbcb32e,0.1,longitudinal,0.0,0.421875,OUTSIDE_MAJORITY,EVALUABLE,EXPLORATORY_CONSUMED_DIAGNOSTIC_ONLY
MS,pressure_gradient_acceleration,325,HMSO01R_A|PRIMARY|F4|8289d34ef953a6f182f5bbf0101c3a909aa131a7b4ef8051e96ed317d9d18138,F4,FOLD_1,HMSO01R_A|FIELD_LINEAGE|5d84595c43a38b585d7953f18ac50da686f8debb482b1cca6058cffe84d274b6,0.1,none,0.6835878419631444,0.5703125,INSIDE_MAJORITY,EVALUABLE,EXPLORATORY_CONSUMED_DIAGNOSTIC_ONLY
MS,pressure_gradient_acceleration,326,HMSO01R_A|PRIMARY|F4|56b946dabb5968a6b21b25f90019cfff82607fbed847e03471c8231bd3620084,F4,FOLD_1,HMSO01R_A|FIELD_LINEAGE|3264ae7008b91adb6f4b677f3ecc13cbe5ab1143b7f33ef501525d095e0b618c,0.0,none,0.0006530817443535952,1.0,INSIDE_MAJORITY,EVALUABLE,EXPLORATORY_CONSUMED_DIAGNOSTIC_ONLY
MS,pressure_gradient_acceleration,327,HMSO01R_A|PRIMARY|F4|0bef625e78c23809d27376d709781637b1ca99c4bf76c5eedcc0ca7586ad0d28,F4,FOLD_4,HMSO01R_A|FIELD_LINEAGE|6359faeb0765247f7e12d6c9e8bbc8898fa74fca5c76c863a6009dffddbcb32e,0.05,longitudinal,0.0,0.3203125,OUTSIDE_MAJORITY,EVALUABLE,EXPLORATORY_CONSUMED_DIAGNOSTIC_ONLY
MS,pressure_gradient_acceleration,328,HMSO01R_A|PRIMARY|F4|c02320354fd792272cea49a4547cc64bea66d0c42060ac90ccbf8fb91fe26cd1,F4,FOLD_5,HMSO01R_A|FIELD_LINEAGE|c9a10c50914a082104b6f42f933e2e8b35494d6ac1b464fc981b740edc26e9a6,0.0,none,7.142557596321044e-05,1.0,INSIDE_MAJORITY,EVALUABLE,EXPLORATORY_CONSUMED_DIAGNOSTIC_ONLY
MS,pressure_gradient_acceleration,329,HMSO01R_A|PRIMARY|F4|60d61a86c9c80d6addab5af159923a601fd7ed1edee92f2f4cbb301a86fb909a,F4,FOLD_1,HMSO01R_A|FIELD_LINEAGE|3264ae7008b91adb6f4b677f3ecc13cbe5ab1143b7f33ef501525d095e0b618c,0.1,none,0.2877850362843639,0.53125,INSIDE_MAJORITY,EVALUABLE,EXPLORATORY_CONSUMED_DIAGNOSTIC_ONLY
MS,pressure_gradient_acceleration,330,HMSO01R_A|PRIMARY|F4|85b9e2bb526dacaa593ccb65df264a96a4d27bede934ce2ecb57f157e3bc9a19,F4,FOLD_3,HMSO01R_A|FIELD_LINEAGE|7a40ff07646995058d8981271562dfa4f2cc77b96f79dba59c7ae90f96586134,0.0,longitudinal,0.0,1.0,INSIDE_MAJORITY,EVALUABLE,EXPLORATORY_CONSUMED_DIAGNOSTIC_ONLY
MS,pressure_gradient_acceleration,331,HMSO01R_A|PRIMARY|F4|c93564795c53c5b8f2acb7004944a5bf63ea14ebbf8f65a568b2a0b51ef1fb4d,F4,FOLD_5,HMSO01R_A|FIELD_LINEAGE|c9a10c50914a082104b6f42f933e2e8b35494d6ac1b464fc981b740edc26e9a6,0.05,none,3.200478256843586,1.0,INSIDE_MAJORITY,EVALUABLE,EXPLORATORY_CONSUMED_DIAGNOSTIC_ONLY
MS,pressure_gradient_acceleration,332,HMSO01R_A|PRIMARY|F4|c97a86869fce5865992f34bd7205509a7db68ce38ef12dd68bb413852c722653,F4,FOLD_3,HMSO01R_A|FIELD_LINEAGE|7a40ff07646995058d8981271562dfa4f2cc77b96f79dba59c7ae90f96586134,0.05,longitudinal,0.0,0.9140625,INSIDE_MAJORITY,EVALUABLE,EXPLORATORY_CONSUMED_DIAGNOSTIC_ONLY
MS,pressure_gradient_acceleration,333,HMSO01R_A|PRIMARY|F4|6eca32e2ed9db412095b6bb1621309c554428bd902055e55d93c3dbb255ef660,F4,FOLD_3,HMSO01R_A|FIELD_LINEAGE|7a40ff07646995058d8981271562dfa4f2cc77b96f79dba59c7ae90f96586134,0.0,longitudinal,0.0,1.0,INSIDE_MAJORITY,EVALUABLE,EXPLORATORY_CONSUMED_DIAGNOSTIC_ONLY
MS,pressure_gradient_acceleration,334,HMSO01R_A|PRIMARY|F4|4d3ce164d8efe045e29b60ed83ff347cfa2fafe49965f090ff32a2e7acec3e50,F4,FOLD_4,HMSO01R_A|FIELD_LINEAGE|6359faeb0765247f7e12d6c9e8bbc8898fa74fca5c76c863a6009dffddbcb32e,0.05,longitudinal,0.0,0.5703125,INSIDE_MAJORITY,EVALUABLE,EXPLORATORY_CONSUMED_DIAGNOSTIC_ONLY
MS,pressure_gradient_acceleration,335,HMSO01R_A|PRIMARY|F4|f2c4fabe042f5b8aea1f288e25844f23d9a120de8e396a36c9ca1d2e6ccce438,F4,FOLD_4,HMSO01R_A|FIELD_LINEAGE|6359faeb0765247f7e12d6c9e8bbc8898fa74fca5c76c863a6009dffddbcb32e,0.1,longitudinal,0.0,0.4921875,OUTSIDE_MAJORITY,EVALUABLE,EXPLORATORY_CONSUMED_DIAGNOSTIC_ONLY
MS,pressure_gradient_acceleration,336,HMSO01R_A|PRIMARY|F4|9768d97a717e98019abe133a1abe111c5fca5e302e9f72f7322cf07b6ef97904,F4,FOLD_2,HMSO01R_A|FIELD_LINEAGE|8af782533dccfef4a682f44ff365b7014ae448a56bd62c92877bbd37640adb31,0.1,transverse,0.73404342279019,1.0,INSIDE_MAJORITY,EVALUABLE,EXPLORATORY_CONSUMED_DIAGNOSTIC_ONLY
MS,pressure_gradient_acceleration,337,HMSO01R_A|PRIMARY|F4|2c7351f1aa4e82a7579ba6807a834a23987ceda38177da350424d7892a8de9f8,F4,FOLD_4,HMSO01R_A|FIELD_LINEAGE|6359faeb0765247f7e12d6c9e8bbc8898fa74fca5c76c863a6009dffddbcb32e,0.05,longitudinal,0.0,0.5078125,INSIDE_MAJORITY,EVALUABLE,EXPLORATORY_CONSUMED_DIAGNOSTIC_ONLY
MS,pressure_gradient_acceleration,338,HMSO01R_A|PRIMARY|F4|9bbc1a27b5a28b8b1cbc9397ac21c221597c0b4297abbe6d2c46d9068ef63a3a,F4,FOLD_3,HMSO01R_A|FIELD_LINEAGE|7a40ff07646995058d8981271562dfa4f2cc77b96f79dba59c7ae90f96586134,0.1,longitudinal,0.0,0.7578125,INSIDE_MAJORITY,EVALUABLE,EXPLORATORY_CONSUMED_DIAGNOSTIC_ONLY
MS,pressure_gradient_acceleration,339,HMSO01R_A|PRIMARY|F4|a577084b300c5f034112e0aa6d4197f7bb336db3aebc017e187cc64ede052782,F4,FOLD_0,HMSO01R_A|FIELD_LINEAGE|06c31c418b756da4f49834b1270295e826a9807f080171a34a3e7c250369709c,0.0,none,0.14359569264181943,1.0,INSIDE_MAJORITY,EVALUABLE,EXPLORATORY_CONSUMED_DIAGNOSTIC_ONLY
MS,pressure_gradient_acceleration,340,HMSO01R_A|PRIMARY|F4|13c67e1ebb51f50250e869a5f3a557602950c66494025b2a470f6b48342a31ea,F4,FOLD_3,HMSO01R_A|FIELD_LINEAGE|7a40ff07646995058d8981271562dfa4f2cc77b96f79dba59c7ae90f96586134,0.05,longitudinal,0.0,0.6953125,INSIDE_MAJORITY,EVALUABLE,EXPLORATORY_CONSUMED_DIAGNOSTIC_ONLY
MS,pressure_gradient_acceleration,341,HMSO01R_A|PRIMARY|F4|edab4679e82b888e2650cc858316bd212ed80b7e90262d2c10bbefda6974c3cb,F4,FOLD_0,HMSO01R_A|FIELD_LINEAGE|06c31c418b756da4f49834b1270295e826a9807f080171a34a3e7c250369709c,0.05,none,2.4830890460533626,1.0,INSIDE_MAJORITY,EVALUABLE,EXPLORATORY_CONSUMED_DIAGNOSTIC_ONLY
MS,pressure_gradient_acceleration,342,HMSO01R_A|PRIMARY|F4|93f336d5095c9a841b2e50a3fed0819138ef2e6d7698442409f0d4608bb285e9,F4,FOLD_0,HMSO01R_A|FIELD_LINEAGE|06c31c418b756da4f49834b1270295e826a9807f080171a34a3e7c250369709c,0.1,none,2.4503842616606937,1.0,INSIDE_MAJORITY,EVALUABLE,EXPLORATORY_CONSUMED_DIAGNOSTIC_ONLY
MS,pressure_gradient_acceleration,343,HMSO01R_A|PRIMARY|F4|3ecea2b0aa1bdaa68d2f1356e87b52064a96f8259663d3d03b044ceaf96f9cbc,F4,FOLD_1,HMSO01R_A|FIELD_LINEAGE|5d84595c43a38b585d7953f18ac50da686f8debb482b1cca6058cffe84d274b6,0.1,none,0.6767643209739868,0.7578125,INSIDE_MAJORITY,EVALUABLE,EXPLORATORY_CONSUMED_DIAGNOSTIC_ONLY
MS,pressure_gradient_acceleration,344,HMSO01R_A|PRIMARY|F4|b2269306cf2fc8a4591e8938af5813db53954684c008bd6a8cddd0d650dfaa59,F4,FOLD_0,HMSO01R_A|FIELD_LINEAGE|197d7ec024c0036b09ad028c746809cfe1ed712ccbb40eead96390c6dfdd817b,0.05,transverse,0.14393580017832314,1.0,INSIDE_MAJORITY,EVALUABLE,EXPLORATORY_CONSUMED_DIAGNOSTIC_ONLY
MS,pressure_gradient_acceleration,345,HMSO01R_A|PRIMARY|F4|add41ee9198075a3a19c4e02467ad427e3909e0b283ae14140a03b1ecf2a0f11,F4,FOLD_3,HMSO01R_A|FIELD_LINEAGE|7a40ff07646995058d8981271562dfa4f2cc77b96f79dba59c7ae90f96586134,0.05,longitudinal,0.0,0.8203125,INSIDE_MAJORITY,EVALUABLE,EXPLORATORY_CONSUMED_DIAGNOSTIC_ONLY
MS,pressure_gradient_acceleration,346,HMSO01R_A|PRIMARY|F4|5e95bd4803f822dd8674c13a449420695c5df56cd9393606e1f3b9a611de51f1,F4,FOLD_2,HMSO01R_A|FIELD_LINEAGE|8af782533dccfef4a682f44ff365b7014ae448a56bd62c92877bbd37640adb31,0.05,transverse,1.6088153840670105,1.0,INSIDE_MAJORITY,EVALUABLE,EXPLORATORY_CONSUMED_DIAGNOSTIC_ONLY
MS,pressure_gradient_acceleration,347,HMSO01R_A|PRIMARY|F4|24f4ce932c7a7827efac3d2f928c557f54e4049809f5e73fbf1b9f52867a1edd,F4,FOLD_1,HMSO01R_A|FIELD_LINEAGE|5d84595c43a38b585d7953f18ac50da686f8debb482b1cca6058cffe84d274b6,0.05,none,1.160763474467697,0.9609375,INSIDE_MAJORITY,EVALUABLE,EXPLORATORY_CONSUMED_DIAGNOSTIC_ONLY
MS,pressure_gradient_acceleration,348,HMSO01R_A|PRIMARY|F4|18ac4d31edf7a505ad239621dfdf76d1766a2c67683ae1b62d6989cad714c2d7,F4,FOLD_0,HMSO01R_A|FIELD_LINEAGE|197d7ec024c0036b09ad028c746809cfe1ed712ccbb40eead96390c6dfdd817b,0.0,transverse,0.0,1.0,INSIDE_MAJORITY,EVALUABLE,EXPLORATORY_CONSUMED_DIAGNOSTIC_ONLY
MS,pressure_gradient_acceleration,349,HMSO01R_A|PRIMARY|F4|1cc6c0e80b8899df18a73353bf6f7ed7c04f29c45158e61ee28cb2624ac746fe,F4,FOLD_4,HMSO01R_A|FIELD_LINEAGE|6359faeb0765247f7e12d6c9e8bbc8898fa74fca5c76c863a6009dffddbcb32e,0.05,longitudinal,0.0,0.421875,OUTSIDE_MAJORITY,EVALUABLE,EXPLORATORY_CONSUMED_DIAGNOSTIC_ONLY
MS,pressure_gradient_acceleration,350,HMSO01R_A|PRIMARY|F4|d33d0be38e4684bb33437a9df95a1ae6cc0a7aebc3f0a71bfa4fa8cbc4555242,F4,FOLD_1,HMSO01R_A|FIELD_LINEAGE|5d84595c43a38b585d7953f18ac50da686f8debb482b1cca6058cffe84d274b6,0.0,none,5.136822153158179,1.0,INSIDE_MAJORITY,EVALUABLE,EXPLORATORY_CONSUMED_DIAGNOSTIC_ONLY
MS,pressure_gradient_acceleration,351,HMSO01R_A|PRIMARY|F4|5a2e3a505c133416c8dbb86a08170301d688109094d8674ee8080dc96049ad55,F4,FOLD_0,HMSO01R_A|FIELD_LINEAGE|06c31c418b756da4f49834b1270295e826a9807f080171a34a3e7c250369709c,0.05,none,2.9358762842865493,1.0,INSIDE_MAJORITY,EVALUABLE,EXPLORATORY_CONSUMED_DIAGNOSTIC_ONLY
MS,pressure_gradient_acceleration,352,HMSO01R_A|PRIMARY|F4|3b38bca5ba7eb3e076d691c07d5fefab92d9894c689c32264b3e80a8f629fae5,F4,FOLD_1,HMSO01R_A|FIELD_LINEAGE|3264ae7008b91adb6f4b677f3ecc13cbe5ab1143b7f33ef501525d095e0b618c,0.05,none,0.5347505258790883,0.5859375,INSIDE_MAJORITY,EVALUABLE,EXPLORATORY_CONSUMED_DIAGNOSTIC_ONLY
MS,pressure_gradient_acceleration,353,HMSO01R_A|PRIMARY|F4|1453b091d0daa0c4e730c8e0c233a19b45a418a33d5d34531f6df7ff2203213a,F4,FOLD_1,HMSO01R_A|FIELD_LINEAGE|3264ae7008b91adb6f4b677f3ecc13cbe5ab1143b7f33ef501525d095e0b618c,0.05,none,1.0091653811268497,0.9765625,INSIDE_MAJORITY,EVALUABLE,EXPLORATORY_CONSUMED_DIAGNOSTIC_ONLY
MS,pressure_gradient_acceleration,354,HMSO01R_A|PRIMARY|F4|2a57c8fd48f74b76db849058b1fbda9ce73e7c1e67e92c7bb77564c77611730e,F4,FOLD_1,HMSO01R_A|FIELD_LINEAGE|3264ae7008b91adb6f4b677f3ecc13cbe5ab1143b7f33ef501525d095e0b618c,0.05,none,1.2695541441011662,1.0,INSIDE_MAJORITY,EVALUABLE,EXPLORATORY_CONSUMED_DIAGNOSTIC_ONLY
MS,pressure_gradient_acceleration,355,HMSO01R_A|PRIMARY|F4|9f56c3d5d44bf58a93d9ca6afd6c4e8f218ea1cdd2052a96a5e56647a1dfd799,F4,FOLD_2,HMSO01R_A|FIELD_LINEAGE|8af782533dccfef4a682f44ff365b7014ae448a56bd62c92877bbd37640adb31,0.1,transverse,0.726666029683687,1.0,INSIDE_MAJORITY,EVALUABLE,EXPLORATORY_CONSUMED_DIAGNOSTIC_ONLY
MS,pressure_gradient_acceleration,356,HMSO01R_A|PRIMARY|F4|4af9d799645306b976781f74aaac033fc6a03925c4707f61d4dde7f0466e1248,F4,FOLD_1,HMSO01R_A|FIELD_LINEAGE|5d84595c43a38b585d7953f18ac50da686f8debb482b1cca6058cffe84d274b6,0.05,none,1.932253340315474,1.0,INSIDE_MAJORITY,EVALUABLE,EXPLORATORY_CONSUMED_DIAGNOSTIC_ONLY
MS,pressure_gradient_acceleration,357,HMSO01R_A|PRIMARY|F4|70cefd0a326a1189e857a24bc47d3a308a01c71266a610d97da19fe3475449b3,F4,FOLD_0,HMSO01R_A|FIELD_LINEAGE|06c31c418b756da4f49834b1270295e826a9807f080171a34a3e7c250369709c,0.1,none,2.971287205382167,1.0,INSIDE_MAJORITY,EVALUABLE,EXPLORATORY_CONSUMED_DIAGNOSTIC_ONLY
MS,pressure_gradient_acceleration,358,HMSO01R_A|PRIMARY|F4|d12ba8221e83ef54db206896c0ccfc71b0d9e5c69260022a3f60f552de527261,F4,FOLD_5,HMSO01R_A|FIELD_LINEAGE|c9a10c50914a082104b6f42f933e2e8b35494d6ac1b464fc981b740edc26e9a6,0.1,none,2.7614415955601666,0.8828125,INSIDE_MAJORITY,EVALUABLE,EXPLORATORY_CONSUMED_DIAGNOSTIC_ONLY
MS,pressure_gradient_acceleration,359,HMSO01R_A|PRIMARY|F4|6b8727c73995a66d16356a1d36b4933859c3b2fbc63ae62c24b1e21bc11073b5,F4,FOLD_3,HMSO01R_A|FIELD_LINEAGE|7a40ff07646995058d8981271562dfa4f2cc77b96f79dba59c7ae90f96586134,0.05,longitudinal,0.0,0.9453125,INSIDE_MAJORITY,EVALUABLE,EXPLORATORY_CONSUMED_DIAGNOSTIC_ONLY
MS,pressure_gradient_acceleration,360,HMSO01R_A|PRIMARY|F4|743a01d4399472eed3d8ffd9c7a32e1f3a40e5b1780978943bf05c8e760eff58,F4,FOLD_0,HMSO01R_A|FIELD_LINEAGE|06c31c418b756da4f49834b1270295e826a9807f080171a34a3e7c250369709c,0.1,none,3.0221873671496393,1.0,INSIDE_MAJORITY,EVALUABLE,EXPLORATORY_CONSUMED_DIAGNOSTIC_ONLY
MS,pressure_gradient_acceleration,361,HMSO01R_A|PRIMARY|F4|6f8b0062875af4febf1ed5a9e87719c1f1886be25e2bae8ee74787af55c5c1ab,F4,FOLD_3,HMSO01R_A|FIELD_LINEAGE|7a40ff07646995058d8981271562dfa4f2cc77b96f79dba59c7ae90f96586134,0.0,longitudinal,0.0,1.0,INSIDE_MAJORITY,EVALUABLE,EXPLORATORY_CONSUMED_DIAGNOSTIC_ONLY
MS,pressure_gradient_acceleration,362,HMSO01R_A|PRIMARY|F4|8f1ab78a0a32c0cb988d7b4adfde67f10680eff0253d57272287f87269fe5ac7,F4,FOLD_1,HMSO01R_A|FIELD_LINEAGE|5d84595c43a38b585d7953f18ac50da686f8debb482b1cca6058cffe84d274b6,0.0,none,3.7822665818475327,1.0,INSIDE_MAJORITY,EVALUABLE,EXPLORATORY_CONSUMED_DIAGNOSTIC_ONLY
MS,pressure_gradient_acceleration,363,HMSO01R_A|PRIMARY|F4|194231f073caf06555d785c43dcc6f91eb5ef962fbd48ce1696e7a0febd8d169,F4,FOLD_5,HMSO01R_A|FIELD_LINEAGE|c9a10c50914a082104b6f42f933e2e8b35494d6ac1b464fc981b740edc26e9a6,0.05,none,3.420000229529709,1.0,INSIDE_MAJORITY,EVALUABLE,EXPLORATORY_CONSUMED_DIAGNOSTIC_ONLY
MS,pressure_gradient_acceleration,364,HMSO01R_A|PRIMARY|F4|4c5124e2fe9ab57f1899643d25ea08bef342b07b4f5a1b63411031808a84e6e5,F4,FOLD_2,HMSO01R_A|FIELD_LINEAGE|8af782533dccfef4a682f44ff365b7014ae448a56bd62c92877bbd37640adb31,0.05,transverse,0.9240293372589834,1.0,INSIDE_MAJORITY,EVALUABLE,EXPLORATORY_CONSUMED_DIAGNOSTIC_ONLY
MS,pressure_gradient_acceleration,365,HMSO01R_A|PRIMARY|F4|86e0b5c66095d052b370f9153c1c0c79db91e1ce96e3bb2098471bfc1d51f52b,F4,FOLD_1,HMSO01R_A|FIELD_LINEAGE|3264ae7008b91adb6f4b677f3ecc13cbe5ab1143b7f33ef501525d095e0b618c,0.05,none,1.6759254713177327,1.0,INSIDE_MAJORITY,EVALUABLE,EXPLORATORY_CONSUMED_DIAGNOSTIC_ONLY
MS,pressure_gradient_acceleration,366,HMSO01R_A|PRIMARY|F4|fb27fce189386d914da9e876fe6ee49add0c761025cf76dcac6ae5fb83112597,F4,FOLD_4,HMSO01R_A|FIELD_LINEAGE|6359faeb0765247f7e12d6c9e8bbc8898fa74fca5c76c863a6009dffddbcb32e,0.0,longitudinal,0.0,0.4453125,OUTSIDE_MAJORITY,EVALUABLE,EXPLORATORY_CONSUMED_DIAGNOSTIC_ONLY
MS,pressure_gradient_acceleration,367,HMSO01R_A|PRIMARY|F4|7786ab7ac7eee1e1201a9d4cd9bb75b985ca5b9bbe57ed362a6bae2ea6a67b5f,F4,FOLD_5,HMSO01R_A|FIELD_LINEAGE|c9a10c50914a082104b6f42f933e2e8b35494d6ac1b464fc981b740edc26e9a6,0.05,none,2.5106162551928413,1.0,INSIDE_MAJORITY,EVALUABLE,EXPLORATORY_CONSUMED_DIAGNOSTIC_ONLY
MS,pressure_gradient_acceleration,368,HMSO01R_A|PRIMARY|F4|30baa6e6806879515a78f1c62d05bccaab3249b592d8f3bd12ff03c066c53410,F4,FOLD_0,HMSO01R_A|FIELD_LINEAGE|197d7ec024c0036b09ad028c746809cfe1ed712ccbb40eead96390c6dfdd817b,0.1,transverse,0.5192643997337987,0.7890625,INSIDE_MAJORITY,EVALUABLE,EXPLORATORY_CONSUMED_DIAGNOSTIC_ONLY
MS,pressure_gradient_acceleration,369,HMSO01R_A|PRIMARY|F4|b6277718874b120da231461abacc7a7da2022f32e5d8dca303cccaa91f4b4e42,F4,FOLD_5,HMSO01R_A|FIELD_LINEAGE|c9a10c50914a082104b6f42f933e2e8b35494d6ac1b464fc981b740edc26e9a6,0.05,none,2.307575808102968,1.0,INSIDE_MAJORITY,EVALUABLE,EXPLORATORY_CONSUMED_DIAGNOSTIC_ONLY
MS,pressure_gradient_acceleration,370,HMSO01R_A|PRIMARY|F4|522b8141f1cd2e67d095769af78530d3f17997c9669d7c69d1e60899303311c6,F4,FOLD_4,HMSO01R_A|FIELD_LINEAGE|6359faeb0765247f7e12d6c9e8bbc8898fa74fca5c76c863a6009dffddbcb32e,0.05,longitudinal,0.0,0.640625,INSIDE_MAJORITY,EVALUABLE,EXPLORATORY_CONSUMED_DIAGNOSTIC_ONLY
MS,pressure_gradient_acceleration,371,HMSO01R_A|PRIMARY|F4|d0223a5116363bdb9fdbe576b917d428be2afd61c42aa978a1b394059de4a4d3,F4,FOLD_3,HMSO01R_A|FIELD_LINEAGE|7a40ff07646995058d8981271562dfa4f2cc77b96f79dba59c7ae90f96586134,0.1,longitudinal,0.0,0.953125,INSIDE_MAJORITY,EVALUABLE,EXPLORATORY_CONSUMED_DIAGNOSTIC_ONLY
MS,pressure_gradient_acceleration,372,HMSO01R_A|PRIMARY|F4|06d3cb26de6443a1c4252d88b37fa2f0dcf1c3ed1a44f9c013bc3024e09538bf,F4,FOLD_2,HMSO01R_A|FIELD_LINEAGE|8af782533dccfef4a682f44ff365b7014ae448a56bd62c92877bbd37640adb31,0.0,transverse,0.0,1.0,INSIDE_MAJORITY,EVALUABLE,EXPLORATORY_CONSUMED_DIAGNOSTIC_ONLY
MS,pressure_gradient_acceleration,373,HMSO01R_A|PRIMARY|F4|faa348e08c7229666370404a73443dac623fabd23619b19b7c9c6da56881b0a4,F4,FOLD_1,HMSO01R_A|FIELD_LINEAGE|3264ae7008b91adb6f4b677f3ecc13cbe5ab1143b7f33ef501525d095e0b618c,0.0,none,1.5699124482667128e-05,1.0,INSIDE_MAJORITY,EVALUABLE,EXPLORATORY_CONSUMED_DIAGNOSTIC_ONLY
MS,pressure_gradient_acceleration,374,HMSO01R_A|PRIMARY|F4|f86320eb94ec3a1d1974e1cdd67f129ee26e2cc2003115ec42fd58bccce3aec1,F4,FOLD_0,HMSO01R_A|FIELD_LINEAGE|197d7ec024c0036b09ad028c746809cfe1ed712ccbb40eead96390c6dfdd817b,0.05,transverse,0.3641331658497835,1.0,INSIDE_MAJORITY,EVALUABLE,EXPLORATORY_CONSUMED_DIAGNOSTIC_ONLY
MS,pressure_gradient_acceleration,375,HMSO01R_A|PRIMARY|F4|c5dc5e67fe205445cd7e9fb69403cd2d5347418c0d908c36d223c6bb99c2c9c9,F4,FOLD_2,HMSO01R_A|FIELD_LINEAGE|8af782533dccfef4a682f44ff365b7014ae448a56bd62c92877bbd37640adb31,0.05,transverse,1.4051818209726465,1.0,INSIDE_MAJORITY,EVALUABLE,EXPLORATORY_CONSUMED_DIAGNOSTIC_ONLY
MS,pressure_gradient_acceleration,376,HMSO01R_A|PRIMARY|F4|1205342c8d88b237751559327d73d7a9501b4185f18f551c322b8c45740a2a59,F4,FOLD_0,HMSO01R_A|FIELD_LINEAGE|06c31c418b756da4f49834b1270295e826a9807f080171a34a3e7c250369709c,0.05,none,3.1768976188987033,1.0,INSIDE_MAJORITY,EVALUABLE,EXPLORATORY_CONSUMED_DIAGNOSTIC_ONLY
MS,pressure_gradient_acceleration,377,HMSO01R_A|PRIMARY|F4|acc5fc686f98699095bf8bb584f0cbcd98f5ff8d323f5f6a8f2f6a0a6f56d8fd,F4,FOLD_0,HMSO01R_A|FIELD_LINEAGE|197d7ec024c0036b09ad028c746809cfe1ed712ccbb40eead96390c6dfdd817b,0.05,transverse,0.36519066377936316,1.0,INSIDE_MAJORITY,EVALUABLE,EXPLORATORY_CONSUMED_DIAGNOSTIC_ONLY
MS,pressure_gradient_acceleration,378,HMSO01R_A|PRIMARY|F4|50ff0808ef66ae99ee108f7b364caec03276f15f3c79c7781f170708a5248bad,F4,FOLD_1,HMSO01R_A|FIELD_LINEAGE|5d84595c43a38b585d7953f18ac50da686f8debb482b1cca6058cffe84d274b6,0.05,none,1.271454474677399,1.0,INSIDE_MAJORITY,EVALUABLE,EXPLORATORY_CONSUMED_DIAGNOSTIC_ONLY
MS,pressure_gradient_acceleration,379,HMSO01R_A|PRIMARY|F4|6a327a764bfac2756e747a73a674ce99a7a479505ab80e85fb6e0ce559489722,F4,FOLD_5,HMSO01R_A|FIELD_LINEAGE|c9a10c50914a082104b6f42f933e2e8b35494d6ac1b464fc981b740edc26e9a6,0.0,none,0.0023648426749709804,1.0,INSIDE_MAJORITY,EVALUABLE,EXPLORATORY_CONSUMED_DIAGNOSTIC_ONLY
MS,pressure_gradient_acceleration,380,HMSO01R_A|PRIMARY|F4|151f0faa0ec3bffddc64493ea9d1ced59873d77b5045af43474acf1355c1de8d,F4,FOLD_1,HMSO01R_A|FIELD_LINEAGE|5d84595c43a38b585d7953f18ac50da686f8debb482b1cca6058cffe84d274b6,0.05,none,0.657250247823755,0.53125,INSIDE_MAJORITY,EVALUABLE,EXPLORATORY_CONSUMED_DIAGNOSTIC_ONLY
MS,pressure_gradient_acceleration,381,HMSO01R_A|PRIMARY|F4|6ae78396c56cbbbfc0796994805858c3967c47bc24f14028345f8a91b53a4c63,F4,FOLD_3,HMSO01R_A|FIELD_LINEAGE|7a40ff07646995058d8981271562dfa4f2cc77b96f79dba59c7ae90f96586134,0.05,longitudinal,0.0,0.9765625,INSIDE_MAJORITY,EVALUABLE,EXPLORATORY_CONSUMED_DIAGNOSTIC_ONLY
MS,pressure_gradient_acceleration,382,HMSO01R_A|PRIMARY|F4|e935c49b137288ce262897f601f1d1aa7350c95bd540ece1fcec9b3f463e4866,F4,FOLD_0,HMSO01R_A|FIELD_LINEAGE|197d7ec024c0036b09ad028c746809cfe1ed712ccbb40eead96390c6dfdd817b,0.1,transverse,0.08871076504539818,0.984375,INSIDE_MAJORITY,EVALUABLE,EXPLORATORY_CONSUMED_DIAGNOSTIC_ONLY
MS,pressure_gradient_acceleration,383,HMSO01R_A|PRIMARY|F4|6a6a8bfa9928af9cb01b022a75edc3db06b8fbb4fc71e646b76054dec1f3f066,F4,FOLD_0,HMSO01R_A|FIELD_LINEAGE|06c31c418b756da4f49834b1270295e826a9807f080171a34a3e7c250369709c,0.05,none,3.1128082554015477,1.0,INSIDE_MAJORITY,EVALUABLE,EXPLORATORY_CONSUMED_DIAGNOSTIC_ONLY
MS,viscosity_laplacian_acceleration,0,HMSO01R_A|PRIMARY|F1|17189a9c215416ff2620cbd08f0d84d7ada1a2cc660112d1da29b944116d0cd4,F1,FOLD_0,HMSO01R_A|FIELD_LINEAGE|4389c621e60229f631c944081b4adc544d96927c12f624ff90ee3e85668f651e,0.0,longitudinal,0.06937638189623628,1.0,INSIDE_MAJORITY,EVALUABLE,EXPLORATORY_CONSUMED_DIAGNOSTIC_ONLY
MS,viscosity_laplacian_acceleration,1,HMSO01R_A|PRIMARY|F1|a4dcbb5c100eb79e76af22af5e66115d80a192e32c5351ce17a23c9ea395fc58,F1,FOLD_3,HMSO01R_A|FIELD_LINEAGE|39a5eaeb1afddf9af00bec82f67fdf5414fc1d1e11076c2f86704fda2809ab87,0.0,transverse,3.4966869003130214e-05,1.0,INSIDE_MAJORITY,EVALUABLE,EXPLORATORY_CONSUMED_DIAGNOSTIC_ONLY
MS,viscosity_laplacian_acceleration,2,HMSO01R_A|PRIMARY|F1|c2e87b38878c4fcdafb44a05b365bc326ef291a8d36233033ae3633cd4114a99,F1,FOLD_5,HMSO01R_A|FIELD_LINEAGE|86f4c153dee170c8ee8f47b2eb988fa25bcda8c9a7b6fd68a3d7256dc3af0a1f,0.0,none,0.0,1.0,INSIDE_MAJORITY,EVALUABLE,EXPLORATORY_CONSUMED_DIAGNOSTIC_ONLY
MS,viscosity_laplacian_acceleration,3,HMSO01R_A|PRIMARY|F1|5c9e81f778749b662a5e524e43479f5e490b215def0762270203c9817e709b9b,F1,FOLD_1,HMSO01R_A|FIELD_LINEAGE|9aaa52aa8afb4f9adfe0d0e7ddb5e3e8101852fdd6ef0a635cf3875b473d16a7,0.0,transverse,0.0008068830986084805,1.0,INSIDE_MAJORITY,EVALUABLE,EXPLORATORY_CONSUMED_DIAGNOSTIC_ONLY
MS,viscosity_laplacian_acceleration,4,HMSO01R_A|PRIMARY|F1|11515df6f9da405fc42923eeb47db2b4ebe97ceea73b879e18c9259527ebbd13,F1,FOLD_4,HMSO01R_A|FIELD_LINEAGE|e4c235f067a50e9e5304ee0e7ad701299187cd559ceebd74674d932464340e77,0.0,longitudinal,0.7677868583013148,1.0,INSIDE_MAJORITY,EVALUABLE,EXPLORATORY_CONSUMED_DIAGNOSTIC_ONLY
MS,viscosity_laplacian_acceleration,5,HMSO01R_A|PRIMARY|F1|29e92b6c39e1d3a436fb2bd671c7071524922a02fbf8851e384bc0c0d658f8fa,F1,FOLD_0,HMSO01R_A|FIELD_LINEAGE|f117df283c3988b3a51ad2a7138592681c02ac94fc8905b0ebf163745ca00f62,0.0,transverse,3.483687750697964e-05,1.0,INSIDE_MAJORITY,EVALUABLE,EXPLORATORY_CONSUMED_DIAGNOSTIC_ONLY
MS,viscosity_laplacian_acceleration,6,HMSO01R_A|PRIMARY|F1|9883cd7992a90f5d6864ab975f80dd9cf59338673fe1489da80f17066b15096b,F1,FOLD_3,HMSO01R_A|FIELD_LINEAGE|7c009b8ab0dfadca9095462a890aab36eac46b48a3c131f7a908a8d37a21f707,0.0,longitudinal,0.33073787711675634,1.0,INSIDE_MAJORITY,EVALUABLE,EXPLORATORY_CONSUMED_DIAGNOSTIC_ONLY
MS,viscosity_laplacian_acceleration,7,HMSO01R_A|PRIMARY|F1|9487e088f788d2ec8ba6ae806ea91685d6ebbefde165d132cb5f71e58101c354,F1,FOLD_4,HMSO01R_A|FIELD_LINEAGE|a1c0a919ad122615714cbb9f6b50981061d4f68fe06b618c4cd2688f52f12391,0.0,none,0.0,1.0,INSIDE_MAJORITY,EVALUABLE,EXPLORATORY_CONSUMED_DIAGNOSTIC_ONLY
MS,viscosity_laplacian_acceleration,8,HMSO01R_A|PRIMARY|F1|20535a5b894e69d9162faebb7d09c6da71c5ccb03d06b6550f8c2888772f9134,F1,FOLD_1,HMSO01R_A|FIELD_LINEAGE|fefaa03392c6d5e862f0b98f72e148123eb5332d997aade537062f72a6e1a99c,0.0,none,0.0,1.0,INSIDE_MAJORITY,EVALUABLE,EXPLORATORY_CONSUMED_DIAGNOSTIC_ONLY
MS,viscosity_laplacian_acceleration,9,HMSO01R_A|PRIMARY|F1|dc3d8aab18d0c255168c9471f21eea7e056899fbb44faeb54799a5443ea70f0c,F1,FOLD_2,HMSO01R_A|FIELD_LINEAGE|d3329a31885ae9100b3a5071d3f6de7c5b314524ba319156e3df439e55667dd5,0.0,none,0.0,1.0,INSIDE_MAJORITY,EVALUABLE,EXPLORATORY_CONSUMED_DIAGNOSTIC_ONLY
MS,viscosity_laplacian_acceleration,10,HMSO01R_A|PRIMARY|F1|a55f2004bfe7a70aa876e79f282731fbb98f78767765a44b0b1d4f8836b8abf4,F1,FOLD_5,HMSO01R_A|FIELD_LINEAGE|0e85d8db167a222553e045c2d06d7055fe817db60fe9573c8fc78f52ed1f8615,0.0,none,1.8611270636285326e-05,1.0,INSIDE_MAJORITY,EVALUABLE,EXPLORATORY_CONSUMED_DIAGNOSTIC_ONLY
MS,viscosity_laplacian_acceleration,11,HMSO01R_A|PRIMARY|F1|28c77a8ddd05de23b312f2b66382c02eb5b79e2bf306ff67761448f2db57b19a,F1,FOLD_2,HMSO01R_A|FIELD_LINEAGE|05638fa6abec8d1f9d2070785cb5b62bc36d80415fcae04a6c6b1419139c3003,0.0,none,0.0,1.0,INSIDE_MAJORITY,EVALUABLE,EXPLORATORY_CONSUMED_DIAGNOSTIC_ONLY
MS,viscosity_laplacian_acceleration,12,HMSO01R_A|PRIMARY|F1|95f40357845f50cdbfb609794900692a451d073a196e1de5effa8bf3b10c31d3,F1,FOLD_1,HMSO01R_A|FIELD_LINEAGE|1d03c9c9f560219b53c739310adfe296cf8afec50561d01ce15be76ae73c1479,0.0,none,0.0,1.0,INSIDE_MAJORITY,EVALUABLE,EXPLORATORY_CONSUMED_DIAGNOSTIC_ONLY
MS,viscosity_laplacian_acceleration,13,HMSO01R_A|PRIMARY|F1|26d3e67e50ad7a7aa5a033717aad4a0174bbd3a8a498e7e470cb77fc7090aba8,F1,FOLD_1,HMSO01R_A|FIELD_LINEAGE|008a4638c8cb2247bc6cd62f75f3daa09b2e49ba7d73812777f0a31f466efb5e,0.0,longitudinal,0.7535604186430185,1.0,INSIDE_MAJORITY,EVALUABLE,EXPLORATORY_CONSUMED_DIAGNOSTIC_ONLY
MS,viscosity_laplacian_acceleration,14,HMSO01R_A|PRIMARY|F1|551fa9df47aa6d1ed2b65dd205e190a22a7f8bbbeba84ce8cd3bbf30d0d2c86c,F1,FOLD_2,HMSO01R_A|FIELD_LINEAGE|8d1e4918227588e163eea87a946c88983d6e03486114766be90d0602757fb4c2,0.0,longitudinal,0.16672121778011573,1.0,INSIDE_MAJORITY,EVALUABLE,EXPLORATORY_CONSUMED_DIAGNOSTIC_ONLY
MS,viscosity_laplacian_acceleration,15,HMSO01R_A|PRIMARY|F1|4677eaef7506ee864d1ee7c775444f00fae07b93f4e69bffa18aed1490049204,F1,FOLD_0,HMSO01R_A|FIELD_LINEAGE|1b6f0cb3de33bc6abdb0882404222836bd00a9ad3c6fe2c95af35a87f0fa1200,0.0,none,0.0,1.0,INSIDE_MAJORITY,EVALUABLE,EXPLORATORY_CONSUMED_DIAGNOSTIC_ONLY
MS,viscosity_laplacian_acceleration,16,HMSO01R_A|PRIMARY|F1|e4d028900be8963e34d3514450da85cf7e51369728095a44147a375b17ff63f3,F1,FOLD_5,HMSO01R_A|FIELD_LINEAGE|86c895c14384dc9ce73736790948d3516d7de8be96dc834ec48d9a651e6b8e5e,0.0,longitudinal,0.2889787655965834,1.0,INSIDE_MAJORITY,EVALUABLE,EXPLORATORY_CONSUMED_DIAGNOSTIC_ONLY
MS,viscosity_laplacian_acceleration,17,HMSO01R_A|PRIMARY|F1|8853d353badbe5291c0ebcfaf568093874927630ed91db99e44043086bc2bd77,F1,FOLD_4,HMSO01R_A|FIELD_LINEAGE|093dc802dc5954d756689fb97f687ee9b46c368f5fe625c807448d3bc43a1926,0.0,none,0.0,1.0,INSIDE_MAJORITY,EVALUABLE,EXPLORATORY_CONSUMED_DIAGNOSTIC_ONLY
MS,viscosity_laplacian_acceleration,18,HMSO01R_A|PRIMARY|F1|caffac0e852992e38bf950f2604d4982870d7de259ba736aae7ebd5004b0e98b,F1,FOLD_3,HMSO01R_A|FIELD_LINEAGE|0e65acebdbaa92caa4bcb30c2a0feac4a5469aac1dd76780539181916f956f58,0.0,none,0.0,1.0,INSIDE_MAJORITY,EVALUABLE,EXPLORATORY_CONSUMED_DIAGNOSTIC_ONLY
MS,viscosity_laplacian_acceleration,19,HMSO01R_A|PRIMARY|F1|60e871a6c20d0af14c3ace9907424d9db227d34f041ddac4df9aa0a3b0bb1f33,F1,FOLD_0,HMSO01R_A|FIELD_LINEAGE|f117df283c3988b3a51ad2a7138592681c02ac94fc8905b0ebf163745ca00f62,0.0,transverse,9.10667758242648e-05,1.0,INSIDE_MAJORITY,EVALUABLE,EXPLORATORY_CONSUMED_DIAGNOSTIC_ONLY
MS,viscosity_laplacian_acceleration,20,HMSO01R_A|PRIMARY|F1|71098b9cd54436f1ef43bd82182ddda4df38006388ef812629c7c85d4a1ee54a,F1,FOLD_3,HMSO01R_A|FIELD_LINEAGE|16eb11153f438a544fbde5e29c9d4f0fc922c6cc49338ba6f7c68206ac580c7f,0.0,none,0.0,1.0,INSIDE_MAJORITY,EVALUABLE,EXPLORATORY_CONSUMED_DIAGNOSTIC_ONLY
MS,viscosity_laplacian_acceleration,21,HMSO01R_A|PRIMARY|F1|74878e2e410283bf5b8d858ce2e548e073e0dfb665a012817708b2ea789c0d47,F1,FOLD_2,HMSO01R_A|FIELD_LINEAGE|6af5032f0b166e8e3ff27ce0b5fdfb49cda87c61afe66a4eb6eb807e625daf8a,0.0,transverse,0.14470701833705263,1.0,INSIDE_MAJORITY,EVALUABLE,EXPLORATORY_CONSUMED_DIAGNOSTIC_ONLY
MS,viscosity_laplacian_acceleration,22,HMSO01R_A|PRIMARY|F1|5a2a9369cfead6c6a1da9e80f9c5447c935f07e66b8f7bb9ce0dc8ec94be5ff5,F1,FOLD_3,HMSO01R_A|FIELD_LINEAGE|e2940f5e79800b14b8eefcdb52a6c4eb9c2bcacb794aadbf19ab173720ccdfc9,0.0,none,0.0,1.0,INSIDE_MAJORITY,EVALUABLE,EXPLORATORY_CONSUMED_DIAGNOSTIC_ONLY
MS,viscosity_laplacian_acceleration,23,HMSO01R_A|PRIMARY|F1|f0e0780bc33cf937b9317da0fd002ac7503f6caf7b9cb2ee921712e29ac5db01,F1,FOLD_0,HMSO01R_A|FIELD_LINEAGE|429c6019f8749d53e4581b918e84a928af92c02c8bd8516136f7bea7e94cf671,0.0,transverse,0.15204873000566382,1.0,INSIDE_MAJORITY,EVALUABLE,EXPLORATORY_CONSUMED_DIAGNOSTIC_ONLY
MS,viscosity_laplacian_acceleration,24,HMSO01R_A|PRIMARY|F1|6c20eb043c375744b73d04ab8ec845a805d28af301d2b852ab9d4c4b2c29898d,F1,FOLD_1,HMSO01R_A|FIELD_LINEAGE|40ad278dca26109101acf56cf89434c2db030106327c552c8aaad7f18589b1fc,0.0,longitudinal,0.6857005493549475,1.0,INSIDE_MAJORITY,EVALUABLE,EXPLORATORY_CONSUMED_DIAGNOSTIC_ONLY
MS,viscosity_laplacian_acceleration,25,HMSO01R_A|PRIMARY|F1|3844816a275020bfa174550105913eff0bb0a0b952d577b0e78ce0b6d881587b,F1,FOLD_0,HMSO01R_A|FIELD_LINEAGE|55cdcba2ab757796978976644840d2bce6b96e998f32047a71aff1f289ed6480,0.0,longitudinal,0.10616155645466063,1.0,INSIDE_MAJORITY,EVALUABLE,EXPLORATORY_CONSUMED_DIAGNOSTIC_ONLY
MS,viscosity_laplacian_acceleration,26,HMSO01R_A|PRIMARY|F1|73de76417820ead0c529b6f49ef57cb57cd9e90562de185ceaee69461322faf0,F1,FOLD_4,HMSO01R_A|FIELD_LINEAGE|367777ab46eb41f1d6390744a91dc4aea35bac8f23f02a2f5c6dee473916edbd,0.0,transverse,0.00021083925685079366,1.0,INSIDE_MAJORITY,EVALUABLE,EXPLORATORY_CONSUMED_DIAGNOSTIC_ONLY
MS,viscosity_laplacian_acceleration,27,HMSO01R_A|PRIMARY|F1|3bcd9b0dfe43f7d54283d3409374d08e380284b0e39647cc9be2378c77c2427d,F1,FOLD_3,HMSO01R_A|FIELD_LINEAGE|e853753ed3befc6151b8f2c4e9e3797938a7689193c2157695f0b61b8e60abc8,0.0,none,0.0,1.0,INSIDE_MAJORITY,EVALUABLE,EXPLORATORY_CONSUMED_DIAGNOSTIC_ONLY
MS,viscosity_laplacian_acceleration,28,HMSO01R_A|PRIMARY|F1|447fd86c5d23a208d7175d372dc45ee38c1541cf5afadcbce00d200820555993,F1,FOLD_2,HMSO01R_A|FIELD_LINEAGE|e0695af14e7ff6ed68d0eaa0320bde868bdf2eddcd09aade2748baa3ab9013d9,0.0,longitudinal,1.1723391836097308,1.0,INSIDE_MAJORITY,EVALUABLE,EXPLORATORY_CONSUMED_DIAGNOSTIC_ONLY
MS,viscosity_laplacian_acceleration,29,HMSO01R_A|PRIMARY|F1|f56a8ce65aa7323f55e848e9be2c73492ff5fdd223be7259dae69d66167179f2,F1,FOLD_3,HMSO01R_A|FIELD_LINEAGE|21b79bdb11d90c0a9b01efce71ed9eec0d7fba61736210c4c1ab358a9c4e965a,0.0,transverse,1.23966681687165,1.0,INSIDE_MAJORITY,EVALUABLE,EXPLORATORY_CONSUMED_DIAGNOSTIC_ONLY
MS,viscosity_laplacian_acceleration,30,HMSO01R_A|PRIMARY|F1|9279a6540d8c7f0f3e5f902f5a6ef18c812dc118780d25f7ec124f972117401a,F1,FOLD_4,HMSO01R_A|FIELD_LINEAGE|66e31e43c39c0807b2398e5067c9aaab318a50b596f04344988d8e71103f4693,0.0,longitudinal,0.14250011382637257,1.0,INSIDE_MAJORITY,EVALUABLE,EXPLORATORY_CONSUMED_DIAGNOSTIC_ONLY
MS,viscosity_laplacian_acceleration,31,HMSO01R_A|PRIMARY|F1|fdf474ceb763705abb9a27ea1a0d3b260b2d5b47f6e2ba1f33b440f83b6b102b,F1,FOLD_1,HMSO01R_A|FIELD_LINEAGE|bb92dd92e9632ccd3901d1e2e79aab63ab0910a576b08c41f27a140edcf99b56,0.0,none,0.0,1.0,INSIDE_MAJORITY,EVALUABLE,EXPLORATORY_CONSUMED_DIAGNOSTIC_ONLY
MS,viscosity_laplacian_acceleration,32,HMSO01R_A|PRIMARY|F1|e1ae65ba18ef9931ed2d0023caee85b32b14ad85c74ba1f7f8404b6849be16dc,F1,FOLD_2,HMSO01R_A|FIELD_LINEAGE|10ec2dec79c0538398e95e49cd33ade9183e905d4ea4b212dcd4e7ec34fc5546,0.0,transverse,12.168826193319017,1.0,INSIDE_MAJORITY,EVALUABLE,EXPLORATORY_CONSUMED_DIAGNOSTIC_ONLY
MS,viscosity_laplacian_acceleration,33,HMSO01R_A|PRIMARY|F1|cb9af2018d48c5188ab3eaf8f2d698636e814edd8acffd20fb4138cbf810c936,F1,FOLD_3,HMSO01R_A|FIELD_LINEAGE|7be8c21ecd7eaebf293b54b94f1920e19f00da5d0e416aaa8f7c69137970c399,0.0,transverse,1.7640841067052784,1.0,INSIDE_MAJORITY,EVALUABLE,EXPLORATORY_CONSUMED_DIAGNOSTIC_ONLY
MS,viscosity_laplacian_acceleration,34,HMSO01R_A|PRIMARY|F1|b665cfe4fd9eb20f1bd6aea233f0af27494b5960d9e7846b88a2432175f4c297,F1,FOLD_5,HMSO01R_A|FIELD_LINEAGE|4729596698ed7c65dd5f082aea4dac27cd26c6550de18eb2382e9ca6f186b90b,0.0,transverse,0.5326382842327486,1.0,INSIDE_MAJORITY,EVALUABLE,EXPLORATORY_CONSUMED_DIAGNOSTIC_ONLY
MS,viscosity_laplacian_acceleration,35,HMSO01R_A|PRIMARY|F1|a00695e617424fdaa8a3c9b60f31bdf7e639989766a74eea722e71e39bb641eb,F1,FOLD_0,HMSO01R_A|FIELD_LINEAGE|0f49beb059c8327e240fa524ede4b5d0ddc16e0eb915fce826282146040c0e20,0.0,longitudinal,0.058408669615998166,1.0,INSIDE_MAJORITY,EVALUABLE,EXPLORATORY_CONSUMED_DIAGNOSTIC_ONLY
MS,viscosity_laplacian_acceleration,36,HMSO01R_A|PRIMARY|F1|f75a46d3b9dd394415ff0dc35d08d05d473db87f55027b5878a646a9f33d45e7,F1,FOLD_2,HMSO01R_A|FIELD_LINEAGE|6d4353b03da9874056ea6f087e4493dcb629a7b8bd4a1eabce0a6b1b20255b6c,0.0,longitudinal,0.6148323937417634,0.2578125,OUTSIDE_MAJORITY,EVALUABLE,EXPLORATORY_CONSUMED_DIAGNOSTIC_ONLY
MS,viscosity_laplacian_acceleration,37,HMSO01R_A|PRIMARY|F1|29c6da305b8e2ef282724df580222dbd8a5b24509d1719ce985692e5358bdf7c,F1,FOLD_1,HMSO01R_A|FIELD_LINEAGE|73f5ee97e40c47c1aa5579bcf72cf190dfaf3aad2886cc887f3295530388016c,0.0,none,0.0,1.0,INSIDE_MAJORITY,EVALUABLE,EXPLORATORY_CONSUMED_DIAGNOSTIC_ONLY
MS,viscosity_laplacian_acceleration,38,HMSO01R_A|PRIMARY|F1|b261db49db049bd96fd81007473d9551c3c909e1c55ebeb506d71c25c755e401,F1,FOLD_4,HMSO01R_A|FIELD_LINEAGE|0280053dfd6ee65fbd80522b2b04964154d57f31de1cc5d0449972791fa285ea,0.0,none,0.0,1.0,INSIDE_MAJORITY,EVALUABLE,EXPLORATORY_CONSUMED_DIAGNOSTIC_ONLY
MS,viscosity_laplacian_acceleration,39,HMSO01R_A|PRIMARY|F1|b6e3294db87485d8748d624e75ac01416370a0ec2f4eaef0ebe70b5027802dc8,F1,FOLD_5,HMSO01R_A|FIELD_LINEAGE|f9a3d40825ca658eebc26e88239c04a3590f72ad95b03a86bc289649036f4117,0.0,none,0.0,1.0,INSIDE_MAJORITY,EVALUABLE,EXPLORATORY_CONSUMED_DIAGNOSTIC_ONLY
MS,viscosity_laplacian_acceleration,40,HMSO01R_A|PRIMARY|F1|a6994b29962f54879b3c8ebb37161ae29167e6424e5baa7e45c67bb686208095,F1,FOLD_1,HMSO01R_A|FIELD_LINEAGE|f952117e9c8f8a564901d0507e978f58c3289c63c557fb7f3123a84dd049ba29,0.0,longitudinal,1.2584951603042893,1.0,INSIDE_MAJORITY,EVALUABLE,EXPLORATORY_CONSUMED_DIAGNOSTIC_ONLY
MS,viscosity_laplacian_acceleration,41,HMSO01R_A|PRIMARY|F1|b0f0aff1339a42e131cd5f80e40a8c6d4e3f10bf3942e71d6d8ec4c6b0c55a8b,F1,FOLD_1,HMSO01R_A|FIELD_LINEAGE|6aba5ce17b9c02240405669069c0b485de9d3ce1714e3e85b0411d61ec7beb5e,0.0,transverse,3.3274700930627107e-06,1.0,INSIDE_MAJORITY,EVALUABLE,EXPLORATORY_CONSUMED_DIAGNOSTIC_ONLY
MS,viscosity_laplacian_acceleration,42,HMSO01R_A|PRIMARY|F1|afc7d8cb8f2b532d62b4263307a637bf93a00196af97da060c00f3057dad14e2,F1,FOLD_3,HMSO01R_A|FIELD_LINEAGE|61d4f5ea89fdb94c7fd8a7150c89f5910fdf9e6c5a71383e850b5a750c8fcf55,0.0,longitudinal,0.3803123160966507,0.5859375,INSIDE_MAJORITY,EVALUABLE,EXPLORATORY_CONSUMED_DIAGNOSTIC_ONLY
MS,viscosity_laplacian_acceleration,43,HMSO01R_A|PRIMARY|F1|c7c8ab19a81bcd5badacba6a1854992bcea36fee7de3fce2db8d30fe9197fa68,F1,FOLD_4,HMSO01R_A|FIELD_LINEAGE|f9acbd6c60cf4de95eb27dc7c24fd369893e07d5c162236bcdc4cc91f1e5368b,0.0,longitudinal,0.19394067753595665,1.0,INSIDE_MAJORITY,EVALUABLE,EXPLORATORY_CONSUMED_DIAGNOSTIC_ONLY
MS,viscosity_laplacian_acceleration,44,HMSO01R_A|PRIMARY|F1|af7518d9cb8d018b6a6413ca8fca3bd8f76c60ce4bcf6fc40baab5bb8dae00e2,F1,FOLD_3,HMSO01R_A|FIELD_LINEAGE|f8fd31406421545fa9cf8bb98c251eb120eed5378ed4276493239005b13fd6f8,0.0,transverse,2.8947485023229722e-05,1.0,INSIDE_MAJORITY,EVALUABLE,EXPLORATORY_CONSUMED_DIAGNOSTIC_ONLY
MS,viscosity_laplacian_acceleration,45,HMSO01R_A|PRIMARY|F1|cf9891d5f2c4095828d2e4d928157956cdda518ffd5838b924980f9ca27d663c,F1,FOLD_1,HMSO01R_A|FIELD_LINEAGE|ad302a05132d9f111349ae57a7badd9ffd336cce6f517d6dda76a6f130659828,0.0,none,0.0,1.0,INSIDE_MAJORITY,EVALUABLE,EXPLORATORY_CONSUMED_DIAGNOSTIC_ONLY
MS,viscosity_laplacian_acceleration,46,HMSO01R_A|PRIMARY|F1|026c2a27bf5597ed2feda6a4b4383b523d2b65bf87f0549bf53a436bd2600b80,F1,FOLD_2,HMSO01R_A|FIELD_LINEAGE|5932ef4f3ff2f79b2fa4005d45fb593b78f4308c6edd18917a8552256cdfcf19,0.0,none,0.0,1.0,INSIDE_MAJORITY,EVALUABLE,EXPLORATORY_CONSUMED_DIAGNOSTIC_ONLY
MS,viscosity_laplacian_acceleration,47,HMSO01R_A|PRIMARY|F1|01b0d9020535497e4a91a57f6dfccdf37675e8230c14ab2243b3fd456c0da1fb,F1,FOLD_1,HMSO01R_A|FIELD_LINEAGE|f11020ed75e98ae018c3d951c68d3fba4bfe91afdf9eb4b7d62d0c0967429304,0.0,none,0.0,1.0,INSIDE_MAJORITY,EVALUABLE,EXPLORATORY_CONSUMED_DIAGNOSTIC_ONLY
MS,viscosity_laplacian_acceleration,48,HMSO01R_A|PRIMARY|F1|acf4c60a4130b06fae19899271e9088eeceb09c4f21ff41df4be254bc212bc47,F1,FOLD_0,HMSO01R_A|FIELD_LINEAGE|8319212c9598ce2f7cd195e20de66435ffdb6ab6aeedf4d663d53cb3966ebc0a,0.0,longitudinal,0.48230117464046435,1.0,INSIDE_MAJORITY,EVALUABLE,EXPLORATORY_CONSUMED_DIAGNOSTIC_ONLY
MS,viscosity_laplacian_acceleration,49,HMSO01R_A|PRIMARY|F1|96d74acafef3b727542e7a3db52fce3d2980de16630e6c2889f40786a5d470b3,F1,FOLD_5,HMSO01R_A|FIELD_LINEAGE|6d1fc2b84d6da564ae936d907e04365ad5b63a9377b77c1faa05d68a9fe06d3c,0.0,none,0.0,1.0,INSIDE_MAJORITY,EVALUABLE,EXPLORATORY_CONSUMED_DIAGNOSTIC_ONLY
MS,viscosity_laplacian_acceleration,50,HMSO01R_A|PRIMARY|F1|2a6cb0fd5768542273f3d3adfc5cb4aed3516dc9e6976bcbd65f2001126b245e,F1,FOLD_0,HMSO01R_A|FIELD_LINEAGE|101e8ab2bfdfa561a79b7bef11d98c5487b65f400bdd7d35b17d61b9746e280e,0.0,longitudinal,0.18093587301506459,1.0,INSIDE_MAJORITY,EVALUABLE,EXPLORATORY_CONSUMED_DIAGNOSTIC_ONLY
MS,viscosity_laplacian_acceleration,51,HMSO01R_A|PRIMARY|F1|4a9501bd0b21a8516c742f400c393e6144280259851d7f30e2c997e43f411eb7,F1,FOLD_5,HMSO01R_A|FIELD_LINEAGE|41ec221cb0eeb1bbfd7efc4d5d4cd642cd62a71a09fd5ce2fc9fff0cbe48931c,0.0,transverse,1.1136907066436188e-06,1.0,INSIDE_MAJORITY,EVALUABLE,EXPLORATORY_CONSUMED_DIAGNOSTIC_ONLY
MS,viscosity_laplacian_acceleration,52,HMSO01R_A|PRIMARY|F1|c5b0cc6bf0c8dd57bd7f0b8c68dad820a13926b3e97b8ee202b7423bbb7ac616,F1,FOLD_2,HMSO01R_A|FIELD_LINEAGE|d9b0e4ca0c6e9f306f81bad07b5f31753c1237e04a6a51d708212ab05edea52f,0.0,longitudinal,0.45098901299545174,1.0,INSIDE_MAJORITY,EVALUABLE,EXPLORATORY_CONSUMED_DIAGNOSTIC_ONLY
MS,viscosity_laplacian_acceleration,53,HMSO01R_A|PRIMARY|F1|214b8b29d7ce4f3d813b54fcc8f24214fb3f6b4b46ccf76b4ac7b9e36cabe84c,F1,FOLD_4,HMSO01R_A|FIELD_LINEAGE|04cc9f11103eaca809c304d2c5e7176a0ac510070bc43c67da76cab1f9c23ed7,0.0,transverse,1.442487859807128,1.0,INSIDE_MAJORITY,EVALUABLE,EXPLORATORY_CONSUMED_DIAGNOSTIC_ONLY
MS,viscosity_laplacian_acceleration,54,HMSO01R_A|PRIMARY|F1|035ddc8a0ba11d458af8f28be25b2b3108f13e52159ef7f4a7559d8590828570,F1,FOLD_3,HMSO01R_A|FIELD_LINEAGE|39a5eaeb1afddf9af00bec82f67fdf5414fc1d1e11076c2f86704fda2809ab87,0.0,transverse,1.4183402572087651e-05,1.0,INSIDE_MAJORITY,EVALUABLE,EXPLORATORY_CONSUMED_DIAGNOSTIC_ONLY
MS,viscosity_laplacian_acceleration,55,HMSO01R_A|PRIMARY|F1|63b55d105a1f081e8b7d8bebf35069c236c2daea18d7054cd0d430ed3a2842c0,F1,FOLD_5,HMSO01R_A|FIELD_LINEAGE|fa1ab395df96eb71b1cd3e5c31c1a1fe587398989c58265b21dd97a062b35ef9,0.0,longitudinal,0.1338090529302651,1.0,INSIDE_MAJORITY,EVALUABLE,EXPLORATORY_CONSUMED_DIAGNOSTIC_ONLY
MS,viscosity_laplacian_acceleration,56,HMSO01R_A|PRIMARY|F1|74a12153712609103a3fed3a31e86ae95fca60502b239f6ee31ee9f8a4a37ebf,F1,FOLD_4,HMSO01R_A|FIELD_LINEAGE|7fcdfe3b32b571e4d4b1a4e7c1702d5dffaf41926d62628c6a434d692409d901,0.0,transverse,0.001199850022678497,1.0,INSIDE_MAJORITY,EVALUABLE,EXPLORATORY_CONSUMED_DIAGNOSTIC_ONLY
MS,viscosity_laplacian_acceleration,57,HMSO01R_A|PRIMARY|F1|e98e42893b00bae6b3c383328c4579b8fc15ac15d56505fb09208a96018bc491,F1,FOLD_4,HMSO01R_A|FIELD_LINEAGE|cd1482e6386aeab5f67532ea00a4d133dd0798283239fa2bc60b1a36d8fd8390,0.0,none,0.0,1.0,INSIDE_MAJORITY,EVALUABLE,EXPLORATORY_CONSUMED_DIAGNOSTIC_ONLY
MS,viscosity_laplacian_acceleration,58,HMSO01R_A|PRIMARY|F1|7e82e7b632c2905675dfb9908bb28635a50c9d0afdc23c413d8a3bb153a65c1d,F1,FOLD_5,HMSO01R_A|FIELD_LINEAGE|ff441cbe04ac4f8f63fd24360c00fa41becbfbb5a6acdf59e4dfd55c77c15642,0.0,none,0.0,1.0,INSIDE_MAJORITY,EVALUABLE,EXPLORATORY_CONSUMED_DIAGNOSTIC_ONLY
MS,viscosity_laplacian_acceleration,59,HMSO01R_A|PRIMARY|F1|3acaa171d742cbcbf15c7ac08ab281a976d2802302cecc69e603936bf8653389,F1,FOLD_0,HMSO01R_A|FIELD_LINEAGE|eee5df81575181b025958cda057ac7cb0483be4404d018db7bb2c06a63c25462,0.0,longitudinal,0.3702853491173175,0.4375,OUTSIDE_MAJORITY,EVALUABLE,EXPLORATORY_CONSUMED_DIAGNOSTIC_ONLY
MS,viscosity_laplacian_acceleration,60,HMSO01R_A|PRIMARY|F1|1a54ee621f7d1bb29510cf77a1720376b2c019b9d90a93945658549ac2fa9403,F1,FOLD_2,HMSO01R_A|FIELD_LINEAGE|1e499d17b9c103b93706f70e5fa2f7497086b8d1dab61b6d4e57ae6874e328ff,0.0,none,0.0,1.0,INSIDE_MAJORITY,EVALUABLE,EXPLORATORY_CONSUMED_DIAGNOSTIC_ONLY
MS,viscosity_laplacian_acceleration,61,HMSO01R_A|PRIMARY|F1|9b0121f166d7fe06976fbebe9a191c783f584d4642eab46fd48553c06dfce45d,F1,FOLD_2,HMSO01R_A|FIELD_LINEAGE|70dd50135b0ce37b393c6eae858eae2988f95a40a860753345e473ce01dd9d91,0.0,none,0.0,1.0,INSIDE_MAJORITY,EVALUABLE,EXPLORATORY_CONSUMED_DIAGNOSTIC_ONLY
MS,viscosity_laplacian_acceleration,62,HMSO01R_A|PRIMARY|F1|761edfc74274280b5be4fe59a9801d7c1223c2f57bae75ad70a713f6e24ee2a6,F1,FOLD_5,HMSO01R_A|FIELD_LINEAGE|17af857dc7e075f66db0acfe5114e05e0f490cc5340cc9cfe073ae813844b776,0.0,longitudinal,0.16072767675710442,1.0,INSIDE_MAJORITY,EVALUABLE,EXPLORATORY_CONSUMED_DIAGNOSTIC_ONLY
MS,viscosity_laplacian_acceleration,63,HMSO01R_A|PRIMARY|F1|1c3ba79b0f8b42b3ace0cd03d07aee91477b1c601678938adaed5d4dda46b415,F1,FOLD_5,HMSO01R_A|FIELD_LINEAGE|724fd3a44cb8ec4985e45f721837e7f4eeea1666b35a166345e025918455e304,0.0,none,0.0,1.0,INSIDE_MAJORITY,EVALUABLE,EXPLORATORY_CONSUMED_DIAGNOSTIC_ONLY
MS,viscosity_laplacian_acceleration,64,HMSO01R_A|PRIMARY|F1|19d2b988118623ed7e4c9f75c4b118503c0805f566ad8ddf0f5a97a99c7cf58a,F1,FOLD_5,HMSO01R_A|FIELD_LINEAGE|092a3e161c8ce70f083c10130918ff7fb36de994b41e81b7dfb0e04366314a2c,0.0,longitudinal,1.2120866592740758,1.0,INSIDE_MAJORITY,EVALUABLE,EXPLORATORY_CONSUMED_DIAGNOSTIC_ONLY
MS,viscosity_laplacian_acceleration,65,HMSO01R_A|PRIMARY|F1|a14993c5cb44b5479ec4a687919c3a203a6ac7c2d40f7a947b2b8bbddfc502e4,F1,FOLD_5,HMSO01R_A|FIELD_LINEAGE|72bbc35959df916eca72e8fb7e723c361c09592753187c3754f344aae218c230,0.0,none,0.0,1.0,INSIDE_MAJORITY,EVALUABLE,EXPLORATORY_CONSUMED_DIAGNOSTIC_ONLY
MS,viscosity_laplacian_acceleration,66,HMSO01R_A|PRIMARY|F1|0060fe96e8996a93ec588dad8d1598866677e2ab75f92384cd8022d88ffbb86c,F1,FOLD_4,HMSO01R_A|FIELD_LINEAGE|065caad01d0036cc45e094366cffda53edef5d184f8c28ff280e81478dd5499f,0.0,longitudinal,0.9679618811734235,0.6328125,INSIDE_MAJORITY,EVALUABLE,EXPLORATORY_CONSUMED_DIAGNOSTIC_ONLY
MS,viscosity_laplacian_acceleration,67,HMSO01R_A|PRIMARY|F1|a0f716a2924ed7983147b5345834d26d6ed9e125e8e6d3a013b4d6426dc1c09a,F1,FOLD_5,HMSO01R_A|FIELD_LINEAGE|bd0a319ae5e310c35bfeaafdbd8220147f595c77c4d665773530796c1f3b9b59,0.0,transverse,0.23309336658798108,1.0,INSIDE_MAJORITY,EVALUABLE,EXPLORATORY_CONSUMED_DIAGNOSTIC_ONLY
MS,viscosity_laplacian_acceleration,68,HMSO01R_A|PRIMARY|F1|db32dab50d014d5b7d6290ae6c5a611058396e215092f82d17eb88333b05793e,F1,FOLD_3,HMSO01R_A|FIELD_LINEAGE|b49a6f081c09f4e4bff79a7f0fc0a282131ed3252c520eb6637fbf7ad615c6bd,0.0,transverse,0.0001490323874391597,1.0,INSIDE_MAJORITY,EVALUABLE,EXPLORATORY_CONSUMED_DIAGNOSTIC_ONLY
MS,viscosity_laplacian_acceleration,69,HMSO01R_A|PRIMARY|F1|1aa6c3e6deee011c9544133bf78d7b19f7cad12fc2a4828e57202274987a750c,F1,FOLD_5,HMSO01R_A|FIELD_LINEAGE|49aae8e0ac8e4584d3624cd5459480c917c8157571a4f7ac9660003550146055,0.0,longitudinal,0.5064179424298882,1.0,INSIDE_MAJORITY,EVALUABLE,EXPLORATORY_CONSUMED_DIAGNOSTIC_ONLY
MS,viscosity_laplacian_acceleration,70,HMSO01R_A|PRIMARY|F1|7df69f6c86b7eff42e7c73af5fc7d5af02a2b7a11651af2ed2c84c22f75b0d75,F1,FOLD_0,HMSO01R_A|FIELD_LINEAGE|0f49beb059c8327e240fa524ede4b5d0ddc16e0eb915fce826282146040c0e20,0.0,longitudinal,0.5088555042094678,1.0,INSIDE_MAJORITY,EVALUABLE,EXPLORATORY_CONSUMED_DIAGNOSTIC_ONLY
MS,viscosity_laplacian_acceleration,71,HMSO01R_A|PRIMARY|F1|f50221dbd1affdd2a99fc0269437c21009164da4bfdebc3af7c6eef19b74bce8,F1,FOLD_1,HMSO01R_A|FIELD_LINEAGE|c7498c8903eedb4eb72abeb74a8624f4f311768cc705b42f488a9e810b4c3aec,0.0,transverse,0.0002354278755657721,1.0,INSIDE_MAJORITY,EVALUABLE,EXPLORATORY_CONSUMED_DIAGNOSTIC_ONLY
MS,viscosity_laplacian_acceleration,72,HMSO01R_A|PRIMARY|F1|bc61c9ff5fc4d66944ef51b8d5c8887be4970fac89df5995a89c67e9e00c487c,F1,FOLD_4,HMSO01R_A|FIELD_LINEAGE|e5fd0d86ce4eda7b6deef112c4230d6cc2c904c7a1cbb32b883405f7907c5018,0.0,none,0.0,1.0,INSIDE_MAJORITY,EVALUABLE,EXPLORATORY_CONSUMED_DIAGNOSTIC_ONLY
MS,viscosity_laplacian_acceleration,73,HMSO01R_A|PRIMARY|F1|9b0c56f3112e6518b308e096b830a618cdd301074fb48e496f551a4183b7a002,F1,FOLD_2,HMSO01R_A|FIELD_LINEAGE|05638fa6abec8d1f9d2070785cb5b62bc36d80415fcae04a6c6b1419139c3003,0.0,none,0.0,1.0,INSIDE_MAJORITY,EVALUABLE,EXPLORATORY_CONSUMED_DIAGNOSTIC_ONLY
MS,viscosity_laplacian_acceleration,74,HMSO01R_A|PRIMARY|F1|a6b03df9badbccaafd77fa2d99f151928adcfe61dbcc87b60332a8518468a707,F1,FOLD_0,HMSO01R_A|FIELD_LINEAGE|e6f79f1197cd7f6ad00ce2f5ddcac136ad9a2faa5584e9f390794bfb6ee07ac6,0.0,transverse,0.0013405289621610753,1.0,INSIDE_MAJORITY,EVALUABLE,EXPLORATORY_CONSUMED_DIAGNOSTIC_ONLY
MS,viscosity_laplacian_acceleration,75,HMSO01R_A|PRIMARY|F1|a6cab7e0592176d869b619f0ba537484f9c18170b47ba82de6cce39092c19e80,F1,FOLD_1,HMSO01R_A|FIELD_LINEAGE|97fbdfbd64658c72d9a31f61eea2acf4543cf9ba5532a2ed052d1358412ef553,0.0,none,0.008487667565272715,1.0,INSIDE_MAJORITY,EVALUABLE,EXPLORATORY_CONSUMED_DIAGNOSTIC_ONLY
MS,viscosity_laplacian_acceleration,76,HMSO01R_A|PRIMARY|F1|6e6752cb4ce90e6f165c77805339b425572aba3cb875503942fd876c35a74b1c,F1,FOLD_0,HMSO01R_A|FIELD_LINEAGE|ca0f07a3c0d5df7705d15288eb48ecdf2c50af57aa3e1ab370127581f048c929,0.0,transverse,0.0038841175809327124,1.0,INSIDE_MAJORITY,EVALUABLE,EXPLORATORY_CONSUMED_DIAGNOSTIC_ONLY
MS,viscosity_laplacian_acceleration,77,HMSO01R_A|PRIMARY|F1|1814098db0c57fb57e82c60d62ef307c29f52d3af56f832b1893973e8e7f78fa,F1,FOLD_4,HMSO01R_A|FIELD_LINEAGE|a594f1a43c118c7761d223f6f34e42847c31c67fc6b06838b968dcc65b6c3356,0.0,transverse,0.0003362112121952861,1.0,INSIDE_MAJORITY,EVALUABLE,EXPLORATORY_CONSUMED_DIAGNOSTIC_ONLY
MS,viscosity_laplacian_acceleration,78,HMSO01R_A|PRIMARY|F1|936b626e0f4176f23d80581a89d19b16c892c9e907469630a0ab4a4a186275a9,F1,FOLD_0,HMSO01R_A|FIELD_LINEAGE|59aef3f6a7aa33f774612e58955e925638af1b151b9e6b2d7127236b21c1a5a6,0.0,none,0.0,1.0,INSIDE_MAJORITY,EVALUABLE,EXPLORATORY_CONSUMED_DIAGNOSTIC_ONLY
MS,viscosity_laplacian_acceleration,79,HMSO01R_A|PRIMARY|F1|ffee10e6bc66c4c8b9fd9915c0f61a5f20526da0fd2aa5d32bde8193180800b3,F1,FOLD_1,HMSO01R_A|FIELD_LINEAGE|788bb18808dd1be8d0fa3d7caafb9ed17441fce457a419d2bbaf861831d83a81,0.0,transverse,0.10339709488349186,1.0,INSIDE_MAJORITY,EVALUABLE,EXPLORATORY_CONSUMED_DIAGNOSTIC_ONLY
MS,viscosity_laplacian_acceleration,80,HMSO01R_A|PRIMARY|F1|1628e62e310d75900b67405f8fad9928eba66f7ce48430cf6fe2d28e0156c0f1,F1,FOLD_4,HMSO01R_A|FIELD_LINEAGE|c7100ae9429166735b2d4f6243a22cf5abc14cffba49fce96d94ed19a12387d6,0.0,none,0.0,1.0,INSIDE_MAJORITY,EVALUABLE,EXPLORATORY_CONSUMED_DIAGNOSTIC_ONLY
MS,viscosity_laplacian_acceleration,81,HMSO01R_A|PRIMARY|F1|0ed630a80e31bb1543196773fc1c45dcc64f47c954d8262e2dbb2a42930c1e88,F1,FOLD_4,HMSO01R_A|FIELD_LINEAGE|3e17b326e03465aac98a6b656cd3125c19ada3cc77d6223ebd6e30804155ff56,0.0,transverse,6.477012878619528e-05,1.0,INSIDE_MAJORITY,EVALUABLE,EXPLORATORY_CONSUMED_DIAGNOSTIC_ONLY
MS,viscosity_laplacian_acceleration,82,HMSO01R_A|PRIMARY|F1|4ac07b1a900151f104f19f07c396d96c4ef4358c793444482dfc72a8b0c35c1b,F1,FOLD_2,HMSO01R_A|FIELD_LINEAGE|f01618f1ef2fe7c85085b02f71644f843db176708a8abb6e4e05116a594e9ae3,0.0,transverse,0.0017929806303188915,1.0,INSIDE_MAJORITY,EVALUABLE,EXPLORATORY_CONSUMED_DIAGNOSTIC_ONLY
MS,viscosity_laplacian_acceleration,83,HMSO01R_A|PRIMARY|F1|02ced0debb26e82ccc515e722e216e65ac33912437baf915d1006437bdc105bc,F1,FOLD_3,HMSO01R_A|FIELD_LINEAGE|0d9a0fc9b5f4f20cb32cc24ac6db7a1e45276ec79661381e7e476b453759d6b0,0.0,longitudinal,0.13253324291089866,0.234375,OUTSIDE_MAJORITY,EVALUABLE,EXPLORATORY_CONSUMED_DIAGNOSTIC_ONLY
MS,viscosity_laplacian_acceleration,84,HMSO01R_A|PRIMARY|F1|498868e3493b829e691cfa53d16099c09ae3cb5d3b16812102a5ba5a69cbcaf6,F1,FOLD_3,HMSO01R_A|FIELD_LINEAGE|61d4f5ea89fdb94c7fd8a7150c89f5910fdf9e6c5a71383e850b5a750c8fcf55,0.0,longitudinal,1.4866819199035395,0.9375,INSIDE_MAJORITY,EVALUABLE,EXPLORATORY_CONSUMED_DIAGNOSTIC_ONLY
MS,viscosity_laplacian_acceleration,85,HMSO01R_A|PRIMARY|F1|bbc93f10c6777f99da1ac3f7ec2110235588b8a19af9f68689049ae7d9dea0a9,F1,FOLD_2,HMSO01R_A|FIELD_LINEAGE|8fbd2d8c6238dbc0e3f8ebbea9ee429eb1cbd0b7ebf5580cffb8e79372f4cf04,0.0,none,0.0,1.0,INSIDE_MAJORITY,EVALUABLE,EXPLORATORY_CONSUMED_DIAGNOSTIC_ONLY
MS,viscosity_laplacian_acceleration,86,HMSO01R_A|PRIMARY|F1|cc7d34b4c1b5db9db00200a23658dab384a02cfa9c58517792dace4721b21afb,F1,FOLD_4,HMSO01R_A|FIELD_LINEAGE|02a8e9bf168ff7b6159072e41013ee435870f1006dfd3aa95840b1c132f5aafb,0.0,none,0.0,1.0,INSIDE_MAJORITY,EVALUABLE,EXPLORATORY_CONSUMED_DIAGNOSTIC_ONLY
MS,viscosity_laplacian_acceleration,87,HMSO01R_A|PRIMARY|F1|05f1d1c9a9b3aa507312fd97f2e65f5e02bf2ebec700d57a2dc57507dfde8612,F1,FOLD_0,HMSO01R_A|FIELD_LINEAGE|95873981d02cb2a4e333122aa57c7927c33fccc49c0b93590a6b549f6bec57f1,0.0,none,0.0,1.0,INSIDE_MAJORITY,EVALUABLE,EXPLORATORY_CONSUMED_DIAGNOSTIC_ONLY
MS,viscosity_laplacian_acceleration,88,HMSO01R_A|PRIMARY|F1|c6267cee86f5825f3095ad26040411798dfef7a71ce8e9f6c3d51ded55f9bcdb,F1,FOLD_5,HMSO01R_A|FIELD_LINEAGE|475ead0c3c732d8046f08c0918482fe4219c4fa643d2e948ba96c0bc2f6d887d,0.0,none,0.0,1.0,INSIDE_MAJORITY,EVALUABLE,EXPLORATORY_CONSUMED_DIAGNOSTIC_ONLY
MS,viscosity_laplacian_acceleration,89,HMSO01R_A|PRIMARY|F1|cea2672e7a4028211523d6e85816f1c8244b9012de5d68bd1b63b1be848e64c5,F1,FOLD_0,HMSO01R_A|FIELD_LINEAGE|6260b45ec31956360cb50305f8ad9fa70be57f53fb24bc0523fc70aeb48f57ae,0.0,longitudinal,0.37813483634510237,0.3515625,OUTSIDE_MAJORITY,EVALUABLE,EXPLORATORY_CONSUMED_DIAGNOSTIC_ONLY
MS,viscosity_laplacian_acceleration,90,HMSO01R_A|PRIMARY|F1|0fe531b05a1f891a540b4fe00c26c9db1242f708e1b74604fcb14bb87dbb9a5f,F1,FOLD_1,HMSO01R_A|FIELD_LINEAGE|8788043b5775de130eade6a54c5654805d8ed31cc68fcfa8928c3b7150abef48,0.0,transverse,3.1080742760926578e-28,1.0,INSIDE_MAJORITY,EVALUABLE,EXPLORATORY_CONSUMED_DIAGNOSTIC_ONLY
MS,viscosity_laplacian_acceleration,91,HMSO01R_A|PRIMARY|F1|0535144bbfa08b7d0b40f6b095ad58cc5b7364203192a1621e9b3684ace2b076,F1,FOLD_4,HMSO01R_A|FIELD_LINEAGE|e39068083f41a31c97e7737f6138e1986484dea8bfe32d65a52cd58aaa1ec7e8,0.0,transverse,5.9506242586489e-29,1.0,INSIDE_MAJORITY,EVALUABLE,EXPLORATORY_CONSUMED_DIAGNOSTIC_ONLY
MS,viscosity_laplacian_acceleration,92,HMSO01R_A|PRIMARY|F1|fbe40df16a8e1d6477e28f02fd31d0afffef7d5d611b8d2f2ea5d89f4b52046f,F1,FOLD_2,HMSO01R_A|FIELD_LINEAGE|29dc93f9e64f8875b47eb06f84606bc0c4a0e9315877441085164bd7870ebc8e,0.0,longitudinal,0.4734716006383396,0.7109375,INSIDE_MAJORITY,EVALUABLE,EXPLORATORY_CONSUMED_DIAGNOSTIC_ONLY
MS,viscosity_laplacian_acceleration,93,HMSO01R_A|PRIMARY|F1|5560e3365d3607136c18f15a5b4bdeb0fa1ad093bb1bf0a9c64749d626712ac8,F1,FOLD_0,HMSO01R_A|FIELD_LINEAGE|7fd6bba4cc2991027e04cc510555a1b3e651423143c79ecd367c197fbfdf8786,0.0,transverse,0.7593576891501121,1.0,INSIDE_MAJORITY,EVALUABLE,EXPLORATORY_CONSUMED_DIAGNOSTIC_ONLY
MS,viscosity_laplacian_acceleration,94,HMSO01R_A|PRIMARY|F1|cb44afeeedccea248dc79f57a33134ffc06c52300efb702bef321f85ff291749,F1,FOLD_3,HMSO01R_A|FIELD_LINEAGE|21b79bdb11d90c0a9b01efce71ed9eec0d7fba61736210c4c1ab358a9c4e965a,0.0,transverse,3.6204165328746694,1.0,INSIDE_MAJORITY,EVALUABLE,EXPLORATORY_CONSUMED_DIAGNOSTIC_ONLY
MS,viscosity_laplacian_acceleration,95,HMSO01R_A|PRIMARY|F1|1b1636e252838151c5329cba2980c53958595581db916378e4983f55276c520b,F1,FOLD_3,HMSO01R_A|FIELD_LINEAGE|c26b5ad7fee192c3863a9362bb1782ac10409a155024388ef9dea9120f9c3662,0.0,longitudinal,0.7513289413504365,1.0,INSIDE_MAJORITY,EVALUABLE,EXPLORATORY_CONSUMED_DIAGNOSTIC_ONLY
MS,viscosity_laplacian_acceleration,96,HMSO01R_A|PRIMARY|F2|7e7924cc19bd7edebd8e97056ff92c73108de1dde1d2b5a765b6e9c2f15039c8,F2,FOLD_4,HMSO01R_A|FIELD_LINEAGE|e269817bd0e21e72d0864769c51ef7f6839102d6f41f035fbbff5041e46bd0d4,0.0,longitudinal,1.0556864951595464,0.46875,OUTSIDE_MAJORITY,EVALUABLE,EXPLORATORY_CONSUMED_DIAGNOSTIC_ONLY
MS,viscosity_laplacian_acceleration,97,HMSO01R_A|PRIMARY|F2|85b92082f276f3286e4c6678f12a7255756bc248311c1650cd74d5462994ca54,F2,FOLD_2,HMSO01R_A|FIELD_LINEAGE|7f5e5896e83ee81bc858adc8fff5befe2b2c76e1183ff21435261a6621560b2c,0.0,none,0.0,1.0,INSIDE_MAJORITY,EVALUABLE,EXPLORATORY_CONSUMED_DIAGNOSTIC_ONLY
MS,viscosity_laplacian_acceleration,98,HMSO01R_A|PRIMARY|F2|2ff0e21490694c171662def5d7e7fc31fff27fc33ce0ec43388cd14f39163b4f,F2,FOLD_5,HMSO01R_A|FIELD_LINEAGE|b914e9e8b47652c007a545bd9a5f60dbdaba2b957df3f42cdec4c8edb98e6d53,0.0,none,0.0,1.0,INSIDE_MAJORITY,EVALUABLE,EXPLORATORY_CONSUMED_DIAGNOSTIC_ONLY
MS,viscosity_laplacian_acceleration,99,HMSO01R_A|PRIMARY|F2|97f71a14707261d95640d0d9f5541f1319782a7e078f04d23def94e5d6a43472,F2,FOLD_4,HMSO01R_A|FIELD_LINEAGE|5c07d2280b8a6c46f1c42b9f7878f3f5c5e2174c9419aaf05f2bb6b52ab2f5f6,0.0,none,0.0,1.0,INSIDE_MAJORITY,EVALUABLE,EXPLORATORY_CONSUMED_DIAGNOSTIC_ONLY
MS,viscosity_laplacian_acceleration,100,HMSO01R_A|PRIMARY|F2|414c8ecf48e731bd46184d3087ac18ed274e64a9422b6509a42bf763314621ad,F2,FOLD_1,HMSO01R_A|FIELD_LINEAGE|e46b2d3dad1b8a5413f52396bbef71167f252a4ba61297ea3e2b46c37456ba4c,0.0,transverse,0.0268010509839232,1.0,INSIDE_MAJORITY,EVALUABLE,EXPLORATORY_CONSUMED_DIAGNOSTIC_ONLY
MS,viscosity_laplacian_acceleration,101,HMSO01R_A|PRIMARY|F2|eb1689f62d946c439a6d3e8a126f1b368ff2d262284868572ff232553dc8f24c,F2,FOLD_5,HMSO01R_A|FIELD_LINEAGE|f9dd81299410ddb65efe58bb38fc53798a53c7f5ab1183ef52b5f93fb7daea68,0.0,transverse,0.08961177384438189,1.0,INSIDE_MAJORITY,EVALUABLE,EXPLORATORY_CONSUMED_DIAGNOSTIC_ONLY
MS,viscosity_laplacian_acceleration,102,HMSO01R_A|PRIMARY|F2|d101b9fccd0265ae823f18e17210370e5f35e1b05491fa7f75f82921c3267d4e,F2,FOLD_4,HMSO01R_A|FIELD_LINEAGE|88fd5f86ca9cc426c28ce681d06ea15f58c6c7889170fcda146bde128f6121e4,0.0,none,0.0,1.0,INSIDE_MAJORITY,EVALUABLE,EXPLORATORY_CONSUMED_DIAGNOSTIC_ONLY
MS,viscosity_laplacian_acceleration,103,HMSO01R_A|PRIMARY|F2|449e6cd6b8c06069cd6cf2860bd3963de9074cd7fcfd7566dd44991a9ae739a3,F2,FOLD_1,HMSO01R_A|FIELD_LINEAGE|381d8f63546be0384f86ba8b518abcf8c4d107fec707374fb03828151e0b75af,0.0,transverse,0.00671164234758089,1.0,INSIDE_MAJORITY,EVALUABLE,EXPLORATORY_CONSUMED_DIAGNOSTIC_ONLY
MS,viscosity_laplacian_acceleration,104,HMSO01R_A|PRIMARY|F2|23cb9d511eb7a03c195d65cf002190a3de4bdf272f9cadb5034d63d5c3f94b61,F2,FOLD_2,HMSO01R_A|FIELD_LINEAGE|34168bb92814c253cb6b05f8022442aa6cab311b67f648a00b758da530873bc9,0.0,transverse,0.5558302428793169,1.0,INSIDE_MAJORITY,EVALUABLE,EXPLORATORY_CONSUMED_DIAGNOSTIC_ONLY
MS,viscosity_laplacian_acceleration,105,HMSO01R_A|PRIMARY|F2|869df7a0fb63835ddf6566da54e0d373a6c1f59a6452f75c57746e6112d3832d,F2,FOLD_3,HMSO01R_A|FIELD_LINEAGE|5915fb95e293a089619d78d1366edf95fa145cc69452df6337d9252e862b1502,0.0,transverse,0.3400029470806903,1.0,INSIDE_MAJORITY,EVALUABLE,EXPLORATORY_CONSUMED_DIAGNOSTIC_ONLY
MS,viscosity_laplacian_acceleration,106,HMSO01R_A|PRIMARY|F2|646ee8d3e4b16c47e1fb553fefbb3b74a716ac8bd308824708d76e3321dc1cd0,F2,FOLD_1,HMSO01R_A|FIELD_LINEAGE|d65de8a657545ef8339cfa29e05ce27d63f8ec5e02ee50514a615a33f5595da9,0.0,none,0.0009263028538201395,1.0,INSIDE_MAJORITY,EVALUABLE,EXPLORATORY_CONSUMED_DIAGNOSTIC_ONLY
MS,viscosity_laplacian_acceleration,107,HMSO01R_A|PRIMARY|F2|b0f94b27f5456ad80df8c062f7f56906abef8438f057295aba3da67c8bbd12e9,F2,FOLD_3,HMSO01R_A|FIELD_LINEAGE|541d56dfe6d37f091e41084f899b04aeee2814cee915608e406b47dce85c3c8b,0.0,transverse,0.6163648267875521,1.0,INSIDE_MAJORITY,EVALUABLE,EXPLORATORY_CONSUMED_DIAGNOSTIC_ONLY
MS,viscosity_laplacian_acceleration,108,HMSO01R_A|PRIMARY|F2|7a7191904352183301d247a40d96db329241f40303971378388f54703e42d5eb,F2,FOLD_3,HMSO01R_A|FIELD_LINEAGE|0f0f1b8e6d3d2de7f2739e4c27aed7f4a0fa84df148b19d95d7dbbf8ec12bea3,0.0,transverse,1.6350219386080491,1.0,INSIDE_MAJORITY,EVALUABLE,EXPLORATORY_CONSUMED_DIAGNOSTIC_ONLY
MS,viscosity_laplacian_acceleration,109,HMSO01R_A|PRIMARY|F2|73fb02e9b6077123a3090fa7da944899e05b3071e33454b777da5ca899f5a712,F2,FOLD_0,HMSO01R_A|FIELD_LINEAGE|64cf1977fe8b52c7e0fc1798d4810be4243b09c0886573ce42439c1eaf431667,0.0,none,6.633901678183362e-06,1.0,INSIDE_MAJORITY,EVALUABLE,EXPLORATORY_CONSUMED_DIAGNOSTIC_ONLY
MS,viscosity_laplacian_acceleration,110,HMSO01R_A|PRIMARY|F2|14ebf9c5211ec842b94eb431a255eec626b701840acca3d9bc1c8b3bb88cbb9a,F2,FOLD_2,HMSO01R_A|FIELD_LINEAGE|81c7292472bf739bf28836ff17c69dda49199278b75cd9c66130df6be7c143fb,0.0,none,0.0,1.0,INSIDE_MAJORITY,EVALUABLE,EXPLORATORY_CONSUMED_DIAGNOSTIC_ONLY
MS,viscosity_laplacian_acceleration,111,HMSO01R_A|PRIMARY|F2|e6f200a97055e4a10ae720faf7c9a87353731bdda3dd2c5fc3a08194879ff990,F2,FOLD_5,HMSO01R_A|FIELD_LINEAGE|f7cc0cf639be6a7e99c37868bcf630bb54f34534e2c78b36b59b7ac5ebbd1919,0.0,transverse,1.0428540866990856,1.0,INSIDE_MAJORITY,EVALUABLE,EXPLORATORY_CONSUMED_DIAGNOSTIC_ONLY
MS,viscosity_laplacian_acceleration,112,HMSO01R_A|PRIMARY|F2|6a3e31bd5acc8fbcc153de54a6848625791547184a93279bd781a8ffb834c1f7,F2,FOLD_4,HMSO01R_A|FIELD_LINEAGE|7a0ba19f2cf324db5922acc61291c51f82b574717f73f269f12eae7bcc99ab35,0.0,none,0.0,1.0,INSIDE_MAJORITY,EVALUABLE,EXPLORATORY_CONSUMED_DIAGNOSTIC_ONLY
MS,viscosity_laplacian_acceleration,113,HMSO01R_A|PRIMARY|F2|60f3afc21d1f9a98ba22494006f3d71d56fc8c96f4d6037b7a222f6a9c276d6f,F2,FOLD_4,HMSO01R_A|FIELD_LINEAGE|3283083498700d830b6f9393659c16097acacaf984f6c43b70c65438a233286d,0.0,transverse,0.0023840201867119703,1.0,INSIDE_MAJORITY,EVALUABLE,EXPLORATORY_CONSUMED_DIAGNOSTIC_ONLY
MS,viscosity_laplacian_acceleration,114,HMSO01R_A|PRIMARY|F2|d3d6e357c6b9ef5b5dfccefdc6900915df6420d99b7d834bc087f2124f3e371d,F2,FOLD_3,HMSO01R_A|FIELD_LINEAGE|541d56dfe6d37f091e41084f899b04aeee2814cee915608e406b47dce85c3c8b,0.0,transverse,2.2485046974744454,1.0,INSIDE_MAJORITY,EVALUABLE,EXPLORATORY_CONSUMED_DIAGNOSTIC_ONLY
MS,viscosity_laplacian_acceleration,115,HMSO01R_A|PRIMARY|F2|7354a4d210a0d4fe09c9c0aabc9fa2291423854904a772cbabdd6d8756f6b637,F2,FOLD_5,HMSO01R_A|FIELD_LINEAGE|d8cd77f2aea85a93297ba4755747ee15653349aca322bca77ce1738389444994,0.0,none,0.0,1.0,INSIDE_MAJORITY,EVALUABLE,EXPLORATORY_CONSUMED_DIAGNOSTIC_ONLY
MS,viscosity_laplacian_acceleration,116,HMSO01R_A|PRIMARY|F2|44f3cae28757a7122157bf9485a7f37e5ec9420f4d95986f145315a5a9aeeb0d,F2,FOLD_0,HMSO01R_A|FIELD_LINEAGE|7fd9257249644666dfcbc65ef0f9aa8090d87f1c93f77579cc137a1fc016a884,0.0,transverse,0.1851220400784149,1.0,INSIDE_MAJORITY,EVALUABLE,EXPLORATORY_CONSUMED_DIAGNOSTIC_ONLY
MS,viscosity_laplacian_acceleration,117,HMSO01R_A|PRIMARY|F2|a23a0214d1c9ad2f0bfc1699c23efef49cb711a9af17731e6f7e285a93ea468f,F2,FOLD_0,HMSO01R_A|FIELD_LINEAGE|64cf1977fe8b52c7e0fc1798d4810be4243b09c0886573ce42439c1eaf431667,0.0,none,0.0,1.0,INSIDE_MAJORITY,EVALUABLE,EXPLORATORY_CONSUMED_DIAGNOSTIC_ONLY
MS,viscosity_laplacian_acceleration,118,HMSO01R_A|PRIMARY|F2|1c2c80021df766e0b8dac64531e49f3edfee32ca298674ae8af4014f66ef0538,F2,FOLD_0,HMSO01R_A|FIELD_LINEAGE|97c8122849aa3cb13b599389c011f78352d49decd5677988d0a2a6da7c39f700,0.0,none,6.627899532106495e-05,1.0,INSIDE_MAJORITY,EVALUABLE,EXPLORATORY_CONSUMED_DIAGNOSTIC_ONLY
MS,viscosity_laplacian_acceleration,119,HMSO01R_A|PRIMARY|F2|225f1525345e96d468060b181560b06e9a378014dbd595964d1d7788ffb935f2,F2,FOLD_2,HMSO01R_A|FIELD_LINEAGE|5e2623db68536d2f4bee911245429597fdaee9006859890dec92aeaff707fe09,0.0,longitudinal,1.5944797420626207,1.0,INSIDE_MAJORITY,EVALUABLE,EXPLORATORY_CONSUMED_DIAGNOSTIC_ONLY
MS,viscosity_laplacian_acceleration,120,HMSO01R_A|PRIMARY|F2|6ae7cce1ed05d77697c2da5aaa495d3eae48e18d9db16e9452dee591598de11a,F2,FOLD_1,HMSO01R_A|FIELD_LINEAGE|e5cd23001367dee0fe50b87c4f9c5ae9d8e66eeb6cef2467ff3f6da8c0fcdc16,0.0,longitudinal,0.31519663059145575,1.0,INSIDE_MAJORITY,EVALUABLE,EXPLORATORY_CONSUMED_DIAGNOSTIC_ONLY
MS,viscosity_laplacian_acceleration,121,HMSO01R_A|PRIMARY|F2|d281b99f6b2ec5d478578a5ecd7ee12f35eb0089879e73162244dd885ca6cab4,F2,FOLD_4,HMSO01R_A|FIELD_LINEAGE|88fd5f86ca9cc426c28ce681d06ea15f58c6c7889170fcda146bde128f6121e4,0.0,none,0.0,1.0,INSIDE_MAJORITY,EVALUABLE,EXPLORATORY_CONSUMED_DIAGNOSTIC_ONLY
MS,viscosity_laplacian_acceleration,122,HMSO01R_A|PRIMARY|F2|378edd32d7db407564a0b15e6b24bca9c7f72b0c6ef786012ce4d7f5a74c1362,F2,FOLD_5,HMSO01R_A|FIELD_LINEAGE|9c004dbe18905f4181f1a701e81649fc67e98b969674994e8f64827f6fb4c765,0.0,longitudinal,0.44189241937866675,1.0,INSIDE_MAJORITY,EVALUABLE,EXPLORATORY_CONSUMED_DIAGNOSTIC_ONLY
MS,viscosity_laplacian_acceleration,123,HMSO01R_A|PRIMARY|F2|afa1b7f4e9f94b044f6756cb4f45ff5cea11a69bd126c0c7b8d466e903f63066,F2,FOLD_5,HMSO01R_A|FIELD_LINEAGE|c34a55057cd1e579919fb09acb5db221d75ae96164f74060b78863318f65371c,0.0,transverse,1.4359326788863598,1.0,INSIDE_MAJORITY,EVALUABLE,EXPLORATORY_CONSUMED_DIAGNOSTIC_ONLY
MS,viscosity_laplacian_acceleration,124,HMSO01R_A|PRIMARY|F2|341793a8994d93b17446bf88fb7676243e144008987e9363494fcb9074bdb29d,F2,FOLD_1,HMSO01R_A|FIELD_LINEAGE|6918def6b8a6923e67fc2a25f9ee5a59a177f2b6c9bf8dfd922cd28ef3b4c287,0.0,longitudinal,0.9049735944331314,1.0,INSIDE_MAJORITY,EVALUABLE,EXPLORATORY_CONSUMED_DIAGNOSTIC_ONLY
MS,viscosity_laplacian_acceleration,125,HMSO01R_A|PRIMARY|F2|3d84dd5ecc35ea2a4add3e7e791de239a311aee1c6bf59b0a8c2313207c95ec3,F2,FOLD_2,HMSO01R_A|FIELD_LINEAGE|15651b29629c1bcfb68ed12ef597d6352232a9bc607eac6bb7e574563cec2b00,0.0,transverse,0.07615238171392388,1.0,INSIDE_MAJORITY,EVALUABLE,EXPLORATORY_CONSUMED_DIAGNOSTIC_ONLY
MS,viscosity_laplacian_acceleration,126,HMSO01R_A|PRIMARY|F2|fddef6d439eb0c020be984164c7083d125cd4fdc76722f369b1a92c7eb6363b8,F2,FOLD_2,HMSO01R_A|FIELD_LINEAGE|81c7292472bf739bf28836ff17c69dda49199278b75cd9c66130df6be7c143fb,0.0,none,0.0,1.0,INSIDE_MAJORITY,EVALUABLE,EXPLORATORY_CONSUMED_DIAGNOSTIC_ONLY
MS,viscosity_laplacian_acceleration,127,HMSO01R_A|PRIMARY|F2|99abe18bbb4ec9cf8662a1ee4faaed022570139cf8e65d88d42fa7668ef66902,F2,FOLD_3,HMSO01R_A|FIELD_LINEAGE|4666d705aea26a6f22073d7a13f6e76c36824d125314c031a782f73ac5ba6779,0.0,longitudinal,1.276480171140916,1.0,INSIDE_MAJORITY,EVALUABLE,EXPLORATORY_CONSUMED_DIAGNOSTIC_ONLY
MS,viscosity_laplacian_acceleration,128,HMSO01R_A|PRIMARY|F2|78acf888fc653c06ca68eb940d4f98d1964ef008d11cd2138965981b7dc3b312,F2,FOLD_2,HMSO01R_A|FIELD_LINEAGE|292cdf1c570d6fb417a11eb6a7d4d830f9162a0bf0e09496e15edbaa84e1f3f4,0.0,none,0.0,1.0,INSIDE_MAJORITY,EVALUABLE,EXPLORATORY_CONSUMED_DIAGNOSTIC_ONLY
MS,viscosity_laplacian_acceleration,129,HMSO01R_A|PRIMARY|F2|244d674d82586d5c27efcb5cf76f1db16e66295a7fd417ef250a1b7281a36490,F2,FOLD_5,HMSO01R_A|FIELD_LINEAGE|b2211d9018dde472457c7d9570d8b744ae480cbc84526fced16d30cb565fdb61,0.0,none,0.0,1.0,INSIDE_MAJORITY,EVALUABLE,EXPLORATORY_CONSUMED_DIAGNOSTIC_ONLY
MS,viscosity_laplacian_acceleration,130,HMSO01R_A|PRIMARY|F2|6ec22863c33aa350034af595f655985a633a3c7f1e805555c956b54b0133a73f,F2,FOLD_1,HMSO01R_A|FIELD_LINEAGE|e1bd95fcd7aed1a8bde13393ae7d4a98eff10f4a52c1bdfb2e54f1dd690c54dd,0.0,longitudinal,0.24378263014899723,1.0,INSIDE_MAJORITY,EVALUABLE,EXPLORATORY_CONSUMED_DIAGNOSTIC_ONLY
MS,viscosity_laplacian_acceleration,131,HMSO01R_A|PRIMARY|F2|c2c1b0c4ac31440c4abeb49e8d993ffe64e79f579434d4eba55dfaf82ae2e796,F2,FOLD_4,HMSO01R_A|FIELD_LINEAGE|a2bcc80ca3b9ebb8f54401e7b09de472e9adbce971c85048bd40ce15be44ea6a,0.0,longitudinal,1.3889831895307538,0.40625,OUTSIDE_MAJORITY,EVALUABLE,EXPLORATORY_CONSUMED_DIAGNOSTIC_ONLY
MS,viscosity_laplacian_acceleration,132,HMSO01R_A|PRIMARY|F2|3e9109911fd666447f5ea379b1ac808462eb3949899a35697643d2bf2f340a2e,F2,FOLD_5,HMSO01R_A|FIELD_LINEAGE|0183a54dead296f9ee3dee43dc4041188299c7e551f4c9c6bfbe94dc055e54ad,0.0,none,0.0,1.0,INSIDE_MAJORITY,EVALUABLE,EXPLORATORY_CONSUMED_DIAGNOSTIC_ONLY
MS,viscosity_laplacian_acceleration,133,HMSO01R_A|PRIMARY|F2|53c2cc70af29de18dbc1eef7a6c39f527fe2de29047950a02af19de34f4a6d0a,F2,FOLD_2,HMSO01R_A|FIELD_LINEAGE|06c5b0d79a6fc40df74bc047659e629ea096b0eb47ce7956bd3f7d012a8211c7,0.0,transverse,0.001632875236394909,1.0,INSIDE_MAJORITY,EVALUABLE,EXPLORATORY_CONSUMED_DIAGNOSTIC_ONLY
MS,viscosity_laplacian_acceleration,134,HMSO01R_A|PRIMARY|F2|5c4af0ab896c03fc7e1a2d5070136892e3faab09da4944d75c188e5f2b791d01,F2,FOLD_5,HMSO01R_A|FIELD_LINEAGE|b914e9e8b47652c007a545bd9a5f60dbdaba2b957df3f42cdec4c8edb98e6d53,0.0,none,0.0,1.0,INSIDE_MAJORITY,EVALUABLE,EXPLORATORY_CONSUMED_DIAGNOSTIC_ONLY
MS,viscosity_laplacian_acceleration,135,HMSO01R_A|PRIMARY|F2|1a5782df378e38739791edf0212c303606d566a73b3ced31f13850ede81428ff,F2,FOLD_3,HMSO01R_A|FIELD_LINEAGE|42e50ef40056d389a76817004688f104ee3861e2ea394e0b7ded0e04dbc7e54e,0.0,longitudinal,0.5683409473122654,0.984375,INSIDE_MAJORITY,EVALUABLE,EXPLORATORY_CONSUMED_DIAGNOSTIC_ONLY
MS,viscosity_laplacian_acceleration,136,HMSO01R_A|PRIMARY|F2|ba00ef884a5bf7ea7e26266655c75cf5dc8311edf7b421c6f656794c4537b080,F2,FOLD_5,HMSO01R_A|FIELD_LINEAGE|14fde0d6f8e15a741b90398f93d73484586c3eb3479f620760208e87c5b3db6c,0.0,longitudinal,0.35507053391209586,1.0,INSIDE_MAJORITY,EVALUABLE,EXPLORATORY_CONSUMED_DIAGNOSTIC_ONLY
MS,viscosity_laplacian_acceleration,137,HMSO01R_A|PRIMARY|F2|173e86dcd59c309d6aa4e43dd7ef85ce6126ebb3f802053fbaab70edbb203555,F2,FOLD_1,HMSO01R_A|FIELD_LINEAGE|f2247a8dfd61c19acaf6609654c9c6098f254569cd75ef6a5201803913aa1c00,0.0,transverse,0.04535180073665611,1.0,INSIDE_MAJORITY,EVALUABLE,EXPLORATORY_CONSUMED_DIAGNOSTIC_ONLY
MS,viscosity_laplacian_acceleration,138,HMSO01R_A|PRIMARY|F2|49b1bb175e5832181d45f528b2b9591200fbe142eca9716787677e89238cbd10,F2,FOLD_4,HMSO01R_A|FIELD_LINEAGE|a2187a6938903010b61ee85d06f597d4029728ee0de5541c03daf2ed126b189e,0.0,none,0.0,1.0,INSIDE_MAJORITY,EVALUABLE,EXPLORATORY_CONSUMED_DIAGNOSTIC_ONLY
MS,viscosity_laplacian_acceleration,139,HMSO01R_A|PRIMARY|F2|fc4b57a5c40354268856c01fc76d3319239dd5d9dd20c90e80fe43c264e9267b,F2,FOLD_2,HMSO01R_A|FIELD_LINEAGE|15651b29629c1bcfb68ed12ef597d6352232a9bc607eac6bb7e574563cec2b00,0.0,transverse,0.35338029892060113,1.0,INSIDE_MAJORITY,EVALUABLE,EXPLORATORY_CONSUMED_DIAGNOSTIC_ONLY
MS,viscosity_laplacian_acceleration,140,HMSO01R_A|PRIMARY|F2|9dfe0eca8bbebcdc4a1978a54e0816482c15911908fdfbb31569d5a214e9872c,F2,FOLD_3,HMSO01R_A|FIELD_LINEAGE|5851badadb2dbcb7aa9bd12e7e1999f87fd380febbee831ba86fec2a8906fa0a,0.0,none,0.0,1.0,INSIDE_MAJORITY,EVALUABLE,EXPLORATORY_CONSUMED_DIAGNOSTIC_ONLY
MS,viscosity_laplacian_acceleration,141,HMSO01R_A|PRIMARY|F2|895dd6678d4e24c9ca1d71d9c008f41366cf80a23cde2c2eb415309e3a867295,F2,FOLD_4,HMSO01R_A|FIELD_LINEAGE|9a24c02f87d28fecb69b79ddff22c8eb176badf445e6b5b8234aa2a46b73c349,0.0,transverse,0.1754408930080047,1.0,INSIDE_MAJORITY,EVALUABLE,EXPLORATORY_CONSUMED_DIAGNOSTIC_ONLY
MS,viscosity_laplacian_acceleration,142,HMSO01R_A|PRIMARY|F2|43400ba997c21fdce3f471265a500e4ce9576d1439d1f30fbef4c90e64fe3d8d,F2,FOLD_4,HMSO01R_A|FIELD_LINEAGE|191e9f46778b3758f1f78fde4f9e2a46913f5a82ffc9889aaa9e18e41d67ee0e,0.0,transverse,0.3655861426789875,1.0,INSIDE_MAJORITY,EVALUABLE,EXPLORATORY_CONSUMED_DIAGNOSTIC_ONLY
MS,viscosity_laplacian_acceleration,143,HMSO01R_A|PRIMARY|F2|bb71b018647a767eed8901cfe1bf61e2c7d8c0a7a0a327a2fa924dd359c71c26,F2,FOLD_5,HMSO01R_A|FIELD_LINEAGE|9c004dbe18905f4181f1a701e81649fc67e98b969674994e8f64827f6fb4c765,0.0,longitudinal,0.27139199768927214,1.0,INSIDE_MAJORITY,EVALUABLE,EXPLORATORY_CONSUMED_DIAGNOSTIC_ONLY
MS,viscosity_laplacian_acceleration,144,HMSO01R_A|PRIMARY|F2|8e8cf402dd59acdd5c95ee8fdb63bc03fad23d019d7276ca80115848d78c55ef,F2,FOLD_0,HMSO01R_A|FIELD_LINEAGE|8573999ac09da70da8d1802997d1dd1b2879d7ff239af35fb1a185a39cc1f420,0.0,longitudinal,1.3570198545406065,0.796875,INSIDE_MAJORITY,EVALUABLE,EXPLORATORY_CONSUMED_DIAGNOSTIC_ONLY
MS,viscosity_laplacian_acceleration,145,HMSO01R_A|PRIMARY|F2|7b872968a13989e45fb2f3e89908ca2ac37f6ff5f28e567d6ec4465af3c38fe9,F2,FOLD_1,HMSO01R_A|FIELD_LINEAGE|20fd9f4e76cc9e98a79b808be25ffb0cc4d95c0522637973fd5963586426d614,0.0,transverse,0.040900936764008265,1.0,INSIDE_MAJORITY,EVALUABLE,EXPLORATORY_CONSUMED_DIAGNOSTIC_ONLY
MS,viscosity_laplacian_acceleration,146,HMSO01R_A|PRIMARY|F2|4ccc4b5f9e495e2dea0d0bbe1112b687c163dc2990f14f3a9a8779a2febb23ca,F2,FOLD_0,HMSO01R_A|FIELD_LINEAGE|970bbd18dffee12c05308155c993436bfc58e77384e4967420f4e2e03156c88b,0.0,none,0.0,1.0,INSIDE_MAJORITY,EVALUABLE,EXPLORATORY_CONSUMED_DIAGNOSTIC_ONLY
MS,viscosity_laplacian_acceleration,147,HMSO01R_A|PRIMARY|F2|6fefe8e4f1094c859a846ee88db724abc280227b36323f72927db524e29383b7,F2,FOLD_0,HMSO01R_A|FIELD_LINEAGE|f0421338d311584916d83a8dd01c9f47b7707c5652d4192e1df422a2a9e7d57d,0.0,longitudinal,1.3435770157535194,0.578125,INSIDE_MAJORITY,EVALUABLE,EXPLORATORY_CONSUMED_DIAGNOSTIC_ONLY
MS,viscosity_laplacian_acceleration,148,HMSO01R_A|PRIMARY|F2|eb7b6ba03291aea589dda52a307711c5f6ee46f4eb37a5cd373f77c7f67863a7,F2,FOLD_2,HMSO01R_A|FIELD_LINEAGE|7f5e5896e83ee81bc858adc8fff5befe2b2c76e1183ff21435261a6621560b2c,0.0,none,0.0,1.0,INSIDE_MAJORITY,EVALUABLE,EXPLORATORY_CONSUMED_DIAGNOSTIC_ONLY
MS,viscosity_laplacian_acceleration,149,HMSO01R_A|PRIMARY|F2|04462d4167f9e6a289c93a4bb5aa1dea05cd96b3ea96571f0868e25ebc8d5f8e,F2,FOLD_5,HMSO01R_A|FIELD_LINEAGE|3e594f148c4f0181faaf58cc7906a2e9e8709c7be31e59cdc8bdd6b6b7c398a2,0.0,transverse,0.0018583817622814338,1.0,INSIDE_MAJORITY,EVALUABLE,EXPLORATORY_CONSUMED_DIAGNOSTIC_ONLY
MS,viscosity_laplacian_acceleration,150,HMSO01R_A|PRIMARY|F2|4297699e347ed4806aabb29114fcd2781da12cb95ffcc5628fb9d70f665cdd4f,F2,FOLD_3,HMSO01R_A|FIELD_LINEAGE|4666d705aea26a6f22073d7a13f6e76c36824d125314c031a782f73ac5ba6779,0.0,longitudinal,0.7096545856996233,1.0,INSIDE_MAJORITY,EVALUABLE,EXPLORATORY_CONSUMED_DIAGNOSTIC_ONLY
MS,viscosity_laplacian_acceleration,151,HMSO01R_A|PRIMARY|F2|e68e4a07fd36664d37b69ec67f5add124cad2d58918fe355b55ab2950f542dba,F2,FOLD_1,HMSO01R_A|FIELD_LINEAGE|6918def6b8a6923e67fc2a25f9ee5a59a177f2b6c9bf8dfd922cd28ef3b4c287,0.0,longitudinal,0.7968534185994962,1.0,INSIDE_MAJORITY,EVALUABLE,EXPLORATORY_CONSUMED_DIAGNOSTIC_ONLY
MS,viscosity_laplacian_acceleration,152,HMSO01R_A|PRIMARY|F2|4712b26cd9c8f9315534de7184e7f01d6136b8f8799924f91d07bfdfeaa3ef4b,F2,FOLD_1,HMSO01R_A|FIELD_LINEAGE|7cb12f064a9c8069fd15f2a86fa0ddd017328ca5cc4b0fc515bbfbdd4c6e6858,0.0,longitudinal,1.367902238216808,1.0,INSIDE_MAJORITY,EVALUABLE,EXPLORATORY_CONSUMED_DIAGNOSTIC_ONLY
MS,viscosity_laplacian_acceleration,153,HMSO01R_A|PRIMARY|F2|870ff902b019e213bc644d7adb9a6788d1c2dc81205205d17418193ba8c3ba06,F2,FOLD_4,HMSO01R_A|FIELD_LINEAGE|3d33238d426baab3f4ff1c525309d0c0b825fb99fca42c8d1a5482ea92f2f1a6,0.0,none,0.0,1.0,INSIDE_MAJORITY,EVALUABLE,EXPLORATORY_CONSUMED_DIAGNOSTIC_ONLY
MS,viscosity_laplacian_acceleration,154,HMSO01R_A|PRIMARY|F2|c97c32b32beaf7b49449c7dfac283e421732f48d3a1a0e8bae6822b2d18c979d,F2,FOLD_4,HMSO01R_A|FIELD_LINEAGE|a2187a6938903010b61ee85d06f597d4029728ee0de5541c03daf2ed126b189e,0.0,none,0.0,1.0,INSIDE_MAJORITY,EVALUABLE,EXPLORATORY_CONSUMED_DIAGNOSTIC_ONLY
MS,viscosity_laplacian_acceleration,155,HMSO01R_A|PRIMARY|F2|9aa02356e03e116f8c7747cc6dc67ca5bf6463af78c8ec2a5e839ecf5cd044b6,F2,FOLD_2,HMSO01R_A|FIELD_LINEAGE|b40ef25bd445f58063f7eecbd118e28fcd5b9c8ea0b1803b18c885057e29107f,0.0,longitudinal,0.75117597600745,1.0,INSIDE_MAJORITY,EVALUABLE,EXPLORATORY_CONSUMED_DIAGNOSTIC_ONLY
MS,viscosity_laplacian_acceleration,156,HMSO01R_A|PRIMARY|F2|9ceb85393da4b2a224d124f538efebd26b83e4ecbf4cee17ff9c06c84e444184,F2,FOLD_3,HMSO01R_A|FIELD_LINEAGE|42e50ef40056d389a76817004688f104ee3861e2ea394e0b7ded0e04dbc7e54e,0.0,longitudinal,1.0179608176666437,1.0,INSIDE_MAJORITY,EVALUABLE,EXPLORATORY_CONSUMED_DIAGNOSTIC_ONLY
MS,viscosity_laplacian_acceleration,157,HMSO01R_A|PRIMARY|F2|d02d37603ad0429331b1b282ab0d05d6647faf02d57121f49583e677b27197af,F2,FOLD_5,HMSO01R_A|FIELD_LINEAGE|d8cd77f2aea85a93297ba4755747ee15653349aca322bca77ce1738389444994,0.0,none,0.0,1.0,INSIDE_MAJORITY,EVALUABLE,EXPLORATORY_CONSUMED_DIAGNOSTIC_ONLY
MS,viscosity_laplacian_acceleration,158,HMSO01R_A|PRIMARY|F2|5421d8aa9bb2512df8601781ad0d4b3968d57f51768c4451aff8f8be42a4b79d,F2,FOLD_0,HMSO01R_A|FIELD_LINEAGE|7fd9257249644666dfcbc65ef0f9aa8090d87f1c93f77579cc137a1fc016a884,0.0,transverse,1.1723944096263565,1.0,INSIDE_MAJORITY,EVALUABLE,EXPLORATORY_CONSUMED_DIAGNOSTIC_ONLY
MS,viscosity_laplacian_acceleration,159,HMSO01R_A|PRIMARY|F2|767938226812a2838020c63ae0ec90bb4e50ead499924ecb103ed85f1140c35e,F2,FOLD_3,HMSO01R_A|FIELD_LINEAGE|8e3408f57249bc00fdafb475f758686e9ee7a95dad97ecf63f9b3a27f383de5d,0.0,longitudinal,1.9542474562544747,0.7890625,INSIDE_MAJORITY,EVALUABLE,EXPLORATORY_CONSUMED_DIAGNOSTIC_ONLY
MS,viscosity_laplacian_acceleration,160,HMSO01R_A|PRIMARY|F2|06317839d4737f546c947257bdda4c62c61d0554e47ead2e411236d53d112e6a,F2,FOLD_3,HMSO01R_A|FIELD_LINEAGE|11fde86949c379fe2021d6c74cae47b21d76fdf394512bb275cf864fa8a207c8,0.0,longitudinal,1.3538988116852706,0.8359375,INSIDE_MAJORITY,EVALUABLE,EXPLORATORY_CONSUMED_DIAGNOSTIC_ONLY
MS,viscosity_laplacian_acceleration,161,HMSO01R_A|PRIMARY|F2|7820bcfb5b087e80c1c6836a57a1f43ddd0c0eabfeda98ea6e8d9aa8389ed207,F2,FOLD_0,HMSO01R_A|FIELD_LINEAGE|2d885ab8e36e98def0f3a036fab45f57940afd290e12c42ece2cbbf2a0b7faed,0.0,transverse,0.00031311721920588534,1.0,INSIDE_MAJORITY,EVALUABLE,EXPLORATORY_CONSUMED_DIAGNOSTIC_ONLY
MS,viscosity_laplacian_acceleration,162,HMSO01R_A|PRIMARY|F2|8944ba387db65deaa93a40382da6d01673338136d1e94ca8e9fe59b6cb3efcba,F2,FOLD_4,HMSO01R_A|FIELD_LINEAGE|5c07d2280b8a6c46f1c42b9f7878f3f5c5e2174c9419aaf05f2bb6b52ab2f5f6,0.0,none,0.0,1.0,INSIDE_MAJORITY,EVALUABLE,EXPLORATORY_CONSUMED_DIAGNOSTIC_ONLY
MS,viscosity_laplacian_acceleration,163,HMSO01R_A|PRIMARY|F2|8ddfab82fa98a874ee0e716b4b758a93f444c158ec4a00d3fbe09c82d4bc8295,F2,FOLD_2,HMSO01R_A|FIELD_LINEAGE|06c5b0d79a6fc40df74bc047659e629ea096b0eb47ce7956bd3f7d012a8211c7,0.0,transverse,0.0005312995003888999,1.0,INSIDE_MAJORITY,EVALUABLE,EXPLORATORY_CONSUMED_DIAGNOSTIC_ONLY
MS,viscosity_laplacian_acceleration,164,HMSO01R_A|PRIMARY|F2|aef30f7b06dc318c716f205dc8eabfa6b6ed892cd6f40ffa2655079a736cee3a,F2,FOLD_0,HMSO01R_A|FIELD_LINEAGE|56571c9b6d895bc0e855ce89225a188e41167fe16fc1aed7e4e19ab1ddaef9cb,0.0,none,0.0,1.0,INSIDE_MAJORITY,EVALUABLE,EXPLORATORY_CONSUMED_DIAGNOSTIC_ONLY
MS,viscosity_laplacian_acceleration,165,HMSO01R_A|PRIMARY|F2|d57fe4ad60e081a7f8f4efa48a8eb91b168f1646797b26e04c5db9546d00f60b,F2,FOLD_5,HMSO01R_A|FIELD_LINEAGE|197ff926eb3d0f9ff98b06347687987d9933c0c4a0832b79258c496c53405132,0.0,longitudinal,1.1356157771575437,1.0,INSIDE_MAJORITY,EVALUABLE,EXPLORATORY_CONSUMED_DIAGNOSTIC_ONLY
MS,viscosity_laplacian_acceleration,166,HMSO01R_A|PRIMARY|F2|975452d94e6c79df9ff8d8fba1e374f302d680dee30b89df4102bc72393d1f9b,F2,FOLD_3,HMSO01R_A|FIELD_LINEAGE|5851badadb2dbcb7aa9bd12e7e1999f87fd380febbee831ba86fec2a8906fa0a,0.0,none,0.0,1.0,INSIDE_MAJORITY,EVALUABLE,EXPLORATORY_CONSUMED_DIAGNOSTIC_ONLY
MS,viscosity_laplacian_acceleration,167,HMSO01R_A|PRIMARY|F2|44347425dbc13101dae7c7450e08fb4b35d0ca65dcfd17e980334a022d882af9,F2,FOLD_1,HMSO01R_A|FIELD_LINEAGE|20bbc33e3ce141e2f7eb99de3d0702689581411faf36ef6782c9dd4ff7bd0899,0.0,longitudinal,0.6789390364680706,1.0,INSIDE_MAJORITY,EVALUABLE,EXPLORATORY_CONSUMED_DIAGNOSTIC_ONLY
MS,viscosity_laplacian_acceleration,168,HMSO01R_A|PRIMARY|F2|50287af40030d649f1af5a13277f820d8e9b04c2c12a7d0e8d2996e66e26b556,F2,FOLD_5,HMSO01R_A|FIELD_LINEAGE|b1b50b97bc0f473e266ef9eb8a1e2e2edee23dadabeb0645af363d822d4db947,0.0,none,0.0,1.0,INSIDE_MAJORITY,EVALUABLE,EXPLORATORY_CONSUMED_DIAGNOSTIC_ONLY
MS,viscosity_laplacian_acceleration,169,HMSO01R_A|PRIMARY|F2|770f7ccfdd77b26685f21e0e3c70f18ec9f421839d2fba7929928a85b11f3c9a,F2,FOLD_3,HMSO01R_A|FIELD_LINEAGE|5cf76bdd12cdf0612bba343b6cf1b9e46ef0764cc183560f7b16acacca9460f1,0.0,none,0.0,1.0,INSIDE_MAJORITY,EVALUABLE,EXPLORATORY_CONSUMED_DIAGNOSTIC_ONLY
MS,viscosity_laplacian_acceleration,170,HMSO01R_A|PRIMARY|F2|d512fe7ee100d3974c5f97dc7b1fa2660d854ea076fcc8d96cb46f6dbe87500d,F2,FOLD_1,HMSO01R_A|FIELD_LINEAGE|e99701698ca3eda87704f5f32294f901f56116d9da609afcb18418d4c8a62bf2,0.0,transverse,0.05945012104728563,1.0,INSIDE_MAJORITY,EVALUABLE,EXPLORATORY_CONSUMED_DIAGNOSTIC_ONLY
MS,viscosity_laplacian_acceleration,171,HMSO01R_A|PRIMARY|F2|075d9f5ce867e6dbadfe8de37051b48f3917aea711dd42c93d1beca79c10b036,F2,FOLD_4,HMSO01R_A|FIELD_LINEAGE|3283083498700d830b6f9393659c16097acacaf984f6c43b70c65438a233286d,0.0,transverse,0.0008940807644157575,1.0,INSIDE_MAJORITY,EVALUABLE,EXPLORATORY_CONSUMED_DIAGNOSTIC_ONLY
MS,viscosity_laplacian_acceleration,172,HMSO01R_A|PRIMARY|F2|23a1b3ff87d761d45da6714a7a8f504f2d1ae1758fc48c5edde0346581e7dcb9,F2,FOLD_5,HMSO01R_A|FIELD_LINEAGE|0183a54dead296f9ee3dee43dc4041188299c7e551f4c9c6bfbe94dc055e54ad,0.0,none,0.0,1.0,INSIDE_MAJORITY,EVALUABLE,EXPLORATORY_CONSUMED_DIAGNOSTIC_ONLY
MS,viscosity_laplacian_acceleration,173,HMSO01R_A|PRIMARY|F2|cf42695af0c24db6bd3d8952fcd9d3df58fca05a61b3413ec53ae3a547abb47e,F2,FOLD_2,HMSO01R_A|FIELD_LINEAGE|4a864b01d23e69fbf80902fd3a728f366c9eb285ead51eb5724dfe25ca232031,0.0,transverse,1.2361070724706877,1.0,INSIDE_MAJORITY,EVALUABLE,EXPLORATORY_CONSUMED_DIAGNOSTIC_ONLY
MS,viscosity_laplacian_acceleration,174,HMSO01R_A|PRIMARY|F2|caf9380b58fd1298f9b3296a6d0386c5d9b7a136975daf3e1d5a80853cd8eef1,F2,FOLD_1,HMSO01R_A|FIELD_LINEAGE|7cb12f064a9c8069fd15f2a86fa0ddd017328ca5cc4b0fc515bbfbdd4c6e6858,0.0,longitudinal,0.36390503356540993,1.0,INSIDE_MAJORITY,EVALUABLE,EXPLORATORY_CONSUMED_DIAGNOSTIC_ONLY
MS,viscosity_laplacian_acceleration,175,HMSO01R_A|PRIMARY|F2|0f34bfbdf04b3c15451a4a77716248a4eb3d3a17ab75fa5c980bc8ae9e205274,F2,FOLD_2,HMSO01R_A|FIELD_LINEAGE|5e2623db68536d2f4bee911245429597fdaee9006859890dec92aeaff707fe09,0.0,longitudinal,0.3978325288001484,1.0,INSIDE_MAJORITY,EVALUABLE,EXPLORATORY_CONSUMED_DIAGNOSTIC_ONLY
MS,viscosity_laplacian_acceleration,176,HMSO01R_A|PRIMARY|F2|2ea1d90f57b9810a91106d036818acb702d93d228b9d9df681a219b545bc1f6a,F2,FOLD_0,HMSO01R_A|FIELD_LINEAGE|9c5f7b50a01e8dafcf4be2d7df61fd0da86b2229fe32286852ed3ad88cce82f1,0.0,longitudinal,1.1189483789908117,0.78125,INSIDE_MAJORITY,EVALUABLE,EXPLORATORY_CONSUMED_DIAGNOSTIC_ONLY
MS,viscosity_laplacian_acceleration,177,HMSO01R_A|PRIMARY|F2|19be682a103146b62d59845d0b1804ab3b62d9c573f8e68e21e4a7bdead50cd2,F2,FOLD_2,HMSO01R_A|FIELD_LINEAGE|06c5b0d79a6fc40df74bc047659e629ea096b0eb47ce7956bd3f7d012a8211c7,0.0,transverse,3.727056922524684e-05,1.0,INSIDE_MAJORITY,EVALUABLE,EXPLORATORY_CONSUMED_DIAGNOSTIC_ONLY
MS,viscosity_laplacian_acceleration,178,HMSO01R_A|PRIMARY|F2|185d0c3aa5513b03f278a966e478709c4902e70ac083e6f632bc98d88beb9df7,F2,FOLD_2,HMSO01R_A|FIELD_LINEAGE|87172e4156e9f066a6ea7ab3304062c939784ea4bd0f5f1cf466bbc2d6008cc6,0.0,none,0.0,1.0,INSIDE_MAJORITY,EVALUABLE,EXPLORATORY_CONSUMED_DIAGNOSTIC_ONLY
MS,viscosity_laplacian_acceleration,179,HMSO01R_A|PRIMARY|F2|5138ec5bf5a63077695a50b6daf79a75c288e3f92b7d2fd433420e10b7c89d9c,F2,FOLD_2,HMSO01R_A|FIELD_LINEAGE|8a6dd2252f8c5f8f08c3ba5ae9cf89d97575348634ba471a1a84e7de612ac6f3,0.0,longitudinal,1.1464196591152773,0.53125,INSIDE_MAJORITY,EVALUABLE,EXPLORATORY_CONSUMED_DIAGNOSTIC_ONLY
MS,viscosity_laplacian_acceleration,180,HMSO01R_A|PRIMARY|F2|818dc2505ec37b131c424e5845713b79c3eb0739f3b7de40bbedca42f6db8eae,F2,FOLD_0,HMSO01R_A|FIELD_LINEAGE|970bbd18dffee12c05308155c993436bfc58e77384e4967420f4e2e03156c88b,0.0,none,0.0,1.0,INSIDE_MAJORITY,EVALUABLE,EXPLORATORY_CONSUMED_DIAGNOSTIC_ONLY
MS,viscosity_laplacian_acceleration,181,HMSO01R_A|PRIMARY|F2|a74e9c0a19316e67907d4b557a95ce39a7d043fecb771ce561b574665efa7afe,F2,FOLD_1,HMSO01R_A|FIELD_LINEAGE|e1662caa4f55fa1e467b750db9be81d3672b988a828412586110c172a4b65cc4,0.0,transverse,0.9710684021631346,1.0,INSIDE_MAJORITY,EVALUABLE,EXPLORATORY_CONSUMED_DIAGNOSTIC_ONLY
MS,viscosity_laplacian_acceleration,182,HMSO01R_A|PRIMARY|F2|bdb007584742122a198d9ced8ca8026b3be02c902d5955e2048c740a64716cf2,F2,FOLD_0,HMSO01R_A|FIELD_LINEAGE|38ed780ae9e2ceb725d12dc596e69f348d116c6ab5da75f5bae97744169a86db,0.0,none,0.0,1.0,INSIDE_MAJORITY,EVALUABLE,EXPLORATORY_CONSUMED_DIAGNOSTIC_ONLY
MS,viscosity_laplacian_acceleration,183,HMSO01R_A|PRIMARY|F2|3272400369fdb2a2501d3b745bd9e207e5bae9055664ceac44b9407292a76f92,F2,FOLD_4,HMSO01R_A|FIELD_LINEAGE|3d33238d426baab3f4ff1c525309d0c0b825fb99fca42c8d1a5482ea92f2f1a6,0.0,none,0.0,1.0,INSIDE_MAJORITY,EVALUABLE,EXPLORATORY_CONSUMED_DIAGNOSTIC_ONLY
MS,viscosity_laplacian_acceleration,184,HMSO01R_A|PRIMARY|F2|034e6c9c44e99f51aee8aba69d1a4c28c3cb9adb1b6463d89f18728770764abe,F2,FOLD_4,HMSO01R_A|FIELD_LINEAGE|ebfb44058badbf85a36d8671e914d20620f9253b30eeec0e96b5e0c20dc8e16c,0.0,none,0.0,1.0,INSIDE_MAJORITY,EVALUABLE,EXPLORATORY_CONSUMED_DIAGNOSTIC_ONLY
MS,viscosity_laplacian_acceleration,185,HMSO01R_A|PRIMARY|F2|732f4cfaffee839c2b271711e16b6b2fb3e217bff4c7fcfb490bdf8b56ec287e,F2,FOLD_1,HMSO01R_A|FIELD_LINEAGE|b31d5c3484f2394d06a11f5ae52600d61d7c303637147b70dbb1edd7e25e93c9,0.0,none,0.0,1.0,INSIDE_MAJORITY,EVALUABLE,EXPLORATORY_CONSUMED_DIAGNOSTIC_ONLY
MS,viscosity_laplacian_acceleration,186,HMSO01R_A|PRIMARY|F2|b1d0a8244d66a3601ab9490c2f324ddb81f10addb947e8c682ba8c0128bd165b,F2,FOLD_2,HMSO01R_A|FIELD_LINEAGE|87172e4156e9f066a6ea7ab3304062c939784ea4bd0f5f1cf466bbc2d6008cc6,0.0,none,0.0,1.0,INSIDE_MAJORITY,EVALUABLE,EXPLORATORY_CONSUMED_DIAGNOSTIC_ONLY
MS,viscosity_laplacian_acceleration,187,HMSO01R_A|PRIMARY|F2|72d1507d3e0e38859bf68cd9d3d24754b35a19b61c5d7d5a9758d538c22b58ae,F2,FOLD_3,HMSO01R_A|FIELD_LINEAGE|e82aee0755c70810ee3fbd630ec4d3fa698e473225b4aa505b26af8a458a6400,0.0,longitudinal,1.887333279152403,0.9140625,INSIDE_MAJORITY,EVALUABLE,EXPLORATORY_CONSUMED_DIAGNOSTIC_ONLY
MS,viscosity_laplacian_acceleration,188,HMSO01R_A|PRIMARY|F2|3d2c5979ee1fcd4aee7a725050dc0ff27fa2da4d1c90535241ecacbdd1790f25,F2,FOLD_0,HMSO01R_A|FIELD_LINEAGE|8573999ac09da70da8d1802997d1dd1b2879d7ff239af35fb1a185a39cc1f420,0.0,longitudinal,0.5954807990517677,0.984375,INSIDE_MAJORITY,EVALUABLE,EXPLORATORY_CONSUMED_DIAGNOSTIC_ONLY
MS,viscosity_laplacian_acceleration,189,HMSO01R_A|PRIMARY|F2|8d55437423bf8c70e6605b36d7260b3a4672b3a5ed3778b44ba3d5bf4cb18b32,F2,FOLD_0,HMSO01R_A|FIELD_LINEAGE|97c8122849aa3cb13b599389c011f78352d49decd5677988d0a2a6da7c39f700,0.0,none,0.0,1.0,INSIDE_MAJORITY,EVALUABLE,EXPLORATORY_CONSUMED_DIAGNOSTIC_ONLY
MS,viscosity_laplacian_acceleration,190,HMSO01R_A|PRIMARY|F2|84e4cae6d11fca7df479ebcc35a969e79388e4512dbaf94280c83be546b27d42,F2,FOLD_0,HMSO01R_A|FIELD_LINEAGE|8573999ac09da70da8d1802997d1dd1b2879d7ff239af35fb1a185a39cc1f420,0.0,longitudinal,1.0733180988511843,0.984375,INSIDE_MAJORITY,EVALUABLE,EXPLORATORY_CONSUMED_DIAGNOSTIC_ONLY
MS,viscosity_laplacian_acceleration,191,HMSO01R_A|PRIMARY|F2|288da569df1da8449acb1b2e9db3c3d5edda6f8e97a8bdeb3237c37cd17645a4,F2,FOLD_4,HMSO01R_A|FIELD_LINEAGE|5717c014ee19e2404587fa3546273faef8d6d97d2a31a4b9e01b24770e476426,0.0,transverse,0.1797782922722391,1.0,INSIDE_MAJORITY,EVALUABLE,EXPLORATORY_CONSUMED_DIAGNOSTIC_ONLY
MS,viscosity_laplacian_acceleration,192,HMSO01R_A|PRIMARY|F3|0246c8978fdb6f9b1602abd7e4bb592349c6dbcaec25b547026c9c2750042711,F3,FOLD_2,HMSO01R_A|FIELD_LINEAGE|e2fdf0ecb37222ddf2c343b2a9785bb080b33fb721f4d3381403db08d53276de,0.0,longitudinal,0.6276431209906752,0.2578125,OUTSIDE_MAJORITY,EVALUABLE,EXPLORATORY_CONSUMED_DIAGNOSTIC_ONLY
MS,viscosity_laplacian_acceleration,193,HMSO01R_A|PRIMARY|F3|284496823e8aec01b40520cb6e31072714c17b163a3b2aee9494245e6ab4fbe3,F3,FOLD_3,HMSO01R_A|FIELD_LINEAGE|adcf8aaea780832e88b7b6b779fb3ef2ecab338dd7379ac8654e7aabdcee4b4f,0.0,none,0.0,1.0,INSIDE_MAJORITY,EVALUABLE,EXPLORATORY_CONSUMED_DIAGNOSTIC_ONLY
MS,viscosity_laplacian_acceleration,194,HMSO01R_A|PRIMARY|F3|856be85985639f39746337ee50cc51e130ce0a7d2c260e20fb1669a498ca4c4a,F3,FOLD_4,HMSO01R_A|FIELD_LINEAGE|440a69e5e6d8a6266c3153ff4cc4273aafca8ec71c677d3f24cfa0db89cae65c,0.0,none,0.0,1.0,INSIDE_MAJORITY,EVALUABLE,EXPLORATORY_CONSUMED_DIAGNOSTIC_ONLY
MS,viscosity_laplacian_acceleration,195,HMSO01R_A|PRIMARY|F3|b2ac6ac17aa0a12ce8cd63645f41349492c000f968be067724d7f478de5b6729,F3,FOLD_3,HMSO01R_A|FIELD_LINEAGE|a97cf87a717a68b745e28078c021ba65c881711a1cd171188bc4affd3a1b5795,0.0,none,0.0,1.0,INSIDE_MAJORITY,EVALUABLE,EXPLORATORY_CONSUMED_DIAGNOSTIC_ONLY
MS,viscosity_laplacian_acceleration,196,HMSO01R_A|PRIMARY|F3|b086157b1bcfb941501ef7f87c880219004f7cad86dd44d4bd3f804094e509b4,F3,FOLD_5,HMSO01R_A|FIELD_LINEAGE|bf32023450080971c5fdfb56d7a260838d7b8e02917a4118c4ed0b4a49c6c14a,0.0,transverse,0.25121657553962984,1.0,INSIDE_MAJORITY,EVALUABLE,EXPLORATORY_CONSUMED_DIAGNOSTIC_ONLY
MS,viscosity_laplacian_acceleration,197,HMSO01R_A|PRIMARY|F3|1c755f486d1242ae237857d913100f73519ac2418e3546045035c8318a436869,F3,FOLD_5,HMSO01R_A|FIELD_LINEAGE|d2f9d8c8f5f3c69790790651faeb1c1f59b6b387e4ede38adea5936b94855ff9,0.0,transverse,0.9269041566104163,1.0,INSIDE_MAJORITY,EVALUABLE,EXPLORATORY_CONSUMED_DIAGNOSTIC_ONLY
MS,viscosity_laplacian_acceleration,198,HMSO01R_A|PRIMARY|F3|7a55c18fc48b21e85cc57c38b6ca548a108b03deee77e5dc0ebe5146fbe17cfd,F3,FOLD_5,HMSO01R_A|FIELD_LINEAGE|226b761343bde11d0f8531972b4efd2a54f34c441ce74b43268bfdfde41542ed,0.0,none,0.0,1.0,INSIDE_MAJORITY,EVALUABLE,EXPLORATORY_CONSUMED_DIAGNOSTIC_ONLY
MS,viscosity_laplacian_acceleration,199,HMSO01R_A|PRIMARY|F3|9dfa53931f7f4e1baae8e92539a530becbe3dc126225f6cab71b5b92d4e26c23,F3,FOLD_1,HMSO01R_A|FIELD_LINEAGE|b0c6a47a41827791b3e03b32c3cfc7642f7c46055e5fbdc618a902dd60890cc0,0.0,none,0.18702518674403645,1.0,INSIDE_MAJORITY,EVALUABLE,EXPLORATORY_CONSUMED_DIAGNOSTIC_ONLY
MS,viscosity_laplacian_acceleration,200,HMSO01R_A|PRIMARY|F3|36bd7fbc4400ae830da89e8b7049cba3a2eba76340c04c9b22d524ed882f25fa,F3,FOLD_0,HMSO01R_A|FIELD_LINEAGE|46ad1db2ba1a448aa8fcf8fea69b4b772861af80c9b661f505a8c591ffdfe68c,0.0,transverse,0.0008260068999206045,1.0,INSIDE_MAJORITY,EVALUABLE,EXPLORATORY_CONSUMED_DIAGNOSTIC_ONLY
MS,viscosity_laplacian_acceleration,201,HMSO01R_A|PRIMARY|F3|48ad4afa1ebbb91c201c1775b9df72193c6c5e3c47d0cd6020e71c21eda7c325,F3,FOLD_3,HMSO01R_A|FIELD_LINEAGE|99c13161db8958c19a30a96b96a6940cece539d1c84e808e21dfa37710ec6894,0.0,longitudinal,0.3177856886703436,1.0,INSIDE_MAJORITY,EVALUABLE,EXPLORATORY_CONSUMED_DIAGNOSTIC_ONLY
MS,viscosity_laplacian_acceleration,202,HMSO01R_A|PRIMARY|F3|640c5b30036e29f6d84cd9443dde5d1b73abd9252849cb7199b651f12e5099e6,F3,FOLD_0,HMSO01R_A|FIELD_LINEAGE|be9a8927a3f7361841f3e523395e00d4ebcd734040aebfe38006ae7fda2437fd,0.0,none,0.0,1.0,INSIDE_MAJORITY,EVALUABLE,EXPLORATORY_CONSUMED_DIAGNOSTIC_ONLY
MS,viscosity_laplacian_acceleration,203,HMSO01R_A|PRIMARY|F3|37814f4c4943fb00e00ed04672af67774d05465c46e6a4aaca391f8387f4afda,F3,FOLD_1,HMSO01R_A|FIELD_LINEAGE|5788e5f098ee24a0bfe3ef48cb7ba08a0bdbab2c319fd19eedc3c9eb4ac76f03,0.0,longitudinal,0.18849956672160054,1.0,INSIDE_MAJORITY,EVALUABLE,EXPLORATORY_CONSUMED_DIAGNOSTIC_ONLY
MS,viscosity_laplacian_acceleration,204,HMSO01R_A|PRIMARY|F3|fff250630c55c8bdaf6d9ce420a0a9166a884a0b680ca35cd4e6f7da5e276171,F3,FOLD_2,HMSO01R_A|FIELD_LINEAGE|5c056a7425c54539d868f52b6ae68a4c578195d4f6b5cb7d636be4eab2c2df8c,0.0,none,0.0,1.0,INSIDE_MAJORITY,EVALUABLE,EXPLORATORY_CONSUMED_DIAGNOSTIC_ONLY
MS,viscosity_laplacian_acceleration,205,HMSO01R_A|PRIMARY|F3|b99c0eeb5430528c2b50c8e3895f960a908c4207e1a45f365d2458a81bb0bc1d,F3,FOLD_3,HMSO01R_A|FIELD_LINEAGE|dca2b57202d33de06ea638a8ecbab23d1b960b5ed15b6841dcbc75b212cc8712,0.0,transverse,0.41585595060994446,1.0,INSIDE_MAJORITY,EVALUABLE,EXPLORATORY_CONSUMED_DIAGNOSTIC_ONLY
MS,viscosity_laplacian_acceleration,206,HMSO01R_A|PRIMARY|F3|85fea40f0a91b03a078c3b5a07bf11f84086ae49de633169660bf9e7756cae9f,F3,FOLD_1,HMSO01R_A|FIELD_LINEAGE|d6ecf8cd80acb9db6acee967c0d1a3a8ca941d75fcf9e621c7ea05d79a191767,0.0,longitudinal,0.1355183375286091,1.0,INSIDE_MAJORITY,EVALUABLE,EXPLORATORY_CONSUMED_DIAGNOSTIC_ONLY
MS,viscosity_laplacian_acceleration,207,HMSO01R_A|PRIMARY|F3|5bb1245725989ed102aa49078cd7bafa70151ebf012c1e0cb48cc587430f3f8c,F3,FOLD_2,HMSO01R_A|FIELD_LINEAGE|a7458b96c9ce1c60bf3ea9d352424b7dd251e22480db263be2c5716c65dc6939,0.0,none,0.0,1.0,INSIDE_MAJORITY,EVALUABLE,EXPLORATORY_CONSUMED_DIAGNOSTIC_ONLY
MS,viscosity_laplacian_acceleration,208,HMSO01R_A|PRIMARY|F3|c6419d25ed9799d98d73b7e3428108142f0bca3250e86eb89e0df130bb7ce32f,F3,FOLD_5,HMSO01R_A|FIELD_LINEAGE|d2f9d8c8f5f3c69790790651faeb1c1f59b6b387e4ede38adea5936b94855ff9,0.0,transverse,0.5291405544521969,1.0,INSIDE_MAJORITY,EVALUABLE,EXPLORATORY_CONSUMED_DIAGNOSTIC_ONLY
MS,viscosity_laplacian_acceleration,209,HMSO01R_A|PRIMARY|F3|1b4a7e3521dd87a05fef058b4828da1edb8cd5aec8d9c673df117a1ec7434769,F3,FOLD_2,HMSO01R_A|FIELD_LINEAGE|1014832cdbdd8f9e416c91cfffc398c0221e1acf20617efe558f4efd66f3578a,0.0,transverse,0.05504281409177689,1.0,INSIDE_MAJORITY,EVALUABLE,EXPLORATORY_CONSUMED_DIAGNOSTIC_ONLY
MS,viscosity_laplacian_acceleration,210,HMSO01R_A|PRIMARY|F3|05d39cb15a23b77aab779fae1dffbbd812f25b20aa4d3dfd129ae8a8a816cca2,F3,FOLD_2,HMSO01R_A|FIELD_LINEAGE|6ad90de4847db7d34a3540ed573a050180b363be817d3503c19045b1a2f0ed3c,0.0,longitudinal,0.6582226693991549,0.84375,INSIDE_MAJORITY,EVALUABLE,EXPLORATORY_CONSUMED_DIAGNOSTIC_ONLY
MS,viscosity_laplacian_acceleration,211,HMSO01R_A|PRIMARY|F3|09cc668e9dba7d88f6e54f75d429302426e7aa2f208bb8a7ff5b73b66544e9bb,F3,FOLD_1,HMSO01R_A|FIELD_LINEAGE|d7d10f9b5293a22777f94b958cdb7280c40216c21a2b9b4a49451c1385cf26d9,0.0,longitudinal,0.863531360732807,1.0,INSIDE_MAJORITY,EVALUABLE,EXPLORATORY_CONSUMED_DIAGNOSTIC_ONLY
MS,viscosity_laplacian_acceleration,212,HMSO01R_A|PRIMARY|F3|a06f00606b940920f0738610d64d9adf69927bef39903d0e7a4fef72cc281beb,F3,FOLD_0,HMSO01R_A|FIELD_LINEAGE|9f471cc2328d66ccf0ca43f62bf5e261a867f85eeac6edc5a472072ca388bff6,0.0,none,0.0,1.0,INSIDE_MAJORITY,EVALUABLE,EXPLORATORY_CONSUMED_DIAGNOSTIC_ONLY
MS,viscosity_laplacian_acceleration,213,HMSO01R_A|PRIMARY|F3|22ed08250476ad8132d9bdab1fa34035b518f147b69d656483ab08c91f2690a4,F3,FOLD_4,HMSO01R_A|FIELD_LINEAGE|3c7ea9b77bf044ea3d9c6d199831fc605b20c1d7b4a9ad213eb80b5cab2c0296,0.0,longitudinal,0.7606029355444699,1.0,INSIDE_MAJORITY,EVALUABLE,EXPLORATORY_CONSUMED_DIAGNOSTIC_ONLY
MS,viscosity_laplacian_acceleration,214,HMSO01R_A|PRIMARY|F3|21da884cce84230dcc114a21edaa02c78d3f03be035b98a9b2728a4b8603ec8c,F3,FOLD_0,HMSO01R_A|FIELD_LINEAGE|051eaa0f00871ac3de3987b76f15e88e4e718676447cf96853b1d9836e56f4a9,0.0,transverse,0.046701271671338196,1.0,INSIDE_MAJORITY,EVALUABLE,EXPLORATORY_CONSUMED_DIAGNOSTIC_ONLY
MS,viscosity_laplacian_acceleration,215,HMSO01R_A|PRIMARY|F3|f6ebcf09fc81ee2b77827b154fde7148695341b90b45859fdeecc87b05ff4caf,F3,FOLD_1,HMSO01R_A|FIELD_LINEAGE|0da6210822c1316c7a077be78ae0c871024433732125f17a7f978f92e0d637e1,0.0,longitudinal,0.7396632835863289,1.0,INSIDE_MAJORITY,EVALUABLE,EXPLORATORY_CONSUMED_DIAGNOSTIC_ONLY
MS,viscosity_laplacian_acceleration,216,HMSO01R_A|PRIMARY|F3|a78675ef00c0dc7b5d540c4ffaaf15f59ac2fa555bd32502d134587a1fc4c16f,F3,FOLD_0,HMSO01R_A|FIELD_LINEAGE|9f471cc2328d66ccf0ca43f62bf5e261a867f85eeac6edc5a472072ca388bff6,0.0,none,0.0,1.0,INSIDE_MAJORITY,EVALUABLE,EXPLORATORY_CONSUMED_DIAGNOSTIC_ONLY
MS,viscosity_laplacian_acceleration,217,HMSO01R_A|PRIMARY|F3|0a6d945c46b0d5e5b98e3a1197a9fe721d92190d97798bc12f6ca4db57cdd3d6,F3,FOLD_1,HMSO01R_A|FIELD_LINEAGE|07ef870a5e517a728f6e4939e44adb6e41abac7dca46a1a2247aeb449ae2b2b6,0.0,longitudinal,0.21252787723364452,1.0,INSIDE_MAJORITY,EVALUABLE,EXPLORATORY_CONSUMED_DIAGNOSTIC_ONLY
MS,viscosity_laplacian_acceleration,218,HMSO01R_A|PRIMARY|F3|c463516606ee8c4c1a3b434573e8495c274c7f668a1ed539ab784aa22bbc8bd7,F3,FOLD_0,HMSO01R_A|FIELD_LINEAGE|0d095ad04875a9db82a8c6062fc3703d3296558fc88db157a4ad79a6317e27a5,0.0,transverse,0.0007824708665628577,1.0,INSIDE_MAJORITY,EVALUABLE,EXPLORATORY_CONSUMED_DIAGNOSTIC_ONLY
MS,viscosity_laplacian_acceleration,219,HMSO01R_A|PRIMARY|F3|6472036ea78470d8788d70fa6d89e58eeee090b7e2f0998bbdc0beea3db2758d,F3,FOLD_4,HMSO01R_A|FIELD_LINEAGE|0ddf6cdd096735cc15f4456489e1d58f77aa80618dad5da96cca18e59be60b9c,0.0,transverse,0.411822343222802,1.0,INSIDE_MAJORITY,EVALUABLE,EXPLORATORY_CONSUMED_DIAGNOSTIC_ONLY
MS,viscosity_laplacian_acceleration,220,HMSO01R_A|PRIMARY|F3|f3e2327f9b73508ecf7a883c33fe1553a004e2ae2881cc99e6ac3bcd4d7b3a11,F3,FOLD_2,HMSO01R_A|FIELD_LINEAGE|5c056a7425c54539d868f52b6ae68a4c578195d4f6b5cb7d636be4eab2c2df8c,0.0,none,0.0,1.0,INSIDE_MAJORITY,EVALUABLE,EXPLORATORY_CONSUMED_DIAGNOSTIC_ONLY
MS,viscosity_laplacian_acceleration,221,HMSO01R_A|PRIMARY|F3|6c24586eb799823630a419a0b4199df5d3f38c6d1a2a662d6c869fddf06570b6,F3,FOLD_4,HMSO01R_A|FIELD_LINEAGE|43048a070f7e90a4b3daec507e653fb282b428f5e4cf309a72c949e8f5226bf3,0.0,transverse,0.00027213585915101634,1.0,INSIDE_MAJORITY,EVALUABLE,EXPLORATORY_CONSUMED_DIAGNOSTIC_ONLY
MS,viscosity_laplacian_acceleration,222,HMSO01R_A|PRIMARY|F3|9b31b3d042f2e1de2933fe9923e4e95fb59b4a658533f8c072683810620fa170,F3,FOLD_0,HMSO01R_A|FIELD_LINEAGE|51aa7e7dbbb5aa6496f5ed0b95d8e85438067333a238c5e41877a3cd9ace3175,0.0,transverse,0.000234857530511864,1.0,INSIDE_MAJORITY,EVALUABLE,EXPLORATORY_CONSUMED_DIAGNOSTIC_ONLY
MS,viscosity_laplacian_acceleration,223,HMSO01R_A|PRIMARY|F3|6b2c89cd3ffb71669c83bdccc811b6a9db38e88242eafa872a665d3547543682,F3,FOLD_5,HMSO01R_A|FIELD_LINEAGE|0ac3210ffe07941071125618f2e4ad4f522063f7735eb12854083a5cf3b96fca,0.0,longitudinal,0.05384743065570151,1.0,INSIDE_MAJORITY,EVALUABLE,EXPLORATORY_CONSUMED_DIAGNOSTIC_ONLY
MS,viscosity_laplacian_acceleration,224,HMSO01R_A|PRIMARY|F3|495ba1a4d513d7b77d558917d84762b10b3d5fcb3a9735e9f691fc80ea7caf42,F3,FOLD_3,HMSO01R_A|FIELD_LINEAGE|99c13161db8958c19a30a96b96a6940cece539d1c84e808e21dfa37710ec6894,0.0,longitudinal,0.20697442584908982,1.0,INSIDE_MAJORITY,EVALUABLE,EXPLORATORY_CONSUMED_DIAGNOSTIC_ONLY
MS,viscosity_laplacian_acceleration,225,HMSO01R_A|PRIMARY|F3|36c90f091efac4b31332373189b35b4adf1829ad932375257650642e0da7a044,F3,FOLD_1,HMSO01R_A|FIELD_LINEAGE|9035657b1a9729d4b57919992bee8d9ea960c2a587c8d3877d9c920d8fa2a77c,0.0,none,0.0,1.0,INSIDE_MAJORITY,EVALUABLE,EXPLORATORY_CONSUMED_DIAGNOSTIC_ONLY
MS,viscosity_laplacian_acceleration,226,HMSO01R_A|PRIMARY|F3|fefc93bf391a27e2ebe3a1140f7fe292478eed94430363eaf811e3e2c5c04f53,F3,FOLD_1,HMSO01R_A|FIELD_LINEAGE|7a536ab09e10cdf42c9afdd1f0f02ad4a5141ab50a8f50eb0b247ee08a4c67c0,0.0,longitudinal,0.2602322634744672,1.0,INSIDE_MAJORITY,EVALUABLE,EXPLORATORY_CONSUMED_DIAGNOSTIC_ONLY
MS,viscosity_laplacian_acceleration,227,HMSO01R_A|PRIMARY|F3|4cda234c0475d6f05557ea16586f6a086d1159ec999b0a751b23b4f690d492f7,F3,FOLD_5,HMSO01R_A|FIELD_LINEAGE|0404a47ad84d3ab6d4cc0dbf7c8fea97f3bca817bfb6ce9e4a0d96e074c1229f,0.0,longitudinal,0.16553780814629315,1.0,INSIDE_MAJORITY,EVALUABLE,EXPLORATORY_CONSUMED_DIAGNOSTIC_ONLY
MS,viscosity_laplacian_acceleration,228,HMSO01R_A|PRIMARY|F3|5345902cb9bc3a92ef959f7406060b23f2a73e2e1371d31d99c943fc571e75ec,F3,FOLD_3,HMSO01R_A|FIELD_LINEAGE|0a252563daa08b1ab13bdaf89c42f5f5445076fcfec6feb203abcad9de8ed55a,0.0,none,0.0,1.0,INSIDE_MAJORITY,EVALUABLE,EXPLORATORY_CONSUMED_DIAGNOSTIC_ONLY
MS,viscosity_laplacian_acceleration,229,HMSO01R_A|PRIMARY|F3|70846550f93030f5e797b9cc40dd60e4750a3db2cbaa28dc008127d7e34d79a4,F3,FOLD_0,HMSO01R_A|FIELD_LINEAGE|cb947f8167c6ce3da1c26b48289f11fe77c609125572b2e2f489d9b4dbf77d91,0.0,longitudinal,0.2710044857114143,1.0,INSIDE_MAJORITY,EVALUABLE,EXPLORATORY_CONSUMED_DIAGNOSTIC_ONLY
MS,viscosity_laplacian_acceleration,230,HMSO01R_A|PRIMARY|F3|1d04f3e121ba9f0c3b1e345085a6d33da6902d60234f461d4a6ee2171dcd14a2,F3,FOLD_2,HMSO01R_A|FIELD_LINEAGE|a7458b96c9ce1c60bf3ea9d352424b7dd251e22480db263be2c5716c65dc6939,0.0,none,0.0,1.0,INSIDE_MAJORITY,EVALUABLE,EXPLORATORY_CONSUMED_DIAGNOSTIC_ONLY
MS,viscosity_laplacian_acceleration,231,HMSO01R_A|PRIMARY|F3|992cfe2587948c84f376807a446f61bc75663610f19574dc19ddcaf94cd37239,F3,FOLD_2,HMSO01R_A|FIELD_LINEAGE|c2759d4a0108475d88af3dd58a918080f77e42a77ac5a686ce9a650a1d522183,0.0,longitudinal,0.49885101512880614,1.0,INSIDE_MAJORITY,EVALUABLE,EXPLORATORY_CONSUMED_DIAGNOSTIC_ONLY
MS,viscosity_laplacian_acceleration,232,HMSO01R_A|PRIMARY|F3|7136656598cb24640a081e69d60382186efc577b90139fd912756f7adda26005,F3,FOLD_5,HMSO01R_A|FIELD_LINEAGE|0fdda9072ffc8d97ff7e0441813be2217cbf8a41c67bef8c56cb65c5e8c889e5,0.0,transverse,0.6639373012583213,1.0,INSIDE_MAJORITY,EVALUABLE,EXPLORATORY_CONSUMED_DIAGNOSTIC_ONLY
MS,viscosity_laplacian_acceleration,233,HMSO01R_A|PRIMARY|F3|80f1ddf447a9f070c4b8c90f674bbe33b4d9e3e48c3556797324f4f97c6f2790,F3,FOLD_5,HMSO01R_A|FIELD_LINEAGE|34a4e80876c1805c1767ae4dec4e60fe92b927519de4d3f4fc98d8e491efa006,0.0,longitudinal,0.5417804211572393,1.0,INSIDE_MAJORITY,EVALUABLE,EXPLORATORY_CONSUMED_DIAGNOSTIC_ONLY
MS,viscosity_laplacian_acceleration,234,HMSO01R_A|PRIMARY|F3|ca00eb8ffcc519aea35eb210592a3e338905e20778f429a6567f20cff3dcd7f9,F3,FOLD_2,HMSO01R_A|FIELD_LINEAGE|6ad90de4847db7d34a3540ed573a050180b363be817d3503c19045b1a2f0ed3c,0.0,longitudinal,0.49810506469942983,0.984375,INSIDE_MAJORITY,EVALUABLE,EXPLORATORY_CONSUMED_DIAGNOSTIC_ONLY
MS,viscosity_laplacian_acceleration,235,HMSO01R_A|PRIMARY|F3|4b991d5f1d978986f69fcb0236ec4a83e34cbcaba9d7882a4d1f23e4df8cc31b,F3,FOLD_4,HMSO01R_A|FIELD_LINEAGE|f82108cfb75a5ece90cca0bec2aa62b5af33b3b96774d26a9d5bbde8416cb360,0.0,longitudinal,0.030642570622609885,1.0,INSIDE_MAJORITY,EVALUABLE,EXPLORATORY_CONSUMED_DIAGNOSTIC_ONLY
MS,viscosity_laplacian_acceleration,236,HMSO01R_A|PRIMARY|F3|362dc3678e005c1c1211eface4ff1a96771b521fd8dfed0969697a160f66e68e,F3,FOLD_4,HMSO01R_A|FIELD_LINEAGE|ea7a0f305184b5efcd1c245ec8837c3d5e92744042b12d412ef90758785acc95,0.0,transverse,1.6389101996148598,1.0,INSIDE_MAJORITY,EVALUABLE,EXPLORATORY_CONSUMED_DIAGNOSTIC_ONLY
MS,viscosity_laplacian_acceleration,237,HMSO01R_A|PRIMARY|F3|2d0a10ea34da730e58ecbeff3ce6e1f0b5db801184e52e09ed7cda862ce11fe7,F3,FOLD_3,HMSO01R_A|FIELD_LINEAGE|b1c696b82fff7183ba4fc0ae8ce4363fcd56ada1cc6ffa171713dda9524816e8,0.0,transverse,0.33155406008940946,1.0,INSIDE_MAJORITY,EVALUABLE,EXPLORATORY_CONSUMED_DIAGNOSTIC_ONLY
MS,viscosity_laplacian_acceleration,238,HMSO01R_A|PRIMARY|F3|3163c11319e01c1fa67d9f34e9aed73c1f867fd08b7c89b010a7b3a4097c9f8e,F3,FOLD_1,HMSO01R_A|FIELD_LINEAGE|a3f750d8c1551c6ecf78f876fab114a3481105b16656dddc657ee8cfb50fd48b,0.0,none,0.0,1.0,INSIDE_MAJORITY,EVALUABLE,EXPLORATORY_CONSUMED_DIAGNOSTIC_ONLY
MS,viscosity_laplacian_acceleration,239,HMSO01R_A|PRIMARY|F3|380f69ecea392f85530413b931220c918af563554de7f128286ecaec359623f2,F3,FOLD_0,HMSO01R_A|FIELD_LINEAGE|2bf67fa14447cc7892bedcae7ba79ef420cf3b1aa476bde75527a097c9a5c922,0.0,none,0.0,1.0,INSIDE_MAJORITY,EVALUABLE,EXPLORATORY_CONSUMED_DIAGNOSTIC_ONLY
MS,viscosity_laplacian_acceleration,240,HMSO01R_A|PRIMARY|F3|13c1013b13a07676d41856b9facf68d3da57412867cb173e2968fab19b857816,F3,FOLD_0,HMSO01R_A|FIELD_LINEAGE|8e40e60ae6de8d393e4f96f7c0cdfd3570298138a8d1d44c6db1dc858b71a31e,0.0,none,0.0,1.0,INSIDE_MAJORITY,EVALUABLE,EXPLORATORY_CONSUMED_DIAGNOSTIC_ONLY
MS,viscosity_laplacian_acceleration,241,HMSO01R_A|PRIMARY|F3|18ef690b3c59b611d2a28230dd7b48838e1ff16db804f1890537e6174977f2c2,F3,FOLD_3,HMSO01R_A|FIELD_LINEAGE|a97cf87a717a68b745e28078c021ba65c881711a1cd171188bc4affd3a1b5795,0.0,none,0.0,1.0,INSIDE_MAJORITY,EVALUABLE,EXPLORATORY_CONSUMED_DIAGNOSTIC_ONLY
MS,viscosity_laplacian_acceleration,242,HMSO01R_A|PRIMARY|F3|68ec409d4a3309a14535aec6bb5958f5430688d65d51b348e794666d7d65d44f,F3,FOLD_5,HMSO01R_A|FIELD_LINEAGE|bf32023450080971c5fdfb56d7a260838d7b8e02917a4118c4ed0b4a49c6c14a,0.0,transverse,0.4467483376511936,1.0,INSIDE_MAJORITY,EVALUABLE,EXPLORATORY_CONSUMED_DIAGNOSTIC_ONLY
MS,viscosity_laplacian_acceleration,243,HMSO01R_A|PRIMARY|F3|7b160ffc1ee3480a1414d9a2546b7df691497ca9426646a9dbf10b739adaf9ba,F3,FOLD_5,HMSO01R_A|FIELD_LINEAGE|83c68f311cba3e93368aeeec1e81f7eebc2d9d8bfb68a0ba32cbc3fe731f6155,0.0,transverse,0.37620917252942454,1.0,INSIDE_MAJORITY,EVALUABLE,EXPLORATORY_CONSUMED_DIAGNOSTIC_ONLY
MS,viscosity_laplacian_acceleration,244,HMSO01R_A|PRIMARY|F3|2533adb0fb2c8361bc57883a1879af5f891df3aa1c79e916e4a317b4a1d5c8d1,F3,FOLD_3,HMSO01R_A|FIELD_LINEAGE|0a252563daa08b1ab13bdaf89c42f5f5445076fcfec6feb203abcad9de8ed55a,0.0,none,0.0,1.0,INSIDE_MAJORITY,EVALUABLE,EXPLORATORY_CONSUMED_DIAGNOSTIC_ONLY
MS,viscosity_laplacian_acceleration,245,HMSO01R_A|PRIMARY|F3|653053ef8ac15854c397871157381bff72482264f1b13133d6e6ccb77ff9aeba,F3,FOLD_3,HMSO01R_A|FIELD_LINEAGE|1a444bf8e4f5678b58a9ba1debf6e16323abf2899e40040f0bbc7e1608156e14,0.0,transverse,0.11054376058638471,1.0,INSIDE_MAJORITY,EVALUABLE,EXPLORATORY_CONSUMED_DIAGNOSTIC_ONLY
MS,viscosity_laplacian_acceleration,246,HMSO01R_A|PRIMARY|F3|ea2d887ae045743da34d43d6b72ae43caedb23d56183d2afa0b13828de776344,F3,FOLD_5,HMSO01R_A|FIELD_LINEAGE|e9dc12a25958465c187afbd7ef920bc04ba98d4b232046e156979d215bd85146,0.0,none,0.0,1.0,INSIDE_MAJORITY,EVALUABLE,EXPLORATORY_CONSUMED_DIAGNOSTIC_ONLY
MS,viscosity_laplacian_acceleration,247,HMSO01R_A|PRIMARY|F3|dc8d9c4e413930a97b4cd3082904857f7e51fd10e589394942b120f455a2cc25,F3,FOLD_4,HMSO01R_A|FIELD_LINEAGE|7b060c06cca73ad49fc21e32e1688bcbe34e5745a78029b452cbacf697a204be,0.0,none,0.0,1.0,INSIDE_MAJORITY,EVALUABLE,EXPLORATORY_CONSUMED_DIAGNOSTIC_ONLY
MS,viscosity_laplacian_acceleration,248,HMSO01R_A|PRIMARY|F3|44116bd7174544bd426c255cf46e31b00e1aa52defd540ae4856fc93d8675b6b,F3,FOLD_2,HMSO01R_A|FIELD_LINEAGE|61b0a8ee57598b36eed2786a9e3e1cafd7d1e5cb7b5052c92f6d5c1826bc6619,0.0,longitudinal,0.0022897069771141065,1.0,INSIDE_MAJORITY,EVALUABLE,EXPLORATORY_CONSUMED_DIAGNOSTIC_ONLY
MS,viscosity_laplacian_acceleration,249,HMSO01R_A|PRIMARY|F3|def8e91d8dfb3847bee14620c91a0b5b838f5d2bfe72d46753482c88503c8b88,F3,FOLD_5,HMSO01R_A|FIELD_LINEAGE|19bc9c15d585b69ea5a604b39577d278e2c7b171a2d899f0352dc2850b1dc0cb,0.0,transverse,0.06673862388686451,1.0,INSIDE_MAJORITY,EVALUABLE,EXPLORATORY_CONSUMED_DIAGNOSTIC_ONLY
MS,viscosity_laplacian_acceleration,250,HMSO01R_A|PRIMARY|F3|e04e6444e20de807e03f26f651319384463d229d80d41c58718b558366ce7843,F3,FOLD_0,HMSO01R_A|FIELD_LINEAGE|0d095ad04875a9db82a8c6062fc3703d3296558fc88db157a4ad79a6317e27a5,0.0,transverse,0.00013962772466480483,1.0,INSIDE_MAJORITY,EVALUABLE,EXPLORATORY_CONSUMED_DIAGNOSTIC_ONLY
MS,viscosity_laplacian_acceleration,251,HMSO01R_A|PRIMARY|F3|0ee0c86bc2bc91e027267a2389a0bdb674a41e8c3dd241151e876582a8fdd70d,F3,FOLD_3,HMSO01R_A|FIELD_LINEAGE|7583af7a3fd0bfbef70db28fd30d8a1112bd000451f8c0ebdcd0eabb3acf22a1,0.0,transverse,2.3253266931526047,1.0,INSIDE_MAJORITY,EVALUABLE,EXPLORATORY_CONSUMED_DIAGNOSTIC_ONLY
MS,viscosity_laplacian_acceleration,252,HMSO01R_A|PRIMARY|F3|e263cdb5bb985dfceb73a368db0f1f5bfce2fea6cc9f4afa9306bea48ada1a6f,F3,FOLD_1,HMSO01R_A|FIELD_LINEAGE|d6ecf8cd80acb9db6acee967c0d1a3a8ca941d75fcf9e621c7ea05d79a191767,0.0,longitudinal,0.21056507342111763,1.0,INSIDE_MAJORITY,EVALUABLE,EXPLORATORY_CONSUMED_DIAGNOSTIC_ONLY
MS,viscosity_laplacian_acceleration,253,HMSO01R_A|PRIMARY|F3|c6fa46c4e95da6f6bc71a788cf09b900a973347f55e79f32ebd345970c2a6f65,F3,FOLD_1,HMSO01R_A|FIELD_LINEAGE|a3f750d8c1551c6ecf78f876fab114a3481105b16656dddc657ee8cfb50fd48b,0.0,none,0.11496186112207221,1.0,INSIDE_MAJORITY,EVALUABLE,EXPLORATORY_CONSUMED_DIAGNOSTIC_ONLY
MS,viscosity_laplacian_acceleration,254,HMSO01R_A|PRIMARY|F3|eac488ff4dd7149e5f4efe4b3645a2336a6306588688b4f82502c966f1148bfb,F3,FOLD_1,HMSO01R_A|FIELD_LINEAGE|0af73c913450206e45697078b9ff423d2fbe56a236026748e22945b9fe394efb,0.0,longitudinal,0.08684333650926407,1.0,INSIDE_MAJORITY,EVALUABLE,EXPLORATORY_CONSUMED_DIAGNOSTIC_ONLY
MS,viscosity_laplacian_acceleration,255,HMSO01R_A|PRIMARY|F3|42255f3b8df188b4b58dd874b7ef736b47932c7d925a1f1b17b1881babb64743,F3,FOLD_3,HMSO01R_A|FIELD_LINEAGE|adcf8aaea780832e88b7b6b779fb3ef2ecab338dd7379ac8654e7aabdcee4b4f,0.0,none,0.0,1.0,INSIDE_MAJORITY,EVALUABLE,EXPLORATORY_CONSUMED_DIAGNOSTIC_ONLY
MS,viscosity_laplacian_acceleration,256,HMSO01R_A|PRIMARY|F3|250069e18fee258e82eede00fdf9adb751acd5c2f8496c8fdc69ba43bedbab52,F3,FOLD_0,HMSO01R_A|FIELD_LINEAGE|fd04ea3f458e107df0af85b51443fd7c576cbde1f2a34afcd2f94001f9376e64,0.0,none,0.0,1.0,INSIDE_MAJORITY,EVALUABLE,EXPLORATORY_CONSUMED_DIAGNOSTIC_ONLY
MS,viscosity_laplacian_acceleration,257,HMSO01R_A|PRIMARY|F3|aecf7922000672602f41f9c886a0802ff665c6869b1d7e10c034334da9814021,F3,FOLD_1,HMSO01R_A|FIELD_LINEAGE|4cf69c455bf1f50d880646e37d5ce58645992adb18a995a52fdf89583dcd2384,0.0,none,0.0,1.0,INSIDE_MAJORITY,EVALUABLE,EXPLORATORY_CONSUMED_DIAGNOSTIC_ONLY
MS,viscosity_laplacian_acceleration,258,HMSO01R_A|PRIMARY|F3|5ce4f3220cbbb898f20b8d1521d212931fd5b2278c2883fa0502f4313f1155c4,F3,FOLD_5,HMSO01R_A|FIELD_LINEAGE|83c68f311cba3e93368aeeec1e81f7eebc2d9d8bfb68a0ba32cbc3fe731f6155,0.0,transverse,0.41412726795004073,1.0,INSIDE_MAJORITY,EVALUABLE,EXPLORATORY_CONSUMED_DIAGNOSTIC_ONLY
MS,viscosity_laplacian_acceleration,259,HMSO01R_A|PRIMARY|F3|c2af3d5c0e7e86284f96d57c47c6c5bd252b99efef65ce29672b71ccb8a8e36a,F3,FOLD_4,HMSO01R_A|FIELD_LINEAGE|9ff02fac76e3803bb8391cba4035dfa7a72d5220975092d818302f10f07c08e9,0.0,none,0.0,1.0,INSIDE_MAJORITY,EVALUABLE,EXPLORATORY_CONSUMED_DIAGNOSTIC_ONLY
MS,viscosity_laplacian_acceleration,260,HMSO01R_A|PRIMARY|F3|a07d93d2a8225e8cb94863bd25cb217b01ccf43f0fdc968797433c20fe16588c,F3,FOLD_3,HMSO01R_A|FIELD_LINEAGE|f2a3ceeae0e0974c878bba3a036f383f979564d7512b59be838a43b0d537377a,0.0,transverse,0.012613740857417498,1.0,INSIDE_MAJORITY,EVALUABLE,EXPLORATORY_CONSUMED_DIAGNOSTIC_ONLY
MS,viscosity_laplacian_acceleration,261,HMSO01R_A|PRIMARY|F3|f977e81f259034dd8b9bf0f1feb8de30c75e56d612513eeda3fb48e66576fde9,F3,FOLD_1,HMSO01R_A|FIELD_LINEAGE|21dfb26365637485a590f4aa1b2a5297d551eab87745fb26abbdd41a0e1d8daa,0.0,none,0.0060510038347716295,1.0,INSIDE_MAJORITY,EVALUABLE,EXPLORATORY_CONSUMED_DIAGNOSTIC_ONLY
MS,viscosity_laplacian_acceleration,262,HMSO01R_A|PRIMARY|F3|45f73cec5484a7a54fe84df8ae7638a01d9a80a574526579b753371f8d73b14f,F3,FOLD_0,HMSO01R_A|FIELD_LINEAGE|2bf67fa14447cc7892bedcae7ba79ef420cf3b1aa476bde75527a097c9a5c922,0.0,none,0.0,1.0,INSIDE_MAJORITY,EVALUABLE,EXPLORATORY_CONSUMED_DIAGNOSTIC_ONLY
MS,viscosity_laplacian_acceleration,263,HMSO01R_A|PRIMARY|F3|4a6874df79991c13576be3d2bfbb235e50e272b38629dcda3e2ea270126c35fb,F3,FOLD_0,HMSO01R_A|FIELD_LINEAGE|8e40e60ae6de8d393e4f96f7c0cdfd3570298138a8d1d44c6db1dc858b71a31e,0.0,none,0.0,1.0,INSIDE_MAJORITY,EVALUABLE,EXPLORATORY_CONSUMED_DIAGNOSTIC_ONLY
MS,viscosity_laplacian_acceleration,264,HMSO01R_A|PRIMARY|F3|ddb33bf0e6d7c43f952d5d9d1706b4d65f742c0cb746ceff262b75e37f8810ba,F3,FOLD_3,HMSO01R_A|FIELD_LINEAGE|c54c1448df9c13b6658cb41b2c187b93be0f6db94293a7911953a6e90d602764,0.0,longitudinal,1.1716648474647255,0.953125,INSIDE_MAJORITY,EVALUABLE,EXPLORATORY_CONSUMED_DIAGNOSTIC_ONLY
MS,viscosity_laplacian_acceleration,265,HMSO01R_A|PRIMARY|F3|274c2031ba590d785d88bad03ceb155b8a64c57ddab3a478a74ea8522ed459b6,F3,FOLD_1,HMSO01R_A|FIELD_LINEAGE|d6ecf8cd80acb9db6acee967c0d1a3a8ca941d75fcf9e621c7ea05d79a191767,0.0,longitudinal,0.1024478974929489,1.0,INSIDE_MAJORITY,EVALUABLE,EXPLORATORY_CONSUMED_DIAGNOSTIC_ONLY
MS,viscosity_laplacian_acceleration,266,HMSO01R_A|PRIMARY|F3|15771101c80eb37f151b78ed8f2bba393bbe3047cda8c732baf0f06c18bae7e3,F3,FOLD_5,HMSO01R_A|FIELD_LINEAGE|21308456c1ed84c2854c7a093be1e48cf9af8d5768485e2a86892e0fd138af17,0.0,none,0.0,1.0,INSIDE_MAJORITY,EVALUABLE,EXPLORATORY_CONSUMED_DIAGNOSTIC_ONLY
MS,viscosity_laplacian_acceleration,267,HMSO01R_A|PRIMARY|F3|0f682408db3625ffc5045e88a7fa1afa4c9a7be6cc44b84102e81531d6d926e6,F3,FOLD_0,HMSO01R_A|FIELD_LINEAGE|2e00a5aa730d3fe2629242ac9cb05445890c5ccd2cee3bc6b04bd3dcaa176cdc,0.0,longitudinal,0.6943394720098497,0.8515625,INSIDE_MAJORITY,EVALUABLE,EXPLORATORY_CONSUMED_DIAGNOSTIC_ONLY
MS,viscosity_laplacian_acceleration,268,HMSO01R_A|PRIMARY|F3|510a5e243faeece1484912a18f5fc7e9900fe5c133aae9468e13515bacc10b51,F3,FOLD_4,HMSO01R_A|FIELD_LINEAGE|9239a350bed02b809dafe66125991e7de2c0c1c20b38f7689dc19527329619d6,0.0,transverse,0.029226181566430885,1.0,INSIDE_MAJORITY,EVALUABLE,EXPLORATORY_CONSUMED_DIAGNOSTIC_ONLY
MS,viscosity_laplacian_acceleration,269,HMSO01R_A|PRIMARY|F3|e78c69a17927f7d8a3db4a1024dee136e3cedde8ca2b0830e5fe247b291d887c,F3,FOLD_3,HMSO01R_A|FIELD_LINEAGE|b1c696b82fff7183ba4fc0ae8ce4363fcd56ada1cc6ffa171713dda9524816e8,0.0,transverse,1.0988925818200124,1.0,INSIDE_MAJORITY,EVALUABLE,EXPLORATORY_CONSUMED_DIAGNOSTIC_ONLY
MS,viscosity_laplacian_acceleration,270,HMSO01R_A|PRIMARY|F3|3f32014cc46db6982a14f2cee352392c822d4ac29aa18a16855949da8671e5a1,F3,FOLD_4,HMSO01R_A|FIELD_LINEAGE|d1321924d243ef663d38f2119b3da3e0b77ff9249352efe1c25dfa4971fbd453,0.0,none,0.0,1.0,INSIDE_MAJORITY,EVALUABLE,EXPLORATORY_CONSUMED_DIAGNOSTIC_ONLY
MS,viscosity_laplacian_acceleration,271,HMSO01R_A|PRIMARY|F3|bef78f5fddd3452c6b14cb4c4fb6c0b510253eced0e1f946f9e78200b9cbbb2d,F3,FOLD_2,HMSO01R_A|FIELD_LINEAGE|98ef721075a1ebd7c92edcbcf7747aac6c3d77c4f9c29f15e5d83577ad6d7f6b,0.0,longitudinal,0.4893320776897162,0.828125,INSIDE_MAJORITY,EVALUABLE,EXPLORATORY_CONSUMED_DIAGNOSTIC_ONLY
MS,viscosity_laplacian_acceleration,272,HMSO01R_A|PRIMARY|F3|02ca21a0314f19805ffe873f303fa54fe86f5d3d6d770015a5c846b75255ff7a,F3,FOLD_3,HMSO01R_A|FIELD_LINEAGE|b7c6344fafcff3e1128b30252e587c19386316434538ac595af9870864bff2e9,0.0,transverse,9.125619196950701e-06,1.0,INSIDE_MAJORITY,EVALUABLE,EXPLORATORY_CONSUMED_DIAGNOSTIC_ONLY
MS,viscosity_laplacian_acceleration,273,HMSO01R_A|PRIMARY|F3|c333e644a9c87a0dd9864d3130310ff8db216a39061360b7a7a90b130af1a75c,F3,FOLD_3,HMSO01R_A|FIELD_LINEAGE|0a252563daa08b1ab13bdaf89c42f5f5445076fcfec6feb203abcad9de8ed55a,0.0,none,0.0,1.0,INSIDE_MAJORITY,EVALUABLE,EXPLORATORY_CONSUMED_DIAGNOSTIC_ONLY
MS,viscosity_laplacian_acceleration,274,HMSO01R_A|PRIMARY|F3|c63d89d72029153ba0d49d1f609be0b1ff98ddcac1d08c8fa2d7f8f9fae2c730,F3,FOLD_2,HMSO01R_A|FIELD_LINEAGE|61b0a8ee57598b36eed2786a9e3e1cafd7d1e5cb7b5052c92f6d5c1826bc6619,0.0,longitudinal,0.40205501932497384,1.0,INSIDE_MAJORITY,EVALUABLE,EXPLORATORY_CONSUMED_DIAGNOSTIC_ONLY
MS,viscosity_laplacian_acceleration,275,HMSO01R_A|PRIMARY|F3|5b31e243c622c272f6ff1603187caeafa7ec0920c1df79a92aecd2fbaa49ee35,F3,FOLD_1,HMSO01R_A|FIELD_LINEAGE|07ef870a5e517a728f6e4939e44adb6e41abac7dca46a1a2247aeb449ae2b2b6,0.0,longitudinal,0.11227958202734994,1.0,INSIDE_MAJORITY,EVALUABLE,EXPLORATORY_CONSUMED_DIAGNOSTIC_ONLY
MS,viscosity_laplacian_acceleration,276,HMSO01R_A|PRIMARY|F3|5c0d0ce2e0e3894c84ffb622054776ff13ecaa2c69f4830d76875194f4719557,F3,FOLD_0,HMSO01R_A|FIELD_LINEAGE|051eaa0f00871ac3de3987b76f15e88e4e718676447cf96853b1d9836e56f4a9,0.0,transverse,0.5801436349033331,1.0,INSIDE_MAJORITY,EVALUABLE,EXPLORATORY_CONSUMED_DIAGNOSTIC_ONLY
MS,viscosity_laplacian_acceleration,277,HMSO01R_A|PRIMARY|F3|8957bba0b6b7c6207995e43fbebef5604b5c1f21fa9f2bb551f9557857ec496a,F3,FOLD_5,HMSO01R_A|FIELD_LINEAGE|f52ad1fbea60f2cef5c93f5785e888eaa7893de6dad0b2f7545e6d3f4e338f25,0.0,longitudinal,0.15762145638281383,1.0,INSIDE_MAJORITY,EVALUABLE,EXPLORATORY_CONSUMED_DIAGNOSTIC_ONLY
MS,viscosity_laplacian_acceleration,278,HMSO01R_A|PRIMARY|F3|1b7f8ef99e42d00a053404bd9169623350f9d416432190eb695b53800825cda0,F3,FOLD_4,HMSO01R_A|FIELD_LINEAGE|75819144781d043ebbeb8c2d3fbfa9139c47542df53315ab71a80a7addb49109,0.0,none,0.0,1.0,INSIDE_MAJORITY,EVALUABLE,EXPLORATORY_CONSUMED_DIAGNOSTIC_ONLY
MS,viscosity_laplacian_acceleration,279,HMSO01R_A|PRIMARY|F3|c12e5512c669b4a3cbf5b6e89e1763c206004a4fa154767d1642208d82e43474,F3,FOLD_2,HMSO01R_A|FIELD_LINEAGE|c3a574c6618599692f4195c9d1a59189286c1fc26ae852d26723565b0428d983,0.0,none,0.0,1.0,INSIDE_MAJORITY,EVALUABLE,EXPLORATORY_CONSUMED_DIAGNOSTIC_ONLY
MS,viscosity_laplacian_acceleration,280,HMSO01R_A|PRIMARY|F3|84831626711a081a0e9e0d0668fbb26dfb58f95672277a402cf7a98289c1f3f2,F3,FOLD_0,HMSO01R_A|FIELD_LINEAGE|fd04ea3f458e107df0af85b51443fd7c576cbde1f2a34afcd2f94001f9376e64,0.0,none,0.0,1.0,INSIDE_MAJORITY,EVALUABLE,EXPLORATORY_CONSUMED_DIAGNOSTIC_ONLY
MS,viscosity_laplacian_acceleration,281,HMSO01R_A|PRIMARY|F3|166fe64198a1c3e3ba24ba2da836582dab251d3dd8c49bf9037daa83bf978def,F3,FOLD_2,HMSO01R_A|FIELD_LINEAGE|4c3bbd0a7d56407cf1ccc6d516e10bc822949b03124ef92a27e554a97f6ed1b2,0.0,transverse,1.4420066672190668,1.0,INSIDE_MAJORITY,EVALUABLE,EXPLORATORY_CONSUMED_DIAGNOSTIC_ONLY
MS,viscosity_laplacian_acceleration,282,HMSO01R_A|PRIMARY|F3|456aba1a7da72fd641eea98ae6f3495800a2489a115b86b7310ae5d079ead82a,F3,FOLD_5,HMSO01R_A|FIELD_LINEAGE|9415b727187c332c72260d653b657bcbe590635140818a0978bae1e8dcd4568b,0.0,none,0.0,1.0,INSIDE_MAJORITY,EVALUABLE,EXPLORATORY_CONSUMED_DIAGNOSTIC_ONLY
MS,viscosity_laplacian_acceleration,283,HMSO01R_A|PRIMARY|F3|642fa4ee6c2c422eab8b65fb64e4558ece2efb54b49d399d056377d37748b5a6,F3,FOLD_4,HMSO01R_A|FIELD_LINEAGE|ea7a0f305184b5efcd1c245ec8837c3d5e92744042b12d412ef90758785acc95,0.0,transverse,1.345536102479485,1.0,INSIDE_MAJORITY,EVALUABLE,EXPLORATORY_CONSUMED_DIAGNOSTIC_ONLY
MS,viscosity_laplacian_acceleration,284,HMSO01R_A|PRIMARY|F3|3175d180e4d467c3b3ee6e516632373afe58cecdfc663671603274c230831d69,F3,FOLD_4,HMSO01R_A|FIELD_LINEAGE|5a0dbac6ae904f5529ad460639c41b1b383ca8809b93f779bcc31cb0fd08d08b,0.0,none,0.0,1.0,INSIDE_MAJORITY,EVALUABLE,EXPLORATORY_CONSUMED_DIAGNOSTIC_ONLY
MS,viscosity_laplacian_acceleration,285,HMSO01R_A|PRIMARY|F3|a2031fc45c0421e224bd21dce94627d03a316cde187ae6d48b90b56d1c51da5d,F3,FOLD_2,HMSO01R_A|FIELD_LINEAGE|eadb4166638494d642712d8eabac62f88ed028f779148966c13d2efd6405fa1d,0.0,transverse,0.00042056235701499155,1.0,INSIDE_MAJORITY,EVALUABLE,EXPLORATORY_CONSUMED_DIAGNOSTIC_ONLY
MS,viscosity_laplacian_acceleration,286,HMSO01R_A|PRIMARY|F3|8410477f22210a51bd73f4d2bd5c11b7a2fc4dbb0363248233ffc7d2c3dd07c0,F3,FOLD_2,HMSO01R_A|FIELD_LINEAGE|e25db364da9db9cdb46c3073fa0aa473b93b0eed9df5062f9696d75bd2f90442,0.0,none,0.0,1.0,INSIDE_MAJORITY,EVALUABLE,EXPLORATORY_CONSUMED_DIAGNOSTIC_ONLY
MS,viscosity_laplacian_acceleration,287,HMSO01R_A|PRIMARY|F3|b888419bbbcc26de7ec8b027a9528281d2f1a9d121f0adddbe4aa1eda5e70c5e,F3,FOLD_2,HMSO01R_A|FIELD_LINEAGE|41b714ff189f53f826864cf9fac2bed83a6e097351a7033fcea23d658bf21b54,0.0,none,0.0,1.0,INSIDE_MAJORITY,EVALUABLE,EXPLORATORY_CONSUMED_DIAGNOSTIC_ONLY
MS,viscosity_laplacian_acceleration,288,HMSO01R_A|PRIMARY|F4|141d214d6fbecf88d4c59a03f8dc3b24beb51fc230773ee890a4b851d346997f,F4,FOLD_0,HMSO01R_A|FIELD_LINEAGE|197d7ec024c0036b09ad028c746809cfe1ed712ccbb40eead96390c6dfdd817b,0.05,transverse,0.25830669769160886,1.0,INSIDE_MAJORITY,EVALUABLE,EXPLORATORY_CONSUMED_DIAGNOSTIC_ONLY
MS,viscosity_laplacian_acceleration,289,HMSO01R_A|PRIMARY|F4|8140c0dc3b31c67a47815b694720914564c68a1dc815c23da3a6f1c6aa02932b,F4,FOLD_2,HMSO01R_A|FIELD_LINEAGE|8af782533dccfef4a682f44ff365b7014ae448a56bd62c92877bbd37640adb31,0.05,transverse,0.5524579489177222,1.0,INSIDE_MAJORITY,EVALUABLE,EXPLORATORY_CONSUMED_DIAGNOSTIC_ONLY
MS,viscosity_laplacian_acceleration,290,HMSO01R_A|PRIMARY|F4|92d400a387d7fd07980ceaa710bca64dffd4f47ca949167ba5e4f2afdd2a764f,F4,FOLD_5,HMSO01R_A|FIELD_LINEAGE|c9a10c50914a082104b6f42f933e2e8b35494d6ac1b464fc981b740edc26e9a6,0.1,none,0.02058301363256273,1.0,INSIDE_MAJORITY,EVALUABLE,EXPLORATORY_CONSUMED_DIAGNOSTIC_ONLY
MS,viscosity_laplacian_acceleration,291,HMSO01R_A|PRIMARY|F4|51519fc5de1deb527bc7ba7450dbd141324700f1ad0b32b7d8bb03e54859db76,F4,FOLD_0,HMSO01R_A|FIELD_LINEAGE|197d7ec024c0036b09ad028c746809cfe1ed712ccbb40eead96390c6dfdd817b,0.0,transverse,0.6122142682153058,1.0,INSIDE_MAJORITY,EVALUABLE,EXPLORATORY_CONSUMED_DIAGNOSTIC_ONLY
MS,viscosity_laplacian_acceleration,292,HMSO01R_A|PRIMARY|F4|8a6dad5114701cab1eb0845285cdf269a4dc3a234a95f4ea2b384a6b6883d0e6,F4,FOLD_4,HMSO01R_A|FIELD_LINEAGE|6359faeb0765247f7e12d6c9e8bbc8898fa74fca5c76c863a6009dffddbcb32e,0.05,longitudinal,0.30687810511175234,0.296875,OUTSIDE_MAJORITY,EVALUABLE,EXPLORATORY_CONSUMED_DIAGNOSTIC_ONLY
MS,viscosity_laplacian_acceleration,293,HMSO01R_A|PRIMARY|F4|9b7be32ff75798d82be6c9492bf1dab25beef5734cfe5b6cd2115aa89aa759dc,F4,FOLD_1,HMSO01R_A|FIELD_LINEAGE|3264ae7008b91adb6f4b677f3ecc13cbe5ab1143b7f33ef501525d095e0b618c,0.0,none,0.0,1.0,INSIDE_MAJORITY,EVALUABLE,EXPLORATORY_CONSUMED_DIAGNOSTIC_ONLY
MS,viscosity_laplacian_acceleration,294,HMSO01R_A|PRIMARY|F4|011a48dce8758db0be8307d4005afe69879da0306ec2d99483baa7fcfa9141f4,F4,FOLD_1,HMSO01R_A|FIELD_LINEAGE|3264ae7008b91adb6f4b677f3ecc13cbe5ab1143b7f33ef501525d095e0b618c,0.1,none,0.6683735939859348,0.125,OUTSIDE_MAJORITY,EVALUABLE,EXPLORATORY_CONSUMED_DIAGNOSTIC_ONLY
MS,viscosity_laplacian_acceleration,295,HMSO01R_A|PRIMARY|F4|1d6667557d538859f0113641bfa62882220817b677dea9d2829a412690759fc5,F4,FOLD_2,HMSO01R_A|FIELD_LINEAGE|8af782533dccfef4a682f44ff365b7014ae448a56bd62c92877bbd37640adb31,0.1,transverse,1.059070464814897,1.0,INSIDE_MAJORITY,EVALUABLE,EXPLORATORY_CONSUMED_DIAGNOSTIC_ONLY
MS,viscosity_laplacian_acceleration,296,HMSO01R_A|PRIMARY|F4|5258442e75cf59cbe7893e089ad47e17c4d26ed39cd16fec9118870e106baa43,F4,FOLD_3,HMSO01R_A|FIELD_LINEAGE|7a40ff07646995058d8981271562dfa4f2cc77b96f79dba59c7ae90f96586134,0.05,longitudinal,2.522588755399352,0.953125,INSIDE_MAJORITY,EVALUABLE,EXPLORATORY_CONSUMED_DIAGNOSTIC_ONLY
MS,viscosity_laplacian_acceleration,297,HMSO01R_A|PRIMARY|F4|48f2bb8eb7eac96e71b6fba78be3d25c21266edb52344cd820e162bf6df261cd,F4,FOLD_1,HMSO01R_A|FIELD_LINEAGE|3264ae7008b91adb6f4b677f3ecc13cbe5ab1143b7f33ef501525d095e0b618c,0.05,none,0.8075943667366481,0.9921875,INSIDE_MAJORITY,EVALUABLE,EXPLORATORY_CONSUMED_DIAGNOSTIC_ONLY
MS,viscosity_laplacian_acceleration,298,HMSO01R_A|PRIMARY|F4|24bcceaed6cf5ba835a35d37ac2f603bbf2c8b0a639ceea6ec234fb6b3977288,F4,FOLD_0,HMSO01R_A|FIELD_LINEAGE|197d7ec024c0036b09ad028c746809cfe1ed712ccbb40eead96390c6dfdd817b,0.1,transverse,0.10387595169097551,1.0,INSIDE_MAJORITY,EVALUABLE,EXPLORATORY_CONSUMED_DIAGNOSTIC_ONLY
MS,viscosity_laplacian_acceleration,299,HMSO01R_A|PRIMARY|F4|4b6bdffc658fe9deb87879b130fd21d7155bd1b57b10ae5709614368fed74531,F4,FOLD_0,HMSO01R_A|FIELD_LINEAGE|06c31c418b756da4f49834b1270295e826a9807f080171a34a3e7c250369709c,0.0,none,0.0,1.0,INSIDE_MAJORITY,EVALUABLE,EXPLORATORY_CONSUMED_DIAGNOSTIC_ONLY
MS,viscosity_laplacian_acceleration,300,HMSO01R_A|PRIMARY|F4|85dc4b95288446dfb72a62b71691cae97be1b4b3c9789b973167c7f0c0024bb0,F4,FOLD_1,HMSO01R_A|FIELD_LINEAGE|5d84595c43a38b585d7953f18ac50da686f8debb482b1cca6058cffe84d274b6,0.05,none,0.9175018030125262,0.953125,INSIDE_MAJORITY,EVALUABLE,EXPLORATORY_CONSUMED_DIAGNOSTIC_ONLY
MS,viscosity_laplacian_acceleration,301,HMSO01R_A|PRIMARY|F4|4e7a52c6c115bcd8ae85224372e15761ec9ad1da299c81472e2c7f42bece49c4,F4,FOLD_5,HMSO01R_A|FIELD_LINEAGE|c9a10c50914a082104b6f42f933e2e8b35494d6ac1b464fc981b740edc26e9a6,0.05,none,0.011112847280297912,1.0,INSIDE_MAJORITY,EVALUABLE,EXPLORATORY_CONSUMED_DIAGNOSTIC_ONLY
MS,viscosity_laplacian_acceleration,302,HMSO01R_A|PRIMARY|F4|3e1f516c8924d75bcb1bc1fc285c7fef823b724e7146e632a6edc0d86859301f,F4,FOLD_1,HMSO01R_A|FIELD_LINEAGE|5d84595c43a38b585d7953f18ac50da686f8debb482b1cca6058cffe84d274b6,0.1,none,0.8696881613206899,0.1328125,OUTSIDE_MAJORITY,EVALUABLE,EXPLORATORY_CONSUMED_DIAGNOSTIC_ONLY
MS,viscosity_laplacian_acceleration,303,HMSO01R_A|PRIMARY|F4|558f87a2fc4bf2fe995a797fa27bac5203b30df376d948587ab0bb7f9c16d3bd,F4,FOLD_0,HMSO01R_A|FIELD_LINEAGE|197d7ec024c0036b09ad028c746809cfe1ed712ccbb40eead96390c6dfdd817b,0.0,transverse,0.7874782983042279,1.0,INSIDE_MAJORITY,EVALUABLE,EXPLORATORY_CONSUMED_DIAGNOSTIC_ONLY
MS,viscosity_laplacian_acceleration,304,HMSO01R_A|PRIMARY|F4|0670d89c61c35c8852c124d9000835eaea91a83b9577472f636a565b59d940d9,F4,FOLD_1,HMSO01R_A|FIELD_LINEAGE|5d84595c43a38b585d7953f18ac50da686f8debb482b1cca6058cffe84d274b6,0.05,none,1.0672885289143181,0.484375,OUTSIDE_MAJORITY,EVALUABLE,EXPLORATORY_CONSUMED_DIAGNOSTIC_ONLY
MS,viscosity_laplacian_acceleration,305,HMSO01R_A|PRIMARY|F4|ecaff7cbec579afd2494fc1fad898951c4ea48b684497e65b50613fe038305d3,F4,FOLD_2,HMSO01R_A|FIELD_LINEAGE|8af782533dccfef4a682f44ff365b7014ae448a56bd62c92877bbd37640adb31,0.05,transverse,0.7024577719501383,1.0,INSIDE_MAJORITY,EVALUABLE,EXPLORATORY_CONSUMED_DIAGNOSTIC_ONLY
MS,viscosity_laplacian_acceleration,306,HMSO01R_A|PRIMARY|F4|71f61d7caa1b1b02179212c15265a1f342ea520af413e9f96a8372d952d11eed,F4,FOLD_0,HMSO01R_A|FIELD_LINEAGE|06c31c418b756da4f49834b1270295e826a9807f080171a34a3e7c250369709c,0.05,none,0.0004072862107171338,1.0,INSIDE_MAJORITY,EVALUABLE,EXPLORATORY_CONSUMED_DIAGNOSTIC_ONLY
MS,viscosity_laplacian_acceleration,307,HMSO01R_A|PRIMARY|F4|85f1b9eed95ecce08d553e89743dc53a15307163bc7008a8726ff536e6a54996,F4,FOLD_2,HMSO01R_A|FIELD_LINEAGE|8af782533dccfef4a682f44ff365b7014ae448a56bd62c92877bbd37640adb31,0.05,transverse,0.800119510046019,1.0,INSIDE_MAJORITY,EVALUABLE,EXPLORATORY_CONSUMED_DIAGNOSTIC_ONLY
MS,viscosity_laplacian_acceleration,308,HMSO01R_A|PRIMARY|F4|a6ddeab8e93b6db262b39867391f322e9baafa76bed004129fe7780c90cbd6a4,F4,FOLD_0,HMSO01R_A|FIELD_LINEAGE|06c31c418b756da4f49834b1270295e826a9807f080171a34a3e7c250369709c,0.05,none,0.0024283191024071123,1.0,INSIDE_MAJORITY,EVALUABLE,EXPLORATORY_CONSUMED_DIAGNOSTIC_ONLY
MS,viscosity_laplacian_acceleration,309,HMSO01R_A|PRIMARY|F4|11826ade3e5db02d2c6bffdc10f23d4bb93470890790474abf521e919f738b3f,F4,FOLD_2,HMSO01R_A|FIELD_LINEAGE|8af782533dccfef4a682f44ff365b7014ae448a56bd62c92877bbd37640adb31,0.0,transverse,1.2604697973929888,1.0,INSIDE_MAJORITY,EVALUABLE,EXPLORATORY_CONSUMED_DIAGNOSTIC_ONLY
MS,viscosity_laplacian_acceleration,310,HMSO01R_A|PRIMARY|F4|ef19a86248138ec5e566612bf3df19a10b6bc69a7b14c32e2b817ccf29cc50f2,F4,FOLD_5,HMSO01R_A|FIELD_LINEAGE|c9a10c50914a082104b6f42f933e2e8b35494d6ac1b464fc981b740edc26e9a6,0.05,none,0.006835766169795544,1.0,INSIDE_MAJORITY,EVALUABLE,EXPLORATORY_CONSUMED_DIAGNOSTIC_ONLY
MS,viscosity_laplacian_acceleration,311,HMSO01R_A|PRIMARY|F4|4929b286a99ab022d26a2dbdc2a23a2bc6d15979bf42d1588c8b2e2c1d73a0e3,F4,FOLD_0,HMSO01R_A|FIELD_LINEAGE|197d7ec024c0036b09ad028c746809cfe1ed712ccbb40eead96390c6dfdd817b,0.05,transverse,0.11656799371768198,0.9921875,INSIDE_MAJORITY,EVALUABLE,EXPLORATORY_CONSUMED_DIAGNOSTIC_ONLY
MS,viscosity_laplacian_acceleration,312,HMSO01R_A|PRIMARY|F4|e77b23936dd5a7c6d9262ae1d734b30beb458da1fe94bc080bdfac1b7bd85189,F4,FOLD_1,HMSO01R_A|FIELD_LINEAGE|3264ae7008b91adb6f4b677f3ecc13cbe5ab1143b7f33ef501525d095e0b618c,0.1,none,0.7737682586485604,0.7890625,INSIDE_MAJORITY,EVALUABLE,EXPLORATORY_CONSUMED_DIAGNOSTIC_ONLY
MS,viscosity_laplacian_acceleration,313,HMSO01R_A|PRIMARY|F4|8944eefcfb134a9bbf050fe15d6081c6962a214b6ed3d413508e814400676f0f,F4,FOLD_4,HMSO01R_A|FIELD_LINEAGE|6359faeb0765247f7e12d6c9e8bbc8898fa74fca5c76c863a6009dffddbcb32e,0.1,longitudinal,0.326033114446293,0.1640625,OUTSIDE_MAJORITY,EVALUABLE,EXPLORATORY_CONSUMED_DIAGNOSTIC_ONLY
MS,viscosity_laplacian_acceleration,314,HMSO01R_A|PRIMARY|F4|e25d3f9fc33911ad2bdacf9851f072f8da6dbe4f6c19d60b1710f16572063c8d,F4,FOLD_0,HMSO01R_A|FIELD_LINEAGE|06c31c418b756da4f49834b1270295e826a9807f080171a34a3e7c250369709c,0.0,none,0.0,1.0,INSIDE_MAJORITY,EVALUABLE,EXPLORATORY_CONSUMED_DIAGNOSTIC_ONLY
MS,viscosity_laplacian_acceleration,315,HMSO01R_A|PRIMARY|F4|d250879e475816f6e92630481055f2ad783960a4b225044b2988cc1f044532fc,F4,FOLD_1,HMSO01R_A|FIELD_LINEAGE|5d84595c43a38b585d7953f18ac50da686f8debb482b1cca6058cffe84d274b6,0.0,none,0.27692031637087644,1.0,INSIDE_MAJORITY,EVALUABLE,EXPLORATORY_CONSUMED_DIAGNOSTIC_ONLY
MS,viscosity_laplacian_acceleration,316,HMSO01R_A|PRIMARY|F4|56464c262bb157790092f749cb48a04e8d8a0b8bedf3e324b5320e9a10b6d09e,F4,FOLD_0,HMSO01R_A|FIELD_LINEAGE|197d7ec024c0036b09ad028c746809cfe1ed712ccbb40eead96390c6dfdd817b,0.05,transverse,0.15113034554694332,1.0,INSIDE_MAJORITY,EVALUABLE,EXPLORATORY_CONSUMED_DIAGNOSTIC_ONLY
MS,viscosity_laplacian_acceleration,317,HMSO01R_A|PRIMARY|F4|ecb76be4664dd9928293363ff466f845a5a7789eaaeda1e8ee5201799daa78c0,F4,FOLD_4,HMSO01R_A|FIELD_LINEAGE|6359faeb0765247f7e12d6c9e8bbc8898fa74fca5c76c863a6009dffddbcb32e,0.0,longitudinal,0.2272780198732653,0.5859375,INSIDE_MAJORITY,EVALUABLE,EXPLORATORY_CONSUMED_DIAGNOSTIC_ONLY
MS,viscosity_laplacian_acceleration,318,HMSO01R_A|PRIMARY|F4|88dcd723af748de6ff950507849f3825b8d8f3553a5bcc217487217a0f9a7a63,F4,FOLD_5,HMSO01R_A|FIELD_LINEAGE|c9a10c50914a082104b6f42f933e2e8b35494d6ac1b464fc981b740edc26e9a6,0.0,none,2.237419194646711e-05,1.0,INSIDE_MAJORITY,EVALUABLE,EXPLORATORY_CONSUMED_DIAGNOSTIC_ONLY
MS,viscosity_laplacian_acceleration,319,HMSO01R_A|PRIMARY|F4|5713909151f3cd04934c16355de455e1018dfb770f2f64df240e5db9c47d5fb1,F4,FOLD_5,HMSO01R_A|FIELD_LINEAGE|c9a10c50914a082104b6f42f933e2e8b35494d6ac1b464fc981b740edc26e9a6,0.1,none,0.02514713832248595,1.0,INSIDE_MAJORITY,EVALUABLE,EXPLORATORY_CONSUMED_DIAGNOSTIC_ONLY
MS,viscosity_laplacian_acceleration,320,HMSO01R_A|PRIMARY|F4|93aad5841f6682ecd48e9ead6bb4002efba75cd6704198bd8907aea0d47c8d7a,F4,FOLD_3,HMSO01R_A|FIELD_LINEAGE|7a40ff07646995058d8981271562dfa4f2cc77b96f79dba59c7ae90f96586134,0.1,longitudinal,0.700995295171035,0.78125,INSIDE_MAJORITY,EVALUABLE,EXPLORATORY_CONSUMED_DIAGNOSTIC_ONLY
MS,viscosity_laplacian_acceleration,321,HMSO01R_A|PRIMARY|F4|367bce2de86b385d49af0dfa7e9148a0411935febd6ae7b0c77d7e5337e2b946,F4,FOLD_1,HMSO01R_A|FIELD_LINEAGE|3264ae7008b91adb6f4b677f3ecc13cbe5ab1143b7f33ef501525d095e0b618c,0.05,none,1.1743445375775257,0.453125,OUTSIDE_MAJORITY,EVALUABLE,EXPLORATORY_CONSUMED_DIAGNOSTIC_ONLY
MS,viscosity_laplacian_acceleration,322,HMSO01R_A|PRIMARY|F4|67783874e0d03b7d1319229ffa56ea5f5807a8da29ee591962ad5c4a5d4aa291,F4,FOLD_2,HMSO01R_A|FIELD_LINEAGE|8af782533dccfef4a682f44ff365b7014ae448a56bd62c92877bbd37640adb31,0.0,transverse,0.18296449459041308,1.0,INSIDE_MAJORITY,EVALUABLE,EXPLORATORY_CONSUMED_DIAGNOSTIC_ONLY
MS,viscosity_laplacian_acceleration,323,HMSO01R_A|PRIMARY|F4|cf8e0f28eda1cea7b1e3865285dbd80d01ab677e45643ecd3ea5b887c3b903a3,F4,FOLD_4,HMSO01R_A|FIELD_LINEAGE|6359faeb0765247f7e12d6c9e8bbc8898fa74fca5c76c863a6009dffddbcb32e,0.0,longitudinal,0.23959701988391266,0.3125,OUTSIDE_MAJORITY,EVALUABLE,EXPLORATORY_CONSUMED_DIAGNOSTIC_ONLY
MS,viscosity_laplacian_acceleration,324,HMSO01R_A|PRIMARY|F4|0e2a37aabd2842d397826b1ca21a59a95541d00614cef99316c77d0e366d36d4,F4,FOLD_4,HMSO01R_A|FIELD_LINEAGE|6359faeb0765247f7e12d6c9e8bbc8898fa74fca5c76c863a6009dffddbcb32e,0.1,longitudinal,0.2568432662126747,0.421875,OUTSIDE_MAJORITY,EVALUABLE,EXPLORATORY_CONSUMED_DIAGNOSTIC_ONLY
MS,viscosity_laplacian_acceleration,325,HMSO01R_A|PRIMARY|F4|8289d34ef953a6f182f5bbf0101c3a909aa131a7b4ef8051e96ed317d9d18138,F4,FOLD_1,HMSO01R_A|FIELD_LINEAGE|5d84595c43a38b585d7953f18ac50da686f8debb482b1cca6058cffe84d274b6,0.1,none,0.7887348703945809,0.5703125,INSIDE_MAJORITY,EVALUABLE,EXPLORATORY_CONSUMED_DIAGNOSTIC_ONLY
MS,viscosity_laplacian_acceleration,326,HMSO01R_A|PRIMARY|F4|56b946dabb5968a6b21b25f90019cfff82607fbed847e03471c8231bd3620084,F4,FOLD_1,HMSO01R_A|FIELD_LINEAGE|3264ae7008b91adb6f4b677f3ecc13cbe5ab1143b7f33ef501525d095e0b618c,0.0,none,0.0,1.0,INSIDE_MAJORITY,EVALUABLE,EXPLORATORY_CONSUMED_DIAGNOSTIC_ONLY
MS,viscosity_laplacian_acceleration,327,HMSO01R_A|PRIMARY|F4|0bef625e78c23809d27376d709781637b1ca99c4bf76c5eedcc0ca7586ad0d28,F4,FOLD_4,HMSO01R_A|FIELD_LINEAGE|6359faeb0765247f7e12d6c9e8bbc8898fa74fca5c76c863a6009dffddbcb32e,0.05,longitudinal,0.34440504261406596,0.3203125,OUTSIDE_MAJORITY,EVALUABLE,EXPLORATORY_CONSUMED_DIAGNOSTIC_ONLY
MS,viscosity_laplacian_acceleration,328,HMSO01R_A|PRIMARY|F4|c02320354fd792272cea49a4547cc64bea66d0c42060ac90ccbf8fb91fe26cd1,F4,FOLD_5,HMSO01R_A|FIELD_LINEAGE|c9a10c50914a082104b6f42f933e2e8b35494d6ac1b464fc981b740edc26e9a6,0.0,none,1.9232252675933027e-08,1.0,INSIDE_MAJORITY,EVALUABLE,EXPLORATORY_CONSUMED_DIAGNOSTIC_ONLY
MS,viscosity_laplacian_acceleration,329,HMSO01R_A|PRIMARY|F4|60d61a86c9c80d6addab5af159923a601fd7ed1edee92f2f4cbb301a86fb909a,F4,FOLD_1,HMSO01R_A|FIELD_LINEAGE|3264ae7008b91adb6f4b677f3ecc13cbe5ab1143b7f33ef501525d095e0b618c,0.1,none,0.8153434422730508,0.53125,INSIDE_MAJORITY,EVALUABLE,EXPLORATORY_CONSUMED_DIAGNOSTIC_ONLY
MS,viscosity_laplacian_acceleration,330,HMSO01R_A|PRIMARY|F4|85b9e2bb526dacaa593ccb65df264a96a4d27bede934ce2ecb57f157e3bc9a19,F4,FOLD_3,HMSO01R_A|FIELD_LINEAGE|7a40ff07646995058d8981271562dfa4f2cc77b96f79dba59c7ae90f96586134,0.0,longitudinal,6.18220436312367,1.0,INSIDE_MAJORITY,EVALUABLE,EXPLORATORY_CONSUMED_DIAGNOSTIC_ONLY
MS,viscosity_laplacian_acceleration,331,HMSO01R_A|PRIMARY|F4|c93564795c53c5b8f2acb7004944a5bf63ea14ebbf8f65a568b2a0b51ef1fb4d,F4,FOLD_5,HMSO01R_A|FIELD_LINEAGE|c9a10c50914a082104b6f42f933e2e8b35494d6ac1b464fc981b740edc26e9a6,0.05,none,0.0060630538137675175,1.0,INSIDE_MAJORITY,EVALUABLE,EXPLORATORY_CONSUMED_DIAGNOSTIC_ONLY
MS,viscosity_laplacian_acceleration,332,HMSO01R_A|PRIMARY|F4|c97a86869fce5865992f34bd7205509a7db68ce38ef12dd68bb413852c722653,F4,FOLD_3,HMSO01R_A|FIELD_LINEAGE|7a40ff07646995058d8981271562dfa4f2cc77b96f79dba59c7ae90f96586134,0.05,longitudinal,0.520070839472379,0.9140625,INSIDE_MAJORITY,EVALUABLE,EXPLORATORY_CONSUMED_DIAGNOSTIC_ONLY
MS,viscosity_laplacian_acceleration,333,HMSO01R_A|PRIMARY|F4|6eca32e2ed9db412095b6bb1621309c554428bd902055e55d93c3dbb255ef660,F4,FOLD_3,HMSO01R_A|FIELD_LINEAGE|7a40ff07646995058d8981271562dfa4f2cc77b96f79dba59c7ae90f96586134,0.0,longitudinal,2.906444446206831,1.0,INSIDE_MAJORITY,EVALUABLE,EXPLORATORY_CONSUMED_DIAGNOSTIC_ONLY
MS,viscosity_laplacian_acceleration,334,HMSO01R_A|PRIMARY|F4|4d3ce164d8efe045e29b60ed83ff347cfa2fafe49965f090ff32a2e7acec3e50,F4,FOLD_4,HMSO01R_A|FIELD_LINEAGE|6359faeb0765247f7e12d6c9e8bbc8898fa74fca5c76c863a6009dffddbcb32e,0.05,longitudinal,0.23050091579161097,0.5703125,INSIDE_MAJORITY,EVALUABLE,EXPLORATORY_CONSUMED_DIAGNOSTIC_ONLY
MS,viscosity_laplacian_acceleration,335,HMSO01R_A|PRIMARY|F4|f2c4fabe042f5b8aea1f288e25844f23d9a120de8e396a36c9ca1d2e6ccce438,F4,FOLD_4,HMSO01R_A|FIELD_LINEAGE|6359faeb0765247f7e12d6c9e8bbc8898fa74fca5c76c863a6009dffddbcb32e,0.1,longitudinal,0.28081655217051205,0.4921875,OUTSIDE_MAJORITY,EVALUABLE,EXPLORATORY_CONSUMED_DIAGNOSTIC_ONLY
MS,viscosity_laplacian_acceleration,336,HMSO01R_A|PRIMARY|F4|9768d97a717e98019abe133a1abe111c5fca5e302e9f72f7322cf07b6ef97904,F4,FOLD_2,HMSO01R_A|FIELD_LINEAGE|8af782533dccfef4a682f44ff365b7014ae448a56bd62c92877bbd37640adb31,0.1,transverse,0.8213162125493827,1.0,INSIDE_MAJORITY,EVALUABLE,EXPLORATORY_CONSUMED_DIAGNOSTIC_ONLY
MS,viscosity_laplacian_acceleration,337,HMSO01R_A|PRIMARY|F4|2c7351f1aa4e82a7579ba6807a834a23987ceda38177da350424d7892a8de9f8,F4,FOLD_4,HMSO01R_A|FIELD_LINEAGE|6359faeb0765247f7e12d6c9e8bbc8898fa74fca5c76c863a6009dffddbcb32e,0.05,longitudinal,0.168422121239801,0.5078125,INSIDE_MAJORITY,EVALUABLE,EXPLORATORY_CONSUMED_DIAGNOSTIC_ONLY
MS,viscosity_laplacian_acceleration,338,HMSO01R_A|PRIMARY|F4|9bbc1a27b5a28b8b1cbc9397ac21c221597c0b4297abbe6d2c46d9068ef63a3a,F4,FOLD_3,HMSO01R_A|FIELD_LINEAGE|7a40ff07646995058d8981271562dfa4f2cc77b96f79dba59c7ae90f96586134,0.1,longitudinal,5.217873511696592,0.7578125,INSIDE_MAJORITY,EVALUABLE,EXPLORATORY_CONSUMED_DIAGNOSTIC_ONLY
MS,viscosity_laplacian_acceleration,339,HMSO01R_A|PRIMARY|F4|a577084b300c5f034112e0aa6d4197f7bb336db3aebc017e187cc64ede052782,F4,FOLD_0,HMSO01R_A|FIELD_LINEAGE|06c31c418b756da4f49834b1270295e826a9807f080171a34a3e7c250369709c,0.0,none,0.0,1.0,INSIDE_MAJORITY,EVALUABLE,EXPLORATORY_CONSUMED_DIAGNOSTIC_ONLY
MS,viscosity_laplacian_acceleration,340,HMSO01R_A|PRIMARY|F4|13c67e1ebb51f50250e869a5f3a557602950c66494025b2a470f6b48342a31ea,F4,FOLD_3,HMSO01R_A|FIELD_LINEAGE|7a40ff07646995058d8981271562dfa4f2cc77b96f79dba59c7ae90f96586134,0.05,longitudinal,5.713061173673699,0.6953125,INSIDE_MAJORITY,EVALUABLE,EXPLORATORY_CONSUMED_DIAGNOSTIC_ONLY
MS,viscosity_laplacian_acceleration,341,HMSO01R_A|PRIMARY|F4|edab4679e82b888e2650cc858316bd212ed80b7e90262d2c10bbefda6974c3cb,F4,FOLD_0,HMSO01R_A|FIELD_LINEAGE|06c31c418b756da4f49834b1270295e826a9807f080171a34a3e7c250369709c,0.05,none,0.0006399953085517667,1.0,INSIDE_MAJORITY,EVALUABLE,EXPLORATORY_CONSUMED_DIAGNOSTIC_ONLY
MS,viscosity_laplacian_acceleration,342,HMSO01R_A|PRIMARY|F4|93f336d5095c9a841b2e50a3fed0819138ef2e6d7698442409f0d4608bb285e9,F4,FOLD_0,HMSO01R_A|FIELD_LINEAGE|06c31c418b756da4f49834b1270295e826a9807f080171a34a3e7c250369709c,0.1,none,0.009418132999020785,1.0,INSIDE_MAJORITY,EVALUABLE,EXPLORATORY_CONSUMED_DIAGNOSTIC_ONLY
MS,viscosity_laplacian_acceleration,343,HMSO01R_A|PRIMARY|F4|3ecea2b0aa1bdaa68d2f1356e87b52064a96f8259663d3d03b044ceaf96f9cbc,F4,FOLD_1,HMSO01R_A|FIELD_LINEAGE|5d84595c43a38b585d7953f18ac50da686f8debb482b1cca6058cffe84d274b6,0.1,none,0.7103611741842772,0.7578125,INSIDE_MAJORITY,EVALUABLE,EXPLORATORY_CONSUMED_DIAGNOSTIC_ONLY
MS,viscosity_laplacian_acceleration,344,HMSO01R_A|PRIMARY|F4|b2269306cf2fc8a4591e8938af5813db53954684c008bd6a8cddd0d650dfaa59,F4,FOLD_0,HMSO01R_A|FIELD_LINEAGE|197d7ec024c0036b09ad028c746809cfe1ed712ccbb40eead96390c6dfdd817b,0.05,transverse,0.1413102639443352,1.0,INSIDE_MAJORITY,EVALUABLE,EXPLORATORY_CONSUMED_DIAGNOSTIC_ONLY
MS,viscosity_laplacian_acceleration,345,HMSO01R_A|PRIMARY|F4|add41ee9198075a3a19c4e02467ad427e3909e0b283ae14140a03b1ecf2a0f11,F4,FOLD_3,HMSO01R_A|FIELD_LINEAGE|7a40ff07646995058d8981271562dfa4f2cc77b96f79dba59c7ae90f96586134,0.05,longitudinal,6.0398678017336245,0.8203125,INSIDE_MAJORITY,EVALUABLE,EXPLORATORY_CONSUMED_DIAGNOSTIC_ONLY
MS,viscosity_laplacian_acceleration,346,HMSO01R_A|PRIMARY|F4|5e95bd4803f822dd8674c13a449420695c5df56cd9393606e1f3b9a611de51f1,F4,FOLD_2,HMSO01R_A|FIELD_LINEAGE|8af782533dccfef4a682f44ff365b7014ae448a56bd62c92877bbd37640adb31,0.05,transverse,0.3936696172605877,1.0,INSIDE_MAJORITY,EVALUABLE,EXPLORATORY_CONSUMED_DIAGNOSTIC_ONLY
MS,viscosity_laplacian_acceleration,347,HMSO01R_A|PRIMARY|F4|24f4ce932c7a7827efac3d2f928c557f54e4049809f5e73fbf1b9f52867a1edd,F4,FOLD_1,HMSO01R_A|FIELD_LINEAGE|5d84595c43a38b585d7953f18ac50da686f8debb482b1cca6058cffe84d274b6,0.05,none,0.932216333794133,0.9609375,INSIDE_MAJORITY,EVALUABLE,EXPLORATORY_CONSUMED_DIAGNOSTIC_ONLY
MS,viscosity_laplacian_acceleration,348,HMSO01R_A|PRIMARY|F4|18ac4d31edf7a505ad239621dfdf76d1766a2c67683ae1b62d6989cad714c2d7,F4,FOLD_0,HMSO01R_A|FIELD_LINEAGE|197d7ec024c0036b09ad028c746809cfe1ed712ccbb40eead96390c6dfdd817b,0.0,transverse,0.5133610076725521,1.0,INSIDE_MAJORITY,EVALUABLE,EXPLORATORY_CONSUMED_DIAGNOSTIC_ONLY
MS,viscosity_laplacian_acceleration,349,HMSO01R_A|PRIMARY|F4|1cc6c0e80b8899df18a73353bf6f7ed7c04f29c45158e61ee28cb2624ac746fe,F4,FOLD_4,HMSO01R_A|FIELD_LINEAGE|6359faeb0765247f7e12d6c9e8bbc8898fa74fca5c76c863a6009dffddbcb32e,0.05,longitudinal,0.18366515971128505,0.421875,OUTSIDE_MAJORITY,EVALUABLE,EXPLORATORY_CONSUMED_DIAGNOSTIC_ONLY
MS,viscosity_laplacian_acceleration,350,HMSO01R_A|PRIMARY|F4|d33d0be38e4684bb33437a9df95a1ae6cc0a7aebc3f0a71bfa4fa8cbc4555242,F4,FOLD_1,HMSO01R_A|FIELD_LINEAGE|5d84595c43a38b585d7953f18ac50da686f8debb482b1cca6058cffe84d274b6,0.0,none,0.5754442501912646,1.0,INSIDE_MAJORITY,EVALUABLE,EXPLORATORY_CONSUMED_DIAGNOSTIC_ONLY
MS,viscosity_laplacian_acceleration,351,HMSO01R_A|PRIMARY|F4|5a2e3a505c133416c8dbb86a08170301d688109094d8674ee8080dc96049ad55,F4,FOLD_0,HMSO01R_A|FIELD_LINEAGE|06c31c418b756da4f49834b1270295e826a9807f080171a34a3e7c250369709c,0.05,none,0.0013539991195418097,1.0,INSIDE_MAJORITY,EVALUABLE,EXPLORATORY_CONSUMED_DIAGNOSTIC_ONLY
MS,viscosity_laplacian_acceleration,352,HMSO01R_A|PRIMARY|F4|3b38bca5ba7eb3e076d691c07d5fefab92d9894c689c32264b3e80a8f629fae5,F4,FOLD_1,HMSO01R_A|FIELD_LINEAGE|3264ae7008b91adb6f4b677f3ecc13cbe5ab1143b7f33ef501525d095e0b618c,0.05,none,1.073049725885389,0.5859375,INSIDE_MAJORITY,EVALUABLE,EXPLORATORY_CONSUMED_DIAGNOSTIC_ONLY
MS,viscosity_laplacian_acceleration,353,HMSO01R_A|PRIMARY|F4|1453b091d0daa0c4e730c8e0c233a19b45a418a33d5d34531f6df7ff2203213a,F4,FOLD_1,HMSO01R_A|FIELD_LINEAGE|3264ae7008b91adb6f4b677f3ecc13cbe5ab1143b7f33ef501525d095e0b618c,0.05,none,0.8088427830609655,0.9765625,INSIDE_MAJORITY,EVALUABLE,EXPLORATORY_CONSUMED_DIAGNOSTIC_ONLY
MS,viscosity_laplacian_acceleration,354,HMSO01R_A|PRIMARY|F4|2a57c8fd48f74b76db849058b1fbda9ce73e7c1e67e92c7bb77564c77611730e,F4,FOLD_1,HMSO01R_A|FIELD_LINEAGE|3264ae7008b91adb6f4b677f3ecc13cbe5ab1143b7f33ef501525d095e0b618c,0.05,none,0.6082492198007026,1.0,INSIDE_MAJORITY,EVALUABLE,EXPLORATORY_CONSUMED_DIAGNOSTIC_ONLY
MS,viscosity_laplacian_acceleration,355,HMSO01R_A|PRIMARY|F4|9f56c3d5d44bf58a93d9ca6afd6c4e8f218ea1cdd2052a96a5e56647a1dfd799,F4,FOLD_2,HMSO01R_A|FIELD_LINEAGE|8af782533dccfef4a682f44ff365b7014ae448a56bd62c92877bbd37640adb31,0.1,transverse,1.1109313998053298,1.0,INSIDE_MAJORITY,EVALUABLE,EXPLORATORY_CONSUMED_DIAGNOSTIC_ONLY
MS,viscosity_laplacian_acceleration,356,HMSO01R_A|PRIMARY|F4|4af9d799645306b976781f74aaac033fc6a03925c4707f61d4dde7f0466e1248,F4,FOLD_1,HMSO01R_A|FIELD_LINEAGE|5d84595c43a38b585d7953f18ac50da686f8debb482b1cca6058cffe84d274b6,0.05,none,0.7945377783110119,1.0,INSIDE_MAJORITY,EVALUABLE,EXPLORATORY_CONSUMED_DIAGNOSTIC_ONLY
MS,viscosity_laplacian_acceleration,357,HMSO01R_A|PRIMARY|F4|70cefd0a326a1189e857a24bc47d3a308a01c71266a610d97da19fe3475449b3,F4,FOLD_0,HMSO01R_A|FIELD_LINEAGE|06c31c418b756da4f49834b1270295e826a9807f080171a34a3e7c250369709c,0.1,none,0.0033023948196086606,1.0,INSIDE_MAJORITY,EVALUABLE,EXPLORATORY_CONSUMED_DIAGNOSTIC_ONLY
MS,viscosity_laplacian_acceleration,358,HMSO01R_A|PRIMARY|F4|d12ba8221e83ef54db206896c0ccfc71b0d9e5c69260022a3f60f552de527261,F4,FOLD_5,HMSO01R_A|FIELD_LINEAGE|c9a10c50914a082104b6f42f933e2e8b35494d6ac1b464fc981b740edc26e9a6,0.1,none,0.04410221844465743,0.8828125,INSIDE_MAJORITY,EVALUABLE,EXPLORATORY_CONSUMED_DIAGNOSTIC_ONLY
MS,viscosity_laplacian_acceleration,359,HMSO01R_A|PRIMARY|F4|6b8727c73995a66d16356a1d36b4933859c3b2fbc63ae62c24b1e21bc11073b5,F4,FOLD_3,HMSO01R_A|FIELD_LINEAGE|7a40ff07646995058d8981271562dfa4f2cc77b96f79dba59c7ae90f96586134,0.05,longitudinal,0.5480918712827058,0.9453125,INSIDE_MAJORITY,EVALUABLE,EXPLORATORY_CONSUMED_DIAGNOSTIC_ONLY
MS,viscosity_laplacian_acceleration,360,HMSO01R_A|PRIMARY|F4|743a01d4399472eed3d8ffd9c7a32e1f3a40e5b1780978943bf05c8e760eff58,F4,FOLD_0,HMSO01R_A|FIELD_LINEAGE|06c31c418b756da4f49834b1270295e826a9807f080171a34a3e7c250369709c,0.1,none,0.0021503920334840273,1.0,INSIDE_MAJORITY,EVALUABLE,EXPLORATORY_CONSUMED_DIAGNOSTIC_ONLY
MS,viscosity_laplacian_acceleration,361,HMSO01R_A|PRIMARY|F4|6f8b0062875af4febf1ed5a9e87719c1f1886be25e2bae8ee74787af55c5c1ab,F4,FOLD_3,HMSO01R_A|FIELD_LINEAGE|7a40ff07646995058d8981271562dfa4f2cc77b96f79dba59c7ae90f96586134,0.0,longitudinal,0.5365121498136487,1.0,INSIDE_MAJORITY,EVALUABLE,EXPLORATORY_CONSUMED_DIAGNOSTIC_ONLY
MS,viscosity_laplacian_acceleration,362,HMSO01R_A|PRIMARY|F4|8f1ab78a0a32c0cb988d7b4adfde67f10680eff0253d57272287f87269fe5ac7,F4,FOLD_1,HMSO01R_A|FIELD_LINEAGE|5d84595c43a38b585d7953f18ac50da686f8debb482b1cca6058cffe84d274b6,0.0,none,0.2006530213095205,1.0,INSIDE_MAJORITY,EVALUABLE,EXPLORATORY_CONSUMED_DIAGNOSTIC_ONLY
MS,viscosity_laplacian_acceleration,363,HMSO01R_A|PRIMARY|F4|194231f073caf06555d785c43dcc6f91eb5ef962fbd48ce1696e7a0febd8d169,F4,FOLD_5,HMSO01R_A|FIELD_LINEAGE|c9a10c50914a082104b6f42f933e2e8b35494d6ac1b464fc981b740edc26e9a6,0.05,none,0.008932776008664383,1.0,INSIDE_MAJORITY,EVALUABLE,EXPLORATORY_CONSUMED_DIAGNOSTIC_ONLY
MS,viscosity_laplacian_acceleration,364,HMSO01R_A|PRIMARY|F4|4c5124e2fe9ab57f1899643d25ea08bef342b07b4f5a1b63411031808a84e6e5,F4,FOLD_2,HMSO01R_A|FIELD_LINEAGE|8af782533dccfef4a682f44ff365b7014ae448a56bd62c92877bbd37640adb31,0.05,transverse,0.6746867022764509,1.0,INSIDE_MAJORITY,EVALUABLE,EXPLORATORY_CONSUMED_DIAGNOSTIC_ONLY
MS,viscosity_laplacian_acceleration,365,HMSO01R_A|PRIMARY|F4|86e0b5c66095d052b370f9153c1c0c79db91e1ce96e3bb2098471bfc1d51f52b,F4,FOLD_1,HMSO01R_A|FIELD_LINEAGE|3264ae7008b91adb6f4b677f3ecc13cbe5ab1143b7f33ef501525d095e0b618c,0.05,none,0.7974275921126504,1.0,INSIDE_MAJORITY,EVALUABLE,EXPLORATORY_CONSUMED_DIAGNOSTIC_ONLY
MS,viscosity_laplacian_acceleration,366,HMSO01R_A|PRIMARY|F4|fb27fce189386d914da9e876fe6ee49add0c761025cf76dcac6ae5fb83112597,F4,FOLD_4,HMSO01R_A|FIELD_LINEAGE|6359faeb0765247f7e12d6c9e8bbc8898fa74fca5c76c863a6009dffddbcb32e,0.0,longitudinal,0.14498881098607036,0.4453125,OUTSIDE_MAJORITY,EVALUABLE,EXPLORATORY_CONSUMED_DIAGNOSTIC_ONLY
MS,viscosity_laplacian_acceleration,367,HMSO01R_A|PRIMARY|F4|7786ab7ac7eee1e1201a9d4cd9bb75b985ca5b9bbe57ed362a6bae2ea6a67b5f,F4,FOLD_5,HMSO01R_A|FIELD_LINEAGE|c9a10c50914a082104b6f42f933e2e8b35494d6ac1b464fc981b740edc26e9a6,0.05,none,0.005504867387169739,1.0,INSIDE_MAJORITY,EVALUABLE,EXPLORATORY_CONSUMED_DIAGNOSTIC_ONLY
MS,viscosity_laplacian_acceleration,368,HMSO01R_A|PRIMARY|F4|30baa6e6806879515a78f1c62d05bccaab3249b592d8f3bd12ff03c066c53410,F4,FOLD_0,HMSO01R_A|FIELD_LINEAGE|197d7ec024c0036b09ad028c746809cfe1ed712ccbb40eead96390c6dfdd817b,0.1,transverse,0.15485662396547623,0.7890625,INSIDE_MAJORITY,EVALUABLE,EXPLORATORY_CONSUMED_DIAGNOSTIC_ONLY
MS,viscosity_laplacian_acceleration,369,HMSO01R_A|PRIMARY|F4|b6277718874b120da231461abacc7a7da2022f32e5d8dca303cccaa91f4b4e42,F4,FOLD_5,HMSO01R_A|FIELD_LINEAGE|c9a10c50914a082104b6f42f933e2e8b35494d6ac1b464fc981b740edc26e9a6,0.05,none,0.00314959204420224,1.0,INSIDE_MAJORITY,EVALUABLE,EXPLORATORY_CONSUMED_DIAGNOSTIC_ONLY
MS,viscosity_laplacian_acceleration,370,HMSO01R_A|PRIMARY|F4|522b8141f1cd2e67d095769af78530d3f17997c9669d7c69d1e60899303311c6,F4,FOLD_4,HMSO01R_A|FIELD_LINEAGE|6359faeb0765247f7e12d6c9e8bbc8898fa74fca5c76c863a6009dffddbcb32e,0.05,longitudinal,0.21078464098788524,0.640625,INSIDE_MAJORITY,EVALUABLE,EXPLORATORY_CONSUMED_DIAGNOSTIC_ONLY
MS,viscosity_laplacian_acceleration,371,HMSO01R_A|PRIMARY|F4|d0223a5116363bdb9fdbe576b917d428be2afd61c42aa978a1b394059de4a4d3,F4,FOLD_3,HMSO01R_A|FIELD_LINEAGE|7a40ff07646995058d8981271562dfa4f2cc77b96f79dba59c7ae90f96586134,0.1,longitudinal,2.641335444016493,0.953125,INSIDE_MAJORITY,EVALUABLE,EXPLORATORY_CONSUMED_DIAGNOSTIC_ONLY
MS,viscosity_laplacian_acceleration,372,HMSO01R_A|PRIMARY|F4|06d3cb26de6443a1c4252d88b37fa2f0dcf1c3ed1a44f9c013bc3024e09538bf,F4,FOLD_2,HMSO01R_A|FIELD_LINEAGE|8af782533dccfef4a682f44ff365b7014ae448a56bd62c92877bbd37640adb31,0.0,transverse,0.37766896170904973,1.0,INSIDE_MAJORITY,EVALUABLE,EXPLORATORY_CONSUMED_DIAGNOSTIC_ONLY
MS,viscosity_laplacian_acceleration,373,HMSO01R_A|PRIMARY|F4|faa348e08c7229666370404a73443dac623fabd23619b19b7c9c6da56881b0a4,F4,FOLD_1,HMSO01R_A|FIELD_LINEAGE|3264ae7008b91adb6f4b677f3ecc13cbe5ab1143b7f33ef501525d095e0b618c,0.0,none,0.0,1.0,INSIDE_MAJORITY,EVALUABLE,EXPLORATORY_CONSUMED_DIAGNOSTIC_ONLY
MS,viscosity_laplacian_acceleration,374,HMSO01R_A|PRIMARY|F4|f86320eb94ec3a1d1974e1cdd67f129ee26e2cc2003115ec42fd58bccce3aec1,F4,FOLD_0,HMSO01R_A|FIELD_LINEAGE|197d7ec024c0036b09ad028c746809cfe1ed712ccbb40eead96390c6dfdd817b,0.05,transverse,0.14309166147996363,1.0,INSIDE_MAJORITY,EVALUABLE,EXPLORATORY_CONSUMED_DIAGNOSTIC_ONLY
MS,viscosity_laplacian_acceleration,375,HMSO01R_A|PRIMARY|F4|c5dc5e67fe205445cd7e9fb69403cd2d5347418c0d908c36d223c6bb99c2c9c9,F4,FOLD_2,HMSO01R_A|FIELD_LINEAGE|8af782533dccfef4a682f44ff365b7014ae448a56bd62c92877bbd37640adb31,0.05,transverse,0.9204514787762135,1.0,INSIDE_MAJORITY,EVALUABLE,EXPLORATORY_CONSUMED_DIAGNOSTIC_ONLY
MS,viscosity_laplacian_acceleration,376,HMSO01R_A|PRIMARY|F4|1205342c8d88b237751559327d73d7a9501b4185f18f551c322b8c45740a2a59,F4,FOLD_0,HMSO01R_A|FIELD_LINEAGE|06c31c418b756da4f49834b1270295e826a9807f080171a34a3e7c250369709c,0.05,none,0.0005926743785581755,1.0,INSIDE_MAJORITY,EVALUABLE,EXPLORATORY_CONSUMED_DIAGNOSTIC_ONLY
MS,viscosity_laplacian_acceleration,377,HMSO01R_A|PRIMARY|F4|acc5fc686f98699095bf8bb584f0cbcd98f5ff8d323f5f6a8f2f6a0a6f56d8fd,F4,FOLD_0,HMSO01R_A|FIELD_LINEAGE|197d7ec024c0036b09ad028c746809cfe1ed712ccbb40eead96390c6dfdd817b,0.05,transverse,0.15220514726579204,1.0,INSIDE_MAJORITY,EVALUABLE,EXPLORATORY_CONSUMED_DIAGNOSTIC_ONLY
MS,viscosity_laplacian_acceleration,378,HMSO01R_A|PRIMARY|F4|50ff0808ef66ae99ee108f7b364caec03276f15f3c79c7781f170708a5248bad,F4,FOLD_1,HMSO01R_A|FIELD_LINEAGE|5d84595c43a38b585d7953f18ac50da686f8debb482b1cca6058cffe84d274b6,0.05,none,0.8337645601715278,1.0,INSIDE_MAJORITY,EVALUABLE,EXPLORATORY_CONSUMED_DIAGNOSTIC_ONLY
MS,viscosity_laplacian_acceleration,379,HMSO01R_A|PRIMARY|F4|6a327a764bfac2756e747a73a674ce99a7a479505ab80e85fb6e0ce559489722,F4,FOLD_5,HMSO01R_A|FIELD_LINEAGE|c9a10c50914a082104b6f42f933e2e8b35494d6ac1b464fc981b740edc26e9a6,0.0,none,3.089946413313016e-08,1.0,INSIDE_MAJORITY,EVALUABLE,EXPLORATORY_CONSUMED_DIAGNOSTIC_ONLY
MS,viscosity_laplacian_acceleration,380,HMSO01R_A|PRIMARY|F4|151f0faa0ec3bffddc64493ea9d1ced59873d77b5045af43474acf1355c1de8d,F4,FOLD_1,HMSO01R_A|FIELD_LINEAGE|5d84595c43a38b585d7953f18ac50da686f8debb482b1cca6058cffe84d274b6,0.05,none,0.9532220959318589,0.53125,INSIDE_MAJORITY,EVALUABLE,EXPLORATORY_CONSUMED_DIAGNOSTIC_ONLY
MS,viscosity_laplacian_acceleration,381,HMSO01R_A|PRIMARY|F4|6ae78396c56cbbbfc0796994805858c3967c47bc24f14028345f8a91b53a4c63,F4,FOLD_3,HMSO01R_A|FIELD_LINEAGE|7a40ff07646995058d8981271562dfa4f2cc77b96f79dba59c7ae90f96586134,0.05,longitudinal,2.4514053339150568,0.9765625,INSIDE_MAJORITY,EVALUABLE,EXPLORATORY_CONSUMED_DIAGNOSTIC_ONLY
MS,viscosity_laplacian_acceleration,382,HMSO01R_A|PRIMARY|F4|e935c49b137288ce262897f601f1d1aa7350c95bd540ece1fcec9b3f463e4866,F4,FOLD_0,HMSO01R_A|FIELD_LINEAGE|197d7ec024c0036b09ad028c746809cfe1ed712ccbb40eead96390c6dfdd817b,0.1,transverse,0.14457806547094953,0.984375,INSIDE_MAJORITY,EVALUABLE,EXPLORATORY_CONSUMED_DIAGNOSTIC_ONLY
MS,viscosity_laplacian_acceleration,383,HMSO01R_A|PRIMARY|F4|6a6a8bfa9928af9cb01b022a75edc3db06b8fbb4fc71e646b76054dec1f3f066,F4,FOLD_0,HMSO01R_A|FIELD_LINEAGE|06c31c418b756da4f49834b1270295e826a9807f080171a34a3e7c250369709c,0.05,none,0.0023164942341255433,1.0,INSIDE_MAJORITY,EVALUABLE,EXPLORATORY_CONSUMED_DIAGNOSTIC_ONLY
