design_only_label,stratum,arm,component,case_count,candidate_c_wn,candidate_c_wb,candidate_c_d,cvar,near_collision_rate,model_input_authorized,status,oracle_residual_rms,oracle_status,evidence_class
macro_family,"""F1""",SS,density_rate,96,0.009078538396158247,0.025392642868663978,0.3575263293038985,0.13100660368006767,0.0,False,EVALUABLE,0.08722374879096496,EVALUABLE,EXPLORATORY_CONSUMED_DIAGNOSTIC_ONLY
macro_family,"""F1""",SS,pressure_gradient_acceleration,96,0.9293190233096028,2.601685295782382,0.35719886060628897,0.12355601168516733,0.0010986328125,False,EVALUABLE,0.8491981787590223,EVALUABLE,EXPLORATORY_CONSUMED_DIAGNOSTIC_ONLY
macro_family,"""F1""",SS,viscosity_laplacian_acceleration,96,0.00022999095336730067,0.0003336652358402424,0.6892865323177373,0.47200066804536434,0.004569498697916666,False,EVALUABLE,0.0077498869996137955,EVALUABLE,EXPLORATORY_CONSUMED_DIAGNOSTIC_ONLY
macro_family,"""F1""",MS,density_rate,96,0.0030865830917413666,0.025392642868663978,0.12155422764403907,0.005724153053361928,0.0,False,EVALUABLE,0.050886165106770645,EVALUABLE,EXPLORATORY_CONSUMED_DIAGNOSTIC_ONLY
macro_family,"""F1""",MS,pressure_gradient_acceleration,96,0.7556186770620696,2.601685295782382,0.29043431128546204,0.12009398867467531,0.006209309895833333,False,EVALUABLE,0.3128439670097687,EVALUABLE,EXPLORATORY_CONSUMED_DIAGNOSTIC_ONLY
macro_family,"""F1""",MS,viscosity_laplacian_acceleration,96,0.00018755817938655912,0.0003336652358402424,0.5621148361897709,0.3892274152385646,0.0035603841145833335,False,EVALUABLE,0.002122181767698097,EVALUABLE,EXPLORATORY_CONSUMED_DIAGNOSTIC_ONLY
macro_family,"""F2""",SS,density_rate,96,0.0024186437063330583,0.012383833467983796,0.19530654321103658,0.10044057665251617,0.0,False,EVALUABLE,0.03276198833938121,EVALUABLE,EXPLORATORY_CONSUMED_DIAGNOSTIC_ONLY
macro_family,"""F2""",SS,pressure_gradient_acceleration,96,0.27914811336533424,1.4450366628650941,0.19317718403895956,0.062513487806042,0.0,False,EVALUABLE,0.3885724901087498,EVALUABLE,EXPLORATORY_CONSUMED_DIAGNOSTIC_ONLY
macro_family,"""F2""",SS,viscosity_laplacian_acceleration,96,0.00010141852988158521,0.00015305578835612014,0.6626245957167674,0.3697231565249959,3.255208333333333e-05,False,EVALUABLE,0.0031536262174009086,EVALUABLE,EXPLORATORY_CONSUMED_DIAGNOSTIC_ONLY
macro_family,"""F2""",MS,density_rate,96,0.00013514535421274448,0.012383833467983796,0.01091304680106841,0.009620130064433656,0.0,False,EVALUABLE,0.005328887120494971,EVALUABLE,EXPLORATORY_CONSUMED_DIAGNOSTIC_ONLY
macro_family,"""F2""",MS,pressure_gradient_acceleration,96,0.27900656204039037,1.4450366628650941,0.19307922712991946,0.06248037754705802,3.255208333333333e-05,False,EVALUABLE,0.20680037113462654,EVALUABLE,EXPLORATORY_CONSUMED_DIAGNOSTIC_ONLY
macro_family,"""F2""",MS,viscosity_laplacian_acceleration,96,0.00011490829650784838,0.00015305578835612014,0.7507608679293286,0.4201393755728891,6.103515625e-05,False,EVALUABLE,0.0008741215050060968,EVALUABLE,EXPLORATORY_CONSUMED_DIAGNOSTIC_ONLY
macro_family,"""F3""",SS,density_rate,96,0.0035153887995940086,0.014667193283384039,0.23967699420559707,0.2119499872296993,0.0,False,EVALUABLE,0.03864090734828035,EVALUABLE,EXPLORATORY_CONSUMED_DIAGNOSTIC_ONLY
macro_family,"""F3""",SS,pressure_gradient_acceleration,96,0.4298193565378785,1.7603952021363611,0.24416071801165048,0.21332931503560812,0.0,False,EVALUABLE,0.3893932619405687,EVALUABLE,EXPLORATORY_CONSUMED_DIAGNOSTIC_ONLY
macro_family,"""F3""",SS,viscosity_laplacian_acceleration,96,0.00010873518910977384,0.00017867451032512613,0.6085657596705496,0.32177164904870414,1.6276041666666666e-05,False,EVALUABLE,0.0027819533498798423,EVALUABLE,EXPLORATORY_CONSUMED_DIAGNOSTIC_ONLY
macro_family,"""F3""",MS,density_rate,96,0.00014810374343267305,0.014667193283384039,0.010097619944809394,0.007638985723933826,0.0,False,EVALUABLE,0.005245832310678312,EVALUABLE,EXPLORATORY_CONSUMED_DIAGNOSTIC_ONLY
macro_family,"""F3""",MS,pressure_gradient_acceleration,96,0.4298047205397954,1.7603952021363611,0.24415240397053894,0.21332514134419026,2.0345052083333332e-05,False,EVALUABLE,0.16791293752412914,EVALUABLE,EXPLORATORY_CONSUMED_DIAGNOSTIC_ONLY
macro_family,"""F3""",MS,viscosity_laplacian_acceleration,96,9.194919202431966e-05,0.00017867451032512613,0.5146184078355875,0.25302426693201474,4.8828125e-05,False,EVALUABLE,0.0007060479769098208,EVALUABLE,EXPLORATORY_CONSUMED_DIAGNOSTIC_ONLY
macro_family,"""F4""",SS,density_rate,96,0.00632749592587803,0.013011556237926838,0.48629816527513275,0.3286885789548703,0.0,False,EVALUABLE,0.0653065007830629,EVALUABLE,EXPLORATORY_CONSUMED_DIAGNOSTIC_ONLY
macro_family,"""F4""",SS,pressure_gradient_acceleration,96,2.8448517363248107,2.7069865127986965,1.0509294090954218,1.0694284298501668,0.0,False,EVALUABLE,0.9366565136755682,EVALUABLE,EXPLORATORY_CONSUMED_DIAGNOSTIC_ONLY
macro_family,"""F4""",SS,viscosity_laplacian_acceleration,96,0.00017230215223458265,0.00018968113287598816,0.9083779162539707,0.5971261225085273,0.0,False,EVALUABLE,0.00730556846743683,EVALUABLE,EXPLORATORY_CONSUMED_DIAGNOSTIC_ONLY
macro_family,"""F4""",MS,density_rate,96,0.0013402585991498476,0.013011556237926838,0.10300524969051619,0.14131079525421086,0.0,False,EVALUABLE,0.023043079743849504,EVALUABLE,EXPLORATORY_CONSUMED_DIAGNOSTIC_ONLY
macro_family,"""F4""",MS,pressure_gradient_acceleration,96,2.818800852248843,2.7069865127986965,1.0413058354452398,1.066203818204551,1.6276041666666666e-05,False,EVALUABLE,0.6284635896451444,EVALUABLE,EXPLORATORY_CONSUMED_DIAGNOSTIC_ONLY
macro_family,"""F4""",MS,viscosity_laplacian_acceleration,96,0.00019172056287239357,0.00018968113287598816,1.0107518864184493,0.7045551483251096,0.0,False,EVALUABLE,0.004944995466271798,EVALUABLE,EXPLORATORY_CONSUMED_DIAGNOSTIC_ONLY
fold,"""FOLD_0""",SS,density_rate,74,0.0017151297946520869,0.01240685307466948,0.13824051790810607,0.06168647237606329,0.0,False,EVALUABLE,0.03479707391018518,EVALUABLE,EXPLORATORY_CONSUMED_DIAGNOSTIC_ONLY
fold,"""FOLD_0""",SS,pressure_gradient_acceleration,74,1.1856704145317951,1.570905691794439,0.7547686794472103,0.6134337572865117,0.0,False,EVALUABLE,0.5803155731828631,EVALUABLE,EXPLORATORY_CONSUMED_DIAGNOSTIC_ONLY
fold,"""FOLD_0""",SS,viscosity_laplacian_acceleration,74,0.0001230187805195686,0.00019141700265472582,0.6426742599322142,0.2731139339751331,0.0,False,EVALUABLE,0.005677771333551166,EVALUABLE,EXPLORATORY_CONSUMED_DIAGNOSTIC_ONLY
fold,"""FOLD_0""",MS,density_rate,74,9.74909612171896e-05,0.01240685307466948,0.007857831525081292,0.0031641169499975227,0.0,False,EVALUABLE,0.010697268159246355,EVALUABLE,EXPLORATORY_CONSUMED_DIAGNOSTIC_ONLY
fold,"""FOLD_0""",MS,pressure_gradient_acceleration,74,0.9842849397119441,1.570905691794439,0.6265716298905248,0.4832869389773564,0.0,False,EVALUABLE,0.342769495359251,EVALUABLE,EXPLORATORY_CONSUMED_DIAGNOSTIC_ONLY
fold,"""FOLD_0""",MS,viscosity_laplacian_acceleration,74,9.467314714141965e-05,0.00019141700265472582,0.49459110647651916,0.20017865921817296,0.0,False,EVALUABLE,0.003264267541329147,EVALUABLE,EXPLORATORY_CONSUMED_DIAGNOSTIC_ONLY
fold,"""FOLD_1""",SS,density_rate,70,0.004465741147969139,0.015917734934399724,0.2805512949156008,0.276157681452335,0.0,False,EVALUABLE,0.04958282032255479,EVALUABLE,EXPLORATORY_CONSUMED_DIAGNOSTIC_ONLY
fold,"""FOLD_1""",SS,pressure_gradient_acceleration,70,2.9494905312816893,4.0449065242594315,0.7291863269502135,0.6591062751922495,0.0,False,EVALUABLE,1.268734504607003,EVALUABLE,EXPLORATORY_CONSUMED_DIAGNOSTIC_ONLY
fold,"""FOLD_1""",SS,viscosity_laplacian_acceleration,70,0.00011849459279671679,0.000183244780634891,0.6466464822963403,0.45036789875307415,0.0011495535714285713,False,EVALUABLE,0.0035265257921761025,EVALUABLE,EXPLORATORY_CONSUMED_DIAGNOSTIC_ONLY
fold,"""FOLD_1""",MS,density_rate,70,0.0021753123802936915,0.015917734934399724,0.1366596685557715,0.19608422619094495,0.0,False,EVALUABLE,0.0064954372699866795,EVALUABLE,EXPLORATORY_CONSUMED_DIAGNOSTIC_ONLY
fold,"""FOLD_1""",MS,pressure_gradient_acceleration,70,2.9489604621352,4.0449065242594315,0.7290552808695907,0.6549660223526723,0.0040345982142857145,False,EVALUABLE,0.7244479841253146,EVALUABLE,EXPLORATORY_CONSUMED_DIAGNOSTIC_ONLY
fold,"""FOLD_1""",MS,viscosity_laplacian_acceleration,70,9.29600180762778e-05,0.000183244780634891,0.507299677263373,0.4042988916076013,0.0,False,EVALUABLE,0.0008863978434584307,EVALUABLE,EXPLORATORY_CONSUMED_DIAGNOSTIC_ONLY
fold,"""FOLD_2""",SS,density_rate,62,0.004799930807528476,0.01611944587036284,0.29777269306469234,0.23364626955683301,0.0,False,EVALUABLE,0.03303893858802357,EVALUABLE,EXPLORATORY_CONSUMED_DIAGNOSTIC_ONLY
fold,"""FOLD_2""",SS,pressure_gradient_acceleration,62,0.7845120288826696,1.5834642734972448,0.49544030895625674,0.299350044540077,0.0006930443548387097,False,EVALUABLE,0.4012666913803939,EVALUABLE,EXPLORATORY_CONSUMED_DIAGNOSTIC_ONLY
fold,"""FOLD_2""",SS,viscosity_laplacian_acceleration,62,0.0001327374402048905,0.00016754859700815212,0.7922324780698231,0.5531139834062205,0.0058341733870967746,False,EVALUABLE,0.0027086407179489147,EVALUABLE,EXPLORATORY_CONSUMED_DIAGNOSTIC_ONLY
fold,"""FOLD_2""",MS,density_rate,62,0.000336156331654281,0.01611944587036284,0.020854087315267885,0.009379170760726876,0.0,False,EVALUABLE,0.008222639111626495,EVALUABLE,EXPLORATORY_CONSUMED_DIAGNOSTIC_ONLY
fold,"""FOLD_2""",MS,pressure_gradient_acceleration,62,0.44536414206949265,1.5834642734972448,0.28125935616208114,0.24723519317762208,0.00042212701612903225,False,EVALUABLE,0.18776333113457075,EVALUABLE,EXPLORATORY_CONSUMED_DIAGNOSTIC_ONLY
fold,"""FOLD_2""",MS,viscosity_laplacian_acceleration,62,0.0001280073558621149,0.00016754859700815212,0.7640013592945016,0.5618950326821733,0.005682963709677419,False,EVALUABLE,0.0010360259305585507,EVALUABLE,EXPLORATORY_CONSUMED_DIAGNOSTIC_ONLY
fold,"""FOLD_3""",SS,density_rate,59,0.013804864705415441,0.032451395445996775,0.42540126597601885,0.2417511817937047,0.0,False,EVALUABLE,0.1128832573285163,EVALUABLE,EXPLORATORY_CONSUMED_DIAGNOSTIC_ONLY
fold,"""FOLD_3""",SS,pressure_gradient_acceleration,59,0.3563091794858912,1.7612022366054043,0.20231020156586477,0.06787379159533292,6.620762711864407e-06,False,EVALUABLE,0.2993025324361464,EVALUABLE,EXPLORATORY_CONSUMED_DIAGNOSTIC_ONLY
fold,"""FOLD_3""",SS,viscosity_laplacian_acceleration,59,0.0003536460436989295,0.0003699638779975037,0.9558934391462826,0.7426689505064884,0.0,False,EVALUABLE,0.008907843238949612,EVALUABLE,EXPLORATORY_CONSUMED_DIAGNOSTIC_ONLY
fold,"""FOLD_3""",MS,density_rate,59,0.004339871304457715,0.032451395445996775,0.1337345049361532,0.015972473856090033,0.0,False,EVALUABLE,0.06531636196266251,EVALUABLE,EXPLORATORY_CONSUMED_DIAGNOSTIC_ONLY
fold,"""FOLD_3""",MS,pressure_gradient_acceleration,59,0.3560738570186069,1.7612022366054043,0.20217658688925733,0.06773719102034051,9.931144067796611e-05,False,EVALUABLE,0.14669612775694466,EVALUABLE,EXPLORATORY_CONSUMED_DIAGNOSTIC_ONLY
fold,"""FOLD_3""",MS,viscosity_laplacian_acceleration,59,0.0004383457231196775,0.0003699638779975037,1.184833842407272,1.1065334105603466,0.0,False,EVALUABLE,0.003315703825189845,EVALUABLE,EXPLORATORY_CONSUMED_DIAGNOSTIC_ONLY
fold,"""FOLD_4""",SS,density_rate,59,0.005662830451536944,0.012131332577836988,0.4667937685495903,0.16614333426880018,0.0,False,EVALUABLE,0.06643822536074334,EVALUABLE,EXPLORATORY_CONSUMED_DIAGNOSTIC_ONLY
fold,"""FOLD_4""",SS,pressure_gradient_acceleration,59,0.33039695275968767,1.7190356269192113,0.19219901413667162,0.14775322936606777,0.00019862288135593222,False,EVALUABLE,0.4030533044088687,EVALUABLE,EXPLORATORY_CONSUMED_DIAGNOSTIC_ONLY
fold,"""FOLD_4""",SS,viscosity_laplacian_acceleration,59,0.00014838623685576558,0.00023374964585940147,0.6348083921590996,0.37464368746803944,0.0,False,EVALUABLE,0.00801882625404593,EVALUABLE,EXPLORATORY_CONSUMED_DIAGNOSTIC_ONLY
fold,"""FOLD_4""",MS,density_rate,59,0.0002612046983946249,0.012131332577836988,0.021531410232032203,0.004393882551696116,0.0,False,EVALUABLE,0.025210804833782026,EVALUABLE,EXPLORATORY_CONSUMED_DIAGNOSTIC_ONLY
fold,"""FOLD_4""",MS,pressure_gradient_acceleration,59,0.3207350748883341,1.7190356269192113,0.18657849195548262,0.14680058138135668,0.000211864406779661,False,EVALUABLE,0.11645934358234336,EVALUABLE,EXPLORATORY_CONSUMED_DIAGNOSTIC_ONLY
fold,"""FOLD_4""",MS,viscosity_laplacian_acceleration,59,9.372127818938794e-05,0.00023374964585940147,0.4009472521116055,0.23427910869159838,0.0,False,EVALUABLE,0.004535498375554722,EVALUABLE,EXPLORATORY_CONSUMED_DIAGNOSTIC_ONLY
fold,"""FOLD_5""",SS,density_rate,60,0.0027155867665905106,0.01035944186769699,0.26213639704454594,0.1945424974657194,0.0,False,EVALUABLE,0.027253963373802398,EVALUABLE,EXPLORATORY_CONSUMED_DIAGNOSTIC_ONLY
fold,"""FOLD_5""",SS,pressure_gradient_acceleration,60,0.7836985762887725,1.9075775978032175,0.4108344411211824,0.30323635265539567,0.00083984375,False,EVALUABLE,0.5780976967122613,EVALUABLE,EXPLORATORY_CONSUMED_DIAGNOSTIC_ONLY
fold,"""FOLD_5""",SS,viscosity_laplacian_acceleration,60,5.9120967688379944e-05,0.00015147093845338102,0.39031228229021575,0.2844829431615154,1.953125e-05,False,EVALUABLE,0.0025846050441024945,EVALUABLE,EXPLORATORY_CONSUMED_DIAGNOSTIC_ONLY
fold,"""FOLD_5""",MS,density_rate,60,6.289020300544686e-06,0.01035944186769699,0.0006070809973030719,0.0004844341719975446,0.0,False,EVALUABLE,0.0013215830761461505,EVALUABLE,EXPLORATORY_CONSUMED_DIAGNOSTIC_ONLY
fold,"""FOLD_5""",MS,pressure_gradient_acceleration,60,1.0730256043763249,1.9075775978032175,0.5625069227128848,0.5127458946040239,0.004596354166666667,False,EVALUABLE,0.27193590013047825,EVALUABLE,EXPLORATORY_CONSUMED_DIAGNOSTIC_ONLY
fold,"""FOLD_5""",MS,viscosity_laplacian_acceleration,60,5.7127581024285146e-05,0.00015147093845338102,0.3771520900814092,0.20945436542911802,0.0,False,EVALUABLE,0.0014644836805156017,EVALUABLE,EXPLORATORY_CONSUMED_DIAGNOSTIC_ONLY
field_lineage_id,"""HMSO01R_A|FIELD_LINEAGE|008a4638c8cb2247bc6cd62f75f3daa09b2e49ba7d73812777f0a31f466efb5e""",SS,density_rate,1,0.003310870563818234,0.011365519388133714,0.2913083380311666,0.4022826338768547,0.0,False,EVALUABLE,0.03966630182286748,EVALUABLE,EXPLORATORY_CONSUMED_DIAGNOSTIC_ONLY
field_lineage_id,"""HMSO01R_A|FIELD_LINEAGE|008a4638c8cb2247bc6cd62f75f3daa09b2e49ba7d73812777f0a31f466efb5e""",SS,pressure_gradient_acceleration,1,0.0,0.53177825995291,0.0,0.0,0.0,False,EVALUABLE,0.0011537739328110234,EVALUABLE,EXPLORATORY_CONSUMED_DIAGNOSTIC_ONLY
field_lineage_id,"""HMSO01R_A|FIELD_LINEAGE|008a4638c8cb2247bc6cd62f75f3daa09b2e49ba7d73812777f0a31f466efb5e""",SS,viscosity_laplacian_acceleration,1,0.0001499090357503854,0.00016597348716258645,0.9032107375290341,0.7296693948792687,0.0,False,EVALUABLE,0.0029527455606775006,EVALUABLE,EXPLORATORY_CONSUMED_DIAGNOSTIC_ONLY
field_lineage_id,"""HMSO01R_A|FIELD_LINEAGE|008a4638c8cb2247bc6cd62f75f3daa09b2e49ba7d73812777f0a31f466efb5e""",MS,density_rate,1,0.00012796941749886325,0.011365519388133714,0.011259442980887527,0.012790081911415715,0.0,False,EVALUABLE,0.0026452395576100547,EVALUABLE,EXPLORATORY_CONSUMED_DIAGNOSTIC_ONLY
field_lineage_id,"""HMSO01R_A|FIELD_LINEAGE|008a4638c8cb2247bc6cd62f75f3daa09b2e49ba7d73812777f0a31f466efb5e""",MS,pressure_gradient_acceleration,1,0.0,0.53177825995291,0.0,0.0,0.0,False,EVALUABLE,0.0009403900753621564,EVALUABLE,EXPLORATORY_CONSUMED_DIAGNOSTIC_ONLY
field_lineage_id,"""HMSO01R_A|FIELD_LINEAGE|008a4638c8cb2247bc6cd62f75f3daa09b2e49ba7d73812777f0a31f466efb5e""",MS,viscosity_laplacian_acceleration,1,0.00015436268168196555,0.00016597348716258645,0.9300442156207333,0.7535604186430185,0.0,False,EVALUABLE,0.0003038282221890035,EVALUABLE,EXPLORATORY_CONSUMED_DIAGNOSTIC_ONLY
field_lineage_id,"""HMSO01R_A|FIELD_LINEAGE|0183a54dead296f9ee3dee43dc4041188299c7e551f4c9c6bfbe94dc055e54ad""",SS,density_rate,2,0.0,0.009178480594627714,0.0,0.0,0.0,False,EVALUABLE,0.0006026946524992356,EVALUABLE,EXPLORATORY_CONSUMED_DIAGNOSTIC_ONLY
field_lineage_id,"""HMSO01R_A|FIELD_LINEAGE|0183a54dead296f9ee3dee43dc4041188299c7e551f4c9c6bfbe94dc055e54ad""",SS,pressure_gradient_acceleration,2,0.6677322793367562,2.588712832644053,0.25793988074557866,0.2780205208962392,0.0,False,EVALUABLE,0.6337742210440441,EVALUABLE,EXPLORATORY_CONSUMED_DIAGNOSTIC_ONLY
field_lineage_id,"""HMSO01R_A|FIELD_LINEAGE|0183a54dead296f9ee3dee43dc4041188299c7e551f4c9c6bfbe94dc055e54ad""",SS,viscosity_laplacian_acceleration,2,0.0,0.0001081519523076594,0.0,0.0,0.0,False,EVALUABLE,5.233156571930057e-05,EVALUABLE,EXPLORATORY_CONSUMED_DIAGNOSTIC_ONLY
field_lineage_id,"""HMSO01R_A|FIELD_LINEAGE|0183a54dead296f9ee3dee43dc4041188299c7e551f4c9c6bfbe94dc055e54ad""",MS,density_rate,2,0.0,0.009178480594627714,0.0,0.0,0.0,False,EVALUABLE,0.0,EVALUABLE,EXPLORATORY_CONSUMED_DIAGNOSTIC_ONLY
field_lineage_id,"""HMSO01R_A|FIELD_LINEAGE|0183a54dead296f9ee3dee43dc4041188299c7e551f4c9c6bfbe94dc055e54ad""",MS,pressure_gradient_acceleration,2,0.6677322793367562,2.588712832644053,0.25793988074557866,0.2780205208962392,0.0,False,EVALUABLE,0.31722696882426904,EVALUABLE,EXPLORATORY_CONSUMED_DIAGNOSTIC_ONLY
field_lineage_id,"""HMSO01R_A|FIELD_LINEAGE|0183a54dead296f9ee3dee43dc4041188299c7e551f4c9c6bfbe94dc055e54ad""",MS,viscosity_laplacian_acceleration,2,0.0,0.0001081519523076594,0.0,0.0,0.0,False,EVALUABLE,0.0016720571533151627,EVALUABLE,EXPLORATORY_CONSUMED_DIAGNOSTIC_ONLY
field_lineage_id,"""HMSO01R_A|FIELD_LINEAGE|0280053dfd6ee65fbd80522b2b04964154d57f31de1cc5d0449972791fa285ea""",SS,density_rate,1,1.5207978221719837e-10,0.00738285064938495,2.0599059826554642e-08,1.6621829066324986e-08,0.0,False,EVALUABLE,0.0002864763636218405,EVALUABLE,EXPLORATORY_CONSUMED_DIAGNOSTIC_ONLY
field_lineage_id,"""HMSO01R_A|FIELD_LINEAGE|0280053dfd6ee65fbd80522b2b04964154d57f31de1cc5d0449972791fa285ea""",SS,pressure_gradient_acceleration,1,6.453816488167703,17.358489291966457,0.37179597715076174,3.3809048943241695,0.0,False,EVALUABLE,1.7332157457299764,EVALUABLE,EXPLORATORY_CONSUMED_DIAGNOSTIC_ONLY
field_lineage_id,"""HMSO01R_A|FIELD_LINEAGE|0280053dfd6ee65fbd80522b2b04964154d57f31de1cc5d0449972791fa285ea""",SS,viscosity_laplacian_acceleration,1,1.8425485063908825e-07,0.00010782129235612681,0.0017088911346982033,0.0017825424071844067,0.0,False,EVALUABLE,8.876328249768268e-05,EVALUABLE,EXPLORATORY_CONSUMED_DIAGNOSTIC_ONLY
field_lineage_id,"""HMSO01R_A|FIELD_LINEAGE|0280053dfd6ee65fbd80522b2b04964154d57f31de1cc5d0449972791fa285ea""",MS,density_rate,1,0.0,0.00738285064938495,0.0,0.0,0.0,False,EVALUABLE,0.00045732476573806123,EVALUABLE,EXPLORATORY_CONSUMED_DIAGNOSTIC_ONLY
field_lineage_id,"""HMSO01R_A|FIELD_LINEAGE|0280053dfd6ee65fbd80522b2b04964154d57f31de1cc5d0449972791fa285ea""",MS,pressure_gradient_acceleration,1,6.4812344127292825,17.358489291966457,0.37337548813817634,3.393975368070044,0.0,False,EVALUABLE,0.2543354880679575,EVALUABLE,EXPLORATORY_CONSUMED_DIAGNOSTIC_ONLY
field_lineage_id,"""HMSO01R_A|FIELD_LINEAGE|0280053dfd6ee65fbd80522b2b04964154d57f31de1cc5d0449972791fa285ea""",MS,viscosity_laplacian_acceleration,1,0.0,0.00010782129235612681,0.0,0.0,0.0,False,EVALUABLE,5.1127017484340995e-05,EVALUABLE,EXPLORATORY_CONSUMED_DIAGNOSTIC_ONLY
field_lineage_id,"""HMSO01R_A|FIELD_LINEAGE|02a8e9bf168ff7b6159072e41013ee435870f1006dfd3aa95840b1c132f5aafb""",SS,density_rate,1,0.0,0.007573590181103261,0.0,0.0,0.0,False,EVALUABLE,0.0005470388625149324,EVALUABLE,EXPLORATORY_CONSUMED_DIAGNOSTIC_ONLY
field_lineage_id,"""HMSO01R_A|FIELD_LINEAGE|02a8e9bf168ff7b6159072e41013ee435870f1006dfd3aa95840b1c132f5aafb""",SS,pressure_gradient_acceleration,1,0.20277949842591225,1.4684194018975214,0.1380937204751425,0.0025405984921718252,0.0,False,EVALUABLE,0.635628436720117,EVALUABLE,EXPLORATORY_CONSUMED_DIAGNOSTIC_ONLY
field_lineage_id,"""HMSO01R_A|FIELD_LINEAGE|02a8e9bf168ff7b6159072e41013ee435870f1006dfd3aa95840b1c132f5aafb""",SS,viscosity_laplacian_acceleration,1,0.0,9.854958486350503e-05,0.0,0.0,0.0,False,EVALUABLE,6.515152250847669e-05,EVALUABLE,EXPLORATORY_CONSUMED_DIAGNOSTIC_ONLY
field_lineage_id,"""HMSO01R_A|FIELD_LINEAGE|02a8e9bf168ff7b6159072e41013ee435870f1006dfd3aa95840b1c132f5aafb""",MS,density_rate,1,0.0,0.007573590181103261,0.0,0.0,0.0,False,EVALUABLE,5.6219778613268015e-05,EVALUABLE,EXPLORATORY_CONSUMED_DIAGNOSTIC_ONLY
field_lineage_id,"""HMSO01R_A|FIELD_LINEAGE|02a8e9bf168ff7b6159072e41013ee435870f1006dfd3aa95840b1c132f5aafb""",MS,pressure_gradient_acceleration,1,0.16476753495065,1.4684194018975214,0.11220740800464366,0.005743769647996798,0.000390625,False,EVALUABLE,0.14673535412856262,EVALUABLE,EXPLORATORY_CONSUMED_DIAGNOSTIC_ONLY
field_lineage_id,"""HMSO01R_A|FIELD_LINEAGE|02a8e9bf168ff7b6159072e41013ee435870f1006dfd3aa95840b1c132f5aafb""",MS,viscosity_laplacian_acceleration,1,0.0,9.854958486350503e-05,0.0,0.0,0.0,False,EVALUABLE,1.5623666229687855e-05,EVALUABLE,EXPLORATORY_CONSUMED_DIAGNOSTIC_ONLY
field_lineage_id,"""HMSO01R_A|FIELD_LINEAGE|0404a47ad84d3ab6d4cc0dbf7c8fea97f3bca817bfb6ce9e4a0d96e074c1229f""",SS,density_rate,1,0.006021344489059027,0.01036383955441128,0.5809955333104412,0.28591716155092606,0.0,False,EVALUABLE,0.031150244933562173,EVALUABLE,EXPLORATORY_CONSUMED_DIAGNOSTIC_ONLY
field_lineage_id,"""HMSO01R_A|FIELD_LINEAGE|0404a47ad84d3ab6d4cc0dbf7c8fea97f3bca817bfb6ce9e4a0d96e074c1229f""",SS,pressure_gradient_acceleration,1,0.0,0.9580704151233648,0.0,0.0,0.0,False,EVALUABLE,0.0023108360565778307,EVALUABLE,EXPLORATORY_CONSUMED_DIAGNOSTIC_ONLY
field_lineage_id,"""HMSO01R_A|FIELD_LINEAGE|0404a47ad84d3ab6d4cc0dbf7c8fea97f3bca817bfb6ce9e4a0d96e074c1229f""",SS,viscosity_laplacian_acceleration,1,0.00026526541402854543,0.00014230965470819128,1.864001529428747,0.8886136442144095,0.0,False,EVALUABLE,0.001244269591745882,EVALUABLE,EXPLORATORY_CONSUMED_DIAGNOSTIC_ONLY
field_lineage_id,"""HMSO01R_A|FIELD_LINEAGE|0404a47ad84d3ab6d4cc0dbf7c8fea97f3bca817bfb6ce9e4a0d96e074c1229f""",MS,density_rate,1,7.1245102954905675e-06,0.01036383955441128,0.0006874392697885872,0.000656426964170825,0.0,False,EVALUABLE,0.0013081600680355477,EVALUABLE,EXPLORATORY_CONSUMED_DIAGNOSTIC_ONLY
field_lineage_id,"""HMSO01R_A|FIELD_LINEAGE|0404a47ad84d3ab6d4cc0dbf7c8fea97f3bca817bfb6ce9e4a0d96e074c1229f""",MS,pressure_gradient_acceleration,1,0.0,0.9580704151233648,0.0,0.0,0.0,False,EVALUABLE,0.007551878875332316,EVALUABLE,EXPLORATORY_CONSUMED_DIAGNOSTIC_ONLY
field_lineage_id,"""HMSO01R_A|FIELD_LINEAGE|0404a47ad84d3ab6d4cc0dbf7c8fea97f3bca817bfb6ce9e4a0d96e074c1229f""",MS,viscosity_laplacian_acceleration,1,3.496990919245444e-05,0.00014230965470819128,0.2457311084350596,0.16553780814629315,0.0,False,EVALUABLE,0.0008702578889382387,EVALUABLE,EXPLORATORY_CONSUMED_DIAGNOSTIC_ONLY
field_lineage_id,"""HMSO01R_A|FIELD_LINEAGE|04cc9f11103eaca809c304d2c5e7176a0ac510070bc43c67da76cab1f9c23ed7""",SS,density_rate,1,7.418241285189936e-15,0.007575398188992978,9.792543045418536e-13,4.95547877692293e-13,0.0,False,EVALUABLE,0.004146219997108634,EVALUABLE,EXPLORATORY_CONSUMED_DIAGNOSTIC_ONLY
field_lineage_id,"""HMSO01R_A|FIELD_LINEAGE|04cc9f11103eaca809c304d2c5e7176a0ac510070bc43c67da76cab1f9c23ed7""",SS,pressure_gradient_acceleration,1,0.0,1.080656982128958,0.0,0.0,0.0,False,EVALUABLE,0.0067055996928930385,EVALUABLE,EXPLORATORY_CONSUMED_DIAGNOSTIC_ONLY
field_lineage_id,"""HMSO01R_A|FIELD_LINEAGE|04cc9f11103eaca809c304d2c5e7176a0ac510070bc43c67da76cab1f9c23ed7""",SS,viscosity_laplacian_acceleration,1,0.0009233583161117713,0.000510315404634076,1.8093875037416705,1.052922013554156,0.0,False,EVALUABLE,0.006576808042564627,EVALUABLE,EXPLORATORY_CONSUMED_DIAGNOSTIC_ONLY
field_lineage_id,"""HMSO01R_A|FIELD_LINEAGE|04cc9f11103eaca809c304d2c5e7176a0ac510070bc43c67da76cab1f9c23ed7""",MS,density_rate,1,2.1809590086873874e-14,0.007575398188992978,2.8790024686178367e-12,1.3279912633889605e-12,0.0,False,EVALUABLE,0.0007463561908109813,EVALUABLE,EXPLORATORY_CONSUMED_DIAGNOSTIC_ONLY
field_lineage_id,"""HMSO01R_A|FIELD_LINEAGE|04cc9f11103eaca809c304d2c5e7176a0ac510070bc43c67da76cab1f9c23ed7""",MS,pressure_gradient_acceleration,1,0.0,1.080656982128958,0.0,0.0,0.0,False,EVALUABLE,0.0009208620776932345,EVALUABLE,EXPLORATORY_CONSUMED_DIAGNOSTIC_ONLY
field_lineage_id,"""HMSO01R_A|FIELD_LINEAGE|04cc9f11103eaca809c304d2c5e7176a0ac510070bc43c67da76cab1f9c23ed7""",MS,viscosity_laplacian_acceleration,1,0.0008927049378650436,0.000510315404634076,1.7493199886943678,1.442487859807128,0.0,False,EVALUABLE,0.0010706325570581006,EVALUABLE,EXPLORATORY_CONSUMED_DIAGNOSTIC_ONLY
field_lineage_id,"""HMSO01R_A|FIELD_LINEAGE|051eaa0f00871ac3de3987b76f15e88e4e718676447cf96853b1d9836e56f4a9""",SS,density_rate,2,2.101087081239765e-14,0.011121591525362826,1.889196412625144e-12,2.1211350964140824e-12,0.0,False,EVALUABLE,0.0030071640085041233,EVALUABLE,EXPLORATORY_CONSUMED_DIAGNOSTIC_ONLY
field_lineage_id,"""HMSO01R_A|FIELD_LINEAGE|051eaa0f00871ac3de3987b76f15e88e4e718676447cf96853b1d9836e56f4a9""",SS,pressure_gradient_acceleration,2,0.0,1.2303409929771691,0.0,0.0,0.0,False,EVALUABLE,0.029007836170627698,EVALUABLE,EXPLORATORY_CONSUMED_DIAGNOSTIC_ONLY
field_lineage_id,"""HMSO01R_A|FIELD_LINEAGE|051eaa0f00871ac3de3987b76f15e88e4e718676447cf96853b1d9836e56f4a9""",SS,viscosity_laplacian_acceleration,2,0.00014263887399418467,0.00015292050430126372,0.9327648679027141,0.28662084794118686,0.0,False,EVALUABLE,0.0013535737617254029,EVALUABLE,EXPLORATORY_CONSUMED_DIAGNOSTIC_ONLY
field_lineage_id,"""HMSO01R_A|FIELD_LINEAGE|051eaa0f00871ac3de3987b76f15e88e4e718676447cf96853b1d9836e56f4a9""",MS,density_rate,2,2.17870605480792e-14,0.011121591525362826,1.958987659130776e-12,2.174275920977012e-12,0.0,False,EVALUABLE,0.0005147411422794775,EVALUABLE,EXPLORATORY_CONSUMED_DIAGNOSTIC_ONLY
field_lineage_id,"""HMSO01R_A|FIELD_LINEAGE|051eaa0f00871ac3de3987b76f15e88e4e718676447cf96853b1d9836e56f4a9""",MS,pressure_gradient_acceleration,2,0.0,1.2303409929771691,0.0,0.0,0.0,False,EVALUABLE,0.0031389504152190286,EVALUABLE,EXPLORATORY_CONSUMED_DIAGNOSTIC_ONLY
field_lineage_id,"""HMSO01R_A|FIELD_LINEAGE|051eaa0f00871ac3de3987b76f15e88e4e718676447cf96853b1d9836e56f4a9""",MS,viscosity_laplacian_acceleration,2,0.00014573986957326548,0.00015292050430126372,0.953043349151845,0.31342245328733565,0.0,False,EVALUABLE,0.0004410900424082407,EVALUABLE,EXPLORATORY_CONSUMED_DIAGNOSTIC_ONLY
field_lineage_id,"""HMSO01R_A|FIELD_LINEAGE|05638fa6abec8d1f9d2070785cb5b62bc36d80415fcae04a6c6b1419139c3003""",SS,density_rate,2,0.0,0.007164890323747775,0.0,0.0,0.0,False,EVALUABLE,0.0008839192857526672,EVALUABLE,EXPLORATORY_CONSUMED_DIAGNOSTIC_ONLY
field_lineage_id,"""HMSO01R_A|FIELD_LINEAGE|05638fa6abec8d1f9d2070785cb5b62bc36d80415fcae04a6c6b1419139c3003""",SS,pressure_gradient_acceleration,2,8.083040265885174,3.8734084674111555,2.0868029627888904,0.06872502700333176,0.021484375,False,EVALUABLE,1.1707117693774205,EVALUABLE,EXPLORATORY_CONSUMED_DIAGNOSTIC_ONLY
field_lineage_id,"""HMSO01R_A|FIELD_LINEAGE|05638fa6abec8d1f9d2070785cb5b62bc36d80415fcae04a6c6b1419139c3003""",SS,viscosity_laplacian_acceleration,2,0.0,0.0001175529955948302,0.0,0.0,0.0,False,EVALUABLE,5.866727941708973e-05,EVALUABLE,EXPLORATORY_CONSUMED_DIAGNOSTIC_ONLY
field_lineage_id,"""HMSO01R_A|FIELD_LINEAGE|05638fa6abec8d1f9d2070785cb5b62bc36d80415fcae04a6c6b1419139c3003""",MS,density_rate,2,0.0,0.007164890323747775,0.0,0.0,0.0,False,EVALUABLE,0.0015519526419006519,EVALUABLE,EXPLORATORY_CONSUMED_DIAGNOSTIC_ONLY
field_lineage_id,"""HMSO01R_A|FIELD_LINEAGE|05638fa6abec8d1f9d2070785cb5b62bc36d80415fcae04a6c6b1419139c3003""",MS,pressure_gradient_acceleration,2,0.2383429536619683,3.8734084674111555,0.06153313177973921,0.010200209601160692,0.0080078125,False,EVALUABLE,0.5384383436451796,EVALUABLE,EXPLORATORY_CONSUMED_DIAGNOSTIC_ONLY
field_lineage_id,"""HMSO01R_A|FIELD_LINEAGE|05638fa6abec8d1f9d2070785cb5b62bc36d80415fcae04a6c6b1419139c3003""",MS,viscosity_laplacian_acceleration,2,0.0,0.0001175529955948302,0.0,0.0,0.001171875,False,EVALUABLE,9.733638196018434e-05,EVALUABLE,EXPLORATORY_CONSUMED_DIAGNOSTIC_ONLY
field_lineage_id,"""HMSO01R_A|FIELD_LINEAGE|065caad01d0036cc45e094366cffda53edef5d184f8c28ff280e81478dd5499f""",SS,density_rate,1,0.006542561483159545,0.03082103438774973,0.2122758568336688,0.15044221638340266,0.0,False,EVALUABLE,0.012803919220040203,EVALUABLE,EXPLORATORY_CONSUMED_DIAGNOSTIC_ONLY
field_lineage_id,"""HMSO01R_A|FIELD_LINEAGE|065caad01d0036cc45e094366cffda53edef5d184f8c28ff280e81478dd5499f""",SS,pressure_gradient_acceleration,1,0.0,1.4925161482570823,0.0,0.0,0.0,False,EVALUABLE,0.006944319240630243,EVALUABLE,EXPLORATORY_CONSUMED_DIAGNOSTIC_ONLY
field_lineage_id,"""HMSO01R_A|FIELD_LINEAGE|065caad01d0036cc45e094366cffda53edef5d184f8c28ff280e81478dd5499f""",SS,viscosity_laplacian_acceleration,1,0.00012894397714368315,0.00021679373408857954,0.5947772323115116,0.25327583520832614,0.0,False,EVALUABLE,0.007450799223414056,EVALUABLE,EXPLORATORY_CONSUMED_DIAGNOSTIC_ONLY
field_lineage_id,"""HMSO01R_A|FIELD_LINEAGE|065caad01d0036cc45e094366cffda53edef5d184f8c28ff280e81478dd5499f""",MS,density_rate,1,0.00026646406642109367,0.03082103438774973,0.008645526398264028,0.02757291817218787,0.0,False,EVALUABLE,0.004488202309605359,EVALUABLE,EXPLORATORY_CONSUMED_DIAGNOSTIC_ONLY
field_lineage_id,"""HMSO01R_A|FIELD_LINEAGE|065caad01d0036cc45e094366cffda53edef5d184f8c28ff280e81478dd5499f""",MS,pressure_gradient_acceleration,1,0.0,1.4925161482570823,0.0,0.0,0.0,False,EVALUABLE,0.0020687309721497734,EVALUABLE,EXPLORATORY_CONSUMED_DIAGNOSTIC_ONLY
field_lineage_id,"""HMSO01R_A|FIELD_LINEAGE|065caad01d0036cc45e094366cffda53edef5d184f8c28ff280e81478dd5499f""",MS,viscosity_laplacian_acceleration,1,0.00019285702772886765,0.00021679373408857954,0.8895876467078536,0.9679618811734235,0.0,False,EVALUABLE,0.0010680909023791645,EVALUABLE,EXPLORATORY_CONSUMED_DIAGNOSTIC_ONLY
field_lineage_id,"""HMSO01R_A|FIELD_LINEAGE|06c31c418b756da4f49834b1270295e826a9807f080171a34a3e7c250369709c""",SS,density_rate,12,4.823329324604842e-07,0.010464119020474871,4.609398378561213e-05,5.210110962232135e-05,0.0,False,EVALUABLE,0.015134196748055122,EVALUABLE,EXPLORATORY_CONSUMED_DIAGNOSTIC_ONLY
field_lineage_id,"""HMSO01R_A|FIELD_LINEAGE|06c31c418b756da4f49834b1270295e826a9807f080171a34a3e7c250369709c""",SS,pressure_gradient_acceleration,12,4.255327641580038,2.1910463910148743,1.9421440180502094,1.9694912026609088,0.0,False,EVALUABLE,1.1898179518674623,EVALUABLE,EXPLORATORY_CONSUMED_DIAGNOSTIC_ONLY
field_lineage_id,"""HMSO01R_A|FIELD_LINEAGE|06c31c418b756da4f49834b1270295e826a9807f080171a34a3e7c250369709c""",SS,viscosity_laplacian_acceleration,12,1.3447562237800779e-06,0.00010734706172987219,0.012527182412910549,0.01185064076752646,0.0,False,EVALUABLE,0.0003527070650409724,EVALUABLE,EXPLORATORY_CONSUMED_DIAGNOSTIC_ONLY
field_lineage_id,"""HMSO01R_A|FIELD_LINEAGE|06c31c418b756da4f49834b1270295e826a9807f080171a34a3e7c250369709c""",MS,density_rate,12,1.6386872787761815e-07,0.010464119020474871,1.5660059633972096e-05,1.8576105088462342e-05,0.0,False,EVALUABLE,0.009012950071125493,EVALUABLE,EXPLORATORY_CONSUMED_DIAGNOSTIC_ONLY
field_lineage_id,"""HMSO01R_A|FIELD_LINEAGE|06c31c418b756da4f49834b1270295e826a9807f080171a34a3e7c250369709c""",MS,pressure_gradient_acceleration,12,4.664046232272337,2.1910463910148743,2.1286843817633594,2.234872067565917,0.0,False,EVALUABLE,0.790746817617153,EVALUABLE,EXPLORATORY_CONSUMED_DIAGNOSTIC_ONLY
field_lineage_id,"""HMSO01R_A|FIELD_LINEAGE|06c31c418b756da4f49834b1270295e826a9807f080171a34a3e7c250369709c""",MS,viscosity_laplacian_acceleration,12,2.168015758079371e-07,0.00010734706172987219,0.0020196321381715683,0.001884140683834585,0.0,False,EVALUABLE,0.00016801519432295008,EVALUABLE,EXPLORATORY_CONSUMED_DIAGNOSTIC_ONLY
field_lineage_id,"""HMSO01R_A|FIELD_LINEAGE|06c5b0d79a6fc40df74bc047659e629ea096b0eb47ce7956bd3f7d012a8211c7""",SS,density_rate,3,2.036529319570406e-33,0.006772214920668471,3.0071835336398106e-31,1.6751158938492702e-31,0.0,False,EVALUABLE,0.00041393608592202725,EVALUABLE,EXPLORATORY_CONSUMED_DIAGNOSTIC_ONLY
field_lineage_id,"""HMSO01R_A|FIELD_LINEAGE|06c5b0d79a6fc40df74bc047659e629ea096b0eb47ce7956bd3f7d012a8211c7""",SS,pressure_gradient_acceleration,3,0.0,1.136537019645771,0.0,0.0,0.0,False,EVALUABLE,0.00811710168324435,EVALUABLE,EXPLORATORY_CONSUMED_DIAGNOSTIC_ONLY
field_lineage_id,"""HMSO01R_A|FIELD_LINEAGE|06c5b0d79a6fc40df74bc047659e629ea096b0eb47ce7956bd3f7d012a8211c7""",SS,viscosity_laplacian_acceleration,3,7.711201394465274e-07,0.00012611510243762004,0.006114415518378891,0.0008115989796816584,0.0006510416666666666,False,EVALUABLE,0.0013639898453128446,EVALUABLE,EXPLORATORY_CONSUMED_DIAGNOSTIC_ONLY
field_lineage_id,"""HMSO01R_A|FIELD_LINEAGE|06c5b0d79a6fc40df74bc047659e629ea096b0eb47ce7956bd3f7d012a8211c7""",MS,density_rate,3,1.9598926227904114e-33,0.006772214920668471,2.8940201186009536e-31,1.2486249473028408e-31,0.0,False,EVALUABLE,0.0002730723685694359,EVALUABLE,EXPLORATORY_CONSUMED_DIAGNOSTIC_ONLY
field_lineage_id,"""HMSO01R_A|FIELD_LINEAGE|06c5b0d79a6fc40df74bc047659e629ea096b0eb47ce7956bd3f7d012a8211c7""",MS,pressure_gradient_acceleration,3,0.0,1.136537019645771,0.0,0.0,0.0006510416666666666,False,EVALUABLE,0.0031869923444508125,EVALUABLE,EXPLORATORY_CONSUMED_DIAGNOSTIC_ONLY
field_lineage_id,"""HMSO01R_A|FIELD_LINEAGE|06c5b0d79a6fc40df74bc047659e629ea096b0eb47ce7956bd3f7d012a8211c7""",MS,viscosity_laplacian_acceleration,3,2.4447957702575354e-07,0.00012611510243762004,0.0019385432220275108,0.0007338151020030185,0.001953125,False,EVALUABLE,0.00025037719206148854,EVALUABLE,EXPLORATORY_CONSUMED_DIAGNOSTIC_ONLY
field_lineage_id,"""HMSO01R_A|FIELD_LINEAGE|07ef870a5e517a728f6e4939e44adb6e41abac7dca46a1a2247aeb449ae2b2b6""",SS,density_rate,2,0.001033525983008447,0.007239094866049156,0.14277005649637373,0.11981214326074067,0.0,False,EVALUABLE,0.013294090611381431,EVALUABLE,EXPLORATORY_CONSUMED_DIAGNOSTIC_ONLY
field_lineage_id,"""HMSO01R_A|FIELD_LINEAGE|07ef870a5e517a728f6e4939e44adb6e41abac7dca46a1a2247aeb449ae2b2b6""",SS,pressure_gradient_acceleration,2,0.0,0.5323894959820283,0.0,0.0,0.0,False,EVALUABLE,0.006940369941849952,EVALUABLE,EXPLORATORY_CONSUMED_DIAGNOSTIC_ONLY
field_lineage_id,"""HMSO01R_A|FIELD_LINEAGE|07ef870a5e517a728f6e4939e44adb6e41abac7dca46a1a2247aeb449ae2b2b6""",SS,viscosity_laplacian_acceleration,2,5.1839552853110144e-05,0.00013637933284144056,0.3801129670679695,0.40958923630609123,0.0,False,EVALUABLE,0.0009992029687323541,EVALUABLE,EXPLORATORY_CONSUMED_DIAGNOSTIC_ONLY
field_lineage_id,"""HMSO01R_A|FIELD_LINEAGE|07ef870a5e517a728f6e4939e44adb6e41abac7dca46a1a2247aeb449ae2b2b6""",MS,density_rate,2,1.543242085960632e-05,0.007239094866049156,0.0021318163589737283,0.0014734609642000258,0.0,False,EVALUABLE,0.0022001353064572105,EVALUABLE,EXPLORATORY_CONSUMED_DIAGNOSTIC_ONLY
field_lineage_id,"""HMSO01R_A|FIELD_LINEAGE|07ef870a5e517a728f6e4939e44adb6e41abac7dca46a1a2247aeb449ae2b2b6""",MS,pressure_gradient_acceleration,2,0.0,0.5323894959820283,0.0,0.0,0.0,False,EVALUABLE,0.002626540110017123,EVALUABLE,EXPLORATORY_CONSUMED_DIAGNOSTIC_ONLY
field_lineage_id,"""HMSO01R_A|FIELD_LINEAGE|07ef870a5e517a728f6e4939e44adb6e41abac7dca46a1a2247aeb449ae2b2b6""",MS,viscosity_laplacian_acceleration,2,2.2950242227050154e-05,0.00013637933284144056,0.16828240576402378,0.16240372963049723,0.0,False,EVALUABLE,0.00013123338872991812,EVALUABLE,EXPLORATORY_CONSUMED_DIAGNOSTIC_ONLY
field_lineage_id,"""HMSO01R_A|FIELD_LINEAGE|092a3e161c8ce70f083c10130918ff7fb36de994b41e81b7dfb0e04366314a2c""",SS,density_rate,1,0.007101798417468245,0.02079789038141859,0.34146724918856136,0.12986648223765945,0.0,False,EVALUABLE,0.07509310004586703,EVALUABLE,EXPLORATORY_CONSUMED_DIAGNOSTIC_ONLY
field_lineage_id,"""HMSO01R_A|FIELD_LINEAGE|092a3e161c8ce70f083c10130918ff7fb36de994b41e81b7dfb0e04366314a2c""",SS,pressure_gradient_acceleration,1,0.0,1.0066785891076708,0.0,0.0,0.0,False,EVALUABLE,0.009048196395794898,EVALUABLE,EXPLORATORY_CONSUMED_DIAGNOSTIC_ONLY
field_lineage_id,"""HMSO01R_A|FIELD_LINEAGE|092a3e161c8ce70f083c10130918ff7fb36de994b41e81b7dfb0e04366314a2c""",SS,viscosity_laplacian_acceleration,1,0.00015317717991241374,0.00024064658469495983,0.6365233901265582,0.22476762048849297,0.0,False,EVALUABLE,0.005238995950217031,EVALUABLE,EXPLORATORY_CONSUMED_DIAGNOSTIC_ONLY
field_lineage_id,"""HMSO01R_A|FIELD_LINEAGE|092a3e161c8ce70f083c10130918ff7fb36de994b41e81b7dfb0e04366314a2c""",MS,density_rate,1,0.00011514068789354338,0.02079789038141859,0.005536171495374995,0.01121331847371059,0.0,False,EVALUABLE,0.004000274306215657,EVALUABLE,EXPLORATORY_CONSUMED_DIAGNOSTIC_ONLY
field_lineage_id,"""HMSO01R_A|FIELD_LINEAGE|092a3e161c8ce70f083c10130918ff7fb36de994b41e81b7dfb0e04366314a2c""",MS,pressure_gradient_acceleration,1,0.0,1.0066785891076708,0.0,0.0,0.0,False,EVALUABLE,0.027739386482967573,EVALUABLE,EXPLORATORY_CONSUMED_DIAGNOSTIC_ONLY
field_lineage_id,"""HMSO01R_A|FIELD_LINEAGE|092a3e161c8ce70f083c10130918ff7fb36de994b41e81b7dfb0e04366314a2c""",MS,viscosity_laplacian_acceleration,1,0.000341106629753951,0.00024064658469495983,1.4174588439986917,1.2120866592740758,0.0,False,EVALUABLE,0.0016261018669397977,EVALUABLE,EXPLORATORY_CONSUMED_DIAGNOSTIC_ONLY
field_lineage_id,"""HMSO01R_A|FIELD_LINEAGE|093dc802dc5954d756689fb97f687ee9b46c368f5fe625c807448d3bc43a1926""",SS,density_rate,1,0.0,0.010199022445859246,0.0,0.0,0.0,False,EVALUABLE,0.00031650999027718824,EVALUABLE,EXPLORATORY_CONSUMED_DIAGNOSTIC_ONLY
field_lineage_id,"""HMSO01R_A|FIELD_LINEAGE|093dc802dc5954d756689fb97f687ee9b46c368f5fe625c807448d3bc43a1926""",SS,pressure_gradient_acceleration,1,2.325400928628465,2.66295282552426,0.8732415033190306,1.3925803500197027,0.0,False,EVALUABLE,0.6186416163379943,EVALUABLE,EXPLORATORY_CONSUMED_DIAGNOSTIC_ONLY
field_lineage_id,"""HMSO01R_A|FIELD_LINEAGE|093dc802dc5954d756689fb97f687ee9b46c368f5fe625c807448d3bc43a1926""",SS,viscosity_laplacian_acceleration,1,0.0,8.372960778008677e-05,0.0,0.0,0.0,False,EVALUABLE,6.274246016512193e-05,EVALUABLE,EXPLORATORY_CONSUMED_DIAGNOSTIC_ONLY
field_lineage_id,"""HMSO01R_A|FIELD_LINEAGE|093dc802dc5954d756689fb97f687ee9b46c368f5fe625c807448d3bc43a1926""",MS,density_rate,1,0.0,0.010199022445859246,0.0,0.0,0.0,False,EVALUABLE,0.00035552933736715764,EVALUABLE,EXPLORATORY_CONSUMED_DIAGNOSTIC_ONLY
field_lineage_id,"""HMSO01R_A|FIELD_LINEAGE|093dc802dc5954d756689fb97f687ee9b46c368f5fe625c807448d3bc43a1926""",MS,pressure_gradient_acceleration,1,2.325400928628465,2.66295282552426,0.8732415033190306,1.3925803500197027,0.0,False,EVALUABLE,0.344034523439018,EVALUABLE,EXPLORATORY_CONSUMED_DIAGNOSTIC_ONLY
field_lineage_id,"""HMSO01R_A|FIELD_LINEAGE|093dc802dc5954d756689fb97f687ee9b46c368f5fe625c807448d3bc43a1926""",MS,viscosity_laplacian_acceleration,1,0.0,8.372960778008677e-05,0.0,0.0,0.0,False,EVALUABLE,6.76014738427805e-05,EVALUABLE,EXPLORATORY_CONSUMED_DIAGNOSTIC_ONLY
field_lineage_id,"""HMSO01R_A|FIELD_LINEAGE|0a252563daa08b1ab13bdaf89c42f5f5445076fcfec6feb203abcad9de8ed55a""",SS,density_rate,3,0.0,0.0053821199467469875,0.0,0.0,0.0,False,EVALUABLE,0.00036540817047126374,EVALUABLE,EXPLORATORY_CONSUMED_DIAGNOSTIC_ONLY
field_lineage_id,"""HMSO01R_A|FIELD_LINEAGE|0a252563daa08b1ab13bdaf89c42f5f5445076fcfec6feb203abcad9de8ed55a""",SS,pressure_gradient_acceleration,3,0.09290625510758758,1.3107311275582012,0.0708812457064824,0.06437729436803828,0.0,False,EVALUABLE,0.1440435390762818,EVALUABLE,EXPLORATORY_CONSUMED_DIAGNOSTIC_ONLY
field_lineage_id,"""HMSO01R_A|FIELD_LINEAGE|0a252563daa08b1ab13bdaf89c42f5f5445076fcfec6feb203abcad9de8ed55a""",SS,viscosity_laplacian_acceleration,3,0.0,8.281216149535255e-05,0.0,0.0,0.0,False,EVALUABLE,6.03424654277864e-05,EVALUABLE,EXPLORATORY_CONSUMED_DIAGNOSTIC_ONLY
field_lineage_id,"""HMSO01R_A|FIELD_LINEAGE|0a252563daa08b1ab13bdaf89c42f5f5445076fcfec6feb203abcad9de8ed55a""",MS,density_rate,3,0.0,0.0053821199467469875,0.0,0.0,0.0,False,EVALUABLE,0.0,EVALUABLE,EXPLORATORY_CONSUMED_DIAGNOSTIC_ONLY
field_lineage_id,"""HMSO01R_A|FIELD_LINEAGE|0a252563daa08b1ab13bdaf89c42f5f5445076fcfec6feb203abcad9de8ed55a""",MS,pressure_gradient_acceleration,3,0.09290625510758758,1.3107311275582012,0.0708812457064824,0.06437729436803828,0.0,False,EVALUABLE,0.022331286045284168,EVALUABLE,EXPLORATORY_CONSUMED_DIAGNOSTIC_ONLY
field_lineage_id,"""HMSO01R_A|FIELD_LINEAGE|0a252563daa08b1ab13bdaf89c42f5f5445076fcfec6feb203abcad9de8ed55a""",MS,viscosity_laplacian_acceleration,3,0.0,8.281216149535255e-05,0.0,0.0,0.0,False,EVALUABLE,3.0452254394730063e-05,EVALUABLE,EXPLORATORY_CONSUMED_DIAGNOSTIC_ONLY
field_lineage_id,"""HMSO01R_A|FIELD_LINEAGE|0ac3210ffe07941071125618f2e4ad4f522063f7735eb12854083a5cf3b96fca""",SS,density_rate,1,0.0004268348604833454,0.010265612649748583,0.041579092748429296,0.04068428827769325,0.0,False,EVALUABLE,0.018675449265620134,EVALUABLE,EXPLORATORY_CONSUMED_DIAGNOSTIC_ONLY
field_lineage_id,"""HMSO01R_A|FIELD_LINEAGE|0ac3210ffe07941071125618f2e4ad4f522063f7735eb12854083a5cf3b96fca""",SS,pressure_gradient_acceleration,1,0.0,1.0601893300162026,0.0,0.0,0.0,False,EVALUABLE,0.009279942394174494,EVALUABLE,EXPLORATORY_CONSUMED_DIAGNOSTIC_ONLY
field_lineage_id,"""HMSO01R_A|FIELD_LINEAGE|0ac3210ffe07941071125618f2e4ad4f522063f7735eb12854083a5cf3b96fca""",SS,viscosity_laplacian_acceleration,1,0.0004178861567474904,0.00012337396069877617,3.3871503709585915,1.6864487892379503,0.0,False,EVALUABLE,0.0006325310868465941,EVALUABLE,EXPLORATORY_CONSUMED_DIAGNOSTIC_ONLY
field_lineage_id,"""HMSO01R_A|FIELD_LINEAGE|0ac3210ffe07941071125618f2e4ad4f522063f7735eb12854083a5cf3b96fca""",MS,density_rate,1,1.2379721330445945e-06,0.010265612649748583,0.00012059408193966034,9.951694932571132e-05,0.0,False,EVALUABLE,3.255041087419275e-05,EVALUABLE,EXPLORATORY_CONSUMED_DIAGNOSTIC_ONLY
field_lineage_id,"""HMSO01R_A|FIELD_LINEAGE|0ac3210ffe07941071125618f2e4ad4f522063f7735eb12854083a5cf3b96fca""",MS,pressure_gradient_acceleration,1,0.0,1.0601893300162026,0.0,0.0,0.0,False,EVALUABLE,0.027647177045698582,EVALUABLE,EXPLORATORY_CONSUMED_DIAGNOSTIC_ONLY
field_lineage_id,"""HMSO01R_A|FIELD_LINEAGE|0ac3210ffe07941071125618f2e4ad4f522063f7735eb12854083a5cf3b96fca""",MS,viscosity_laplacian_acceleration,1,8.358798326063458e-06,0.00012337396069877617,0.06775172231417528,0.05384743065570151,0.0,False,EVALUABLE,0.001333147486964913,EVALUABLE,EXPLORATORY_CONSUMED_DIAGNOSTIC_ONLY
field_lineage_id,"""HMSO01R_A|FIELD_LINEAGE|0af73c913450206e45697078b9ff423d2fbe56a236026748e22945b9fe394efb""",SS,density_rate,1,0.0031472078602025576,0.008690112335882308,0.36215962907722543,0.1742731055869983,0.0,False,EVALUABLE,0.012539852673478102,EVALUABLE,EXPLORATORY_CONSUMED_DIAGNOSTIC_ONLY
field_lineage_id,"""HMSO01R_A|FIELD_LINEAGE|0af73c913450206e45697078b9ff423d2fbe56a236026748e22945b9fe394efb""",SS,pressure_gradient_acceleration,1,0.0,0.7622792117145369,0.0,0.0,0.0,False,EVALUABLE,0.0016356845906651725,EVALUABLE,EXPLORATORY_CONSUMED_DIAGNOSTIC_ONLY
field_lineage_id,"""HMSO01R_A|FIELD_LINEAGE|0af73c913450206e45697078b9ff423d2fbe56a236026748e22945b9fe394efb""",SS,viscosity_laplacian_acceleration,1,7.99023499368956e-05,0.00010811063317645404,0.7390794743240662,0.4905793669546996,0.0,False,EVALUABLE,0.0005340075412446145,EVALUABLE,EXPLORATORY_CONSUMED_DIAGNOSTIC_ONLY
field_lineage_id,"""HMSO01R_A|FIELD_LINEAGE|0af73c913450206e45697078b9ff423d2fbe56a236026748e22945b9fe394efb""",MS,density_rate,1,1.628552637137655e-05,0.008690112335882308,0.0018740294419592309,0.0012134049714049887,0.0,False,EVALUABLE,0.0009549130346788242,EVALUABLE,EXPLORATORY_CONSUMED_DIAGNOSTIC_ONLY
field_lineage_id,"""HMSO01R_A|FIELD_LINEAGE|0af73c913450206e45697078b9ff423d2fbe56a236026748e22945b9fe394efb""",MS,pressure_gradient_acceleration,1,0.0,0.7622792117145369,0.0,0.0,0.0,False,EVALUABLE,0.0030743755674688005,EVALUABLE,EXPLORATORY_CONSUMED_DIAGNOSTIC_ONLY
field_lineage_id,"""HMSO01R_A|FIELD_LINEAGE|0af73c913450206e45697078b9ff423d2fbe56a236026748e22945b9fe394efb""",MS,viscosity_laplacian_acceleration,1,1.2875629401927395e-05,0.00010811063317645404,0.11909679023812843,0.08684333650926407,0.0,False,EVALUABLE,5.906547433522132e-05,EVALUABLE,EXPLORATORY_CONSUMED_DIAGNOSTIC_ONLY
field_lineage_id,"""HMSO01R_A|FIELD_LINEAGE|0d095ad04875a9db82a8c6062fc3703d3296558fc88db157a4ad79a6317e27a5""",SS,density_rate,2,3.7840184508114505e-32,0.008823622333223266,4.2885090815408344e-30,2.4768612624591043e-30,0.0,False,EVALUABLE,0.0026922096948741587,EVALUABLE,EXPLORATORY_CONSUMED_DIAGNOSTIC_ONLY
field_lineage_id,"""HMSO01R_A|FIELD_LINEAGE|0d095ad04875a9db82a8c6062fc3703d3296558fc88db157a4ad79a6317e27a5""",SS,pressure_gradient_acceleration,2,0.0,1.2793064820832134,0.0,0.0,0.0,False,EVALUABLE,0.02671968137435976,EVALUABLE,EXPLORATORY_CONSUMED_DIAGNOSTIC_ONLY
field_lineage_id,"""HMSO01R_A|FIELD_LINEAGE|0d095ad04875a9db82a8c6062fc3703d3296558fc88db157a4ad79a6317e27a5""",SS,viscosity_laplacian_acceleration,2,3.859362634479454e-07,0.00012159377238643373,0.0031739805079935533,0.0013586903787585578,0.0,False,EVALUABLE,0.0025186010564385054,EVALUABLE,EXPLORATORY_CONSUMED_DIAGNOSTIC_ONLY
field_lineage_id,"""HMSO01R_A|FIELD_LINEAGE|0d095ad04875a9db82a8c6062fc3703d3296558fc88db157a4ad79a6317e27a5""",MS,density_rate,2,1.2546718867724983e-31,0.008823622333223266,1.4219464970166815e-29,1.2347542685348914e-29,0.0,False,EVALUABLE,0.000568429611522877,EVALUABLE,EXPLORATORY_CONSUMED_DIAGNOSTIC_ONLY
field_lineage_id,"""HMSO01R_A|FIELD_LINEAGE|0d095ad04875a9db82a8c6062fc3703d3296558fc88db157a4ad79a6317e27a5""",MS,pressure_gradient_acceleration,2,0.0,1.2793064820832134,0.0,0.0,0.0,False,EVALUABLE,0.002238060591901292,EVALUABLE,EXPLORATORY_CONSUMED_DIAGNOSTIC_ONLY
field_lineage_id,"""HMSO01R_A|FIELD_LINEAGE|0d095ad04875a9db82a8c6062fc3703d3296558fc88db157a4ad79a6317e27a5""",MS,viscosity_laplacian_acceleration,2,2.6209473331816157e-07,0.00012159377238643373,0.002155494711400233,0.00046104929561383126,0.0,False,EVALUABLE,0.00033110288253345273,EVALUABLE,EXPLORATORY_CONSUMED_DIAGNOSTIC_ONLY
field_lineage_id,"""HMSO01R_A|FIELD_LINEAGE|0d9a0fc9b5f4f20cb32cc24ac6db7a1e45276ec79661381e7e476b453759d6b0""",SS,density_rate,1,0.5469247386740455,0.8466028862035782,0.6460227665022741,0.8673974669414974,0.0,False,EVALUABLE,0.6878667517962684,EVALUABLE,EXPLORATORY_CONSUMED_DIAGNOSTIC_ONLY
field_lineage_id,"""HMSO01R_A|FIELD_LINEAGE|0d9a0fc9b5f4f20cb32cc24ac6db7a1e45276ec79661381e7e476b453759d6b0""",SS,pressure_gradient_acceleration,1,0.0,1.4500056740398457,0.0,0.0,0.0,False,EVALUABLE,0.02116648525626816,EVALUABLE,EXPLORATORY_CONSUMED_DIAGNOSTIC_ONLY
field_lineage_id,"""HMSO01R_A|FIELD_LINEAGE|0d9a0fc9b5f4f20cb32cc24ac6db7a1e45276ec79661381e7e476b453759d6b0""",SS,viscosity_laplacian_acceleration,1,0.0077412780375112344,0.008197422896365282,0.9443550900544242,2.0841975952875793,0.0,False,EVALUABLE,0.05273987337894731,EVALUABLE,EXPLORATORY_CONSUMED_DIAGNOSTIC_ONLY
field_lineage_id,"""HMSO01R_A|FIELD_LINEAGE|0d9a0fc9b5f4f20cb32cc24ac6db7a1e45276ec79661381e7e476b453759d6b0""",MS,density_rate,1,0.24466708463377287,0.8466028862035782,0.28899864224528415,0.015938178529380294,0.0,False,EVALUABLE,0.4945521980752006,EVALUABLE,EXPLORATORY_CONSUMED_DIAGNOSTIC_ONLY
field_lineage_id,"""HMSO01R_A|FIELD_LINEAGE|0d9a0fc9b5f4f20cb32cc24ac6db7a1e45276ec79661381e7e476b453759d6b0""",MS,pressure_gradient_acceleration,1,0.0,1.4500056740398457,0.0,0.0,0.0,False,EVALUABLE,0.008905826337625182,EVALUABLE,EXPLORATORY_CONSUMED_DIAGNOSTIC_ONLY
field_lineage_id,"""HMSO01R_A|FIELD_LINEAGE|0d9a0fc9b5f4f20cb32cc24ac6db7a1e45276ec79661381e7e476b453759d6b0""",MS,viscosity_laplacian_acceleration,1,0.008614641234889576,0.008197422896365282,1.0508962809164435,0.13253324291089866,0.0,False,EVALUABLE,0.015955798002511203,EVALUABLE,EXPLORATORY_CONSUMED_DIAGNOSTIC_ONLY
field_lineage_id,"""HMSO01R_A|FIELD_LINEAGE|0da6210822c1316c7a077be78ae0c871024433732125f17a7f978f92e0d637e1""",SS,density_rate,1,0.014597178700697084,0.04911652233741079,0.2971948746782259,0.33685747281100353,0.0,False,EVALUABLE,0.08206958779237747,EVALUABLE,EXPLORATORY_CONSUMED_DIAGNOSTIC_ONLY
field_lineage_id,"""HMSO01R_A|FIELD_LINEAGE|0da6210822c1316c7a077be78ae0c871024433732125f17a7f978f92e0d637e1""",SS,pressure_gradient_acceleration,1,0.0,0.5363770076728765,0.0,0.0,0.0,False,EVALUABLE,0.007155226898014628,EVALUABLE,EXPLORATORY_CONSUMED_DIAGNOSTIC_ONLY
field_lineage_id,"""HMSO01R_A|FIELD_LINEAGE|0da6210822c1316c7a077be78ae0c871024433732125f17a7f978f92e0d637e1""",SS,viscosity_laplacian_acceleration,1,0.00029360913018819173,0.0003381782984333952,0.8682080770656505,0.47896173993107133,0.0,False,EVALUABLE,0.0008210633913364845,EVALUABLE,EXPLORATORY_CONSUMED_DIAGNOSTIC_ONLY
field_lineage_id,"""HMSO01R_A|FIELD_LINEAGE|0da6210822c1316c7a077be78ae0c871024433732125f17a7f978f92e0d637e1""",MS,density_rate,1,0.0002379728152442653,0.04911652233741079,0.004845066464793407,0.02424177882932129,0.0,False,EVALUABLE,0.010662362483788736,EVALUABLE,EXPLORATORY_CONSUMED_DIAGNOSTIC_ONLY
field_lineage_id,"""HMSO01R_A|FIELD_LINEAGE|0da6210822c1316c7a077be78ae0c871024433732125f17a7f978f92e0d637e1""",MS,pressure_gradient_acceleration,1,0.0,0.5363770076728765,0.0,0.0,0.0,False,EVALUABLE,0.0024505603093960757,EVALUABLE,EXPLORATORY_CONSUMED_DIAGNOSTIC_ONLY
field_lineage_id,"""HMSO01R_A|FIELD_LINEAGE|0da6210822c1316c7a077be78ae0c871024433732125f17a7f978f92e0d637e1""",MS,viscosity_laplacian_acceleration,1,0.0002666796168994737,0.0003381782984333952,0.7885769670462657,0.7396632835863289,0.0,False,EVALUABLE,0.0010779412797260219,EVALUABLE,EXPLORATORY_CONSUMED_DIAGNOSTIC_ONLY
field_lineage_id,"""HMSO01R_A|FIELD_LINEAGE|0ddf6cdd096735cc15f4456489e1d58f77aa80618dad5da96cca18e59be60b9c""",SS,density_rate,1,1.7493802195169282e-17,0.009776505509620111,1.7893716909334656e-15,9.75202568513637e-16,0.0,False,EVALUABLE,0.00032876098307349917,EVALUABLE,EXPLORATORY_CONSUMED_DIAGNOSTIC_ONLY
field_lineage_id,"""HMSO01R_A|FIELD_LINEAGE|0ddf6cdd096735cc15f4456489e1d58f77aa80618dad5da96cca18e59be60b9c""",SS,pressure_gradient_acceleration,1,0.0,0.8260173377962162,0.0,0.0,0.0,False,EVALUABLE,0.010417805296949644,EVALUABLE,EXPLORATORY_CONSUMED_DIAGNOSTIC_ONLY
field_lineage_id,"""HMSO01R_A|FIELD_LINEAGE|0ddf6cdd096735cc15f4456489e1d58f77aa80618dad5da96cca18e59be60b9c""",SS,viscosity_laplacian_acceleration,1,6.429006646069366e-05,0.0001109193952331031,0.5796106832856834,0.3399675025577874,0.0,False,EVALUABLE,0.0005680664736404193,EVALUABLE,EXPLORATORY_CONSUMED_DIAGNOSTIC_ONLY
field_lineage_id,"""HMSO01R_A|FIELD_LINEAGE|0ddf6cdd096735cc15f4456489e1d58f77aa80618dad5da96cca18e59be60b9c""",MS,density_rate,1,1.1081323829043466e-16,0.009776505509620111,1.1334646943265577e-14,8.953479411197949e-15,0.0,False,EVALUABLE,0.00015143081429637984,EVALUABLE,EXPLORATORY_CONSUMED_DIAGNOSTIC_ONLY
field_lineage_id,"""HMSO01R_A|FIELD_LINEAGE|0ddf6cdd096735cc15f4456489e1d58f77aa80618dad5da96cca18e59be60b9c""",MS,pressure_gradient_acceleration,1,0.0,0.8260173377962162,0.0,0.0,0.0,False,EVALUABLE,0.002376384863699192,EVALUABLE,EXPLORATORY_CONSUMED_DIAGNOSTIC_ONLY
field_lineage_id,"""HMSO01R_A|FIELD_LINEAGE|0ddf6cdd096735cc15f4456489e1d58f77aa80618dad5da96cca18e59be60b9c""",MS,viscosity_laplacian_acceleration,1,7.724386622783628e-05,0.0001109193952331031,0.696396388255671,0.411822343222802,0.0,False,EVALUABLE,0.00023943756426165433,EVALUABLE,EXPLORATORY_CONSUMED_DIAGNOSTIC_ONLY
field_lineage_id,"""HMSO01R_A|FIELD_LINEAGE|0e65acebdbaa92caa4bcb30c2a0feac4a5469aac1dd76780539181916f956f58""",SS,density_rate,1,0.0,0.004945635477963037,0.0,0.0,0.0,False,EVALUABLE,0.00016375845082278726,EVALUABLE,EXPLORATORY_CONSUMED_DIAGNOSTIC_ONLY
field_lineage_id,"""HMSO01R_A|FIELD_LINEAGE|0e65acebdbaa92caa4bcb30c2a0feac4a5469aac1dd76780539181916f956f58""",SS,pressure_gradient_acceleration,1,0.6032853069457116,1.6031570655894956,0.3763107931810025,0.18574840697352935,0.0,False,EVALUABLE,0.07044921698028894,EVALUABLE,EXPLORATORY_CONSUMED_DIAGNOSTIC_ONLY
field_lineage_id,"""HMSO01R_A|FIELD_LINEAGE|0e65acebdbaa92caa4bcb30c2a0feac4a5469aac1dd76780539181916f956f58""",SS,viscosity_laplacian_acceleration,1,0.0,8.387773224832882e-05,0.0,0.0,0.0,False,EVALUABLE,7.084853774297788e-05,EVALUABLE,EXPLORATORY_CONSUMED_DIAGNOSTIC_ONLY
field_lineage_id,"""HMSO01R_A|FIELD_LINEAGE|0e65acebdbaa92caa4bcb30c2a0feac4a5469aac1dd76780539181916f956f58""",MS,density_rate,1,0.0,0.004945635477963037,0.0,0.0,0.0,False,EVALUABLE,0.0,EVALUABLE,EXPLORATORY_CONSUMED_DIAGNOSTIC_ONLY
field_lineage_id,"""HMSO01R_A|FIELD_LINEAGE|0e65acebdbaa92caa4bcb30c2a0feac4a5469aac1dd76780539181916f956f58""",MS,pressure_gradient_acceleration,1,0.6032853069457116,1.6031570655894956,0.3763107931810025,0.18574840697352935,0.0,False,EVALUABLE,0.11779741142238542,EVALUABLE,EXPLORATORY_CONSUMED_DIAGNOSTIC_ONLY
field_lineage_id,"""HMSO01R_A|FIELD_LINEAGE|0e65acebdbaa92caa4bcb30c2a0feac4a5469aac1dd76780539181916f956f58""",MS,viscosity_laplacian_acceleration,1,0.0,8.387773224832882e-05,0.0,0.0,0.0,False,EVALUABLE,3.7793324597364804e-05,EVALUABLE,EXPLORATORY_CONSUMED_DIAGNOSTIC_ONLY
field_lineage_id,"""HMSO01R_A|FIELD_LINEAGE|0e85d8db167a222553e045c2d06d7055fe817db60fe9573c8fc78f52ed1f8615""",SS,density_rate,1,1.7712776489025004e-34,0.013890095914737138,1.2752090840663002e-32,1.600955911583264e-32,0.0,False,EVALUABLE,0.0004533982188173266,EVALUABLE,EXPLORATORY_CONSUMED_DIAGNOSTIC_ONLY
field_lineage_id,"""HMSO01R_A|FIELD_LINEAGE|0e85d8db167a222553e045c2d06d7055fe817db60fe9573c8fc78f52ed1f8615""",SS,pressure_gradient_acceleration,1,0.024716408835291675,1.1352021634287688,0.021772693562033166,0.0007287349382413148,0.0,False,EVALUABLE,0.13982354874347963,EVALUABLE,EXPLORATORY_CONSUMED_DIAGNOSTIC_ONLY
field_lineage_id,"""HMSO01R_A|FIELD_LINEAGE|0e85d8db167a222553e045c2d06d7055fe817db60fe9573c8fc78f52ed1f8615""",SS,viscosity_laplacian_acceleration,1,4.4790559505133685e-09,0.00014913936826112942,3.0032686893717764e-05,3.752030731997994e-05,0.0,False,EVALUABLE,5.736624696078402e-05,EVALUABLE,EXPLORATORY_CONSUMED_DIAGNOSTIC_ONLY
field_lineage_id,"""HMSO01R_A|FIELD_LINEAGE|0e85d8db167a222553e045c2d06d7055fe817db60fe9573c8fc78f52ed1f8615""",MS,density_rate,1,1.1175774737406512e-34,0.013890095914737138,8.045858578664831e-33,1.2531775351470706e-32,0.0,False,EVALUABLE,2.582849309965291e-18,EVALUABLE,EXPLORATORY_CONSUMED_DIAGNOSTIC_ONLY
field_lineage_id,"""HMSO01R_A|FIELD_LINEAGE|0e85d8db167a222553e045c2d06d7055fe817db60fe9573c8fc78f52ed1f8615""",MS,pressure_gradient_acceleration,1,0.007146628454017226,1.1352021634287688,0.0062954676129505635,0.0003722583362013748,0.0,False,EVALUABLE,0.05843924101490788,EVALUABLE,EXPLORATORY_CONSUMED_DIAGNOSTIC_ONLY
field_lineage_id,"""HMSO01R_A|FIELD_LINEAGE|0e85d8db167a222553e045c2d06d7055fe817db60fe9573c8fc78f52ed1f8615""",MS,viscosity_laplacian_acceleration,1,2.1095815010393654e-09,0.00014913936826112942,1.4145034444196389e-05,1.8611270636285326e-05,0.0,False,EVALUABLE,0.0009653243198339552,EVALUABLE,EXPLORATORY_CONSUMED_DIAGNOSTIC_ONLY
field_lineage_id,"""HMSO01R_A|FIELD_LINEAGE|0f0f1b8e6d3d2de7f2739e4c27aed7f4a0fa84df148b19d95d7dbbf8ec12bea3""",SS,density_rate,1,1.45620513055334e-07,0.004120435616418359,3.5341048037516225e-05,3.158782571788667e-05,0.0,False,EVALUABLE,0.00044955548427417065,EVALUABLE,EXPLORATORY_CONSUMED_DIAGNOSTIC_ONLY
field_lineage_id,"""HMSO01R_A|FIELD_LINEAGE|0f0f1b8e6d3d2de7f2739e4c27aed7f4a0fa84df148b19d95d7dbbf8ec12bea3""",SS,pressure_gradient_acceleration,1,0.0,1.1882491814215261,0.0,0.0,0.0,False,EVALUABLE,0.0032655890088166928,EVALUABLE,EXPLORATORY_CONSUMED_DIAGNOSTIC_ONLY
field_lineage_id,"""HMSO01R_A|FIELD_LINEAGE|0f0f1b8e6d3d2de7f2739e4c27aed7f4a0fa84df148b19d95d7dbbf8ec12bea3""",SS,viscosity_laplacian_acceleration,1,0.0003035395356755207,0.000257563885765674,1.1785019269031929,1.6056641567891616,0.0,False,EVALUABLE,0.005792445483542472,EVALUABLE,EXPLORATORY_CONSUMED_DIAGNOSTIC_ONLY
field_lineage_id,"""HMSO01R_A|FIELD_LINEAGE|0f0f1b8e6d3d2de7f2739e4c27aed7f4a0fa84df148b19d95d7dbbf8ec12bea3""",MS,density_rate,1,6.81706256890319e-12,0.004120435616418359,1.6544519083709996e-09,6.604964878627837e-10,0.0,False,EVALUABLE,7.849084357984139e-07,EVALUABLE,EXPLORATORY_CONSUMED_DIAGNOSTIC_ONLY
field_lineage_id,"""HMSO01R_A|FIELD_LINEAGE|0f0f1b8e6d3d2de7f2739e4c27aed7f4a0fa84df148b19d95d7dbbf8ec12bea3""",MS,pressure_gradient_acceleration,1,0.0,1.1882491814215261,0.0,0.0,0.0,False,EVALUABLE,0.002844295206360639,EVALUABLE,EXPLORATORY_CONSUMED_DIAGNOSTIC_ONLY
field_lineage_id,"""HMSO01R_A|FIELD_LINEAGE|0f0f1b8e6d3d2de7f2739e4c27aed7f4a0fa84df148b19d95d7dbbf8ec12bea3""",MS,viscosity_laplacian_acceleration,1,0.00030173184418556885,0.000257563885765674,1.1714835070475598,1.6350219386080491,0.0,False,EVALUABLE,0.0006752421047397998,EVALUABLE,EXPLORATORY_CONSUMED_DIAGNOSTIC_ONLY
field_lineage_id,"""HMSO01R_A|FIELD_LINEAGE|0f49beb059c8327e240fa524ede4b5d0ddc16e0eb915fce826282146040c0e20""",SS,density_rate,2,0.0008478361126044015,0.011233617327435157,0.07547311679682953,0.06285209579763856,0.0,False,EVALUABLE,0.016561308934690468,EVALUABLE,EXPLORATORY_CONSUMED_DIAGNOSTIC_ONLY
field_lineage_id,"""HMSO01R_A|FIELD_LINEAGE|0f49beb059c8327e240fa524ede4b5d0ddc16e0eb915fce826282146040c0e20""",SS,pressure_gradient_acceleration,2,0.0,0.9204151608087922,0.0,0.0,0.0,False,EVALUABLE,0.029891956486378185,EVALUABLE,EXPLORATORY_CONSUMED_DIAGNOSTIC_ONLY
field_lineage_id,"""HMSO01R_A|FIELD_LINEAGE|0f49beb059c8327e240fa524ede4b5d0ddc16e0eb915fce826282146040c0e20""",SS,viscosity_laplacian_acceleration,2,0.0005751924995417057,0.00010265071691803246,5.603394859882004,1.2769462352749719,0.0,False,EVALUABLE,0.0006525451250094789,EVALUABLE,EXPLORATORY_CONSUMED_DIAGNOSTIC_ONLY
field_lineage_id,"""HMSO01R_A|FIELD_LINEAGE|0f49beb059c8327e240fa524ede4b5d0ddc16e0eb915fce826282146040c0e20""",MS,density_rate,2,4.1877597874608044e-06,0.011233617327435157,0.00037278818259487106,0.0003845535114178766,0.0,False,EVALUABLE,0.0017478037558290166,EVALUABLE,EXPLORATORY_CONSUMED_DIAGNOSTIC_ONLY
field_lineage_id,"""HMSO01R_A|FIELD_LINEAGE|0f49beb059c8327e240fa524ede4b5d0ddc16e0eb915fce826282146040c0e20""",MS,pressure_gradient_acceleration,2,0.0,0.9204151608087922,0.0,0.0,0.0,False,EVALUABLE,0.0037425992334144996,EVALUABLE,EXPLORATORY_CONSUMED_DIAGNOSTIC_ONLY
field_lineage_id,"""HMSO01R_A|FIELD_LINEAGE|0f49beb059c8327e240fa524ede4b5d0ddc16e0eb915fce826282146040c0e20""",MS,viscosity_laplacian_acceleration,2,6.048394103510317e-05,0.00010265071691803246,0.5892208340191151,0.283632086912733,0.0,False,EVALUABLE,0.0002720399053852294,EVALUABLE,EXPLORATORY_CONSUMED_DIAGNOSTIC_ONLY
field_lineage_id,"""HMSO01R_A|FIELD_LINEAGE|0fdda9072ffc8d97ff7e0441813be2217cbf8a41c67bef8c56cb65c5e8c889e5""",SS,density_rate,1,1.6858309295373574e-13,0.008642049810746875,1.950730401300085e-11,1.540282902397194e-11,0.0,False,EVALUABLE,0.0011418861768833785,EVALUABLE,EXPLORATORY_CONSUMED_DIAGNOSTIC_ONLY
field_lineage_id,"""HMSO01R_A|FIELD_LINEAGE|0fdda9072ffc8d97ff7e0441813be2217cbf8a41c67bef8c56cb65c5e8c889e5""",SS,pressure_gradient_acceleration,1,0.0,1.032177815600816,0.0,0.0,0.0,False,EVALUABLE,0.004452929660426424,EVALUABLE,EXPLORATORY_CONSUMED_DIAGNOSTIC_ONLY
field_lineage_id,"""HMSO01R_A|FIELD_LINEAGE|0fdda9072ffc8d97ff7e0441813be2217cbf8a41c67bef8c56cb65c5e8c889e5""",SS,viscosity_laplacian_acceleration,1,2.6067942634582307e-06,0.00024992198915650286,0.010430431800964254,0.014704961767993054,0.0,False,EVALUABLE,0.00248501716458561,EVALUABLE,EXPLORATORY_CONSUMED_DIAGNOSTIC_ONLY
field_lineage_id,"""HMSO01R_A|FIELD_LINEAGE|0fdda9072ffc8d97ff7e0441813be2217cbf8a41c67bef8c56cb65c5e8c889e5""",MS,density_rate,1,1.9383621116754594e-16,0.008642049810746875,2.2429425357685364e-14,1.847053108216884e-14,0.0,False,EVALUABLE,3.544282216779777e-16,EVALUABLE,EXPLORATORY_CONSUMED_DIAGNOSTIC_ONLY
field_lineage_id,"""HMSO01R_A|FIELD_LINEAGE|0fdda9072ffc8d97ff7e0441813be2217cbf8a41c67bef8c56cb65c5e8c889e5""",MS,pressure_gradient_acceleration,1,0.0,1.032177815600816,0.0,0.0,0.0,False,EVALUABLE,0.049027006760509445,EVALUABLE,EXPLORATORY_CONSUMED_DIAGNOSTIC_ONLY
field_lineage_id,"""HMSO01R_A|FIELD_LINEAGE|0fdda9072ffc8d97ff7e0441813be2217cbf8a41c67bef8c56cb65c5e8c889e5""",MS,viscosity_laplacian_acceleration,1,0.0001474677283221646,0.00024992198915650286,0.5900550360529473,0.6639373012583213,0.0,False,EVALUABLE,0.0004974110794467941,EVALUABLE,EXPLORATORY_CONSUMED_DIAGNOSTIC_ONLY
field_lineage_id,"""HMSO01R_A|FIELD_LINEAGE|1014832cdbdd8f9e416c91cfffc398c0221e1acf20617efe558f4efd66f3578a""",SS,density_rate,1,4.4601995613458454e-33,0.00699713481109049,6.374322750329762e-31,2.2274553003523965e-31,0.0,False,EVALUABLE,0.000528912768151387,EVALUABLE,EXPLORATORY_CONSUMED_DIAGNOSTIC_ONLY
field_lineage_id,"""HMSO01R_A|FIELD_LINEAGE|1014832cdbdd8f9e416c91cfffc398c0221e1acf20617efe558f4efd66f3578a""",SS,pressure_gradient_acceleration,1,0.0,0.9131650685284556,0.0,0.0,0.0,False,EVALUABLE,0.0007817977930300727,EVALUABLE,EXPLORATORY_CONSUMED_DIAGNOSTIC_ONLY
field_lineage_id,"""HMSO01R_A|FIELD_LINEAGE|1014832cdbdd8f9e416c91cfffc398c0221e1acf20617efe558f4efd66f3578a""",SS,viscosity_laplacian_acceleration,1,2.904773927033963e-06,0.00010901659087718174,0.02664524641305731,0.01889616850749905,0.001171875,False,EVALUABLE,0.0006428904352753584,EVALUABLE,EXPLORATORY_CONSUMED_DIAGNOSTIC_ONLY
field_lineage_id,"""HMSO01R_A|FIELD_LINEAGE|1014832cdbdd8f9e416c91cfffc398c0221e1acf20617efe558f4efd66f3578a""",MS,density_rate,1,6.407405786789335e-33,0.00699713481109049,9.157184990395738e-31,2.94701279968173e-31,0.0,False,EVALUABLE,0.00026294918829070763,EVALUABLE,EXPLORATORY_CONSUMED_DIAGNOSTIC_ONLY
field_lineage_id,"""HMSO01R_A|FIELD_LINEAGE|1014832cdbdd8f9e416c91cfffc398c0221e1acf20617efe558f4efd66f3578a""",MS,pressure_gradient_acceleration,1,0.0,0.9131650685284556,0.0,0.0,0.001171875,False,EVALUABLE,0.004169294169373427,EVALUABLE,EXPLORATORY_CONSUMED_DIAGNOSTIC_ONLY
field_lineage_id,"""HMSO01R_A|FIELD_LINEAGE|1014832cdbdd8f9e416c91cfffc398c0221e1acf20617efe558f4efd66f3578a""",MS,viscosity_laplacian_acceleration,1,6.330355203682977e-06,0.00010901659087718174,0.058067814749543624,0.05504281409177689,0.003125,False,EVALUABLE,0.00020155790379334013,EVALUABLE,EXPLORATORY_CONSUMED_DIAGNOSTIC_ONLY
field_lineage_id,"""HMSO01R_A|FIELD_LINEAGE|101e8ab2bfdfa561a79b7bef11d98c5487b65f400bdd7d35b17d61b9746e280e""",SS,density_rate,1,0.006039282028203327,0.012106791388755547,0.4988342356185673,0.2708312732940603,0.0,False,EVALUABLE,0.03906220155342268,EVALUABLE,EXPLORATORY_CONSUMED_DIAGNOSTIC_ONLY
field_lineage_id,"""HMSO01R_A|FIELD_LINEAGE|101e8ab2bfdfa561a79b7bef11d98c5487b65f400bdd7d35b17d61b9746e280e""",SS,pressure_gradient_acceleration,1,0.0,1.1133027583140338,0.0,0.0,0.0,False,EVALUABLE,0.0330261319977309,EVALUABLE,EXPLORATORY_CONSUMED_DIAGNOSTIC_ONLY
field_lineage_id,"""HMSO01R_A|FIELD_LINEAGE|101e8ab2bfdfa561a79b7bef11d98c5487b65f400bdd7d35b17d61b9746e280e""",SS,viscosity_laplacian_acceleration,1,0.0002128772750837276,0.00012199502571587253,1.7449668446279163,0.9729275379445008,0.0,False,EVALUABLE,0.005306906543718745,EVALUABLE,EXPLORATORY_CONSUMED_DIAGNOSTIC_ONLY
field_lineage_id,"""HMSO01R_A|FIELD_LINEAGE|101e8ab2bfdfa561a79b7bef11d98c5487b65f400bdd7d35b17d61b9746e280e""",MS,density_rate,1,2.381280180703631e-05,0.012106791388755547,0.001966896185983099,0.0019445525665228276,0.0,False,EVALUABLE,0.0036196251130137004,EVALUABLE,EXPLORATORY_CONSUMED_DIAGNOSTIC_ONLY
field_lineage_id,"""HMSO01R_A|FIELD_LINEAGE|101e8ab2bfdfa561a79b7bef11d98c5487b65f400bdd7d35b17d61b9746e280e""",MS,pressure_gradient_acceleration,1,0.0,1.1133027583140338,0.0,0.0,0.0,False,EVALUABLE,0.0031295429951781785,EVALUABLE,EXPLORATORY_CONSUMED_DIAGNOSTIC_ONLY
field_lineage_id,"""HMSO01R_A|FIELD_LINEAGE|101e8ab2bfdfa561a79b7bef11d98c5487b65f400bdd7d35b17d61b9746e280e""",MS,viscosity_laplacian_acceleration,1,3.121484767803947e-05,0.00012199502571587253,0.2558698397321471,0.18093587301506459,0.0,False,EVALUABLE,0.0005605314445113753,EVALUABLE,EXPLORATORY_CONSUMED_DIAGNOSTIC_ONLY
field_lineage_id,"""HMSO01R_A|FIELD_LINEAGE|10ec2dec79c0538398e95e49cd33ade9183e905d4ea4b212dcd4e7ec34fc5546""",SS,density_rate,1,2.2277580995697922e-33,0.0061999896050825565,3.593164249410267e-31,2.544568073251892e-31,0.0,False,EVALUABLE,0.0016078500956426497,EVALUABLE,EXPLORATORY_CONSUMED_DIAGNOSTIC_ONLY
field_lineage_id,"""HMSO01R_A|FIELD_LINEAGE|10ec2dec79c0538398e95e49cd33ade9183e905d4ea4b212dcd4e7ec34fc5546""",SS,pressure_gradient_acceleration,1,0.0,1.4044736704313183,0.0,0.0,0.0,False,EVALUABLE,0.010001574661242197,EVALUABLE,EXPLORATORY_CONSUMED_DIAGNOSTIC_ONLY
field_lineage_id,"""HMSO01R_A|FIELD_LINEAGE|10ec2dec79c0538398e95e49cd33ade9183e905d4ea4b212dcd4e7ec34fc5546""",SS,viscosity_laplacian_acceleration,1,0.001449833523597229,9.555094718264665e-05,15.173408180097438,12.337360241965545,0.358203125,False,EVALUABLE,0.0054664607335308205,EVALUABLE,EXPLORATORY_CONSUMED_DIAGNOSTIC_ONLY
field_lineage_id,"""HMSO01R_A|FIELD_LINEAGE|10ec2dec79c0538398e95e49cd33ade9183e905d4ea4b212dcd4e7ec34fc5546""",MS,density_rate,1,2.7430622061263827e-33,0.0061999896050825565,4.424301298630737e-31,2.615844644663745e-31,0.0,False,EVALUABLE,0.00029131772021192556,EVALUABLE,EXPLORATORY_CONSUMED_DIAGNOSTIC_ONLY
field_lineage_id,"""HMSO01R_A|FIELD_LINEAGE|10ec2dec79c0538398e95e49cd33ade9183e905d4ea4b212dcd4e7ec34fc5546""",MS,pressure_gradient_acceleration,1,0.0,1.4044736704313183,0.0,0.0,0.003125,False,EVALUABLE,0.002260596178632123,EVALUABLE,EXPLORATORY_CONSUMED_DIAGNOSTIC_ONLY
field_lineage_id,"""HMSO01R_A|FIELD_LINEAGE|10ec2dec79c0538398e95e49cd33ade9183e905d4ea4b212dcd4e7ec34fc5546""",MS,viscosity_laplacian_acceleration,1,0.0013865105278508664,9.555094718264665e-05,14.510693705636813,12.168826193319017,0.334375,False,EVALUABLE,0.00047365009686036055,EVALUABLE,EXPLORATORY_CONSUMED_DIAGNOSTIC_ONLY
field_lineage_id,"""HMSO01R_A|FIELD_LINEAGE|11fde86949c379fe2021d6c74cae47b21d76fdf394512bb275cf864fa8a207c8""",SS,density_rate,1,0.012123524255281218,0.01060524743361851,1.143162790983055,1.1467068289477778,0.0,False,EVALUABLE,0.06262208742491111,EVALUABLE,EXPLORATORY_CONSUMED_DIAGNOSTIC_ONLY
field_lineage_id,"""HMSO01R_A|FIELD_LINEAGE|11fde86949c379fe2021d6c74cae47b21d76fdf394512bb275cf864fa8a207c8""",SS,pressure_gradient_acceleration,1,0.0,1.3748863560773026,0.0,0.0,0.0,False,EVALUABLE,0.003395818769102321,EVALUABLE,EXPLORATORY_CONSUMED_DIAGNOSTIC_ONLY
field_lineage_id,"""HMSO01R_A|FIELD_LINEAGE|11fde86949c379fe2021d6c74cae47b21d76fdf394512bb275cf864fa8a207c8""",SS,viscosity_laplacian_acceleration,1,0.00015754541329955106,8.26405609907886e-05,1.906393318374395,1.3659288073519582,0.0,False,EVALUABLE,0.0033138276354832395,EVALUABLE,EXPLORATORY_CONSUMED_DIAGNOSTIC_ONLY
field_lineage_id,"""HMSO01R_A|FIELD_LINEAGE|11fde86949c379fe2021d6c74cae47b21d76fdf394512bb275cf864fa8a207c8""",MS,density_rate,1,0.0006494428941168873,0.01060524743361851,0.06123788230137477,0.07349304930341913,0.0,False,EVALUABLE,0.022108440721438527,EVALUABLE,EXPLORATORY_CONSUMED_DIAGNOSTIC_ONLY
field_lineage_id,"""HMSO01R_A|FIELD_LINEAGE|11fde86949c379fe2021d6c74cae47b21d76fdf394512bb275cf864fa8a207c8""",MS,pressure_gradient_acceleration,1,0.0,1.3748863560773026,0.0,0.0,0.0,False,EVALUABLE,0.0027874946281313032,EVALUABLE,EXPLORATORY_CONSUMED_DIAGNOSTIC_ONLY
field_lineage_id,"""HMSO01R_A|FIELD_LINEAGE|11fde86949c379fe2021d6c74cae47b21d76fdf394512bb275cf864fa8a207c8""",MS,viscosity_laplacian_acceleration,1,0.00013893751758933042,8.26405609907886e-05,1.6812266993784915,1.3538988116852706,0.0,False,EVALUABLE,0.000500621946553047,EVALUABLE,EXPLORATORY_CONSUMED_DIAGNOSTIC_ONLY
field_lineage_id,"""HMSO01R_A|FIELD_LINEAGE|14fde0d6f8e15a741b90398f93d73484586c3eb3479f620760208e87c5b3db6c""",SS,density_rate,1,0.0013097893565763847,0.008525476816591148,0.15363238734371398,0.11926215662963185,0.0,False,EVALUABLE,0.0068481857263933705,EVALUABLE,EXPLORATORY_CONSUMED_DIAGNOSTIC_ONLY
field_lineage_id,"""HMSO01R_A|FIELD_LINEAGE|14fde0d6f8e15a741b90398f93d73484586c3eb3479f620760208e87c5b3db6c""",SS,pressure_gradient_acceleration,1,0.0,1.3788994883180392,0.0,0.0,0.0,False,EVALUABLE,0.0026477803475964653,EVALUABLE,EXPLORATORY_CONSUMED_DIAGNOSTIC_ONLY
field_lineage_id,"""HMSO01R_A|FIELD_LINEAGE|14fde0d6f8e15a741b90398f93d73484586c3eb3479f620760208e87c5b3db6c""",SS,viscosity_laplacian_acceleration,1,8.88785482291222e-05,0.0001208878272380729,0.735215035787577,0.4252685393108065,0.0,False,EVALUABLE,0.0004306464874979833,EVALUABLE,EXPLORATORY_CONSUMED_DIAGNOSTIC_ONLY
field_lineage_id,"""HMSO01R_A|FIELD_LINEAGE|14fde0d6f8e15a741b90398f93d73484586c3eb3479f620760208e87c5b3db6c""",MS,density_rate,1,2.016056234081063e-05,0.008525476816591148,0.00236474308411429,0.0013737847061476613,0.0,False,EVALUABLE,0.0025001164788971157,EVALUABLE,EXPLORATORY_CONSUMED_DIAGNOSTIC_ONLY
field_lineage_id,"""HMSO01R_A|FIELD_LINEAGE|14fde0d6f8e15a741b90398f93d73484586c3eb3479f620760208e87c5b3db6c""",MS,pressure_gradient_acceleration,1,0.0,1.3788994883180392,0.0,0.0,0.0,False,EVALUABLE,0.009013215328685424,EVALUABLE,EXPLORATORY_CONSUMED_DIAGNOSTIC_ONLY
field_lineage_id,"""HMSO01R_A|FIELD_LINEAGE|14fde0d6f8e15a741b90398f93d73484586c3eb3479f620760208e87c5b3db6c""",MS,viscosity_laplacian_acceleration,1,6.500178665041505e-05,0.0001208878272380729,0.5377033249377744,0.35507053391209586,0.0,False,EVALUABLE,0.000939039679537343,EVALUABLE,EXPLORATORY_CONSUMED_DIAGNOSTIC_ONLY
field_lineage_id,"""HMSO01R_A|FIELD_LINEAGE|15651b29629c1bcfb68ed12ef597d6352232a9bc607eac6bb7e574563cec2b00""",SS,density_rate,2,8.088450981661426e-13,0.007227328601877166,1.1191480873805295e-10,4.527793354807586e-11,0.0,False,EVALUABLE,0.0005238892690155779,EVALUABLE,EXPLORATORY_CONSUMED_DIAGNOSTIC_ONLY
field_lineage_id,"""HMSO01R_A|FIELD_LINEAGE|15651b29629c1bcfb68ed12ef597d6352232a9bc607eac6bb7e574563cec2b00""",SS,pressure_gradient_acceleration,2,0.0,1.3721393668816733,0.0,0.0,0.0,False,EVALUABLE,0.004131751178102197,EVALUABLE,EXPLORATORY_CONSUMED_DIAGNOSTIC_ONLY
field_lineage_id,"""HMSO01R_A|FIELD_LINEAGE|15651b29629c1bcfb68ed12ef597d6352232a9bc607eac6bb7e574563cec2b00""",SS,viscosity_laplacian_acceleration,2,5.3979087256755586e-05,0.00011062992076283136,0.4879248478580768,0.32499401482624113,0.0,False,EVALUABLE,0.0010743248564260568,EVALUABLE,EXPLORATORY_CONSUMED_DIAGNOSTIC_ONLY
field_lineage_id,"""HMSO01R_A|FIELD_LINEAGE|15651b29629c1bcfb68ed12ef597d6352232a9bc607eac6bb7e574563cec2b00""",MS,density_rate,2,1.046595111137208e-12,0.007227328601877166,1.4481078262656746e-10,4.5489338535751546e-11,0.0,False,EVALUABLE,0.00035222658318006525,EVALUABLE,EXPLORATORY_CONSUMED_DIAGNOSTIC_ONLY
field_lineage_id,"""HMSO01R_A|FIELD_LINEAGE|15651b29629c1bcfb68ed12ef597d6352232a9bc607eac6bb7e574563cec2b00""",MS,pressure_gradient_acceleration,2,0.0,1.3721393668816733,0.0,0.0,0.0,False,EVALUABLE,0.002939154317731308,EVALUABLE,EXPLORATORY_CONSUMED_DIAGNOSTIC_ONLY
field_lineage_id,"""HMSO01R_A|FIELD_LINEAGE|15651b29629c1bcfb68ed12ef597d6352232a9bc607eac6bb7e574563cec2b00""",MS,viscosity_laplacian_acceleration,2,3.041286536606603e-05,0.00011062992076283136,0.27490632874324467,0.2147663403172625,0.0,False,EVALUABLE,0.00025826158604700457,EVALUABLE,EXPLORATORY_CONSUMED_DIAGNOSTIC_ONLY
field_lineage_id,"""HMSO01R_A|FIELD_LINEAGE|16eb11153f438a544fbde5e29c9d4f0fc922c6cc49338ba6f7c68206ac580c7f""",SS,density_rate,1,0.0,0.004135828218663193,0.0,0.0,0.0,False,EVALUABLE,0.0005798932511795884,EVALUABLE,EXPLORATORY_CONSUMED_DIAGNOSTIC_ONLY
field_lineage_id,"""HMSO01R_A|FIELD_LINEAGE|16eb11153f438a544fbde5e29c9d4f0fc922c6cc49338ba6f7c68206ac580c7f""",SS,pressure_gradient_acceleration,1,1.3205976525257666,8.524578557090123,0.15491647401470535,0.7317640101761662,0.0,False,EVALUABLE,0.37288738014483425,EVALUABLE,EXPLORATORY_CONSUMED_DIAGNOSTIC_ONLY
field_lineage_id,"""HMSO01R_A|FIELD_LINEAGE|16eb11153f438a544fbde5e29c9d4f0fc922c6cc49338ba6f7c68206ac580c7f""",SS,viscosity_laplacian_acceleration,1,0.0,8.391761340900151e-05,0.0,0.0,0.0,False,EVALUABLE,5.315624486760081e-05,EVALUABLE,EXPLORATORY_CONSUMED_DIAGNOSTIC_ONLY
field_lineage_id,"""HMSO01R_A|FIELD_LINEAGE|16eb11153f438a544fbde5e29c9d4f0fc922c6cc49338ba6f7c68206ac580c7f""",MS,density_rate,1,0.0,0.004135828218663193,0.0,0.0,0.0,False,EVALUABLE,0.0,EVALUABLE,EXPLORATORY_CONSUMED_DIAGNOSTIC_ONLY
field_lineage_id,"""HMSO01R_A|FIELD_LINEAGE|16eb11153f438a544fbde5e29c9d4f0fc922c6cc49338ba6f7c68206ac580c7f""",MS,pressure_gradient_acceleration,1,1.3205976525257666,8.524578557090123,0.15491647401470535,0.7317640101761662,0.0,False,EVALUABLE,0.6171638421170154,EVALUABLE,EXPLORATORY_CONSUMED_DIAGNOSTIC_ONLY
field_lineage_id,"""HMSO01R_A|FIELD_LINEAGE|16eb11153f438a544fbde5e29c9d4f0fc922c6cc49338ba6f7c68206ac580c7f""",MS,viscosity_laplacian_acceleration,1,0.0,8.391761340900151e-05,0.0,0.0,0.0,False,EVALUABLE,0.00011629207721267986,EVALUABLE,EXPLORATORY_CONSUMED_DIAGNOSTIC_ONLY
field_lineage_id,"""HMSO01R_A|FIELD_LINEAGE|17af857dc7e075f66db0acfe5114e05e0f490cc5340cc9cfe073ae813844b776""",SS,density_rate,1,0.0040208758820249315,0.013644416245894962,0.29469020950124164,0.22423268014953923,0.0,False,EVALUABLE,0.03632152286831328,EVALUABLE,EXPLORATORY_CONSUMED_DIAGNOSTIC_ONLY
field_lineage_id,"""HMSO01R_A|FIELD_LINEAGE|17af857dc7e075f66db0acfe5114e05e0f490cc5340cc9cfe073ae813844b776""",SS,pressure_gradient_acceleration,1,0.0,1.187289326725002,0.0,0.0,0.0,False,EVALUABLE,0.006979989783535419,EVALUABLE,EXPLORATORY_CONSUMED_DIAGNOSTIC_ONLY
field_lineage_id,"""HMSO01R_A|FIELD_LINEAGE|17af857dc7e075f66db0acfe5114e05e0f490cc5340cc9cfe073ae813844b776""",SS,viscosity_laplacian_acceleration,1,0.00013697650238347748,0.00012508135757295148,1.0950992621229616,0.6304158106766374,0.0,False,EVALUABLE,0.005594445820461065,EVALUABLE,EXPLORATORY_CONSUMED_DIAGNOSTIC_ONLY
field_lineage_id,"""HMSO01R_A|FIELD_LINEAGE|17af857dc7e075f66db0acfe5114e05e0f490cc5340cc9cfe073ae813844b776""",MS,density_rate,1,6.181354150322203e-06,0.013644416245894962,0.00045303177790269447,0.0005212807854824537,0.0,False,EVALUABLE,0.0008071615596641962,EVALUABLE,EXPLORATORY_CONSUMED_DIAGNOSTIC_ONLY
field_lineage_id,"""HMSO01R_A|FIELD_LINEAGE|17af857dc7e075f66db0acfe5114e05e0f490cc5340cc9cfe073ae813844b776""",MS,pressure_gradient_acceleration,1,0.0,1.187289326725002,0.0,0.0,0.0,False,EVALUABLE,0.028869578446468164,EVALUABLE,EXPLORATORY_CONSUMED_DIAGNOSTIC_ONLY
field_lineage_id,"""HMSO01R_A|FIELD_LINEAGE|17af857dc7e075f66db0acfe5114e05e0f490cc5340cc9cfe073ae813844b776""",MS,viscosity_laplacian_acceleration,1,3.425710265940942e-05,0.00012508135757295148,0.27387856451293774,0.16072767675710442,0.0,False,EVALUABLE,0.0014459565109749802,EVALUABLE,EXPLORATORY_CONSUMED_DIAGNOSTIC_ONLY
field_lineage_id,"""HMSO01R_A|FIELD_LINEAGE|191e9f46778b3758f1f78fde4f9e2a46913f5a82ffc9889aaa9e18e41d67ee0e""",SS,density_rate,1,4.4061148365282565e-16,0.010187416416577548,4.3250561833895137e-14,3.2793458802501825e-14,0.0,False,EVALUABLE,0.0002204437122859232,EVALUABLE,EXPLORATORY_CONSUMED_DIAGNOSTIC_ONLY
field_lineage_id,"""HMSO01R_A|FIELD_LINEAGE|191e9f46778b3758f1f78fde4f9e2a46913f5a82ffc9889aaa9e18e41d67ee0e""",SS,pressure_gradient_acceleration,1,0.0,1.0866176308580708,0.0,0.0,0.0,False,EVALUABLE,0.0058435990224483805,EVALUABLE,EXPLORATORY_CONSUMED_DIAGNOSTIC_ONLY
field_lineage_id,"""HMSO01R_A|FIELD_LINEAGE|191e9f46778b3758f1f78fde4f9e2a46913f5a82ffc9889aaa9e18e41d67ee0e""",SS,viscosity_laplacian_acceleration,1,0.00019650431088583695,0.0001644512606114289,1.1949091186971446,1.1461193400905263,0.0,False,EVALUABLE,0.001735724223399223,EVALUABLE,EXPLORATORY_CONSUMED_DIAGNOSTIC_ONLY
field_lineage_id,"""HMSO01R_A|FIELD_LINEAGE|191e9f46778b3758f1f78fde4f9e2a46913f5a82ffc9889aaa9e18e41d67ee0e""",MS,density_rate,1,1.1515151703164042e-14,0.010187416416577548,1.1303309133830955e-12,1.1102738194650872e-12,0.0,False,EVALUABLE,0.00017647838590082,EVALUABLE,EXPLORATORY_CONSUMED_DIAGNOSTIC_ONLY
field_lineage_id,"""HMSO01R_A|FIELD_LINEAGE|191e9f46778b3758f1f78fde4f9e2a46913f5a82ffc9889aaa9e18e41d67ee0e""",MS,pressure_gradient_acceleration,1,0.0,1.0866176308580708,0.0,0.0,0.0,False,EVALUABLE,0.0019603421430684593,EVALUABLE,EXPLORATORY_CONSUMED_DIAGNOSTIC_ONLY
field_lineage_id,"""HMSO01R_A|FIELD_LINEAGE|191e9f46778b3758f1f78fde4f9e2a46913f5a82ffc9889aaa9e18e41d67ee0e""",MS,viscosity_laplacian_acceleration,1,7.21611455206306e-05,0.0001644512606114289,0.43879958871908825,0.3655861426789875,0.0,False,EVALUABLE,0.0003901946156486715,EVALUABLE,EXPLORATORY_CONSUMED_DIAGNOSTIC_ONLY
field_lineage_id,"""HMSO01R_A|FIELD_LINEAGE|197d7ec024c0036b09ad028c746809cfe1ed712ccbb40eead96390c6dfdd817b""",SS,density_rate,12,0.00015199679963073286,0.009890679819657761,0.015367679714860315,0.005886871239780652,0.0,False,EVALUABLE,0.018810654876688777,EVALUABLE,EXPLORATORY_CONSUMED_DIAGNOSTIC_ONLY
field_lineage_id,"""HMSO01R_A|FIELD_LINEAGE|197d7ec024c0036b09ad028c746809cfe1ed712ccbb40eead96390c6dfdd817b""",SS,pressure_gradient_acceleration,12,1.9365178432140642,1.2137732545712256,1.5954527222616661,1.2739153525173499,0.0,False,EVALUABLE,0.14733491143148067,EVALUABLE,EXPLORATORY_CONSUMED_DIAGNOSTIC_ONLY
field_lineage_id,"""HMSO01R_A|FIELD_LINEAGE|197d7ec024c0036b09ad028c746809cfe1ed712ccbb40eead96390c6dfdd817b""",SS,viscosity_laplacian_acceleration,12,0.0002594844271247654,0.0003079123808053256,0.842721641936255,0.2475584135050566,0.0,False,EVALUABLE,0.00978383804542589,EVALUABLE,EXPLORATORY_CONSUMED_DIAGNOSTIC_ONLY
field_lineage_id,"""HMSO01R_A|FIELD_LINEAGE|197d7ec024c0036b09ad028c746809cfe1ed712ccbb40eead96390c6dfdd817b""",MS,density_rate,12,0.0001913785476091096,0.009890679819657761,0.019349382560008066,0.0014664082502259164,0.0,False,EVALUABLE,0.0234378654390056,EVALUABLE,EXPLORATORY_CONSUMED_DIAGNOSTIC_ONLY
field_lineage_id,"""HMSO01R_A|FIELD_LINEAGE|197d7ec024c0036b09ad028c746809cfe1ed712ccbb40eead96390c6dfdd817b""",MS,pressure_gradient_acceleration,12,0.28592214795531806,1.2137732545712256,0.23556471266647094,0.20596243416173562,0.0,False,EVALUABLE,0.04350576209576718,EVALUABLE,EXPLORATORY_CONSUMED_DIAGNOSTIC_ONLY
field_lineage_id,"""HMSO01R_A|FIELD_LINEAGE|197d7ec024c0036b09ad028c746809cfe1ed712ccbb40eead96390c6dfdd817b""",MS,viscosity_laplacian_acceleration,12,0.00027980780831734863,0.0003079123808053256,0.9087254224254601,0.27324802708048435,0.0,False,EVALUABLE,0.007530186827426907,EVALUABLE,EXPLORATORY_CONSUMED_DIAGNOSTIC_ONLY
field_lineage_id,"""HMSO01R_A|FIELD_LINEAGE|197ff926eb3d0f9ff98b06347687987d9933c0c4a0832b79258c496c53405132""",SS,density_rate,1,0.002133727197574387,0.011630262838156208,0.1834633685641326,0.1469331490385432,0.0,False,EVALUABLE,0.02091662996042997,EVALUABLE,EXPLORATORY_CONSUMED_DIAGNOSTIC_ONLY
field_lineage_id,"""HMSO01R_A|FIELD_LINEAGE|197ff926eb3d0f9ff98b06347687987d9933c0c4a0832b79258c496c53405132""",SS,pressure_gradient_acceleration,1,0.0,1.1153573796610392,0.0,0.0,0.0,False,EVALUABLE,0.008968175418442382,EVALUABLE,EXPLORATORY_CONSUMED_DIAGNOSTIC_ONLY
field_lineage_id,"""HMSO01R_A|FIELD_LINEAGE|197ff926eb3d0f9ff98b06347687987d9933c0c4a0832b79258c496c53405132""",SS,viscosity_laplacian_acceleration,1,8.925710846319046e-05,0.00013778069197396004,0.6478201494303691,0.3921694022191571,0.0,False,EVALUABLE,0.0015757320270219342,EVALUABLE,EXPLORATORY_CONSUMED_DIAGNOSTIC_ONLY
field_lineage_id,"""HMSO01R_A|FIELD_LINEAGE|197ff926eb3d0f9ff98b06347687987d9933c0c4a0832b79258c496c53405132""",MS,density_rate,1,3.694996906042589e-05,0.011630262838156208,0.003177053655159157,0.0028418706119393367,0.0,False,EVALUABLE,0.0033252133982228666,EVALUABLE,EXPLORATORY_CONSUMED_DIAGNOSTIC_ONLY
field_lineage_id,"""HMSO01R_A|FIELD_LINEAGE|197ff926eb3d0f9ff98b06347687987d9933c0c4a0832b79258c496c53405132""",MS,pressure_gradient_acceleration,1,0.0,1.1153573796610392,0.0,0.0,0.0,False,EVALUABLE,0.027788427996154982,EVALUABLE,EXPLORATORY_CONSUMED_DIAGNOSTIC_ONLY
field_lineage_id,"""HMSO01R_A|FIELD_LINEAGE|197ff926eb3d0f9ff98b06347687987d9933c0c4a0832b79258c496c53405132""",MS,viscosity_laplacian_acceleration,1,0.00030477936903615784,0.00013778069197396004,2.2120615353982966,1.1356157771575437,0.0,False,EVALUABLE,0.0013838654895051165,EVALUABLE,EXPLORATORY_CONSUMED_DIAGNOSTIC_ONLY
field_lineage_id,"""HMSO01R_A|FIELD_LINEAGE|19bc9c15d585b69ea5a604b39577d278e2c7b171a2d899f0352dc2850b1dc0cb""",SS,density_rate,1,6.387005108921693e-31,0.009248042797029135,6.906331695365283e-29,3.5483152714251596e-29,0.0,False,EVALUABLE,0.000723404151023682,EVALUABLE,EXPLORATORY_CONSUMED_DIAGNOSTIC_ONLY
field_lineage_id,"""HMSO01R_A|FIELD_LINEAGE|19bc9c15d585b69ea5a604b39577d278e2c7b171a2d899f0352dc2850b1dc0cb""",SS,pressure_gradient_acceleration,1,0.0,1.31745216182496,0.0,0.0,0.0,False,EVALUABLE,0.004540052781830024,EVALUABLE,EXPLORATORY_CONSUMED_DIAGNOSTIC_ONLY
field_lineage_id,"""HMSO01R_A|FIELD_LINEAGE|19bc9c15d585b69ea5a604b39577d278e2c7b171a2d899f0352dc2850b1dc0cb""",SS,viscosity_laplacian_acceleration,1,1.6473544799965072e-05,0.00013769932918611204,0.11963416886148888,0.07945899937839629,0.0,False,EVALUABLE,0.008345178702013723,EVALUABLE,EXPLORATORY_CONSUMED_DIAGNOSTIC_ONLY
field_lineage_id,"""HMSO01R_A|FIELD_LINEAGE|19bc9c15d585b69ea5a604b39577d278e2c7b171a2d899f0352dc2850b1dc0cb""",MS,density_rate,1,5.845504326300147e-31,0.009248042797029135,6.320801551846162e-29,3.267808910661965e-29,0.0,False,EVALUABLE,5.264370451484825e-16,EVALUABLE,EXPLORATORY_CONSUMED_DIAGNOSTIC_ONLY
field_lineage_id,"""HMSO01R_A|FIELD_LINEAGE|19bc9c15d585b69ea5a604b39577d278e2c7b171a2d899f0352dc2850b1dc0cb""",MS,pressure_gradient_acceleration,1,0.0,1.31745216182496,0.0,0.0,0.0,False,EVALUABLE,0.04877219326435998,EVALUABLE,EXPLORATORY_CONSUMED_DIAGNOSTIC_ONLY
field_lineage_id,"""HMSO01R_A|FIELD_LINEAGE|19bc9c15d585b69ea5a604b39577d278e2c7b171a2d899f0352dc2850b1dc0cb""",MS,viscosity_laplacian_acceleration,1,1.3158040922700197e-05,0.00013769932918611204,0.09555631825131128,0.06673862388686451,0.0,False,EVALUABLE,0.001363438429425405,EVALUABLE,EXPLORATORY_CONSUMED_DIAGNOSTIC_ONLY
field_lineage_id,"""HMSO01R_A|FIELD_LINEAGE|1a444bf8e4f5678b58a9ba1debf6e16323abf2899e40040f0bbc7e1608156e14""",SS,density_rate,1,6.043577469347246e-17,0.004624002798201802,1.3070012569407383e-14,8.319761445406658e-15,0.0,False,EVALUABLE,0.0005009002829560465,EVALUABLE,EXPLORATORY_CONSUMED_DIAGNOSTIC_ONLY
field_lineage_id,"""HMSO01R_A|FIELD_LINEAGE|1a444bf8e4f5678b58a9ba1debf6e16323abf2899e40040f0bbc7e1608156e14""",SS,pressure_gradient_acceleration,1,0.0,1.0214698697639686,0.0,0.0,0.0,False,EVALUABLE,0.00781163299397171,EVALUABLE,EXPLORATORY_CONSUMED_DIAGNOSTIC_ONLY
field_lineage_id,"""HMSO01R_A|FIELD_LINEAGE|1a444bf8e4f5678b58a9ba1debf6e16323abf2899e40040f0bbc7e1608156e14""",SS,viscosity_laplacian_acceleration,1,3.12306729917505e-05,0.00014804758235457214,0.21095023974760643,0.2601449101512373,0.0,False,EVALUABLE,0.002079999994540277,EVALUABLE,EXPLORATORY_CONSUMED_DIAGNOSTIC_ONLY
field_lineage_id,"""HMSO01R_A|FIELD_LINEAGE|1a444bf8e4f5678b58a9ba1debf6e16323abf2899e40040f0bbc7e1608156e14""",MS,density_rate,1,8.118687935974348e-17,0.004624002798201802,1.7557705499511313e-14,1.1115893296234103e-14,0.0,False,EVALUABLE,1.632463505107842e-09,EVALUABLE,EXPLORATORY_CONSUMED_DIAGNOSTIC_ONLY
field_lineage_id,"""HMSO01R_A|FIELD_LINEAGE|1a444bf8e4f5678b58a9ba1debf6e16323abf2899e40040f0bbc7e1608156e14""",MS,pressure_gradient_acceleration,1,0.0,1.0214698697639686,0.0,0.0,0.0,False,EVALUABLE,0.0016874754047982612,EVALUABLE,EXPLORATORY_CONSUMED_DIAGNOSTIC_ONLY
field_lineage_id,"""HMSO01R_A|FIELD_LINEAGE|1a444bf8e4f5678b58a9ba1debf6e16323abf2899e40040f0bbc7e1608156e14""",MS,viscosity_laplacian_acceleration,1,1.485872968765724e-05,0.00014804758235457214,0.10036455476909285,0.11054376058638471,0.0,False,EVALUABLE,0.00048762046840176797,EVALUABLE,EXPLORATORY_CONSUMED_DIAGNOSTIC_ONLY
field_lineage_id,"""HMSO01R_A|FIELD_LINEAGE|1b6f0cb3de33bc6abdb0882404222836bd00a9ad3c6fe2c95af35a87f0fa1200""",SS,density_rate,1,0.0,0.008326855190004144,0.0,0.0,0.0,False,EVALUABLE,0.003526515279442002,EVALUABLE,EXPLORATORY_CONSUMED_DIAGNOSTIC_ONLY
field_lineage_id,"""HMSO01R_A|FIELD_LINEAGE|1b6f0cb3de33bc6abdb0882404222836bd00a9ad3c6fe2c95af35a87f0fa1200""",SS,pressure_gradient_acceleration,1,0.2658959706319345,1.2863774978797398,0.20670135405057624,0.16955935967096775,0.0,False,EVALUABLE,0.21112941143811775,EVALUABLE,EXPLORATORY_CONSUMED_DIAGNOSTIC_ONLY
field_lineage_id,"""HMSO01R_A|FIELD_LINEAGE|1b6f0cb3de33bc6abdb0882404222836bd00a9ad3c6fe2c95af35a87f0fa1200""",SS,viscosity_laplacian_acceleration,1,0.0,0.00011617378702527128,0.0,0.0,0.0,False,EVALUABLE,8.880089929352881e-05,EVALUABLE,EXPLORATORY_CONSUMED_DIAGNOSTIC_ONLY
field_lineage_id,"""HMSO01R_A|FIELD_LINEAGE|1b6f0cb3de33bc6abdb0882404222836bd00a9ad3c6fe2c95af35a87f0fa1200""",MS,density_rate,1,0.0,0.008326855190004144,0.0,0.0,0.0,False,EVALUABLE,0.0006326359294025609,EVALUABLE,EXPLORATORY_CONSUMED_DIAGNOSTIC_ONLY
field_lineage_id,"""HMSO01R_A|FIELD_LINEAGE|1b6f0cb3de33bc6abdb0882404222836bd00a9ad3c6fe2c95af35a87f0fa1200""",MS,pressure_gradient_acceleration,1,0.2658959706319345,1.2863774978797398,0.20670135405057624,0.16955935967096775,0.0,False,EVALUABLE,0.026427016942855902,EVALUABLE,EXPLORATORY_CONSUMED_DIAGNOSTIC_ONLY
field_lineage_id,"""HMSO01R_A|FIELD_LINEAGE|1b6f0cb3de33bc6abdb0882404222836bd00a9ad3c6fe2c95af35a87f0fa1200""",MS,viscosity_laplacian_acceleration,1,0.0,0.00011617378702527128,0.0,0.0,0.0,False,EVALUABLE,1.8644805733564734e-05,EVALUABLE,EXPLORATORY_CONSUMED_DIAGNOSTIC_ONLY
field_lineage_id,"""HMSO01R_A|FIELD_LINEAGE|1d03c9c9f560219b53c739310adfe296cf8afec50561d01ce15be76ae73c1479""",SS,density_rate,1,0.0,0.008219849889326192,0.0,0.0,0.0,False,EVALUABLE,0.0004425925499541915,EVALUABLE,EXPLORATORY_CONSUMED_DIAGNOSTIC_ONLY
field_lineage_id,"""HMSO01R_A|FIELD_LINEAGE|1d03c9c9f560219b53c739310adfe296cf8afec50561d01ce15be76ae73c1479""",SS,pressure_gradient_acceleration,1,0.5109130913846689,1.6349029800040682,0.31250361497499846,0.130831287772686,0.0,False,EVALUABLE,0.26165926767022696,EVALUABLE,EXPLORATORY_CONSUMED_DIAGNOSTIC_ONLY
field_lineage_id,"""HMSO01R_A|FIELD_LINEAGE|1d03c9c9f560219b53c739310adfe296cf8afec50561d01ce15be76ae73c1479""",SS,viscosity_laplacian_acceleration,1,0.0,0.00011019581841990227,0.0,0.0,0.0,False,EVALUABLE,5.100625230694123e-05,EVALUABLE,EXPLORATORY_CONSUMED_DIAGNOSTIC_ONLY
field_lineage_id,"""HMSO01R_A|FIELD_LINEAGE|1d03c9c9f560219b53c739310adfe296cf8afec50561d01ce15be76ae73c1479""",MS,density_rate,1,0.0,0.008219849889326192,0.0,0.0,0.0,False,EVALUABLE,0.00013066158385592968,EVALUABLE,EXPLORATORY_CONSUMED_DIAGNOSTIC_ONLY
field_lineage_id,"""HMSO01R_A|FIELD_LINEAGE|1d03c9c9f560219b53c739310adfe296cf8afec50561d01ce15be76ae73c1479""",MS,pressure_gradient_acceleration,1,0.09776313343778528,1.6349029800040682,0.05979751375677474,5.288291160427155e-28,0.00078125,False,EVALUABLE,0.14513061376132197,EVALUABLE,EXPLORATORY_CONSUMED_DIAGNOSTIC_ONLY
field_lineage_id,"""HMSO01R_A|FIELD_LINEAGE|1d03c9c9f560219b53c739310adfe296cf8afec50561d01ce15be76ae73c1479""",MS,viscosity_laplacian_acceleration,1,0.0,0.00011019581841990227,0.0,0.0,0.0,False,EVALUABLE,1.664610467239317e-05,EVALUABLE,EXPLORATORY_CONSUMED_DIAGNOSTIC_ONLY
field_lineage_id,"""HMSO01R_A|FIELD_LINEAGE|1e499d17b9c103b93706f70e5fa2f7497086b8d1dab61b6d4e57ae6874e328ff""",SS,density_rate,1,0.0,0.00904602808060823,0.0,0.0,0.0,False,EVALUABLE,0.0003835188857875376,EVALUABLE,EXPLORATORY_CONSUMED_DIAGNOSTIC_ONLY
field_lineage_id,"""HMSO01R_A|FIELD_LINEAGE|1e499d17b9c103b93706f70e5fa2f7497086b8d1dab61b6d4e57ae6874e328ff""",SS,pressure_gradient_acceleration,1,0.010379520768102321,1.3155493200523334,0.007889875818330717,0.007877792088143754,0.0,False,EVALUABLE,0.11117089123682633,EVALUABLE,EXPLORATORY_CONSUMED_DIAGNOSTIC_ONLY
field_lineage_id,"""HMSO01R_A|FIELD_LINEAGE|1e499d17b9c103b93706f70e5fa2f7497086b8d1dab61b6d4e57ae6874e328ff""",SS,viscosity_laplacian_acceleration,1,0.0,0.0001259879522570447,0.0,0.0,0.0,False,EVALUABLE,4.714327945605536e-05,EVALUABLE,EXPLORATORY_CONSUMED_DIAGNOSTIC_ONLY
field_lineage_id,"""HMSO01R_A|FIELD_LINEAGE|1e499d17b9c103b93706f70e5fa2f7497086b8d1dab61b6d4e57ae6874e328ff""",MS,density_rate,1,0.0,0.00904602808060823,0.0,0.0,0.0,False,EVALUABLE,0.0003428805428356953,EVALUABLE,EXPLORATORY_CONSUMED_DIAGNOSTIC_ONLY
field_lineage_id,"""HMSO01R_A|FIELD_LINEAGE|1e499d17b9c103b93706f70e5fa2f7497086b8d1dab61b6d4e57ae6874e328ff""",MS,pressure_gradient_acceleration,1,0.010379520768102321,1.3155493200523334,0.007889875818330717,0.007877792088143754,0.0,False,EVALUABLE,0.020009306525010994,EVALUABLE,EXPLORATORY_CONSUMED_DIAGNOSTIC_ONLY
field_lineage_id,"""HMSO01R_A|FIELD_LINEAGE|1e499d17b9c103b93706f70e5fa2f7497086b8d1dab61b6d4e57ae6874e328ff""",MS,viscosity_laplacian_acceleration,1,0.0,0.0001259879522570447,0.0,0.0,0.0,False,EVALUABLE,1.979301703773758e-05,EVALUABLE,EXPLORATORY_CONSUMED_DIAGNOSTIC_ONLY
field_lineage_id,"""HMSO01R_A|FIELD_LINEAGE|20bbc33e3ce141e2f7eb99de3d0702689581411faf36ef6782c9dd4ff7bd0899""",SS,density_rate,1,0.003196002494029208,0.008737031851512199,0.3657995699622002,0.28043323036602763,0.0,False,EVALUABLE,0.02756949207881064,EVALUABLE,EXPLORATORY_CONSUMED_DIAGNOSTIC_ONLY
field_lineage_id,"""HMSO01R_A|FIELD_LINEAGE|20bbc33e3ce141e2f7eb99de3d0702689581411faf36ef6782c9dd4ff7bd0899""",SS,pressure_gradient_acceleration,1,0.0,0.5206608990516488,0.0,0.0,0.0,False,EVALUABLE,0.0012427899347671769,EVALUABLE,EXPLORATORY_CONSUMED_DIAGNOSTIC_ONLY
field_lineage_id,"""HMSO01R_A|FIELD_LINEAGE|20bbc33e3ce141e2f7eb99de3d0702689581411faf36ef6782c9dd4ff7bd0899""",SS,viscosity_laplacian_acceleration,1,0.00011060431273673076,0.00010945792119489487,1.0104733538634878,0.6127871948961492,0.0,False,EVALUABLE,0.00202114993110382,EVALUABLE,EXPLORATORY_CONSUMED_DIAGNOSTIC_ONLY
field_lineage_id,"""HMSO01R_A|FIELD_LINEAGE|20bbc33e3ce141e2f7eb99de3d0702689581411faf36ef6782c9dd4ff7bd0899""",MS,density_rate,1,0.00010623930297643804,0.008737031851512199,0.012159656137461628,0.008257814098541429,0.0,False,EVALUABLE,0.0054659845794326105,EVALUABLE,EXPLORATORY_CONSUMED_DIAGNOSTIC_ONLY
field_lineage_id,"""HMSO01R_A|FIELD_LINEAGE|20bbc33e3ce141e2f7eb99de3d0702689581411faf36ef6782c9dd4ff7bd0899""",MS,pressure_gradient_acceleration,1,0.0,0.5206608990516488,0.0,0.0,0.0,False,EVALUABLE,0.0012553518302714606,EVALUABLE,EXPLORATORY_CONSUMED_DIAGNOSTIC_ONLY
field_lineage_id,"""HMSO01R_A|FIELD_LINEAGE|20bbc33e3ce141e2f7eb99de3d0702689581411faf36ef6782c9dd4ff7bd0899""",MS,viscosity_laplacian_acceleration,1,0.00013186671771384448,0.00010945792119489487,1.2047252156292072,0.6789390364680706,0.0,False,EVALUABLE,0.0003495723825388343,EVALUABLE,EXPLORATORY_CONSUMED_DIAGNOSTIC_ONLY
field_lineage_id,"""HMSO01R_A|FIELD_LINEAGE|20fd9f4e76cc9e98a79b808be25ffb0cc4d95c0522637973fd5963586426d614""",SS,density_rate,1,2.7028080984035107e-12,0.006747798865889753,4.005466304080661e-10,1.4157496699602153e-10,0.0,False,EVALUABLE,0.0005310350562679306,EVALUABLE,EXPLORATORY_CONSUMED_DIAGNOSTIC_ONLY
field_lineage_id,"""HMSO01R_A|FIELD_LINEAGE|20fd9f4e76cc9e98a79b808be25ffb0cc4d95c0522637973fd5963586426d614""",SS,pressure_gradient_acceleration,1,0.0,0.5609691398371914,0.0,0.0,0.0,False,EVALUABLE,0.0012775979352514367,EVALUABLE,EXPLORATORY_CONSUMED_DIAGNOSTIC_ONLY
field_lineage_id,"""HMSO01R_A|FIELD_LINEAGE|20fd9f4e76cc9e98a79b808be25ffb0cc4d95c0522637973fd5963586426d614""",SS,viscosity_laplacian_acceleration,1,4.109739510386798e-06,0.00010327186510758894,0.03979534509331519,0.030796091156997996,0.0,False,EVALUABLE,0.00040375155308153846,EVALUABLE,EXPLORATORY_CONSUMED_DIAGNOSTIC_ONLY
field_lineage_id,"""HMSO01R_A|FIELD_LINEAGE|20fd9f4e76cc9e98a79b808be25ffb0cc4d95c0522637973fd5963586426d614""",MS,density_rate,1,1.0061772246002917e-12,0.006747798865889753,1.491119170262374e-10,4.88460232171633e-11,0.0,False,EVALUABLE,0.00012801417467084894,EVALUABLE,EXPLORATORY_CONSUMED_DIAGNOSTIC_ONLY
field_lineage_id,"""HMSO01R_A|FIELD_LINEAGE|20fd9f4e76cc9e98a79b808be25ffb0cc4d95c0522637973fd5963586426d614""",MS,pressure_gradient_acceleration,1,0.0,0.5609691398371914,0.0,0.0,0.0,False,EVALUABLE,0.0031868430743448887,EVALUABLE,EXPLORATORY_CONSUMED_DIAGNOSTIC_ONLY
field_lineage_id,"""HMSO01R_A|FIELD_LINEAGE|20fd9f4e76cc9e98a79b808be25ffb0cc4d95c0522637973fd5963586426d614""",MS,viscosity_laplacian_acceleration,1,7.996145989974696e-06,0.00010327186510758894,0.07742811637655897,0.040900936764008265,0.0,False,EVALUABLE,0.00011527404434383502,EVALUABLE,EXPLORATORY_CONSUMED_DIAGNOSTIC_ONLY
field_lineage_id,"""HMSO01R_A|FIELD_LINEAGE|21308456c1ed84c2854c7a093be1e48cf9af8d5768485e2a86892e0fd138af17""",SS,density_rate,1,5.760475677785831e-05,0.008875768036561194,0.00649011516981651,0.006058490454300663,0.0,False,EVALUABLE,0.0005118467138592069,EVALUABLE,EXPLORATORY_CONSUMED_DIAGNOSTIC_ONLY
field_lineage_id,"""HMSO01R_A|FIELD_LINEAGE|21308456c1ed84c2854c7a093be1e48cf9af8d5768485e2a86892e0fd138af17""",SS,pressure_gradient_acceleration,1,0.5697361220408601,2.88902328215,0.197207175712639,0.26363357767470463,0.0,False,EVALUABLE,0.11764376039951864,EVALUABLE,EXPLORATORY_CONSUMED_DIAGNOSTIC_ONLY
field_lineage_id,"""HMSO01R_A|FIELD_LINEAGE|21308456c1ed84c2854c7a093be1e48cf9af8d5768485e2a86892e0fd138af17""",SS,viscosity_laplacian_acceleration,1,3.218711908143836e-08,0.00016394076492814497,0.00019633383494060144,0.0002639563367799986,0.0,False,EVALUABLE,5.4725438374438063e-05,EVALUABLE,EXPLORATORY_CONSUMED_DIAGNOSTIC_ONLY
field_lineage_id,"""HMSO01R_A|FIELD_LINEAGE|21308456c1ed84c2854c7a093be1e48cf9af8d5768485e2a86892e0fd138af17""",MS,density_rate,1,0.0,0.008875768036561194,0.0,0.0,0.0,False,EVALUABLE,0.0,EVALUABLE,EXPLORATORY_CONSUMED_DIAGNOSTIC_ONLY
field_lineage_id,"""HMSO01R_A|FIELD_LINEAGE|21308456c1ed84c2854c7a093be1e48cf9af8d5768485e2a86892e0fd138af17""",MS,pressure_gradient_acceleration,1,0.5683310662248815,2.88902328215,0.19672083286290848,0.26323290329859195,0.0,False,EVALUABLE,0.2070015617466769,EVALUABLE,EXPLORATORY_CONSUMED_DIAGNOSTIC_ONLY
field_lineage_id,"""HMSO01R_A|FIELD_LINEAGE|21308456c1ed84c2854c7a093be1e48cf9af8d5768485e2a86892e0fd138af17""",MS,viscosity_laplacian_acceleration,1,0.0,0.00016394076492814497,0.0,0.0,0.0,False,EVALUABLE,0.0009003648392636026,EVALUABLE,EXPLORATORY_CONSUMED_DIAGNOSTIC_ONLY
field_lineage_id,"""HMSO01R_A|FIELD_LINEAGE|21b79bdb11d90c0a9b01efce71ed9eec0d7fba61736210c4c1ab358a9c4e965a""",SS,density_rate,2,8.337821109669546e-06,0.004395486245676141,0.0018969052895732516,0.001804188332601842,0.0,False,EVALUABLE,0.0022495913080216898,EVALUABLE,EXPLORATORY_CONSUMED_DIAGNOSTIC_ONLY
field_lineage_id,"""HMSO01R_A|FIELD_LINEAGE|21b79bdb11d90c0a9b01efce71ed9eec0d7fba61736210c4c1ab358a9c4e965a""",SS,pressure_gradient_acceleration,2,0.0,1.0439951042581619,0.0,0.0,0.0,False,EVALUABLE,0.005035791668136545,EVALUABLE,EXPLORATORY_CONSUMED_DIAGNOSTIC_ONLY
field_lineage_id,"""HMSO01R_A|FIELD_LINEAGE|21b79bdb11d90c0a9b01efce71ed9eec0d7fba61736210c4c1ab358a9c4e965a""",SS,viscosity_laplacian_acceleration,2,0.000345143424941468,0.0003603039400148808,0.957922982821707,2.4469089913290665,0.0,False,EVALUABLE,0.00493780568600588,EVALUABLE,EXPLORATORY_CONSUMED_DIAGNOSTIC_ONLY
field_lineage_id,"""HMSO01R_A|FIELD_LINEAGE|21b79bdb11d90c0a9b01efce71ed9eec0d7fba61736210c4c1ab358a9c4e965a""",MS,density_rate,2,5.558454036319828e-10,0.004395486245676141,1.2645822841074074e-07,1.1821817488505274e-07,0.0,False,EVALUABLE,1.794517546350481e-06,EVALUABLE,EXPLORATORY_CONSUMED_DIAGNOSTIC_ONLY
field_lineage_id,"""HMSO01R_A|FIELD_LINEAGE|21b79bdb11d90c0a9b01efce71ed9eec0d7fba61736210c4c1ab358a9c4e965a""",MS,pressure_gradient_acceleration,2,0.0,1.0439951042581619,0.0,0.0,0.0,False,EVALUABLE,0.0025306890047914186,EVALUABLE,EXPLORATORY_CONSUMED_DIAGNOSTIC_ONLY
field_lineage_id,"""HMSO01R_A|FIELD_LINEAGE|21b79bdb11d90c0a9b01efce71ed9eec0d7fba61736210c4c1ab358a9c4e965a""",MS,viscosity_laplacian_acceleration,2,0.0003371401570013151,0.0003603039400148808,0.9357104365480737,2.4300416748731597,0.0,False,EVALUABLE,0.0007884372393015723,EVALUABLE,EXPLORATORY_CONSUMED_DIAGNOSTIC_ONLY
field_lineage_id,"""HMSO01R_A|FIELD_LINEAGE|21dfb26365637485a590f4aa1b2a5297d551eab87745fb26abbdd41a0e1d8daa""",SS,density_rate,1,0.00018988423519378402,0.01038746478120343,0.018280132755529317,0.023388251772977424,0.0,False,EVALUABLE,0.000371784087547254,EVALUABLE,EXPLORATORY_CONSUMED_DIAGNOSTIC_ONLY
field_lineage_id,"""HMSO01R_A|FIELD_LINEAGE|21dfb26365637485a590f4aa1b2a5297d551eab87745fb26abbdd41a0e1d8daa""",SS,pressure_gradient_acceleration,1,2.410807556967228,2.43845246429277,0.9886629295709647,2.562193866837564,0.0,False,EVALUABLE,0.1403977612341416,EVALUABLE,EXPLORATORY_CONSUMED_DIAGNOSTIC_ONLY
field_lineage_id,"""HMSO01R_A|FIELD_LINEAGE|21dfb26365637485a590f4aa1b2a5297d551eab87745fb26abbdd41a0e1d8daa""",SS,viscosity_laplacian_acceleration,1,6.984211747055739e-07,0.00015507490658694736,0.004503766535006637,0.0060510038347716295,0.0,False,EVALUABLE,6.0930645718914476e-05,EVALUABLE,EXPLORATORY_CONSUMED_DIAGNOSTIC_ONLY
field_lineage_id,"""HMSO01R_A|FIELD_LINEAGE|21dfb26365637485a590f4aa1b2a5297d551eab87745fb26abbdd41a0e1d8daa""",MS,density_rate,1,0.00018988423519378402,0.01038746478120343,0.018280132755529317,0.023388251772977424,0.0,False,EVALUABLE,0.0001859164469524263,EVALUABLE,EXPLORATORY_CONSUMED_DIAGNOSTIC_ONLY
field_lineage_id,"""HMSO01R_A|FIELD_LINEAGE|21dfb26365637485a590f4aa1b2a5297d551eab87745fb26abbdd41a0e1d8daa""",MS,pressure_gradient_acceleration,1,2.410807556967228,2.43845246429277,0.9886629295709647,2.562193866837564,0.0,False,EVALUABLE,0.15398713063008973,EVALUABLE,EXPLORATORY_CONSUMED_DIAGNOSTIC_ONLY
field_lineage_id,"""HMSO01R_A|FIELD_LINEAGE|21dfb26365637485a590f4aa1b2a5297d551eab87745fb26abbdd41a0e1d8daa""",MS,viscosity_laplacian_acceleration,1,6.984211747055739e-07,0.00015507490658694736,0.004503766535006637,0.0060510038347716295,0.0,False,EVALUABLE,6.107287742570386e-05,EVALUABLE,EXPLORATORY_CONSUMED_DIAGNOSTIC_ONLY
field_lineage_id,"""HMSO01R_A|FIELD_LINEAGE|226b761343bde11d0f8531972b4efd2a54f34c441ce74b43268bfdfde41542ed""",SS,density_rate,1,0.0,0.007892186214468574,0.0,0.0,0.0,False,EVALUABLE,0.00047140953635028536,EVALUABLE,EXPLORATORY_CONSUMED_DIAGNOSTIC_ONLY
field_lineage_id,"""HMSO01R_A|FIELD_LINEAGE|226b761343bde11d0f8531972b4efd2a54f34c441ce74b43268bfdfde41542ed""",SS,pressure_gradient_acceleration,1,0.110407426459959,1.2662546271903699,0.08719212083349825,0.05747746093704062,0.0,False,EVALUABLE,0.24667766709720568,EVALUABLE,EXPLORATORY_CONSUMED_DIAGNOSTIC_ONLY
field_lineage_id,"""HMSO01R_A|FIELD_LINEAGE|226b761343bde11d0f8531972b4efd2a54f34c441ce74b43268bfdfde41542ed""",SS,viscosity_laplacian_acceleration,1,0.0,0.00010630896476822733,0.0,0.0,0.0,False,EVALUABLE,5.210409929421124e-05,EVALUABLE,EXPLORATORY_CONSUMED_DIAGNOSTIC_ONLY
field_lineage_id,"""HMSO01R_A|FIELD_LINEAGE|226b761343bde11d0f8531972b4efd2a54f34c441ce74b43268bfdfde41542ed""",MS,density_rate,1,0.0,0.007892186214468574,0.0,0.0,0.0,False,EVALUABLE,0.0,EVALUABLE,EXPLORATORY_CONSUMED_DIAGNOSTIC_ONLY
field_lineage_id,"""HMSO01R_A|FIELD_LINEAGE|226b761343bde11d0f8531972b4efd2a54f34c441ce74b43268bfdfde41542ed""",MS,pressure_gradient_acceleration,1,0.110407426459959,1.2662546271903699,0.08719212083349825,0.05747746093704062,0.0,False,EVALUABLE,0.05105457893812131,EVALUABLE,EXPLORATORY_CONSUMED_DIAGNOSTIC_ONLY
field_lineage_id,"""HMSO01R_A|FIELD_LINEAGE|226b761343bde11d0f8531972b4efd2a54f34c441ce74b43268bfdfde41542ed""",MS,viscosity_laplacian_acceleration,1,0.0,0.00010630896476822733,0.0,0.0,0.0,False,EVALUABLE,0.0009864805417763023,EVALUABLE,EXPLORATORY_CONSUMED_DIAGNOSTIC_ONLY
field_lineage_id,"""HMSO01R_A|FIELD_LINEAGE|292cdf1c570d6fb417a11eb6a7d4d830f9162a0bf0e09496e15edbaa84e1f3f4""",SS,density_rate,1,0.0,0.009453025721693235,0.0,0.0,0.0,False,EVALUABLE,0.00012699790681234798,EVALUABLE,EXPLORATORY_CONSUMED_DIAGNOSTIC_ONLY
field_lineage_id,"""HMSO01R_A|FIELD_LINEAGE|292cdf1c570d6fb417a11eb6a7d4d830f9162a0bf0e09496e15edbaa84e1f3f4""",SS,pressure_gradient_acceleration,1,0.05708148902231035,1.3612156242242937,0.04193420058254105,0.026733395258977246,0.0,False,EVALUABLE,0.16414488640541167,EVALUABLE,EXPLORATORY_CONSUMED_DIAGNOSTIC_ONLY
field_lineage_id,"""HMSO01R_A|FIELD_LINEAGE|292cdf1c570d6fb417a11eb6a7d4d830f9162a0bf0e09496e15edbaa84e1f3f4""",SS,viscosity_laplacian_acceleration,1,0.0,0.00011229546056230481,0.0,0.0,0.0,False,EVALUABLE,2.8470182897769904e-05,EVALUABLE,EXPLORATORY_CONSUMED_DIAGNOSTIC_ONLY
field_lineage_id,"""HMSO01R_A|FIELD_LINEAGE|292cdf1c570d6fb417a11eb6a7d4d830f9162a0bf0e09496e15edbaa84e1f3f4""",MS,density_rate,1,0.0,0.009453025721693235,0.0,0.0,0.0,False,EVALUABLE,0.0002498912736770025,EVALUABLE,EXPLORATORY_CONSUMED_DIAGNOSTIC_ONLY
field_lineage_id,"""HMSO01R_A|FIELD_LINEAGE|292cdf1c570d6fb417a11eb6a7d4d830f9162a0bf0e09496e15edbaa84e1f3f4""",MS,pressure_gradient_acceleration,1,0.05708148902231035,1.3612156242242937,0.04193420058254105,0.026733395258977246,0.0,False,EVALUABLE,0.050597386250293835,EVALUABLE,EXPLORATORY_CONSUMED_DIAGNOSTIC_ONLY
field_lineage_id,"""HMSO01R_A|FIELD_LINEAGE|292cdf1c570d6fb417a11eb6a7d4d830f9162a0bf0e09496e15edbaa84e1f3f4""",MS,viscosity_laplacian_acceleration,1,0.0,0.00011229546056230481,0.0,0.0,0.0,False,EVALUABLE,3.1964967870084596e-05,EVALUABLE,EXPLORATORY_CONSUMED_DIAGNOSTIC_ONLY
field_lineage_id,"""HMSO01R_A|FIELD_LINEAGE|29dc93f9e64f8875b47eb06f84606bc0c4a0e9315877441085164bd7870ebc8e""",SS,density_rate,1,0.013895544562443855,0.01026918321263056,1.3531304559210764,0.43905199273462614,0.0,False,EVALUABLE,0.0970575927314434,EVALUABLE,EXPLORATORY_CONSUMED_DIAGNOSTIC_ONLY
field_lineage_id,"""HMSO01R_A|FIELD_LINEAGE|29dc93f9e64f8875b47eb06f84606bc0c4a0e9315877441085164bd7870ebc8e""",SS,pressure_gradient_acceleration,1,0.0,1.194112681564874,0.0,0.0,0.0,False,EVALUABLE,0.007697922033517373,EVALUABLE,EXPLORATORY_CONSUMED_DIAGNOSTIC_ONLY
field_lineage_id,"""HMSO01R_A|FIELD_LINEAGE|29dc93f9e64f8875b47eb06f84606bc0c4a0e9315877441085164bd7870ebc8e""",SS,viscosity_laplacian_acceleration,1,0.00014065220696850284,0.00010174653495417597,1.3823783486272923,0.729417875715226,0.0,False,EVALUABLE,0.008429498355544976,EVALUABLE,EXPLORATORY_CONSUMED_DIAGNOSTIC_ONLY
field_lineage_id,"""HMSO01R_A|FIELD_LINEAGE|29dc93f9e64f8875b47eb06f84606bc0c4a0e9315877441085164bd7870ebc8e""",MS,density_rate,1,0.0009170366230058279,0.01026918321263056,0.08929985998087177,0.07548986628613413,0.0,False,EVALUABLE,0.0013421006156448475,EVALUABLE,EXPLORATORY_CONSUMED_DIAGNOSTIC_ONLY
field_lineage_id,"""HMSO01R_A|FIELD_LINEAGE|29dc93f9e64f8875b47eb06f84606bc0c4a0e9315877441085164bd7870ebc8e""",MS,pressure_gradient_acceleration,1,0.0,1.194112681564874,0.0,0.0,0.0,False,EVALUABLE,0.0022302025679750074,EVALUABLE,EXPLORATORY_CONSUMED_DIAGNOSTIC_ONLY
field_lineage_id,"""HMSO01R_A|FIELD_LINEAGE|29dc93f9e64f8875b47eb06f84606bc0c4a0e9315877441085164bd7870ebc8e""",MS,viscosity_laplacian_acceleration,1,8.909983927461422e-05,0.00010174653495417597,0.8757039177279355,0.4734716006383396,0.0,False,EVALUABLE,0.00047573820888254333,EVALUABLE,EXPLORATORY_CONSUMED_DIAGNOSTIC_ONLY
field_lineage_id,"""HMSO01R_A|FIELD_LINEAGE|2bf67fa14447cc7892bedcae7ba79ef420cf3b1aa476bde75527a097c9a5c922""",SS,density_rate,2,0.0,0.010269021730407928,0.0,0.0,0.0,False,EVALUABLE,0.0025158888593119835,EVALUABLE,EXPLORATORY_CONSUMED_DIAGNOSTIC_ONLY
field_lineage_id,"""HMSO01R_A|FIELD_LINEAGE|2bf67fa14447cc7892bedcae7ba79ef420cf3b1aa476bde75527a097c9a5c922""",SS,pressure_gradient_acceleration,2,0.2680090765580601,1.6758217817323457,0.15992695612358693,0.1544862222000773,0.0,False,EVALUABLE,0.19362406574129537,EVALUABLE,EXPLORATORY_CONSUMED_DIAGNOSTIC_ONLY
field_lineage_id,"""HMSO01R_A|FIELD_LINEAGE|2bf67fa14447cc7892bedcae7ba79ef420cf3b1aa476bde75527a097c9a5c922""",SS,viscosity_laplacian_acceleration,2,0.0,0.00012011992861109041,0.0,0.0,0.0,False,EVALUABLE,6.33953251984277e-05,EVALUABLE,EXPLORATORY_CONSUMED_DIAGNOSTIC_ONLY
field_lineage_id,"""HMSO01R_A|FIELD_LINEAGE|2bf67fa14447cc7892bedcae7ba79ef420cf3b1aa476bde75527a097c9a5c922""",MS,density_rate,2,0.0,0.010269021730407928,0.0,0.0,0.0,False,EVALUABLE,0.0008503010743544994,EVALUABLE,EXPLORATORY_CONSUMED_DIAGNOSTIC_ONLY
field_lineage_id,"""HMSO01R_A|FIELD_LINEAGE|2bf67fa14447cc7892bedcae7ba79ef420cf3b1aa476bde75527a097c9a5c922""",MS,pressure_gradient_acceleration,2,0.2680090765580601,1.6758217817323457,0.15992695612358693,0.1544862222000773,0.0,False,EVALUABLE,0.04140010498080568,EVALUABLE,EXPLORATORY_CONSUMED_DIAGNOSTIC_ONLY
field_lineage_id,"""HMSO01R_A|FIELD_LINEAGE|2bf67fa14447cc7892bedcae7ba79ef420cf3b1aa476bde75527a097c9a5c922""",MS,viscosity_laplacian_acceleration,2,0.0,0.00012011992861109041,0.0,0.0,0.0,False,EVALUABLE,2.158638437436084e-05,EVALUABLE,EXPLORATORY_CONSUMED_DIAGNOSTIC_ONLY
field_lineage_id,"""HMSO01R_A|FIELD_LINEAGE|2d885ab8e36e98def0f3a036fab45f57940afd290e12c42ece2cbbf2a0b7faed""",SS,density_rate,1,5.494731755780591e-33,0.011613687922274418,4.731254871453879e-31,5.07852993795752e-31,0.0,False,EVALUABLE,0.002109428369211482,EVALUABLE,EXPLORATORY_CONSUMED_DIAGNOSTIC_ONLY
field_lineage_id,"""HMSO01R_A|FIELD_LINEAGE|2d885ab8e36e98def0f3a036fab45f57940afd290e12c42ece2cbbf2a0b7faed""",SS,pressure_gradient_acceleration,1,1.9524696738899127e-09,1.261254815461715,1.5480374385529389e-09,1.5331976916019803e-09,0.0,False,EVALUABLE,0.021217693200795036,EVALUABLE,EXPLORATORY_CONSUMED_DIAGNOSTIC_ONLY
field_lineage_id,"""HMSO01R_A|FIELD_LINEAGE|2d885ab8e36e98def0f3a036fab45f57940afd290e12c42ece2cbbf2a0b7faed""",SS,viscosity_laplacian_acceleration,1,3.597195600163851e-08,9.324591920282695e-05,0.00038577512355680594,0.0002588203218054688,0.0,False,EVALUABLE,0.0003775793646255367,EVALUABLE,EXPLORATORY_CONSUMED_DIAGNOSTIC_ONLY
field_lineage_id,"""HMSO01R_A|FIELD_LINEAGE|2d885ab8e36e98def0f3a036fab45f57940afd290e12c42ece2cbbf2a0b7faed""",MS,density_rate,1,2.60707424971738e-33,0.011613687922274418,2.244828918398224e-31,2.1384258164396074e-31,0.0,False,EVALUABLE,0.00020969852878481864,EVALUABLE,EXPLORATORY_CONSUMED_DIAGNOSTIC_ONLY
field_lineage_id,"""HMSO01R_A|FIELD_LINEAGE|2d885ab8e36e98def0f3a036fab45f57940afd290e12c42ece2cbbf2a0b7faed""",MS,pressure_gradient_acceleration,1,1.2008088802722241e-07,1.261254815461715,9.520747636017049e-08,8.806297148422197e-08,0.0,False,EVALUABLE,0.005234407060344583,EVALUABLE,EXPLORATORY_CONSUMED_DIAGNOSTIC_ONLY
field_lineage_id,"""HMSO01R_A|FIELD_LINEAGE|2d885ab8e36e98def0f3a036fab45f57940afd290e12c42ece2cbbf2a0b7faed""",MS,viscosity_laplacian_acceleration,1,4.014091723346909e-08,9.324591920282695e-05,0.0004304844391758876,0.00031311721920588534,0.0,False,EVALUABLE,0.00011526332977023679,EVALUABLE,EXPLORATORY_CONSUMED_DIAGNOSTIC_ONLY
field_lineage_id,"""HMSO01R_A|FIELD_LINEAGE|2e00a5aa730d3fe2629242ac9cb05445890c5ccd2cee3bc6b04bd3dcaa176cdc""",SS,density_rate,1,0.010096606767498283,0.028408761462102937,0.3554046796783829,0.6100644473472843,0.0,False,EVALUABLE,0.005329675679623625,EVALUABLE,EXPLORATORY_CONSUMED_DIAGNOSTIC_ONLY
field_lineage_id,"""HMSO01R_A|FIELD_LINEAGE|2e00a5aa730d3fe2629242ac9cb05445890c5ccd2cee3bc6b04bd3dcaa176cdc""",SS,pressure_gradient_acceleration,1,0.0,1.287694727790583,0.0,0.0,0.0,False,EVALUABLE,0.012762141290574621,EVALUABLE,EXPLORATORY_CONSUMED_DIAGNOSTIC_ONLY
field_lineage_id,"""HMSO01R_A|FIELD_LINEAGE|2e00a5aa730d3fe2629242ac9cb05445890c5ccd2cee3bc6b04bd3dcaa176cdc""",SS,viscosity_laplacian_acceleration,1,0.00022268642613542246,0.00020853326939766843,1.0678700179526954,0.9145655699601776,0.0,False,EVALUABLE,0.0015751367566075726,EVALUABLE,EXPLORATORY_CONSUMED_DIAGNOSTIC_ONLY
field_lineage_id,"""HMSO01R_A|FIELD_LINEAGE|2e00a5aa730d3fe2629242ac9cb05445890c5ccd2cee3bc6b04bd3dcaa176cdc""",MS,density_rate,1,0.00010692983756099787,0.028408761462102937,0.0037639739311987053,0.00800378764944119,0.0,False,EVALUABLE,0.011923700386642094,EVALUABLE,EXPLORATORY_CONSUMED_DIAGNOSTIC_ONLY
field_lineage_id,"""HMSO01R_A|FIELD_LINEAGE|2e00a5aa730d3fe2629242ac9cb05445890c5ccd2cee3bc6b04bd3dcaa176cdc""",MS,pressure_gradient_acceleration,1,0.0,1.287694727790583,0.0,0.0,0.0,False,EVALUABLE,0.0035958319024928125,EVALUABLE,EXPLORATORY_CONSUMED_DIAGNOSTIC_ONLY
field_lineage_id,"""HMSO01R_A|FIELD_LINEAGE|2e00a5aa730d3fe2629242ac9cb05445890c5ccd2cee3bc6b04bd3dcaa176cdc""",MS,viscosity_laplacian_acceleration,1,0.00014471400479324376,0.00020853326939766843,0.6939612331942933,0.6943394720098497,0.0,False,EVALUABLE,0.0005729685454426164,EVALUABLE,EXPLORATORY_CONSUMED_DIAGNOSTIC_ONLY
field_lineage_id,"""HMSO01R_A|FIELD_LINEAGE|3264ae7008b91adb6f4b677f3ecc13cbe5ab1143b7f33ef501525d095e0b618c""",SS,density_rate,12,0.0039922773376013234,0.007806328842434591,0.511415470470526,0.48496769665688705,0.0,False,EVALUABLE,0.0029595713718107318,EVALUABLE,EXPLORATORY_CONSUMED_DIAGNOSTIC_ONLY
field_lineage_id,"""HMSO01R_A|FIELD_LINEAGE|3264ae7008b91adb6f4b677f3ecc13cbe5ab1143b7f33ef501525d095e0b618c""",SS,pressure_gradient_acceleration,12,1.0964061028092063,1.0608397674697534,1.0335265856636233,0.6886940707768793,0.0,False,EVALUABLE,0.5618698619472108,EVALUABLE,EXPLORATORY_CONSUMED_DIAGNOSTIC_ONLY
field_lineage_id,"""HMSO01R_A|FIELD_LINEAGE|3264ae7008b91adb6f4b677f3ecc13cbe5ab1143b7f33ef501525d095e0b618c""",SS,viscosity_laplacian_acceleration,12,7.252254367908983e-05,0.00011329420014473586,0.6401258280339212,0.6288636073227251,0.0,False,EVALUABLE,0.0004174287596315108,EVALUABLE,EXPLORATORY_CONSUMED_DIAGNOSTIC_ONLY
field_lineage_id,"""HMSO01R_A|FIELD_LINEAGE|3264ae7008b91adb6f4b677f3ecc13cbe5ab1143b7f33ef501525d095e0b618c""",MS,density_rate,12,0.003998469484580003,0.007806328842434591,0.5122086918558486,0.48567581261299786,0.0,False,EVALUABLE,0.0016060205993268712,EVALUABLE,EXPLORATORY_CONSUMED_DIAGNOSTIC_ONLY
field_lineage_id,"""HMSO01R_A|FIELD_LINEAGE|3264ae7008b91adb6f4b677f3ecc13cbe5ab1143b7f33ef501525d095e0b618c""",MS,pressure_gradient_acceleration,12,1.082065613175444,1.0608397674697534,1.0200085313131853,0.6735745931079684,9.765625e-05,False,EVALUABLE,0.3789213668057153,EVALUABLE,EXPLORATORY_CONSUMED_DIAGNOSTIC_ONLY
field_lineage_id,"""HMSO01R_A|FIELD_LINEAGE|3264ae7008b91adb6f4b677f3ecc13cbe5ab1143b7f33ef501525d095e0b618c""",MS,viscosity_laplacian_acceleration,12,7.234551135620604e-05,0.00011329420014473586,0.6385632385751702,0.6272494600067856,0.0,False,EVALUABLE,0.00027027212390261885,EVALUABLE,EXPLORATORY_CONSUMED_DIAGNOSTIC_ONLY
field_lineage_id,"""HMSO01R_A|FIELD_LINEAGE|3283083498700d830b6f9393659c16097acacaf984f6c43b70c65438a233286d""",SS,density_rate,2,1.145585622603981e-33,0.006557671893305557,1.7469395255554943e-31,6.383421149602372e-32,0.0,False,EVALUABLE,0.0005030666059833892,EVALUABLE,EXPLORATORY_CONSUMED_DIAGNOSTIC_ONLY
field_lineage_id,"""HMSO01R_A|FIELD_LINEAGE|3283083498700d830b6f9393659c16097acacaf984f6c43b70c65438a233286d""",SS,pressure_gradient_acceleration,2,2.3953901277441507e-07,1.0554739556175599,2.2694924067004602e-07,2.018560391113325e-07,0.0,False,EVALUABLE,0.004134316828317471,EVALUABLE,EXPLORATORY_CONSUMED_DIAGNOSTIC_ONLY
field_lineage_id,"""HMSO01R_A|FIELD_LINEAGE|3283083498700d830b6f9393659c16097acacaf984f6c43b70c65438a233286d""",SS,viscosity_laplacian_acceleration,2,2.557876756465546e-07,8.1142504558447e-05,0.0031523266016802646,0.0016924390500370646,0.0,False,EVALUABLE,0.0005446116684686358,EVALUABLE,EXPLORATORY_CONSUMED_DIAGNOSTIC_ONLY
field_lineage_id,"""HMSO01R_A|FIELD_LINEAGE|3283083498700d830b6f9393659c16097acacaf984f6c43b70c65438a233286d""",MS,density_rate,2,1.4249307674346117e-33,0.006557671893305557,2.172921717674319e-31,8.965631792908705e-32,0.0,False,EVALUABLE,0.00012400599582158288,EVALUABLE,EXPLORATORY_CONSUMED_DIAGNOSTIC_ONLY
field_lineage_id,"""HMSO01R_A|FIELD_LINEAGE|3283083498700d830b6f9393659c16097acacaf984f6c43b70c65438a233286d""",MS,pressure_gradient_acceleration,2,2.3512873389863737e-07,1.0554739556175599,2.2277075871669718e-07,1.759257683921439e-07,0.0005859375,False,EVALUABLE,0.0029641355302128408,EVALUABLE,EXPLORATORY_CONSUMED_DIAGNOSTIC_ONLY
field_lineage_id,"""HMSO01R_A|FIELD_LINEAGE|3283083498700d830b6f9393659c16097acacaf984f6c43b70c65438a233286d""",MS,viscosity_laplacian_acceleration,2,2.2460376208132618e-07,8.1142504558447e-05,0.002768016137825077,0.0016390504755638639,0.0,False,EVALUABLE,0.0001005232022212289,EVALUABLE,EXPLORATORY_CONSUMED_DIAGNOSTIC_ONLY
field_lineage_id,"""HMSO01R_A|FIELD_LINEAGE|34168bb92814c253cb6b05f8022442aa6cab311b67f648a00b758da530873bc9""",SS,density_rate,1,4.100439227648321e-12,0.010839707414507432,3.782795116923965e-10,2.789260040857671e-10,0.0,False,EVALUABLE,0.0012078157307333795,EVALUABLE,EXPLORATORY_CONSUMED_DIAGNOSTIC_ONLY
field_lineage_id,"""HMSO01R_A|FIELD_LINEAGE|34168bb92814c253cb6b05f8022442aa6cab311b67f648a00b758da530873bc9""",SS,pressure_gradient_acceleration,1,0.0,1.154273283752937,0.0,0.0,0.0,False,EVALUABLE,0.004494997721488605,EVALUABLE,EXPLORATORY_CONSUMED_DIAGNOSTIC_ONLY
field_lineage_id,"""HMSO01R_A|FIELD_LINEAGE|34168bb92814c253cb6b05f8022442aa6cab311b67f648a00b758da530873bc9""",SS,viscosity_laplacian_acceleration,1,0.00017883239685762857,0.00015649575472047816,1.142730019590925,0.6561075594530961,0.0,False,EVALUABLE,0.004127564340943454,EVALUABLE,EXPLORATORY_CONSUMED_DIAGNOSTIC_ONLY
field_lineage_id,"""HMSO01R_A|FIELD_LINEAGE|34168bb92814c253cb6b05f8022442aa6cab311b67f648a00b758da530873bc9""",MS,density_rate,1,4.108176027146005e-12,0.010839707414507432,3.789932578482502e-10,2.7935935247568484e-10,0.0,False,EVALUABLE,0.0008709127449320895,EVALUABLE,EXPLORATORY_CONSUMED_DIAGNOSTIC_ONLY
field_lineage_id,"""HMSO01R_A|FIELD_LINEAGE|34168bb92814c253cb6b05f8022442aa6cab311b67f648a00b758da530873bc9""",MS,pressure_gradient_acceleration,1,0.0,1.154273283752937,0.0,0.0,0.0,False,EVALUABLE,0.002783564002820711,EVALUABLE,EXPLORATORY_CONSUMED_DIAGNOSTIC_ONLY
field_lineage_id,"""HMSO01R_A|FIELD_LINEAGE|34168bb92814c253cb6b05f8022442aa6cab311b67f648a00b758da530873bc9""",MS,viscosity_laplacian_acceleration,1,0.00016451642776740241,0.00015649575472047816,1.0512516972824613,0.5558302428793169,0.0,False,EVALUABLE,0.0010142330549346933,EVALUABLE,EXPLORATORY_CONSUMED_DIAGNOSTIC_ONLY
field_lineage_id,"""HMSO01R_A|FIELD_LINEAGE|34a4e80876c1805c1767ae4dec4e60fe92b927519de4d3f4fc98d8e491efa006""",SS,density_rate,1,0.06468384781189879,0.04176741282751531,1.5486678114112615,4.740804279919767,0.0,False,EVALUABLE,0.1235004293098853,EVALUABLE,EXPLORATORY_CONSUMED_DIAGNOSTIC_ONLY
field_lineage_id,"""HMSO01R_A|FIELD_LINEAGE|34a4e80876c1805c1767ae4dec4e60fe92b927519de4d3f4fc98d8e491efa006""",SS,pressure_gradient_acceleration,1,0.0,0.790228772601083,0.0,0.0,0.0,False,EVALUABLE,0.005255431139742366,EVALUABLE,EXPLORATORY_CONSUMED_DIAGNOSTIC_ONLY
field_lineage_id,"""HMSO01R_A|FIELD_LINEAGE|34a4e80876c1805c1767ae4dec4e60fe92b927519de4d3f4fc98d8e491efa006""",SS,viscosity_laplacian_acceleration,1,0.0001651769751713798,0.00029827976726419866,0.5537652677094781,0.48622209461166666,0.0,False,EVALUABLE,0.00498692430534906,EVALUABLE,EXPLORATORY_CONSUMED_DIAGNOSTIC_ONLY
field_lineage_id,"""HMSO01R_A|FIELD_LINEAGE|34a4e80876c1805c1767ae4dec4e60fe92b927519de4d3f4fc98d8e491efa006""",MS,density_rate,1,1.294571084897693e-05,0.04176741282751531,0.0003099476355511449,0.0012369235865697112,0.0,False,EVALUABLE,0.001083867069470372,EVALUABLE,EXPLORATORY_CONSUMED_DIAGNOSTIC_ONLY
field_lineage_id,"""HMSO01R_A|FIELD_LINEAGE|34a4e80876c1805c1767ae4dec4e60fe92b927519de4d3f4fc98d8e491efa006""",MS,pressure_gradient_acceleration,1,0.0,0.790228772601083,0.0,0.0,0.0,False,EVALUABLE,0.004986095853624293,EVALUABLE,EXPLORATORY_CONSUMED_DIAGNOSTIC_ONLY
field_lineage_id,"""HMSO01R_A|FIELD_LINEAGE|34a4e80876c1805c1767ae4dec4e60fe92b927519de4d3f4fc98d8e491efa006""",MS,viscosity_laplacian_acceleration,1,0.00013178233449071458,0.00029827976726419866,0.44180782256675677,0.5417804211572393,0.0,False,EVALUABLE,0.001009891131504176,EVALUABLE,EXPLORATORY_CONSUMED_DIAGNOSTIC_ONLY
field_lineage_id,"""HMSO01R_A|FIELD_LINEAGE|367777ab46eb41f1d6390744a91dc4aea35bac8f23f02a2f5c6dee473916edbd""",SS,density_rate,1,8.348665567675618e-32,0.011098836669366513,7.522108682541893e-30,4.039808718439193e-30,0.0,False,EVALUABLE,0.0008650257513253913,EVALUABLE,EXPLORATORY_CONSUMED_DIAGNOSTIC_ONLY
field_lineage_id,"""HMSO01R_A|FIELD_LINEAGE|367777ab46eb41f1d6390744a91dc4aea35bac8f23f02a2f5c6dee473916edbd""",SS,pressure_gradient_acceleration,1,0.0,1.1106893231438262,0.0,0.0,0.0,False,EVALUABLE,0.008568205163463651,EVALUABLE,EXPLORATORY_CONSUMED_DIAGNOSTIC_ONLY
field_lineage_id,"""HMSO01R_A|FIELD_LINEAGE|367777ab46eb41f1d6390744a91dc4aea35bac8f23f02a2f5c6dee473916edbd""",SS,viscosity_laplacian_acceleration,1,5.2644300427736333e-08,0.00011519453973013296,0.0004570034356755667,0.00043768223991237984,0.0,False,EVALUABLE,0.006299807967919906,EVALUABLE,EXPLORATORY_CONSUMED_DIAGNOSTIC_ONLY
field_lineage_id,"""HMSO01R_A|FIELD_LINEAGE|367777ab46eb41f1d6390744a91dc4aea35bac8f23f02a2f5c6dee473916edbd""",MS,density_rate,1,8.557553735003181e-32,0.011098836669366513,7.710315945654528e-30,3.8592930449362555e-30,0.0,False,EVALUABLE,0.00020896737985507785,EVALUABLE,EXPLORATORY_CONSUMED_DIAGNOSTIC_ONLY
field_lineage_id,"""HMSO01R_A|FIELD_LINEAGE|367777ab46eb41f1d6390744a91dc4aea35bac8f23f02a2f5c6dee473916edbd""",MS,pressure_gradient_acceleration,1,0.0,1.1106893231438262,0.0,0.0,0.0,False,EVALUABLE,0.0020162681220263403,EVALUABLE,EXPLORATORY_CONSUMED_DIAGNOSTIC_ONLY
field_lineage_id,"""HMSO01R_A|FIELD_LINEAGE|367777ab46eb41f1d6390744a91dc4aea35bac8f23f02a2f5c6dee473916edbd""",MS,viscosity_laplacian_acceleration,1,2.3410561467346865e-08,0.00011519453973013296,0.0002032263119605404,0.00021083925685079366,0.0,False,EVALUABLE,0.0002596995174950522,EVALUABLE,EXPLORATORY_CONSUMED_DIAGNOSTIC_ONLY
field_lineage_id,"""HMSO01R_A|FIELD_LINEAGE|381d8f63546be0384f86ba8b518abcf8c4d107fec707374fb03828151e0b75af""",SS,density_rate,1,1.406773142407166e-13,0.0087949793234025,1.5995184191779655e-11,1.7985541589910838e-11,0.0,False,EVALUABLE,0.00089766509317605,EVALUABLE,EXPLORATORY_CONSUMED_DIAGNOSTIC_ONLY
field_lineage_id,"""HMSO01R_A|FIELD_LINEAGE|381d8f63546be0384f86ba8b518abcf8c4d107fec707374fb03828151e0b75af""",SS,pressure_gradient_acceleration,1,0.0,0.44537122392177786,0.0,0.0,0.0,False,EVALUABLE,0.002738432263359111,EVALUABLE,EXPLORATORY_CONSUMED_DIAGNOSTIC_ONLY
field_lineage_id,"""HMSO01R_A|FIELD_LINEAGE|381d8f63546be0384f86ba8b518abcf8c4d107fec707374fb03828151e0b75af""",SS,viscosity_laplacian_acceleration,1,6.027645871624707e-06,0.00014854882564585738,0.040576866531376724,0.04642812587752395,0.0,False,EVALUABLE,0.004576797746667713,EVALUABLE,EXPLORATORY_CONSUMED_DIAGNOSTIC_ONLY
field_lineage_id,"""HMSO01R_A|FIELD_LINEAGE|381d8f63546be0384f86ba8b518abcf8c4d107fec707374fb03828151e0b75af""",MS,density_rate,1,3.3271106272944244e-32,0.0087949793234025,3.782965831927926e-30,1.6246870919640125e-30,0.0,False,EVALUABLE,0.0003207321870227942,EVALUABLE,EXPLORATORY_CONSUMED_DIAGNOSTIC_ONLY
field_lineage_id,"""HMSO01R_A|FIELD_LINEAGE|381d8f63546be0384f86ba8b518abcf8c4d107fec707374fb03828151e0b75af""",MS,pressure_gradient_acceleration,1,0.0,0.44537122392177786,0.0,0.0,0.0,False,EVALUABLE,0.0016846368525112124,EVALUABLE,EXPLORATORY_CONSUMED_DIAGNOSTIC_ONLY
field_lineage_id,"""HMSO01R_A|FIELD_LINEAGE|381d8f63546be0384f86ba8b518abcf8c4d107fec707374fb03828151e0b75af""",MS,viscosity_laplacian_acceleration,1,9.558270194490754e-07,0.00014854882564585738,0.006434429994941739,0.00671164234758089,0.0,False,EVALUABLE,0.00038823467023400203,EVALUABLE,EXPLORATORY_CONSUMED_DIAGNOSTIC_ONLY
field_lineage_id,"""HMSO01R_A|FIELD_LINEAGE|38ed780ae9e2ceb725d12dc596e69f348d116c6ab5da75f5bae97744169a86db""",SS,density_rate,1,0.0,0.009429750975380242,0.0,0.0,0.0,False,EVALUABLE,0.0035937496854649294,EVALUABLE,EXPLORATORY_CONSUMED_DIAGNOSTIC_ONLY
field_lineage_id,"""HMSO01R_A|FIELD_LINEAGE|38ed780ae9e2ceb725d12dc596e69f348d116c6ab5da75f5bae97744169a86db""",SS,pressure_gradient_acceleration,1,1.5563650828526694,3.969669089527266,0.3920641866493742,0.36480885762341675,0.0,False,EVALUABLE,1.1124973261236295,EVALUABLE,EXPLORATORY_CONSUMED_DIAGNOSTIC_ONLY
field_lineage_id,"""HMSO01R_A|FIELD_LINEAGE|38ed780ae9e2ceb725d12dc596e69f348d116c6ab5da75f5bae97744169a86db""",SS,viscosity_laplacian_acceleration,1,0.0,0.00012266766519478627,0.0,0.0,0.0,False,EVALUABLE,9.386131008300874e-05,EVALUABLE,EXPLORATORY_CONSUMED_DIAGNOSTIC_ONLY
field_lineage_id,"""HMSO01R_A|FIELD_LINEAGE|38ed780ae9e2ceb725d12dc596e69f348d116c6ab5da75f5bae97744169a86db""",MS,density_rate,1,0.0,0.009429750975380242,0.0,0.0,0.0,False,EVALUABLE,0.000945493738680625,EVALUABLE,EXPLORATORY_CONSUMED_DIAGNOSTIC_ONLY
field_lineage_id,"""HMSO01R_A|FIELD_LINEAGE|38ed780ae9e2ceb725d12dc596e69f348d116c6ab5da75f5bae97744169a86db""",MS,pressure_gradient_acceleration,1,1.5563650828526694,3.969669089527266,0.3920641866493742,0.36480885762341675,0.0,False,EVALUABLE,0.5943601627928218,EVALUABLE,EXPLORATORY_CONSUMED_DIAGNOSTIC_ONLY
field_lineage_id,"""HMSO01R_A|FIELD_LINEAGE|38ed780ae9e2ceb725d12dc596e69f348d116c6ab5da75f5bae97744169a86db""",MS,viscosity_laplacian_acceleration,1,0.0,0.00012266766519478627,0.0,0.0,0.0,False,EVALUABLE,3.0071230388041443e-05,EVALUABLE,EXPLORATORY_CONSUMED_DIAGNOSTIC_ONLY
field_lineage_id,"""HMSO01R_A|FIELD_LINEAGE|39a5eaeb1afddf9af00bec82f67fdf5414fc1d1e11076c2f86704fda2809ab87""",SS,density_rate,2,6.314580109527706e-33,0.004184503157258984,1.509039394216638e-30,9.85775132578499e-31,0.0,False,EVALUABLE,0.00026281074846849805,EVALUABLE,EXPLORATORY_CONSUMED_DIAGNOSTIC_ONLY
field_lineage_id,"""HMSO01R_A|FIELD_LINEAGE|39a5eaeb1afddf9af00bec82f67fdf5414fc1d1e11076c2f86704fda2809ab87""",SS,pressure_gradient_acceleration,2,1.779019694566938e-08,1.3140637197993466,1.3538306154884094e-08,1.41216692648498e-08,0.0,False,EVALUABLE,0.0042390152775653,EVALUABLE,EXPLORATORY_CONSUMED_DIAGNOSTIC_ONLY
field_lineage_id,"""HMSO01R_A|FIELD_LINEAGE|39a5eaeb1afddf9af00bec82f67fdf5414fc1d1e11076c2f86704fda2809ab87""",SS,viscosity_laplacian_acceleration,2,1.3616943508365293e-08,7.460529466863419e-05,0.00018251980062334872,0.00015903319867219831,0.0,False,EVALUABLE,0.0007321089809678458,EVALUABLE,EXPLORATORY_CONSUMED_DIAGNOSTIC_ONLY
field_lineage_id,"""HMSO01R_A|FIELD_LINEAGE|39a5eaeb1afddf9af00bec82f67fdf5414fc1d1e11076c2f86704fda2809ab87""",MS,density_rate,2,1.2857532156127024e-32,0.004184503157258984,3.0726544282378365e-30,1.9704623324814062e-30,0.0,False,EVALUABLE,6.176772825016974e-17,EVALUABLE,EXPLORATORY_CONSUMED_DIAGNOSTIC_ONLY
field_lineage_id,"""HMSO01R_A|FIELD_LINEAGE|39a5eaeb1afddf9af00bec82f67fdf5414fc1d1e11076c2f86704fda2809ab87""",MS,pressure_gradient_acceleration,2,0.0,1.3140637197993466,0.0,0.0,0.0009765625,False,EVALUABLE,0.0031781966972495193,EVALUABLE,EXPLORATORY_CONSUMED_DIAGNOSTIC_ONLY
field_lineage_id,"""HMSO01R_A|FIELD_LINEAGE|39a5eaeb1afddf9af00bec82f67fdf5414fc1d1e11076c2f86704fda2809ab87""",MS,viscosity_laplacian_acceleration,2,2.3280128265993043e-09,7.460529466863419e-05,3.120439155075216e-05,2.4575135787608934e-05,0.0,False,EVALUABLE,0.00013682927365192056,EVALUABLE,EXPLORATORY_CONSUMED_DIAGNOSTIC_ONLY
field_lineage_id,"""HMSO01R_A|FIELD_LINEAGE|3c7ea9b77bf044ea3d9c6d199831fc605b20c1d7b4a9ad213eb80b5cab2c0296""",SS,density_rate,1,0.0013789197978303924,0.01327285612599276,0.10389020906585428,0.13898163247102513,0.0,False,EVALUABLE,0.010708356145584783,EVALUABLE,EXPLORATORY_CONSUMED_DIAGNOSTIC_ONLY
field_lineage_id,"""HMSO01R_A|FIELD_LINEAGE|3c7ea9b77bf044ea3d9c6d199831fc605b20c1d7b4a9ad213eb80b5cab2c0296""",SS,pressure_gradient_acceleration,1,0.0,1.017738649825616,0.0,0.0,0.0,False,EVALUABLE,0.006627976301528548,EVALUABLE,EXPLORATORY_CONSUMED_DIAGNOSTIC_ONLY
field_lineage_id,"""HMSO01R_A|FIELD_LINEAGE|3c7ea9b77bf044ea3d9c6d199831fc605b20c1d7b4a9ad213eb80b5cab2c0296""",SS,viscosity_laplacian_acceleration,1,4.655321841400086e-05,0.0001078196474114495,0.43176934382237014,0.25324719489542524,0.0,False,EVALUABLE,0.0010122090445711276,EVALUABLE,EXPLORATORY_CONSUMED_DIAGNOSTIC_ONLY
field_lineage_id,"""HMSO01R_A|FIELD_LINEAGE|3c7ea9b77bf044ea3d9c6d199831fc605b20c1d7b4a9ad213eb80b5cab2c0296""",MS,density_rate,1,1.2500232593596343e-05,0.01327285612599276,0.0009417892030876944,0.001198399560467341,0.0,False,EVALUABLE,0.0037708249562391975,EVALUABLE,EXPLORATORY_CONSUMED_DIAGNOSTIC_ONLY
field_lineage_id,"""HMSO01R_A|FIELD_LINEAGE|3c7ea9b77bf044ea3d9c6d199831fc605b20c1d7b4a9ad213eb80b5cab2c0296""",MS,pressure_gradient_acceleration,1,0.0,1.017738649825616,0.0,0.0,0.0,False,EVALUABLE,0.0017916606912531717,EVALUABLE,EXPLORATORY_CONSUMED_DIAGNOSTIC_ONLY
field_lineage_id,"""HMSO01R_A|FIELD_LINEAGE|3c7ea9b77bf044ea3d9c6d199831fc605b20c1d7b4a9ad213eb80b5cab2c0296""",MS,viscosity_laplacian_acceleration,1,0.00011630753711909491,0.0001078196474114495,1.0787230334305848,0.7606029355444699,0.0,False,EVALUABLE,0.00018470100667664457,EVALUABLE,EXPLORATORY_CONSUMED_DIAGNOSTIC_ONLY
field_lineage_id,"""HMSO01R_A|FIELD_LINEAGE|3d33238d426baab3f4ff1c525309d0c0b825fb99fca42c8d1a5482ea92f2f1a6""",SS,density_rate,2,0.0,0.00857278784594282,0.0,0.0,0.0,False,EVALUABLE,0.00044897454116337126,EVALUABLE,EXPLORATORY_CONSUMED_DIAGNOSTIC_ONLY
field_lineage_id,"""HMSO01R_A|FIELD_LINEAGE|3d33238d426baab3f4ff1c525309d0c0b825fb99fca42c8d1a5482ea92f2f1a6""",SS,pressure_gradient_acceleration,2,0.24464135812135718,1.133328741245186,0.2158608965061366,0.11788168979168925,0.0,False,EVALUABLE,0.16641716018078004,EVALUABLE,EXPLORATORY_CONSUMED_DIAGNOSTIC_ONLY
field_lineage_id,"""HMSO01R_A|FIELD_LINEAGE|3d33238d426baab3f4ff1c525309d0c0b825fb99fca42c8d1a5482ea92f2f1a6""",SS,viscosity_laplacian_acceleration,2,0.0,0.00010350369054296737,0.0,0.0,0.0,False,EVALUABLE,7.646679501369215e-05,EVALUABLE,EXPLORATORY_CONSUMED_DIAGNOSTIC_ONLY
field_lineage_id,"""HMSO01R_A|FIELD_LINEAGE|3d33238d426baab3f4ff1c525309d0c0b825fb99fca42c8d1a5482ea92f2f1a6""",MS,density_rate,2,0.0,0.00857278784594282,0.0,0.0,0.0,False,EVALUABLE,0.0001237697186936228,EVALUABLE,EXPLORATORY_CONSUMED_DIAGNOSTIC_ONLY
field_lineage_id,"""HMSO01R_A|FIELD_LINEAGE|3d33238d426baab3f4ff1c525309d0c0b825fb99fca42c8d1a5482ea92f2f1a6""",MS,pressure_gradient_acceleration,2,0.24464135812135718,1.133328741245186,0.2158608965061366,0.11788168979168925,0.0,False,EVALUABLE,0.05815116081667271,EVALUABLE,EXPLORATORY_CONSUMED_DIAGNOSTIC_ONLY
field_lineage_id,"""HMSO01R_A|FIELD_LINEAGE|3d33238d426baab3f4ff1c525309d0c0b825fb99fca42c8d1a5482ea92f2f1a6""",MS,viscosity_laplacian_acceleration,2,0.0,0.00010350369054296737,0.0,0.0,0.0,False,EVALUABLE,2.390331871138167e-05,EVALUABLE,EXPLORATORY_CONSUMED_DIAGNOSTIC_ONLY
field_lineage_id,"""HMSO01R_A|FIELD_LINEAGE|3e17b326e03465aac98a6b656cd3125c19ada3cc77d6223ebd6e30804155ff56""",SS,density_rate,1,1.5531603221774035e-31,0.011054522035850303,1.404999978416467e-29,1.5566796164692398e-30,0.0,False,EVALUABLE,0.003621621902539791,EVALUABLE,EXPLORATORY_CONSUMED_DIAGNOSTIC_ONLY
field_lineage_id,"""HMSO01R_A|FIELD_LINEAGE|3e17b326e03465aac98a6b656cd3125c19ada3cc77d6223ebd6e30804155ff56""",SS,pressure_gradient_acceleration,1,0.0,1.3554272280345248,0.0,0.0,0.0,False,EVALUABLE,0.0075913602220175,EVALUABLE,EXPLORATORY_CONSUMED_DIAGNOSTIC_ONLY
field_lineage_id,"""HMSO01R_A|FIELD_LINEAGE|3e17b326e03465aac98a6b656cd3125c19ada3cc77d6223ebd6e30804155ff56""",SS,viscosity_laplacian_acceleration,1,0.00023206134882685308,0.003998678344102895,0.058034512620673454,2.0557944876883395e-28,0.0,False,EVALUABLE,0.02940676290637536,EVALUABLE,EXPLORATORY_CONSUMED_DIAGNOSTIC_ONLY
field_lineage_id,"""HMSO01R_A|FIELD_LINEAGE|3e17b326e03465aac98a6b656cd3125c19ada3cc77d6223ebd6e30804155ff56""",MS,density_rate,1,1.7967030946506684e-31,0.011054522035850303,1.625310518920566e-29,1.717329529146287e-30,0.0,False,EVALUABLE,0.00036085754623318034,EVALUABLE,EXPLORATORY_CONSUMED_DIAGNOSTIC_ONLY
field_lineage_id,"""HMSO01R_A|FIELD_LINEAGE|3e17b326e03465aac98a6b656cd3125c19ada3cc77d6223ebd6e30804155ff56""",MS,pressure_gradient_acceleration,1,0.0,1.3554272280345248,0.0,0.0,0.0,False,EVALUABLE,0.003068278825714102,EVALUABLE,EXPLORATORY_CONSUMED_DIAGNOSTIC_ONLY
field_lineage_id,"""HMSO01R_A|FIELD_LINEAGE|3e17b326e03465aac98a6b656cd3125c19ada3cc77d6223ebd6e30804155ff56""",MS,viscosity_laplacian_acceleration,1,0.00016444840354176135,0.003998678344102895,0.04112568938791585,6.477012878619528e-05,0.0,False,EVALUABLE,0.002899645703424459,EVALUABLE,EXPLORATORY_CONSUMED_DIAGNOSTIC_ONLY
field_lineage_id,"""HMSO01R_A|FIELD_LINEAGE|3e594f148c4f0181faaf58cc7906a2e9e8709c7be31e59cdc8bdd6b6b7c398a2""",SS,density_rate,1,3.563082358751314e-14,0.010984079654825651,3.2438606334996304e-12,3.432818667440518e-12,0.0,False,EVALUABLE,0.0002935041474076817,EVALUABLE,EXPLORATORY_CONSUMED_DIAGNOSTIC_ONLY
field_lineage_id,"""HMSO01R_A|FIELD_LINEAGE|3e594f148c4f0181faaf58cc7906a2e9e8709c7be31e59cdc8bdd6b6b7c398a2""",SS,pressure_gradient_acceleration,1,0.0,1.2929133014168637,0.0,0.0,0.0,False,EVALUABLE,0.009160514308626938,EVALUABLE,EXPLORATORY_CONSUMED_DIAGNOSTIC_ONLY
field_lineage_id,"""HMSO01R_A|FIELD_LINEAGE|3e594f148c4f0181faaf58cc7906a2e9e8709c7be31e59cdc8bdd6b6b7c398a2""",SS,viscosity_laplacian_acceleration,1,2.3298514895922023e-06,0.0001421046237581029,0.016395324993493415,0.011008565978768684,0.0,False,EVALUABLE,0.0016977602266032847,EVALUABLE,EXPLORATORY_CONSUMED_DIAGNOSTIC_ONLY
field_lineage_id,"""HMSO01R_A|FIELD_LINEAGE|3e594f148c4f0181faaf58cc7906a2e9e8709c7be31e59cdc8bdd6b6b7c398a2""",MS,density_rate,1,7.07089137099019e-33,0.010984079654825651,6.437399939906414e-31,6.649853826057293e-31,0.0,False,EVALUABLE,3.6266346899902644e-17,EVALUABLE,EXPLORATORY_CONSUMED_DIAGNOSTIC_ONLY
field_lineage_id,"""HMSO01R_A|FIELD_LINEAGE|3e594f148c4f0181faaf58cc7906a2e9e8709c7be31e59cdc8bdd6b6b7c398a2""",MS,pressure_gradient_acceleration,1,0.0,1.2929133014168637,0.0,0.0,0.0,False,EVALUABLE,0.027696762713594267,EVALUABLE,EXPLORATORY_CONSUMED_DIAGNOSTIC_ONLY
field_lineage_id,"""HMSO01R_A|FIELD_LINEAGE|3e594f148c4f0181faaf58cc7906a2e9e8709c7be31e59cdc8bdd6b6b7c398a2""",MS,viscosity_laplacian_acceleration,1,3.837477006330899e-07,0.0001421046237581029,0.002700458932893859,0.0018583817622814338,0.0,False,EVALUABLE,0.0013209997392127633,EVALUABLE,EXPLORATORY_CONSUMED_DIAGNOSTIC_ONLY
field_lineage_id,"""HMSO01R_A|FIELD_LINEAGE|40ad278dca26109101acf56cf89434c2db030106327c552c8aaad7f18589b1fc""",SS,density_rate,1,0.0034475521412056843,0.18553077725224038,0.018582103693332387,0.29475443847290983,0.0,False,EVALUABLE,0.17310521348190339,EVALUABLE,EXPLORATORY_CONSUMED_DIAGNOSTIC_ONLY
field_lineage_id,"""HMSO01R_A|FIELD_LINEAGE|40ad278dca26109101acf56cf89434c2db030106327c552c8aaad7f18589b1fc""",SS,pressure_gradient_acceleration,1,0.0,0.48138058709946163,0.0,0.0,0.0,False,EVALUABLE,0.0069592177716790325,EVALUABLE,EXPLORATORY_CONSUMED_DIAGNOSTIC_ONLY
field_lineage_id,"""HMSO01R_A|FIELD_LINEAGE|40ad278dca26109101acf56cf89434c2db030106327c552c8aaad7f18589b1fc""",SS,viscosity_laplacian_acceleration,1,0.0003587292279056863,0.0009860980650728054,0.3637865650605457,1.4101581404772618,0.0,False,EVALUABLE,0.001499648304154053,EVALUABLE,EXPLORATORY_CONSUMED_DIAGNOSTIC_ONLY
field_lineage_id,"""HMSO01R_A|FIELD_LINEAGE|40ad278dca26109101acf56cf89434c2db030106327c552c8aaad7f18589b1fc""",MS,density_rate,1,1.3225455406823128e-06,0.18553077725224038,7.128442839886515e-06,0.00013832160351892137,0.0,False,EVALUABLE,0.022431900639313444,EVALUABLE,EXPLORATORY_CONSUMED_DIAGNOSTIC_ONLY
field_lineage_id,"""HMSO01R_A|FIELD_LINEAGE|40ad278dca26109101acf56cf89434c2db030106327c552c8aaad7f18589b1fc""",MS,pressure_gradient_acceleration,1,0.0,0.48138058709946163,0.0,0.0,0.0,False,EVALUABLE,0.0019915871525577294,EVALUABLE,EXPLORATORY_CONSUMED_DIAGNOSTIC_ONLY
field_lineage_id,"""HMSO01R_A|FIELD_LINEAGE|40ad278dca26109101acf56cf89434c2db030106327c552c8aaad7f18589b1fc""",MS,viscosity_laplacian_acceleration,1,9.228662080021527e-05,0.0009860980650728054,0.09358767050557146,0.6857005493549475,0.0,False,EVALUABLE,0.002051619840394872,EVALUABLE,EXPLORATORY_CONSUMED_DIAGNOSTIC_ONLY
field_lineage_id,"""HMSO01R_A|FIELD_LINEAGE|41b714ff189f53f826864cf9fac2bed83a6e097351a7033fcea23d658bf21b54""",SS,density_rate,1,0.0,0.011751543003253992,0.0,0.0,0.0,False,EVALUABLE,0.0004520291355648884,EVALUABLE,EXPLORATORY_CONSUMED_DIAGNOSTIC_ONLY
field_lineage_id,"""HMSO01R_A|FIELD_LINEAGE|41b714ff189f53f826864cf9fac2bed83a6e097351a7033fcea23d658bf21b54""",SS,pressure_gradient_acceleration,1,0.6891402426945585,1.294473925971372,0.532370895132112,0.38766105472267204,0.0,False,EVALUABLE,0.5202728961435925,EVALUABLE,EXPLORATORY_CONSUMED_DIAGNOSTIC_ONLY
field_lineage_id,"""HMSO01R_A|FIELD_LINEAGE|41b714ff189f53f826864cf9fac2bed83a6e097351a7033fcea23d658bf21b54""",SS,viscosity_laplacian_acceleration,1,0.0,0.00011119669560594631,0.0,0.0,0.0,False,EVALUABLE,6.60902308364213e-05,EVALUABLE,EXPLORATORY_CONSUMED_DIAGNOSTIC_ONLY
field_lineage_id,"""HMSO01R_A|FIELD_LINEAGE|41b714ff189f53f826864cf9fac2bed83a6e097351a7033fcea23d658bf21b54""",MS,density_rate,1,0.0,0.011751543003253992,0.0,0.0,0.0,False,EVALUABLE,0.0007483843688564786,EVALUABLE,EXPLORATORY_CONSUMED_DIAGNOSTIC_ONLY
field_lineage_id,"""HMSO01R_A|FIELD_LINEAGE|41b714ff189f53f826864cf9fac2bed83a6e097351a7033fcea23d658bf21b54""",MS,pressure_gradient_acceleration,1,0.6891402426945585,1.294473925971372,0.532370895132112,0.38766105472267204,0.0,False,EVALUABLE,0.11244138283328238,EVALUABLE,EXPLORATORY_CONSUMED_DIAGNOSTIC_ONLY
field_lineage_id,"""HMSO01R_A|FIELD_LINEAGE|41b714ff189f53f826864cf9fac2bed83a6e097351a7033fcea23d658bf21b54""",MS,viscosity_laplacian_acceleration,1,0.0,0.00011119669560594631,0.0,0.0,0.0,False,EVALUABLE,8.099174516098918e-05,EVALUABLE,EXPLORATORY_CONSUMED_DIAGNOSTIC_ONLY
field_lineage_id,"""HMSO01R_A|FIELD_LINEAGE|41ec221cb0eeb1bbfd7efc4d5d4cd642cd62a71a09fd5ce2fc9fff0cbe48931c""",SS,density_rate,1,3.521559178227363e-34,0.007759733239532044,4.5382477329075466e-32,1.5803415759392715e-32,0.0,False,EVALUABLE,6.345444166877868e-05,EVALUABLE,EXPLORATORY_CONSUMED_DIAGNOSTIC_ONLY
field_lineage_id,"""HMSO01R_A|FIELD_LINEAGE|41ec221cb0eeb1bbfd7efc4d5d4cd642cd62a71a09fd5ce2fc9fff0cbe48931c""",SS,pressure_gradient_acceleration,1,0.0,1.0147157782790104,0.0,0.0,0.0,False,EVALUABLE,0.005331952003109779,EVALUABLE,EXPLORATORY_CONSUMED_DIAGNOSTIC_ONLY
field_lineage_id,"""HMSO01R_A|FIELD_LINEAGE|41ec221cb0eeb1bbfd7efc4d5d4cd642cd62a71a09fd5ce2fc9fff0cbe48931c""",SS,viscosity_laplacian_acceleration,1,2.0404815217423514e-09,0.00010277843268215166,1.9853207219579428e-05,1.2784270072653384e-05,0.0,False,EVALUABLE,0.0005626366260750089,EVALUABLE,EXPLORATORY_CONSUMED_DIAGNOSTIC_ONLY
field_lineage_id,"""HMSO01R_A|FIELD_LINEAGE|41ec221cb0eeb1bbfd7efc4d5d4cd642cd62a71a09fd5ce2fc9fff0cbe48931c""",MS,density_rate,1,2.8523151694130607e-34,0.007759733239532044,3.6757902383575645e-32,1.1032243348025225e-32,0.0,False,EVALUABLE,1.4164814489913486e-17,EVALUABLE,EXPLORATORY_CONSUMED_DIAGNOSTIC_ONLY
field_lineage_id,"""HMSO01R_A|FIELD_LINEAGE|41ec221cb0eeb1bbfd7efc4d5d4cd642cd62a71a09fd5ce2fc9fff0cbe48931c""",MS,pressure_gradient_acceleration,1,8.355477722983516e-09,1.0147157782790104,8.234303537838611e-09,5.793878302271427e-09,0.00078125,False,EVALUABLE,0.0462713095846457,EVALUABLE,EXPLORATORY_CONSUMED_DIAGNOSTIC_ONLY
field_lineage_id,"""HMSO01R_A|FIELD_LINEAGE|41ec221cb0eeb1bbfd7efc4d5d4cd642cd62a71a09fd5ce2fc9fff0cbe48931c""",MS,viscosity_laplacian_acceleration,1,1.4358721424874962e-10,0.00010277843268215166,1.397055885185577e-06,1.1136907066436188e-06,0.0,False,EVALUABLE,0.00023028695164992147,EVALUABLE,EXPLORATORY_CONSUMED_DIAGNOSTIC_ONLY
field_lineage_id,"""HMSO01R_A|FIELD_LINEAGE|429c6019f8749d53e4581b918e84a928af92c02c8bd8516136f7bea7e94cf671""",SS,density_rate,1,1.0756348846480861e-13,0.009080265402714014,1.184585292327015e-11,6.437472902257832e-12,0.0,False,EVALUABLE,0.0023105268130231035,EVALUABLE,EXPLORATORY_CONSUMED_DIAGNOSTIC_ONLY
field_lineage_id,"""HMSO01R_A|FIELD_LINEAGE|429c6019f8749d53e4581b918e84a928af92c02c8bd8516136f7bea7e94cf671""",SS,pressure_gradient_acceleration,1,0.0,1.189020445248989,0.0,0.0,0.0,False,EVALUABLE,0.022848986255367115,EVALUABLE,EXPLORATORY_CONSUMED_DIAGNOSTIC_ONLY
field_lineage_id,"""HMSO01R_A|FIELD_LINEAGE|429c6019f8749d53e4581b918e84a928af92c02c8bd8516136f7bea7e94cf671""",SS,viscosity_laplacian_acceleration,1,1.718728670047074e-05,0.00013445989082537868,0.12782463673714897,0.1352711520515258,0.0,False,EVALUABLE,0.0011704137123835533,EVALUABLE,EXPLORATORY_CONSUMED_DIAGNOSTIC_ONLY
field_lineage_id,"""HMSO01R_A|FIELD_LINEAGE|429c6019f8749d53e4581b918e84a928af92c02c8bd8516136f7bea7e94cf671""",MS,density_rate,1,1.0756348852560856e-13,0.009080265402714014,1.1845852929965985e-11,6.437472906571625e-12,0.0,False,EVALUABLE,0.0006614379186950759,EVALUABLE,EXPLORATORY_CONSUMED_DIAGNOSTIC_ONLY
field_lineage_id,"""HMSO01R_A|FIELD_LINEAGE|429c6019f8749d53e4581b918e84a928af92c02c8bd8516136f7bea7e94cf671""",MS,pressure_gradient_acceleration,1,0.0,1.189020445248989,0.0,0.0,0.0,False,EVALUABLE,0.003459607640032459,EVALUABLE,EXPLORATORY_CONSUMED_DIAGNOSTIC_ONLY
field_lineage_id,"""HMSO01R_A|FIELD_LINEAGE|429c6019f8749d53e4581b918e84a928af92c02c8bd8516136f7bea7e94cf671""",MS,viscosity_laplacian_acceleration,1,1.8651897894514848e-05,0.00013445989082537868,0.13871718755697807,0.15204873000566382,0.0,False,EVALUABLE,0.00034508079708100184,EVALUABLE,EXPLORATORY_CONSUMED_DIAGNOSTIC_ONLY
field_lineage_id,"""HMSO01R_A|FIELD_LINEAGE|42e50ef40056d389a76817004688f104ee3861e2ea394e0b7ded0e04dbc7e54e""",SS,density_rate,2,0.0031197444936974066,0.008721868118070988,0.3576922342168365,0.39353602192388343,0.0,False,EVALUABLE,0.026077153123022525,EVALUABLE,EXPLORATORY_CONSUMED_DIAGNOSTIC_ONLY
field_lineage_id,"""HMSO01R_A|FIELD_LINEAGE|42e50ef40056d389a76817004688f104ee3861e2ea394e0b7ded0e04dbc7e54e""",SS,pressure_gradient_acceleration,2,0.0,1.112090487933706,0.0,0.0,0.0,False,EVALUABLE,0.007584126479501111,EVALUABLE,EXPLORATORY_CONSUMED_DIAGNOSTIC_ONLY
field_lineage_id,"""HMSO01R_A|FIELD_LINEAGE|42e50ef40056d389a76817004688f104ee3861e2ea394e0b7ded0e04dbc7e54e""",SS,viscosity_laplacian_acceleration,2,0.00011584157018585857,8.779146506619142e-05,1.3195083382936876,0.9804984874947025,0.0,False,EVALUABLE,0.002020936131216262,EVALUABLE,EXPLORATORY_CONSUMED_DIAGNOSTIC_ONLY
field_lineage_id,"""HMSO01R_A|FIELD_LINEAGE|42e50ef40056d389a76817004688f104ee3861e2ea394e0b7ded0e04dbc7e54e""",MS,density_rate,2,0.0001239645253908362,0.008721868118070988,0.014213070378121402,0.019617333988544088,0.0,False,EVALUABLE,0.006179270344129397,EVALUABLE,EXPLORATORY_CONSUMED_DIAGNOSTIC_ONLY
field_lineage_id,"""HMSO01R_A|FIELD_LINEAGE|42e50ef40056d389a76817004688f104ee3861e2ea394e0b7ded0e04dbc7e54e""",MS,pressure_gradient_acceleration,2,0.0,1.112090487933706,0.0,0.0,0.0,False,EVALUABLE,0.002072874980554157,EVALUABLE,EXPLORATORY_CONSUMED_DIAGNOSTIC_ONLY
field_lineage_id,"""HMSO01R_A|FIELD_LINEAGE|42e50ef40056d389a76817004688f104ee3861e2ea394e0b7ded0e04dbc7e54e""",MS,viscosity_laplacian_acceleration,2,0.00011253941662027769,8.779146506619142e-05,1.2818947324256094,0.7931508824894545,0.0,False,EVALUABLE,0.0004365577959549456,EVALUABLE,EXPLORATORY_CONSUMED_DIAGNOSTIC_ONLY
field_lineage_id,"""HMSO01R_A|FIELD_LINEAGE|43048a070f7e90a4b3daec507e653fb282b428f5e4cf309a72c949e8f5226bf3""",SS,density_rate,1,1.7751913196852466e-31,0.011227150205743932,1.581159321068885e-29,1.3588775662975577e-29,0.0,False,EVALUABLE,0.0017981951996697656,EVALUABLE,EXPLORATORY_CONSUMED_DIAGNOSTIC_ONLY
field_lineage_id,"""HMSO01R_A|FIELD_LINEAGE|43048a070f7e90a4b3daec507e653fb282b428f5e4cf309a72c949e8f5226bf3""",SS,pressure_gradient_acceleration,1,0.0,1.0964466338212309,0.0,0.0,0.0,False,EVALUABLE,0.008811683350982856,EVALUABLE,EXPLORATORY_CONSUMED_DIAGNOSTIC_ONLY
field_lineage_id,"""HMSO01R_A|FIELD_LINEAGE|43048a070f7e90a4b3daec507e653fb282b428f5e4cf309a72c949e8f5226bf3""",SS,viscosity_laplacian_acceleration,1,1.0543378434898407e-07,0.00010457579174506681,0.0010082045049776803,0.0008313849421193078,0.0,False,EVALUABLE,0.01309340108258716,EVALUABLE,EXPLORATORY_CONSUMED_DIAGNOSTIC_ONLY
field_lineage_id,"""HMSO01R_A|FIELD_LINEAGE|43048a070f7e90a4b3daec507e653fb282b428f5e4cf309a72c949e8f5226bf3""",MS,density_rate,1,1.9384093685737577e-31,0.011227150205743932,1.7265373073765828e-29,1.378238807141859e-29,0.0,False,EVALUABLE,0.00040197037530948534,EVALUABLE,EXPLORATORY_CONSUMED_DIAGNOSTIC_ONLY
field_lineage_id,"""HMSO01R_A|FIELD_LINEAGE|43048a070f7e90a4b3daec507e653fb282b428f5e4cf309a72c949e8f5226bf3""",MS,pressure_gradient_acceleration,1,0.0,1.0964466338212309,0.0,0.0,0.0,False,EVALUABLE,0.0012580847647224952,EVALUABLE,EXPLORATORY_CONSUMED_DIAGNOSTIC_ONLY
field_lineage_id,"""HMSO01R_A|FIELD_LINEAGE|43048a070f7e90a4b3daec507e653fb282b428f5e4cf309a72c949e8f5226bf3""",MS,viscosity_laplacian_acceleration,1,3.788941682456432e-08,0.00010457579174506681,0.0003623153713904508,0.00027213585915101634,0.0,False,EVALUABLE,0.0005465543030476076,EVALUABLE,EXPLORATORY_CONSUMED_DIAGNOSTIC_ONLY
field_lineage_id,"""HMSO01R_A|FIELD_LINEAGE|4389c621e60229f631c944081b4adc544d96927c12f624ff90ee3e85668f651e""",SS,density_rate,1,0.0008301992271293186,0.01205287747213414,0.06887975332435861,0.08431252385364182,0.0,False,EVALUABLE,0.01574158520757242,EVALUABLE,EXPLORATORY_CONSUMED_DIAGNOSTIC_ONLY
field_lineage_id,"""HMSO01R_A|FIELD_LINEAGE|4389c621e60229f631c944081b4adc544d96927c12f624ff90ee3e85668f651e""",SS,pressure_gradient_acceleration,1,0.0,1.2069851825584796,0.0,0.0,0.0,False,EVALUABLE,0.02167304886026826,EVALUABLE,EXPLORATORY_CONSUMED_DIAGNOSTIC_ONLY
field_lineage_id,"""HMSO01R_A|FIELD_LINEAGE|4389c621e60229f631c944081b4adc544d96927c12f624ff90ee3e85668f651e""",SS,viscosity_laplacian_acceleration,1,3.698931677186974e-05,9.735072544858224e-05,0.3799593336508458,0.2597566640640546,0.0,False,EVALUABLE,0.0004960346768170305,EVALUABLE,EXPLORATORY_CONSUMED_DIAGNOSTIC_ONLY
field_lineage_id,"""HMSO01R_A|FIELD_LINEAGE|4389c621e60229f631c944081b4adc544d96927c12f624ff90ee3e85668f651e""",MS,density_rate,1,2.0687618585572654e-06,0.01205287747213414,0.00017164049525436356,0.0001909440761462915,0.0,False,EVALUABLE,0.0011148345649324982,EVALUABLE,EXPLORATORY_CONSUMED_DIAGNOSTIC_ONLY
field_lineage_id,"""HMSO01R_A|FIELD_LINEAGE|4389c621e60229f631c944081b4adc544d96927c12f624ff90ee3e85668f651e""",MS,pressure_gradient_acceleration,1,0.0,1.2069851825584796,0.0,0.0,0.0,False,EVALUABLE,0.004559005619930967,EVALUABLE,EXPLORATORY_CONSUMED_DIAGNOSTIC_ONLY
field_lineage_id,"""HMSO01R_A|FIELD_LINEAGE|4389c621e60229f631c944081b4adc544d96927c12f624ff90ee3e85668f651e""",MS,viscosity_laplacian_acceleration,1,1.1472229038816622e-05,9.735072544858224e-05,0.1178443096952155,0.06937638189623628,0.0,False,EVALUABLE,8.611441833225166e-05,EVALUABLE,EXPLORATORY_CONSUMED_DIAGNOSTIC_ONLY
field_lineage_id,"""HMSO01R_A|FIELD_LINEAGE|440a69e5e6d8a6266c3153ff4cc4273aafca8ec71c677d3f24cfa0db89cae65c""",SS,density_rate,1,0.0,0.006973477427645073,0.0,0.0,0.0,False,EVALUABLE,0.0004609374504187913,EVALUABLE,EXPLORATORY_CONSUMED_DIAGNOSTIC_ONLY
field_lineage_id,"""HMSO01R_A|FIELD_LINEAGE|440a69e5e6d8a6266c3153ff4cc4273aafca8ec71c677d3f24cfa0db89cae65c""",SS,pressure_gradient_acceleration,1,1.5384028990016696,5.507771933867039,0.2793149239789869,0.8045502569647542,0.0,False,EVALUABLE,0.8792104647289392,EVALUABLE,EXPLORATORY_CONSUMED_DIAGNOSTIC_ONLY
field_lineage_id,"""HMSO01R_A|FIELD_LINEAGE|440a69e5e6d8a6266c3153ff4cc4273aafca8ec71c677d3f24cfa0db89cae65c""",SS,viscosity_laplacian_acceleration,1,0.0,9.941853375247454e-05,0.0,0.0,0.0,False,EVALUABLE,4.915498797386527e-05,EVALUABLE,EXPLORATORY_CONSUMED_DIAGNOSTIC_ONLY
field_lineage_id,"""HMSO01R_A|FIELD_LINEAGE|440a69e5e6d8a6266c3153ff4cc4273aafca8ec71c677d3f24cfa0db89cae65c""",MS,density_rate,1,0.0,0.006973477427645073,0.0,0.0,0.0,False,EVALUABLE,0.0002119413667332399,EVALUABLE,EXPLORATORY_CONSUMED_DIAGNOSTIC_ONLY
field_lineage_id,"""HMSO01R_A|FIELD_LINEAGE|440a69e5e6d8a6266c3153ff4cc4273aafca8ec71c677d3f24cfa0db89cae65c""",MS,pressure_gradient_acceleration,1,1.5384028990016696,5.507771933867039,0.2793149239789869,0.8045502569647542,0.0,False,EVALUABLE,0.1349097546799402,EVALUABLE,EXPLORATORY_CONSUMED_DIAGNOSTIC_ONLY
field_lineage_id,"""HMSO01R_A|FIELD_LINEAGE|440a69e5e6d8a6266c3153ff4cc4273aafca8ec71c677d3f24cfa0db89cae65c""",MS,viscosity_laplacian_acceleration,1,0.0,9.941853375247454e-05,0.0,0.0,0.0,False,EVALUABLE,3.4040204053976305e-05,EVALUABLE,EXPLORATORY_CONSUMED_DIAGNOSTIC_ONLY
field_lineage_id,"""HMSO01R_A|FIELD_LINEAGE|4666d705aea26a6f22073d7a13f6e76c36824d125314c031a782f73ac5ba6779""",SS,density_rate,2,0.003174064981002053,0.008958377251933656,0.3543124934057599,0.23389995130039506,0.0,False,EVALUABLE,0.043058687628209115,EVALUABLE,EXPLORATORY_CONSUMED_DIAGNOSTIC_ONLY
field_lineage_id,"""HMSO01R_A|FIELD_LINEAGE|4666d705aea26a6f22073d7a13f6e76c36824d125314c031a782f73ac5ba6779""",SS,pressure_gradient_acceleration,2,0.0,1.1713528651570515,0.0,0.0,0.0,False,EVALUABLE,0.006989275325040749,EVALUABLE,EXPLORATORY_CONSUMED_DIAGNOSTIC_ONLY
field_lineage_id,"""HMSO01R_A|FIELD_LINEAGE|4666d705aea26a6f22073d7a13f6e76c36824d125314c031a782f73ac5ba6779""",SS,viscosity_laplacian_acceleration,2,0.00014032400370716085,9.838197610224358e-05,1.4263182065110074,0.8163487230061646,0.0,False,EVALUABLE,0.002809621751913576,EVALUABLE,EXPLORATORY_CONSUMED_DIAGNOSTIC_ONLY
field_lineage_id,"""HMSO01R_A|FIELD_LINEAGE|4666d705aea26a6f22073d7a13f6e76c36824d125314c031a782f73ac5ba6779""",MS,density_rate,2,0.00031878759691781553,0.008958377251933656,0.03558541775509683,0.03545862571971492,0.0,False,EVALUABLE,0.01170770589219527,EVALUABLE,EXPLORATORY_CONSUMED_DIAGNOSTIC_ONLY
field_lineage_id,"""HMSO01R_A|FIELD_LINEAGE|4666d705aea26a6f22073d7a13f6e76c36824d125314c031a782f73ac5ba6779""",MS,pressure_gradient_acceleration,2,0.0,1.1713528651570515,0.0,0.0,0.0,False,EVALUABLE,0.003253922735009875,EVALUABLE,EXPLORATORY_CONSUMED_DIAGNOSTIC_ONLY
field_lineage_id,"""HMSO01R_A|FIELD_LINEAGE|4666d705aea26a6f22073d7a13f6e76c36824d125314c031a782f73ac5ba6779""",MS,viscosity_laplacian_acceleration,2,0.00012962762322068575,9.838197610224358e-05,1.3175952380339473,0.9930673784202696,0.0,False,EVALUABLE,0.0009484804352206906,EVALUABLE,EXPLORATORY_CONSUMED_DIAGNOSTIC_ONLY
field_lineage_id,"""HMSO01R_A|FIELD_LINEAGE|46ad1db2ba1a448aa8fcf8fea69b4b772861af80c9b661f505a8c591ffdfe68c""",SS,density_rate,1,5.04564957905014e-32,0.010098659992552318,4.996355539023263e-30,4.459533509682982e-30,0.0,False,EVALUABLE,0.0034922108647450823,EVALUABLE,EXPLORATORY_CONSUMED_DIAGNOSTIC_ONLY
field_lineage_id,"""HMSO01R_A|FIELD_LINEAGE|46ad1db2ba1a448aa8fcf8fea69b4b772861af80c9b661f505a8c591ffdfe68c""",SS,pressure_gradient_acceleration,1,0.0,1.0350048371053941,0.0,0.0,0.0,False,EVALUABLE,0.035380098693264625,EVALUABLE,EXPLORATORY_CONSUMED_DIAGNOSTIC_ONLY
field_lineage_id,"""HMSO01R_A|FIELD_LINEAGE|46ad1db2ba1a448aa8fcf8fea69b4b772861af80c9b661f505a8c591ffdfe68c""",SS,viscosity_laplacian_acceleration,1,2.221061122498777e-07,0.00013378476544988763,0.0016601749197898996,0.0013452116279519819,0.0,False,EVALUABLE,0.003022472367078749,EVALUABLE,EXPLORATORY_CONSUMED_DIAGNOSTIC_ONLY
field_lineage_id,"""HMSO01R_A|FIELD_LINEAGE|46ad1db2ba1a448aa8fcf8fea69b4b772861af80c9b661f505a8c591ffdfe68c""",MS,density_rate,1,7.011576618127957e-32,0.010098659992552318,6.943076233182363e-30,6.843926538066144e-30,0.0,False,EVALUABLE,0.0003662624370690989,EVALUABLE,EXPLORATORY_CONSUMED_DIAGNOSTIC_ONLY
field_lineage_id,"""HMSO01R_A|FIELD_LINEAGE|46ad1db2ba1a448aa8fcf8fea69b4b772861af80c9b661f505a8c591ffdfe68c""",MS,pressure_gradient_acceleration,1,0.0,1.0350048371053941,0.0,0.0,0.0,False,EVALUABLE,0.002583110066961262,EVALUABLE,EXPLORATORY_CONSUMED_DIAGNOSTIC_ONLY
field_lineage_id,"""HMSO01R_A|FIELD_LINEAGE|46ad1db2ba1a448aa8fcf8fea69b4b772861af80c9b661f505a8c591ffdfe68c""",MS,viscosity_laplacian_acceleration,1,2.7312035916402574e-07,0.00013378476544988763,0.0020414907351041377,0.0008260068999206045,0.0,False,EVALUABLE,0.00017004189636131805,EVALUABLE,EXPLORATORY_CONSUMED_DIAGNOSTIC_ONLY
field_lineage_id,"""HMSO01R_A|FIELD_LINEAGE|4729596698ed7c65dd5f082aea4dac27cd26c6550de18eb2382e9ca6f186b90b""",SS,density_rate,1,1.077319431268514e-13,0.007951866006062729,1.3548007856861964e-11,9.27572294244311e-12,0.0,False,EVALUABLE,0.0010976050247178918,EVALUABLE,EXPLORATORY_CONSUMED_DIAGNOSTIC_ONLY
field_lineage_id,"""HMSO01R_A|FIELD_LINEAGE|4729596698ed7c65dd5f082aea4dac27cd26c6550de18eb2382e9ca6f186b90b""",SS,pressure_gradient_acceleration,1,0.0,1.5761287254929048,0.0,0.0,0.0,False,EVALUABLE,0.00446368350758805,EVALUABLE,EXPLORATORY_CONSUMED_DIAGNOSTIC_ONLY
field_lineage_id,"""HMSO01R_A|FIELD_LINEAGE|4729596698ed7c65dd5f082aea4dac27cd26c6550de18eb2382e9ca6f186b90b""",SS,viscosity_laplacian_acceleration,1,3.934701638952696e-06,0.0002233055739751689,0.01762025716111424,0.021619630612305603,0.0,False,EVALUABLE,0.002503271078864652,EVALUABLE,EXPLORATORY_CONSUMED_DIAGNOSTIC_ONLY
field_lineage_id,"""HMSO01R_A|FIELD_LINEAGE|4729596698ed7c65dd5f082aea4dac27cd26c6550de18eb2382e9ca6f186b90b""",MS,density_rate,1,2.2216182930260575e-16,0.007951866006062729,2.793832656803111e-14,1.7861340394353426e-14,0.0,False,EVALUABLE,4.719171446077977e-09,EVALUABLE,EXPLORATORY_CONSUMED_DIAGNOSTIC_ONLY
field_lineage_id,"""HMSO01R_A|FIELD_LINEAGE|4729596698ed7c65dd5f082aea4dac27cd26c6550de18eb2382e9ca6f186b90b""",MS,pressure_gradient_acceleration,1,0.0,1.5761287254929048,0.0,0.0,0.0,False,EVALUABLE,0.0489973505845001,EVALUABLE,EXPLORATORY_CONSUMED_DIAGNOSTIC_ONLY
field_lineage_id,"""HMSO01R_A|FIELD_LINEAGE|4729596698ed7c65dd5f082aea4dac27cd26c6550de18eb2382e9ca6f186b90b""",MS,viscosity_laplacian_acceleration,1,9.738485994174503e-05,0.0002233055739751689,0.4361058177283743,0.5326382842327486,0.0,False,EVALUABLE,0.0005175151025504387,EVALUABLE,EXPLORATORY_CONSUMED_DIAGNOSTIC_ONLY
field_lineage_id,"""HMSO01R_A|FIELD_LINEAGE|475ead0c3c732d8046f08c0918482fe4219c4fa643d2e948ba96c0bc2f6d887d""",SS,density_rate,1,0.0,0.00767451210345914,0.0,0.0,0.0,False,EVALUABLE,0.00026909410982305505,EVALUABLE,EXPLORATORY_CONSUMED_DIAGNOSTIC_ONLY
field_lineage_id,"""HMSO01R_A|FIELD_LINEAGE|475ead0c3c732d8046f08c0918482fe4219c4fa643d2e948ba96c0bc2f6d887d""",SS,pressure_gradient_acceleration,1,0.09174749416192178,1.2422538814056323,0.07385567115967298,0.06797393357623228,0.0,False,EVALUABLE,0.24138962553995927,EVALUABLE,EXPLORATORY_CONSUMED_DIAGNOSTIC_ONLY
field_lineage_id,"""HMSO01R_A|FIELD_LINEAGE|475ead0c3c732d8046f08c0918482fe4219c4fa643d2e948ba96c0bc2f6d887d""",SS,viscosity_laplacian_acceleration,1,0.0,0.0001120461127390381,0.0,0.0,0.0,False,EVALUABLE,6.698693603311915e-05,EVALUABLE,EXPLORATORY_CONSUMED_DIAGNOSTIC_ONLY
field_lineage_id,"""HMSO01R_A|FIELD_LINEAGE|475ead0c3c732d8046f08c0918482fe4219c4fa643d2e948ba96c0bc2f6d887d""",MS,density_rate,1,0.0,0.00767451210345914,0.0,0.0,0.0,False,EVALUABLE,0.0,EVALUABLE,EXPLORATORY_CONSUMED_DIAGNOSTIC_ONLY
field_lineage_id,"""HMSO01R_A|FIELD_LINEAGE|475ead0c3c732d8046f08c0918482fe4219c4fa643d2e948ba96c0bc2f6d887d""",MS,pressure_gradient_acceleration,1,0.09174749416192178,1.2422538814056323,0.07385567115967298,0.06797393357623228,0.0,False,EVALUABLE,0.04941469163890808,EVALUABLE,EXPLORATORY_CONSUMED_DIAGNOSTIC_ONLY
field_lineage_id,"""HMSO01R_A|FIELD_LINEAGE|475ead0c3c732d8046f08c0918482fe4219c4fa643d2e948ba96c0bc2f6d887d""",MS,viscosity_laplacian_acceleration,1,0.0,0.0001120461127390381,0.0,0.0,0.0,False,EVALUABLE,0.0005603191268203416,EVALUABLE,EXPLORATORY_CONSUMED_DIAGNOSTIC_ONLY
field_lineage_id,"""HMSO01R_A|FIELD_LINEAGE|49aae8e0ac8e4584d3624cd5459480c917c8157571a4f7ac9660003550146055""",SS,density_rate,1,0.011142620888295911,0.009501372504315863,1.1727380316090685,0.1965675383269613,0.0,False,EVALUABLE,0.0590019630152037,EVALUABLE,EXPLORATORY_CONSUMED_DIAGNOSTIC_ONLY
field_lineage_id,"""HMSO01R_A|FIELD_LINEAGE|49aae8e0ac8e4584d3624cd5459480c917c8157571a4f7ac9660003550146055""",SS,pressure_gradient_acceleration,1,0.0,1.2461970160124203,0.0,0.0,0.0,False,EVALUABLE,0.004631398140430193,EVALUABLE,EXPLORATORY_CONSUMED_DIAGNOSTIC_ONLY
field_lineage_id,"""HMSO01R_A|FIELD_LINEAGE|49aae8e0ac8e4584d3624cd5459480c917c8157571a4f7ac9660003550146055""",SS,viscosity_laplacian_acceleration,1,7.584885848403028e-05,0.00017657505307482074,0.429555914967731,0.4736538409615595,0.0,False,EVALUABLE,0.0025539355515486785,EVALUABLE,EXPLORATORY_CONSUMED_DIAGNOSTIC_ONLY
field_lineage_id,"""HMSO01R_A|FIELD_LINEAGE|49aae8e0ac8e4584d3624cd5459480c917c8157571a4f7ac9660003550146055""",MS,density_rate,1,7.2855641216326e-05,0.009501372504315863,0.007667907050611095,0.004519860476062764,0.0,False,EVALUABLE,0.005876773738749497,EVALUABLE,EXPLORATORY_CONSUMED_DIAGNOSTIC_ONLY
field_lineage_id,"""HMSO01R_A|FIELD_LINEAGE|49aae8e0ac8e4584d3624cd5459480c917c8157571a4f7ac9660003550146055""",MS,pressure_gradient_acceleration,1,0.0,1.2461970160124203,0.0,0.0,0.0,False,EVALUABLE,0.04799232601766215,EVALUABLE,EXPLORATORY_CONSUMED_DIAGNOSTIC_ONLY
field_lineage_id,"""HMSO01R_A|FIELD_LINEAGE|49aae8e0ac8e4584d3624cd5459480c917c8157571a4f7ac9660003550146055""",MS,viscosity_laplacian_acceleration,1,6.729115349780688e-05,0.00017657505307482074,0.38109094306370317,0.5064179424298882,0.0,False,EVALUABLE,0.0005884418299122899,EVALUABLE,EXPLORATORY_CONSUMED_DIAGNOSTIC_ONLY
field_lineage_id,"""HMSO01R_A|FIELD_LINEAGE|4a864b01d23e69fbf80902fd3a728f366c9eb285ead51eb5724dfe25ca232031""",SS,density_rate,1,1.035214024681188e-16,0.009347589725001553,1.1074662615030593e-14,8.47155062408081e-15,0.0,False,EVALUABLE,0.00045035578550977603,EVALUABLE,EXPLORATORY_CONSUMED_DIAGNOSTIC_ONLY
field_lineage_id,"""HMSO01R_A|FIELD_LINEAGE|4a864b01d23e69fbf80902fd3a728f366c9eb285ead51eb5724dfe25ca232031""",SS,pressure_gradient_acceleration,1,0.0,1.2365062949278165,0.0,0.0,0.0,False,EVALUABLE,0.012581073066577981,EVALUABLE,EXPLORATORY_CONSUMED_DIAGNOSTIC_ONLY
field_lineage_id,"""HMSO01R_A|FIELD_LINEAGE|4a864b01d23e69fbf80902fd3a728f366c9eb285ead51eb5724dfe25ca232031""",SS,viscosity_laplacian_acceleration,1,0.00011528771375478628,0.0001228397956581173,0.9385208851669726,0.7677926516935493,0.0,False,EVALUABLE,0.0015051193596609816,EVALUABLE,EXPLORATORY_CONSUMED_DIAGNOSTIC_ONLY
field_lineage_id,"""HMSO01R_A|FIELD_LINEAGE|4a864b01d23e69fbf80902fd3a728f366c9eb285ead51eb5724dfe25ca232031""",MS,density_rate,1,1.7394698312991788e-15,0.009347589725001553,1.8608752442853816e-13,1.0319420796412788e-13,0.0,False,EVALUABLE,0.00018332485397585136,EVALUABLE,EXPLORATORY_CONSUMED_DIAGNOSTIC_ONLY
field_lineage_id,"""HMSO01R_A|FIELD_LINEAGE|4a864b01d23e69fbf80902fd3a728f366c9eb285ead51eb5724dfe25ca232031""",MS,pressure_gradient_acceleration,1,0.0,1.2365062949278165,0.0,0.0,0.0,False,EVALUABLE,0.0034380614168074692,EVALUABLE,EXPLORATORY_CONSUMED_DIAGNOSTIC_ONLY
field_lineage_id,"""HMSO01R_A|FIELD_LINEAGE|4a864b01d23e69fbf80902fd3a728f366c9eb285ead51eb5724dfe25ca232031""",MS,viscosity_laplacian_acceleration,1,0.00017527156841218235,0.0001228397956581173,1.4268305110177082,1.2361070724706877,0.0,False,EVALUABLE,0.00023144073616284452,EVALUABLE,EXPLORATORY_CONSUMED_DIAGNOSTIC_ONLY
field_lineage_id,"""HMSO01R_A|FIELD_LINEAGE|4c3bbd0a7d56407cf1ccc6d516e10bc822949b03124ef92a27e554a97f6ed1b2""",SS,density_rate,1,7.343091181101694e-15,0.007982659774254528,9.198802640674284e-13,5.247209014400913e-13,0.0,False,EVALUABLE,0.00104668554957296,EVALUABLE,EXPLORATORY_CONSUMED_DIAGNOSTIC_ONLY
field_lineage_id,"""HMSO01R_A|FIELD_LINEAGE|4c3bbd0a7d56407cf1ccc6d516e10bc822949b03124ef92a27e554a97f6ed1b2""",SS,pressure_gradient_acceleration,1,0.0,1.4435530686680162,0.0,0.0,0.0,False,EVALUABLE,0.0063551805847845205,EVALUABLE,EXPLORATORY_CONSUMED_DIAGNOSTIC_ONLY
field_lineage_id,"""HMSO01R_A|FIELD_LINEAGE|4c3bbd0a7d56407cf1ccc6d516e10bc822949b03124ef92a27e554a97f6ed1b2""",SS,viscosity_laplacian_acceleration,1,0.0007573501120157857,0.0005001252946249999,1.5143207515301864,1.4278779359930376,0.0,False,EVALUABLE,0.004628534772614878,EVALUABLE,EXPLORATORY_CONSUMED_DIAGNOSTIC_ONLY
field_lineage_id,"""HMSO01R_A|FIELD_LINEAGE|4c3bbd0a7d56407cf1ccc6d516e10bc822949b03124ef92a27e554a97f6ed1b2""",MS,density_rate,1,3.572909320006764e-14,0.007982659774254528,4.475838155510549e-12,2.2382740705431067e-12,0.0,False,EVALUABLE,0.0006272237107229973,EVALUABLE,EXPLORATORY_CONSUMED_DIAGNOSTIC_ONLY
field_lineage_id,"""HMSO01R_A|FIELD_LINEAGE|4c3bbd0a7d56407cf1ccc6d516e10bc822949b03124ef92a27e554a97f6ed1b2""",MS,pressure_gradient_acceleration,1,0.0,1.4435530686680162,0.0,0.0,0.0,False,EVALUABLE,0.0010578035080350964,EVALUABLE,EXPLORATORY_CONSUMED_DIAGNOSTIC_ONLY
field_lineage_id,"""HMSO01R_A|FIELD_LINEAGE|4c3bbd0a7d56407cf1ccc6d516e10bc822949b03124ef92a27e554a97f6ed1b2""",MS,viscosity_laplacian_acceleration,1,0.0009798847384516892,0.0005001252946249999,1.959278502772828,1.4420066672190668,0.0,False,EVALUABLE,0.0009969965718577298,EVALUABLE,EXPLORATORY_CONSUMED_DIAGNOSTIC_ONLY
field_lineage_id,"""HMSO01R_A|FIELD_LINEAGE|4cf69c455bf1f50d880646e37d5ce58645992adb18a995a52fdf89583dcd2384""",SS,density_rate,1,0.0,0.006499032801914311,0.0,0.0,0.0,False,EVALUABLE,0.00043038235247830814,EVALUABLE,EXPLORATORY_CONSUMED_DIAGNOSTIC_ONLY
field_lineage_id,"""HMSO01R_A|FIELD_LINEAGE|4cf69c455bf1f50d880646e37d5ce58645992adb18a995a52fdf89583dcd2384""",SS,pressure_gradient_acceleration,1,0.0358691524500123,0.608665453753138,0.05893081696823241,0.05826105611747782,0.0,False,EVALUABLE,0.14514939409580738,EVALUABLE,EXPLORATORY_CONSUMED_DIAGNOSTIC_ONLY
field_lineage_id,"""HMSO01R_A|FIELD_LINEAGE|4cf69c455bf1f50d880646e37d5ce58645992adb18a995a52fdf89583dcd2384""",SS,viscosity_laplacian_acceleration,1,0.0,0.00010178385311842718,0.0,0.0,0.0,False,EVALUABLE,5.338059628495062e-05,EVALUABLE,EXPLORATORY_CONSUMED_DIAGNOSTIC_ONLY
field_lineage_id,"""HMSO01R_A|FIELD_LINEAGE|4cf69c455bf1f50d880646e37d5ce58645992adb18a995a52fdf89583dcd2384""",MS,density_rate,1,0.0,0.006499032801914311,0.0,0.0,0.0,False,EVALUABLE,8.187403755405609e-05,EVALUABLE,EXPLORATORY_CONSUMED_DIAGNOSTIC_ONLY
field_lineage_id,"""HMSO01R_A|FIELD_LINEAGE|4cf69c455bf1f50d880646e37d5ce58645992adb18a995a52fdf89583dcd2384""",MS,pressure_gradient_acceleration,1,0.0358691524500123,0.608665453753138,0.05893081696823241,0.05826105611747782,0.0,False,EVALUABLE,0.026395045802892984,EVALUABLE,EXPLORATORY_CONSUMED_DIAGNOSTIC_ONLY
field_lineage_id,"""HMSO01R_A|FIELD_LINEAGE|4cf69c455bf1f50d880646e37d5ce58645992adb18a995a52fdf89583dcd2384""",MS,viscosity_laplacian_acceleration,1,0.0,0.00010178385311842718,0.0,0.0,0.0,False,EVALUABLE,1.786047441790844e-05,EVALUABLE,EXPLORATORY_CONSUMED_DIAGNOSTIC_ONLY
field_lineage_id,"""HMSO01R_A|FIELD_LINEAGE|51aa7e7dbbb5aa6496f5ed0b95d8e85438067333a238c5e41877a3cd9ace3175""",SS,density_rate,1,3.665353299010995e-33,0.007424010107266031,4.9371609764157495e-31,1.1214525170971146e-31,0.0,False,EVALUABLE,0.003498640719760629,EVALUABLE,EXPLORATORY_CONSUMED_DIAGNOSTIC_ONLY
field_lineage_id,"""HMSO01R_A|FIELD_LINEAGE|51aa7e7dbbb5aa6496f5ed0b95d8e85438067333a238c5e41877a3cd9ace3175""",SS,pressure_gradient_acceleration,1,0.0,1.436800110572492,0.0,0.0,0.0,False,EVALUABLE,0.036975302605893934,EVALUABLE,EXPLORATORY_CONSUMED_DIAGNOSTIC_ONLY
field_lineage_id,"""HMSO01R_A|FIELD_LINEAGE|51aa7e7dbbb5aa6496f5ed0b95d8e85438067333a238c5e41877a3cd9ace3175""",SS,viscosity_laplacian_acceleration,1,6.242428498940291e-07,8.921299142244727e-05,0.006997219126282549,0.0034492472871075915,0.0,False,EVALUABLE,0.0015125984702357067,EVALUABLE,EXPLORATORY_CONSUMED_DIAGNOSTIC_ONLY
field_lineage_id,"""HMSO01R_A|FIELD_LINEAGE|51aa7e7dbbb5aa6496f5ed0b95d8e85438067333a238c5e41877a3cd9ace3175""",MS,density_rate,1,8.338201104465987e-32,0.007424010107266031,1.123139783485103e-29,8.812750858364674e-30,0.0,False,EVALUABLE,0.0004078755710016795,EVALUABLE,EXPLORATORY_CONSUMED_DIAGNOSTIC_ONLY
field_lineage_id,"""HMSO01R_A|FIELD_LINEAGE|51aa7e7dbbb5aa6496f5ed0b95d8e85438067333a238c5e41877a3cd9ace3175""",MS,pressure_gradient_acceleration,1,0.0,1.436800110572492,0.0,0.0,0.0,False,EVALUABLE,0.0027607727673966387,EVALUABLE,EXPLORATORY_CONSUMED_DIAGNOSTIC_ONLY
field_lineage_id,"""HMSO01R_A|FIELD_LINEAGE|51aa7e7dbbb5aa6496f5ed0b95d8e85438067333a238c5e41877a3cd9ace3175""",MS,viscosity_laplacian_acceleration,1,4.910055022445339e-08,8.921299142244727e-05,0.0005503744403317809,0.000234857530511864,0.0,False,EVALUABLE,8.489646064082966e-05,EVALUABLE,EXPLORATORY_CONSUMED_DIAGNOSTIC_ONLY
field_lineage_id,"""HMSO01R_A|FIELD_LINEAGE|541d56dfe6d37f091e41084f899b04aeee2814cee915608e406b47dce85c3c8b""",SS,density_rate,2,1.2000304258056818e-15,0.004214727457966673,2.847231375631147e-13,3.054839588340752e-14,0.0,False,EVALUABLE,0.00048505767086417,EVALUABLE,EXPLORATORY_CONSUMED_DIAGNOSTIC_ONLY
field_lineage_id,"""HMSO01R_A|FIELD_LINEAGE|541d56dfe6d37f091e41084f899b04aeee2814cee915608e406b47dce85c3c8b""",SS,pressure_gradient_acceleration,2,0.0,1.2954920986725167,0.0,0.0,0.0,False,EVALUABLE,0.007619142011117121,EVALUABLE,EXPLORATORY_CONSUMED_DIAGNOSTIC_ONLY
field_lineage_id,"""HMSO01R_A|FIELD_LINEAGE|541d56dfe6d37f091e41084f899b04aeee2814cee915608e406b47dce85c3c8b""",SS,viscosity_laplacian_acceleration,2,0.00029429290916540364,0.00024915115693488065,1.1811821899037838,1.4388382955764825,0.0,False,EVALUABLE,0.0074357403932131215,EVALUABLE,EXPLORATORY_CONSUMED_DIAGNOSTIC_ONLY
field_lineage_id,"""HMSO01R_A|FIELD_LINEAGE|541d56dfe6d37f091e41084f899b04aeee2814cee915608e406b47dce85c3c8b""",MS,density_rate,2,4.100875650339528e-15,0.004214727457966673,9.729871483357856e-13,3.471100974848791e-13,0.0,False,EVALUABLE,4.879768305449839e-08,EVALUABLE,EXPLORATORY_CONSUMED_DIAGNOSTIC_ONLY
field_lineage_id,"""HMSO01R_A|FIELD_LINEAGE|541d56dfe6d37f091e41084f899b04aeee2814cee915608e406b47dce85c3c8b""",MS,pressure_gradient_acceleration,2,0.0,1.2954920986725167,0.0,0.0,0.0,False,EVALUABLE,0.0021362638779131864,EVALUABLE,EXPLORATORY_CONSUMED_DIAGNOSTIC_ONLY
field_lineage_id,"""HMSO01R_A|FIELD_LINEAGE|541d56dfe6d37f091e41084f899b04aeee2814cee915608e406b47dce85c3c8b""",MS,viscosity_laplacian_acceleration,2,0.0003139230410639051,0.00024915115693488065,1.2599702322311654,1.4324347621309987,0.0,False,EVALUABLE,0.0019813880655115456,EVALUABLE,EXPLORATORY_CONSUMED_DIAGNOSTIC_ONLY
field_lineage_id,"""HMSO01R_A|FIELD_LINEAGE|55cdcba2ab757796978976644840d2bce6b96e998f32047a71aff1f289ed6480""",SS,density_rate,1,0.0010881480197560411,0.011285652051476181,0.09641871065958565,0.06685845671129781,0.0,False,EVALUABLE,0.025710415670949265,EVALUABLE,EXPLORATORY_CONSUMED_DIAGNOSTIC_ONLY
field_lineage_id,"""HMSO01R_A|FIELD_LINEAGE|55cdcba2ab757796978976644840d2bce6b96e998f32047a71aff1f289ed6480""",SS,pressure_gradient_acceleration,1,0.0,1.3401001431339308,0.0,0.0,0.0,False,EVALUABLE,0.03623553859008995,EVALUABLE,EXPLORATORY_CONSUMED_DIAGNOSTIC_ONLY
field_lineage_id,"""HMSO01R_A|FIELD_LINEAGE|55cdcba2ab757796978976644840d2bce6b96e998f32047a71aff1f289ed6480""",SS,viscosity_laplacian_acceleration,1,6.632358756113817e-05,9.116650166556128e-05,0.7274995349107743,0.4657214946642495,0.0,False,EVALUABLE,0.0021488023664752763,EVALUABLE,EXPLORATORY_CONSUMED_DIAGNOSTIC_ONLY
field_lineage_id,"""HMSO01R_A|FIELD_LINEAGE|55cdcba2ab757796978976644840d2bce6b96e998f32047a71aff1f289ed6480""",MS,density_rate,1,1.631409308543013e-05,0.011285652051476181,0.0014455605233103233,0.0007814640640895773,0.0,False,EVALUABLE,0.0006234470730651133,EVALUABLE,EXPLORATORY_CONSUMED_DIAGNOSTIC_ONLY
field_lineage_id,"""HMSO01R_A|FIELD_LINEAGE|55cdcba2ab757796978976644840d2bce6b96e998f32047a71aff1f289ed6480""",MS,pressure_gradient_acceleration,1,0.0,1.3401001431339308,0.0,0.0,0.0,False,EVALUABLE,0.002667094800055444,EVALUABLE,EXPLORATORY_CONSUMED_DIAGNOSTIC_ONLY
field_lineage_id,"""HMSO01R_A|FIELD_LINEAGE|55cdcba2ab757796978976644840d2bce6b96e998f32047a71aff1f289ed6480""",MS,viscosity_laplacian_acceleration,1,1.3194227987364145e-05,9.116650166556128e-05,0.14472671152575714,0.10616155645466063,0.0,False,EVALUABLE,0.00020163386772726786,EVALUABLE,EXPLORATORY_CONSUMED_DIAGNOSTIC_ONLY
field_lineage_id,"""HMSO01R_A|FIELD_LINEAGE|56571c9b6d895bc0e855ce89225a188e41167fe16fc1aed7e4e19ab1ddaef9cb""",SS,density_rate,1,0.0,0.012738358710806037,0.0,0.0,0.0,False,EVALUABLE,0.0026864350206798576,EVALUABLE,EXPLORATORY_CONSUMED_DIAGNOSTIC_ONLY
field_lineage_id,"""HMSO01R_A|FIELD_LINEAGE|56571c9b6d895bc0e855ce89225a188e41167fe16fc1aed7e4e19ab1ddaef9cb""",SS,pressure_gradient_acceleration,1,0.9064840798006278,1.3165430675527294,0.688533555902319,0.15841694177714194,0.0,False,EVALUABLE,0.29364726881458286,EVALUABLE,EXPLORATORY_CONSUMED_DIAGNOSTIC_ONLY
field_lineage_id,"""HMSO01R_A|FIELD_LINEAGE|56571c9b6d895bc0e855ce89225a188e41167fe16fc1aed7e4e19ab1ddaef9cb""",SS,viscosity_laplacian_acceleration,1,0.0,0.00014533058419900871,0.0,0.0,0.0,False,EVALUABLE,6.0174823099173844e-05,EVALUABLE,EXPLORATORY_CONSUMED_DIAGNOSTIC_ONLY
field_lineage_id,"""HMSO01R_A|FIELD_LINEAGE|56571c9b6d895bc0e855ce89225a188e41167fe16fc1aed7e4e19ab1ddaef9cb""",MS,density_rate,1,0.0,0.012738358710806037,0.0,0.0,0.0,False,EVALUABLE,0.0012679457515192578,EVALUABLE,EXPLORATORY_CONSUMED_DIAGNOSTIC_ONLY
field_lineage_id,"""HMSO01R_A|FIELD_LINEAGE|56571c9b6d895bc0e855ce89225a188e41167fe16fc1aed7e4e19ab1ddaef9cb""",MS,pressure_gradient_acceleration,1,0.9064840798006278,1.3165430675527294,0.688533555902319,0.15841694177714194,0.0,False,EVALUABLE,0.1586735366144645,EVALUABLE,EXPLORATORY_CONSUMED_DIAGNOSTIC_ONLY
field_lineage_id,"""HMSO01R_A|FIELD_LINEAGE|56571c9b6d895bc0e855ce89225a188e41167fe16fc1aed7e4e19ab1ddaef9cb""",MS,viscosity_laplacian_acceleration,1,0.0,0.00014533058419900871,0.0,0.0,0.0,False,EVALUABLE,4.345742711078733e-05,EVALUABLE,EXPLORATORY_CONSUMED_DIAGNOSTIC_ONLY
field_lineage_id,"""HMSO01R_A|FIELD_LINEAGE|5717c014ee19e2404587fa3546273faef8d6d97d2a31a4b9e01b24770e476426""",SS,density_rate,1,1.5358086094483393e-14,0.009452275007965506,1.6248031380319566e-12,1.0141200949885806e-12,0.0,False,EVALUABLE,0.0007105087019108254,EVALUABLE,EXPLORATORY_CONSUMED_DIAGNOSTIC_ONLY
field_lineage_id,"""HMSO01R_A|FIELD_LINEAGE|5717c014ee19e2404587fa3546273faef8d6d97d2a31a4b9e01b24770e476426""",SS,pressure_gradient_acceleration,1,0.0,1.0112492355498484,0.0,0.0,0.0,False,EVALUABLE,0.0017529246448705648,EVALUABLE,EXPLORATORY_CONSUMED_DIAGNOSTIC_ONLY
field_lineage_id,"""HMSO01R_A|FIELD_LINEAGE|5717c014ee19e2404587fa3546273faef8d6d97d2a31a4b9e01b24770e476426""",SS,viscosity_laplacian_acceleration,1,8.207193189318392e-05,0.00012854791581010816,0.6384540066322127,0.5902272231972929,0.0,False,EVALUABLE,0.00051149501856236,EVALUABLE,EXPLORATORY_CONSUMED_DIAGNOSTIC_ONLY
field_lineage_id,"""HMSO01R_A|FIELD_LINEAGE|5717c014ee19e2404587fa3546273faef8d6d97d2a31a4b9e01b24770e476426""",MS,density_rate,1,9.559443775763814e-13,0.009452275007965506,1.0113378808496363e-10,8.364036033178321e-11,0.0,False,EVALUABLE,0.00016715456491381379,EVALUABLE,EXPLORATORY_CONSUMED_DIAGNOSTIC_ONLY
field_lineage_id,"""HMSO01R_A|FIELD_LINEAGE|5717c014ee19e2404587fa3546273faef8d6d97d2a31a4b9e01b24770e476426""",MS,pressure_gradient_acceleration,1,0.0,1.0112492355498484,0.0,0.0,0.0,False,EVALUABLE,0.003612871593251502,EVALUABLE,EXPLORATORY_CONSUMED_DIAGNOSTIC_ONLY
field_lineage_id,"""HMSO01R_A|FIELD_LINEAGE|5717c014ee19e2404587fa3546273faef8d6d97d2a31a4b9e01b24770e476426""",MS,viscosity_laplacian_acceleration,1,2.08687224043829e-05,0.00012854791581010816,0.162341973985874,0.1797782922722391,0.0,False,EVALUABLE,0.00022527526879064392,EVALUABLE,EXPLORATORY_CONSUMED_DIAGNOSTIC_ONLY
field_lineage_id,"""HMSO01R_A|FIELD_LINEAGE|5788e5f098ee24a0bfe3ef48cb7ba08a0bdbab2c319fd19eedc3c9eb4ac76f03""",SS,density_rate,1,0.0011014252242686623,0.008151292960967713,0.13512276267615614,0.12493689762081148,0.0,False,EVALUABLE,0.015924363052894564,EVALUABLE,EXPLORATORY_CONSUMED_DIAGNOSTIC_ONLY
field_lineage_id,"""HMSO01R_A|FIELD_LINEAGE|5788e5f098ee24a0bfe3ef48cb7ba08a0bdbab2c319fd19eedc3c9eb4ac76f03""",SS,pressure_gradient_acceleration,1,0.0,0.4288981198967099,0.0,0.0,0.0,False,EVALUABLE,0.00891706796418199,EVALUABLE,EXPLORATORY_CONSUMED_DIAGNOSTIC_ONLY
field_lineage_id,"""HMSO01R_A|FIELD_LINEAGE|5788e5f098ee24a0bfe3ef48cb7ba08a0bdbab2c319fd19eedc3c9eb4ac76f03""",SS,viscosity_laplacian_acceleration,1,2.7941549227320127e-05,0.00012376533011019443,0.22576232942167548,0.22226457948585787,0.0,False,EVALUABLE,0.002597720467584197,EVALUABLE,EXPLORATORY_CONSUMED_DIAGNOSTIC_ONLY
field_lineage_id,"""HMSO01R_A|FIELD_LINEAGE|5788e5f098ee24a0bfe3ef48cb7ba08a0bdbab2c319fd19eedc3c9eb4ac76f03""",MS,density_rate,1,2.3540261872955746e-05,0.008151292960967713,0.00288791753476139,0.002489092529925063,0.0,False,EVALUABLE,0.002261700345865145,EVALUABLE,EXPLORATORY_CONSUMED_DIAGNOSTIC_ONLY
field_lineage_id,"""HMSO01R_A|FIELD_LINEAGE|5788e5f098ee24a0bfe3ef48cb7ba08a0bdbab2c319fd19eedc3c9eb4ac76f03""",MS,pressure_gradient_acceleration,1,0.0,0.4288981198967099,0.0,0.0,0.0,False,EVALUABLE,0.0020786448807715505,EVALUABLE,EXPLORATORY_CONSUMED_DIAGNOSTIC_ONLY
field_lineage_id,"""HMSO01R_A|FIELD_LINEAGE|5788e5f098ee24a0bfe3ef48cb7ba08a0bdbab2c319fd19eedc3c9eb4ac76f03""",MS,viscosity_laplacian_acceleration,1,2.360697517018668e-05,0.00012376533011019443,0.190739806932751,0.18849956672160054,0.0,False,EVALUABLE,0.0002918361137961274,EVALUABLE,EXPLORATORY_CONSUMED_DIAGNOSTIC_ONLY
field_lineage_id,"""HMSO01R_A|FIELD_LINEAGE|5851badadb2dbcb7aa9bd12e7e1999f87fd380febbee831ba86fec2a8906fa0a""",SS,density_rate,2,0.0,0.004512900544849553,0.0,0.0,0.0,False,EVALUABLE,0.0003750368446046907,EVALUABLE,EXPLORATORY_CONSUMED_DIAGNOSTIC_ONLY
field_lineage_id,"""HMSO01R_A|FIELD_LINEAGE|5851badadb2dbcb7aa9bd12e7e1999f87fd380febbee831ba86fec2a8906fa0a""",SS,pressure_gradient_acceleration,2,2.825121455850262,2.6220363864141225,1.07745318504671,0.3326649008537087,0.0,False,EVALUABLE,0.7033286986471933,EVALUABLE,EXPLORATORY_CONSUMED_DIAGNOSTIC_ONLY
field_lineage_id,"""HMSO01R_A|FIELD_LINEAGE|5851badadb2dbcb7aa9bd12e7e1999f87fd380febbee831ba86fec2a8906fa0a""",SS,viscosity_laplacian_acceleration,2,0.0,6.667697846135591e-05,0.0,0.0,0.0,False,EVALUABLE,4.199920102680672e-05,EVALUABLE,EXPLORATORY_CONSUMED_DIAGNOSTIC_ONLY
field_lineage_id,"""HMSO01R_A|FIELD_LINEAGE|5851badadb2dbcb7aa9bd12e7e1999f87fd380febbee831ba86fec2a8906fa0a""",MS,density_rate,2,0.0,0.004512900544849553,0.0,0.0,0.0,False,EVALUABLE,0.0,EVALUABLE,EXPLORATORY_CONSUMED_DIAGNOSTIC_ONLY
field_lineage_id,"""HMSO01R_A|FIELD_LINEAGE|5851badadb2dbcb7aa9bd12e7e1999f87fd380febbee831ba86fec2a8906fa0a""",MS,pressure_gradient_acceleration,2,2.825121455850262,2.6220363864141225,1.07745318504671,0.3326649008537087,0.0,False,EVALUABLE,0.3769617311063267,EVALUABLE,EXPLORATORY_CONSUMED_DIAGNOSTIC_ONLY
field_lineage_id,"""HMSO01R_A|FIELD_LINEAGE|5851badadb2dbcb7aa9bd12e7e1999f87fd380febbee831ba86fec2a8906fa0a""",MS,viscosity_laplacian_acceleration,2,0.0,6.667697846135591e-05,0.0,0.0,0.0,False,EVALUABLE,7.911422186024205e-05,EVALUABLE,EXPLORATORY_CONSUMED_DIAGNOSTIC_ONLY
field_lineage_id,"""HMSO01R_A|FIELD_LINEAGE|5915fb95e293a089619d78d1366edf95fa145cc69452df6337d9252e862b1502""",SS,density_rate,1,1.7683877616187386e-16,0.00478468951350715,3.6959300214289566e-14,2.250482035040866e-14,0.0,False,EVALUABLE,0.00047136216173655743,EVALUABLE,EXPLORATORY_CONSUMED_DIAGNOSTIC_ONLY
field_lineage_id,"""HMSO01R_A|FIELD_LINEAGE|5915fb95e293a089619d78d1366edf95fa145cc69452df6337d9252e862b1502""",SS,pressure_gradient_acceleration,1,0.0,1.1401668136635388,0.0,0.0,0.0,False,EVALUABLE,0.0062283346894936075,EVALUABLE,EXPLORATORY_CONSUMED_DIAGNOSTIC_ONLY
field_lineage_id,"""HMSO01R_A|FIELD_LINEAGE|5915fb95e293a089619d78d1366edf95fa145cc69452df6337d9252e862b1502""",SS,viscosity_laplacian_acceleration,1,4.771260049449475e-05,9.29665408188357e-05,0.5132233605149675,0.4931217088391973,0.0,False,EVALUABLE,0.0009802706094741008,EVALUABLE,EXPLORATORY_CONSUMED_DIAGNOSTIC_ONLY
field_lineage_id,"""HMSO01R_A|FIELD_LINEAGE|5915fb95e293a089619d78d1366edf95fa145cc69452df6337d9252e862b1502""",MS,density_rate,1,7.250588727524169e-16,0.00478468951350715,1.5153728799028233e-13,1.1182385576299015e-13,0.0,False,EVALUABLE,8.672313404189311e-09,EVALUABLE,EXPLORATORY_CONSUMED_DIAGNOSTIC_ONLY
field_lineage_id,"""HMSO01R_A|FIELD_LINEAGE|5915fb95e293a089619d78d1366edf95fa145cc69452df6337d9252e862b1502""",MS,pressure_gradient_acceleration,1,0.0,1.1401668136635388,0.0,0.0,0.0,False,EVALUABLE,0.0017519595797883946,EVALUABLE,EXPLORATORY_CONSUMED_DIAGNOSTIC_ONLY
field_lineage_id,"""HMSO01R_A|FIELD_LINEAGE|5915fb95e293a089619d78d1366edf95fa145cc69452df6337d9252e862b1502""",MS,viscosity_laplacian_acceleration,1,4.290026381225922e-05,9.29665408188357e-05,0.46145918127532737,0.3400029470806903,0.0,False,EVALUABLE,0.00017222475608439237,EVALUABLE,EXPLORATORY_CONSUMED_DIAGNOSTIC_ONLY
field_lineage_id,"""HMSO01R_A|FIELD_LINEAGE|5932ef4f3ff2f79b2fa4005d45fb593b78f4308c6edd18917a8552256cdfcf19""",SS,density_rate,1,0.0,0.009115514537337333,0.0,0.0,0.0,False,EVALUABLE,0.0006650365500990541,EVALUABLE,EXPLORATORY_CONSUMED_DIAGNOSTIC_ONLY
field_lineage_id,"""HMSO01R_A|FIELD_LINEAGE|5932ef4f3ff2f79b2fa4005d45fb593b78f4308c6edd18917a8552256cdfcf19""",SS,pressure_gradient_acceleration,1,0.23451314127341866,1.1533431366721245,0.20333336525510246,0.003805891002870124,0.0,False,EVALUABLE,1.2959917992987346,EVALUABLE,EXPLORATORY_CONSUMED_DIAGNOSTIC_ONLY
field_lineage_id,"""HMSO01R_A|FIELD_LINEAGE|5932ef4f3ff2f79b2fa4005d45fb593b78f4308c6edd18917a8552256cdfcf19""",SS,viscosity_laplacian_acceleration,1,0.0,9.79667482341839e-05,0.0,0.0,0.0,False,EVALUABLE,5.198881338468852e-05,EVALUABLE,EXPLORATORY_CONSUMED_DIAGNOSTIC_ONLY
field_lineage_id,"""HMSO01R_A|FIELD_LINEAGE|5932ef4f3ff2f79b2fa4005d45fb593b78f4308c6edd18917a8552256cdfcf19""",MS,density_rate,1,0.0,0.009115514537337333,0.0,0.0,0.0,False,EVALUABLE,0.001261863814467037,EVALUABLE,EXPLORATORY_CONSUMED_DIAGNOSTIC_ONLY
field_lineage_id,"""HMSO01R_A|FIELD_LINEAGE|5932ef4f3ff2f79b2fa4005d45fb593b78f4308c6edd18917a8552256cdfcf19""",MS,pressure_gradient_acceleration,1,0.23311780624937495,1.1533431366721245,0.20212354748303002,0.003082529148563047,0.001953125,False,EVALUABLE,0.5717286428937768,EVALUABLE,EXPLORATORY_CONSUMED_DIAGNOSTIC_ONLY
field_lineage_id,"""HMSO01R_A|FIELD_LINEAGE|5932ef4f3ff2f79b2fa4005d45fb593b78f4308c6edd18917a8552256cdfcf19""",MS,viscosity_laplacian_acceleration,1,0.0,9.79667482341839e-05,0.0,0.0,0.002734375,False,EVALUABLE,7.94774790490154e-05,EVALUABLE,EXPLORATORY_CONSUMED_DIAGNOSTIC_ONLY
field_lineage_id,"""HMSO01R_A|FIELD_LINEAGE|59aef3f6a7aa33f774612e58955e925638af1b151b9e6b2d7127236b21c1a5a6""",SS,density_rate,1,0.0,0.0078091072577556216,0.0,0.0,0.0,False,EVALUABLE,0.0040772611630159345,EVALUABLE,EXPLORATORY_CONSUMED_DIAGNOSTIC_ONLY
field_lineage_id,"""HMSO01R_A|FIELD_LINEAGE|59aef3f6a7aa33f774612e58955e925638af1b151b9e6b2d7127236b21c1a5a6""",SS,pressure_gradient_acceleration,1,1.4584772183803563,5.260419718330626,0.27725491433660704,0.82449301640904,0.0,False,EVALUABLE,0.7933401427746409,EVALUABLE,EXPLORATORY_CONSUMED_DIAGNOSTIC_ONLY
field_lineage_id,"""HMSO01R_A|FIELD_LINEAGE|59aef3f6a7aa33f774612e58955e925638af1b151b9e6b2d7127236b21c1a5a6""",SS,viscosity_laplacian_acceleration,1,0.0,6.560227778265089e-05,0.0,0.0,0.0,False,EVALUABLE,0.00011090488034220569,EVALUABLE,EXPLORATORY_CONSUMED_DIAGNOSTIC_ONLY
field_lineage_id,"""HMSO01R_A|FIELD_LINEAGE|59aef3f6a7aa33f774612e58955e925638af1b151b9e6b2d7127236b21c1a5a6""",MS,density_rate,1,0.0,0.0078091072577556216,0.0,0.0,0.0,False,EVALUABLE,0.0014535562477345915,EVALUABLE,EXPLORATORY_CONSUMED_DIAGNOSTIC_ONLY
field_lineage_id,"""HMSO01R_A|FIELD_LINEAGE|59aef3f6a7aa33f774612e58955e925638af1b151b9e6b2d7127236b21c1a5a6""",MS,pressure_gradient_acceleration,1,1.4584772183803563,5.260419718330626,0.27725491433660704,0.82449301640904,0.0,False,EVALUABLE,0.10538113488679081,EVALUABLE,EXPLORATORY_CONSUMED_DIAGNOSTIC_ONLY
field_lineage_id,"""HMSO01R_A|FIELD_LINEAGE|59aef3f6a7aa33f774612e58955e925638af1b151b9e6b2d7127236b21c1a5a6""",MS,viscosity_laplacian_acceleration,1,0.0,6.560227778265089e-05,0.0,0.0,0.0,False,EVALUABLE,3.952268706608654e-05,EVALUABLE,EXPLORATORY_CONSUMED_DIAGNOSTIC_ONLY
field_lineage_id,"""HMSO01R_A|FIELD_LINEAGE|5a0dbac6ae904f5529ad460639c41b1b383ca8809b93f779bcc31cb0fd08d08b""",SS,density_rate,1,0.0,0.005895987798692422,0.0,0.0,0.0,False,EVALUABLE,0.0004369005114590404,EVALUABLE,EXPLORATORY_CONSUMED_DIAGNOSTIC_ONLY
field_lineage_id,"""HMSO01R_A|FIELD_LINEAGE|5a0dbac6ae904f5529ad460639c41b1b383ca8809b93f779bcc31cb0fd08d08b""",SS,pressure_gradient_acceleration,1,0.04344869665677673,0.9446883404795865,0.04599262507539713,0.028048110224896592,0.0,False,EVALUABLE,0.12254093669753131,EVALUABLE,EXPLORATORY_CONSUMED_DIAGNOSTIC_ONLY
field_lineage_id,"""HMSO01R_A|FIELD_LINEAGE|5a0dbac6ae904f5529ad460639c41b1b383ca8809b93f779bcc31cb0fd08d08b""",SS,viscosity_laplacian_acceleration,1,0.0,8.594109722817787e-05,0.0,0.0,0.0,False,EVALUABLE,6.892282657653843e-05,EVALUABLE,EXPLORATORY_CONSUMED_DIAGNOSTIC_ONLY
field_lineage_id,"""HMSO01R_A|FIELD_LINEAGE|5a0dbac6ae904f5529ad460639c41b1b383ca8809b93f779bcc31cb0fd08d08b""",MS,density_rate,1,0.0,0.005895987798692422,0.0,0.0,0.0,False,EVALUABLE,6.51398511013479e-05,EVALUABLE,EXPLORATORY_CONSUMED_DIAGNOSTIC_ONLY
field_lineage_id,"""HMSO01R_A|FIELD_LINEAGE|5a0dbac6ae904f5529ad460639c41b1b383ca8809b93f779bcc31cb0fd08d08b""",MS,pressure_gradient_acceleration,1,0.04344869665677673,0.9446883404795865,0.04599262507539713,0.028048110224896592,0.0,False,EVALUABLE,0.01509260878991155,EVALUABLE,EXPLORATORY_CONSUMED_DIAGNOSTIC_ONLY
field_lineage_id,"""HMSO01R_A|FIELD_LINEAGE|5a0dbac6ae904f5529ad460639c41b1b383ca8809b93f779bcc31cb0fd08d08b""",MS,viscosity_laplacian_acceleration,1,0.0,8.594109722817787e-05,0.0,0.0,0.0,False,EVALUABLE,1.8388862275451745e-05,EVALUABLE,EXPLORATORY_CONSUMED_DIAGNOSTIC_ONLY
field_lineage_id,"""HMSO01R_A|FIELD_LINEAGE|5c056a7425c54539d868f52b6ae68a4c578195d4f6b5cb7d636be4eab2c2df8c""",SS,density_rate,2,0.0,0.007704678231906624,0.0,0.0,0.0,False,EVALUABLE,0.0001996138265920896,EVALUABLE,EXPLORATORY_CONSUMED_DIAGNOSTIC_ONLY
field_lineage_id,"""HMSO01R_A|FIELD_LINEAGE|5c056a7425c54539d868f52b6ae68a4c578195d4f6b5cb7d636be4eab2c2df8c""",SS,pressure_gradient_acceleration,2,0.2676194708474163,1.1778456238717965,0.22721099049271123,0.12310367084311619,0.0,False,EVALUABLE,0.21193950316594876,EVALUABLE,EXPLORATORY_CONSUMED_DIAGNOSTIC_ONLY
field_lineage_id,"""HMSO01R_A|FIELD_LINEAGE|5c056a7425c54539d868f52b6ae68a4c578195d4f6b5cb7d636be4eab2c2df8c""",SS,viscosity_laplacian_acceleration,2,0.0,8.816149894576993e-05,0.0,0.0,0.0,False,EVALUABLE,6.332107083873233e-05,EVALUABLE,EXPLORATORY_CONSUMED_DIAGNOSTIC_ONLY
field_lineage_id,"""HMSO01R_A|FIELD_LINEAGE|5c056a7425c54539d868f52b6ae68a4c578195d4f6b5cb7d636be4eab2c2df8c""",MS,density_rate,2,0.0,0.007704678231906624,0.0,0.0,0.0,False,EVALUABLE,0.0004112177287388286,EVALUABLE,EXPLORATORY_CONSUMED_DIAGNOSTIC_ONLY
field_lineage_id,"""HMSO01R_A|FIELD_LINEAGE|5c056a7425c54539d868f52b6ae68a4c578195d4f6b5cb7d636be4eab2c2df8c""",MS,pressure_gradient_acceleration,2,0.2676194708474163,1.1778456238717965,0.22721099049271123,0.12310367084311619,0.0,False,EVALUABLE,0.034805756546901254,EVALUABLE,EXPLORATORY_CONSUMED_DIAGNOSTIC_ONLY
field_lineage_id,"""HMSO01R_A|FIELD_LINEAGE|5c056a7425c54539d868f52b6ae68a4c578195d4f6b5cb7d636be4eab2c2df8c""",MS,viscosity_laplacian_acceleration,2,0.0,8.816149894576993e-05,0.0,0.0,0.0,False,EVALUABLE,4.568970859495769e-05,EVALUABLE,EXPLORATORY_CONSUMED_DIAGNOSTIC_ONLY
field_lineage_id,"""HMSO01R_A|FIELD_LINEAGE|5c07d2280b8a6c46f1c42b9f7878f3f5c5e2174c9419aaf05f2bb6b52ab2f5f6""",SS,density_rate,2,0.0,0.009775916804953037,0.0,0.0,0.0,False,EVALUABLE,0.0005286102418716778,EVALUABLE,EXPLORATORY_CONSUMED_DIAGNOSTIC_ONLY
field_lineage_id,"""HMSO01R_A|FIELD_LINEAGE|5c07d2280b8a6c46f1c42b9f7878f3f5c5e2174c9419aaf05f2bb6b52ab2f5f6""",SS,pressure_gradient_acceleration,2,0.41494324037088914,1.6608227719129345,0.24984197434441352,0.16985495246397958,0.0,False,EVALUABLE,0.45217893049396674,EVALUABLE,EXPLORATORY_CONSUMED_DIAGNOSTIC_ONLY
field_lineage_id,"""HMSO01R_A|FIELD_LINEAGE|5c07d2280b8a6c46f1c42b9f7878f3f5c5e2174c9419aaf05f2bb6b52ab2f5f6""",SS,viscosity_laplacian_acceleration,2,0.0,9.427800804663608e-05,0.0,0.0,0.0,False,EVALUABLE,7.349388287018196e-05,EVALUABLE,EXPLORATORY_CONSUMED_DIAGNOSTIC_ONLY
field_lineage_id,"""HMSO01R_A|FIELD_LINEAGE|5c07d2280b8a6c46f1c42b9f7878f3f5c5e2174c9419aaf05f2bb6b52ab2f5f6""",MS,density_rate,2,0.0,0.009775916804953037,0.0,0.0,0.0,False,EVALUABLE,0.0001727022298851122,EVALUABLE,EXPLORATORY_CONSUMED_DIAGNOSTIC_ONLY
field_lineage_id,"""HMSO01R_A|FIELD_LINEAGE|5c07d2280b8a6c46f1c42b9f7878f3f5c5e2174c9419aaf05f2bb6b52ab2f5f6""",MS,pressure_gradient_acceleration,2,0.41494324037088914,1.6608227719129345,0.24984197434441352,0.16985495246397958,0.0,False,EVALUABLE,0.2292190099683966,EVALUABLE,EXPLORATORY_CONSUMED_DIAGNOSTIC_ONLY
field_lineage_id,"""HMSO01R_A|FIELD_LINEAGE|5c07d2280b8a6c46f1c42b9f7878f3f5c5e2174c9419aaf05f2bb6b52ab2f5f6""",MS,viscosity_laplacian_acceleration,2,0.0,9.427800804663608e-05,0.0,0.0,0.0,False,EVALUABLE,2.9542164266062842e-05,EVALUABLE,EXPLORATORY_CONSUMED_DIAGNOSTIC_ONLY
field_lineage_id,"""HMSO01R_A|FIELD_LINEAGE|5cf76bdd12cdf0612bba343b6cf1b9e46ef0764cc183560f7b16acacca9460f1""",SS,density_rate,1,0.0,0.004104337212374682,0.0,0.0,0.0,False,EVALUABLE,0.0002377634528407352,EVALUABLE,EXPLORATORY_CONSUMED_DIAGNOSTIC_ONLY
field_lineage_id,"""HMSO01R_A|FIELD_LINEAGE|5cf76bdd12cdf0612bba343b6cf1b9e46ef0764cc183560f7b16acacca9460f1""",SS,pressure_gradient_acceleration,1,0.19215462693805635,1.6820522043095107,0.11423820642768731,0.09374966453651853,0.0,False,EVALUABLE,0.2867052318317222,EVALUABLE,EXPLORATORY_CONSUMED_DIAGNOSTIC_ONLY
field_lineage_id,"""HMSO01R_A|FIELD_LINEAGE|5cf76bdd12cdf0612bba343b6cf1b9e46ef0764cc183560f7b16acacca9460f1""",SS,viscosity_laplacian_acceleration,1,0.0,7.859332363688443e-05,0.0,0.0,0.0,False,EVALUABLE,6.68571467034475e-05,EVALUABLE,EXPLORATORY_CONSUMED_DIAGNOSTIC_ONLY
field_lineage_id,"""HMSO01R_A|FIELD_LINEAGE|5cf76bdd12cdf0612bba343b6cf1b9e46ef0764cc183560f7b16acacca9460f1""",MS,density_rate,1,0.0,0.004104337212374682,0.0,0.0,0.0,False,EVALUABLE,0.0,EVALUABLE,EXPLORATORY_CONSUMED_DIAGNOSTIC_ONLY
field_lineage_id,"""HMSO01R_A|FIELD_LINEAGE|5cf76bdd12cdf0612bba343b6cf1b9e46ef0764cc183560f7b16acacca9460f1""",MS,pressure_gradient_acceleration,1,0.19215462693805635,1.6820522043095107,0.11423820642768731,0.09374966453651853,0.0,False,EVALUABLE,0.12202342534071675,EVALUABLE,EXPLORATORY_CONSUMED_DIAGNOSTIC_ONLY
field_lineage_id,"""HMSO01R_A|FIELD_LINEAGE|5cf76bdd12cdf0612bba343b6cf1b9e46ef0764cc183560f7b16acacca9460f1""",MS,viscosity_laplacian_acceleration,1,0.0,7.859332363688443e-05,0.0,0.0,0.0,False,EVALUABLE,6.146523850330903e-05,EVALUABLE,EXPLORATORY_CONSUMED_DIAGNOSTIC_ONLY
field_lineage_id,"""HMSO01R_A|FIELD_LINEAGE|5d84595c43a38b585d7953f18ac50da686f8debb482b1cca6058cffe84d274b6""",SS,density_rate,12,0.00483304278105464,0.007593124556397188,0.6365025023832666,0.5876895809188291,0.0,False,EVALUABLE,0.0028540221630436366,EVALUABLE,EXPLORATORY_CONSUMED_DIAGNOSTIC_ONLY
field_lineage_id,"""HMSO01R_A|FIELD_LINEAGE|5d84595c43a38b585d7953f18ac50da686f8debb482b1cca6058cffe84d274b6""",SS,pressure_gradient_acceleration,12,11.60555414298157,12.611351286977127,0.9202466792726506,2.0925478545366514,0.0,False,EVALUABLE,2.2725916729769624,EVALUABLE,EXPLORATORY_CONSUMED_DIAGNOSTIC_ONLY
field_lineage_id,"""HMSO01R_A|FIELD_LINEAGE|5d84595c43a38b585d7953f18ac50da686f8debb482b1cca6058cffe84d274b6""",SS,viscosity_laplacian_acceleration,12,8.628324731717003e-05,0.00011251885571602081,0.7668336721707767,0.7448951087821505,0.0,False,EVALUABLE,0.00043179195706448235,EVALUABLE,EXPLORATORY_CONSUMED_DIAGNOSTIC_ONLY
field_lineage_id,"""HMSO01R_A|FIELD_LINEAGE|5d84595c43a38b585d7953f18ac50da686f8debb482b1cca6058cffe84d274b6""",MS,density_rate,12,0.004838451641382095,0.007593124556397188,0.6372148389566074,0.588455338317046,0.0,False,EVALUABLE,0.0015458937828349442,EVALUABLE,EXPLORATORY_CONSUMED_DIAGNOSTIC_ONLY
field_lineage_id,"""HMSO01R_A|FIELD_LINEAGE|5d84595c43a38b585d7953f18ac50da686f8debb482b1cca6058cffe84d274b6""",MS,pressure_gradient_acceleration,12,11.60555414298157,12.611351286977127,0.9202466792726506,2.0925478545366514,0.0,False,EVALUABLE,1.5223315342183061,EVALUABLE,EXPLORATORY_CONSUMED_DIAGNOSTIC_ONLY
field_lineage_id,"""HMSO01R_A|FIELD_LINEAGE|5d84595c43a38b585d7953f18ac50da686f8debb482b1cca6058cffe84d274b6""",MS,viscosity_laplacian_acceleration,12,8.610010615109511e-05,0.00011251885571602081,0.765206023498832,0.7433610744922153,0.0,False,EVALUABLE,0.00028228437564296654,EVALUABLE,EXPLORATORY_CONSUMED_DIAGNOSTIC_ONLY
field_lineage_id,"""HMSO01R_A|FIELD_LINEAGE|5e2623db68536d2f4bee911245429597fdaee9006859890dec92aeaff707fe09""",SS,density_rate,2,0.002452286279177392,0.011070139659213244,0.22152261440861315,0.20162913283972955,0.0,False,EVALUABLE,0.021353485016757896,EVALUABLE,EXPLORATORY_CONSUMED_DIAGNOSTIC_ONLY
field_lineage_id,"""HMSO01R_A|FIELD_LINEAGE|5e2623db68536d2f4bee911245429597fdaee9006859890dec92aeaff707fe09""",SS,pressure_gradient_acceleration,2,0.0,1.2970398373137435,0.0,0.0,0.0,False,EVALUABLE,0.004111213954376227,EVALUABLE,EXPLORATORY_CONSUMED_DIAGNOSTIC_ONLY
field_lineage_id,"""HMSO01R_A|FIELD_LINEAGE|5e2623db68536d2f4bee911245429597fdaee9006859890dec92aeaff707fe09""",SS,viscosity_laplacian_acceleration,2,0.00014783430573051418,0.00016053623766608014,0.9208781012920813,0.7009899956477847,0.0,False,EVALUABLE,0.0015026524615787936,EVALUABLE,EXPLORATORY_CONSUMED_DIAGNOSTIC_ONLY
field_lineage_id,"""HMSO01R_A|FIELD_LINEAGE|5e2623db68536d2f4bee911245429597fdaee9006859890dec92aeaff707fe09""",MS,density_rate,2,0.00011240372250859921,0.011070139659213244,0.010153776372193281,0.010094845117523827,0.0,False,EVALUABLE,0.0031772495943296697,EVALUABLE,EXPLORATORY_CONSUMED_DIAGNOSTIC_ONLY
field_lineage_id,"""HMSO01R_A|FIELD_LINEAGE|5e2623db68536d2f4bee911245429597fdaee9006859890dec92aeaff707fe09""",MS,pressure_gradient_acceleration,2,0.0,1.2970398373137435,0.0,0.0,0.0,False,EVALUABLE,0.002962326339447935,EVALUABLE,EXPLORATORY_CONSUMED_DIAGNOSTIC_ONLY
field_lineage_id,"""HMSO01R_A|FIELD_LINEAGE|5e2623db68536d2f4bee911245429597fdaee9006859890dec92aeaff707fe09""",MS,viscosity_laplacian_acceleration,2,0.0003306967030831675,0.00016053623766608014,2.059950500216816,0.9961561354313846,0.0,False,EVALUABLE,0.0003067452634170054,EVALUABLE,EXPLORATORY_CONSUMED_DIAGNOSTIC_ONLY
field_lineage_id,"""HMSO01R_A|FIELD_LINEAGE|61b0a8ee57598b36eed2786a9e3e1cafd7d1e5cb7b5052c92f6d5c1826bc6619""",SS,density_rate,2,0.0010899463960886524,0.00962131431643076,0.11328456385914977,0.10988024007554477,0.0,False,EVALUABLE,0.009792431487354333,EVALUABLE,EXPLORATORY_CONSUMED_DIAGNOSTIC_ONLY
field_lineage_id,"""HMSO01R_A|FIELD_LINEAGE|61b0a8ee57598b36eed2786a9e3e1cafd7d1e5cb7b5052c92f6d5c1826bc6619""",SS,pressure_gradient_acceleration,2,0.0,1.2386161624845067,0.0,0.0,0.0,False,EVALUABLE,0.004096619283498525,EVALUABLE,EXPLORATORY_CONSUMED_DIAGNOSTIC_ONLY
field_lineage_id,"""HMSO01R_A|FIELD_LINEAGE|61b0a8ee57598b36eed2786a9e3e1cafd7d1e5cb7b5052c92f6d5c1826bc6619""",SS,viscosity_laplacian_acceleration,2,5.190145448116527e-05,0.000131403533838112,0.3949776156332858,0.2808567600486636,0.0,False,EVALUABLE,0.0007056842140025542,EVALUABLE,EXPLORATORY_CONSUMED_DIAGNOSTIC_ONLY
field_lineage_id,"""HMSO01R_A|FIELD_LINEAGE|61b0a8ee57598b36eed2786a9e3e1cafd7d1e5cb7b5052c92f6d5c1826bc6619""",MS,density_rate,2,1.940001264470107e-05,0.00962131431643076,0.002016357849526938,0.0021096590404816556,0.0,False,EVALUABLE,0.002750649608386169,EVALUABLE,EXPLORATORY_CONSUMED_DIAGNOSTIC_ONLY
field_lineage_id,"""HMSO01R_A|FIELD_LINEAGE|61b0a8ee57598b36eed2786a9e3e1cafd7d1e5cb7b5052c92f6d5c1826bc6619""",MS,pressure_gradient_acceleration,2,0.0,1.2386161624845067,0.0,0.0,0.0,False,EVALUABLE,0.0030239730757189633,EVALUABLE,EXPLORATORY_CONSUMED_DIAGNOSTIC_ONLY
field_lineage_id,"""HMSO01R_A|FIELD_LINEAGE|61b0a8ee57598b36eed2786a9e3e1cafd7d1e5cb7b5052c92f6d5c1826bc6619""",MS,viscosity_laplacian_acceleration,2,3.782344115880975e-05,0.000131403533838112,0.287841887155089,0.20217236315104398,0.0,False,EVALUABLE,0.00018801875562380482,EVALUABLE,EXPLORATORY_CONSUMED_DIAGNOSTIC_ONLY
field_lineage_id,"""HMSO01R_A|FIELD_LINEAGE|61d4f5ea89fdb94c7fd8a7150c89f5910fdf9e6c5a71383e850b5a750c8fcf55""",SS,density_rate,2,0.012059028606042185,0.11108173907552918,0.10855995509615438,0.9649330444137942,0.0,False,EVALUABLE,0.15704724445122906,EVALUABLE,EXPLORATORY_CONSUMED_DIAGNOSTIC_ONLY
field_lineage_id,"""HMSO01R_A|FIELD_LINEAGE|61d4f5ea89fdb94c7fd8a7150c89f5910fdf9e6c5a71383e850b5a750c8fcf55""",SS,pressure_gradient_acceleration,2,0.0,0.9430045367911358,0.0,0.0,0.0,False,EVALUABLE,0.00792413398154169,EVALUABLE,EXPLORATORY_CONSUMED_DIAGNOSTIC_ONLY
field_lineage_id,"""HMSO01R_A|FIELD_LINEAGE|61d4f5ea89fdb94c7fd8a7150c89f5910fdf9e6c5a71383e850b5a750c8fcf55""",SS,viscosity_laplacian_acceleration,2,0.0004747081806326823,0.0005724152215833449,0.8293074026221781,1.2066281772572771,0.0,False,EVALUABLE,0.004094564956051911,EVALUABLE,EXPLORATORY_CONSUMED_DIAGNOSTIC_ONLY
field_lineage_id,"""HMSO01R_A|FIELD_LINEAGE|61d4f5ea89fdb94c7fd8a7150c89f5910fdf9e6c5a71383e850b5a750c8fcf55""",MS,density_rate,2,0.00046885668264346473,0.11108173907552918,0.004220825912031043,0.04384175073866408,0.0,False,EVALUABLE,0.015288747464138584,EVALUABLE,EXPLORATORY_CONSUMED_DIAGNOSTIC_ONLY
field_lineage_id,"""HMSO01R_A|FIELD_LINEAGE|61d4f5ea89fdb94c7fd8a7150c89f5910fdf9e6c5a71383e850b5a750c8fcf55""",MS,pressure_gradient_acceleration,2,0.0,0.9430045367911358,0.0,0.0,0.0,False,EVALUABLE,0.0029363478236073774,EVALUABLE,EXPLORATORY_CONSUMED_DIAGNOSTIC_ONLY
field_lineage_id,"""HMSO01R_A|FIELD_LINEAGE|61d4f5ea89fdb94c7fd8a7150c89f5910fdf9e6c5a71383e850b5a750c8fcf55""",MS,viscosity_laplacian_acceleration,2,0.00018098374977345853,0.0005724152215833449,0.3161756412990616,0.933497118000095,0.0,False,EVALUABLE,0.001074224732601968,EVALUABLE,EXPLORATORY_CONSUMED_DIAGNOSTIC_ONLY
field_lineage_id,"""HMSO01R_A|FIELD_LINEAGE|6260b45ec31956360cb50305f8ad9fa70be57f53fb24bc0523fc70aeb48f57ae""",SS,density_rate,1,0.008793470699412796,0.023893238249309834,0.3680317672999724,0.46759929188845756,0.0,False,EVALUABLE,0.14131848111339046,EVALUABLE,EXPLORATORY_CONSUMED_DIAGNOSTIC_ONLY
field_lineage_id,"""HMSO01R_A|FIELD_LINEAGE|6260b45ec31956360cb50305f8ad9fa70be57f53fb24bc0523fc70aeb48f57ae""",SS,pressure_gradient_acceleration,1,0.0,1.378117876492584,0.0,0.0,0.0,False,EVALUABLE,0.030010507935530555,EVALUABLE,EXPLORATORY_CONSUMED_DIAGNOSTIC_ONLY
field_lineage_id,"""HMSO01R_A|FIELD_LINEAGE|6260b45ec31956360cb50305f8ad9fa70be57f53fb24bc0523fc70aeb48f57ae""",SS,viscosity_laplacian_acceleration,1,0.00013967456162428024,0.0001923303714214138,0.7262220760663963,0.3469669685299409,0.0,False,EVALUABLE,0.005475613519976473,EVALUABLE,EXPLORATORY_CONSUMED_DIAGNOSTIC_ONLY
field_lineage_id,"""HMSO01R_A|FIELD_LINEAGE|6260b45ec31956360cb50305f8ad9fa70be57f53fb24bc0523fc70aeb48f57ae""",MS,density_rate,1,0.0007528702712461177,0.023893238249309834,0.03150976286221332,0.016283029183329162,0.0,False,EVALUABLE,0.011366744011476353,EVALUABLE,EXPLORATORY_CONSUMED_DIAGNOSTIC_ONLY
field_lineage_id,"""HMSO01R_A|FIELD_LINEAGE|6260b45ec31956360cb50305f8ad9fa70be57f53fb24bc0523fc70aeb48f57ae""",MS,pressure_gradient_acceleration,1,0.0,1.378117876492584,0.0,0.0,0.0,False,EVALUABLE,0.0025643366776234773,EVALUABLE,EXPLORATORY_CONSUMED_DIAGNOSTIC_ONLY
field_lineage_id,"""HMSO01R_A|FIELD_LINEAGE|6260b45ec31956360cb50305f8ad9fa70be57f53fb24bc0523fc70aeb48f57ae""",MS,viscosity_laplacian_acceleration,1,0.00021114696307142767,0.0001923303714214138,1.0978347387932037,0.37813483634510237,0.0,False,EVALUABLE,0.0018064652519259765,EVALUABLE,EXPLORATORY_CONSUMED_DIAGNOSTIC_ONLY
field_lineage_id,"""HMSO01R_A|FIELD_LINEAGE|6359faeb0765247f7e12d6c9e8bbc8898fa74fca5c76c863a6009dffddbcb32e""",SS,density_rate,12,0.0238837513528863,0.017260251424003767,1.3837429575140057,0.6825592217825931,0.0,False,EVALUABLE,0.14241733543103396,EVALUABLE,EXPLORATORY_CONSUMED_DIAGNOSTIC_ONLY
field_lineage_id,"""HMSO01R_A|FIELD_LINEAGE|6359faeb0765247f7e12d6c9e8bbc8898fa74fca5c76c863a6009dffddbcb32e""",SS,pressure_gradient_acceleration,12,0.0,1.1767623618765823,0.0,0.0,0.0,False,EVALUABLE,0.06969159827807145,EVALUABLE,EXPLORATORY_CONSUMED_DIAGNOSTIC_ONLY
field_lineage_id,"""HMSO01R_A|FIELD_LINEAGE|6359faeb0765247f7e12d6c9e8bbc8898fa74fca5c76c863a6009dffddbcb32e""",SS,viscosity_laplacian_acceleration,12,0.0004111953056368321,0.0002387376344253074,1.7223732095137294,0.9781018356153529,0.0,False,EVALUABLE,0.014123649967838972,EVALUABLE,EXPLORATORY_CONSUMED_DIAGNOSTIC_ONLY
field_lineage_id,"""HMSO01R_A|FIELD_LINEAGE|6359faeb0765247f7e12d6c9e8bbc8898fa74fca5c76c863a6009dffddbcb32e""",MS,density_rate,12,0.00105982706515253,0.017260251424003767,0.061402759387307215,0.0127812910068606,0.0,False,EVALUABLE,0.05573706844917083,EVALUABLE,EXPLORATORY_CONSUMED_DIAGNOSTIC_ONLY
field_lineage_id,"""HMSO01R_A|FIELD_LINEAGE|6359faeb0765247f7e12d6c9e8bbc8898fa74fca5c76c863a6009dffddbcb32e""",MS,pressure_gradient_acceleration,12,0.0,1.1767623618765823,0.0,0.0,0.0,False,EVALUABLE,0.03871095427552768,EVALUABLE,EXPLORATORY_CONSUMED_DIAGNOSTIC_ONLY
field_lineage_id,"""HMSO01R_A|FIELD_LINEAGE|6359faeb0765247f7e12d6c9e8bbc8898fa74fca5c76c863a6009dffddbcb32e""",MS,viscosity_laplacian_acceleration,12,0.00017357735868360797,0.0002387376344253074,0.7270632428835355,0.2433510640857607,0.0,False,EVALUABLE,0.00997352825291137,EVALUABLE,EXPLORATORY_CONSUMED_DIAGNOSTIC_ONLY
field_lineage_id,"""HMSO01R_A|FIELD_LINEAGE|64cf1977fe8b52c7e0fc1798d4810be4243b09c0886573ce42439c1eaf431667""",SS,density_rate,2,7.52316384526264e-37,0.010735684292875334,7.007623957659912e-35,7.288665448591071e-35,0.0,False,EVALUABLE,0.0026805909809915563,EVALUABLE,EXPLORATORY_CONSUMED_DIAGNOSTIC_ONLY
field_lineage_id,"""HMSO01R_A|FIELD_LINEAGE|64cf1977fe8b52c7e0fc1798d4810be4243b09c0886573ce42439c1eaf431667""",SS,pressure_gradient_acceleration,2,0.11844875708630817,1.3221236692085836,0.08958977124826076,0.0584507104478032,0.0,False,EVALUABLE,0.2165589033119603,EVALUABLE,EXPLORATORY_CONSUMED_DIAGNOSTIC_ONLY
field_lineage_id,"""HMSO01R_A|FIELD_LINEAGE|64cf1977fe8b52c7e0fc1798d4810be4243b09c0886573ce42439c1eaf431667""",SS,viscosity_laplacian_acceleration,2,4.0942799695408894e-10,0.00013161537941014156,3.1107914499735176e-06,3.316950839091681e-06,0.0,False,EVALUABLE,6.89219469536242e-05,EVALUABLE,EXPLORATORY_CONSUMED_DIAGNOSTIC_ONLY
field_lineage_id,"""HMSO01R_A|FIELD_LINEAGE|64cf1977fe8b52c7e0fc1798d4810be4243b09c0886573ce42439c1eaf431667""",MS,density_rate,2,7.52316384526264e-37,0.010735684292875334,7.007623957659912e-35,7.288665448591071e-35,0.0,False,EVALUABLE,0.0007067557363065832,EVALUABLE,EXPLORATORY_CONSUMED_DIAGNOSTIC_ONLY
field_lineage_id,"""HMSO01R_A|FIELD_LINEAGE|64cf1977fe8b52c7e0fc1798d4810be4243b09c0886573ce42439c1eaf431667""",MS,pressure_gradient_acceleration,2,0.11844875708630817,1.3221236692085836,0.08958977124826076,0.0584507104478032,0.0,False,EVALUABLE,0.10748812973805848,EVALUABLE,EXPLORATORY_CONSUMED_DIAGNOSTIC_ONLY
field_lineage_id,"""HMSO01R_A|FIELD_LINEAGE|64cf1977fe8b52c7e0fc1798d4810be4243b09c0886573ce42439c1eaf431667""",MS,viscosity_laplacian_acceleration,2,4.0942799695408894e-10,0.00013161537941014156,3.1107914499735176e-06,3.316950839091681e-06,0.0,False,EVALUABLE,1.848096898480516e-05,EVALUABLE,EXPLORATORY_CONSUMED_DIAGNOSTIC_ONLY
field_lineage_id,"""HMSO01R_A|FIELD_LINEAGE|66e31e43c39c0807b2398e5067c9aaab318a50b596f04344988d8e71103f4693""",SS,density_rate,1,0.0018942019753829514,0.007985246684106212,0.23721270617138976,0.1179257123166775,0.0,False,EVALUABLE,0.03329451267966707,EVALUABLE,EXPLORATORY_CONSUMED_DIAGNOSTIC_ONLY
field_lineage_id,"""HMSO01R_A|FIELD_LINEAGE|66e31e43c39c0807b2398e5067c9aaab318a50b596f04344988d8e71103f4693""",SS,pressure_gradient_acceleration,1,0.0,1.0067342930583179,0.0,0.0,0.0,False,EVALUABLE,0.00579268943983764,EVALUABLE,EXPLORATORY_CONSUMED_DIAGNOSTIC_ONLY
field_lineage_id,"""HMSO01R_A|FIELD_LINEAGE|66e31e43c39c0807b2398e5067c9aaab318a50b596f04344988d8e71103f4693""",SS,viscosity_laplacian_acceleration,1,3.169889416182864e-05,0.000101129519998153,0.3134484783711776,0.28600354302496417,0.0,False,EVALUABLE,0.0013934804004515505,EVALUABLE,EXPLORATORY_CONSUMED_DIAGNOSTIC_ONLY
field_lineage_id,"""HMSO01R_A|FIELD_LINEAGE|66e31e43c39c0807b2398e5067c9aaab318a50b596f04344988d8e71103f4693""",MS,density_rate,1,1.8938359793771783e-05,0.007985246684106212,0.002371668721451847,0.0013474665887669025,0.0,False,EVALUABLE,0.0004297802220780531,EVALUABLE,EXPLORATORY_CONSUMED_DIAGNOSTIC_ONLY
field_lineage_id,"""HMSO01R_A|FIELD_LINEAGE|66e31e43c39c0807b2398e5067c9aaab318a50b596f04344988d8e71103f4693""",MS,pressure_gradient_acceleration,1,0.0,1.0067342930583179,0.0,0.0,0.0,False,EVALUABLE,0.0020057454751299243,EVALUABLE,EXPLORATORY_CONSUMED_DIAGNOSTIC_ONLY
field_lineage_id,"""HMSO01R_A|FIELD_LINEAGE|66e31e43c39c0807b2398e5067c9aaab318a50b596f04344988d8e71103f4693""",MS,viscosity_laplacian_acceleration,1,1.5262646945509493e-05,0.000101129519998153,0.150921777793351,0.14250011382637257,0.0,False,EVALUABLE,0.00038380039406854494,EVALUABLE,EXPLORATORY_CONSUMED_DIAGNOSTIC_ONLY
field_lineage_id,"""HMSO01R_A|FIELD_LINEAGE|6918def6b8a6923e67fc2a25f9ee5a59a177f2b6c9bf8dfd922cd28ef3b4c287""",SS,density_rate,2,0.007612397621886009,0.024449234561376338,0.3113552533833386,0.4226759169157543,0.0,False,EVALUABLE,0.05711821481812065,EVALUABLE,EXPLORATORY_CONSUMED_DIAGNOSTIC_ONLY
field_lineage_id,"""HMSO01R_A|FIELD_LINEAGE|6918def6b8a6923e67fc2a25f9ee5a59a177f2b6c9bf8dfd922cd28ef3b4c287""",SS,pressure_gradient_acceleration,2,0.0,0.5524365593875837,0.0,0.0,0.0,False,EVALUABLE,0.005285706612757103,EVALUABLE,EXPLORATORY_CONSUMED_DIAGNOSTIC_ONLY
field_lineage_id,"""HMSO01R_A|FIELD_LINEAGE|6918def6b8a6923e67fc2a25f9ee5a59a177f2b6c9bf8dfd922cd28ef3b4c287""",SS,viscosity_laplacian_acceleration,2,0.0001669775207407561,0.00016450021451100638,1.01505959270092,0.6507317805713362,0.0,False,EVALUABLE,0.004582888890191813,EVALUABLE,EXPLORATORY_CONSUMED_DIAGNOSTIC_ONLY
field_lineage_id,"""HMSO01R_A|FIELD_LINEAGE|6918def6b8a6923e67fc2a25f9ee5a59a177f2b6c9bf8dfd922cd28ef3b4c287""",MS,density_rate,2,0.0006456584149483817,0.024449234561376338,0.026408123875107326,0.0515690667074427,0.0,False,EVALUABLE,0.011589346095264026,EVALUABLE,EXPLORATORY_CONSUMED_DIAGNOSTIC_ONLY
field_lineage_id,"""HMSO01R_A|FIELD_LINEAGE|6918def6b8a6923e67fc2a25f9ee5a59a177f2b6c9bf8dfd922cd28ef3b4c287""",MS,pressure_gradient_acceleration,2,0.0,0.5524365593875837,0.0,0.0,0.0,False,EVALUABLE,0.0019538477786343344,EVALUABLE,EXPLORATORY_CONSUMED_DIAGNOSTIC_ONLY
field_lineage_id,"""HMSO01R_A|FIELD_LINEAGE|6918def6b8a6923e67fc2a25f9ee5a59a177f2b6c9bf8dfd922cd28ef3b4c287""",MS,viscosity_laplacian_acceleration,2,0.0002035823218800221,0.00016450021451100638,1.237580890001823,0.8509135065163138,0.0,False,EVALUABLE,0.0009156625653630646,EVALUABLE,EXPLORATORY_CONSUMED_DIAGNOSTIC_ONLY
field_lineage_id,"""HMSO01R_A|FIELD_LINEAGE|6aba5ce17b9c02240405669069c0b485de9d3ce1714e3e85b0411d61ec7beb5e""",SS,density_rate,1,3.997984823314717e-34,0.00924159569849882,4.326076311652694e-32,2.530128732179451e-32,0.0,False,EVALUABLE,6.629059569351818e-05,EVALUABLE,EXPLORATORY_CONSUMED_DIAGNOSTIC_ONLY
field_lineage_id,"""HMSO01R_A|FIELD_LINEAGE|6aba5ce17b9c02240405669069c0b485de9d3ce1714e3e85b0411d61ec7beb5e""",SS,pressure_gradient_acceleration,1,0.0,0.5192462928132224,0.0,0.0,0.0,False,EVALUABLE,0.0016356245738486264,EVALUABLE,EXPLORATORY_CONSUMED_DIAGNOSTIC_ONLY
field_lineage_id,"""HMSO01R_A|FIELD_LINEAGE|6aba5ce17b9c02240405669069c0b485de9d3ce1714e3e85b0411d61ec7beb5e""",SS,viscosity_laplacian_acceleration,1,5.8359434222146445e-09,0.00010988028463884431,5.311183385988019e-05,4.5725944124718563e-05,0.0,False,EVALUABLE,0.0005389227688171659,EVALUABLE,EXPLORATORY_CONSUMED_DIAGNOSTIC_ONLY
field_lineage_id,"""HMSO01R_A|FIELD_LINEAGE|6aba5ce17b9c02240405669069c0b485de9d3ce1714e3e85b0411d61ec7beb5e""",MS,density_rate,1,2.97582597502457e-34,0.00924159569849882,3.220034799301981e-32,1.504676182947468e-32,0.0,False,EVALUABLE,0.00010853196258570755,EVALUABLE,EXPLORATORY_CONSUMED_DIAGNOSTIC_ONLY
field_lineage_id,"""HMSO01R_A|FIELD_LINEAGE|6aba5ce17b9c02240405669069c0b485de9d3ce1714e3e85b0411d61ec7beb5e""",MS,pressure_gradient_acceleration,1,0.0,0.5192462928132224,0.0,0.0,0.000390625,False,EVALUABLE,0.0006229167898055102,EVALUABLE,EXPLORATORY_CONSUMED_DIAGNOSTIC_ONLY
field_lineage_id,"""HMSO01R_A|FIELD_LINEAGE|6aba5ce17b9c02240405669069c0b485de9d3ce1714e3e85b0411d61ec7beb5e""",MS,viscosity_laplacian_acceleration,1,3.7803107504859755e-10,0.00010988028463884431,3.4403903875123195e-06,3.3274700930627107e-06,0.0,False,EVALUABLE,7.606888581860719e-05,EVALUABLE,EXPLORATORY_CONSUMED_DIAGNOSTIC_ONLY
field_lineage_id,"""HMSO01R_A|FIELD_LINEAGE|6ad90de4847db7d34a3540ed573a050180b363be817d3503c19045b1a2f0ed3c""",SS,density_rate,2,0.008174021684108058,0.022797241728411424,0.3585530996024424,0.5679786301523366,0.0,False,EVALUABLE,0.039362942604233855,EVALUABLE,EXPLORATORY_CONSUMED_DIAGNOSTIC_ONLY
field_lineage_id,"""HMSO01R_A|FIELD_LINEAGE|6ad90de4847db7d34a3540ed573a050180b363be817d3503c19045b1a2f0ed3c""",SS,pressure_gradient_acceleration,2,0.0,1.271212648860439,0.0,0.0,0.0,False,EVALUABLE,0.006584055759553509,EVALUABLE,EXPLORATORY_CONSUMED_DIAGNOSTIC_ONLY
field_lineage_id,"""HMSO01R_A|FIELD_LINEAGE|6ad90de4847db7d34a3540ed573a050180b363be817d3503c19045b1a2f0ed3c""",SS,viscosity_laplacian_acceleration,2,0.00024026819695961376,0.0001867646060592462,1.2864760728989246,0.9026873665777523,0.0,False,EVALUABLE,0.0028831422019011837,EVALUABLE,EXPLORATORY_CONSUMED_DIAGNOSTIC_ONLY
field_lineage_id,"""HMSO01R_A|FIELD_LINEAGE|6ad90de4847db7d34a3540ed573a050180b363be817d3503c19045b1a2f0ed3c""",MS,density_rate,2,0.0002782547797171487,0.022797241728411424,0.01220563360392715,0.026878994627069157,0.0,False,EVALUABLE,0.011087827906301861,EVALUABLE,EXPLORATORY_CONSUMED_DIAGNOSTIC_ONLY
field_lineage_id,"""HMSO01R_A|FIELD_LINEAGE|6ad90de4847db7d34a3540ed573a050180b363be817d3503c19045b1a2f0ed3c""",MS,pressure_gradient_acceleration,2,0.0,1.271212648860439,0.0,0.0,0.0,False,EVALUABLE,0.00252211405926513,EVALUABLE,EXPLORATORY_CONSUMED_DIAGNOSTIC_ONLY
field_lineage_id,"""HMSO01R_A|FIELD_LINEAGE|6ad90de4847db7d34a3540ed573a050180b363be817d3503c19045b1a2f0ed3c""",MS,viscosity_laplacian_acceleration,2,0.0001316396939717006,0.0001867646060592462,0.7048428326400418,0.5781638670492923,0.0,False,EVALUABLE,0.0007505824381033446,EVALUABLE,EXPLORATORY_CONSUMED_DIAGNOSTIC_ONLY
field_lineage_id,"""HMSO01R_A|FIELD_LINEAGE|6af5032f0b166e8e3ff27ce0b5fdfb49cda87c61afe66a4eb6eb807e625daf8a""",SS,density_rate,1,1.2785775017343544e-12,0.008336479471293116,1.5337139689927495e-10,1.0074189945610659e-10,0.0,False,EVALUABLE,0.0006236953081203701,EVALUABLE,EXPLORATORY_CONSUMED_DIAGNOSTIC_ONLY
field_lineage_id,"""HMSO01R_A|FIELD_LINEAGE|6af5032f0b166e8e3ff27ce0b5fdfb49cda87c61afe66a4eb6eb807e625daf8a""",SS,pressure_gradient_acceleration,1,0.0,1.2817661451548996,0.0,0.0,0.0,False,EVALUABLE,0.00027211744990625347,EVALUABLE,EXPLORATORY_CONSUMED_DIAGNOSTIC_ONLY
field_lineage_id,"""HMSO01R_A|FIELD_LINEAGE|6af5032f0b166e8e3ff27ce0b5fdfb49cda87c61afe66a4eb6eb807e625daf8a""",SS,viscosity_laplacian_acceleration,1,3.0015707027393747e-05,0.00012815324330118304,0.2342173030833989,0.16990809818857738,0.0,False,EVALUABLE,0.0007543657518982249,EVALUABLE,EXPLORATORY_CONSUMED_DIAGNOSTIC_ONLY
field_lineage_id,"""HMSO01R_A|FIELD_LINEAGE|6af5032f0b166e8e3ff27ce0b5fdfb49cda87c61afe66a4eb6eb807e625daf8a""",MS,density_rate,1,3.323937014843158e-12,0.008336479471293116,3.987219096849241e-10,2.4032757132901095e-10,0.0,False,EVALUABLE,0.0003138289460438083,EVALUABLE,EXPLORATORY_CONSUMED_DIAGNOSTIC_ONLY
field_lineage_id,"""HMSO01R_A|FIELD_LINEAGE|6af5032f0b166e8e3ff27ce0b5fdfb49cda87c61afe66a4eb6eb807e625daf8a""",MS,pressure_gradient_acceleration,1,0.0,1.2817661451548996,0.0,0.0,0.0,False,EVALUABLE,0.003922808993106354,EVALUABLE,EXPLORATORY_CONSUMED_DIAGNOSTIC_ONLY
field_lineage_id,"""HMSO01R_A|FIELD_LINEAGE|6af5032f0b166e8e3ff27ce0b5fdfb49cda87c61afe66a4eb6eb807e625daf8a""",MS,viscosity_laplacian_acceleration,1,2.6664585633655076e-05,0.00012815324330118304,0.20806797351970666,0.14470701833705263,0.0,False,EVALUABLE,0.00015098735324832067,EVALUABLE,EXPLORATORY_CONSUMED_DIAGNOSTIC_ONLY
field_lineage_id,"""HMSO01R_A|FIELD_LINEAGE|6d1fc2b84d6da564ae936d907e04365ad5b63a9377b77c1faa05d68a9fe06d3c""",SS,density_rate,1,0.0,0.013713252118273019,0.0,0.0,0.0,False,EVALUABLE,0.0005886719045857924,EVALUABLE,EXPLORATORY_CONSUMED_DIAGNOSTIC_ONLY
field_lineage_id,"""HMSO01R_A|FIELD_LINEAGE|6d1fc2b84d6da564ae936d907e04365ad5b63a9377b77c1faa05d68a9fe06d3c""",SS,pressure_gradient_acceleration,1,0.3628425225488542,1.2925907938665773,0.28070950549126933,0.01898033372440296,0.0,False,EVALUABLE,0.5247427444831263,EVALUABLE,EXPLORATORY_CONSUMED_DIAGNOSTIC_ONLY
field_lineage_id,"""HMSO01R_A|FIELD_LINEAGE|6d1fc2b84d6da564ae936d907e04365ad5b63a9377b77c1faa05d68a9fe06d3c""",SS,viscosity_laplacian_acceleration,1,0.0,0.00013179608189804184,0.0,0.0,0.0,False,EVALUABLE,5.682219823562475e-05,EVALUABLE,EXPLORATORY_CONSUMED_DIAGNOSTIC_ONLY
field_lineage_id,"""HMSO01R_A|FIELD_LINEAGE|6d1fc2b84d6da564ae936d907e04365ad5b63a9377b77c1faa05d68a9fe06d3c""",MS,density_rate,1,0.0,0.013713252118273019,0.0,0.0,0.0,False,EVALUABLE,0.0,EVALUABLE,EXPLORATORY_CONSUMED_DIAGNOSTIC_ONLY
field_lineage_id,"""HMSO01R_A|FIELD_LINEAGE|6d1fc2b84d6da564ae936d907e04365ad5b63a9377b77c1faa05d68a9fe06d3c""",MS,pressure_gradient_acceleration,1,0.13619424971500207,1.2925907938665773,0.10536532548525965,0.002502930903659935,0.00078125,False,EVALUABLE,0.19471959291246216,EVALUABLE,EXPLORATORY_CONSUMED_DIAGNOSTIC_ONLY
field_lineage_id,"""HMSO01R_A|FIELD_LINEAGE|6d1fc2b84d6da564ae936d907e04365ad5b63a9377b77c1faa05d68a9fe06d3c""",MS,viscosity_laplacian_acceleration,1,0.0,0.00013179608189804184,0.0,0.0,0.0,False,EVALUABLE,0.0012477202234108691,EVALUABLE,EXPLORATORY_CONSUMED_DIAGNOSTIC_ONLY
field_lineage_id,"""HMSO01R_A|FIELD_LINEAGE|6d4353b03da9874056ea6f087e4493dcb629a7b8bd4a1eabce0a6b1b20255b6c""",SS,density_rate,1,0.06901579133178447,0.08689455852936068,0.7942475627914586,2.4315690307295617,0.0,False,EVALUABLE,0.006419705185665954,EVALUABLE,EXPLORATORY_CONSUMED_DIAGNOSTIC_ONLY
field_lineage_id,"""HMSO01R_A|FIELD_LINEAGE|6d4353b03da9874056ea6f087e4493dcb629a7b8bd4a1eabce0a6b1b20255b6c""",SS,pressure_gradient_acceleration,1,0.0,0.7925218793480863,0.0,0.0,0.0,False,EVALUABLE,0.010928001585701407,EVALUABLE,EXPLORATORY_CONSUMED_DIAGNOSTIC_ONLY
field_lineage_id,"""HMSO01R_A|FIELD_LINEAGE|6d4353b03da9874056ea6f087e4493dcb629a7b8bd4a1eabce0a6b1b20255b6c""",SS,viscosity_laplacian_acceleration,1,0.0009699604519142163,0.000518990984441249,1.8689350701505647,0.49338004633472954,0.0,False,EVALUABLE,0.006212136839400571,EVALUABLE,EXPLORATORY_CONSUMED_DIAGNOSTIC_ONLY
field_lineage_id,"""HMSO01R_A|FIELD_LINEAGE|6d4353b03da9874056ea6f087e4493dcb629a7b8bd4a1eabce0a6b1b20255b6c""",MS,density_rate,1,0.008408932099900571,0.08689455852936068,0.09677167641123684,0.13257578656258112,0.0,False,EVALUABLE,0.030777482871574124,EVALUABLE,EXPLORATORY_CONSUMED_DIAGNOSTIC_ONLY
field_lineage_id,"""HMSO01R_A|FIELD_LINEAGE|6d4353b03da9874056ea6f087e4493dcb629a7b8bd4a1eabce0a6b1b20255b6c""",MS,pressure_gradient_acceleration,1,0.0,0.7925218793480863,0.0,0.0,0.0,False,EVALUABLE,0.0021027669680929537,EVALUABLE,EXPLORATORY_CONSUMED_DIAGNOSTIC_ONLY
field_lineage_id,"""HMSO01R_A|FIELD_LINEAGE|6d4353b03da9874056ea6f087e4493dcb629a7b8bd4a1eabce0a6b1b20255b6c""",MS,viscosity_laplacian_acceleration,1,0.00048060199951073014,0.000518990984441249,0.9260314994260472,0.6148323937417634,0.0,False,EVALUABLE,0.0018691015210540213,EVALUABLE,EXPLORATORY_CONSUMED_DIAGNOSTIC_ONLY
field_lineage_id,"""HMSO01R_A|FIELD_LINEAGE|70dd50135b0ce37b393c6eae858eae2988f95a40a860753345e473ce01dd9d91""",SS,density_rate,1,0.0,0.010343973212392485,0.0,0.0,0.0,False,EVALUABLE,5.475886182991205e-05,EVALUABLE,EXPLORATORY_CONSUMED_DIAGNOSTIC_ONLY
field_lineage_id,"""HMSO01R_A|FIELD_LINEAGE|70dd50135b0ce37b393c6eae858eae2988f95a40a860753345e473ce01dd9d91""",SS,pressure_gradient_acceleration,1,0.13960159551312357,1.3212595608983517,0.10565796429749622,0.10065308362428851,0.0,False,EVALUABLE,0.030991391637223562,EVALUABLE,EXPLORATORY_CONSUMED_DIAGNOSTIC_ONLY
field_lineage_id,"""HMSO01R_A|FIELD_LINEAGE|70dd50135b0ce37b393c6eae858eae2988f95a40a860753345e473ce01dd9d91""",SS,viscosity_laplacian_acceleration,1,0.0,0.0001287931438471602,0.0,0.0,0.0,False,EVALUABLE,9.400442843826759e-05,EVALUABLE,EXPLORATORY_CONSUMED_DIAGNOSTIC_ONLY
field_lineage_id,"""HMSO01R_A|FIELD_LINEAGE|70dd50135b0ce37b393c6eae858eae2988f95a40a860753345e473ce01dd9d91""",MS,density_rate,1,0.0,0.010343973212392485,0.0,0.0,0.0,False,EVALUABLE,0.00035748045382282185,EVALUABLE,EXPLORATORY_CONSUMED_DIAGNOSTIC_ONLY
field_lineage_id,"""HMSO01R_A|FIELD_LINEAGE|70dd50135b0ce37b393c6eae858eae2988f95a40a860753345e473ce01dd9d91""",MS,pressure_gradient_acceleration,1,0.13960159551312357,1.3212595608983517,0.10565796429749622,0.10065308362428851,0.0,False,EVALUABLE,0.018245971880278117,EVALUABLE,EXPLORATORY_CONSUMED_DIAGNOSTIC_ONLY
field_lineage_id,"""HMSO01R_A|FIELD_LINEAGE|70dd50135b0ce37b393c6eae858eae2988f95a40a860753345e473ce01dd9d91""",MS,viscosity_laplacian_acceleration,1,0.0,0.0001287931438471602,0.0,0.0,0.0,False,EVALUABLE,3.5397815159916225e-05,EVALUABLE,EXPLORATORY_CONSUMED_DIAGNOSTIC_ONLY
field_lineage_id,"""HMSO01R_A|FIELD_LINEAGE|724fd3a44cb8ec4985e45f721837e7f4eeea1666b35a166345e025918455e304""",SS,density_rate,1,0.0,0.009595638828872658,0.0,0.0,0.0,False,EVALUABLE,0.00047084380984176426,EVALUABLE,EXPLORATORY_CONSUMED_DIAGNOSTIC_ONLY
field_lineage_id,"""HMSO01R_A|FIELD_LINEAGE|724fd3a44cb8ec4985e45f721837e7f4eeea1666b35a166345e025918455e304""",SS,pressure_gradient_acceleration,1,0.09666487597045262,1.2752235694996017,0.07580229716769112,0.0767072938405651,0.0,False,EVALUABLE,0.22685258176447817,EVALUABLE,EXPLORATORY_CONSUMED_DIAGNOSTIC_ONLY
field_lineage_id,"""HMSO01R_A|FIELD_LINEAGE|724fd3a44cb8ec4985e45f721837e7f4eeea1666b35a166345e025918455e304""",SS,viscosity_laplacian_acceleration,1,0.0,0.00011345582705923367,0.0,0.0,0.0,False,EVALUABLE,5.149210565863832e-05,EVALUABLE,EXPLORATORY_CONSUMED_DIAGNOSTIC_ONLY
field_lineage_id,"""HMSO01R_A|FIELD_LINEAGE|724fd3a44cb8ec4985e45f721837e7f4eeea1666b35a166345e025918455e304""",MS,density_rate,1,0.0,0.009595638828872658,0.0,0.0,0.0,False,EVALUABLE,0.0,EVALUABLE,EXPLORATORY_CONSUMED_DIAGNOSTIC_ONLY
field_lineage_id,"""HMSO01R_A|FIELD_LINEAGE|724fd3a44cb8ec4985e45f721837e7f4eeea1666b35a166345e025918455e304""",MS,pressure_gradient_acceleration,1,0.09666487597045262,1.2752235694996017,0.07580229716769112,0.0767072938405651,0.0,False,EVALUABLE,0.05887932492400664,EVALUABLE,EXPLORATORY_CONSUMED_DIAGNOSTIC_ONLY
field_lineage_id,"""HMSO01R_A|FIELD_LINEAGE|724fd3a44cb8ec4985e45f721837e7f4eeea1666b35a166345e025918455e304""",MS,viscosity_laplacian_acceleration,1,0.0,0.00011345582705923367,0.0,0.0,0.0,False,EVALUABLE,0.0009859245819954878,EVALUABLE,EXPLORATORY_CONSUMED_DIAGNOSTIC_ONLY
field_lineage_id,"""HMSO01R_A|FIELD_LINEAGE|72bbc35959df916eca72e8fb7e723c361c09592753187c3754f344aae218c230""",SS,density_rate,1,0.0,0.008691393754400655,0.0,0.0,0.0,False,EVALUABLE,0.000738470354385898,EVALUABLE,EXPLORATORY_CONSUMED_DIAGNOSTIC_ONLY
field_lineage_id,"""HMSO01R_A|FIELD_LINEAGE|72bbc35959df916eca72e8fb7e723c361c09592753187c3754f344aae218c230""",SS,pressure_gradient_acceleration,1,0.03919271684817952,2.5291648747737177,0.015496307591131664,0.028905162300571028,0.0,False,EVALUABLE,1.4078123895016004,EVALUABLE,EXPLORATORY_CONSUMED_DIAGNOSTIC_ONLY
field_lineage_id,"""HMSO01R_A|FIELD_LINEAGE|72bbc35959df916eca72e8fb7e723c361c09592753187c3754f344aae218c230""",SS,viscosity_laplacian_acceleration,1,0.0,0.00010110019370299556,0.0,0.0,0.0,False,EVALUABLE,5.3264337962776495e-05,EVALUABLE,EXPLORATORY_CONSUMED_DIAGNOSTIC_ONLY
field_lineage_id,"""HMSO01R_A|FIELD_LINEAGE|72bbc35959df916eca72e8fb7e723c361c09592753187c3754f344aae218c230""",MS,density_rate,1,0.0,0.008691393754400655,0.0,0.0,0.0,False,EVALUABLE,0.0,EVALUABLE,EXPLORATORY_CONSUMED_DIAGNOSTIC_ONLY
field_lineage_id,"""HMSO01R_A|FIELD_LINEAGE|72bbc35959df916eca72e8fb7e723c361c09592753187c3754f344aae218c230""",MS,pressure_gradient_acceleration,1,0.04555725353415134,2.5291648747737177,0.018012765394833073,0.034608917101976666,0.0,False,EVALUABLE,0.5363184145018748,EVALUABLE,EXPLORATORY_CONSUMED_DIAGNOSTIC_ONLY
field_lineage_id,"""HMSO01R_A|FIELD_LINEAGE|72bbc35959df916eca72e8fb7e723c361c09592753187c3754f344aae218c230""",MS,viscosity_laplacian_acceleration,1,0.0,0.00010110019370299556,0.0,0.0,0.0,False,EVALUABLE,0.0012319499408213854,EVALUABLE,EXPLORATORY_CONSUMED_DIAGNOSTIC_ONLY
field_lineage_id,"""HMSO01R_A|FIELD_LINEAGE|73f5ee97e40c47c1aa5579bcf72cf190dfaf3aad2886cc887f3295530388016c""",SS,density_rate,1,0.0,0.005768528739036135,0.0,0.0,0.0,False,EVALUABLE,0.0004272395765682699,EVALUABLE,EXPLORATORY_CONSUMED_DIAGNOSTIC_ONLY
field_lineage_id,"""HMSO01R_A|FIELD_LINEAGE|73f5ee97e40c47c1aa5579bcf72cf190dfaf3aad2886cc887f3295530388016c""",SS,pressure_gradient_acceleration,1,0.12516193308996787,0.6216149455790534,0.20134962001818615,0.002199374040985998,0.0,False,EVALUABLE,0.12716676228571897,EVALUABLE,EXPLORATORY_CONSUMED_DIAGNOSTIC_ONLY
field_lineage_id,"""HMSO01R_A|FIELD_LINEAGE|73f5ee97e40c47c1aa5579bcf72cf190dfaf3aad2886cc887f3295530388016c""",SS,viscosity_laplacian_acceleration,1,0.0,7.676535130824388e-05,0.0,0.0,0.0,False,EVALUABLE,5.2964762190148286e-05,EVALUABLE,EXPLORATORY_CONSUMED_DIAGNOSTIC_ONLY
field_lineage_id,"""HMSO01R_A|FIELD_LINEAGE|73f5ee97e40c47c1aa5579bcf72cf190dfaf3aad2886cc887f3295530388016c""",MS,density_rate,1,0.0,0.005768528739036135,0.0,0.0,0.0,False,EVALUABLE,0.00010825611464447054,EVALUABLE,EXPLORATORY_CONSUMED_DIAGNOSTIC_ONLY
field_lineage_id,"""HMSO01R_A|FIELD_LINEAGE|73f5ee97e40c47c1aa5579bcf72cf190dfaf3aad2886cc887f3295530388016c""",MS,pressure_gradient_acceleration,1,0.08868814365980315,0.6216149455790534,0.14267376338126397,0.001750767943721607,0.001171875,False,EVALUABLE,0.06851659104893719,EVALUABLE,EXPLORATORY_CONSUMED_DIAGNOSTIC_ONLY
field_lineage_id,"""HMSO01R_A|FIELD_LINEAGE|73f5ee97e40c47c1aa5579bcf72cf190dfaf3aad2886cc887f3295530388016c""",MS,viscosity_laplacian_acceleration,1,0.0,7.676535130824388e-05,0.0,0.0,0.0,False,EVALUABLE,1.4059234614837063e-05,EVALUABLE,EXPLORATORY_CONSUMED_DIAGNOSTIC_ONLY
field_lineage_id,"""HMSO01R_A|FIELD_LINEAGE|75819144781d043ebbeb8c2d3fbfa9139c47542df53315ab71a80a7addb49109""",SS,density_rate,1,0.0,0.010862765448810574,0.0,0.0,0.0,False,EVALUABLE,0.0005603795543751005,EVALUABLE,EXPLORATORY_CONSUMED_DIAGNOSTIC_ONLY
field_lineage_id,"""HMSO01R_A|FIELD_LINEAGE|75819144781d043ebbeb8c2d3fbfa9139c47542df53315ab71a80a7addb49109""",SS,pressure_gradient_acceleration,1,0.725499977009769,2.2788999958712846,0.31835533736634675,0.125112151634381,0.0,False,EVALUABLE,0.46052916041578273,EVALUABLE,EXPLORATORY_CONSUMED_DIAGNOSTIC_ONLY
field_lineage_id,"""HMSO01R_A|FIELD_LINEAGE|75819144781d043ebbeb8c2d3fbfa9139c47542df53315ab71a80a7addb49109""",SS,viscosity_laplacian_acceleration,1,0.0,0.00013625339337021655,0.0,0.0,0.0,False,EVALUABLE,4.896123690747193e-05,EVALUABLE,EXPLORATORY_CONSUMED_DIAGNOSTIC_ONLY
field_lineage_id,"""HMSO01R_A|FIELD_LINEAGE|75819144781d043ebbeb8c2d3fbfa9139c47542df53315ab71a80a7addb49109""",MS,density_rate,1,0.0,0.010862765448810574,0.0,0.0,0.0,False,EVALUABLE,0.00015209761472129523,EVALUABLE,EXPLORATORY_CONSUMED_DIAGNOSTIC_ONLY
field_lineage_id,"""HMSO01R_A|FIELD_LINEAGE|75819144781d043ebbeb8c2d3fbfa9139c47542df53315ab71a80a7addb49109""",MS,pressure_gradient_acceleration,1,0.725499977009769,2.2788999958712846,0.31835533736634675,0.125112151634381,0.0,False,EVALUABLE,0.08253330404954805,EVALUABLE,EXPLORATORY_CONSUMED_DIAGNOSTIC_ONLY
field_lineage_id,"""HMSO01R_A|FIELD_LINEAGE|75819144781d043ebbeb8c2d3fbfa9139c47542df53315ab71a80a7addb49109""",MS,viscosity_laplacian_acceleration,1,0.0,0.00013625339337021655,0.0,0.0,0.0,False,EVALUABLE,2.98636421408249e-05,EVALUABLE,EXPLORATORY_CONSUMED_DIAGNOSTIC_ONLY
field_lineage_id,"""HMSO01R_A|FIELD_LINEAGE|7583af7a3fd0bfbef70db28fd30d8a1112bd000451f8c0ebdcd0eabb3acf22a1""",SS,density_rate,1,1.3525837317723916e-14,0.004090512523434232,3.306636329857306e-12,1.9371354799432214e-12,0.0,False,EVALUABLE,0.002374367689186781,EVALUABLE,EXPLORATORY_CONSUMED_DIAGNOSTIC_ONLY
field_lineage_id,"""HMSO01R_A|FIELD_LINEAGE|7583af7a3fd0bfbef70db28fd30d8a1112bd000451f8c0ebdcd0eabb3acf22a1""",SS,pressure_gradient_acceleration,1,0.0,1.2559093291582843,0.0,0.0,0.0,False,EVALUABLE,0.00435475541292702,EVALUABLE,EXPLORATORY_CONSUMED_DIAGNOSTIC_ONLY
field_lineage_id,"""HMSO01R_A|FIELD_LINEAGE|7583af7a3fd0bfbef70db28fd30d8a1112bd000451f8c0ebdcd0eabb3acf22a1""",SS,viscosity_laplacian_acceleration,1,0.0007892126349147535,0.00045141993338845116,1.7482892901754707,1.2958374196450357,0.0,False,EVALUABLE,0.002607620373286197,EVALUABLE,EXPLORATORY_CONSUMED_DIAGNOSTIC_ONLY
field_lineage_id,"""HMSO01R_A|FIELD_LINEAGE|7583af7a3fd0bfbef70db28fd30d8a1112bd000451f8c0ebdcd0eabb3acf22a1""",MS,density_rate,1,5.889871266174682e-14,0.004090512523434232,1.4398858901988596e-11,6.077590759860261e-12,0.0,False,EVALUABLE,7.410943165786805e-08,EVALUABLE,EXPLORATORY_CONSUMED_DIAGNOSTIC_ONLY
field_lineage_id,"""HMSO01R_A|FIELD_LINEAGE|7583af7a3fd0bfbef70db28fd30d8a1112bd000451f8c0ebdcd0eabb3acf22a1""",MS,pressure_gradient_acceleration,1,0.0,1.2559093291582843,0.0,0.0,0.0,False,EVALUABLE,0.0007664696690447269,EVALUABLE,EXPLORATORY_CONSUMED_DIAGNOSTIC_ONLY
field_lineage_id,"""HMSO01R_A|FIELD_LINEAGE|7583af7a3fd0bfbef70db28fd30d8a1112bd000451f8c0ebdcd0eabb3acf22a1""",MS,viscosity_laplacian_acceleration,1,0.0009683065957162853,0.00045141993338845116,2.1450240100120883,2.3253266931526047,0.0,False,EVALUABLE,0.0008727731047314849,EVALUABLE,EXPLORATORY_CONSUMED_DIAGNOSTIC_ONLY
field_lineage_id,"""HMSO01R_A|FIELD_LINEAGE|788bb18808dd1be8d0fa3d7caafb9ed17441fce457a419d2bbaf861831d83a81""",SS,density_rate,1,1.590079030911833e-12,0.00811397264500901,1.9596800488228258e-10,1.0472582338471665e-10,0.0,False,EVALUABLE,0.00044221626923680434,EVALUABLE,EXPLORATORY_CONSUMED_DIAGNOSTIC_ONLY
field_lineage_id,"""HMSO01R_A|FIELD_LINEAGE|788bb18808dd1be8d0fa3d7caafb9ed17441fce457a419d2bbaf861831d83a81""",SS,pressure_gradient_acceleration,1,0.0,0.4318096467010415,0.0,0.0,0.0,False,EVALUABLE,0.0011881350031382877,EVALUABLE,EXPLORATORY_CONSUMED_DIAGNOSTIC_ONLY
field_lineage_id,"""HMSO01R_A|FIELD_LINEAGE|788bb18808dd1be8d0fa3d7caafb9ed17441fce457a419d2bbaf861831d83a81""",SS,viscosity_laplacian_acceleration,1,1.4377192874457187e-05,0.00016180702059474968,0.0888539497335241,0.06437615646408235,0.0,False,EVALUABLE,0.0010247357222625691,EVALUABLE,EXPLORATORY_CONSUMED_DIAGNOSTIC_ONLY
field_lineage_id,"""HMSO01R_A|FIELD_LINEAGE|788bb18808dd1be8d0fa3d7caafb9ed17441fce457a419d2bbaf861831d83a81""",MS,density_rate,1,6.979123840729322e-14,0.00811397264500901,8.601364764302298e-12,6.641123491546762e-12,0.0,False,EVALUABLE,9.922581037470541e-05,EVALUABLE,EXPLORATORY_CONSUMED_DIAGNOSTIC_ONLY
field_lineage_id,"""HMSO01R_A|FIELD_LINEAGE|788bb18808dd1be8d0fa3d7caafb9ed17441fce457a419d2bbaf861831d83a81""",MS,pressure_gradient_acceleration,1,0.0,0.4318096467010415,0.0,0.0,0.0,False,EVALUABLE,0.0011918412489017659,EVALUABLE,EXPLORATORY_CONSUMED_DIAGNOSTIC_ONLY
field_lineage_id,"""HMSO01R_A|FIELD_LINEAGE|788bb18808dd1be8d0fa3d7caafb9ed17441fce457a419d2bbaf861831d83a81""",MS,viscosity_laplacian_acceleration,1,1.8532731960287498e-05,0.00016180702059474968,0.11453601884619863,0.10339709488349186,0.0,False,EVALUABLE,0.00019640358989358469,EVALUABLE,EXPLORATORY_CONSUMED_DIAGNOSTIC_ONLY
field_lineage_id,"""HMSO01R_A|FIELD_LINEAGE|7a0ba19f2cf324db5922acc61291c51f82b574717f73f269f12eae7bcc99ab35""",SS,density_rate,1,0.0,0.008867084975791467,0.0,0.0,0.0,False,EVALUABLE,0.0006105933524971788,EVALUABLE,EXPLORATORY_CONSUMED_DIAGNOSTIC_ONLY
field_lineage_id,"""HMSO01R_A|FIELD_LINEAGE|7a0ba19f2cf324db5922acc61291c51f82b574717f73f269f12eae7bcc99ab35""",SS,pressure_gradient_acceleration,1,0.005409366248462124,1.1178031249898057,0.004839283526346785,0.004101184362809282,0.0,False,EVALUABLE,0.07666526656465567,EVALUABLE,EXPLORATORY_CONSUMED_DIAGNOSTIC_ONLY
field_lineage_id,"""HMSO01R_A|FIELD_LINEAGE|7a0ba19f2cf324db5922acc61291c51f82b574717f73f269f12eae7bcc99ab35""",SS,viscosity_laplacian_acceleration,1,0.0,0.00010607373553193027,0.0,0.0,0.0,False,EVALUABLE,5.982250084006981e-05,EVALUABLE,EXPLORATORY_CONSUMED_DIAGNOSTIC_ONLY
field_lineage_id,"""HMSO01R_A|FIELD_LINEAGE|7a0ba19f2cf324db5922acc61291c51f82b574717f73f269f12eae7bcc99ab35""",MS,density_rate,1,0.0,0.008867084975791467,0.0,0.0,0.0,False,EVALUABLE,0.00018739053524053717,EVALUABLE,EXPLORATORY_CONSUMED_DIAGNOSTIC_ONLY
field_lineage_id,"""HMSO01R_A|FIELD_LINEAGE|7a0ba19f2cf324db5922acc61291c51f82b574717f73f269f12eae7bcc99ab35""",MS,pressure_gradient_acceleration,1,0.005409366248462124,1.1178031249898057,0.004839283526346785,0.004101184362809282,0.0,False,EVALUABLE,0.021947233567167383,EVALUABLE,EXPLORATORY_CONSUMED_DIAGNOSTIC_ONLY
field_lineage_id,"""HMSO01R_A|FIELD_LINEAGE|7a0ba19f2cf324db5922acc61291c51f82b574717f73f269f12eae7bcc99ab35""",MS,viscosity_laplacian_acceleration,1,0.0,0.00010607373553193027,0.0,0.0,0.0,False,EVALUABLE,3.4377576548049137e-05,EVALUABLE,EXPLORATORY_CONSUMED_DIAGNOSTIC_ONLY
field_lineage_id,"""HMSO01R_A|FIELD_LINEAGE|7a40ff07646995058d8981271562dfa4f2cc77b96f79dba59c7ae90f96586134""",SS,density_rate,12,0.014216886913170293,0.03422571421451251,0.4153861282211606,0.4978164430814394,0.0,False,EVALUABLE,0.11495618435526521,EVALUABLE,EXPLORATORY_CONSUMED_DIAGNOSTIC_ONLY
field_lineage_id,"""HMSO01R_A|FIELD_LINEAGE|7a40ff07646995058d8981271562dfa4f2cc77b96f79dba59c7ae90f96586134""",SS,pressure_gradient_acceleration,12,0.0,1.0855869262430022,0.0,0.0,0.0,False,EVALUABLE,0.0666559742076421,EVALUABLE,EXPLORATORY_CONSUMED_DIAGNOSTIC_ONLY
field_lineage_id,"""HMSO01R_A|FIELD_LINEAGE|7a40ff07646995058d8981271562dfa4f2cc77b96f79dba59c7ae90f96586134""",SS,viscosity_laplacian_acceleration,12,0.00040330858681008485,0.00039304773200182384,1.02610587461223,1.079566518504136,0.0,False,EVALUABLE,0.011174749917492332,EVALUABLE,EXPLORATORY_CONSUMED_DIAGNOSTIC_ONLY
field_lineage_id,"""HMSO01R_A|FIELD_LINEAGE|7a40ff07646995058d8981271562dfa4f2cc77b96f79dba59c7ae90f96586134""",MS,density_rate,12,0.0006296904235300856,0.03422571421451251,0.01839816751765788,0.04183222617010942,0.0,False,EVALUABLE,0.02093621363234882,EVALUABLE,EXPLORATORY_CONSUMED_DIAGNOSTIC_ONLY
field_lineage_id,"""HMSO01R_A|FIELD_LINEAGE|7a40ff07646995058d8981271562dfa4f2cc77b96f79dba59c7ae90f96586134""",MS,pressure_gradient_acceleration,12,0.0,1.0855869262430022,0.0,0.0,0.0,False,EVALUABLE,0.03747051800056405,EVALUABLE,EXPLORATORY_CONSUMED_DIAGNOSTIC_ONLY
field_lineage_id,"""HMSO01R_A|FIELD_LINEAGE|7a40ff07646995058d8981271562dfa4f2cc77b96f79dba59c7ae90f96586134""",MS,viscosity_laplacian_acceleration,12,0.0008186643846869703,0.00039304773200182384,2.0828625076080365,2.998370915458757,0.0,False,EVALUABLE,0.005478257560356497,EVALUABLE,EXPLORATORY_CONSUMED_DIAGNOSTIC_ONLY
field_lineage_id,"""HMSO01R_A|FIELD_LINEAGE|7a536ab09e10cdf42c9afdd1f0f02ad4a5141ab50a8f50eb0b247ee08a4c67c0""",SS,density_rate,1,0.007828652279335914,0.009059037717336679,0.8641814421805396,0.440977507893055,0.0,False,EVALUABLE,0.06867274317282038,EVALUABLE,EXPLORATORY_CONSUMED_DIAGNOSTIC_ONLY
field_lineage_id,"""HMSO01R_A|FIELD_LINEAGE|7a536ab09e10cdf42c9afdd1f0f02ad4a5141ab50a8f50eb0b247ee08a4c67c0""",SS,pressure_gradient_acceleration,1,0.0,0.41441823479941076,0.0,0.0,0.0,False,EVALUABLE,0.003095237474669529,EVALUABLE,EXPLORATORY_CONSUMED_DIAGNOSTIC_ONLY
field_lineage_id,"""HMSO01R_A|FIELD_LINEAGE|7a536ab09e10cdf42c9afdd1f0f02ad4a5141ab50a8f50eb0b247ee08a4c67c0""",SS,viscosity_laplacian_acceleration,1,0.00029508150135233973,0.00012315658734179542,2.3959863432509914,1.089017712684381,0.0,False,EVALUABLE,0.0021890843626729485,EVALUABLE,EXPLORATORY_CONSUMED_DIAGNOSTIC_ONLY
field_lineage_id,"""HMSO01R_A|FIELD_LINEAGE|7a536ab09e10cdf42c9afdd1f0f02ad4a5141ab50a8f50eb0b247ee08a4c67c0""",MS,density_rate,1,5.081338140329106e-05,0.009059037717336679,0.005609136752576629,0.005281748174247924,0.0,False,EVALUABLE,0.011661266579612278,EVALUABLE,EXPLORATORY_CONSUMED_DIAGNOSTIC_ONLY
field_lineage_id,"""HMSO01R_A|FIELD_LINEAGE|7a536ab09e10cdf42c9afdd1f0f02ad4a5141ab50a8f50eb0b247ee08a4c67c0""",MS,pressure_gradient_acceleration,1,0.0,0.41441823479941076,0.0,0.0,0.0,False,EVALUABLE,0.0027664563405448055,EVALUABLE,EXPLORATORY_CONSUMED_DIAGNOSTIC_ONLY
field_lineage_id,"""HMSO01R_A|FIELD_LINEAGE|7a536ab09e10cdf42c9afdd1f0f02ad4a5141ab50a8f50eb0b247ee08a4c67c0""",MS,viscosity_laplacian_acceleration,1,3.1831380302690016e-05,0.00012315658734179542,0.25846266927118283,0.2602322634744672,0.0,False,EVALUABLE,0.00045282172067419063,EVALUABLE,EXPLORATORY_CONSUMED_DIAGNOSTIC_ONLY
field_lineage_id,"""HMSO01R_A|FIELD_LINEAGE|7b060c06cca73ad49fc21e32e1688bcbe34e5745a78029b452cbacf697a204be""",SS,density_rate,1,0.0,0.009360494021959188,0.0,0.0,0.0,False,EVALUABLE,0.00042732931756786583,EVALUABLE,EXPLORATORY_CONSUMED_DIAGNOSTIC_ONLY
field_lineage_id,"""HMSO01R_A|FIELD_LINEAGE|7b060c06cca73ad49fc21e32e1688bcbe34e5745a78029b452cbacf697a204be""",SS,pressure_gradient_acceleration,1,0.1382832704270438,1.0119043621185213,0.13665646241264756,0.10295031758023197,0.0,False,EVALUABLE,0.2619227871437342,EVALUABLE,EXPLORATORY_CONSUMED_DIAGNOSTIC_ONLY
field_lineage_id,"""HMSO01R_A|FIELD_LINEAGE|7b060c06cca73ad49fc21e32e1688bcbe34e5745a78029b452cbacf697a204be""",SS,viscosity_laplacian_acceleration,1,0.0,0.00013967367316919816,0.0,0.0,0.0,False,EVALUABLE,7.612033082982177e-05,EVALUABLE,EXPLORATORY_CONSUMED_DIAGNOSTIC_ONLY
field_lineage_id,"""HMSO01R_A|FIELD_LINEAGE|7b060c06cca73ad49fc21e32e1688bcbe34e5745a78029b452cbacf697a204be""",MS,density_rate,1,0.0,0.009360494021959188,0.0,0.0,0.0,False,EVALUABLE,0.00015828872844867977,EVALUABLE,EXPLORATORY_CONSUMED_DIAGNOSTIC_ONLY
field_lineage_id,"""HMSO01R_A|FIELD_LINEAGE|7b060c06cca73ad49fc21e32e1688bcbe34e5745a78029b452cbacf697a204be""",MS,pressure_gradient_acceleration,1,0.1382832704270438,1.0119043621185213,0.13665646241264756,0.10295031758023197,0.0,False,EVALUABLE,0.0450514952927955,EVALUABLE,EXPLORATORY_CONSUMED_DIAGNOSTIC_ONLY
field_lineage_id,"""HMSO01R_A|FIELD_LINEAGE|7b060c06cca73ad49fc21e32e1688bcbe34e5745a78029b452cbacf697a204be""",MS,viscosity_laplacian_acceleration,1,0.0,0.00013967367316919816,0.0,0.0,0.0,False,EVALUABLE,3.0434107433090876e-05,EVALUABLE,EXPLORATORY_CONSUMED_DIAGNOSTIC_ONLY
field_lineage_id,"""HMSO01R_A|FIELD_LINEAGE|7be8c21ecd7eaebf293b54b94f1920e19f00da5d0e416aaa8f7c69137970c399""",SS,density_rate,1,2.1734278590274208e-15,0.005089296889377461,4.2705857140381556e-13,2.764175470888233e-13,0.0,False,EVALUABLE,0.0008365114533432657,EVALUABLE,EXPLORATORY_CONSUMED_DIAGNOSTIC_ONLY
field_lineage_id,"""HMSO01R_A|FIELD_LINEAGE|7be8c21ecd7eaebf293b54b94f1920e19f00da5d0e416aaa8f7c69137970c399""",SS,pressure_gradient_acceleration,1,0.0,0.9406148877460447,0.0,0.0,0.0,False,EVALUABLE,0.007845925523384705,EVALUABLE,EXPLORATORY_CONSUMED_DIAGNOSTIC_ONLY
field_lineage_id,"""HMSO01R_A|FIELD_LINEAGE|7be8c21ecd7eaebf293b54b94f1920e19f00da5d0e416aaa8f7c69137970c399""",SS,viscosity_laplacian_acceleration,1,0.0005349762622560855,0.0002906542972597972,1.8405929907098695,1.5709095315171027,0.0,False,EVALUABLE,0.0012365374762916884,EVALUABLE,EXPLORATORY_CONSUMED_DIAGNOSTIC_ONLY
field_lineage_id,"""HMSO01R_A|FIELD_LINEAGE|7be8c21ecd7eaebf293b54b94f1920e19f00da5d0e416aaa8f7c69137970c399""",MS,density_rate,1,1.116709942497374e-14,0.005089296889377461,2.1942322618831803e-12,1.3615924352152943e-12,0.0,False,EVALUABLE,2.0526972947762615e-08,EVALUABLE,EXPLORATORY_CONSUMED_DIAGNOSTIC_ONLY
field_lineage_id,"""HMSO01R_A|FIELD_LINEAGE|7be8c21ecd7eaebf293b54b94f1920e19f00da5d0e416aaa8f7c69137970c399""",MS,pressure_gradient_acceleration,1,0.0,0.9406148877460447,0.0,0.0,0.0,False,EVALUABLE,0.0020088017441352484,EVALUABLE,EXPLORATORY_CONSUMED_DIAGNOSTIC_ONLY
field_lineage_id,"""HMSO01R_A|FIELD_LINEAGE|7be8c21ecd7eaebf293b54b94f1920e19f00da5d0e416aaa8f7c69137970c399""",MS,viscosity_laplacian_acceleration,1,0.0004740606835457084,0.0002906542972597972,1.6310121268290627,1.7640841067052784,0.0,False,EVALUABLE,0.0010022181426383623,EVALUABLE,EXPLORATORY_CONSUMED_DIAGNOSTIC_ONLY
field_lineage_id,"""HMSO01R_A|FIELD_LINEAGE|7c009b8ab0dfadca9095462a890aab36eac46b48a3c131f7a908a8d37a21f707""",SS,density_rate,1,0.0010215505373037718,0.004838880290856182,0.21111300050843385,0.1920732414535144,0.0,False,EVALUABLE,0.009273983747493884,EVALUABLE,EXPLORATORY_CONSUMED_DIAGNOSTIC_ONLY
field_lineage_id,"""HMSO01R_A|FIELD_LINEAGE|7c009b8ab0dfadca9095462a890aab36eac46b48a3c131f7a908a8d37a21f707""",SS,pressure_gradient_acceleration,1,0.0,1.0471821634019478,0.0,0.0,0.0,False,EVALUABLE,0.009275315758571902,EVALUABLE,EXPLORATORY_CONSUMED_DIAGNOSTIC_ONLY
field_lineage_id,"""HMSO01R_A|FIELD_LINEAGE|7c009b8ab0dfadca9095462a890aab36eac46b48a3c131f7a908a8d37a21f707""",SS,viscosity_laplacian_acceleration,1,3.54363859588166e-05,7.217776290184053e-05,0.4909598820208512,0.4321585763000185,0.0,False,EVALUABLE,0.002018259558949689,EVALUABLE,EXPLORATORY_CONSUMED_DIAGNOSTIC_ONLY
field_lineage_id,"""HMSO01R_A|FIELD_LINEAGE|7c009b8ab0dfadca9095462a890aab36eac46b48a3c131f7a908a8d37a21f707""",MS,density_rate,1,1.3544420049838099e-05,0.004838880290856182,0.0027990814477126848,0.0029105213652163,0.0,False,EVALUABLE,0.0004820279137778092,EVALUABLE,EXPLORATORY_CONSUMED_DIAGNOSTIC_ONLY
field_lineage_id,"""HMSO01R_A|FIELD_LINEAGE|7c009b8ab0dfadca9095462a890aab36eac46b48a3c131f7a908a8d37a21f707""",MS,pressure_gradient_acceleration,1,0.0,1.0471821634019478,0.0,0.0,0.0,False,EVALUABLE,0.00259289439452337,EVALUABLE,EXPLORATORY_CONSUMED_DIAGNOSTIC_ONLY
field_lineage_id,"""HMSO01R_A|FIELD_LINEAGE|7c009b8ab0dfadca9095462a890aab36eac46b48a3c131f7a908a8d37a21f707""",MS,viscosity_laplacian_acceleration,1,2.5483159818190738e-05,7.217776290184053e-05,0.3530610924149454,0.33073787711675634,0.0,False,EVALUABLE,0.0003461897928988644,EVALUABLE,EXPLORATORY_CONSUMED_DIAGNOSTIC_ONLY
field_lineage_id,"""HMSO01R_A|FIELD_LINEAGE|7cb12f064a9c8069fd15f2a86fa0ddd017328ca5cc4b0fc515bbfbdd4c6e6858""",SS,density_rate,2,0.019923954489047775,0.03954565145800134,0.5038216277763842,0.5505916832043698,0.0,False,EVALUABLE,0.086384596918265,EVALUABLE,EXPLORATORY_CONSUMED_DIAGNOSTIC_ONLY
field_lineage_id,"""HMSO01R_A|FIELD_LINEAGE|7cb12f064a9c8069fd15f2a86fa0ddd017328ca5cc4b0fc515bbfbdd4c6e6858""",SS,pressure_gradient_acceleration,2,0.0,0.43214315266508474,0.0,0.0,0.0,False,EVALUABLE,0.00551014641234128,EVALUABLE,EXPLORATORY_CONSUMED_DIAGNOSTIC_ONLY
field_lineage_id,"""HMSO01R_A|FIELD_LINEAGE|7cb12f064a9c8069fd15f2a86fa0ddd017328ca5cc4b0fc515bbfbdd4c6e6858""",SS,viscosity_laplacian_acceleration,2,0.0003933140293988815,0.00023700801317423243,1.6594967576465163,0.811160122124198,0.0,False,EVALUABLE,0.004657440149669551,EVALUABLE,EXPLORATORY_CONSUMED_DIAGNOSTIC_ONLY
field_lineage_id,"""HMSO01R_A|FIELD_LINEAGE|7cb12f064a9c8069fd15f2a86fa0ddd017328ca5cc4b0fc515bbfbdd4c6e6858""",MS,density_rate,2,0.0009672431511299704,0.03954565145800134,0.024458900421888648,0.07626776375380026,0.0,False,EVALUABLE,0.012383703236246725,EVALUABLE,EXPLORATORY_CONSUMED_DIAGNOSTIC_ONLY
field_lineage_id,"""HMSO01R_A|FIELD_LINEAGE|7cb12f064a9c8069fd15f2a86fa0ddd017328ca5cc4b0fc515bbfbdd4c6e6858""",MS,pressure_gradient_acceleration,2,0.0,0.43214315266508474,0.0,0.0,0.0,False,EVALUABLE,0.002259579157146909,EVALUABLE,EXPLORATORY_CONSUMED_DIAGNOSTIC_ONLY
field_lineage_id,"""HMSO01R_A|FIELD_LINEAGE|7cb12f064a9c8069fd15f2a86fa0ddd017328ca5cc4b0fc515bbfbdd4c6e6858""",MS,viscosity_laplacian_acceleration,2,0.00030186076291914007,0.00023700801317423243,1.273631042580962,0.865903635891109,0.0,False,EVALUABLE,0.0011953369271841875,EVALUABLE,EXPLORATORY_CONSUMED_DIAGNOSTIC_ONLY
field_lineage_id,"""HMSO01R_A|FIELD_LINEAGE|7f5e5896e83ee81bc858adc8fff5befe2b2c76e1183ff21435261a6621560b2c""",SS,density_rate,2,0.0,0.005789043768512708,0.0,0.0,0.0,False,EVALUABLE,0.0003311937343194499,EVALUABLE,EXPLORATORY_CONSUMED_DIAGNOSTIC_ONLY
field_lineage_id,"""HMSO01R_A|FIELD_LINEAGE|7f5e5896e83ee81bc858adc8fff5befe2b2c76e1183ff21435261a6621560b2c""",SS,pressure_gradient_acceleration,2,1.0398189091167005,2.803868308522768,0.37085155032282324,0.25351398271346576,0.0,False,EVALUABLE,0.8377820362006085,EVALUABLE,EXPLORATORY_CONSUMED_DIAGNOSTIC_ONLY
field_lineage_id,"""HMSO01R_A|FIELD_LINEAGE|7f5e5896e83ee81bc858adc8fff5befe2b2c76e1183ff21435261a6621560b2c""",SS,viscosity_laplacian_acceleration,2,0.0,0.00010481815637954954,0.0,0.0,0.0,False,EVALUABLE,3.872851292042801e-05,EVALUABLE,EXPLORATORY_CONSUMED_DIAGNOSTIC_ONLY
field_lineage_id,"""HMSO01R_A|FIELD_LINEAGE|7f5e5896e83ee81bc858adc8fff5befe2b2c76e1183ff21435261a6621560b2c""",MS,density_rate,2,0.0,0.005789043768512708,0.0,0.0,0.0,False,EVALUABLE,0.000479749626228063,EVALUABLE,EXPLORATORY_CONSUMED_DIAGNOSTIC_ONLY
field_lineage_id,"""HMSO01R_A|FIELD_LINEAGE|7f5e5896e83ee81bc858adc8fff5befe2b2c76e1183ff21435261a6621560b2c""",MS,pressure_gradient_acceleration,2,1.0398189091167005,2.803868308522768,0.37085155032282324,0.25351398271346576,0.0,False,EVALUABLE,0.4654978272600901,EVALUABLE,EXPLORATORY_CONSUMED_DIAGNOSTIC_ONLY
field_lineage_id,"""HMSO01R_A|FIELD_LINEAGE|7f5e5896e83ee81bc858adc8fff5befe2b2c76e1183ff21435261a6621560b2c""",MS,viscosity_laplacian_acceleration,2,0.0,0.00010481815637954954,0.0,0.0,0.0,False,EVALUABLE,2.7867605114576162e-05,EVALUABLE,EXPLORATORY_CONSUMED_DIAGNOSTIC_ONLY
field_lineage_id,"""HMSO01R_A|FIELD_LINEAGE|7fcdfe3b32b571e4d4b1a4e7c1702d5dffaf41926d62628c6a434d692409d901""",SS,density_rate,1,4.16026847661731e-33,0.01252423186381245,3.321775356649218e-31,1.8448363155923016e-31,0.0,False,EVALUABLE,0.0014271389789231807,EVALUABLE,EXPLORATORY_CONSUMED_DIAGNOSTIC_ONLY
field_lineage_id,"""HMSO01R_A|FIELD_LINEAGE|7fcdfe3b32b571e4d4b1a4e7c1702d5dffaf41926d62628c6a434d692409d901""",SS,pressure_gradient_acceleration,1,0.0,1.2917668313453774,0.0,0.0,0.0,False,EVALUABLE,0.0008285662278316903,EVALUABLE,EXPLORATORY_CONSUMED_DIAGNOSTIC_ONLY
field_lineage_id,"""HMSO01R_A|FIELD_LINEAGE|7fcdfe3b32b571e4d4b1a4e7c1702d5dffaf41926d62628c6a434d692409d901""",SS,viscosity_laplacian_acceleration,1,7.319750426372147e-07,9.386088218595951e-05,0.007798510152365791,0.0006054878102991995,0.0,False,EVALUABLE,0.0011049059606869057,EVALUABLE,EXPLORATORY_CONSUMED_DIAGNOSTIC_ONLY
field_lineage_id,"""HMSO01R_A|FIELD_LINEAGE|7fcdfe3b32b571e4d4b1a4e7c1702d5dffaf41926d62628c6a434d692409d901""",MS,density_rate,1,5.8504308068392614e-33,0.01252423186381245,4.671289122124537e-31,4.065687492043074e-31,0.0,False,EVALUABLE,5.158731765921587e-05,EVALUABLE,EXPLORATORY_CONSUMED_DIAGNOSTIC_ONLY
field_lineage_id,"""HMSO01R_A|FIELD_LINEAGE|7fcdfe3b32b571e4d4b1a4e7c1702d5dffaf41926d62628c6a434d692409d901""",MS,pressure_gradient_acceleration,1,0.0,1.2917668313453774,0.0,0.0,0.0,False,EVALUABLE,0.003231562799071012,EVALUABLE,EXPLORATORY_CONSUMED_DIAGNOSTIC_ONLY
field_lineage_id,"""HMSO01R_A|FIELD_LINEAGE|7fcdfe3b32b571e4d4b1a4e7c1702d5dffaf41926d62628c6a434d692409d901""",MS,viscosity_laplacian_acceleration,1,4.57753643395386e-07,9.386088218595951e-05,0.004876937364476003,0.001199850022678497,0.0,False,EVALUABLE,0.00045622389429628504,EVALUABLE,EXPLORATORY_CONSUMED_DIAGNOSTIC_ONLY
field_lineage_id,"""HMSO01R_A|FIELD_LINEAGE|7fd6bba4cc2991027e04cc510555a1b3e651423143c79ecd367c197fbfdf8786""",SS,density_rate,1,3.9188394441597477e-16,0.0070866393518457076,5.5298982346817044e-14,2.896438644745884e-14,0.0,False,EVALUABLE,0.00044138935268312217,EVALUABLE,EXPLORATORY_CONSUMED_DIAGNOSTIC_ONLY
field_lineage_id,"""HMSO01R_A|FIELD_LINEAGE|7fd6bba4cc2991027e04cc510555a1b3e651423143c79ecd367c197fbfdf8786""",SS,pressure_gradient_acceleration,1,0.0,1.357616572428571,0.0,0.0,0.0,False,EVALUABLE,0.01208578794784196,EVALUABLE,EXPLORATORY_CONSUMED_DIAGNOSTIC_ONLY
field_lineage_id,"""HMSO01R_A|FIELD_LINEAGE|7fd6bba4cc2991027e04cc510555a1b3e651423143c79ecd367c197fbfdf8786""",SS,viscosity_laplacian_acceleration,1,0.00017517746888188785,0.00021015206337562275,0.8335748222884597,0.9212392378249402,0.0,False,EVALUABLE,0.0033900266315764777,EVALUABLE,EXPLORATORY_CONSUMED_DIAGNOSTIC_ONLY
field_lineage_id,"""HMSO01R_A|FIELD_LINEAGE|7fd6bba4cc2991027e04cc510555a1b3e651423143c79ecd367c197fbfdf8786""",MS,density_rate,1,1.155213714470882e-15,0.0070866393518457076,1.6301291163772964e-13,8.216206055785109e-14,0.0,False,EVALUABLE,0.0005368433106104167,EVALUABLE,EXPLORATORY_CONSUMED_DIAGNOSTIC_ONLY
field_lineage_id,"""HMSO01R_A|FIELD_LINEAGE|7fd6bba4cc2991027e04cc510555a1b3e651423143c79ecd367c197fbfdf8786""",MS,pressure_gradient_acceleration,1,0.0,1.357616572428571,0.0,0.0,0.0,False,EVALUABLE,0.0036727165003335345,EVALUABLE,EXPLORATORY_CONSUMED_DIAGNOSTIC_ONLY
field_lineage_id,"""HMSO01R_A|FIELD_LINEAGE|7fd6bba4cc2991027e04cc510555a1b3e651423143c79ecd367c197fbfdf8786""",MS,viscosity_laplacian_acceleration,1,0.00017104427004531074,0.00021015206337562275,0.8139071646400573,0.7593576891501121,0.0,False,EVALUABLE,0.0004836377732682,EVALUABLE,EXPLORATORY_CONSUMED_DIAGNOSTIC_ONLY
field_lineage_id,"""HMSO01R_A|FIELD_LINEAGE|7fd9257249644666dfcbc65ef0f9aa8090d87f1c93f77579cc137a1fc016a884""",SS,density_rate,2,7.801896205014165e-15,0.01201886786880039,6.491373638666083e-13,4.4153865950173634e-13,0.0,False,EVALUABLE,0.0018676561622801406,EVALUABLE,EXPLORATORY_CONSUMED_DIAGNOSTIC_ONLY
field_lineage_id,"""HMSO01R_A|FIELD_LINEAGE|7fd9257249644666dfcbc65ef0f9aa8090d87f1c93f77579cc137a1fc016a884""",SS,pressure_gradient_acceleration,2,0.0,1.0611157149745378,0.0,0.0,0.0,False,EVALUABLE,0.017970728997923322,EVALUABLE,EXPLORATORY_CONSUMED_DIAGNOSTIC_ONLY
field_lineage_id,"""HMSO01R_A|FIELD_LINEAGE|7fd9257249644666dfcbc65ef0f9aa8090d87f1c93f77579cc137a1fc016a884""",SS,viscosity_laplacian_acceleration,2,0.00021676141199971098,0.00011925805290568315,1.8175830203360748,1.3861850211018654,0.0,False,EVALUABLE,0.0007500735913959575,EVALUABLE,EXPLORATORY_CONSUMED_DIAGNOSTIC_ONLY
field_lineage_id,"""HMSO01R_A|FIELD_LINEAGE|7fd9257249644666dfcbc65ef0f9aa8090d87f1c93f77579cc137a1fc016a884""",MS,density_rate,2,8.93137474893583e-13,0.01201886786880039,7.431128161513998e-11,6.152853482582519e-11,0.0,False,EVALUABLE,0.0005564586122947757,EVALUABLE,EXPLORATORY_CONSUMED_DIAGNOSTIC_ONLY
field_lineage_id,"""HMSO01R_A|FIELD_LINEAGE|7fd9257249644666dfcbc65ef0f9aa8090d87f1c93f77579cc137a1fc016a884""",MS,pressure_gradient_acceleration,2,0.0,1.0611157149745378,0.0,0.0,0.0,False,EVALUABLE,0.0038157550656543215,EVALUABLE,EXPLORATORY_CONSUMED_DIAGNOSTIC_ONLY
field_lineage_id,"""HMSO01R_A|FIELD_LINEAGE|7fd9257249644666dfcbc65ef0f9aa8090d87f1c93f77579cc137a1fc016a884""",MS,viscosity_laplacian_acceleration,2,8.592707761813216e-05,0.00011925805290568315,0.7205138397328082,0.6787582248523857,0.0,False,EVALUABLE,0.00015650633401133156,EVALUABLE,EXPLORATORY_CONSUMED_DIAGNOSTIC_ONLY
field_lineage_id,"""HMSO01R_A|FIELD_LINEAGE|81c7292472bf739bf28836ff17c69dda49199278b75cd9c66130df6be7c143fb""",SS,density_rate,2,0.0,0.00701029425740852,0.0,0.0,0.0,False,EVALUABLE,0.0005470077128619229,EVALUABLE,EXPLORATORY_CONSUMED_DIAGNOSTIC_ONLY
field_lineage_id,"""HMSO01R_A|FIELD_LINEAGE|81c7292472bf739bf28836ff17c69dda49199278b75cd9c66130df6be7c143fb""",SS,pressure_gradient_acceleration,2,0.2656063834194874,2.5381632554898745,0.10464511407806368,0.10902444779116711,0.0,False,EVALUABLE,0.7973591126732914,EVALUABLE,EXPLORATORY_CONSUMED_DIAGNOSTIC_ONLY
field_lineage_id,"""HMSO01R_A|FIELD_LINEAGE|81c7292472bf739bf28836ff17c69dda49199278b75cd9c66130df6be7c143fb""",SS,viscosity_laplacian_acceleration,2,0.0,0.00011972289327378197,0.0,0.0,0.0,False,EVALUABLE,6.002295611467009e-05,EVALUABLE,EXPLORATORY_CONSUMED_DIAGNOSTIC_ONLY
field_lineage_id,"""HMSO01R_A|FIELD_LINEAGE|81c7292472bf739bf28836ff17c69dda49199278b75cd9c66130df6be7c143fb""",MS,density_rate,2,0.0,0.00701029425740852,0.0,0.0,0.0,False,EVALUABLE,0.0009903617065579382,EVALUABLE,EXPLORATORY_CONSUMED_DIAGNOSTIC_ONLY
field_lineage_id,"""HMSO01R_A|FIELD_LINEAGE|81c7292472bf739bf28836ff17c69dda49199278b75cd9c66130df6be7c143fb""",MS,pressure_gradient_acceleration,2,0.2656063834194874,2.5381632554898745,0.10464511407806368,0.10902444779116711,0.0,False,EVALUABLE,0.33315417471809206,EVALUABLE,EXPLORATORY_CONSUMED_DIAGNOSTIC_ONLY
field_lineage_id,"""HMSO01R_A|FIELD_LINEAGE|81c7292472bf739bf28836ff17c69dda49199278b75cd9c66130df6be7c143fb""",MS,viscosity_laplacian_acceleration,2,0.0,0.00011972289327378197,0.0,0.0,0.0,False,EVALUABLE,7.813629833893523e-05,EVALUABLE,EXPLORATORY_CONSUMED_DIAGNOSTIC_ONLY
field_lineage_id,"""HMSO01R_A|FIELD_LINEAGE|8319212c9598ce2f7cd195e20de66435ffdb6ab6aeedf4d663d53cb3966ebc0a""",SS,density_rate,1,0.0007354528771818267,0.01563233906444475,0.047046886211327806,0.059715832905980454,0.0,False,EVALUABLE,0.019315476316758205,EVALUABLE,EXPLORATORY_CONSUMED_DIAGNOSTIC_ONLY
field_lineage_id,"""HMSO01R_A|FIELD_LINEAGE|8319212c9598ce2f7cd195e20de66435ffdb6ab6aeedf4d663d53cb3966ebc0a""",SS,pressure_gradient_acceleration,1,0.0,1.1244914879615346,0.0,0.0,0.0,False,EVALUABLE,0.036420030880676926,EVALUABLE,EXPLORATORY_CONSUMED_DIAGNOSTIC_ONLY
field_lineage_id,"""HMSO01R_A|FIELD_LINEAGE|8319212c9598ce2f7cd195e20de66435ffdb6ab6aeedf4d663d53cb3966ebc0a""",SS,viscosity_laplacian_acceleration,1,0.0009452889804823682,0.00011211760787690822,8.431226801772144,2.4594703718435285,0.0,False,EVALUABLE,0.000311478566459218,EVALUABLE,EXPLORATORY_CONSUMED_DIAGNOSTIC_ONLY
field_lineage_id,"""HMSO01R_A|FIELD_LINEAGE|8319212c9598ce2f7cd195e20de66435ffdb6ab6aeedf4d663d53cb3966ebc0a""",MS,density_rate,1,1.0579420528162917e-05,0.01563233906444475,0.0006767650371802302,0.0010371843699340227,0.0,False,EVALUABLE,0.0024317591195382187,EVALUABLE,EXPLORATORY_CONSUMED_DIAGNOSTIC_ONLY
field_lineage_id,"""HMSO01R_A|FIELD_LINEAGE|8319212c9598ce2f7cd195e20de66435ffdb6ab6aeedf4d663d53cb3966ebc0a""",MS,pressure_gradient_acceleration,1,0.0,1.1244914879615346,0.0,0.0,0.0,False,EVALUABLE,0.002628949950290285,EVALUABLE,EXPLORATORY_CONSUMED_DIAGNOSTIC_ONLY
field_lineage_id,"""HMSO01R_A|FIELD_LINEAGE|8319212c9598ce2f7cd195e20de66435ffdb6ab6aeedf4d663d53cb3966ebc0a""",MS,viscosity_laplacian_acceleration,1,9.567213993458515e-05,0.00011211760787690822,0.8533194896525242,0.48230117464046435,0.0,False,EVALUABLE,0.00015229654001482895,EVALUABLE,EXPLORATORY_CONSUMED_DIAGNOSTIC_ONLY
field_lineage_id,"""HMSO01R_A|FIELD_LINEAGE|83c68f311cba3e93368aeeec1e81f7eebc2d9d8bfb68a0ba32cbc3fe731f6155""",SS,density_rate,2,5.2151519998802276e-11,0.007697585133321069,6.775049459739053e-09,5.420785566226746e-09,0.0,False,EVALUABLE,0.0013047685233449108,EVALUABLE,EXPLORATORY_CONSUMED_DIAGNOSTIC_ONLY
field_lineage_id,"""HMSO01R_A|FIELD_LINEAGE|83c68f311cba3e93368aeeec1e81f7eebc2d9d8bfb68a0ba32cbc3fe731f6155""",SS,pressure_gradient_acceleration,2,0.0,1.1422408766692547,0.0,0.0,0.0,False,EVALUABLE,0.0037842590226400043,EVALUABLE,EXPLORATORY_CONSUMED_DIAGNOSTIC_ONLY
field_lineage_id,"""HMSO01R_A|FIELD_LINEAGE|83c68f311cba3e93368aeeec1e81f7eebc2d9d8bfb68a0ba32cbc3fe731f6155""",SS,viscosity_laplacian_acceleration,2,4.226109310117912e-05,0.00020905269649588092,0.2021552164098099,0.24115447542882226,0.0,False,EVALUABLE,0.0024001560428846616,EVALUABLE,EXPLORATORY_CONSUMED_DIAGNOSTIC_ONLY
field_lineage_id,"""HMSO01R_A|FIELD_LINEAGE|83c68f311cba3e93368aeeec1e81f7eebc2d9d8bfb68a0ba32cbc3fe731f6155""",MS,density_rate,2,7.644369265020775e-12,0.007697585133321069,9.930866801238827e-10,2.417399592818884e-10,0.0,False,EVALUABLE,2.4930222386095733e-06,EVALUABLE,EXPLORATORY_CONSUMED_DIAGNOSTIC_ONLY
field_lineage_id,"""HMSO01R_A|FIELD_LINEAGE|83c68f311cba3e93368aeeec1e81f7eebc2d9d8bfb68a0ba32cbc3fe731f6155""",MS,pressure_gradient_acceleration,2,0.0,1.1422408766692547,0.0,0.0,0.0,False,EVALUABLE,0.034962137610667215,EVALUABLE,EXPLORATORY_CONSUMED_DIAGNOSTIC_ONLY
field_lineage_id,"""HMSO01R_A|FIELD_LINEAGE|83c68f311cba3e93368aeeec1e81f7eebc2d9d8bfb68a0ba32cbc3fe731f6155""",MS,viscosity_laplacian_acceleration,2,0.00017762268455460788,0.00020905269649588092,0.8496550751647811,0.39516822023973264,0.0,False,EVALUABLE,0.0007811958105535303,EVALUABLE,EXPLORATORY_CONSUMED_DIAGNOSTIC_ONLY
field_lineage_id,"""HMSO01R_A|FIELD_LINEAGE|8573999ac09da70da8d1802997d1dd1b2879d7ff239af35fb1a185a39cc1f420""",SS,density_rate,3,0.008382041793930888,0.02776821152835195,0.30185745975655076,0.19102518498149923,0.0,False,EVALUABLE,0.07245162243468456,EVALUABLE,EXPLORATORY_CONSUMED_DIAGNOSTIC_ONLY
field_lineage_id,"""HMSO01R_A|FIELD_LINEAGE|8573999ac09da70da8d1802997d1dd1b2879d7ff239af35fb1a185a39cc1f420""",SS,pressure_gradient_acceleration,3,0.0,1.2864450885513339,0.0,0.0,0.0,False,EVALUABLE,0.02491351677524021,EVALUABLE,EXPLORATORY_CONSUMED_DIAGNOSTIC_ONLY
field_lineage_id,"""HMSO01R_A|FIELD_LINEAGE|8573999ac09da70da8d1802997d1dd1b2879d7ff239af35fb1a185a39cc1f420""",SS,viscosity_laplacian_acceleration,3,0.0002872188615734476,0.00025233624151999994,1.1382386447674933,0.6335964445995389,0.0,False,EVALUABLE,0.005649969208601579,EVALUABLE,EXPLORATORY_CONSUMED_DIAGNOSTIC_ONLY
field_lineage_id,"""HMSO01R_A|FIELD_LINEAGE|8573999ac09da70da8d1802997d1dd1b2879d7ff239af35fb1a185a39cc1f420""",MS,density_rate,3,0.00048267336256624144,0.02776821152835195,0.01738222723035012,0.022246294331342547,0.0,False,EVALUABLE,0.007592821921565706,EVALUABLE,EXPLORATORY_CONSUMED_DIAGNOSTIC_ONLY
field_lineage_id,"""HMSO01R_A|FIELD_LINEAGE|8573999ac09da70da8d1802997d1dd1b2879d7ff239af35fb1a185a39cc1f420""",MS,pressure_gradient_acceleration,3,0.0,1.2864450885513339,0.0,0.0,0.0,False,EVALUABLE,0.002929834053027756,EVALUABLE,EXPLORATORY_CONSUMED_DIAGNOSTIC_ONLY
field_lineage_id,"""HMSO01R_A|FIELD_LINEAGE|8573999ac09da70da8d1802997d1dd1b2879d7ff239af35fb1a185a39cc1f420""",MS,viscosity_laplacian_acceleration,3,0.0003369854267876615,0.00025233624151999994,1.3354618613551488,1.0086062508145195,0.0,False,EVALUABLE,0.0018558277533701252,EVALUABLE,EXPLORATORY_CONSUMED_DIAGNOSTIC_ONLY
field_lineage_id,"""HMSO01R_A|FIELD_LINEAGE|86c895c14384dc9ce73736790948d3516d7de8be96dc834ec48d9a651e6b8e5e""",SS,density_rate,1,0.005372338330137101,0.010060691493499543,0.5339929500480458,0.31483199871346623,0.0,False,EVALUABLE,0.0354477673311928,EVALUABLE,EXPLORATORY_CONSUMED_DIAGNOSTIC_ONLY
field_lineage_id,"""HMSO01R_A|FIELD_LINEAGE|86c895c14384dc9ce73736790948d3516d7de8be96dc834ec48d9a651e6b8e5e""",SS,pressure_gradient_acceleration,1,0.0,1.0353679397445394,0.0,0.0,0.0,False,EVALUABLE,0.0021906308263137638,EVALUABLE,EXPLORATORY_CONSUMED_DIAGNOSTIC_ONLY
field_lineage_id,"""HMSO01R_A|FIELD_LINEAGE|86c895c14384dc9ce73736790948d3516d7de8be96dc834ec48d9a651e6b8e5e""",SS,viscosity_laplacian_acceleration,1,9.680980736198895e-05,0.00014834164813980774,0.6526138045247313,0.6829688357644739,0.0,False,EVALUABLE,0.0012363471806731332,EVALUABLE,EXPLORATORY_CONSUMED_DIAGNOSTIC_ONLY
field_lineage_id,"""HMSO01R_A|FIELD_LINEAGE|86c895c14384dc9ce73736790948d3516d7de8be96dc834ec48d9a651e6b8e5e""",MS,density_rate,1,3.0293967177563992e-05,0.010060691493499543,0.0030111217700232295,0.001473944642312039,0.0,False,EVALUABLE,0.003226362057083376,EVALUABLE,EXPLORATORY_CONSUMED_DIAGNOSTIC_ONLY
field_lineage_id,"""HMSO01R_A|FIELD_LINEAGE|86c895c14384dc9ce73736790948d3516d7de8be96dc834ec48d9a651e6b8e5e""",MS,pressure_gradient_acceleration,1,0.0,1.0353679397445394,0.0,0.0,0.0,False,EVALUABLE,0.007746290363100241,EVALUABLE,EXPLORATORY_CONSUMED_DIAGNOSTIC_ONLY
field_lineage_id,"""HMSO01R_A|FIELD_LINEAGE|86c895c14384dc9ce73736790948d3516d7de8be96dc834ec48d9a651e6b8e5e""",MS,viscosity_laplacian_acceleration,1,7.475349076265508e-05,0.00014834164813980774,0.5039278698872353,0.2889787655965834,0.0,False,EVALUABLE,0.00095178428953622,EVALUABLE,EXPLORATORY_CONSUMED_DIAGNOSTIC_ONLY
field_lineage_id,"""HMSO01R_A|FIELD_LINEAGE|86f4c153dee170c8ee8f47b2eb988fa25bcda8c9a7b6fd68a3d7256dc3af0a1f""",SS,density_rate,1,0.0,0.008008771308198975,0.0,0.0,0.0,False,EVALUABLE,0.0003299902717875975,EVALUABLE,EXPLORATORY_CONSUMED_DIAGNOSTIC_ONLY
field_lineage_id,"""HMSO01R_A|FIELD_LINEAGE|86f4c153dee170c8ee8f47b2eb988fa25bcda8c9a7b6fd68a3d7256dc3af0a1f""",SS,pressure_gradient_acceleration,1,0.22391307778768077,1.5281752321265545,0.1465231689929245,0.005174401317855827,0.0,False,EVALUABLE,0.2528100262205195,EVALUABLE,EXPLORATORY_CONSUMED_DIAGNOSTIC_ONLY
field_lineage_id,"""HMSO01R_A|FIELD_LINEAGE|86f4c153dee170c8ee8f47b2eb988fa25bcda8c9a7b6fd68a3d7256dc3af0a1f""",SS,viscosity_laplacian_acceleration,1,0.0,0.0001182746201523246,0.0,0.0,0.0,False,EVALUABLE,6.785114869030243e-05,EVALUABLE,EXPLORATORY_CONSUMED_DIAGNOSTIC_ONLY
field_lineage_id,"""HMSO01R_A|FIELD_LINEAGE|86f4c153dee170c8ee8f47b2eb988fa25bcda8c9a7b6fd68a3d7256dc3af0a1f""",MS,density_rate,1,0.0,0.008008771308198975,0.0,0.0,0.0,False,EVALUABLE,0.0,EVALUABLE,EXPLORATORY_CONSUMED_DIAGNOSTIC_ONLY
field_lineage_id,"""HMSO01R_A|FIELD_LINEAGE|86f4c153dee170c8ee8f47b2eb988fa25bcda8c9a7b6fd68a3d7256dc3af0a1f""",MS,pressure_gradient_acceleration,1,0.03710849321837072,1.5281752321265545,0.024282878323274387,0.0005853147624697031,0.00078125,False,EVALUABLE,0.09319684041576334,EVALUABLE,EXPLORATORY_CONSUMED_DIAGNOSTIC_ONLY
field_lineage_id,"""HMSO01R_A|FIELD_LINEAGE|86f4c153dee170c8ee8f47b2eb988fa25bcda8c9a7b6fd68a3d7256dc3af0a1f""",MS,viscosity_laplacian_acceleration,1,0.0,0.0001182746201523246,0.0,0.0,0.0,False,EVALUABLE,0.0006250822118422552,EVALUABLE,EXPLORATORY_CONSUMED_DIAGNOSTIC_ONLY
field_lineage_id,"""HMSO01R_A|FIELD_LINEAGE|87172e4156e9f066a6ea7ab3304062c939784ea4bd0f5f1cf466bbc2d6008cc6""",SS,density_rate,2,0.0,0.008285044957570084,0.0,0.0,0.0,False,EVALUABLE,0.0002181554954226129,EVALUABLE,EXPLORATORY_CONSUMED_DIAGNOSTIC_ONLY
field_lineage_id,"""HMSO01R_A|FIELD_LINEAGE|87172e4156e9f066a6ea7ab3304062c939784ea4bd0f5f1cf466bbc2d6008cc6""",SS,pressure_gradient_acceleration,2,1.1807788296644763,3.0453322620754943,0.3877339902673663,0.2877211233684208,0.0,False,EVALUABLE,0.886503367062459,EVALUABLE,EXPLORATORY_CONSUMED_DIAGNOSTIC_ONLY
field_lineage_id,"""HMSO01R_A|FIELD_LINEAGE|87172e4156e9f066a6ea7ab3304062c939784ea4bd0f5f1cf466bbc2d6008cc6""",SS,viscosity_laplacian_acceleration,2,0.0,0.00013552369756601062,0.0,0.0,0.0,False,EVALUABLE,6.36539415150285e-05,EVALUABLE,EXPLORATORY_CONSUMED_DIAGNOSTIC_ONLY
field_lineage_id,"""HMSO01R_A|FIELD_LINEAGE|87172e4156e9f066a6ea7ab3304062c939784ea4bd0f5f1cf466bbc2d6008cc6""",MS,density_rate,2,0.0,0.008285044957570084,0.0,0.0,0.0,False,EVALUABLE,0.0005212709806389722,EVALUABLE,EXPLORATORY_CONSUMED_DIAGNOSTIC_ONLY
field_lineage_id,"""HMSO01R_A|FIELD_LINEAGE|87172e4156e9f066a6ea7ab3304062c939784ea4bd0f5f1cf466bbc2d6008cc6""",MS,pressure_gradient_acceleration,2,1.1807788296644763,3.0453322620754943,0.3877339902673663,0.2877211233684208,0.0,False,EVALUABLE,0.4750411079533407,EVALUABLE,EXPLORATORY_CONSUMED_DIAGNOSTIC_ONLY
field_lineage_id,"""HMSO01R_A|FIELD_LINEAGE|87172e4156e9f066a6ea7ab3304062c939784ea4bd0f5f1cf466bbc2d6008cc6""",MS,viscosity_laplacian_acceleration,2,0.0,0.00013552369756601062,0.0,0.0,0.0,False,EVALUABLE,3.762006051172779e-05,EVALUABLE,EXPLORATORY_CONSUMED_DIAGNOSTIC_ONLY
field_lineage_id,"""HMSO01R_A|FIELD_LINEAGE|8788043b5775de130eade6a54c5654805d8ed31cc68fcfa8928c3b7150abef48""",SS,density_rate,1,9.105965517744075e-33,0.007298601402016288,1.2476315688685902e-30,4.783050302298561e-31,0.0,False,EVALUABLE,0.0008557191180400419,EVALUABLE,EXPLORATORY_CONSUMED_DIAGNOSTIC_ONLY
field_lineage_id,"""HMSO01R_A|FIELD_LINEAGE|8788043b5775de130eade6a54c5654805d8ed31cc68fcfa8928c3b7150abef48""",SS,pressure_gradient_acceleration,1,0.0,0.48002923931551866,0.0,0.0,0.0,False,EVALUABLE,0.008286044582960707,EVALUABLE,EXPLORATORY_CONSUMED_DIAGNOSTIC_ONLY
field_lineage_id,"""HMSO01R_A|FIELD_LINEAGE|8788043b5775de130eade6a54c5654805d8ed31cc68fcfa8928c3b7150abef48""",SS,viscosity_laplacian_acceleration,1,0.00017723934853925864,0.0006136558368959994,0.2888253282748399,0.061784648802444116,0.08046875,False,EVALUABLE,0.01196377907631441,EVALUABLE,EXPLORATORY_CONSUMED_DIAGNOSTIC_ONLY
field_lineage_id,"""HMSO01R_A|FIELD_LINEAGE|8788043b5775de130eade6a54c5654805d8ed31cc68fcfa8928c3b7150abef48""",MS,density_rate,1,1.0669592887530247e-32,0.007298601402016288,1.4618681442971662e-30,9.087146310017043e-31,0.0,False,EVALUABLE,0.0001010170612618997,EVALUABLE,EXPLORATORY_CONSUMED_DIAGNOSTIC_ONLY
field_lineage_id,"""HMSO01R_A|FIELD_LINEAGE|8788043b5775de130eade6a54c5654805d8ed31cc68fcfa8928c3b7150abef48""",MS,pressure_gradient_acceleration,1,0.0,0.48002923931551866,0.0,0.0,0.0,False,EVALUABLE,0.002173153604026712,EVALUABLE,EXPLORATORY_CONSUMED_DIAGNOSTIC_ONLY
field_lineage_id,"""HMSO01R_A|FIELD_LINEAGE|8788043b5775de130eade6a54c5654805d8ed31cc68fcfa8928c3b7150abef48""",MS,viscosity_laplacian_acceleration,1,1.702950630093487e-05,0.0006136558368959994,0.0277509073930979,3.1080742760926578e-28,0.0,False,EVALUABLE,0.00416555945622642,EVALUABLE,EXPLORATORY_CONSUMED_DIAGNOSTIC_ONLY
field_lineage_id,"""HMSO01R_A|FIELD_LINEAGE|88fd5f86ca9cc426c28ce681d06ea15f58c6c7889170fcda146bde128f6121e4""",SS,density_rate,2,0.0,0.00960024776402527,0.0,0.0,0.0,False,EVALUABLE,0.0005260726979445149,EVALUABLE,EXPLORATORY_CONSUMED_DIAGNOSTIC_ONLY
field_lineage_id,"""HMSO01R_A|FIELD_LINEAGE|88fd5f86ca9cc426c28ce681d06ea15f58c6c7889170fcda146bde128f6121e4""",SS,pressure_gradient_acceleration,2,0.3175707756065009,1.8324073872199165,0.17330795423626372,0.12597107183631034,0.0,False,EVALUABLE,0.41365492058382825,EVALUABLE,EXPLORATORY_CONSUMED_DIAGNOSTIC_ONLY
field_lineage_id,"""HMSO01R_A|FIELD_LINEAGE|88fd5f86ca9cc426c28ce681d06ea15f58c6c7889170fcda146bde128f6121e4""",SS,viscosity_laplacian_acceleration,2,0.0,8.147889220487275e-05,0.0,0.0,0.0,False,EVALUABLE,6.417498740709204e-05,EVALUABLE,EXPLORATORY_CONSUMED_DIAGNOSTIC_ONLY
field_lineage_id,"""HMSO01R_A|FIELD_LINEAGE|88fd5f86ca9cc426c28ce681d06ea15f58c6c7889170fcda146bde128f6121e4""",MS,density_rate,2,0.0,0.00960024776402527,0.0,0.0,0.0,False,EVALUABLE,0.0001307435346981118,EVALUABLE,EXPLORATORY_CONSUMED_DIAGNOSTIC_ONLY
field_lineage_id,"""HMSO01R_A|FIELD_LINEAGE|88fd5f86ca9cc426c28ce681d06ea15f58c6c7889170fcda146bde128f6121e4""",MS,pressure_gradient_acceleration,2,0.3175707756065009,1.8324073872199165,0.17330795423626372,0.12597107183631034,0.0,False,EVALUABLE,0.21982691311611194,EVALUABLE,EXPLORATORY_CONSUMED_DIAGNOSTIC_ONLY
field_lineage_id,"""HMSO01R_A|FIELD_LINEAGE|88fd5f86ca9cc426c28ce681d06ea15f58c6c7889170fcda146bde128f6121e4""",MS,viscosity_laplacian_acceleration,2,0.0,8.147889220487275e-05,0.0,0.0,0.0,False,EVALUABLE,2.6556141368836818e-05,EVALUABLE,EXPLORATORY_CONSUMED_DIAGNOSTIC_ONLY
field_lineage_id,"""HMSO01R_A|FIELD_LINEAGE|8a6dd2252f8c5f8f08c3ba5ae9cf89d97575348634ba471a1a84e7de612ac6f3""",SS,density_rate,1,0.020429301046651287,0.05087702321142734,0.4015427742648025,0.4014131426966696,0.0,False,EVALUABLE,0.0860493584348514,EVALUABLE,EXPLORATORY_CONSUMED_DIAGNOSTIC_ONLY
field_lineage_id,"""HMSO01R_A|FIELD_LINEAGE|8a6dd2252f8c5f8f08c3ba5ae9cf89d97575348634ba471a1a84e7de612ac6f3""",SS,pressure_gradient_acceleration,1,0.0,1.221998818369118,0.0,0.0,0.0,False,EVALUABLE,0.007766933477563987,EVALUABLE,EXPLORATORY_CONSUMED_DIAGNOSTIC_ONLY
field_lineage_id,"""HMSO01R_A|FIELD_LINEAGE|8a6dd2252f8c5f8f08c3ba5ae9cf89d97575348634ba471a1a84e7de612ac6f3""",SS,viscosity_laplacian_acceleration,1,0.0004103894394580249,0.00033900178500301617,1.210581942671404,0.7659678286795082,0.0,False,EVALUABLE,0.006260058779220574,EVALUABLE,EXPLORATORY_CONSUMED_DIAGNOSTIC_ONLY
field_lineage_id,"""HMSO01R_A|FIELD_LINEAGE|8a6dd2252f8c5f8f08c3ba5ae9cf89d97575348634ba471a1a84e7de612ac6f3""",MS,density_rate,1,0.0008122892623181058,0.05087702321142734,0.015965738776471103,0.08099725734650806,0.0,False,EVALUABLE,0.01388792841549876,EVALUABLE,EXPLORATORY_CONSUMED_DIAGNOSTIC_ONLY
field_lineage_id,"""HMSO01R_A|FIELD_LINEAGE|8a6dd2252f8c5f8f08c3ba5ae9cf89d97575348634ba471a1a84e7de612ac6f3""",MS,pressure_gradient_acceleration,1,0.0,1.221998818369118,0.0,0.0,0.0,False,EVALUABLE,0.0019480066751547975,EVALUABLE,EXPLORATORY_CONSUMED_DIAGNOSTIC_ONLY
field_lineage_id,"""HMSO01R_A|FIELD_LINEAGE|8a6dd2252f8c5f8f08c3ba5ae9cf89d97575348634ba471a1a84e7de612ac6f3""",MS,viscosity_laplacian_acceleration,1,0.00042583361917685885,0.00033900178500301617,1.256139755054889,1.1464196591152773,0.0,False,EVALUABLE,0.0017389966132673718,EVALUABLE,EXPLORATORY_CONSUMED_DIAGNOSTIC_ONLY
field_lineage_id,"""HMSO01R_A|FIELD_LINEAGE|8af782533dccfef4a682f44ff365b7014ae448a56bd62c92877bbd37640adb31""",SS,density_rate,12,3.5803422142950346e-05,0.00785689967519339,0.004556940221089063,0.004162840799760009,0.0,False,EVALUABLE,0.003927060660564089,EVALUABLE,EXPLORATORY_CONSUMED_DIAGNOSTIC_ONLY
field_lineage_id,"""HMSO01R_A|FIELD_LINEAGE|8af782533dccfef4a682f44ff365b7014ae448a56bd62c92877bbd37640adb31""",SS,pressure_gradient_acceleration,12,1.7802068418507775,1.2046476912898874,1.477782138896232,1.241803488247734,0.0,False,EVALUABLE,0.07111420548129123,EVALUABLE,EXPLORATORY_CONSUMED_DIAGNOSTIC_ONLY
field_lineage_id,"""HMSO01R_A|FIELD_LINEAGE|8af782533dccfef4a682f44ff365b7014ae448a56bd62c92877bbd37640adb31""",SS,viscosity_laplacian_acceleration,12,8.282670576677979e-05,0.00012647591012805492,0.6548812788373614,0.5831096243414475,0.0,False,EVALUABLE,0.0025031247419637537,EVALUABLE,EXPLORATORY_CONSUMED_DIAGNOSTIC_ONLY
field_lineage_id,"""HMSO01R_A|FIELD_LINEAGE|8af782533dccfef4a682f44ff365b7014ae448a56bd62c92877bbd37640adb31""",MS,density_rate,12,3.4905546361553643e-06,0.00785689967519339,0.0004442661584665643,0.0001940816900854365,0.0,False,EVALUABLE,0.00820455427924389,EVALUABLE,EXPLORATORY_CONSUMED_DIAGNOSTIC_ONLY
field_lineage_id,"""HMSO01R_A|FIELD_LINEAGE|8af782533dccfef4a682f44ff365b7014ae448a56bd62c92877bbd37640adb31""",MS,pressure_gradient_acceleration,12,1.3355085899385681,1.2046476912898874,1.1086300165557619,0.9823578392632705,0.0,False,EVALUABLE,0.0377731822439119,EVALUABLE,EXPLORATORY_CONSUMED_DIAGNOSTIC_ONLY
field_lineage_id,"""HMSO01R_A|FIELD_LINEAGE|8af782533dccfef4a682f44ff365b7014ae448a56bd62c92877bbd37640adb31""",MS,viscosity_laplacian_acceleration,12,0.00010167843009390548,0.00012647591012805492,0.8039351524804812,0.7380220300074328,0.0,False,EVALUABLE,0.0019526354756792185,EVALUABLE,EXPLORATORY_CONSUMED_DIAGNOSTIC_ONLY
field_lineage_id,"""HMSO01R_A|FIELD_LINEAGE|8d1e4918227588e163eea87a946c88983d6e03486114766be90d0602757fb4c2""",SS,density_rate,1,0.004434002394653593,0.012669784296996629,0.34996668378203355,0.19878364280012378,0.0,False,EVALUABLE,0.028400830904135612,EVALUABLE,EXPLORATORY_CONSUMED_DIAGNOSTIC_ONLY
field_lineage_id,"""HMSO01R_A|FIELD_LINEAGE|8d1e4918227588e163eea87a946c88983d6e03486114766be90d0602757fb4c2""",SS,pressure_gradient_acceleration,1,0.0,0.9220039790371961,0.0,0.0,0.0,False,EVALUABLE,0.005910194776199571,EVALUABLE,EXPLORATORY_CONSUMED_DIAGNOSTIC_ONLY
field_lineage_id,"""HMSO01R_A|FIELD_LINEAGE|8d1e4918227588e163eea87a946c88983d6e03486114766be90d0602757fb4c2""",SS,viscosity_laplacian_acceleration,1,0.00017927320703832624,0.00013154790687691341,1.3627978680502182,0.7100338867198979,0.0,False,EVALUABLE,0.001959796681834054,EVALUABLE,EXPLORATORY_CONSUMED_DIAGNOSTIC_ONLY
field_lineage_id,"""HMSO01R_A|FIELD_LINEAGE|8d1e4918227588e163eea87a946c88983d6e03486114766be90d0602757fb4c2""",MS,density_rate,1,4.273457711755168e-05,0.012669784296996629,0.003372952223636665,0.0012642084724012112,0.0,False,EVALUABLE,0.0009337361273694999,EVALUABLE,EXPLORATORY_CONSUMED_DIAGNOSTIC_ONLY
field_lineage_id,"""HMSO01R_A|FIELD_LINEAGE|8d1e4918227588e163eea87a946c88983d6e03486114766be90d0602757fb4c2""",MS,pressure_gradient_acceleration,1,0.0,0.9220039790371961,0.0,0.0,0.0,False,EVALUABLE,0.0017196689917652228,EVALUABLE,EXPLORATORY_CONSUMED_DIAGNOSTIC_ONLY
field_lineage_id,"""HMSO01R_A|FIELD_LINEAGE|8d1e4918227588e163eea87a946c88983d6e03486114766be90d0602757fb4c2""",MS,viscosity_laplacian_acceleration,1,4.0663250988131334e-05,0.00013154790687691341,0.30911362980620494,0.16672121778011573,0.0,False,EVALUABLE,0.0001353214130697198,EVALUABLE,EXPLORATORY_CONSUMED_DIAGNOSTIC_ONLY
field_lineage_id,"""HMSO01R_A|FIELD_LINEAGE|8e3408f57249bc00fdafb475f758686e9ee7a95dad97ecf63f9b3a27f383de5d""",SS,density_rate,1,0.013175019437756336,0.0286788652555469,0.45939821259866964,0.27408656965056033,0.0,False,EVALUABLE,0.11300790757974415,EVALUABLE,EXPLORATORY_CONSUMED_DIAGNOSTIC_ONLY
field_lineage_id,"""HMSO01R_A|FIELD_LINEAGE|8e3408f57249bc00fdafb475f758686e9ee7a95dad97ecf63f9b3a27f383de5d""",SS,pressure_gradient_acceleration,1,0.0,1.1851956734333464,0.0,0.0,0.0,False,EVALUABLE,0.008274725045629176,EVALUABLE,EXPLORATORY_CONSUMED_DIAGNOSTIC_ONLY
field_lineage_id,"""HMSO01R_A|FIELD_LINEAGE|8e3408f57249bc00fdafb475f758686e9ee7a95dad97ecf63f9b3a27f383de5d""",SS,viscosity_laplacian_acceleration,1,0.000354299630111404,0.0003330121387347834,1.063924070328182,0.812020997137618,0.0,False,EVALUABLE,0.008418792528467904,EVALUABLE,EXPLORATORY_CONSUMED_DIAGNOSTIC_ONLY
field_lineage_id,"""HMSO01R_A|FIELD_LINEAGE|8e3408f57249bc00fdafb475f758686e9ee7a95dad97ecf63f9b3a27f383de5d""",MS,density_rate,1,0.0008807440096408848,0.0286788652555469,0.030710559912077984,0.07959778962693054,0.0,False,EVALUABLE,0.01985648066556055,EVALUABLE,EXPLORATORY_CONSUMED_DIAGNOSTIC_ONLY
field_lineage_id,"""HMSO01R_A|FIELD_LINEAGE|8e3408f57249bc00fdafb475f758686e9ee7a95dad97ecf63f9b3a27f383de5d""",MS,pressure_gradient_acceleration,1,0.0,1.1851956734333464,0.0,0.0,0.0,False,EVALUABLE,0.002492291149713396,EVALUABLE,EXPLORATORY_CONSUMED_DIAGNOSTIC_ONLY
field_lineage_id,"""HMSO01R_A|FIELD_LINEAGE|8e3408f57249bc00fdafb475f758686e9ee7a95dad97ecf63f9b3a27f383de5d""",MS,viscosity_laplacian_acceleration,1,0.0005962169486088736,0.0003330121387347834,1.7903760231506487,1.9542474562544747,0.0,False,EVALUABLE,0.002878415908970298,EVALUABLE,EXPLORATORY_CONSUMED_DIAGNOSTIC_ONLY
field_lineage_id,"""HMSO01R_A|FIELD_LINEAGE|8e40e60ae6de8d393e4f96f7c0cdfd3570298138a8d1d44c6db1dc858b71a31e""",SS,density_rate,2,0.0,0.00943236695019567,0.0,0.0,0.0,False,EVALUABLE,0.002946828335120312,EVALUABLE,EXPLORATORY_CONSUMED_DIAGNOSTIC_ONLY
field_lineage_id,"""HMSO01R_A|FIELD_LINEAGE|8e40e60ae6de8d393e4f96f7c0cdfd3570298138a8d1d44c6db1dc858b71a31e""",SS,pressure_gradient_acceleration,2,0.13821381934422367,1.304292503448118,0.10596842271103454,0.07958437046527733,0.0,False,EVALUABLE,0.17739759146472642,EVALUABLE,EXPLORATORY_CONSUMED_DIAGNOSTIC_ONLY
field_lineage_id,"""HMSO01R_A|FIELD_LINEAGE|8e40e60ae6de8d393e4f96f7c0cdfd3570298138a8d1d44c6db1dc858b71a31e""",SS,viscosity_laplacian_acceleration,2,0.0,0.00012443059928069725,0.0,0.0,0.0,False,EVALUABLE,7.766503145870913e-05,EVALUABLE,EXPLORATORY_CONSUMED_DIAGNOSTIC_ONLY
field_lineage_id,"""HMSO01R_A|FIELD_LINEAGE|8e40e60ae6de8d393e4f96f7c0cdfd3570298138a8d1d44c6db1dc858b71a31e""",MS,density_rate,2,0.0,0.00943236695019567,0.0,0.0,0.0,False,EVALUABLE,0.00043856641333062275,EVALUABLE,EXPLORATORY_CONSUMED_DIAGNOSTIC_ONLY
field_lineage_id,"""HMSO01R_A|FIELD_LINEAGE|8e40e60ae6de8d393e4f96f7c0cdfd3570298138a8d1d44c6db1dc858b71a31e""",MS,pressure_gradient_acceleration,2,0.13821381934422367,1.304292503448118,0.10596842271103454,0.07958437046527733,0.0,False,EVALUABLE,0.021271307652653785,EVALUABLE,EXPLORATORY_CONSUMED_DIAGNOSTIC_ONLY
field_lineage_id,"""HMSO01R_A|FIELD_LINEAGE|8e40e60ae6de8d393e4f96f7c0cdfd3570298138a8d1d44c6db1dc858b71a31e""",MS,viscosity_laplacian_acceleration,2,0.0,0.00012443059928069725,0.0,0.0,0.0,False,EVALUABLE,1.5284078430967417e-05,EVALUABLE,EXPLORATORY_CONSUMED_DIAGNOSTIC_ONLY
field_lineage_id,"""HMSO01R_A|FIELD_LINEAGE|8fbd2d8c6238dbc0e3f8ebbea9ee429eb1cbd0b7ebf5580cffb8e79372f4cf04""",SS,density_rate,1,0.0,0.009044498644714299,0.0,0.0,0.0,False,EVALUABLE,0.00040680210507810236,EVALUABLE,EXPLORATORY_CONSUMED_DIAGNOSTIC_ONLY
field_lineage_id,"""HMSO01R_A|FIELD_LINEAGE|8fbd2d8c6238dbc0e3f8ebbea9ee429eb1cbd0b7ebf5580cffb8e79372f4cf04""",SS,pressure_gradient_acceleration,1,0.17293608649392134,1.589200930880147,0.10881952252453324,0.09672775538209476,0.0,False,EVALUABLE,0.2761480536687956,EVALUABLE,EXPLORATORY_CONSUMED_DIAGNOSTIC_ONLY
field_lineage_id,"""HMSO01R_A|FIELD_LINEAGE|8fbd2d8c6238dbc0e3f8ebbea9ee429eb1cbd0b7ebf5580cffb8e79372f4cf04""",SS,viscosity_laplacian_acceleration,1,0.0,0.00011496481436927142,0.0,0.0,0.0,False,EVALUABLE,4.383751205272101e-05,EVALUABLE,EXPLORATORY_CONSUMED_DIAGNOSTIC_ONLY
field_lineage_id,"""HMSO01R_A|FIELD_LINEAGE|8fbd2d8c6238dbc0e3f8ebbea9ee429eb1cbd0b7ebf5580cffb8e79372f4cf04""",MS,density_rate,1,0.0,0.009044498644714299,0.0,0.0,0.0,False,EVALUABLE,0.0004642029174895346,EVALUABLE,EXPLORATORY_CONSUMED_DIAGNOSTIC_ONLY
field_lineage_id,"""HMSO01R_A|FIELD_LINEAGE|8fbd2d8c6238dbc0e3f8ebbea9ee429eb1cbd0b7ebf5580cffb8e79372f4cf04""",MS,pressure_gradient_acceleration,1,0.17293608649392134,1.589200930880147,0.10881952252453324,0.09672775538209476,0.0,False,EVALUABLE,0.04008544719891599,EVALUABLE,EXPLORATORY_CONSUMED_DIAGNOSTIC_ONLY
field_lineage_id,"""HMSO01R_A|FIELD_LINEAGE|8fbd2d8c6238dbc0e3f8ebbea9ee429eb1cbd0b7ebf5580cffb8e79372f4cf04""",MS,viscosity_laplacian_acceleration,1,0.0,0.00011496481436927142,0.0,0.0,0.0,False,EVALUABLE,2.030390205074992e-05,EVALUABLE,EXPLORATORY_CONSUMED_DIAGNOSTIC_ONLY
field_lineage_id,"""HMSO01R_A|FIELD_LINEAGE|9035657b1a9729d4b57919992bee8d9ea960c2a587c8d3877d9c920d8fa2a77c""",SS,density_rate,1,0.0,0.00557110878626055,0.0,0.0,0.0,False,EVALUABLE,0.00022300948771716654,EVALUABLE,EXPLORATORY_CONSUMED_DIAGNOSTIC_ONLY
field_lineage_id,"""HMSO01R_A|FIELD_LINEAGE|9035657b1a9729d4b57919992bee8d9ea960c2a587c8d3877d9c920d8fa2a77c""",SS,pressure_gradient_acceleration,1,0.5038002098242566,1.587291258305872,0.31739619757117943,0.7766874374949304,0.0,False,EVALUABLE,0.435911145847952,EVALUABLE,EXPLORATORY_CONSUMED_DIAGNOSTIC_ONLY
field_lineage_id,"""HMSO01R_A|FIELD_LINEAGE|9035657b1a9729d4b57919992bee8d9ea960c2a587c8d3877d9c920d8fa2a77c""",SS,viscosity_laplacian_acceleration,1,0.0,0.0001129606995458721,0.0,0.0,0.0,False,EVALUABLE,3.018110810273453e-05,EVALUABLE,EXPLORATORY_CONSUMED_DIAGNOSTIC_ONLY
field_lineage_id,"""HMSO01R_A|FIELD_LINEAGE|9035657b1a9729d4b57919992bee8d9ea960c2a587c8d3877d9c920d8fa2a77c""",MS,density_rate,1,0.0,0.00557110878626055,0.0,0.0,0.0,False,EVALUABLE,0.00012166799224170118,EVALUABLE,EXPLORATORY_CONSUMED_DIAGNOSTIC_ONLY
field_lineage_id,"""HMSO01R_A|FIELD_LINEAGE|9035657b1a9729d4b57919992bee8d9ea960c2a587c8d3877d9c920d8fa2a77c""",MS,pressure_gradient_acceleration,1,0.5038002098242566,1.587291258305872,0.31739619757117943,0.7766874374949304,0.0,False,EVALUABLE,0.03161501956409055,EVALUABLE,EXPLORATORY_CONSUMED_DIAGNOSTIC_ONLY
field_lineage_id,"""HMSO01R_A|FIELD_LINEAGE|9035657b1a9729d4b57919992bee8d9ea960c2a587c8d3877d9c920d8fa2a77c""",MS,viscosity_laplacian_acceleration,1,0.0,0.0001129606995458721,0.0,0.0,0.0,False,EVALUABLE,2.5009971151314576e-05,EVALUABLE,EXPLORATORY_CONSUMED_DIAGNOSTIC_ONLY
field_lineage_id,"""HMSO01R_A|FIELD_LINEAGE|9239a350bed02b809dafe66125991e7de2c0c1c20b38f7689dc19527329619d6""",SS,density_rate,1,2.0628268519863535e-14,0.007864370658133238,2.6230030877969908e-12,1.6605109911314339e-12,0.0,False,EVALUABLE,0.0008904729136267577,EVALUABLE,EXPLORATORY_CONSUMED_DIAGNOSTIC_ONLY
field_lineage_id,"""HMSO01R_A|FIELD_LINEAGE|9239a350bed02b809dafe66125991e7de2c0c1c20b38f7689dc19527329619d6""",SS,pressure_gradient_acceleration,1,0.0,1.276643083759631,0.0,0.0,0.0,False,EVALUABLE,0.0011929256044687351,EVALUABLE,EXPLORATORY_CONSUMED_DIAGNOSTIC_ONLY
field_lineage_id,"""HMSO01R_A|FIELD_LINEAGE|9239a350bed02b809dafe66125991e7de2c0c1c20b38f7689dc19527329619d6""",SS,viscosity_laplacian_acceleration,1,6.22059999641595e-06,0.00010891666176447742,0.05711339197915782,0.041391475551098164,0.0,False,EVALUABLE,0.0003859143194550801,EVALUABLE,EXPLORATORY_CONSUMED_DIAGNOSTIC_ONLY
field_lineage_id,"""HMSO01R_A|FIELD_LINEAGE|9239a350bed02b809dafe66125991e7de2c0c1c20b38f7689dc19527329619d6""",MS,density_rate,1,2.1208879448831508e-14,0.007864370658133238,2.6968311096702363e-12,1.7239698905990628e-12,0.0,False,EVALUABLE,0.0005058660647314518,EVALUABLE,EXPLORATORY_CONSUMED_DIAGNOSTIC_ONLY
field_lineage_id,"""HMSO01R_A|FIELD_LINEAGE|9239a350bed02b809dafe66125991e7de2c0c1c20b38f7689dc19527329619d6""",MS,pressure_gradient_acceleration,1,0.0,1.276643083759631,0.0,0.0,0.0,False,EVALUABLE,0.0034443888981808618,EVALUABLE,EXPLORATORY_CONSUMED_DIAGNOSTIC_ONLY
field_lineage_id,"""HMSO01R_A|FIELD_LINEAGE|9239a350bed02b809dafe66125991e7de2c0c1c20b38f7689dc19527329619d6""",MS,viscosity_laplacian_acceleration,1,4.763597812251239e-06,0.00010891666176447742,0.043736171629572114,0.029226181566430885,0.0,False,EVALUABLE,0.00012160969467914981,EVALUABLE,EXPLORATORY_CONSUMED_DIAGNOSTIC_ONLY
field_lineage_id,"""HMSO01R_A|FIELD_LINEAGE|9415b727187c332c72260d653b657bcbe590635140818a0978bae1e8dcd4568b""",SS,density_rate,1,0.0,0.009089844898767387,0.0,0.0,0.0,False,EVALUABLE,0.0004563966506540416,EVALUABLE,EXPLORATORY_CONSUMED_DIAGNOSTIC_ONLY
field_lineage_id,"""HMSO01R_A|FIELD_LINEAGE|9415b727187c332c72260d653b657bcbe590635140818a0978bae1e8dcd4568b""",SS,pressure_gradient_acceleration,1,0.061806538627603616,1.4445419041694727,0.04278625524756845,0.04614446984351925,0.0,False,EVALUABLE,0.12273886133672698,EVALUABLE,EXPLORATORY_CONSUMED_DIAGNOSTIC_ONLY
field_lineage_id,"""HMSO01R_A|FIELD_LINEAGE|9415b727187c332c72260d653b657bcbe590635140818a0978bae1e8dcd4568b""",SS,viscosity_laplacian_acceleration,1,0.0,0.000116667519980033,0.0,0.0,0.0,False,EVALUABLE,5.505309434544661e-05,EVALUABLE,EXPLORATORY_CONSUMED_DIAGNOSTIC_ONLY
field_lineage_id,"""HMSO01R_A|FIELD_LINEAGE|9415b727187c332c72260d653b657bcbe590635140818a0978bae1e8dcd4568b""",MS,density_rate,1,0.0,0.009089844898767387,0.0,0.0,0.0,False,EVALUABLE,0.0,EVALUABLE,EXPLORATORY_CONSUMED_DIAGNOSTIC_ONLY
field_lineage_id,"""HMSO01R_A|FIELD_LINEAGE|9415b727187c332c72260d653b657bcbe590635140818a0978bae1e8dcd4568b""",MS,pressure_gradient_acceleration,1,0.061806538627603616,1.4445419041694727,0.04278625524756845,0.04614446984351925,0.0,False,EVALUABLE,0.022739416163821535,EVALUABLE,EXPLORATORY_CONSUMED_DIAGNOSTIC_ONLY
field_lineage_id,"""HMSO01R_A|FIELD_LINEAGE|9415b727187c332c72260d653b657bcbe590635140818a0978bae1e8dcd4568b""",MS,viscosity_laplacian_acceleration,1,0.0,0.000116667519980033,0.0,0.0,0.0,False,EVALUABLE,0.0009532042866741736,EVALUABLE,EXPLORATORY_CONSUMED_DIAGNOSTIC_ONLY
field_lineage_id,"""HMSO01R_A|FIELD_LINEAGE|95873981d02cb2a4e333122aa57c7927c33fccc49c0b93590a6b549f6bec57f1""",SS,density_rate,1,0.0,0.008612805099775125,0.0,0.0,0.0,False,EVALUABLE,0.0017818760674651341,EVALUABLE,EXPLORATORY_CONSUMED_DIAGNOSTIC_ONLY
field_lineage_id,"""HMSO01R_A|FIELD_LINEAGE|95873981d02cb2a4e333122aa57c7927c33fccc49c0b93590a6b549f6bec57f1""",SS,pressure_gradient_acceleration,1,0.12187445741810156,1.350867912349281,0.09021937400685674,0.0791432199329375,0.0,False,EVALUABLE,0.1418234838734007,EVALUABLE,EXPLORATORY_CONSUMED_DIAGNOSTIC_ONLY
field_lineage_id,"""HMSO01R_A|FIELD_LINEAGE|95873981d02cb2a4e333122aa57c7927c33fccc49c0b93590a6b549f6bec57f1""",SS,viscosity_laplacian_acceleration,1,0.0,0.00012128959330898768,0.0,0.0,0.0,False,EVALUABLE,4.487950573398736e-05,EVALUABLE,EXPLORATORY_CONSUMED_DIAGNOSTIC_ONLY
field_lineage_id,"""HMSO01R_A|FIELD_LINEAGE|95873981d02cb2a4e333122aa57c7927c33fccc49c0b93590a6b549f6bec57f1""",MS,density_rate,1,0.0,0.008612805099775125,0.0,0.0,0.0,False,EVALUABLE,0.0008297458971242127,EVALUABLE,EXPLORATORY_CONSUMED_DIAGNOSTIC_ONLY
field_lineage_id,"""HMSO01R_A|FIELD_LINEAGE|95873981d02cb2a4e333122aa57c7927c33fccc49c0b93590a6b549f6bec57f1""",MS,pressure_gradient_acceleration,1,0.12187445741810156,1.350867912349281,0.09021937400685674,0.0791432199329375,0.0,False,EVALUABLE,0.024137349055447437,EVALUABLE,EXPLORATORY_CONSUMED_DIAGNOSTIC_ONLY
field_lineage_id,"""HMSO01R_A|FIELD_LINEAGE|95873981d02cb2a4e333122aa57c7927c33fccc49c0b93590a6b549f6bec57f1""",MS,viscosity_laplacian_acceleration,1,0.0,0.00012128959330898768,0.0,0.0,0.0,False,EVALUABLE,2.270823707895253e-05,EVALUABLE,EXPLORATORY_CONSUMED_DIAGNOSTIC_ONLY
field_lineage_id,"""HMSO01R_A|FIELD_LINEAGE|970bbd18dffee12c05308155c993436bfc58e77384e4967420f4e2e03156c88b""",SS,density_rate,2,0.0,0.009972651776770093,0.0,0.0,0.0,False,EVALUABLE,0.004770743785782442,EVALUABLE,EXPLORATORY_CONSUMED_DIAGNOSTIC_ONLY
field_lineage_id,"""HMSO01R_A|FIELD_LINEAGE|970bbd18dffee12c05308155c993436bfc58e77384e4967420f4e2e03156c88b""",SS,pressure_gradient_acceleration,2,0.3810203846141271,2.7919125496111947,0.13647289370406263,0.16019277829173426,0.0,False,EVALUABLE,0.6409627923595941,EVALUABLE,EXPLORATORY_CONSUMED_DIAGNOSTIC_ONLY
field_lineage_id,"""HMSO01R_A|FIELD_LINEAGE|970bbd18dffee12c05308155c993436bfc58e77384e4967420f4e2e03156c88b""",SS,viscosity_laplacian_acceleration,2,0.0,0.00011369837451619758,0.0,0.0,0.0,False,EVALUABLE,0.00012314751829898508,EVALUABLE,EXPLORATORY_CONSUMED_DIAGNOSTIC_ONLY
field_lineage_id,"""HMSO01R_A|FIELD_LINEAGE|970bbd18dffee12c05308155c993436bfc58e77384e4967420f4e2e03156c88b""",MS,density_rate,2,0.0,0.009972651776770093,0.0,0.0,0.0,False,EVALUABLE,0.0017675747848688195,EVALUABLE,EXPLORATORY_CONSUMED_DIAGNOSTIC_ONLY
field_lineage_id,"""HMSO01R_A|FIELD_LINEAGE|970bbd18dffee12c05308155c993436bfc58e77384e4967420f4e2e03156c88b""",MS,pressure_gradient_acceleration,2,0.3810203846141271,2.7919125496111947,0.13647289370406263,0.16019277829173426,0.0,False,EVALUABLE,0.3201426970655069,EVALUABLE,EXPLORATORY_CONSUMED_DIAGNOSTIC_ONLY
field_lineage_id,"""HMSO01R_A|FIELD_LINEAGE|970bbd18dffee12c05308155c993436bfc58e77384e4967420f4e2e03156c88b""",MS,viscosity_laplacian_acceleration,2,0.0,0.00011369837451619758,0.0,0.0,0.0,False,EVALUABLE,9.64304256816652e-05,EVALUABLE,EXPLORATORY_CONSUMED_DIAGNOSTIC_ONLY
field_lineage_id,"""HMSO01R_A|FIELD_LINEAGE|97c8122849aa3cb13b599389c011f78352d49decd5677988d0a2a6da7c39f700""",SS,density_rate,2,1.7465386129887073e-35,0.007922044335242316,2.204656448612623e-33,2.045451207979714e-33,0.0,False,EVALUABLE,0.0020226351685269568,EVALUABLE,EXPLORATORY_CONSUMED_DIAGNOSTIC_ONLY
field_lineage_id,"""HMSO01R_A|FIELD_LINEAGE|97c8122849aa3cb13b599389c011f78352d49decd5677988d0a2a6da7c39f700""",SS,pressure_gradient_acceleration,2,0.1402361383156953,1.2222211637290274,0.11473875799027348,0.08762039051451455,0.0,False,EVALUABLE,0.09693726315843991,EVALUABLE,EXPLORATORY_CONSUMED_DIAGNOSTIC_ONLY
field_lineage_id,"""HMSO01R_A|FIELD_LINEAGE|97c8122849aa3cb13b599389c011f78352d49decd5677988d0a2a6da7c39f700""",SS,viscosity_laplacian_acceleration,2,2.715933727890798e-08,0.00010503549182991882,0.0002585729528727906,0.000219157433929395,0.0,False,EVALUABLE,5.746673159583106e-05,EVALUABLE,EXPLORATORY_CONSUMED_DIAGNOSTIC_ONLY
field_lineage_id,"""HMSO01R_A|FIELD_LINEAGE|97c8122849aa3cb13b599389c011f78352d49decd5677988d0a2a6da7c39f700""",MS,density_rate,2,1.135596835361511e-35,0.007922044335242316,1.4334643777612433e-33,1.3364811376589156e-33,0.0,False,EVALUABLE,0.0006166106519967139,EVALUABLE,EXPLORATORY_CONSUMED_DIAGNOSTIC_ONLY
field_lineage_id,"""HMSO01R_A|FIELD_LINEAGE|97c8122849aa3cb13b599389c011f78352d49decd5677988d0a2a6da7c39f700""",MS,pressure_gradient_acceleration,2,0.1402361383156953,1.2222211637290274,0.11473875799027348,0.08762039051451455,0.0,False,EVALUABLE,0.02852915816315232,EVALUABLE,EXPLORATORY_CONSUMED_DIAGNOSTIC_ONLY
field_lineage_id,"""HMSO01R_A|FIELD_LINEAGE|97c8122849aa3cb13b599389c011f78352d49decd5677988d0a2a6da7c39f700""",MS,viscosity_laplacian_acceleration,2,3.842202226484304e-09,0.00010503549182991882,3.658003746682007e-05,3.3139497660532476e-05,0.0,False,EVALUABLE,1.531223512268282e-05,EVALUABLE,EXPLORATORY_CONSUMED_DIAGNOSTIC_ONLY
field_lineage_id,"""HMSO01R_A|FIELD_LINEAGE|97fbdfbd64658c72d9a31f61eea2acf4543cf9ba5532a2ed052d1358412ef553""",SS,density_rate,1,1.3103675898817856e-05,0.007137824788330466,0.001835808006977263,0.0016105642975737524,0.0,False,EVALUABLE,0.0011049240302309687,EVALUABLE,EXPLORATORY_CONSUMED_DIAGNOSTIC_ONLY
field_lineage_id,"""HMSO01R_A|FIELD_LINEAGE|97fbdfbd64658c72d9a31f61eea2acf4543cf9ba5532a2ed052d1358412ef553""",SS,pressure_gradient_acceleration,1,2.2426014408055654,1.0830915912639,2.0705556749716707,2.8699912298383583,0.0,False,EVALUABLE,1.039783608371438,EVALUABLE,EXPLORATORY_CONSUMED_DIAGNOSTIC_ONLY
field_lineage_id,"""HMSO01R_A|FIELD_LINEAGE|97fbdfbd64658c72d9a31f61eea2acf4543cf9ba5532a2ed052d1358412ef553""",SS,viscosity_laplacian_acceleration,1,1.0055558970459225e-06,0.00010384975519787091,0.009682795064176887,0.008487667565272715,0.0,False,EVALUABLE,7.383727990322398e-05,EVALUABLE,EXPLORATORY_CONSUMED_DIAGNOSTIC_ONLY
field_lineage_id,"""HMSO01R_A|FIELD_LINEAGE|97fbdfbd64658c72d9a31f61eea2acf4543cf9ba5532a2ed052d1358412ef553""",MS,density_rate,1,1.3103675898817856e-05,0.007137824788330466,0.001835808006977263,0.0016105642975737524,0.0,False,EVALUABLE,0.00015899189565777365,EVALUABLE,EXPLORATORY_CONSUMED_DIAGNOSTIC_ONLY
field_lineage_id,"""HMSO01R_A|FIELD_LINEAGE|97fbdfbd64658c72d9a31f61eea2acf4543cf9ba5532a2ed052d1358412ef553""",MS,pressure_gradient_acceleration,1,2.2426014408055654,1.0830915912639,2.0705556749716707,2.8699912298383583,0.0,False,EVALUABLE,0.3563809825435852,EVALUABLE,EXPLORATORY_CONSUMED_DIAGNOSTIC_ONLY
field_lineage_id,"""HMSO01R_A|FIELD_LINEAGE|97fbdfbd64658c72d9a31f61eea2acf4543cf9ba5532a2ed052d1358412ef553""",MS,viscosity_laplacian_acceleration,1,1.0055558970459225e-06,0.00010384975519787091,0.009682795064176887,0.008487667565272715,0.0,False,EVALUABLE,0.0001678890503238562,EVALUABLE,EXPLORATORY_CONSUMED_DIAGNOSTIC_ONLY
field_lineage_id,"""HMSO01R_A|FIELD_LINEAGE|98ef721075a1ebd7c92edcbcf7747aac6c3d77c4f9c29f15e5d83577ad6d7f6b""",SS,density_rate,1,0.07721048583395386,0.037438510502229565,2.0623279291347814,4.4887935830759815,0.0,False,EVALUABLE,0.11006796783914166,EVALUABLE,EXPLORATORY_CONSUMED_DIAGNOSTIC_ONLY
field_lineage_id,"""HMSO01R_A|FIELD_LINEAGE|98ef721075a1ebd7c92edcbcf7747aac6c3d77c4f9c29f15e5d83577ad6d7f6b""",SS,pressure_gradient_acceleration,1,0.0,1.0213463294256198,0.0,0.0,0.0,False,EVALUABLE,0.00760629126037212,EVALUABLE,EXPLORATORY_CONSUMED_DIAGNOSTIC_ONLY
field_lineage_id,"""HMSO01R_A|FIELD_LINEAGE|98ef721075a1ebd7c92edcbcf7747aac6c3d77c4f9c29f15e5d83577ad6d7f6b""",SS,viscosity_laplacian_acceleration,1,0.00015267838013757046,0.00030285302972356444,0.5041335735585373,0.4686359430567309,0.0,False,EVALUABLE,0.005354243069548968,EVALUABLE,EXPLORATORY_CONSUMED_DIAGNOSTIC_ONLY
field_lineage_id,"""HMSO01R_A|FIELD_LINEAGE|98ef721075a1ebd7c92edcbcf7747aac6c3d77c4f9c29f15e5d83577ad6d7f6b""",MS,density_rate,1,0.0003846835770061433,0.037438510502229565,0.010275076968760132,0.04254679414997087,0.0,False,EVALUABLE,0.005667521746960305,EVALUABLE,EXPLORATORY_CONSUMED_DIAGNOSTIC_ONLY
field_lineage_id,"""HMSO01R_A|FIELD_LINEAGE|98ef721075a1ebd7c92edcbcf7747aac6c3d77c4f9c29f15e5d83577ad6d7f6b""",MS,pressure_gradient_acceleration,1,0.0,1.0213463294256198,0.0,0.0,0.0,False,EVALUABLE,0.0033848653142482944,EVALUABLE,EXPLORATORY_CONSUMED_DIAGNOSTIC_ONLY
field_lineage_id,"""HMSO01R_A|FIELD_LINEAGE|98ef721075a1ebd7c92edcbcf7747aac6c3d77c4f9c29f15e5d83577ad6d7f6b""",MS,viscosity_laplacian_acceleration,1,0.00014990175480539627,0.00030285302972356444,0.4949653465320202,0.4893320776897162,0.0,False,EVALUABLE,0.0010309580534360759,EVALUABLE,EXPLORATORY_CONSUMED_DIAGNOSTIC_ONLY
field_lineage_id,"""HMSO01R_A|FIELD_LINEAGE|99c13161db8958c19a30a96b96a6940cece539d1c84e808e21dfa37710ec6894""",SS,density_rate,2,0.002042143200981865,0.007180246793831317,0.2844112827342241,0.30025364144633704,0.0,False,EVALUABLE,0.014035407748846035,EVALUABLE,EXPLORATORY_CONSUMED_DIAGNOSTIC_ONLY
field_lineage_id,"""HMSO01R_A|FIELD_LINEAGE|99c13161db8958c19a30a96b96a6940cece539d1c84e808e21dfa37710ec6894""",SS,pressure_gradient_acceleration,2,0.0,1.0931208344149335,0.0,0.0,0.0,False,EVALUABLE,0.004844585813188809,EVALUABLE,EXPLORATORY_CONSUMED_DIAGNOSTIC_ONLY
field_lineage_id,"""HMSO01R_A|FIELD_LINEAGE|99c13161db8958c19a30a96b96a6940cece539d1c84e808e21dfa37710ec6894""",SS,viscosity_laplacian_acceleration,2,5.958834659780517e-05,9.354698292342978e-05,0.6369884387033573,0.5983196417103426,0.0,False,EVALUABLE,0.0004267969832094172,EVALUABLE,EXPLORATORY_CONSUMED_DIAGNOSTIC_ONLY
field_lineage_id,"""HMSO01R_A|FIELD_LINEAGE|99c13161db8958c19a30a96b96a6940cece539d1c84e808e21dfa37710ec6894""",MS,density_rate,2,1.5167193435094127e-05,0.007180246793831317,0.002112349877461669,0.00216639298039237,0.0,False,EVALUABLE,0.0020446627397979903,EVALUABLE,EXPLORATORY_CONSUMED_DIAGNOSTIC_ONLY
field_lineage_id,"""HMSO01R_A|FIELD_LINEAGE|99c13161db8958c19a30a96b96a6940cece539d1c84e808e21dfa37710ec6894""",MS,pressure_gradient_acceleration,2,0.0,1.0931208344149335,0.0,0.0,0.0,False,EVALUABLE,0.0025768984010846093,EVALUABLE,EXPLORATORY_CONSUMED_DIAGNOSTIC_ONLY
field_lineage_id,"""HMSO01R_A|FIELD_LINEAGE|99c13161db8958c19a30a96b96a6940cece539d1c84e808e21dfa37710ec6894""",MS,viscosity_laplacian_acceleration,2,5.4067335396563735e-05,9.354698292342978e-05,0.5779698468823843,0.2623800572597167,0.0,False,EVALUABLE,0.00021073391165742393,EVALUABLE,EXPLORATORY_CONSUMED_DIAGNOSTIC_ONLY
field_lineage_id,"""HMSO01R_A|FIELD_LINEAGE|9a24c02f87d28fecb69b79ddff22c8eb176badf445e6b5b8234aa2a46b73c349""",SS,density_rate,1,5.431215809232246e-13,0.008243193482652634,6.58872780392933e-11,4.642387975592722e-12,0.0,False,EVALUABLE,0.0009398125939375742,EVALUABLE,EXPLORATORY_CONSUMED_DIAGNOSTIC_ONLY
field_lineage_id,"""HMSO01R_A|FIELD_LINEAGE|9a24c02f87d28fecb69b79ddff22c8eb176badf445e6b5b8234aa2a46b73c349""",SS,pressure_gradient_acceleration,1,0.0,1.2657082787792169,0.0,0.0,0.0,False,EVALUABLE,0.0010610868085200213,EVALUABLE,EXPLORATORY_CONSUMED_DIAGNOSTIC_ONLY
field_lineage_id,"""HMSO01R_A|FIELD_LINEAGE|9a24c02f87d28fecb69b79ddff22c8eb176badf445e6b5b8234aa2a46b73c349""",SS,viscosity_laplacian_acceleration,1,4.328758200665524e-05,0.00015763902119844152,0.2745994086842452,0.270283078465629,0.0,False,EVALUABLE,0.0009635502510922976,EVALUABLE,EXPLORATORY_CONSUMED_DIAGNOSTIC_ONLY
field_lineage_id,"""HMSO01R_A|FIELD_LINEAGE|9a24c02f87d28fecb69b79ddff22c8eb176badf445e6b5b8234aa2a46b73c349""",MS,density_rate,1,1.5743013665927962e-12,0.008243193482652634,1.9098197438963798e-10,4.758424323353913e-12,0.0,False,EVALUABLE,0.00033037574350603803,EVALUABLE,EXPLORATORY_CONSUMED_DIAGNOSTIC_ONLY
field_lineage_id,"""HMSO01R_A|FIELD_LINEAGE|9a24c02f87d28fecb69b79ddff22c8eb176badf445e6b5b8234aa2a46b73c349""",MS,pressure_gradient_acceleration,1,0.0,1.2657082787792169,0.0,0.0,0.0,False,EVALUABLE,0.003411872861254908,EVALUABLE,EXPLORATORY_CONSUMED_DIAGNOSTIC_ONLY
field_lineage_id,"""HMSO01R_A|FIELD_LINEAGE|9a24c02f87d28fecb69b79ddff22c8eb176badf445e6b5b8234aa2a46b73c349""",MS,viscosity_laplacian_acceleration,1,3.5517638277371094e-05,0.00015763902119844152,0.2253099391721054,0.1754408930080047,0.0,False,EVALUABLE,0.0004213912975990305,EVALUABLE,EXPLORATORY_CONSUMED_DIAGNOSTIC_ONLY
field_lineage_id,"""HMSO01R_A|FIELD_LINEAGE|9aaa52aa8afb4f9adfe0d0e7ddb5e3e8101852fdd6ef0a635cf3875b473d16a7""",SS,density_rate,1,3.2998866881487868e-12,0.007525153239774343,4.3851421798391714e-10,2.1657780635768458e-10,0.0,False,EVALUABLE,0.0007005107723944373,EVALUABLE,EXPLORATORY_CONSUMED_DIAGNOSTIC_ONLY
field_lineage_id,"""HMSO01R_A|FIELD_LINEAGE|9aaa52aa8afb4f9adfe0d0e7ddb5e3e8101852fdd6ef0a635cf3875b473d16a7""",SS,pressure_gradient_acceleration,1,0.0,0.6039534696032456,0.0,0.0,0.0,False,EVALUABLE,0.0028714425027858755,EVALUABLE,EXPLORATORY_CONSUMED_DIAGNOSTIC_ONLY
field_lineage_id,"""HMSO01R_A|FIELD_LINEAGE|9aaa52aa8afb4f9adfe0d0e7ddb5e3e8101852fdd6ef0a635cf3875b473d16a7""",SS,viscosity_laplacian_acceleration,1,4.8933405528846113e-05,0.00015621119800667324,0.313251586014696,0.12183549079670902,0.0,False,EVALUABLE,0.008068936171094299,EVALUABLE,EXPLORATORY_CONSUMED_DIAGNOSTIC_ONLY
field_lineage_id,"""HMSO01R_A|FIELD_LINEAGE|9aaa52aa8afb4f9adfe0d0e7ddb5e3e8101852fdd6ef0a635cf3875b473d16a7""",MS,density_rate,1,5.671114379101421e-31,0.007525153239774343,7.536211155311278e-29,3.8953967027506846e-29,0.0,False,EVALUABLE,0.00014123009879094724,EVALUABLE,EXPLORATORY_CONSUMED_DIAGNOSTIC_ONLY
field_lineage_id,"""HMSO01R_A|FIELD_LINEAGE|9aaa52aa8afb4f9adfe0d0e7ddb5e3e8101852fdd6ef0a635cf3875b473d16a7""",MS,pressure_gradient_acceleration,1,0.0,0.6039534696032456,0.0,0.0,0.0,False,EVALUABLE,0.0013328857998905366,EVALUABLE,EXPLORATORY_CONSUMED_DIAGNOSTIC_ONLY
field_lineage_id,"""HMSO01R_A|FIELD_LINEAGE|9aaa52aa8afb4f9adfe0d0e7ddb5e3e8101852fdd6ef0a635cf3875b473d16a7""",MS,viscosity_laplacian_acceleration,1,1.1020978836589494e-07,0.00015621119800667324,0.0007055178487344221,0.0008068830986084805,0.0,False,EVALUABLE,0.0013209449762219298,EVALUABLE,EXPLORATORY_CONSUMED_DIAGNOSTIC_ONLY
field_lineage_id,"""HMSO01R_A|FIELD_LINEAGE|9c004dbe18905f4181f1a701e81649fc67e98b969674994e8f64827f6fb4c765""",SS,density_rate,2,0.001212679843538397,0.008135639641491076,0.14905771358822634,0.1156238137398524,0.0,False,EVALUABLE,0.009851922456713503,EVALUABLE,EXPLORATORY_CONSUMED_DIAGNOSTIC_ONLY
field_lineage_id,"""HMSO01R_A|FIELD_LINEAGE|9c004dbe18905f4181f1a701e81649fc67e98b969674994e8f64827f6fb4c765""",SS,pressure_gradient_acceleration,2,0.0,1.0903022751361238,0.0,0.0,0.0,False,EVALUABLE,0.0041050058514916716,EVALUABLE,EXPLORATORY_CONSUMED_DIAGNOSTIC_ONLY
field_lineage_id,"""HMSO01R_A|FIELD_LINEAGE|9c004dbe18905f4181f1a701e81649fc67e98b969674994e8f64827f6fb4c765""",SS,viscosity_laplacian_acceleration,2,0.00012075026786522118,0.00013123648961935934,0.9200967521719563,0.3890847604790709,0.0,False,EVALUABLE,0.0005120061347008886,EVALUABLE,EXPLORATORY_CONSUMED_DIAGNOSTIC_ONLY
field_lineage_id,"""HMSO01R_A|FIELD_LINEAGE|9c004dbe18905f4181f1a701e81649fc67e98b969674994e8f64827f6fb4c765""",MS,density_rate,2,1.048962873902438e-05,0.008135639641491076,0.0012893428422675161,0.0006653000141696891,0.0,False,EVALUABLE,0.002113821987586597,EVALUABLE,EXPLORATORY_CONSUMED_DIAGNOSTIC_ONLY
field_lineage_id,"""HMSO01R_A|FIELD_LINEAGE|9c004dbe18905f4181f1a701e81649fc67e98b969674994e8f64827f6fb4c765""",MS,pressure_gradient_acceleration,2,0.0,1.0903022751361238,0.0,0.0,0.0,False,EVALUABLE,0.03345301284236361,EVALUABLE,EXPLORATORY_CONSUMED_DIAGNOSTIC_ONLY
field_lineage_id,"""HMSO01R_A|FIELD_LINEAGE|9c004dbe18905f4181f1a701e81649fc67e98b969674994e8f64827f6fb4c765""",MS,viscosity_laplacian_acceleration,2,6.758710712937807e-05,0.00013123648961935934,0.5150024000596856,0.35664220853396944,0.0,False,EVALUABLE,0.0006760352846975338,EVALUABLE,EXPLORATORY_CONSUMED_DIAGNOSTIC_ONLY
field_lineage_id,"""HMSO01R_A|FIELD_LINEAGE|9c5f7b50a01e8dafcf4be2d7df61fd0da86b2229fe32286852ed3ad88cce82f1""",SS,density_rate,1,0.012518371482445709,0.03277872664785158,0.3819053624911388,0.5468313806487584,0.0,False,EVALUABLE,0.057098501425318096,EVALUABLE,EXPLORATORY_CONSUMED_DIAGNOSTIC_ONLY
field_lineage_id,"""HMSO01R_A|FIELD_LINEAGE|9c5f7b50a01e8dafcf4be2d7df61fd0da86b2229fe32286852ed3ad88cce82f1""",SS,pressure_gradient_acceleration,1,0.0,0.9506523947874407,0.0,0.0,0.0,False,EVALUABLE,0.030211992300057625,EVALUABLE,EXPLORATORY_CONSUMED_DIAGNOSTIC_ONLY
field_lineage_id,"""HMSO01R_A|FIELD_LINEAGE|9c5f7b50a01e8dafcf4be2d7df61fd0da86b2229fe32286852ed3ad88cce82f1""",SS,viscosity_laplacian_acceleration,1,0.00022292876816325314,0.00018199969080185177,1.2248854225030636,0.7372175195805147,0.0,False,EVALUABLE,0.004938135337755581,EVALUABLE,EXPLORATORY_CONSUMED_DIAGNOSTIC_ONLY
field_lineage_id,"""HMSO01R_A|FIELD_LINEAGE|9c5f7b50a01e8dafcf4be2d7df61fd0da86b2229fe32286852ed3ad88cce82f1""",MS,density_rate,1,0.0004923197451053858,0.03277872664785158,0.01501948963406893,0.04117443176760195,0.0,False,EVALUABLE,0.010191358226571568,EVALUABLE,EXPLORATORY_CONSUMED_DIAGNOSTIC_ONLY
field_lineage_id,"""HMSO01R_A|FIELD_LINEAGE|9c5f7b50a01e8dafcf4be2d7df61fd0da86b2229fe32286852ed3ad88cce82f1""",MS,pressure_gradient_acceleration,1,0.0,0.9506523947874407,0.0,0.0,0.0,False,EVALUABLE,0.0032210364426937125,EVALUABLE,EXPLORATORY_CONSUMED_DIAGNOSTIC_ONLY
field_lineage_id,"""HMSO01R_A|FIELD_LINEAGE|9c5f7b50a01e8dafcf4be2d7df61fd0da86b2229fe32286852ed3ad88cce82f1""",MS,viscosity_laplacian_acceleration,1,0.0003029098543195314,0.00018199969080185177,1.6643426864352089,1.1189483789908117,0.0,False,EVALUABLE,0.0007908370864556384,EVALUABLE,EXPLORATORY_CONSUMED_DIAGNOSTIC_ONLY
field_lineage_id,"""HMSO01R_A|FIELD_LINEAGE|9f471cc2328d66ccf0ca43f62bf5e261a867f85eeac6edc5a472072ca388bff6""",SS,density_rate,2,0.0,0.007664711548344218,0.0,0.0,0.0,False,EVALUABLE,0.00629080295821576,EVALUABLE,EXPLORATORY_CONSUMED_DIAGNOSTIC_ONLY
field_lineage_id,"""HMSO01R_A|FIELD_LINEAGE|9f471cc2328d66ccf0ca43f62bf5e261a867f85eeac6edc5a472072ca388bff6""",SS,pressure_gradient_acceleration,2,1.5416000264341962,1.8096755217544425,0.8518654354895884,0.8957705548822543,0.0,False,EVALUABLE,1.2994855631525244,EVALUABLE,EXPLORATORY_CONSUMED_DIAGNOSTIC_ONLY
field_lineage_id,"""HMSO01R_A|FIELD_LINEAGE|9f471cc2328d66ccf0ca43f62bf5e261a867f85eeac6edc5a472072ca388bff6""",SS,viscosity_laplacian_acceleration,2,0.0,9.841937811730782e-05,0.0,0.0,0.0,False,EVALUABLE,0.00014650715232187398,EVALUABLE,EXPLORATORY_CONSUMED_DIAGNOSTIC_ONLY
field_lineage_id,"""HMSO01R_A|FIELD_LINEAGE|9f471cc2328d66ccf0ca43f62bf5e261a867f85eeac6edc5a472072ca388bff6""",MS,density_rate,2,0.0,0.007664711548344218,0.0,0.0,0.0,False,EVALUABLE,0.002080190117563506,EVALUABLE,EXPLORATORY_CONSUMED_DIAGNOSTIC_ONLY
field_lineage_id,"""HMSO01R_A|FIELD_LINEAGE|9f471cc2328d66ccf0ca43f62bf5e261a867f85eeac6edc5a472072ca388bff6""",MS,pressure_gradient_acceleration,2,1.5416000264341962,1.8096755217544425,0.8518654354895884,0.8957705548822543,0.0,False,EVALUABLE,0.4443748673494178,EVALUABLE,EXPLORATORY_CONSUMED_DIAGNOSTIC_ONLY
field_lineage_id,"""HMSO01R_A|FIELD_LINEAGE|9f471cc2328d66ccf0ca43f62bf5e261a867f85eeac6edc5a472072ca388bff6""",MS,viscosity_laplacian_acceleration,2,0.0,9.841937811730782e-05,0.0,0.0,0.0,False,EVALUABLE,0.00010787586048218946,EVALUABLE,EXPLORATORY_CONSUMED_DIAGNOSTIC_ONLY
field_lineage_id,"""HMSO01R_A|FIELD_LINEAGE|9ff02fac76e3803bb8391cba4035dfa7a72d5220975092d818302f10f07c08e9""",SS,density_rate,1,0.0,0.006070659545326316,0.0,0.0,0.0,False,EVALUABLE,0.0005998616655244588,EVALUABLE,EXPLORATORY_CONSUMED_DIAGNOSTIC_ONLY
field_lineage_id,"""HMSO01R_A|FIELD_LINEAGE|9ff02fac76e3803bb8391cba4035dfa7a72d5220975092d818302f10f07c08e9""",SS,pressure_gradient_acceleration,1,0.3063789903534728,1.4857555291936428,0.2062109037007942,0.09160236149047749,0.0,False,EVALUABLE,0.21417003078333594,EVALUABLE,EXPLORATORY_CONSUMED_DIAGNOSTIC_ONLY
field_lineage_id,"""HMSO01R_A|FIELD_LINEAGE|9ff02fac76e3803bb8391cba4035dfa7a72d5220975092d818302f10f07c08e9""",SS,viscosity_laplacian_acceleration,1,0.0,9.148606014067962e-05,0.0,0.0,0.0,False,EVALUABLE,5.907756598915126e-05,EVALUABLE,EXPLORATORY_CONSUMED_DIAGNOSTIC_ONLY
field_lineage_id,"""HMSO01R_A|FIELD_LINEAGE|9ff02fac76e3803bb8391cba4035dfa7a72d5220975092d818302f10f07c08e9""",MS,density_rate,1,0.0,0.006070659545326316,0.0,0.0,0.0,False,EVALUABLE,0.0001751697964578211,EVALUABLE,EXPLORATORY_CONSUMED_DIAGNOSTIC_ONLY
field_lineage_id,"""HMSO01R_A|FIELD_LINEAGE|9ff02fac76e3803bb8391cba4035dfa7a72d5220975092d818302f10f07c08e9""",MS,pressure_gradient_acceleration,1,0.3063789903534728,1.4857555291936428,0.2062109037007942,0.09160236149047749,0.0,False,EVALUABLE,0.03773513827460205,EVALUABLE,EXPLORATORY_CONSUMED_DIAGNOSTIC_ONLY
field_lineage_id,"""HMSO01R_A|FIELD_LINEAGE|9ff02fac76e3803bb8391cba4035dfa7a72d5220975092d818302f10f07c08e9""",MS,viscosity_laplacian_acceleration,1,0.0,9.148606014067962e-05,0.0,0.0,0.0,False,EVALUABLE,3.28679149748544e-05,EVALUABLE,EXPLORATORY_CONSUMED_DIAGNOSTIC_ONLY
field_lineage_id,"""HMSO01R_A|FIELD_LINEAGE|a1c0a919ad122615714cbb9f6b50981061d4f68fe06b618c4cd2688f52f12391""",SS,density_rate,1,0.0,0.006889803413923663,0.0,0.0,0.0,False,EVALUABLE,0.0006142637846481894,EVALUABLE,EXPLORATORY_CONSUMED_DIAGNOSTIC_ONLY
field_lineage_id,"""HMSO01R_A|FIELD_LINEAGE|a1c0a919ad122615714cbb9f6b50981061d4f68fe06b618c4cd2688f52f12391""",SS,pressure_gradient_acceleration,1,0.751696435760913,2.215635787520866,0.3392689538572611,0.007188353878291286,0.0,False,EVALUABLE,0.7869425551883532,EVALUABLE,EXPLORATORY_CONSUMED_DIAGNOSTIC_ONLY
field_lineage_id,"""HMSO01R_A|FIELD_LINEAGE|a1c0a919ad122615714cbb9f6b50981061d4f68fe06b618c4cd2688f52f12391""",SS,viscosity_laplacian_acceleration,1,0.0,0.00010042573305458897,0.0,0.0,0.0,False,EVALUABLE,6.341151369387606e-05,EVALUABLE,EXPLORATORY_CONSUMED_DIAGNOSTIC_ONLY
field_lineage_id,"""HMSO01R_A|FIELD_LINEAGE|a1c0a919ad122615714cbb9f6b50981061d4f68fe06b618c4cd2688f52f12391""",MS,density_rate,1,0.0,0.006889803413923663,0.0,0.0,0.0,False,EVALUABLE,0.00016760816350223383,EVALUABLE,EXPLORATORY_CONSUMED_DIAGNOSTIC_ONLY
field_lineage_id,"""HMSO01R_A|FIELD_LINEAGE|a1c0a919ad122615714cbb9f6b50981061d4f68fe06b618c4cd2688f52f12391""",MS,pressure_gradient_acceleration,1,0.542235611339954,2.215635787520866,0.24473138337717315,0.0022787603941211917,0.002734375,False,EVALUABLE,0.22589166606650485,EVALUABLE,EXPLORATORY_CONSUMED_DIAGNOSTIC_ONLY
field_lineage_id,"""HMSO01R_A|FIELD_LINEAGE|a1c0a919ad122615714cbb9f6b50981061d4f68fe06b618c4cd2688f52f12391""",MS,viscosity_laplacian_acceleration,1,0.0,0.00010042573305458897,0.0,0.0,0.0,False,EVALUABLE,3.2156482767840896e-05,EVALUABLE,EXPLORATORY_CONSUMED_DIAGNOSTIC_ONLY
field_lineage_id,"""HMSO01R_A|FIELD_LINEAGE|a2187a6938903010b61ee85d06f597d4029728ee0de5541c03daf2ed126b189e""",SS,density_rate,2,0.0,0.010848348110448394,0.0,0.0,0.0,False,EVALUABLE,0.0004486287480256188,EVALUABLE,EXPLORATORY_CONSUMED_DIAGNOSTIC_ONLY
field_lineage_id,"""HMSO01R_A|FIELD_LINEAGE|a2187a6938903010b61ee85d06f597d4029728ee0de5541c03daf2ed126b189e""",SS,pressure_gradient_acceleration,2,0.262623139099065,0.9097683026559443,0.28867035522382195,0.1051924913569714,0.0,False,EVALUABLE,0.17235161984022243,EVALUABLE,EXPLORATORY_CONSUMED_DIAGNOSTIC_ONLY
field_lineage_id,"""HMSO01R_A|FIELD_LINEAGE|a2187a6938903010b61ee85d06f597d4029728ee0de5541c03daf2ed126b189e""",SS,viscosity_laplacian_acceleration,2,0.0,0.00011552106187372516,0.0,0.0,0.0,False,EVALUABLE,7.570322534477221e-05,EVALUABLE,EXPLORATORY_CONSUMED_DIAGNOSTIC_ONLY
field_lineage_id,"""HMSO01R_A|FIELD_LINEAGE|a2187a6938903010b61ee85d06f597d4029728ee0de5541c03daf2ed126b189e""",MS,density_rate,2,0.0,0.010848348110448394,0.0,0.0,0.0,False,EVALUABLE,0.00012793465908383619,EVALUABLE,EXPLORATORY_CONSUMED_DIAGNOSTIC_ONLY
field_lineage_id,"""HMSO01R_A|FIELD_LINEAGE|a2187a6938903010b61ee85d06f597d4029728ee0de5541c03daf2ed126b189e""",MS,pressure_gradient_acceleration,2,0.262623139099065,0.9097683026559443,0.28867035522382195,0.1051924913569714,0.0,False,EVALUABLE,0.056923520400731856,EVALUABLE,EXPLORATORY_CONSUMED_DIAGNOSTIC_ONLY
field_lineage_id,"""HMSO01R_A|FIELD_LINEAGE|a2187a6938903010b61ee85d06f597d4029728ee0de5541c03daf2ed126b189e""",MS,viscosity_laplacian_acceleration,2,0.0,0.00011552106187372516,0.0,0.0,0.0,False,EVALUABLE,2.2852062815999307e-05,EVALUABLE,EXPLORATORY_CONSUMED_DIAGNOSTIC_ONLY
field_lineage_id,"""HMSO01R_A|FIELD_LINEAGE|a2bcc80ca3b9ebb8f54401e7b09de472e9adbce971c85048bd40ce15be44ea6a""",SS,density_rate,1,0.02051734607812162,0.05457354047764289,0.37595776082233384,0.39321816357940753,0.0,False,EVALUABLE,0.09677714451894415,EVALUABLE,EXPLORATORY_CONSUMED_DIAGNOSTIC_ONLY
field_lineage_id,"""HMSO01R_A|FIELD_LINEAGE|a2bcc80ca3b9ebb8f54401e7b09de472e9adbce971c85048bd40ce15be44ea6a""",SS,pressure_gradient_acceleration,1,0.0,1.3369446994044567,0.0,0.0,0.0,False,EVALUABLE,0.008387329661032226,EVALUABLE,EXPLORATORY_CONSUMED_DIAGNOSTIC_ONLY
field_lineage_id,"""HMSO01R_A|FIELD_LINEAGE|a2bcc80ca3b9ebb8f54401e7b09de472e9adbce971c85048bd40ce15be44ea6a""",SS,viscosity_laplacian_acceleration,1,0.0007602735451673789,0.0005834402489658888,1.3030872424638444,1.0605687529493997,0.0,False,EVALUABLE,0.010479182860760335,EVALUABLE,EXPLORATORY_CONSUMED_DIAGNOSTIC_ONLY
field_lineage_id,"""HMSO01R_A|FIELD_LINEAGE|a2bcc80ca3b9ebb8f54401e7b09de472e9adbce971c85048bd40ce15be44ea6a""",MS,density_rate,1,0.0013086267799234431,0.05457354047764289,0.02397914389409182,0.04950340495717569,0.0,False,EVALUABLE,0.007135998477001765,EVALUABLE,EXPLORATORY_CONSUMED_DIAGNOSTIC_ONLY
field_lineage_id,"""HMSO01R_A|FIELD_LINEAGE|a2bcc80ca3b9ebb8f54401e7b09de472e9adbce971c85048bd40ce15be44ea6a""",MS,pressure_gradient_acceleration,1,0.0,1.3369446994044567,0.0,0.0,0.0,False,EVALUABLE,0.0017714310541100315,EVALUABLE,EXPLORATORY_CONSUMED_DIAGNOSTIC_ONLY
field_lineage_id,"""HMSO01R_A|FIELD_LINEAGE|a2bcc80ca3b9ebb8f54401e7b09de472e9adbce971c85048bd40ce15be44ea6a""",MS,viscosity_laplacian_acceleration,1,0.0007013685149707356,0.0005834402489658888,1.2021256953284716,1.3889831895307538,0.0,False,EVALUABLE,0.001126264303434219,EVALUABLE,EXPLORATORY_CONSUMED_DIAGNOSTIC_ONLY
field_lineage_id,"""HMSO01R_A|FIELD_LINEAGE|a3f750d8c1551c6ecf78f876fab114a3481105b16656dddc657ee8cfb50fd48b""",SS,density_rate,2,0.000376870958549664,0.01062386198889212,0.035474007375444545,0.04456574380445858,0.0,False,EVALUABLE,0.0010136414854299745,EVALUABLE,EXPLORATORY_CONSUMED_DIAGNOSTIC_ONLY
field_lineage_id,"""HMSO01R_A|FIELD_LINEAGE|a3f750d8c1551c6ecf78f876fab114a3481105b16656dddc657ee8cfb50fd48b""",SS,pressure_gradient_acceleration,2,1.9517844342171777,5.699053558118262,0.34247518720663267,1.2470931233877018,0.0,False,EVALUABLE,0.6440498381147569,EVALUABLE,EXPLORATORY_CONSUMED_DIAGNOSTIC_ONLY
field_lineage_id,"""HMSO01R_A|FIELD_LINEAGE|a3f750d8c1551c6ecf78f876fab114a3481105b16656dddc657ee8cfb50fd48b""",SS,viscosity_laplacian_acceleration,2,7.143904937709846e-06,0.00010599230857723775,0.06740022020092151,0.057480930561036106,0.0,False,EVALUABLE,7.027436951153628e-05,EVALUABLE,EXPLORATORY_CONSUMED_DIAGNOSTIC_ONLY
field_lineage_id,"""HMSO01R_A|FIELD_LINEAGE|a3f750d8c1551c6ecf78f876fab114a3481105b16656dddc657ee8cfb50fd48b""",MS,density_rate,2,0.000376870958549664,0.01062386198889212,0.035474007375444545,0.04456574380445858,0.0,False,EVALUABLE,0.0002324085422906905,EVALUABLE,EXPLORATORY_CONSUMED_DIAGNOSTIC_ONLY
field_lineage_id,"""HMSO01R_A|FIELD_LINEAGE|a3f750d8c1551c6ecf78f876fab114a3481105b16656dddc657ee8cfb50fd48b""",MS,pressure_gradient_acceleration,2,1.9517844342171777,5.699053558118262,0.34247518720663267,1.2470931233877018,0.0,False,EVALUABLE,0.5334622326420105,EVALUABLE,EXPLORATORY_CONSUMED_DIAGNOSTIC_ONLY
field_lineage_id,"""HMSO01R_A|FIELD_LINEAGE|a3f750d8c1551c6ecf78f876fab114a3481105b16656dddc657ee8cfb50fd48b""",MS,viscosity_laplacian_acceleration,2,7.143904937709846e-06,0.00010599230857723775,0.06740022020092151,0.057480930561036106,0.0,False,EVALUABLE,0.00010918713791911921,EVALUABLE,EXPLORATORY_CONSUMED_DIAGNOSTIC_ONLY
field_lineage_id,"""HMSO01R_A|FIELD_LINEAGE|a594f1a43c118c7761d223f6f34e42847c31c67fc6b06838b968dcc65b6c3356""",SS,density_rate,1,3.362696873335294e-33,0.007855383430711141,4.280754597144944e-31,2.188822918927735e-31,0.0,False,EVALUABLE,0.0004408622808643248,EVALUABLE,EXPLORATORY_CONSUMED_DIAGNOSTIC_ONLY
field_lineage_id,"""HMSO01R_A|FIELD_LINEAGE|a594f1a43c118c7761d223f6f34e42847c31c67fc6b06838b968dcc65b6c3356""",SS,pressure_gradient_acceleration,1,0.0,1.137042983363164,0.0,0.0,0.0,False,EVALUABLE,0.010107841359841163,EVALUABLE,EXPLORATORY_CONSUMED_DIAGNOSTIC_ONLY
field_lineage_id,"""HMSO01R_A|FIELD_LINEAGE|a594f1a43c118c7761d223f6f34e42847c31c67fc6b06838b968dcc65b6c3356""",SS,viscosity_laplacian_acceleration,1,3.176738945948057e-05,0.00024151030985436657,0.13153636993235057,0.01300718869309403,0.0,False,EVALUABLE,0.006228148208877866,EVALUABLE,EXPLORATORY_CONSUMED_DIAGNOSTIC_ONLY
field_lineage_id,"""HMSO01R_A|FIELD_LINEAGE|a594f1a43c118c7761d223f6f34e42847c31c67fc6b06838b968dcc65b6c3356""",MS,density_rate,1,5.008544458737658e-33,0.007855383430711141,6.375938874169302e-31,4.3319539524178325e-31,0.0,False,EVALUABLE,0.00013456526567778938,EVALUABLE,EXPLORATORY_CONSUMED_DIAGNOSTIC_ONLY
field_lineage_id,"""HMSO01R_A|FIELD_LINEAGE|a594f1a43c118c7761d223f6f34e42847c31c67fc6b06838b968dcc65b6c3356""",MS,pressure_gradient_acceleration,1,0.0,1.137042983363164,0.0,0.0,0.0,False,EVALUABLE,0.002337781504762512,EVALUABLE,EXPLORATORY_CONSUMED_DIAGNOSTIC_ONLY
field_lineage_id,"""HMSO01R_A|FIELD_LINEAGE|a594f1a43c118c7761d223f6f34e42847c31c67fc6b06838b968dcc65b6c3356""",MS,viscosity_laplacian_acceleration,1,2.4408467194559152e-06,0.00024151030985436657,0.010106594293749915,0.0003362112121952861,0.0,False,EVALUABLE,0.0017975544648284399,EVALUABLE,EXPLORATORY_CONSUMED_DIAGNOSTIC_ONLY
field_lineage_id,"""HMSO01R_A|FIELD_LINEAGE|a7458b96c9ce1c60bf3ea9d352424b7dd251e22480db263be2c5716c65dc6939""",SS,density_rate,2,0.0,0.009770989207708145,0.0,0.0,0.0,False,EVALUABLE,0.00043270897120875905,EVALUABLE,EXPLORATORY_CONSUMED_DIAGNOSTIC_ONLY
field_lineage_id,"""HMSO01R_A|FIELD_LINEAGE|a7458b96c9ce1c60bf3ea9d352424b7dd251e22480db263be2c5716c65dc6939""",SS,pressure_gradient_acceleration,2,1.5986822788817947,4.430379002518731,0.36084548928498483,0.4924248917975982,0.0,False,EVALUABLE,0.5667976655745185,EVALUABLE,EXPLORATORY_CONSUMED_DIAGNOSTIC_ONLY
field_lineage_id,"""HMSO01R_A|FIELD_LINEAGE|a7458b96c9ce1c60bf3ea9d352424b7dd251e22480db263be2c5716c65dc6939""",SS,viscosity_laplacian_acceleration,2,0.0,0.00012478038034093543,0.0,0.0,0.0,False,EVALUABLE,5.66018330618111e-05,EVALUABLE,EXPLORATORY_CONSUMED_DIAGNOSTIC_ONLY
field_lineage_id,"""HMSO01R_A|FIELD_LINEAGE|a7458b96c9ce1c60bf3ea9d352424b7dd251e22480db263be2c5716c65dc6939""",MS,density_rate,2,0.0,0.009770989207708145,0.0,0.0,0.0,False,EVALUABLE,0.0008437962221014699,EVALUABLE,EXPLORATORY_CONSUMED_DIAGNOSTIC_ONLY
field_lineage_id,"""HMSO01R_A|FIELD_LINEAGE|a7458b96c9ce1c60bf3ea9d352424b7dd251e22480db263be2c5716c65dc6939""",MS,pressure_gradient_acceleration,2,1.5986822788817947,4.430379002518731,0.36084548928498483,0.4924248917975982,0.0,False,EVALUABLE,0.19706976487836353,EVALUABLE,EXPLORATORY_CONSUMED_DIAGNOSTIC_ONLY
field_lineage_id,"""HMSO01R_A|FIELD_LINEAGE|a7458b96c9ce1c60bf3ea9d352424b7dd251e22480db263be2c5716c65dc6939""",MS,viscosity_laplacian_acceleration,2,0.0,0.00012478038034093543,0.0,0.0,0.0,False,EVALUABLE,5.276432055213866e-05,EVALUABLE,EXPLORATORY_CONSUMED_DIAGNOSTIC_ONLY
field_lineage_id,"""HMSO01R_A|FIELD_LINEAGE|a97cf87a717a68b745e28078c021ba65c881711a1cd171188bc4affd3a1b5795""",SS,density_rate,2,0.0,0.0037263857683091754,0.0,0.0,0.0,False,EVALUABLE,0.00036558508670673655,EVALUABLE,EXPLORATORY_CONSUMED_DIAGNOSTIC_ONLY
field_lineage_id,"""HMSO01R_A|FIELD_LINEAGE|a97cf87a717a68b745e28078c021ba65c881711a1cd171188bc4affd3a1b5795""",SS,pressure_gradient_acceleration,2,0.4346495543453142,1.9653894615055472,0.2211518698244976,0.2708261434585447,0.0,False,EVALUABLE,0.2972807101620831,EVALUABLE,EXPLORATORY_CONSUMED_DIAGNOSTIC_ONLY
field_lineage_id,"""HMSO01R_A|FIELD_LINEAGE|a97cf87a717a68b745e28078c021ba65c881711a1cd171188bc4affd3a1b5795""",SS,viscosity_laplacian_acceleration,2,0.0,7.055021166301325e-05,0.0,0.0,0.0,False,EVALUABLE,6.80498142714568e-05,EVALUABLE,EXPLORATORY_CONSUMED_DIAGNOSTIC_ONLY
field_lineage_id,"""HMSO01R_A|FIELD_LINEAGE|a97cf87a717a68b745e28078c021ba65c881711a1cd171188bc4affd3a1b5795""",MS,density_rate,2,0.0,0.0037263857683091754,0.0,0.0,0.0,False,EVALUABLE,0.0,EVALUABLE,EXPLORATORY_CONSUMED_DIAGNOSTIC_ONLY
field_lineage_id,"""HMSO01R_A|FIELD_LINEAGE|a97cf87a717a68b745e28078c021ba65c881711a1cd171188bc4affd3a1b5795""",MS,pressure_gradient_acceleration,2,0.4346495543453142,1.9653894615055472,0.2211518698244976,0.2708261434585447,0.0,False,EVALUABLE,0.04946065911510687,EVALUABLE,EXPLORATORY_CONSUMED_DIAGNOSTIC_ONLY
field_lineage_id,"""HMSO01R_A|FIELD_LINEAGE|a97cf87a717a68b745e28078c021ba65c881711a1cd171188bc4affd3a1b5795""",MS,viscosity_laplacian_acceleration,2,0.0,7.055021166301325e-05,0.0,0.0,0.0,False,EVALUABLE,3.8869811028319864e-05,EVALUABLE,EXPLORATORY_CONSUMED_DIAGNOSTIC_ONLY
field_lineage_id,"""HMSO01R_A|FIELD_LINEAGE|ad302a05132d9f111349ae57a7badd9ffd336cce6f517d6dda76a6f130659828""",SS,density_rate,1,0.0,0.007379153076202998,0.0,0.0,0.0,False,EVALUABLE,0.000514333231464079,EVALUABLE,EXPLORATORY_CONSUMED_DIAGNOSTIC_ONLY
field_lineage_id,"""HMSO01R_A|FIELD_LINEAGE|ad302a05132d9f111349ae57a7badd9ffd336cce6f517d6dda76a6f130659828""",SS,pressure_gradient_acceleration,1,0.04689203298866493,0.48233521089020703,0.09721876390098103,0.0019426371171226827,0.0,False,EVALUABLE,0.43643674964394297,EVALUABLE,EXPLORATORY_CONSUMED_DIAGNOSTIC_ONLY
field_lineage_id,"""HMSO01R_A|FIELD_LINEAGE|ad302a05132d9f111349ae57a7badd9ffd336cce6f517d6dda76a6f130659828""",SS,viscosity_laplacian_acceleration,1,0.0,0.00014416578427413625,0.0,0.0,0.0,False,EVALUABLE,5.544034097648674e-05,EVALUABLE,EXPLORATORY_CONSUMED_DIAGNOSTIC_ONLY
field_lineage_id,"""HMSO01R_A|FIELD_LINEAGE|ad302a05132d9f111349ae57a7badd9ffd336cce6f517d6dda76a6f130659828""",MS,density_rate,1,0.0,0.007379153076202998,0.0,0.0,0.0,False,EVALUABLE,7.433202394574756e-05,EVALUABLE,EXPLORATORY_CONSUMED_DIAGNOSTIC_ONLY
field_lineage_id,"""HMSO01R_A|FIELD_LINEAGE|ad302a05132d9f111349ae57a7badd9ffd336cce6f517d6dda76a6f130659828""",MS,pressure_gradient_acceleration,1,0.046747016711761534,0.48233521089020703,0.0969181093486506,0.0026463187302465364,0.00078125,False,EVALUABLE,0.17530114622516274,EVALUABLE,EXPLORATORY_CONSUMED_DIAGNOSTIC_ONLY
field_lineage_id,"""HMSO01R_A|FIELD_LINEAGE|ad302a05132d9f111349ae57a7badd9ffd336cce6f517d6dda76a6f130659828""",MS,viscosity_laplacian_acceleration,1,0.0,0.00014416578427413625,0.0,0.0,0.0,False,EVALUABLE,3.561841297969838e-05,EVALUABLE,EXPLORATORY_CONSUMED_DIAGNOSTIC_ONLY
field_lineage_id,"""HMSO01R_A|FIELD_LINEAGE|adcf8aaea780832e88b7b6b779fb3ef2ecab338dd7379ac8654e7aabdcee4b4f""",SS,density_rate,2,0.0,0.005342392979328651,0.0,0.0,0.0,False,EVALUABLE,0.0005008939592362696,EVALUABLE,EXPLORATORY_CONSUMED_DIAGNOSTIC_ONLY
field_lineage_id,"""HMSO01R_A|FIELD_LINEAGE|adcf8aaea780832e88b7b6b779fb3ef2ecab338dd7379ac8654e7aabdcee4b4f""",SS,pressure_gradient_acceleration,2,6.025267533412156,12.459306482766724,0.48359573959803415,0.7795541695887446,0.0,False,EVALUABLE,1.288900168839916,EVALUABLE,EXPLORATORY_CONSUMED_DIAGNOSTIC_ONLY
field_lineage_id,"""HMSO01R_A|FIELD_LINEAGE|adcf8aaea780832e88b7b6b779fb3ef2ecab338dd7379ac8654e7aabdcee4b4f""",SS,viscosity_laplacian_acceleration,2,0.0,7.934366429247013e-05,0.0,0.0,0.0,False,EVALUABLE,6.157174861867845e-05,EVALUABLE,EXPLORATORY_CONSUMED_DIAGNOSTIC_ONLY
field_lineage_id,"""HMSO01R_A|FIELD_LINEAGE|adcf8aaea780832e88b7b6b779fb3ef2ecab338dd7379ac8654e7aabdcee4b4f""",MS,density_rate,2,0.0,0.005342392979328651,0.0,0.0,0.0,False,EVALUABLE,0.0,EVALUABLE,EXPLORATORY_CONSUMED_DIAGNOSTIC_ONLY
field_lineage_id,"""HMSO01R_A|FIELD_LINEAGE|adcf8aaea780832e88b7b6b779fb3ef2ecab338dd7379ac8654e7aabdcee4b4f""",MS,pressure_gradient_acceleration,2,6.025267533412156,12.459306482766724,0.48359573959803415,0.7795541695887446,0.0,False,EVALUABLE,0.5124942549415704,EVALUABLE,EXPLORATORY_CONSUMED_DIAGNOSTIC_ONLY
field_lineage_id,"""HMSO01R_A|FIELD_LINEAGE|adcf8aaea780832e88b7b6b779fb3ef2ecab338dd7379ac8654e7aabdcee4b4f""",MS,viscosity_laplacian_acceleration,2,0.0,7.934366429247013e-05,0.0,0.0,0.0,False,EVALUABLE,9.7376080749005e-05,EVALUABLE,EXPLORATORY_CONSUMED_DIAGNOSTIC_ONLY
field_lineage_id,"""HMSO01R_A|FIELD_LINEAGE|b0c6a47a41827791b3e03b32c3cfc7642f7c46055e5fbdc618a902dd60890cc0""",SS,density_rate,1,0.0023387887566052082,0.008709864613831594,0.2685218267217522,0.2839350040104039,0.0,False,EVALUABLE,0.0006250542835551427,EVALUABLE,EXPLORATORY_CONSUMED_DIAGNOSTIC_ONLY
field_lineage_id,"""HMSO01R_A|FIELD_LINEAGE|b0c6a47a41827791b3e03b32c3cfc7642f7c46055e5fbdc618a902dd60890cc0""",SS,pressure_gradient_acceleration,1,3.2716844521431927,3.3969582929032107,0.9631217607170112,3.5211331309124847,0.0,False,EVALUABLE,1.0372315866673762,EVALUABLE,EXPLORATORY_CONSUMED_DIAGNOSTIC_ONLY
field_lineage_id,"""HMSO01R_A|FIELD_LINEAGE|b0c6a47a41827791b3e03b32c3cfc7642f7c46055e5fbdc618a902dd60890cc0""",SS,viscosity_laplacian_acceleration,1,2.2807117248584848e-05,0.00012305379210012356,0.18534266079364448,0.18702518674403645,0.0,False,EVALUABLE,5.863027817658826e-05,EVALUABLE,EXPLORATORY_CONSUMED_DIAGNOSTIC_ONLY
field_lineage_id,"""HMSO01R_A|FIELD_LINEAGE|b0c6a47a41827791b3e03b32c3cfc7642f7c46055e5fbdc618a902dd60890cc0""",MS,density_rate,1,0.0023387887566052082,0.008709864613831594,0.2685218267217522,0.2839350040104039,0.0,False,EVALUABLE,0.00018429471130970498,EVALUABLE,EXPLORATORY_CONSUMED_DIAGNOSTIC_ONLY
field_lineage_id,"""HMSO01R_A|FIELD_LINEAGE|b0c6a47a41827791b3e03b32c3cfc7642f7c46055e5fbdc618a902dd60890cc0""",MS,pressure_gradient_acceleration,1,3.2716844521431927,3.3969582929032107,0.9631217607170112,3.5211331309124847,0.0,False,EVALUABLE,0.5727973922008541,EVALUABLE,EXPLORATORY_CONSUMED_DIAGNOSTIC_ONLY
field_lineage_id,"""HMSO01R_A|FIELD_LINEAGE|b0c6a47a41827791b3e03b32c3cfc7642f7c46055e5fbdc618a902dd60890cc0""",MS,viscosity_laplacian_acceleration,1,2.2807117248584848e-05,0.00012305379210012356,0.18534266079364448,0.18702518674403645,0.0,False,EVALUABLE,6.845986012891462e-05,EVALUABLE,EXPLORATORY_CONSUMED_DIAGNOSTIC_ONLY
field_lineage_id,"""HMSO01R_A|FIELD_LINEAGE|b1b50b97bc0f473e266ef9eb8a1e2e2edee23dadabeb0645af363d822d4db947""",SS,density_rate,1,0.00023957339303405369,0.014578606993456561,0.01643321567976854,0.02521769250495553,0.0,False,EVALUABLE,0.0005595125395893566,EVALUABLE,EXPLORATORY_CONSUMED_DIAGNOSTIC_ONLY
field_lineage_id,"""HMSO01R_A|FIELD_LINEAGE|b1b50b97bc0f473e266ef9eb8a1e2e2edee23dadabeb0645af363d822d4db947""",SS,pressure_gradient_acceleration,1,6.754116400681021,11.196329921398863,0.6032437814977468,0.5702828648169671,0.0,False,EVALUABLE,2.164328829615641,EVALUABLE,EXPLORATORY_CONSUMED_DIAGNOSTIC_ONLY
field_lineage_id,"""HMSO01R_A|FIELD_LINEAGE|b1b50b97bc0f473e266ef9eb8a1e2e2edee23dadabeb0645af363d822d4db947""",SS,viscosity_laplacian_acceleration,1,1.4292585144723353e-06,0.0001035004169152971,0.01380920538360744,0.011712207903409454,0.0,False,EVALUABLE,4.785959055544805e-05,EVALUABLE,EXPLORATORY_CONSUMED_DIAGNOSTIC_ONLY
field_lineage_id,"""HMSO01R_A|FIELD_LINEAGE|b1b50b97bc0f473e266ef9eb8a1e2e2edee23dadabeb0645af363d822d4db947""",MS,density_rate,1,0.0,0.014578606993456561,0.0,0.0,0.0,False,EVALUABLE,0.0,EVALUABLE,EXPLORATORY_CONSUMED_DIAGNOSTIC_ONLY
field_lineage_id,"""HMSO01R_A|FIELD_LINEAGE|b1b50b97bc0f473e266ef9eb8a1e2e2edee23dadabeb0645af363d822d4db947""",MS,pressure_gradient_acceleration,1,6.739789312007562,11.196329921398863,0.601964157837669,0.5671502512205793,0.0,False,EVALUABLE,1.2581335162094314,EVALUABLE,EXPLORATORY_CONSUMED_DIAGNOSTIC_ONLY
field_lineage_id,"""HMSO01R_A|FIELD_LINEAGE|b1b50b97bc0f473e266ef9eb8a1e2e2edee23dadabeb0645af363d822d4db947""",MS,viscosity_laplacian_acceleration,1,0.0,0.0001035004169152971,0.0,0.0,0.0,False,EVALUABLE,0.0015515465046014858,EVALUABLE,EXPLORATORY_CONSUMED_DIAGNOSTIC_ONLY
field_lineage_id,"""HMSO01R_A|FIELD_LINEAGE|b1c696b82fff7183ba4fc0ae8ce4363fcd56ada1cc6ffa171713dda9524816e8""",SS,density_rate,2,1.0522598726778807e-05,0.0043234224310264475,0.0024338585679865147,0.0022771227632547592,0.0,False,EVALUABLE,0.0037379470440410327,EVALUABLE,EXPLORATORY_CONSUMED_DIAGNOSTIC_ONLY
field_lineage_id,"""HMSO01R_A|FIELD_LINEAGE|b1c696b82fff7183ba4fc0ae8ce4363fcd56ada1cc6ffa171713dda9524816e8""",SS,pressure_gradient_acceleration,2,0.0,1.0251706287632647,0.0,0.0,0.0,False,EVALUABLE,0.010355832648921193,EVALUABLE,EXPLORATORY_CONSUMED_DIAGNOSTIC_ONLY
field_lineage_id,"""HMSO01R_A|FIELD_LINEAGE|b1c696b82fff7183ba4fc0ae8ce4363fcd56ada1cc6ffa171713dda9524816e8""",SS,viscosity_laplacian_acceleration,2,0.0006845978784472092,0.0006452234445386083,1.0610244935175241,1.0763860647880605,0.0,False,EVALUABLE,0.00283376258814841,EVALUABLE,EXPLORATORY_CONSUMED_DIAGNOSTIC_ONLY
field_lineage_id,"""HMSO01R_A|FIELD_LINEAGE|b1c696b82fff7183ba4fc0ae8ce4363fcd56ada1cc6ffa171713dda9524816e8""",MS,density_rate,2,9.002556986621684e-10,0.0043234224310264475,2.082275588435696e-07,1.9132263152347032e-07,0.0,False,EVALUABLE,4.202158778916355e-06,EVALUABLE,EXPLORATORY_CONSUMED_DIAGNOSTIC_ONLY
field_lineage_id,"""HMSO01R_A|FIELD_LINEAGE|b1c696b82fff7183ba4fc0ae8ce4363fcd56ada1cc6ffa171713dda9524816e8""",MS,pressure_gradient_acceleration,2,0.0,1.0251706287632647,0.0,0.0,0.0,False,EVALUABLE,0.0035092658133851593,EVALUABLE,EXPLORATORY_CONSUMED_DIAGNOSTIC_ONLY
field_lineage_id,"""HMSO01R_A|FIELD_LINEAGE|b1c696b82fff7183ba4fc0ae8ce4363fcd56ada1cc6ffa171713dda9524816e8""",MS,viscosity_laplacian_acceleration,2,0.000702949999843125,0.0006452234445386083,1.0894675415054025,0.715223320954711,0.0,False,EVALUABLE,0.001509118154265867,EVALUABLE,EXPLORATORY_CONSUMED_DIAGNOSTIC_ONLY
field_lineage_id,"""HMSO01R_A|FIELD_LINEAGE|b2211d9018dde472457c7d9570d8b744ae480cbc84526fced16d30cb565fdb61""",SS,density_rate,1,0.0,0.009604164427310137,0.0,0.0,0.0,False,EVALUABLE,0.0004789931295483106,EVALUABLE,EXPLORATORY_CONSUMED_DIAGNOSTIC_ONLY
field_lineage_id,"""HMSO01R_A|FIELD_LINEAGE|b2211d9018dde472457c7d9570d8b744ae480cbc84526fced16d30cb565fdb61""",SS,pressure_gradient_acceleration,1,0.06708080381061915,1.2287625900264194,0.054592159913638694,0.04468178703427334,0.0,False,EVALUABLE,0.3977889516522076,EVALUABLE,EXPLORATORY_CONSUMED_DIAGNOSTIC_ONLY
field_lineage_id,"""HMSO01R_A|FIELD_LINEAGE|b2211d9018dde472457c7d9570d8b744ae480cbc84526fced16d30cb565fdb61""",SS,viscosity_laplacian_acceleration,1,0.0,0.00012088505420945885,0.0,0.0,0.0,False,EVALUABLE,5.384087130809567e-05,EVALUABLE,EXPLORATORY_CONSUMED_DIAGNOSTIC_ONLY
field_lineage_id,"""HMSO01R_A|FIELD_LINEAGE|b2211d9018dde472457c7d9570d8b744ae480cbc84526fced16d30cb565fdb61""",MS,density_rate,1,0.0,0.009604164427310137,0.0,0.0,0.0,False,EVALUABLE,0.0,EVALUABLE,EXPLORATORY_CONSUMED_DIAGNOSTIC_ONLY
field_lineage_id,"""HMSO01R_A|FIELD_LINEAGE|b2211d9018dde472457c7d9570d8b744ae480cbc84526fced16d30cb565fdb61""",MS,pressure_gradient_acceleration,1,0.06708080381061915,1.2287625900264194,0.054592159913638694,0.04468178703427334,0.0,False,EVALUABLE,0.12902070135821123,EVALUABLE,EXPLORATORY_CONSUMED_DIAGNOSTIC_ONLY
field_lineage_id,"""HMSO01R_A|FIELD_LINEAGE|b2211d9018dde472457c7d9570d8b744ae480cbc84526fced16d30cb565fdb61""",MS,viscosity_laplacian_acceleration,1,0.0,0.00012088505420945885,0.0,0.0,0.0,False,EVALUABLE,0.0010747552916375352,EVALUABLE,EXPLORATORY_CONSUMED_DIAGNOSTIC_ONLY
field_lineage_id,"""HMSO01R_A|FIELD_LINEAGE|b31d5c3484f2394d06a11f5ae52600d61d7c303637147b70dbb1edd7e25e93c9""",SS,density_rate,1,0.0,0.008317062041483789,0.0,0.0,0.0,False,EVALUABLE,0.00014758993995734115,EVALUABLE,EXPLORATORY_CONSUMED_DIAGNOSTIC_ONLY
field_lineage_id,"""HMSO01R_A|FIELD_LINEAGE|b31d5c3484f2394d06a11f5ae52600d61d7c303637147b70dbb1edd7e25e93c9""",SS,pressure_gradient_acceleration,1,0.028232638070163567,0.5457737761623831,0.051729561410373735,0.021896703194989566,0.0,False,EVALUABLE,0.12116791624672966,EVALUABLE,EXPLORATORY_CONSUMED_DIAGNOSTIC_ONLY
field_lineage_id,"""HMSO01R_A|FIELD_LINEAGE|b31d5c3484f2394d06a11f5ae52600d61d7c303637147b70dbb1edd7e25e93c9""",SS,viscosity_laplacian_acceleration,1,0.0,0.00015112164449481818,0.0,0.0,0.0,False,EVALUABLE,7.847660956593573e-05,EVALUABLE,EXPLORATORY_CONSUMED_DIAGNOSTIC_ONLY
field_lineage_id,"""HMSO01R_A|FIELD_LINEAGE|b31d5c3484f2394d06a11f5ae52600d61d7c303637147b70dbb1edd7e25e93c9""",MS,density_rate,1,0.0,0.008317062041483789,0.0,0.0,0.0,False,EVALUABLE,0.00014032339265975457,EVALUABLE,EXPLORATORY_CONSUMED_DIAGNOSTIC_ONLY
field_lineage_id,"""HMSO01R_A|FIELD_LINEAGE|b31d5c3484f2394d06a11f5ae52600d61d7c303637147b70dbb1edd7e25e93c9""",MS,pressure_gradient_acceleration,1,0.028232638070163567,0.5457737761623831,0.051729561410373735,0.021896703194989566,0.0,False,EVALUABLE,0.047006459322339565,EVALUABLE,EXPLORATORY_CONSUMED_DIAGNOSTIC_ONLY
field_lineage_id,"""HMSO01R_A|FIELD_LINEAGE|b31d5c3484f2394d06a11f5ae52600d61d7c303637147b70dbb1edd7e25e93c9""",MS,viscosity_laplacian_acceleration,1,0.0,0.00015112164449481818,0.0,0.0,0.0,False,EVALUABLE,3.315895526158149e-05,EVALUABLE,EXPLORATORY_CONSUMED_DIAGNOSTIC_ONLY
field_lineage_id,"""HMSO01R_A|FIELD_LINEAGE|b40ef25bd445f58063f7eecbd118e28fcd5b9c8ea0b1803b18c885057e29107f""",SS,density_rate,1,0.0012257259326405724,0.005849405721070584,0.20954708753152357,0.1220994002165521,0.0,False,EVALUABLE,0.010649156009070293,EVALUABLE,EXPLORATORY_CONSUMED_DIAGNOSTIC_ONLY
field_lineage_id,"""HMSO01R_A|FIELD_LINEAGE|b40ef25bd445f58063f7eecbd118e28fcd5b9c8ea0b1803b18c885057e29107f""",SS,pressure_gradient_acceleration,1,0.0,0.972277563448613,0.0,0.0,0.0,False,EVALUABLE,0.013868213601939062,EVALUABLE,EXPLORATORY_CONSUMED_DIAGNOSTIC_ONLY
field_lineage_id,"""HMSO01R_A|FIELD_LINEAGE|b40ef25bd445f58063f7eecbd118e28fcd5b9c8ea0b1803b18c885057e29107f""",SS,viscosity_laplacian_acceleration,1,0.00012254025216789797,0.0001097344208259321,1.1166984000606275,0.9245925888926605,0.0,False,EVALUABLE,0.0007985471659630358,EVALUABLE,EXPLORATORY_CONSUMED_DIAGNOSTIC_ONLY
field_lineage_id,"""HMSO01R_A|FIELD_LINEAGE|b40ef25bd445f58063f7eecbd118e28fcd5b9c8ea0b1803b18c885057e29107f""",MS,density_rate,1,9.795007311764384e-05,0.005849405721070584,0.016745303333090836,0.009726766884154154,0.0,False,EVALUABLE,0.0016763538516316508,EVALUABLE,EXPLORATORY_CONSUMED_DIAGNOSTIC_ONLY
field_lineage_id,"""HMSO01R_A|FIELD_LINEAGE|b40ef25bd445f58063f7eecbd118e28fcd5b9c8ea0b1803b18c885057e29107f""",MS,pressure_gradient_acceleration,1,0.0,0.972277563448613,0.0,0.0,0.0,False,EVALUABLE,0.003917655626330492,EVALUABLE,EXPLORATORY_CONSUMED_DIAGNOSTIC_ONLY
field_lineage_id,"""HMSO01R_A|FIELD_LINEAGE|b40ef25bd445f58063f7eecbd118e28fcd5b9c8ea0b1803b18c885057e29107f""",MS,viscosity_laplacian_acceleration,1,0.0006865562008740931,0.0001097344208259321,6.256525488599,0.75117597600745,0.0,False,EVALUABLE,0.000223098035914573,EVALUABLE,EXPLORATORY_CONSUMED_DIAGNOSTIC_ONLY
field_lineage_id,"""HMSO01R_A|FIELD_LINEAGE|b49a6f081c09f4e4bff79a7f0fc0a282131ed3252c520eb6637fbf7ad615c6bd""",SS,density_rate,1,6.829480440391885e-33,0.0035445721024612658,1.926743269138088e-30,9.008419223837461e-31,0.0,False,EVALUABLE,0.0013342663580960014,EVALUABLE,EXPLORATORY_CONSUMED_DIAGNOSTIC_ONLY
field_lineage_id,"""HMSO01R_A|FIELD_LINEAGE|b49a6f081c09f4e4bff79a7f0fc0a282131ed3252c520eb6637fbf7ad615c6bd""",SS,pressure_gradient_acceleration,1,0.0,1.3806904965485014,0.0,0.0,0.0,False,EVALUABLE,0.006831666842238662,EVALUABLE,EXPLORATORY_CONSUMED_DIAGNOSTIC_ONLY
field_lineage_id,"""HMSO01R_A|FIELD_LINEAGE|b49a6f081c09f4e4bff79a7f0fc0a282131ed3252c520eb6637fbf7ad615c6bd""",SS,viscosity_laplacian_acceleration,1,0.00022159667693569116,0.0001754083174581188,1.2633190953935265,0.1031704297174484,0.0,False,EVALUABLE,0.002823114168454686,EVALUABLE,EXPLORATORY_CONSUMED_DIAGNOSTIC_ONLY
field_lineage_id,"""HMSO01R_A|FIELD_LINEAGE|b49a6f081c09f4e4bff79a7f0fc0a282131ed3252c520eb6637fbf7ad615c6bd""",MS,density_rate,1,6.182063682495071e-33,0.0035445721024612658,1.7440930819836885e-30,4.028369758826007e-31,0.0,False,EVALUABLE,5.392894897451475e-17,EVALUABLE,EXPLORATORY_CONSUMED_DIAGNOSTIC_ONLY
field_lineage_id,"""HMSO01R_A|FIELD_LINEAGE|b49a6f081c09f4e4bff79a7f0fc0a282131ed3252c520eb6637fbf7ad615c6bd""",MS,pressure_gradient_acceleration,1,0.0,1.3806904965485014,0.0,0.0,0.0,False,EVALUABLE,0.0022143547162256057,EVALUABLE,EXPLORATORY_CONSUMED_DIAGNOSTIC_ONLY
field_lineage_id,"""HMSO01R_A|FIELD_LINEAGE|b49a6f081c09f4e4bff79a7f0fc0a282131ed3252c520eb6637fbf7ad615c6bd""",MS,viscosity_laplacian_acceleration,1,1.917268209455243e-06,0.0001754083174581188,0.010930315262347908,0.0001490323874391597,0.0,False,EVALUABLE,0.0011221375344387526,EVALUABLE,EXPLORATORY_CONSUMED_DIAGNOSTIC_ONLY
field_lineage_id,"""HMSO01R_A|FIELD_LINEAGE|b7c6344fafcff3e1128b30252e587c19386316434538ac595af9870864bff2e9""",SS,density_rate,1,1.6906979526474864e-32,0.004528393016005355,3.7335495101061406e-30,1.5818607407528775e-30,0.0,False,EVALUABLE,6.76487374168618e-05,EVALUABLE,EXPLORATORY_CONSUMED_DIAGNOSTIC_ONLY
field_lineage_id,"""HMSO01R_A|FIELD_LINEAGE|b7c6344fafcff3e1128b30252e587c19386316434538ac595af9870864bff2e9""",SS,pressure_gradient_acceleration,1,0.0,1.2628965955047986,0.0,0.0,0.0,False,EVALUABLE,0.0007580905320291357,EVALUABLE,EXPLORATORY_CONSUMED_DIAGNOSTIC_ONLY
field_lineage_id,"""HMSO01R_A|FIELD_LINEAGE|b7c6344fafcff3e1128b30252e587c19386316434538ac595af9870864bff2e9""",SS,viscosity_laplacian_acceleration,1,1.1735721983851155e-08,6.82044420020652e-05,0.0001720668278980393,6.0332229512803054e-05,0.0,False,EVALUABLE,0.0011684355036895259,EVALUABLE,EXPLORATORY_CONSUMED_DIAGNOSTIC_ONLY
field_lineage_id,"""HMSO01R_A|FIELD_LINEAGE|b7c6344fafcff3e1128b30252e587c19386316434538ac595af9870864bff2e9""",MS,density_rate,1,2.2114748219025228e-32,0.004528393016005355,4.883575286169259e-30,5.926710368452076e-31,0.0,False,EVALUABLE,1.3340867698850833e-16,EVALUABLE,EXPLORATORY_CONSUMED_DIAGNOSTIC_ONLY
field_lineage_id,"""HMSO01R_A|FIELD_LINEAGE|b7c6344fafcff3e1128b30252e587c19386316434538ac595af9870864bff2e9""",MS,pressure_gradient_acceleration,1,0.0,1.2628965955047986,0.0,0.0,0.000390625,False,EVALUABLE,0.003613141577327583,EVALUABLE,EXPLORATORY_CONSUMED_DIAGNOSTIC_ONLY
field_lineage_id,"""HMSO01R_A|FIELD_LINEAGE|b7c6344fafcff3e1128b30252e587c19386316434538ac595af9870864bff2e9""",MS,viscosity_laplacian_acceleration,1,9.118162478561987e-08,6.82044420020652e-05,0.0013368868963528641,9.125619196950701e-06,0.0,False,EVALUABLE,0.0003325323640810201,EVALUABLE,EXPLORATORY_CONSUMED_DIAGNOSTIC_ONLY
field_lineage_id,"""HMSO01R_A|FIELD_LINEAGE|b914e9e8b47652c007a545bd9a5f60dbdaba2b957df3f42cdec4c8edb98e6d53""",SS,density_rate,2,0.0,0.009017326657800303,0.0,0.0,0.0,False,EVALUABLE,0.0001468062695590757,EVALUABLE,EXPLORATORY_CONSUMED_DIAGNOSTIC_ONLY
field_lineage_id,"""HMSO01R_A|FIELD_LINEAGE|b914e9e8b47652c007a545bd9a5f60dbdaba2b957df3f42cdec4c8edb98e6d53""",SS,pressure_gradient_acceleration,2,0.00889987838103621,1.0382890965863794,0.008571676626766727,0.006357495768616302,0.0,False,EVALUABLE,0.07208658888243796,EVALUABLE,EXPLORATORY_CONSUMED_DIAGNOSTIC_ONLY
field_lineage_id,"""HMSO01R_A|FIELD_LINEAGE|b914e9e8b47652c007a545bd9a5f60dbdaba2b957df3f42cdec4c8edb98e6d53""",SS,viscosity_laplacian_acceleration,2,0.0,0.00013219236300104716,0.0,0.0,0.0,False,EVALUABLE,6.21152799766013e-05,EVALUABLE,EXPLORATORY_CONSUMED_DIAGNOSTIC_ONLY
field_lineage_id,"""HMSO01R_A|FIELD_LINEAGE|b914e9e8b47652c007a545bd9a5f60dbdaba2b957df3f42cdec4c8edb98e6d53""",MS,density_rate,2,0.0,0.009017326657800303,0.0,0.0,0.0,False,EVALUABLE,0.0,EVALUABLE,EXPLORATORY_CONSUMED_DIAGNOSTIC_ONLY
field_lineage_id,"""HMSO01R_A|FIELD_LINEAGE|b914e9e8b47652c007a545bd9a5f60dbdaba2b957df3f42cdec4c8edb98e6d53""",MS,pressure_gradient_acceleration,2,0.00889987838103621,1.0382890965863794,0.008571676626766727,0.006357495768616302,0.0,False,EVALUABLE,0.04472164580013866,EVALUABLE,EXPLORATORY_CONSUMED_DIAGNOSTIC_ONLY
field_lineage_id,"""HMSO01R_A|FIELD_LINEAGE|b914e9e8b47652c007a545bd9a5f60dbdaba2b957df3f42cdec4c8edb98e6d53""",MS,viscosity_laplacian_acceleration,2,0.0,0.00013219236300104716,0.0,0.0,0.0,False,EVALUABLE,0.0008571280219177569,EVALUABLE,EXPLORATORY_CONSUMED_DIAGNOSTIC_ONLY
field_lineage_id,"""HMSO01R_A|FIELD_LINEAGE|bb92dd92e9632ccd3901d1e2e79aab63ab0910a576b08c41f27a140edcf99b56""",SS,density_rate,1,0.0,0.011177126747287361,0.0,0.0,0.0,False,EVALUABLE,0.00011491088584736905,EVALUABLE,EXPLORATORY_CONSUMED_DIAGNOSTIC_ONLY
field_lineage_id,"""HMSO01R_A|FIELD_LINEAGE|bb92dd92e9632ccd3901d1e2e79aab63ab0910a576b08c41f27a140edcf99b56""",SS,pressure_gradient_acceleration,1,0.0824494973424994,0.5368617059289154,0.15357678976160083,0.13794116336076365,0.0,False,EVALUABLE,0.10862854204346412,EVALUABLE,EXPLORATORY_CONSUMED_DIAGNOSTIC_ONLY
field_lineage_id,"""HMSO01R_A|FIELD_LINEAGE|bb92dd92e9632ccd3901d1e2e79aab63ab0910a576b08c41f27a140edcf99b56""",SS,viscosity_laplacian_acceleration,1,0.0,0.0001512768210383907,0.0,0.0,0.0,False,EVALUABLE,8.337600186904024e-05,EVALUABLE,EXPLORATORY_CONSUMED_DIAGNOSTIC_ONLY
field_lineage_id,"""HMSO01R_A|FIELD_LINEAGE|bb92dd92e9632ccd3901d1e2e79aab63ab0910a576b08c41f27a140edcf99b56""",MS,density_rate,1,0.0,0.011177126747287361,0.0,0.0,0.0,False,EVALUABLE,0.0001374991363324614,EVALUABLE,EXPLORATORY_CONSUMED_DIAGNOSTIC_ONLY
field_lineage_id,"""HMSO01R_A|FIELD_LINEAGE|bb92dd92e9632ccd3901d1e2e79aab63ab0910a576b08c41f27a140edcf99b56""",MS,pressure_gradient_acceleration,1,0.0824494973424994,0.5368617059289154,0.15357678976160083,0.13794116336076365,0.0,False,EVALUABLE,0.012472092296651529,EVALUABLE,EXPLORATORY_CONSUMED_DIAGNOSTIC_ONLY
field_lineage_id,"""HMSO01R_A|FIELD_LINEAGE|bb92dd92e9632ccd3901d1e2e79aab63ab0910a576b08c41f27a140edcf99b56""",MS,viscosity_laplacian_acceleration,1,0.0,0.0001512768210383907,0.0,0.0,0.0,False,EVALUABLE,3.0455002325238064e-05,EVALUABLE,EXPLORATORY_CONSUMED_DIAGNOSTIC_ONLY
field_lineage_id,"""HMSO01R_A|FIELD_LINEAGE|bd0a319ae5e310c35bfeaafdbd8220147f595c77c4d665773530796c1f3b9b59""",SS,density_rate,1,2.2958877222084186e-12,0.01141997848216203,2.0104133521745142e-10,1.7915844557816968e-10,0.0,False,EVALUABLE,0.0007878273813300923,EVALUABLE,EXPLORATORY_CONSUMED_DIAGNOSTIC_ONLY
field_lineage_id,"""HMSO01R_A|FIELD_LINEAGE|bd0a319ae5e310c35bfeaafdbd8220147f595c77c4d665773530796c1f3b9b59""",SS,pressure_gradient_acceleration,1,0.0,1.0330014981506337,0.0,0.0,0.0,False,EVALUABLE,0.002170664162292627,EVALUABLE,EXPLORATORY_CONSUMED_DIAGNOSTIC_ONLY
field_lineage_id,"""HMSO01R_A|FIELD_LINEAGE|bd0a319ae5e310c35bfeaafdbd8220147f595c77c4d665773530796c1f3b9b59""",SS,viscosity_laplacian_acceleration,1,1.8567216839544245e-05,0.00012941098363612779,0.1434748142534079,0.0891841745940522,0.0,False,EVALUABLE,0.0009648646592556513,EVALUABLE,EXPLORATORY_CONSUMED_DIAGNOSTIC_ONLY
field_lineage_id,"""HMSO01R_A|FIELD_LINEAGE|bd0a319ae5e310c35bfeaafdbd8220147f595c77c4d665773530796c1f3b9b59""",MS,density_rate,1,8.186714932625311e-13,0.01141997848216203,7.168765637704952e-11,6.648055686594749e-11,0.0,False,EVALUABLE,4.870615662986054e-08,EVALUABLE,EXPLORATORY_CONSUMED_DIAGNOSTIC_ONLY
field_lineage_id,"""HMSO01R_A|FIELD_LINEAGE|bd0a319ae5e310c35bfeaafdbd8220147f595c77c4d665773530796c1f3b9b59""",MS,pressure_gradient_acceleration,1,0.0,1.0330014981506337,0.0,0.0,0.0,False,EVALUABLE,0.007629116779935179,EVALUABLE,EXPLORATORY_CONSUMED_DIAGNOSTIC_ONLY
field_lineage_id,"""HMSO01R_A|FIELD_LINEAGE|bd0a319ae5e310c35bfeaafdbd8220147f595c77c4d665773530796c1f3b9b59""",MS,viscosity_laplacian_acceleration,1,4.461377756375087e-05,0.00012941098363612779,0.3447449073503217,0.23309336658798108,0.0,False,EVALUABLE,0.0009090560594671173,EVALUABLE,EXPLORATORY_CONSUMED_DIAGNOSTIC_ONLY
field_lineage_id,"""HMSO01R_A|FIELD_LINEAGE|be9a8927a3f7361841f3e523395e00d4ebcd734040aebfe38006ae7fda2437fd""",SS,density_rate,1,0.0,0.009476957470770462,0.0,0.0,0.0,False,EVALUABLE,0.0065223861445930795,EVALUABLE,EXPLORATORY_CONSUMED_DIAGNOSTIC_ONLY
field_lineage_id,"""HMSO01R_A|FIELD_LINEAGE|be9a8927a3f7361841f3e523395e00d4ebcd734040aebfe38006ae7fda2437fd""",SS,pressure_gradient_acceleration,1,2.7095440125878496,2.7033833228041555,1.0022788813305632,1.4013724853469283,0.0,False,EVALUABLE,0.7610823935901866,EVALUABLE,EXPLORATORY_CONSUMED_DIAGNOSTIC_ONLY
field_lineage_id,"""HMSO01R_A|FIELD_LINEAGE|be9a8927a3f7361841f3e523395e00d4ebcd734040aebfe38006ae7fda2437fd""",SS,viscosity_laplacian_acceleration,1,0.0,8.849234303639991e-05,0.0,0.0,0.0,False,EVALUABLE,0.0001715936960828264,EVALUABLE,EXPLORATORY_CONSUMED_DIAGNOSTIC_ONLY
field_lineage_id,"""HMSO01R_A|FIELD_LINEAGE|be9a8927a3f7361841f3e523395e00d4ebcd734040aebfe38006ae7fda2437fd""",MS,density_rate,1,0.0,0.009476957470770462,0.0,0.0,0.0,False,EVALUABLE,0.002075990741747956,EVALUABLE,EXPLORATORY_CONSUMED_DIAGNOSTIC_ONLY
field_lineage_id,"""HMSO01R_A|FIELD_LINEAGE|be9a8927a3f7361841f3e523395e00d4ebcd734040aebfe38006ae7fda2437fd""",MS,pressure_gradient_acceleration,1,2.7095440125878496,2.7033833228041555,1.0022788813305632,1.4013724853469283,0.0,False,EVALUABLE,0.3286916616306784,EVALUABLE,EXPLORATORY_CONSUMED_DIAGNOSTIC_ONLY
field_lineage_id,"""HMSO01R_A|FIELD_LINEAGE|be9a8927a3f7361841f3e523395e00d4ebcd734040aebfe38006ae7fda2437fd""",MS,viscosity_laplacian_acceleration,1,0.0,8.849234303639991e-05,0.0,0.0,0.0,False,EVALUABLE,0.0001204346360102782,EVALUABLE,EXPLORATORY_CONSUMED_DIAGNOSTIC_ONLY
field_lineage_id,"""HMSO01R_A|FIELD_LINEAGE|bf32023450080971c5fdfb56d7a260838d7b8e02917a4118c4ed0b4a49c6c14a""",SS,density_rate,2,4.897897973823847e-12,0.008993473803837086,5.446057975655801e-10,3.0370573032178213e-10,0.0,False,EVALUABLE,0.0006725225576822883,EVALUABLE,EXPLORATORY_CONSUMED_DIAGNOSTIC_ONLY
field_lineage_id,"""HMSO01R_A|FIELD_LINEAGE|bf32023450080971c5fdfb56d7a260838d7b8e02917a4118c4ed0b4a49c6c14a""",SS,pressure_gradient_acceleration,2,0.0,1.1817007261946242,0.0,0.0,0.0,False,EVALUABLE,0.005889825058037304,EVALUABLE,EXPLORATORY_CONSUMED_DIAGNOSTIC_ONLY
field_lineage_id,"""HMSO01R_A|FIELD_LINEAGE|bf32023450080971c5fdfb56d7a260838d7b8e02917a4118c4ed0b4a49c6c14a""",SS,viscosity_laplacian_acceleration,2,5.749201709351977e-05,0.0001575267393905475,0.36496671813274145,0.3169852117501033,0.0,False,EVALUABLE,0.0013371845504920041,EVALUABLE,EXPLORATORY_CONSUMED_DIAGNOSTIC_ONLY
field_lineage_id,"""HMSO01R_A|FIELD_LINEAGE|bf32023450080971c5fdfb56d7a260838d7b8e02917a4118c4ed0b4a49c6c14a""",MS,density_rate,2,5.221909986329049e-13,0.008993473803837086,5.806332569847604e-11,4.078635597504133e-11,0.0,False,EVALUABLE,3.728773540755867e-08,EVALUABLE,EXPLORATORY_CONSUMED_DIAGNOSTIC_ONLY
field_lineage_id,"""HMSO01R_A|FIELD_LINEAGE|bf32023450080971c5fdfb56d7a260838d7b8e02917a4118c4ed0b4a49c6c14a""",MS,pressure_gradient_acceleration,2,0.0,1.1817007261946242,0.0,0.0,0.0,False,EVALUABLE,0.020663906506408973,EVALUABLE,EXPLORATORY_CONSUMED_DIAGNOSTIC_ONLY
field_lineage_id,"""HMSO01R_A|FIELD_LINEAGE|bf32023450080971c5fdfb56d7a260838d7b8e02917a4118c4ed0b4a49c6c14a""",MS,viscosity_laplacian_acceleration,2,0.00011044686796820235,0.0001575267393905475,0.7011309216169163,0.3489824565954117,0.0,False,EVALUABLE,0.0012667990299155701,EVALUABLE,EXPLORATORY_CONSUMED_DIAGNOSTIC_ONLY
field_lineage_id,"""HMSO01R_A|FIELD_LINEAGE|c26b5ad7fee192c3863a9362bb1782ac10409a155024388ef9dea9120f9c3662""",SS,density_rate,1,0.008267460980014334,0.00626454139474215,1.319723258106849,0.7071935048780409,0.0,False,EVALUABLE,0.05406831392393716,EVALUABLE,EXPLORATORY_CONSUMED_DIAGNOSTIC_ONLY
field_lineage_id,"""HMSO01R_A|FIELD_LINEAGE|c26b5ad7fee192c3863a9362bb1782ac10409a155024388ef9dea9120f9c3662""",SS,pressure_gradient_acceleration,1,0.0,1.3318573746006905,0.0,0.0,0.0,False,EVALUABLE,0.00208509004083532,EVALUABLE,EXPLORATORY_CONSUMED_DIAGNOSTIC_ONLY
field_lineage_id,"""HMSO01R_A|FIELD_LINEAGE|c26b5ad7fee192c3863a9362bb1782ac10409a155024388ef9dea9120f9c3662""",SS,viscosity_laplacian_acceleration,1,9.737610102625909e-05,7.800906650703666e-05,1.2482664565339399,1.03496756839075,0.0,False,EVALUABLE,0.002015755995993926,EVALUABLE,EXPLORATORY_CONSUMED_DIAGNOSTIC_ONLY
field_lineage_id,"""HMSO01R_A|FIELD_LINEAGE|c26b5ad7fee192c3863a9362bb1782ac10409a155024388ef9dea9120f9c3662""",MS,density_rate,1,0.0001016318443460126,0.00626454139474215,0.016223349474761638,0.015473387734790085,0.0,False,EVALUABLE,0.008870861556039904,EVALUABLE,EXPLORATORY_CONSUMED_DIAGNOSTIC_ONLY
field_lineage_id,"""HMSO01R_A|FIELD_LINEAGE|c26b5ad7fee192c3863a9362bb1782ac10409a155024388ef9dea9120f9c3662""",MS,pressure_gradient_acceleration,1,0.0,1.3318573746006905,0.0,0.0,0.0,False,EVALUABLE,0.003023541098276706,EVALUABLE,EXPLORATORY_CONSUMED_DIAGNOSTIC_ONLY
field_lineage_id,"""HMSO01R_A|FIELD_LINEAGE|c26b5ad7fee192c3863a9362bb1782ac10409a155024388ef9dea9120f9c3662""",MS,viscosity_laplacian_acceleration,1,6.504085693698496e-05,7.800906650703666e-05,0.8337602262054766,0.7513289413504365,0.0,False,EVALUABLE,0.00024351587444288982,EVALUABLE,EXPLORATORY_CONSUMED_DIAGNOSTIC_ONLY
field_lineage_id,"""HMSO01R_A|FIELD_LINEAGE|c2759d4a0108475d88af3dd58a918080f77e42a77ac5a686ce9a650a1d522183""",SS,density_rate,1,0.00440383411591078,0.18940107255739164,0.023251368413324827,0.35321847854427224,0.0,False,EVALUABLE,0.1645062091035337,EVALUABLE,EXPLORATORY_CONSUMED_DIAGNOSTIC_ONLY
field_lineage_id,"""HMSO01R_A|FIELD_LINEAGE|c2759d4a0108475d88af3dd58a918080f77e42a77ac5a686ce9a650a1d522183""",SS,pressure_gradient_acceleration,1,0.0,1.2155971651025705,0.0,0.0,0.0,False,EVALUABLE,0.010985764299079657,EVALUABLE,EXPLORATORY_CONSUMED_DIAGNOSTIC_ONLY
field_lineage_id,"""HMSO01R_A|FIELD_LINEAGE|c2759d4a0108475d88af3dd58a918080f77e42a77ac5a686ce9a650a1d522183""",SS,viscosity_laplacian_acceleration,1,0.00033862504003829533,0.0009575019427375056,0.35365467674160916,1.5984058805512111,0.0,False,EVALUABLE,0.003427844355563232,EVALUABLE,EXPLORATORY_CONSUMED_DIAGNOSTIC_ONLY
field_lineage_id,"""HMSO01R_A|FIELD_LINEAGE|c2759d4a0108475d88af3dd58a918080f77e42a77ac5a686ce9a650a1d522183""",MS,density_rate,1,3.8657874055668863e-07,0.18940107255739164,2.0410588775285257e-06,2.43932574385729e-05,0.0,False,EVALUABLE,0.02719530610800207,EVALUABLE,EXPLORATORY_CONSUMED_DIAGNOSTIC_ONLY
field_lineage_id,"""HMSO01R_A|FIELD_LINEAGE|c2759d4a0108475d88af3dd58a918080f77e42a77ac5a686ce9a650a1d522183""",MS,pressure_gradient_acceleration,1,0.0,1.2155971651025705,0.0,0.0,0.0,False,EVALUABLE,0.002648527010597934,EVALUABLE,EXPLORATORY_CONSUMED_DIAGNOSTIC_ONLY
field_lineage_id,"""HMSO01R_A|FIELD_LINEAGE|c2759d4a0108475d88af3dd58a918080f77e42a77ac5a686ce9a650a1d522183""",MS,viscosity_laplacian_acceleration,1,7.340567080339756e-05,0.0009575019427375056,0.07666373040824354,0.49885101512880614,0.0,False,EVALUABLE,0.0017545460696635111,EVALUABLE,EXPLORATORY_CONSUMED_DIAGNOSTIC_ONLY
field_lineage_id,"""HMSO01R_A|FIELD_LINEAGE|c34a55057cd1e579919fb09acb5db221d75ae96164f74060b78863318f65371c""",SS,density_rate,1,4.373842875214123e-12,0.01023618922232002,4.272921084417778e-10,2.874363913881579e-10,0.0,False,EVALUABLE,0.0006472596992672542,EVALUABLE,EXPLORATORY_CONSUMED_DIAGNOSTIC_ONLY
field_lineage_id,"""HMSO01R_A|FIELD_LINEAGE|c34a55057cd1e579919fb09acb5db221d75ae96164f74060b78863318f65371c""",SS,pressure_gradient_acceleration,1,0.0,0.9829513436008681,0.0,0.0,0.0,False,EVALUABLE,0.007876259097508893,EVALUABLE,EXPLORATORY_CONSUMED_DIAGNOSTIC_ONLY
field_lineage_id,"""HMSO01R_A|FIELD_LINEAGE|c34a55057cd1e579919fb09acb5db221d75ae96164f74060b78863318f65371c""",SS,viscosity_laplacian_acceleration,1,0.000239294445126321,0.0003981133565835029,0.6010711300416514,0.5695582127876995,0.0,False,EVALUABLE,0.007239323135805836,EVALUABLE,EXPLORATORY_CONSUMED_DIAGNOSTIC_ONLY
field_lineage_id,"""HMSO01R_A|FIELD_LINEAGE|c34a55057cd1e579919fb09acb5db221d75ae96164f74060b78863318f65371c""",MS,density_rate,1,1.6153771102473327e-15,0.01023618922232002,1.5781039947219825e-13,8.593430505581129e-14,0.0,False,EVALUABLE,1.0827631772894614e-08,EVALUABLE,EXPLORATORY_CONSUMED_DIAGNOSTIC_ONLY
field_lineage_id,"""HMSO01R_A|FIELD_LINEAGE|c34a55057cd1e579919fb09acb5db221d75ae96164f74060b78863318f65371c""",MS,pressure_gradient_acceleration,1,0.0,0.9829513436008681,0.0,0.0,0.0,False,EVALUABLE,0.028332048747374848,EVALUABLE,EXPLORATORY_CONSUMED_DIAGNOSTIC_ONLY
field_lineage_id,"""HMSO01R_A|FIELD_LINEAGE|c34a55057cd1e579919fb09acb5db221d75ae96164f74060b78863318f65371c""",MS,viscosity_laplacian_acceleration,1,0.0004217993910858235,0.0003981133565835029,1.0594957042024098,1.4359326788863598,0.0,False,EVALUABLE,0.001975571620162684,EVALUABLE,EXPLORATORY_CONSUMED_DIAGNOSTIC_ONLY
field_lineage_id,"""HMSO01R_A|FIELD_LINEAGE|c3a574c6618599692f4195c9d1a59189286c1fc26ae852d26723565b0428d983""",SS,density_rate,1,0.0,0.009206651592759362,0.0,0.0,0.0,False,EVALUABLE,0.00039004681102561083,EVALUABLE,EXPLORATORY_CONSUMED_DIAGNOSTIC_ONLY
field_lineage_id,"""HMSO01R_A|FIELD_LINEAGE|c3a574c6618599692f4195c9d1a59189286c1fc26ae852d26723565b0428d983""",SS,pressure_gradient_acceleration,1,0.038439431306812044,1.2553401533667161,0.03062072953192865,0.022685948256405256,0.0,False,EVALUABLE,0.15904879047395973,EVALUABLE,EXPLORATORY_CONSUMED_DIAGNOSTIC_ONLY
field_lineage_id,"""HMSO01R_A|FIELD_LINEAGE|c3a574c6618599692f4195c9d1a59189286c1fc26ae852d26723565b0428d983""",SS,viscosity_laplacian_acceleration,1,0.0,8.23332989992918e-05,0.0,0.0,0.0,False,EVALUABLE,4.838062761420482e-05,EVALUABLE,EXPLORATORY_CONSUMED_DIAGNOSTIC_ONLY
field_lineage_id,"""HMSO01R_A|FIELD_LINEAGE|c3a574c6618599692f4195c9d1a59189286c1fc26ae852d26723565b0428d983""",MS,density_rate,1,0.0,0.009206651592759362,0.0,0.0,0.0,False,EVALUABLE,0.0003315362097806308,EVALUABLE,EXPLORATORY_CONSUMED_DIAGNOSTIC_ONLY
field_lineage_id,"""HMSO01R_A|FIELD_LINEAGE|c3a574c6618599692f4195c9d1a59189286c1fc26ae852d26723565b0428d983""",MS,pressure_gradient_acceleration,1,0.038439431306812044,1.2553401533667161,0.03062072953192865,0.022685948256405256,0.0,False,EVALUABLE,0.03304565626857034,EVALUABLE,EXPLORATORY_CONSUMED_DIAGNOSTIC_ONLY
field_lineage_id,"""HMSO01R_A|FIELD_LINEAGE|c3a574c6618599692f4195c9d1a59189286c1fc26ae852d26723565b0428d983""",MS,viscosity_laplacian_acceleration,1,0.0,8.23332989992918e-05,0.0,0.0,0.0,False,EVALUABLE,2.1894332012656687e-05,EVALUABLE,EXPLORATORY_CONSUMED_DIAGNOSTIC_ONLY
field_lineage_id,"""HMSO01R_A|FIELD_LINEAGE|c54c1448df9c13b6658cb41b2c187b93be0f6db94293a7911953a6e90d602764""",SS,density_rate,1,0.01610944615217704,0.17314606186385373,0.09303963358314231,0.8497342686956807,0.0,False,EVALUABLE,0.20689309466435568,EVALUABLE,EXPLORATORY_CONSUMED_DIAGNOSTIC_ONLY
field_lineage_id,"""HMSO01R_A|FIELD_LINEAGE|c54c1448df9c13b6658cb41b2c187b93be0f6db94293a7911953a6e90d602764""",SS,pressure_gradient_acceleration,1,0.0,1.37196565106451,0.0,0.0,0.0,False,EVALUABLE,0.013551302847209725,EVALUABLE,EXPLORATORY_CONSUMED_DIAGNOSTIC_ONLY
field_lineage_id,"""HMSO01R_A|FIELD_LINEAGE|c54c1448df9c13b6658cb41b2c187b93be0f6db94293a7911953a6e90d602764""",SS,viscosity_laplacian_acceleration,1,0.0007598655897019371,0.0009612399887395152,0.7905055954843883,0.9867726741967235,0.0,False,EVALUABLE,0.003344690742912569,EVALUABLE,EXPLORATORY_CONSUMED_DIAGNOSTIC_ONLY
field_lineage_id,"""HMSO01R_A|FIELD_LINEAGE|c54c1448df9c13b6658cb41b2c187b93be0f6db94293a7911953a6e90d602764""",MS,density_rate,1,2.1786589341420647e-05,0.17314606186385373,0.000125827807499033,0.0033380301711545936,0.0,False,EVALUABLE,0.0008922135630705055,EVALUABLE,EXPLORATORY_CONSUMED_DIAGNOSTIC_ONLY
field_lineage_id,"""HMSO01R_A|FIELD_LINEAGE|c54c1448df9c13b6658cb41b2c187b93be0f6db94293a7911953a6e90d602764""",MS,pressure_gradient_acceleration,1,0.0,1.37196565106451,0.0,0.0,0.0,False,EVALUABLE,0.0028403135987713026,EVALUABLE,EXPLORATORY_CONSUMED_DIAGNOSTIC_ONLY
field_lineage_id,"""HMSO01R_A|FIELD_LINEAGE|c54c1448df9c13b6658cb41b2c187b93be0f6db94293a7911953a6e90d602764""",MS,viscosity_laplacian_acceleration,1,0.0004273502838876686,0.0009612399887395152,0.4445822987951821,1.1716648474647255,0.0,False,EVALUABLE,0.0015436797012232054,EVALUABLE,EXPLORATORY_CONSUMED_DIAGNOSTIC_ONLY
field_lineage_id,"""HMSO01R_A|FIELD_LINEAGE|c7100ae9429166735b2d4f6243a22cf5abc14cffba49fce96d94ed19a12387d6""",SS,density_rate,1,0.0,0.006814798121881435,0.0,0.0,0.0,False,EVALUABLE,0.0004658463959839094,EVALUABLE,EXPLORATORY_CONSUMED_DIAGNOSTIC_ONLY
field_lineage_id,"""HMSO01R_A|FIELD_LINEAGE|c7100ae9429166735b2d4f6243a22cf5abc14cffba49fce96d94ed19a12387d6""",SS,pressure_gradient_acceleration,1,0.7821399181196622,3.182783850730446,0.24574082149504492,0.06815684769347591,0.01171875,False,EVALUABLE,0.739312484973072,EVALUABLE,EXPLORATORY_CONSUMED_DIAGNOSTIC_ONLY
field_lineage_id,"""HMSO01R_A|FIELD_LINEAGE|c7100ae9429166735b2d4f6243a22cf5abc14cffba49fce96d94ed19a12387d6""",SS,viscosity_laplacian_acceleration,1,0.0,0.00012038837098300973,0.0,0.0,0.0,False,EVALUABLE,8.56343537674408e-05,EVALUABLE,EXPLORATORY_CONSUMED_DIAGNOSTIC_ONLY
field_lineage_id,"""HMSO01R_A|FIELD_LINEAGE|c7100ae9429166735b2d4f6243a22cf5abc14cffba49fce96d94ed19a12387d6""",MS,density_rate,1,0.0,0.006814798121881435,0.0,0.0,0.0,False,EVALUABLE,0.00013349734688115618,EVALUABLE,EXPLORATORY_CONSUMED_DIAGNOSTIC_ONLY
field_lineage_id,"""HMSO01R_A|FIELD_LINEAGE|c7100ae9429166735b2d4f6243a22cf5abc14cffba49fce96d94ed19a12387d6""",MS,pressure_gradient_acceleration,1,0.43213818408882154,3.182783850730446,0.13577365110409437,0.0005800772247894163,0.00703125,False,EVALUABLE,0.09778607483180185,EVALUABLE,EXPLORATORY_CONSUMED_DIAGNOSTIC_ONLY
field_lineage_id,"""HMSO01R_A|FIELD_LINEAGE|c7100ae9429166735b2d4f6243a22cf5abc14cffba49fce96d94ed19a12387d6""",MS,viscosity_laplacian_acceleration,1,0.0,0.00012038837098300973,0.0,0.0,0.0,False,EVALUABLE,2.8599139453445826e-05,EVALUABLE,EXPLORATORY_CONSUMED_DIAGNOSTIC_ONLY
field_lineage_id,"""HMSO01R_A|FIELD_LINEAGE|c7498c8903eedb4eb72abeb74a8624f4f311768cc705b42f488a9e810b4c3aec""",SS,density_rate,1,1.797936200046983e-14,0.008877066805445118,2.0253719381092684e-12,2.2145379511373956e-12,0.0,False,EVALUABLE,0.0006926576453039346,EVALUABLE,EXPLORATORY_CONSUMED_DIAGNOSTIC_ONLY
field_lineage_id,"""HMSO01R_A|FIELD_LINEAGE|c7498c8903eedb4eb72abeb74a8624f4f311768cc705b42f488a9e810b4c3aec""",SS,pressure_gradient_acceleration,1,0.0,0.5820825910794939,0.0,0.0,0.0,False,EVALUABLE,0.008480148390410192,EVALUABLE,EXPLORATORY_CONSUMED_DIAGNOSTIC_ONLY
field_lineage_id,"""HMSO01R_A|FIELD_LINEAGE|c7498c8903eedb4eb72abeb74a8624f4f311768cc705b42f488a9e810b4c3aec""",SS,viscosity_laplacian_acceleration,1,5.671572251895003e-06,0.00013513381837689623,0.041970043620588385,0.00027678016714729456,0.0,False,EVALUABLE,0.003167902678209848,EVALUABLE,EXPLORATORY_CONSUMED_DIAGNOSTIC_ONLY
field_lineage_id,"""HMSO01R_A|FIELD_LINEAGE|c7498c8903eedb4eb72abeb74a8624f4f311768cc705b42f488a9e810b4c3aec""",MS,density_rate,1,3.974518330709061e-33,0.008877066805445118,4.4772878449795205e-31,3.385497611369947e-31,0.0,False,EVALUABLE,6.641422203529508e-05,EVALUABLE,EXPLORATORY_CONSUMED_DIAGNOSTIC_ONLY
field_lineage_id,"""HMSO01R_A|FIELD_LINEAGE|c7498c8903eedb4eb72abeb74a8624f4f311768cc705b42f488a9e810b4c3aec""",MS,pressure_gradient_acceleration,1,0.0,0.5820825910794939,0.0,0.0,0.000390625,False,EVALUABLE,0.002153740618485949,EVALUABLE,EXPLORATORY_CONSUMED_DIAGNOSTIC_ONLY
field_lineage_id,"""HMSO01R_A|FIELD_LINEAGE|c7498c8903eedb4eb72abeb74a8624f4f311768cc705b42f488a9e810b4c3aec""",MS,viscosity_laplacian_acceleration,1,3.631453682072842e-08,0.00013513381837689623,0.00026873019098331863,0.0002354278755657721,0.0,False,EVALUABLE,0.0002234358066313205,EVALUABLE,EXPLORATORY_CONSUMED_DIAGNOSTIC_ONLY
field_lineage_id,"""HMSO01R_A|FIELD_LINEAGE|c9a10c50914a082104b6f42f933e2e8b35494d6ac1b464fc981b740edc26e9a6""",SS,density_rate,12,0.00350572646760555,0.008995332350740647,0.38972728643171256,0.36637387605005034,0.0,False,EVALUABLE,0.0025845008581377206,EVALUABLE,EXPLORATORY_CONSUMED_DIAGNOSTIC_ONLY
field_lineage_id,"""HMSO01R_A|FIELD_LINEAGE|c9a10c50914a082104b6f42f933e2e8b35494d6ac1b464fc981b740edc26e9a6""",SS,pressure_gradient_acceleration,12,2.0848013181628287,1.1118844229471165,1.8750162113405073,1.2889754700618121,0.0,False,EVALUABLE,0.2941109320242812,EVALUABLE,EXPLORATORY_CONSUMED_DIAGNOSTIC_ONLY
field_lineage_id,"""HMSO01R_A|FIELD_LINEAGE|c9a10c50914a082104b6f42f933e2e8b35494d6ac1b464fc981b740edc26e9a6""",SS,viscosity_laplacian_acceleration,12,6.145164531815913e-05,0.00011811528805676459,0.5202683439981648,0.5030632312298224,0.0,False,EVALUABLE,0.00037935104651068484,EVALUABLE,EXPLORATORY_CONSUMED_DIAGNOSTIC_ONLY
field_lineage_id,"""HMSO01R_A|FIELD_LINEAGE|c9a10c50914a082104b6f42f933e2e8b35494d6ac1b464fc981b740edc26e9a6""",MS,density_rate,12,5.972075809255135e-07,0.008995332350740647,6.639083000377871e-05,6.262788127335072e-05,0.0,False,EVALUABLE,0.0002678546032679451,EVALUABLE,EXPLORATORY_CONSUMED_DIAGNOSTIC_ONLY
field_lineage_id,"""HMSO01R_A|FIELD_LINEAGE|c9a10c50914a082104b6f42f933e2e8b35494d6ac1b464fc981b740edc26e9a6""",MS,pressure_gradient_acceleration,12,3.577310091667505,1.1118844229471165,3.2173398761947123,2.3403157570008655,3.255208333333333e-05,False,EVALUABLE,0.25914184122934975,EVALUABLE,EXPLORATORY_CONSUMED_DIAGNOSTIC_ONLY
field_lineage_id,"""HMSO01R_A|FIELD_LINEAGE|c9a10c50914a082104b6f42f933e2e8b35494d6ac1b464fc981b740edc26e9a6""",MS,viscosity_laplacian_acceleration,12,1.374102114206846e-06,0.00011811528805676459,0.011633566973535818,0.010954474785605559,0.0,False,EVALUABLE,0.00233319738348806,EVALUABLE,EXPLORATORY_CONSUMED_DIAGNOSTIC_ONLY
field_lineage_id,"""HMSO01R_A|FIELD_LINEAGE|ca0f07a3c0d5df7705d15288eb48ecdf2c50af57aa3e1ab370127581f048c929""",SS,density_rate,1,2.0789149858134208e-31,0.010107070631724124,2.056891716268522e-29,1.0442538541681074e-29,0.0,False,EVALUABLE,0.0019037159997386882,EVALUABLE,EXPLORATORY_CONSUMED_DIAGNOSTIC_ONLY
field_lineage_id,"""HMSO01R_A|FIELD_LINEAGE|ca0f07a3c0d5df7705d15288eb48ecdf2c50af57aa3e1ab370127581f048c929""",SS,pressure_gradient_acceleration,1,0.0,1.3506036191430355,0.0,0.0,0.0,False,EVALUABLE,0.025913221052288504,EVALUABLE,EXPLORATORY_CONSUMED_DIAGNOSTIC_ONLY
field_lineage_id,"""HMSO01R_A|FIELD_LINEAGE|ca0f07a3c0d5df7705d15288eb48ecdf2c50af57aa3e1ab370127581f048c929""",SS,viscosity_laplacian_acceleration,1,6.142428009622248e-08,0.00013227903613806906,0.0004643538529575434,0.0004773289147049663,0.0,False,EVALUABLE,0.011839086847007045,EVALUABLE,EXPLORATORY_CONSUMED_DIAGNOSTIC_ONLY
field_lineage_id,"""HMSO01R_A|FIELD_LINEAGE|ca0f07a3c0d5df7705d15288eb48ecdf2c50af57aa3e1ab370127581f048c929""",MS,density_rate,1,2.0757516636300147e-31,0.010107070631724124,2.0537619051702628e-29,7.775557548668042e-30,0.0,False,EVALUABLE,0.0003391338274777242,EVALUABLE,EXPLORATORY_CONSUMED_DIAGNOSTIC_ONLY
field_lineage_id,"""HMSO01R_A|FIELD_LINEAGE|ca0f07a3c0d5df7705d15288eb48ecdf2c50af57aa3e1ab370127581f048c929""",MS,pressure_gradient_acceleration,1,0.0,1.3506036191430355,0.0,0.0,0.0,False,EVALUABLE,0.002392963147979372,EVALUABLE,EXPLORATORY_CONSUMED_DIAGNOSTIC_ONLY
field_lineage_id,"""HMSO01R_A|FIELD_LINEAGE|ca0f07a3c0d5df7705d15288eb48ecdf2c50af57aa3e1ab370127581f048c929""",MS,viscosity_laplacian_acceleration,1,7.396902890927307e-07,0.00013227903613806906,0.005591893550847039,0.0038841175809327124,0.0,False,EVALUABLE,0.0006631910401771349,EVALUABLE,EXPLORATORY_CONSUMED_DIAGNOSTIC_ONLY
field_lineage_id,"""HMSO01R_A|FIELD_LINEAGE|cb947f8167c6ce3da1c26b48289f11fe77c609125572b2e2f489d9b4dbf77d91""",SS,density_rate,1,0.004449184652120979,0.020526400738631705,0.21675425267067852,0.3131686611034449,0.0,False,EVALUABLE,0.07591782603478806,EVALUABLE,EXPLORATORY_CONSUMED_DIAGNOSTIC_ONLY
field_lineage_id,"""HMSO01R_A|FIELD_LINEAGE|cb947f8167c6ce3da1c26b48289f11fe77c609125572b2e2f489d9b4dbf77d91""",SS,pressure_gradient_acceleration,1,0.0,1.3490713363950522,0.0,0.0,0.0,False,EVALUABLE,0.029332776655911576,EVALUABLE,EXPLORATORY_CONSUMED_DIAGNOSTIC_ONLY
field_lineage_id,"""HMSO01R_A|FIELD_LINEAGE|cb947f8167c6ce3da1c26b48289f11fe77c609125572b2e2f489d9b4dbf77d91""",SS,viscosity_laplacian_acceleration,1,0.00015952319202921649,0.00012653945430071256,1.260659712109397,0.8088091599226368,0.0,False,EVALUABLE,0.010820240068300187,EVALUABLE,EXPLORATORY_CONSUMED_DIAGNOSTIC_ONLY
field_lineage_id,"""HMSO01R_A|FIELD_LINEAGE|cb947f8167c6ce3da1c26b48289f11fe77c609125572b2e2f489d9b4dbf77d91""",MS,density_rate,1,5.930122032803256e-05,0.020526400738631705,0.0028890218544951585,0.0060119260297030325,0.0,False,EVALUABLE,0.007097008740670539,EVALUABLE,EXPLORATORY_CONSUMED_DIAGNOSTIC_ONLY
field_lineage_id,"""HMSO01R_A|FIELD_LINEAGE|cb947f8167c6ce3da1c26b48289f11fe77c609125572b2e2f489d9b4dbf77d91""",MS,pressure_gradient_acceleration,1,0.0,1.3490713363950522,0.0,0.0,0.0,False,EVALUABLE,0.003006534506789626,EVALUABLE,EXPLORATORY_CONSUMED_DIAGNOSTIC_ONLY
field_lineage_id,"""HMSO01R_A|FIELD_LINEAGE|cb947f8167c6ce3da1c26b48289f11fe77c609125572b2e2f489d9b4dbf77d91""",MS,viscosity_laplacian_acceleration,1,5.768884131589047e-05,0.00012653945430071256,0.4558960810657267,0.2710044857114143,0.0,False,EVALUABLE,0.0011427246894065884,EVALUABLE,EXPLORATORY_CONSUMED_DIAGNOSTIC_ONLY
field_lineage_id,"""HMSO01R_A|FIELD_LINEAGE|cd1482e6386aeab5f67532ea00a4d133dd0798283239fa2bc60b1a36d8fd8390""",SS,density_rate,1,0.0,0.009083825665077691,0.0,0.0,0.0,False,EVALUABLE,0.00048625549119892593,EVALUABLE,EXPLORATORY_CONSUMED_DIAGNOSTIC_ONLY
field_lineage_id,"""HMSO01R_A|FIELD_LINEAGE|cd1482e6386aeab5f67532ea00a4d133dd0798283239fa2bc60b1a36d8fd8390""",SS,pressure_gradient_acceleration,1,2.5271999684218516,5.4531794153449,0.4634360573779164,0.8668713485641509,0.0,False,EVALUABLE,0.8912487489004798,EVALUABLE,EXPLORATORY_CONSUMED_DIAGNOSTIC_ONLY
field_lineage_id,"""HMSO01R_A|FIELD_LINEAGE|cd1482e6386aeab5f67532ea00a4d133dd0798283239fa2bc60b1a36d8fd8390""",SS,viscosity_laplacian_acceleration,1,0.0,0.0001042276726389035,0.0,0.0,0.0,False,EVALUABLE,4.2589991362208384e-05,EVALUABLE,EXPLORATORY_CONSUMED_DIAGNOSTIC_ONLY
field_lineage_id,"""HMSO01R_A|FIELD_LINEAGE|cd1482e6386aeab5f67532ea00a4d133dd0798283239fa2bc60b1a36d8fd8390""",MS,density_rate,1,0.0,0.009083825665077691,0.0,0.0,0.0,False,EVALUABLE,0.0001322309020093287,EVALUABLE,EXPLORATORY_CONSUMED_DIAGNOSTIC_ONLY
field_lineage_id,"""HMSO01R_A|FIELD_LINEAGE|cd1482e6386aeab5f67532ea00a4d133dd0798283239fa2bc60b1a36d8fd8390""",MS,pressure_gradient_acceleration,1,2.5271999684218516,5.4531794153449,0.4634360573779164,0.8668713485641509,0.0,False,EVALUABLE,0.1691025506784354,EVALUABLE,EXPLORATORY_CONSUMED_DIAGNOSTIC_ONLY
field_lineage_id,"""HMSO01R_A|FIELD_LINEAGE|cd1482e6386aeab5f67532ea00a4d133dd0798283239fa2bc60b1a36d8fd8390""",MS,viscosity_laplacian_acceleration,1,0.0,0.0001042276726389035,0.0,0.0,0.0,False,EVALUABLE,3.3105070415714386e-05,EVALUABLE,EXPLORATORY_CONSUMED_DIAGNOSTIC_ONLY
field_lineage_id,"""HMSO01R_A|FIELD_LINEAGE|d1321924d243ef663d38f2119b3da3e0b77ff9249352efe1c25dfa4971fbd453""",SS,density_rate,1,0.0,0.0076080037768191545,0.0,0.0,0.0,False,EVALUABLE,0.0007715858253267442,EVALUABLE,EXPLORATORY_CONSUMED_DIAGNOSTIC_ONLY
field_lineage_id,"""HMSO01R_A|FIELD_LINEAGE|d1321924d243ef663d38f2119b3da3e0b77ff9249352efe1c25dfa4971fbd453""",SS,pressure_gradient_acceleration,1,1.0765330762394805,1.3933144388114844,0.7726418719652237,0.7496152970722965,0.0,False,EVALUABLE,1.301285231636245,EVALUABLE,EXPLORATORY_CONSUMED_DIAGNOSTIC_ONLY
field_lineage_id,"""HMSO01R_A|FIELD_LINEAGE|d1321924d243ef663d38f2119b3da3e0b77ff9249352efe1c25dfa4971fbd453""",SS,viscosity_laplacian_acceleration,1,0.0,9.951971371556438e-05,0.0,0.0,0.0,False,EVALUABLE,3.5234376169153e-05,EVALUABLE,EXPLORATORY_CONSUMED_DIAGNOSTIC_ONLY
field_lineage_id,"""HMSO01R_A|FIELD_LINEAGE|d1321924d243ef663d38f2119b3da3e0b77ff9249352efe1c25dfa4971fbd453""",MS,density_rate,1,0.0,0.0076080037768191545,0.0,0.0,0.0,False,EVALUABLE,0.0001756711259731599,EVALUABLE,EXPLORATORY_CONSUMED_DIAGNOSTIC_ONLY
field_lineage_id,"""HMSO01R_A|FIELD_LINEAGE|d1321924d243ef663d38f2119b3da3e0b77ff9249352efe1c25dfa4971fbd453""",MS,pressure_gradient_acceleration,1,1.0765330762394805,1.3933144388114844,0.7726418719652237,0.7496152970722965,0.0,False,EVALUABLE,0.4685052835357175,EVALUABLE,EXPLORATORY_CONSUMED_DIAGNOSTIC_ONLY
field_lineage_id,"""HMSO01R_A|FIELD_LINEAGE|d1321924d243ef663d38f2119b3da3e0b77ff9249352efe1c25dfa4971fbd453""",MS,viscosity_laplacian_acceleration,1,0.0,9.951971371556438e-05,0.0,0.0,0.0,False,EVALUABLE,4.081869544608931e-05,EVALUABLE,EXPLORATORY_CONSUMED_DIAGNOSTIC_ONLY
field_lineage_id,"""HMSO01R_A|FIELD_LINEAGE|d2f9d8c8f5f3c69790790651faeb1c1f59b6b387e4ede38adea5936b94855ff9""",SS,density_rate,2,7.590447884546056e-12,0.01055924050917476,7.188441136415856e-10,5.60680620662639e-10,0.0,False,EVALUABLE,0.0010744728297224645,EVALUABLE,EXPLORATORY_CONSUMED_DIAGNOSTIC_ONLY
field_lineage_id,"""HMSO01R_A|FIELD_LINEAGE|d2f9d8c8f5f3c69790790651faeb1c1f59b6b387e4ede38adea5936b94855ff9""",SS,pressure_gradient_acceleration,2,0.0,1.0341414755079676,0.0,0.0,0.0,False,EVALUABLE,0.0057557131822779115,EVALUABLE,EXPLORATORY_CONSUMED_DIAGNOSTIC_ONLY
field_lineage_id,"""HMSO01R_A|FIELD_LINEAGE|d2f9d8c8f5f3c69790790651faeb1c1f59b6b387e4ede38adea5936b94855ff9""",SS,viscosity_laplacian_acceleration,2,8.597287327496095e-05,0.00029108969270744524,0.2953483940819798,0.47738308728385875,0.0,False,EVALUABLE,0.003043534894110746,EVALUABLE,EXPLORATORY_CONSUMED_DIAGNOSTIC_ONLY
field_lineage_id,"""HMSO01R_A|FIELD_LINEAGE|d2f9d8c8f5f3c69790790651faeb1c1f59b6b387e4ede38adea5936b94855ff9""",MS,density_rate,2,1.1570138859998364e-14,0.01055924050917476,1.0957358959619538e-12,6.774711756246537e-13,0.0,False,EVALUABLE,8.077212654855673e-08,EVALUABLE,EXPLORATORY_CONSUMED_DIAGNOSTIC_ONLY
field_lineage_id,"""HMSO01R_A|FIELD_LINEAGE|d2f9d8c8f5f3c69790790651faeb1c1f59b6b387e4ede38adea5936b94855ff9""",MS,pressure_gradient_acceleration,2,0.0,1.0341414755079676,0.0,0.0,0.0,False,EVALUABLE,0.040386166951405546,EVALUABLE,EXPLORATORY_CONSUMED_DIAGNOSTIC_ONLY
field_lineage_id,"""HMSO01R_A|FIELD_LINEAGE|d2f9d8c8f5f3c69790790651faeb1c1f59b6b387e4ede38adea5936b94855ff9""",MS,viscosity_laplacian_acceleration,2,0.0002251913633923844,0.00029108969270744524,0.773615036993801,0.7280223555313066,0.0,False,EVALUABLE,0.0015082323672819362,EVALUABLE,EXPLORATORY_CONSUMED_DIAGNOSTIC_ONLY
field_lineage_id,"""HMSO01R_A|FIELD_LINEAGE|d3329a31885ae9100b3a5071d3f6de7c5b314524ba319156e3df439e55667dd5""",SS,density_rate,1,0.0,0.006865086701589087,0.0,0.0,0.0,False,EVALUABLE,0.0004624206569059328,EVALUABLE,EXPLORATORY_CONSUMED_DIAGNOSTIC_ONLY
field_lineage_id,"""HMSO01R_A|FIELD_LINEAGE|d3329a31885ae9100b3a5071d3f6de7c5b314524ba319156e3df439e55667dd5""",SS,pressure_gradient_acceleration,1,0.8956036033741165,2.8652626692154186,0.31257294941805647,0.2153244927076346,0.0,False,EVALUABLE,0.09651842235133574,EVALUABLE,EXPLORATORY_CONSUMED_DIAGNOSTIC_ONLY
field_lineage_id,"""HMSO01R_A|FIELD_LINEAGE|d3329a31885ae9100b3a5071d3f6de7c5b314524ba319156e3df439e55667dd5""",SS,viscosity_laplacian_acceleration,1,0.0,0.00013383732659806672,0.0,0.0,0.0,False,EVALUABLE,6.727115224463708e-05,EVALUABLE,EXPLORATORY_CONSUMED_DIAGNOSTIC_ONLY
field_lineage_id,"""HMSO01R_A|FIELD_LINEAGE|d3329a31885ae9100b3a5071d3f6de7c5b314524ba319156e3df439e55667dd5""",MS,density_rate,1,0.0,0.006865086701589087,0.0,0.0,0.0,False,EVALUABLE,0.0008649316835020163,EVALUABLE,EXPLORATORY_CONSUMED_DIAGNOSTIC_ONLY
field_lineage_id,"""HMSO01R_A|FIELD_LINEAGE|d3329a31885ae9100b3a5071d3f6de7c5b314524ba319156e3df439e55667dd5""",MS,pressure_gradient_acceleration,1,0.8956036033741165,2.8652626692154186,0.31257294941805647,0.2153244927076346,0.0,False,EVALUABLE,0.21905204881925897,EVALUABLE,EXPLORATORY_CONSUMED_DIAGNOSTIC_ONLY
field_lineage_id,"""HMSO01R_A|FIELD_LINEAGE|d3329a31885ae9100b3a5071d3f6de7c5b314524ba319156e3df439e55667dd5""",MS,viscosity_laplacian_acceleration,1,0.0,0.00013383732659806672,0.0,0.0,0.0,False,EVALUABLE,6.306836500611298e-05,EVALUABLE,EXPLORATORY_CONSUMED_DIAGNOSTIC_ONLY
field_lineage_id,"""HMSO01R_A|FIELD_LINEAGE|d65de8a657545ef8339cfa29e05ce27d63f8ec5e02ee50514a615a33f5595da9""",SS,density_rate,1,7.312387801562281e-12,0.007555709578433136,9.677963036634723e-10,9.094284298405635e-10,0.0,False,EVALUABLE,0.00042257640800340474,EVALUABLE,EXPLORATORY_CONSUMED_DIAGNOSTIC_ONLY
field_lineage_id,"""HMSO01R_A|FIELD_LINEAGE|d65de8a657545ef8339cfa29e05ce27d63f8ec5e02ee50514a615a33f5595da9""",SS,pressure_gradient_acceleration,1,0.11811543533034212,0.4668585089110114,0.253000498172041,0.17964162230215747,0.0,False,EVALUABLE,0.08762188723089538,EVALUABLE,EXPLORATORY_CONSUMED_DIAGNOSTIC_ONLY
field_lineage_id,"""HMSO01R_A|FIELD_LINEAGE|d65de8a657545ef8339cfa29e05ce27d63f8ec5e02ee50514a615a33f5595da9""",SS,viscosity_laplacian_acceleration,1,1.3763194412349572e-07,0.00011767952800343577,0.0011695487435969102,0.00109626705885243,0.0,False,EVALUABLE,5.409465970542035e-05,EVALUABLE,EXPLORATORY_CONSUMED_DIAGNOSTIC_ONLY
field_lineage_id,"""HMSO01R_A|FIELD_LINEAGE|d65de8a657545ef8339cfa29e05ce27d63f8ec5e02ee50514a615a33f5595da9""",MS,density_rate,1,2.1611288278761875e-15,0.007555709578433136,2.8602592588323797e-13,2.6618863376122877e-13,0.0,False,EVALUABLE,8.567161356584422e-05,EVALUABLE,EXPLORATORY_CONSUMED_DIAGNOSTIC_ONLY
field_lineage_id,"""HMSO01R_A|FIELD_LINEAGE|d65de8a657545ef8339cfa29e05ce27d63f8ec5e02ee50514a615a33f5595da9""",MS,pressure_gradient_acceleration,1,0.11811543533034212,0.4668585089110114,0.253000498172041,0.17964162230215747,0.0,False,EVALUABLE,0.01529892035082215,EVALUABLE,EXPLORATORY_CONSUMED_DIAGNOSTIC_ONLY
field_lineage_id,"""HMSO01R_A|FIELD_LINEAGE|d65de8a657545ef8339cfa29e05ce27d63f8ec5e02ee50514a615a33f5595da9""",MS,viscosity_laplacian_acceleration,1,1.1385503480125158e-07,0.00011767952800343577,0.0009675007771778917,0.0009263028538201395,0.0,False,EVALUABLE,1.6764802345015345e-05,EVALUABLE,EXPLORATORY_CONSUMED_DIAGNOSTIC_ONLY
field_lineage_id,"""HMSO01R_A|FIELD_LINEAGE|d6ecf8cd80acb9db6acee967c0d1a3a8ca941d75fcf9e621c7ea05d79a191767""",SS,density_rate,3,0.0015979083488941257,0.009009131271042942,0.17736541968592537,0.15707325411450704,0.0,False,EVALUABLE,0.012598410416672631,EVALUABLE,EXPLORATORY_CONSUMED_DIAGNOSTIC_ONLY
field_lineage_id,"""HMSO01R_A|FIELD_LINEAGE|d6ecf8cd80acb9db6acee967c0d1a3a8ca941d75fcf9e621c7ea05d79a191767""",SS,pressure_gradient_acceleration,3,0.0,0.526852476475499,0.0,0.0,0.0,False,EVALUABLE,0.005724032149489005,EVALUABLE,EXPLORATORY_CONSUMED_DIAGNOSTIC_ONLY
field_lineage_id,"""HMSO01R_A|FIELD_LINEAGE|d6ecf8cd80acb9db6acee967c0d1a3a8ca941d75fcf9e621c7ea05d79a191767""",SS,viscosity_laplacian_acceleration,3,0.00011187727966700674,0.00011579130157858334,0.9661976171075312,0.6381031575996485,0.0,False,EVALUABLE,0.000986085628674664,EVALUABLE,EXPLORATORY_CONSUMED_DIAGNOSTIC_ONLY
field_lineage_id,"""HMSO01R_A|FIELD_LINEAGE|d6ecf8cd80acb9db6acee967c0d1a3a8ca941d75fcf9e621c7ea05d79a191767""",MS,density_rate,3,1.891158290381752e-05,0.009009131271042942,0.0020991572144811494,0.0015723751708820132,0.0,False,EVALUABLE,0.0016844868448195759,EVALUABLE,EXPLORATORY_CONSUMED_DIAGNOSTIC_ONLY
field_lineage_id,"""HMSO01R_A|FIELD_LINEAGE|d6ecf8cd80acb9db6acee967c0d1a3a8ca941d75fcf9e621c7ea05d79a191767""",MS,pressure_gradient_acceleration,3,0.0,0.526852476475499,0.0,0.0,0.0,False,EVALUABLE,0.002184564326044739,EVALUABLE,EXPLORATORY_CONSUMED_DIAGNOSTIC_ONLY
field_lineage_id,"""HMSO01R_A|FIELD_LINEAGE|d6ecf8cd80acb9db6acee967c0d1a3a8ca941d75fcf9e621c7ea05d79a191767""",MS,viscosity_laplacian_acceleration,3,2.209881089448438e-05,0.00011579130157858334,0.19085035398351335,0.14951043614755855,0.0,False,EVALUABLE,0.00011555583946033646,EVALUABLE,EXPLORATORY_CONSUMED_DIAGNOSTIC_ONLY
field_lineage_id,"""HMSO01R_A|FIELD_LINEAGE|d7d10f9b5293a22777f94b958cdb7280c40216c21a2b9b4a49451c1385cf26d9""",SS,density_rate,1,0.006565965793237453,0.04522366329702718,0.14518872012009415,0.48269715597244056,0.0,False,EVALUABLE,0.08063915431474501,EVALUABLE,EXPLORATORY_CONSUMED_DIAGNOSTIC_ONLY
field_lineage_id,"""HMSO01R_A|FIELD_LINEAGE|d7d10f9b5293a22777f94b958cdb7280c40216c21a2b9b4a49451c1385cf26d9""",SS,pressure_gradient_acceleration,1,0.0,0.5684299409884045,0.0,0.0,0.0,False,EVALUABLE,0.006649435634856174,EVALUABLE,EXPLORATORY_CONSUMED_DIAGNOSTIC_ONLY
field_lineage_id,"""HMSO01R_A|FIELD_LINEAGE|d7d10f9b5293a22777f94b958cdb7280c40216c21a2b9b4a49451c1385cf26d9""",SS,viscosity_laplacian_acceleration,1,0.0002603255839144041,0.00031916364761035794,0.815649231557271,0.8941059313033444,0.0,False,EVALUABLE,0.002316329067154207,EVALUABLE,EXPLORATORY_CONSUMED_DIAGNOSTIC_ONLY
field_lineage_id,"""HMSO01R_A|FIELD_LINEAGE|d7d10f9b5293a22777f94b958cdb7280c40216c21a2b9b4a49451c1385cf26d9""",MS,density_rate,1,0.0002002659046073883,0.04522366329702718,0.004428343261182757,0.023905991898271695,0.0,False,EVALUABLE,0.010511862175698319,EVALUABLE,EXPLORATORY_CONSUMED_DIAGNOSTIC_ONLY
field_lineage_id,"""HMSO01R_A|FIELD_LINEAGE|d7d10f9b5293a22777f94b958cdb7280c40216c21a2b9b4a49451c1385cf26d9""",MS,pressure_gradient_acceleration,1,0.0,0.5684299409884045,0.0,0.0,0.0,False,EVALUABLE,0.0024546627741903865,EVALUABLE,EXPLORATORY_CONSUMED_DIAGNOSTIC_ONLY
field_lineage_id,"""HMSO01R_A|FIELD_LINEAGE|d7d10f9b5293a22777f94b958cdb7280c40216c21a2b9b4a49451c1385cf26d9""",MS,viscosity_laplacian_acceleration,1,0.000316592176340479,0.00031916364761035794,0.9919430947442415,0.863531360732807,0.0,False,EVALUABLE,0.0016340659197818662,EVALUABLE,EXPLORATORY_CONSUMED_DIAGNOSTIC_ONLY
field_lineage_id,"""HMSO01R_A|FIELD_LINEAGE|d8cd77f2aea85a93297ba4755747ee15653349aca322bca77ce1738389444994""",SS,density_rate,2,9.495782173338464e-06,0.008931126908334013,0.001063223294305397,0.000998704080552641,0.0,False,EVALUABLE,0.00043922040364411535,EVALUABLE,EXPLORATORY_CONSUMED_DIAGNOSTIC_ONLY
field_lineage_id,"""HMSO01R_A|FIELD_LINEAGE|d8cd77f2aea85a93297ba4755747ee15653349aca322bca77ce1738389444994""",SS,pressure_gradient_acceleration,2,0.6207560832302373,1.4956852862928962,0.4150312160713977,0.14834562305320664,0.0,False,EVALUABLE,0.3586858842611158,EVALUABLE,EXPLORATORY_CONSUMED_DIAGNOSTIC_ONLY
field_lineage_id,"""HMSO01R_A|FIELD_LINEAGE|d8cd77f2aea85a93297ba4755747ee15653349aca322bca77ce1738389444994""",SS,viscosity_laplacian_acceleration,2,1.2402263795399042e-06,0.00010063361555386378,0.012324175900011041,0.010170702481728423,0.0,False,EVALUABLE,5.750748856561524e-05,EVALUABLE,EXPLORATORY_CONSUMED_DIAGNOSTIC_ONLY
field_lineage_id,"""HMSO01R_A|FIELD_LINEAGE|d8cd77f2aea85a93297ba4755747ee15653349aca322bca77ce1738389444994""",MS,density_rate,2,0.0,0.008931126908334013,0.0,0.0,0.0,False,EVALUABLE,0.0,EVALUABLE,EXPLORATORY_CONSUMED_DIAGNOSTIC_ONLY
field_lineage_id,"""HMSO01R_A|FIELD_LINEAGE|d8cd77f2aea85a93297ba4755747ee15653349aca322bca77ce1738389444994""",MS,pressure_gradient_acceleration,2,0.6211251093157336,1.4956852862928962,0.4152779431662473,0.1483226200855533,0.0,False,EVALUABLE,0.1342982793491236,EVALUABLE,EXPLORATORY_CONSUMED_DIAGNOSTIC_ONLY
field_lineage_id,"""HMSO01R_A|FIELD_LINEAGE|d8cd77f2aea85a93297ba4755747ee15653349aca322bca77ce1738389444994""",MS,viscosity_laplacian_acceleration,2,0.0,0.00010063361555386378,0.0,0.0,0.0,False,EVALUABLE,0.0009365143329711742,EVALUABLE,EXPLORATORY_CONSUMED_DIAGNOSTIC_ONLY
field_lineage_id,"""HMSO01R_A|FIELD_LINEAGE|d9b0e4ca0c6e9f306f81bad07b5f31753c1237e04a6a51d708212ab05edea52f""",SS,density_rate,1,0.0068498091888503174,0.048268334387293846,0.14191103289144075,0.5432796402227813,0.0,False,EVALUABLE,0.07877567448530985,EVALUABLE,EXPLORATORY_CONSUMED_DIAGNOSTIC_ONLY
field_lineage_id,"""HMSO01R_A|FIELD_LINEAGE|d9b0e4ca0c6e9f306f81bad07b5f31753c1237e04a6a51d708212ab05edea52f""",SS,pressure_gradient_acceleration,1,0.0,1.2477995281196068,0.0,0.0,0.0,False,EVALUABLE,0.00921437575748838,EVALUABLE,EXPLORATORY_CONSUMED_DIAGNOSTIC_ONLY
field_lineage_id,"""HMSO01R_A|FIELD_LINEAGE|d9b0e4ca0c6e9f306f81bad07b5f31753c1237e04a6a51d708212ab05edea52f""",SS,viscosity_laplacian_acceleration,1,0.00026312344813335343,0.00034378992258901777,0.7653611430836013,0.46427864520340023,0.0,False,EVALUABLE,0.001817262262299667,EVALUABLE,EXPLORATORY_CONSUMED_DIAGNOSTIC_ONLY
field_lineage_id,"""HMSO01R_A|FIELD_LINEAGE|d9b0e4ca0c6e9f306f81bad07b5f31753c1237e04a6a51d708212ab05edea52f""",MS,density_rate,1,7.005984823463141e-05,0.048268334387293846,0.0014514660413282037,0.006387137574707589,0.0,False,EVALUABLE,0.013026563358390511,EVALUABLE,EXPLORATORY_CONSUMED_DIAGNOSTIC_ONLY
field_lineage_id,"""HMSO01R_A|FIELD_LINEAGE|d9b0e4ca0c6e9f306f81bad07b5f31753c1237e04a6a51d708212ab05edea52f""",MS,pressure_gradient_acceleration,1,0.0,1.2477995281196068,0.0,0.0,0.0,False,EVALUABLE,0.0022260197544413255,EVALUABLE,EXPLORATORY_CONSUMED_DIAGNOSTIC_ONLY
field_lineage_id,"""HMSO01R_A|FIELD_LINEAGE|d9b0e4ca0c6e9f306f81bad07b5f31753c1237e04a6a51d708212ab05edea52f""",MS,viscosity_laplacian_acceleration,1,0.00018708724678761512,0.00034378992258901777,0.5441906073880699,0.45098901299545174,0.0,False,EVALUABLE,0.0009088552494467236,EVALUABLE,EXPLORATORY_CONSUMED_DIAGNOSTIC_ONLY
field_lineage_id,"""HMSO01R_A|FIELD_LINEAGE|dca2b57202d33de06ea638a8ecbab23d1b960b5ed15b6841dcbc75b212cc8712""",SS,density_rate,1,6.783991983740016e-16,0.004659462543592626,1.455960192891538e-13,9.836191217791408e-14,0.0,False,EVALUABLE,0.0005355888420632162,EVALUABLE,EXPLORATORY_CONSUMED_DIAGNOSTIC_ONLY
field_lineage_id,"""HMSO01R_A|FIELD_LINEAGE|dca2b57202d33de06ea638a8ecbab23d1b960b5ed15b6841dcbc75b212cc8712""",SS,pressure_gradient_acceleration,1,0.0,1.1376069503997337,0.0,0.0,0.0,False,EVALUABLE,0.0066708149821288025,EVALUABLE,EXPLORATORY_CONSUMED_DIAGNOSTIC_ONLY
field_lineage_id,"""HMSO01R_A|FIELD_LINEAGE|dca2b57202d33de06ea638a8ecbab23d1b960b5ed15b6841dcbc75b212cc8712""",SS,viscosity_laplacian_acceleration,1,9.63832572129703e-05,0.00010716252702390844,0.8994119482780278,0.6473934822204339,0.0,False,EVALUABLE,0.000659674777544924,EVALUABLE,EXPLORATORY_CONSUMED_DIAGNOSTIC_ONLY
field_lineage_id,"""HMSO01R_A|FIELD_LINEAGE|dca2b57202d33de06ea638a8ecbab23d1b960b5ed15b6841dcbc75b212cc8712""",MS,density_rate,1,4.5465736552077846e-15,0.004659462543592626,9.75772122357743e-13,6.795261049839987e-13,0.0,False,EVALUABLE,1.8286078391679798e-08,EVALUABLE,EXPLORATORY_CONSUMED_DIAGNOSTIC_ONLY
field_lineage_id,"""HMSO01R_A|FIELD_LINEAGE|dca2b57202d33de06ea638a8ecbab23d1b960b5ed15b6841dcbc75b212cc8712""",MS,pressure_gradient_acceleration,1,0.0,1.1376069503997337,0.0,0.0,0.0,False,EVALUABLE,0.0015849573715865624,EVALUABLE,EXPLORATORY_CONSUMED_DIAGNOSTIC_ONLY
field_lineage_id,"""HMSO01R_A|FIELD_LINEAGE|dca2b57202d33de06ea638a8ecbab23d1b960b5ed15b6841dcbc75b212cc8712""",MS,viscosity_laplacian_acceleration,1,7.346533921555537e-05,0.00010716252702390844,0.6855506421490501,0.41585595060994446,0.0,False,EVALUABLE,0.00022112379474284498,EVALUABLE,EXPLORATORY_CONSUMED_DIAGNOSTIC_ONLY
field_lineage_id,"""HMSO01R_A|FIELD_LINEAGE|e0695af14e7ff6ed68d0eaa0320bde868bdf2eddcd09aade2748baa3ab9013d9""",SS,density_rate,1,0.003806276443150942,0.01885707349872469,0.20184873561681574,0.5001140454521376,0.0,False,EVALUABLE,0.008475457067984601,EVALUABLE,EXPLORATORY_CONSUMED_DIAGNOSTIC_ONLY
field_lineage_id,"""HMSO01R_A|FIELD_LINEAGE|e0695af14e7ff6ed68d0eaa0320bde868bdf2eddcd09aade2748baa3ab9013d9""",SS,pressure_gradient_acceleration,1,0.0,1.0452216785119477,0.0,0.0,0.0,False,EVALUABLE,0.002572178127427164,EVALUABLE,EXPLORATORY_CONSUMED_DIAGNOSTIC_ONLY
field_lineage_id,"""HMSO01R_A|FIELD_LINEAGE|e0695af14e7ff6ed68d0eaa0320bde868bdf2eddcd09aade2748baa3ab9013d9""",SS,viscosity_laplacian_acceleration,1,0.00016978231424768565,0.0002465635545401786,0.6885945271364868,0.7186509614981716,0.0,False,EVALUABLE,0.002813603097069565,EVALUABLE,EXPLORATORY_CONSUMED_DIAGNOSTIC_ONLY
field_lineage_id,"""HMSO01R_A|FIELD_LINEAGE|e0695af14e7ff6ed68d0eaa0320bde868bdf2eddcd09aade2748baa3ab9013d9""",MS,density_rate,1,0.00019309758842987973,0.01885707349872469,0.010240061292805535,0.00824459472240036,0.0,False,EVALUABLE,0.006443690221914121,EVALUABLE,EXPLORATORY_CONSUMED_DIAGNOSTIC_ONLY
field_lineage_id,"""HMSO01R_A|FIELD_LINEAGE|e0695af14e7ff6ed68d0eaa0320bde868bdf2eddcd09aade2748baa3ab9013d9""",MS,pressure_gradient_acceleration,1,0.0,1.0452216785119477,0.0,0.0,0.0,False,EVALUABLE,0.0030871926120753204,EVALUABLE,EXPLORATORY_CONSUMED_DIAGNOSTIC_ONLY
field_lineage_id,"""HMSO01R_A|FIELD_LINEAGE|e0695af14e7ff6ed68d0eaa0320bde868bdf2eddcd09aade2748baa3ab9013d9""",MS,viscosity_laplacian_acceleration,1,0.0002932509067890089,0.0002465635545401786,1.1893522030695027,1.1723391836097308,0.0,False,EVALUABLE,0.0011150206090002532,EVALUABLE,EXPLORATORY_CONSUMED_DIAGNOSTIC_ONLY
field_lineage_id,"""HMSO01R_A|FIELD_LINEAGE|e1662caa4f55fa1e467b750db9be81d3672b988a828412586110c172a4b65cc4""",SS,density_rate,1,8.839944563471443e-11,0.010069270804576948,8.779130817946897e-09,6.86697578373994e-09,0.0,False,EVALUABLE,0.00041831128682761427,EVALUABLE,EXPLORATORY_CONSUMED_DIAGNOSTIC_ONLY
field_lineage_id,"""HMSO01R_A|FIELD_LINEAGE|e1662caa4f55fa1e467b750db9be81d3672b988a828412586110c172a4b65cc4""",SS,pressure_gradient_acceleration,1,0.0,0.5984185047973996,0.0,0.0,0.0,False,EVALUABLE,0.004202061157115246,EVALUABLE,EXPLORATORY_CONSUMED_DIAGNOSTIC_ONLY
field_lineage_id,"""HMSO01R_A|FIELD_LINEAGE|e1662caa4f55fa1e467b750db9be81d3672b988a828412586110c172a4b65cc4""",SS,viscosity_laplacian_acceleration,1,0.00017122805796279366,0.0003354335575923965,0.510467882795621,0.6028168016178868,0.0,False,EVALUABLE,0.004757140004114962,EVALUABLE,EXPLORATORY_CONSUMED_DIAGNOSTIC_ONLY
field_lineage_id,"""HMSO01R_A|FIELD_LINEAGE|e1662caa4f55fa1e467b750db9be81d3672b988a828412586110c172a4b65cc4""",MS,density_rate,1,4.3199740132120055e-12,0.010069270804576948,4.2902550711501154e-10,3.081209302768888e-10,0.0,False,EVALUABLE,0.000625364006235671,EVALUABLE,EXPLORATORY_CONSUMED_DIAGNOSTIC_ONLY
field_lineage_id,"""HMSO01R_A|FIELD_LINEAGE|e1662caa4f55fa1e467b750db9be81d3672b988a828412586110c172a4b65cc4""",MS,pressure_gradient_acceleration,1,0.0,0.5984185047973996,0.0,0.0,0.0,False,EVALUABLE,0.0025284179320594078,EVALUABLE,EXPLORATORY_CONSUMED_DIAGNOSTIC_ONLY
field_lineage_id,"""HMSO01R_A|FIELD_LINEAGE|e1662caa4f55fa1e467b750db9be81d3672b988a828412586110c172a4b65cc4""",MS,viscosity_laplacian_acceleration,1,0.0002705183879051672,0.0003354335575923965,0.8064738359716792,0.9710684021631346,0.0,False,EVALUABLE,0.0013268758982601175,EVALUABLE,EXPLORATORY_CONSUMED_DIAGNOSTIC_ONLY
field_lineage_id,"""HMSO01R_A|FIELD_LINEAGE|e1bd95fcd7aed1a8bde13393ae7d4a98eff10f4a52c1bdfb2e54f1dd690c54dd""",SS,density_rate,1,0.0038256107956910956,0.010190029860205214,0.37542684841691454,0.25810750846323166,0.0,False,EVALUABLE,0.038488298635813066,EVALUABLE,EXPLORATORY_CONSUMED_DIAGNOSTIC_ONLY
field_lineage_id,"""HMSO01R_A|FIELD_LINEAGE|e1bd95fcd7aed1a8bde13393ae7d4a98eff10f4a52c1bdfb2e54f1dd690c54dd""",SS,pressure_gradient_acceleration,1,0.0,0.5041634992436728,0.0,0.0,0.0,False,EVALUABLE,0.0028441102582198096,EVALUABLE,EXPLORATORY_CONSUMED_DIAGNOSTIC_ONLY
field_lineage_id,"""HMSO01R_A|FIELD_LINEAGE|e1bd95fcd7aed1a8bde13393ae7d4a98eff10f4a52c1bdfb2e54f1dd690c54dd""",SS,viscosity_laplacian_acceleration,1,0.00010345096422532992,0.00013583310654734248,0.7616034621815391,0.5640170850076649,0.0,False,EVALUABLE,0.0014679655107057807,EVALUABLE,EXPLORATORY_CONSUMED_DIAGNOSTIC_ONLY
field_lineage_id,"""HMSO01R_A|FIELD_LINEAGE|e1bd95fcd7aed1a8bde13393ae7d4a98eff10f4a52c1bdfb2e54f1dd690c54dd""",MS,density_rate,1,0.0001645857005007802,0.010190029860205214,0.01615164064862374,0.011988460909324664,0.0,False,EVALUABLE,0.005582445523114953,EVALUABLE,EXPLORATORY_CONSUMED_DIAGNOSTIC_ONLY
field_lineage_id,"""HMSO01R_A|FIELD_LINEAGE|e1bd95fcd7aed1a8bde13393ae7d4a98eff10f4a52c1bdfb2e54f1dd690c54dd""",MS,pressure_gradient_acceleration,1,0.0,0.5041634992436728,0.0,0.0,0.0,False,EVALUABLE,0.002770565240672405,EVALUABLE,EXPLORATORY_CONSUMED_DIAGNOSTIC_ONLY
field_lineage_id,"""HMSO01R_A|FIELD_LINEAGE|e1bd95fcd7aed1a8bde13393ae7d4a98eff10f4a52c1bdfb2e54f1dd690c54dd""",MS,viscosity_laplacian_acceleration,1,5.3616046491503026e-05,0.00013583310654734248,0.39472001969428566,0.24378263014899723,0.0,False,EVALUABLE,0.0003216743737619467,EVALUABLE,EXPLORATORY_CONSUMED_DIAGNOSTIC_ONLY
field_lineage_id,"""HMSO01R_A|FIELD_LINEAGE|e25db364da9db9cdb46c3073fa0aa473b93b0eed9df5062f9696d75bd2f90442""",SS,density_rate,1,0.0,0.007634194329521756,0.0,0.0,0.0,False,EVALUABLE,0.0004601821374173603,EVALUABLE,EXPLORATORY_CONSUMED_DIAGNOSTIC_ONLY
field_lineage_id,"""HMSO01R_A|FIELD_LINEAGE|e25db364da9db9cdb46c3073fa0aa473b93b0eed9df5062f9696d75bd2f90442""",SS,pressure_gradient_acceleration,1,0.16847630243972486,1.616795052034516,0.10420387063142011,0.12756520243468286,0.0,False,EVALUABLE,0.31392642565273726,EVALUABLE,EXPLORATORY_CONSUMED_DIAGNOSTIC_ONLY
field_lineage_id,"""HMSO01R_A|FIELD_LINEAGE|e25db364da9db9cdb46c3073fa0aa473b93b0eed9df5062f9696d75bd2f90442""",SS,viscosity_laplacian_acceleration,1,0.0,0.00011729599473104768,0.0,0.0,0.0,False,EVALUABLE,4.458128664252242e-05,EVALUABLE,EXPLORATORY_CONSUMED_DIAGNOSTIC_ONLY
field_lineage_id,"""HMSO01R_A|FIELD_LINEAGE|e25db364da9db9cdb46c3073fa0aa473b93b0eed9df5062f9696d75bd2f90442""",MS,density_rate,1,0.0,0.007634194329521756,0.0,0.0,0.0,False,EVALUABLE,0.0006398466973448533,EVALUABLE,EXPLORATORY_CONSUMED_DIAGNOSTIC_ONLY
field_lineage_id,"""HMSO01R_A|FIELD_LINEAGE|e25db364da9db9cdb46c3073fa0aa473b93b0eed9df5062f9696d75bd2f90442""",MS,pressure_gradient_acceleration,1,0.16847630243972486,1.616795052034516,0.10420387063142011,0.12756520243468286,0.0,False,EVALUABLE,0.09138276655182431,EVALUABLE,EXPLORATORY_CONSUMED_DIAGNOSTIC_ONLY
field_lineage_id,"""HMSO01R_A|FIELD_LINEAGE|e25db364da9db9cdb46c3073fa0aa473b93b0eed9df5062f9696d75bd2f90442""",MS,viscosity_laplacian_acceleration,1,0.0,0.00011729599473104768,0.0,0.0,0.0,False,EVALUABLE,7.466368239246503e-05,EVALUABLE,EXPLORATORY_CONSUMED_DIAGNOSTIC_ONLY
field_lineage_id,"""HMSO01R_A|FIELD_LINEAGE|e269817bd0e21e72d0864769c51ef7f6839102d6f41f035fbbff5041e46bd0d4""",SS,density_rate,1,0.014466348643738504,0.030834063935860016,0.46916775790018844,0.5565599290745551,0.0,False,EVALUABLE,0.07347579548054518,EVALUABLE,EXPLORATORY_CONSUMED_DIAGNOSTIC_ONLY
field_lineage_id,"""HMSO01R_A|FIELD_LINEAGE|e269817bd0e21e72d0864769c51ef7f6839102d6f41f035fbbff5041e46bd0d4""",SS,pressure_gradient_acceleration,1,0.0,1.1385217085438057,0.0,0.0,0.0,False,EVALUABLE,0.002761620298122131,EVALUABLE,EXPLORATORY_CONSUMED_DIAGNOSTIC_ONLY
field_lineage_id,"""HMSO01R_A|FIELD_LINEAGE|e269817bd0e21e72d0864769c51ef7f6839102d6f41f035fbbff5041e46bd0d4""",SS,viscosity_laplacian_acceleration,1,0.00048387125569442926,0.00030269317219816684,1.5985535854031387,1.0417516762761907,0.0,False,EVALUABLE,0.005946383649329759,EVALUABLE,EXPLORATORY_CONSUMED_DIAGNOSTIC_ONLY
field_lineage_id,"""HMSO01R_A|FIELD_LINEAGE|e269817bd0e21e72d0864769c51ef7f6839102d6f41f035fbbff5041e46bd0d4""",MS,density_rate,1,0.0010595527456806666,0.030834063935860016,0.03436305859275354,0.02348380209979256,0.0,False,EVALUABLE,0.009773197799261854,EVALUABLE,EXPLORATORY_CONSUMED_DIAGNOSTIC_ONLY
field_lineage_id,"""HMSO01R_A|FIELD_LINEAGE|e269817bd0e21e72d0864769c51ef7f6839102d6f41f035fbbff5041e46bd0d4""",MS,pressure_gradient_acceleration,1,0.0,1.1385217085438057,0.0,0.0,0.0,False,EVALUABLE,0.003128097912810656,EVALUABLE,EXPLORATORY_CONSUMED_DIAGNOSTIC_ONLY
field_lineage_id,"""HMSO01R_A|FIELD_LINEAGE|e269817bd0e21e72d0864769c51ef7f6839102d6f41f035fbbff5041e46bd0d4""",MS,viscosity_laplacian_acceleration,1,0.0004520046181457174,0.00030269317219816684,1.4932765574566693,1.0556864951595464,0.0,False,EVALUABLE,0.0012582483427636133,EVALUABLE,EXPLORATORY_CONSUMED_DIAGNOSTIC_ONLY
field_lineage_id,"""HMSO01R_A|FIELD_LINEAGE|e2940f5e79800b14b8eefcdb52a6c4eb9c2bcacb794aadbf19ab173720ccdfc9""",SS,density_rate,1,0.0,0.006040102577205501,0.0,0.0,0.0,False,EVALUABLE,0.0003325792501038484,EVALUABLE,EXPLORATORY_CONSUMED_DIAGNOSTIC_ONLY
field_lineage_id,"""HMSO01R_A|FIELD_LINEAGE|e2940f5e79800b14b8eefcdb52a6c4eb9c2bcacb794aadbf19ab173720ccdfc9""",SS,pressure_gradient_acceleration,1,0.04325702384137829,1.1552077795830913,0.03744523245592194,0.025865725546107526,0.0,False,EVALUABLE,0.6045339558196251,EVALUABLE,EXPLORATORY_CONSUMED_DIAGNOSTIC_ONLY
field_lineage_id,"""HMSO01R_A|FIELD_LINEAGE|e2940f5e79800b14b8eefcdb52a6c4eb9c2bcacb794aadbf19ab173720ccdfc9""",SS,viscosity_laplacian_acceleration,1,0.0,6.777291402071979e-05,0.0,0.0,0.0,False,EVALUABLE,2.0782386256616856e-05,EVALUABLE,EXPLORATORY_CONSUMED_DIAGNOSTIC_ONLY
field_lineage_id,"""HMSO01R_A|FIELD_LINEAGE|e2940f5e79800b14b8eefcdb52a6c4eb9c2bcacb794aadbf19ab173720ccdfc9""",MS,density_rate,1,0.0,0.006040102577205501,0.0,0.0,0.0,False,EVALUABLE,0.0,EVALUABLE,EXPLORATORY_CONSUMED_DIAGNOSTIC_ONLY
field_lineage_id,"""HMSO01R_A|FIELD_LINEAGE|e2940f5e79800b14b8eefcdb52a6c4eb9c2bcacb794aadbf19ab173720ccdfc9""",MS,pressure_gradient_acceleration,1,0.04325702384137829,1.1552077795830913,0.03744523245592194,0.025865725546107526,0.0,False,EVALUABLE,0.1598774463404492,EVALUABLE,EXPLORATORY_CONSUMED_DIAGNOSTIC_ONLY
field_lineage_id,"""HMSO01R_A|FIELD_LINEAGE|e2940f5e79800b14b8eefcdb52a6c4eb9c2bcacb794aadbf19ab173720ccdfc9""",MS,viscosity_laplacian_acceleration,1,0.0,6.777291402071979e-05,0.0,0.0,0.0,False,EVALUABLE,2.1880146477417862e-05,EVALUABLE,EXPLORATORY_CONSUMED_DIAGNOSTIC_ONLY
field_lineage_id,"""HMSO01R_A|FIELD_LINEAGE|e2fdf0ecb37222ddf2c343b2a9785bb080b33fb721f4d3381403db08d53276de""",SS,density_rate,1,0.0724627894252581,0.08263055084688807,0.876949126958254,3.198815659847842,0.0,False,EVALUABLE,0.0061151752735645335,EVALUABLE,EXPLORATORY_CONSUMED_DIAGNOSTIC_ONLY
field_lineage_id,"""HMSO01R_A|FIELD_LINEAGE|e2fdf0ecb37222ddf2c343b2a9785bb080b33fb721f4d3381403db08d53276de""",SS,pressure_gradient_acceleration,1,0.0,1.19454903760573,0.0,0.0,0.0,False,EVALUABLE,0.010915339245451723,EVALUABLE,EXPLORATORY_CONSUMED_DIAGNOSTIC_ONLY
field_lineage_id,"""HMSO01R_A|FIELD_LINEAGE|e2fdf0ecb37222ddf2c343b2a9785bb080b33fb721f4d3381403db08d53276de""",SS,viscosity_laplacian_acceleration,1,0.0009617956788635912,0.0004890968667573489,1.9664727873645487,0.6217173101642302,0.0,False,EVALUABLE,0.006251459013138654,EVALUABLE,EXPLORATORY_CONSUMED_DIAGNOSTIC_ONLY
field_lineage_id,"""HMSO01R_A|FIELD_LINEAGE|e2fdf0ecb37222ddf2c343b2a9785bb080b33fb721f4d3381403db08d53276de""",MS,density_rate,1,0.009052518639756979,0.08263055084688807,0.10955413641778843,0.14375580344458866,0.0,False,EVALUABLE,0.030963931072086122,EVALUABLE,EXPLORATORY_CONSUMED_DIAGNOSTIC_ONLY
field_lineage_id,"""HMSO01R_A|FIELD_LINEAGE|e2fdf0ecb37222ddf2c343b2a9785bb080b33fb721f4d3381403db08d53276de""",MS,pressure_gradient_acceleration,1,0.0,1.19454903760573,0.0,0.0,0.0,False,EVALUABLE,0.0020700942191658636,EVALUABLE,EXPLORATORY_CONSUMED_DIAGNOSTIC_ONLY
field_lineage_id,"""HMSO01R_A|FIELD_LINEAGE|e2fdf0ecb37222ddf2c343b2a9785bb080b33fb721f4d3381403db08d53276de""",MS,viscosity_laplacian_acceleration,1,0.00048635985918358014,0.0004890968667573489,0.9944039560263087,0.6276431209906752,0.0,False,EVALUABLE,0.0018779339872416934,EVALUABLE,EXPLORATORY_CONSUMED_DIAGNOSTIC_ONLY
field_lineage_id,"""HMSO01R_A|FIELD_LINEAGE|e39068083f41a31c97e7737f6138e1986484dea8bfe32d65a52cd58aaa1ec7e8""",SS,density_rate,1,1.800328953053336e-32,0.008904447897730698,2.0218310823202756e-30,2.710630442025055e-31,0.0,False,EVALUABLE,0.0018086936524255145,EVALUABLE,EXPLORATORY_CONSUMED_DIAGNOSTIC_ONLY
field_lineage_id,"""HMSO01R_A|FIELD_LINEAGE|e39068083f41a31c97e7737f6138e1986484dea8bfe32d65a52cd58aaa1ec7e8""",SS,pressure_gradient_acceleration,1,0.0,0.9246578567768966,0.0,0.0,0.0,False,EVALUABLE,0.0008358637054030711,EVALUABLE,EXPLORATORY_CONSUMED_DIAGNOSTIC_ONLY
field_lineage_id,"""HMSO01R_A|FIELD_LINEAGE|e39068083f41a31c97e7737f6138e1986484dea8bfe32d65a52cd58aaa1ec7e8""",SS,viscosity_laplacian_acceleration,1,6.550827721914194e-05,0.0001863814325357398,0.35147426612133326,2.9036505726118615e-08,0.0,False,EVALUABLE,0.003966550732817309,EVALUABLE,EXPLORATORY_CONSUMED_DIAGNOSTIC_ONLY
field_lineage_id,"""HMSO01R_A|FIELD_LINEAGE|e39068083f41a31c97e7737f6138e1986484dea8bfe32d65a52cd58aaa1ec7e8""",MS,density_rate,1,2.184130652490725e-32,0.008904447897730698,2.4528535374409362e-30,4.465099863816374e-31,0.0,False,EVALUABLE,0.00019883521518297516,EVALUABLE,EXPLORATORY_CONSUMED_DIAGNOSTIC_ONLY
field_lineage_id,"""HMSO01R_A|FIELD_LINEAGE|e39068083f41a31c97e7737f6138e1986484dea8bfe32d65a52cd58aaa1ec7e8""",MS,pressure_gradient_acceleration,1,0.0,0.9246578567768966,0.0,0.0,0.0,False,EVALUABLE,0.003088075426198263,EVALUABLE,EXPLORATORY_CONSUMED_DIAGNOSTIC_ONLY
field_lineage_id,"""HMSO01R_A|FIELD_LINEAGE|e39068083f41a31c97e7737f6138e1986484dea8bfe32d65a52cd58aaa1ec7e8""",MS,viscosity_laplacian_acceleration,1,1.0825914188592737e-05,0.0001863814325357398,0.05808472464936549,5.9506242586489e-29,0.0,False,EVALUABLE,0.0008308156504719195,EVALUABLE,EXPLORATORY_CONSUMED_DIAGNOSTIC_ONLY
field_lineage_id,"""HMSO01R_A|FIELD_LINEAGE|e46b2d3dad1b8a5413f52396bbef71167f252a4ba61297ea3e2b46c37456ba4c""",SS,density_rate,1,3.934555132149637e-13,0.009978514165915699,3.943027054658267e-11,2.6302544385938192e-11,0.0,False,EVALUABLE,0.0005128022503385507,EVALUABLE,EXPLORATORY_CONSUMED_DIAGNOSTIC_ONLY
field_lineage_id,"""HMSO01R_A|FIELD_LINEAGE|e46b2d3dad1b8a5413f52396bbef71167f252a4ba61297ea3e2b46c37456ba4c""",SS,pressure_gradient_acceleration,1,0.0,0.6911107075467986,0.0,0.0,0.0,False,EVALUABLE,0.0012500097704689196,EVALUABLE,EXPLORATORY_CONSUMED_DIAGNOSTIC_ONLY
field_lineage_id,"""HMSO01R_A|FIELD_LINEAGE|e46b2d3dad1b8a5413f52396bbef71167f252a4ba61297ea3e2b46c37456ba4c""",SS,viscosity_laplacian_acceleration,1,2.8859777849767805e-06,0.000150758568468312,0.01914304317358509,0.016609586863106582,0.0,False,EVALUABLE,0.000585083762632577,EVALUABLE,EXPLORATORY_CONSUMED_DIAGNOSTIC_ONLY
field_lineage_id,"""HMSO01R_A|FIELD_LINEAGE|e46b2d3dad1b8a5413f52396bbef71167f252a4ba61297ea3e2b46c37456ba4c""",MS,density_rate,1,2.8702575047089075e-13,0.009978514165915699,2.8764377711794455e-11,6.4688908937916775e-12,0.0,False,EVALUABLE,0.00010079268593537917,EVALUABLE,EXPLORATORY_CONSUMED_DIAGNOSTIC_ONLY
field_lineage_id,"""HMSO01R_A|FIELD_LINEAGE|e46b2d3dad1b8a5413f52396bbef71167f252a4ba61297ea3e2b46c37456ba4c""",MS,pressure_gradient_acceleration,1,0.0,0.6911107075467986,0.0,0.0,0.0,False,EVALUABLE,0.0031965045821899987,EVALUABLE,EXPLORATORY_CONSUMED_DIAGNOSTIC_ONLY
field_lineage_id,"""HMSO01R_A|FIELD_LINEAGE|e46b2d3dad1b8a5413f52396bbef71167f252a4ba61297ea3e2b46c37456ba4c""",MS,viscosity_laplacian_acceleration,1,4.790869156561874e-06,0.000150758568468312,0.0317784203261977,0.0268010509839232,0.0,False,EVALUABLE,0.00016341074962360476,EVALUABLE,EXPLORATORY_CONSUMED_DIAGNOSTIC_ONLY
field_lineage_id,"""HMSO01R_A|FIELD_LINEAGE|e4c235f067a50e9e5304ee0e7ad701299187cd559ceebd74674d932464340e77""",SS,density_rate,1,0.0013641594521953614,0.014562645267871783,0.09367525110324429,0.13979055243979738,0.0,False,EVALUABLE,0.010343601308245498,EVALUABLE,EXPLORATORY_CONSUMED_DIAGNOSTIC_ONLY
field_lineage_id,"""HMSO01R_A|FIELD_LINEAGE|e4c235f067a50e9e5304ee0e7ad701299187cd559ceebd74674d932464340e77""",SS,pressure_gradient_acceleration,1,0.0,1.1875402013167968,0.0,0.0,0.0,False,EVALUABLE,0.0066672552427033275,EVALUABLE,EXPLORATORY_CONSUMED_DIAGNOSTIC_ONLY
field_lineage_id,"""HMSO01R_A|FIELD_LINEAGE|e4c235f067a50e9e5304ee0e7ad701299187cd559ceebd74674d932464340e77""",SS,viscosity_laplacian_acceleration,1,3.7086923056363383e-05,0.00013221315552268994,0.2805085689827489,0.2321086300980562,0.0,False,EVALUABLE,0.0017822530318245921,EVALUABLE,EXPLORATORY_CONSUMED_DIAGNOSTIC_ONLY
field_lineage_id,"""HMSO01R_A|FIELD_LINEAGE|e4c235f067a50e9e5304ee0e7ad701299187cd559ceebd74674d932464340e77""",MS,density_rate,1,1.0154484102574808e-05,0.014562645267871783,0.0006972966734950076,0.0009218369967507338,0.0,False,EVALUABLE,0.0036638541120598196,EVALUABLE,EXPLORATORY_CONSUMED_DIAGNOSTIC_ONLY
field_lineage_id,"""HMSO01R_A|FIELD_LINEAGE|e4c235f067a50e9e5304ee0e7ad701299187cd559ceebd74674d932464340e77""",MS,pressure_gradient_acceleration,1,0.0,1.1875402013167968,0.0,0.0,0.0,False,EVALUABLE,0.0018462147146391412,EVALUABLE,EXPLORATORY_CONSUMED_DIAGNOSTIC_ONLY
field_lineage_id,"""HMSO01R_A|FIELD_LINEAGE|e4c235f067a50e9e5304ee0e7ad701299187cd559ceebd74674d932464340e77""",MS,viscosity_laplacian_acceleration,1,0.0001147275916310379,0.00013221315552268994,0.867747170676588,0.7677868583013148,0.0,False,EVALUABLE,0.00025710743039018916,EVALUABLE,EXPLORATORY_CONSUMED_DIAGNOSTIC_ONLY
field_lineage_id,"""HMSO01R_A|FIELD_LINEAGE|e5cd23001367dee0fe50b87c4f9c5ae9d8e66eeb6cef2467ff3f6da8c0fcdc16""",SS,density_rate,1,0.0011048617816702673,0.0056028376392199585,0.19719682289849275,0.11467683874261461,0.0,False,EVALUABLE,0.006950507934701617,EVALUABLE,EXPLORATORY_CONSUMED_DIAGNOSTIC_ONLY
field_lineage_id,"""HMSO01R_A|FIELD_LINEAGE|e5cd23001367dee0fe50b87c4f9c5ae9d8e66eeb6cef2467ff3f6da8c0fcdc16""",SS,pressure_gradient_acceleration,1,0.0,0.5273786688838766,0.0,0.0,0.0,False,EVALUABLE,0.0015932151653713276,EVALUABLE,EXPLORATORY_CONSUMED_DIAGNOSTIC_ONLY
field_lineage_id,"""HMSO01R_A|FIELD_LINEAGE|e5cd23001367dee0fe50b87c4f9c5ae9d8e66eeb6cef2467ff3f6da8c0fcdc16""",SS,viscosity_laplacian_acceleration,1,6.190661401041153e-05,0.00010873260628149138,0.5693472834647703,0.4341013267639494,0.0,False,EVALUABLE,0.0004963235924763136,EVALUABLE,EXPLORATORY_CONSUMED_DIAGNOSTIC_ONLY
field_lineage_id,"""HMSO01R_A|FIELD_LINEAGE|e5cd23001367dee0fe50b87c4f9c5ae9d8e66eeb6cef2467ff3f6da8c0fcdc16""",MS,density_rate,1,1.8137942127862472e-05,0.0056028376392199585,0.003237277839517706,0.0013924082375125818,0.0,False,EVALUABLE,0.001417194208636287,EVALUABLE,EXPLORATORY_CONSUMED_DIAGNOSTIC_ONLY
field_lineage_id,"""HMSO01R_A|FIELD_LINEAGE|e5cd23001367dee0fe50b87c4f9c5ae9d8e66eeb6cef2467ff3f6da8c0fcdc16""",MS,pressure_gradient_acceleration,1,0.0,0.5273786688838766,0.0,0.0,0.0,False,EVALUABLE,0.0006347349552075944,EVALUABLE,EXPLORATORY_CONSUMED_DIAGNOSTIC_ONLY
field_lineage_id,"""HMSO01R_A|FIELD_LINEAGE|e5cd23001367dee0fe50b87c4f9c5ae9d8e66eeb6cef2467ff3f6da8c0fcdc16""",MS,viscosity_laplacian_acceleration,1,6.301379190479575e-05,0.00010873260628149138,0.5795298582438381,0.31519663059145575,0.0,False,EVALUABLE,8.41839543060622e-05,EVALUABLE,EXPLORATORY_CONSUMED_DIAGNOSTIC_ONLY
field_lineage_id,"""HMSO01R_A|FIELD_LINEAGE|e5fd0d86ce4eda7b6deef112c4230d6cc2c904c7a1cbb32b883405f7907c5018""",SS,density_rate,1,7.594058523262198e-36,0.007963568718949807,9.535999237617758e-34,7.021361160695623e-34,0.0,False,EVALUABLE,0.00046762030916504206,EVALUABLE,EXPLORATORY_CONSUMED_DIAGNOSTIC_ONLY
field_lineage_id,"""HMSO01R_A|FIELD_LINEAGE|e5fd0d86ce4eda7b6deef112c4230d6cc2c904c7a1cbb32b883405f7907c5018""",SS,pressure_gradient_acceleration,1,8.993902522168568e-05,0.9850854461778016,9.130073494705987e-05,6.06007543608294e-05,0.0,False,EVALUABLE,0.13191907940504208,EVALUABLE,EXPLORATORY_CONSUMED_DIAGNOSTIC_ONLY
field_lineage_id,"""HMSO01R_A|FIELD_LINEAGE|e5fd0d86ce4eda7b6deef112c4230d6cc2c904c7a1cbb32b883405f7907c5018""",SS,viscosity_laplacian_acceleration,1,1.9958865714721868e-13,8.538830749201448e-05,2.3374237411355673e-09,1.8832105108534475e-09,0.0,False,EVALUABLE,8.735627720221068e-05,EVALUABLE,EXPLORATORY_CONSUMED_DIAGNOSTIC_ONLY
field_lineage_id,"""HMSO01R_A|FIELD_LINEAGE|e5fd0d86ce4eda7b6deef112c4230d6cc2c904c7a1cbb32b883405f7907c5018""",MS,density_rate,1,0.0,0.007963568718949807,0.0,0.0,0.0,False,EVALUABLE,0.000183390383160289,EVALUABLE,EXPLORATORY_CONSUMED_DIAGNOSTIC_ONLY
field_lineage_id,"""HMSO01R_A|FIELD_LINEAGE|e5fd0d86ce4eda7b6deef112c4230d6cc2c904c7a1cbb32b883405f7907c5018""",MS,pressure_gradient_acceleration,1,9.575080140204424e-05,0.9850854461778016,9.720050354369141e-05,6.714056810450559e-05,0.001171875,False,EVALUABLE,0.05158316887697613,EVALUABLE,EXPLORATORY_CONSUMED_DIAGNOSTIC_ONLY
field_lineage_id,"""HMSO01R_A|FIELD_LINEAGE|e5fd0d86ce4eda7b6deef112c4230d6cc2c904c7a1cbb32b883405f7907c5018""",MS,viscosity_laplacian_acceleration,1,0.0,8.538830749201448e-05,0.0,0.0,0.0,False,EVALUABLE,3.056101015734305e-05,EVALUABLE,EXPLORATORY_CONSUMED_DIAGNOSTIC_ONLY
field_lineage_id,"""HMSO01R_A|FIELD_LINEAGE|e6f79f1197cd7f6ad00ce2f5ddcac136ad9a2faa5584e9f390794bfb6ee07ac6""",SS,density_rate,1,6.979070283778001e-32,0.012314291393450694,5.667455853358962e-30,5.927477729436906e-30,0.0,False,EVALUABLE,0.0052174542661345405,EVALUABLE,EXPLORATORY_CONSUMED_DIAGNOSTIC_ONLY
field_lineage_id,"""HMSO01R_A|FIELD_LINEAGE|e6f79f1197cd7f6ad00ce2f5ddcac136ad9a2faa5584e9f390794bfb6ee07ac6""",SS,pressure_gradient_acceleration,1,0.0,1.3869778138664057,0.0,0.0,0.0,False,EVALUABLE,0.029989084516110803,EVALUABLE,EXPLORATORY_CONSUMED_DIAGNOSTIC_ONLY
field_lineage_id,"""HMSO01R_A|FIELD_LINEAGE|e6f79f1197cd7f6ad00ce2f5ddcac136ad9a2faa5584e9f390794bfb6ee07ac6""",SS,viscosity_laplacian_acceleration,1,0.0002130036494796383,0.0021772129301273506,0.09783317310502064,0.011845548250093402,0.0,False,EVALUABLE,0.02529301313006993,EVALUABLE,EXPLORATORY_CONSUMED_DIAGNOSTIC_ONLY
field_lineage_id,"""HMSO01R_A|FIELD_LINEAGE|e6f79f1197cd7f6ad00ce2f5ddcac136ad9a2faa5584e9f390794bfb6ee07ac6""",MS,density_rate,1,7.248651758637241e-32,0.012314291393450694,5.886373423396824e-30,6.852409348097474e-30,0.0,False,EVALUABLE,0.0004335393528408961,EVALUABLE,EXPLORATORY_CONSUMED_DIAGNOSTIC_ONLY
field_lineage_id,"""HMSO01R_A|FIELD_LINEAGE|e6f79f1197cd7f6ad00ce2f5ddcac136ad9a2faa5584e9f390794bfb6ee07ac6""",MS,pressure_gradient_acceleration,1,0.0,1.3869778138664057,0.0,0.0,0.0,False,EVALUABLE,0.003160868834700075,EVALUABLE,EXPLORATORY_CONSUMED_DIAGNOSTIC_ONLY
field_lineage_id,"""HMSO01R_A|FIELD_LINEAGE|e6f79f1197cd7f6ad00ce2f5ddcac136ad9a2faa5584e9f390794bfb6ee07ac6""",MS,viscosity_laplacian_acceleration,1,8.048838414784077e-05,0.0021772129301273506,0.03696854039128493,0.0013405289621610753,0.0,False,EVALUABLE,0.009178034082286214,EVALUABLE,EXPLORATORY_CONSUMED_DIAGNOSTIC_ONLY
field_lineage_id,"""HMSO01R_A|FIELD_LINEAGE|e82aee0755c70810ee3fbd630ec4d3fa698e473225b4aa505b26af8a458a6400""",SS,density_rate,1,0.005434805601237436,0.0173330335811884,0.3135518993706819,0.4588910000955746,0.0,False,EVALUABLE,0.05223908312221493,EVALUABLE,EXPLORATORY_CONSUMED_DIAGNOSTIC_ONLY
field_lineage_id,"""HMSO01R_A|FIELD_LINEAGE|e82aee0755c70810ee3fbd630ec4d3fa698e473225b4aa505b26af8a458a6400""",SS,pressure_gradient_acceleration,1,0.0,1.358706447841838,0.0,0.0,0.0,False,EVALUABLE,0.008145713197704423,EVALUABLE,EXPLORATORY_CONSUMED_DIAGNOSTIC_ONLY
field_lineage_id,"""HMSO01R_A|FIELD_LINEAGE|e82aee0755c70810ee3fbd630ec4d3fa698e473225b4aa505b26af8a458a6400""",SS,viscosity_laplacian_acceleration,1,0.00026649077377381605,0.00012998705936250328,2.050133106178178,0.994543714118162,0.0,False,EVALUABLE,0.0020604699633720086,EVALUABLE,EXPLORATORY_CONSUMED_DIAGNOSTIC_ONLY
field_lineage_id,"""HMSO01R_A|FIELD_LINEAGE|e82aee0755c70810ee3fbd630ec4d3fa698e473225b4aa505b26af8a458a6400""",MS,density_rate,1,0.00030833257349897664,0.0173330335811884,0.017788725329281715,0.04746946013142872,0.0,False,EVALUABLE,0.008745292418306806,EVALUABLE,EXPLORATORY_CONSUMED_DIAGNOSTIC_ONLY
field_lineage_id,"""HMSO01R_A|FIELD_LINEAGE|e82aee0755c70810ee3fbd630ec4d3fa698e473225b4aa505b26af8a458a6400""",MS,pressure_gradient_acceleration,1,0.0,1.358706447841838,0.0,0.0,0.0,False,EVALUABLE,0.0023665964578827806,EVALUABLE,EXPLORATORY_CONSUMED_DIAGNOSTIC_ONLY
field_lineage_id,"""HMSO01R_A|FIELD_LINEAGE|e82aee0755c70810ee3fbd630ec4d3fa698e473225b4aa505b26af8a458a6400""",MS,viscosity_laplacian_acceleration,1,0.00027095185490066953,0.00012998705936250328,2.0844525311173374,1.887333279152403,0.0,False,EVALUABLE,0.0005941256296558333,EVALUABLE,EXPLORATORY_CONSUMED_DIAGNOSTIC_ONLY
field_lineage_id,"""HMSO01R_A|FIELD_LINEAGE|e853753ed3befc6151b8f2c4e9e3797938a7689193c2157695f0b61b8e60abc8""",SS,density_rate,1,0.0,0.005361866181393798,0.0,0.0,0.0,False,EVALUABLE,0.00032347910303065714,EVALUABLE,EXPLORATORY_CONSUMED_DIAGNOSTIC_ONLY
field_lineage_id,"""HMSO01R_A|FIELD_LINEAGE|e853753ed3befc6151b8f2c4e9e3797938a7689193c2157695f0b61b8e60abc8""",SS,pressure_gradient_acceleration,1,0.014151091298043924,1.093686587899068,0.01293889077055215,0.008203557742871997,0.000390625,False,EVALUABLE,0.2956922734848307,EVALUABLE,EXPLORATORY_CONSUMED_DIAGNOSTIC_ONLY
field_lineage_id,"""HMSO01R_A|FIELD_LINEAGE|e853753ed3befc6151b8f2c4e9e3797938a7689193c2157695f0b61b8e60abc8""",SS,viscosity_laplacian_acceleration,1,0.0,8.210877228081583e-05,0.0,0.0,0.0,False,EVALUABLE,1.814674389627818e-05,EVALUABLE,EXPLORATORY_CONSUMED_DIAGNOSTIC_ONLY
field_lineage_id,"""HMSO01R_A|FIELD_LINEAGE|e853753ed3befc6151b8f2c4e9e3797938a7689193c2157695f0b61b8e60abc8""",MS,density_rate,1,0.0,0.005361866181393798,0.0,0.0,0.0,False,EVALUABLE,0.0,EVALUABLE,EXPLORATORY_CONSUMED_DIAGNOSTIC_ONLY
field_lineage_id,"""HMSO01R_A|FIELD_LINEAGE|e853753ed3befc6151b8f2c4e9e3797938a7689193c2157695f0b61b8e60abc8""",MS,pressure_gradient_acceleration,1,0.0002671013086691352,1.093686587899068,0.00024422106993396257,0.00014415206165710603,0.003515625,False,EVALUABLE,0.03762098930372949,EVALUABLE,EXPLORATORY_CONSUMED_DIAGNOSTIC_ONLY
field_lineage_id,"""HMSO01R_A|FIELD_LINEAGE|e853753ed3befc6151b8f2c4e9e3797938a7689193c2157695f0b61b8e60abc8""",MS,viscosity_laplacian_acceleration,1,0.0,8.210877228081583e-05,0.0,0.0,0.0,False,EVALUABLE,1.7117495900966235e-05,EVALUABLE,EXPLORATORY_CONSUMED_DIAGNOSTIC_ONLY
field_lineage_id,"""HMSO01R_A|FIELD_LINEAGE|e99701698ca3eda87704f5f32294f901f56116d9da609afcb18418d4c8a62bf2""",SS,density_rate,1,5.597062999335087e-12,0.007070615529288306,7.915948726317553e-10,9.996988519603948e-11,0.0,False,EVALUABLE,0.0004950274958228946,EVALUABLE,EXPLORATORY_CONSUMED_DIAGNOSTIC_ONLY
field_lineage_id,"""HMSO01R_A|FIELD_LINEAGE|e99701698ca3eda87704f5f32294f901f56116d9da609afcb18418d4c8a62bf2""",SS,pressure_gradient_acceleration,1,0.0,0.5688095627310072,0.0,0.0,0.0,False,EVALUABLE,0.008049133891330116,EVALUABLE,EXPLORATORY_CONSUMED_DIAGNOSTIC_ONLY
field_lineage_id,"""HMSO01R_A|FIELD_LINEAGE|e99701698ca3eda87704f5f32294f901f56116d9da609afcb18418d4c8a62bf2""",SS,viscosity_laplacian_acceleration,1,0.00010968922528316712,0.00015427071582070604,0.7110178020477219,0.13034193994294224,0.0,False,EVALUABLE,0.003008202397007983,EVALUABLE,EXPLORATORY_CONSUMED_DIAGNOSTIC_ONLY
field_lineage_id,"""HMSO01R_A|FIELD_LINEAGE|e99701698ca3eda87704f5f32294f901f56116d9da609afcb18418d4c8a62bf2""",MS,density_rate,1,1.8060348592255927e-12,0.007070615529288306,2.5542823701055906e-10,3.716978335184312e-11,0.0,False,EVALUABLE,0.00021154559291812976,EVALUABLE,EXPLORATORY_CONSUMED_DIAGNOSTIC_ONLY
field_lineage_id,"""HMSO01R_A|FIELD_LINEAGE|e99701698ca3eda87704f5f32294f901f56116d9da609afcb18418d4c8a62bf2""",MS,pressure_gradient_acceleration,1,0.0,0.5688095627310072,0.0,0.0,0.0,False,EVALUABLE,0.00223189952248317,EVALUABLE,EXPLORATORY_CONSUMED_DIAGNOSTIC_ONLY
field_lineage_id,"""HMSO01R_A|FIELD_LINEAGE|e99701698ca3eda87704f5f32294f901f56116d9da609afcb18418d4c8a62bf2""",MS,viscosity_laplacian_acceleration,1,1.57955502626172e-05,0.00015427071582070604,0.10238851993773623,0.05945012104728563,0.0,False,EVALUABLE,0.0005497876474393737,EVALUABLE,EXPLORATORY_CONSUMED_DIAGNOSTIC_ONLY
field_lineage_id,"""HMSO01R_A|FIELD_LINEAGE|e9dc12a25958465c187afbd7ef920bc04ba98d4b232046e156979d215bd85146""",SS,density_rate,1,0.0,0.00844992680519258,0.0,0.0,0.0,False,EVALUABLE,0.000993729941442664,EVALUABLE,EXPLORATORY_CONSUMED_DIAGNOSTIC_ONLY
field_lineage_id,"""HMSO01R_A|FIELD_LINEAGE|e9dc12a25958465c187afbd7ef920bc04ba98d4b232046e156979d215bd85146""",SS,pressure_gradient_acceleration,1,0.8902610875082492,8.33413797055318,0.10682101624112637,0.47088644035636873,0.0,False,EVALUABLE,0.3565315249605337,EVALUABLE,EXPLORATORY_CONSUMED_DIAGNOSTIC_ONLY
field_lineage_id,"""HMSO01R_A|FIELD_LINEAGE|e9dc12a25958465c187afbd7ef920bc04ba98d4b232046e156979d215bd85146""",SS,viscosity_laplacian_acceleration,1,0.0,0.00013326895583163498,0.0,0.0,0.0,False,EVALUABLE,6.787735467440379e-05,EVALUABLE,EXPLORATORY_CONSUMED_DIAGNOSTIC_ONLY
field_lineage_id,"""HMSO01R_A|FIELD_LINEAGE|e9dc12a25958465c187afbd7ef920bc04ba98d4b232046e156979d215bd85146""",MS,density_rate,1,0.0,0.00844992680519258,0.0,0.0,0.0,False,EVALUABLE,0.0,EVALUABLE,EXPLORATORY_CONSUMED_DIAGNOSTIC_ONLY
field_lineage_id,"""HMSO01R_A|FIELD_LINEAGE|e9dc12a25958465c187afbd7ef920bc04ba98d4b232046e156979d215bd85146""",MS,pressure_gradient_acceleration,1,0.8902610875082492,8.33413797055318,0.10682101624112637,0.47088644035636873,0.0,False,EVALUABLE,0.5418165352523684,EVALUABLE,EXPLORATORY_CONSUMED_DIAGNOSTIC_ONLY
field_lineage_id,"""HMSO01R_A|FIELD_LINEAGE|e9dc12a25958465c187afbd7ef920bc04ba98d4b232046e156979d215bd85146""",MS,viscosity_laplacian_acceleration,1,0.0,0.00013326895583163498,0.0,0.0,0.0,False,EVALUABLE,0.0018822313192298956,EVALUABLE,EXPLORATORY_CONSUMED_DIAGNOSTIC_ONLY
field_lineage_id,"""HMSO01R_A|FIELD_LINEAGE|ea7a0f305184b5efcd1c245ec8837c3d5e92744042b12d412ef90758785acc95""",SS,density_rate,2,7.951616432705208e-12,0.006549568219359174,1.214067273809267e-09,6.09810261966309e-10,0.0,False,EVALUABLE,0.001768910042525006,EVALUABLE,EXPLORATORY_CONSUMED_DIAGNOSTIC_ONLY
field_lineage_id,"""HMSO01R_A|FIELD_LINEAGE|ea7a0f305184b5efcd1c245ec8837c3d5e92744042b12d412ef90758785acc95""",SS,pressure_gradient_acceleration,2,0.0,1.3251354602968521,0.0,0.0,0.0,False,EVALUABLE,0.004325737336868598,EVALUABLE,EXPLORATORY_CONSUMED_DIAGNOSTIC_ONLY
field_lineage_id,"""HMSO01R_A|FIELD_LINEAGE|ea7a0f305184b5efcd1c245ec8837c3d5e92744042b12d412ef90758785acc95""",SS,viscosity_laplacian_acceleration,2,0.00024717028467147477,0.0003940311167077335,0.627286207080974,1.303792937855724,0.0,False,EVALUABLE,0.0024963024794605495,EVALUABLE,EXPLORATORY_CONSUMED_DIAGNOSTIC_ONLY
field_lineage_id,"""HMSO01R_A|FIELD_LINEAGE|ea7a0f305184b5efcd1c245ec8837c3d5e92744042b12d412ef90758785acc95""",MS,density_rate,2,7.95890618078773e-12,0.006549568219359174,1.2151802858183602e-09,6.102363532460477e-10,0.0,False,EVALUABLE,0.002963651956794821,EVALUABLE,EXPLORATORY_CONSUMED_DIAGNOSTIC_ONLY
field_lineage_id,"""HMSO01R_A|FIELD_LINEAGE|ea7a0f305184b5efcd1c245ec8837c3d5e92744042b12d412ef90758785acc95""",MS,pressure_gradient_acceleration,2,0.0,1.3251354602968521,0.0,0.0,0.0,False,EVALUABLE,0.002977621075996303,EVALUABLE,EXPLORATORY_CONSUMED_DIAGNOSTIC_ONLY
field_lineage_id,"""HMSO01R_A|FIELD_LINEAGE|ea7a0f305184b5efcd1c245ec8837c3d5e92744042b12d412ef90758785acc95""",MS,viscosity_laplacian_acceleration,2,0.00027327108495564496,0.0003940311167077335,0.6935266616477387,1.4922231510471724,0.0,False,EVALUABLE,0.0007520298887865875,EVALUABLE,EXPLORATORY_CONSUMED_DIAGNOSTIC_ONLY
field_lineage_id,"""HMSO01R_A|FIELD_LINEAGE|eadb4166638494d642712d8eabac62f88ed028f779148966c13d2efd6405fa1d""",SS,density_rate,1,3.553766296578754e-32,0.008005323913468521,4.4392535954725524e-30,2.0753872467498118e-30,0.0,False,EVALUABLE,0.0003998387289483547,EVALUABLE,EXPLORATORY_CONSUMED_DIAGNOSTIC_ONLY
field_lineage_id,"""HMSO01R_A|FIELD_LINEAGE|eadb4166638494d642712d8eabac62f88ed028f779148966c13d2efd6405fa1d""",SS,pressure_gradient_acceleration,1,0.0,1.0864547223706085,0.0,0.0,0.0,False,EVALUABLE,0.010007264281204261,EVALUABLE,EXPLORATORY_CONSUMED_DIAGNOSTIC_ONLY
field_lineage_id,"""HMSO01R_A|FIELD_LINEAGE|eadb4166638494d642712d8eabac62f88ed028f779148966c13d2efd6405fa1d""",SS,viscosity_laplacian_acceleration,1,1.629941904893166e-07,0.00011408822916994925,0.0014286678974262592,0.0011871621116619126,0.000390625,False,EVALUABLE,0.005778474930758695,EVALUABLE,EXPLORATORY_CONSUMED_DIAGNOSTIC_ONLY
field_lineage_id,"""HMSO01R_A|FIELD_LINEAGE|eadb4166638494d642712d8eabac62f88ed028f779148966c13d2efd6405fa1d""",MS,density_rate,1,3.394649423425345e-32,0.008005323913468521,4.2404897792006045e-30,1.3797379213140673e-30,0.0,False,EVALUABLE,0.00036389342084540557,EVALUABLE,EXPLORATORY_CONSUMED_DIAGNOSTIC_ONLY
field_lineage_id,"""HMSO01R_A|FIELD_LINEAGE|eadb4166638494d642712d8eabac62f88ed028f779148966c13d2efd6405fa1d""",MS,pressure_gradient_acceleration,1,0.0,1.0864547223706085,0.0,0.0,0.000390625,False,EVALUABLE,0.0025912609955388776,EVALUABLE,EXPLORATORY_CONSUMED_DIAGNOSTIC_ONLY
field_lineage_id,"""HMSO01R_A|FIELD_LINEAGE|eadb4166638494d642712d8eabac62f88ed028f779148966c13d2efd6405fa1d""",MS,viscosity_laplacian_acceleration,1,5.790434621941216e-08,0.00011408822916994925,0.0005075400559785717,0.00042056235701499155,0.0015625,False,EVALUABLE,0.000293486617267612,EVALUABLE,EXPLORATORY_CONSUMED_DIAGNOSTIC_ONLY
field_lineage_id,"""HMSO01R_A|FIELD_LINEAGE|ebfb44058badbf85a36d8671e914d20620f9253b30eeec0e96b5e0c20dc8e16c""",SS,density_rate,1,0.0,0.00960856171304078,0.0,0.0,0.0,False,EVALUABLE,0.0006224657102751616,EVALUABLE,EXPLORATORY_CONSUMED_DIAGNOSTIC_ONLY
field_lineage_id,"""HMSO01R_A|FIELD_LINEAGE|ebfb44058badbf85a36d8671e914d20620f9253b30eeec0e96b5e0c20dc8e16c""",SS,pressure_gradient_acceleration,1,0.1367832548615202,1.5944740176324306,0.08578581610544152,0.0553570449318504,0.0,False,EVALUABLE,0.2782544702372422,EVALUABLE,EXPLORATORY_CONSUMED_DIAGNOSTIC_ONLY
field_lineage_id,"""HMSO01R_A|FIELD_LINEAGE|ebfb44058badbf85a36d8671e914d20620f9253b30eeec0e96b5e0c20dc8e16c""",SS,viscosity_laplacian_acceleration,1,0.0,0.00013189056451093153,0.0,0.0,0.0,False,EVALUABLE,6.349898207063457e-05,EVALUABLE,EXPLORATORY_CONSUMED_DIAGNOSTIC_ONLY
field_lineage_id,"""HMSO01R_A|FIELD_LINEAGE|ebfb44058badbf85a36d8671e914d20620f9253b30eeec0e96b5e0c20dc8e16c""",MS,density_rate,1,0.0,0.00960856171304078,0.0,0.0,0.0,False,EVALUABLE,0.0001931033372979915,EVALUABLE,EXPLORATORY_CONSUMED_DIAGNOSTIC_ONLY
field_lineage_id,"""HMSO01R_A|FIELD_LINEAGE|ebfb44058badbf85a36d8671e914d20620f9253b30eeec0e96b5e0c20dc8e16c""",MS,pressure_gradient_acceleration,1,0.1367832548615202,1.5944740176324306,0.08578581610544152,0.0553570449318504,0.0,False,EVALUABLE,0.14823859791552574,EVALUABLE,EXPLORATORY_CONSUMED_DIAGNOSTIC_ONLY
field_lineage_id,"""HMSO01R_A|FIELD_LINEAGE|ebfb44058badbf85a36d8671e914d20620f9253b30eeec0e96b5e0c20dc8e16c""",MS,viscosity_laplacian_acceleration,1,0.0,0.00013189056451093153,0.0,0.0,0.0,False,EVALUABLE,3.429064433601311e-05,EVALUABLE,EXPLORATORY_CONSUMED_DIAGNOSTIC_ONLY
field_lineage_id,"""HMSO01R_A|FIELD_LINEAGE|eee5df81575181b025958cda057ac7cb0483be4404d018db7bb2c06a63c25462""",SS,density_rate,1,0.03336307164717703,0.02843488828474663,1.1733146729144714,0.9885289053802248,0.0,False,EVALUABLE,0.14906778094468823,EVALUABLE,EXPLORATORY_CONSUMED_DIAGNOSTIC_ONLY
field_lineage_id,"""HMSO01R_A|FIELD_LINEAGE|eee5df81575181b025958cda057ac7cb0483be4404d018db7bb2c06a63c25462""",SS,pressure_gradient_acceleration,1,0.0,0.9836715643149546,0.0,0.0,0.0,False,EVALUABLE,0.030382874469094198,EVALUABLE,EXPLORATORY_CONSUMED_DIAGNOSTIC_ONLY
field_lineage_id,"""HMSO01R_A|FIELD_LINEAGE|eee5df81575181b025958cda057ac7cb0483be4404d018db7bb2c06a63c25462""",SS,viscosity_laplacian_acceleration,1,0.00022058323531846973,0.0002201078033316075,1.0021599960549603,0.42844941986705143,0.0,False,EVALUABLE,0.005179873947031992,EVALUABLE,EXPLORATORY_CONSUMED_DIAGNOSTIC_ONLY
field_lineage_id,"""HMSO01R_A|FIELD_LINEAGE|eee5df81575181b025958cda057ac7cb0483be4404d018db7bb2c06a63c25462""",MS,density_rate,1,0.0007817221218257376,0.02843488828474663,0.02749165440699403,0.035242101960979454,0.0,False,EVALUABLE,0.012073415287100325,EVALUABLE,EXPLORATORY_CONSUMED_DIAGNOSTIC_ONLY
field_lineage_id,"""HMSO01R_A|FIELD_LINEAGE|eee5df81575181b025958cda057ac7cb0483be4404d018db7bb2c06a63c25462""",MS,pressure_gradient_acceleration,1,0.0,0.9836715643149546,0.0,0.0,0.0,False,EVALUABLE,0.002492028216196429,EVALUABLE,EXPLORATORY_CONSUMED_DIAGNOSTIC_ONLY
field_lineage_id,"""HMSO01R_A|FIELD_LINEAGE|eee5df81575181b025958cda057ac7cb0483be4404d018db7bb2c06a63c25462""",MS,viscosity_laplacian_acceleration,1,0.000167208813264172,0.0002201078033316075,0.7596678115598676,0.3702853491173175,0.0,False,EVALUABLE,0.001700037293451968,EVALUABLE,EXPLORATORY_CONSUMED_DIAGNOSTIC_ONLY
field_lineage_id,"""HMSO01R_A|FIELD_LINEAGE|f01618f1ef2fe7c85085b02f71644f843db176708a8abb6e4e05116a594e9ae3""",SS,density_rate,1,6.4697911498676205e-34,0.008599375690015749,7.523559131599903e-32,1.1255648766695681e-32,0.0,False,EVALUABLE,0.00024892078779782846,EVALUABLE,EXPLORATORY_CONSUMED_DIAGNOSTIC_ONLY
field_lineage_id,"""HMSO01R_A|FIELD_LINEAGE|f01618f1ef2fe7c85085b02f71644f843db176708a8abb6e4e05116a594e9ae3""",SS,pressure_gradient_acceleration,1,0.0,1.093330443870146,0.0,0.0,0.0,False,EVALUABLE,0.005747280140272254,EVALUABLE,EXPLORATORY_CONSUMED_DIAGNOSTIC_ONLY
field_lineage_id,"""HMSO01R_A|FIELD_LINEAGE|f01618f1ef2fe7c85085b02f71644f843db176708a8abb6e4e05116a594e9ae3""",SS,viscosity_laplacian_acceleration,1,2.313733889607912e-06,0.00014040070561384166,0.016479503286625993,4.962321964063466e-05,0.0,False,EVALUABLE,0.0007626232863295494,EVALUABLE,EXPLORATORY_CONSUMED_DIAGNOSTIC_ONLY
field_lineage_id,"""HMSO01R_A|FIELD_LINEAGE|f01618f1ef2fe7c85085b02f71644f843db176708a8abb6e4e05116a594e9ae3""",MS,density_rate,1,4.577235944951281e-34,0.008599375690015749,5.322753778818679e-32,7.274658021282572e-33,0.0,False,EVALUABLE,0.0003585346985372071,EVALUABLE,EXPLORATORY_CONSUMED_DIAGNOSTIC_ONLY
field_lineage_id,"""HMSO01R_A|FIELD_LINEAGE|f01618f1ef2fe7c85085b02f71644f843db176708a8abb6e4e05116a594e9ae3""",MS,pressure_gradient_acceleration,1,0.0,1.093330443870146,0.0,0.0,0.0015625,False,EVALUABLE,0.0017498636135025271,EVALUABLE,EXPLORATORY_CONSUMED_DIAGNOSTIC_ONLY
field_lineage_id,"""HMSO01R_A|FIELD_LINEAGE|f01618f1ef2fe7c85085b02f71644f843db176708a8abb6e4e05116a594e9ae3""",MS,viscosity_laplacian_acceleration,1,2.43960057456898e-06,0.00014040070561384166,0.01737598514126319,0.0017929806303188915,0.00234375,False,EVALUABLE,0.00012828514055273518,EVALUABLE,EXPLORATORY_CONSUMED_DIAGNOSTIC_ONLY
field_lineage_id,"""HMSO01R_A|FIELD_LINEAGE|f0421338d311584916d83a8dd01c9f47b7707c5652d4192e1df422a2a9e7d57d""",SS,density_rate,1,0.02033427020540375,0.054300628756430436,0.3744757781095805,0.38684076795133016,0.0,False,EVALUABLE,0.10870844693124115,EVALUABLE,EXPLORATORY_CONSUMED_DIAGNOSTIC_ONLY
field_lineage_id,"""HMSO01R_A|FIELD_LINEAGE|f0421338d311584916d83a8dd01c9f47b7707c5652d4192e1df422a2a9e7d57d""",SS,pressure_gradient_acceleration,1,0.0,1.495476997646055,0.0,0.0,0.0,False,EVALUABLE,0.012328350822683474,EVALUABLE,EXPLORATORY_CONSUMED_DIAGNOSTIC_ONLY
field_lineage_id,"""HMSO01R_A|FIELD_LINEAGE|f0421338d311584916d83a8dd01c9f47b7707c5652d4192e1df422a2a9e7d57d""",SS,viscosity_laplacian_acceleration,1,0.0005727160858443137,0.0005650132634395508,1.01363299395464,0.7519334065963161,0.0,False,EVALUABLE,0.008897692286493196,EVALUABLE,EXPLORATORY_CONSUMED_DIAGNOSTIC_ONLY
field_lineage_id,"""HMSO01R_A|FIELD_LINEAGE|f0421338d311584916d83a8dd01c9f47b7707c5652d4192e1df422a2a9e7d57d""",MS,density_rate,1,0.0012135082514705131,0.054300628756430436,0.022347959485216937,0.038147430217508,0.0,False,EVALUABLE,0.00978790200185376,EVALUABLE,EXPLORATORY_CONSUMED_DIAGNOSTIC_ONLY
field_lineage_id,"""HMSO01R_A|FIELD_LINEAGE|f0421338d311584916d83a8dd01c9f47b7707c5652d4192e1df422a2a9e7d57d""",MS,pressure_gradient_acceleration,1,0.0,1.495476997646055,0.0,0.0,0.0,False,EVALUABLE,0.0037584435899149465,EVALUABLE,EXPLORATORY_CONSUMED_DIAGNOSTIC_ONLY
field_lineage_id,"""HMSO01R_A|FIELD_LINEAGE|f0421338d311584916d83a8dd01c9f47b7707c5652d4192e1df422a2a9e7d57d""",MS,viscosity_laplacian_acceleration,1,0.0007279483539232368,0.0005650132634395508,1.288373921510814,1.3435770157535194,0.0,False,EVALUABLE,0.0015720419160058733,EVALUABLE,EXPLORATORY_CONSUMED_DIAGNOSTIC_ONLY
field_lineage_id,"""HMSO01R_A|FIELD_LINEAGE|f11020ed75e98ae018c3d951c68d3fba4bfe91afdf9eb4b7d62d0c0967429304""",SS,density_rate,1,0.0,0.007174438547838717,0.0,0.0,0.0,False,EVALUABLE,0.00045122759330115745,EVALUABLE,EXPLORATORY_CONSUMED_DIAGNOSTIC_ONLY
field_lineage_id,"""HMSO01R_A|FIELD_LINEAGE|f11020ed75e98ae018c3d951c68d3fba4bfe91afdf9eb4b7d62d0c0967429304""",SS,pressure_gradient_acceleration,1,0.01491373589485883,0.6699912739515259,0.022259597213706166,0.003012028072406762,0.0,False,EVALUABLE,0.2137110943489466,EVALUABLE,EXPLORATORY_CONSUMED_DIAGNOSTIC_ONLY
field_lineage_id,"""HMSO01R_A|FIELD_LINEAGE|f11020ed75e98ae018c3d951c68d3fba4bfe91afdf9eb4b7d62d0c0967429304""",SS,viscosity_laplacian_acceleration,1,0.0,0.00010270546838710807,0.0,0.0,0.0,False,EVALUABLE,5.0397319553518594e-05,EVALUABLE,EXPLORATORY_CONSUMED_DIAGNOSTIC_ONLY
field_lineage_id,"""HMSO01R_A|FIELD_LINEAGE|f11020ed75e98ae018c3d951c68d3fba4bfe91afdf9eb4b7d62d0c0967429304""",MS,density_rate,1,0.0,0.007174438547838717,0.0,0.0,0.0,False,EVALUABLE,9.117726416038474e-05,EVALUABLE,EXPLORATORY_CONSUMED_DIAGNOSTIC_ONLY
field_lineage_id,"""HMSO01R_A|FIELD_LINEAGE|f11020ed75e98ae018c3d951c68d3fba4bfe91afdf9eb4b7d62d0c0967429304""",MS,pressure_gradient_acceleration,1,0.011168776821326368,0.6699912739515259,0.01667003326096219,0.0001398848692761188,0.0,False,EVALUABLE,0.03559543776005116,EVALUABLE,EXPLORATORY_CONSUMED_DIAGNOSTIC_ONLY
field_lineage_id,"""HMSO01R_A|FIELD_LINEAGE|f11020ed75e98ae018c3d951c68d3fba4bfe91afdf9eb4b7d62d0c0967429304""",MS,viscosity_laplacian_acceleration,1,0.0,0.00010270546838710807,0.0,0.0,0.0,False,EVALUABLE,1.725207978354122e-05,EVALUABLE,EXPLORATORY_CONSUMED_DIAGNOSTIC_ONLY
field_lineage_id,"""HMSO01R_A|FIELD_LINEAGE|f117df283c3988b3a51ad2a7138592681c02ac94fc8905b0ebf163745ca00f62""",SS,density_rate,2,4.3707724135592854e-33,0.007145800815403437,6.116560657746966e-31,1.94313755281808e-31,0.0,False,EVALUABLE,0.003093794860759372,EVALUABLE,EXPLORATORY_CONSUMED_DIAGNOSTIC_ONLY
field_lineage_id,"""HMSO01R_A|FIELD_LINEAGE|f117df283c3988b3a51ad2a7138592681c02ac94fc8905b0ebf163745ca00f62""",SS,pressure_gradient_acceleration,2,0.0,1.3989818575755466,0.0,0.0,0.0,False,EVALUABLE,0.026174938762507916,EVALUABLE,EXPLORATORY_CONSUMED_DIAGNOSTIC_ONLY
field_lineage_id,"""HMSO01R_A|FIELD_LINEAGE|f117df283c3988b3a51ad2a7138592681c02ac94fc8905b0ebf163745ca00f62""",SS,viscosity_laplacian_acceleration,2,1.7933406571118087e-05,0.0001270251303360007,0.14117998953184704,0.03718096583801736,0.0,False,EVALUABLE,0.0013594812507467316,EVALUABLE,EXPLORATORY_CONSUMED_DIAGNOSTIC_ONLY
field_lineage_id,"""HMSO01R_A|FIELD_LINEAGE|f117df283c3988b3a51ad2a7138592681c02ac94fc8905b0ebf163745ca00f62""",MS,density_rate,2,1.6755475473007463e-32,0.007145800815403437,2.344800240847671e-30,1.6510045069619286e-30,0.0,False,EVALUABLE,0.0005567568854390973,EVALUABLE,EXPLORATORY_CONSUMED_DIAGNOSTIC_ONLY
field_lineage_id,"""HMSO01R_A|FIELD_LINEAGE|f117df283c3988b3a51ad2a7138592681c02ac94fc8905b0ebf163745ca00f62""",MS,pressure_gradient_acceleration,2,0.0,1.3989818575755466,0.0,0.0,0.0,False,EVALUABLE,0.002434648211990849,EVALUABLE,EXPLORATORY_CONSUMED_DIAGNOSTIC_ONLY
field_lineage_id,"""HMSO01R_A|FIELD_LINEAGE|f117df283c3988b3a51ad2a7138592681c02ac94fc8905b0ebf163745ca00f62""",MS,viscosity_laplacian_acceleration,2,7.634970337209058e-06,0.0001270251303360007,0.060105983099670156,6.295182666562221e-05,0.0,False,EVALUABLE,0.0002860034281513311,EVALUABLE,EXPLORATORY_CONSUMED_DIAGNOSTIC_ONLY
field_lineage_id,"""HMSO01R_A|FIELD_LINEAGE|f2247a8dfd61c19acaf6609654c9c6098f254569cd75ef6a5201803913aa1c00""",SS,density_rate,1,1.8891033023919155e-12,0.008424321548422826,2.2424396926605766e-10,1.206742513519003e-10,0.0,False,EVALUABLE,0.0005324300499899721,EVALUABLE,EXPLORATORY_CONSUMED_DIAGNOSTIC_ONLY
field_lineage_id,"""HMSO01R_A|FIELD_LINEAGE|f2247a8dfd61c19acaf6609654c9c6098f254569cd75ef6a5201803913aa1c00""",SS,pressure_gradient_acceleration,1,0.0,0.5613798536006029,0.0,0.0,0.0,False,EVALUABLE,0.0012857505645946163,EVALUABLE,EXPLORATORY_CONSUMED_DIAGNOSTIC_ONLY
field_lineage_id,"""HMSO01R_A|FIELD_LINEAGE|f2247a8dfd61c19acaf6609654c9c6098f254569cd75ef6a5201803913aa1c00""",SS,viscosity_laplacian_acceleration,1,3.968268358731631e-06,8.906412635251137e-05,0.044555181993538265,0.02867256057368605,0.0,False,EVALUABLE,0.0004028459494357059,EVALUABLE,EXPLORATORY_CONSUMED_DIAGNOSTIC_ONLY
field_lineage_id,"""HMSO01R_A|FIELD_LINEAGE|f2247a8dfd61c19acaf6609654c9c6098f254569cd75ef6a5201803913aa1c00""",MS,density_rate,1,7.932417465181393e-13,0.008424321548422826,9.416090565377901e-11,4.5809852100474495e-11,0.0,False,EVALUABLE,0.00012640965811009885,EVALUABLE,EXPLORATORY_CONSUMED_DIAGNOSTIC_ONLY
field_lineage_id,"""HMSO01R_A|FIELD_LINEAGE|f2247a8dfd61c19acaf6609654c9c6098f254569cd75ef6a5201803913aa1c00""",MS,pressure_gradient_acceleration,1,0.0,0.5613798536006029,0.0,0.0,0.0,False,EVALUABLE,0.003182231693249478,EVALUABLE,EXPLORATORY_CONSUMED_DIAGNOSTIC_ONLY
field_lineage_id,"""HMSO01R_A|FIELD_LINEAGE|f2247a8dfd61c19acaf6609654c9c6098f254569cd75ef6a5201803913aa1c00""",MS,viscosity_laplacian_acceleration,1,9.028444428409543e-06,8.906412635251137e-05,0.10137015651706288,0.04535180073665611,0.0,False,EVALUABLE,0.0001136867886414233,EVALUABLE,EXPLORATORY_CONSUMED_DIAGNOSTIC_ONLY
field_lineage_id,"""HMSO01R_A|FIELD_LINEAGE|f2a3ceeae0e0974c878bba3a036f383f979564d7512b59be838a43b0d537377a""",SS,density_rate,1,1.8229716836496196e-17,0.0035227931940541696,5.174790523401891e-15,2.7196743260612186e-15,0.0,False,EVALUABLE,0.0002645189399180788,EVALUABLE,EXPLORATORY_CONSUMED_DIAGNOSTIC_ONLY
field_lineage_id,"""HMSO01R_A|FIELD_LINEAGE|f2a3ceeae0e0974c878bba3a036f383f979564d7512b59be838a43b0d537377a""",SS,pressure_gradient_acceleration,1,0.0,1.191072218845818,0.0,0.0,0.0,False,EVALUABLE,0.007319078647283236,EVALUABLE,EXPLORATORY_CONSUMED_DIAGNOSTIC_ONLY
field_lineage_id,"""HMSO01R_A|FIELD_LINEAGE|f2a3ceeae0e0974c878bba3a036f383f979564d7512b59be838a43b0d537377a""",SS,viscosity_laplacian_acceleration,1,0.00035797921708625785,0.0001634727776413704,2.1898399369685837,0.031987682056272476,0.0,False,EVALUABLE,0.0013503881809203897,EVALUABLE,EXPLORATORY_CONSUMED_DIAGNOSTIC_ONLY
field_lineage_id,"""HMSO01R_A|FIELD_LINEAGE|f2a3ceeae0e0974c878bba3a036f383f979564d7512b59be838a43b0d537377a""",MS,density_rate,1,2.0851726911058714e-17,0.0035227931940541696,5.919089132524899e-15,3.238903400188238e-15,0.0,False,EVALUABLE,2.3908784398774384e-16,EVALUABLE,EXPLORATORY_CONSUMED_DIAGNOSTIC_ONLY
field_lineage_id,"""HMSO01R_A|FIELD_LINEAGE|f2a3ceeae0e0974c878bba3a036f383f979564d7512b59be838a43b0d537377a""",MS,pressure_gradient_acceleration,1,0.0,1.191072218845818,0.0,0.0,0.0,False,EVALUABLE,0.0015246873263376722,EVALUABLE,EXPLORATORY_CONSUMED_DIAGNOSTIC_ONLY
field_lineage_id,"""HMSO01R_A|FIELD_LINEAGE|f2a3ceeae0e0974c878bba3a036f383f979564d7512b59be838a43b0d537377a""",MS,viscosity_laplacian_acceleration,1,0.0003599724842480031,0.0001634727776413704,2.2020332035815615,0.012613740857417498,0.0,False,EVALUABLE,0.00045328816017032084,EVALUABLE,EXPLORATORY_CONSUMED_DIAGNOSTIC_ONLY
field_lineage_id,"""HMSO01R_A|FIELD_LINEAGE|f52ad1fbea60f2cef5c93f5785e888eaa7893de6dad0b2f7545e6d3f4e338f25""",SS,density_rate,1,0.01374978778656506,0.0167295973628867,0.8218839633922026,0.6524999724010472,0.0,False,EVALUABLE,0.12329027300549911,EVALUABLE,EXPLORATORY_CONSUMED_DIAGNOSTIC_ONLY
field_lineage_id,"""HMSO01R_A|FIELD_LINEAGE|f52ad1fbea60f2cef5c93f5785e888eaa7893de6dad0b2f7545e6d3f4e338f25""",SS,pressure_gradient_acceleration,1,0.0,1.6747006905240123,0.0,0.0,0.0,False,EVALUABLE,0.005998014439899718,EVALUABLE,EXPLORATORY_CONSUMED_DIAGNOSTIC_ONLY
field_lineage_id,"""HMSO01R_A|FIELD_LINEAGE|f52ad1fbea60f2cef5c93f5785e888eaa7893de6dad0b2f7545e6d3f4e338f25""",SS,viscosity_laplacian_acceleration,1,0.0001369505451145885,0.00013709345690456436,0.998957559367145,0.5724795131686153,0.0,False,EVALUABLE,0.007477395823504691,EVALUABLE,EXPLORATORY_CONSUMED_DIAGNOSTIC_ONLY
field_lineage_id,"""HMSO01R_A|FIELD_LINEAGE|f52ad1fbea60f2cef5c93f5785e888eaa7893de6dad0b2f7545e6d3f4e338f25""",MS,density_rate,1,3.282790522541587e-05,0.0167295973628867,0.0019622651109489344,0.002795403124305331,0.0,False,EVALUABLE,0.0018555114701699828,EVALUABLE,EXPLORATORY_CONSUMED_DIAGNOSTIC_ONLY
field_lineage_id,"""HMSO01R_A|FIELD_LINEAGE|f52ad1fbea60f2cef5c93f5785e888eaa7893de6dad0b2f7545e6d3f4e338f25""",MS,pressure_gradient_acceleration,1,0.0,1.6747006905240123,0.0,0.0,0.0,False,EVALUABLE,0.05017969578272894,EVALUABLE,EXPLORATORY_CONSUMED_DIAGNOSTIC_ONLY
field_lineage_id,"""HMSO01R_A|FIELD_LINEAGE|f52ad1fbea60f2cef5c93f5785e888eaa7893de6dad0b2f7545e6d3f4e338f25""",MS,viscosity_laplacian_acceleration,1,2.7084879947599053e-05,0.00013709345690456436,0.19756508121648578,0.15762145638281383,0.0,False,EVALUABLE,0.0006270577052704673,EVALUABLE,EXPLORATORY_CONSUMED_DIAGNOSTIC_ONLY
field_lineage_id,"""HMSO01R_A|FIELD_LINEAGE|f7cc0cf639be6a7e99c37868bcf630bb54f34534e2c78b36b59b7ac5ebbd1919""",SS,density_rate,1,4.5095400355672875e-12,0.009449427025713206,4.772289392040599e-10,2.8735434898306337e-10,0.0,False,EVALUABLE,0.0006458611042154075,EVALUABLE,EXPLORATORY_CONSUMED_DIAGNOSTIC_ONLY
field_lineage_id,"""HMSO01R_A|FIELD_LINEAGE|f7cc0cf639be6a7e99c37868bcf630bb54f34534e2c78b36b59b7ac5ebbd1919""",SS,pressure_gradient_acceleration,1,0.0,1.038107101737224,0.0,0.0,0.0,False,EVALUABLE,0.007889743638653607,EVALUABLE,EXPLORATORY_CONSUMED_DIAGNOSTIC_ONLY
field_lineage_id,"""HMSO01R_A|FIELD_LINEAGE|f7cc0cf639be6a7e99c37868bcf630bb54f34534e2c78b36b59b7ac5ebbd1919""",SS,viscosity_laplacian_acceleration,1,0.00021795036195419216,0.0003600505044785582,0.6053327498314104,0.5395051579300472,0.001171875,False,EVALUABLE,0.006890110601601957,EVALUABLE,EXPLORATORY_CONSUMED_DIAGNOSTIC_ONLY
field_lineage_id,"""HMSO01R_A|FIELD_LINEAGE|f7cc0cf639be6a7e99c37868bcf630bb54f34534e2c78b36b59b7ac5ebbd1919""",MS,density_rate,1,3.306883111319347e-15,0.009449427025713206,3.4995593937292263e-13,1.5025772284068856e-13,0.0,False,EVALUABLE,4.42742248878263e-08,EVALUABLE,EXPLORATORY_CONSUMED_DIAGNOSTIC_ONLY
field_lineage_id,"""HMSO01R_A|FIELD_LINEAGE|f7cc0cf639be6a7e99c37868bcf630bb54f34534e2c78b36b59b7ac5ebbd1919""",MS,pressure_gradient_acceleration,1,0.0,1.038107101737224,0.0,0.0,0.0,False,EVALUABLE,0.028316597094622222,EVALUABLE,EXPLORATORY_CONSUMED_DIAGNOSTIC_ONLY
field_lineage_id,"""HMSO01R_A|FIELD_LINEAGE|f7cc0cf639be6a7e99c37868bcf630bb54f34534e2c78b36b59b7ac5ebbd1919""",MS,viscosity_laplacian_acceleration,1,0.0003847231260979088,0.0003600505044785582,1.0685254466038943,1.0428540866990856,0.0,False,EVALUABLE,0.0018666953063576294,EVALUABLE,EXPLORATORY_CONSUMED_DIAGNOSTIC_ONLY
field_lineage_id,"""HMSO01R_A|FIELD_LINEAGE|f82108cfb75a5ece90cca0bec2aa62b5af33b3b96774d26a9d5bbde8416cb360""",SS,density_rate,1,0.00040974862690550535,0.00847069104345988,0.04837251468661077,0.04063763553146943,0.0,False,EVALUABLE,0.021100655027469203,EVALUABLE,EXPLORATORY_CONSUMED_DIAGNOSTIC_ONLY
field_lineage_id,"""HMSO01R_A|FIELD_LINEAGE|f82108cfb75a5ece90cca0bec2aa62b5af33b3b96774d26a9d5bbde8416cb360""",SS,pressure_gradient_acceleration,1,0.0,0.9297003283557839,0.0,0.0,0.0,False,EVALUABLE,0.0016473596292055552,EVALUABLE,EXPLORATORY_CONSUMED_DIAGNOSTIC_ONLY
field_lineage_id,"""HMSO01R_A|FIELD_LINEAGE|f82108cfb75a5ece90cca0bec2aa62b5af33b3b96774d26a9d5bbde8416cb360""",SS,viscosity_laplacian_acceleration,1,2.7242847314896416e-05,0.0001218837772353966,0.22351495771485447,0.2518172073339855,0.0,False,EVALUABLE,0.0005976500697783204,EVALUABLE,EXPLORATORY_CONSUMED_DIAGNOSTIC_ONLY
field_lineage_id,"""HMSO01R_A|FIELD_LINEAGE|f82108cfb75a5ece90cca0bec2aa62b5af33b3b96774d26a9d5bbde8416cb360""",MS,density_rate,1,1.1784023339708631e-06,0.00847069104345988,0.00013911525375260778,0.00011393963085661548,0.0,False,EVALUABLE,0.001912221486089529,EVALUABLE,EXPLORATORY_CONSUMED_DIAGNOSTIC_ONLY
field_lineage_id,"""HMSO01R_A|FIELD_LINEAGE|f82108cfb75a5ece90cca0bec2aa62b5af33b3b96774d26a9d5bbde8416cb360""",MS,pressure_gradient_acceleration,1,0.0,0.9297003283557839,0.0,0.0,0.0,False,EVALUABLE,0.0035829119093450774,EVALUABLE,EXPLORATORY_CONSUMED_DIAGNOSTIC_ONLY
field_lineage_id,"""HMSO01R_A|FIELD_LINEAGE|f82108cfb75a5ece90cca0bec2aa62b5af33b3b96774d26a9d5bbde8416cb360""",MS,viscosity_laplacian_acceleration,1,3.632973718277021e-06,0.0001218837772353966,0.029806868483084382,0.030642570622609885,0.0,False,EVALUABLE,0.00025275567753916964,EVALUABLE,EXPLORATORY_CONSUMED_DIAGNOSTIC_ONLY
field_lineage_id,"""HMSO01R_A|FIELD_LINEAGE|f8fd31406421545fa9cf8bb98c251eb120eed5378ed4276493239005b13fd6f8""",SS,density_rate,1,3.733673532687259e-33,0.0034718573638204886,1.075410980760645e-30,3.511338729070475e-31,0.0,False,EVALUABLE,0.0005563801975488324,EVALUABLE,EXPLORATORY_CONSUMED_DIAGNOSTIC_ONLY
field_lineage_id,"""HMSO01R_A|FIELD_LINEAGE|f8fd31406421545fa9cf8bb98c251eb120eed5378ed4276493239005b13fd6f8""",SS,pressure_gradient_acceleration,1,0.0,1.1644923711922108,0.0,0.0,0.0,False,EVALUABLE,0.006680616132407666,EVALUABLE,EXPLORATORY_CONSUMED_DIAGNOSTIC_ONLY
field_lineage_id,"""HMSO01R_A|FIELD_LINEAGE|f8fd31406421545fa9cf8bb98c251eb120eed5378ed4276493239005b13fd6f8""",SS,viscosity_laplacian_acceleration,1,1.4591506011051634e-06,6.121872793637658e-05,0.023835036275527154,0.015615443163437487,0.0,False,EVALUABLE,0.001753351213755135,EVALUABLE,EXPLORATORY_CONSUMED_DIAGNOSTIC_ONLY
field_lineage_id,"""HMSO01R_A|FIELD_LINEAGE|f8fd31406421545fa9cf8bb98c251eb120eed5378ed4276493239005b13fd6f8""",MS,density_rate,1,4.3523602288549426e-33,0.0034718573638204886,1.2536114744257622e-30,4.242448835378441e-31,0.0,False,EVALUABLE,4.172214595952872e-17,EVALUABLE,EXPLORATORY_CONSUMED_DIAGNOSTIC_ONLY
field_lineage_id,"""HMSO01R_A|FIELD_LINEAGE|f8fd31406421545fa9cf8bb98c251eb120eed5378ed4276493239005b13fd6f8""",MS,pressure_gradient_acceleration,1,0.0,1.1644923711922108,0.0,0.0,0.0,False,EVALUABLE,0.001614897550618723,EVALUABLE,EXPLORATORY_CONSUMED_DIAGNOSTIC_ONLY
field_lineage_id,"""HMSO01R_A|FIELD_LINEAGE|f8fd31406421545fa9cf8bb98c251eb120eed5378ed4276493239005b13fd6f8""",MS,viscosity_laplacian_acceleration,1,3.149907644300066e-08,6.121872793637658e-05,0.0005145333381598035,2.8947485023229722e-05,0.0,False,EVALUABLE,0.00017458226896004096,EVALUABLE,EXPLORATORY_CONSUMED_DIAGNOSTIC_ONLY
field_lineage_id,"""HMSO01R_A|FIELD_LINEAGE|f952117e9c8f8a564901d0507e978f58c3289c63c557fb7f3123a84dd049ba29""",SS,density_rate,1,0.09334371136910509,0.20444367423523888,0.4565742213266089,0.4937090156473544,0.0,False,EVALUABLE,0.3120989500116005,EVALUABLE,EXPLORATORY_CONSUMED_DIAGNOSTIC_ONLY
field_lineage_id,"""HMSO01R_A|FIELD_LINEAGE|f952117e9c8f8a564901d0507e978f58c3289c63c557fb7f3123a84dd049ba29""",SS,pressure_gradient_acceleration,1,0.0,0.5657732241043604,0.0,0.0,0.0,False,EVALUABLE,0.0061856279275429625,EVALUABLE,EXPLORATORY_CONSUMED_DIAGNOSTIC_ONLY
field_lineage_id,"""HMSO01R_A|FIELD_LINEAGE|f952117e9c8f8a564901d0507e978f58c3289c63c557fb7f3123a84dd049ba29""",SS,viscosity_laplacian_acceleration,1,0.0025045248835314066,0.0022557716072519624,1.1102741409989116,1.0361082017391827,0.0,False,EVALUABLE,0.021624565298765046,EVALUABLE,EXPLORATORY_CONSUMED_DIAGNOSTIC_ONLY
field_lineage_id,"""HMSO01R_A|FIELD_LINEAGE|f952117e9c8f8a564901d0507e978f58c3289c63c557fb7f3123a84dd049ba29""",MS,density_rate,1,0.038672758995200444,0.20444367423523888,0.18916094684691703,0.08321990253541153,0.0,False,EVALUABLE,0.036868360067852386,EVALUABLE,EXPLORATORY_CONSUMED_DIAGNOSTIC_ONLY
field_lineage_id,"""HMSO01R_A|FIELD_LINEAGE|f952117e9c8f8a564901d0507e978f58c3289c63c557fb7f3123a84dd049ba29""",MS,pressure_gradient_acceleration,1,0.0,0.5657732241043604,0.0,0.0,0.0,False,EVALUABLE,0.0024079310544020747,EVALUABLE,EXPLORATORY_CONSUMED_DIAGNOSTIC_ONLY
field_lineage_id,"""HMSO01R_A|FIELD_LINEAGE|f952117e9c8f8a564901d0507e978f58c3289c63c557fb7f3123a84dd049ba29""",MS,viscosity_laplacian_acceleration,1,0.0019523320071986516,0.0022557716072519624,0.8654830129620398,1.2584951603042893,0.0,False,EVALUABLE,0.004285454004749313,EVALUABLE,EXPLORATORY_CONSUMED_DIAGNOSTIC_ONLY
field_lineage_id,"""HMSO01R_A|FIELD_LINEAGE|f9a3d40825ca658eebc26e88239c04a3590f72ad95b03a86bc289649036f4117""",SS,density_rate,1,0.0,0.00955359658958058,0.0,0.0,0.0,False,EVALUABLE,0.0005591812124690365,EVALUABLE,EXPLORATORY_CONSUMED_DIAGNOSTIC_ONLY
field_lineage_id,"""HMSO01R_A|FIELD_LINEAGE|f9a3d40825ca658eebc26e88239c04a3590f72ad95b03a86bc289649036f4117""",SS,pressure_gradient_acceleration,1,9.288774206663017,22.00482901935635,0.42212435272695054,0.027263824044430365,0.050390625,False,EVALUABLE,3.18910100413454,EVALUABLE,EXPLORATORY_CONSUMED_DIAGNOSTIC_ONLY
field_lineage_id,"""HMSO01R_A|FIELD_LINEAGE|f9a3d40825ca658eebc26e88239c04a3590f72ad95b03a86bc289649036f4117""",SS,viscosity_laplacian_acceleration,1,0.0,0.00013260316539457094,0.0,0.0,0.0,False,EVALUABLE,4.561475065552417e-05,EVALUABLE,EXPLORATORY_CONSUMED_DIAGNOSTIC_ONLY
field_lineage_id,"""HMSO01R_A|FIELD_LINEAGE|f9a3d40825ca658eebc26e88239c04a3590f72ad95b03a86bc289649036f4117""",MS,density_rate,1,0.0,0.00955359658958058,0.0,0.0,0.0,False,EVALUABLE,0.0,EVALUABLE,EXPLORATORY_CONSUMED_DIAGNOSTIC_ONLY
field_lineage_id,"""HMSO01R_A|FIELD_LINEAGE|f9a3d40825ca658eebc26e88239c04a3590f72ad95b03a86bc289649036f4117""",MS,pressure_gradient_acceleration,1,9.177789144529317,22.00482901935635,0.4170806842650837,3.428508951904193e-28,0.273046875,False,EVALUABLE,1.0240228451270108,EVALUABLE,EXPLORATORY_CONSUMED_DIAGNOSTIC_ONLY
field_lineage_id,"""HMSO01R_A|FIELD_LINEAGE|f9a3d40825ca658eebc26e88239c04a3590f72ad95b03a86bc289649036f4117""",MS,viscosity_laplacian_acceleration,1,0.0,0.00013260316539457094,0.0,0.0,0.0,False,EVALUABLE,0.0013167766157902263,EVALUABLE,EXPLORATORY_CONSUMED_DIAGNOSTIC_ONLY
field_lineage_id,"""HMSO01R_A|FIELD_LINEAGE|f9acbd6c60cf4de95eb27dc7c24fd369893e07d5c162236bcdc4cc91f1e5368b""",SS,density_rate,1,0.0009286941801401767,0.0073782205341633034,0.12586966950093903,0.07419020082246104,0.0,False,EVALUABLE,0.016644299907825434,EVALUABLE,EXPLORATORY_CONSUMED_DIAGNOSTIC_ONLY
field_lineage_id,"""HMSO01R_A|FIELD_LINEAGE|f9acbd6c60cf4de95eb27dc7c24fd369893e07d5c162236bcdc4cc91f1e5368b""",SS,pressure_gradient_acceleration,1,0.0,1.234303211572837,0.0,0.0,0.0,False,EVALUABLE,0.0019273758517586084,EVALUABLE,EXPLORATORY_CONSUMED_DIAGNOSTIC_ONLY
field_lineage_id,"""HMSO01R_A|FIELD_LINEAGE|f9acbd6c60cf4de95eb27dc7c24fd369893e07d5c162236bcdc4cc91f1e5368b""",SS,viscosity_laplacian_acceleration,1,0.0001637773701636855,0.00010871538931870654,1.5064782565747066,0.9194369892034091,0.0,False,EVALUABLE,0.00039680952235761796,EVALUABLE,EXPLORATORY_CONSUMED_DIAGNOSTIC_ONLY
field_lineage_id,"""HMSO01R_A|FIELD_LINEAGE|f9acbd6c60cf4de95eb27dc7c24fd369893e07d5c162236bcdc4cc91f1e5368b""",MS,density_rate,1,1.5737334100691278e-05,0.0073782205341633034,0.00213294439056448,0.0017218091487032554,0.0,False,EVALUABLE,0.0014693929072185437,EVALUABLE,EXPLORATORY_CONSUMED_DIAGNOSTIC_ONLY
field_lineage_id,"""HMSO01R_A|FIELD_LINEAGE|f9acbd6c60cf4de95eb27dc7c24fd369893e07d5c162236bcdc4cc91f1e5368b""",MS,pressure_gradient_acceleration,1,0.0,1.234303211572837,0.0,0.0,0.0,False,EVALUABLE,0.003664112911304314,EVALUABLE,EXPLORATORY_CONSUMED_DIAGNOSTIC_ONLY
field_lineage_id,"""HMSO01R_A|FIELD_LINEAGE|f9acbd6c60cf4de95eb27dc7c24fd369893e07d5c162236bcdc4cc91f1e5368b""",MS,viscosity_laplacian_acceleration,1,2.198069509688698e-05,0.00010871538931870654,0.20218568166507764,0.19394067753595665,0.0,False,EVALUABLE,0.00018941551073849334,EVALUABLE,EXPLORATORY_CONSUMED_DIAGNOSTIC_ONLY
field_lineage_id,"""HMSO01R_A|FIELD_LINEAGE|f9dd81299410ddb65efe58bb38fc53798a53c7f5ab1183ef52b5f93fb7daea68""",SS,density_rate,1,1.121977326113766e-12,0.008006895701239098,1.4012638205592408e-10,1.1879178521030964e-10,0.0,False,EVALUABLE,0.0005900210108576086,EVALUABLE,EXPLORATORY_CONSUMED_DIAGNOSTIC_ONLY
field_lineage_id,"""HMSO01R_A|FIELD_LINEAGE|f9dd81299410ddb65efe58bb38fc53798a53c7f5ab1183ef52b5f93fb7daea68""",SS,pressure_gradient_acceleration,1,0.0,0.9213978627124376,0.0,0.0,0.0,False,EVALUABLE,0.005003026201373394,EVALUABLE,EXPLORATORY_CONSUMED_DIAGNOSTIC_ONLY
field_lineage_id,"""HMSO01R_A|FIELD_LINEAGE|f9dd81299410ddb65efe58bb38fc53798a53c7f5ab1183ef52b5f93fb7daea68""",SS,viscosity_laplacian_acceleration,1,3.753632708270398e-05,0.00016740976936676028,0.22421825933270137,0.16737636585195026,0.0,False,EVALUABLE,0.005119955870360333,EVALUABLE,EXPLORATORY_CONSUMED_DIAGNOSTIC_ONLY
field_lineage_id,"""HMSO01R_A|FIELD_LINEAGE|f9dd81299410ddb65efe58bb38fc53798a53c7f5ab1183ef52b5f93fb7daea68""",MS,density_rate,1,2.7201482066016443e-32,0.008006895701239098,3.397256949632416e-30,9.069035810417043e-31,0.0,False,EVALUABLE,1.4008546681536816e-16,EVALUABLE,EXPLORATORY_CONSUMED_DIAGNOSTIC_ONLY
field_lineage_id,"""HMSO01R_A|FIELD_LINEAGE|f9dd81299410ddb65efe58bb38fc53798a53c7f5ab1183ef52b5f93fb7daea68""",MS,pressure_gradient_acceleration,1,0.0,0.9213978627124376,0.0,0.0,0.0,False,EVALUABLE,0.04942747179938916,EVALUABLE,EXPLORATORY_CONSUMED_DIAGNOSTIC_ONLY
field_lineage_id,"""HMSO01R_A|FIELD_LINEAGE|f9dd81299410ddb65efe58bb38fc53798a53c7f5ab1183ef52b5f93fb7daea68""",MS,viscosity_laplacian_acceleration,1,1.661690678908356e-05,0.00016740976936676028,0.09925888346861853,0.08961177384438189,0.0,False,EVALUABLE,0.00046490856895810544,EVALUABLE,EXPLORATORY_CONSUMED_DIAGNOSTIC_ONLY
field_lineage_id,"""HMSO01R_A|FIELD_LINEAGE|fa1ab395df96eb71b1cd3e5c31c1a1fe587398989c58265b21dd97a062b35ef9""",SS,density_rate,1,0.002137864179115022,0.010621310055101939,0.20128064881112293,0.15740459857814867,0.0,False,EVALUABLE,0.01797434239536975,EVALUABLE,EXPLORATORY_CONSUMED_DIAGNOSTIC_ONLY
field_lineage_id,"""HMSO01R_A|FIELD_LINEAGE|fa1ab395df96eb71b1cd3e5c31c1a1fe587398989c58265b21dd97a062b35ef9""",SS,pressure_gradient_acceleration,1,0.0,0.9922502441650628,0.0,0.0,0.0,False,EVALUABLE,0.002382645666957564,EVALUABLE,EXPLORATORY_CONSUMED_DIAGNOSTIC_ONLY
field_lineage_id,"""HMSO01R_A|FIELD_LINEAGE|fa1ab395df96eb71b1cd3e5c31c1a1fe587398989c58265b21dd97a062b35ef9""",SS,viscosity_laplacian_acceleration,1,2.8013449529266527e-05,0.00013323743971067155,0.21025208522543243,0.19518112148018235,0.0,False,EVALUABLE,0.000607564032715875,EVALUABLE,EXPLORATORY_CONSUMED_DIAGNOSTIC_ONLY
field_lineage_id,"""HMSO01R_A|FIELD_LINEAGE|fa1ab395df96eb71b1cd3e5c31c1a1fe587398989c58265b21dd97a062b35ef9""",MS,density_rate,1,1.347717206133558e-05,0.010621310055101939,0.0012688803915353014,0.00025158476304600947,0.0,False,EVALUABLE,0.003124133773283802,EVALUABLE,EXPLORATORY_CONSUMED_DIAGNOSTIC_ONLY
field_lineage_id,"""HMSO01R_A|FIELD_LINEAGE|fa1ab395df96eb71b1cd3e5c31c1a1fe587398989c58265b21dd97a062b35ef9""",MS,pressure_gradient_acceleration,1,0.0,0.9922502441650628,0.0,0.0,0.0,False,EVALUABLE,0.008609462586421705,EVALUABLE,EXPLORATORY_CONSUMED_DIAGNOSTIC_ONLY
field_lineage_id,"""HMSO01R_A|FIELD_LINEAGE|fa1ab395df96eb71b1cd3e5c31c1a1fe587398989c58265b21dd97a062b35ef9""",MS,viscosity_laplacian_acceleration,1,3.3934304087729285e-05,0.00013323743971067155,0.25469045458557654,0.1338090529302651,0.0,False,EVALUABLE,0.0009243003856377966,EVALUABLE,EXPLORATORY_CONSUMED_DIAGNOSTIC_ONLY
field_lineage_id,"""HMSO01R_A|FIELD_LINEAGE|fd04ea3f458e107df0af85b51443fd7c576cbde1f2a34afcd2f94001f9376e64""",SS,density_rate,2,0.0,0.007163091114285026,0.0,0.0,0.0,False,EVALUABLE,0.004759931632824491,EVALUABLE,EXPLORATORY_CONSUMED_DIAGNOSTIC_ONLY
field_lineage_id,"""HMSO01R_A|FIELD_LINEAGE|fd04ea3f458e107df0af85b51443fd7c576cbde1f2a34afcd2f94001f9376e64""",SS,pressure_gradient_acceleration,2,0.6218838147471879,1.1816660463151554,0.526277129385614,0.3016077205829102,0.0,False,EVALUABLE,0.5492281815037838,EVALUABLE,EXPLORATORY_CONSUMED_DIAGNOSTIC_ONLY
field_lineage_id,"""HMSO01R_A|FIELD_LINEAGE|fd04ea3f458e107df0af85b51443fd7c576cbde1f2a34afcd2f94001f9376e64""",SS,viscosity_laplacian_acceleration,2,0.0,0.00012207197187669226,0.0,0.0,0.0,False,EVALUABLE,0.00011654148263106714,EVALUABLE,EXPLORATORY_CONSUMED_DIAGNOSTIC_ONLY
field_lineage_id,"""HMSO01R_A|FIELD_LINEAGE|fd04ea3f458e107df0af85b51443fd7c576cbde1f2a34afcd2f94001f9376e64""",MS,density_rate,2,0.0,0.007163091114285026,0.0,0.0,0.0,False,EVALUABLE,0.0009873666361986287,EVALUABLE,EXPLORATORY_CONSUMED_DIAGNOSTIC_ONLY
field_lineage_id,"""HMSO01R_A|FIELD_LINEAGE|fd04ea3f458e107df0af85b51443fd7c576cbde1f2a34afcd2f94001f9376e64""",MS,pressure_gradient_acceleration,2,0.6218838147471879,1.1816660463151554,0.526277129385614,0.3016077205829102,0.0,False,EVALUABLE,0.14156890669953268,EVALUABLE,EXPLORATORY_CONSUMED_DIAGNOSTIC_ONLY
field_lineage_id,"""HMSO01R_A|FIELD_LINEAGE|fd04ea3f458e107df0af85b51443fd7c576cbde1f2a34afcd2f94001f9376e64""",MS,viscosity_laplacian_acceleration,2,0.0,0.00012207197187669226,0.0,0.0,0.0,False,EVALUABLE,5.359443355429867e-05,EVALUABLE,EXPLORATORY_CONSUMED_DIAGNOSTIC_ONLY
field_lineage_id,"""HMSO01R_A|FIELD_LINEAGE|fefaa03392c6d5e862f0b98f72e148123eb5332d997aade537062f72a6e1a99c""",SS,density_rate,1,0.0,0.006555371765669564,0.0,0.0,0.0,False,EVALUABLE,0.001273007721318929,EVALUABLE,EXPLORATORY_CONSUMED_DIAGNOSTIC_ONLY
field_lineage_id,"""HMSO01R_A|FIELD_LINEAGE|fefaa03392c6d5e862f0b98f72e148123eb5332d997aade537062f72a6e1a99c""",SS,pressure_gradient_acceleration,1,40.74580419550317,77.10704573576399,0.5284316602549376,0.0026183758577699584,0.0,False,EVALUABLE,6.58334785008388,EVALUABLE,EXPLORATORY_CONSUMED_DIAGNOSTIC_ONLY
field_lineage_id,"""HMSO01R_A|FIELD_LINEAGE|fefaa03392c6d5e862f0b98f72e148123eb5332d997aade537062f72a6e1a99c""",SS,viscosity_laplacian_acceleration,1,0.0,9.93338010106122e-05,0.0,0.0,0.0,False,EVALUABLE,0.00010587422932313081,EVALUABLE,EXPLORATORY_CONSUMED_DIAGNOSTIC_ONLY
field_lineage_id,"""HMSO01R_A|FIELD_LINEAGE|fefaa03392c6d5e862f0b98f72e148123eb5332d997aade537062f72a6e1a99c""",MS,density_rate,1,0.0,0.006555371765669564,0.0,0.0,0.0,False,EVALUABLE,0.0007274166087648987,EVALUABLE,EXPLORATORY_CONSUMED_DIAGNOSTIC_ONLY
field_lineage_id,"""HMSO01R_A|FIELD_LINEAGE|fefaa03392c6d5e862f0b98f72e148123eb5332d997aade537062f72a6e1a99c""",MS,pressure_gradient_acceleration,1,41.334298953581516,77.10704573576399,0.5360638390326726,0.027682764574250805,0.277734375,False,EVALUABLE,2.4687359802996354,EVALUABLE,EXPLORATORY_CONSUMED_DIAGNOSTIC_ONLY
field_lineage_id,"""HMSO01R_A|FIELD_LINEAGE|fefaa03392c6d5e862f0b98f72e148123eb5332d997aade537062f72a6e1a99c""",MS,viscosity_laplacian_acceleration,1,0.0,9.93338010106122e-05,0.0,0.0,0.0,False,EVALUABLE,9.369973635574218e-05,EVALUABLE,EXPLORATORY_CONSUMED_DIAGNOSTIC_ONLY
field_lineage_id,"""HMSO01R_A|FIELD_LINEAGE|ff441cbe04ac4f8f63fd24360c00fa41becbfbb5a6acdf59e4dfd55c77c15642""",SS,density_rate,1,2.4129641837552513e-05,0.011372874693310091,0.0021216836101910436,0.0025377974479131376,0.0,False,EVALUABLE,0.0005079698755286745,EVALUABLE,EXPLORATORY_CONSUMED_DIAGNOSTIC_ONLY
field_lineage_id,"""HMSO01R_A|FIELD_LINEAGE|ff441cbe04ac4f8f63fd24360c00fa41becbfbb5a6acdf59e4dfd55c77c15642""",SS,pressure_gradient_acceleration,1,0.8282625955326437,1.9493330440053809,0.4248953754104408,0.18218795474069469,0.0,False,EVALUABLE,0.5114228411845092,EVALUABLE,EXPLORATORY_CONSUMED_DIAGNOSTIC_ONLY
field_lineage_id,"""HMSO01R_A|FIELD_LINEAGE|ff441cbe04ac4f8f63fd24360c00fa41becbfbb5a6acdf59e4dfd55c77c15642""",SS,viscosity_laplacian_acceleration,1,3.6082647961441914e-09,0.0001137167017259869,3.1730297672884574e-05,2.9590233139929965e-05,0.0,False,EVALUABLE,5.243753318342982e-05,EVALUABLE,EXPLORATORY_CONSUMED_DIAGNOSTIC_ONLY
field_lineage_id,"""HMSO01R_A|FIELD_LINEAGE|ff441cbe04ac4f8f63fd24360c00fa41becbfbb5a6acdf59e4dfd55c77c15642""",MS,density_rate,1,0.0,0.011372874693310091,0.0,0.0,0.0,False,EVALUABLE,0.0,EVALUABLE,EXPLORATORY_CONSUMED_DIAGNOSTIC_ONLY
field_lineage_id,"""HMSO01R_A|FIELD_LINEAGE|ff441cbe04ac4f8f63fd24360c00fa41becbfbb5a6acdf59e4dfd55c77c15642""",MS,pressure_gradient_acceleration,1,0.8284162459248016,1.9493330440053809,0.42497419744274073,0.18323935172486913,0.0,False,EVALUABLE,0.1650210493934399,EVALUABLE,EXPLORATORY_CONSUMED_DIAGNOSTIC_ONLY
field_lineage_id,"""HMSO01R_A|FIELD_LINEAGE|ff441cbe04ac4f8f63fd24360c00fa41becbfbb5a6acdf59e4dfd55c77c15642""",MS,viscosity_laplacian_acceleration,1,0.0,0.0001137167017259869,0.0,0.0,0.0,False,EVALUABLE,0.0011160015066786595,EVALUABLE,EXPLORATORY_CONSUMED_DIAGNOSTIC_ONLY
field_subtype,"""controlled_disorder_single_mode""",SS,density_rate,96,0.00632749592587803,0.013011556237926838,0.48629816527513275,0.3286885789548703,0.0,False,EVALUABLE,0.0653065007830629,EVALUABLE,EXPLORATORY_CONSUMED_DIAGNOSTIC_ONLY
field_subtype,"""controlled_disorder_single_mode""",SS,pressure_gradient_acceleration,96,2.8448517363248107,2.7069865127986965,1.0509294090954218,1.0694284298501668,0.0,False,EVALUABLE,0.9366565136755682,EVALUABLE,EXPLORATORY_CONSUMED_DIAGNOSTIC_ONLY
field_subtype,"""controlled_disorder_single_mode""",SS,viscosity_laplacian_acceleration,96,0.00017230215223458265,0.00018968113287598816,0.9083779162539707,0.5971261225085273,0.0,False,EVALUABLE,0.00730556846743683,EVALUABLE,EXPLORATORY_CONSUMED_DIAGNOSTIC_ONLY
field_subtype,"""controlled_disorder_single_mode""",MS,density_rate,96,0.0013402585991498476,0.013011556237926838,0.10300524969051619,0.14131079525421086,0.0,False,EVALUABLE,0.023043079743849504,EVALUABLE,EXPLORATORY_CONSUMED_DIAGNOSTIC_ONLY
field_subtype,"""controlled_disorder_single_mode""",MS,pressure_gradient_acceleration,96,2.818800852248843,2.7069865127986965,1.0413058354452398,1.066203818204551,1.6276041666666666e-05,False,EVALUABLE,0.6284635896451444,EVALUABLE,EXPLORATORY_CONSUMED_DIAGNOSTIC_ONLY
field_subtype,"""controlled_disorder_single_mode""",MS,viscosity_laplacian_acceleration,96,0.00019172056287239357,0.00018968113287598816,1.0107518864184493,0.7045551483251096,0.0,False,EVALUABLE,0.004944995466271798,EVALUABLE,EXPLORATORY_CONSUMED_DIAGNOSTIC_ONLY
field_subtype,"""multi_mode""",SS,density_rate,96,0.0024186437063330583,0.012383833467983796,0.19530654321103658,0.10044057665251617,0.0,False,EVALUABLE,0.03276198833938121,EVALUABLE,EXPLORATORY_CONSUMED_DIAGNOSTIC_ONLY
field_subtype,"""multi_mode""",SS,pressure_gradient_acceleration,96,0.27914811336533424,1.4450366628650941,0.19317718403895956,0.062513487806042,0.0,False,EVALUABLE,0.3885724901087498,EVALUABLE,EXPLORATORY_CONSUMED_DIAGNOSTIC_ONLY
field_subtype,"""multi_mode""",SS,viscosity_laplacian_acceleration,96,0.00010141852988158521,0.00015305578835612014,0.6626245957167674,0.3697231565249959,3.255208333333333e-05,False,EVALUABLE,0.0031536262174009086,EVALUABLE,EXPLORATORY_CONSUMED_DIAGNOSTIC_ONLY
field_subtype,"""multi_mode""",MS,density_rate,96,0.00013514535421274448,0.012383833467983796,0.01091304680106841,0.009620130064433656,0.0,False,EVALUABLE,0.005328887120494971,EVALUABLE,EXPLORATORY_CONSUMED_DIAGNOSTIC_ONLY
field_subtype,"""multi_mode""",MS,pressure_gradient_acceleration,96,0.27900656204039037,1.4450366628650941,0.19307922712991946,0.06248037754705802,3.255208333333333e-05,False,EVALUABLE,0.20680037113462654,EVALUABLE,EXPLORATORY_CONSUMED_DIAGNOSTIC_ONLY
field_subtype,"""multi_mode""",MS,viscosity_laplacian_acceleration,96,0.00011490829650784838,0.00015305578835612014,0.7507608679293286,0.4201393755728891,6.103515625e-05,False,EVALUABLE,0.0008741215050060968,EVALUABLE,EXPLORATORY_CONSUMED_DIAGNOSTIC_ONLY
field_subtype,"""single_mode""",SS,density_rate,192,0.006296963597876127,0.020029918076024007,0.31437790079699074,0.17147829545488347,0.0,False,EVALUABLE,0.06745777224993332,EVALUABLE,EXPLORATORY_CONSUMED_DIAGNOSTIC_ONLY
field_subtype,"""single_mode""",SS,pressure_gradient_acceleration,192,0.6795691899237406,2.1810402489593717,0.3115803068045076,0.1684426633603877,0.00054931640625,False,EVALUABLE,0.6605924080900252,EVALUABLE,EXPLORATORY_CONSUMED_DIAGNOSTIC_ONLY
field_subtype,"""single_mode""",SS,viscosity_laplacian_acceleration,192,0.00016936307123853727,0.0002561698730826842,0.6611357893122419,0.39688615854703424,0.002292887369791667,False,EVALUABLE,0.005822371207149652,EVALUABLE,EXPLORATORY_CONSUMED_DIAGNOSTIC_ONLY
field_subtype,"""single_mode""",MS,density_rate,192,0.00161734341758702,0.020029918076024007,0.08074638205949503,0.006681569388647876,0.0,False,EVALUABLE,0.03617264543757672,EVALUABLE,EXPLORATORY_CONSUMED_DIAGNOSTIC_ONLY
field_subtype,"""single_mode""",MS,pressure_gradient_acceleration,192,0.5927116988009326,2.1810402489593717,0.2717564240658695,0.1667095650094328,0.0031148274739583332,False,EVALUABLE,0.25106383877650656,EVALUABLE,EXPLORATORY_CONSUMED_DIAGNOSTIC_ONLY
field_subtype,"""single_mode""",MS,viscosity_laplacian_acceleration,192,0.0001397536857054394,0.0002561698730826842,0.5455508254100238,0.3211258410852897,0.0018046061197916667,False,EVALUABLE,0.0015814801928650056,EVALUABLE,EXPLORATORY_CONSUMED_DIAGNOSTIC_ONLY
polarization,"""longitudinal""",SS,density_rate,111,0.017069736765431495,0.03618192741099793,0.47177522002995737,0.507104190250093,0.0,False,EVALUABLE,0.11142535104881165,EVALUABLE,EXPLORATORY_CONSUMED_DIAGNOSTIC_ONLY
polarization,"""longitudinal""",SS,pressure_gradient_acceleration,111,0.0,1.0423773940767052,0.0,0.0,0.0,False,EVALUABLE,0.03381389223676738,EVALUABLE,EXPLORATORY_CONSUMED_DIAGNOSTIC_ONLY
polarization,"""longitudinal""",SS,viscosity_laplacian_acceleration,111,0.0003562954279203489,0.00032825264972414803,1.085430470156957,0.8002203635751911,0.0,False,EVALUABLE,0.008733550607618448,EVALUABLE,EXPLORATORY_CONSUMED_DIAGNOSTIC_ONLY
polarization,"""longitudinal""",MS,density_rate,111,0.0030674106169905754,0.03618192741099793,0.08477742443478008,0.022195406165245797,0.0,False,EVALUABLE,0.051676282415768715,EVALUABLE,EXPLORATORY_CONSUMED_DIAGNOSTIC_ONLY
polarization,"""longitudinal""",MS,pressure_gradient_acceleration,111,0.0,1.0423773940767052,0.0,0.0,0.0,False,EVALUABLE,0.02034367558700551,EVALUABLE,EXPLORATORY_CONSUMED_DIAGNOSTIC_ONLY
polarization,"""longitudinal""",MS,viscosity_laplacian_acceleration,111,0.0003324947369201977,0.00032825264972414803,1.0129232382422946,0.8289532114791732,0.0,False,EVALUABLE,0.00415311187303494,EVALUABLE,EXPLORATORY_CONSUMED_DIAGNOSTIC_ONLY
polarization,"""none""",SS,density_rate,161,0.0009417028890093984,0.008438022217077101,0.11160232395496118,0.10995575012803768,0.0,False,EVALUABLE,0.004577703010125232,EVALUABLE,EXPLORATORY_CONSUMED_DIAGNOSTIC_ONLY
polarization,"""none""",SS,pressure_gradient_acceleration,161,2.39615262918151,3.5756017623583833,0.6701396823344956,0.6883154592392602,0.0006550854037267081,False,EVALUABLE,1.0633423962762247,EVALUABLE,EXPLORATORY_CONSUMED_DIAGNOSTIC_ONLY
polarization,"""none""",SS,viscosity_laplacian_acceleration,161,1.678479642790328e-05,0.00011012574341476343,0.1524148296977863,0.14295841749289276,0.0,False,EVALUABLE,0.00022427183464052847,EVALUABLE,EXPLORATORY_CONSUMED_DIAGNOSTIC_ONLY
polarization,"""none""",MS,density_rate,161,0.0006791782920003113,0.008438022217077101,0.08049022324517843,0.08253797246389444,0.0,False,EVALUABLE,0.002591071864416594,EVALUABLE,EXPLORATORY_CONSUMED_DIAGNOSTIC_ONLY
polarization,"""none""",MS,pressure_gradient_acceleration,161,2.433124152100155,3.5756017623583833,0.6804796265944681,0.7832427052618455,0.0036611995341614906,False,EVALUABLE,0.5792349287143155,EVALUABLE,EXPLORATORY_CONSUMED_DIAGNOSTIC_ONLY
polarization,"""none""",MS,viscosity_laplacian_acceleration,161,1.2169947990312401e-05,0.00011012574341476343,0.11050956491142198,0.10508654252117332,3.154114906832298e-05,False,EVALUABLE,0.0007684372958377913,EVALUABLE,EXPLORATORY_CONSUMED_DIAGNOSTIC_ONLY
polarization,"""transverse""",SS,density_rate,112,2.045954813457642e-05,0.008115947882087918,0.0025209067913966165,0.001149917654217308,0.0,False,EVALUABLE,0.0064606964488308355,EVALUABLE,EXPLORATORY_CONSUMED_DIAGNOSTIC_ONLY
polarization,"""transverse""",SS,pressure_gradient_acceleration,112,0.3982205065838303,1.1248051623366897,0.35403509862682364,0.2695413082381216,0.0,False,EVALUABLE,0.054642613835687005,EVALUABLE,EXPLORATORY_CONSUMED_DIAGNOSTIC_ONLY
polarization,"""transverse""",SS,viscosity_laplacian_acceleration,112,0.00014771205747232254,0.0002492952791160753,0.5925184704502398,0.5105259612057751,0.003958565848214286,False,EVALUABLE,0.00605966674412051,EVALUABLE,EXPLORATORY_CONSUMED_DIAGNOSTIC_ONLY
polarization,"""transverse""",MS,density_rate,112,2.087885894207719e-05,0.008115947882087918,0.002572571835775006,0.00017791519804443673,0.0,False,EVALUABLE,0.008142356672224162,EVALUABLE,EXPLORATORY_CONSUMED_DIAGNOSTIC_ONLY
polarization,"""transverse""",MS,pressure_gradient_acceleration,112,0.17372472726268273,1.1248051623366897,0.15444872861517098,0.12732003327507552,0.00011858258928571428,False,EVALUABLE,0.02336692117128817,EVALUABLE,EXPLORATORY_CONSUMED_DIAGNOSTIC_ONLY
polarization,"""transverse""",MS,viscosity_laplacian_acceleration,112,0.0001553821493871907,0.0002492952791160753,0.6232855669715376,0.5419115710936281,0.0031005859375,False,EVALUABLE,0.0028211739037888968,EVALUABLE,EXPLORATORY_CONSUMED_DIAGNOSTIC_ONLY
disorder_state_id,"""HMSO01R_A|DISORDER|00b79c3efbfca81dc3835b28aa39999301e321b7def8bb1dfc899a9776afba19""",SS,density_rate,312,0.004950268970119231,0.017114226495144404,0.28924877040301566,0.1512225908417054,0.0,False,EVALUABLE,0.05872803047435079,EVALUABLE,EXPLORATORY_CONSUMED_DIAGNOSTIC_ONLY
disorder_state_id,"""HMSO01R_A|DISORDER|00b79c3efbfca81dc3835b28aa39999301e321b7def8bb1dfc899a9776afba19""",SS,pressure_gradient_acceleration,312,0.5724296794597155,1.9595930341632561,0.2921166127252245,0.1786925505048544,0.0003380408653846154,False,EVALUABLE,0.5762418854953975,EVALUABLE,EXPLORATORY_CONSUMED_DIAGNOSTIC_ONLY
disorder_state_id,"""HMSO01R_A|DISORDER|00b79c3efbfca81dc3835b28aa39999301e321b7def8bb1dfc899a9776afba19""",SS,viscosity_laplacian_acceleration,312,0.00014521555593884772,0.00021680414201909212,0.6698006531907486,0.39122859213752126,0.0014210236378205128,False,EVALUABLE,0.005049551679639474,EVALUABLE,EXPLORATORY_CONSUMED_DIAGNOSTIC_ONLY
disorder_state_id,"""HMSO01R_A|DISORDER|00b79c3efbfca81dc3835b28aa39999301e321b7def8bb1dfc899a9776afba19""",MS,density_rate,312,0.0010784998427843212,0.017114226495144404,0.06301773808417867,0.01148913665011925,0.0,False,EVALUABLE,0.028581660125563443,EVALUABLE,EXPLORATORY_CONSUMED_DIAGNOSTIC_ONLY
disorder_state_id,"""HMSO01R_A|DISORDER|00b79c3efbfca81dc3835b28aa39999301e321b7def8bb1dfc899a9776afba19""",MS,pressure_gradient_acceleration,312,0.5177312399110174,1.9595930341632561,0.2642034498413534,0.17701679679826812,0.0019318409455128206,False,EVALUABLE,0.23279391910667283,EVALUABLE,EXPLORATORY_CONSUMED_DIAGNOSTIC_ONLY
disorder_state_id,"""HMSO01R_A|DISORDER|00b79c3efbfca81dc3835b28aa39999301e321b7def8bb1dfc899a9776afba19""",MS,viscosity_laplacian_acceleration,312,0.0001335504967499205,0.00021680414201909212,0.6159960575760578,0.37504411279916744,0.0011293068910256411,False,EVALUABLE,0.001367592147894975,EVALUABLE,EXPLORATORY_CONSUMED_DIAGNOSTIC_ONLY
disorder_state_id,"""HMSO01R_A|DISORDER|0c4f3d3a1af80384bae3d9583f0b3b55ad3974df5f34ea8fc3b5976051e04ea5""",SS,density_rate,24,0.0067289740462545605,0.013561455101530756,0.4961837793862566,0.3754266986296979,0.0,False,EVALUABLE,0.06472533240879998,EVALUABLE,EXPLORATORY_CONSUMED_DIAGNOSTIC_ONLY
disorder_state_id,"""HMSO01R_A|DISORDER|0c4f3d3a1af80384bae3d9583f0b3b55ad3974df5f34ea8fc3b5976051e04ea5""",SS,pressure_gradient_acceleration,24,3.3734320105591737,2.5991457527049326,1.2979002839869371,1.245221456455211,0.0,False,EVALUABLE,0.8629086523206123,EVALUABLE,EXPLORATORY_CONSUMED_DIAGNOSTIC_ONLY
disorder_state_id,"""HMSO01R_A|DISORDER|0c4f3d3a1af80384bae3d9583f0b3b55ad3974df5f34ea8fc3b5976051e04ea5""",SS,viscosity_laplacian_acceleration,24,0.00016135103919170024,0.00018259900702677215,0.8836359070016377,0.653981504002333,0.0,False,EVALUABLE,0.006524319554434192,EVALUABLE,EXPLORATORY_CONSUMED_DIAGNOSTIC_ONLY
disorder_state_id,"""HMSO01R_A|DISORDER|0c4f3d3a1af80384bae3d9583f0b3b55ad3974df5f34ea8fc3b5976051e04ea5""",MS,density_rate,24,0.001538804292555022,0.013561455101530756,0.11346896634870168,0.17386318049197402,0.0,False,EVALUABLE,0.01903743793032458,EVALUABLE,EXPLORATORY_CONSUMED_DIAGNOSTIC_ONLY
disorder_state_id,"""HMSO01R_A|DISORDER|0c4f3d3a1af80384bae3d9583f0b3b55ad3974df5f34ea8fc3b5976051e04ea5""",MS,pressure_gradient_acceleration,24,3.3186953975200777,2.5991457527049326,1.2768408212838043,1.235034227698295,0.0,False,EVALUABLE,0.5185202859811125,EVALUABLE,EXPLORATORY_CONSUMED_DIAGNOSTIC_ONLY
disorder_state_id,"""HMSO01R_A|DISORDER|0c4f3d3a1af80384bae3d9583f0b3b55ad3974df5f34ea8fc3b5976051e04ea5""",MS,viscosity_laplacian_acceleration,24,0.00018465378019233178,0.00018259900702677215,1.0112529262837577,0.7587085552380476,0.0,False,EVALUABLE,0.003968259923396685,EVALUABLE,EXPLORATORY_CONSUMED_DIAGNOSTIC_ONLY
disorder_state_id,"""HMSO01R_A|DISORDER|6efa9d3214159aa59943ff326442a8f7563442158d92770035b271c4aef549e7""",SS,density_rate,24,0.0071940532475728534,0.013027518556328813,0.5522197659106736,0.3484356462326555,0.0,False,EVALUABLE,0.0668339601677546,EVALUABLE,EXPLORATORY_CONSUMED_DIAGNOSTIC_ONLY
disorder_state_id,"""HMSO01R_A|DISORDER|6efa9d3214159aa59943ff326442a8f7563442158d92770035b271c4aef549e7""",SS,pressure_gradient_acceleration,24,3.7950505638137066,3.3621591234826016,1.1287540013521746,1.0462425811904363,0.0,False,EVALUABLE,1.3733565068311389,EVALUABLE,EXPLORATORY_CONSUMED_DIAGNOSTIC_ONLY
disorder_state_id,"""HMSO01R_A|DISORDER|6efa9d3214159aa59943ff326442a8f7563442158d92770035b271c4aef549e7""",SS,viscosity_laplacian_acceleration,24,0.00023336749720502515,0.0002371970011800823,0.9838551754195672,0.6326384312536204,0.0,False,EVALUABLE,0.01040619197773345,EVALUABLE,EXPLORATORY_CONSUMED_DIAGNOSTIC_ONLY
disorder_state_id,"""HMSO01R_A|DISORDER|6efa9d3214159aa59943ff326442a8f7563442158d92770035b271c4aef549e7""",MS,density_rate,24,0.0016043180165754118,0.013027518556328813,0.12314839619215347,0.14688126004042804,0.0,False,EVALUABLE,0.03700076850043802,EVALUABLE,EXPLORATORY_CONSUMED_DIAGNOSTIC_ONLY
disorder_state_id,"""HMSO01R_A|DISORDER|6efa9d3214159aa59943ff326442a8f7563442158d92770035b271c4aef549e7""",MS,pressure_gradient_acceleration,24,3.759729567449167,3.3621591234826016,1.1182485508165814,1.0260357496060861,0.0,False,EVALUABLE,0.9970685967740965,EVALUABLE,EXPLORATORY_CONSUMED_DIAGNOSTIC_ONLY
disorder_state_id,"""HMSO01R_A|DISORDER|6efa9d3214159aa59943ff326442a8f7563442158d92770035b271c4aef549e7""",MS,viscosity_laplacian_acceleration,24,0.0002462034238729461,0.0002371970011800823,1.0379702215797662,0.7312291122112301,0.0,False,EVALUABLE,0.007911259329687483,EVALUABLE,EXPLORATORY_CONSUMED_DIAGNOSTIC_ONLY
disorder_state_id,"""HMSO01R_A|DISORDER|9b9b5e267e62efb963a0a1d79e48a089a4de7fec81ecf6b797044fec9b254470""",SS,density_rate,24,0.007083743406475949,0.012746985337097795,0.5557191146882389,0.3985869602640902,0.0,False,EVALUABLE,0.06530427843576975,EVALUABLE,EXPLORATORY_CONSUMED_DIAGNOSTIC_ONLY
disorder_state_id,"""HMSO01R_A|DISORDER|9b9b5e267e62efb963a0a1d79e48a089a4de7fec81ecf6b797044fec9b254470""",SS,pressure_gradient_acceleration,24,3.322484510801322,2.6204003740202686,1.2679301009654118,1.2608417832991832,0.0,False,EVALUABLE,0.810483794306945,EVALUABLE,EXPLORATORY_CONSUMED_DIAGNOSTIC_ONLY
disorder_state_id,"""HMSO01R_A|DISORDER|9b9b5e267e62efb963a0a1d79e48a089a4de7fec81ecf6b797044fec9b254470""",SS,viscosity_laplacian_acceleration,24,0.00016726653477122387,0.00018205681513485566,0.9187600840282957,0.669894751466637,0.0,False,EVALUABLE,0.006491347496578871,EVALUABLE,EXPLORATORY_CONSUMED_DIAGNOSTIC_ONLY
disorder_state_id,"""HMSO01R_A|DISORDER|9b9b5e267e62efb963a0a1d79e48a089a4de7fec81ecf6b797044fec9b254470""",MS,density_rate,24,0.0016767428888199187,0.012746985337097795,0.13154034812765195,0.18707303939980877,0.0,False,EVALUABLE,0.018811611233830714,EVALUABLE,EXPLORATORY_CONSUMED_DIAGNOSTIC_ONLY
disorder_state_id,"""HMSO01R_A|DISORDER|9b9b5e267e62efb963a0a1d79e48a089a4de7fec81ecf6b797044fec9b254470""",MS,pressure_gradient_acceleration,24,3.323992163751921,2.6204003740202686,1.2685054531007367,1.2861249674000323,0.0,False,EVALUABLE,0.5363559727245608,EVALUABLE,EXPLORATORY_CONSUMED_DIAGNOSTIC_ONLY
disorder_state_id,"""HMSO01R_A|DISORDER|9b9b5e267e62efb963a0a1d79e48a089a4de7fec81ecf6b797044fec9b254470""",MS,viscosity_laplacian_acceleration,24,0.00017753126135023863,0.00018205681513485566,0.9751420797883078,0.7022736904358576,0.0,False,EVALUABLE,0.004269401877458985,EVALUABLE,EXPLORATORY_CONSUMED_DIAGNOSTIC_ONLY
layout_class,"""jitter_0.05""",SS,density_rate,48,0.006906358726365254,0.013154220219314275,0.5250298847988483,0.387006829446894,0.0,False,EVALUABLE,0.0650154498463488,EVALUABLE,EXPLORATORY_CONSUMED_DIAGNOSTIC_ONLY
layout_class,"""jitter_0.05""",SS,pressure_gradient_acceleration,48,3.347958260680248,2.6097730633626006,1.2828541713763117,1.253031619877197,0.0,False,EVALUABLE,0.8371067205213316,EVALUABLE,EXPLORATORY_CONSUMED_DIAGNOSTIC_ONLY
layout_class,"""jitter_0.05""",SS,viscosity_laplacian_acceleration,48,0.00016430878698146207,0.00018232791108081393,0.9011718831607456,0.661938127734485,0.0,False,EVALUABLE,0.006507854407164973,EVALUABLE,EXPLORATORY_CONSUMED_DIAGNOSTIC_ONLY
layout_class,"""jitter_0.05""",MS,density_rate,48,0.0016077735906874703,0.013154220219314275,0.1222249258323032,0.18046810994589138,0.0,False,EVALUABLE,0.018924861428340062,EVALUABLE,EXPLORATORY_CONSUMED_DIAGNOSTIC_ONLY
layout_class,"""jitter_0.05""",MS,pressure_gradient_acceleration,48,3.321343780635999,2.6097730633626006,1.272656165880019,1.2605795975491636,0.0,False,EVALUABLE,0.527513514732677,EVALUABLE,EXPLORATORY_CONSUMED_DIAGNOSTIC_ONLY
layout_class,"""jitter_0.05""",MS,viscosity_laplacian_acceleration,48,0.00018109252077128525,0.00018232791108081393,0.9932243489095802,0.7304911228369528,0.0,False,EVALUABLE,0.004121582172593831,EVALUABLE,EXPLORATORY_CONSUMED_DIAGNOSTIC_ONLY
layout_class,"""jitter_0.10""",SS,density_rate,24,0.0071940532475728534,0.013027518556328813,0.5522197659106736,0.3484356462326555,0.0,False,EVALUABLE,0.0668339601677546,EVALUABLE,EXPLORATORY_CONSUMED_DIAGNOSTIC_ONLY
layout_class,"""jitter_0.10""",SS,pressure_gradient_acceleration,24,3.7950505638137066,3.3621591234826016,1.1287540013521746,1.0462425811904363,0.0,False,EVALUABLE,1.3733565068311389,EVALUABLE,EXPLORATORY_CONSUMED_DIAGNOSTIC_ONLY
layout_class,"""jitter_0.10""",SS,viscosity_laplacian_acceleration,24,0.00023336749720502515,0.0002371970011800823,0.9838551754195672,0.6326384312536204,0.0,False,EVALUABLE,0.01040619197773345,EVALUABLE,EXPLORATORY_CONSUMED_DIAGNOSTIC_ONLY
layout_class,"""jitter_0.10""",MS,density_rate,24,0.0016043180165754118,0.013027518556328813,0.12314839619215347,0.14688126004042804,0.0,False,EVALUABLE,0.03700076850043802,EVALUABLE,EXPLORATORY_CONSUMED_DIAGNOSTIC_ONLY
layout_class,"""jitter_0.10""",MS,pressure_gradient_acceleration,24,3.759729567449167,3.3621591234826016,1.1182485508165814,1.0260357496060861,0.0,False,EVALUABLE,0.9970685967740965,EVALUABLE,EXPLORATORY_CONSUMED_DIAGNOSTIC_ONLY
layout_class,"""jitter_0.10""",MS,viscosity_laplacian_acceleration,24,0.0002462034238729461,0.0002371970011800823,1.0379702215797662,0.7312291122112301,0.0,False,EVALUABLE,0.007911259329687483,EVALUABLE,EXPLORATORY_CONSUMED_DIAGNOSTIC_ONLY
layout_class,"""regular""",SS,density_rate,312,0.004950268970119231,0.017114226495144404,0.28924877040301566,0.1512225908417054,0.0,False,EVALUABLE,0.05872803047435079,EVALUABLE,EXPLORATORY_CONSUMED_DIAGNOSTIC_ONLY
layout_class,"""regular""",SS,pressure_gradient_acceleration,312,0.5724296794597155,1.9595930341632561,0.2921166127252245,0.1786925505048544,0.0003380408653846154,False,EVALUABLE,0.5762418854953975,EVALUABLE,EXPLORATORY_CONSUMED_DIAGNOSTIC_ONLY
layout_class,"""regular""",SS,viscosity_laplacian_acceleration,312,0.00014521555593884772,0.00021680414201909212,0.6698006531907486,0.39122859213752126,0.0014210236378205128,False,EVALUABLE,0.005049551679639474,EVALUABLE,EXPLORATORY_CONSUMED_DIAGNOSTIC_ONLY
layout_class,"""regular""",MS,density_rate,312,0.0010784998427843212,0.017114226495144404,0.06301773808417867,0.01148913665011925,0.0,False,EVALUABLE,0.028581660125563443,EVALUABLE,EXPLORATORY_CONSUMED_DIAGNOSTIC_ONLY
layout_class,"""regular""",MS,pressure_gradient_acceleration,312,0.5177312399110174,1.9595930341632561,0.2642034498413534,0.17701679679826812,0.0019318409455128206,False,EVALUABLE,0.23279391910667283,EVALUABLE,EXPLORATORY_CONSUMED_DIAGNOSTIC_ONLY
layout_class,"""regular""",MS,viscosity_laplacian_acceleration,312,0.0001335504967499205,0.00021680414201909212,0.6159960575760578,0.37504411279916744,0.0011293068910256411,False,EVALUABLE,0.001367592147894975,EVALUABLE,EXPLORATORY_CONSUMED_DIAGNOSTIC_ONLY
jitter_fraction,0.0,SS,density_rate,312,0.004950268970119231,0.017114226495144404,0.28924877040301566,0.1512225908417054,0.0,False,EVALUABLE,0.05872803047435079,EVALUABLE,EXPLORATORY_CONSUMED_DIAGNOSTIC_ONLY
jitter_fraction,0.0,SS,pressure_gradient_acceleration,312,0.5724296794597155,1.9595930341632561,0.2921166127252245,0.1786925505048544,0.0003380408653846154,False,EVALUABLE,0.5762418854953975,EVALUABLE,EXPLORATORY_CONSUMED_DIAGNOSTIC_ONLY
jitter_fraction,0.0,SS,viscosity_laplacian_acceleration,312,0.00014521555593884772,0.00021680414201909212,0.6698006531907486,0.39122859213752126,0.0014210236378205128,False,EVALUABLE,0.005049551679639474,EVALUABLE,EXPLORATORY_CONSUMED_DIAGNOSTIC_ONLY
jitter_fraction,0.0,MS,density_rate,312,0.0010784998427843212,0.017114226495144404,0.06301773808417867,0.01148913665011925,0.0,False,EVALUABLE,0.028581660125563443,EVALUABLE,EXPLORATORY_CONSUMED_DIAGNOSTIC_ONLY
jitter_fraction,0.0,MS,pressure_gradient_acceleration,312,0.5177312399110174,1.9595930341632561,0.2642034498413534,0.17701679679826812,0.0019318409455128206,False,EVALUABLE,0.23279391910667283,EVALUABLE,EXPLORATORY_CONSUMED_DIAGNOSTIC_ONLY
jitter_fraction,0.0,MS,viscosity_laplacian_acceleration,312,0.0001335504967499205,0.00021680414201909212,0.6159960575760578,0.37504411279916744,0.0011293068910256411,False,EVALUABLE,0.001367592147894975,EVALUABLE,EXPLORATORY_CONSUMED_DIAGNOSTIC_ONLY
jitter_fraction,0.05,SS,density_rate,48,0.006906358726365254,0.013154220219314275,0.5250298847988483,0.387006829446894,0.0,False,EVALUABLE,0.0650154498463488,EVALUABLE,EXPLORATORY_CONSUMED_DIAGNOSTIC_ONLY
jitter_fraction,0.05,SS,pressure_gradient_acceleration,48,3.347958260680248,2.6097730633626006,1.2828541713763117,1.253031619877197,0.0,False,EVALUABLE,0.8371067205213316,EVALUABLE,EXPLORATORY_CONSUMED_DIAGNOSTIC_ONLY
jitter_fraction,0.05,SS,viscosity_laplacian_acceleration,48,0.00016430878698146207,0.00018232791108081393,0.9011718831607456,0.661938127734485,0.0,False,EVALUABLE,0.006507854407164973,EVALUABLE,EXPLORATORY_CONSUMED_DIAGNOSTIC_ONLY
jitter_fraction,0.05,MS,density_rate,48,0.0016077735906874703,0.013154220219314275,0.1222249258323032,0.18046810994589138,0.0,False,EVALUABLE,0.018924861428340062,EVALUABLE,EXPLORATORY_CONSUMED_DIAGNOSTIC_ONLY
jitter_fraction,0.05,MS,pressure_gradient_acceleration,48,3.321343780635999,2.6097730633626006,1.272656165880019,1.2605795975491636,0.0,False,EVALUABLE,0.527513514732677,EVALUABLE,EXPLORATORY_CONSUMED_DIAGNOSTIC_ONLY
jitter_fraction,0.05,MS,viscosity_laplacian_acceleration,48,0.00018109252077128525,0.00018232791108081393,0.9932243489095802,0.7304911228369528,0.0,False,EVALUABLE,0.004121582172593831,EVALUABLE,EXPLORATORY_CONSUMED_DIAGNOSTIC_ONLY
jitter_fraction,0.1,SS,density_rate,24,0.0071940532475728534,0.013027518556328813,0.5522197659106736,0.3484356462326555,0.0,False,EVALUABLE,0.0668339601677546,EVALUABLE,EXPLORATORY_CONSUMED_DIAGNOSTIC_ONLY
jitter_fraction,0.1,SS,pressure_gradient_acceleration,24,3.7950505638137066,3.3621591234826016,1.1287540013521746,1.0462425811904363,0.0,False,EVALUABLE,1.3733565068311389,EVALUABLE,EXPLORATORY_CONSUMED_DIAGNOSTIC_ONLY
jitter_fraction,0.1,SS,viscosity_laplacian_acceleration,24,0.00023336749720502515,0.0002371970011800823,0.9838551754195672,0.6326384312536204,0.0,False,EVALUABLE,0.01040619197773345,EVALUABLE,EXPLORATORY_CONSUMED_DIAGNOSTIC_ONLY
jitter_fraction,0.1,MS,density_rate,24,0.0016043180165754118,0.013027518556328813,0.12314839619215347,0.14688126004042804,0.0,False,EVALUABLE,0.03700076850043802,EVALUABLE,EXPLORATORY_CONSUMED_DIAGNOSTIC_ONLY
jitter_fraction,0.1,MS,pressure_gradient_acceleration,24,3.759729567449167,3.3621591234826016,1.1182485508165814,1.0260357496060861,0.0,False,EVALUABLE,0.9970685967740965,EVALUABLE,EXPLORATORY_CONSUMED_DIAGNOSTIC_ONLY
jitter_fraction,0.1,MS,viscosity_laplacian_acceleration,24,0.0002462034238729461,0.0002371970011800823,1.0379702215797662,0.7312291122112301,0.0,False,EVALUABLE,0.007911259329687483,EVALUABLE,EXPLORATORY_CONSUMED_DIAGNOSTIC_ONLY
mode_indices,"[[1, 0], [0, 2]]",SS,density_rate,30,0.0016802348081963838,0.010253362034444055,0.16387159670671742,0.12403573855082214,0.0,False,EVALUABLE,0.02304304852992952,EVALUABLE,EXPLORATORY_CONSUMED_DIAGNOSTIC_ONLY
mode_indices,"[[1, 0], [0, 2]]",SS,pressure_gradient_acceleration,30,0.099882575220764,1.333129712516783,0.07492337338442344,0.043278454170945245,0.0,False,EVALUABLE,0.3264352246942614,EVALUABLE,EXPLORATORY_CONSUMED_DIAGNOSTIC_ONLY
mode_indices,"[[1, 0], [0, 2]]",SS,viscosity_laplacian_acceleration,30,3.891260074109103e-05,0.00011986179924864979,0.324645558343138,0.2214462312597939,6.510416666666667e-05,False,EVALUABLE,0.0022083278897178592,EVALUABLE,EXPLORATORY_CONSUMED_DIAGNOSTIC_ONLY
mode_indices,"[[1, 0], [0, 2]]",MS,density_rate,30,9.351285883350031e-05,0.010253362034444055,0.009120214278922673,0.008889683493301622,0.0,False,EVALUABLE,0.0057103818868223825,EVALUABLE,EXPLORATORY_CONSUMED_DIAGNOSTIC_ONLY
mode_indices,"[[1, 0], [0, 2]]",MS,pressure_gradient_acceleration,30,0.09988257886435936,1.333129712516783,0.07492337611753734,0.04327845532658633,0.00010416666666666667,False,EVALUABLE,0.14970463271580506,EVALUABLE,EXPLORATORY_CONSUMED_DIAGNOSTIC_ONLY
mode_indices,"[[1, 0], [0, 2]]",MS,viscosity_laplacian_acceleration,30,4.293835424032469e-05,0.00011986179924864979,0.3582321849787215,0.22863620323925773,0.0001953125,False,EVALUABLE,0.0006745546232638506,EVALUABLE,EXPLORATORY_CONSUMED_DIAGNOSTIC_ONLY
mode_indices,"[[1, 0], [2, 1], [0, 3]]",SS,density_rate,37,0.002876792452312121,0.014228836510887717,0.20218044181692843,0.08646893507880023,0.0,False,EVALUABLE,0.04020462838764753,EVALUABLE,EXPLORATORY_CONSUMED_DIAGNOSTIC_ONLY
mode_indices,"[[1, 0], [2, 1], [0, 3]]",SS,pressure_gradient_acceleration,37,0.3943347503266205,1.783685639890927,0.22107861469958026,0.07517493105492416,0.0,False,EVALUABLE,0.5152572287617673,EVALUABLE,EXPLORATORY_CONSUMED_DIAGNOSTIC_ONLY
mode_indices,"[[1, 0], [2, 1], [0, 3]]",SS,viscosity_laplacian_acceleration,37,0.00016157603220628422,0.00019791230288373232,0.8164021632409856,0.5413394371967561,3.16722972972973e-05,False,EVALUABLE,0.004299099063810484,EVALUABLE,EXPLORATORY_CONSUMED_DIAGNOSTIC_ONLY
mode_indices,"[[1, 0], [2, 1], [0, 3]]",MS,density_rate,37,0.00018359446192900254,0.014228836510887717,0.012902984849711252,0.009458163174720067,0.0,False,EVALUABLE,0.005487753804006886,EVALUABLE,EXPLORATORY_CONSUMED_DIAGNOSTIC_ONLY
mode_indices,"[[1, 0], [2, 1], [0, 3]]",MS,pressure_gradient_acceleration,37,0.39394753171382435,1.783685639890927,0.22086152565421469,0.07509026582258936,0.0,False,EVALUABLE,0.28802946720352307,EVALUABLE,EXPLORATORY_CONSUMED_DIAGNOSTIC_ONLY
mode_indices,"[[1, 0], [2, 1], [0, 3]]",MS,viscosity_laplacian_acceleration,37,0.0001834042523276528,0.00019791230288373232,0.9266945493297475,0.6258569341601483,0.0,False,EVALUABLE,0.0011287328585348137,EVALUABLE,EXPLORATORY_CONSUMED_DIAGNOSTIC_ONLY
mode_indices,"[[1, 0]]",SS,density_rate,28,0.0025363545441894108,0.009251308431487503,0.27416171052699345,0.1889671576255301,0.0,False,EVALUABLE,0.023172368885132993,EVALUABLE,EXPLORATORY_CONSUMED_DIAGNOSTIC_ONLY
mode_indices,"[[1, 0]]",SS,pressure_gradient_acceleration,28,0.9253779621576099,1.0983241988506511,0.842536259445051,0.5535142228427357,0.0,False,EVALUABLE,0.3425712917416644,EVALUABLE,EXPLORATORY_CONSUMED_DIAGNOSTIC_ONLY
mode_indices,"[[1, 0]]",SS,viscosity_laplacian_acceleration,28,9.54275031331907e-05,0.0001164518475382472,0.8194589021170204,0.7589046807383927,0.01279296875,False,EVALUABLE,0.002136357541043357,EVALUABLE,EXPLORATORY_CONSUMED_DIAGNOSTIC_ONLY
mode_indices,"[[1, 0]]",MS,density_rate,28,3.743030507761261e-05,0.009251308431487503,0.004045947160319057,0.00302185718353703,0.0,False,EVALUABLE,0.001219870373365019,EVALUABLE,EXPLORATORY_CONSUMED_DIAGNOSTIC_ONLY
mode_indices,"[[1, 0]]",MS,pressure_gradient_acceleration,28,1.5495761090541238,1.0983241988506511,1.4108549285135374,1.0033230565090538,0.00037667410714285716,False,EVALUABLE,0.20879157515092187,EVALUABLE,EXPLORATORY_CONSUMED_DIAGNOSTIC_ONLY
mode_indices,"[[1, 0]]",MS,viscosity_laplacian_acceleration,28,5.751160769298345e-05,0.0001164518475382472,0.49386599619292826,0.4901510754271851,0.012039620535714286,False,EVALUABLE,0.001576062893580861,EVALUABLE,EXPLORATORY_CONSUMED_DIAGNOSTIC_ONLY
mode_indices,"[[1, 1], [2, -1]]",SS,density_rate,29,0.002597980373328744,0.012233800034147493,0.21236086629478598,0.09385767600694074,0.0,False,EVALUABLE,0.030684537602449845,EVALUABLE,EXPLORATORY_CONSUMED_DIAGNOSTIC_ONLY
mode_indices,"[[1, 1], [2, -1]]",SS,pressure_gradient_acceleration,29,0.317632960840145,1.128733089089008,0.2814066176588339,0.06625754328343036,0.0,False,EVALUABLE,0.22552426069829956,EVALUABLE,EXPLORATORY_CONSUMED_DIAGNOSTIC_ONLY
mode_indices,"[[1, 1], [2, -1]]",SS,viscosity_laplacian_acceleration,29,8.932716050920457e-05,0.00013016367234586017,0.6862679801461947,0.30415437628709685,0.0,False,EVALUABLE,0.002072893067750148,EVALUABLE,EXPLORATORY_CONSUMED_DIAGNOSTIC_ONLY
mode_indices,"[[1, 1], [2, -1]]",MS,density_rate,29,0.00011639907407052992,0.012233800034147493,0.009514547707632295,0.010582411859377232,0.0,False,EVALUABLE,0.004674178727898512,EVALUABLE,EXPLORATORY_CONSUMED_DIAGNOSTIC_ONLY
mode_indices,"[[1, 1], [2, -1]]",MS,pressure_gradient_acceleration,29,0.3176584109150068,1.128733089089008,0.2814291651283002,0.06625595687186807,0.0,False,EVALUABLE,0.11198420874973891,EVALUABLE,EXPLORATORY_CONSUMED_DIAGNOSTIC_ONLY
mode_indices,"[[1, 1], [2, -1]]",MS,viscosity_laplacian_acceleration,29,0.00010196856901450173,0.00013016367234586017,0.7833873090454859,0.355778875651522,0.0,False,EVALUABLE,0.000658167982349713,EVALUABLE,EXPLORATORY_CONSUMED_DIAGNOSTIC_ONLY
mode_indices,"[[1, 1]]",SS,density_rate,72,0.004788981323793323,0.010505260017117653,0.4558650919625009,0.1676267431279284,0.0,False,EVALUABLE,0.06238676906488606,EVALUABLE,EXPLORATORY_CONSUMED_DIAGNOSTIC_ONLY
mode_indices,"[[1, 1]]",SS,pressure_gradient_acceleration,72,0.9123577040130816,1.3348772153099833,0.6834768722913704,0.46803424078605005,0.0,False,EVALUABLE,0.5986157183557665,EVALUABLE,EXPLORATORY_CONSUMED_DIAGNOSTIC_ONLY
mode_indices,"[[1, 1]]",SS,viscosity_laplacian_acceleration,72,9.402538557458125e-05,0.00013173096905453186,0.7137682676247386,0.29968487968595375,2.170138888888889e-05,False,EVALUABLE,0.00666979170430179,EVALUABLE,EXPLORATORY_CONSUMED_DIAGNOSTIC_ONLY
mode_indices,"[[1, 1]]",MS,density_rate,72,0.0001830022311323445,0.010505260017117653,0.017420057269801413,0.0028010982985480475,0.0,False,EVALUABLE,0.02314906443227525,EVALUABLE,EXPLORATORY_CONSUMED_DIAGNOSTIC_ONLY
mode_indices,"[[1, 1]]",MS,pressure_gradient_acceleration,72,0.9804774686342925,1.3348772153099833,0.7345076066839656,0.5122643845446162,5.425347222222222e-05,False,EVALUABLE,0.3454297724722432,EVALUABLE,EXPLORATORY_CONSUMED_DIAGNOSTIC_ONLY
mode_indices,"[[1, 1]]",MS,viscosity_laplacian_acceleration,72,3.5564394628302855e-05,0.00013173096905453186,0.2699774766978331,0.08822941717333474,6.510416666666667e-05,False,EVALUABLE,0.004089410240107633,EVALUABLE,EXPLORATORY_CONSUMED_DIAGNOSTIC_ONLY
mode_indices,"[[1, 2]]",SS,density_rate,72,0.0028143830078017334,0.017674273524390292,0.15923613516096816,0.2375222172122956,0.0,False,EVALUABLE,0.0435874106606611,EVALUABLE,EXPLORATORY_CONSUMED_DIAGNOSTIC_ONLY
mode_indices,"[[1, 2]]",SS,pressure_gradient_acceleration,72,2.4824878648774185,3.487389556994552,0.7118470203302546,0.7422208555684924,0.0,False,EVALUABLE,0.9733842277270947,EVALUABLE,EXPLORATORY_CONSUMED_DIAGNOSTIC_ONLY
mode_indices,"[[1, 2]]",SS,viscosity_laplacian_acceleration,72,0.00014806078484131527,0.000197207471921811,0.7507868915839991,0.5288615687553134,0.0,False,EVALUABLE,0.0019230765382444674,EVALUABLE,EXPLORATORY_CONSUMED_DIAGNOSTIC_ONLY
mode_indices,"[[1, 2]]",MS,density_rate,72,0.0008622861328219031,0.017674273524390292,0.048787642198246974,0.10426607300842484,0.0,False,EVALUABLE,0.006474093895920024,EVALUABLE,EXPLORATORY_CONSUMED_DIAGNOSTIC_ONLY
mode_indices,"[[1, 2]]",MS,pressure_gradient_acceleration,72,2.4087522940665163,3.487389556994552,0.6907035347500409,0.6991614484286633,0.0,False,EVALUABLE,0.6268736430484675,EVALUABLE,EXPLORATORY_CONSUMED_DIAGNOSTIC_ONLY
mode_indices,"[[1, 2]]",MS,viscosity_laplacian_acceleration,72,0.00012437504321895004,0.000197207471921811,0.6306811907627028,0.5009190555632694,0.0,False,EVALUABLE,0.0010421709675948257,EVALUABLE,EXPLORATORY_CONSUMED_DIAGNOSTIC_ONLY
mode_indices,"[[2, 0]]",SS,density_rate,28,0.003718451228222049,0.009662342309962824,0.38483952533827753,0.2820864061009409,0.0,False,EVALUABLE,0.0396704266854106,EVALUABLE,EXPLORATORY_CONSUMED_DIAGNOSTIC_ONLY
mode_indices,"[[2, 0]]",SS,pressure_gradient_acceleration,28,1.0569282431409937,1.377019895811334,0.7675475469570149,0.3015871517834727,0.001548549107142857,False,EVALUABLE,0.5685805514798841,EVALUABLE,EXPLORATORY_CONSUMED_DIAGNOSTIC_ONLY
mode_indices,"[[2, 0]]",SS,viscosity_laplacian_acceleration,28,6.234042606055025e-05,0.00012574962216190476,0.4957504045641258,0.34451438916068705,0.0,False,EVALUABLE,0.0021684055847757152,EVALUABLE,EXPLORATORY_CONSUMED_DIAGNOSTIC_ONLY
mode_indices,"[[2, 0]]",MS,density_rate,28,0.0017795164790604244,0.009662342309962824,0.18417029970316495,0.2110333332170653,0.0,False,EVALUABLE,0.003544676731094256,EVALUABLE,EXPLORATORY_CONSUMED_DIAGNOSTIC_ONLY
mode_indices,"[[2, 0]]",MS,pressure_gradient_acceleration,28,0.48868692614443077,1.377019895811334,0.354887338687651,0.29085472357781594,0.0008091517857142858,False,EVALUABLE,0.30559270444212827,EVALUABLE,EXPLORATORY_CONSUMED_DIAGNOSTIC_ONLY
mode_indices,"[[2, 0]]",MS,viscosity_laplacian_acceleration,28,5.598946584729319e-05,0.00012574962216190476,0.445245599030157,0.34529500962143683,0.0001674107142857143,False,EVALUABLE,0.0006797651701797146,EVALUABLE,EXPLORATORY_CONSUMED_DIAGNOSTIC_ONLY
mode_indices,"[[2, 1]]",SS,density_rate,60,0.00447982979580852,0.015539003745466391,0.28829581800670717,0.22917574028391796,0.0,False,EVALUABLE,0.03428828586160723,EVALUABLE,EXPLORATORY_CONSUMED_DIAGNOSTIC_ONLY
mode_indices,"[[2, 1]]",SS,pressure_gradient_acceleration,60,0.8574184443923621,2.2073357131911338,0.3884404348955134,0.3947776190076991,0.0,False,EVALUABLE,0.3375286379441603,EVALUABLE,EXPLORATORY_CONSUMED_DIAGNOSTIC_ONLY
mode_indices,"[[2, 1]]",SS,viscosity_laplacian_acceleration,60,0.00018221759164585468,0.00022081155797241945,0.8252176349782137,0.4190057091029874,0.0,False,EVALUABLE,0.004847421490867614,EVALUABLE,EXPLORATORY_CONSUMED_DIAGNOSTIC_ONLY
mode_indices,"[[2, 1]]",MS,density_rate,60,0.0003621192188227622,0.015539003745466391,0.023303889023671347,0.008548720191534851,0.0,False,EVALUABLE,0.012204949652269245,EVALUABLE,EXPLORATORY_CONSUMED_DIAGNOSTIC_ONLY
mode_indices,"[[2, 1]]",MS,pressure_gradient_acceleration,60,0.5272784485835492,2.2073357131911338,0.23887551197242468,0.1811978807133773,0.0,False,EVALUABLE,0.1848982086503979,EVALUABLE,EXPLORATORY_CONSUMED_DIAGNOSTIC_ONLY
mode_indices,"[[2, 1]]",MS,viscosity_laplacian_acceleration,60,0.0001514885495934802,0.00022081155797241945,0.6860535335401327,0.3828511358106496,0.0,False,EVALUABLE,0.00344043753654933,EVALUABLE,EXPLORATORY_CONSUMED_DIAGNOSTIC_ONLY
mode_indices,"[[3, 0]]",SS,density_rate,28,0.029467501372343986,0.057285886034300744,0.5143937435950611,0.29882739146902776,0.0,False,EVALUABLE,0.16218124552260174,EVALUABLE,EXPLORATORY_CONSUMED_DIAGNOSTIC_ONLY
mode_indices,"[[3, 0]]",SS,pressure_gradient_acceleration,28,1.86444606359005,4.631337427890858,0.40257184725128764,0.008509216545987125,0.002218191964285714,False,EVALUABLE,1.3991879462334806,EVALUABLE,EXPLORATORY_CONSUMED_DIAGNOSTIC_ONLY
mode_indices,"[[3, 0]]",SS,viscosity_laplacian_acceleration,28,0.0005813555180785185,0.0008457179288472904,0.6874106581504112,0.6369581932401597,0.0028738839285714288,False,EVALUABLE,0.015229058546526435,EVALUABLE,EXPLORATORY_CONSUMED_DIAGNOSTIC_ONLY
mode_indices,"[[3, 0]]",MS,density_rate,28,0.010404726300184164,0.057285886034300744,0.1816280941164842,0.022621171079058266,0.0,False,EVALUABLE,0.09473017387441847,EVALUABLE,EXPLORATORY_CONSUMED_DIAGNOSTIC_ONLY
mode_indices,"[[3, 0]]",MS,pressure_gradient_acceleration,28,1.8454611846656144,4.631337427890858,0.39847262554265017,0.001153298933460108,0.020089285714285716,False,EVALUABLE,0.5087582682343994,EVALUABLE,EXPLORATORY_CONSUMED_DIAGNOSTIC_ONLY
mode_indices,"[[3, 0]]",MS,viscosity_laplacian_acceleration,28,0.0007662463975519779,0.0008457179288472904,0.9060306887384642,1.4468288271625085,0.0,False,EVALUABLE,0.005184904843556955,EVALUABLE,EXPLORATORY_CONSUMED_DIAGNOSTIC_ONLY
