geometry,component,scope,scope_id,descriptor_near_quantile,target_far_quantile,descriptor_distance_threshold,target_disagreement_threshold,near_collision_rate,near_collision_count,legal_pair_count,comparison_population,interpretation,status,evidence_class
U0_SS,density_rate,OVERALL,ALL,0.1,0.9,7.743121034250964,0.016745125748645347,0.0,0,983040,FROZEN_K10_NEIGHBOURS_PLUS_FROZEN_K10_MATCHED_RANDOM_EDGES,PERSISTENT_OPERATIONAL_NEAR_COLLISION_EVIDENCE,EVALUABLE,EXPLORATORY_CONSUMED_DIAGNOSTIC_ONLY
U0_SS,density_rate,FOLD,FOLD_0,0.1,0.9,7.743121034250964,0.016745125748645347,0.0,0,189440,FROZEN_K10_NEIGHBOURS_PLUS_FROZEN_K10_MATCHED_RANDOM_EDGES,PERSISTENT_OPERATIONAL_NEAR_COLLISION_EVIDENCE,EVALUABLE,EXPLORATORY_CONSUMED_DIAGNOSTIC_ONLY
U0_SS,density_rate,FOLD,FOLD_1,0.1,0.9,7.743121034250964,0.016745125748645347,0.0,0,179200,FROZEN_K10_NEIGHBOURS_PLUS_FROZEN_K10_MATCHED_RANDOM_EDGES,PERSISTENT_OPERATIONAL_NEAR_COLLISION_EVIDENCE,EVALUABLE,EXPLORATORY_CONSUMED_DIAGNOSTIC_ONLY
U0_SS,density_rate,FOLD,FOLD_2,0.1,0.9,7.743121034250964,0.016745125748645347,0.0,0,158720,FROZEN_K10_NEIGHBOURS_PLUS_FROZEN_K10_MATCHED_RANDOM_EDGES,PERSISTENT_OPERATIONAL_NEAR_COLLISION_EVIDENCE,EVALUABLE,EXPLORATORY_CONSUMED_DIAGNOSTIC_ONLY
U0_SS,density_rate,FOLD,FOLD_3,0.1,0.9,7.743121034250964,0.016745125748645347,0.0,0,151040,FROZEN_K10_NEIGHBOURS_PLUS_FROZEN_K10_MATCHED_RANDOM_EDGES,PERSISTENT_OPERATIONAL_NEAR_COLLISION_EVIDENCE,EVALUABLE,EXPLORATORY_CONSUMED_DIAGNOSTIC_ONLY
U0_SS,density_rate,FOLD,FOLD_4,0.1,0.9,7.743121034250964,0.016745125748645347,0.0,0,151040,FROZEN_K10_NEIGHBOURS_PLUS_FROZEN_K10_MATCHED_RANDOM_EDGES,PERSISTENT_OPERATIONAL_NEAR_COLLISION_EVIDENCE,EVALUABLE,EXPLORATORY_CONSUMED_DIAGNOSTIC_ONLY
U0_SS,density_rate,FOLD,FOLD_5,0.1,0.9,7.743121034250964,0.016745125748645347,0.0,0,153600,FROZEN_K10_NEIGHBOURS_PLUS_FROZEN_K10_MATCHED_RANDOM_EDGES,PERSISTENT_OPERATIONAL_NEAR_COLLISION_EVIDENCE,EVALUABLE,EXPLORATORY_CONSUMED_DIAGNOSTIC_ONLY
U0_SS,density_rate,FAMILY,F1,0.1,0.9,7.743121034250964,0.016745125748645347,0.0,0,245760,FROZEN_K10_NEIGHBOURS_PLUS_FROZEN_K10_MATCHED_RANDOM_EDGES,PERSISTENT_OPERATIONAL_NEAR_COLLISION_EVIDENCE,EVALUABLE,EXPLORATORY_CONSUMED_DIAGNOSTIC_ONLY
U0_SS,density_rate,FAMILY,F2,0.1,0.9,7.743121034250964,0.016745125748645347,0.0,0,245760,FROZEN_K10_NEIGHBOURS_PLUS_FROZEN_K10_MATCHED_RANDOM_EDGES,PERSISTENT_OPERATIONAL_NEAR_COLLISION_EVIDENCE,EVALUABLE,EXPLORATORY_CONSUMED_DIAGNOSTIC_ONLY
U0_SS,density_rate,FAMILY,F3,0.1,0.9,7.743121034250964,0.016745125748645347,0.0,0,245760,FROZEN_K10_NEIGHBOURS_PLUS_FROZEN_K10_MATCHED_RANDOM_EDGES,PERSISTENT_OPERATIONAL_NEAR_COLLISION_EVIDENCE,EVALUABLE,EXPLORATORY_CONSUMED_DIAGNOSTIC_ONLY
U0_SS,density_rate,FAMILY,F4,0.1,0.9,7.743121034250964,0.016745125748645347,0.0,0,245760,FROZEN_K10_NEIGHBOURS_PLUS_FROZEN_K10_MATCHED_RANDOM_EDGES,PERSISTENT_OPERATIONAL_NEAR_COLLISION_EVIDENCE,EVALUABLE,EXPLORATORY_CONSUMED_DIAGNOSTIC_ONLY
U0_SS,density_rate,FAMILY_FOLD,F1|FOLD_0,0.1,0.9,7.743121034250964,0.016745125748645347,0.0,0,43520,FROZEN_K10_NEIGHBOURS_PLUS_FROZEN_K10_MATCHED_RANDOM_EDGES,PERSISTENT_OPERATIONAL_NEAR_COLLISION_EVIDENCE,EVALUABLE,EXPLORATORY_CONSUMED_DIAGNOSTIC_ONLY
U0_SS,density_rate,FAMILY_FOLD,F2|FOLD_0,0.1,0.9,7.743121034250964,0.016745125748645347,0.0,0,40960,FROZEN_K10_NEIGHBOURS_PLUS_FROZEN_K10_MATCHED_RANDOM_EDGES,PERSISTENT_OPERATIONAL_NEAR_COLLISION_EVIDENCE,EVALUABLE,EXPLORATORY_CONSUMED_DIAGNOSTIC_ONLY
U0_SS,density_rate,FAMILY_FOLD,F3|FOLD_0,0.1,0.9,7.743121034250964,0.016745125748645347,0.0,0,43520,FROZEN_K10_NEIGHBOURS_PLUS_FROZEN_K10_MATCHED_RANDOM_EDGES,PERSISTENT_OPERATIONAL_NEAR_COLLISION_EVIDENCE,EVALUABLE,EXPLORATORY_CONSUMED_DIAGNOSTIC_ONLY
U0_SS,density_rate,FAMILY_FOLD,F4|FOLD_0,0.1,0.9,7.743121034250964,0.016745125748645347,0.0,0,61440,FROZEN_K10_NEIGHBOURS_PLUS_FROZEN_K10_MATCHED_RANDOM_EDGES,PERSISTENT_OPERATIONAL_NEAR_COLLISION_EVIDENCE,EVALUABLE,EXPLORATORY_CONSUMED_DIAGNOSTIC_ONLY
U0_SS,density_rate,FAMILY_FOLD,F1|FOLD_1,0.1,0.9,7.743121034250964,0.016745125748645347,0.0,0,38400,FROZEN_K10_NEIGHBOURS_PLUS_FROZEN_K10_MATCHED_RANDOM_EDGES,PERSISTENT_OPERATIONAL_NEAR_COLLISION_EVIDENCE,EVALUABLE,EXPLORATORY_CONSUMED_DIAGNOSTIC_ONLY
U0_SS,density_rate,FAMILY_FOLD,F2|FOLD_1,0.1,0.9,7.743121034250964,0.016745125748645347,0.0,0,38400,FROZEN_K10_NEIGHBOURS_PLUS_FROZEN_K10_MATCHED_RANDOM_EDGES,PERSISTENT_OPERATIONAL_NEAR_COLLISION_EVIDENCE,EVALUABLE,EXPLORATORY_CONSUMED_DIAGNOSTIC_ONLY
U0_SS,density_rate,FAMILY_FOLD,F3|FOLD_1,0.1,0.9,7.743121034250964,0.016745125748645347,0.0,0,40960,FROZEN_K10_NEIGHBOURS_PLUS_FROZEN_K10_MATCHED_RANDOM_EDGES,PERSISTENT_OPERATIONAL_NEAR_COLLISION_EVIDENCE,EVALUABLE,EXPLORATORY_CONSUMED_DIAGNOSTIC_ONLY
U0_SS,density_rate,FAMILY_FOLD,F4|FOLD_1,0.1,0.9,7.743121034250964,0.016745125748645347,0.0,0,61440,FROZEN_K10_NEIGHBOURS_PLUS_FROZEN_K10_MATCHED_RANDOM_EDGES,PERSISTENT_OPERATIONAL_NEAR_COLLISION_EVIDENCE,EVALUABLE,EXPLORATORY_CONSUMED_DIAGNOSTIC_ONLY
U0_SS,density_rate,FAMILY_FOLD,F1|FOLD_2,0.1,0.9,7.743121034250964,0.016745125748645347,0.0,0,38400,FROZEN_K10_NEIGHBOURS_PLUS_FROZEN_K10_MATCHED_RANDOM_EDGES,PERSISTENT_OPERATIONAL_NEAR_COLLISION_EVIDENCE,EVALUABLE,EXPLORATORY_CONSUMED_DIAGNOSTIC_ONLY
U0_SS,density_rate,FAMILY_FOLD,F2|FOLD_2,0.1,0.9,7.743121034250964,0.016745125748645347,0.0,0,46080,FROZEN_K10_NEIGHBOURS_PLUS_FROZEN_K10_MATCHED_RANDOM_EDGES,PERSISTENT_OPERATIONAL_NEAR_COLLISION_EVIDENCE,EVALUABLE,EXPLORATORY_CONSUMED_DIAGNOSTIC_ONLY
U0_SS,density_rate,FAMILY_FOLD,F3|FOLD_2,0.1,0.9,7.743121034250964,0.016745125748645347,0.0,0,43520,FROZEN_K10_NEIGHBOURS_PLUS_FROZEN_K10_MATCHED_RANDOM_EDGES,PERSISTENT_OPERATIONAL_NEAR_COLLISION_EVIDENCE,EVALUABLE,EXPLORATORY_CONSUMED_DIAGNOSTIC_ONLY
U0_SS,density_rate,FAMILY_FOLD,F4|FOLD_2,0.1,0.9,7.743121034250964,0.016745125748645347,0.0,0,30720,FROZEN_K10_NEIGHBOURS_PLUS_FROZEN_K10_MATCHED_RANDOM_EDGES,PERSISTENT_OPERATIONAL_NEAR_COLLISION_EVIDENCE,EVALUABLE,EXPLORATORY_CONSUMED_DIAGNOSTIC_ONLY
U0_SS,density_rate,FAMILY_FOLD,F1|FOLD_3,0.1,0.9,7.743121034250964,0.016745125748645347,0.0,0,40960,FROZEN_K10_NEIGHBOURS_PLUS_FROZEN_K10_MATCHED_RANDOM_EDGES,PERSISTENT_OPERATIONAL_NEAR_COLLISION_EVIDENCE,EVALUABLE,EXPLORATORY_CONSUMED_DIAGNOSTIC_ONLY
U0_SS,density_rate,FAMILY_FOLD,F2|FOLD_3,0.1,0.9,7.743121034250964,0.016745125748645347,0.0,0,35840,FROZEN_K10_NEIGHBOURS_PLUS_FROZEN_K10_MATCHED_RANDOM_EDGES,PERSISTENT_OPERATIONAL_NEAR_COLLISION_EVIDENCE,EVALUABLE,EXPLORATORY_CONSUMED_DIAGNOSTIC_ONLY
U0_SS,density_rate,FAMILY_FOLD,F3|FOLD_3,0.1,0.9,7.743121034250964,0.016745125748645347,0.0,0,43520,FROZEN_K10_NEIGHBOURS_PLUS_FROZEN_K10_MATCHED_RANDOM_EDGES,PERSISTENT_OPERATIONAL_NEAR_COLLISION_EVIDENCE,EVALUABLE,EXPLORATORY_CONSUMED_DIAGNOSTIC_ONLY
U0_SS,density_rate,FAMILY_FOLD,F4|FOLD_3,0.1,0.9,7.743121034250964,0.016745125748645347,0.0,0,30720,FROZEN_K10_NEIGHBOURS_PLUS_FROZEN_K10_MATCHED_RANDOM_EDGES,PERSISTENT_OPERATIONAL_NEAR_COLLISION_EVIDENCE,EVALUABLE,EXPLORATORY_CONSUMED_DIAGNOSTIC_ONLY
U0_SS,density_rate,FAMILY_FOLD,F1|FOLD_4,0.1,0.9,7.743121034250964,0.016745125748645347,0.0,0,43520,FROZEN_K10_NEIGHBOURS_PLUS_FROZEN_K10_MATCHED_RANDOM_EDGES,PERSISTENT_OPERATIONAL_NEAR_COLLISION_EVIDENCE,EVALUABLE,EXPLORATORY_CONSUMED_DIAGNOSTIC_ONLY
U0_SS,density_rate,FAMILY_FOLD,F2|FOLD_4,0.1,0.9,7.743121034250964,0.016745125748645347,0.0,0,43520,FROZEN_K10_NEIGHBOURS_PLUS_FROZEN_K10_MATCHED_RANDOM_EDGES,PERSISTENT_OPERATIONAL_NEAR_COLLISION_EVIDENCE,EVALUABLE,EXPLORATORY_CONSUMED_DIAGNOSTIC_ONLY
U0_SS,density_rate,FAMILY_FOLD,F3|FOLD_4,0.1,0.9,7.743121034250964,0.016745125748645347,0.0,0,33280,FROZEN_K10_NEIGHBOURS_PLUS_FROZEN_K10_MATCHED_RANDOM_EDGES,PERSISTENT_OPERATIONAL_NEAR_COLLISION_EVIDENCE,EVALUABLE,EXPLORATORY_CONSUMED_DIAGNOSTIC_ONLY
U0_SS,density_rate,FAMILY_FOLD,F4|FOLD_4,0.1,0.9,7.743121034250964,0.016745125748645347,0.0,0,30720,FROZEN_K10_NEIGHBOURS_PLUS_FROZEN_K10_MATCHED_RANDOM_EDGES,PERSISTENT_OPERATIONAL_NEAR_COLLISION_EVIDENCE,EVALUABLE,EXPLORATORY_CONSUMED_DIAGNOSTIC_ONLY
U0_SS,density_rate,FAMILY_FOLD,F1|FOLD_5,0.1,0.9,7.743121034250964,0.016745125748645347,0.0,0,40960,FROZEN_K10_NEIGHBOURS_PLUS_FROZEN_K10_MATCHED_RANDOM_EDGES,PERSISTENT_OPERATIONAL_NEAR_COLLISION_EVIDENCE,EVALUABLE,EXPLORATORY_CONSUMED_DIAGNOSTIC_ONLY
U0_SS,density_rate,FAMILY_FOLD,F2|FOLD_5,0.1,0.9,7.743121034250964,0.016745125748645347,0.0,0,40960,FROZEN_K10_NEIGHBOURS_PLUS_FROZEN_K10_MATCHED_RANDOM_EDGES,PERSISTENT_OPERATIONAL_NEAR_COLLISION_EVIDENCE,EVALUABLE,EXPLORATORY_CONSUMED_DIAGNOSTIC_ONLY
U0_SS,density_rate,FAMILY_FOLD,F3|FOLD_5,0.1,0.9,7.743121034250964,0.016745125748645347,0.0,0,40960,FROZEN_K10_NEIGHBOURS_PLUS_FROZEN_K10_MATCHED_RANDOM_EDGES,PERSISTENT_OPERATIONAL_NEAR_COLLISION_EVIDENCE,EVALUABLE,EXPLORATORY_CONSUMED_DIAGNOSTIC_ONLY
U0_SS,density_rate,FAMILY_FOLD,F4|FOLD_5,0.1,0.9,7.743121034250964,0.016745125748645347,0.0,0,30720,FROZEN_K10_NEIGHBOURS_PLUS_FROZEN_K10_MATCHED_RANDOM_EDGES,PERSISTENT_OPERATIONAL_NEAR_COLLISION_EVIDENCE,EVALUABLE,EXPLORATORY_CONSUMED_DIAGNOSTIC_ONLY
U0_SS,density_rate,LINEAGE,HMSO01R_A|FIELD_LINEAGE|008a4638c8cb2247bc6cd62f75f3daa09b2e49ba7d73812777f0a31f466efb5e,0.1,0.9,7.743121034250964,0.016745125748645347,0.0,0,2560,FROZEN_K10_NEIGHBOURS_PLUS_FROZEN_K10_MATCHED_RANDOM_EDGES,PERSISTENT_OPERATIONAL_NEAR_COLLISION_EVIDENCE,EVALUABLE,EXPLORATORY_CONSUMED_DIAGNOSTIC_ONLY
U0_SS,density_rate,LINEAGE,HMSO01R_A|FIELD_LINEAGE|0183a54dead296f9ee3dee43dc4041188299c7e551f4c9c6bfbe94dc055e54ad,0.1,0.9,7.743121034250964,0.016745125748645347,0.0,0,5120,FROZEN_K10_NEIGHBOURS_PLUS_FROZEN_K10_MATCHED_RANDOM_EDGES,PERSISTENT_OPERATIONAL_NEAR_COLLISION_EVIDENCE,EVALUABLE,EXPLORATORY_CONSUMED_DIAGNOSTIC_ONLY
U0_SS,density_rate,LINEAGE,HMSO01R_A|FIELD_LINEAGE|0280053dfd6ee65fbd80522b2b04964154d57f31de1cc5d0449972791fa285ea,0.1,0.9,7.743121034250964,0.016745125748645347,0.0,0,2560,FROZEN_K10_NEIGHBOURS_PLUS_FROZEN_K10_MATCHED_RANDOM_EDGES,PERSISTENT_OPERATIONAL_NEAR_COLLISION_EVIDENCE,EVALUABLE,EXPLORATORY_CONSUMED_DIAGNOSTIC_ONLY
U0_SS,density_rate,LINEAGE,HMSO01R_A|FIELD_LINEAGE|02a8e9bf168ff7b6159072e41013ee435870f1006dfd3aa95840b1c132f5aafb,0.1,0.9,7.743121034250964,0.016745125748645347,0.0,0,2560,FROZEN_K10_NEIGHBOURS_PLUS_FROZEN_K10_MATCHED_RANDOM_EDGES,PERSISTENT_OPERATIONAL_NEAR_COLLISION_EVIDENCE,EVALUABLE,EXPLORATORY_CONSUMED_DIAGNOSTIC_ONLY
U0_SS,density_rate,LINEAGE,HMSO01R_A|FIELD_LINEAGE|0404a47ad84d3ab6d4cc0dbf7c8fea97f3bca817bfb6ce9e4a0d96e074c1229f,0.1,0.9,7.743121034250964,0.016745125748645347,0.0,0,2560,FROZEN_K10_NEIGHBOURS_PLUS_FROZEN_K10_MATCHED_RANDOM_EDGES,PERSISTENT_OPERATIONAL_NEAR_COLLISION_EVIDENCE,EVALUABLE,EXPLORATORY_CONSUMED_DIAGNOSTIC_ONLY
U0_SS,density_rate,LINEAGE,HMSO01R_A|FIELD_LINEAGE|04cc9f11103eaca809c304d2c5e7176a0ac510070bc43c67da76cab1f9c23ed7,0.1,0.9,7.743121034250964,0.016745125748645347,0.0,0,2560,FROZEN_K10_NEIGHBOURS_PLUS_FROZEN_K10_MATCHED_RANDOM_EDGES,PERSISTENT_OPERATIONAL_NEAR_COLLISION_EVIDENCE,EVALUABLE,EXPLORATORY_CONSUMED_DIAGNOSTIC_ONLY
U0_SS,density_rate,LINEAGE,HMSO01R_A|FIELD_LINEAGE|051eaa0f00871ac3de3987b76f15e88e4e718676447cf96853b1d9836e56f4a9,0.1,0.9,7.743121034250964,0.016745125748645347,0.0,0,5120,FROZEN_K10_NEIGHBOURS_PLUS_FROZEN_K10_MATCHED_RANDOM_EDGES,PERSISTENT_OPERATIONAL_NEAR_COLLISION_EVIDENCE,EVALUABLE,EXPLORATORY_CONSUMED_DIAGNOSTIC_ONLY
U0_SS,density_rate,LINEAGE,HMSO01R_A|FIELD_LINEAGE|05638fa6abec8d1f9d2070785cb5b62bc36d80415fcae04a6c6b1419139c3003,0.1,0.9,7.743121034250964,0.016745125748645347,0.0,0,5120,FROZEN_K10_NEIGHBOURS_PLUS_FROZEN_K10_MATCHED_RANDOM_EDGES,PERSISTENT_OPERATIONAL_NEAR_COLLISION_EVIDENCE,EVALUABLE,EXPLORATORY_CONSUMED_DIAGNOSTIC_ONLY
U0_SS,density_rate,LINEAGE,HMSO01R_A|FIELD_LINEAGE|065caad01d0036cc45e094366cffda53edef5d184f8c28ff280e81478dd5499f,0.1,0.9,7.743121034250964,0.016745125748645347,0.0,0,2560,FROZEN_K10_NEIGHBOURS_PLUS_FROZEN_K10_MATCHED_RANDOM_EDGES,PERSISTENT_OPERATIONAL_NEAR_COLLISION_EVIDENCE,EVALUABLE,EXPLORATORY_CONSUMED_DIAGNOSTIC_ONLY
U0_SS,density_rate,LINEAGE,HMSO01R_A|FIELD_LINEAGE|06c31c418b756da4f49834b1270295e826a9807f080171a34a3e7c250369709c,0.1,0.9,7.743121034250964,0.016745125748645347,0.0,0,30720,FROZEN_K10_NEIGHBOURS_PLUS_FROZEN_K10_MATCHED_RANDOM_EDGES,PERSISTENT_OPERATIONAL_NEAR_COLLISION_EVIDENCE,EVALUABLE,EXPLORATORY_CONSUMED_DIAGNOSTIC_ONLY
U0_SS,density_rate,LINEAGE,HMSO01R_A|FIELD_LINEAGE|06c5b0d79a6fc40df74bc047659e629ea096b0eb47ce7956bd3f7d012a8211c7,0.1,0.9,7.743121034250964,0.016745125748645347,0.0,0,7680,FROZEN_K10_NEIGHBOURS_PLUS_FROZEN_K10_MATCHED_RANDOM_EDGES,PERSISTENT_OPERATIONAL_NEAR_COLLISION_EVIDENCE,EVALUABLE,EXPLORATORY_CONSUMED_DIAGNOSTIC_ONLY
U0_SS,density_rate,LINEAGE,HMSO01R_A|FIELD_LINEAGE|07ef870a5e517a728f6e4939e44adb6e41abac7dca46a1a2247aeb449ae2b2b6,0.1,0.9,7.743121034250964,0.016745125748645347,0.0,0,5120,FROZEN_K10_NEIGHBOURS_PLUS_FROZEN_K10_MATCHED_RANDOM_EDGES,PERSISTENT_OPERATIONAL_NEAR_COLLISION_EVIDENCE,EVALUABLE,EXPLORATORY_CONSUMED_DIAGNOSTIC_ONLY
U0_SS,density_rate,LINEAGE,HMSO01R_A|FIELD_LINEAGE|092a3e161c8ce70f083c10130918ff7fb36de994b41e81b7dfb0e04366314a2c,0.1,0.9,7.743121034250964,0.016745125748645347,0.0,0,2560,FROZEN_K10_NEIGHBOURS_PLUS_FROZEN_K10_MATCHED_RANDOM_EDGES,PERSISTENT_OPERATIONAL_NEAR_COLLISION_EVIDENCE,EVALUABLE,EXPLORATORY_CONSUMED_DIAGNOSTIC_ONLY
U0_SS,density_rate,LINEAGE,HMSO01R_A|FIELD_LINEAGE|093dc802dc5954d756689fb97f687ee9b46c368f5fe625c807448d3bc43a1926,0.1,0.9,7.743121034250964,0.016745125748645347,0.0,0,2560,FROZEN_K10_NEIGHBOURS_PLUS_FROZEN_K10_MATCHED_RANDOM_EDGES,PERSISTENT_OPERATIONAL_NEAR_COLLISION_EVIDENCE,EVALUABLE,EXPLORATORY_CONSUMED_DIAGNOSTIC_ONLY
U0_SS,density_rate,LINEAGE,HMSO01R_A|FIELD_LINEAGE|0a252563daa08b1ab13bdaf89c42f5f5445076fcfec6feb203abcad9de8ed55a,0.1,0.9,7.743121034250964,0.016745125748645347,0.0,0,7680,FROZEN_K10_NEIGHBOURS_PLUS_FROZEN_K10_MATCHED_RANDOM_EDGES,PERSISTENT_OPERATIONAL_NEAR_COLLISION_EVIDENCE,EVALUABLE,EXPLORATORY_CONSUMED_DIAGNOSTIC_ONLY
U0_SS,density_rate,LINEAGE,HMSO01R_A|FIELD_LINEAGE|0ac3210ffe07941071125618f2e4ad4f522063f7735eb12854083a5cf3b96fca,0.1,0.9,7.743121034250964,0.016745125748645347,0.0,0,2560,FROZEN_K10_NEIGHBOURS_PLUS_FROZEN_K10_MATCHED_RANDOM_EDGES,PERSISTENT_OPERATIONAL_NEAR_COLLISION_EVIDENCE,EVALUABLE,EXPLORATORY_CONSUMED_DIAGNOSTIC_ONLY
U0_SS,density_rate,LINEAGE,HMSO01R_A|FIELD_LINEAGE|0af73c913450206e45697078b9ff423d2fbe56a236026748e22945b9fe394efb,0.1,0.9,7.743121034250964,0.016745125748645347,0.0,0,2560,FROZEN_K10_NEIGHBOURS_PLUS_FROZEN_K10_MATCHED_RANDOM_EDGES,PERSISTENT_OPERATIONAL_NEAR_COLLISION_EVIDENCE,EVALUABLE,EXPLORATORY_CONSUMED_DIAGNOSTIC_ONLY
U0_SS,density_rate,LINEAGE,HMSO01R_A|FIELD_LINEAGE|0d095ad04875a9db82a8c6062fc3703d3296558fc88db157a4ad79a6317e27a5,0.1,0.9,7.743121034250964,0.016745125748645347,0.0,0,5120,FROZEN_K10_NEIGHBOURS_PLUS_FROZEN_K10_MATCHED_RANDOM_EDGES,PERSISTENT_OPERATIONAL_NEAR_COLLISION_EVIDENCE,EVALUABLE,EXPLORATORY_CONSUMED_DIAGNOSTIC_ONLY
U0_SS,density_rate,LINEAGE,HMSO01R_A|FIELD_LINEAGE|0d9a0fc9b5f4f20cb32cc24ac6db7a1e45276ec79661381e7e476b453759d6b0,0.1,0.9,7.743121034250964,0.016745125748645347,0.0,0,2560,FROZEN_K10_NEIGHBOURS_PLUS_FROZEN_K10_MATCHED_RANDOM_EDGES,PERSISTENT_OPERATIONAL_NEAR_COLLISION_EVIDENCE,EVALUABLE,EXPLORATORY_CONSUMED_DIAGNOSTIC_ONLY
U0_SS,density_rate,LINEAGE,HMSO01R_A|FIELD_LINEAGE|0da6210822c1316c7a077be78ae0c871024433732125f17a7f978f92e0d637e1,0.1,0.9,7.743121034250964,0.016745125748645347,0.0,0,2560,FROZEN_K10_NEIGHBOURS_PLUS_FROZEN_K10_MATCHED_RANDOM_EDGES,PERSISTENT_OPERATIONAL_NEAR_COLLISION_EVIDENCE,EVALUABLE,EXPLORATORY_CONSUMED_DIAGNOSTIC_ONLY
U0_SS,density_rate,LINEAGE,HMSO01R_A|FIELD_LINEAGE|0ddf6cdd096735cc15f4456489e1d58f77aa80618dad5da96cca18e59be60b9c,0.1,0.9,7.743121034250964,0.016745125748645347,0.0,0,2560,FROZEN_K10_NEIGHBOURS_PLUS_FROZEN_K10_MATCHED_RANDOM_EDGES,PERSISTENT_OPERATIONAL_NEAR_COLLISION_EVIDENCE,EVALUABLE,EXPLORATORY_CONSUMED_DIAGNOSTIC_ONLY
U0_SS,density_rate,LINEAGE,HMSO01R_A|FIELD_LINEAGE|0e65acebdbaa92caa4bcb30c2a0feac4a5469aac1dd76780539181916f956f58,0.1,0.9,7.743121034250964,0.016745125748645347,0.0,0,2560,FROZEN_K10_NEIGHBOURS_PLUS_FROZEN_K10_MATCHED_RANDOM_EDGES,PERSISTENT_OPERATIONAL_NEAR_COLLISION_EVIDENCE,EVALUABLE,EXPLORATORY_CONSUMED_DIAGNOSTIC_ONLY
U0_SS,density_rate,LINEAGE,HMSO01R_A|FIELD_LINEAGE|0e85d8db167a222553e045c2d06d7055fe817db60fe9573c8fc78f52ed1f8615,0.1,0.9,7.743121034250964,0.016745125748645347,0.0,0,2560,FROZEN_K10_NEIGHBOURS_PLUS_FROZEN_K10_MATCHED_RANDOM_EDGES,PERSISTENT_OPERATIONAL_NEAR_COLLISION_EVIDENCE,EVALUABLE,EXPLORATORY_CONSUMED_DIAGNOSTIC_ONLY
U0_SS,density_rate,LINEAGE,HMSO01R_A|FIELD_LINEAGE|0f0f1b8e6d3d2de7f2739e4c27aed7f4a0fa84df148b19d95d7dbbf8ec12bea3,0.1,0.9,7.743121034250964,0.016745125748645347,0.0,0,2560,FROZEN_K10_NEIGHBOURS_PLUS_FROZEN_K10_MATCHED_RANDOM_EDGES,PERSISTENT_OPERATIONAL_NEAR_COLLISION_EVIDENCE,EVALUABLE,EXPLORATORY_CONSUMED_DIAGNOSTIC_ONLY
U0_SS,density_rate,LINEAGE,HMSO01R_A|FIELD_LINEAGE|0f49beb059c8327e240fa524ede4b5d0ddc16e0eb915fce826282146040c0e20,0.1,0.9,7.743121034250964,0.016745125748645347,0.0,0,5120,FROZEN_K10_NEIGHBOURS_PLUS_FROZEN_K10_MATCHED_RANDOM_EDGES,PERSISTENT_OPERATIONAL_NEAR_COLLISION_EVIDENCE,EVALUABLE,EXPLORATORY_CONSUMED_DIAGNOSTIC_ONLY
U0_SS,density_rate,LINEAGE,HMSO01R_A|FIELD_LINEAGE|0fdda9072ffc8d97ff7e0441813be2217cbf8a41c67bef8c56cb65c5e8c889e5,0.1,0.9,7.743121034250964,0.016745125748645347,0.0,0,2560,FROZEN_K10_NEIGHBOURS_PLUS_FROZEN_K10_MATCHED_RANDOM_EDGES,PERSISTENT_OPERATIONAL_NEAR_COLLISION_EVIDENCE,EVALUABLE,EXPLORATORY_CONSUMED_DIAGNOSTIC_ONLY
U0_SS,density_rate,LINEAGE,HMSO01R_A|FIELD_LINEAGE|1014832cdbdd8f9e416c91cfffc398c0221e1acf20617efe558f4efd66f3578a,0.1,0.9,7.743121034250964,0.016745125748645347,0.0,0,2560,FROZEN_K10_NEIGHBOURS_PLUS_FROZEN_K10_MATCHED_RANDOM_EDGES,PERSISTENT_OPERATIONAL_NEAR_COLLISION_EVIDENCE,EVALUABLE,EXPLORATORY_CONSUMED_DIAGNOSTIC_ONLY
U0_SS,density_rate,LINEAGE,HMSO01R_A|FIELD_LINEAGE|101e8ab2bfdfa561a79b7bef11d98c5487b65f400bdd7d35b17d61b9746e280e,0.1,0.9,7.743121034250964,0.016745125748645347,0.0,0,2560,FROZEN_K10_NEIGHBOURS_PLUS_FROZEN_K10_MATCHED_RANDOM_EDGES,PERSISTENT_OPERATIONAL_NEAR_COLLISION_EVIDENCE,EVALUABLE,EXPLORATORY_CONSUMED_DIAGNOSTIC_ONLY
U0_SS,density_rate,LINEAGE,HMSO01R_A|FIELD_LINEAGE|10ec2dec79c0538398e95e49cd33ade9183e905d4ea4b212dcd4e7ec34fc5546,0.1,0.9,7.743121034250964,0.016745125748645347,0.0,0,2560,FROZEN_K10_NEIGHBOURS_PLUS_FROZEN_K10_MATCHED_RANDOM_EDGES,PERSISTENT_OPERATIONAL_NEAR_COLLISION_EVIDENCE,EVALUABLE,EXPLORATORY_CONSUMED_DIAGNOSTIC_ONLY
U0_SS,density_rate,LINEAGE,HMSO01R_A|FIELD_LINEAGE|11fde86949c379fe2021d6c74cae47b21d76fdf394512bb275cf864fa8a207c8,0.1,0.9,7.743121034250964,0.016745125748645347,0.0,0,2560,FROZEN_K10_NEIGHBOURS_PLUS_FROZEN_K10_MATCHED_RANDOM_EDGES,PERSISTENT_OPERATIONAL_NEAR_COLLISION_EVIDENCE,EVALUABLE,EXPLORATORY_CONSUMED_DIAGNOSTIC_ONLY
U0_SS,density_rate,LINEAGE,HMSO01R_A|FIELD_LINEAGE|14fde0d6f8e15a741b90398f93d73484586c3eb3479f620760208e87c5b3db6c,0.1,0.9,7.743121034250964,0.016745125748645347,0.0,0,2560,FROZEN_K10_NEIGHBOURS_PLUS_FROZEN_K10_MATCHED_RANDOM_EDGES,PERSISTENT_OPERATIONAL_NEAR_COLLISION_EVIDENCE,EVALUABLE,EXPLORATORY_CONSUMED_DIAGNOSTIC_ONLY
U0_SS,density_rate,LINEAGE,HMSO01R_A|FIELD_LINEAGE|15651b29629c1bcfb68ed12ef597d6352232a9bc607eac6bb7e574563cec2b00,0.1,0.9,7.743121034250964,0.016745125748645347,0.0,0,5120,FROZEN_K10_NEIGHBOURS_PLUS_FROZEN_K10_MATCHED_RANDOM_EDGES,PERSISTENT_OPERATIONAL_NEAR_COLLISION_EVIDENCE,EVALUABLE,EXPLORATORY_CONSUMED_DIAGNOSTIC_ONLY
U0_SS,density_rate,LINEAGE,HMSO01R_A|FIELD_LINEAGE|16eb11153f438a544fbde5e29c9d4f0fc922c6cc49338ba6f7c68206ac580c7f,0.1,0.9,7.743121034250964,0.016745125748645347,0.0,0,2560,FROZEN_K10_NEIGHBOURS_PLUS_FROZEN_K10_MATCHED_RANDOM_EDGES,PERSISTENT_OPERATIONAL_NEAR_COLLISION_EVIDENCE,EVALUABLE,EXPLORATORY_CONSUMED_DIAGNOSTIC_ONLY
U0_SS,density_rate,LINEAGE,HMSO01R_A|FIELD_LINEAGE|17af857dc7e075f66db0acfe5114e05e0f490cc5340cc9cfe073ae813844b776,0.1,0.9,7.743121034250964,0.016745125748645347,0.0,0,2560,FROZEN_K10_NEIGHBOURS_PLUS_FROZEN_K10_MATCHED_RANDOM_EDGES,PERSISTENT_OPERATIONAL_NEAR_COLLISION_EVIDENCE,EVALUABLE,EXPLORATORY_CONSUMED_DIAGNOSTIC_ONLY
U0_SS,density_rate,LINEAGE,HMSO01R_A|FIELD_LINEAGE|191e9f46778b3758f1f78fde4f9e2a46913f5a82ffc9889aaa9e18e41d67ee0e,0.1,0.9,7.743121034250964,0.016745125748645347,0.0,0,2560,FROZEN_K10_NEIGHBOURS_PLUS_FROZEN_K10_MATCHED_RANDOM_EDGES,PERSISTENT_OPERATIONAL_NEAR_COLLISION_EVIDENCE,EVALUABLE,EXPLORATORY_CONSUMED_DIAGNOSTIC_ONLY
U0_SS,density_rate,LINEAGE,HMSO01R_A|FIELD_LINEAGE|197d7ec024c0036b09ad028c746809cfe1ed712ccbb40eead96390c6dfdd817b,0.1,0.9,7.743121034250964,0.016745125748645347,0.0,0,30720,FROZEN_K10_NEIGHBOURS_PLUS_FROZEN_K10_MATCHED_RANDOM_EDGES,PERSISTENT_OPERATIONAL_NEAR_COLLISION_EVIDENCE,EVALUABLE,EXPLORATORY_CONSUMED_DIAGNOSTIC_ONLY
U0_SS,density_rate,LINEAGE,HMSO01R_A|FIELD_LINEAGE|197ff926eb3d0f9ff98b06347687987d9933c0c4a0832b79258c496c53405132,0.1,0.9,7.743121034250964,0.016745125748645347,0.0,0,2560,FROZEN_K10_NEIGHBOURS_PLUS_FROZEN_K10_MATCHED_RANDOM_EDGES,PERSISTENT_OPERATIONAL_NEAR_COLLISION_EVIDENCE,EVALUABLE,EXPLORATORY_CONSUMED_DIAGNOSTIC_ONLY
U0_SS,density_rate,LINEAGE,HMSO01R_A|FIELD_LINEAGE|19bc9c15d585b69ea5a604b39577d278e2c7b171a2d899f0352dc2850b1dc0cb,0.1,0.9,7.743121034250964,0.016745125748645347,0.0,0,2560,FROZEN_K10_NEIGHBOURS_PLUS_FROZEN_K10_MATCHED_RANDOM_EDGES,PERSISTENT_OPERATIONAL_NEAR_COLLISION_EVIDENCE,EVALUABLE,EXPLORATORY_CONSUMED_DIAGNOSTIC_ONLY
U0_SS,density_rate,LINEAGE,HMSO01R_A|FIELD_LINEAGE|1a444bf8e4f5678b58a9ba1debf6e16323abf2899e40040f0bbc7e1608156e14,0.1,0.9,7.743121034250964,0.016745125748645347,0.0,0,2560,FROZEN_K10_NEIGHBOURS_PLUS_FROZEN_K10_MATCHED_RANDOM_EDGES,PERSISTENT_OPERATIONAL_NEAR_COLLISION_EVIDENCE,EVALUABLE,EXPLORATORY_CONSUMED_DIAGNOSTIC_ONLY
U0_SS,density_rate,LINEAGE,HMSO01R_A|FIELD_LINEAGE|1b6f0cb3de33bc6abdb0882404222836bd00a9ad3c6fe2c95af35a87f0fa1200,0.1,0.9,7.743121034250964,0.016745125748645347,0.0,0,2560,FROZEN_K10_NEIGHBOURS_PLUS_FROZEN_K10_MATCHED_RANDOM_EDGES,PERSISTENT_OPERATIONAL_NEAR_COLLISION_EVIDENCE,EVALUABLE,EXPLORATORY_CONSUMED_DIAGNOSTIC_ONLY
U0_SS,density_rate,LINEAGE,HMSO01R_A|FIELD_LINEAGE|1d03c9c9f560219b53c739310adfe296cf8afec50561d01ce15be76ae73c1479,0.1,0.9,7.743121034250964,0.016745125748645347,0.0,0,2560,FROZEN_K10_NEIGHBOURS_PLUS_FROZEN_K10_MATCHED_RANDOM_EDGES,PERSISTENT_OPERATIONAL_NEAR_COLLISION_EVIDENCE,EVALUABLE,EXPLORATORY_CONSUMED_DIAGNOSTIC_ONLY
U0_SS,density_rate,LINEAGE,HMSO01R_A|FIELD_LINEAGE|1e499d17b9c103b93706f70e5fa2f7497086b8d1dab61b6d4e57ae6874e328ff,0.1,0.9,7.743121034250964,0.016745125748645347,0.0,0,2560,FROZEN_K10_NEIGHBOURS_PLUS_FROZEN_K10_MATCHED_RANDOM_EDGES,PERSISTENT_OPERATIONAL_NEAR_COLLISION_EVIDENCE,EVALUABLE,EXPLORATORY_CONSUMED_DIAGNOSTIC_ONLY
U0_SS,density_rate,LINEAGE,HMSO01R_A|FIELD_LINEAGE|20bbc33e3ce141e2f7eb99de3d0702689581411faf36ef6782c9dd4ff7bd0899,0.1,0.9,7.743121034250964,0.016745125748645347,0.0,0,2560,FROZEN_K10_NEIGHBOURS_PLUS_FROZEN_K10_MATCHED_RANDOM_EDGES,PERSISTENT_OPERATIONAL_NEAR_COLLISION_EVIDENCE,EVALUABLE,EXPLORATORY_CONSUMED_DIAGNOSTIC_ONLY
U0_SS,density_rate,LINEAGE,HMSO01R_A|FIELD_LINEAGE|20fd9f4e76cc9e98a79b808be25ffb0cc4d95c0522637973fd5963586426d614,0.1,0.9,7.743121034250964,0.016745125748645347,0.0,0,2560,FROZEN_K10_NEIGHBOURS_PLUS_FROZEN_K10_MATCHED_RANDOM_EDGES,PERSISTENT_OPERATIONAL_NEAR_COLLISION_EVIDENCE,EVALUABLE,EXPLORATORY_CONSUMED_DIAGNOSTIC_ONLY
U0_SS,density_rate,LINEAGE,HMSO01R_A|FIELD_LINEAGE|21308456c1ed84c2854c7a093be1e48cf9af8d5768485e2a86892e0fd138af17,0.1,0.9,7.743121034250964,0.016745125748645347,0.0,0,2560,FROZEN_K10_NEIGHBOURS_PLUS_FROZEN_K10_MATCHED_RANDOM_EDGES,PERSISTENT_OPERATIONAL_NEAR_COLLISION_EVIDENCE,EVALUABLE,EXPLORATORY_CONSUMED_DIAGNOSTIC_ONLY
U0_SS,density_rate,LINEAGE,HMSO01R_A|FIELD_LINEAGE|21b79bdb11d90c0a9b01efce71ed9eec0d7fba61736210c4c1ab358a9c4e965a,0.1,0.9,7.743121034250964,0.016745125748645347,0.0,0,5120,FROZEN_K10_NEIGHBOURS_PLUS_FROZEN_K10_MATCHED_RANDOM_EDGES,PERSISTENT_OPERATIONAL_NEAR_COLLISION_EVIDENCE,EVALUABLE,EXPLORATORY_CONSUMED_DIAGNOSTIC_ONLY
U0_SS,density_rate,LINEAGE,HMSO01R_A|FIELD_LINEAGE|21dfb26365637485a590f4aa1b2a5297d551eab87745fb26abbdd41a0e1d8daa,0.1,0.9,7.743121034250964,0.016745125748645347,0.0,0,2560,FROZEN_K10_NEIGHBOURS_PLUS_FROZEN_K10_MATCHED_RANDOM_EDGES,PERSISTENT_OPERATIONAL_NEAR_COLLISION_EVIDENCE,EVALUABLE,EXPLORATORY_CONSUMED_DIAGNOSTIC_ONLY
U0_SS,density_rate,LINEAGE,HMSO01R_A|FIELD_LINEAGE|226b761343bde11d0f8531972b4efd2a54f34c441ce74b43268bfdfde41542ed,0.1,0.9,7.743121034250964,0.016745125748645347,0.0,0,2560,FROZEN_K10_NEIGHBOURS_PLUS_FROZEN_K10_MATCHED_RANDOM_EDGES,PERSISTENT_OPERATIONAL_NEAR_COLLISION_EVIDENCE,EVALUABLE,EXPLORATORY_CONSUMED_DIAGNOSTIC_ONLY
U0_SS,density_rate,LINEAGE,HMSO01R_A|FIELD_LINEAGE|292cdf1c570d6fb417a11eb6a7d4d830f9162a0bf0e09496e15edbaa84e1f3f4,0.1,0.9,7.743121034250964,0.016745125748645347,0.0,0,2560,FROZEN_K10_NEIGHBOURS_PLUS_FROZEN_K10_MATCHED_RANDOM_EDGES,PERSISTENT_OPERATIONAL_NEAR_COLLISION_EVIDENCE,EVALUABLE,EXPLORATORY_CONSUMED_DIAGNOSTIC_ONLY
U0_SS,density_rate,LINEAGE,HMSO01R_A|FIELD_LINEAGE|29dc93f9e64f8875b47eb06f84606bc0c4a0e9315877441085164bd7870ebc8e,0.1,0.9,7.743121034250964,0.016745125748645347,0.0,0,2560,FROZEN_K10_NEIGHBOURS_PLUS_FROZEN_K10_MATCHED_RANDOM_EDGES,PERSISTENT_OPERATIONAL_NEAR_COLLISION_EVIDENCE,EVALUABLE,EXPLORATORY_CONSUMED_DIAGNOSTIC_ONLY
U0_SS,density_rate,LINEAGE,HMSO01R_A|FIELD_LINEAGE|2bf67fa14447cc7892bedcae7ba79ef420cf3b1aa476bde75527a097c9a5c922,0.1,0.9,7.743121034250964,0.016745125748645347,0.0,0,5120,FROZEN_K10_NEIGHBOURS_PLUS_FROZEN_K10_MATCHED_RANDOM_EDGES,PERSISTENT_OPERATIONAL_NEAR_COLLISION_EVIDENCE,EVALUABLE,EXPLORATORY_CONSUMED_DIAGNOSTIC_ONLY
U0_SS,density_rate,LINEAGE,HMSO01R_A|FIELD_LINEAGE|2d885ab8e36e98def0f3a036fab45f57940afd290e12c42ece2cbbf2a0b7faed,0.1,0.9,7.743121034250964,0.016745125748645347,0.0,0,2560,FROZEN_K10_NEIGHBOURS_PLUS_FROZEN_K10_MATCHED_RANDOM_EDGES,PERSISTENT_OPERATIONAL_NEAR_COLLISION_EVIDENCE,EVALUABLE,EXPLORATORY_CONSUMED_DIAGNOSTIC_ONLY
U0_SS,density_rate,LINEAGE,HMSO01R_A|FIELD_LINEAGE|2e00a5aa730d3fe2629242ac9cb05445890c5ccd2cee3bc6b04bd3dcaa176cdc,0.1,0.9,7.743121034250964,0.016745125748645347,0.0,0,2560,FROZEN_K10_NEIGHBOURS_PLUS_FROZEN_K10_MATCHED_RANDOM_EDGES,PERSISTENT_OPERATIONAL_NEAR_COLLISION_EVIDENCE,EVALUABLE,EXPLORATORY_CONSUMED_DIAGNOSTIC_ONLY
U0_SS,density_rate,LINEAGE,HMSO01R_A|FIELD_LINEAGE|3264ae7008b91adb6f4b677f3ecc13cbe5ab1143b7f33ef501525d095e0b618c,0.1,0.9,7.743121034250964,0.016745125748645347,0.0,0,30720,FROZEN_K10_NEIGHBOURS_PLUS_FROZEN_K10_MATCHED_RANDOM_EDGES,PERSISTENT_OPERATIONAL_NEAR_COLLISION_EVIDENCE,EVALUABLE,EXPLORATORY_CONSUMED_DIAGNOSTIC_ONLY
U0_SS,density_rate,LINEAGE,HMSO01R_A|FIELD_LINEAGE|3283083498700d830b6f9393659c16097acacaf984f6c43b70c65438a233286d,0.1,0.9,7.743121034250964,0.016745125748645347,0.0,0,5120,FROZEN_K10_NEIGHBOURS_PLUS_FROZEN_K10_MATCHED_RANDOM_EDGES,PERSISTENT_OPERATIONAL_NEAR_COLLISION_EVIDENCE,EVALUABLE,EXPLORATORY_CONSUMED_DIAGNOSTIC_ONLY
U0_SS,density_rate,LINEAGE,HMSO01R_A|FIELD_LINEAGE|34168bb92814c253cb6b05f8022442aa6cab311b67f648a00b758da530873bc9,0.1,0.9,7.743121034250964,0.016745125748645347,0.0,0,2560,FROZEN_K10_NEIGHBOURS_PLUS_FROZEN_K10_MATCHED_RANDOM_EDGES,PERSISTENT_OPERATIONAL_NEAR_COLLISION_EVIDENCE,EVALUABLE,EXPLORATORY_CONSUMED_DIAGNOSTIC_ONLY
U0_SS,density_rate,LINEAGE,HMSO01R_A|FIELD_LINEAGE|34a4e80876c1805c1767ae4dec4e60fe92b927519de4d3f4fc98d8e491efa006,0.1,0.9,7.743121034250964,0.016745125748645347,0.0,0,2560,FROZEN_K10_NEIGHBOURS_PLUS_FROZEN_K10_MATCHED_RANDOM_EDGES,PERSISTENT_OPERATIONAL_NEAR_COLLISION_EVIDENCE,EVALUABLE,EXPLORATORY_CONSUMED_DIAGNOSTIC_ONLY
U0_SS,density_rate,LINEAGE,HMSO01R_A|FIELD_LINEAGE|367777ab46eb41f1d6390744a91dc4aea35bac8f23f02a2f5c6dee473916edbd,0.1,0.9,7.743121034250964,0.016745125748645347,0.0,0,2560,FROZEN_K10_NEIGHBOURS_PLUS_FROZEN_K10_MATCHED_RANDOM_EDGES,PERSISTENT_OPERATIONAL_NEAR_COLLISION_EVIDENCE,EVALUABLE,EXPLORATORY_CONSUMED_DIAGNOSTIC_ONLY
U0_SS,density_rate,LINEAGE,HMSO01R_A|FIELD_LINEAGE|381d8f63546be0384f86ba8b518abcf8c4d107fec707374fb03828151e0b75af,0.1,0.9,7.743121034250964,0.016745125748645347,0.0,0,2560,FROZEN_K10_NEIGHBOURS_PLUS_FROZEN_K10_MATCHED_RANDOM_EDGES,PERSISTENT_OPERATIONAL_NEAR_COLLISION_EVIDENCE,EVALUABLE,EXPLORATORY_CONSUMED_DIAGNOSTIC_ONLY
U0_SS,density_rate,LINEAGE,HMSO01R_A|FIELD_LINEAGE|38ed780ae9e2ceb725d12dc596e69f348d116c6ab5da75f5bae97744169a86db,0.1,0.9,7.743121034250964,0.016745125748645347,0.0,0,2560,FROZEN_K10_NEIGHBOURS_PLUS_FROZEN_K10_MATCHED_RANDOM_EDGES,PERSISTENT_OPERATIONAL_NEAR_COLLISION_EVIDENCE,EVALUABLE,EXPLORATORY_CONSUMED_DIAGNOSTIC_ONLY
U0_SS,density_rate,LINEAGE,HMSO01R_A|FIELD_LINEAGE|39a5eaeb1afddf9af00bec82f67fdf5414fc1d1e11076c2f86704fda2809ab87,0.1,0.9,7.743121034250964,0.016745125748645347,0.0,0,5120,FROZEN_K10_NEIGHBOURS_PLUS_FROZEN_K10_MATCHED_RANDOM_EDGES,PERSISTENT_OPERATIONAL_NEAR_COLLISION_EVIDENCE,EVALUABLE,EXPLORATORY_CONSUMED_DIAGNOSTIC_ONLY
U0_SS,density_rate,LINEAGE,HMSO01R_A|FIELD_LINEAGE|3c7ea9b77bf044ea3d9c6d199831fc605b20c1d7b4a9ad213eb80b5cab2c0296,0.1,0.9,7.743121034250964,0.016745125748645347,0.0,0,2560,FROZEN_K10_NEIGHBOURS_PLUS_FROZEN_K10_MATCHED_RANDOM_EDGES,PERSISTENT_OPERATIONAL_NEAR_COLLISION_EVIDENCE,EVALUABLE,EXPLORATORY_CONSUMED_DIAGNOSTIC_ONLY
U0_SS,density_rate,LINEAGE,HMSO01R_A|FIELD_LINEAGE|3d33238d426baab3f4ff1c525309d0c0b825fb99fca42c8d1a5482ea92f2f1a6,0.1,0.9,7.743121034250964,0.016745125748645347,0.0,0,5120,FROZEN_K10_NEIGHBOURS_PLUS_FROZEN_K10_MATCHED_RANDOM_EDGES,PERSISTENT_OPERATIONAL_NEAR_COLLISION_EVIDENCE,EVALUABLE,EXPLORATORY_CONSUMED_DIAGNOSTIC_ONLY
U0_SS,density_rate,LINEAGE,HMSO01R_A|FIELD_LINEAGE|3e17b326e03465aac98a6b656cd3125c19ada3cc77d6223ebd6e30804155ff56,0.1,0.9,7.743121034250964,0.016745125748645347,0.0,0,2560,FROZEN_K10_NEIGHBOURS_PLUS_FROZEN_K10_MATCHED_RANDOM_EDGES,PERSISTENT_OPERATIONAL_NEAR_COLLISION_EVIDENCE,EVALUABLE,EXPLORATORY_CONSUMED_DIAGNOSTIC_ONLY
U0_SS,density_rate,LINEAGE,HMSO01R_A|FIELD_LINEAGE|3e594f148c4f0181faaf58cc7906a2e9e8709c7be31e59cdc8bdd6b6b7c398a2,0.1,0.9,7.743121034250964,0.016745125748645347,0.0,0,2560,FROZEN_K10_NEIGHBOURS_PLUS_FROZEN_K10_MATCHED_RANDOM_EDGES,PERSISTENT_OPERATIONAL_NEAR_COLLISION_EVIDENCE,EVALUABLE,EXPLORATORY_CONSUMED_DIAGNOSTIC_ONLY
U0_SS,density_rate,LINEAGE,HMSO01R_A|FIELD_LINEAGE|40ad278dca26109101acf56cf89434c2db030106327c552c8aaad7f18589b1fc,0.1,0.9,7.743121034250964,0.016745125748645347,0.0,0,2560,FROZEN_K10_NEIGHBOURS_PLUS_FROZEN_K10_MATCHED_RANDOM_EDGES,PERSISTENT_OPERATIONAL_NEAR_COLLISION_EVIDENCE,EVALUABLE,EXPLORATORY_CONSUMED_DIAGNOSTIC_ONLY
U0_SS,density_rate,LINEAGE,HMSO01R_A|FIELD_LINEAGE|41b714ff189f53f826864cf9fac2bed83a6e097351a7033fcea23d658bf21b54,0.1,0.9,7.743121034250964,0.016745125748645347,0.0,0,2560,FROZEN_K10_NEIGHBOURS_PLUS_FROZEN_K10_MATCHED_RANDOM_EDGES,PERSISTENT_OPERATIONAL_NEAR_COLLISION_EVIDENCE,EVALUABLE,EXPLORATORY_CONSUMED_DIAGNOSTIC_ONLY
U0_SS,density_rate,LINEAGE,HMSO01R_A|FIELD_LINEAGE|41ec221cb0eeb1bbfd7efc4d5d4cd642cd62a71a09fd5ce2fc9fff0cbe48931c,0.1,0.9,7.743121034250964,0.016745125748645347,0.0,0,2560,FROZEN_K10_NEIGHBOURS_PLUS_FROZEN_K10_MATCHED_RANDOM_EDGES,PERSISTENT_OPERATIONAL_NEAR_COLLISION_EVIDENCE,EVALUABLE,EXPLORATORY_CONSUMED_DIAGNOSTIC_ONLY
U0_SS,density_rate,LINEAGE,HMSO01R_A|FIELD_LINEAGE|429c6019f8749d53e4581b918e84a928af92c02c8bd8516136f7bea7e94cf671,0.1,0.9,7.743121034250964,0.016745125748645347,0.0,0,2560,FROZEN_K10_NEIGHBOURS_PLUS_FROZEN_K10_MATCHED_RANDOM_EDGES,PERSISTENT_OPERATIONAL_NEAR_COLLISION_EVIDENCE,EVALUABLE,EXPLORATORY_CONSUMED_DIAGNOSTIC_ONLY
U0_SS,density_rate,LINEAGE,HMSO01R_A|FIELD_LINEAGE|42e50ef40056d389a76817004688f104ee3861e2ea394e0b7ded0e04dbc7e54e,0.1,0.9,7.743121034250964,0.016745125748645347,0.0,0,5120,FROZEN_K10_NEIGHBOURS_PLUS_FROZEN_K10_MATCHED_RANDOM_EDGES,PERSISTENT_OPERATIONAL_NEAR_COLLISION_EVIDENCE,EVALUABLE,EXPLORATORY_CONSUMED_DIAGNOSTIC_ONLY
U0_SS,density_rate,LINEAGE,HMSO01R_A|FIELD_LINEAGE|43048a070f7e90a4b3daec507e653fb282b428f5e4cf309a72c949e8f5226bf3,0.1,0.9,7.743121034250964,0.016745125748645347,0.0,0,2560,FROZEN_K10_NEIGHBOURS_PLUS_FROZEN_K10_MATCHED_RANDOM_EDGES,PERSISTENT_OPERATIONAL_NEAR_COLLISION_EVIDENCE,EVALUABLE,EXPLORATORY_CONSUMED_DIAGNOSTIC_ONLY
U0_SS,density_rate,LINEAGE,HMSO01R_A|FIELD_LINEAGE|4389c621e60229f631c944081b4adc544d96927c12f624ff90ee3e85668f651e,0.1,0.9,7.743121034250964,0.016745125748645347,0.0,0,2560,FROZEN_K10_NEIGHBOURS_PLUS_FROZEN_K10_MATCHED_RANDOM_EDGES,PERSISTENT_OPERATIONAL_NEAR_COLLISION_EVIDENCE,EVALUABLE,EXPLORATORY_CONSUMED_DIAGNOSTIC_ONLY
U0_SS,density_rate,LINEAGE,HMSO01R_A|FIELD_LINEAGE|440a69e5e6d8a6266c3153ff4cc4273aafca8ec71c677d3f24cfa0db89cae65c,0.1,0.9,7.743121034250964,0.016745125748645347,0.0,0,2560,FROZEN_K10_NEIGHBOURS_PLUS_FROZEN_K10_MATCHED_RANDOM_EDGES,PERSISTENT_OPERATIONAL_NEAR_COLLISION_EVIDENCE,EVALUABLE,EXPLORATORY_CONSUMED_DIAGNOSTIC_ONLY
U0_SS,density_rate,LINEAGE,HMSO01R_A|FIELD_LINEAGE|4666d705aea26a6f22073d7a13f6e76c36824d125314c031a782f73ac5ba6779,0.1,0.9,7.743121034250964,0.016745125748645347,0.0,0,5120,FROZEN_K10_NEIGHBOURS_PLUS_FROZEN_K10_MATCHED_RANDOM_EDGES,PERSISTENT_OPERATIONAL_NEAR_COLLISION_EVIDENCE,EVALUABLE,EXPLORATORY_CONSUMED_DIAGNOSTIC_ONLY
U0_SS,density_rate,LINEAGE,HMSO01R_A|FIELD_LINEAGE|46ad1db2ba1a448aa8fcf8fea69b4b772861af80c9b661f505a8c591ffdfe68c,0.1,0.9,7.743121034250964,0.016745125748645347,0.0,0,2560,FROZEN_K10_NEIGHBOURS_PLUS_FROZEN_K10_MATCHED_RANDOM_EDGES,PERSISTENT_OPERATIONAL_NEAR_COLLISION_EVIDENCE,EVALUABLE,EXPLORATORY_CONSUMED_DIAGNOSTIC_ONLY
U0_SS,density_rate,LINEAGE,HMSO01R_A|FIELD_LINEAGE|4729596698ed7c65dd5f082aea4dac27cd26c6550de18eb2382e9ca6f186b90b,0.1,0.9,7.743121034250964,0.016745125748645347,0.0,0,2560,FROZEN_K10_NEIGHBOURS_PLUS_FROZEN_K10_MATCHED_RANDOM_EDGES,PERSISTENT_OPERATIONAL_NEAR_COLLISION_EVIDENCE,EVALUABLE,EXPLORATORY_CONSUMED_DIAGNOSTIC_ONLY
U0_SS,density_rate,LINEAGE,HMSO01R_A|FIELD_LINEAGE|475ead0c3c732d8046f08c0918482fe4219c4fa643d2e948ba96c0bc2f6d887d,0.1,0.9,7.743121034250964,0.016745125748645347,0.0,0,2560,FROZEN_K10_NEIGHBOURS_PLUS_FROZEN_K10_MATCHED_RANDOM_EDGES,PERSISTENT_OPERATIONAL_NEAR_COLLISION_EVIDENCE,EVALUABLE,EXPLORATORY_CONSUMED_DIAGNOSTIC_ONLY
U0_SS,density_rate,LINEAGE,HMSO01R_A|FIELD_LINEAGE|49aae8e0ac8e4584d3624cd5459480c917c8157571a4f7ac9660003550146055,0.1,0.9,7.743121034250964,0.016745125748645347,0.0,0,2560,FROZEN_K10_NEIGHBOURS_PLUS_FROZEN_K10_MATCHED_RANDOM_EDGES,PERSISTENT_OPERATIONAL_NEAR_COLLISION_EVIDENCE,EVALUABLE,EXPLORATORY_CONSUMED_DIAGNOSTIC_ONLY
U0_SS,density_rate,LINEAGE,HMSO01R_A|FIELD_LINEAGE|4a864b01d23e69fbf80902fd3a728f366c9eb285ead51eb5724dfe25ca232031,0.1,0.9,7.743121034250964,0.016745125748645347,0.0,0,2560,FROZEN_K10_NEIGHBOURS_PLUS_FROZEN_K10_MATCHED_RANDOM_EDGES,PERSISTENT_OPERATIONAL_NEAR_COLLISION_EVIDENCE,EVALUABLE,EXPLORATORY_CONSUMED_DIAGNOSTIC_ONLY
U0_SS,density_rate,LINEAGE,HMSO01R_A|FIELD_LINEAGE|4c3bbd0a7d56407cf1ccc6d516e10bc822949b03124ef92a27e554a97f6ed1b2,0.1,0.9,7.743121034250964,0.016745125748645347,0.0,0,2560,FROZEN_K10_NEIGHBOURS_PLUS_FROZEN_K10_MATCHED_RANDOM_EDGES,PERSISTENT_OPERATIONAL_NEAR_COLLISION_EVIDENCE,EVALUABLE,EXPLORATORY_CONSUMED_DIAGNOSTIC_ONLY
U0_SS,density_rate,LINEAGE,HMSO01R_A|FIELD_LINEAGE|4cf69c455bf1f50d880646e37d5ce58645992adb18a995a52fdf89583dcd2384,0.1,0.9,7.743121034250964,0.016745125748645347,0.0,0,2560,FROZEN_K10_NEIGHBOURS_PLUS_FROZEN_K10_MATCHED_RANDOM_EDGES,PERSISTENT_OPERATIONAL_NEAR_COLLISION_EVIDENCE,EVALUABLE,EXPLORATORY_CONSUMED_DIAGNOSTIC_ONLY
U0_SS,density_rate,LINEAGE,HMSO01R_A|FIELD_LINEAGE|51aa7e7dbbb5aa6496f5ed0b95d8e85438067333a238c5e41877a3cd9ace3175,0.1,0.9,7.743121034250964,0.016745125748645347,0.0,0,2560,FROZEN_K10_NEIGHBOURS_PLUS_FROZEN_K10_MATCHED_RANDOM_EDGES,PERSISTENT_OPERATIONAL_NEAR_COLLISION_EVIDENCE,EVALUABLE,EXPLORATORY_CONSUMED_DIAGNOSTIC_ONLY
U0_SS,density_rate,LINEAGE,HMSO01R_A|FIELD_LINEAGE|541d56dfe6d37f091e41084f899b04aeee2814cee915608e406b47dce85c3c8b,0.1,0.9,7.743121034250964,0.016745125748645347,0.0,0,5120,FROZEN_K10_NEIGHBOURS_PLUS_FROZEN_K10_MATCHED_RANDOM_EDGES,PERSISTENT_OPERATIONAL_NEAR_COLLISION_EVIDENCE,EVALUABLE,EXPLORATORY_CONSUMED_DIAGNOSTIC_ONLY
U0_SS,density_rate,LINEAGE,HMSO01R_A|FIELD_LINEAGE|55cdcba2ab757796978976644840d2bce6b96e998f32047a71aff1f289ed6480,0.1,0.9,7.743121034250964,0.016745125748645347,0.0,0,2560,FROZEN_K10_NEIGHBOURS_PLUS_FROZEN_K10_MATCHED_RANDOM_EDGES,PERSISTENT_OPERATIONAL_NEAR_COLLISION_EVIDENCE,EVALUABLE,EXPLORATORY_CONSUMED_DIAGNOSTIC_ONLY
U0_SS,density_rate,LINEAGE,HMSO01R_A|FIELD_LINEAGE|56571c9b6d895bc0e855ce89225a188e41167fe16fc1aed7e4e19ab1ddaef9cb,0.1,0.9,7.743121034250964,0.016745125748645347,0.0,0,2560,FROZEN_K10_NEIGHBOURS_PLUS_FROZEN_K10_MATCHED_RANDOM_EDGES,PERSISTENT_OPERATIONAL_NEAR_COLLISION_EVIDENCE,EVALUABLE,EXPLORATORY_CONSUMED_DIAGNOSTIC_ONLY
U0_SS,density_rate,LINEAGE,HMSO01R_A|FIELD_LINEAGE|5717c014ee19e2404587fa3546273faef8d6d97d2a31a4b9e01b24770e476426,0.1,0.9,7.743121034250964,0.016745125748645347,0.0,0,2560,FROZEN_K10_NEIGHBOURS_PLUS_FROZEN_K10_MATCHED_RANDOM_EDGES,PERSISTENT_OPERATIONAL_NEAR_COLLISION_EVIDENCE,EVALUABLE,EXPLORATORY_CONSUMED_DIAGNOSTIC_ONLY
U0_SS,density_rate,LINEAGE,HMSO01R_A|FIELD_LINEAGE|5788e5f098ee24a0bfe3ef48cb7ba08a0bdbab2c319fd19eedc3c9eb4ac76f03,0.1,0.9,7.743121034250964,0.016745125748645347,0.0,0,2560,FROZEN_K10_NEIGHBOURS_PLUS_FROZEN_K10_MATCHED_RANDOM_EDGES,PERSISTENT_OPERATIONAL_NEAR_COLLISION_EVIDENCE,EVALUABLE,EXPLORATORY_CONSUMED_DIAGNOSTIC_ONLY
U0_SS,density_rate,LINEAGE,HMSO01R_A|FIELD_LINEAGE|5851badadb2dbcb7aa9bd12e7e1999f87fd380febbee831ba86fec2a8906fa0a,0.1,0.9,7.743121034250964,0.016745125748645347,0.0,0,5120,FROZEN_K10_NEIGHBOURS_PLUS_FROZEN_K10_MATCHED_RANDOM_EDGES,PERSISTENT_OPERATIONAL_NEAR_COLLISION_EVIDENCE,EVALUABLE,EXPLORATORY_CONSUMED_DIAGNOSTIC_ONLY
U0_SS,density_rate,LINEAGE,HMSO01R_A|FIELD_LINEAGE|5915fb95e293a089619d78d1366edf95fa145cc69452df6337d9252e862b1502,0.1,0.9,7.743121034250964,0.016745125748645347,0.0,0,2560,FROZEN_K10_NEIGHBOURS_PLUS_FROZEN_K10_MATCHED_RANDOM_EDGES,PERSISTENT_OPERATIONAL_NEAR_COLLISION_EVIDENCE,EVALUABLE,EXPLORATORY_CONSUMED_DIAGNOSTIC_ONLY
U0_SS,density_rate,LINEAGE,HMSO01R_A|FIELD_LINEAGE|5932ef4f3ff2f79b2fa4005d45fb593b78f4308c6edd18917a8552256cdfcf19,0.1,0.9,7.743121034250964,0.016745125748645347,0.0,0,2560,FROZEN_K10_NEIGHBOURS_PLUS_FROZEN_K10_MATCHED_RANDOM_EDGES,PERSISTENT_OPERATIONAL_NEAR_COLLISION_EVIDENCE,EVALUABLE,EXPLORATORY_CONSUMED_DIAGNOSTIC_ONLY
U0_SS,density_rate,LINEAGE,HMSO01R_A|FIELD_LINEAGE|59aef3f6a7aa33f774612e58955e925638af1b151b9e6b2d7127236b21c1a5a6,0.1,0.9,7.743121034250964,0.016745125748645347,0.0,0,2560,FROZEN_K10_NEIGHBOURS_PLUS_FROZEN_K10_MATCHED_RANDOM_EDGES,PERSISTENT_OPERATIONAL_NEAR_COLLISION_EVIDENCE,EVALUABLE,EXPLORATORY_CONSUMED_DIAGNOSTIC_ONLY
U0_SS,density_rate,LINEAGE,HMSO01R_A|FIELD_LINEAGE|5a0dbac6ae904f5529ad460639c41b1b383ca8809b93f779bcc31cb0fd08d08b,0.1,0.9,7.743121034250964,0.016745125748645347,0.0,0,2560,FROZEN_K10_NEIGHBOURS_PLUS_FROZEN_K10_MATCHED_RANDOM_EDGES,PERSISTENT_OPERATIONAL_NEAR_COLLISION_EVIDENCE,EVALUABLE,EXPLORATORY_CONSUMED_DIAGNOSTIC_ONLY
U0_SS,density_rate,LINEAGE,HMSO01R_A|FIELD_LINEAGE|5c056a7425c54539d868f52b6ae68a4c578195d4f6b5cb7d636be4eab2c2df8c,0.1,0.9,7.743121034250964,0.016745125748645347,0.0,0,5120,FROZEN_K10_NEIGHBOURS_PLUS_FROZEN_K10_MATCHED_RANDOM_EDGES,PERSISTENT_OPERATIONAL_NEAR_COLLISION_EVIDENCE,EVALUABLE,EXPLORATORY_CONSUMED_DIAGNOSTIC_ONLY
U0_SS,density_rate,LINEAGE,HMSO01R_A|FIELD_LINEAGE|5c07d2280b8a6c46f1c42b9f7878f3f5c5e2174c9419aaf05f2bb6b52ab2f5f6,0.1,0.9,7.743121034250964,0.016745125748645347,0.0,0,5120,FROZEN_K10_NEIGHBOURS_PLUS_FROZEN_K10_MATCHED_RANDOM_EDGES,PERSISTENT_OPERATIONAL_NEAR_COLLISION_EVIDENCE,EVALUABLE,EXPLORATORY_CONSUMED_DIAGNOSTIC_ONLY
U0_SS,density_rate,LINEAGE,HMSO01R_A|FIELD_LINEAGE|5cf76bdd12cdf0612bba343b6cf1b9e46ef0764cc183560f7b16acacca9460f1,0.1,0.9,7.743121034250964,0.016745125748645347,0.0,0,2560,FROZEN_K10_NEIGHBOURS_PLUS_FROZEN_K10_MATCHED_RANDOM_EDGES,PERSISTENT_OPERATIONAL_NEAR_COLLISION_EVIDENCE,EVALUABLE,EXPLORATORY_CONSUMED_DIAGNOSTIC_ONLY
U0_SS,density_rate,LINEAGE,HMSO01R_A|FIELD_LINEAGE|5d84595c43a38b585d7953f18ac50da686f8debb482b1cca6058cffe84d274b6,0.1,0.9,7.743121034250964,0.016745125748645347,0.0,0,30720,FROZEN_K10_NEIGHBOURS_PLUS_FROZEN_K10_MATCHED_RANDOM_EDGES,PERSISTENT_OPERATIONAL_NEAR_COLLISION_EVIDENCE,EVALUABLE,EXPLORATORY_CONSUMED_DIAGNOSTIC_ONLY
U0_SS,density_rate,LINEAGE,HMSO01R_A|FIELD_LINEAGE|5e2623db68536d2f4bee911245429597fdaee9006859890dec92aeaff707fe09,0.1,0.9,7.743121034250964,0.016745125748645347,0.0,0,5120,FROZEN_K10_NEIGHBOURS_PLUS_FROZEN_K10_MATCHED_RANDOM_EDGES,PERSISTENT_OPERATIONAL_NEAR_COLLISION_EVIDENCE,EVALUABLE,EXPLORATORY_CONSUMED_DIAGNOSTIC_ONLY
U0_SS,density_rate,LINEAGE,HMSO01R_A|FIELD_LINEAGE|61b0a8ee57598b36eed2786a9e3e1cafd7d1e5cb7b5052c92f6d5c1826bc6619,0.1,0.9,7.743121034250964,0.016745125748645347,0.0,0,5120,FROZEN_K10_NEIGHBOURS_PLUS_FROZEN_K10_MATCHED_RANDOM_EDGES,PERSISTENT_OPERATIONAL_NEAR_COLLISION_EVIDENCE,EVALUABLE,EXPLORATORY_CONSUMED_DIAGNOSTIC_ONLY
U0_SS,density_rate,LINEAGE,HMSO01R_A|FIELD_LINEAGE|61d4f5ea89fdb94c7fd8a7150c89f5910fdf9e6c5a71383e850b5a750c8fcf55,0.1,0.9,7.743121034250964,0.016745125748645347,0.0,0,5120,FROZEN_K10_NEIGHBOURS_PLUS_FROZEN_K10_MATCHED_RANDOM_EDGES,PERSISTENT_OPERATIONAL_NEAR_COLLISION_EVIDENCE,EVALUABLE,EXPLORATORY_CONSUMED_DIAGNOSTIC_ONLY
U0_SS,density_rate,LINEAGE,HMSO01R_A|FIELD_LINEAGE|6260b45ec31956360cb50305f8ad9fa70be57f53fb24bc0523fc70aeb48f57ae,0.1,0.9,7.743121034250964,0.016745125748645347,0.0,0,2560,FROZEN_K10_NEIGHBOURS_PLUS_FROZEN_K10_MATCHED_RANDOM_EDGES,PERSISTENT_OPERATIONAL_NEAR_COLLISION_EVIDENCE,EVALUABLE,EXPLORATORY_CONSUMED_DIAGNOSTIC_ONLY
U0_SS,density_rate,LINEAGE,HMSO01R_A|FIELD_LINEAGE|6359faeb0765247f7e12d6c9e8bbc8898fa74fca5c76c863a6009dffddbcb32e,0.1,0.9,7.743121034250964,0.016745125748645347,0.0,0,30720,FROZEN_K10_NEIGHBOURS_PLUS_FROZEN_K10_MATCHED_RANDOM_EDGES,PERSISTENT_OPERATIONAL_NEAR_COLLISION_EVIDENCE,EVALUABLE,EXPLORATORY_CONSUMED_DIAGNOSTIC_ONLY
U0_SS,density_rate,LINEAGE,HMSO01R_A|FIELD_LINEAGE|64cf1977fe8b52c7e0fc1798d4810be4243b09c0886573ce42439c1eaf431667,0.1,0.9,7.743121034250964,0.016745125748645347,0.0,0,5120,FROZEN_K10_NEIGHBOURS_PLUS_FROZEN_K10_MATCHED_RANDOM_EDGES,PERSISTENT_OPERATIONAL_NEAR_COLLISION_EVIDENCE,EVALUABLE,EXPLORATORY_CONSUMED_DIAGNOSTIC_ONLY
U0_SS,density_rate,LINEAGE,HMSO01R_A|FIELD_LINEAGE|66e31e43c39c0807b2398e5067c9aaab318a50b596f04344988d8e71103f4693,0.1,0.9,7.743121034250964,0.016745125748645347,0.0,0,2560,FROZEN_K10_NEIGHBOURS_PLUS_FROZEN_K10_MATCHED_RANDOM_EDGES,PERSISTENT_OPERATIONAL_NEAR_COLLISION_EVIDENCE,EVALUABLE,EXPLORATORY_CONSUMED_DIAGNOSTIC_ONLY
U0_SS,density_rate,LINEAGE,HMSO01R_A|FIELD_LINEAGE|6918def6b8a6923e67fc2a25f9ee5a59a177f2b6c9bf8dfd922cd28ef3b4c287,0.1,0.9,7.743121034250964,0.016745125748645347,0.0,0,5120,FROZEN_K10_NEIGHBOURS_PLUS_FROZEN_K10_MATCHED_RANDOM_EDGES,PERSISTENT_OPERATIONAL_NEAR_COLLISION_EVIDENCE,EVALUABLE,EXPLORATORY_CONSUMED_DIAGNOSTIC_ONLY
U0_SS,density_rate,LINEAGE,HMSO01R_A|FIELD_LINEAGE|6aba5ce17b9c02240405669069c0b485de9d3ce1714e3e85b0411d61ec7beb5e,0.1,0.9,7.743121034250964,0.016745125748645347,0.0,0,2560,FROZEN_K10_NEIGHBOURS_PLUS_FROZEN_K10_MATCHED_RANDOM_EDGES,PERSISTENT_OPERATIONAL_NEAR_COLLISION_EVIDENCE,EVALUABLE,EXPLORATORY_CONSUMED_DIAGNOSTIC_ONLY
U0_SS,density_rate,LINEAGE,HMSO01R_A|FIELD_LINEAGE|6ad90de4847db7d34a3540ed573a050180b363be817d3503c19045b1a2f0ed3c,0.1,0.9,7.743121034250964,0.016745125748645347,0.0,0,5120,FROZEN_K10_NEIGHBOURS_PLUS_FROZEN_K10_MATCHED_RANDOM_EDGES,PERSISTENT_OPERATIONAL_NEAR_COLLISION_EVIDENCE,EVALUABLE,EXPLORATORY_CONSUMED_DIAGNOSTIC_ONLY
U0_SS,density_rate,LINEAGE,HMSO01R_A|FIELD_LINEAGE|6af5032f0b166e8e3ff27ce0b5fdfb49cda87c61afe66a4eb6eb807e625daf8a,0.1,0.9,7.743121034250964,0.016745125748645347,0.0,0,2560,FROZEN_K10_NEIGHBOURS_PLUS_FROZEN_K10_MATCHED_RANDOM_EDGES,PERSISTENT_OPERATIONAL_NEAR_COLLISION_EVIDENCE,EVALUABLE,EXPLORATORY_CONSUMED_DIAGNOSTIC_ONLY
U0_SS,density_rate,LINEAGE,HMSO01R_A|FIELD_LINEAGE|6d1fc2b84d6da564ae936d907e04365ad5b63a9377b77c1faa05d68a9fe06d3c,0.1,0.9,7.743121034250964,0.016745125748645347,0.0,0,2560,FROZEN_K10_NEIGHBOURS_PLUS_FROZEN_K10_MATCHED_RANDOM_EDGES,PERSISTENT_OPERATIONAL_NEAR_COLLISION_EVIDENCE,EVALUABLE,EXPLORATORY_CONSUMED_DIAGNOSTIC_ONLY
U0_SS,density_rate,LINEAGE,HMSO01R_A|FIELD_LINEAGE|6d4353b03da9874056ea6f087e4493dcb629a7b8bd4a1eabce0a6b1b20255b6c,0.1,0.9,7.743121034250964,0.016745125748645347,0.0,0,2560,FROZEN_K10_NEIGHBOURS_PLUS_FROZEN_K10_MATCHED_RANDOM_EDGES,PERSISTENT_OPERATIONAL_NEAR_COLLISION_EVIDENCE,EVALUABLE,EXPLORATORY_CONSUMED_DIAGNOSTIC_ONLY
U0_SS,density_rate,LINEAGE,HMSO01R_A|FIELD_LINEAGE|70dd50135b0ce37b393c6eae858eae2988f95a40a860753345e473ce01dd9d91,0.1,0.9,7.743121034250964,0.016745125748645347,0.0,0,2560,FROZEN_K10_NEIGHBOURS_PLUS_FROZEN_K10_MATCHED_RANDOM_EDGES,PERSISTENT_OPERATIONAL_NEAR_COLLISION_EVIDENCE,EVALUABLE,EXPLORATORY_CONSUMED_DIAGNOSTIC_ONLY
U0_SS,density_rate,LINEAGE,HMSO01R_A|FIELD_LINEAGE|724fd3a44cb8ec4985e45f721837e7f4eeea1666b35a166345e025918455e304,0.1,0.9,7.743121034250964,0.016745125748645347,0.0,0,2560,FROZEN_K10_NEIGHBOURS_PLUS_FROZEN_K10_MATCHED_RANDOM_EDGES,PERSISTENT_OPERATIONAL_NEAR_COLLISION_EVIDENCE,EVALUABLE,EXPLORATORY_CONSUMED_DIAGNOSTIC_ONLY
U0_SS,density_rate,LINEAGE,HMSO01R_A|FIELD_LINEAGE|72bbc35959df916eca72e8fb7e723c361c09592753187c3754f344aae218c230,0.1,0.9,7.743121034250964,0.016745125748645347,0.0,0,2560,FROZEN_K10_NEIGHBOURS_PLUS_FROZEN_K10_MATCHED_RANDOM_EDGES,PERSISTENT_OPERATIONAL_NEAR_COLLISION_EVIDENCE,EVALUABLE,EXPLORATORY_CONSUMED_DIAGNOSTIC_ONLY
U0_SS,density_rate,LINEAGE,HMSO01R_A|FIELD_LINEAGE|73f5ee97e40c47c1aa5579bcf72cf190dfaf3aad2886cc887f3295530388016c,0.1,0.9,7.743121034250964,0.016745125748645347,0.0,0,2560,FROZEN_K10_NEIGHBOURS_PLUS_FROZEN_K10_MATCHED_RANDOM_EDGES,PERSISTENT_OPERATIONAL_NEAR_COLLISION_EVIDENCE,EVALUABLE,EXPLORATORY_CONSUMED_DIAGNOSTIC_ONLY
U0_SS,density_rate,LINEAGE,HMSO01R_A|FIELD_LINEAGE|75819144781d043ebbeb8c2d3fbfa9139c47542df53315ab71a80a7addb49109,0.1,0.9,7.743121034250964,0.016745125748645347,0.0,0,2560,FROZEN_K10_NEIGHBOURS_PLUS_FROZEN_K10_MATCHED_RANDOM_EDGES,PERSISTENT_OPERATIONAL_NEAR_COLLISION_EVIDENCE,EVALUABLE,EXPLORATORY_CONSUMED_DIAGNOSTIC_ONLY
U0_SS,density_rate,LINEAGE,HMSO01R_A|FIELD_LINEAGE|7583af7a3fd0bfbef70db28fd30d8a1112bd000451f8c0ebdcd0eabb3acf22a1,0.1,0.9,7.743121034250964,0.016745125748645347,0.0,0,2560,FROZEN_K10_NEIGHBOURS_PLUS_FROZEN_K10_MATCHED_RANDOM_EDGES,PERSISTENT_OPERATIONAL_NEAR_COLLISION_EVIDENCE,EVALUABLE,EXPLORATORY_CONSUMED_DIAGNOSTIC_ONLY
U0_SS,density_rate,LINEAGE,HMSO01R_A|FIELD_LINEAGE|788bb18808dd1be8d0fa3d7caafb9ed17441fce457a419d2bbaf861831d83a81,0.1,0.9,7.743121034250964,0.016745125748645347,0.0,0,2560,FROZEN_K10_NEIGHBOURS_PLUS_FROZEN_K10_MATCHED_RANDOM_EDGES,PERSISTENT_OPERATIONAL_NEAR_COLLISION_EVIDENCE,EVALUABLE,EXPLORATORY_CONSUMED_DIAGNOSTIC_ONLY
U0_SS,density_rate,LINEAGE,HMSO01R_A|FIELD_LINEAGE|7a0ba19f2cf324db5922acc61291c51f82b574717f73f269f12eae7bcc99ab35,0.1,0.9,7.743121034250964,0.016745125748645347,0.0,0,2560,FROZEN_K10_NEIGHBOURS_PLUS_FROZEN_K10_MATCHED_RANDOM_EDGES,PERSISTENT_OPERATIONAL_NEAR_COLLISION_EVIDENCE,EVALUABLE,EXPLORATORY_CONSUMED_DIAGNOSTIC_ONLY
U0_SS,density_rate,LINEAGE,HMSO01R_A|FIELD_LINEAGE|7a40ff07646995058d8981271562dfa4f2cc77b96f79dba59c7ae90f96586134,0.1,0.9,7.743121034250964,0.016745125748645347,0.0,0,30720,FROZEN_K10_NEIGHBOURS_PLUS_FROZEN_K10_MATCHED_RANDOM_EDGES,PERSISTENT_OPERATIONAL_NEAR_COLLISION_EVIDENCE,EVALUABLE,EXPLORATORY_CONSUMED_DIAGNOSTIC_ONLY
U0_SS,density_rate,LINEAGE,HMSO01R_A|FIELD_LINEAGE|7a536ab09e10cdf42c9afdd1f0f02ad4a5141ab50a8f50eb0b247ee08a4c67c0,0.1,0.9,7.743121034250964,0.016745125748645347,0.0,0,2560,FROZEN_K10_NEIGHBOURS_PLUS_FROZEN_K10_MATCHED_RANDOM_EDGES,PERSISTENT_OPERATIONAL_NEAR_COLLISION_EVIDENCE,EVALUABLE,EXPLORATORY_CONSUMED_DIAGNOSTIC_ONLY
U0_SS,density_rate,LINEAGE,HMSO01R_A|FIELD_LINEAGE|7b060c06cca73ad49fc21e32e1688bcbe34e5745a78029b452cbacf697a204be,0.1,0.9,7.743121034250964,0.016745125748645347,0.0,0,2560,FROZEN_K10_NEIGHBOURS_PLUS_FROZEN_K10_MATCHED_RANDOM_EDGES,PERSISTENT_OPERATIONAL_NEAR_COLLISION_EVIDENCE,EVALUABLE,EXPLORATORY_CONSUMED_DIAGNOSTIC_ONLY
U0_SS,density_rate,LINEAGE,HMSO01R_A|FIELD_LINEAGE|7be8c21ecd7eaebf293b54b94f1920e19f00da5d0e416aaa8f7c69137970c399,0.1,0.9,7.743121034250964,0.016745125748645347,0.0,0,2560,FROZEN_K10_NEIGHBOURS_PLUS_FROZEN_K10_MATCHED_RANDOM_EDGES,PERSISTENT_OPERATIONAL_NEAR_COLLISION_EVIDENCE,EVALUABLE,EXPLORATORY_CONSUMED_DIAGNOSTIC_ONLY
U0_SS,density_rate,LINEAGE,HMSO01R_A|FIELD_LINEAGE|7c009b8ab0dfadca9095462a890aab36eac46b48a3c131f7a908a8d37a21f707,0.1,0.9,7.743121034250964,0.016745125748645347,0.0,0,2560,FROZEN_K10_NEIGHBOURS_PLUS_FROZEN_K10_MATCHED_RANDOM_EDGES,PERSISTENT_OPERATIONAL_NEAR_COLLISION_EVIDENCE,EVALUABLE,EXPLORATORY_CONSUMED_DIAGNOSTIC_ONLY
U0_SS,density_rate,LINEAGE,HMSO01R_A|FIELD_LINEAGE|7cb12f064a9c8069fd15f2a86fa0ddd017328ca5cc4b0fc515bbfbdd4c6e6858,0.1,0.9,7.743121034250964,0.016745125748645347,0.0,0,5120,FROZEN_K10_NEIGHBOURS_PLUS_FROZEN_K10_MATCHED_RANDOM_EDGES,PERSISTENT_OPERATIONAL_NEAR_COLLISION_EVIDENCE,EVALUABLE,EXPLORATORY_CONSUMED_DIAGNOSTIC_ONLY
U0_SS,density_rate,LINEAGE,HMSO01R_A|FIELD_LINEAGE|7f5e5896e83ee81bc858adc8fff5befe2b2c76e1183ff21435261a6621560b2c,0.1,0.9,7.743121034250964,0.016745125748645347,0.0,0,5120,FROZEN_K10_NEIGHBOURS_PLUS_FROZEN_K10_MATCHED_RANDOM_EDGES,PERSISTENT_OPERATIONAL_NEAR_COLLISION_EVIDENCE,EVALUABLE,EXPLORATORY_CONSUMED_DIAGNOSTIC_ONLY
U0_SS,density_rate,LINEAGE,HMSO01R_A|FIELD_LINEAGE|7fcdfe3b32b571e4d4b1a4e7c1702d5dffaf41926d62628c6a434d692409d901,0.1,0.9,7.743121034250964,0.016745125748645347,0.0,0,2560,FROZEN_K10_NEIGHBOURS_PLUS_FROZEN_K10_MATCHED_RANDOM_EDGES,PERSISTENT_OPERATIONAL_NEAR_COLLISION_EVIDENCE,EVALUABLE,EXPLORATORY_CONSUMED_DIAGNOSTIC_ONLY
U0_SS,density_rate,LINEAGE,HMSO01R_A|FIELD_LINEAGE|7fd6bba4cc2991027e04cc510555a1b3e651423143c79ecd367c197fbfdf8786,0.1,0.9,7.743121034250964,0.016745125748645347,0.0,0,2560,FROZEN_K10_NEIGHBOURS_PLUS_FROZEN_K10_MATCHED_RANDOM_EDGES,PERSISTENT_OPERATIONAL_NEAR_COLLISION_EVIDENCE,EVALUABLE,EXPLORATORY_CONSUMED_DIAGNOSTIC_ONLY
U0_SS,density_rate,LINEAGE,HMSO01R_A|FIELD_LINEAGE|7fd9257249644666dfcbc65ef0f9aa8090d87f1c93f77579cc137a1fc016a884,0.1,0.9,7.743121034250964,0.016745125748645347,0.0,0,5120,FROZEN_K10_NEIGHBOURS_PLUS_FROZEN_K10_MATCHED_RANDOM_EDGES,PERSISTENT_OPERATIONAL_NEAR_COLLISION_EVIDENCE,EVALUABLE,EXPLORATORY_CONSUMED_DIAGNOSTIC_ONLY
U0_SS,density_rate,LINEAGE,HMSO01R_A|FIELD_LINEAGE|81c7292472bf739bf28836ff17c69dda49199278b75cd9c66130df6be7c143fb,0.1,0.9,7.743121034250964,0.016745125748645347,0.0,0,5120,FROZEN_K10_NEIGHBOURS_PLUS_FROZEN_K10_MATCHED_RANDOM_EDGES,PERSISTENT_OPERATIONAL_NEAR_COLLISION_EVIDENCE,EVALUABLE,EXPLORATORY_CONSUMED_DIAGNOSTIC_ONLY
U0_SS,density_rate,LINEAGE,HMSO01R_A|FIELD_LINEAGE|8319212c9598ce2f7cd195e20de66435ffdb6ab6aeedf4d663d53cb3966ebc0a,0.1,0.9,7.743121034250964,0.016745125748645347,0.0,0,2560,FROZEN_K10_NEIGHBOURS_PLUS_FROZEN_K10_MATCHED_RANDOM_EDGES,PERSISTENT_OPERATIONAL_NEAR_COLLISION_EVIDENCE,EVALUABLE,EXPLORATORY_CONSUMED_DIAGNOSTIC_ONLY
U0_SS,density_rate,LINEAGE,HMSO01R_A|FIELD_LINEAGE|83c68f311cba3e93368aeeec1e81f7eebc2d9d8bfb68a0ba32cbc3fe731f6155,0.1,0.9,7.743121034250964,0.016745125748645347,0.0,0,5120,FROZEN_K10_NEIGHBOURS_PLUS_FROZEN_K10_MATCHED_RANDOM_EDGES,PERSISTENT_OPERATIONAL_NEAR_COLLISION_EVIDENCE,EVALUABLE,EXPLORATORY_CONSUMED_DIAGNOSTIC_ONLY
U0_SS,density_rate,LINEAGE,HMSO01R_A|FIELD_LINEAGE|8573999ac09da70da8d1802997d1dd1b2879d7ff239af35fb1a185a39cc1f420,0.1,0.9,7.743121034250964,0.016745125748645347,0.0,0,7680,FROZEN_K10_NEIGHBOURS_PLUS_FROZEN_K10_MATCHED_RANDOM_EDGES,PERSISTENT_OPERATIONAL_NEAR_COLLISION_EVIDENCE,EVALUABLE,EXPLORATORY_CONSUMED_DIAGNOSTIC_ONLY
U0_SS,density_rate,LINEAGE,HMSO01R_A|FIELD_LINEAGE|86c895c14384dc9ce73736790948d3516d7de8be96dc834ec48d9a651e6b8e5e,0.1,0.9,7.743121034250964,0.016745125748645347,0.0,0,2560,FROZEN_K10_NEIGHBOURS_PLUS_FROZEN_K10_MATCHED_RANDOM_EDGES,PERSISTENT_OPERATIONAL_NEAR_COLLISION_EVIDENCE,EVALUABLE,EXPLORATORY_CONSUMED_DIAGNOSTIC_ONLY
U0_SS,density_rate,LINEAGE,HMSO01R_A|FIELD_LINEAGE|86f4c153dee170c8ee8f47b2eb988fa25bcda8c9a7b6fd68a3d7256dc3af0a1f,0.1,0.9,7.743121034250964,0.016745125748645347,0.0,0,2560,FROZEN_K10_NEIGHBOURS_PLUS_FROZEN_K10_MATCHED_RANDOM_EDGES,PERSISTENT_OPERATIONAL_NEAR_COLLISION_EVIDENCE,EVALUABLE,EXPLORATORY_CONSUMED_DIAGNOSTIC_ONLY
U0_SS,density_rate,LINEAGE,HMSO01R_A|FIELD_LINEAGE|87172e4156e9f066a6ea7ab3304062c939784ea4bd0f5f1cf466bbc2d6008cc6,0.1,0.9,7.743121034250964,0.016745125748645347,0.0,0,5120,FROZEN_K10_NEIGHBOURS_PLUS_FROZEN_K10_MATCHED_RANDOM_EDGES,PERSISTENT_OPERATIONAL_NEAR_COLLISION_EVIDENCE,EVALUABLE,EXPLORATORY_CONSUMED_DIAGNOSTIC_ONLY
U0_SS,density_rate,LINEAGE,HMSO01R_A|FIELD_LINEAGE|8788043b5775de130eade6a54c5654805d8ed31cc68fcfa8928c3b7150abef48,0.1,0.9,7.743121034250964,0.016745125748645347,0.0,0,2560,FROZEN_K10_NEIGHBOURS_PLUS_FROZEN_K10_MATCHED_RANDOM_EDGES,PERSISTENT_OPERATIONAL_NEAR_COLLISION_EVIDENCE,EVALUABLE,EXPLORATORY_CONSUMED_DIAGNOSTIC_ONLY
U0_SS,density_rate,LINEAGE,HMSO01R_A|FIELD_LINEAGE|88fd5f86ca9cc426c28ce681d06ea15f58c6c7889170fcda146bde128f6121e4,0.1,0.9,7.743121034250964,0.016745125748645347,0.0,0,5120,FROZEN_K10_NEIGHBOURS_PLUS_FROZEN_K10_MATCHED_RANDOM_EDGES,PERSISTENT_OPERATIONAL_NEAR_COLLISION_EVIDENCE,EVALUABLE,EXPLORATORY_CONSUMED_DIAGNOSTIC_ONLY
U0_SS,density_rate,LINEAGE,HMSO01R_A|FIELD_LINEAGE|8a6dd2252f8c5f8f08c3ba5ae9cf89d97575348634ba471a1a84e7de612ac6f3,0.1,0.9,7.743121034250964,0.016745125748645347,0.0,0,2560,FROZEN_K10_NEIGHBOURS_PLUS_FROZEN_K10_MATCHED_RANDOM_EDGES,PERSISTENT_OPERATIONAL_NEAR_COLLISION_EVIDENCE,EVALUABLE,EXPLORATORY_CONSUMED_DIAGNOSTIC_ONLY
U0_SS,density_rate,LINEAGE,HMSO01R_A|FIELD_LINEAGE|8af782533dccfef4a682f44ff365b7014ae448a56bd62c92877bbd37640adb31,0.1,0.9,7.743121034250964,0.016745125748645347,0.0,0,30720,FROZEN_K10_NEIGHBOURS_PLUS_FROZEN_K10_MATCHED_RANDOM_EDGES,PERSISTENT_OPERATIONAL_NEAR_COLLISION_EVIDENCE,EVALUABLE,EXPLORATORY_CONSUMED_DIAGNOSTIC_ONLY
U0_SS,density_rate,LINEAGE,HMSO01R_A|FIELD_LINEAGE|8d1e4918227588e163eea87a946c88983d6e03486114766be90d0602757fb4c2,0.1,0.9,7.743121034250964,0.016745125748645347,0.0,0,2560,FROZEN_K10_NEIGHBOURS_PLUS_FROZEN_K10_MATCHED_RANDOM_EDGES,PERSISTENT_OPERATIONAL_NEAR_COLLISION_EVIDENCE,EVALUABLE,EXPLORATORY_CONSUMED_DIAGNOSTIC_ONLY
U0_SS,density_rate,LINEAGE,HMSO01R_A|FIELD_LINEAGE|8e3408f57249bc00fdafb475f758686e9ee7a95dad97ecf63f9b3a27f383de5d,0.1,0.9,7.743121034250964,0.016745125748645347,0.0,0,2560,FROZEN_K10_NEIGHBOURS_PLUS_FROZEN_K10_MATCHED_RANDOM_EDGES,PERSISTENT_OPERATIONAL_NEAR_COLLISION_EVIDENCE,EVALUABLE,EXPLORATORY_CONSUMED_DIAGNOSTIC_ONLY
U0_SS,density_rate,LINEAGE,HMSO01R_A|FIELD_LINEAGE|8e40e60ae6de8d393e4f96f7c0cdfd3570298138a8d1d44c6db1dc858b71a31e,0.1,0.9,7.743121034250964,0.016745125748645347,0.0,0,5120,FROZEN_K10_NEIGHBOURS_PLUS_FROZEN_K10_MATCHED_RANDOM_EDGES,PERSISTENT_OPERATIONAL_NEAR_COLLISION_EVIDENCE,EVALUABLE,EXPLORATORY_CONSUMED_DIAGNOSTIC_ONLY
U0_SS,density_rate,LINEAGE,HMSO01R_A|FIELD_LINEAGE|8fbd2d8c6238dbc0e3f8ebbea9ee429eb1cbd0b7ebf5580cffb8e79372f4cf04,0.1,0.9,7.743121034250964,0.016745125748645347,0.0,0,2560,FROZEN_K10_NEIGHBOURS_PLUS_FROZEN_K10_MATCHED_RANDOM_EDGES,PERSISTENT_OPERATIONAL_NEAR_COLLISION_EVIDENCE,EVALUABLE,EXPLORATORY_CONSUMED_DIAGNOSTIC_ONLY
U0_SS,density_rate,LINEAGE,HMSO01R_A|FIELD_LINEAGE|9035657b1a9729d4b57919992bee8d9ea960c2a587c8d3877d9c920d8fa2a77c,0.1,0.9,7.743121034250964,0.016745125748645347,0.0,0,2560,FROZEN_K10_NEIGHBOURS_PLUS_FROZEN_K10_MATCHED_RANDOM_EDGES,PERSISTENT_OPERATIONAL_NEAR_COLLISION_EVIDENCE,EVALUABLE,EXPLORATORY_CONSUMED_DIAGNOSTIC_ONLY
U0_SS,density_rate,LINEAGE,HMSO01R_A|FIELD_LINEAGE|9239a350bed02b809dafe66125991e7de2c0c1c20b38f7689dc19527329619d6,0.1,0.9,7.743121034250964,0.016745125748645347,0.0,0,2560,FROZEN_K10_NEIGHBOURS_PLUS_FROZEN_K10_MATCHED_RANDOM_EDGES,PERSISTENT_OPERATIONAL_NEAR_COLLISION_EVIDENCE,EVALUABLE,EXPLORATORY_CONSUMED_DIAGNOSTIC_ONLY
U0_SS,density_rate,LINEAGE,HMSO01R_A|FIELD_LINEAGE|9415b727187c332c72260d653b657bcbe590635140818a0978bae1e8dcd4568b,0.1,0.9,7.743121034250964,0.016745125748645347,0.0,0,2560,FROZEN_K10_NEIGHBOURS_PLUS_FROZEN_K10_MATCHED_RANDOM_EDGES,PERSISTENT_OPERATIONAL_NEAR_COLLISION_EVIDENCE,EVALUABLE,EXPLORATORY_CONSUMED_DIAGNOSTIC_ONLY
U0_SS,density_rate,LINEAGE,HMSO01R_A|FIELD_LINEAGE|95873981d02cb2a4e333122aa57c7927c33fccc49c0b93590a6b549f6bec57f1,0.1,0.9,7.743121034250964,0.016745125748645347,0.0,0,2560,FROZEN_K10_NEIGHBOURS_PLUS_FROZEN_K10_MATCHED_RANDOM_EDGES,PERSISTENT_OPERATIONAL_NEAR_COLLISION_EVIDENCE,EVALUABLE,EXPLORATORY_CONSUMED_DIAGNOSTIC_ONLY
U0_SS,density_rate,LINEAGE,HMSO01R_A|FIELD_LINEAGE|970bbd18dffee12c05308155c993436bfc58e77384e4967420f4e2e03156c88b,0.1,0.9,7.743121034250964,0.016745125748645347,0.0,0,5120,FROZEN_K10_NEIGHBOURS_PLUS_FROZEN_K10_MATCHED_RANDOM_EDGES,PERSISTENT_OPERATIONAL_NEAR_COLLISION_EVIDENCE,EVALUABLE,EXPLORATORY_CONSUMED_DIAGNOSTIC_ONLY
U0_SS,density_rate,LINEAGE,HMSO01R_A|FIELD_LINEAGE|97c8122849aa3cb13b599389c011f78352d49decd5677988d0a2a6da7c39f700,0.1,0.9,7.743121034250964,0.016745125748645347,0.0,0,5120,FROZEN_K10_NEIGHBOURS_PLUS_FROZEN_K10_MATCHED_RANDOM_EDGES,PERSISTENT_OPERATIONAL_NEAR_COLLISION_EVIDENCE,EVALUABLE,EXPLORATORY_CONSUMED_DIAGNOSTIC_ONLY
U0_SS,density_rate,LINEAGE,HMSO01R_A|FIELD_LINEAGE|97fbdfbd64658c72d9a31f61eea2acf4543cf9ba5532a2ed052d1358412ef553,0.1,0.9,7.743121034250964,0.016745125748645347,0.0,0,2560,FROZEN_K10_NEIGHBOURS_PLUS_FROZEN_K10_MATCHED_RANDOM_EDGES,PERSISTENT_OPERATIONAL_NEAR_COLLISION_EVIDENCE,EVALUABLE,EXPLORATORY_CONSUMED_DIAGNOSTIC_ONLY
U0_SS,density_rate,LINEAGE,HMSO01R_A|FIELD_LINEAGE|98ef721075a1ebd7c92edcbcf7747aac6c3d77c4f9c29f15e5d83577ad6d7f6b,0.1,0.9,7.743121034250964,0.016745125748645347,0.0,0,2560,FROZEN_K10_NEIGHBOURS_PLUS_FROZEN_K10_MATCHED_RANDOM_EDGES,PERSISTENT_OPERATIONAL_NEAR_COLLISION_EVIDENCE,EVALUABLE,EXPLORATORY_CONSUMED_DIAGNOSTIC_ONLY
U0_SS,density_rate,LINEAGE,HMSO01R_A|FIELD_LINEAGE|99c13161db8958c19a30a96b96a6940cece539d1c84e808e21dfa37710ec6894,0.1,0.9,7.743121034250964,0.016745125748645347,0.0,0,5120,FROZEN_K10_NEIGHBOURS_PLUS_FROZEN_K10_MATCHED_RANDOM_EDGES,PERSISTENT_OPERATIONAL_NEAR_COLLISION_EVIDENCE,EVALUABLE,EXPLORATORY_CONSUMED_DIAGNOSTIC_ONLY
U0_SS,density_rate,LINEAGE,HMSO01R_A|FIELD_LINEAGE|9a24c02f87d28fecb69b79ddff22c8eb176badf445e6b5b8234aa2a46b73c349,0.1,0.9,7.743121034250964,0.016745125748645347,0.0,0,2560,FROZEN_K10_NEIGHBOURS_PLUS_FROZEN_K10_MATCHED_RANDOM_EDGES,PERSISTENT_OPERATIONAL_NEAR_COLLISION_EVIDENCE,EVALUABLE,EXPLORATORY_CONSUMED_DIAGNOSTIC_ONLY
U0_SS,density_rate,LINEAGE,HMSO01R_A|FIELD_LINEAGE|9aaa52aa8afb4f9adfe0d0e7ddb5e3e8101852fdd6ef0a635cf3875b473d16a7,0.1,0.9,7.743121034250964,0.016745125748645347,0.0,0,2560,FROZEN_K10_NEIGHBOURS_PLUS_FROZEN_K10_MATCHED_RANDOM_EDGES,PERSISTENT_OPERATIONAL_NEAR_COLLISION_EVIDENCE,EVALUABLE,EXPLORATORY_CONSUMED_DIAGNOSTIC_ONLY
U0_SS,density_rate,LINEAGE,HMSO01R_A|FIELD_LINEAGE|9c004dbe18905f4181f1a701e81649fc67e98b969674994e8f64827f6fb4c765,0.1,0.9,7.743121034250964,0.016745125748645347,0.0,0,5120,FROZEN_K10_NEIGHBOURS_PLUS_FROZEN_K10_MATCHED_RANDOM_EDGES,PERSISTENT_OPERATIONAL_NEAR_COLLISION_EVIDENCE,EVALUABLE,EXPLORATORY_CONSUMED_DIAGNOSTIC_ONLY
U0_SS,density_rate,LINEAGE,HMSO01R_A|FIELD_LINEAGE|9c5f7b50a01e8dafcf4be2d7df61fd0da86b2229fe32286852ed3ad88cce82f1,0.1,0.9,7.743121034250964,0.016745125748645347,0.0,0,2560,FROZEN_K10_NEIGHBOURS_PLUS_FROZEN_K10_MATCHED_RANDOM_EDGES,PERSISTENT_OPERATIONAL_NEAR_COLLISION_EVIDENCE,EVALUABLE,EXPLORATORY_CONSUMED_DIAGNOSTIC_ONLY
U0_SS,density_rate,LINEAGE,HMSO01R_A|FIELD_LINEAGE|9f471cc2328d66ccf0ca43f62bf5e261a867f85eeac6edc5a472072ca388bff6,0.1,0.9,7.743121034250964,0.016745125748645347,0.0,0,5120,FROZEN_K10_NEIGHBOURS_PLUS_FROZEN_K10_MATCHED_RANDOM_EDGES,PERSISTENT_OPERATIONAL_NEAR_COLLISION_EVIDENCE,EVALUABLE,EXPLORATORY_CONSUMED_DIAGNOSTIC_ONLY
U0_SS,density_rate,LINEAGE,HMSO01R_A|FIELD_LINEAGE|9ff02fac76e3803bb8391cba4035dfa7a72d5220975092d818302f10f07c08e9,0.1,0.9,7.743121034250964,0.016745125748645347,0.0,0,2560,FROZEN_K10_NEIGHBOURS_PLUS_FROZEN_K10_MATCHED_RANDOM_EDGES,PERSISTENT_OPERATIONAL_NEAR_COLLISION_EVIDENCE,EVALUABLE,EXPLORATORY_CONSUMED_DIAGNOSTIC_ONLY
U0_SS,density_rate,LINEAGE,HMSO01R_A|FIELD_LINEAGE|a1c0a919ad122615714cbb9f6b50981061d4f68fe06b618c4cd2688f52f12391,0.1,0.9,7.743121034250964,0.016745125748645347,0.0,0,2560,FROZEN_K10_NEIGHBOURS_PLUS_FROZEN_K10_MATCHED_RANDOM_EDGES,PERSISTENT_OPERATIONAL_NEAR_COLLISION_EVIDENCE,EVALUABLE,EXPLORATORY_CONSUMED_DIAGNOSTIC_ONLY
U0_SS,density_rate,LINEAGE,HMSO01R_A|FIELD_LINEAGE|a2187a6938903010b61ee85d06f597d4029728ee0de5541c03daf2ed126b189e,0.1,0.9,7.743121034250964,0.016745125748645347,0.0,0,5120,FROZEN_K10_NEIGHBOURS_PLUS_FROZEN_K10_MATCHED_RANDOM_EDGES,PERSISTENT_OPERATIONAL_NEAR_COLLISION_EVIDENCE,EVALUABLE,EXPLORATORY_CONSUMED_DIAGNOSTIC_ONLY
U0_SS,density_rate,LINEAGE,HMSO01R_A|FIELD_LINEAGE|a2bcc80ca3b9ebb8f54401e7b09de472e9adbce971c85048bd40ce15be44ea6a,0.1,0.9,7.743121034250964,0.016745125748645347,0.0,0,2560,FROZEN_K10_NEIGHBOURS_PLUS_FROZEN_K10_MATCHED_RANDOM_EDGES,PERSISTENT_OPERATIONAL_NEAR_COLLISION_EVIDENCE,EVALUABLE,EXPLORATORY_CONSUMED_DIAGNOSTIC_ONLY
U0_SS,density_rate,LINEAGE,HMSO01R_A|FIELD_LINEAGE|a3f750d8c1551c6ecf78f876fab114a3481105b16656dddc657ee8cfb50fd48b,0.1,0.9,7.743121034250964,0.016745125748645347,0.0,0,5120,FROZEN_K10_NEIGHBOURS_PLUS_FROZEN_K10_MATCHED_RANDOM_EDGES,PERSISTENT_OPERATIONAL_NEAR_COLLISION_EVIDENCE,EVALUABLE,EXPLORATORY_CONSUMED_DIAGNOSTIC_ONLY
U0_SS,density_rate,LINEAGE,HMSO01R_A|FIELD_LINEAGE|a594f1a43c118c7761d223f6f34e42847c31c67fc6b06838b968dcc65b6c3356,0.1,0.9,7.743121034250964,0.016745125748645347,0.0,0,2560,FROZEN_K10_NEIGHBOURS_PLUS_FROZEN_K10_MATCHED_RANDOM_EDGES,PERSISTENT_OPERATIONAL_NEAR_COLLISION_EVIDENCE,EVALUABLE,EXPLORATORY_CONSUMED_DIAGNOSTIC_ONLY
U0_SS,density_rate,LINEAGE,HMSO01R_A|FIELD_LINEAGE|a7458b96c9ce1c60bf3ea9d352424b7dd251e22480db263be2c5716c65dc6939,0.1,0.9,7.743121034250964,0.016745125748645347,0.0,0,5120,FROZEN_K10_NEIGHBOURS_PLUS_FROZEN_K10_MATCHED_RANDOM_EDGES,PERSISTENT_OPERATIONAL_NEAR_COLLISION_EVIDENCE,EVALUABLE,EXPLORATORY_CONSUMED_DIAGNOSTIC_ONLY
U0_SS,density_rate,LINEAGE,HMSO01R_A|FIELD_LINEAGE|a97cf87a717a68b745e28078c021ba65c881711a1cd171188bc4affd3a1b5795,0.1,0.9,7.743121034250964,0.016745125748645347,0.0,0,5120,FROZEN_K10_NEIGHBOURS_PLUS_FROZEN_K10_MATCHED_RANDOM_EDGES,PERSISTENT_OPERATIONAL_NEAR_COLLISION_EVIDENCE,EVALUABLE,EXPLORATORY_CONSUMED_DIAGNOSTIC_ONLY
U0_SS,density_rate,LINEAGE,HMSO01R_A|FIELD_LINEAGE|ad302a05132d9f111349ae57a7badd9ffd336cce6f517d6dda76a6f130659828,0.1,0.9,7.743121034250964,0.016745125748645347,0.0,0,2560,FROZEN_K10_NEIGHBOURS_PLUS_FROZEN_K10_MATCHED_RANDOM_EDGES,PERSISTENT_OPERATIONAL_NEAR_COLLISION_EVIDENCE,EVALUABLE,EXPLORATORY_CONSUMED_DIAGNOSTIC_ONLY
U0_SS,density_rate,LINEAGE,HMSO01R_A|FIELD_LINEAGE|adcf8aaea780832e88b7b6b779fb3ef2ecab338dd7379ac8654e7aabdcee4b4f,0.1,0.9,7.743121034250964,0.016745125748645347,0.0,0,5120,FROZEN_K10_NEIGHBOURS_PLUS_FROZEN_K10_MATCHED_RANDOM_EDGES,PERSISTENT_OPERATIONAL_NEAR_COLLISION_EVIDENCE,EVALUABLE,EXPLORATORY_CONSUMED_DIAGNOSTIC_ONLY
U0_SS,density_rate,LINEAGE,HMSO01R_A|FIELD_LINEAGE|b0c6a47a41827791b3e03b32c3cfc7642f7c46055e5fbdc618a902dd60890cc0,0.1,0.9,7.743121034250964,0.016745125748645347,0.0,0,2560,FROZEN_K10_NEIGHBOURS_PLUS_FROZEN_K10_MATCHED_RANDOM_EDGES,PERSISTENT_OPERATIONAL_NEAR_COLLISION_EVIDENCE,EVALUABLE,EXPLORATORY_CONSUMED_DIAGNOSTIC_ONLY
U0_SS,density_rate,LINEAGE,HMSO01R_A|FIELD_LINEAGE|b1b50b97bc0f473e266ef9eb8a1e2e2edee23dadabeb0645af363d822d4db947,0.1,0.9,7.743121034250964,0.016745125748645347,0.0,0,2560,FROZEN_K10_NEIGHBOURS_PLUS_FROZEN_K10_MATCHED_RANDOM_EDGES,PERSISTENT_OPERATIONAL_NEAR_COLLISION_EVIDENCE,EVALUABLE,EXPLORATORY_CONSUMED_DIAGNOSTIC_ONLY
U0_SS,density_rate,LINEAGE,HMSO01R_A|FIELD_LINEAGE|b1c696b82fff7183ba4fc0ae8ce4363fcd56ada1cc6ffa171713dda9524816e8,0.1,0.9,7.743121034250964,0.016745125748645347,0.0,0,5120,FROZEN_K10_NEIGHBOURS_PLUS_FROZEN_K10_MATCHED_RANDOM_EDGES,PERSISTENT_OPERATIONAL_NEAR_COLLISION_EVIDENCE,EVALUABLE,EXPLORATORY_CONSUMED_DIAGNOSTIC_ONLY
U0_SS,density_rate,LINEAGE,HMSO01R_A|FIELD_LINEAGE|b2211d9018dde472457c7d9570d8b744ae480cbc84526fced16d30cb565fdb61,0.1,0.9,7.743121034250964,0.016745125748645347,0.0,0,2560,FROZEN_K10_NEIGHBOURS_PLUS_FROZEN_K10_MATCHED_RANDOM_EDGES,PERSISTENT_OPERATIONAL_NEAR_COLLISION_EVIDENCE,EVALUABLE,EXPLORATORY_CONSUMED_DIAGNOSTIC_ONLY
U0_SS,density_rate,LINEAGE,HMSO01R_A|FIELD_LINEAGE|b31d5c3484f2394d06a11f5ae52600d61d7c303637147b70dbb1edd7e25e93c9,0.1,0.9,7.743121034250964,0.016745125748645347,0.0,0,2560,FROZEN_K10_NEIGHBOURS_PLUS_FROZEN_K10_MATCHED_RANDOM_EDGES,PERSISTENT_OPERATIONAL_NEAR_COLLISION_EVIDENCE,EVALUABLE,EXPLORATORY_CONSUMED_DIAGNOSTIC_ONLY
U0_SS,density_rate,LINEAGE,HMSO01R_A|FIELD_LINEAGE|b40ef25bd445f58063f7eecbd118e28fcd5b9c8ea0b1803b18c885057e29107f,0.1,0.9,7.743121034250964,0.016745125748645347,0.0,0,2560,FROZEN_K10_NEIGHBOURS_PLUS_FROZEN_K10_MATCHED_RANDOM_EDGES,PERSISTENT_OPERATIONAL_NEAR_COLLISION_EVIDENCE,EVALUABLE,EXPLORATORY_CONSUMED_DIAGNOSTIC_ONLY
U0_SS,density_rate,LINEAGE,HMSO01R_A|FIELD_LINEAGE|b49a6f081c09f4e4bff79a7f0fc0a282131ed3252c520eb6637fbf7ad615c6bd,0.1,0.9,7.743121034250964,0.016745125748645347,0.0,0,2560,FROZEN_K10_NEIGHBOURS_PLUS_FROZEN_K10_MATCHED_RANDOM_EDGES,PERSISTENT_OPERATIONAL_NEAR_COLLISION_EVIDENCE,EVALUABLE,EXPLORATORY_CONSUMED_DIAGNOSTIC_ONLY
U0_SS,density_rate,LINEAGE,HMSO01R_A|FIELD_LINEAGE|b7c6344fafcff3e1128b30252e587c19386316434538ac595af9870864bff2e9,0.1,0.9,7.743121034250964,0.016745125748645347,0.0,0,2560,FROZEN_K10_NEIGHBOURS_PLUS_FROZEN_K10_MATCHED_RANDOM_EDGES,PERSISTENT_OPERATIONAL_NEAR_COLLISION_EVIDENCE,EVALUABLE,EXPLORATORY_CONSUMED_DIAGNOSTIC_ONLY
U0_SS,density_rate,LINEAGE,HMSO01R_A|FIELD_LINEAGE|b914e9e8b47652c007a545bd9a5f60dbdaba2b957df3f42cdec4c8edb98e6d53,0.1,0.9,7.743121034250964,0.016745125748645347,0.0,0,5120,FROZEN_K10_NEIGHBOURS_PLUS_FROZEN_K10_MATCHED_RANDOM_EDGES,PERSISTENT_OPERATIONAL_NEAR_COLLISION_EVIDENCE,EVALUABLE,EXPLORATORY_CONSUMED_DIAGNOSTIC_ONLY
U0_SS,density_rate,LINEAGE,HMSO01R_A|FIELD_LINEAGE|bb92dd92e9632ccd3901d1e2e79aab63ab0910a576b08c41f27a140edcf99b56,0.1,0.9,7.743121034250964,0.016745125748645347,0.0,0,2560,FROZEN_K10_NEIGHBOURS_PLUS_FROZEN_K10_MATCHED_RANDOM_EDGES,PERSISTENT_OPERATIONAL_NEAR_COLLISION_EVIDENCE,EVALUABLE,EXPLORATORY_CONSUMED_DIAGNOSTIC_ONLY
U0_SS,density_rate,LINEAGE,HMSO01R_A|FIELD_LINEAGE|bd0a319ae5e310c35bfeaafdbd8220147f595c77c4d665773530796c1f3b9b59,0.1,0.9,7.743121034250964,0.016745125748645347,0.0,0,2560,FROZEN_K10_NEIGHBOURS_PLUS_FROZEN_K10_MATCHED_RANDOM_EDGES,PERSISTENT_OPERATIONAL_NEAR_COLLISION_EVIDENCE,EVALUABLE,EXPLORATORY_CONSUMED_DIAGNOSTIC_ONLY
U0_SS,density_rate,LINEAGE,HMSO01R_A|FIELD_LINEAGE|be9a8927a3f7361841f3e523395e00d4ebcd734040aebfe38006ae7fda2437fd,0.1,0.9,7.743121034250964,0.016745125748645347,0.0,0,2560,FROZEN_K10_NEIGHBOURS_PLUS_FROZEN_K10_MATCHED_RANDOM_EDGES,PERSISTENT_OPERATIONAL_NEAR_COLLISION_EVIDENCE,EVALUABLE,EXPLORATORY_CONSUMED_DIAGNOSTIC_ONLY
U0_SS,density_rate,LINEAGE,HMSO01R_A|FIELD_LINEAGE|bf32023450080971c5fdfb56d7a260838d7b8e02917a4118c4ed0b4a49c6c14a,0.1,0.9,7.743121034250964,0.016745125748645347,0.0,0,5120,FROZEN_K10_NEIGHBOURS_PLUS_FROZEN_K10_MATCHED_RANDOM_EDGES,PERSISTENT_OPERATIONAL_NEAR_COLLISION_EVIDENCE,EVALUABLE,EXPLORATORY_CONSUMED_DIAGNOSTIC_ONLY
U0_SS,density_rate,LINEAGE,HMSO01R_A|FIELD_LINEAGE|c26b5ad7fee192c3863a9362bb1782ac10409a155024388ef9dea9120f9c3662,0.1,0.9,7.743121034250964,0.016745125748645347,0.0,0,2560,FROZEN_K10_NEIGHBOURS_PLUS_FROZEN_K10_MATCHED_RANDOM_EDGES,PERSISTENT_OPERATIONAL_NEAR_COLLISION_EVIDENCE,EVALUABLE,EXPLORATORY_CONSUMED_DIAGNOSTIC_ONLY
U0_SS,density_rate,LINEAGE,HMSO01R_A|FIELD_LINEAGE|c2759d4a0108475d88af3dd58a918080f77e42a77ac5a686ce9a650a1d522183,0.1,0.9,7.743121034250964,0.016745125748645347,0.0,0,2560,FROZEN_K10_NEIGHBOURS_PLUS_FROZEN_K10_MATCHED_RANDOM_EDGES,PERSISTENT_OPERATIONAL_NEAR_COLLISION_EVIDENCE,EVALUABLE,EXPLORATORY_CONSUMED_DIAGNOSTIC_ONLY
U0_SS,density_rate,LINEAGE,HMSO01R_A|FIELD_LINEAGE|c34a55057cd1e579919fb09acb5db221d75ae96164f74060b78863318f65371c,0.1,0.9,7.743121034250964,0.016745125748645347,0.0,0,2560,FROZEN_K10_NEIGHBOURS_PLUS_FROZEN_K10_MATCHED_RANDOM_EDGES,PERSISTENT_OPERATIONAL_NEAR_COLLISION_EVIDENCE,EVALUABLE,EXPLORATORY_CONSUMED_DIAGNOSTIC_ONLY
U0_SS,density_rate,LINEAGE,HMSO01R_A|FIELD_LINEAGE|c3a574c6618599692f4195c9d1a59189286c1fc26ae852d26723565b0428d983,0.1,0.9,7.743121034250964,0.016745125748645347,0.0,0,2560,FROZEN_K10_NEIGHBOURS_PLUS_FROZEN_K10_MATCHED_RANDOM_EDGES,PERSISTENT_OPERATIONAL_NEAR_COLLISION_EVIDENCE,EVALUABLE,EXPLORATORY_CONSUMED_DIAGNOSTIC_ONLY
U0_SS,density_rate,LINEAGE,HMSO01R_A|FIELD_LINEAGE|c54c1448df9c13b6658cb41b2c187b93be0f6db94293a7911953a6e90d602764,0.1,0.9,7.743121034250964,0.016745125748645347,0.0,0,2560,FROZEN_K10_NEIGHBOURS_PLUS_FROZEN_K10_MATCHED_RANDOM_EDGES,PERSISTENT_OPERATIONAL_NEAR_COLLISION_EVIDENCE,EVALUABLE,EXPLORATORY_CONSUMED_DIAGNOSTIC_ONLY
U0_SS,density_rate,LINEAGE,HMSO01R_A|FIELD_LINEAGE|c7100ae9429166735b2d4f6243a22cf5abc14cffba49fce96d94ed19a12387d6,0.1,0.9,7.743121034250964,0.016745125748645347,0.0,0,2560,FROZEN_K10_NEIGHBOURS_PLUS_FROZEN_K10_MATCHED_RANDOM_EDGES,PERSISTENT_OPERATIONAL_NEAR_COLLISION_EVIDENCE,EVALUABLE,EXPLORATORY_CONSUMED_DIAGNOSTIC_ONLY
U0_SS,density_rate,LINEAGE,HMSO01R_A|FIELD_LINEAGE|c7498c8903eedb4eb72abeb74a8624f4f311768cc705b42f488a9e810b4c3aec,0.1,0.9,7.743121034250964,0.016745125748645347,0.0,0,2560,FROZEN_K10_NEIGHBOURS_PLUS_FROZEN_K10_MATCHED_RANDOM_EDGES,PERSISTENT_OPERATIONAL_NEAR_COLLISION_EVIDENCE,EVALUABLE,EXPLORATORY_CONSUMED_DIAGNOSTIC_ONLY
U0_SS,density_rate,LINEAGE,HMSO01R_A|FIELD_LINEAGE|c9a10c50914a082104b6f42f933e2e8b35494d6ac1b464fc981b740edc26e9a6,0.1,0.9,7.743121034250964,0.016745125748645347,0.0,0,30720,FROZEN_K10_NEIGHBOURS_PLUS_FROZEN_K10_MATCHED_RANDOM_EDGES,PERSISTENT_OPERATIONAL_NEAR_COLLISION_EVIDENCE,EVALUABLE,EXPLORATORY_CONSUMED_DIAGNOSTIC_ONLY
U0_SS,density_rate,LINEAGE,HMSO01R_A|FIELD_LINEAGE|ca0f07a3c0d5df7705d15288eb48ecdf2c50af57aa3e1ab370127581f048c929,0.1,0.9,7.743121034250964,0.016745125748645347,0.0,0,2560,FROZEN_K10_NEIGHBOURS_PLUS_FROZEN_K10_MATCHED_RANDOM_EDGES,PERSISTENT_OPERATIONAL_NEAR_COLLISION_EVIDENCE,EVALUABLE,EXPLORATORY_CONSUMED_DIAGNOSTIC_ONLY
U0_SS,density_rate,LINEAGE,HMSO01R_A|FIELD_LINEAGE|cb947f8167c6ce3da1c26b48289f11fe77c609125572b2e2f489d9b4dbf77d91,0.1,0.9,7.743121034250964,0.016745125748645347,0.0,0,2560,FROZEN_K10_NEIGHBOURS_PLUS_FROZEN_K10_MATCHED_RANDOM_EDGES,PERSISTENT_OPERATIONAL_NEAR_COLLISION_EVIDENCE,EVALUABLE,EXPLORATORY_CONSUMED_DIAGNOSTIC_ONLY
U0_SS,density_rate,LINEAGE,HMSO01R_A|FIELD_LINEAGE|cd1482e6386aeab5f67532ea00a4d133dd0798283239fa2bc60b1a36d8fd8390,0.1,0.9,7.743121034250964,0.016745125748645347,0.0,0,2560,FROZEN_K10_NEIGHBOURS_PLUS_FROZEN_K10_MATCHED_RANDOM_EDGES,PERSISTENT_OPERATIONAL_NEAR_COLLISION_EVIDENCE,EVALUABLE,EXPLORATORY_CONSUMED_DIAGNOSTIC_ONLY
U0_SS,density_rate,LINEAGE,HMSO01R_A|FIELD_LINEAGE|d1321924d243ef663d38f2119b3da3e0b77ff9249352efe1c25dfa4971fbd453,0.1,0.9,7.743121034250964,0.016745125748645347,0.0,0,2560,FROZEN_K10_NEIGHBOURS_PLUS_FROZEN_K10_MATCHED_RANDOM_EDGES,PERSISTENT_OPERATIONAL_NEAR_COLLISION_EVIDENCE,EVALUABLE,EXPLORATORY_CONSUMED_DIAGNOSTIC_ONLY
U0_SS,density_rate,LINEAGE,HMSO01R_A|FIELD_LINEAGE|d2f9d8c8f5f3c69790790651faeb1c1f59b6b387e4ede38adea5936b94855ff9,0.1,0.9,7.743121034250964,0.016745125748645347,0.0,0,5120,FROZEN_K10_NEIGHBOURS_PLUS_FROZEN_K10_MATCHED_RANDOM_EDGES,PERSISTENT_OPERATIONAL_NEAR_COLLISION_EVIDENCE,EVALUABLE,EXPLORATORY_CONSUMED_DIAGNOSTIC_ONLY
U0_SS,density_rate,LINEAGE,HMSO01R_A|FIELD_LINEAGE|d3329a31885ae9100b3a5071d3f6de7c5b314524ba319156e3df439e55667dd5,0.1,0.9,7.743121034250964,0.016745125748645347,0.0,0,2560,FROZEN_K10_NEIGHBOURS_PLUS_FROZEN_K10_MATCHED_RANDOM_EDGES,PERSISTENT_OPERATIONAL_NEAR_COLLISION_EVIDENCE,EVALUABLE,EXPLORATORY_CONSUMED_DIAGNOSTIC_ONLY
U0_SS,density_rate,LINEAGE,HMSO01R_A|FIELD_LINEAGE|d65de8a657545ef8339cfa29e05ce27d63f8ec5e02ee50514a615a33f5595da9,0.1,0.9,7.743121034250964,0.016745125748645347,0.0,0,2560,FROZEN_K10_NEIGHBOURS_PLUS_FROZEN_K10_MATCHED_RANDOM_EDGES,PERSISTENT_OPERATIONAL_NEAR_COLLISION_EVIDENCE,EVALUABLE,EXPLORATORY_CONSUMED_DIAGNOSTIC_ONLY
U0_SS,density_rate,LINEAGE,HMSO01R_A|FIELD_LINEAGE|d6ecf8cd80acb9db6acee967c0d1a3a8ca941d75fcf9e621c7ea05d79a191767,0.1,0.9,7.743121034250964,0.016745125748645347,0.0,0,7680,FROZEN_K10_NEIGHBOURS_PLUS_FROZEN_K10_MATCHED_RANDOM_EDGES,PERSISTENT_OPERATIONAL_NEAR_COLLISION_EVIDENCE,EVALUABLE,EXPLORATORY_CONSUMED_DIAGNOSTIC_ONLY
U0_SS,density_rate,LINEAGE,HMSO01R_A|FIELD_LINEAGE|d7d10f9b5293a22777f94b958cdb7280c40216c21a2b9b4a49451c1385cf26d9,0.1,0.9,7.743121034250964,0.016745125748645347,0.0,0,2560,FROZEN_K10_NEIGHBOURS_PLUS_FROZEN_K10_MATCHED_RANDOM_EDGES,PERSISTENT_OPERATIONAL_NEAR_COLLISION_EVIDENCE,EVALUABLE,EXPLORATORY_CONSUMED_DIAGNOSTIC_ONLY
U0_SS,density_rate,LINEAGE,HMSO01R_A|FIELD_LINEAGE|d8cd77f2aea85a93297ba4755747ee15653349aca322bca77ce1738389444994,0.1,0.9,7.743121034250964,0.016745125748645347,0.0,0,5120,FROZEN_K10_NEIGHBOURS_PLUS_FROZEN_K10_MATCHED_RANDOM_EDGES,PERSISTENT_OPERATIONAL_NEAR_COLLISION_EVIDENCE,EVALUABLE,EXPLORATORY_CONSUMED_DIAGNOSTIC_ONLY
U0_SS,density_rate,LINEAGE,HMSO01R_A|FIELD_LINEAGE|d9b0e4ca0c6e9f306f81bad07b5f31753c1237e04a6a51d708212ab05edea52f,0.1,0.9,7.743121034250964,0.016745125748645347,0.0,0,2560,FROZEN_K10_NEIGHBOURS_PLUS_FROZEN_K10_MATCHED_RANDOM_EDGES,PERSISTENT_OPERATIONAL_NEAR_COLLISION_EVIDENCE,EVALUABLE,EXPLORATORY_CONSUMED_DIAGNOSTIC_ONLY
U0_SS,density_rate,LINEAGE,HMSO01R_A|FIELD_LINEAGE|dca2b57202d33de06ea638a8ecbab23d1b960b5ed15b6841dcbc75b212cc8712,0.1,0.9,7.743121034250964,0.016745125748645347,0.0,0,2560,FROZEN_K10_NEIGHBOURS_PLUS_FROZEN_K10_MATCHED_RANDOM_EDGES,PERSISTENT_OPERATIONAL_NEAR_COLLISION_EVIDENCE,EVALUABLE,EXPLORATORY_CONSUMED_DIAGNOSTIC_ONLY
U0_SS,density_rate,LINEAGE,HMSO01R_A|FIELD_LINEAGE|e0695af14e7ff6ed68d0eaa0320bde868bdf2eddcd09aade2748baa3ab9013d9,0.1,0.9,7.743121034250964,0.016745125748645347,0.0,0,2560,FROZEN_K10_NEIGHBOURS_PLUS_FROZEN_K10_MATCHED_RANDOM_EDGES,PERSISTENT_OPERATIONAL_NEAR_COLLISION_EVIDENCE,EVALUABLE,EXPLORATORY_CONSUMED_DIAGNOSTIC_ONLY
U0_SS,density_rate,LINEAGE,HMSO01R_A|FIELD_LINEAGE|e1662caa4f55fa1e467b750db9be81d3672b988a828412586110c172a4b65cc4,0.1,0.9,7.743121034250964,0.016745125748645347,0.0,0,2560,FROZEN_K10_NEIGHBOURS_PLUS_FROZEN_K10_MATCHED_RANDOM_EDGES,PERSISTENT_OPERATIONAL_NEAR_COLLISION_EVIDENCE,EVALUABLE,EXPLORATORY_CONSUMED_DIAGNOSTIC_ONLY
U0_SS,density_rate,LINEAGE,HMSO01R_A|FIELD_LINEAGE|e1bd95fcd7aed1a8bde13393ae7d4a98eff10f4a52c1bdfb2e54f1dd690c54dd,0.1,0.9,7.743121034250964,0.016745125748645347,0.0,0,2560,FROZEN_K10_NEIGHBOURS_PLUS_FROZEN_K10_MATCHED_RANDOM_EDGES,PERSISTENT_OPERATIONAL_NEAR_COLLISION_EVIDENCE,EVALUABLE,EXPLORATORY_CONSUMED_DIAGNOSTIC_ONLY
U0_SS,density_rate,LINEAGE,HMSO01R_A|FIELD_LINEAGE|e25db364da9db9cdb46c3073fa0aa473b93b0eed9df5062f9696d75bd2f90442,0.1,0.9,7.743121034250964,0.016745125748645347,0.0,0,2560,FROZEN_K10_NEIGHBOURS_PLUS_FROZEN_K10_MATCHED_RANDOM_EDGES,PERSISTENT_OPERATIONAL_NEAR_COLLISION_EVIDENCE,EVALUABLE,EXPLORATORY_CONSUMED_DIAGNOSTIC_ONLY
U0_SS,density_rate,LINEAGE,HMSO01R_A|FIELD_LINEAGE|e269817bd0e21e72d0864769c51ef7f6839102d6f41f035fbbff5041e46bd0d4,0.1,0.9,7.743121034250964,0.016745125748645347,0.0,0,2560,FROZEN_K10_NEIGHBOURS_PLUS_FROZEN_K10_MATCHED_RANDOM_EDGES,PERSISTENT_OPERATIONAL_NEAR_COLLISION_EVIDENCE,EVALUABLE,EXPLORATORY_CONSUMED_DIAGNOSTIC_ONLY
U0_SS,density_rate,LINEAGE,HMSO01R_A|FIELD_LINEAGE|e2940f5e79800b14b8eefcdb52a6c4eb9c2bcacb794aadbf19ab173720ccdfc9,0.1,0.9,7.743121034250964,0.016745125748645347,0.0,0,2560,FROZEN_K10_NEIGHBOURS_PLUS_FROZEN_K10_MATCHED_RANDOM_EDGES,PERSISTENT_OPERATIONAL_NEAR_COLLISION_EVIDENCE,EVALUABLE,EXPLORATORY_CONSUMED_DIAGNOSTIC_ONLY
U0_SS,density_rate,LINEAGE,HMSO01R_A|FIELD_LINEAGE|e2fdf0ecb37222ddf2c343b2a9785bb080b33fb721f4d3381403db08d53276de,0.1,0.9,7.743121034250964,0.016745125748645347,0.0,0,2560,FROZEN_K10_NEIGHBOURS_PLUS_FROZEN_K10_MATCHED_RANDOM_EDGES,PERSISTENT_OPERATIONAL_NEAR_COLLISION_EVIDENCE,EVALUABLE,EXPLORATORY_CONSUMED_DIAGNOSTIC_ONLY
U0_SS,density_rate,LINEAGE,HMSO01R_A|FIELD_LINEAGE|e39068083f41a31c97e7737f6138e1986484dea8bfe32d65a52cd58aaa1ec7e8,0.1,0.9,7.743121034250964,0.016745125748645347,0.0,0,2560,FROZEN_K10_NEIGHBOURS_PLUS_FROZEN_K10_MATCHED_RANDOM_EDGES,PERSISTENT_OPERATIONAL_NEAR_COLLISION_EVIDENCE,EVALUABLE,EXPLORATORY_CONSUMED_DIAGNOSTIC_ONLY
U0_SS,density_rate,LINEAGE,HMSO01R_A|FIELD_LINEAGE|e46b2d3dad1b8a5413f52396bbef71167f252a4ba61297ea3e2b46c37456ba4c,0.1,0.9,7.743121034250964,0.016745125748645347,0.0,0,2560,FROZEN_K10_NEIGHBOURS_PLUS_FROZEN_K10_MATCHED_RANDOM_EDGES,PERSISTENT_OPERATIONAL_NEAR_COLLISION_EVIDENCE,EVALUABLE,EXPLORATORY_CONSUMED_DIAGNOSTIC_ONLY
U0_SS,density_rate,LINEAGE,HMSO01R_A|FIELD_LINEAGE|e4c235f067a50e9e5304ee0e7ad701299187cd559ceebd74674d932464340e77,0.1,0.9,7.743121034250964,0.016745125748645347,0.0,0,2560,FROZEN_K10_NEIGHBOURS_PLUS_FROZEN_K10_MATCHED_RANDOM_EDGES,PERSISTENT_OPERATIONAL_NEAR_COLLISION_EVIDENCE,EVALUABLE,EXPLORATORY_CONSUMED_DIAGNOSTIC_ONLY
U0_SS,density_rate,LINEAGE,HMSO01R_A|FIELD_LINEAGE|e5cd23001367dee0fe50b87c4f9c5ae9d8e66eeb6cef2467ff3f6da8c0fcdc16,0.1,0.9,7.743121034250964,0.016745125748645347,0.0,0,2560,FROZEN_K10_NEIGHBOURS_PLUS_FROZEN_K10_MATCHED_RANDOM_EDGES,PERSISTENT_OPERATIONAL_NEAR_COLLISION_EVIDENCE,EVALUABLE,EXPLORATORY_CONSUMED_DIAGNOSTIC_ONLY
U0_SS,density_rate,LINEAGE,HMSO01R_A|FIELD_LINEAGE|e5fd0d86ce4eda7b6deef112c4230d6cc2c904c7a1cbb32b883405f7907c5018,0.1,0.9,7.743121034250964,0.016745125748645347,0.0,0,2560,FROZEN_K10_NEIGHBOURS_PLUS_FROZEN_K10_MATCHED_RANDOM_EDGES,PERSISTENT_OPERATIONAL_NEAR_COLLISION_EVIDENCE,EVALUABLE,EXPLORATORY_CONSUMED_DIAGNOSTIC_ONLY
U0_SS,density_rate,LINEAGE,HMSO01R_A|FIELD_LINEAGE|e6f79f1197cd7f6ad00ce2f5ddcac136ad9a2faa5584e9f390794bfb6ee07ac6,0.1,0.9,7.743121034250964,0.016745125748645347,0.0,0,2560,FROZEN_K10_NEIGHBOURS_PLUS_FROZEN_K10_MATCHED_RANDOM_EDGES,PERSISTENT_OPERATIONAL_NEAR_COLLISION_EVIDENCE,EVALUABLE,EXPLORATORY_CONSUMED_DIAGNOSTIC_ONLY
U0_SS,density_rate,LINEAGE,HMSO01R_A|FIELD_LINEAGE|e82aee0755c70810ee3fbd630ec4d3fa698e473225b4aa505b26af8a458a6400,0.1,0.9,7.743121034250964,0.016745125748645347,0.0,0,2560,FROZEN_K10_NEIGHBOURS_PLUS_FROZEN_K10_MATCHED_RANDOM_EDGES,PERSISTENT_OPERATIONAL_NEAR_COLLISION_EVIDENCE,EVALUABLE,EXPLORATORY_CONSUMED_DIAGNOSTIC_ONLY
U0_SS,density_rate,LINEAGE,HMSO01R_A|FIELD_LINEAGE|e853753ed3befc6151b8f2c4e9e3797938a7689193c2157695f0b61b8e60abc8,0.1,0.9,7.743121034250964,0.016745125748645347,0.0,0,2560,FROZEN_K10_NEIGHBOURS_PLUS_FROZEN_K10_MATCHED_RANDOM_EDGES,PERSISTENT_OPERATIONAL_NEAR_COLLISION_EVIDENCE,EVALUABLE,EXPLORATORY_CONSUMED_DIAGNOSTIC_ONLY
U0_SS,density_rate,LINEAGE,HMSO01R_A|FIELD_LINEAGE|e99701698ca3eda87704f5f32294f901f56116d9da609afcb18418d4c8a62bf2,0.1,0.9,7.743121034250964,0.016745125748645347,0.0,0,2560,FROZEN_K10_NEIGHBOURS_PLUS_FROZEN_K10_MATCHED_RANDOM_EDGES,PERSISTENT_OPERATIONAL_NEAR_COLLISION_EVIDENCE,EVALUABLE,EXPLORATORY_CONSUMED_DIAGNOSTIC_ONLY
U0_SS,density_rate,LINEAGE,HMSO01R_A|FIELD_LINEAGE|e9dc12a25958465c187afbd7ef920bc04ba98d4b232046e156979d215bd85146,0.1,0.9,7.743121034250964,0.016745125748645347,0.0,0,2560,FROZEN_K10_NEIGHBOURS_PLUS_FROZEN_K10_MATCHED_RANDOM_EDGES,PERSISTENT_OPERATIONAL_NEAR_COLLISION_EVIDENCE,EVALUABLE,EXPLORATORY_CONSUMED_DIAGNOSTIC_ONLY
U0_SS,density_rate,LINEAGE,HMSO01R_A|FIELD_LINEAGE|ea7a0f305184b5efcd1c245ec8837c3d5e92744042b12d412ef90758785acc95,0.1,0.9,7.743121034250964,0.016745125748645347,0.0,0,5120,FROZEN_K10_NEIGHBOURS_PLUS_FROZEN_K10_MATCHED_RANDOM_EDGES,PERSISTENT_OPERATIONAL_NEAR_COLLISION_EVIDENCE,EVALUABLE,EXPLORATORY_CONSUMED_DIAGNOSTIC_ONLY
U0_SS,density_rate,LINEAGE,HMSO01R_A|FIELD_LINEAGE|eadb4166638494d642712d8eabac62f88ed028f779148966c13d2efd6405fa1d,0.1,0.9,7.743121034250964,0.016745125748645347,0.0,0,2560,FROZEN_K10_NEIGHBOURS_PLUS_FROZEN_K10_MATCHED_RANDOM_EDGES,PERSISTENT_OPERATIONAL_NEAR_COLLISION_EVIDENCE,EVALUABLE,EXPLORATORY_CONSUMED_DIAGNOSTIC_ONLY
U0_SS,density_rate,LINEAGE,HMSO01R_A|FIELD_LINEAGE|ebfb44058badbf85a36d8671e914d20620f9253b30eeec0e96b5e0c20dc8e16c,0.1,0.9,7.743121034250964,0.016745125748645347,0.0,0,2560,FROZEN_K10_NEIGHBOURS_PLUS_FROZEN_K10_MATCHED_RANDOM_EDGES,PERSISTENT_OPERATIONAL_NEAR_COLLISION_EVIDENCE,EVALUABLE,EXPLORATORY_CONSUMED_DIAGNOSTIC_ONLY
U0_SS,density_rate,LINEAGE,HMSO01R_A|FIELD_LINEAGE|eee5df81575181b025958cda057ac7cb0483be4404d018db7bb2c06a63c25462,0.1,0.9,7.743121034250964,0.016745125748645347,0.0,0,2560,FROZEN_K10_NEIGHBOURS_PLUS_FROZEN_K10_MATCHED_RANDOM_EDGES,PERSISTENT_OPERATIONAL_NEAR_COLLISION_EVIDENCE,EVALUABLE,EXPLORATORY_CONSUMED_DIAGNOSTIC_ONLY
U0_SS,density_rate,LINEAGE,HMSO01R_A|FIELD_LINEAGE|f01618f1ef2fe7c85085b02f71644f843db176708a8abb6e4e05116a594e9ae3,0.1,0.9,7.743121034250964,0.016745125748645347,0.0,0,2560,FROZEN_K10_NEIGHBOURS_PLUS_FROZEN_K10_MATCHED_RANDOM_EDGES,PERSISTENT_OPERATIONAL_NEAR_COLLISION_EVIDENCE,EVALUABLE,EXPLORATORY_CONSUMED_DIAGNOSTIC_ONLY
U0_SS,density_rate,LINEAGE,HMSO01R_A|FIELD_LINEAGE|f0421338d311584916d83a8dd01c9f47b7707c5652d4192e1df422a2a9e7d57d,0.1,0.9,7.743121034250964,0.016745125748645347,0.0,0,2560,FROZEN_K10_NEIGHBOURS_PLUS_FROZEN_K10_MATCHED_RANDOM_EDGES,PERSISTENT_OPERATIONAL_NEAR_COLLISION_EVIDENCE,EVALUABLE,EXPLORATORY_CONSUMED_DIAGNOSTIC_ONLY
U0_SS,density_rate,LINEAGE,HMSO01R_A|FIELD_LINEAGE|f11020ed75e98ae018c3d951c68d3fba4bfe91afdf9eb4b7d62d0c0967429304,0.1,0.9,7.743121034250964,0.016745125748645347,0.0,0,2560,FROZEN_K10_NEIGHBOURS_PLUS_FROZEN_K10_MATCHED_RANDOM_EDGES,PERSISTENT_OPERATIONAL_NEAR_COLLISION_EVIDENCE,EVALUABLE,EXPLORATORY_CONSUMED_DIAGNOSTIC_ONLY
U0_SS,density_rate,LINEAGE,HMSO01R_A|FIELD_LINEAGE|f117df283c3988b3a51ad2a7138592681c02ac94fc8905b0ebf163745ca00f62,0.1,0.9,7.743121034250964,0.016745125748645347,0.0,0,5120,FROZEN_K10_NEIGHBOURS_PLUS_FROZEN_K10_MATCHED_RANDOM_EDGES,PERSISTENT_OPERATIONAL_NEAR_COLLISION_EVIDENCE,EVALUABLE,EXPLORATORY_CONSUMED_DIAGNOSTIC_ONLY
U0_SS,density_rate,LINEAGE,HMSO01R_A|FIELD_LINEAGE|f2247a8dfd61c19acaf6609654c9c6098f254569cd75ef6a5201803913aa1c00,0.1,0.9,7.743121034250964,0.016745125748645347,0.0,0,2560,FROZEN_K10_NEIGHBOURS_PLUS_FROZEN_K10_MATCHED_RANDOM_EDGES,PERSISTENT_OPERATIONAL_NEAR_COLLISION_EVIDENCE,EVALUABLE,EXPLORATORY_CONSUMED_DIAGNOSTIC_ONLY
U0_SS,density_rate,LINEAGE,HMSO01R_A|FIELD_LINEAGE|f2a3ceeae0e0974c878bba3a036f383f979564d7512b59be838a43b0d537377a,0.1,0.9,7.743121034250964,0.016745125748645347,0.0,0,2560,FROZEN_K10_NEIGHBOURS_PLUS_FROZEN_K10_MATCHED_RANDOM_EDGES,PERSISTENT_OPERATIONAL_NEAR_COLLISION_EVIDENCE,EVALUABLE,EXPLORATORY_CONSUMED_DIAGNOSTIC_ONLY
U0_SS,density_rate,LINEAGE,HMSO01R_A|FIELD_LINEAGE|f52ad1fbea60f2cef5c93f5785e888eaa7893de6dad0b2f7545e6d3f4e338f25,0.1,0.9,7.743121034250964,0.016745125748645347,0.0,0,2560,FROZEN_K10_NEIGHBOURS_PLUS_FROZEN_K10_MATCHED_RANDOM_EDGES,PERSISTENT_OPERATIONAL_NEAR_COLLISION_EVIDENCE,EVALUABLE,EXPLORATORY_CONSUMED_DIAGNOSTIC_ONLY
U0_SS,density_rate,LINEAGE,HMSO01R_A|FIELD_LINEAGE|f7cc0cf639be6a7e99c37868bcf630bb54f34534e2c78b36b59b7ac5ebbd1919,0.1,0.9,7.743121034250964,0.016745125748645347,0.0,0,2560,FROZEN_K10_NEIGHBOURS_PLUS_FROZEN_K10_MATCHED_RANDOM_EDGES,PERSISTENT_OPERATIONAL_NEAR_COLLISION_EVIDENCE,EVALUABLE,EXPLORATORY_CONSUMED_DIAGNOSTIC_ONLY
U0_SS,density_rate,LINEAGE,HMSO01R_A|FIELD_LINEAGE|f82108cfb75a5ece90cca0bec2aa62b5af33b3b96774d26a9d5bbde8416cb360,0.1,0.9,7.743121034250964,0.016745125748645347,0.0,0,2560,FROZEN_K10_NEIGHBOURS_PLUS_FROZEN_K10_MATCHED_RANDOM_EDGES,PERSISTENT_OPERATIONAL_NEAR_COLLISION_EVIDENCE,EVALUABLE,EXPLORATORY_CONSUMED_DIAGNOSTIC_ONLY
U0_SS,density_rate,LINEAGE,HMSO01R_A|FIELD_LINEAGE|f8fd31406421545fa9cf8bb98c251eb120eed5378ed4276493239005b13fd6f8,0.1,0.9,7.743121034250964,0.016745125748645347,0.0,0,2560,FROZEN_K10_NEIGHBOURS_PLUS_FROZEN_K10_MATCHED_RANDOM_EDGES,PERSISTENT_OPERATIONAL_NEAR_COLLISION_EVIDENCE,EVALUABLE,EXPLORATORY_CONSUMED_DIAGNOSTIC_ONLY
U0_SS,density_rate,LINEAGE,HMSO01R_A|FIELD_LINEAGE|f952117e9c8f8a564901d0507e978f58c3289c63c557fb7f3123a84dd049ba29,0.1,0.9,7.743121034250964,0.016745125748645347,0.0,0,2560,FROZEN_K10_NEIGHBOURS_PLUS_FROZEN_K10_MATCHED_RANDOM_EDGES,PERSISTENT_OPERATIONAL_NEAR_COLLISION_EVIDENCE,EVALUABLE,EXPLORATORY_CONSUMED_DIAGNOSTIC_ONLY
U0_SS,density_rate,LINEAGE,HMSO01R_A|FIELD_LINEAGE|f9a3d40825ca658eebc26e88239c04a3590f72ad95b03a86bc289649036f4117,0.1,0.9,7.743121034250964,0.016745125748645347,0.0,0,2560,FROZEN_K10_NEIGHBOURS_PLUS_FROZEN_K10_MATCHED_RANDOM_EDGES,PERSISTENT_OPERATIONAL_NEAR_COLLISION_EVIDENCE,EVALUABLE,EXPLORATORY_CONSUMED_DIAGNOSTIC_ONLY
U0_SS,density_rate,LINEAGE,HMSO01R_A|FIELD_LINEAGE|f9acbd6c60cf4de95eb27dc7c24fd369893e07d5c162236bcdc4cc91f1e5368b,0.1,0.9,7.743121034250964,0.016745125748645347,0.0,0,2560,FROZEN_K10_NEIGHBOURS_PLUS_FROZEN_K10_MATCHED_RANDOM_EDGES,PERSISTENT_OPERATIONAL_NEAR_COLLISION_EVIDENCE,EVALUABLE,EXPLORATORY_CONSUMED_DIAGNOSTIC_ONLY
U0_SS,density_rate,LINEAGE,HMSO01R_A|FIELD_LINEAGE|f9dd81299410ddb65efe58bb38fc53798a53c7f5ab1183ef52b5f93fb7daea68,0.1,0.9,7.743121034250964,0.016745125748645347,0.0,0,2560,FROZEN_K10_NEIGHBOURS_PLUS_FROZEN_K10_MATCHED_RANDOM_EDGES,PERSISTENT_OPERATIONAL_NEAR_COLLISION_EVIDENCE,EVALUABLE,EXPLORATORY_CONSUMED_DIAGNOSTIC_ONLY
U0_SS,density_rate,LINEAGE,HMSO01R_A|FIELD_LINEAGE|fa1ab395df96eb71b1cd3e5c31c1a1fe587398989c58265b21dd97a062b35ef9,0.1,0.9,7.743121034250964,0.016745125748645347,0.0,0,2560,FROZEN_K10_NEIGHBOURS_PLUS_FROZEN_K10_MATCHED_RANDOM_EDGES,PERSISTENT_OPERATIONAL_NEAR_COLLISION_EVIDENCE,EVALUABLE,EXPLORATORY_CONSUMED_DIAGNOSTIC_ONLY
U0_SS,density_rate,LINEAGE,HMSO01R_A|FIELD_LINEAGE|fd04ea3f458e107df0af85b51443fd7c576cbde1f2a34afcd2f94001f9376e64,0.1,0.9,7.743121034250964,0.016745125748645347,0.0,0,5120,FROZEN_K10_NEIGHBOURS_PLUS_FROZEN_K10_MATCHED_RANDOM_EDGES,PERSISTENT_OPERATIONAL_NEAR_COLLISION_EVIDENCE,EVALUABLE,EXPLORATORY_CONSUMED_DIAGNOSTIC_ONLY
U0_SS,density_rate,LINEAGE,HMSO01R_A|FIELD_LINEAGE|fefaa03392c6d5e862f0b98f72e148123eb5332d997aade537062f72a6e1a99c,0.1,0.9,7.743121034250964,0.016745125748645347,0.0,0,2560,FROZEN_K10_NEIGHBOURS_PLUS_FROZEN_K10_MATCHED_RANDOM_EDGES,PERSISTENT_OPERATIONAL_NEAR_COLLISION_EVIDENCE,EVALUABLE,EXPLORATORY_CONSUMED_DIAGNOSTIC_ONLY
U0_SS,density_rate,LINEAGE,HMSO01R_A|FIELD_LINEAGE|ff441cbe04ac4f8f63fd24360c00fa41becbfbb5a6acdf59e4dfd55c77c15642,0.1,0.9,7.743121034250964,0.016745125748645347,0.0,0,2560,FROZEN_K10_NEIGHBOURS_PLUS_FROZEN_K10_MATCHED_RANDOM_EDGES,PERSISTENT_OPERATIONAL_NEAR_COLLISION_EVIDENCE,EVALUABLE,EXPLORATORY_CONSUMED_DIAGNOSTIC_ONLY
U0_SS,pressure_gradient_acceleration,OVERALL,ALL,0.1,0.9,7.743121034250964,2.988314286721013,0.000274658203125,270,983040,FROZEN_K10_NEIGHBOURS_PLUS_FROZEN_K10_MATCHED_RANDOM_EDGES,PERSISTENT_OPERATIONAL_NEAR_COLLISION_EVIDENCE,EVALUABLE,EXPLORATORY_CONSUMED_DIAGNOSTIC_ONLY
U0_SS,pressure_gradient_acceleration,FOLD,FOLD_0,0.1,0.9,7.743121034250964,2.988314286721013,0.0,0,189440,FROZEN_K10_NEIGHBOURS_PLUS_FROZEN_K10_MATCHED_RANDOM_EDGES,PERSISTENT_OPERATIONAL_NEAR_COLLISION_EVIDENCE,EVALUABLE,EXPLORATORY_CONSUMED_DIAGNOSTIC_ONLY
U0_SS,pressure_gradient_acceleration,FOLD,FOLD_1,0.1,0.9,7.743121034250964,2.988314286721013,0.0,0,179200,FROZEN_K10_NEIGHBOURS_PLUS_FROZEN_K10_MATCHED_RANDOM_EDGES,PERSISTENT_OPERATIONAL_NEAR_COLLISION_EVIDENCE,EVALUABLE,EXPLORATORY_CONSUMED_DIAGNOSTIC_ONLY
U0_SS,pressure_gradient_acceleration,FOLD,FOLD_2,0.1,0.9,7.743121034250964,2.988314286721013,0.0006930443548387097,110,158720,FROZEN_K10_NEIGHBOURS_PLUS_FROZEN_K10_MATCHED_RANDOM_EDGES,PERSISTENT_OPERATIONAL_NEAR_COLLISION_EVIDENCE,EVALUABLE,EXPLORATORY_CONSUMED_DIAGNOSTIC_ONLY
U0_SS,pressure_gradient_acceleration,FOLD,FOLD_3,0.1,0.9,7.743121034250964,2.988314286721013,6.620762711864407e-06,1,151040,FROZEN_K10_NEIGHBOURS_PLUS_FROZEN_K10_MATCHED_RANDOM_EDGES,PERSISTENT_OPERATIONAL_NEAR_COLLISION_EVIDENCE,EVALUABLE,EXPLORATORY_CONSUMED_DIAGNOSTIC_ONLY
U0_SS,pressure_gradient_acceleration,FOLD,FOLD_4,0.1,0.9,7.743121034250964,2.988314286721013,0.00019862288135593222,30,151040,FROZEN_K10_NEIGHBOURS_PLUS_FROZEN_K10_MATCHED_RANDOM_EDGES,PERSISTENT_OPERATIONAL_NEAR_COLLISION_EVIDENCE,EVALUABLE,EXPLORATORY_CONSUMED_DIAGNOSTIC_ONLY
U0_SS,pressure_gradient_acceleration,FOLD,FOLD_5,0.1,0.9,7.743121034250964,2.988314286721013,0.00083984375,129,153600,FROZEN_K10_NEIGHBOURS_PLUS_FROZEN_K10_MATCHED_RANDOM_EDGES,PERSISTENT_OPERATIONAL_NEAR_COLLISION_EVIDENCE,EVALUABLE,EXPLORATORY_CONSUMED_DIAGNOSTIC_ONLY
U0_SS,pressure_gradient_acceleration,FAMILY,F1,0.1,0.9,7.743121034250964,2.988314286721013,0.0010986328125,270,245760,FROZEN_K10_NEIGHBOURS_PLUS_FROZEN_K10_MATCHED_RANDOM_EDGES,PERSISTENT_OPERATIONAL_NEAR_COLLISION_EVIDENCE,EVALUABLE,EXPLORATORY_CONSUMED_DIAGNOSTIC_ONLY
U0_SS,pressure_gradient_acceleration,FAMILY,F2,0.1,0.9,7.743121034250964,2.988314286721013,0.0,0,245760,FROZEN_K10_NEIGHBOURS_PLUS_FROZEN_K10_MATCHED_RANDOM_EDGES,PERSISTENT_OPERATIONAL_NEAR_COLLISION_EVIDENCE,EVALUABLE,EXPLORATORY_CONSUMED_DIAGNOSTIC_ONLY
U0_SS,pressure_gradient_acceleration,FAMILY,F3,0.1,0.9,7.743121034250964,2.988314286721013,0.0,0,245760,FROZEN_K10_NEIGHBOURS_PLUS_FROZEN_K10_MATCHED_RANDOM_EDGES,PERSISTENT_OPERATIONAL_NEAR_COLLISION_EVIDENCE,EVALUABLE,EXPLORATORY_CONSUMED_DIAGNOSTIC_ONLY
U0_SS,pressure_gradient_acceleration,FAMILY,F4,0.1,0.9,7.743121034250964,2.988314286721013,0.0,0,245760,FROZEN_K10_NEIGHBOURS_PLUS_FROZEN_K10_MATCHED_RANDOM_EDGES,PERSISTENT_OPERATIONAL_NEAR_COLLISION_EVIDENCE,EVALUABLE,EXPLORATORY_CONSUMED_DIAGNOSTIC_ONLY
U0_SS,pressure_gradient_acceleration,FAMILY_FOLD,F1|FOLD_0,0.1,0.9,7.743121034250964,2.988314286721013,0.0,0,43520,FROZEN_K10_NEIGHBOURS_PLUS_FROZEN_K10_MATCHED_RANDOM_EDGES,PERSISTENT_OPERATIONAL_NEAR_COLLISION_EVIDENCE,EVALUABLE,EXPLORATORY_CONSUMED_DIAGNOSTIC_ONLY
U0_SS,pressure_gradient_acceleration,FAMILY_FOLD,F2|FOLD_0,0.1,0.9,7.743121034250964,2.988314286721013,0.0,0,40960,FROZEN_K10_NEIGHBOURS_PLUS_FROZEN_K10_MATCHED_RANDOM_EDGES,PERSISTENT_OPERATIONAL_NEAR_COLLISION_EVIDENCE,EVALUABLE,EXPLORATORY_CONSUMED_DIAGNOSTIC_ONLY
U0_SS,pressure_gradient_acceleration,FAMILY_FOLD,F3|FOLD_0,0.1,0.9,7.743121034250964,2.988314286721013,0.0,0,43520,FROZEN_K10_NEIGHBOURS_PLUS_FROZEN_K10_MATCHED_RANDOM_EDGES,PERSISTENT_OPERATIONAL_NEAR_COLLISION_EVIDENCE,EVALUABLE,EXPLORATORY_CONSUMED_DIAGNOSTIC_ONLY
U0_SS,pressure_gradient_acceleration,FAMILY_FOLD,F4|FOLD_0,0.1,0.9,7.743121034250964,2.988314286721013,0.0,0,61440,FROZEN_K10_NEIGHBOURS_PLUS_FROZEN_K10_MATCHED_RANDOM_EDGES,PERSISTENT_OPERATIONAL_NEAR_COLLISION_EVIDENCE,EVALUABLE,EXPLORATORY_CONSUMED_DIAGNOSTIC_ONLY
U0_SS,pressure_gradient_acceleration,FAMILY_FOLD,F1|FOLD_1,0.1,0.9,7.743121034250964,2.988314286721013,0.0,0,38400,FROZEN_K10_NEIGHBOURS_PLUS_FROZEN_K10_MATCHED_RANDOM_EDGES,PERSISTENT_OPERATIONAL_NEAR_COLLISION_EVIDENCE,EVALUABLE,EXPLORATORY_CONSUMED_DIAGNOSTIC_ONLY
U0_SS,pressure_gradient_acceleration,FAMILY_FOLD,F2|FOLD_1,0.1,0.9,7.743121034250964,2.988314286721013,0.0,0,38400,FROZEN_K10_NEIGHBOURS_PLUS_FROZEN_K10_MATCHED_RANDOM_EDGES,PERSISTENT_OPERATIONAL_NEAR_COLLISION_EVIDENCE,EVALUABLE,EXPLORATORY_CONSUMED_DIAGNOSTIC_ONLY
U0_SS,pressure_gradient_acceleration,FAMILY_FOLD,F3|FOLD_1,0.1,0.9,7.743121034250964,2.988314286721013,0.0,0,40960,FROZEN_K10_NEIGHBOURS_PLUS_FROZEN_K10_MATCHED_RANDOM_EDGES,PERSISTENT_OPERATIONAL_NEAR_COLLISION_EVIDENCE,EVALUABLE,EXPLORATORY_CONSUMED_DIAGNOSTIC_ONLY
U0_SS,pressure_gradient_acceleration,FAMILY_FOLD,F4|FOLD_1,0.1,0.9,7.743121034250964,2.988314286721013,0.0,0,61440,FROZEN_K10_NEIGHBOURS_PLUS_FROZEN_K10_MATCHED_RANDOM_EDGES,PERSISTENT_OPERATIONAL_NEAR_COLLISION_EVIDENCE,EVALUABLE,EXPLORATORY_CONSUMED_DIAGNOSTIC_ONLY
U0_SS,pressure_gradient_acceleration,FAMILY_FOLD,F1|FOLD_2,0.1,0.9,7.743121034250964,2.988314286721013,0.002864583333333333,110,38400,FROZEN_K10_NEIGHBOURS_PLUS_FROZEN_K10_MATCHED_RANDOM_EDGES,PERSISTENT_OPERATIONAL_NEAR_COLLISION_EVIDENCE,EVALUABLE,EXPLORATORY_CONSUMED_DIAGNOSTIC_ONLY
U0_SS,pressure_gradient_acceleration,FAMILY_FOLD,F2|FOLD_2,0.1,0.9,7.743121034250964,2.988314286721013,0.0,0,46080,FROZEN_K10_NEIGHBOURS_PLUS_FROZEN_K10_MATCHED_RANDOM_EDGES,PERSISTENT_OPERATIONAL_NEAR_COLLISION_EVIDENCE,EVALUABLE,EXPLORATORY_CONSUMED_DIAGNOSTIC_ONLY
U0_SS,pressure_gradient_acceleration,FAMILY_FOLD,F3|FOLD_2,0.1,0.9,7.743121034250964,2.988314286721013,0.0,0,43520,FROZEN_K10_NEIGHBOURS_PLUS_FROZEN_K10_MATCHED_RANDOM_EDGES,PERSISTENT_OPERATIONAL_NEAR_COLLISION_EVIDENCE,EVALUABLE,EXPLORATORY_CONSUMED_DIAGNOSTIC_ONLY
U0_SS,pressure_gradient_acceleration,FAMILY_FOLD,F4|FOLD_2,0.1,0.9,7.743121034250964,2.988314286721013,0.0,0,30720,FROZEN_K10_NEIGHBOURS_PLUS_FROZEN_K10_MATCHED_RANDOM_EDGES,PERSISTENT_OPERATIONAL_NEAR_COLLISION_EVIDENCE,EVALUABLE,EXPLORATORY_CONSUMED_DIAGNOSTIC_ONLY
U0_SS,pressure_gradient_acceleration,FAMILY_FOLD,F1|FOLD_3,0.1,0.9,7.743121034250964,2.988314286721013,2.44140625e-05,1,40960,FROZEN_K10_NEIGHBOURS_PLUS_FROZEN_K10_MATCHED_RANDOM_EDGES,PERSISTENT_OPERATIONAL_NEAR_COLLISION_EVIDENCE,EVALUABLE,EXPLORATORY_CONSUMED_DIAGNOSTIC_ONLY
U0_SS,pressure_gradient_acceleration,FAMILY_FOLD,F2|FOLD_3,0.1,0.9,7.743121034250964,2.988314286721013,0.0,0,35840,FROZEN_K10_NEIGHBOURS_PLUS_FROZEN_K10_MATCHED_RANDOM_EDGES,PERSISTENT_OPERATIONAL_NEAR_COLLISION_EVIDENCE,EVALUABLE,EXPLORATORY_CONSUMED_DIAGNOSTIC_ONLY
U0_SS,pressure_gradient_acceleration,FAMILY_FOLD,F3|FOLD_3,0.1,0.9,7.743121034250964,2.988314286721013,0.0,0,43520,FROZEN_K10_NEIGHBOURS_PLUS_FROZEN_K10_MATCHED_RANDOM_EDGES,PERSISTENT_OPERATIONAL_NEAR_COLLISION_EVIDENCE,EVALUABLE,EXPLORATORY_CONSUMED_DIAGNOSTIC_ONLY
U0_SS,pressure_gradient_acceleration,FAMILY_FOLD,F4|FOLD_3,0.1,0.9,7.743121034250964,2.988314286721013,0.0,0,30720,FROZEN_K10_NEIGHBOURS_PLUS_FROZEN_K10_MATCHED_RANDOM_EDGES,PERSISTENT_OPERATIONAL_NEAR_COLLISION_EVIDENCE,EVALUABLE,EXPLORATORY_CONSUMED_DIAGNOSTIC_ONLY
U0_SS,pressure_gradient_acceleration,FAMILY_FOLD,F1|FOLD_4,0.1,0.9,7.743121034250964,2.988314286721013,0.0006893382352941177,30,43520,FROZEN_K10_NEIGHBOURS_PLUS_FROZEN_K10_MATCHED_RANDOM_EDGES,PERSISTENT_OPERATIONAL_NEAR_COLLISION_EVIDENCE,EVALUABLE,EXPLORATORY_CONSUMED_DIAGNOSTIC_ONLY
U0_SS,pressure_gradient_acceleration,FAMILY_FOLD,F2|FOLD_4,0.1,0.9,7.743121034250964,2.988314286721013,0.0,0,43520,FROZEN_K10_NEIGHBOURS_PLUS_FROZEN_K10_MATCHED_RANDOM_EDGES,PERSISTENT_OPERATIONAL_NEAR_COLLISION_EVIDENCE,EVALUABLE,EXPLORATORY_CONSUMED_DIAGNOSTIC_ONLY
U0_SS,pressure_gradient_acceleration,FAMILY_FOLD,F3|FOLD_4,0.1,0.9,7.743121034250964,2.988314286721013,0.0,0,33280,FROZEN_K10_NEIGHBOURS_PLUS_FROZEN_K10_MATCHED_RANDOM_EDGES,PERSISTENT_OPERATIONAL_NEAR_COLLISION_EVIDENCE,EVALUABLE,EXPLORATORY_CONSUMED_DIAGNOSTIC_ONLY
U0_SS,pressure_gradient_acceleration,FAMILY_FOLD,F4|FOLD_4,0.1,0.9,7.743121034250964,2.988314286721013,0.0,0,30720,FROZEN_K10_NEIGHBOURS_PLUS_FROZEN_K10_MATCHED_RANDOM_EDGES,PERSISTENT_OPERATIONAL_NEAR_COLLISION_EVIDENCE,EVALUABLE,EXPLORATORY_CONSUMED_DIAGNOSTIC_ONLY
U0_SS,pressure_gradient_acceleration,FAMILY_FOLD,F1|FOLD_5,0.1,0.9,7.743121034250964,2.988314286721013,0.0031494140625,129,40960,FROZEN_K10_NEIGHBOURS_PLUS_FROZEN_K10_MATCHED_RANDOM_EDGES,PERSISTENT_OPERATIONAL_NEAR_COLLISION_EVIDENCE,EVALUABLE,EXPLORATORY_CONSUMED_DIAGNOSTIC_ONLY
U0_SS,pressure_gradient_acceleration,FAMILY_FOLD,F2|FOLD_5,0.1,0.9,7.743121034250964,2.988314286721013,0.0,0,40960,FROZEN_K10_NEIGHBOURS_PLUS_FROZEN_K10_MATCHED_RANDOM_EDGES,PERSISTENT_OPERATIONAL_NEAR_COLLISION_EVIDENCE,EVALUABLE,EXPLORATORY_CONSUMED_DIAGNOSTIC_ONLY
U0_SS,pressure_gradient_acceleration,FAMILY_FOLD,F3|FOLD_5,0.1,0.9,7.743121034250964,2.988314286721013,0.0,0,40960,FROZEN_K10_NEIGHBOURS_PLUS_FROZEN_K10_MATCHED_RANDOM_EDGES,PERSISTENT_OPERATIONAL_NEAR_COLLISION_EVIDENCE,EVALUABLE,EXPLORATORY_CONSUMED_DIAGNOSTIC_ONLY
U0_SS,pressure_gradient_acceleration,FAMILY_FOLD,F4|FOLD_5,0.1,0.9,7.743121034250964,2.988314286721013,0.0,0,30720,FROZEN_K10_NEIGHBOURS_PLUS_FROZEN_K10_MATCHED_RANDOM_EDGES,PERSISTENT_OPERATIONAL_NEAR_COLLISION_EVIDENCE,EVALUABLE,EXPLORATORY_CONSUMED_DIAGNOSTIC_ONLY
U0_SS,pressure_gradient_acceleration,LINEAGE,HMSO01R_A|FIELD_LINEAGE|008a4638c8cb2247bc6cd62f75f3daa09b2e49ba7d73812777f0a31f466efb5e,0.1,0.9,7.743121034250964,2.988314286721013,0.0,0,2560,FROZEN_K10_NEIGHBOURS_PLUS_FROZEN_K10_MATCHED_RANDOM_EDGES,PERSISTENT_OPERATIONAL_NEAR_COLLISION_EVIDENCE,EVALUABLE,EXPLORATORY_CONSUMED_DIAGNOSTIC_ONLY
U0_SS,pressure_gradient_acceleration,LINEAGE,HMSO01R_A|FIELD_LINEAGE|0183a54dead296f9ee3dee43dc4041188299c7e551f4c9c6bfbe94dc055e54ad,0.1,0.9,7.743121034250964,2.988314286721013,0.0,0,5120,FROZEN_K10_NEIGHBOURS_PLUS_FROZEN_K10_MATCHED_RANDOM_EDGES,PERSISTENT_OPERATIONAL_NEAR_COLLISION_EVIDENCE,EVALUABLE,EXPLORATORY_CONSUMED_DIAGNOSTIC_ONLY
U0_SS,pressure_gradient_acceleration,LINEAGE,HMSO01R_A|FIELD_LINEAGE|0280053dfd6ee65fbd80522b2b04964154d57f31de1cc5d0449972791fa285ea,0.1,0.9,7.743121034250964,2.988314286721013,0.0,0,2560,FROZEN_K10_NEIGHBOURS_PLUS_FROZEN_K10_MATCHED_RANDOM_EDGES,PERSISTENT_OPERATIONAL_NEAR_COLLISION_EVIDENCE,EVALUABLE,EXPLORATORY_CONSUMED_DIAGNOSTIC_ONLY
U0_SS,pressure_gradient_acceleration,LINEAGE,HMSO01R_A|FIELD_LINEAGE|02a8e9bf168ff7b6159072e41013ee435870f1006dfd3aa95840b1c132f5aafb,0.1,0.9,7.743121034250964,2.988314286721013,0.0,0,2560,FROZEN_K10_NEIGHBOURS_PLUS_FROZEN_K10_MATCHED_RANDOM_EDGES,PERSISTENT_OPERATIONAL_NEAR_COLLISION_EVIDENCE,EVALUABLE,EXPLORATORY_CONSUMED_DIAGNOSTIC_ONLY
U0_SS,pressure_gradient_acceleration,LINEAGE,HMSO01R_A|FIELD_LINEAGE|0404a47ad84d3ab6d4cc0dbf7c8fea97f3bca817bfb6ce9e4a0d96e074c1229f,0.1,0.9,7.743121034250964,2.988314286721013,0.0,0,2560,FROZEN_K10_NEIGHBOURS_PLUS_FROZEN_K10_MATCHED_RANDOM_EDGES,PERSISTENT_OPERATIONAL_NEAR_COLLISION_EVIDENCE,EVALUABLE,EXPLORATORY_CONSUMED_DIAGNOSTIC_ONLY
U0_SS,pressure_gradient_acceleration,LINEAGE,HMSO01R_A|FIELD_LINEAGE|04cc9f11103eaca809c304d2c5e7176a0ac510070bc43c67da76cab1f9c23ed7,0.1,0.9,7.743121034250964,2.988314286721013,0.0,0,2560,FROZEN_K10_NEIGHBOURS_PLUS_FROZEN_K10_MATCHED_RANDOM_EDGES,PERSISTENT_OPERATIONAL_NEAR_COLLISION_EVIDENCE,EVALUABLE,EXPLORATORY_CONSUMED_DIAGNOSTIC_ONLY
U0_SS,pressure_gradient_acceleration,LINEAGE,HMSO01R_A|FIELD_LINEAGE|051eaa0f00871ac3de3987b76f15e88e4e718676447cf96853b1d9836e56f4a9,0.1,0.9,7.743121034250964,2.988314286721013,0.0,0,5120,FROZEN_K10_NEIGHBOURS_PLUS_FROZEN_K10_MATCHED_RANDOM_EDGES,PERSISTENT_OPERATIONAL_NEAR_COLLISION_EVIDENCE,EVALUABLE,EXPLORATORY_CONSUMED_DIAGNOSTIC_ONLY
U0_SS,pressure_gradient_acceleration,LINEAGE,HMSO01R_A|FIELD_LINEAGE|05638fa6abec8d1f9d2070785cb5b62bc36d80415fcae04a6c6b1419139c3003,0.1,0.9,7.743121034250964,2.988314286721013,0.021484375,110,5120,FROZEN_K10_NEIGHBOURS_PLUS_FROZEN_K10_MATCHED_RANDOM_EDGES,PERSISTENT_OPERATIONAL_NEAR_COLLISION_EVIDENCE,EVALUABLE,EXPLORATORY_CONSUMED_DIAGNOSTIC_ONLY
U0_SS,pressure_gradient_acceleration,LINEAGE,HMSO01R_A|FIELD_LINEAGE|065caad01d0036cc45e094366cffda53edef5d184f8c28ff280e81478dd5499f,0.1,0.9,7.743121034250964,2.988314286721013,0.0,0,2560,FROZEN_K10_NEIGHBOURS_PLUS_FROZEN_K10_MATCHED_RANDOM_EDGES,PERSISTENT_OPERATIONAL_NEAR_COLLISION_EVIDENCE,EVALUABLE,EXPLORATORY_CONSUMED_DIAGNOSTIC_ONLY
U0_SS,pressure_gradient_acceleration,LINEAGE,HMSO01R_A|FIELD_LINEAGE|06c31c418b756da4f49834b1270295e826a9807f080171a34a3e7c250369709c,0.1,0.9,7.743121034250964,2.988314286721013,0.0,0,30720,FROZEN_K10_NEIGHBOURS_PLUS_FROZEN_K10_MATCHED_RANDOM_EDGES,PERSISTENT_OPERATIONAL_NEAR_COLLISION_EVIDENCE,EVALUABLE,EXPLORATORY_CONSUMED_DIAGNOSTIC_ONLY
U0_SS,pressure_gradient_acceleration,LINEAGE,HMSO01R_A|FIELD_LINEAGE|06c5b0d79a6fc40df74bc047659e629ea096b0eb47ce7956bd3f7d012a8211c7,0.1,0.9,7.743121034250964,2.988314286721013,0.0,0,7680,FROZEN_K10_NEIGHBOURS_PLUS_FROZEN_K10_MATCHED_RANDOM_EDGES,PERSISTENT_OPERATIONAL_NEAR_COLLISION_EVIDENCE,EVALUABLE,EXPLORATORY_CONSUMED_DIAGNOSTIC_ONLY
U0_SS,pressure_gradient_acceleration,LINEAGE,HMSO01R_A|FIELD_LINEAGE|07ef870a5e517a728f6e4939e44adb6e41abac7dca46a1a2247aeb449ae2b2b6,0.1,0.9,7.743121034250964,2.988314286721013,0.0,0,5120,FROZEN_K10_NEIGHBOURS_PLUS_FROZEN_K10_MATCHED_RANDOM_EDGES,PERSISTENT_OPERATIONAL_NEAR_COLLISION_EVIDENCE,EVALUABLE,EXPLORATORY_CONSUMED_DIAGNOSTIC_ONLY
U0_SS,pressure_gradient_acceleration,LINEAGE,HMSO01R_A|FIELD_LINEAGE|092a3e161c8ce70f083c10130918ff7fb36de994b41e81b7dfb0e04366314a2c,0.1,0.9,7.743121034250964,2.988314286721013,0.0,0,2560,FROZEN_K10_NEIGHBOURS_PLUS_FROZEN_K10_MATCHED_RANDOM_EDGES,PERSISTENT_OPERATIONAL_NEAR_COLLISION_EVIDENCE,EVALUABLE,EXPLORATORY_CONSUMED_DIAGNOSTIC_ONLY
U0_SS,pressure_gradient_acceleration,LINEAGE,HMSO01R_A|FIELD_LINEAGE|093dc802dc5954d756689fb97f687ee9b46c368f5fe625c807448d3bc43a1926,0.1,0.9,7.743121034250964,2.988314286721013,0.0,0,2560,FROZEN_K10_NEIGHBOURS_PLUS_FROZEN_K10_MATCHED_RANDOM_EDGES,PERSISTENT_OPERATIONAL_NEAR_COLLISION_EVIDENCE,EVALUABLE,EXPLORATORY_CONSUMED_DIAGNOSTIC_ONLY
U0_SS,pressure_gradient_acceleration,LINEAGE,HMSO01R_A|FIELD_LINEAGE|0a252563daa08b1ab13bdaf89c42f5f5445076fcfec6feb203abcad9de8ed55a,0.1,0.9,7.743121034250964,2.988314286721013,0.0,0,7680,FROZEN_K10_NEIGHBOURS_PLUS_FROZEN_K10_MATCHED_RANDOM_EDGES,PERSISTENT_OPERATIONAL_NEAR_COLLISION_EVIDENCE,EVALUABLE,EXPLORATORY_CONSUMED_DIAGNOSTIC_ONLY
U0_SS,pressure_gradient_acceleration,LINEAGE,HMSO01R_A|FIELD_LINEAGE|0ac3210ffe07941071125618f2e4ad4f522063f7735eb12854083a5cf3b96fca,0.1,0.9,7.743121034250964,2.988314286721013,0.0,0,2560,FROZEN_K10_NEIGHBOURS_PLUS_FROZEN_K10_MATCHED_RANDOM_EDGES,PERSISTENT_OPERATIONAL_NEAR_COLLISION_EVIDENCE,EVALUABLE,EXPLORATORY_CONSUMED_DIAGNOSTIC_ONLY
U0_SS,pressure_gradient_acceleration,LINEAGE,HMSO01R_A|FIELD_LINEAGE|0af73c913450206e45697078b9ff423d2fbe56a236026748e22945b9fe394efb,0.1,0.9,7.743121034250964,2.988314286721013,0.0,0,2560,FROZEN_K10_NEIGHBOURS_PLUS_FROZEN_K10_MATCHED_RANDOM_EDGES,PERSISTENT_OPERATIONAL_NEAR_COLLISION_EVIDENCE,EVALUABLE,EXPLORATORY_CONSUMED_DIAGNOSTIC_ONLY
U0_SS,pressure_gradient_acceleration,LINEAGE,HMSO01R_A|FIELD_LINEAGE|0d095ad04875a9db82a8c6062fc3703d3296558fc88db157a4ad79a6317e27a5,0.1,0.9,7.743121034250964,2.988314286721013,0.0,0,5120,FROZEN_K10_NEIGHBOURS_PLUS_FROZEN_K10_MATCHED_RANDOM_EDGES,PERSISTENT_OPERATIONAL_NEAR_COLLISION_EVIDENCE,EVALUABLE,EXPLORATORY_CONSUMED_DIAGNOSTIC_ONLY
U0_SS,pressure_gradient_acceleration,LINEAGE,HMSO01R_A|FIELD_LINEAGE|0d9a0fc9b5f4f20cb32cc24ac6db7a1e45276ec79661381e7e476b453759d6b0,0.1,0.9,7.743121034250964,2.988314286721013,0.0,0,2560,FROZEN_K10_NEIGHBOURS_PLUS_FROZEN_K10_MATCHED_RANDOM_EDGES,PERSISTENT_OPERATIONAL_NEAR_COLLISION_EVIDENCE,EVALUABLE,EXPLORATORY_CONSUMED_DIAGNOSTIC_ONLY
U0_SS,pressure_gradient_acceleration,LINEAGE,HMSO01R_A|FIELD_LINEAGE|0da6210822c1316c7a077be78ae0c871024433732125f17a7f978f92e0d637e1,0.1,0.9,7.743121034250964,2.988314286721013,0.0,0,2560,FROZEN_K10_NEIGHBOURS_PLUS_FROZEN_K10_MATCHED_RANDOM_EDGES,PERSISTENT_OPERATIONAL_NEAR_COLLISION_EVIDENCE,EVALUABLE,EXPLORATORY_CONSUMED_DIAGNOSTIC_ONLY
U0_SS,pressure_gradient_acceleration,LINEAGE,HMSO01R_A|FIELD_LINEAGE|0ddf6cdd096735cc15f4456489e1d58f77aa80618dad5da96cca18e59be60b9c,0.1,0.9,7.743121034250964,2.988314286721013,0.0,0,2560,FROZEN_K10_NEIGHBOURS_PLUS_FROZEN_K10_MATCHED_RANDOM_EDGES,PERSISTENT_OPERATIONAL_NEAR_COLLISION_EVIDENCE,EVALUABLE,EXPLORATORY_CONSUMED_DIAGNOSTIC_ONLY
U0_SS,pressure_gradient_acceleration,LINEAGE,HMSO01R_A|FIELD_LINEAGE|0e65acebdbaa92caa4bcb30c2a0feac4a5469aac1dd76780539181916f956f58,0.1,0.9,7.743121034250964,2.988314286721013,0.0,0,2560,FROZEN_K10_NEIGHBOURS_PLUS_FROZEN_K10_MATCHED_RANDOM_EDGES,PERSISTENT_OPERATIONAL_NEAR_COLLISION_EVIDENCE,EVALUABLE,EXPLORATORY_CONSUMED_DIAGNOSTIC_ONLY
U0_SS,pressure_gradient_acceleration,LINEAGE,HMSO01R_A|FIELD_LINEAGE|0e85d8db167a222553e045c2d06d7055fe817db60fe9573c8fc78f52ed1f8615,0.1,0.9,7.743121034250964,2.988314286721013,0.0,0,2560,FROZEN_K10_NEIGHBOURS_PLUS_FROZEN_K10_MATCHED_RANDOM_EDGES,PERSISTENT_OPERATIONAL_NEAR_COLLISION_EVIDENCE,EVALUABLE,EXPLORATORY_CONSUMED_DIAGNOSTIC_ONLY
U0_SS,pressure_gradient_acceleration,LINEAGE,HMSO01R_A|FIELD_LINEAGE|0f0f1b8e6d3d2de7f2739e4c27aed7f4a0fa84df148b19d95d7dbbf8ec12bea3,0.1,0.9,7.743121034250964,2.988314286721013,0.0,0,2560,FROZEN_K10_NEIGHBOURS_PLUS_FROZEN_K10_MATCHED_RANDOM_EDGES,PERSISTENT_OPERATIONAL_NEAR_COLLISION_EVIDENCE,EVALUABLE,EXPLORATORY_CONSUMED_DIAGNOSTIC_ONLY
U0_SS,pressure_gradient_acceleration,LINEAGE,HMSO01R_A|FIELD_LINEAGE|0f49beb059c8327e240fa524ede4b5d0ddc16e0eb915fce826282146040c0e20,0.1,0.9,7.743121034250964,2.988314286721013,0.0,0,5120,FROZEN_K10_NEIGHBOURS_PLUS_FROZEN_K10_MATCHED_RANDOM_EDGES,PERSISTENT_OPERATIONAL_NEAR_COLLISION_EVIDENCE,EVALUABLE,EXPLORATORY_CONSUMED_DIAGNOSTIC_ONLY
U0_SS,pressure_gradient_acceleration,LINEAGE,HMSO01R_A|FIELD_LINEAGE|0fdda9072ffc8d97ff7e0441813be2217cbf8a41c67bef8c56cb65c5e8c889e5,0.1,0.9,7.743121034250964,2.988314286721013,0.0,0,2560,FROZEN_K10_NEIGHBOURS_PLUS_FROZEN_K10_MATCHED_RANDOM_EDGES,PERSISTENT_OPERATIONAL_NEAR_COLLISION_EVIDENCE,EVALUABLE,EXPLORATORY_CONSUMED_DIAGNOSTIC_ONLY
U0_SS,pressure_gradient_acceleration,LINEAGE,HMSO01R_A|FIELD_LINEAGE|1014832cdbdd8f9e416c91cfffc398c0221e1acf20617efe558f4efd66f3578a,0.1,0.9,7.743121034250964,2.988314286721013,0.0,0,2560,FROZEN_K10_NEIGHBOURS_PLUS_FROZEN_K10_MATCHED_RANDOM_EDGES,PERSISTENT_OPERATIONAL_NEAR_COLLISION_EVIDENCE,EVALUABLE,EXPLORATORY_CONSUMED_DIAGNOSTIC_ONLY
U0_SS,pressure_gradient_acceleration,LINEAGE,HMSO01R_A|FIELD_LINEAGE|101e8ab2bfdfa561a79b7bef11d98c5487b65f400bdd7d35b17d61b9746e280e,0.1,0.9,7.743121034250964,2.988314286721013,0.0,0,2560,FROZEN_K10_NEIGHBOURS_PLUS_FROZEN_K10_MATCHED_RANDOM_EDGES,PERSISTENT_OPERATIONAL_NEAR_COLLISION_EVIDENCE,EVALUABLE,EXPLORATORY_CONSUMED_DIAGNOSTIC_ONLY
U0_SS,pressure_gradient_acceleration,LINEAGE,HMSO01R_A|FIELD_LINEAGE|10ec2dec79c0538398e95e49cd33ade9183e905d4ea4b212dcd4e7ec34fc5546,0.1,0.9,7.743121034250964,2.988314286721013,0.0,0,2560,FROZEN_K10_NEIGHBOURS_PLUS_FROZEN_K10_MATCHED_RANDOM_EDGES,PERSISTENT_OPERATIONAL_NEAR_COLLISION_EVIDENCE,EVALUABLE,EXPLORATORY_CONSUMED_DIAGNOSTIC_ONLY
U0_SS,pressure_gradient_acceleration,LINEAGE,HMSO01R_A|FIELD_LINEAGE|11fde86949c379fe2021d6c74cae47b21d76fdf394512bb275cf864fa8a207c8,0.1,0.9,7.743121034250964,2.988314286721013,0.0,0,2560,FROZEN_K10_NEIGHBOURS_PLUS_FROZEN_K10_MATCHED_RANDOM_EDGES,PERSISTENT_OPERATIONAL_NEAR_COLLISION_EVIDENCE,EVALUABLE,EXPLORATORY_CONSUMED_DIAGNOSTIC_ONLY
U0_SS,pressure_gradient_acceleration,LINEAGE,HMSO01R_A|FIELD_LINEAGE|14fde0d6f8e15a741b90398f93d73484586c3eb3479f620760208e87c5b3db6c,0.1,0.9,7.743121034250964,2.988314286721013,0.0,0,2560,FROZEN_K10_NEIGHBOURS_PLUS_FROZEN_K10_MATCHED_RANDOM_EDGES,PERSISTENT_OPERATIONAL_NEAR_COLLISION_EVIDENCE,EVALUABLE,EXPLORATORY_CONSUMED_DIAGNOSTIC_ONLY
U0_SS,pressure_gradient_acceleration,LINEAGE,HMSO01R_A|FIELD_LINEAGE|15651b29629c1bcfb68ed12ef597d6352232a9bc607eac6bb7e574563cec2b00,0.1,0.9,7.743121034250964,2.988314286721013,0.0,0,5120,FROZEN_K10_NEIGHBOURS_PLUS_FROZEN_K10_MATCHED_RANDOM_EDGES,PERSISTENT_OPERATIONAL_NEAR_COLLISION_EVIDENCE,EVALUABLE,EXPLORATORY_CONSUMED_DIAGNOSTIC_ONLY
U0_SS,pressure_gradient_acceleration,LINEAGE,HMSO01R_A|FIELD_LINEAGE|16eb11153f438a544fbde5e29c9d4f0fc922c6cc49338ba6f7c68206ac580c7f,0.1,0.9,7.743121034250964,2.988314286721013,0.0,0,2560,FROZEN_K10_NEIGHBOURS_PLUS_FROZEN_K10_MATCHED_RANDOM_EDGES,PERSISTENT_OPERATIONAL_NEAR_COLLISION_EVIDENCE,EVALUABLE,EXPLORATORY_CONSUMED_DIAGNOSTIC_ONLY
U0_SS,pressure_gradient_acceleration,LINEAGE,HMSO01R_A|FIELD_LINEAGE|17af857dc7e075f66db0acfe5114e05e0f490cc5340cc9cfe073ae813844b776,0.1,0.9,7.743121034250964,2.988314286721013,0.0,0,2560,FROZEN_K10_NEIGHBOURS_PLUS_FROZEN_K10_MATCHED_RANDOM_EDGES,PERSISTENT_OPERATIONAL_NEAR_COLLISION_EVIDENCE,EVALUABLE,EXPLORATORY_CONSUMED_DIAGNOSTIC_ONLY
U0_SS,pressure_gradient_acceleration,LINEAGE,HMSO01R_A|FIELD_LINEAGE|191e9f46778b3758f1f78fde4f9e2a46913f5a82ffc9889aaa9e18e41d67ee0e,0.1,0.9,7.743121034250964,2.988314286721013,0.0,0,2560,FROZEN_K10_NEIGHBOURS_PLUS_FROZEN_K10_MATCHED_RANDOM_EDGES,PERSISTENT_OPERATIONAL_NEAR_COLLISION_EVIDENCE,EVALUABLE,EXPLORATORY_CONSUMED_DIAGNOSTIC_ONLY
U0_SS,pressure_gradient_acceleration,LINEAGE,HMSO01R_A|FIELD_LINEAGE|197d7ec024c0036b09ad028c746809cfe1ed712ccbb40eead96390c6dfdd817b,0.1,0.9,7.743121034250964,2.988314286721013,0.0,0,30720,FROZEN_K10_NEIGHBOURS_PLUS_FROZEN_K10_MATCHED_RANDOM_EDGES,PERSISTENT_OPERATIONAL_NEAR_COLLISION_EVIDENCE,EVALUABLE,EXPLORATORY_CONSUMED_DIAGNOSTIC_ONLY
U0_SS,pressure_gradient_acceleration,LINEAGE,HMSO01R_A|FIELD_LINEAGE|197ff926eb3d0f9ff98b06347687987d9933c0c4a0832b79258c496c53405132,0.1,0.9,7.743121034250964,2.988314286721013,0.0,0,2560,FROZEN_K10_NEIGHBOURS_PLUS_FROZEN_K10_MATCHED_RANDOM_EDGES,PERSISTENT_OPERATIONAL_NEAR_COLLISION_EVIDENCE,EVALUABLE,EXPLORATORY_CONSUMED_DIAGNOSTIC_ONLY
U0_SS,pressure_gradient_acceleration,LINEAGE,HMSO01R_A|FIELD_LINEAGE|19bc9c15d585b69ea5a604b39577d278e2c7b171a2d899f0352dc2850b1dc0cb,0.1,0.9,7.743121034250964,2.988314286721013,0.0,0,2560,FROZEN_K10_NEIGHBOURS_PLUS_FROZEN_K10_MATCHED_RANDOM_EDGES,PERSISTENT_OPERATIONAL_NEAR_COLLISION_EVIDENCE,EVALUABLE,EXPLORATORY_CONSUMED_DIAGNOSTIC_ONLY
U0_SS,pressure_gradient_acceleration,LINEAGE,HMSO01R_A|FIELD_LINEAGE|1a444bf8e4f5678b58a9ba1debf6e16323abf2899e40040f0bbc7e1608156e14,0.1,0.9,7.743121034250964,2.988314286721013,0.0,0,2560,FROZEN_K10_NEIGHBOURS_PLUS_FROZEN_K10_MATCHED_RANDOM_EDGES,PERSISTENT_OPERATIONAL_NEAR_COLLISION_EVIDENCE,EVALUABLE,EXPLORATORY_CONSUMED_DIAGNOSTIC_ONLY
U0_SS,pressure_gradient_acceleration,LINEAGE,HMSO01R_A|FIELD_LINEAGE|1b6f0cb3de33bc6abdb0882404222836bd00a9ad3c6fe2c95af35a87f0fa1200,0.1,0.9,7.743121034250964,2.988314286721013,0.0,0,2560,FROZEN_K10_NEIGHBOURS_PLUS_FROZEN_K10_MATCHED_RANDOM_EDGES,PERSISTENT_OPERATIONAL_NEAR_COLLISION_EVIDENCE,EVALUABLE,EXPLORATORY_CONSUMED_DIAGNOSTIC_ONLY
U0_SS,pressure_gradient_acceleration,LINEAGE,HMSO01R_A|FIELD_LINEAGE|1d03c9c9f560219b53c739310adfe296cf8afec50561d01ce15be76ae73c1479,0.1,0.9,7.743121034250964,2.988314286721013,0.0,0,2560,FROZEN_K10_NEIGHBOURS_PLUS_FROZEN_K10_MATCHED_RANDOM_EDGES,PERSISTENT_OPERATIONAL_NEAR_COLLISION_EVIDENCE,EVALUABLE,EXPLORATORY_CONSUMED_DIAGNOSTIC_ONLY
U0_SS,pressure_gradient_acceleration,LINEAGE,HMSO01R_A|FIELD_LINEAGE|1e499d17b9c103b93706f70e5fa2f7497086b8d1dab61b6d4e57ae6874e328ff,0.1,0.9,7.743121034250964,2.988314286721013,0.0,0,2560,FROZEN_K10_NEIGHBOURS_PLUS_FROZEN_K10_MATCHED_RANDOM_EDGES,PERSISTENT_OPERATIONAL_NEAR_COLLISION_EVIDENCE,EVALUABLE,EXPLORATORY_CONSUMED_DIAGNOSTIC_ONLY
U0_SS,pressure_gradient_acceleration,LINEAGE,HMSO01R_A|FIELD_LINEAGE|20bbc33e3ce141e2f7eb99de3d0702689581411faf36ef6782c9dd4ff7bd0899,0.1,0.9,7.743121034250964,2.988314286721013,0.0,0,2560,FROZEN_K10_NEIGHBOURS_PLUS_FROZEN_K10_MATCHED_RANDOM_EDGES,PERSISTENT_OPERATIONAL_NEAR_COLLISION_EVIDENCE,EVALUABLE,EXPLORATORY_CONSUMED_DIAGNOSTIC_ONLY
U0_SS,pressure_gradient_acceleration,LINEAGE,HMSO01R_A|FIELD_LINEAGE|20fd9f4e76cc9e98a79b808be25ffb0cc4d95c0522637973fd5963586426d614,0.1,0.9,7.743121034250964,2.988314286721013,0.0,0,2560,FROZEN_K10_NEIGHBOURS_PLUS_FROZEN_K10_MATCHED_RANDOM_EDGES,PERSISTENT_OPERATIONAL_NEAR_COLLISION_EVIDENCE,EVALUABLE,EXPLORATORY_CONSUMED_DIAGNOSTIC_ONLY
U0_SS,pressure_gradient_acceleration,LINEAGE,HMSO01R_A|FIELD_LINEAGE|21308456c1ed84c2854c7a093be1e48cf9af8d5768485e2a86892e0fd138af17,0.1,0.9,7.743121034250964,2.988314286721013,0.0,0,2560,FROZEN_K10_NEIGHBOURS_PLUS_FROZEN_K10_MATCHED_RANDOM_EDGES,PERSISTENT_OPERATIONAL_NEAR_COLLISION_EVIDENCE,EVALUABLE,EXPLORATORY_CONSUMED_DIAGNOSTIC_ONLY
U0_SS,pressure_gradient_acceleration,LINEAGE,HMSO01R_A|FIELD_LINEAGE|21b79bdb11d90c0a9b01efce71ed9eec0d7fba61736210c4c1ab358a9c4e965a,0.1,0.9,7.743121034250964,2.988314286721013,0.0,0,5120,FROZEN_K10_NEIGHBOURS_PLUS_FROZEN_K10_MATCHED_RANDOM_EDGES,PERSISTENT_OPERATIONAL_NEAR_COLLISION_EVIDENCE,EVALUABLE,EXPLORATORY_CONSUMED_DIAGNOSTIC_ONLY
U0_SS,pressure_gradient_acceleration,LINEAGE,HMSO01R_A|FIELD_LINEAGE|21dfb26365637485a590f4aa1b2a5297d551eab87745fb26abbdd41a0e1d8daa,0.1,0.9,7.743121034250964,2.988314286721013,0.0,0,2560,FROZEN_K10_NEIGHBOURS_PLUS_FROZEN_K10_MATCHED_RANDOM_EDGES,PERSISTENT_OPERATIONAL_NEAR_COLLISION_EVIDENCE,EVALUABLE,EXPLORATORY_CONSUMED_DIAGNOSTIC_ONLY
U0_SS,pressure_gradient_acceleration,LINEAGE,HMSO01R_A|FIELD_LINEAGE|226b761343bde11d0f8531972b4efd2a54f34c441ce74b43268bfdfde41542ed,0.1,0.9,7.743121034250964,2.988314286721013,0.0,0,2560,FROZEN_K10_NEIGHBOURS_PLUS_FROZEN_K10_MATCHED_RANDOM_EDGES,PERSISTENT_OPERATIONAL_NEAR_COLLISION_EVIDENCE,EVALUABLE,EXPLORATORY_CONSUMED_DIAGNOSTIC_ONLY
U0_SS,pressure_gradient_acceleration,LINEAGE,HMSO01R_A|FIELD_LINEAGE|292cdf1c570d6fb417a11eb6a7d4d830f9162a0bf0e09496e15edbaa84e1f3f4,0.1,0.9,7.743121034250964,2.988314286721013,0.0,0,2560,FROZEN_K10_NEIGHBOURS_PLUS_FROZEN_K10_MATCHED_RANDOM_EDGES,PERSISTENT_OPERATIONAL_NEAR_COLLISION_EVIDENCE,EVALUABLE,EXPLORATORY_CONSUMED_DIAGNOSTIC_ONLY
U0_SS,pressure_gradient_acceleration,LINEAGE,HMSO01R_A|FIELD_LINEAGE|29dc93f9e64f8875b47eb06f84606bc0c4a0e9315877441085164bd7870ebc8e,0.1,0.9,7.743121034250964,2.988314286721013,0.0,0,2560,FROZEN_K10_NEIGHBOURS_PLUS_FROZEN_K10_MATCHED_RANDOM_EDGES,PERSISTENT_OPERATIONAL_NEAR_COLLISION_EVIDENCE,EVALUABLE,EXPLORATORY_CONSUMED_DIAGNOSTIC_ONLY
U0_SS,pressure_gradient_acceleration,LINEAGE,HMSO01R_A|FIELD_LINEAGE|2bf67fa14447cc7892bedcae7ba79ef420cf3b1aa476bde75527a097c9a5c922,0.1,0.9,7.743121034250964,2.988314286721013,0.0,0,5120,FROZEN_K10_NEIGHBOURS_PLUS_FROZEN_K10_MATCHED_RANDOM_EDGES,PERSISTENT_OPERATIONAL_NEAR_COLLISION_EVIDENCE,EVALUABLE,EXPLORATORY_CONSUMED_DIAGNOSTIC_ONLY
U0_SS,pressure_gradient_acceleration,LINEAGE,HMSO01R_A|FIELD_LINEAGE|2d885ab8e36e98def0f3a036fab45f57940afd290e12c42ece2cbbf2a0b7faed,0.1,0.9,7.743121034250964,2.988314286721013,0.0,0,2560,FROZEN_K10_NEIGHBOURS_PLUS_FROZEN_K10_MATCHED_RANDOM_EDGES,PERSISTENT_OPERATIONAL_NEAR_COLLISION_EVIDENCE,EVALUABLE,EXPLORATORY_CONSUMED_DIAGNOSTIC_ONLY
U0_SS,pressure_gradient_acceleration,LINEAGE,HMSO01R_A|FIELD_LINEAGE|2e00a5aa730d3fe2629242ac9cb05445890c5ccd2cee3bc6b04bd3dcaa176cdc,0.1,0.9,7.743121034250964,2.988314286721013,0.0,0,2560,FROZEN_K10_NEIGHBOURS_PLUS_FROZEN_K10_MATCHED_RANDOM_EDGES,PERSISTENT_OPERATIONAL_NEAR_COLLISION_EVIDENCE,EVALUABLE,EXPLORATORY_CONSUMED_DIAGNOSTIC_ONLY
U0_SS,pressure_gradient_acceleration,LINEAGE,HMSO01R_A|FIELD_LINEAGE|3264ae7008b91adb6f4b677f3ecc13cbe5ab1143b7f33ef501525d095e0b618c,0.1,0.9,7.743121034250964,2.988314286721013,0.0,0,30720,FROZEN_K10_NEIGHBOURS_PLUS_FROZEN_K10_MATCHED_RANDOM_EDGES,PERSISTENT_OPERATIONAL_NEAR_COLLISION_EVIDENCE,EVALUABLE,EXPLORATORY_CONSUMED_DIAGNOSTIC_ONLY
U0_SS,pressure_gradient_acceleration,LINEAGE,HMSO01R_A|FIELD_LINEAGE|3283083498700d830b6f9393659c16097acacaf984f6c43b70c65438a233286d,0.1,0.9,7.743121034250964,2.988314286721013,0.0,0,5120,FROZEN_K10_NEIGHBOURS_PLUS_FROZEN_K10_MATCHED_RANDOM_EDGES,PERSISTENT_OPERATIONAL_NEAR_COLLISION_EVIDENCE,EVALUABLE,EXPLORATORY_CONSUMED_DIAGNOSTIC_ONLY
U0_SS,pressure_gradient_acceleration,LINEAGE,HMSO01R_A|FIELD_LINEAGE|34168bb92814c253cb6b05f8022442aa6cab311b67f648a00b758da530873bc9,0.1,0.9,7.743121034250964,2.988314286721013,0.0,0,2560,FROZEN_K10_NEIGHBOURS_PLUS_FROZEN_K10_MATCHED_RANDOM_EDGES,PERSISTENT_OPERATIONAL_NEAR_COLLISION_EVIDENCE,EVALUABLE,EXPLORATORY_CONSUMED_DIAGNOSTIC_ONLY
U0_SS,pressure_gradient_acceleration,LINEAGE,HMSO01R_A|FIELD_LINEAGE|34a4e80876c1805c1767ae4dec4e60fe92b927519de4d3f4fc98d8e491efa006,0.1,0.9,7.743121034250964,2.988314286721013,0.0,0,2560,FROZEN_K10_NEIGHBOURS_PLUS_FROZEN_K10_MATCHED_RANDOM_EDGES,PERSISTENT_OPERATIONAL_NEAR_COLLISION_EVIDENCE,EVALUABLE,EXPLORATORY_CONSUMED_DIAGNOSTIC_ONLY
U0_SS,pressure_gradient_acceleration,LINEAGE,HMSO01R_A|FIELD_LINEAGE|367777ab46eb41f1d6390744a91dc4aea35bac8f23f02a2f5c6dee473916edbd,0.1,0.9,7.743121034250964,2.988314286721013,0.0,0,2560,FROZEN_K10_NEIGHBOURS_PLUS_FROZEN_K10_MATCHED_RANDOM_EDGES,PERSISTENT_OPERATIONAL_NEAR_COLLISION_EVIDENCE,EVALUABLE,EXPLORATORY_CONSUMED_DIAGNOSTIC_ONLY
U0_SS,pressure_gradient_acceleration,LINEAGE,HMSO01R_A|FIELD_LINEAGE|381d8f63546be0384f86ba8b518abcf8c4d107fec707374fb03828151e0b75af,0.1,0.9,7.743121034250964,2.988314286721013,0.0,0,2560,FROZEN_K10_NEIGHBOURS_PLUS_FROZEN_K10_MATCHED_RANDOM_EDGES,PERSISTENT_OPERATIONAL_NEAR_COLLISION_EVIDENCE,EVALUABLE,EXPLORATORY_CONSUMED_DIAGNOSTIC_ONLY
U0_SS,pressure_gradient_acceleration,LINEAGE,HMSO01R_A|FIELD_LINEAGE|38ed780ae9e2ceb725d12dc596e69f348d116c6ab5da75f5bae97744169a86db,0.1,0.9,7.743121034250964,2.988314286721013,0.0,0,2560,FROZEN_K10_NEIGHBOURS_PLUS_FROZEN_K10_MATCHED_RANDOM_EDGES,PERSISTENT_OPERATIONAL_NEAR_COLLISION_EVIDENCE,EVALUABLE,EXPLORATORY_CONSUMED_DIAGNOSTIC_ONLY
U0_SS,pressure_gradient_acceleration,LINEAGE,HMSO01R_A|FIELD_LINEAGE|39a5eaeb1afddf9af00bec82f67fdf5414fc1d1e11076c2f86704fda2809ab87,0.1,0.9,7.743121034250964,2.988314286721013,0.0,0,5120,FROZEN_K10_NEIGHBOURS_PLUS_FROZEN_K10_MATCHED_RANDOM_EDGES,PERSISTENT_OPERATIONAL_NEAR_COLLISION_EVIDENCE,EVALUABLE,EXPLORATORY_CONSUMED_DIAGNOSTIC_ONLY
U0_SS,pressure_gradient_acceleration,LINEAGE,HMSO01R_A|FIELD_LINEAGE|3c7ea9b77bf044ea3d9c6d199831fc605b20c1d7b4a9ad213eb80b5cab2c0296,0.1,0.9,7.743121034250964,2.988314286721013,0.0,0,2560,FROZEN_K10_NEIGHBOURS_PLUS_FROZEN_K10_MATCHED_RANDOM_EDGES,PERSISTENT_OPERATIONAL_NEAR_COLLISION_EVIDENCE,EVALUABLE,EXPLORATORY_CONSUMED_DIAGNOSTIC_ONLY
U0_SS,pressure_gradient_acceleration,LINEAGE,HMSO01R_A|FIELD_LINEAGE|3d33238d426baab3f4ff1c525309d0c0b825fb99fca42c8d1a5482ea92f2f1a6,0.1,0.9,7.743121034250964,2.988314286721013,0.0,0,5120,FROZEN_K10_NEIGHBOURS_PLUS_FROZEN_K10_MATCHED_RANDOM_EDGES,PERSISTENT_OPERATIONAL_NEAR_COLLISION_EVIDENCE,EVALUABLE,EXPLORATORY_CONSUMED_DIAGNOSTIC_ONLY
U0_SS,pressure_gradient_acceleration,LINEAGE,HMSO01R_A|FIELD_LINEAGE|3e17b326e03465aac98a6b656cd3125c19ada3cc77d6223ebd6e30804155ff56,0.1,0.9,7.743121034250964,2.988314286721013,0.0,0,2560,FROZEN_K10_NEIGHBOURS_PLUS_FROZEN_K10_MATCHED_RANDOM_EDGES,PERSISTENT_OPERATIONAL_NEAR_COLLISION_EVIDENCE,EVALUABLE,EXPLORATORY_CONSUMED_DIAGNOSTIC_ONLY
U0_SS,pressure_gradient_acceleration,LINEAGE,HMSO01R_A|FIELD_LINEAGE|3e594f148c4f0181faaf58cc7906a2e9e8709c7be31e59cdc8bdd6b6b7c398a2,0.1,0.9,7.743121034250964,2.988314286721013,0.0,0,2560,FROZEN_K10_NEIGHBOURS_PLUS_FROZEN_K10_MATCHED_RANDOM_EDGES,PERSISTENT_OPERATIONAL_NEAR_COLLISION_EVIDENCE,EVALUABLE,EXPLORATORY_CONSUMED_DIAGNOSTIC_ONLY
U0_SS,pressure_gradient_acceleration,LINEAGE,HMSO01R_A|FIELD_LINEAGE|40ad278dca26109101acf56cf89434c2db030106327c552c8aaad7f18589b1fc,0.1,0.9,7.743121034250964,2.988314286721013,0.0,0,2560,FROZEN_K10_NEIGHBOURS_PLUS_FROZEN_K10_MATCHED_RANDOM_EDGES,PERSISTENT_OPERATIONAL_NEAR_COLLISION_EVIDENCE,EVALUABLE,EXPLORATORY_CONSUMED_DIAGNOSTIC_ONLY
U0_SS,pressure_gradient_acceleration,LINEAGE,HMSO01R_A|FIELD_LINEAGE|41b714ff189f53f826864cf9fac2bed83a6e097351a7033fcea23d658bf21b54,0.1,0.9,7.743121034250964,2.988314286721013,0.0,0,2560,FROZEN_K10_NEIGHBOURS_PLUS_FROZEN_K10_MATCHED_RANDOM_EDGES,PERSISTENT_OPERATIONAL_NEAR_COLLISION_EVIDENCE,EVALUABLE,EXPLORATORY_CONSUMED_DIAGNOSTIC_ONLY
U0_SS,pressure_gradient_acceleration,LINEAGE,HMSO01R_A|FIELD_LINEAGE|41ec221cb0eeb1bbfd7efc4d5d4cd642cd62a71a09fd5ce2fc9fff0cbe48931c,0.1,0.9,7.743121034250964,2.988314286721013,0.0,0,2560,FROZEN_K10_NEIGHBOURS_PLUS_FROZEN_K10_MATCHED_RANDOM_EDGES,PERSISTENT_OPERATIONAL_NEAR_COLLISION_EVIDENCE,EVALUABLE,EXPLORATORY_CONSUMED_DIAGNOSTIC_ONLY
U0_SS,pressure_gradient_acceleration,LINEAGE,HMSO01R_A|FIELD_LINEAGE|429c6019f8749d53e4581b918e84a928af92c02c8bd8516136f7bea7e94cf671,0.1,0.9,7.743121034250964,2.988314286721013,0.0,0,2560,FROZEN_K10_NEIGHBOURS_PLUS_FROZEN_K10_MATCHED_RANDOM_EDGES,PERSISTENT_OPERATIONAL_NEAR_COLLISION_EVIDENCE,EVALUABLE,EXPLORATORY_CONSUMED_DIAGNOSTIC_ONLY
U0_SS,pressure_gradient_acceleration,LINEAGE,HMSO01R_A|FIELD_LINEAGE|42e50ef40056d389a76817004688f104ee3861e2ea394e0b7ded0e04dbc7e54e,0.1,0.9,7.743121034250964,2.988314286721013,0.0,0,5120,FROZEN_K10_NEIGHBOURS_PLUS_FROZEN_K10_MATCHED_RANDOM_EDGES,PERSISTENT_OPERATIONAL_NEAR_COLLISION_EVIDENCE,EVALUABLE,EXPLORATORY_CONSUMED_DIAGNOSTIC_ONLY
U0_SS,pressure_gradient_acceleration,LINEAGE,HMSO01R_A|FIELD_LINEAGE|43048a070f7e90a4b3daec507e653fb282b428f5e4cf309a72c949e8f5226bf3,0.1,0.9,7.743121034250964,2.988314286721013,0.0,0,2560,FROZEN_K10_NEIGHBOURS_PLUS_FROZEN_K10_MATCHED_RANDOM_EDGES,PERSISTENT_OPERATIONAL_NEAR_COLLISION_EVIDENCE,EVALUABLE,EXPLORATORY_CONSUMED_DIAGNOSTIC_ONLY
U0_SS,pressure_gradient_acceleration,LINEAGE,HMSO01R_A|FIELD_LINEAGE|4389c621e60229f631c944081b4adc544d96927c12f624ff90ee3e85668f651e,0.1,0.9,7.743121034250964,2.988314286721013,0.0,0,2560,FROZEN_K10_NEIGHBOURS_PLUS_FROZEN_K10_MATCHED_RANDOM_EDGES,PERSISTENT_OPERATIONAL_NEAR_COLLISION_EVIDENCE,EVALUABLE,EXPLORATORY_CONSUMED_DIAGNOSTIC_ONLY
U0_SS,pressure_gradient_acceleration,LINEAGE,HMSO01R_A|FIELD_LINEAGE|440a69e5e6d8a6266c3153ff4cc4273aafca8ec71c677d3f24cfa0db89cae65c,0.1,0.9,7.743121034250964,2.988314286721013,0.0,0,2560,FROZEN_K10_NEIGHBOURS_PLUS_FROZEN_K10_MATCHED_RANDOM_EDGES,PERSISTENT_OPERATIONAL_NEAR_COLLISION_EVIDENCE,EVALUABLE,EXPLORATORY_CONSUMED_DIAGNOSTIC_ONLY
U0_SS,pressure_gradient_acceleration,LINEAGE,HMSO01R_A|FIELD_LINEAGE|4666d705aea26a6f22073d7a13f6e76c36824d125314c031a782f73ac5ba6779,0.1,0.9,7.743121034250964,2.988314286721013,0.0,0,5120,FROZEN_K10_NEIGHBOURS_PLUS_FROZEN_K10_MATCHED_RANDOM_EDGES,PERSISTENT_OPERATIONAL_NEAR_COLLISION_EVIDENCE,EVALUABLE,EXPLORATORY_CONSUMED_DIAGNOSTIC_ONLY
U0_SS,pressure_gradient_acceleration,LINEAGE,HMSO01R_A|FIELD_LINEAGE|46ad1db2ba1a448aa8fcf8fea69b4b772861af80c9b661f505a8c591ffdfe68c,0.1,0.9,7.743121034250964,2.988314286721013,0.0,0,2560,FROZEN_K10_NEIGHBOURS_PLUS_FROZEN_K10_MATCHED_RANDOM_EDGES,PERSISTENT_OPERATIONAL_NEAR_COLLISION_EVIDENCE,EVALUABLE,EXPLORATORY_CONSUMED_DIAGNOSTIC_ONLY
U0_SS,pressure_gradient_acceleration,LINEAGE,HMSO01R_A|FIELD_LINEAGE|4729596698ed7c65dd5f082aea4dac27cd26c6550de18eb2382e9ca6f186b90b,0.1,0.9,7.743121034250964,2.988314286721013,0.0,0,2560,FROZEN_K10_NEIGHBOURS_PLUS_FROZEN_K10_MATCHED_RANDOM_EDGES,PERSISTENT_OPERATIONAL_NEAR_COLLISION_EVIDENCE,EVALUABLE,EXPLORATORY_CONSUMED_DIAGNOSTIC_ONLY
U0_SS,pressure_gradient_acceleration,LINEAGE,HMSO01R_A|FIELD_LINEAGE|475ead0c3c732d8046f08c0918482fe4219c4fa643d2e948ba96c0bc2f6d887d,0.1,0.9,7.743121034250964,2.988314286721013,0.0,0,2560,FROZEN_K10_NEIGHBOURS_PLUS_FROZEN_K10_MATCHED_RANDOM_EDGES,PERSISTENT_OPERATIONAL_NEAR_COLLISION_EVIDENCE,EVALUABLE,EXPLORATORY_CONSUMED_DIAGNOSTIC_ONLY
U0_SS,pressure_gradient_acceleration,LINEAGE,HMSO01R_A|FIELD_LINEAGE|49aae8e0ac8e4584d3624cd5459480c917c8157571a4f7ac9660003550146055,0.1,0.9,7.743121034250964,2.988314286721013,0.0,0,2560,FROZEN_K10_NEIGHBOURS_PLUS_FROZEN_K10_MATCHED_RANDOM_EDGES,PERSISTENT_OPERATIONAL_NEAR_COLLISION_EVIDENCE,EVALUABLE,EXPLORATORY_CONSUMED_DIAGNOSTIC_ONLY
U0_SS,pressure_gradient_acceleration,LINEAGE,HMSO01R_A|FIELD_LINEAGE|4a864b01d23e69fbf80902fd3a728f366c9eb285ead51eb5724dfe25ca232031,0.1,0.9,7.743121034250964,2.988314286721013,0.0,0,2560,FROZEN_K10_NEIGHBOURS_PLUS_FROZEN_K10_MATCHED_RANDOM_EDGES,PERSISTENT_OPERATIONAL_NEAR_COLLISION_EVIDENCE,EVALUABLE,EXPLORATORY_CONSUMED_DIAGNOSTIC_ONLY
U0_SS,pressure_gradient_acceleration,LINEAGE,HMSO01R_A|FIELD_LINEAGE|4c3bbd0a7d56407cf1ccc6d516e10bc822949b03124ef92a27e554a97f6ed1b2,0.1,0.9,7.743121034250964,2.988314286721013,0.0,0,2560,FROZEN_K10_NEIGHBOURS_PLUS_FROZEN_K10_MATCHED_RANDOM_EDGES,PERSISTENT_OPERATIONAL_NEAR_COLLISION_EVIDENCE,EVALUABLE,EXPLORATORY_CONSUMED_DIAGNOSTIC_ONLY
U0_SS,pressure_gradient_acceleration,LINEAGE,HMSO01R_A|FIELD_LINEAGE|4cf69c455bf1f50d880646e37d5ce58645992adb18a995a52fdf89583dcd2384,0.1,0.9,7.743121034250964,2.988314286721013,0.0,0,2560,FROZEN_K10_NEIGHBOURS_PLUS_FROZEN_K10_MATCHED_RANDOM_EDGES,PERSISTENT_OPERATIONAL_NEAR_COLLISION_EVIDENCE,EVALUABLE,EXPLORATORY_CONSUMED_DIAGNOSTIC_ONLY
U0_SS,pressure_gradient_acceleration,LINEAGE,HMSO01R_A|FIELD_LINEAGE|51aa7e7dbbb5aa6496f5ed0b95d8e85438067333a238c5e41877a3cd9ace3175,0.1,0.9,7.743121034250964,2.988314286721013,0.0,0,2560,FROZEN_K10_NEIGHBOURS_PLUS_FROZEN_K10_MATCHED_RANDOM_EDGES,PERSISTENT_OPERATIONAL_NEAR_COLLISION_EVIDENCE,EVALUABLE,EXPLORATORY_CONSUMED_DIAGNOSTIC_ONLY
U0_SS,pressure_gradient_acceleration,LINEAGE,HMSO01R_A|FIELD_LINEAGE|541d56dfe6d37f091e41084f899b04aeee2814cee915608e406b47dce85c3c8b,0.1,0.9,7.743121034250964,2.988314286721013,0.0,0,5120,FROZEN_K10_NEIGHBOURS_PLUS_FROZEN_K10_MATCHED_RANDOM_EDGES,PERSISTENT_OPERATIONAL_NEAR_COLLISION_EVIDENCE,EVALUABLE,EXPLORATORY_CONSUMED_DIAGNOSTIC_ONLY
U0_SS,pressure_gradient_acceleration,LINEAGE,HMSO01R_A|FIELD_LINEAGE|55cdcba2ab757796978976644840d2bce6b96e998f32047a71aff1f289ed6480,0.1,0.9,7.743121034250964,2.988314286721013,0.0,0,2560,FROZEN_K10_NEIGHBOURS_PLUS_FROZEN_K10_MATCHED_RANDOM_EDGES,PERSISTENT_OPERATIONAL_NEAR_COLLISION_EVIDENCE,EVALUABLE,EXPLORATORY_CONSUMED_DIAGNOSTIC_ONLY
U0_SS,pressure_gradient_acceleration,LINEAGE,HMSO01R_A|FIELD_LINEAGE|56571c9b6d895bc0e855ce89225a188e41167fe16fc1aed7e4e19ab1ddaef9cb,0.1,0.9,7.743121034250964,2.988314286721013,0.0,0,2560,FROZEN_K10_NEIGHBOURS_PLUS_FROZEN_K10_MATCHED_RANDOM_EDGES,PERSISTENT_OPERATIONAL_NEAR_COLLISION_EVIDENCE,EVALUABLE,EXPLORATORY_CONSUMED_DIAGNOSTIC_ONLY
U0_SS,pressure_gradient_acceleration,LINEAGE,HMSO01R_A|FIELD_LINEAGE|5717c014ee19e2404587fa3546273faef8d6d97d2a31a4b9e01b24770e476426,0.1,0.9,7.743121034250964,2.988314286721013,0.0,0,2560,FROZEN_K10_NEIGHBOURS_PLUS_FROZEN_K10_MATCHED_RANDOM_EDGES,PERSISTENT_OPERATIONAL_NEAR_COLLISION_EVIDENCE,EVALUABLE,EXPLORATORY_CONSUMED_DIAGNOSTIC_ONLY
U0_SS,pressure_gradient_acceleration,LINEAGE,HMSO01R_A|FIELD_LINEAGE|5788e5f098ee24a0bfe3ef48cb7ba08a0bdbab2c319fd19eedc3c9eb4ac76f03,0.1,0.9,7.743121034250964,2.988314286721013,0.0,0,2560,FROZEN_K10_NEIGHBOURS_PLUS_FROZEN_K10_MATCHED_RANDOM_EDGES,PERSISTENT_OPERATIONAL_NEAR_COLLISION_EVIDENCE,EVALUABLE,EXPLORATORY_CONSUMED_DIAGNOSTIC_ONLY
U0_SS,pressure_gradient_acceleration,LINEAGE,HMSO01R_A|FIELD_LINEAGE|5851badadb2dbcb7aa9bd12e7e1999f87fd380febbee831ba86fec2a8906fa0a,0.1,0.9,7.743121034250964,2.988314286721013,0.0,0,5120,FROZEN_K10_NEIGHBOURS_PLUS_FROZEN_K10_MATCHED_RANDOM_EDGES,PERSISTENT_OPERATIONAL_NEAR_COLLISION_EVIDENCE,EVALUABLE,EXPLORATORY_CONSUMED_DIAGNOSTIC_ONLY
U0_SS,pressure_gradient_acceleration,LINEAGE,HMSO01R_A|FIELD_LINEAGE|5915fb95e293a089619d78d1366edf95fa145cc69452df6337d9252e862b1502,0.1,0.9,7.743121034250964,2.988314286721013,0.0,0,2560,FROZEN_K10_NEIGHBOURS_PLUS_FROZEN_K10_MATCHED_RANDOM_EDGES,PERSISTENT_OPERATIONAL_NEAR_COLLISION_EVIDENCE,EVALUABLE,EXPLORATORY_CONSUMED_DIAGNOSTIC_ONLY
U0_SS,pressure_gradient_acceleration,LINEAGE,HMSO01R_A|FIELD_LINEAGE|5932ef4f3ff2f79b2fa4005d45fb593b78f4308c6edd18917a8552256cdfcf19,0.1,0.9,7.743121034250964,2.988314286721013,0.0,0,2560,FROZEN_K10_NEIGHBOURS_PLUS_FROZEN_K10_MATCHED_RANDOM_EDGES,PERSISTENT_OPERATIONAL_NEAR_COLLISION_EVIDENCE,EVALUABLE,EXPLORATORY_CONSUMED_DIAGNOSTIC_ONLY
U0_SS,pressure_gradient_acceleration,LINEAGE,HMSO01R_A|FIELD_LINEAGE|59aef3f6a7aa33f774612e58955e925638af1b151b9e6b2d7127236b21c1a5a6,0.1,0.9,7.743121034250964,2.988314286721013,0.0,0,2560,FROZEN_K10_NEIGHBOURS_PLUS_FROZEN_K10_MATCHED_RANDOM_EDGES,PERSISTENT_OPERATIONAL_NEAR_COLLISION_EVIDENCE,EVALUABLE,EXPLORATORY_CONSUMED_DIAGNOSTIC_ONLY
U0_SS,pressure_gradient_acceleration,LINEAGE,HMSO01R_A|FIELD_LINEAGE|5a0dbac6ae904f5529ad460639c41b1b383ca8809b93f779bcc31cb0fd08d08b,0.1,0.9,7.743121034250964,2.988314286721013,0.0,0,2560,FROZEN_K10_NEIGHBOURS_PLUS_FROZEN_K10_MATCHED_RANDOM_EDGES,PERSISTENT_OPERATIONAL_NEAR_COLLISION_EVIDENCE,EVALUABLE,EXPLORATORY_CONSUMED_DIAGNOSTIC_ONLY
U0_SS,pressure_gradient_acceleration,LINEAGE,HMSO01R_A|FIELD_LINEAGE|5c056a7425c54539d868f52b6ae68a4c578195d4f6b5cb7d636be4eab2c2df8c,0.1,0.9,7.743121034250964,2.988314286721013,0.0,0,5120,FROZEN_K10_NEIGHBOURS_PLUS_FROZEN_K10_MATCHED_RANDOM_EDGES,PERSISTENT_OPERATIONAL_NEAR_COLLISION_EVIDENCE,EVALUABLE,EXPLORATORY_CONSUMED_DIAGNOSTIC_ONLY
U0_SS,pressure_gradient_acceleration,LINEAGE,HMSO01R_A|FIELD_LINEAGE|5c07d2280b8a6c46f1c42b9f7878f3f5c5e2174c9419aaf05f2bb6b52ab2f5f6,0.1,0.9,7.743121034250964,2.988314286721013,0.0,0,5120,FROZEN_K10_NEIGHBOURS_PLUS_FROZEN_K10_MATCHED_RANDOM_EDGES,PERSISTENT_OPERATIONAL_NEAR_COLLISION_EVIDENCE,EVALUABLE,EXPLORATORY_CONSUMED_DIAGNOSTIC_ONLY
U0_SS,pressure_gradient_acceleration,LINEAGE,HMSO01R_A|FIELD_LINEAGE|5cf76bdd12cdf0612bba343b6cf1b9e46ef0764cc183560f7b16acacca9460f1,0.1,0.9,7.743121034250964,2.988314286721013,0.0,0,2560,FROZEN_K10_NEIGHBOURS_PLUS_FROZEN_K10_MATCHED_RANDOM_EDGES,PERSISTENT_OPERATIONAL_NEAR_COLLISION_EVIDENCE,EVALUABLE,EXPLORATORY_CONSUMED_DIAGNOSTIC_ONLY
U0_SS,pressure_gradient_acceleration,LINEAGE,HMSO01R_A|FIELD_LINEAGE|5d84595c43a38b585d7953f18ac50da686f8debb482b1cca6058cffe84d274b6,0.1,0.9,7.743121034250964,2.988314286721013,0.0,0,30720,FROZEN_K10_NEIGHBOURS_PLUS_FROZEN_K10_MATCHED_RANDOM_EDGES,PERSISTENT_OPERATIONAL_NEAR_COLLISION_EVIDENCE,EVALUABLE,EXPLORATORY_CONSUMED_DIAGNOSTIC_ONLY
U0_SS,pressure_gradient_acceleration,LINEAGE,HMSO01R_A|FIELD_LINEAGE|5e2623db68536d2f4bee911245429597fdaee9006859890dec92aeaff707fe09,0.1,0.9,7.743121034250964,2.988314286721013,0.0,0,5120,FROZEN_K10_NEIGHBOURS_PLUS_FROZEN_K10_MATCHED_RANDOM_EDGES,PERSISTENT_OPERATIONAL_NEAR_COLLISION_EVIDENCE,EVALUABLE,EXPLORATORY_CONSUMED_DIAGNOSTIC_ONLY
U0_SS,pressure_gradient_acceleration,LINEAGE,HMSO01R_A|FIELD_LINEAGE|61b0a8ee57598b36eed2786a9e3e1cafd7d1e5cb7b5052c92f6d5c1826bc6619,0.1,0.9,7.743121034250964,2.988314286721013,0.0,0,5120,FROZEN_K10_NEIGHBOURS_PLUS_FROZEN_K10_MATCHED_RANDOM_EDGES,PERSISTENT_OPERATIONAL_NEAR_COLLISION_EVIDENCE,EVALUABLE,EXPLORATORY_CONSUMED_DIAGNOSTIC_ONLY
U0_SS,pressure_gradient_acceleration,LINEAGE,HMSO01R_A|FIELD_LINEAGE|61d4f5ea89fdb94c7fd8a7150c89f5910fdf9e6c5a71383e850b5a750c8fcf55,0.1,0.9,7.743121034250964,2.988314286721013,0.0,0,5120,FROZEN_K10_NEIGHBOURS_PLUS_FROZEN_K10_MATCHED_RANDOM_EDGES,PERSISTENT_OPERATIONAL_NEAR_COLLISION_EVIDENCE,EVALUABLE,EXPLORATORY_CONSUMED_DIAGNOSTIC_ONLY
U0_SS,pressure_gradient_acceleration,LINEAGE,HMSO01R_A|FIELD_LINEAGE|6260b45ec31956360cb50305f8ad9fa70be57f53fb24bc0523fc70aeb48f57ae,0.1,0.9,7.743121034250964,2.988314286721013,0.0,0,2560,FROZEN_K10_NEIGHBOURS_PLUS_FROZEN_K10_MATCHED_RANDOM_EDGES,PERSISTENT_OPERATIONAL_NEAR_COLLISION_EVIDENCE,EVALUABLE,EXPLORATORY_CONSUMED_DIAGNOSTIC_ONLY
U0_SS,pressure_gradient_acceleration,LINEAGE,HMSO01R_A|FIELD_LINEAGE|6359faeb0765247f7e12d6c9e8bbc8898fa74fca5c76c863a6009dffddbcb32e,0.1,0.9,7.743121034250964,2.988314286721013,0.0,0,30720,FROZEN_K10_NEIGHBOURS_PLUS_FROZEN_K10_MATCHED_RANDOM_EDGES,PERSISTENT_OPERATIONAL_NEAR_COLLISION_EVIDENCE,EVALUABLE,EXPLORATORY_CONSUMED_DIAGNOSTIC_ONLY
U0_SS,pressure_gradient_acceleration,LINEAGE,HMSO01R_A|FIELD_LINEAGE|64cf1977fe8b52c7e0fc1798d4810be4243b09c0886573ce42439c1eaf431667,0.1,0.9,7.743121034250964,2.988314286721013,0.0,0,5120,FROZEN_K10_NEIGHBOURS_PLUS_FROZEN_K10_MATCHED_RANDOM_EDGES,PERSISTENT_OPERATIONAL_NEAR_COLLISION_EVIDENCE,EVALUABLE,EXPLORATORY_CONSUMED_DIAGNOSTIC_ONLY
U0_SS,pressure_gradient_acceleration,LINEAGE,HMSO01R_A|FIELD_LINEAGE|66e31e43c39c0807b2398e5067c9aaab318a50b596f04344988d8e71103f4693,0.1,0.9,7.743121034250964,2.988314286721013,0.0,0,2560,FROZEN_K10_NEIGHBOURS_PLUS_FROZEN_K10_MATCHED_RANDOM_EDGES,PERSISTENT_OPERATIONAL_NEAR_COLLISION_EVIDENCE,EVALUABLE,EXPLORATORY_CONSUMED_DIAGNOSTIC_ONLY
U0_SS,pressure_gradient_acceleration,LINEAGE,HMSO01R_A|FIELD_LINEAGE|6918def6b8a6923e67fc2a25f9ee5a59a177f2b6c9bf8dfd922cd28ef3b4c287,0.1,0.9,7.743121034250964,2.988314286721013,0.0,0,5120,FROZEN_K10_NEIGHBOURS_PLUS_FROZEN_K10_MATCHED_RANDOM_EDGES,PERSISTENT_OPERATIONAL_NEAR_COLLISION_EVIDENCE,EVALUABLE,EXPLORATORY_CONSUMED_DIAGNOSTIC_ONLY
U0_SS,pressure_gradient_acceleration,LINEAGE,HMSO01R_A|FIELD_LINEAGE|6aba5ce17b9c02240405669069c0b485de9d3ce1714e3e85b0411d61ec7beb5e,0.1,0.9,7.743121034250964,2.988314286721013,0.0,0,2560,FROZEN_K10_NEIGHBOURS_PLUS_FROZEN_K10_MATCHED_RANDOM_EDGES,PERSISTENT_OPERATIONAL_NEAR_COLLISION_EVIDENCE,EVALUABLE,EXPLORATORY_CONSUMED_DIAGNOSTIC_ONLY
U0_SS,pressure_gradient_acceleration,LINEAGE,HMSO01R_A|FIELD_LINEAGE|6ad90de4847db7d34a3540ed573a050180b363be817d3503c19045b1a2f0ed3c,0.1,0.9,7.743121034250964,2.988314286721013,0.0,0,5120,FROZEN_K10_NEIGHBOURS_PLUS_FROZEN_K10_MATCHED_RANDOM_EDGES,PERSISTENT_OPERATIONAL_NEAR_COLLISION_EVIDENCE,EVALUABLE,EXPLORATORY_CONSUMED_DIAGNOSTIC_ONLY
U0_SS,pressure_gradient_acceleration,LINEAGE,HMSO01R_A|FIELD_LINEAGE|6af5032f0b166e8e3ff27ce0b5fdfb49cda87c61afe66a4eb6eb807e625daf8a,0.1,0.9,7.743121034250964,2.988314286721013,0.0,0,2560,FROZEN_K10_NEIGHBOURS_PLUS_FROZEN_K10_MATCHED_RANDOM_EDGES,PERSISTENT_OPERATIONAL_NEAR_COLLISION_EVIDENCE,EVALUABLE,EXPLORATORY_CONSUMED_DIAGNOSTIC_ONLY
U0_SS,pressure_gradient_acceleration,LINEAGE,HMSO01R_A|FIELD_LINEAGE|6d1fc2b84d6da564ae936d907e04365ad5b63a9377b77c1faa05d68a9fe06d3c,0.1,0.9,7.743121034250964,2.988314286721013,0.0,0,2560,FROZEN_K10_NEIGHBOURS_PLUS_FROZEN_K10_MATCHED_RANDOM_EDGES,PERSISTENT_OPERATIONAL_NEAR_COLLISION_EVIDENCE,EVALUABLE,EXPLORATORY_CONSUMED_DIAGNOSTIC_ONLY
U0_SS,pressure_gradient_acceleration,LINEAGE,HMSO01R_A|FIELD_LINEAGE|6d4353b03da9874056ea6f087e4493dcb629a7b8bd4a1eabce0a6b1b20255b6c,0.1,0.9,7.743121034250964,2.988314286721013,0.0,0,2560,FROZEN_K10_NEIGHBOURS_PLUS_FROZEN_K10_MATCHED_RANDOM_EDGES,PERSISTENT_OPERATIONAL_NEAR_COLLISION_EVIDENCE,EVALUABLE,EXPLORATORY_CONSUMED_DIAGNOSTIC_ONLY
U0_SS,pressure_gradient_acceleration,LINEAGE,HMSO01R_A|FIELD_LINEAGE|70dd50135b0ce37b393c6eae858eae2988f95a40a860753345e473ce01dd9d91,0.1,0.9,7.743121034250964,2.988314286721013,0.0,0,2560,FROZEN_K10_NEIGHBOURS_PLUS_FROZEN_K10_MATCHED_RANDOM_EDGES,PERSISTENT_OPERATIONAL_NEAR_COLLISION_EVIDENCE,EVALUABLE,EXPLORATORY_CONSUMED_DIAGNOSTIC_ONLY
U0_SS,pressure_gradient_acceleration,LINEAGE,HMSO01R_A|FIELD_LINEAGE|724fd3a44cb8ec4985e45f721837e7f4eeea1666b35a166345e025918455e304,0.1,0.9,7.743121034250964,2.988314286721013,0.0,0,2560,FROZEN_K10_NEIGHBOURS_PLUS_FROZEN_K10_MATCHED_RANDOM_EDGES,PERSISTENT_OPERATIONAL_NEAR_COLLISION_EVIDENCE,EVALUABLE,EXPLORATORY_CONSUMED_DIAGNOSTIC_ONLY
U0_SS,pressure_gradient_acceleration,LINEAGE,HMSO01R_A|FIELD_LINEAGE|72bbc35959df916eca72e8fb7e723c361c09592753187c3754f344aae218c230,0.1,0.9,7.743121034250964,2.988314286721013,0.0,0,2560,FROZEN_K10_NEIGHBOURS_PLUS_FROZEN_K10_MATCHED_RANDOM_EDGES,PERSISTENT_OPERATIONAL_NEAR_COLLISION_EVIDENCE,EVALUABLE,EXPLORATORY_CONSUMED_DIAGNOSTIC_ONLY
U0_SS,pressure_gradient_acceleration,LINEAGE,HMSO01R_A|FIELD_LINEAGE|73f5ee97e40c47c1aa5579bcf72cf190dfaf3aad2886cc887f3295530388016c,0.1,0.9,7.743121034250964,2.988314286721013,0.0,0,2560,FROZEN_K10_NEIGHBOURS_PLUS_FROZEN_K10_MATCHED_RANDOM_EDGES,PERSISTENT_OPERATIONAL_NEAR_COLLISION_EVIDENCE,EVALUABLE,EXPLORATORY_CONSUMED_DIAGNOSTIC_ONLY
U0_SS,pressure_gradient_acceleration,LINEAGE,HMSO01R_A|FIELD_LINEAGE|75819144781d043ebbeb8c2d3fbfa9139c47542df53315ab71a80a7addb49109,0.1,0.9,7.743121034250964,2.988314286721013,0.0,0,2560,FROZEN_K10_NEIGHBOURS_PLUS_FROZEN_K10_MATCHED_RANDOM_EDGES,PERSISTENT_OPERATIONAL_NEAR_COLLISION_EVIDENCE,EVALUABLE,EXPLORATORY_CONSUMED_DIAGNOSTIC_ONLY
U0_SS,pressure_gradient_acceleration,LINEAGE,HMSO01R_A|FIELD_LINEAGE|7583af7a3fd0bfbef70db28fd30d8a1112bd000451f8c0ebdcd0eabb3acf22a1,0.1,0.9,7.743121034250964,2.988314286721013,0.0,0,2560,FROZEN_K10_NEIGHBOURS_PLUS_FROZEN_K10_MATCHED_RANDOM_EDGES,PERSISTENT_OPERATIONAL_NEAR_COLLISION_EVIDENCE,EVALUABLE,EXPLORATORY_CONSUMED_DIAGNOSTIC_ONLY
U0_SS,pressure_gradient_acceleration,LINEAGE,HMSO01R_A|FIELD_LINEAGE|788bb18808dd1be8d0fa3d7caafb9ed17441fce457a419d2bbaf861831d83a81,0.1,0.9,7.743121034250964,2.988314286721013,0.0,0,2560,FROZEN_K10_NEIGHBOURS_PLUS_FROZEN_K10_MATCHED_RANDOM_EDGES,PERSISTENT_OPERATIONAL_NEAR_COLLISION_EVIDENCE,EVALUABLE,EXPLORATORY_CONSUMED_DIAGNOSTIC_ONLY
U0_SS,pressure_gradient_acceleration,LINEAGE,HMSO01R_A|FIELD_LINEAGE|7a0ba19f2cf324db5922acc61291c51f82b574717f73f269f12eae7bcc99ab35,0.1,0.9,7.743121034250964,2.988314286721013,0.0,0,2560,FROZEN_K10_NEIGHBOURS_PLUS_FROZEN_K10_MATCHED_RANDOM_EDGES,PERSISTENT_OPERATIONAL_NEAR_COLLISION_EVIDENCE,EVALUABLE,EXPLORATORY_CONSUMED_DIAGNOSTIC_ONLY
U0_SS,pressure_gradient_acceleration,LINEAGE,HMSO01R_A|FIELD_LINEAGE|7a40ff07646995058d8981271562dfa4f2cc77b96f79dba59c7ae90f96586134,0.1,0.9,7.743121034250964,2.988314286721013,0.0,0,30720,FROZEN_K10_NEIGHBOURS_PLUS_FROZEN_K10_MATCHED_RANDOM_EDGES,PERSISTENT_OPERATIONAL_NEAR_COLLISION_EVIDENCE,EVALUABLE,EXPLORATORY_CONSUMED_DIAGNOSTIC_ONLY
U0_SS,pressure_gradient_acceleration,LINEAGE,HMSO01R_A|FIELD_LINEAGE|7a536ab09e10cdf42c9afdd1f0f02ad4a5141ab50a8f50eb0b247ee08a4c67c0,0.1,0.9,7.743121034250964,2.988314286721013,0.0,0,2560,FROZEN_K10_NEIGHBOURS_PLUS_FROZEN_K10_MATCHED_RANDOM_EDGES,PERSISTENT_OPERATIONAL_NEAR_COLLISION_EVIDENCE,EVALUABLE,EXPLORATORY_CONSUMED_DIAGNOSTIC_ONLY
U0_SS,pressure_gradient_acceleration,LINEAGE,HMSO01R_A|FIELD_LINEAGE|7b060c06cca73ad49fc21e32e1688bcbe34e5745a78029b452cbacf697a204be,0.1,0.9,7.743121034250964,2.988314286721013,0.0,0,2560,FROZEN_K10_NEIGHBOURS_PLUS_FROZEN_K10_MATCHED_RANDOM_EDGES,PERSISTENT_OPERATIONAL_NEAR_COLLISION_EVIDENCE,EVALUABLE,EXPLORATORY_CONSUMED_DIAGNOSTIC_ONLY
U0_SS,pressure_gradient_acceleration,LINEAGE,HMSO01R_A|FIELD_LINEAGE|7be8c21ecd7eaebf293b54b94f1920e19f00da5d0e416aaa8f7c69137970c399,0.1,0.9,7.743121034250964,2.988314286721013,0.0,0,2560,FROZEN_K10_NEIGHBOURS_PLUS_FROZEN_K10_MATCHED_RANDOM_EDGES,PERSISTENT_OPERATIONAL_NEAR_COLLISION_EVIDENCE,EVALUABLE,EXPLORATORY_CONSUMED_DIAGNOSTIC_ONLY
U0_SS,pressure_gradient_acceleration,LINEAGE,HMSO01R_A|FIELD_LINEAGE|7c009b8ab0dfadca9095462a890aab36eac46b48a3c131f7a908a8d37a21f707,0.1,0.9,7.743121034250964,2.988314286721013,0.0,0,2560,FROZEN_K10_NEIGHBOURS_PLUS_FROZEN_K10_MATCHED_RANDOM_EDGES,PERSISTENT_OPERATIONAL_NEAR_COLLISION_EVIDENCE,EVALUABLE,EXPLORATORY_CONSUMED_DIAGNOSTIC_ONLY
U0_SS,pressure_gradient_acceleration,LINEAGE,HMSO01R_A|FIELD_LINEAGE|7cb12f064a9c8069fd15f2a86fa0ddd017328ca5cc4b0fc515bbfbdd4c6e6858,0.1,0.9,7.743121034250964,2.988314286721013,0.0,0,5120,FROZEN_K10_NEIGHBOURS_PLUS_FROZEN_K10_MATCHED_RANDOM_EDGES,PERSISTENT_OPERATIONAL_NEAR_COLLISION_EVIDENCE,EVALUABLE,EXPLORATORY_CONSUMED_DIAGNOSTIC_ONLY
U0_SS,pressure_gradient_acceleration,LINEAGE,HMSO01R_A|FIELD_LINEAGE|7f5e5896e83ee81bc858adc8fff5befe2b2c76e1183ff21435261a6621560b2c,0.1,0.9,7.743121034250964,2.988314286721013,0.0,0,5120,FROZEN_K10_NEIGHBOURS_PLUS_FROZEN_K10_MATCHED_RANDOM_EDGES,PERSISTENT_OPERATIONAL_NEAR_COLLISION_EVIDENCE,EVALUABLE,EXPLORATORY_CONSUMED_DIAGNOSTIC_ONLY
U0_SS,pressure_gradient_acceleration,LINEAGE,HMSO01R_A|FIELD_LINEAGE|7fcdfe3b32b571e4d4b1a4e7c1702d5dffaf41926d62628c6a434d692409d901,0.1,0.9,7.743121034250964,2.988314286721013,0.0,0,2560,FROZEN_K10_NEIGHBOURS_PLUS_FROZEN_K10_MATCHED_RANDOM_EDGES,PERSISTENT_OPERATIONAL_NEAR_COLLISION_EVIDENCE,EVALUABLE,EXPLORATORY_CONSUMED_DIAGNOSTIC_ONLY
U0_SS,pressure_gradient_acceleration,LINEAGE,HMSO01R_A|FIELD_LINEAGE|7fd6bba4cc2991027e04cc510555a1b3e651423143c79ecd367c197fbfdf8786,0.1,0.9,7.743121034250964,2.988314286721013,0.0,0,2560,FROZEN_K10_NEIGHBOURS_PLUS_FROZEN_K10_MATCHED_RANDOM_EDGES,PERSISTENT_OPERATIONAL_NEAR_COLLISION_EVIDENCE,EVALUABLE,EXPLORATORY_CONSUMED_DIAGNOSTIC_ONLY
U0_SS,pressure_gradient_acceleration,LINEAGE,HMSO01R_A|FIELD_LINEAGE|7fd9257249644666dfcbc65ef0f9aa8090d87f1c93f77579cc137a1fc016a884,0.1,0.9,7.743121034250964,2.988314286721013,0.0,0,5120,FROZEN_K10_NEIGHBOURS_PLUS_FROZEN_K10_MATCHED_RANDOM_EDGES,PERSISTENT_OPERATIONAL_NEAR_COLLISION_EVIDENCE,EVALUABLE,EXPLORATORY_CONSUMED_DIAGNOSTIC_ONLY
U0_SS,pressure_gradient_acceleration,LINEAGE,HMSO01R_A|FIELD_LINEAGE|81c7292472bf739bf28836ff17c69dda49199278b75cd9c66130df6be7c143fb,0.1,0.9,7.743121034250964,2.988314286721013,0.0,0,5120,FROZEN_K10_NEIGHBOURS_PLUS_FROZEN_K10_MATCHED_RANDOM_EDGES,PERSISTENT_OPERATIONAL_NEAR_COLLISION_EVIDENCE,EVALUABLE,EXPLORATORY_CONSUMED_DIAGNOSTIC_ONLY
U0_SS,pressure_gradient_acceleration,LINEAGE,HMSO01R_A|FIELD_LINEAGE|8319212c9598ce2f7cd195e20de66435ffdb6ab6aeedf4d663d53cb3966ebc0a,0.1,0.9,7.743121034250964,2.988314286721013,0.0,0,2560,FROZEN_K10_NEIGHBOURS_PLUS_FROZEN_K10_MATCHED_RANDOM_EDGES,PERSISTENT_OPERATIONAL_NEAR_COLLISION_EVIDENCE,EVALUABLE,EXPLORATORY_CONSUMED_DIAGNOSTIC_ONLY
U0_SS,pressure_gradient_acceleration,LINEAGE,HMSO01R_A|FIELD_LINEAGE|83c68f311cba3e93368aeeec1e81f7eebc2d9d8bfb68a0ba32cbc3fe731f6155,0.1,0.9,7.743121034250964,2.988314286721013,0.0,0,5120,FROZEN_K10_NEIGHBOURS_PLUS_FROZEN_K10_MATCHED_RANDOM_EDGES,PERSISTENT_OPERATIONAL_NEAR_COLLISION_EVIDENCE,EVALUABLE,EXPLORATORY_CONSUMED_DIAGNOSTIC_ONLY
U0_SS,pressure_gradient_acceleration,LINEAGE,HMSO01R_A|FIELD_LINEAGE|8573999ac09da70da8d1802997d1dd1b2879d7ff239af35fb1a185a39cc1f420,0.1,0.9,7.743121034250964,2.988314286721013,0.0,0,7680,FROZEN_K10_NEIGHBOURS_PLUS_FROZEN_K10_MATCHED_RANDOM_EDGES,PERSISTENT_OPERATIONAL_NEAR_COLLISION_EVIDENCE,EVALUABLE,EXPLORATORY_CONSUMED_DIAGNOSTIC_ONLY
U0_SS,pressure_gradient_acceleration,LINEAGE,HMSO01R_A|FIELD_LINEAGE|86c895c14384dc9ce73736790948d3516d7de8be96dc834ec48d9a651e6b8e5e,0.1,0.9,7.743121034250964,2.988314286721013,0.0,0,2560,FROZEN_K10_NEIGHBOURS_PLUS_FROZEN_K10_MATCHED_RANDOM_EDGES,PERSISTENT_OPERATIONAL_NEAR_COLLISION_EVIDENCE,EVALUABLE,EXPLORATORY_CONSUMED_DIAGNOSTIC_ONLY
U0_SS,pressure_gradient_acceleration,LINEAGE,HMSO01R_A|FIELD_LINEAGE|86f4c153dee170c8ee8f47b2eb988fa25bcda8c9a7b6fd68a3d7256dc3af0a1f,0.1,0.9,7.743121034250964,2.988314286721013,0.0,0,2560,FROZEN_K10_NEIGHBOURS_PLUS_FROZEN_K10_MATCHED_RANDOM_EDGES,PERSISTENT_OPERATIONAL_NEAR_COLLISION_EVIDENCE,EVALUABLE,EXPLORATORY_CONSUMED_DIAGNOSTIC_ONLY
U0_SS,pressure_gradient_acceleration,LINEAGE,HMSO01R_A|FIELD_LINEAGE|87172e4156e9f066a6ea7ab3304062c939784ea4bd0f5f1cf466bbc2d6008cc6,0.1,0.9,7.743121034250964,2.988314286721013,0.0,0,5120,FROZEN_K10_NEIGHBOURS_PLUS_FROZEN_K10_MATCHED_RANDOM_EDGES,PERSISTENT_OPERATIONAL_NEAR_COLLISION_EVIDENCE,EVALUABLE,EXPLORATORY_CONSUMED_DIAGNOSTIC_ONLY
U0_SS,pressure_gradient_acceleration,LINEAGE,HMSO01R_A|FIELD_LINEAGE|8788043b5775de130eade6a54c5654805d8ed31cc68fcfa8928c3b7150abef48,0.1,0.9,7.743121034250964,2.988314286721013,0.0,0,2560,FROZEN_K10_NEIGHBOURS_PLUS_FROZEN_K10_MATCHED_RANDOM_EDGES,PERSISTENT_OPERATIONAL_NEAR_COLLISION_EVIDENCE,EVALUABLE,EXPLORATORY_CONSUMED_DIAGNOSTIC_ONLY
U0_SS,pressure_gradient_acceleration,LINEAGE,HMSO01R_A|FIELD_LINEAGE|88fd5f86ca9cc426c28ce681d06ea15f58c6c7889170fcda146bde128f6121e4,0.1,0.9,7.743121034250964,2.988314286721013,0.0,0,5120,FROZEN_K10_NEIGHBOURS_PLUS_FROZEN_K10_MATCHED_RANDOM_EDGES,PERSISTENT_OPERATIONAL_NEAR_COLLISION_EVIDENCE,EVALUABLE,EXPLORATORY_CONSUMED_DIAGNOSTIC_ONLY
U0_SS,pressure_gradient_acceleration,LINEAGE,HMSO01R_A|FIELD_LINEAGE|8a6dd2252f8c5f8f08c3ba5ae9cf89d97575348634ba471a1a84e7de612ac6f3,0.1,0.9,7.743121034250964,2.988314286721013,0.0,0,2560,FROZEN_K10_NEIGHBOURS_PLUS_FROZEN_K10_MATCHED_RANDOM_EDGES,PERSISTENT_OPERATIONAL_NEAR_COLLISION_EVIDENCE,EVALUABLE,EXPLORATORY_CONSUMED_DIAGNOSTIC_ONLY
U0_SS,pressure_gradient_acceleration,LINEAGE,HMSO01R_A|FIELD_LINEAGE|8af782533dccfef4a682f44ff365b7014ae448a56bd62c92877bbd37640adb31,0.1,0.9,7.743121034250964,2.988314286721013,0.0,0,30720,FROZEN_K10_NEIGHBOURS_PLUS_FROZEN_K10_MATCHED_RANDOM_EDGES,PERSISTENT_OPERATIONAL_NEAR_COLLISION_EVIDENCE,EVALUABLE,EXPLORATORY_CONSUMED_DIAGNOSTIC_ONLY
U0_SS,pressure_gradient_acceleration,LINEAGE,HMSO01R_A|FIELD_LINEAGE|8d1e4918227588e163eea87a946c88983d6e03486114766be90d0602757fb4c2,0.1,0.9,7.743121034250964,2.988314286721013,0.0,0,2560,FROZEN_K10_NEIGHBOURS_PLUS_FROZEN_K10_MATCHED_RANDOM_EDGES,PERSISTENT_OPERATIONAL_NEAR_COLLISION_EVIDENCE,EVALUABLE,EXPLORATORY_CONSUMED_DIAGNOSTIC_ONLY
U0_SS,pressure_gradient_acceleration,LINEAGE,HMSO01R_A|FIELD_LINEAGE|8e3408f57249bc00fdafb475f758686e9ee7a95dad97ecf63f9b3a27f383de5d,0.1,0.9,7.743121034250964,2.988314286721013,0.0,0,2560,FROZEN_K10_NEIGHBOURS_PLUS_FROZEN_K10_MATCHED_RANDOM_EDGES,PERSISTENT_OPERATIONAL_NEAR_COLLISION_EVIDENCE,EVALUABLE,EXPLORATORY_CONSUMED_DIAGNOSTIC_ONLY
U0_SS,pressure_gradient_acceleration,LINEAGE,HMSO01R_A|FIELD_LINEAGE|8e40e60ae6de8d393e4f96f7c0cdfd3570298138a8d1d44c6db1dc858b71a31e,0.1,0.9,7.743121034250964,2.988314286721013,0.0,0,5120,FROZEN_K10_NEIGHBOURS_PLUS_FROZEN_K10_MATCHED_RANDOM_EDGES,PERSISTENT_OPERATIONAL_NEAR_COLLISION_EVIDENCE,EVALUABLE,EXPLORATORY_CONSUMED_DIAGNOSTIC_ONLY
U0_SS,pressure_gradient_acceleration,LINEAGE,HMSO01R_A|FIELD_LINEAGE|8fbd2d8c6238dbc0e3f8ebbea9ee429eb1cbd0b7ebf5580cffb8e79372f4cf04,0.1,0.9,7.743121034250964,2.988314286721013,0.0,0,2560,FROZEN_K10_NEIGHBOURS_PLUS_FROZEN_K10_MATCHED_RANDOM_EDGES,PERSISTENT_OPERATIONAL_NEAR_COLLISION_EVIDENCE,EVALUABLE,EXPLORATORY_CONSUMED_DIAGNOSTIC_ONLY
U0_SS,pressure_gradient_acceleration,LINEAGE,HMSO01R_A|FIELD_LINEAGE|9035657b1a9729d4b57919992bee8d9ea960c2a587c8d3877d9c920d8fa2a77c,0.1,0.9,7.743121034250964,2.988314286721013,0.0,0,2560,FROZEN_K10_NEIGHBOURS_PLUS_FROZEN_K10_MATCHED_RANDOM_EDGES,PERSISTENT_OPERATIONAL_NEAR_COLLISION_EVIDENCE,EVALUABLE,EXPLORATORY_CONSUMED_DIAGNOSTIC_ONLY
U0_SS,pressure_gradient_acceleration,LINEAGE,HMSO01R_A|FIELD_LINEAGE|9239a350bed02b809dafe66125991e7de2c0c1c20b38f7689dc19527329619d6,0.1,0.9,7.743121034250964,2.988314286721013,0.0,0,2560,FROZEN_K10_NEIGHBOURS_PLUS_FROZEN_K10_MATCHED_RANDOM_EDGES,PERSISTENT_OPERATIONAL_NEAR_COLLISION_EVIDENCE,EVALUABLE,EXPLORATORY_CONSUMED_DIAGNOSTIC_ONLY
U0_SS,pressure_gradient_acceleration,LINEAGE,HMSO01R_A|FIELD_LINEAGE|9415b727187c332c72260d653b657bcbe590635140818a0978bae1e8dcd4568b,0.1,0.9,7.743121034250964,2.988314286721013,0.0,0,2560,FROZEN_K10_NEIGHBOURS_PLUS_FROZEN_K10_MATCHED_RANDOM_EDGES,PERSISTENT_OPERATIONAL_NEAR_COLLISION_EVIDENCE,EVALUABLE,EXPLORATORY_CONSUMED_DIAGNOSTIC_ONLY
U0_SS,pressure_gradient_acceleration,LINEAGE,HMSO01R_A|FIELD_LINEAGE|95873981d02cb2a4e333122aa57c7927c33fccc49c0b93590a6b549f6bec57f1,0.1,0.9,7.743121034250964,2.988314286721013,0.0,0,2560,FROZEN_K10_NEIGHBOURS_PLUS_FROZEN_K10_MATCHED_RANDOM_EDGES,PERSISTENT_OPERATIONAL_NEAR_COLLISION_EVIDENCE,EVALUABLE,EXPLORATORY_CONSUMED_DIAGNOSTIC_ONLY
U0_SS,pressure_gradient_acceleration,LINEAGE,HMSO01R_A|FIELD_LINEAGE|970bbd18dffee12c05308155c993436bfc58e77384e4967420f4e2e03156c88b,0.1,0.9,7.743121034250964,2.988314286721013,0.0,0,5120,FROZEN_K10_NEIGHBOURS_PLUS_FROZEN_K10_MATCHED_RANDOM_EDGES,PERSISTENT_OPERATIONAL_NEAR_COLLISION_EVIDENCE,EVALUABLE,EXPLORATORY_CONSUMED_DIAGNOSTIC_ONLY
U0_SS,pressure_gradient_acceleration,LINEAGE,HMSO01R_A|FIELD_LINEAGE|97c8122849aa3cb13b599389c011f78352d49decd5677988d0a2a6da7c39f700,0.1,0.9,7.743121034250964,2.988314286721013,0.0,0,5120,FROZEN_K10_NEIGHBOURS_PLUS_FROZEN_K10_MATCHED_RANDOM_EDGES,PERSISTENT_OPERATIONAL_NEAR_COLLISION_EVIDENCE,EVALUABLE,EXPLORATORY_CONSUMED_DIAGNOSTIC_ONLY
U0_SS,pressure_gradient_acceleration,LINEAGE,HMSO01R_A|FIELD_LINEAGE|97fbdfbd64658c72d9a31f61eea2acf4543cf9ba5532a2ed052d1358412ef553,0.1,0.9,7.743121034250964,2.988314286721013,0.0,0,2560,FROZEN_K10_NEIGHBOURS_PLUS_FROZEN_K10_MATCHED_RANDOM_EDGES,PERSISTENT_OPERATIONAL_NEAR_COLLISION_EVIDENCE,EVALUABLE,EXPLORATORY_CONSUMED_DIAGNOSTIC_ONLY
U0_SS,pressure_gradient_acceleration,LINEAGE,HMSO01R_A|FIELD_LINEAGE|98ef721075a1ebd7c92edcbcf7747aac6c3d77c4f9c29f15e5d83577ad6d7f6b,0.1,0.9,7.743121034250964,2.988314286721013,0.0,0,2560,FROZEN_K10_NEIGHBOURS_PLUS_FROZEN_K10_MATCHED_RANDOM_EDGES,PERSISTENT_OPERATIONAL_NEAR_COLLISION_EVIDENCE,EVALUABLE,EXPLORATORY_CONSUMED_DIAGNOSTIC_ONLY
U0_SS,pressure_gradient_acceleration,LINEAGE,HMSO01R_A|FIELD_LINEAGE|99c13161db8958c19a30a96b96a6940cece539d1c84e808e21dfa37710ec6894,0.1,0.9,7.743121034250964,2.988314286721013,0.0,0,5120,FROZEN_K10_NEIGHBOURS_PLUS_FROZEN_K10_MATCHED_RANDOM_EDGES,PERSISTENT_OPERATIONAL_NEAR_COLLISION_EVIDENCE,EVALUABLE,EXPLORATORY_CONSUMED_DIAGNOSTIC_ONLY
U0_SS,pressure_gradient_acceleration,LINEAGE,HMSO01R_A|FIELD_LINEAGE|9a24c02f87d28fecb69b79ddff22c8eb176badf445e6b5b8234aa2a46b73c349,0.1,0.9,7.743121034250964,2.988314286721013,0.0,0,2560,FROZEN_K10_NEIGHBOURS_PLUS_FROZEN_K10_MATCHED_RANDOM_EDGES,PERSISTENT_OPERATIONAL_NEAR_COLLISION_EVIDENCE,EVALUABLE,EXPLORATORY_CONSUMED_DIAGNOSTIC_ONLY
U0_SS,pressure_gradient_acceleration,LINEAGE,HMSO01R_A|FIELD_LINEAGE|9aaa52aa8afb4f9adfe0d0e7ddb5e3e8101852fdd6ef0a635cf3875b473d16a7,0.1,0.9,7.743121034250964,2.988314286721013,0.0,0,2560,FROZEN_K10_NEIGHBOURS_PLUS_FROZEN_K10_MATCHED_RANDOM_EDGES,PERSISTENT_OPERATIONAL_NEAR_COLLISION_EVIDENCE,EVALUABLE,EXPLORATORY_CONSUMED_DIAGNOSTIC_ONLY
U0_SS,pressure_gradient_acceleration,LINEAGE,HMSO01R_A|FIELD_LINEAGE|9c004dbe18905f4181f1a701e81649fc67e98b969674994e8f64827f6fb4c765,0.1,0.9,7.743121034250964,2.988314286721013,0.0,0,5120,FROZEN_K10_NEIGHBOURS_PLUS_FROZEN_K10_MATCHED_RANDOM_EDGES,PERSISTENT_OPERATIONAL_NEAR_COLLISION_EVIDENCE,EVALUABLE,EXPLORATORY_CONSUMED_DIAGNOSTIC_ONLY
U0_SS,pressure_gradient_acceleration,LINEAGE,HMSO01R_A|FIELD_LINEAGE|9c5f7b50a01e8dafcf4be2d7df61fd0da86b2229fe32286852ed3ad88cce82f1,0.1,0.9,7.743121034250964,2.988314286721013,0.0,0,2560,FROZEN_K10_NEIGHBOURS_PLUS_FROZEN_K10_MATCHED_RANDOM_EDGES,PERSISTENT_OPERATIONAL_NEAR_COLLISION_EVIDENCE,EVALUABLE,EXPLORATORY_CONSUMED_DIAGNOSTIC_ONLY
U0_SS,pressure_gradient_acceleration,LINEAGE,HMSO01R_A|FIELD_LINEAGE|9f471cc2328d66ccf0ca43f62bf5e261a867f85eeac6edc5a472072ca388bff6,0.1,0.9,7.743121034250964,2.988314286721013,0.0,0,5120,FROZEN_K10_NEIGHBOURS_PLUS_FROZEN_K10_MATCHED_RANDOM_EDGES,PERSISTENT_OPERATIONAL_NEAR_COLLISION_EVIDENCE,EVALUABLE,EXPLORATORY_CONSUMED_DIAGNOSTIC_ONLY
U0_SS,pressure_gradient_acceleration,LINEAGE,HMSO01R_A|FIELD_LINEAGE|9ff02fac76e3803bb8391cba4035dfa7a72d5220975092d818302f10f07c08e9,0.1,0.9,7.743121034250964,2.988314286721013,0.0,0,2560,FROZEN_K10_NEIGHBOURS_PLUS_FROZEN_K10_MATCHED_RANDOM_EDGES,PERSISTENT_OPERATIONAL_NEAR_COLLISION_EVIDENCE,EVALUABLE,EXPLORATORY_CONSUMED_DIAGNOSTIC_ONLY
U0_SS,pressure_gradient_acceleration,LINEAGE,HMSO01R_A|FIELD_LINEAGE|a1c0a919ad122615714cbb9f6b50981061d4f68fe06b618c4cd2688f52f12391,0.1,0.9,7.743121034250964,2.988314286721013,0.0,0,2560,FROZEN_K10_NEIGHBOURS_PLUS_FROZEN_K10_MATCHED_RANDOM_EDGES,PERSISTENT_OPERATIONAL_NEAR_COLLISION_EVIDENCE,EVALUABLE,EXPLORATORY_CONSUMED_DIAGNOSTIC_ONLY
U0_SS,pressure_gradient_acceleration,LINEAGE,HMSO01R_A|FIELD_LINEAGE|a2187a6938903010b61ee85d06f597d4029728ee0de5541c03daf2ed126b189e,0.1,0.9,7.743121034250964,2.988314286721013,0.0,0,5120,FROZEN_K10_NEIGHBOURS_PLUS_FROZEN_K10_MATCHED_RANDOM_EDGES,PERSISTENT_OPERATIONAL_NEAR_COLLISION_EVIDENCE,EVALUABLE,EXPLORATORY_CONSUMED_DIAGNOSTIC_ONLY
U0_SS,pressure_gradient_acceleration,LINEAGE,HMSO01R_A|FIELD_LINEAGE|a2bcc80ca3b9ebb8f54401e7b09de472e9adbce971c85048bd40ce15be44ea6a,0.1,0.9,7.743121034250964,2.988314286721013,0.0,0,2560,FROZEN_K10_NEIGHBOURS_PLUS_FROZEN_K10_MATCHED_RANDOM_EDGES,PERSISTENT_OPERATIONAL_NEAR_COLLISION_EVIDENCE,EVALUABLE,EXPLORATORY_CONSUMED_DIAGNOSTIC_ONLY
U0_SS,pressure_gradient_acceleration,LINEAGE,HMSO01R_A|FIELD_LINEAGE|a3f750d8c1551c6ecf78f876fab114a3481105b16656dddc657ee8cfb50fd48b,0.1,0.9,7.743121034250964,2.988314286721013,0.0,0,5120,FROZEN_K10_NEIGHBOURS_PLUS_FROZEN_K10_MATCHED_RANDOM_EDGES,PERSISTENT_OPERATIONAL_NEAR_COLLISION_EVIDENCE,EVALUABLE,EXPLORATORY_CONSUMED_DIAGNOSTIC_ONLY
U0_SS,pressure_gradient_acceleration,LINEAGE,HMSO01R_A|FIELD_LINEAGE|a594f1a43c118c7761d223f6f34e42847c31c67fc6b06838b968dcc65b6c3356,0.1,0.9,7.743121034250964,2.988314286721013,0.0,0,2560,FROZEN_K10_NEIGHBOURS_PLUS_FROZEN_K10_MATCHED_RANDOM_EDGES,PERSISTENT_OPERATIONAL_NEAR_COLLISION_EVIDENCE,EVALUABLE,EXPLORATORY_CONSUMED_DIAGNOSTIC_ONLY
U0_SS,pressure_gradient_acceleration,LINEAGE,HMSO01R_A|FIELD_LINEAGE|a7458b96c9ce1c60bf3ea9d352424b7dd251e22480db263be2c5716c65dc6939,0.1,0.9,7.743121034250964,2.988314286721013,0.0,0,5120,FROZEN_K10_NEIGHBOURS_PLUS_FROZEN_K10_MATCHED_RANDOM_EDGES,PERSISTENT_OPERATIONAL_NEAR_COLLISION_EVIDENCE,EVALUABLE,EXPLORATORY_CONSUMED_DIAGNOSTIC_ONLY
U0_SS,pressure_gradient_acceleration,LINEAGE,HMSO01R_A|FIELD_LINEAGE|a97cf87a717a68b745e28078c021ba65c881711a1cd171188bc4affd3a1b5795,0.1,0.9,7.743121034250964,2.988314286721013,0.0,0,5120,FROZEN_K10_NEIGHBOURS_PLUS_FROZEN_K10_MATCHED_RANDOM_EDGES,PERSISTENT_OPERATIONAL_NEAR_COLLISION_EVIDENCE,EVALUABLE,EXPLORATORY_CONSUMED_DIAGNOSTIC_ONLY
U0_SS,pressure_gradient_acceleration,LINEAGE,HMSO01R_A|FIELD_LINEAGE|ad302a05132d9f111349ae57a7badd9ffd336cce6f517d6dda76a6f130659828,0.1,0.9,7.743121034250964,2.988314286721013,0.0,0,2560,FROZEN_K10_NEIGHBOURS_PLUS_FROZEN_K10_MATCHED_RANDOM_EDGES,PERSISTENT_OPERATIONAL_NEAR_COLLISION_EVIDENCE,EVALUABLE,EXPLORATORY_CONSUMED_DIAGNOSTIC_ONLY
U0_SS,pressure_gradient_acceleration,LINEAGE,HMSO01R_A|FIELD_LINEAGE|adcf8aaea780832e88b7b6b779fb3ef2ecab338dd7379ac8654e7aabdcee4b4f,0.1,0.9,7.743121034250964,2.988314286721013,0.0,0,5120,FROZEN_K10_NEIGHBOURS_PLUS_FROZEN_K10_MATCHED_RANDOM_EDGES,PERSISTENT_OPERATIONAL_NEAR_COLLISION_EVIDENCE,EVALUABLE,EXPLORATORY_CONSUMED_DIAGNOSTIC_ONLY
U0_SS,pressure_gradient_acceleration,LINEAGE,HMSO01R_A|FIELD_LINEAGE|b0c6a47a41827791b3e03b32c3cfc7642f7c46055e5fbdc618a902dd60890cc0,0.1,0.9,7.743121034250964,2.988314286721013,0.0,0,2560,FROZEN_K10_NEIGHBOURS_PLUS_FROZEN_K10_MATCHED_RANDOM_EDGES,PERSISTENT_OPERATIONAL_NEAR_COLLISION_EVIDENCE,EVALUABLE,EXPLORATORY_CONSUMED_DIAGNOSTIC_ONLY
U0_SS,pressure_gradient_acceleration,LINEAGE,HMSO01R_A|FIELD_LINEAGE|b1b50b97bc0f473e266ef9eb8a1e2e2edee23dadabeb0645af363d822d4db947,0.1,0.9,7.743121034250964,2.988314286721013,0.0,0,2560,FROZEN_K10_NEIGHBOURS_PLUS_FROZEN_K10_MATCHED_RANDOM_EDGES,PERSISTENT_OPERATIONAL_NEAR_COLLISION_EVIDENCE,EVALUABLE,EXPLORATORY_CONSUMED_DIAGNOSTIC_ONLY
U0_SS,pressure_gradient_acceleration,LINEAGE,HMSO01R_A|FIELD_LINEAGE|b1c696b82fff7183ba4fc0ae8ce4363fcd56ada1cc6ffa171713dda9524816e8,0.1,0.9,7.743121034250964,2.988314286721013,0.0,0,5120,FROZEN_K10_NEIGHBOURS_PLUS_FROZEN_K10_MATCHED_RANDOM_EDGES,PERSISTENT_OPERATIONAL_NEAR_COLLISION_EVIDENCE,EVALUABLE,EXPLORATORY_CONSUMED_DIAGNOSTIC_ONLY
U0_SS,pressure_gradient_acceleration,LINEAGE,HMSO01R_A|FIELD_LINEAGE|b2211d9018dde472457c7d9570d8b744ae480cbc84526fced16d30cb565fdb61,0.1,0.9,7.743121034250964,2.988314286721013,0.0,0,2560,FROZEN_K10_NEIGHBOURS_PLUS_FROZEN_K10_MATCHED_RANDOM_EDGES,PERSISTENT_OPERATIONAL_NEAR_COLLISION_EVIDENCE,EVALUABLE,EXPLORATORY_CONSUMED_DIAGNOSTIC_ONLY
U0_SS,pressure_gradient_acceleration,LINEAGE,HMSO01R_A|FIELD_LINEAGE|b31d5c3484f2394d06a11f5ae52600d61d7c303637147b70dbb1edd7e25e93c9,0.1,0.9,7.743121034250964,2.988314286721013,0.0,0,2560,FROZEN_K10_NEIGHBOURS_PLUS_FROZEN_K10_MATCHED_RANDOM_EDGES,PERSISTENT_OPERATIONAL_NEAR_COLLISION_EVIDENCE,EVALUABLE,EXPLORATORY_CONSUMED_DIAGNOSTIC_ONLY
U0_SS,pressure_gradient_acceleration,LINEAGE,HMSO01R_A|FIELD_LINEAGE|b40ef25bd445f58063f7eecbd118e28fcd5b9c8ea0b1803b18c885057e29107f,0.1,0.9,7.743121034250964,2.988314286721013,0.0,0,2560,FROZEN_K10_NEIGHBOURS_PLUS_FROZEN_K10_MATCHED_RANDOM_EDGES,PERSISTENT_OPERATIONAL_NEAR_COLLISION_EVIDENCE,EVALUABLE,EXPLORATORY_CONSUMED_DIAGNOSTIC_ONLY
U0_SS,pressure_gradient_acceleration,LINEAGE,HMSO01R_A|FIELD_LINEAGE|b49a6f081c09f4e4bff79a7f0fc0a282131ed3252c520eb6637fbf7ad615c6bd,0.1,0.9,7.743121034250964,2.988314286721013,0.0,0,2560,FROZEN_K10_NEIGHBOURS_PLUS_FROZEN_K10_MATCHED_RANDOM_EDGES,PERSISTENT_OPERATIONAL_NEAR_COLLISION_EVIDENCE,EVALUABLE,EXPLORATORY_CONSUMED_DIAGNOSTIC_ONLY
U0_SS,pressure_gradient_acceleration,LINEAGE,HMSO01R_A|FIELD_LINEAGE|b7c6344fafcff3e1128b30252e587c19386316434538ac595af9870864bff2e9,0.1,0.9,7.743121034250964,2.988314286721013,0.0,0,2560,FROZEN_K10_NEIGHBOURS_PLUS_FROZEN_K10_MATCHED_RANDOM_EDGES,PERSISTENT_OPERATIONAL_NEAR_COLLISION_EVIDENCE,EVALUABLE,EXPLORATORY_CONSUMED_DIAGNOSTIC_ONLY
U0_SS,pressure_gradient_acceleration,LINEAGE,HMSO01R_A|FIELD_LINEAGE|b914e9e8b47652c007a545bd9a5f60dbdaba2b957df3f42cdec4c8edb98e6d53,0.1,0.9,7.743121034250964,2.988314286721013,0.0,0,5120,FROZEN_K10_NEIGHBOURS_PLUS_FROZEN_K10_MATCHED_RANDOM_EDGES,PERSISTENT_OPERATIONAL_NEAR_COLLISION_EVIDENCE,EVALUABLE,EXPLORATORY_CONSUMED_DIAGNOSTIC_ONLY
U0_SS,pressure_gradient_acceleration,LINEAGE,HMSO01R_A|FIELD_LINEAGE|bb92dd92e9632ccd3901d1e2e79aab63ab0910a576b08c41f27a140edcf99b56,0.1,0.9,7.743121034250964,2.988314286721013,0.0,0,2560,FROZEN_K10_NEIGHBOURS_PLUS_FROZEN_K10_MATCHED_RANDOM_EDGES,PERSISTENT_OPERATIONAL_NEAR_COLLISION_EVIDENCE,EVALUABLE,EXPLORATORY_CONSUMED_DIAGNOSTIC_ONLY
U0_SS,pressure_gradient_acceleration,LINEAGE,HMSO01R_A|FIELD_LINEAGE|bd0a319ae5e310c35bfeaafdbd8220147f595c77c4d665773530796c1f3b9b59,0.1,0.9,7.743121034250964,2.988314286721013,0.0,0,2560,FROZEN_K10_NEIGHBOURS_PLUS_FROZEN_K10_MATCHED_RANDOM_EDGES,PERSISTENT_OPERATIONAL_NEAR_COLLISION_EVIDENCE,EVALUABLE,EXPLORATORY_CONSUMED_DIAGNOSTIC_ONLY
U0_SS,pressure_gradient_acceleration,LINEAGE,HMSO01R_A|FIELD_LINEAGE|be9a8927a3f7361841f3e523395e00d4ebcd734040aebfe38006ae7fda2437fd,0.1,0.9,7.743121034250964,2.988314286721013,0.0,0,2560,FROZEN_K10_NEIGHBOURS_PLUS_FROZEN_K10_MATCHED_RANDOM_EDGES,PERSISTENT_OPERATIONAL_NEAR_COLLISION_EVIDENCE,EVALUABLE,EXPLORATORY_CONSUMED_DIAGNOSTIC_ONLY
U0_SS,pressure_gradient_acceleration,LINEAGE,HMSO01R_A|FIELD_LINEAGE|bf32023450080971c5fdfb56d7a260838d7b8e02917a4118c4ed0b4a49c6c14a,0.1,0.9,7.743121034250964,2.988314286721013,0.0,0,5120,FROZEN_K10_NEIGHBOURS_PLUS_FROZEN_K10_MATCHED_RANDOM_EDGES,PERSISTENT_OPERATIONAL_NEAR_COLLISION_EVIDENCE,EVALUABLE,EXPLORATORY_CONSUMED_DIAGNOSTIC_ONLY
U0_SS,pressure_gradient_acceleration,LINEAGE,HMSO01R_A|FIELD_LINEAGE|c26b5ad7fee192c3863a9362bb1782ac10409a155024388ef9dea9120f9c3662,0.1,0.9,7.743121034250964,2.988314286721013,0.0,0,2560,FROZEN_K10_NEIGHBOURS_PLUS_FROZEN_K10_MATCHED_RANDOM_EDGES,PERSISTENT_OPERATIONAL_NEAR_COLLISION_EVIDENCE,EVALUABLE,EXPLORATORY_CONSUMED_DIAGNOSTIC_ONLY
U0_SS,pressure_gradient_acceleration,LINEAGE,HMSO01R_A|FIELD_LINEAGE|c2759d4a0108475d88af3dd58a918080f77e42a77ac5a686ce9a650a1d522183,0.1,0.9,7.743121034250964,2.988314286721013,0.0,0,2560,FROZEN_K10_NEIGHBOURS_PLUS_FROZEN_K10_MATCHED_RANDOM_EDGES,PERSISTENT_OPERATIONAL_NEAR_COLLISION_EVIDENCE,EVALUABLE,EXPLORATORY_CONSUMED_DIAGNOSTIC_ONLY
U0_SS,pressure_gradient_acceleration,LINEAGE,HMSO01R_A|FIELD_LINEAGE|c34a55057cd1e579919fb09acb5db221d75ae96164f74060b78863318f65371c,0.1,0.9,7.743121034250964,2.988314286721013,0.0,0,2560,FROZEN_K10_NEIGHBOURS_PLUS_FROZEN_K10_MATCHED_RANDOM_EDGES,PERSISTENT_OPERATIONAL_NEAR_COLLISION_EVIDENCE,EVALUABLE,EXPLORATORY_CONSUMED_DIAGNOSTIC_ONLY
U0_SS,pressure_gradient_acceleration,LINEAGE,HMSO01R_A|FIELD_LINEAGE|c3a574c6618599692f4195c9d1a59189286c1fc26ae852d26723565b0428d983,0.1,0.9,7.743121034250964,2.988314286721013,0.0,0,2560,FROZEN_K10_NEIGHBOURS_PLUS_FROZEN_K10_MATCHED_RANDOM_EDGES,PERSISTENT_OPERATIONAL_NEAR_COLLISION_EVIDENCE,EVALUABLE,EXPLORATORY_CONSUMED_DIAGNOSTIC_ONLY
U0_SS,pressure_gradient_acceleration,LINEAGE,HMSO01R_A|FIELD_LINEAGE|c54c1448df9c13b6658cb41b2c187b93be0f6db94293a7911953a6e90d602764,0.1,0.9,7.743121034250964,2.988314286721013,0.0,0,2560,FROZEN_K10_NEIGHBOURS_PLUS_FROZEN_K10_MATCHED_RANDOM_EDGES,PERSISTENT_OPERATIONAL_NEAR_COLLISION_EVIDENCE,EVALUABLE,EXPLORATORY_CONSUMED_DIAGNOSTIC_ONLY
U0_SS,pressure_gradient_acceleration,LINEAGE,HMSO01R_A|FIELD_LINEAGE|c7100ae9429166735b2d4f6243a22cf5abc14cffba49fce96d94ed19a12387d6,0.1,0.9,7.743121034250964,2.988314286721013,0.01171875,30,2560,FROZEN_K10_NEIGHBOURS_PLUS_FROZEN_K10_MATCHED_RANDOM_EDGES,PERSISTENT_OPERATIONAL_NEAR_COLLISION_EVIDENCE,EVALUABLE,EXPLORATORY_CONSUMED_DIAGNOSTIC_ONLY
U0_SS,pressure_gradient_acceleration,LINEAGE,HMSO01R_A|FIELD_LINEAGE|c7498c8903eedb4eb72abeb74a8624f4f311768cc705b42f488a9e810b4c3aec,0.1,0.9,7.743121034250964,2.988314286721013,0.0,0,2560,FROZEN_K10_NEIGHBOURS_PLUS_FROZEN_K10_MATCHED_RANDOM_EDGES,PERSISTENT_OPERATIONAL_NEAR_COLLISION_EVIDENCE,EVALUABLE,EXPLORATORY_CONSUMED_DIAGNOSTIC_ONLY
U0_SS,pressure_gradient_acceleration,LINEAGE,HMSO01R_A|FIELD_LINEAGE|c9a10c50914a082104b6f42f933e2e8b35494d6ac1b464fc981b740edc26e9a6,0.1,0.9,7.743121034250964,2.988314286721013,0.0,0,30720,FROZEN_K10_NEIGHBOURS_PLUS_FROZEN_K10_MATCHED_RANDOM_EDGES,PERSISTENT_OPERATIONAL_NEAR_COLLISION_EVIDENCE,EVALUABLE,EXPLORATORY_CONSUMED_DIAGNOSTIC_ONLY
U0_SS,pressure_gradient_acceleration,LINEAGE,HMSO01R_A|FIELD_LINEAGE|ca0f07a3c0d5df7705d15288eb48ecdf2c50af57aa3e1ab370127581f048c929,0.1,0.9,7.743121034250964,2.988314286721013,0.0,0,2560,FROZEN_K10_NEIGHBOURS_PLUS_FROZEN_K10_MATCHED_RANDOM_EDGES,PERSISTENT_OPERATIONAL_NEAR_COLLISION_EVIDENCE,EVALUABLE,EXPLORATORY_CONSUMED_DIAGNOSTIC_ONLY
U0_SS,pressure_gradient_acceleration,LINEAGE,HMSO01R_A|FIELD_LINEAGE|cb947f8167c6ce3da1c26b48289f11fe77c609125572b2e2f489d9b4dbf77d91,0.1,0.9,7.743121034250964,2.988314286721013,0.0,0,2560,FROZEN_K10_NEIGHBOURS_PLUS_FROZEN_K10_MATCHED_RANDOM_EDGES,PERSISTENT_OPERATIONAL_NEAR_COLLISION_EVIDENCE,EVALUABLE,EXPLORATORY_CONSUMED_DIAGNOSTIC_ONLY
U0_SS,pressure_gradient_acceleration,LINEAGE,HMSO01R_A|FIELD_LINEAGE|cd1482e6386aeab5f67532ea00a4d133dd0798283239fa2bc60b1a36d8fd8390,0.1,0.9,7.743121034250964,2.988314286721013,0.0,0,2560,FROZEN_K10_NEIGHBOURS_PLUS_FROZEN_K10_MATCHED_RANDOM_EDGES,PERSISTENT_OPERATIONAL_NEAR_COLLISION_EVIDENCE,EVALUABLE,EXPLORATORY_CONSUMED_DIAGNOSTIC_ONLY
U0_SS,pressure_gradient_acceleration,LINEAGE,HMSO01R_A|FIELD_LINEAGE|d1321924d243ef663d38f2119b3da3e0b77ff9249352efe1c25dfa4971fbd453,0.1,0.9,7.743121034250964,2.988314286721013,0.0,0,2560,FROZEN_K10_NEIGHBOURS_PLUS_FROZEN_K10_MATCHED_RANDOM_EDGES,PERSISTENT_OPERATIONAL_NEAR_COLLISION_EVIDENCE,EVALUABLE,EXPLORATORY_CONSUMED_DIAGNOSTIC_ONLY
U0_SS,pressure_gradient_acceleration,LINEAGE,HMSO01R_A|FIELD_LINEAGE|d2f9d8c8f5f3c69790790651faeb1c1f59b6b387e4ede38adea5936b94855ff9,0.1,0.9,7.743121034250964,2.988314286721013,0.0,0,5120,FROZEN_K10_NEIGHBOURS_PLUS_FROZEN_K10_MATCHED_RANDOM_EDGES,PERSISTENT_OPERATIONAL_NEAR_COLLISION_EVIDENCE,EVALUABLE,EXPLORATORY_CONSUMED_DIAGNOSTIC_ONLY
U0_SS,pressure_gradient_acceleration,LINEAGE,HMSO01R_A|FIELD_LINEAGE|d3329a31885ae9100b3a5071d3f6de7c5b314524ba319156e3df439e55667dd5,0.1,0.9,7.743121034250964,2.988314286721013,0.0,0,2560,FROZEN_K10_NEIGHBOURS_PLUS_FROZEN_K10_MATCHED_RANDOM_EDGES,PERSISTENT_OPERATIONAL_NEAR_COLLISION_EVIDENCE,EVALUABLE,EXPLORATORY_CONSUMED_DIAGNOSTIC_ONLY
U0_SS,pressure_gradient_acceleration,LINEAGE,HMSO01R_A|FIELD_LINEAGE|d65de8a657545ef8339cfa29e05ce27d63f8ec5e02ee50514a615a33f5595da9,0.1,0.9,7.743121034250964,2.988314286721013,0.0,0,2560,FROZEN_K10_NEIGHBOURS_PLUS_FROZEN_K10_MATCHED_RANDOM_EDGES,PERSISTENT_OPERATIONAL_NEAR_COLLISION_EVIDENCE,EVALUABLE,EXPLORATORY_CONSUMED_DIAGNOSTIC_ONLY
U0_SS,pressure_gradient_acceleration,LINEAGE,HMSO01R_A|FIELD_LINEAGE|d6ecf8cd80acb9db6acee967c0d1a3a8ca941d75fcf9e621c7ea05d79a191767,0.1,0.9,7.743121034250964,2.988314286721013,0.0,0,7680,FROZEN_K10_NEIGHBOURS_PLUS_FROZEN_K10_MATCHED_RANDOM_EDGES,PERSISTENT_OPERATIONAL_NEAR_COLLISION_EVIDENCE,EVALUABLE,EXPLORATORY_CONSUMED_DIAGNOSTIC_ONLY
U0_SS,pressure_gradient_acceleration,LINEAGE,HMSO01R_A|FIELD_LINEAGE|d7d10f9b5293a22777f94b958cdb7280c40216c21a2b9b4a49451c1385cf26d9,0.1,0.9,7.743121034250964,2.988314286721013,0.0,0,2560,FROZEN_K10_NEIGHBOURS_PLUS_FROZEN_K10_MATCHED_RANDOM_EDGES,PERSISTENT_OPERATIONAL_NEAR_COLLISION_EVIDENCE,EVALUABLE,EXPLORATORY_CONSUMED_DIAGNOSTIC_ONLY
U0_SS,pressure_gradient_acceleration,LINEAGE,HMSO01R_A|FIELD_LINEAGE|d8cd77f2aea85a93297ba4755747ee15653349aca322bca77ce1738389444994,0.1,0.9,7.743121034250964,2.988314286721013,0.0,0,5120,FROZEN_K10_NEIGHBOURS_PLUS_FROZEN_K10_MATCHED_RANDOM_EDGES,PERSISTENT_OPERATIONAL_NEAR_COLLISION_EVIDENCE,EVALUABLE,EXPLORATORY_CONSUMED_DIAGNOSTIC_ONLY
U0_SS,pressure_gradient_acceleration,LINEAGE,HMSO01R_A|FIELD_LINEAGE|d9b0e4ca0c6e9f306f81bad07b5f31753c1237e04a6a51d708212ab05edea52f,0.1,0.9,7.743121034250964,2.988314286721013,0.0,0,2560,FROZEN_K10_NEIGHBOURS_PLUS_FROZEN_K10_MATCHED_RANDOM_EDGES,PERSISTENT_OPERATIONAL_NEAR_COLLISION_EVIDENCE,EVALUABLE,EXPLORATORY_CONSUMED_DIAGNOSTIC_ONLY
U0_SS,pressure_gradient_acceleration,LINEAGE,HMSO01R_A|FIELD_LINEAGE|dca2b57202d33de06ea638a8ecbab23d1b960b5ed15b6841dcbc75b212cc8712,0.1,0.9,7.743121034250964,2.988314286721013,0.0,0,2560,FROZEN_K10_NEIGHBOURS_PLUS_FROZEN_K10_MATCHED_RANDOM_EDGES,PERSISTENT_OPERATIONAL_NEAR_COLLISION_EVIDENCE,EVALUABLE,EXPLORATORY_CONSUMED_DIAGNOSTIC_ONLY
U0_SS,pressure_gradient_acceleration,LINEAGE,HMSO01R_A|FIELD_LINEAGE|e0695af14e7ff6ed68d0eaa0320bde868bdf2eddcd09aade2748baa3ab9013d9,0.1,0.9,7.743121034250964,2.988314286721013,0.0,0,2560,FROZEN_K10_NEIGHBOURS_PLUS_FROZEN_K10_MATCHED_RANDOM_EDGES,PERSISTENT_OPERATIONAL_NEAR_COLLISION_EVIDENCE,EVALUABLE,EXPLORATORY_CONSUMED_DIAGNOSTIC_ONLY
U0_SS,pressure_gradient_acceleration,LINEAGE,HMSO01R_A|FIELD_LINEAGE|e1662caa4f55fa1e467b750db9be81d3672b988a828412586110c172a4b65cc4,0.1,0.9,7.743121034250964,2.988314286721013,0.0,0,2560,FROZEN_K10_NEIGHBOURS_PLUS_FROZEN_K10_MATCHED_RANDOM_EDGES,PERSISTENT_OPERATIONAL_NEAR_COLLISION_EVIDENCE,EVALUABLE,EXPLORATORY_CONSUMED_DIAGNOSTIC_ONLY
U0_SS,pressure_gradient_acceleration,LINEAGE,HMSO01R_A|FIELD_LINEAGE|e1bd95fcd7aed1a8bde13393ae7d4a98eff10f4a52c1bdfb2e54f1dd690c54dd,0.1,0.9,7.743121034250964,2.988314286721013,0.0,0,2560,FROZEN_K10_NEIGHBOURS_PLUS_FROZEN_K10_MATCHED_RANDOM_EDGES,PERSISTENT_OPERATIONAL_NEAR_COLLISION_EVIDENCE,EVALUABLE,EXPLORATORY_CONSUMED_DIAGNOSTIC_ONLY
U0_SS,pressure_gradient_acceleration,LINEAGE,HMSO01R_A|FIELD_LINEAGE|e25db364da9db9cdb46c3073fa0aa473b93b0eed9df5062f9696d75bd2f90442,0.1,0.9,7.743121034250964,2.988314286721013,0.0,0,2560,FROZEN_K10_NEIGHBOURS_PLUS_FROZEN_K10_MATCHED_RANDOM_EDGES,PERSISTENT_OPERATIONAL_NEAR_COLLISION_EVIDENCE,EVALUABLE,EXPLORATORY_CONSUMED_DIAGNOSTIC_ONLY
U0_SS,pressure_gradient_acceleration,LINEAGE,HMSO01R_A|FIELD_LINEAGE|e269817bd0e21e72d0864769c51ef7f6839102d6f41f035fbbff5041e46bd0d4,0.1,0.9,7.743121034250964,2.988314286721013,0.0,0,2560,FROZEN_K10_NEIGHBOURS_PLUS_FROZEN_K10_MATCHED_RANDOM_EDGES,PERSISTENT_OPERATIONAL_NEAR_COLLISION_EVIDENCE,EVALUABLE,EXPLORATORY_CONSUMED_DIAGNOSTIC_ONLY
U0_SS,pressure_gradient_acceleration,LINEAGE,HMSO01R_A|FIELD_LINEAGE|e2940f5e79800b14b8eefcdb52a6c4eb9c2bcacb794aadbf19ab173720ccdfc9,0.1,0.9,7.743121034250964,2.988314286721013,0.0,0,2560,FROZEN_K10_NEIGHBOURS_PLUS_FROZEN_K10_MATCHED_RANDOM_EDGES,PERSISTENT_OPERATIONAL_NEAR_COLLISION_EVIDENCE,EVALUABLE,EXPLORATORY_CONSUMED_DIAGNOSTIC_ONLY
U0_SS,pressure_gradient_acceleration,LINEAGE,HMSO01R_A|FIELD_LINEAGE|e2fdf0ecb37222ddf2c343b2a9785bb080b33fb721f4d3381403db08d53276de,0.1,0.9,7.743121034250964,2.988314286721013,0.0,0,2560,FROZEN_K10_NEIGHBOURS_PLUS_FROZEN_K10_MATCHED_RANDOM_EDGES,PERSISTENT_OPERATIONAL_NEAR_COLLISION_EVIDENCE,EVALUABLE,EXPLORATORY_CONSUMED_DIAGNOSTIC_ONLY
U0_SS,pressure_gradient_acceleration,LINEAGE,HMSO01R_A|FIELD_LINEAGE|e39068083f41a31c97e7737f6138e1986484dea8bfe32d65a52cd58aaa1ec7e8,0.1,0.9,7.743121034250964,2.988314286721013,0.0,0,2560,FROZEN_K10_NEIGHBOURS_PLUS_FROZEN_K10_MATCHED_RANDOM_EDGES,PERSISTENT_OPERATIONAL_NEAR_COLLISION_EVIDENCE,EVALUABLE,EXPLORATORY_CONSUMED_DIAGNOSTIC_ONLY
U0_SS,pressure_gradient_acceleration,LINEAGE,HMSO01R_A|FIELD_LINEAGE|e46b2d3dad1b8a5413f52396bbef71167f252a4ba61297ea3e2b46c37456ba4c,0.1,0.9,7.743121034250964,2.988314286721013,0.0,0,2560,FROZEN_K10_NEIGHBOURS_PLUS_FROZEN_K10_MATCHED_RANDOM_EDGES,PERSISTENT_OPERATIONAL_NEAR_COLLISION_EVIDENCE,EVALUABLE,EXPLORATORY_CONSUMED_DIAGNOSTIC_ONLY
U0_SS,pressure_gradient_acceleration,LINEAGE,HMSO01R_A|FIELD_LINEAGE|e4c235f067a50e9e5304ee0e7ad701299187cd559ceebd74674d932464340e77,0.1,0.9,7.743121034250964,2.988314286721013,0.0,0,2560,FROZEN_K10_NEIGHBOURS_PLUS_FROZEN_K10_MATCHED_RANDOM_EDGES,PERSISTENT_OPERATIONAL_NEAR_COLLISION_EVIDENCE,EVALUABLE,EXPLORATORY_CONSUMED_DIAGNOSTIC_ONLY
U0_SS,pressure_gradient_acceleration,LINEAGE,HMSO01R_A|FIELD_LINEAGE|e5cd23001367dee0fe50b87c4f9c5ae9d8e66eeb6cef2467ff3f6da8c0fcdc16,0.1,0.9,7.743121034250964,2.988314286721013,0.0,0,2560,FROZEN_K10_NEIGHBOURS_PLUS_FROZEN_K10_MATCHED_RANDOM_EDGES,PERSISTENT_OPERATIONAL_NEAR_COLLISION_EVIDENCE,EVALUABLE,EXPLORATORY_CONSUMED_DIAGNOSTIC_ONLY
U0_SS,pressure_gradient_acceleration,LINEAGE,HMSO01R_A|FIELD_LINEAGE|e5fd0d86ce4eda7b6deef112c4230d6cc2c904c7a1cbb32b883405f7907c5018,0.1,0.9,7.743121034250964,2.988314286721013,0.0,0,2560,FROZEN_K10_NEIGHBOURS_PLUS_FROZEN_K10_MATCHED_RANDOM_EDGES,PERSISTENT_OPERATIONAL_NEAR_COLLISION_EVIDENCE,EVALUABLE,EXPLORATORY_CONSUMED_DIAGNOSTIC_ONLY
U0_SS,pressure_gradient_acceleration,LINEAGE,HMSO01R_A|FIELD_LINEAGE|e6f79f1197cd7f6ad00ce2f5ddcac136ad9a2faa5584e9f390794bfb6ee07ac6,0.1,0.9,7.743121034250964,2.988314286721013,0.0,0,2560,FROZEN_K10_NEIGHBOURS_PLUS_FROZEN_K10_MATCHED_RANDOM_EDGES,PERSISTENT_OPERATIONAL_NEAR_COLLISION_EVIDENCE,EVALUABLE,EXPLORATORY_CONSUMED_DIAGNOSTIC_ONLY
U0_SS,pressure_gradient_acceleration,LINEAGE,HMSO01R_A|FIELD_LINEAGE|e82aee0755c70810ee3fbd630ec4d3fa698e473225b4aa505b26af8a458a6400,0.1,0.9,7.743121034250964,2.988314286721013,0.0,0,2560,FROZEN_K10_NEIGHBOURS_PLUS_FROZEN_K10_MATCHED_RANDOM_EDGES,PERSISTENT_OPERATIONAL_NEAR_COLLISION_EVIDENCE,EVALUABLE,EXPLORATORY_CONSUMED_DIAGNOSTIC_ONLY
U0_SS,pressure_gradient_acceleration,LINEAGE,HMSO01R_A|FIELD_LINEAGE|e853753ed3befc6151b8f2c4e9e3797938a7689193c2157695f0b61b8e60abc8,0.1,0.9,7.743121034250964,2.988314286721013,0.000390625,1,2560,FROZEN_K10_NEIGHBOURS_PLUS_FROZEN_K10_MATCHED_RANDOM_EDGES,PERSISTENT_OPERATIONAL_NEAR_COLLISION_EVIDENCE,EVALUABLE,EXPLORATORY_CONSUMED_DIAGNOSTIC_ONLY
U0_SS,pressure_gradient_acceleration,LINEAGE,HMSO01R_A|FIELD_LINEAGE|e99701698ca3eda87704f5f32294f901f56116d9da609afcb18418d4c8a62bf2,0.1,0.9,7.743121034250964,2.988314286721013,0.0,0,2560,FROZEN_K10_NEIGHBOURS_PLUS_FROZEN_K10_MATCHED_RANDOM_EDGES,PERSISTENT_OPERATIONAL_NEAR_COLLISION_EVIDENCE,EVALUABLE,EXPLORATORY_CONSUMED_DIAGNOSTIC_ONLY
U0_SS,pressure_gradient_acceleration,LINEAGE,HMSO01R_A|FIELD_LINEAGE|e9dc12a25958465c187afbd7ef920bc04ba98d4b232046e156979d215bd85146,0.1,0.9,7.743121034250964,2.988314286721013,0.0,0,2560,FROZEN_K10_NEIGHBOURS_PLUS_FROZEN_K10_MATCHED_RANDOM_EDGES,PERSISTENT_OPERATIONAL_NEAR_COLLISION_EVIDENCE,EVALUABLE,EXPLORATORY_CONSUMED_DIAGNOSTIC_ONLY
U0_SS,pressure_gradient_acceleration,LINEAGE,HMSO01R_A|FIELD_LINEAGE|ea7a0f305184b5efcd1c245ec8837c3d5e92744042b12d412ef90758785acc95,0.1,0.9,7.743121034250964,2.988314286721013,0.0,0,5120,FROZEN_K10_NEIGHBOURS_PLUS_FROZEN_K10_MATCHED_RANDOM_EDGES,PERSISTENT_OPERATIONAL_NEAR_COLLISION_EVIDENCE,EVALUABLE,EXPLORATORY_CONSUMED_DIAGNOSTIC_ONLY
U0_SS,pressure_gradient_acceleration,LINEAGE,HMSO01R_A|FIELD_LINEAGE|eadb4166638494d642712d8eabac62f88ed028f779148966c13d2efd6405fa1d,0.1,0.9,7.743121034250964,2.988314286721013,0.0,0,2560,FROZEN_K10_NEIGHBOURS_PLUS_FROZEN_K10_MATCHED_RANDOM_EDGES,PERSISTENT_OPERATIONAL_NEAR_COLLISION_EVIDENCE,EVALUABLE,EXPLORATORY_CONSUMED_DIAGNOSTIC_ONLY
U0_SS,pressure_gradient_acceleration,LINEAGE,HMSO01R_A|FIELD_LINEAGE|ebfb44058badbf85a36d8671e914d20620f9253b30eeec0e96b5e0c20dc8e16c,0.1,0.9,7.743121034250964,2.988314286721013,0.0,0,2560,FROZEN_K10_NEIGHBOURS_PLUS_FROZEN_K10_MATCHED_RANDOM_EDGES,PERSISTENT_OPERATIONAL_NEAR_COLLISION_EVIDENCE,EVALUABLE,EXPLORATORY_CONSUMED_DIAGNOSTIC_ONLY
U0_SS,pressure_gradient_acceleration,LINEAGE,HMSO01R_A|FIELD_LINEAGE|eee5df81575181b025958cda057ac7cb0483be4404d018db7bb2c06a63c25462,0.1,0.9,7.743121034250964,2.988314286721013,0.0,0,2560,FROZEN_K10_NEIGHBOURS_PLUS_FROZEN_K10_MATCHED_RANDOM_EDGES,PERSISTENT_OPERATIONAL_NEAR_COLLISION_EVIDENCE,EVALUABLE,EXPLORATORY_CONSUMED_DIAGNOSTIC_ONLY
U0_SS,pressure_gradient_acceleration,LINEAGE,HMSO01R_A|FIELD_LINEAGE|f01618f1ef2fe7c85085b02f71644f843db176708a8abb6e4e05116a594e9ae3,0.1,0.9,7.743121034250964,2.988314286721013,0.0,0,2560,FROZEN_K10_NEIGHBOURS_PLUS_FROZEN_K10_MATCHED_RANDOM_EDGES,PERSISTENT_OPERATIONAL_NEAR_COLLISION_EVIDENCE,EVALUABLE,EXPLORATORY_CONSUMED_DIAGNOSTIC_ONLY
U0_SS,pressure_gradient_acceleration,LINEAGE,HMSO01R_A|FIELD_LINEAGE|f0421338d311584916d83a8dd01c9f47b7707c5652d4192e1df422a2a9e7d57d,0.1,0.9,7.743121034250964,2.988314286721013,0.0,0,2560,FROZEN_K10_NEIGHBOURS_PLUS_FROZEN_K10_MATCHED_RANDOM_EDGES,PERSISTENT_OPERATIONAL_NEAR_COLLISION_EVIDENCE,EVALUABLE,EXPLORATORY_CONSUMED_DIAGNOSTIC_ONLY
U0_SS,pressure_gradient_acceleration,LINEAGE,HMSO01R_A|FIELD_LINEAGE|f11020ed75e98ae018c3d951c68d3fba4bfe91afdf9eb4b7d62d0c0967429304,0.1,0.9,7.743121034250964,2.988314286721013,0.0,0,2560,FROZEN_K10_NEIGHBOURS_PLUS_FROZEN_K10_MATCHED_RANDOM_EDGES,PERSISTENT_OPERATIONAL_NEAR_COLLISION_EVIDENCE,EVALUABLE,EXPLORATORY_CONSUMED_DIAGNOSTIC_ONLY
U0_SS,pressure_gradient_acceleration,LINEAGE,HMSO01R_A|FIELD_LINEAGE|f117df283c3988b3a51ad2a7138592681c02ac94fc8905b0ebf163745ca00f62,0.1,0.9,7.743121034250964,2.988314286721013,0.0,0,5120,FROZEN_K10_NEIGHBOURS_PLUS_FROZEN_K10_MATCHED_RANDOM_EDGES,PERSISTENT_OPERATIONAL_NEAR_COLLISION_EVIDENCE,EVALUABLE,EXPLORATORY_CONSUMED_DIAGNOSTIC_ONLY
U0_SS,pressure_gradient_acceleration,LINEAGE,HMSO01R_A|FIELD_LINEAGE|f2247a8dfd61c19acaf6609654c9c6098f254569cd75ef6a5201803913aa1c00,0.1,0.9,7.743121034250964,2.988314286721013,0.0,0,2560,FROZEN_K10_NEIGHBOURS_PLUS_FROZEN_K10_MATCHED_RANDOM_EDGES,PERSISTENT_OPERATIONAL_NEAR_COLLISION_EVIDENCE,EVALUABLE,EXPLORATORY_CONSUMED_DIAGNOSTIC_ONLY
U0_SS,pressure_gradient_acceleration,LINEAGE,HMSO01R_A|FIELD_LINEAGE|f2a3ceeae0e0974c878bba3a036f383f979564d7512b59be838a43b0d537377a,0.1,0.9,7.743121034250964,2.988314286721013,0.0,0,2560,FROZEN_K10_NEIGHBOURS_PLUS_FROZEN_K10_MATCHED_RANDOM_EDGES,PERSISTENT_OPERATIONAL_NEAR_COLLISION_EVIDENCE,EVALUABLE,EXPLORATORY_CONSUMED_DIAGNOSTIC_ONLY
U0_SS,pressure_gradient_acceleration,LINEAGE,HMSO01R_A|FIELD_LINEAGE|f52ad1fbea60f2cef5c93f5785e888eaa7893de6dad0b2f7545e6d3f4e338f25,0.1,0.9,7.743121034250964,2.988314286721013,0.0,0,2560,FROZEN_K10_NEIGHBOURS_PLUS_FROZEN_K10_MATCHED_RANDOM_EDGES,PERSISTENT_OPERATIONAL_NEAR_COLLISION_EVIDENCE,EVALUABLE,EXPLORATORY_CONSUMED_DIAGNOSTIC_ONLY
U0_SS,pressure_gradient_acceleration,LINEAGE,HMSO01R_A|FIELD_LINEAGE|f7cc0cf639be6a7e99c37868bcf630bb54f34534e2c78b36b59b7ac5ebbd1919,0.1,0.9,7.743121034250964,2.988314286721013,0.0,0,2560,FROZEN_K10_NEIGHBOURS_PLUS_FROZEN_K10_MATCHED_RANDOM_EDGES,PERSISTENT_OPERATIONAL_NEAR_COLLISION_EVIDENCE,EVALUABLE,EXPLORATORY_CONSUMED_DIAGNOSTIC_ONLY
U0_SS,pressure_gradient_acceleration,LINEAGE,HMSO01R_A|FIELD_LINEAGE|f82108cfb75a5ece90cca0bec2aa62b5af33b3b96774d26a9d5bbde8416cb360,0.1,0.9,7.743121034250964,2.988314286721013,0.0,0,2560,FROZEN_K10_NEIGHBOURS_PLUS_FROZEN_K10_MATCHED_RANDOM_EDGES,PERSISTENT_OPERATIONAL_NEAR_COLLISION_EVIDENCE,EVALUABLE,EXPLORATORY_CONSUMED_DIAGNOSTIC_ONLY
U0_SS,pressure_gradient_acceleration,LINEAGE,HMSO01R_A|FIELD_LINEAGE|f8fd31406421545fa9cf8bb98c251eb120eed5378ed4276493239005b13fd6f8,0.1,0.9,7.743121034250964,2.988314286721013,0.0,0,2560,FROZEN_K10_NEIGHBOURS_PLUS_FROZEN_K10_MATCHED_RANDOM_EDGES,PERSISTENT_OPERATIONAL_NEAR_COLLISION_EVIDENCE,EVALUABLE,EXPLORATORY_CONSUMED_DIAGNOSTIC_ONLY
U0_SS,pressure_gradient_acceleration,LINEAGE,HMSO01R_A|FIELD_LINEAGE|f952117e9c8f8a564901d0507e978f58c3289c63c557fb7f3123a84dd049ba29,0.1,0.9,7.743121034250964,2.988314286721013,0.0,0,2560,FROZEN_K10_NEIGHBOURS_PLUS_FROZEN_K10_MATCHED_RANDOM_EDGES,PERSISTENT_OPERATIONAL_NEAR_COLLISION_EVIDENCE,EVALUABLE,EXPLORATORY_CONSUMED_DIAGNOSTIC_ONLY
U0_SS,pressure_gradient_acceleration,LINEAGE,HMSO01R_A|FIELD_LINEAGE|f9a3d40825ca658eebc26e88239c04a3590f72ad95b03a86bc289649036f4117,0.1,0.9,7.743121034250964,2.988314286721013,0.050390625,129,2560,FROZEN_K10_NEIGHBOURS_PLUS_FROZEN_K10_MATCHED_RANDOM_EDGES,PERSISTENT_OPERATIONAL_NEAR_COLLISION_EVIDENCE,EVALUABLE,EXPLORATORY_CONSUMED_DIAGNOSTIC_ONLY
U0_SS,pressure_gradient_acceleration,LINEAGE,HMSO01R_A|FIELD_LINEAGE|f9acbd6c60cf4de95eb27dc7c24fd369893e07d5c162236bcdc4cc91f1e5368b,0.1,0.9,7.743121034250964,2.988314286721013,0.0,0,2560,FROZEN_K10_NEIGHBOURS_PLUS_FROZEN_K10_MATCHED_RANDOM_EDGES,PERSISTENT_OPERATIONAL_NEAR_COLLISION_EVIDENCE,EVALUABLE,EXPLORATORY_CONSUMED_DIAGNOSTIC_ONLY
U0_SS,pressure_gradient_acceleration,LINEAGE,HMSO01R_A|FIELD_LINEAGE|f9dd81299410ddb65efe58bb38fc53798a53c7f5ab1183ef52b5f93fb7daea68,0.1,0.9,7.743121034250964,2.988314286721013,0.0,0,2560,FROZEN_K10_NEIGHBOURS_PLUS_FROZEN_K10_MATCHED_RANDOM_EDGES,PERSISTENT_OPERATIONAL_NEAR_COLLISION_EVIDENCE,EVALUABLE,EXPLORATORY_CONSUMED_DIAGNOSTIC_ONLY
U0_SS,pressure_gradient_acceleration,LINEAGE,HMSO01R_A|FIELD_LINEAGE|fa1ab395df96eb71b1cd3e5c31c1a1fe587398989c58265b21dd97a062b35ef9,0.1,0.9,7.743121034250964,2.988314286721013,0.0,0,2560,FROZEN_K10_NEIGHBOURS_PLUS_FROZEN_K10_MATCHED_RANDOM_EDGES,PERSISTENT_OPERATIONAL_NEAR_COLLISION_EVIDENCE,EVALUABLE,EXPLORATORY_CONSUMED_DIAGNOSTIC_ONLY
U0_SS,pressure_gradient_acceleration,LINEAGE,HMSO01R_A|FIELD_LINEAGE|fd04ea3f458e107df0af85b51443fd7c576cbde1f2a34afcd2f94001f9376e64,0.1,0.9,7.743121034250964,2.988314286721013,0.0,0,5120,FROZEN_K10_NEIGHBOURS_PLUS_FROZEN_K10_MATCHED_RANDOM_EDGES,PERSISTENT_OPERATIONAL_NEAR_COLLISION_EVIDENCE,EVALUABLE,EXPLORATORY_CONSUMED_DIAGNOSTIC_ONLY
U0_SS,pressure_gradient_acceleration,LINEAGE,HMSO01R_A|FIELD_LINEAGE|fefaa03392c6d5e862f0b98f72e148123eb5332d997aade537062f72a6e1a99c,0.1,0.9,7.743121034250964,2.988314286721013,0.0,0,2560,FROZEN_K10_NEIGHBOURS_PLUS_FROZEN_K10_MATCHED_RANDOM_EDGES,PERSISTENT_OPERATIONAL_NEAR_COLLISION_EVIDENCE,EVALUABLE,EXPLORATORY_CONSUMED_DIAGNOSTIC_ONLY
U0_SS,pressure_gradient_acceleration,LINEAGE,HMSO01R_A|FIELD_LINEAGE|ff441cbe04ac4f8f63fd24360c00fa41becbfbb5a6acdf59e4dfd55c77c15642,0.1,0.9,7.743121034250964,2.988314286721013,0.0,0,2560,FROZEN_K10_NEIGHBOURS_PLUS_FROZEN_K10_MATCHED_RANDOM_EDGES,PERSISTENT_OPERATIONAL_NEAR_COLLISION_EVIDENCE,EVALUABLE,EXPLORATORY_CONSUMED_DIAGNOSTIC_ONLY
U0_SS,viscosity_laplacian_acceleration,OVERALL,ALL,0.1,0.9,7.743121034250964,0.00039896684202010517,0.0011545817057291667,1135,983040,FROZEN_K10_NEIGHBOURS_PLUS_FROZEN_K10_MATCHED_RANDOM_EDGES,PERSISTENT_OPERATIONAL_NEAR_COLLISION_EVIDENCE,EVALUABLE,EXPLORATORY_CONSUMED_DIAGNOSTIC_ONLY
U0_SS,viscosity_laplacian_acceleration,FOLD,FOLD_0,0.1,0.9,7.743121034250964,0.00039896684202010517,0.0,0,189440,FROZEN_K10_NEIGHBOURS_PLUS_FROZEN_K10_MATCHED_RANDOM_EDGES,PERSISTENT_OPERATIONAL_NEAR_COLLISION_EVIDENCE,EVALUABLE,EXPLORATORY_CONSUMED_DIAGNOSTIC_ONLY
U0_SS,viscosity_laplacian_acceleration,FOLD,FOLD_1,0.1,0.9,7.743121034250964,0.00039896684202010517,0.0011495535714285713,206,179200,FROZEN_K10_NEIGHBOURS_PLUS_FROZEN_K10_MATCHED_RANDOM_EDGES,PERSISTENT_OPERATIONAL_NEAR_COLLISION_EVIDENCE,EVALUABLE,EXPLORATORY_CONSUMED_DIAGNOSTIC_ONLY
U0_SS,viscosity_laplacian_acceleration,FOLD,FOLD_2,0.1,0.9,7.743121034250964,0.00039896684202010517,0.0058341733870967746,926,158720,FROZEN_K10_NEIGHBOURS_PLUS_FROZEN_K10_MATCHED_RANDOM_EDGES,PERSISTENT_OPERATIONAL_NEAR_COLLISION_EVIDENCE,EVALUABLE,EXPLORATORY_CONSUMED_DIAGNOSTIC_ONLY
U0_SS,viscosity_laplacian_acceleration,FOLD,FOLD_3,0.1,0.9,7.743121034250964,0.00039896684202010517,0.0,0,151040,FROZEN_K10_NEIGHBOURS_PLUS_FROZEN_K10_MATCHED_RANDOM_EDGES,PERSISTENT_OPERATIONAL_NEAR_COLLISION_EVIDENCE,EVALUABLE,EXPLORATORY_CONSUMED_DIAGNOSTIC_ONLY
U0_SS,viscosity_laplacian_acceleration,FOLD,FOLD_4,0.1,0.9,7.743121034250964,0.00039896684202010517,0.0,0,151040,FROZEN_K10_NEIGHBOURS_PLUS_FROZEN_K10_MATCHED_RANDOM_EDGES,PERSISTENT_OPERATIONAL_NEAR_COLLISION_EVIDENCE,EVALUABLE,EXPLORATORY_CONSUMED_DIAGNOSTIC_ONLY
U0_SS,viscosity_laplacian_acceleration,FOLD,FOLD_5,0.1,0.9,7.743121034250964,0.00039896684202010517,1.953125e-05,3,153600,FROZEN_K10_NEIGHBOURS_PLUS_FROZEN_K10_MATCHED_RANDOM_EDGES,PERSISTENT_OPERATIONAL_NEAR_COLLISION_EVIDENCE,EVALUABLE,EXPLORATORY_CONSUMED_DIAGNOSTIC_ONLY
U0_SS,viscosity_laplacian_acceleration,FAMILY,F1,0.1,0.9,7.743121034250964,0.00039896684202010517,0.004569498697916666,1123,245760,FROZEN_K10_NEIGHBOURS_PLUS_FROZEN_K10_MATCHED_RANDOM_EDGES,PERSISTENT_OPERATIONAL_NEAR_COLLISION_EVIDENCE,EVALUABLE,EXPLORATORY_CONSUMED_DIAGNOSTIC_ONLY
U0_SS,viscosity_laplacian_acceleration,FAMILY,F2,0.1,0.9,7.743121034250964,0.00039896684202010517,3.255208333333333e-05,8,245760,FROZEN_K10_NEIGHBOURS_PLUS_FROZEN_K10_MATCHED_RANDOM_EDGES,PERSISTENT_OPERATIONAL_NEAR_COLLISION_EVIDENCE,EVALUABLE,EXPLORATORY_CONSUMED_DIAGNOSTIC_ONLY
U0_SS,viscosity_laplacian_acceleration,FAMILY,F3,0.1,0.9,7.743121034250964,0.00039896684202010517,1.6276041666666666e-05,4,245760,FROZEN_K10_NEIGHBOURS_PLUS_FROZEN_K10_MATCHED_RANDOM_EDGES,PERSISTENT_OPERATIONAL_NEAR_COLLISION_EVIDENCE,EVALUABLE,EXPLORATORY_CONSUMED_DIAGNOSTIC_ONLY
U0_SS,viscosity_laplacian_acceleration,FAMILY,F4,0.1,0.9,7.743121034250964,0.00039896684202010517,0.0,0,245760,FROZEN_K10_NEIGHBOURS_PLUS_FROZEN_K10_MATCHED_RANDOM_EDGES,PERSISTENT_OPERATIONAL_NEAR_COLLISION_EVIDENCE,EVALUABLE,EXPLORATORY_CONSUMED_DIAGNOSTIC_ONLY
U0_SS,viscosity_laplacian_acceleration,FAMILY_FOLD,F1|FOLD_0,0.1,0.9,7.743121034250964,0.00039896684202010517,0.0,0,43520,FROZEN_K10_NEIGHBOURS_PLUS_FROZEN_K10_MATCHED_RANDOM_EDGES,PERSISTENT_OPERATIONAL_NEAR_COLLISION_EVIDENCE,EVALUABLE,EXPLORATORY_CONSUMED_DIAGNOSTIC_ONLY
U0_SS,viscosity_laplacian_acceleration,FAMILY_FOLD,F2|FOLD_0,0.1,0.9,7.743121034250964,0.00039896684202010517,0.0,0,40960,FROZEN_K10_NEIGHBOURS_PLUS_FROZEN_K10_MATCHED_RANDOM_EDGES,PERSISTENT_OPERATIONAL_NEAR_COLLISION_EVIDENCE,EVALUABLE,EXPLORATORY_CONSUMED_DIAGNOSTIC_ONLY
U0_SS,viscosity_laplacian_acceleration,FAMILY_FOLD,F3|FOLD_0,0.1,0.9,7.743121034250964,0.00039896684202010517,0.0,0,43520,FROZEN_K10_NEIGHBOURS_PLUS_FROZEN_K10_MATCHED_RANDOM_EDGES,PERSISTENT_OPERATIONAL_NEAR_COLLISION_EVIDENCE,EVALUABLE,EXPLORATORY_CONSUMED_DIAGNOSTIC_ONLY
U0_SS,viscosity_laplacian_acceleration,FAMILY_FOLD,F4|FOLD_0,0.1,0.9,7.743121034250964,0.00039896684202010517,0.0,0,61440,FROZEN_K10_NEIGHBOURS_PLUS_FROZEN_K10_MATCHED_RANDOM_EDGES,PERSISTENT_OPERATIONAL_NEAR_COLLISION_EVIDENCE,EVALUABLE,EXPLORATORY_CONSUMED_DIAGNOSTIC_ONLY
U0_SS,viscosity_laplacian_acceleration,FAMILY_FOLD,F1|FOLD_1,0.1,0.9,7.743121034250964,0.00039896684202010517,0.005364583333333333,206,38400,FROZEN_K10_NEIGHBOURS_PLUS_FROZEN_K10_MATCHED_RANDOM_EDGES,PERSISTENT_OPERATIONAL_NEAR_COLLISION_EVIDENCE,EVALUABLE,EXPLORATORY_CONSUMED_DIAGNOSTIC_ONLY
U0_SS,viscosity_laplacian_acceleration,FAMILY_FOLD,F2|FOLD_1,0.1,0.9,7.743121034250964,0.00039896684202010517,0.0,0,38400,FROZEN_K10_NEIGHBOURS_PLUS_FROZEN_K10_MATCHED_RANDOM_EDGES,PERSISTENT_OPERATIONAL_NEAR_COLLISION_EVIDENCE,EVALUABLE,EXPLORATORY_CONSUMED_DIAGNOSTIC_ONLY
U0_SS,viscosity_laplacian_acceleration,FAMILY_FOLD,F3|FOLD_1,0.1,0.9,7.743121034250964,0.00039896684202010517,0.0,0,40960,FROZEN_K10_NEIGHBOURS_PLUS_FROZEN_K10_MATCHED_RANDOM_EDGES,PERSISTENT_OPERATIONAL_NEAR_COLLISION_EVIDENCE,EVALUABLE,EXPLORATORY_CONSUMED_DIAGNOSTIC_ONLY
U0_SS,viscosity_laplacian_acceleration,FAMILY_FOLD,F4|FOLD_1,0.1,0.9,7.743121034250964,0.00039896684202010517,0.0,0,61440,FROZEN_K10_NEIGHBOURS_PLUS_FROZEN_K10_MATCHED_RANDOM_EDGES,PERSISTENT_OPERATIONAL_NEAR_COLLISION_EVIDENCE,EVALUABLE,EXPLORATORY_CONSUMED_DIAGNOSTIC_ONLY
U0_SS,viscosity_laplacian_acceleration,FAMILY_FOLD,F1|FOLD_2,0.1,0.9,7.743121034250964,0.00039896684202010517,0.023880208333333333,917,38400,FROZEN_K10_NEIGHBOURS_PLUS_FROZEN_K10_MATCHED_RANDOM_EDGES,PERSISTENT_OPERATIONAL_NEAR_COLLISION_EVIDENCE,EVALUABLE,EXPLORATORY_CONSUMED_DIAGNOSTIC_ONLY
U0_SS,viscosity_laplacian_acceleration,FAMILY_FOLD,F2|FOLD_2,0.1,0.9,7.743121034250964,0.00039896684202010517,0.00010850694444444444,5,46080,FROZEN_K10_NEIGHBOURS_PLUS_FROZEN_K10_MATCHED_RANDOM_EDGES,PERSISTENT_OPERATIONAL_NEAR_COLLISION_EVIDENCE,EVALUABLE,EXPLORATORY_CONSUMED_DIAGNOSTIC_ONLY
U0_SS,viscosity_laplacian_acceleration,FAMILY_FOLD,F3|FOLD_2,0.1,0.9,7.743121034250964,0.00039896684202010517,9.191176470588235e-05,4,43520,FROZEN_K10_NEIGHBOURS_PLUS_FROZEN_K10_MATCHED_RANDOM_EDGES,PERSISTENT_OPERATIONAL_NEAR_COLLISION_EVIDENCE,EVALUABLE,EXPLORATORY_CONSUMED_DIAGNOSTIC_ONLY
U0_SS,viscosity_laplacian_acceleration,FAMILY_FOLD,F4|FOLD_2,0.1,0.9,7.743121034250964,0.00039896684202010517,0.0,0,30720,FROZEN_K10_NEIGHBOURS_PLUS_FROZEN_K10_MATCHED_RANDOM_EDGES,PERSISTENT_OPERATIONAL_NEAR_COLLISION_EVIDENCE,EVALUABLE,EXPLORATORY_CONSUMED_DIAGNOSTIC_ONLY
U0_SS,viscosity_laplacian_acceleration,FAMILY_FOLD,F1|FOLD_3,0.1,0.9,7.743121034250964,0.00039896684202010517,0.0,0,40960,FROZEN_K10_NEIGHBOURS_PLUS_FROZEN_K10_MATCHED_RANDOM_EDGES,PERSISTENT_OPERATIONAL_NEAR_COLLISION_EVIDENCE,EVALUABLE,EXPLORATORY_CONSUMED_DIAGNOSTIC_ONLY
U0_SS,viscosity_laplacian_acceleration,FAMILY_FOLD,F2|FOLD_3,0.1,0.9,7.743121034250964,0.00039896684202010517,0.0,0,35840,FROZEN_K10_NEIGHBOURS_PLUS_FROZEN_K10_MATCHED_RANDOM_EDGES,PERSISTENT_OPERATIONAL_NEAR_COLLISION_EVIDENCE,EVALUABLE,EXPLORATORY_CONSUMED_DIAGNOSTIC_ONLY
U0_SS,viscosity_laplacian_acceleration,FAMILY_FOLD,F3|FOLD_3,0.1,0.9,7.743121034250964,0.00039896684202010517,0.0,0,43520,FROZEN_K10_NEIGHBOURS_PLUS_FROZEN_K10_MATCHED_RANDOM_EDGES,PERSISTENT_OPERATIONAL_NEAR_COLLISION_EVIDENCE,EVALUABLE,EXPLORATORY_CONSUMED_DIAGNOSTIC_ONLY
U0_SS,viscosity_laplacian_acceleration,FAMILY_FOLD,F4|FOLD_3,0.1,0.9,7.743121034250964,0.00039896684202010517,0.0,0,30720,FROZEN_K10_NEIGHBOURS_PLUS_FROZEN_K10_MATCHED_RANDOM_EDGES,PERSISTENT_OPERATIONAL_NEAR_COLLISION_EVIDENCE,EVALUABLE,EXPLORATORY_CONSUMED_DIAGNOSTIC_ONLY
U0_SS,viscosity_laplacian_acceleration,FAMILY_FOLD,F1|FOLD_4,0.1,0.9,7.743121034250964,0.00039896684202010517,0.0,0,43520,FROZEN_K10_NEIGHBOURS_PLUS_FROZEN_K10_MATCHED_RANDOM_EDGES,PERSISTENT_OPERATIONAL_NEAR_COLLISION_EVIDENCE,EVALUABLE,EXPLORATORY_CONSUMED_DIAGNOSTIC_ONLY
U0_SS,viscosity_laplacian_acceleration,FAMILY_FOLD,F2|FOLD_4,0.1,0.9,7.743121034250964,0.00039896684202010517,0.0,0,43520,FROZEN_K10_NEIGHBOURS_PLUS_FROZEN_K10_MATCHED_RANDOM_EDGES,PERSISTENT_OPERATIONAL_NEAR_COLLISION_EVIDENCE,EVALUABLE,EXPLORATORY_CONSUMED_DIAGNOSTIC_ONLY
U0_SS,viscosity_laplacian_acceleration,FAMILY_FOLD,F3|FOLD_4,0.1,0.9,7.743121034250964,0.00039896684202010517,0.0,0,33280,FROZEN_K10_NEIGHBOURS_PLUS_FROZEN_K10_MATCHED_RANDOM_EDGES,PERSISTENT_OPERATIONAL_NEAR_COLLISION_EVIDENCE,EVALUABLE,EXPLORATORY_CONSUMED_DIAGNOSTIC_ONLY
U0_SS,viscosity_laplacian_acceleration,FAMILY_FOLD,F4|FOLD_4,0.1,0.9,7.743121034250964,0.00039896684202010517,0.0,0,30720,FROZEN_K10_NEIGHBOURS_PLUS_FROZEN_K10_MATCHED_RANDOM_EDGES,PERSISTENT_OPERATIONAL_NEAR_COLLISION_EVIDENCE,EVALUABLE,EXPLORATORY_CONSUMED_DIAGNOSTIC_ONLY
U0_SS,viscosity_laplacian_acceleration,FAMILY_FOLD,F1|FOLD_5,0.1,0.9,7.743121034250964,0.00039896684202010517,0.0,0,40960,FROZEN_K10_NEIGHBOURS_PLUS_FROZEN_K10_MATCHED_RANDOM_EDGES,PERSISTENT_OPERATIONAL_NEAR_COLLISION_EVIDENCE,EVALUABLE,EXPLORATORY_CONSUMED_DIAGNOSTIC_ONLY
U0_SS,viscosity_laplacian_acceleration,FAMILY_FOLD,F2|FOLD_5,0.1,0.9,7.743121034250964,0.00039896684202010517,7.32421875e-05,3,40960,FROZEN_K10_NEIGHBOURS_PLUS_FROZEN_K10_MATCHED_RANDOM_EDGES,PERSISTENT_OPERATIONAL_NEAR_COLLISION_EVIDENCE,EVALUABLE,EXPLORATORY_CONSUMED_DIAGNOSTIC_ONLY
U0_SS,viscosity_laplacian_acceleration,FAMILY_FOLD,F3|FOLD_5,0.1,0.9,7.743121034250964,0.00039896684202010517,0.0,0,40960,FROZEN_K10_NEIGHBOURS_PLUS_FROZEN_K10_MATCHED_RANDOM_EDGES,PERSISTENT_OPERATIONAL_NEAR_COLLISION_EVIDENCE,EVALUABLE,EXPLORATORY_CONSUMED_DIAGNOSTIC_ONLY
U0_SS,viscosity_laplacian_acceleration,FAMILY_FOLD,F4|FOLD_5,0.1,0.9,7.743121034250964,0.00039896684202010517,0.0,0,30720,FROZEN_K10_NEIGHBOURS_PLUS_FROZEN_K10_MATCHED_RANDOM_EDGES,PERSISTENT_OPERATIONAL_NEAR_COLLISION_EVIDENCE,EVALUABLE,EXPLORATORY_CONSUMED_DIAGNOSTIC_ONLY
U0_SS,viscosity_laplacian_acceleration,LINEAGE,HMSO01R_A|FIELD_LINEAGE|008a4638c8cb2247bc6cd62f75f3daa09b2e49ba7d73812777f0a31f466efb5e,0.1,0.9,7.743121034250964,0.00039896684202010517,0.0,0,2560,FROZEN_K10_NEIGHBOURS_PLUS_FROZEN_K10_MATCHED_RANDOM_EDGES,PERSISTENT_OPERATIONAL_NEAR_COLLISION_EVIDENCE,EVALUABLE,EXPLORATORY_CONSUMED_DIAGNOSTIC_ONLY
U0_SS,viscosity_laplacian_acceleration,LINEAGE,HMSO01R_A|FIELD_LINEAGE|0183a54dead296f9ee3dee43dc4041188299c7e551f4c9c6bfbe94dc055e54ad,0.1,0.9,7.743121034250964,0.00039896684202010517,0.0,0,5120,FROZEN_K10_NEIGHBOURS_PLUS_FROZEN_K10_MATCHED_RANDOM_EDGES,PERSISTENT_OPERATIONAL_NEAR_COLLISION_EVIDENCE,EVALUABLE,EXPLORATORY_CONSUMED_DIAGNOSTIC_ONLY
U0_SS,viscosity_laplacian_acceleration,LINEAGE,HMSO01R_A|FIELD_LINEAGE|0280053dfd6ee65fbd80522b2b04964154d57f31de1cc5d0449972791fa285ea,0.1,0.9,7.743121034250964,0.00039896684202010517,0.0,0,2560,FROZEN_K10_NEIGHBOURS_PLUS_FROZEN_K10_MATCHED_RANDOM_EDGES,PERSISTENT_OPERATIONAL_NEAR_COLLISION_EVIDENCE,EVALUABLE,EXPLORATORY_CONSUMED_DIAGNOSTIC_ONLY
U0_SS,viscosity_laplacian_acceleration,LINEAGE,HMSO01R_A|FIELD_LINEAGE|02a8e9bf168ff7b6159072e41013ee435870f1006dfd3aa95840b1c132f5aafb,0.1,0.9,7.743121034250964,0.00039896684202010517,0.0,0,2560,FROZEN_K10_NEIGHBOURS_PLUS_FROZEN_K10_MATCHED_RANDOM_EDGES,PERSISTENT_OPERATIONAL_NEAR_COLLISION_EVIDENCE,EVALUABLE,EXPLORATORY_CONSUMED_DIAGNOSTIC_ONLY
U0_SS,viscosity_laplacian_acceleration,LINEAGE,HMSO01R_A|FIELD_LINEAGE|0404a47ad84d3ab6d4cc0dbf7c8fea97f3bca817bfb6ce9e4a0d96e074c1229f,0.1,0.9,7.743121034250964,0.00039896684202010517,0.0,0,2560,FROZEN_K10_NEIGHBOURS_PLUS_FROZEN_K10_MATCHED_RANDOM_EDGES,PERSISTENT_OPERATIONAL_NEAR_COLLISION_EVIDENCE,EVALUABLE,EXPLORATORY_CONSUMED_DIAGNOSTIC_ONLY
U0_SS,viscosity_laplacian_acceleration,LINEAGE,HMSO01R_A|FIELD_LINEAGE|04cc9f11103eaca809c304d2c5e7176a0ac510070bc43c67da76cab1f9c23ed7,0.1,0.9,7.743121034250964,0.00039896684202010517,0.0,0,2560,FROZEN_K10_NEIGHBOURS_PLUS_FROZEN_K10_MATCHED_RANDOM_EDGES,PERSISTENT_OPERATIONAL_NEAR_COLLISION_EVIDENCE,EVALUABLE,EXPLORATORY_CONSUMED_DIAGNOSTIC_ONLY
U0_SS,viscosity_laplacian_acceleration,LINEAGE,HMSO01R_A|FIELD_LINEAGE|051eaa0f00871ac3de3987b76f15e88e4e718676447cf96853b1d9836e56f4a9,0.1,0.9,7.743121034250964,0.00039896684202010517,0.0,0,5120,FROZEN_K10_NEIGHBOURS_PLUS_FROZEN_K10_MATCHED_RANDOM_EDGES,PERSISTENT_OPERATIONAL_NEAR_COLLISION_EVIDENCE,EVALUABLE,EXPLORATORY_CONSUMED_DIAGNOSTIC_ONLY
U0_SS,viscosity_laplacian_acceleration,LINEAGE,HMSO01R_A|FIELD_LINEAGE|05638fa6abec8d1f9d2070785cb5b62bc36d80415fcae04a6c6b1419139c3003,0.1,0.9,7.743121034250964,0.00039896684202010517,0.0,0,5120,FROZEN_K10_NEIGHBOURS_PLUS_FROZEN_K10_MATCHED_RANDOM_EDGES,PERSISTENT_OPERATIONAL_NEAR_COLLISION_EVIDENCE,EVALUABLE,EXPLORATORY_CONSUMED_DIAGNOSTIC_ONLY
U0_SS,viscosity_laplacian_acceleration,LINEAGE,HMSO01R_A|FIELD_LINEAGE|065caad01d0036cc45e094366cffda53edef5d184f8c28ff280e81478dd5499f,0.1,0.9,7.743121034250964,0.00039896684202010517,0.0,0,2560,FROZEN_K10_NEIGHBOURS_PLUS_FROZEN_K10_MATCHED_RANDOM_EDGES,PERSISTENT_OPERATIONAL_NEAR_COLLISION_EVIDENCE,EVALUABLE,EXPLORATORY_CONSUMED_DIAGNOSTIC_ONLY
U0_SS,viscosity_laplacian_acceleration,LINEAGE,HMSO01R_A|FIELD_LINEAGE|06c31c418b756da4f49834b1270295e826a9807f080171a34a3e7c250369709c,0.1,0.9,7.743121034250964,0.00039896684202010517,0.0,0,30720,FROZEN_K10_NEIGHBOURS_PLUS_FROZEN_K10_MATCHED_RANDOM_EDGES,PERSISTENT_OPERATIONAL_NEAR_COLLISION_EVIDENCE,EVALUABLE,EXPLORATORY_CONSUMED_DIAGNOSTIC_ONLY
U0_SS,viscosity_laplacian_acceleration,LINEAGE,HMSO01R_A|FIELD_LINEAGE|06c5b0d79a6fc40df74bc047659e629ea096b0eb47ce7956bd3f7d012a8211c7,0.1,0.9,7.743121034250964,0.00039896684202010517,0.0006510416666666666,5,7680,FROZEN_K10_NEIGHBOURS_PLUS_FROZEN_K10_MATCHED_RANDOM_EDGES,PERSISTENT_OPERATIONAL_NEAR_COLLISION_EVIDENCE,EVALUABLE,EXPLORATORY_CONSUMED_DIAGNOSTIC_ONLY
U0_SS,viscosity_laplacian_acceleration,LINEAGE,HMSO01R_A|FIELD_LINEAGE|07ef870a5e517a728f6e4939e44adb6e41abac7dca46a1a2247aeb449ae2b2b6,0.1,0.9,7.743121034250964,0.00039896684202010517,0.0,0,5120,FROZEN_K10_NEIGHBOURS_PLUS_FROZEN_K10_MATCHED_RANDOM_EDGES,PERSISTENT_OPERATIONAL_NEAR_COLLISION_EVIDENCE,EVALUABLE,EXPLORATORY_CONSUMED_DIAGNOSTIC_ONLY
U0_SS,viscosity_laplacian_acceleration,LINEAGE,HMSO01R_A|FIELD_LINEAGE|092a3e161c8ce70f083c10130918ff7fb36de994b41e81b7dfb0e04366314a2c,0.1,0.9,7.743121034250964,0.00039896684202010517,0.0,0,2560,FROZEN_K10_NEIGHBOURS_PLUS_FROZEN_K10_MATCHED_RANDOM_EDGES,PERSISTENT_OPERATIONAL_NEAR_COLLISION_EVIDENCE,EVALUABLE,EXPLORATORY_CONSUMED_DIAGNOSTIC_ONLY
U0_SS,viscosity_laplacian_acceleration,LINEAGE,HMSO01R_A|FIELD_LINEAGE|093dc802dc5954d756689fb97f687ee9b46c368f5fe625c807448d3bc43a1926,0.1,0.9,7.743121034250964,0.00039896684202010517,0.0,0,2560,FROZEN_K10_NEIGHBOURS_PLUS_FROZEN_K10_MATCHED_RANDOM_EDGES,PERSISTENT_OPERATIONAL_NEAR_COLLISION_EVIDENCE,EVALUABLE,EXPLORATORY_CONSUMED_DIAGNOSTIC_ONLY
U0_SS,viscosity_laplacian_acceleration,LINEAGE,HMSO01R_A|FIELD_LINEAGE|0a252563daa08b1ab13bdaf89c42f5f5445076fcfec6feb203abcad9de8ed55a,0.1,0.9,7.743121034250964,0.00039896684202010517,0.0,0,7680,FROZEN_K10_NEIGHBOURS_PLUS_FROZEN_K10_MATCHED_RANDOM_EDGES,PERSISTENT_OPERATIONAL_NEAR_COLLISION_EVIDENCE,EVALUABLE,EXPLORATORY_CONSUMED_DIAGNOSTIC_ONLY
U0_SS,viscosity_laplacian_acceleration,LINEAGE,HMSO01R_A|FIELD_LINEAGE|0ac3210ffe07941071125618f2e4ad4f522063f7735eb12854083a5cf3b96fca,0.1,0.9,7.743121034250964,0.00039896684202010517,0.0,0,2560,FROZEN_K10_NEIGHBOURS_PLUS_FROZEN_K10_MATCHED_RANDOM_EDGES,PERSISTENT_OPERATIONAL_NEAR_COLLISION_EVIDENCE,EVALUABLE,EXPLORATORY_CONSUMED_DIAGNOSTIC_ONLY
U0_SS,viscosity_laplacian_acceleration,LINEAGE,HMSO01R_A|FIELD_LINEAGE|0af73c913450206e45697078b9ff423d2fbe56a236026748e22945b9fe394efb,0.1,0.9,7.743121034250964,0.00039896684202010517,0.0,0,2560,FROZEN_K10_NEIGHBOURS_PLUS_FROZEN_K10_MATCHED_RANDOM_EDGES,PERSISTENT_OPERATIONAL_NEAR_COLLISION_EVIDENCE,EVALUABLE,EXPLORATORY_CONSUMED_DIAGNOSTIC_ONLY
U0_SS,viscosity_laplacian_acceleration,LINEAGE,HMSO01R_A|FIELD_LINEAGE|0d095ad04875a9db82a8c6062fc3703d3296558fc88db157a4ad79a6317e27a5,0.1,0.9,7.743121034250964,0.00039896684202010517,0.0,0,5120,FROZEN_K10_NEIGHBOURS_PLUS_FROZEN_K10_MATCHED_RANDOM_EDGES,PERSISTENT_OPERATIONAL_NEAR_COLLISION_EVIDENCE,EVALUABLE,EXPLORATORY_CONSUMED_DIAGNOSTIC_ONLY
U0_SS,viscosity_laplacian_acceleration,LINEAGE,HMSO01R_A|FIELD_LINEAGE|0d9a0fc9b5f4f20cb32cc24ac6db7a1e45276ec79661381e7e476b453759d6b0,0.1,0.9,7.743121034250964,0.00039896684202010517,0.0,0,2560,FROZEN_K10_NEIGHBOURS_PLUS_FROZEN_K10_MATCHED_RANDOM_EDGES,PERSISTENT_OPERATIONAL_NEAR_COLLISION_EVIDENCE,EVALUABLE,EXPLORATORY_CONSUMED_DIAGNOSTIC_ONLY
U0_SS,viscosity_laplacian_acceleration,LINEAGE,HMSO01R_A|FIELD_LINEAGE|0da6210822c1316c7a077be78ae0c871024433732125f17a7f978f92e0d637e1,0.1,0.9,7.743121034250964,0.00039896684202010517,0.0,0,2560,FROZEN_K10_NEIGHBOURS_PLUS_FROZEN_K10_MATCHED_RANDOM_EDGES,PERSISTENT_OPERATIONAL_NEAR_COLLISION_EVIDENCE,EVALUABLE,EXPLORATORY_CONSUMED_DIAGNOSTIC_ONLY
U0_SS,viscosity_laplacian_acceleration,LINEAGE,HMSO01R_A|FIELD_LINEAGE|0ddf6cdd096735cc15f4456489e1d58f77aa80618dad5da96cca18e59be60b9c,0.1,0.9,7.743121034250964,0.00039896684202010517,0.0,0,2560,FROZEN_K10_NEIGHBOURS_PLUS_FROZEN_K10_MATCHED_RANDOM_EDGES,PERSISTENT_OPERATIONAL_NEAR_COLLISION_EVIDENCE,EVALUABLE,EXPLORATORY_CONSUMED_DIAGNOSTIC_ONLY
U0_SS,viscosity_laplacian_acceleration,LINEAGE,HMSO01R_A|FIELD_LINEAGE|0e65acebdbaa92caa4bcb30c2a0feac4a5469aac1dd76780539181916f956f58,0.1,0.9,7.743121034250964,0.00039896684202010517,0.0,0,2560,FROZEN_K10_NEIGHBOURS_PLUS_FROZEN_K10_MATCHED_RANDOM_EDGES,PERSISTENT_OPERATIONAL_NEAR_COLLISION_EVIDENCE,EVALUABLE,EXPLORATORY_CONSUMED_DIAGNOSTIC_ONLY
U0_SS,viscosity_laplacian_acceleration,LINEAGE,HMSO01R_A|FIELD_LINEAGE|0e85d8db167a222553e045c2d06d7055fe817db60fe9573c8fc78f52ed1f8615,0.1,0.9,7.743121034250964,0.00039896684202010517,0.0,0,2560,FROZEN_K10_NEIGHBOURS_PLUS_FROZEN_K10_MATCHED_RANDOM_EDGES,PERSISTENT_OPERATIONAL_NEAR_COLLISION_EVIDENCE,EVALUABLE,EXPLORATORY_CONSUMED_DIAGNOSTIC_ONLY
U0_SS,viscosity_laplacian_acceleration,LINEAGE,HMSO01R_A|FIELD_LINEAGE|0f0f1b8e6d3d2de7f2739e4c27aed7f4a0fa84df148b19d95d7dbbf8ec12bea3,0.1,0.9,7.743121034250964,0.00039896684202010517,0.0,0,2560,FROZEN_K10_NEIGHBOURS_PLUS_FROZEN_K10_MATCHED_RANDOM_EDGES,PERSISTENT_OPERATIONAL_NEAR_COLLISION_EVIDENCE,EVALUABLE,EXPLORATORY_CONSUMED_DIAGNOSTIC_ONLY
U0_SS,viscosity_laplacian_acceleration,LINEAGE,HMSO01R_A|FIELD_LINEAGE|0f49beb059c8327e240fa524ede4b5d0ddc16e0eb915fce826282146040c0e20,0.1,0.9,7.743121034250964,0.00039896684202010517,0.0,0,5120,FROZEN_K10_NEIGHBOURS_PLUS_FROZEN_K10_MATCHED_RANDOM_EDGES,PERSISTENT_OPERATIONAL_NEAR_COLLISION_EVIDENCE,EVALUABLE,EXPLORATORY_CONSUMED_DIAGNOSTIC_ONLY
U0_SS,viscosity_laplacian_acceleration,LINEAGE,HMSO01R_A|FIELD_LINEAGE|0fdda9072ffc8d97ff7e0441813be2217cbf8a41c67bef8c56cb65c5e8c889e5,0.1,0.9,7.743121034250964,0.00039896684202010517,0.0,0,2560,FROZEN_K10_NEIGHBOURS_PLUS_FROZEN_K10_MATCHED_RANDOM_EDGES,PERSISTENT_OPERATIONAL_NEAR_COLLISION_EVIDENCE,EVALUABLE,EXPLORATORY_CONSUMED_DIAGNOSTIC_ONLY
U0_SS,viscosity_laplacian_acceleration,LINEAGE,HMSO01R_A|FIELD_LINEAGE|1014832cdbdd8f9e416c91cfffc398c0221e1acf20617efe558f4efd66f3578a,0.1,0.9,7.743121034250964,0.00039896684202010517,0.001171875,3,2560,FROZEN_K10_NEIGHBOURS_PLUS_FROZEN_K10_MATCHED_RANDOM_EDGES,PERSISTENT_OPERATIONAL_NEAR_COLLISION_EVIDENCE,EVALUABLE,EXPLORATORY_CONSUMED_DIAGNOSTIC_ONLY
U0_SS,viscosity_laplacian_acceleration,LINEAGE,HMSO01R_A|FIELD_LINEAGE|101e8ab2bfdfa561a79b7bef11d98c5487b65f400bdd7d35b17d61b9746e280e,0.1,0.9,7.743121034250964,0.00039896684202010517,0.0,0,2560,FROZEN_K10_NEIGHBOURS_PLUS_FROZEN_K10_MATCHED_RANDOM_EDGES,PERSISTENT_OPERATIONAL_NEAR_COLLISION_EVIDENCE,EVALUABLE,EXPLORATORY_CONSUMED_DIAGNOSTIC_ONLY
U0_SS,viscosity_laplacian_acceleration,LINEAGE,HMSO01R_A|FIELD_LINEAGE|10ec2dec79c0538398e95e49cd33ade9183e905d4ea4b212dcd4e7ec34fc5546,0.1,0.9,7.743121034250964,0.00039896684202010517,0.358203125,917,2560,FROZEN_K10_NEIGHBOURS_PLUS_FROZEN_K10_MATCHED_RANDOM_EDGES,PERSISTENT_OPERATIONAL_NEAR_COLLISION_EVIDENCE,EVALUABLE,EXPLORATORY_CONSUMED_DIAGNOSTIC_ONLY
U0_SS,viscosity_laplacian_acceleration,LINEAGE,HMSO01R_A|FIELD_LINEAGE|11fde86949c379fe2021d6c74cae47b21d76fdf394512bb275cf864fa8a207c8,0.1,0.9,7.743121034250964,0.00039896684202010517,0.0,0,2560,FROZEN_K10_NEIGHBOURS_PLUS_FROZEN_K10_MATCHED_RANDOM_EDGES,PERSISTENT_OPERATIONAL_NEAR_COLLISION_EVIDENCE,EVALUABLE,EXPLORATORY_CONSUMED_DIAGNOSTIC_ONLY
U0_SS,viscosity_laplacian_acceleration,LINEAGE,HMSO01R_A|FIELD_LINEAGE|14fde0d6f8e15a741b90398f93d73484586c3eb3479f620760208e87c5b3db6c,0.1,0.9,7.743121034250964,0.00039896684202010517,0.0,0,2560,FROZEN_K10_NEIGHBOURS_PLUS_FROZEN_K10_MATCHED_RANDOM_EDGES,PERSISTENT_OPERATIONAL_NEAR_COLLISION_EVIDENCE,EVALUABLE,EXPLORATORY_CONSUMED_DIAGNOSTIC_ONLY
U0_SS,viscosity_laplacian_acceleration,LINEAGE,HMSO01R_A|FIELD_LINEAGE|15651b29629c1bcfb68ed12ef597d6352232a9bc607eac6bb7e574563cec2b00,0.1,0.9,7.743121034250964,0.00039896684202010517,0.0,0,5120,FROZEN_K10_NEIGHBOURS_PLUS_FROZEN_K10_MATCHED_RANDOM_EDGES,PERSISTENT_OPERATIONAL_NEAR_COLLISION_EVIDENCE,EVALUABLE,EXPLORATORY_CONSUMED_DIAGNOSTIC_ONLY
U0_SS,viscosity_laplacian_acceleration,LINEAGE,HMSO01R_A|FIELD_LINEAGE|16eb11153f438a544fbde5e29c9d4f0fc922c6cc49338ba6f7c68206ac580c7f,0.1,0.9,7.743121034250964,0.00039896684202010517,0.0,0,2560,FROZEN_K10_NEIGHBOURS_PLUS_FROZEN_K10_MATCHED_RANDOM_EDGES,PERSISTENT_OPERATIONAL_NEAR_COLLISION_EVIDENCE,EVALUABLE,EXPLORATORY_CONSUMED_DIAGNOSTIC_ONLY
U0_SS,viscosity_laplacian_acceleration,LINEAGE,HMSO01R_A|FIELD_LINEAGE|17af857dc7e075f66db0acfe5114e05e0f490cc5340cc9cfe073ae813844b776,0.1,0.9,7.743121034250964,0.00039896684202010517,0.0,0,2560,FROZEN_K10_NEIGHBOURS_PLUS_FROZEN_K10_MATCHED_RANDOM_EDGES,PERSISTENT_OPERATIONAL_NEAR_COLLISION_EVIDENCE,EVALUABLE,EXPLORATORY_CONSUMED_DIAGNOSTIC_ONLY
U0_SS,viscosity_laplacian_acceleration,LINEAGE,HMSO01R_A|FIELD_LINEAGE|191e9f46778b3758f1f78fde4f9e2a46913f5a82ffc9889aaa9e18e41d67ee0e,0.1,0.9,7.743121034250964,0.00039896684202010517,0.0,0,2560,FROZEN_K10_NEIGHBOURS_PLUS_FROZEN_K10_MATCHED_RANDOM_EDGES,PERSISTENT_OPERATIONAL_NEAR_COLLISION_EVIDENCE,EVALUABLE,EXPLORATORY_CONSUMED_DIAGNOSTIC_ONLY
U0_SS,viscosity_laplacian_acceleration,LINEAGE,HMSO01R_A|FIELD_LINEAGE|197d7ec024c0036b09ad028c746809cfe1ed712ccbb40eead96390c6dfdd817b,0.1,0.9,7.743121034250964,0.00039896684202010517,0.0,0,30720,FROZEN_K10_NEIGHBOURS_PLUS_FROZEN_K10_MATCHED_RANDOM_EDGES,PERSISTENT_OPERATIONAL_NEAR_COLLISION_EVIDENCE,EVALUABLE,EXPLORATORY_CONSUMED_DIAGNOSTIC_ONLY
U0_SS,viscosity_laplacian_acceleration,LINEAGE,HMSO01R_A|FIELD_LINEAGE|197ff926eb3d0f9ff98b06347687987d9933c0c4a0832b79258c496c53405132,0.1,0.9,7.743121034250964,0.00039896684202010517,0.0,0,2560,FROZEN_K10_NEIGHBOURS_PLUS_FROZEN_K10_MATCHED_RANDOM_EDGES,PERSISTENT_OPERATIONAL_NEAR_COLLISION_EVIDENCE,EVALUABLE,EXPLORATORY_CONSUMED_DIAGNOSTIC_ONLY
U0_SS,viscosity_laplacian_acceleration,LINEAGE,HMSO01R_A|FIELD_LINEAGE|19bc9c15d585b69ea5a604b39577d278e2c7b171a2d899f0352dc2850b1dc0cb,0.1,0.9,7.743121034250964,0.00039896684202010517,0.0,0,2560,FROZEN_K10_NEIGHBOURS_PLUS_FROZEN_K10_MATCHED_RANDOM_EDGES,PERSISTENT_OPERATIONAL_NEAR_COLLISION_EVIDENCE,EVALUABLE,EXPLORATORY_CONSUMED_DIAGNOSTIC_ONLY
U0_SS,viscosity_laplacian_acceleration,LINEAGE,HMSO01R_A|FIELD_LINEAGE|1a444bf8e4f5678b58a9ba1debf6e16323abf2899e40040f0bbc7e1608156e14,0.1,0.9,7.743121034250964,0.00039896684202010517,0.0,0,2560,FROZEN_K10_NEIGHBOURS_PLUS_FROZEN_K10_MATCHED_RANDOM_EDGES,PERSISTENT_OPERATIONAL_NEAR_COLLISION_EVIDENCE,EVALUABLE,EXPLORATORY_CONSUMED_DIAGNOSTIC_ONLY
U0_SS,viscosity_laplacian_acceleration,LINEAGE,HMSO01R_A|FIELD_LINEAGE|1b6f0cb3de33bc6abdb0882404222836bd00a9ad3c6fe2c95af35a87f0fa1200,0.1,0.9,7.743121034250964,0.00039896684202010517,0.0,0,2560,FROZEN_K10_NEIGHBOURS_PLUS_FROZEN_K10_MATCHED_RANDOM_EDGES,PERSISTENT_OPERATIONAL_NEAR_COLLISION_EVIDENCE,EVALUABLE,EXPLORATORY_CONSUMED_DIAGNOSTIC_ONLY
U0_SS,viscosity_laplacian_acceleration,LINEAGE,HMSO01R_A|FIELD_LINEAGE|1d03c9c9f560219b53c739310adfe296cf8afec50561d01ce15be76ae73c1479,0.1,0.9,7.743121034250964,0.00039896684202010517,0.0,0,2560,FROZEN_K10_NEIGHBOURS_PLUS_FROZEN_K10_MATCHED_RANDOM_EDGES,PERSISTENT_OPERATIONAL_NEAR_COLLISION_EVIDENCE,EVALUABLE,EXPLORATORY_CONSUMED_DIAGNOSTIC_ONLY
U0_SS,viscosity_laplacian_acceleration,LINEAGE,HMSO01R_A|FIELD_LINEAGE|1e499d17b9c103b93706f70e5fa2f7497086b8d1dab61b6d4e57ae6874e328ff,0.1,0.9,7.743121034250964,0.00039896684202010517,0.0,0,2560,FROZEN_K10_NEIGHBOURS_PLUS_FROZEN_K10_MATCHED_RANDOM_EDGES,PERSISTENT_OPERATIONAL_NEAR_COLLISION_EVIDENCE,EVALUABLE,EXPLORATORY_CONSUMED_DIAGNOSTIC_ONLY
U0_SS,viscosity_laplacian_acceleration,LINEAGE,HMSO01R_A|FIELD_LINEAGE|20bbc33e3ce141e2f7eb99de3d0702689581411faf36ef6782c9dd4ff7bd0899,0.1,0.9,7.743121034250964,0.00039896684202010517,0.0,0,2560,FROZEN_K10_NEIGHBOURS_PLUS_FROZEN_K10_MATCHED_RANDOM_EDGES,PERSISTENT_OPERATIONAL_NEAR_COLLISION_EVIDENCE,EVALUABLE,EXPLORATORY_CONSUMED_DIAGNOSTIC_ONLY
U0_SS,viscosity_laplacian_acceleration,LINEAGE,HMSO01R_A|FIELD_LINEAGE|20fd9f4e76cc9e98a79b808be25ffb0cc4d95c0522637973fd5963586426d614,0.1,0.9,7.743121034250964,0.00039896684202010517,0.0,0,2560,FROZEN_K10_NEIGHBOURS_PLUS_FROZEN_K10_MATCHED_RANDOM_EDGES,PERSISTENT_OPERATIONAL_NEAR_COLLISION_EVIDENCE,EVALUABLE,EXPLORATORY_CONSUMED_DIAGNOSTIC_ONLY
U0_SS,viscosity_laplacian_acceleration,LINEAGE,HMSO01R_A|FIELD_LINEAGE|21308456c1ed84c2854c7a093be1e48cf9af8d5768485e2a86892e0fd138af17,0.1,0.9,7.743121034250964,0.00039896684202010517,0.0,0,2560,FROZEN_K10_NEIGHBOURS_PLUS_FROZEN_K10_MATCHED_RANDOM_EDGES,PERSISTENT_OPERATIONAL_NEAR_COLLISION_EVIDENCE,EVALUABLE,EXPLORATORY_CONSUMED_DIAGNOSTIC_ONLY
U0_SS,viscosity_laplacian_acceleration,LINEAGE,HMSO01R_A|FIELD_LINEAGE|21b79bdb11d90c0a9b01efce71ed9eec0d7fba61736210c4c1ab358a9c4e965a,0.1,0.9,7.743121034250964,0.00039896684202010517,0.0,0,5120,FROZEN_K10_NEIGHBOURS_PLUS_FROZEN_K10_MATCHED_RANDOM_EDGES,PERSISTENT_OPERATIONAL_NEAR_COLLISION_EVIDENCE,EVALUABLE,EXPLORATORY_CONSUMED_DIAGNOSTIC_ONLY
U0_SS,viscosity_laplacian_acceleration,LINEAGE,HMSO01R_A|FIELD_LINEAGE|21dfb26365637485a590f4aa1b2a5297d551eab87745fb26abbdd41a0e1d8daa,0.1,0.9,7.743121034250964,0.00039896684202010517,0.0,0,2560,FROZEN_K10_NEIGHBOURS_PLUS_FROZEN_K10_MATCHED_RANDOM_EDGES,PERSISTENT_OPERATIONAL_NEAR_COLLISION_EVIDENCE,EVALUABLE,EXPLORATORY_CONSUMED_DIAGNOSTIC_ONLY
U0_SS,viscosity_laplacian_acceleration,LINEAGE,HMSO01R_A|FIELD_LINEAGE|226b761343bde11d0f8531972b4efd2a54f34c441ce74b43268bfdfde41542ed,0.1,0.9,7.743121034250964,0.00039896684202010517,0.0,0,2560,FROZEN_K10_NEIGHBOURS_PLUS_FROZEN_K10_MATCHED_RANDOM_EDGES,PERSISTENT_OPERATIONAL_NEAR_COLLISION_EVIDENCE,EVALUABLE,EXPLORATORY_CONSUMED_DIAGNOSTIC_ONLY
U0_SS,viscosity_laplacian_acceleration,LINEAGE,HMSO01R_A|FIELD_LINEAGE|292cdf1c570d6fb417a11eb6a7d4d830f9162a0bf0e09496e15edbaa84e1f3f4,0.1,0.9,7.743121034250964,0.00039896684202010517,0.0,0,2560,FROZEN_K10_NEIGHBOURS_PLUS_FROZEN_K10_MATCHED_RANDOM_EDGES,PERSISTENT_OPERATIONAL_NEAR_COLLISION_EVIDENCE,EVALUABLE,EXPLORATORY_CONSUMED_DIAGNOSTIC_ONLY
U0_SS,viscosity_laplacian_acceleration,LINEAGE,HMSO01R_A|FIELD_LINEAGE|29dc93f9e64f8875b47eb06f84606bc0c4a0e9315877441085164bd7870ebc8e,0.1,0.9,7.743121034250964,0.00039896684202010517,0.0,0,2560,FROZEN_K10_NEIGHBOURS_PLUS_FROZEN_K10_MATCHED_RANDOM_EDGES,PERSISTENT_OPERATIONAL_NEAR_COLLISION_EVIDENCE,EVALUABLE,EXPLORATORY_CONSUMED_DIAGNOSTIC_ONLY
U0_SS,viscosity_laplacian_acceleration,LINEAGE,HMSO01R_A|FIELD_LINEAGE|2bf67fa14447cc7892bedcae7ba79ef420cf3b1aa476bde75527a097c9a5c922,0.1,0.9,7.743121034250964,0.00039896684202010517,0.0,0,5120,FROZEN_K10_NEIGHBOURS_PLUS_FROZEN_K10_MATCHED_RANDOM_EDGES,PERSISTENT_OPERATIONAL_NEAR_COLLISION_EVIDENCE,EVALUABLE,EXPLORATORY_CONSUMED_DIAGNOSTIC_ONLY
U0_SS,viscosity_laplacian_acceleration,LINEAGE,HMSO01R_A|FIELD_LINEAGE|2d885ab8e36e98def0f3a036fab45f57940afd290e12c42ece2cbbf2a0b7faed,0.1,0.9,7.743121034250964,0.00039896684202010517,0.0,0,2560,FROZEN_K10_NEIGHBOURS_PLUS_FROZEN_K10_MATCHED_RANDOM_EDGES,PERSISTENT_OPERATIONAL_NEAR_COLLISION_EVIDENCE,EVALUABLE,EXPLORATORY_CONSUMED_DIAGNOSTIC_ONLY
U0_SS,viscosity_laplacian_acceleration,LINEAGE,HMSO01R_A|FIELD_LINEAGE|2e00a5aa730d3fe2629242ac9cb05445890c5ccd2cee3bc6b04bd3dcaa176cdc,0.1,0.9,7.743121034250964,0.00039896684202010517,0.0,0,2560,FROZEN_K10_NEIGHBOURS_PLUS_FROZEN_K10_MATCHED_RANDOM_EDGES,PERSISTENT_OPERATIONAL_NEAR_COLLISION_EVIDENCE,EVALUABLE,EXPLORATORY_CONSUMED_DIAGNOSTIC_ONLY
U0_SS,viscosity_laplacian_acceleration,LINEAGE,HMSO01R_A|FIELD_LINEAGE|3264ae7008b91adb6f4b677f3ecc13cbe5ab1143b7f33ef501525d095e0b618c,0.1,0.9,7.743121034250964,0.00039896684202010517,0.0,0,30720,FROZEN_K10_NEIGHBOURS_PLUS_FROZEN_K10_MATCHED_RANDOM_EDGES,PERSISTENT_OPERATIONAL_NEAR_COLLISION_EVIDENCE,EVALUABLE,EXPLORATORY_CONSUMED_DIAGNOSTIC_ONLY
U0_SS,viscosity_laplacian_acceleration,LINEAGE,HMSO01R_A|FIELD_LINEAGE|3283083498700d830b6f9393659c16097acacaf984f6c43b70c65438a233286d,0.1,0.9,7.743121034250964,0.00039896684202010517,0.0,0,5120,FROZEN_K10_NEIGHBOURS_PLUS_FROZEN_K10_MATCHED_RANDOM_EDGES,PERSISTENT_OPERATIONAL_NEAR_COLLISION_EVIDENCE,EVALUABLE,EXPLORATORY_CONSUMED_DIAGNOSTIC_ONLY
U0_SS,viscosity_laplacian_acceleration,LINEAGE,HMSO01R_A|FIELD_LINEAGE|34168bb92814c253cb6b05f8022442aa6cab311b67f648a00b758da530873bc9,0.1,0.9,7.743121034250964,0.00039896684202010517,0.0,0,2560,FROZEN_K10_NEIGHBOURS_PLUS_FROZEN_K10_MATCHED_RANDOM_EDGES,PERSISTENT_OPERATIONAL_NEAR_COLLISION_EVIDENCE,EVALUABLE,EXPLORATORY_CONSUMED_DIAGNOSTIC_ONLY
U0_SS,viscosity_laplacian_acceleration,LINEAGE,HMSO01R_A|FIELD_LINEAGE|34a4e80876c1805c1767ae4dec4e60fe92b927519de4d3f4fc98d8e491efa006,0.1,0.9,7.743121034250964,0.00039896684202010517,0.0,0,2560,FROZEN_K10_NEIGHBOURS_PLUS_FROZEN_K10_MATCHED_RANDOM_EDGES,PERSISTENT_OPERATIONAL_NEAR_COLLISION_EVIDENCE,EVALUABLE,EXPLORATORY_CONSUMED_DIAGNOSTIC_ONLY
U0_SS,viscosity_laplacian_acceleration,LINEAGE,HMSO01R_A|FIELD_LINEAGE|367777ab46eb41f1d6390744a91dc4aea35bac8f23f02a2f5c6dee473916edbd,0.1,0.9,7.743121034250964,0.00039896684202010517,0.0,0,2560,FROZEN_K10_NEIGHBOURS_PLUS_FROZEN_K10_MATCHED_RANDOM_EDGES,PERSISTENT_OPERATIONAL_NEAR_COLLISION_EVIDENCE,EVALUABLE,EXPLORATORY_CONSUMED_DIAGNOSTIC_ONLY
U0_SS,viscosity_laplacian_acceleration,LINEAGE,HMSO01R_A|FIELD_LINEAGE|381d8f63546be0384f86ba8b518abcf8c4d107fec707374fb03828151e0b75af,0.1,0.9,7.743121034250964,0.00039896684202010517,0.0,0,2560,FROZEN_K10_NEIGHBOURS_PLUS_FROZEN_K10_MATCHED_RANDOM_EDGES,PERSISTENT_OPERATIONAL_NEAR_COLLISION_EVIDENCE,EVALUABLE,EXPLORATORY_CONSUMED_DIAGNOSTIC_ONLY
U0_SS,viscosity_laplacian_acceleration,LINEAGE,HMSO01R_A|FIELD_LINEAGE|38ed780ae9e2ceb725d12dc596e69f348d116c6ab5da75f5bae97744169a86db,0.1,0.9,7.743121034250964,0.00039896684202010517,0.0,0,2560,FROZEN_K10_NEIGHBOURS_PLUS_FROZEN_K10_MATCHED_RANDOM_EDGES,PERSISTENT_OPERATIONAL_NEAR_COLLISION_EVIDENCE,EVALUABLE,EXPLORATORY_CONSUMED_DIAGNOSTIC_ONLY
U0_SS,viscosity_laplacian_acceleration,LINEAGE,HMSO01R_A|FIELD_LINEAGE|39a5eaeb1afddf9af00bec82f67fdf5414fc1d1e11076c2f86704fda2809ab87,0.1,0.9,7.743121034250964,0.00039896684202010517,0.0,0,5120,FROZEN_K10_NEIGHBOURS_PLUS_FROZEN_K10_MATCHED_RANDOM_EDGES,PERSISTENT_OPERATIONAL_NEAR_COLLISION_EVIDENCE,EVALUABLE,EXPLORATORY_CONSUMED_DIAGNOSTIC_ONLY
U0_SS,viscosity_laplacian_acceleration,LINEAGE,HMSO01R_A|FIELD_LINEAGE|3c7ea9b77bf044ea3d9c6d199831fc605b20c1d7b4a9ad213eb80b5cab2c0296,0.1,0.9,7.743121034250964,0.00039896684202010517,0.0,0,2560,FROZEN_K10_NEIGHBOURS_PLUS_FROZEN_K10_MATCHED_RANDOM_EDGES,PERSISTENT_OPERATIONAL_NEAR_COLLISION_EVIDENCE,EVALUABLE,EXPLORATORY_CONSUMED_DIAGNOSTIC_ONLY
U0_SS,viscosity_laplacian_acceleration,LINEAGE,HMSO01R_A|FIELD_LINEAGE|3d33238d426baab3f4ff1c525309d0c0b825fb99fca42c8d1a5482ea92f2f1a6,0.1,0.9,7.743121034250964,0.00039896684202010517,0.0,0,5120,FROZEN_K10_NEIGHBOURS_PLUS_FROZEN_K10_MATCHED_RANDOM_EDGES,PERSISTENT_OPERATIONAL_NEAR_COLLISION_EVIDENCE,EVALUABLE,EXPLORATORY_CONSUMED_DIAGNOSTIC_ONLY
U0_SS,viscosity_laplacian_acceleration,LINEAGE,HMSO01R_A|FIELD_LINEAGE|3e17b326e03465aac98a6b656cd3125c19ada3cc77d6223ebd6e30804155ff56,0.1,0.9,7.743121034250964,0.00039896684202010517,0.0,0,2560,FROZEN_K10_NEIGHBOURS_PLUS_FROZEN_K10_MATCHED_RANDOM_EDGES,PERSISTENT_OPERATIONAL_NEAR_COLLISION_EVIDENCE,EVALUABLE,EXPLORATORY_CONSUMED_DIAGNOSTIC_ONLY
U0_SS,viscosity_laplacian_acceleration,LINEAGE,HMSO01R_A|FIELD_LINEAGE|3e594f148c4f0181faaf58cc7906a2e9e8709c7be31e59cdc8bdd6b6b7c398a2,0.1,0.9,7.743121034250964,0.00039896684202010517,0.0,0,2560,FROZEN_K10_NEIGHBOURS_PLUS_FROZEN_K10_MATCHED_RANDOM_EDGES,PERSISTENT_OPERATIONAL_NEAR_COLLISION_EVIDENCE,EVALUABLE,EXPLORATORY_CONSUMED_DIAGNOSTIC_ONLY
U0_SS,viscosity_laplacian_acceleration,LINEAGE,HMSO01R_A|FIELD_LINEAGE|40ad278dca26109101acf56cf89434c2db030106327c552c8aaad7f18589b1fc,0.1,0.9,7.743121034250964,0.00039896684202010517,0.0,0,2560,FROZEN_K10_NEIGHBOURS_PLUS_FROZEN_K10_MATCHED_RANDOM_EDGES,PERSISTENT_OPERATIONAL_NEAR_COLLISION_EVIDENCE,EVALUABLE,EXPLORATORY_CONSUMED_DIAGNOSTIC_ONLY
U0_SS,viscosity_laplacian_acceleration,LINEAGE,HMSO01R_A|FIELD_LINEAGE|41b714ff189f53f826864cf9fac2bed83a6e097351a7033fcea23d658bf21b54,0.1,0.9,7.743121034250964,0.00039896684202010517,0.0,0,2560,FROZEN_K10_NEIGHBOURS_PLUS_FROZEN_K10_MATCHED_RANDOM_EDGES,PERSISTENT_OPERATIONAL_NEAR_COLLISION_EVIDENCE,EVALUABLE,EXPLORATORY_CONSUMED_DIAGNOSTIC_ONLY
U0_SS,viscosity_laplacian_acceleration,LINEAGE,HMSO01R_A|FIELD_LINEAGE|41ec221cb0eeb1bbfd7efc4d5d4cd642cd62a71a09fd5ce2fc9fff0cbe48931c,0.1,0.9,7.743121034250964,0.00039896684202010517,0.0,0,2560,FROZEN_K10_NEIGHBOURS_PLUS_FROZEN_K10_MATCHED_RANDOM_EDGES,PERSISTENT_OPERATIONAL_NEAR_COLLISION_EVIDENCE,EVALUABLE,EXPLORATORY_CONSUMED_DIAGNOSTIC_ONLY
U0_SS,viscosity_laplacian_acceleration,LINEAGE,HMSO01R_A|FIELD_LINEAGE|429c6019f8749d53e4581b918e84a928af92c02c8bd8516136f7bea7e94cf671,0.1,0.9,7.743121034250964,0.00039896684202010517,0.0,0,2560,FROZEN_K10_NEIGHBOURS_PLUS_FROZEN_K10_MATCHED_RANDOM_EDGES,PERSISTENT_OPERATIONAL_NEAR_COLLISION_EVIDENCE,EVALUABLE,EXPLORATORY_CONSUMED_DIAGNOSTIC_ONLY
U0_SS,viscosity_laplacian_acceleration,LINEAGE,HMSO01R_A|FIELD_LINEAGE|42e50ef40056d389a76817004688f104ee3861e2ea394e0b7ded0e04dbc7e54e,0.1,0.9,7.743121034250964,0.00039896684202010517,0.0,0,5120,FROZEN_K10_NEIGHBOURS_PLUS_FROZEN_K10_MATCHED_RANDOM_EDGES,PERSISTENT_OPERATIONAL_NEAR_COLLISION_EVIDENCE,EVALUABLE,EXPLORATORY_CONSUMED_DIAGNOSTIC_ONLY
U0_SS,viscosity_laplacian_acceleration,LINEAGE,HMSO01R_A|FIELD_LINEAGE|43048a070f7e90a4b3daec507e653fb282b428f5e4cf309a72c949e8f5226bf3,0.1,0.9,7.743121034250964,0.00039896684202010517,0.0,0,2560,FROZEN_K10_NEIGHBOURS_PLUS_FROZEN_K10_MATCHED_RANDOM_EDGES,PERSISTENT_OPERATIONAL_NEAR_COLLISION_EVIDENCE,EVALUABLE,EXPLORATORY_CONSUMED_DIAGNOSTIC_ONLY
U0_SS,viscosity_laplacian_acceleration,LINEAGE,HMSO01R_A|FIELD_LINEAGE|4389c621e60229f631c944081b4adc544d96927c12f624ff90ee3e85668f651e,0.1,0.9,7.743121034250964,0.00039896684202010517,0.0,0,2560,FROZEN_K10_NEIGHBOURS_PLUS_FROZEN_K10_MATCHED_RANDOM_EDGES,PERSISTENT_OPERATIONAL_NEAR_COLLISION_EVIDENCE,EVALUABLE,EXPLORATORY_CONSUMED_DIAGNOSTIC_ONLY
U0_SS,viscosity_laplacian_acceleration,LINEAGE,HMSO01R_A|FIELD_LINEAGE|440a69e5e6d8a6266c3153ff4cc4273aafca8ec71c677d3f24cfa0db89cae65c,0.1,0.9,7.743121034250964,0.00039896684202010517,0.0,0,2560,FROZEN_K10_NEIGHBOURS_PLUS_FROZEN_K10_MATCHED_RANDOM_EDGES,PERSISTENT_OPERATIONAL_NEAR_COLLISION_EVIDENCE,EVALUABLE,EXPLORATORY_CONSUMED_DIAGNOSTIC_ONLY
U0_SS,viscosity_laplacian_acceleration,LINEAGE,HMSO01R_A|FIELD_LINEAGE|4666d705aea26a6f22073d7a13f6e76c36824d125314c031a782f73ac5ba6779,0.1,0.9,7.743121034250964,0.00039896684202010517,0.0,0,5120,FROZEN_K10_NEIGHBOURS_PLUS_FROZEN_K10_MATCHED_RANDOM_EDGES,PERSISTENT_OPERATIONAL_NEAR_COLLISION_EVIDENCE,EVALUABLE,EXPLORATORY_CONSUMED_DIAGNOSTIC_ONLY
U0_SS,viscosity_laplacian_acceleration,LINEAGE,HMSO01R_A|FIELD_LINEAGE|46ad1db2ba1a448aa8fcf8fea69b4b772861af80c9b661f505a8c591ffdfe68c,0.1,0.9,7.743121034250964,0.00039896684202010517,0.0,0,2560,FROZEN_K10_NEIGHBOURS_PLUS_FROZEN_K10_MATCHED_RANDOM_EDGES,PERSISTENT_OPERATIONAL_NEAR_COLLISION_EVIDENCE,EVALUABLE,EXPLORATORY_CONSUMED_DIAGNOSTIC_ONLY
U0_SS,viscosity_laplacian_acceleration,LINEAGE,HMSO01R_A|FIELD_LINEAGE|4729596698ed7c65dd5f082aea4dac27cd26c6550de18eb2382e9ca6f186b90b,0.1,0.9,7.743121034250964,0.00039896684202010517,0.0,0,2560,FROZEN_K10_NEIGHBOURS_PLUS_FROZEN_K10_MATCHED_RANDOM_EDGES,PERSISTENT_OPERATIONAL_NEAR_COLLISION_EVIDENCE,EVALUABLE,EXPLORATORY_CONSUMED_DIAGNOSTIC_ONLY
U0_SS,viscosity_laplacian_acceleration,LINEAGE,HMSO01R_A|FIELD_LINEAGE|475ead0c3c732d8046f08c0918482fe4219c4fa643d2e948ba96c0bc2f6d887d,0.1,0.9,7.743121034250964,0.00039896684202010517,0.0,0,2560,FROZEN_K10_NEIGHBOURS_PLUS_FROZEN_K10_MATCHED_RANDOM_EDGES,PERSISTENT_OPERATIONAL_NEAR_COLLISION_EVIDENCE,EVALUABLE,EXPLORATORY_CONSUMED_DIAGNOSTIC_ONLY
U0_SS,viscosity_laplacian_acceleration,LINEAGE,HMSO01R_A|FIELD_LINEAGE|49aae8e0ac8e4584d3624cd5459480c917c8157571a4f7ac9660003550146055,0.1,0.9,7.743121034250964,0.00039896684202010517,0.0,0,2560,FROZEN_K10_NEIGHBOURS_PLUS_FROZEN_K10_MATCHED_RANDOM_EDGES,PERSISTENT_OPERATIONAL_NEAR_COLLISION_EVIDENCE,EVALUABLE,EXPLORATORY_CONSUMED_DIAGNOSTIC_ONLY
U0_SS,viscosity_laplacian_acceleration,LINEAGE,HMSO01R_A|FIELD_LINEAGE|4a864b01d23e69fbf80902fd3a728f366c9eb285ead51eb5724dfe25ca232031,0.1,0.9,7.743121034250964,0.00039896684202010517,0.0,0,2560,FROZEN_K10_NEIGHBOURS_PLUS_FROZEN_K10_MATCHED_RANDOM_EDGES,PERSISTENT_OPERATIONAL_NEAR_COLLISION_EVIDENCE,EVALUABLE,EXPLORATORY_CONSUMED_DIAGNOSTIC_ONLY
U0_SS,viscosity_laplacian_acceleration,LINEAGE,HMSO01R_A|FIELD_LINEAGE|4c3bbd0a7d56407cf1ccc6d516e10bc822949b03124ef92a27e554a97f6ed1b2,0.1,0.9,7.743121034250964,0.00039896684202010517,0.0,0,2560,FROZEN_K10_NEIGHBOURS_PLUS_FROZEN_K10_MATCHED_RANDOM_EDGES,PERSISTENT_OPERATIONAL_NEAR_COLLISION_EVIDENCE,EVALUABLE,EXPLORATORY_CONSUMED_DIAGNOSTIC_ONLY
U0_SS,viscosity_laplacian_acceleration,LINEAGE,HMSO01R_A|FIELD_LINEAGE|4cf69c455bf1f50d880646e37d5ce58645992adb18a995a52fdf89583dcd2384,0.1,0.9,7.743121034250964,0.00039896684202010517,0.0,0,2560,FROZEN_K10_NEIGHBOURS_PLUS_FROZEN_K10_MATCHED_RANDOM_EDGES,PERSISTENT_OPERATIONAL_NEAR_COLLISION_EVIDENCE,EVALUABLE,EXPLORATORY_CONSUMED_DIAGNOSTIC_ONLY
U0_SS,viscosity_laplacian_acceleration,LINEAGE,HMSO01R_A|FIELD_LINEAGE|51aa7e7dbbb5aa6496f5ed0b95d8e85438067333a238c5e41877a3cd9ace3175,0.1,0.9,7.743121034250964,0.00039896684202010517,0.0,0,2560,FROZEN_K10_NEIGHBOURS_PLUS_FROZEN_K10_MATCHED_RANDOM_EDGES,PERSISTENT_OPERATIONAL_NEAR_COLLISION_EVIDENCE,EVALUABLE,EXPLORATORY_CONSUMED_DIAGNOSTIC_ONLY
U0_SS,viscosity_laplacian_acceleration,LINEAGE,HMSO01R_A|FIELD_LINEAGE|541d56dfe6d37f091e41084f899b04aeee2814cee915608e406b47dce85c3c8b,0.1,0.9,7.743121034250964,0.00039896684202010517,0.0,0,5120,FROZEN_K10_NEIGHBOURS_PLUS_FROZEN_K10_MATCHED_RANDOM_EDGES,PERSISTENT_OPERATIONAL_NEAR_COLLISION_EVIDENCE,EVALUABLE,EXPLORATORY_CONSUMED_DIAGNOSTIC_ONLY
U0_SS,viscosity_laplacian_acceleration,LINEAGE,HMSO01R_A|FIELD_LINEAGE|55cdcba2ab757796978976644840d2bce6b96e998f32047a71aff1f289ed6480,0.1,0.9,7.743121034250964,0.00039896684202010517,0.0,0,2560,FROZEN_K10_NEIGHBOURS_PLUS_FROZEN_K10_MATCHED_RANDOM_EDGES,PERSISTENT_OPERATIONAL_NEAR_COLLISION_EVIDENCE,EVALUABLE,EXPLORATORY_CONSUMED_DIAGNOSTIC_ONLY
U0_SS,viscosity_laplacian_acceleration,LINEAGE,HMSO01R_A|FIELD_LINEAGE|56571c9b6d895bc0e855ce89225a188e41167fe16fc1aed7e4e19ab1ddaef9cb,0.1,0.9,7.743121034250964,0.00039896684202010517,0.0,0,2560,FROZEN_K10_NEIGHBOURS_PLUS_FROZEN_K10_MATCHED_RANDOM_EDGES,PERSISTENT_OPERATIONAL_NEAR_COLLISION_EVIDENCE,EVALUABLE,EXPLORATORY_CONSUMED_DIAGNOSTIC_ONLY
U0_SS,viscosity_laplacian_acceleration,LINEAGE,HMSO01R_A|FIELD_LINEAGE|5717c014ee19e2404587fa3546273faef8d6d97d2a31a4b9e01b24770e476426,0.1,0.9,7.743121034250964,0.00039896684202010517,0.0,0,2560,FROZEN_K10_NEIGHBOURS_PLUS_FROZEN_K10_MATCHED_RANDOM_EDGES,PERSISTENT_OPERATIONAL_NEAR_COLLISION_EVIDENCE,EVALUABLE,EXPLORATORY_CONSUMED_DIAGNOSTIC_ONLY
U0_SS,viscosity_laplacian_acceleration,LINEAGE,HMSO01R_A|FIELD_LINEAGE|5788e5f098ee24a0bfe3ef48cb7ba08a0bdbab2c319fd19eedc3c9eb4ac76f03,0.1,0.9,7.743121034250964,0.00039896684202010517,0.0,0,2560,FROZEN_K10_NEIGHBOURS_PLUS_FROZEN_K10_MATCHED_RANDOM_EDGES,PERSISTENT_OPERATIONAL_NEAR_COLLISION_EVIDENCE,EVALUABLE,EXPLORATORY_CONSUMED_DIAGNOSTIC_ONLY
U0_SS,viscosity_laplacian_acceleration,LINEAGE,HMSO01R_A|FIELD_LINEAGE|5851badadb2dbcb7aa9bd12e7e1999f87fd380febbee831ba86fec2a8906fa0a,0.1,0.9,7.743121034250964,0.00039896684202010517,0.0,0,5120,FROZEN_K10_NEIGHBOURS_PLUS_FROZEN_K10_MATCHED_RANDOM_EDGES,PERSISTENT_OPERATIONAL_NEAR_COLLISION_EVIDENCE,EVALUABLE,EXPLORATORY_CONSUMED_DIAGNOSTIC_ONLY
U0_SS,viscosity_laplacian_acceleration,LINEAGE,HMSO01R_A|FIELD_LINEAGE|5915fb95e293a089619d78d1366edf95fa145cc69452df6337d9252e862b1502,0.1,0.9,7.743121034250964,0.00039896684202010517,0.0,0,2560,FROZEN_K10_NEIGHBOURS_PLUS_FROZEN_K10_MATCHED_RANDOM_EDGES,PERSISTENT_OPERATIONAL_NEAR_COLLISION_EVIDENCE,EVALUABLE,EXPLORATORY_CONSUMED_DIAGNOSTIC_ONLY
U0_SS,viscosity_laplacian_acceleration,LINEAGE,HMSO01R_A|FIELD_LINEAGE|5932ef4f3ff2f79b2fa4005d45fb593b78f4308c6edd18917a8552256cdfcf19,0.1,0.9,7.743121034250964,0.00039896684202010517,0.0,0,2560,FROZEN_K10_NEIGHBOURS_PLUS_FROZEN_K10_MATCHED_RANDOM_EDGES,PERSISTENT_OPERATIONAL_NEAR_COLLISION_EVIDENCE,EVALUABLE,EXPLORATORY_CONSUMED_DIAGNOSTIC_ONLY
U0_SS,viscosity_laplacian_acceleration,LINEAGE,HMSO01R_A|FIELD_LINEAGE|59aef3f6a7aa33f774612e58955e925638af1b151b9e6b2d7127236b21c1a5a6,0.1,0.9,7.743121034250964,0.00039896684202010517,0.0,0,2560,FROZEN_K10_NEIGHBOURS_PLUS_FROZEN_K10_MATCHED_RANDOM_EDGES,PERSISTENT_OPERATIONAL_NEAR_COLLISION_EVIDENCE,EVALUABLE,EXPLORATORY_CONSUMED_DIAGNOSTIC_ONLY
U0_SS,viscosity_laplacian_acceleration,LINEAGE,HMSO01R_A|FIELD_LINEAGE|5a0dbac6ae904f5529ad460639c41b1b383ca8809b93f779bcc31cb0fd08d08b,0.1,0.9,7.743121034250964,0.00039896684202010517,0.0,0,2560,FROZEN_K10_NEIGHBOURS_PLUS_FROZEN_K10_MATCHED_RANDOM_EDGES,PERSISTENT_OPERATIONAL_NEAR_COLLISION_EVIDENCE,EVALUABLE,EXPLORATORY_CONSUMED_DIAGNOSTIC_ONLY
U0_SS,viscosity_laplacian_acceleration,LINEAGE,HMSO01R_A|FIELD_LINEAGE|5c056a7425c54539d868f52b6ae68a4c578195d4f6b5cb7d636be4eab2c2df8c,0.1,0.9,7.743121034250964,0.00039896684202010517,0.0,0,5120,FROZEN_K10_NEIGHBOURS_PLUS_FROZEN_K10_MATCHED_RANDOM_EDGES,PERSISTENT_OPERATIONAL_NEAR_COLLISION_EVIDENCE,EVALUABLE,EXPLORATORY_CONSUMED_DIAGNOSTIC_ONLY
U0_SS,viscosity_laplacian_acceleration,LINEAGE,HMSO01R_A|FIELD_LINEAGE|5c07d2280b8a6c46f1c42b9f7878f3f5c5e2174c9419aaf05f2bb6b52ab2f5f6,0.1,0.9,7.743121034250964,0.00039896684202010517,0.0,0,5120,FROZEN_K10_NEIGHBOURS_PLUS_FROZEN_K10_MATCHED_RANDOM_EDGES,PERSISTENT_OPERATIONAL_NEAR_COLLISION_EVIDENCE,EVALUABLE,EXPLORATORY_CONSUMED_DIAGNOSTIC_ONLY
U0_SS,viscosity_laplacian_acceleration,LINEAGE,HMSO01R_A|FIELD_LINEAGE|5cf76bdd12cdf0612bba343b6cf1b9e46ef0764cc183560f7b16acacca9460f1,0.1,0.9,7.743121034250964,0.00039896684202010517,0.0,0,2560,FROZEN_K10_NEIGHBOURS_PLUS_FROZEN_K10_MATCHED_RANDOM_EDGES,PERSISTENT_OPERATIONAL_NEAR_COLLISION_EVIDENCE,EVALUABLE,EXPLORATORY_CONSUMED_DIAGNOSTIC_ONLY
U0_SS,viscosity_laplacian_acceleration,LINEAGE,HMSO01R_A|FIELD_LINEAGE|5d84595c43a38b585d7953f18ac50da686f8debb482b1cca6058cffe84d274b6,0.1,0.9,7.743121034250964,0.00039896684202010517,0.0,0,30720,FROZEN_K10_NEIGHBOURS_PLUS_FROZEN_K10_MATCHED_RANDOM_EDGES,PERSISTENT_OPERATIONAL_NEAR_COLLISION_EVIDENCE,EVALUABLE,EXPLORATORY_CONSUMED_DIAGNOSTIC_ONLY
U0_SS,viscosity_laplacian_acceleration,LINEAGE,HMSO01R_A|FIELD_LINEAGE|5e2623db68536d2f4bee911245429597fdaee9006859890dec92aeaff707fe09,0.1,0.9,7.743121034250964,0.00039896684202010517,0.0,0,5120,FROZEN_K10_NEIGHBOURS_PLUS_FROZEN_K10_MATCHED_RANDOM_EDGES,PERSISTENT_OPERATIONAL_NEAR_COLLISION_EVIDENCE,EVALUABLE,EXPLORATORY_CONSUMED_DIAGNOSTIC_ONLY
U0_SS,viscosity_laplacian_acceleration,LINEAGE,HMSO01R_A|FIELD_LINEAGE|61b0a8ee57598b36eed2786a9e3e1cafd7d1e5cb7b5052c92f6d5c1826bc6619,0.1,0.9,7.743121034250964,0.00039896684202010517,0.0,0,5120,FROZEN_K10_NEIGHBOURS_PLUS_FROZEN_K10_MATCHED_RANDOM_EDGES,PERSISTENT_OPERATIONAL_NEAR_COLLISION_EVIDENCE,EVALUABLE,EXPLORATORY_CONSUMED_DIAGNOSTIC_ONLY
U0_SS,viscosity_laplacian_acceleration,LINEAGE,HMSO01R_A|FIELD_LINEAGE|61d4f5ea89fdb94c7fd8a7150c89f5910fdf9e6c5a71383e850b5a750c8fcf55,0.1,0.9,7.743121034250964,0.00039896684202010517,0.0,0,5120,FROZEN_K10_NEIGHBOURS_PLUS_FROZEN_K10_MATCHED_RANDOM_EDGES,PERSISTENT_OPERATIONAL_NEAR_COLLISION_EVIDENCE,EVALUABLE,EXPLORATORY_CONSUMED_DIAGNOSTIC_ONLY
U0_SS,viscosity_laplacian_acceleration,LINEAGE,HMSO01R_A|FIELD_LINEAGE|6260b45ec31956360cb50305f8ad9fa70be57f53fb24bc0523fc70aeb48f57ae,0.1,0.9,7.743121034250964,0.00039896684202010517,0.0,0,2560,FROZEN_K10_NEIGHBOURS_PLUS_FROZEN_K10_MATCHED_RANDOM_EDGES,PERSISTENT_OPERATIONAL_NEAR_COLLISION_EVIDENCE,EVALUABLE,EXPLORATORY_CONSUMED_DIAGNOSTIC_ONLY
U0_SS,viscosity_laplacian_acceleration,LINEAGE,HMSO01R_A|FIELD_LINEAGE|6359faeb0765247f7e12d6c9e8bbc8898fa74fca5c76c863a6009dffddbcb32e,0.1,0.9,7.743121034250964,0.00039896684202010517,0.0,0,30720,FROZEN_K10_NEIGHBOURS_PLUS_FROZEN_K10_MATCHED_RANDOM_EDGES,PERSISTENT_OPERATIONAL_NEAR_COLLISION_EVIDENCE,EVALUABLE,EXPLORATORY_CONSUMED_DIAGNOSTIC_ONLY
U0_SS,viscosity_laplacian_acceleration,LINEAGE,HMSO01R_A|FIELD_LINEAGE|64cf1977fe8b52c7e0fc1798d4810be4243b09c0886573ce42439c1eaf431667,0.1,0.9,7.743121034250964,0.00039896684202010517,0.0,0,5120,FROZEN_K10_NEIGHBOURS_PLUS_FROZEN_K10_MATCHED_RANDOM_EDGES,PERSISTENT_OPERATIONAL_NEAR_COLLISION_EVIDENCE,EVALUABLE,EXPLORATORY_CONSUMED_DIAGNOSTIC_ONLY
U0_SS,viscosity_laplacian_acceleration,LINEAGE,HMSO01R_A|FIELD_LINEAGE|66e31e43c39c0807b2398e5067c9aaab318a50b596f04344988d8e71103f4693,0.1,0.9,7.743121034250964,0.00039896684202010517,0.0,0,2560,FROZEN_K10_NEIGHBOURS_PLUS_FROZEN_K10_MATCHED_RANDOM_EDGES,PERSISTENT_OPERATIONAL_NEAR_COLLISION_EVIDENCE,EVALUABLE,EXPLORATORY_CONSUMED_DIAGNOSTIC_ONLY
U0_SS,viscosity_laplacian_acceleration,LINEAGE,HMSO01R_A|FIELD_LINEAGE|6918def6b8a6923e67fc2a25f9ee5a59a177f2b6c9bf8dfd922cd28ef3b4c287,0.1,0.9,7.743121034250964,0.00039896684202010517,0.0,0,5120,FROZEN_K10_NEIGHBOURS_PLUS_FROZEN_K10_MATCHED_RANDOM_EDGES,PERSISTENT_OPERATIONAL_NEAR_COLLISION_EVIDENCE,EVALUABLE,EXPLORATORY_CONSUMED_DIAGNOSTIC_ONLY
U0_SS,viscosity_laplacian_acceleration,LINEAGE,HMSO01R_A|FIELD_LINEAGE|6aba5ce17b9c02240405669069c0b485de9d3ce1714e3e85b0411d61ec7beb5e,0.1,0.9,7.743121034250964,0.00039896684202010517,0.0,0,2560,FROZEN_K10_NEIGHBOURS_PLUS_FROZEN_K10_MATCHED_RANDOM_EDGES,PERSISTENT_OPERATIONAL_NEAR_COLLISION_EVIDENCE,EVALUABLE,EXPLORATORY_CONSUMED_DIAGNOSTIC_ONLY
U0_SS,viscosity_laplacian_acceleration,LINEAGE,HMSO01R_A|FIELD_LINEAGE|6ad90de4847db7d34a3540ed573a050180b363be817d3503c19045b1a2f0ed3c,0.1,0.9,7.743121034250964,0.00039896684202010517,0.0,0,5120,FROZEN_K10_NEIGHBOURS_PLUS_FROZEN_K10_MATCHED_RANDOM_EDGES,PERSISTENT_OPERATIONAL_NEAR_COLLISION_EVIDENCE,EVALUABLE,EXPLORATORY_CONSUMED_DIAGNOSTIC_ONLY
U0_SS,viscosity_laplacian_acceleration,LINEAGE,HMSO01R_A|FIELD_LINEAGE|6af5032f0b166e8e3ff27ce0b5fdfb49cda87c61afe66a4eb6eb807e625daf8a,0.1,0.9,7.743121034250964,0.00039896684202010517,0.0,0,2560,FROZEN_K10_NEIGHBOURS_PLUS_FROZEN_K10_MATCHED_RANDOM_EDGES,PERSISTENT_OPERATIONAL_NEAR_COLLISION_EVIDENCE,EVALUABLE,EXPLORATORY_CONSUMED_DIAGNOSTIC_ONLY
U0_SS,viscosity_laplacian_acceleration,LINEAGE,HMSO01R_A|FIELD_LINEAGE|6d1fc2b84d6da564ae936d907e04365ad5b63a9377b77c1faa05d68a9fe06d3c,0.1,0.9,7.743121034250964,0.00039896684202010517,0.0,0,2560,FROZEN_K10_NEIGHBOURS_PLUS_FROZEN_K10_MATCHED_RANDOM_EDGES,PERSISTENT_OPERATIONAL_NEAR_COLLISION_EVIDENCE,EVALUABLE,EXPLORATORY_CONSUMED_DIAGNOSTIC_ONLY
U0_SS,viscosity_laplacian_acceleration,LINEAGE,HMSO01R_A|FIELD_LINEAGE|6d4353b03da9874056ea6f087e4493dcb629a7b8bd4a1eabce0a6b1b20255b6c,0.1,0.9,7.743121034250964,0.00039896684202010517,0.0,0,2560,FROZEN_K10_NEIGHBOURS_PLUS_FROZEN_K10_MATCHED_RANDOM_EDGES,PERSISTENT_OPERATIONAL_NEAR_COLLISION_EVIDENCE,EVALUABLE,EXPLORATORY_CONSUMED_DIAGNOSTIC_ONLY
U0_SS,viscosity_laplacian_acceleration,LINEAGE,HMSO01R_A|FIELD_LINEAGE|70dd50135b0ce37b393c6eae858eae2988f95a40a860753345e473ce01dd9d91,0.1,0.9,7.743121034250964,0.00039896684202010517,0.0,0,2560,FROZEN_K10_NEIGHBOURS_PLUS_FROZEN_K10_MATCHED_RANDOM_EDGES,PERSISTENT_OPERATIONAL_NEAR_COLLISION_EVIDENCE,EVALUABLE,EXPLORATORY_CONSUMED_DIAGNOSTIC_ONLY
U0_SS,viscosity_laplacian_acceleration,LINEAGE,HMSO01R_A|FIELD_LINEAGE|724fd3a44cb8ec4985e45f721837e7f4eeea1666b35a166345e025918455e304,0.1,0.9,7.743121034250964,0.00039896684202010517,0.0,0,2560,FROZEN_K10_NEIGHBOURS_PLUS_FROZEN_K10_MATCHED_RANDOM_EDGES,PERSISTENT_OPERATIONAL_NEAR_COLLISION_EVIDENCE,EVALUABLE,EXPLORATORY_CONSUMED_DIAGNOSTIC_ONLY
U0_SS,viscosity_laplacian_acceleration,LINEAGE,HMSO01R_A|FIELD_LINEAGE|72bbc35959df916eca72e8fb7e723c361c09592753187c3754f344aae218c230,0.1,0.9,7.743121034250964,0.00039896684202010517,0.0,0,2560,FROZEN_K10_NEIGHBOURS_PLUS_FROZEN_K10_MATCHED_RANDOM_EDGES,PERSISTENT_OPERATIONAL_NEAR_COLLISION_EVIDENCE,EVALUABLE,EXPLORATORY_CONSUMED_DIAGNOSTIC_ONLY
U0_SS,viscosity_laplacian_acceleration,LINEAGE,HMSO01R_A|FIELD_LINEAGE|73f5ee97e40c47c1aa5579bcf72cf190dfaf3aad2886cc887f3295530388016c,0.1,0.9,7.743121034250964,0.00039896684202010517,0.0,0,2560,FROZEN_K10_NEIGHBOURS_PLUS_FROZEN_K10_MATCHED_RANDOM_EDGES,PERSISTENT_OPERATIONAL_NEAR_COLLISION_EVIDENCE,EVALUABLE,EXPLORATORY_CONSUMED_DIAGNOSTIC_ONLY
U0_SS,viscosity_laplacian_acceleration,LINEAGE,HMSO01R_A|FIELD_LINEAGE|75819144781d043ebbeb8c2d3fbfa9139c47542df53315ab71a80a7addb49109,0.1,0.9,7.743121034250964,0.00039896684202010517,0.0,0,2560,FROZEN_K10_NEIGHBOURS_PLUS_FROZEN_K10_MATCHED_RANDOM_EDGES,PERSISTENT_OPERATIONAL_NEAR_COLLISION_EVIDENCE,EVALUABLE,EXPLORATORY_CONSUMED_DIAGNOSTIC_ONLY
U0_SS,viscosity_laplacian_acceleration,LINEAGE,HMSO01R_A|FIELD_LINEAGE|7583af7a3fd0bfbef70db28fd30d8a1112bd000451f8c0ebdcd0eabb3acf22a1,0.1,0.9,7.743121034250964,0.00039896684202010517,0.0,0,2560,FROZEN_K10_NEIGHBOURS_PLUS_FROZEN_K10_MATCHED_RANDOM_EDGES,PERSISTENT_OPERATIONAL_NEAR_COLLISION_EVIDENCE,EVALUABLE,EXPLORATORY_CONSUMED_DIAGNOSTIC_ONLY
U0_SS,viscosity_laplacian_acceleration,LINEAGE,HMSO01R_A|FIELD_LINEAGE|788bb18808dd1be8d0fa3d7caafb9ed17441fce457a419d2bbaf861831d83a81,0.1,0.9,7.743121034250964,0.00039896684202010517,0.0,0,2560,FROZEN_K10_NEIGHBOURS_PLUS_FROZEN_K10_MATCHED_RANDOM_EDGES,PERSISTENT_OPERATIONAL_NEAR_COLLISION_EVIDENCE,EVALUABLE,EXPLORATORY_CONSUMED_DIAGNOSTIC_ONLY
U0_SS,viscosity_laplacian_acceleration,LINEAGE,HMSO01R_A|FIELD_LINEAGE|7a0ba19f2cf324db5922acc61291c51f82b574717f73f269f12eae7bcc99ab35,0.1,0.9,7.743121034250964,0.00039896684202010517,0.0,0,2560,FROZEN_K10_NEIGHBOURS_PLUS_FROZEN_K10_MATCHED_RANDOM_EDGES,PERSISTENT_OPERATIONAL_NEAR_COLLISION_EVIDENCE,EVALUABLE,EXPLORATORY_CONSUMED_DIAGNOSTIC_ONLY
U0_SS,viscosity_laplacian_acceleration,LINEAGE,HMSO01R_A|FIELD_LINEAGE|7a40ff07646995058d8981271562dfa4f2cc77b96f79dba59c7ae90f96586134,0.1,0.9,7.743121034250964,0.00039896684202010517,0.0,0,30720,FROZEN_K10_NEIGHBOURS_PLUS_FROZEN_K10_MATCHED_RANDOM_EDGES,PERSISTENT_OPERATIONAL_NEAR_COLLISION_EVIDENCE,EVALUABLE,EXPLORATORY_CONSUMED_DIAGNOSTIC_ONLY
U0_SS,viscosity_laplacian_acceleration,LINEAGE,HMSO01R_A|FIELD_LINEAGE|7a536ab09e10cdf42c9afdd1f0f02ad4a5141ab50a8f50eb0b247ee08a4c67c0,0.1,0.9,7.743121034250964,0.00039896684202010517,0.0,0,2560,FROZEN_K10_NEIGHBOURS_PLUS_FROZEN_K10_MATCHED_RANDOM_EDGES,PERSISTENT_OPERATIONAL_NEAR_COLLISION_EVIDENCE,EVALUABLE,EXPLORATORY_CONSUMED_DIAGNOSTIC_ONLY
U0_SS,viscosity_laplacian_acceleration,LINEAGE,HMSO01R_A|FIELD_LINEAGE|7b060c06cca73ad49fc21e32e1688bcbe34e5745a78029b452cbacf697a204be,0.1,0.9,7.743121034250964,0.00039896684202010517,0.0,0,2560,FROZEN_K10_NEIGHBOURS_PLUS_FROZEN_K10_MATCHED_RANDOM_EDGES,PERSISTENT_OPERATIONAL_NEAR_COLLISION_EVIDENCE,EVALUABLE,EXPLORATORY_CONSUMED_DIAGNOSTIC_ONLY
U0_SS,viscosity_laplacian_acceleration,LINEAGE,HMSO01R_A|FIELD_LINEAGE|7be8c21ecd7eaebf293b54b94f1920e19f00da5d0e416aaa8f7c69137970c399,0.1,0.9,7.743121034250964,0.00039896684202010517,0.0,0,2560,FROZEN_K10_NEIGHBOURS_PLUS_FROZEN_K10_MATCHED_RANDOM_EDGES,PERSISTENT_OPERATIONAL_NEAR_COLLISION_EVIDENCE,EVALUABLE,EXPLORATORY_CONSUMED_DIAGNOSTIC_ONLY
U0_SS,viscosity_laplacian_acceleration,LINEAGE,HMSO01R_A|FIELD_LINEAGE|7c009b8ab0dfadca9095462a890aab36eac46b48a3c131f7a908a8d37a21f707,0.1,0.9,7.743121034250964,0.00039896684202010517,0.0,0,2560,FROZEN_K10_NEIGHBOURS_PLUS_FROZEN_K10_MATCHED_RANDOM_EDGES,PERSISTENT_OPERATIONAL_NEAR_COLLISION_EVIDENCE,EVALUABLE,EXPLORATORY_CONSUMED_DIAGNOSTIC_ONLY
U0_SS,viscosity_laplacian_acceleration,LINEAGE,HMSO01R_A|FIELD_LINEAGE|7cb12f064a9c8069fd15f2a86fa0ddd017328ca5cc4b0fc515bbfbdd4c6e6858,0.1,0.9,7.743121034250964,0.00039896684202010517,0.0,0,5120,FROZEN_K10_NEIGHBOURS_PLUS_FROZEN_K10_MATCHED_RANDOM_EDGES,PERSISTENT_OPERATIONAL_NEAR_COLLISION_EVIDENCE,EVALUABLE,EXPLORATORY_CONSUMED_DIAGNOSTIC_ONLY
U0_SS,viscosity_laplacian_acceleration,LINEAGE,HMSO01R_A|FIELD_LINEAGE|7f5e5896e83ee81bc858adc8fff5befe2b2c76e1183ff21435261a6621560b2c,0.1,0.9,7.743121034250964,0.00039896684202010517,0.0,0,5120,FROZEN_K10_NEIGHBOURS_PLUS_FROZEN_K10_MATCHED_RANDOM_EDGES,PERSISTENT_OPERATIONAL_NEAR_COLLISION_EVIDENCE,EVALUABLE,EXPLORATORY_CONSUMED_DIAGNOSTIC_ONLY
U0_SS,viscosity_laplacian_acceleration,LINEAGE,HMSO01R_A|FIELD_LINEAGE|7fcdfe3b32b571e4d4b1a4e7c1702d5dffaf41926d62628c6a434d692409d901,0.1,0.9,7.743121034250964,0.00039896684202010517,0.0,0,2560,FROZEN_K10_NEIGHBOURS_PLUS_FROZEN_K10_MATCHED_RANDOM_EDGES,PERSISTENT_OPERATIONAL_NEAR_COLLISION_EVIDENCE,EVALUABLE,EXPLORATORY_CONSUMED_DIAGNOSTIC_ONLY
U0_SS,viscosity_laplacian_acceleration,LINEAGE,HMSO01R_A|FIELD_LINEAGE|7fd6bba4cc2991027e04cc510555a1b3e651423143c79ecd367c197fbfdf8786,0.1,0.9,7.743121034250964,0.00039896684202010517,0.0,0,2560,FROZEN_K10_NEIGHBOURS_PLUS_FROZEN_K10_MATCHED_RANDOM_EDGES,PERSISTENT_OPERATIONAL_NEAR_COLLISION_EVIDENCE,EVALUABLE,EXPLORATORY_CONSUMED_DIAGNOSTIC_ONLY
U0_SS,viscosity_laplacian_acceleration,LINEAGE,HMSO01R_A|FIELD_LINEAGE|7fd9257249644666dfcbc65ef0f9aa8090d87f1c93f77579cc137a1fc016a884,0.1,0.9,7.743121034250964,0.00039896684202010517,0.0,0,5120,FROZEN_K10_NEIGHBOURS_PLUS_FROZEN_K10_MATCHED_RANDOM_EDGES,PERSISTENT_OPERATIONAL_NEAR_COLLISION_EVIDENCE,EVALUABLE,EXPLORATORY_CONSUMED_DIAGNOSTIC_ONLY
U0_SS,viscosity_laplacian_acceleration,LINEAGE,HMSO01R_A|FIELD_LINEAGE|81c7292472bf739bf28836ff17c69dda49199278b75cd9c66130df6be7c143fb,0.1,0.9,7.743121034250964,0.00039896684202010517,0.0,0,5120,FROZEN_K10_NEIGHBOURS_PLUS_FROZEN_K10_MATCHED_RANDOM_EDGES,PERSISTENT_OPERATIONAL_NEAR_COLLISION_EVIDENCE,EVALUABLE,EXPLORATORY_CONSUMED_DIAGNOSTIC_ONLY
U0_SS,viscosity_laplacian_acceleration,LINEAGE,HMSO01R_A|FIELD_LINEAGE|8319212c9598ce2f7cd195e20de66435ffdb6ab6aeedf4d663d53cb3966ebc0a,0.1,0.9,7.743121034250964,0.00039896684202010517,0.0,0,2560,FROZEN_K10_NEIGHBOURS_PLUS_FROZEN_K10_MATCHED_RANDOM_EDGES,PERSISTENT_OPERATIONAL_NEAR_COLLISION_EVIDENCE,EVALUABLE,EXPLORATORY_CONSUMED_DIAGNOSTIC_ONLY
U0_SS,viscosity_laplacian_acceleration,LINEAGE,HMSO01R_A|FIELD_LINEAGE|83c68f311cba3e93368aeeec1e81f7eebc2d9d8bfb68a0ba32cbc3fe731f6155,0.1,0.9,7.743121034250964,0.00039896684202010517,0.0,0,5120,FROZEN_K10_NEIGHBOURS_PLUS_FROZEN_K10_MATCHED_RANDOM_EDGES,PERSISTENT_OPERATIONAL_NEAR_COLLISION_EVIDENCE,EVALUABLE,EXPLORATORY_CONSUMED_DIAGNOSTIC_ONLY
U0_SS,viscosity_laplacian_acceleration,LINEAGE,HMSO01R_A|FIELD_LINEAGE|8573999ac09da70da8d1802997d1dd1b2879d7ff239af35fb1a185a39cc1f420,0.1,0.9,7.743121034250964,0.00039896684202010517,0.0,0,7680,FROZEN_K10_NEIGHBOURS_PLUS_FROZEN_K10_MATCHED_RANDOM_EDGES,PERSISTENT_OPERATIONAL_NEAR_COLLISION_EVIDENCE,EVALUABLE,EXPLORATORY_CONSUMED_DIAGNOSTIC_ONLY
U0_SS,viscosity_laplacian_acceleration,LINEAGE,HMSO01R_A|FIELD_LINEAGE|86c895c14384dc9ce73736790948d3516d7de8be96dc834ec48d9a651e6b8e5e,0.1,0.9,7.743121034250964,0.00039896684202010517,0.0,0,2560,FROZEN_K10_NEIGHBOURS_PLUS_FROZEN_K10_MATCHED_RANDOM_EDGES,PERSISTENT_OPERATIONAL_NEAR_COLLISION_EVIDENCE,EVALUABLE,EXPLORATORY_CONSUMED_DIAGNOSTIC_ONLY
U0_SS,viscosity_laplacian_acceleration,LINEAGE,HMSO01R_A|FIELD_LINEAGE|86f4c153dee170c8ee8f47b2eb988fa25bcda8c9a7b6fd68a3d7256dc3af0a1f,0.1,0.9,7.743121034250964,0.00039896684202010517,0.0,0,2560,FROZEN_K10_NEIGHBOURS_PLUS_FROZEN_K10_MATCHED_RANDOM_EDGES,PERSISTENT_OPERATIONAL_NEAR_COLLISION_EVIDENCE,EVALUABLE,EXPLORATORY_CONSUMED_DIAGNOSTIC_ONLY
U0_SS,viscosity_laplacian_acceleration,LINEAGE,HMSO01R_A|FIELD_LINEAGE|87172e4156e9f066a6ea7ab3304062c939784ea4bd0f5f1cf466bbc2d6008cc6,0.1,0.9,7.743121034250964,0.00039896684202010517,0.0,0,5120,FROZEN_K10_NEIGHBOURS_PLUS_FROZEN_K10_MATCHED_RANDOM_EDGES,PERSISTENT_OPERATIONAL_NEAR_COLLISION_EVIDENCE,EVALUABLE,EXPLORATORY_CONSUMED_DIAGNOSTIC_ONLY
U0_SS,viscosity_laplacian_acceleration,LINEAGE,HMSO01R_A|FIELD_LINEAGE|8788043b5775de130eade6a54c5654805d8ed31cc68fcfa8928c3b7150abef48,0.1,0.9,7.743121034250964,0.00039896684202010517,0.08046875,206,2560,FROZEN_K10_NEIGHBOURS_PLUS_FROZEN_K10_MATCHED_RANDOM_EDGES,PERSISTENT_OPERATIONAL_NEAR_COLLISION_EVIDENCE,EVALUABLE,EXPLORATORY_CONSUMED_DIAGNOSTIC_ONLY
U0_SS,viscosity_laplacian_acceleration,LINEAGE,HMSO01R_A|FIELD_LINEAGE|88fd5f86ca9cc426c28ce681d06ea15f58c6c7889170fcda146bde128f6121e4,0.1,0.9,7.743121034250964,0.00039896684202010517,0.0,0,5120,FROZEN_K10_NEIGHBOURS_PLUS_FROZEN_K10_MATCHED_RANDOM_EDGES,PERSISTENT_OPERATIONAL_NEAR_COLLISION_EVIDENCE,EVALUABLE,EXPLORATORY_CONSUMED_DIAGNOSTIC_ONLY
U0_SS,viscosity_laplacian_acceleration,LINEAGE,HMSO01R_A|FIELD_LINEAGE|8a6dd2252f8c5f8f08c3ba5ae9cf89d97575348634ba471a1a84e7de612ac6f3,0.1,0.9,7.743121034250964,0.00039896684202010517,0.0,0,2560,FROZEN_K10_NEIGHBOURS_PLUS_FROZEN_K10_MATCHED_RANDOM_EDGES,PERSISTENT_OPERATIONAL_NEAR_COLLISION_EVIDENCE,EVALUABLE,EXPLORATORY_CONSUMED_DIAGNOSTIC_ONLY
U0_SS,viscosity_laplacian_acceleration,LINEAGE,HMSO01R_A|FIELD_LINEAGE|8af782533dccfef4a682f44ff365b7014ae448a56bd62c92877bbd37640adb31,0.1,0.9,7.743121034250964,0.00039896684202010517,0.0,0,30720,FROZEN_K10_NEIGHBOURS_PLUS_FROZEN_K10_MATCHED_RANDOM_EDGES,PERSISTENT_OPERATIONAL_NEAR_COLLISION_EVIDENCE,EVALUABLE,EXPLORATORY_CONSUMED_DIAGNOSTIC_ONLY
U0_SS,viscosity_laplacian_acceleration,LINEAGE,HMSO01R_A|FIELD_LINEAGE|8d1e4918227588e163eea87a946c88983d6e03486114766be90d0602757fb4c2,0.1,0.9,7.743121034250964,0.00039896684202010517,0.0,0,2560,FROZEN_K10_NEIGHBOURS_PLUS_FROZEN_K10_MATCHED_RANDOM_EDGES,PERSISTENT_OPERATIONAL_NEAR_COLLISION_EVIDENCE,EVALUABLE,EXPLORATORY_CONSUMED_DIAGNOSTIC_ONLY
U0_SS,viscosity_laplacian_acceleration,LINEAGE,HMSO01R_A|FIELD_LINEAGE|8e3408f57249bc00fdafb475f758686e9ee7a95dad97ecf63f9b3a27f383de5d,0.1,0.9,7.743121034250964,0.00039896684202010517,0.0,0,2560,FROZEN_K10_NEIGHBOURS_PLUS_FROZEN_K10_MATCHED_RANDOM_EDGES,PERSISTENT_OPERATIONAL_NEAR_COLLISION_EVIDENCE,EVALUABLE,EXPLORATORY_CONSUMED_DIAGNOSTIC_ONLY
U0_SS,viscosity_laplacian_acceleration,LINEAGE,HMSO01R_A|FIELD_LINEAGE|8e40e60ae6de8d393e4f96f7c0cdfd3570298138a8d1d44c6db1dc858b71a31e,0.1,0.9,7.743121034250964,0.00039896684202010517,0.0,0,5120,FROZEN_K10_NEIGHBOURS_PLUS_FROZEN_K10_MATCHED_RANDOM_EDGES,PERSISTENT_OPERATIONAL_NEAR_COLLISION_EVIDENCE,EVALUABLE,EXPLORATORY_CONSUMED_DIAGNOSTIC_ONLY
U0_SS,viscosity_laplacian_acceleration,LINEAGE,HMSO01R_A|FIELD_LINEAGE|8fbd2d8c6238dbc0e3f8ebbea9ee429eb1cbd0b7ebf5580cffb8e79372f4cf04,0.1,0.9,7.743121034250964,0.00039896684202010517,0.0,0,2560,FROZEN_K10_NEIGHBOURS_PLUS_FROZEN_K10_MATCHED_RANDOM_EDGES,PERSISTENT_OPERATIONAL_NEAR_COLLISION_EVIDENCE,EVALUABLE,EXPLORATORY_CONSUMED_DIAGNOSTIC_ONLY
U0_SS,viscosity_laplacian_acceleration,LINEAGE,HMSO01R_A|FIELD_LINEAGE|9035657b1a9729d4b57919992bee8d9ea960c2a587c8d3877d9c920d8fa2a77c,0.1,0.9,7.743121034250964,0.00039896684202010517,0.0,0,2560,FROZEN_K10_NEIGHBOURS_PLUS_FROZEN_K10_MATCHED_RANDOM_EDGES,PERSISTENT_OPERATIONAL_NEAR_COLLISION_EVIDENCE,EVALUABLE,EXPLORATORY_CONSUMED_DIAGNOSTIC_ONLY
U0_SS,viscosity_laplacian_acceleration,LINEAGE,HMSO01R_A|FIELD_LINEAGE|9239a350bed02b809dafe66125991e7de2c0c1c20b38f7689dc19527329619d6,0.1,0.9,7.743121034250964,0.00039896684202010517,0.0,0,2560,FROZEN_K10_NEIGHBOURS_PLUS_FROZEN_K10_MATCHED_RANDOM_EDGES,PERSISTENT_OPERATIONAL_NEAR_COLLISION_EVIDENCE,EVALUABLE,EXPLORATORY_CONSUMED_DIAGNOSTIC_ONLY
U0_SS,viscosity_laplacian_acceleration,LINEAGE,HMSO01R_A|FIELD_LINEAGE|9415b727187c332c72260d653b657bcbe590635140818a0978bae1e8dcd4568b,0.1,0.9,7.743121034250964,0.00039896684202010517,0.0,0,2560,FROZEN_K10_NEIGHBOURS_PLUS_FROZEN_K10_MATCHED_RANDOM_EDGES,PERSISTENT_OPERATIONAL_NEAR_COLLISION_EVIDENCE,EVALUABLE,EXPLORATORY_CONSUMED_DIAGNOSTIC_ONLY
U0_SS,viscosity_laplacian_acceleration,LINEAGE,HMSO01R_A|FIELD_LINEAGE|95873981d02cb2a4e333122aa57c7927c33fccc49c0b93590a6b549f6bec57f1,0.1,0.9,7.743121034250964,0.00039896684202010517,0.0,0,2560,FROZEN_K10_NEIGHBOURS_PLUS_FROZEN_K10_MATCHED_RANDOM_EDGES,PERSISTENT_OPERATIONAL_NEAR_COLLISION_EVIDENCE,EVALUABLE,EXPLORATORY_CONSUMED_DIAGNOSTIC_ONLY
U0_SS,viscosity_laplacian_acceleration,LINEAGE,HMSO01R_A|FIELD_LINEAGE|970bbd18dffee12c05308155c993436bfc58e77384e4967420f4e2e03156c88b,0.1,0.9,7.743121034250964,0.00039896684202010517,0.0,0,5120,FROZEN_K10_NEIGHBOURS_PLUS_FROZEN_K10_MATCHED_RANDOM_EDGES,PERSISTENT_OPERATIONAL_NEAR_COLLISION_EVIDENCE,EVALUABLE,EXPLORATORY_CONSUMED_DIAGNOSTIC_ONLY
U0_SS,viscosity_laplacian_acceleration,LINEAGE,HMSO01R_A|FIELD_LINEAGE|97c8122849aa3cb13b599389c011f78352d49decd5677988d0a2a6da7c39f700,0.1,0.9,7.743121034250964,0.00039896684202010517,0.0,0,5120,FROZEN_K10_NEIGHBOURS_PLUS_FROZEN_K10_MATCHED_RANDOM_EDGES,PERSISTENT_OPERATIONAL_NEAR_COLLISION_EVIDENCE,EVALUABLE,EXPLORATORY_CONSUMED_DIAGNOSTIC_ONLY
U0_SS,viscosity_laplacian_acceleration,LINEAGE,HMSO01R_A|FIELD_LINEAGE|97fbdfbd64658c72d9a31f61eea2acf4543cf9ba5532a2ed052d1358412ef553,0.1,0.9,7.743121034250964,0.00039896684202010517,0.0,0,2560,FROZEN_K10_NEIGHBOURS_PLUS_FROZEN_K10_MATCHED_RANDOM_EDGES,PERSISTENT_OPERATIONAL_NEAR_COLLISION_EVIDENCE,EVALUABLE,EXPLORATORY_CONSUMED_DIAGNOSTIC_ONLY
U0_SS,viscosity_laplacian_acceleration,LINEAGE,HMSO01R_A|FIELD_LINEAGE|98ef721075a1ebd7c92edcbcf7747aac6c3d77c4f9c29f15e5d83577ad6d7f6b,0.1,0.9,7.743121034250964,0.00039896684202010517,0.0,0,2560,FROZEN_K10_NEIGHBOURS_PLUS_FROZEN_K10_MATCHED_RANDOM_EDGES,PERSISTENT_OPERATIONAL_NEAR_COLLISION_EVIDENCE,EVALUABLE,EXPLORATORY_CONSUMED_DIAGNOSTIC_ONLY
U0_SS,viscosity_laplacian_acceleration,LINEAGE,HMSO01R_A|FIELD_LINEAGE|99c13161db8958c19a30a96b96a6940cece539d1c84e808e21dfa37710ec6894,0.1,0.9,7.743121034250964,0.00039896684202010517,0.0,0,5120,FROZEN_K10_NEIGHBOURS_PLUS_FROZEN_K10_MATCHED_RANDOM_EDGES,PERSISTENT_OPERATIONAL_NEAR_COLLISION_EVIDENCE,EVALUABLE,EXPLORATORY_CONSUMED_DIAGNOSTIC_ONLY
U0_SS,viscosity_laplacian_acceleration,LINEAGE,HMSO01R_A|FIELD_LINEAGE|9a24c02f87d28fecb69b79ddff22c8eb176badf445e6b5b8234aa2a46b73c349,0.1,0.9,7.743121034250964,0.00039896684202010517,0.0,0,2560,FROZEN_K10_NEIGHBOURS_PLUS_FROZEN_K10_MATCHED_RANDOM_EDGES,PERSISTENT_OPERATIONAL_NEAR_COLLISION_EVIDENCE,EVALUABLE,EXPLORATORY_CONSUMED_DIAGNOSTIC_ONLY
U0_SS,viscosity_laplacian_acceleration,LINEAGE,HMSO01R_A|FIELD_LINEAGE|9aaa52aa8afb4f9adfe0d0e7ddb5e3e8101852fdd6ef0a635cf3875b473d16a7,0.1,0.9,7.743121034250964,0.00039896684202010517,0.0,0,2560,FROZEN_K10_NEIGHBOURS_PLUS_FROZEN_K10_MATCHED_RANDOM_EDGES,PERSISTENT_OPERATIONAL_NEAR_COLLISION_EVIDENCE,EVALUABLE,EXPLORATORY_CONSUMED_DIAGNOSTIC_ONLY
U0_SS,viscosity_laplacian_acceleration,LINEAGE,HMSO01R_A|FIELD_LINEAGE|9c004dbe18905f4181f1a701e81649fc67e98b969674994e8f64827f6fb4c765,0.1,0.9,7.743121034250964,0.00039896684202010517,0.0,0,5120,FROZEN_K10_NEIGHBOURS_PLUS_FROZEN_K10_MATCHED_RANDOM_EDGES,PERSISTENT_OPERATIONAL_NEAR_COLLISION_EVIDENCE,EVALUABLE,EXPLORATORY_CONSUMED_DIAGNOSTIC_ONLY
U0_SS,viscosity_laplacian_acceleration,LINEAGE,HMSO01R_A|FIELD_LINEAGE|9c5f7b50a01e8dafcf4be2d7df61fd0da86b2229fe32286852ed3ad88cce82f1,0.1,0.9,7.743121034250964,0.00039896684202010517,0.0,0,2560,FROZEN_K10_NEIGHBOURS_PLUS_FROZEN_K10_MATCHED_RANDOM_EDGES,PERSISTENT_OPERATIONAL_NEAR_COLLISION_EVIDENCE,EVALUABLE,EXPLORATORY_CONSUMED_DIAGNOSTIC_ONLY
U0_SS,viscosity_laplacian_acceleration,LINEAGE,HMSO01R_A|FIELD_LINEAGE|9f471cc2328d66ccf0ca43f62bf5e261a867f85eeac6edc5a472072ca388bff6,0.1,0.9,7.743121034250964,0.00039896684202010517,0.0,0,5120,FROZEN_K10_NEIGHBOURS_PLUS_FROZEN_K10_MATCHED_RANDOM_EDGES,PERSISTENT_OPERATIONAL_NEAR_COLLISION_EVIDENCE,EVALUABLE,EXPLORATORY_CONSUMED_DIAGNOSTIC_ONLY
U0_SS,viscosity_laplacian_acceleration,LINEAGE,HMSO01R_A|FIELD_LINEAGE|9ff02fac76e3803bb8391cba4035dfa7a72d5220975092d818302f10f07c08e9,0.1,0.9,7.743121034250964,0.00039896684202010517,0.0,0,2560,FROZEN_K10_NEIGHBOURS_PLUS_FROZEN_K10_MATCHED_RANDOM_EDGES,PERSISTENT_OPERATIONAL_NEAR_COLLISION_EVIDENCE,EVALUABLE,EXPLORATORY_CONSUMED_DIAGNOSTIC_ONLY
U0_SS,viscosity_laplacian_acceleration,LINEAGE,HMSO01R_A|FIELD_LINEAGE|a1c0a919ad122615714cbb9f6b50981061d4f68fe06b618c4cd2688f52f12391,0.1,0.9,7.743121034250964,0.00039896684202010517,0.0,0,2560,FROZEN_K10_NEIGHBOURS_PLUS_FROZEN_K10_MATCHED_RANDOM_EDGES,PERSISTENT_OPERATIONAL_NEAR_COLLISION_EVIDENCE,EVALUABLE,EXPLORATORY_CONSUMED_DIAGNOSTIC_ONLY
U0_SS,viscosity_laplacian_acceleration,LINEAGE,HMSO01R_A|FIELD_LINEAGE|a2187a6938903010b61ee85d06f597d4029728ee0de5541c03daf2ed126b189e,0.1,0.9,7.743121034250964,0.00039896684202010517,0.0,0,5120,FROZEN_K10_NEIGHBOURS_PLUS_FROZEN_K10_MATCHED_RANDOM_EDGES,PERSISTENT_OPERATIONAL_NEAR_COLLISION_EVIDENCE,EVALUABLE,EXPLORATORY_CONSUMED_DIAGNOSTIC_ONLY
U0_SS,viscosity_laplacian_acceleration,LINEAGE,HMSO01R_A|FIELD_LINEAGE|a2bcc80ca3b9ebb8f54401e7b09de472e9adbce971c85048bd40ce15be44ea6a,0.1,0.9,7.743121034250964,0.00039896684202010517,0.0,0,2560,FROZEN_K10_NEIGHBOURS_PLUS_FROZEN_K10_MATCHED_RANDOM_EDGES,PERSISTENT_OPERATIONAL_NEAR_COLLISION_EVIDENCE,EVALUABLE,EXPLORATORY_CONSUMED_DIAGNOSTIC_ONLY
U0_SS,viscosity_laplacian_acceleration,LINEAGE,HMSO01R_A|FIELD_LINEAGE|a3f750d8c1551c6ecf78f876fab114a3481105b16656dddc657ee8cfb50fd48b,0.1,0.9,7.743121034250964,0.00039896684202010517,0.0,0,5120,FROZEN_K10_NEIGHBOURS_PLUS_FROZEN_K10_MATCHED_RANDOM_EDGES,PERSISTENT_OPERATIONAL_NEAR_COLLISION_EVIDENCE,EVALUABLE,EXPLORATORY_CONSUMED_DIAGNOSTIC_ONLY
U0_SS,viscosity_laplacian_acceleration,LINEAGE,HMSO01R_A|FIELD_LINEAGE|a594f1a43c118c7761d223f6f34e42847c31c67fc6b06838b968dcc65b6c3356,0.1,0.9,7.743121034250964,0.00039896684202010517,0.0,0,2560,FROZEN_K10_NEIGHBOURS_PLUS_FROZEN_K10_MATCHED_RANDOM_EDGES,PERSISTENT_OPERATIONAL_NEAR_COLLISION_EVIDENCE,EVALUABLE,EXPLORATORY_CONSUMED_DIAGNOSTIC_ONLY
U0_SS,viscosity_laplacian_acceleration,LINEAGE,HMSO01R_A|FIELD_LINEAGE|a7458b96c9ce1c60bf3ea9d352424b7dd251e22480db263be2c5716c65dc6939,0.1,0.9,7.743121034250964,0.00039896684202010517,0.0,0,5120,FROZEN_K10_NEIGHBOURS_PLUS_FROZEN_K10_MATCHED_RANDOM_EDGES,PERSISTENT_OPERATIONAL_NEAR_COLLISION_EVIDENCE,EVALUABLE,EXPLORATORY_CONSUMED_DIAGNOSTIC_ONLY
U0_SS,viscosity_laplacian_acceleration,LINEAGE,HMSO01R_A|FIELD_LINEAGE|a97cf87a717a68b745e28078c021ba65c881711a1cd171188bc4affd3a1b5795,0.1,0.9,7.743121034250964,0.00039896684202010517,0.0,0,5120,FROZEN_K10_NEIGHBOURS_PLUS_FROZEN_K10_MATCHED_RANDOM_EDGES,PERSISTENT_OPERATIONAL_NEAR_COLLISION_EVIDENCE,EVALUABLE,EXPLORATORY_CONSUMED_DIAGNOSTIC_ONLY
U0_SS,viscosity_laplacian_acceleration,LINEAGE,HMSO01R_A|FIELD_LINEAGE|ad302a05132d9f111349ae57a7badd9ffd336cce6f517d6dda76a6f130659828,0.1,0.9,7.743121034250964,0.00039896684202010517,0.0,0,2560,FROZEN_K10_NEIGHBOURS_PLUS_FROZEN_K10_MATCHED_RANDOM_EDGES,PERSISTENT_OPERATIONAL_NEAR_COLLISION_EVIDENCE,EVALUABLE,EXPLORATORY_CONSUMED_DIAGNOSTIC_ONLY
U0_SS,viscosity_laplacian_acceleration,LINEAGE,HMSO01R_A|FIELD_LINEAGE|adcf8aaea780832e88b7b6b779fb3ef2ecab338dd7379ac8654e7aabdcee4b4f,0.1,0.9,7.743121034250964,0.00039896684202010517,0.0,0,5120,FROZEN_K10_NEIGHBOURS_PLUS_FROZEN_K10_MATCHED_RANDOM_EDGES,PERSISTENT_OPERATIONAL_NEAR_COLLISION_EVIDENCE,EVALUABLE,EXPLORATORY_CONSUMED_DIAGNOSTIC_ONLY
U0_SS,viscosity_laplacian_acceleration,LINEAGE,HMSO01R_A|FIELD_LINEAGE|b0c6a47a41827791b3e03b32c3cfc7642f7c46055e5fbdc618a902dd60890cc0,0.1,0.9,7.743121034250964,0.00039896684202010517,0.0,0,2560,FROZEN_K10_NEIGHBOURS_PLUS_FROZEN_K10_MATCHED_RANDOM_EDGES,PERSISTENT_OPERATIONAL_NEAR_COLLISION_EVIDENCE,EVALUABLE,EXPLORATORY_CONSUMED_DIAGNOSTIC_ONLY
U0_SS,viscosity_laplacian_acceleration,LINEAGE,HMSO01R_A|FIELD_LINEAGE|b1b50b97bc0f473e266ef9eb8a1e2e2edee23dadabeb0645af363d822d4db947,0.1,0.9,7.743121034250964,0.00039896684202010517,0.0,0,2560,FROZEN_K10_NEIGHBOURS_PLUS_FROZEN_K10_MATCHED_RANDOM_EDGES,PERSISTENT_OPERATIONAL_NEAR_COLLISION_EVIDENCE,EVALUABLE,EXPLORATORY_CONSUMED_DIAGNOSTIC_ONLY
U0_SS,viscosity_laplacian_acceleration,LINEAGE,HMSO01R_A|FIELD_LINEAGE|b1c696b82fff7183ba4fc0ae8ce4363fcd56ada1cc6ffa171713dda9524816e8,0.1,0.9,7.743121034250964,0.00039896684202010517,0.0,0,5120,FROZEN_K10_NEIGHBOURS_PLUS_FROZEN_K10_MATCHED_RANDOM_EDGES,PERSISTENT_OPERATIONAL_NEAR_COLLISION_EVIDENCE,EVALUABLE,EXPLORATORY_CONSUMED_DIAGNOSTIC_ONLY
U0_SS,viscosity_laplacian_acceleration,LINEAGE,HMSO01R_A|FIELD_LINEAGE|b2211d9018dde472457c7d9570d8b744ae480cbc84526fced16d30cb565fdb61,0.1,0.9,7.743121034250964,0.00039896684202010517,0.0,0,2560,FROZEN_K10_NEIGHBOURS_PLUS_FROZEN_K10_MATCHED_RANDOM_EDGES,PERSISTENT_OPERATIONAL_NEAR_COLLISION_EVIDENCE,EVALUABLE,EXPLORATORY_CONSUMED_DIAGNOSTIC_ONLY
U0_SS,viscosity_laplacian_acceleration,LINEAGE,HMSO01R_A|FIELD_LINEAGE|b31d5c3484f2394d06a11f5ae52600d61d7c303637147b70dbb1edd7e25e93c9,0.1,0.9,7.743121034250964,0.00039896684202010517,0.0,0,2560,FROZEN_K10_NEIGHBOURS_PLUS_FROZEN_K10_MATCHED_RANDOM_EDGES,PERSISTENT_OPERATIONAL_NEAR_COLLISION_EVIDENCE,EVALUABLE,EXPLORATORY_CONSUMED_DIAGNOSTIC_ONLY
U0_SS,viscosity_laplacian_acceleration,LINEAGE,HMSO01R_A|FIELD_LINEAGE|b40ef25bd445f58063f7eecbd118e28fcd5b9c8ea0b1803b18c885057e29107f,0.1,0.9,7.743121034250964,0.00039896684202010517,0.0,0,2560,FROZEN_K10_NEIGHBOURS_PLUS_FROZEN_K10_MATCHED_RANDOM_EDGES,PERSISTENT_OPERATIONAL_NEAR_COLLISION_EVIDENCE,EVALUABLE,EXPLORATORY_CONSUMED_DIAGNOSTIC_ONLY
U0_SS,viscosity_laplacian_acceleration,LINEAGE,HMSO01R_A|FIELD_LINEAGE|b49a6f081c09f4e4bff79a7f0fc0a282131ed3252c520eb6637fbf7ad615c6bd,0.1,0.9,7.743121034250964,0.00039896684202010517,0.0,0,2560,FROZEN_K10_NEIGHBOURS_PLUS_FROZEN_K10_MATCHED_RANDOM_EDGES,PERSISTENT_OPERATIONAL_NEAR_COLLISION_EVIDENCE,EVALUABLE,EXPLORATORY_CONSUMED_DIAGNOSTIC_ONLY
U0_SS,viscosity_laplacian_acceleration,LINEAGE,HMSO01R_A|FIELD_LINEAGE|b7c6344fafcff3e1128b30252e587c19386316434538ac595af9870864bff2e9,0.1,0.9,7.743121034250964,0.00039896684202010517,0.0,0,2560,FROZEN_K10_NEIGHBOURS_PLUS_FROZEN_K10_MATCHED_RANDOM_EDGES,PERSISTENT_OPERATIONAL_NEAR_COLLISION_EVIDENCE,EVALUABLE,EXPLORATORY_CONSUMED_DIAGNOSTIC_ONLY
U0_SS,viscosity_laplacian_acceleration,LINEAGE,HMSO01R_A|FIELD_LINEAGE|b914e9e8b47652c007a545bd9a5f60dbdaba2b957df3f42cdec4c8edb98e6d53,0.1,0.9,7.743121034250964,0.00039896684202010517,0.0,0,5120,FROZEN_K10_NEIGHBOURS_PLUS_FROZEN_K10_MATCHED_RANDOM_EDGES,PERSISTENT_OPERATIONAL_NEAR_COLLISION_EVIDENCE,EVALUABLE,EXPLORATORY_CONSUMED_DIAGNOSTIC_ONLY
U0_SS,viscosity_laplacian_acceleration,LINEAGE,HMSO01R_A|FIELD_LINEAGE|bb92dd92e9632ccd3901d1e2e79aab63ab0910a576b08c41f27a140edcf99b56,0.1,0.9,7.743121034250964,0.00039896684202010517,0.0,0,2560,FROZEN_K10_NEIGHBOURS_PLUS_FROZEN_K10_MATCHED_RANDOM_EDGES,PERSISTENT_OPERATIONAL_NEAR_COLLISION_EVIDENCE,EVALUABLE,EXPLORATORY_CONSUMED_DIAGNOSTIC_ONLY
U0_SS,viscosity_laplacian_acceleration,LINEAGE,HMSO01R_A|FIELD_LINEAGE|bd0a319ae5e310c35bfeaafdbd8220147f595c77c4d665773530796c1f3b9b59,0.1,0.9,7.743121034250964,0.00039896684202010517,0.0,0,2560,FROZEN_K10_NEIGHBOURS_PLUS_FROZEN_K10_MATCHED_RANDOM_EDGES,PERSISTENT_OPERATIONAL_NEAR_COLLISION_EVIDENCE,EVALUABLE,EXPLORATORY_CONSUMED_DIAGNOSTIC_ONLY
U0_SS,viscosity_laplacian_acceleration,LINEAGE,HMSO01R_A|FIELD_LINEAGE|be9a8927a3f7361841f3e523395e00d4ebcd734040aebfe38006ae7fda2437fd,0.1,0.9,7.743121034250964,0.00039896684202010517,0.0,0,2560,FROZEN_K10_NEIGHBOURS_PLUS_FROZEN_K10_MATCHED_RANDOM_EDGES,PERSISTENT_OPERATIONAL_NEAR_COLLISION_EVIDENCE,EVALUABLE,EXPLORATORY_CONSUMED_DIAGNOSTIC_ONLY
U0_SS,viscosity_laplacian_acceleration,LINEAGE,HMSO01R_A|FIELD_LINEAGE|bf32023450080971c5fdfb56d7a260838d7b8e02917a4118c4ed0b4a49c6c14a,0.1,0.9,7.743121034250964,0.00039896684202010517,0.0,0,5120,FROZEN_K10_NEIGHBOURS_PLUS_FROZEN_K10_MATCHED_RANDOM_EDGES,PERSISTENT_OPERATIONAL_NEAR_COLLISION_EVIDENCE,EVALUABLE,EXPLORATORY_CONSUMED_DIAGNOSTIC_ONLY
U0_SS,viscosity_laplacian_acceleration,LINEAGE,HMSO01R_A|FIELD_LINEAGE|c26b5ad7fee192c3863a9362bb1782ac10409a155024388ef9dea9120f9c3662,0.1,0.9,7.743121034250964,0.00039896684202010517,0.0,0,2560,FROZEN_K10_NEIGHBOURS_PLUS_FROZEN_K10_MATCHED_RANDOM_EDGES,PERSISTENT_OPERATIONAL_NEAR_COLLISION_EVIDENCE,EVALUABLE,EXPLORATORY_CONSUMED_DIAGNOSTIC_ONLY
U0_SS,viscosity_laplacian_acceleration,LINEAGE,HMSO01R_A|FIELD_LINEAGE|c2759d4a0108475d88af3dd58a918080f77e42a77ac5a686ce9a650a1d522183,0.1,0.9,7.743121034250964,0.00039896684202010517,0.0,0,2560,FROZEN_K10_NEIGHBOURS_PLUS_FROZEN_K10_MATCHED_RANDOM_EDGES,PERSISTENT_OPERATIONAL_NEAR_COLLISION_EVIDENCE,EVALUABLE,EXPLORATORY_CONSUMED_DIAGNOSTIC_ONLY
U0_SS,viscosity_laplacian_acceleration,LINEAGE,HMSO01R_A|FIELD_LINEAGE|c34a55057cd1e579919fb09acb5db221d75ae96164f74060b78863318f65371c,0.1,0.9,7.743121034250964,0.00039896684202010517,0.0,0,2560,FROZEN_K10_NEIGHBOURS_PLUS_FROZEN_K10_MATCHED_RANDOM_EDGES,PERSISTENT_OPERATIONAL_NEAR_COLLISION_EVIDENCE,EVALUABLE,EXPLORATORY_CONSUMED_DIAGNOSTIC_ONLY
U0_SS,viscosity_laplacian_acceleration,LINEAGE,HMSO01R_A|FIELD_LINEAGE|c3a574c6618599692f4195c9d1a59189286c1fc26ae852d26723565b0428d983,0.1,0.9,7.743121034250964,0.00039896684202010517,0.0,0,2560,FROZEN_K10_NEIGHBOURS_PLUS_FROZEN_K10_MATCHED_RANDOM_EDGES,PERSISTENT_OPERATIONAL_NEAR_COLLISION_EVIDENCE,EVALUABLE,EXPLORATORY_CONSUMED_DIAGNOSTIC_ONLY
U0_SS,viscosity_laplacian_acceleration,LINEAGE,HMSO01R_A|FIELD_LINEAGE|c54c1448df9c13b6658cb41b2c187b93be0f6db94293a7911953a6e90d602764,0.1,0.9,7.743121034250964,0.00039896684202010517,0.0,0,2560,FROZEN_K10_NEIGHBOURS_PLUS_FROZEN_K10_MATCHED_RANDOM_EDGES,PERSISTENT_OPERATIONAL_NEAR_COLLISION_EVIDENCE,EVALUABLE,EXPLORATORY_CONSUMED_DIAGNOSTIC_ONLY
U0_SS,viscosity_laplacian_acceleration,LINEAGE,HMSO01R_A|FIELD_LINEAGE|c7100ae9429166735b2d4f6243a22cf5abc14cffba49fce96d94ed19a12387d6,0.1,0.9,7.743121034250964,0.00039896684202010517,0.0,0,2560,FROZEN_K10_NEIGHBOURS_PLUS_FROZEN_K10_MATCHED_RANDOM_EDGES,PERSISTENT_OPERATIONAL_NEAR_COLLISION_EVIDENCE,EVALUABLE,EXPLORATORY_CONSUMED_DIAGNOSTIC_ONLY
U0_SS,viscosity_laplacian_acceleration,LINEAGE,HMSO01R_A|FIELD_LINEAGE|c7498c8903eedb4eb72abeb74a8624f4f311768cc705b42f488a9e810b4c3aec,0.1,0.9,7.743121034250964,0.00039896684202010517,0.0,0,2560,FROZEN_K10_NEIGHBOURS_PLUS_FROZEN_K10_MATCHED_RANDOM_EDGES,PERSISTENT_OPERATIONAL_NEAR_COLLISION_EVIDENCE,EVALUABLE,EXPLORATORY_CONSUMED_DIAGNOSTIC_ONLY
U0_SS,viscosity_laplacian_acceleration,LINEAGE,HMSO01R_A|FIELD_LINEAGE|c9a10c50914a082104b6f42f933e2e8b35494d6ac1b464fc981b740edc26e9a6,0.1,0.9,7.743121034250964,0.00039896684202010517,0.0,0,30720,FROZEN_K10_NEIGHBOURS_PLUS_FROZEN_K10_MATCHED_RANDOM_EDGES,PERSISTENT_OPERATIONAL_NEAR_COLLISION_EVIDENCE,EVALUABLE,EXPLORATORY_CONSUMED_DIAGNOSTIC_ONLY
U0_SS,viscosity_laplacian_acceleration,LINEAGE,HMSO01R_A|FIELD_LINEAGE|ca0f07a3c0d5df7705d15288eb48ecdf2c50af57aa3e1ab370127581f048c929,0.1,0.9,7.743121034250964,0.00039896684202010517,0.0,0,2560,FROZEN_K10_NEIGHBOURS_PLUS_FROZEN_K10_MATCHED_RANDOM_EDGES,PERSISTENT_OPERATIONAL_NEAR_COLLISION_EVIDENCE,EVALUABLE,EXPLORATORY_CONSUMED_DIAGNOSTIC_ONLY
U0_SS,viscosity_laplacian_acceleration,LINEAGE,HMSO01R_A|FIELD_LINEAGE|cb947f8167c6ce3da1c26b48289f11fe77c609125572b2e2f489d9b4dbf77d91,0.1,0.9,7.743121034250964,0.00039896684202010517,0.0,0,2560,FROZEN_K10_NEIGHBOURS_PLUS_FROZEN_K10_MATCHED_RANDOM_EDGES,PERSISTENT_OPERATIONAL_NEAR_COLLISION_EVIDENCE,EVALUABLE,EXPLORATORY_CONSUMED_DIAGNOSTIC_ONLY
U0_SS,viscosity_laplacian_acceleration,LINEAGE,HMSO01R_A|FIELD_LINEAGE|cd1482e6386aeab5f67532ea00a4d133dd0798283239fa2bc60b1a36d8fd8390,0.1,0.9,7.743121034250964,0.00039896684202010517,0.0,0,2560,FROZEN_K10_NEIGHBOURS_PLUS_FROZEN_K10_MATCHED_RANDOM_EDGES,PERSISTENT_OPERATIONAL_NEAR_COLLISION_EVIDENCE,EVALUABLE,EXPLORATORY_CONSUMED_DIAGNOSTIC_ONLY
U0_SS,viscosity_laplacian_acceleration,LINEAGE,HMSO01R_A|FIELD_LINEAGE|d1321924d243ef663d38f2119b3da3e0b77ff9249352efe1c25dfa4971fbd453,0.1,0.9,7.743121034250964,0.00039896684202010517,0.0,0,2560,FROZEN_K10_NEIGHBOURS_PLUS_FROZEN_K10_MATCHED_RANDOM_EDGES,PERSISTENT_OPERATIONAL_NEAR_COLLISION_EVIDENCE,EVALUABLE,EXPLORATORY_CONSUMED_DIAGNOSTIC_ONLY
U0_SS,viscosity_laplacian_acceleration,LINEAGE,HMSO01R_A|FIELD_LINEAGE|d2f9d8c8f5f3c69790790651faeb1c1f59b6b387e4ede38adea5936b94855ff9,0.1,0.9,7.743121034250964,0.00039896684202010517,0.0,0,5120,FROZEN_K10_NEIGHBOURS_PLUS_FROZEN_K10_MATCHED_RANDOM_EDGES,PERSISTENT_OPERATIONAL_NEAR_COLLISION_EVIDENCE,EVALUABLE,EXPLORATORY_CONSUMED_DIAGNOSTIC_ONLY
U0_SS,viscosity_laplacian_acceleration,LINEAGE,HMSO01R_A|FIELD_LINEAGE|d3329a31885ae9100b3a5071d3f6de7c5b314524ba319156e3df439e55667dd5,0.1,0.9,7.743121034250964,0.00039896684202010517,0.0,0,2560,FROZEN_K10_NEIGHBOURS_PLUS_FROZEN_K10_MATCHED_RANDOM_EDGES,PERSISTENT_OPERATIONAL_NEAR_COLLISION_EVIDENCE,EVALUABLE,EXPLORATORY_CONSUMED_DIAGNOSTIC_ONLY
U0_SS,viscosity_laplacian_acceleration,LINEAGE,HMSO01R_A|FIELD_LINEAGE|d65de8a657545ef8339cfa29e05ce27d63f8ec5e02ee50514a615a33f5595da9,0.1,0.9,7.743121034250964,0.00039896684202010517,0.0,0,2560,FROZEN_K10_NEIGHBOURS_PLUS_FROZEN_K10_MATCHED_RANDOM_EDGES,PERSISTENT_OPERATIONAL_NEAR_COLLISION_EVIDENCE,EVALUABLE,EXPLORATORY_CONSUMED_DIAGNOSTIC_ONLY
U0_SS,viscosity_laplacian_acceleration,LINEAGE,HMSO01R_A|FIELD_LINEAGE|d6ecf8cd80acb9db6acee967c0d1a3a8ca941d75fcf9e621c7ea05d79a191767,0.1,0.9,7.743121034250964,0.00039896684202010517,0.0,0,7680,FROZEN_K10_NEIGHBOURS_PLUS_FROZEN_K10_MATCHED_RANDOM_EDGES,PERSISTENT_OPERATIONAL_NEAR_COLLISION_EVIDENCE,EVALUABLE,EXPLORATORY_CONSUMED_DIAGNOSTIC_ONLY
U0_SS,viscosity_laplacian_acceleration,LINEAGE,HMSO01R_A|FIELD_LINEAGE|d7d10f9b5293a22777f94b958cdb7280c40216c21a2b9b4a49451c1385cf26d9,0.1,0.9,7.743121034250964,0.00039896684202010517,0.0,0,2560,FROZEN_K10_NEIGHBOURS_PLUS_FROZEN_K10_MATCHED_RANDOM_EDGES,PERSISTENT_OPERATIONAL_NEAR_COLLISION_EVIDENCE,EVALUABLE,EXPLORATORY_CONSUMED_DIAGNOSTIC_ONLY
U0_SS,viscosity_laplacian_acceleration,LINEAGE,HMSO01R_A|FIELD_LINEAGE|d8cd77f2aea85a93297ba4755747ee15653349aca322bca77ce1738389444994,0.1,0.9,7.743121034250964,0.00039896684202010517,0.0,0,5120,FROZEN_K10_NEIGHBOURS_PLUS_FROZEN_K10_MATCHED_RANDOM_EDGES,PERSISTENT_OPERATIONAL_NEAR_COLLISION_EVIDENCE,EVALUABLE,EXPLORATORY_CONSUMED_DIAGNOSTIC_ONLY
U0_SS,viscosity_laplacian_acceleration,LINEAGE,HMSO01R_A|FIELD_LINEAGE|d9b0e4ca0c6e9f306f81bad07b5f31753c1237e04a6a51d708212ab05edea52f,0.1,0.9,7.743121034250964,0.00039896684202010517,0.0,0,2560,FROZEN_K10_NEIGHBOURS_PLUS_FROZEN_K10_MATCHED_RANDOM_EDGES,PERSISTENT_OPERATIONAL_NEAR_COLLISION_EVIDENCE,EVALUABLE,EXPLORATORY_CONSUMED_DIAGNOSTIC_ONLY
U0_SS,viscosity_laplacian_acceleration,LINEAGE,HMSO01R_A|FIELD_LINEAGE|dca2b57202d33de06ea638a8ecbab23d1b960b5ed15b6841dcbc75b212cc8712,0.1,0.9,7.743121034250964,0.00039896684202010517,0.0,0,2560,FROZEN_K10_NEIGHBOURS_PLUS_FROZEN_K10_MATCHED_RANDOM_EDGES,PERSISTENT_OPERATIONAL_NEAR_COLLISION_EVIDENCE,EVALUABLE,EXPLORATORY_CONSUMED_DIAGNOSTIC_ONLY
U0_SS,viscosity_laplacian_acceleration,LINEAGE,HMSO01R_A|FIELD_LINEAGE|e0695af14e7ff6ed68d0eaa0320bde868bdf2eddcd09aade2748baa3ab9013d9,0.1,0.9,7.743121034250964,0.00039896684202010517,0.0,0,2560,FROZEN_K10_NEIGHBOURS_PLUS_FROZEN_K10_MATCHED_RANDOM_EDGES,PERSISTENT_OPERATIONAL_NEAR_COLLISION_EVIDENCE,EVALUABLE,EXPLORATORY_CONSUMED_DIAGNOSTIC_ONLY
U0_SS,viscosity_laplacian_acceleration,LINEAGE,HMSO01R_A|FIELD_LINEAGE|e1662caa4f55fa1e467b750db9be81d3672b988a828412586110c172a4b65cc4,0.1,0.9,7.743121034250964,0.00039896684202010517,0.0,0,2560,FROZEN_K10_NEIGHBOURS_PLUS_FROZEN_K10_MATCHED_RANDOM_EDGES,PERSISTENT_OPERATIONAL_NEAR_COLLISION_EVIDENCE,EVALUABLE,EXPLORATORY_CONSUMED_DIAGNOSTIC_ONLY
U0_SS,viscosity_laplacian_acceleration,LINEAGE,HMSO01R_A|FIELD_LINEAGE|e1bd95fcd7aed1a8bde13393ae7d4a98eff10f4a52c1bdfb2e54f1dd690c54dd,0.1,0.9,7.743121034250964,0.00039896684202010517,0.0,0,2560,FROZEN_K10_NEIGHBOURS_PLUS_FROZEN_K10_MATCHED_RANDOM_EDGES,PERSISTENT_OPERATIONAL_NEAR_COLLISION_EVIDENCE,EVALUABLE,EXPLORATORY_CONSUMED_DIAGNOSTIC_ONLY
U0_SS,viscosity_laplacian_acceleration,LINEAGE,HMSO01R_A|FIELD_LINEAGE|e25db364da9db9cdb46c3073fa0aa473b93b0eed9df5062f9696d75bd2f90442,0.1,0.9,7.743121034250964,0.00039896684202010517,0.0,0,2560,FROZEN_K10_NEIGHBOURS_PLUS_FROZEN_K10_MATCHED_RANDOM_EDGES,PERSISTENT_OPERATIONAL_NEAR_COLLISION_EVIDENCE,EVALUABLE,EXPLORATORY_CONSUMED_DIAGNOSTIC_ONLY
U0_SS,viscosity_laplacian_acceleration,LINEAGE,HMSO01R_A|FIELD_LINEAGE|e269817bd0e21e72d0864769c51ef7f6839102d6f41f035fbbff5041e46bd0d4,0.1,0.9,7.743121034250964,0.00039896684202010517,0.0,0,2560,FROZEN_K10_NEIGHBOURS_PLUS_FROZEN_K10_MATCHED_RANDOM_EDGES,PERSISTENT_OPERATIONAL_NEAR_COLLISION_EVIDENCE,EVALUABLE,EXPLORATORY_CONSUMED_DIAGNOSTIC_ONLY
U0_SS,viscosity_laplacian_acceleration,LINEAGE,HMSO01R_A|FIELD_LINEAGE|e2940f5e79800b14b8eefcdb52a6c4eb9c2bcacb794aadbf19ab173720ccdfc9,0.1,0.9,7.743121034250964,0.00039896684202010517,0.0,0,2560,FROZEN_K10_NEIGHBOURS_PLUS_FROZEN_K10_MATCHED_RANDOM_EDGES,PERSISTENT_OPERATIONAL_NEAR_COLLISION_EVIDENCE,EVALUABLE,EXPLORATORY_CONSUMED_DIAGNOSTIC_ONLY
U0_SS,viscosity_laplacian_acceleration,LINEAGE,HMSO01R_A|FIELD_LINEAGE|e2fdf0ecb37222ddf2c343b2a9785bb080b33fb721f4d3381403db08d53276de,0.1,0.9,7.743121034250964,0.00039896684202010517,0.0,0,2560,FROZEN_K10_NEIGHBOURS_PLUS_FROZEN_K10_MATCHED_RANDOM_EDGES,PERSISTENT_OPERATIONAL_NEAR_COLLISION_EVIDENCE,EVALUABLE,EXPLORATORY_CONSUMED_DIAGNOSTIC_ONLY
U0_SS,viscosity_laplacian_acceleration,LINEAGE,HMSO01R_A|FIELD_LINEAGE|e39068083f41a31c97e7737f6138e1986484dea8bfe32d65a52cd58aaa1ec7e8,0.1,0.9,7.743121034250964,0.00039896684202010517,0.0,0,2560,FROZEN_K10_NEIGHBOURS_PLUS_FROZEN_K10_MATCHED_RANDOM_EDGES,PERSISTENT_OPERATIONAL_NEAR_COLLISION_EVIDENCE,EVALUABLE,EXPLORATORY_CONSUMED_DIAGNOSTIC_ONLY
U0_SS,viscosity_laplacian_acceleration,LINEAGE,HMSO01R_A|FIELD_LINEAGE|e46b2d3dad1b8a5413f52396bbef71167f252a4ba61297ea3e2b46c37456ba4c,0.1,0.9,7.743121034250964,0.00039896684202010517,0.0,0,2560,FROZEN_K10_NEIGHBOURS_PLUS_FROZEN_K10_MATCHED_RANDOM_EDGES,PERSISTENT_OPERATIONAL_NEAR_COLLISION_EVIDENCE,EVALUABLE,EXPLORATORY_CONSUMED_DIAGNOSTIC_ONLY
U0_SS,viscosity_laplacian_acceleration,LINEAGE,HMSO01R_A|FIELD_LINEAGE|e4c235f067a50e9e5304ee0e7ad701299187cd559ceebd74674d932464340e77,0.1,0.9,7.743121034250964,0.00039896684202010517,0.0,0,2560,FROZEN_K10_NEIGHBOURS_PLUS_FROZEN_K10_MATCHED_RANDOM_EDGES,PERSISTENT_OPERATIONAL_NEAR_COLLISION_EVIDENCE,EVALUABLE,EXPLORATORY_CONSUMED_DIAGNOSTIC_ONLY
U0_SS,viscosity_laplacian_acceleration,LINEAGE,HMSO01R_A|FIELD_LINEAGE|e5cd23001367dee0fe50b87c4f9c5ae9d8e66eeb6cef2467ff3f6da8c0fcdc16,0.1,0.9,7.743121034250964,0.00039896684202010517,0.0,0,2560,FROZEN_K10_NEIGHBOURS_PLUS_FROZEN_K10_MATCHED_RANDOM_EDGES,PERSISTENT_OPERATIONAL_NEAR_COLLISION_EVIDENCE,EVALUABLE,EXPLORATORY_CONSUMED_DIAGNOSTIC_ONLY
U0_SS,viscosity_laplacian_acceleration,LINEAGE,HMSO01R_A|FIELD_LINEAGE|e5fd0d86ce4eda7b6deef112c4230d6cc2c904c7a1cbb32b883405f7907c5018,0.1,0.9,7.743121034250964,0.00039896684202010517,0.0,0,2560,FROZEN_K10_NEIGHBOURS_PLUS_FROZEN_K10_MATCHED_RANDOM_EDGES,PERSISTENT_OPERATIONAL_NEAR_COLLISION_EVIDENCE,EVALUABLE,EXPLORATORY_CONSUMED_DIAGNOSTIC_ONLY
U0_SS,viscosity_laplacian_acceleration,LINEAGE,HMSO01R_A|FIELD_LINEAGE|e6f79f1197cd7f6ad00ce2f5ddcac136ad9a2faa5584e9f390794bfb6ee07ac6,0.1,0.9,7.743121034250964,0.00039896684202010517,0.0,0,2560,FROZEN_K10_NEIGHBOURS_PLUS_FROZEN_K10_MATCHED_RANDOM_EDGES,PERSISTENT_OPERATIONAL_NEAR_COLLISION_EVIDENCE,EVALUABLE,EXPLORATORY_CONSUMED_DIAGNOSTIC_ONLY
U0_SS,viscosity_laplacian_acceleration,LINEAGE,HMSO01R_A|FIELD_LINEAGE|e82aee0755c70810ee3fbd630ec4d3fa698e473225b4aa505b26af8a458a6400,0.1,0.9,7.743121034250964,0.00039896684202010517,0.0,0,2560,FROZEN_K10_NEIGHBOURS_PLUS_FROZEN_K10_MATCHED_RANDOM_EDGES,PERSISTENT_OPERATIONAL_NEAR_COLLISION_EVIDENCE,EVALUABLE,EXPLORATORY_CONSUMED_DIAGNOSTIC_ONLY
U0_SS,viscosity_laplacian_acceleration,LINEAGE,HMSO01R_A|FIELD_LINEAGE|e853753ed3befc6151b8f2c4e9e3797938a7689193c2157695f0b61b8e60abc8,0.1,0.9,7.743121034250964,0.00039896684202010517,0.0,0,2560,FROZEN_K10_NEIGHBOURS_PLUS_FROZEN_K10_MATCHED_RANDOM_EDGES,PERSISTENT_OPERATIONAL_NEAR_COLLISION_EVIDENCE,EVALUABLE,EXPLORATORY_CONSUMED_DIAGNOSTIC_ONLY
U0_SS,viscosity_laplacian_acceleration,LINEAGE,HMSO01R_A|FIELD_LINEAGE|e99701698ca3eda87704f5f32294f901f56116d9da609afcb18418d4c8a62bf2,0.1,0.9,7.743121034250964,0.00039896684202010517,0.0,0,2560,FROZEN_K10_NEIGHBOURS_PLUS_FROZEN_K10_MATCHED_RANDOM_EDGES,PERSISTENT_OPERATIONAL_NEAR_COLLISION_EVIDENCE,EVALUABLE,EXPLORATORY_CONSUMED_DIAGNOSTIC_ONLY
U0_SS,viscosity_laplacian_acceleration,LINEAGE,HMSO01R_A|FIELD_LINEAGE|e9dc12a25958465c187afbd7ef920bc04ba98d4b232046e156979d215bd85146,0.1,0.9,7.743121034250964,0.00039896684202010517,0.0,0,2560,FROZEN_K10_NEIGHBOURS_PLUS_FROZEN_K10_MATCHED_RANDOM_EDGES,PERSISTENT_OPERATIONAL_NEAR_COLLISION_EVIDENCE,EVALUABLE,EXPLORATORY_CONSUMED_DIAGNOSTIC_ONLY
U0_SS,viscosity_laplacian_acceleration,LINEAGE,HMSO01R_A|FIELD_LINEAGE|ea7a0f305184b5efcd1c245ec8837c3d5e92744042b12d412ef90758785acc95,0.1,0.9,7.743121034250964,0.00039896684202010517,0.0,0,5120,FROZEN_K10_NEIGHBOURS_PLUS_FROZEN_K10_MATCHED_RANDOM_EDGES,PERSISTENT_OPERATIONAL_NEAR_COLLISION_EVIDENCE,EVALUABLE,EXPLORATORY_CONSUMED_DIAGNOSTIC_ONLY
U0_SS,viscosity_laplacian_acceleration,LINEAGE,HMSO01R_A|FIELD_LINEAGE|eadb4166638494d642712d8eabac62f88ed028f779148966c13d2efd6405fa1d,0.1,0.9,7.743121034250964,0.00039896684202010517,0.000390625,1,2560,FROZEN_K10_NEIGHBOURS_PLUS_FROZEN_K10_MATCHED_RANDOM_EDGES,PERSISTENT_OPERATIONAL_NEAR_COLLISION_EVIDENCE,EVALUABLE,EXPLORATORY_CONSUMED_DIAGNOSTIC_ONLY
U0_SS,viscosity_laplacian_acceleration,LINEAGE,HMSO01R_A|FIELD_LINEAGE|ebfb44058badbf85a36d8671e914d20620f9253b30eeec0e96b5e0c20dc8e16c,0.1,0.9,7.743121034250964,0.00039896684202010517,0.0,0,2560,FROZEN_K10_NEIGHBOURS_PLUS_FROZEN_K10_MATCHED_RANDOM_EDGES,PERSISTENT_OPERATIONAL_NEAR_COLLISION_EVIDENCE,EVALUABLE,EXPLORATORY_CONSUMED_DIAGNOSTIC_ONLY
U0_SS,viscosity_laplacian_acceleration,LINEAGE,HMSO01R_A|FIELD_LINEAGE|eee5df81575181b025958cda057ac7cb0483be4404d018db7bb2c06a63c25462,0.1,0.9,7.743121034250964,0.00039896684202010517,0.0,0,2560,FROZEN_K10_NEIGHBOURS_PLUS_FROZEN_K10_MATCHED_RANDOM_EDGES,PERSISTENT_OPERATIONAL_NEAR_COLLISION_EVIDENCE,EVALUABLE,EXPLORATORY_CONSUMED_DIAGNOSTIC_ONLY
U0_SS,viscosity_laplacian_acceleration,LINEAGE,HMSO01R_A|FIELD_LINEAGE|f01618f1ef2fe7c85085b02f71644f843db176708a8abb6e4e05116a594e9ae3,0.1,0.9,7.743121034250964,0.00039896684202010517,0.0,0,2560,FROZEN_K10_NEIGHBOURS_PLUS_FROZEN_K10_MATCHED_RANDOM_EDGES,PERSISTENT_OPERATIONAL_NEAR_COLLISION_EVIDENCE,EVALUABLE,EXPLORATORY_CONSUMED_DIAGNOSTIC_ONLY
U0_SS,viscosity_laplacian_acceleration,LINEAGE,HMSO01R_A|FIELD_LINEAGE|f0421338d311584916d83a8dd01c9f47b7707c5652d4192e1df422a2a9e7d57d,0.1,0.9,7.743121034250964,0.00039896684202010517,0.0,0,2560,FROZEN_K10_NEIGHBOURS_PLUS_FROZEN_K10_MATCHED_RANDOM_EDGES,PERSISTENT_OPERATIONAL_NEAR_COLLISION_EVIDENCE,EVALUABLE,EXPLORATORY_CONSUMED_DIAGNOSTIC_ONLY
U0_SS,viscosity_laplacian_acceleration,LINEAGE,HMSO01R_A|FIELD_LINEAGE|f11020ed75e98ae018c3d951c68d3fba4bfe91afdf9eb4b7d62d0c0967429304,0.1,0.9,7.743121034250964,0.00039896684202010517,0.0,0,2560,FROZEN_K10_NEIGHBOURS_PLUS_FROZEN_K10_MATCHED_RANDOM_EDGES,PERSISTENT_OPERATIONAL_NEAR_COLLISION_EVIDENCE,EVALUABLE,EXPLORATORY_CONSUMED_DIAGNOSTIC_ONLY
U0_SS,viscosity_laplacian_acceleration,LINEAGE,HMSO01R_A|FIELD_LINEAGE|f117df283c3988b3a51ad2a7138592681c02ac94fc8905b0ebf163745ca00f62,0.1,0.9,7.743121034250964,0.00039896684202010517,0.0,0,5120,FROZEN_K10_NEIGHBOURS_PLUS_FROZEN_K10_MATCHED_RANDOM_EDGES,PERSISTENT_OPERATIONAL_NEAR_COLLISION_EVIDENCE,EVALUABLE,EXPLORATORY_CONSUMED_DIAGNOSTIC_ONLY
U0_SS,viscosity_laplacian_acceleration,LINEAGE,HMSO01R_A|FIELD_LINEAGE|f2247a8dfd61c19acaf6609654c9c6098f254569cd75ef6a5201803913aa1c00,0.1,0.9,7.743121034250964,0.00039896684202010517,0.0,0,2560,FROZEN_K10_NEIGHBOURS_PLUS_FROZEN_K10_MATCHED_RANDOM_EDGES,PERSISTENT_OPERATIONAL_NEAR_COLLISION_EVIDENCE,EVALUABLE,EXPLORATORY_CONSUMED_DIAGNOSTIC_ONLY
U0_SS,viscosity_laplacian_acceleration,LINEAGE,HMSO01R_A|FIELD_LINEAGE|f2a3ceeae0e0974c878bba3a036f383f979564d7512b59be838a43b0d537377a,0.1,0.9,7.743121034250964,0.00039896684202010517,0.0,0,2560,FROZEN_K10_NEIGHBOURS_PLUS_FROZEN_K10_MATCHED_RANDOM_EDGES,PERSISTENT_OPERATIONAL_NEAR_COLLISION_EVIDENCE,EVALUABLE,EXPLORATORY_CONSUMED_DIAGNOSTIC_ONLY
U0_SS,viscosity_laplacian_acceleration,LINEAGE,HMSO01R_A|FIELD_LINEAGE|f52ad1fbea60f2cef5c93f5785e888eaa7893de6dad0b2f7545e6d3f4e338f25,0.1,0.9,7.743121034250964,0.00039896684202010517,0.0,0,2560,FROZEN_K10_NEIGHBOURS_PLUS_FROZEN_K10_MATCHED_RANDOM_EDGES,PERSISTENT_OPERATIONAL_NEAR_COLLISION_EVIDENCE,EVALUABLE,EXPLORATORY_CONSUMED_DIAGNOSTIC_ONLY
U0_SS,viscosity_laplacian_acceleration,LINEAGE,HMSO01R_A|FIELD_LINEAGE|f7cc0cf639be6a7e99c37868bcf630bb54f34534e2c78b36b59b7ac5ebbd1919,0.1,0.9,7.743121034250964,0.00039896684202010517,0.001171875,3,2560,FROZEN_K10_NEIGHBOURS_PLUS_FROZEN_K10_MATCHED_RANDOM_EDGES,PERSISTENT_OPERATIONAL_NEAR_COLLISION_EVIDENCE,EVALUABLE,EXPLORATORY_CONSUMED_DIAGNOSTIC_ONLY
U0_SS,viscosity_laplacian_acceleration,LINEAGE,HMSO01R_A|FIELD_LINEAGE|f82108cfb75a5ece90cca0bec2aa62b5af33b3b96774d26a9d5bbde8416cb360,0.1,0.9,7.743121034250964,0.00039896684202010517,0.0,0,2560,FROZEN_K10_NEIGHBOURS_PLUS_FROZEN_K10_MATCHED_RANDOM_EDGES,PERSISTENT_OPERATIONAL_NEAR_COLLISION_EVIDENCE,EVALUABLE,EXPLORATORY_CONSUMED_DIAGNOSTIC_ONLY
U0_SS,viscosity_laplacian_acceleration,LINEAGE,HMSO01R_A|FIELD_LINEAGE|f8fd31406421545fa9cf8bb98c251eb120eed5378ed4276493239005b13fd6f8,0.1,0.9,7.743121034250964,0.00039896684202010517,0.0,0,2560,FROZEN_K10_NEIGHBOURS_PLUS_FROZEN_K10_MATCHED_RANDOM_EDGES,PERSISTENT_OPERATIONAL_NEAR_COLLISION_EVIDENCE,EVALUABLE,EXPLORATORY_CONSUMED_DIAGNOSTIC_ONLY
U0_SS,viscosity_laplacian_acceleration,LINEAGE,HMSO01R_A|FIELD_LINEAGE|f952117e9c8f8a564901d0507e978f58c3289c63c557fb7f3123a84dd049ba29,0.1,0.9,7.743121034250964,0.00039896684202010517,0.0,0,2560,FROZEN_K10_NEIGHBOURS_PLUS_FROZEN_K10_MATCHED_RANDOM_EDGES,PERSISTENT_OPERATIONAL_NEAR_COLLISION_EVIDENCE,EVALUABLE,EXPLORATORY_CONSUMED_DIAGNOSTIC_ONLY
U0_SS,viscosity_laplacian_acceleration,LINEAGE,HMSO01R_A|FIELD_LINEAGE|f9a3d40825ca658eebc26e88239c04a3590f72ad95b03a86bc289649036f4117,0.1,0.9,7.743121034250964,0.00039896684202010517,0.0,0,2560,FROZEN_K10_NEIGHBOURS_PLUS_FROZEN_K10_MATCHED_RANDOM_EDGES,PERSISTENT_OPERATIONAL_NEAR_COLLISION_EVIDENCE,EVALUABLE,EXPLORATORY_CONSUMED_DIAGNOSTIC_ONLY
U0_SS,viscosity_laplacian_acceleration,LINEAGE,HMSO01R_A|FIELD_LINEAGE|f9acbd6c60cf4de95eb27dc7c24fd369893e07d5c162236bcdc4cc91f1e5368b,0.1,0.9,7.743121034250964,0.00039896684202010517,0.0,0,2560,FROZEN_K10_NEIGHBOURS_PLUS_FROZEN_K10_MATCHED_RANDOM_EDGES,PERSISTENT_OPERATIONAL_NEAR_COLLISION_EVIDENCE,EVALUABLE,EXPLORATORY_CONSUMED_DIAGNOSTIC_ONLY
U0_SS,viscosity_laplacian_acceleration,LINEAGE,HMSO01R_A|FIELD_LINEAGE|f9dd81299410ddb65efe58bb38fc53798a53c7f5ab1183ef52b5f93fb7daea68,0.1,0.9,7.743121034250964,0.00039896684202010517,0.0,0,2560,FROZEN_K10_NEIGHBOURS_PLUS_FROZEN_K10_MATCHED_RANDOM_EDGES,PERSISTENT_OPERATIONAL_NEAR_COLLISION_EVIDENCE,EVALUABLE,EXPLORATORY_CONSUMED_DIAGNOSTIC_ONLY
U0_SS,viscosity_laplacian_acceleration,LINEAGE,HMSO01R_A|FIELD_LINEAGE|fa1ab395df96eb71b1cd3e5c31c1a1fe587398989c58265b21dd97a062b35ef9,0.1,0.9,7.743121034250964,0.00039896684202010517,0.0,0,2560,FROZEN_K10_NEIGHBOURS_PLUS_FROZEN_K10_MATCHED_RANDOM_EDGES,PERSISTENT_OPERATIONAL_NEAR_COLLISION_EVIDENCE,EVALUABLE,EXPLORATORY_CONSUMED_DIAGNOSTIC_ONLY
U0_SS,viscosity_laplacian_acceleration,LINEAGE,HMSO01R_A|FIELD_LINEAGE|fd04ea3f458e107df0af85b51443fd7c576cbde1f2a34afcd2f94001f9376e64,0.1,0.9,7.743121034250964,0.00039896684202010517,0.0,0,5120,FROZEN_K10_NEIGHBOURS_PLUS_FROZEN_K10_MATCHED_RANDOM_EDGES,PERSISTENT_OPERATIONAL_NEAR_COLLISION_EVIDENCE,EVALUABLE,EXPLORATORY_CONSUMED_DIAGNOSTIC_ONLY
U0_SS,viscosity_laplacian_acceleration,LINEAGE,HMSO01R_A|FIELD_LINEAGE|fefaa03392c6d5e862f0b98f72e148123eb5332d997aade537062f72a6e1a99c,0.1,0.9,7.743121034250964,0.00039896684202010517,0.0,0,2560,FROZEN_K10_NEIGHBOURS_PLUS_FROZEN_K10_MATCHED_RANDOM_EDGES,PERSISTENT_OPERATIONAL_NEAR_COLLISION_EVIDENCE,EVALUABLE,EXPLORATORY_CONSUMED_DIAGNOSTIC_ONLY
U0_SS,viscosity_laplacian_acceleration,LINEAGE,HMSO01R_A|FIELD_LINEAGE|ff441cbe04ac4f8f63fd24360c00fa41becbfbb5a6acdf59e4dfd55c77c15642,0.1,0.9,7.743121034250964,0.00039896684202010517,0.0,0,2560,FROZEN_K10_NEIGHBOURS_PLUS_FROZEN_K10_MATCHED_RANDOM_EDGES,PERSISTENT_OPERATIONAL_NEAR_COLLISION_EVIDENCE,EVALUABLE,EXPLORATORY_CONSUMED_DIAGNOSTIC_ONLY
U0_MS,density_rate,OVERALL,ALL,0.1,0.9,52.40300584732972,0.00968346157319353,0.0,0,983040,FROZEN_K10_NEIGHBOURS_PLUS_FROZEN_K10_MATCHED_RANDOM_EDGES,PERSISTENT_OPERATIONAL_NEAR_COLLISION_EVIDENCE,EVALUABLE,EXPLORATORY_CONSUMED_DIAGNOSTIC_ONLY
U0_MS,density_rate,FOLD,FOLD_0,0.1,0.9,52.40300584732972,0.00968346157319353,0.0,0,189440,FROZEN_K10_NEIGHBOURS_PLUS_FROZEN_K10_MATCHED_RANDOM_EDGES,PERSISTENT_OPERATIONAL_NEAR_COLLISION_EVIDENCE,EVALUABLE,EXPLORATORY_CONSUMED_DIAGNOSTIC_ONLY
U0_MS,density_rate,FOLD,FOLD_1,0.1,0.9,52.40300584732972,0.00968346157319353,0.0,0,179200,FROZEN_K10_NEIGHBOURS_PLUS_FROZEN_K10_MATCHED_RANDOM_EDGES,PERSISTENT_OPERATIONAL_NEAR_COLLISION_EVIDENCE,EVALUABLE,EXPLORATORY_CONSUMED_DIAGNOSTIC_ONLY
U0_MS,density_rate,FOLD,FOLD_2,0.1,0.9,52.40300584732972,0.00968346157319353,0.0,0,158720,FROZEN_K10_NEIGHBOURS_PLUS_FROZEN_K10_MATCHED_RANDOM_EDGES,PERSISTENT_OPERATIONAL_NEAR_COLLISION_EVIDENCE,EVALUABLE,EXPLORATORY_CONSUMED_DIAGNOSTIC_ONLY
U0_MS,density_rate,FOLD,FOLD_3,0.1,0.9,52.40300584732972,0.00968346157319353,0.0,0,151040,FROZEN_K10_NEIGHBOURS_PLUS_FROZEN_K10_MATCHED_RANDOM_EDGES,PERSISTENT_OPERATIONAL_NEAR_COLLISION_EVIDENCE,EVALUABLE,EXPLORATORY_CONSUMED_DIAGNOSTIC_ONLY
U0_MS,density_rate,FOLD,FOLD_4,0.1,0.9,52.40300584732972,0.00968346157319353,0.0,0,151040,FROZEN_K10_NEIGHBOURS_PLUS_FROZEN_K10_MATCHED_RANDOM_EDGES,PERSISTENT_OPERATIONAL_NEAR_COLLISION_EVIDENCE,EVALUABLE,EXPLORATORY_CONSUMED_DIAGNOSTIC_ONLY
U0_MS,density_rate,FOLD,FOLD_5,0.1,0.9,52.40300584732972,0.00968346157319353,0.0,0,153600,FROZEN_K10_NEIGHBOURS_PLUS_FROZEN_K10_MATCHED_RANDOM_EDGES,PERSISTENT_OPERATIONAL_NEAR_COLLISION_EVIDENCE,EVALUABLE,EXPLORATORY_CONSUMED_DIAGNOSTIC_ONLY
U0_MS,density_rate,FAMILY,F1,0.1,0.9,52.40300584732972,0.00968346157319353,0.0,0,245760,FROZEN_K10_NEIGHBOURS_PLUS_FROZEN_K10_MATCHED_RANDOM_EDGES,PERSISTENT_OPERATIONAL_NEAR_COLLISION_EVIDENCE,EVALUABLE,EXPLORATORY_CONSUMED_DIAGNOSTIC_ONLY
U0_MS,density_rate,FAMILY,F2,0.1,0.9,52.40300584732972,0.00968346157319353,0.0,0,245760,FROZEN_K10_NEIGHBOURS_PLUS_FROZEN_K10_MATCHED_RANDOM_EDGES,PERSISTENT_OPERATIONAL_NEAR_COLLISION_EVIDENCE,EVALUABLE,EXPLORATORY_CONSUMED_DIAGNOSTIC_ONLY
U0_MS,density_rate,FAMILY,F3,0.1,0.9,52.40300584732972,0.00968346157319353,0.0,0,245760,FROZEN_K10_NEIGHBOURS_PLUS_FROZEN_K10_MATCHED_RANDOM_EDGES,PERSISTENT_OPERATIONAL_NEAR_COLLISION_EVIDENCE,EVALUABLE,EXPLORATORY_CONSUMED_DIAGNOSTIC_ONLY
U0_MS,density_rate,FAMILY,F4,0.1,0.9,52.40300584732972,0.00968346157319353,0.0,0,245760,FROZEN_K10_NEIGHBOURS_PLUS_FROZEN_K10_MATCHED_RANDOM_EDGES,PERSISTENT_OPERATIONAL_NEAR_COLLISION_EVIDENCE,EVALUABLE,EXPLORATORY_CONSUMED_DIAGNOSTIC_ONLY
U0_MS,density_rate,FAMILY_FOLD,F1|FOLD_0,0.1,0.9,52.40300584732972,0.00968346157319353,0.0,0,43520,FROZEN_K10_NEIGHBOURS_PLUS_FROZEN_K10_MATCHED_RANDOM_EDGES,PERSISTENT_OPERATIONAL_NEAR_COLLISION_EVIDENCE,EVALUABLE,EXPLORATORY_CONSUMED_DIAGNOSTIC_ONLY
U0_MS,density_rate,FAMILY_FOLD,F2|FOLD_0,0.1,0.9,52.40300584732972,0.00968346157319353,0.0,0,40960,FROZEN_K10_NEIGHBOURS_PLUS_FROZEN_K10_MATCHED_RANDOM_EDGES,PERSISTENT_OPERATIONAL_NEAR_COLLISION_EVIDENCE,EVALUABLE,EXPLORATORY_CONSUMED_DIAGNOSTIC_ONLY
U0_MS,density_rate,FAMILY_FOLD,F3|FOLD_0,0.1,0.9,52.40300584732972,0.00968346157319353,0.0,0,43520,FROZEN_K10_NEIGHBOURS_PLUS_FROZEN_K10_MATCHED_RANDOM_EDGES,PERSISTENT_OPERATIONAL_NEAR_COLLISION_EVIDENCE,EVALUABLE,EXPLORATORY_CONSUMED_DIAGNOSTIC_ONLY
U0_MS,density_rate,FAMILY_FOLD,F4|FOLD_0,0.1,0.9,52.40300584732972,0.00968346157319353,0.0,0,61440,FROZEN_K10_NEIGHBOURS_PLUS_FROZEN_K10_MATCHED_RANDOM_EDGES,PERSISTENT_OPERATIONAL_NEAR_COLLISION_EVIDENCE,EVALUABLE,EXPLORATORY_CONSUMED_DIAGNOSTIC_ONLY
U0_MS,density_rate,FAMILY_FOLD,F1|FOLD_1,0.1,0.9,52.40300584732972,0.00968346157319353,0.0,0,38400,FROZEN_K10_NEIGHBOURS_PLUS_FROZEN_K10_MATCHED_RANDOM_EDGES,PERSISTENT_OPERATIONAL_NEAR_COLLISION_EVIDENCE,EVALUABLE,EXPLORATORY_CONSUMED_DIAGNOSTIC_ONLY
U0_MS,density_rate,FAMILY_FOLD,F2|FOLD_1,0.1,0.9,52.40300584732972,0.00968346157319353,0.0,0,38400,FROZEN_K10_NEIGHBOURS_PLUS_FROZEN_K10_MATCHED_RANDOM_EDGES,PERSISTENT_OPERATIONAL_NEAR_COLLISION_EVIDENCE,EVALUABLE,EXPLORATORY_CONSUMED_DIAGNOSTIC_ONLY
U0_MS,density_rate,FAMILY_FOLD,F3|FOLD_1,0.1,0.9,52.40300584732972,0.00968346157319353,0.0,0,40960,FROZEN_K10_NEIGHBOURS_PLUS_FROZEN_K10_MATCHED_RANDOM_EDGES,PERSISTENT_OPERATIONAL_NEAR_COLLISION_EVIDENCE,EVALUABLE,EXPLORATORY_CONSUMED_DIAGNOSTIC_ONLY
U0_MS,density_rate,FAMILY_FOLD,F4|FOLD_1,0.1,0.9,52.40300584732972,0.00968346157319353,0.0,0,61440,FROZEN_K10_NEIGHBOURS_PLUS_FROZEN_K10_MATCHED_RANDOM_EDGES,PERSISTENT_OPERATIONAL_NEAR_COLLISION_EVIDENCE,EVALUABLE,EXPLORATORY_CONSUMED_DIAGNOSTIC_ONLY
U0_MS,density_rate,FAMILY_FOLD,F1|FOLD_2,0.1,0.9,52.40300584732972,0.00968346157319353,0.0,0,38400,FROZEN_K10_NEIGHBOURS_PLUS_FROZEN_K10_MATCHED_RANDOM_EDGES,PERSISTENT_OPERATIONAL_NEAR_COLLISION_EVIDENCE,EVALUABLE,EXPLORATORY_CONSUMED_DIAGNOSTIC_ONLY
U0_MS,density_rate,FAMILY_FOLD,F2|FOLD_2,0.1,0.9,52.40300584732972,0.00968346157319353,0.0,0,46080,FROZEN_K10_NEIGHBOURS_PLUS_FROZEN_K10_MATCHED_RANDOM_EDGES,PERSISTENT_OPERATIONAL_NEAR_COLLISION_EVIDENCE,EVALUABLE,EXPLORATORY_CONSUMED_DIAGNOSTIC_ONLY
U0_MS,density_rate,FAMILY_FOLD,F3|FOLD_2,0.1,0.9,52.40300584732972,0.00968346157319353,0.0,0,43520,FROZEN_K10_NEIGHBOURS_PLUS_FROZEN_K10_MATCHED_RANDOM_EDGES,PERSISTENT_OPERATIONAL_NEAR_COLLISION_EVIDENCE,EVALUABLE,EXPLORATORY_CONSUMED_DIAGNOSTIC_ONLY
U0_MS,density_rate,FAMILY_FOLD,F4|FOLD_2,0.1,0.9,52.40300584732972,0.00968346157319353,0.0,0,30720,FROZEN_K10_NEIGHBOURS_PLUS_FROZEN_K10_MATCHED_RANDOM_EDGES,PERSISTENT_OPERATIONAL_NEAR_COLLISION_EVIDENCE,EVALUABLE,EXPLORATORY_CONSUMED_DIAGNOSTIC_ONLY
U0_MS,density_rate,FAMILY_FOLD,F1|FOLD_3,0.1,0.9,52.40300584732972,0.00968346157319353,0.0,0,40960,FROZEN_K10_NEIGHBOURS_PLUS_FROZEN_K10_MATCHED_RANDOM_EDGES,PERSISTENT_OPERATIONAL_NEAR_COLLISION_EVIDENCE,EVALUABLE,EXPLORATORY_CONSUMED_DIAGNOSTIC_ONLY
U0_MS,density_rate,FAMILY_FOLD,F2|FOLD_3,0.1,0.9,52.40300584732972,0.00968346157319353,0.0,0,35840,FROZEN_K10_NEIGHBOURS_PLUS_FROZEN_K10_MATCHED_RANDOM_EDGES,PERSISTENT_OPERATIONAL_NEAR_COLLISION_EVIDENCE,EVALUABLE,EXPLORATORY_CONSUMED_DIAGNOSTIC_ONLY
U0_MS,density_rate,FAMILY_FOLD,F3|FOLD_3,0.1,0.9,52.40300584732972,0.00968346157319353,0.0,0,43520,FROZEN_K10_NEIGHBOURS_PLUS_FROZEN_K10_MATCHED_RANDOM_EDGES,PERSISTENT_OPERATIONAL_NEAR_COLLISION_EVIDENCE,EVALUABLE,EXPLORATORY_CONSUMED_DIAGNOSTIC_ONLY
U0_MS,density_rate,FAMILY_FOLD,F4|FOLD_3,0.1,0.9,52.40300584732972,0.00968346157319353,0.0,0,30720,FROZEN_K10_NEIGHBOURS_PLUS_FROZEN_K10_MATCHED_RANDOM_EDGES,PERSISTENT_OPERATIONAL_NEAR_COLLISION_EVIDENCE,EVALUABLE,EXPLORATORY_CONSUMED_DIAGNOSTIC_ONLY
U0_MS,density_rate,FAMILY_FOLD,F1|FOLD_4,0.1,0.9,52.40300584732972,0.00968346157319353,0.0,0,43520,FROZEN_K10_NEIGHBOURS_PLUS_FROZEN_K10_MATCHED_RANDOM_EDGES,PERSISTENT_OPERATIONAL_NEAR_COLLISION_EVIDENCE,EVALUABLE,EXPLORATORY_CONSUMED_DIAGNOSTIC_ONLY
U0_MS,density_rate,FAMILY_FOLD,F2|FOLD_4,0.1,0.9,52.40300584732972,0.00968346157319353,0.0,0,43520,FROZEN_K10_NEIGHBOURS_PLUS_FROZEN_K10_MATCHED_RANDOM_EDGES,PERSISTENT_OPERATIONAL_NEAR_COLLISION_EVIDENCE,EVALUABLE,EXPLORATORY_CONSUMED_DIAGNOSTIC_ONLY
U0_MS,density_rate,FAMILY_FOLD,F3|FOLD_4,0.1,0.9,52.40300584732972,0.00968346157319353,0.0,0,33280,FROZEN_K10_NEIGHBOURS_PLUS_FROZEN_K10_MATCHED_RANDOM_EDGES,PERSISTENT_OPERATIONAL_NEAR_COLLISION_EVIDENCE,EVALUABLE,EXPLORATORY_CONSUMED_DIAGNOSTIC_ONLY
U0_MS,density_rate,FAMILY_FOLD,F4|FOLD_4,0.1,0.9,52.40300584732972,0.00968346157319353,0.0,0,30720,FROZEN_K10_NEIGHBOURS_PLUS_FROZEN_K10_MATCHED_RANDOM_EDGES,PERSISTENT_OPERATIONAL_NEAR_COLLISION_EVIDENCE,EVALUABLE,EXPLORATORY_CONSUMED_DIAGNOSTIC_ONLY
U0_MS,density_rate,FAMILY_FOLD,F1|FOLD_5,0.1,0.9,52.40300584732972,0.00968346157319353,0.0,0,40960,FROZEN_K10_NEIGHBOURS_PLUS_FROZEN_K10_MATCHED_RANDOM_EDGES,PERSISTENT_OPERATIONAL_NEAR_COLLISION_EVIDENCE,EVALUABLE,EXPLORATORY_CONSUMED_DIAGNOSTIC_ONLY
U0_MS,density_rate,FAMILY_FOLD,F2|FOLD_5,0.1,0.9,52.40300584732972,0.00968346157319353,0.0,0,40960,FROZEN_K10_NEIGHBOURS_PLUS_FROZEN_K10_MATCHED_RANDOM_EDGES,PERSISTENT_OPERATIONAL_NEAR_COLLISION_EVIDENCE,EVALUABLE,EXPLORATORY_CONSUMED_DIAGNOSTIC_ONLY
U0_MS,density_rate,FAMILY_FOLD,F3|FOLD_5,0.1,0.9,52.40300584732972,0.00968346157319353,0.0,0,40960,FROZEN_K10_NEIGHBOURS_PLUS_FROZEN_K10_MATCHED_RANDOM_EDGES,PERSISTENT_OPERATIONAL_NEAR_COLLISION_EVIDENCE,EVALUABLE,EXPLORATORY_CONSUMED_DIAGNOSTIC_ONLY
U0_MS,density_rate,FAMILY_FOLD,F4|FOLD_5,0.1,0.9,52.40300584732972,0.00968346157319353,0.0,0,30720,FROZEN_K10_NEIGHBOURS_PLUS_FROZEN_K10_MATCHED_RANDOM_EDGES,PERSISTENT_OPERATIONAL_NEAR_COLLISION_EVIDENCE,EVALUABLE,EXPLORATORY_CONSUMED_DIAGNOSTIC_ONLY
U0_MS,density_rate,LINEAGE,HMSO01R_A|FIELD_LINEAGE|008a4638c8cb2247bc6cd62f75f3daa09b2e49ba7d73812777f0a31f466efb5e,0.1,0.9,52.40300584732972,0.00968346157319353,0.0,0,2560,FROZEN_K10_NEIGHBOURS_PLUS_FROZEN_K10_MATCHED_RANDOM_EDGES,PERSISTENT_OPERATIONAL_NEAR_COLLISION_EVIDENCE,EVALUABLE,EXPLORATORY_CONSUMED_DIAGNOSTIC_ONLY
U0_MS,density_rate,LINEAGE,HMSO01R_A|FIELD_LINEAGE|0183a54dead296f9ee3dee43dc4041188299c7e551f4c9c6bfbe94dc055e54ad,0.1,0.9,52.40300584732972,0.00968346157319353,0.0,0,5120,FROZEN_K10_NEIGHBOURS_PLUS_FROZEN_K10_MATCHED_RANDOM_EDGES,PERSISTENT_OPERATIONAL_NEAR_COLLISION_EVIDENCE,EVALUABLE,EXPLORATORY_CONSUMED_DIAGNOSTIC_ONLY
U0_MS,density_rate,LINEAGE,HMSO01R_A|FIELD_LINEAGE|0280053dfd6ee65fbd80522b2b04964154d57f31de1cc5d0449972791fa285ea,0.1,0.9,52.40300584732972,0.00968346157319353,0.0,0,2560,FROZEN_K10_NEIGHBOURS_PLUS_FROZEN_K10_MATCHED_RANDOM_EDGES,PERSISTENT_OPERATIONAL_NEAR_COLLISION_EVIDENCE,EVALUABLE,EXPLORATORY_CONSUMED_DIAGNOSTIC_ONLY
U0_MS,density_rate,LINEAGE,HMSO01R_A|FIELD_LINEAGE|02a8e9bf168ff7b6159072e41013ee435870f1006dfd3aa95840b1c132f5aafb,0.1,0.9,52.40300584732972,0.00968346157319353,0.0,0,2560,FROZEN_K10_NEIGHBOURS_PLUS_FROZEN_K10_MATCHED_RANDOM_EDGES,PERSISTENT_OPERATIONAL_NEAR_COLLISION_EVIDENCE,EVALUABLE,EXPLORATORY_CONSUMED_DIAGNOSTIC_ONLY
U0_MS,density_rate,LINEAGE,HMSO01R_A|FIELD_LINEAGE|0404a47ad84d3ab6d4cc0dbf7c8fea97f3bca817bfb6ce9e4a0d96e074c1229f,0.1,0.9,52.40300584732972,0.00968346157319353,0.0,0,2560,FROZEN_K10_NEIGHBOURS_PLUS_FROZEN_K10_MATCHED_RANDOM_EDGES,PERSISTENT_OPERATIONAL_NEAR_COLLISION_EVIDENCE,EVALUABLE,EXPLORATORY_CONSUMED_DIAGNOSTIC_ONLY
U0_MS,density_rate,LINEAGE,HMSO01R_A|FIELD_LINEAGE|04cc9f11103eaca809c304d2c5e7176a0ac510070bc43c67da76cab1f9c23ed7,0.1,0.9,52.40300584732972,0.00968346157319353,0.0,0,2560,FROZEN_K10_NEIGHBOURS_PLUS_FROZEN_K10_MATCHED_RANDOM_EDGES,PERSISTENT_OPERATIONAL_NEAR_COLLISION_EVIDENCE,EVALUABLE,EXPLORATORY_CONSUMED_DIAGNOSTIC_ONLY
U0_MS,density_rate,LINEAGE,HMSO01R_A|FIELD_LINEAGE|051eaa0f00871ac3de3987b76f15e88e4e718676447cf96853b1d9836e56f4a9,0.1,0.9,52.40300584732972,0.00968346157319353,0.0,0,5120,FROZEN_K10_NEIGHBOURS_PLUS_FROZEN_K10_MATCHED_RANDOM_EDGES,PERSISTENT_OPERATIONAL_NEAR_COLLISION_EVIDENCE,EVALUABLE,EXPLORATORY_CONSUMED_DIAGNOSTIC_ONLY
U0_MS,density_rate,LINEAGE,HMSO01R_A|FIELD_LINEAGE|05638fa6abec8d1f9d2070785cb5b62bc36d80415fcae04a6c6b1419139c3003,0.1,0.9,52.40300584732972,0.00968346157319353,0.0,0,5120,FROZEN_K10_NEIGHBOURS_PLUS_FROZEN_K10_MATCHED_RANDOM_EDGES,PERSISTENT_OPERATIONAL_NEAR_COLLISION_EVIDENCE,EVALUABLE,EXPLORATORY_CONSUMED_DIAGNOSTIC_ONLY
U0_MS,density_rate,LINEAGE,HMSO01R_A|FIELD_LINEAGE|065caad01d0036cc45e094366cffda53edef5d184f8c28ff280e81478dd5499f,0.1,0.9,52.40300584732972,0.00968346157319353,0.0,0,2560,FROZEN_K10_NEIGHBOURS_PLUS_FROZEN_K10_MATCHED_RANDOM_EDGES,PERSISTENT_OPERATIONAL_NEAR_COLLISION_EVIDENCE,EVALUABLE,EXPLORATORY_CONSUMED_DIAGNOSTIC_ONLY
U0_MS,density_rate,LINEAGE,HMSO01R_A|FIELD_LINEAGE|06c31c418b756da4f49834b1270295e826a9807f080171a34a3e7c250369709c,0.1,0.9,52.40300584732972,0.00968346157319353,0.0,0,30720,FROZEN_K10_NEIGHBOURS_PLUS_FROZEN_K10_MATCHED_RANDOM_EDGES,PERSISTENT_OPERATIONAL_NEAR_COLLISION_EVIDENCE,EVALUABLE,EXPLORATORY_CONSUMED_DIAGNOSTIC_ONLY
U0_MS,density_rate,LINEAGE,HMSO01R_A|FIELD_LINEAGE|06c5b0d79a6fc40df74bc047659e629ea096b0eb47ce7956bd3f7d012a8211c7,0.1,0.9,52.40300584732972,0.00968346157319353,0.0,0,7680,FROZEN_K10_NEIGHBOURS_PLUS_FROZEN_K10_MATCHED_RANDOM_EDGES,PERSISTENT_OPERATIONAL_NEAR_COLLISION_EVIDENCE,EVALUABLE,EXPLORATORY_CONSUMED_DIAGNOSTIC_ONLY
U0_MS,density_rate,LINEAGE,HMSO01R_A|FIELD_LINEAGE|07ef870a5e517a728f6e4939e44adb6e41abac7dca46a1a2247aeb449ae2b2b6,0.1,0.9,52.40300584732972,0.00968346157319353,0.0,0,5120,FROZEN_K10_NEIGHBOURS_PLUS_FROZEN_K10_MATCHED_RANDOM_EDGES,PERSISTENT_OPERATIONAL_NEAR_COLLISION_EVIDENCE,EVALUABLE,EXPLORATORY_CONSUMED_DIAGNOSTIC_ONLY
U0_MS,density_rate,LINEAGE,HMSO01R_A|FIELD_LINEAGE|092a3e161c8ce70f083c10130918ff7fb36de994b41e81b7dfb0e04366314a2c,0.1,0.9,52.40300584732972,0.00968346157319353,0.0,0,2560,FROZEN_K10_NEIGHBOURS_PLUS_FROZEN_K10_MATCHED_RANDOM_EDGES,PERSISTENT_OPERATIONAL_NEAR_COLLISION_EVIDENCE,EVALUABLE,EXPLORATORY_CONSUMED_DIAGNOSTIC_ONLY
U0_MS,density_rate,LINEAGE,HMSO01R_A|FIELD_LINEAGE|093dc802dc5954d756689fb97f687ee9b46c368f5fe625c807448d3bc43a1926,0.1,0.9,52.40300584732972,0.00968346157319353,0.0,0,2560,FROZEN_K10_NEIGHBOURS_PLUS_FROZEN_K10_MATCHED_RANDOM_EDGES,PERSISTENT_OPERATIONAL_NEAR_COLLISION_EVIDENCE,EVALUABLE,EXPLORATORY_CONSUMED_DIAGNOSTIC_ONLY
U0_MS,density_rate,LINEAGE,HMSO01R_A|FIELD_LINEAGE|0a252563daa08b1ab13bdaf89c42f5f5445076fcfec6feb203abcad9de8ed55a,0.1,0.9,52.40300584732972,0.00968346157319353,0.0,0,7680,FROZEN_K10_NEIGHBOURS_PLUS_FROZEN_K10_MATCHED_RANDOM_EDGES,PERSISTENT_OPERATIONAL_NEAR_COLLISION_EVIDENCE,EVALUABLE,EXPLORATORY_CONSUMED_DIAGNOSTIC_ONLY
U0_MS,density_rate,LINEAGE,HMSO01R_A|FIELD_LINEAGE|0ac3210ffe07941071125618f2e4ad4f522063f7735eb12854083a5cf3b96fca,0.1,0.9,52.40300584732972,0.00968346157319353,0.0,0,2560,FROZEN_K10_NEIGHBOURS_PLUS_FROZEN_K10_MATCHED_RANDOM_EDGES,PERSISTENT_OPERATIONAL_NEAR_COLLISION_EVIDENCE,EVALUABLE,EXPLORATORY_CONSUMED_DIAGNOSTIC_ONLY
U0_MS,density_rate,LINEAGE,HMSO01R_A|FIELD_LINEAGE|0af73c913450206e45697078b9ff423d2fbe56a236026748e22945b9fe394efb,0.1,0.9,52.40300584732972,0.00968346157319353,0.0,0,2560,FROZEN_K10_NEIGHBOURS_PLUS_FROZEN_K10_MATCHED_RANDOM_EDGES,PERSISTENT_OPERATIONAL_NEAR_COLLISION_EVIDENCE,EVALUABLE,EXPLORATORY_CONSUMED_DIAGNOSTIC_ONLY
U0_MS,density_rate,LINEAGE,HMSO01R_A|FIELD_LINEAGE|0d095ad04875a9db82a8c6062fc3703d3296558fc88db157a4ad79a6317e27a5,0.1,0.9,52.40300584732972,0.00968346157319353,0.0,0,5120,FROZEN_K10_NEIGHBOURS_PLUS_FROZEN_K10_MATCHED_RANDOM_EDGES,PERSISTENT_OPERATIONAL_NEAR_COLLISION_EVIDENCE,EVALUABLE,EXPLORATORY_CONSUMED_DIAGNOSTIC_ONLY
U0_MS,density_rate,LINEAGE,HMSO01R_A|FIELD_LINEAGE|0d9a0fc9b5f4f20cb32cc24ac6db7a1e45276ec79661381e7e476b453759d6b0,0.1,0.9,52.40300584732972,0.00968346157319353,0.0,0,2560,FROZEN_K10_NEIGHBOURS_PLUS_FROZEN_K10_MATCHED_RANDOM_EDGES,PERSISTENT_OPERATIONAL_NEAR_COLLISION_EVIDENCE,EVALUABLE,EXPLORATORY_CONSUMED_DIAGNOSTIC_ONLY
U0_MS,density_rate,LINEAGE,HMSO01R_A|FIELD_LINEAGE|0da6210822c1316c7a077be78ae0c871024433732125f17a7f978f92e0d637e1,0.1,0.9,52.40300584732972,0.00968346157319353,0.0,0,2560,FROZEN_K10_NEIGHBOURS_PLUS_FROZEN_K10_MATCHED_RANDOM_EDGES,PERSISTENT_OPERATIONAL_NEAR_COLLISION_EVIDENCE,EVALUABLE,EXPLORATORY_CONSUMED_DIAGNOSTIC_ONLY
U0_MS,density_rate,LINEAGE,HMSO01R_A|FIELD_LINEAGE|0ddf6cdd096735cc15f4456489e1d58f77aa80618dad5da96cca18e59be60b9c,0.1,0.9,52.40300584732972,0.00968346157319353,0.0,0,2560,FROZEN_K10_NEIGHBOURS_PLUS_FROZEN_K10_MATCHED_RANDOM_EDGES,PERSISTENT_OPERATIONAL_NEAR_COLLISION_EVIDENCE,EVALUABLE,EXPLORATORY_CONSUMED_DIAGNOSTIC_ONLY
U0_MS,density_rate,LINEAGE,HMSO01R_A|FIELD_LINEAGE|0e65acebdbaa92caa4bcb30c2a0feac4a5469aac1dd76780539181916f956f58,0.1,0.9,52.40300584732972,0.00968346157319353,0.0,0,2560,FROZEN_K10_NEIGHBOURS_PLUS_FROZEN_K10_MATCHED_RANDOM_EDGES,PERSISTENT_OPERATIONAL_NEAR_COLLISION_EVIDENCE,EVALUABLE,EXPLORATORY_CONSUMED_DIAGNOSTIC_ONLY
U0_MS,density_rate,LINEAGE,HMSO01R_A|FIELD_LINEAGE|0e85d8db167a222553e045c2d06d7055fe817db60fe9573c8fc78f52ed1f8615,0.1,0.9,52.40300584732972,0.00968346157319353,0.0,0,2560,FROZEN_K10_NEIGHBOURS_PLUS_FROZEN_K10_MATCHED_RANDOM_EDGES,PERSISTENT_OPERATIONAL_NEAR_COLLISION_EVIDENCE,EVALUABLE,EXPLORATORY_CONSUMED_DIAGNOSTIC_ONLY
U0_MS,density_rate,LINEAGE,HMSO01R_A|FIELD_LINEAGE|0f0f1b8e6d3d2de7f2739e4c27aed7f4a0fa84df148b19d95d7dbbf8ec12bea3,0.1,0.9,52.40300584732972,0.00968346157319353,0.0,0,2560,FROZEN_K10_NEIGHBOURS_PLUS_FROZEN_K10_MATCHED_RANDOM_EDGES,PERSISTENT_OPERATIONAL_NEAR_COLLISION_EVIDENCE,EVALUABLE,EXPLORATORY_CONSUMED_DIAGNOSTIC_ONLY
U0_MS,density_rate,LINEAGE,HMSO01R_A|FIELD_LINEAGE|0f49beb059c8327e240fa524ede4b5d0ddc16e0eb915fce826282146040c0e20,0.1,0.9,52.40300584732972,0.00968346157319353,0.0,0,5120,FROZEN_K10_NEIGHBOURS_PLUS_FROZEN_K10_MATCHED_RANDOM_EDGES,PERSISTENT_OPERATIONAL_NEAR_COLLISION_EVIDENCE,EVALUABLE,EXPLORATORY_CONSUMED_DIAGNOSTIC_ONLY
U0_MS,density_rate,LINEAGE,HMSO01R_A|FIELD_LINEAGE|0fdda9072ffc8d97ff7e0441813be2217cbf8a41c67bef8c56cb65c5e8c889e5,0.1,0.9,52.40300584732972,0.00968346157319353,0.0,0,2560,FROZEN_K10_NEIGHBOURS_PLUS_FROZEN_K10_MATCHED_RANDOM_EDGES,PERSISTENT_OPERATIONAL_NEAR_COLLISION_EVIDENCE,EVALUABLE,EXPLORATORY_CONSUMED_DIAGNOSTIC_ONLY
U0_MS,density_rate,LINEAGE,HMSO01R_A|FIELD_LINEAGE|1014832cdbdd8f9e416c91cfffc398c0221e1acf20617efe558f4efd66f3578a,0.1,0.9,52.40300584732972,0.00968346157319353,0.0,0,2560,FROZEN_K10_NEIGHBOURS_PLUS_FROZEN_K10_MATCHED_RANDOM_EDGES,PERSISTENT_OPERATIONAL_NEAR_COLLISION_EVIDENCE,EVALUABLE,EXPLORATORY_CONSUMED_DIAGNOSTIC_ONLY
U0_MS,density_rate,LINEAGE,HMSO01R_A|FIELD_LINEAGE|101e8ab2bfdfa561a79b7bef11d98c5487b65f400bdd7d35b17d61b9746e280e,0.1,0.9,52.40300584732972,0.00968346157319353,0.0,0,2560,FROZEN_K10_NEIGHBOURS_PLUS_FROZEN_K10_MATCHED_RANDOM_EDGES,PERSISTENT_OPERATIONAL_NEAR_COLLISION_EVIDENCE,EVALUABLE,EXPLORATORY_CONSUMED_DIAGNOSTIC_ONLY
U0_MS,density_rate,LINEAGE,HMSO01R_A|FIELD_LINEAGE|10ec2dec79c0538398e95e49cd33ade9183e905d4ea4b212dcd4e7ec34fc5546,0.1,0.9,52.40300584732972,0.00968346157319353,0.0,0,2560,FROZEN_K10_NEIGHBOURS_PLUS_FROZEN_K10_MATCHED_RANDOM_EDGES,PERSISTENT_OPERATIONAL_NEAR_COLLISION_EVIDENCE,EVALUABLE,EXPLORATORY_CONSUMED_DIAGNOSTIC_ONLY
U0_MS,density_rate,LINEAGE,HMSO01R_A|FIELD_LINEAGE|11fde86949c379fe2021d6c74cae47b21d76fdf394512bb275cf864fa8a207c8,0.1,0.9,52.40300584732972,0.00968346157319353,0.0,0,2560,FROZEN_K10_NEIGHBOURS_PLUS_FROZEN_K10_MATCHED_RANDOM_EDGES,PERSISTENT_OPERATIONAL_NEAR_COLLISION_EVIDENCE,EVALUABLE,EXPLORATORY_CONSUMED_DIAGNOSTIC_ONLY
U0_MS,density_rate,LINEAGE,HMSO01R_A|FIELD_LINEAGE|14fde0d6f8e15a741b90398f93d73484586c3eb3479f620760208e87c5b3db6c,0.1,0.9,52.40300584732972,0.00968346157319353,0.0,0,2560,FROZEN_K10_NEIGHBOURS_PLUS_FROZEN_K10_MATCHED_RANDOM_EDGES,PERSISTENT_OPERATIONAL_NEAR_COLLISION_EVIDENCE,EVALUABLE,EXPLORATORY_CONSUMED_DIAGNOSTIC_ONLY
U0_MS,density_rate,LINEAGE,HMSO01R_A|FIELD_LINEAGE|15651b29629c1bcfb68ed12ef597d6352232a9bc607eac6bb7e574563cec2b00,0.1,0.9,52.40300584732972,0.00968346157319353,0.0,0,5120,FROZEN_K10_NEIGHBOURS_PLUS_FROZEN_K10_MATCHED_RANDOM_EDGES,PERSISTENT_OPERATIONAL_NEAR_COLLISION_EVIDENCE,EVALUABLE,EXPLORATORY_CONSUMED_DIAGNOSTIC_ONLY
U0_MS,density_rate,LINEAGE,HMSO01R_A|FIELD_LINEAGE|16eb11153f438a544fbde5e29c9d4f0fc922c6cc49338ba6f7c68206ac580c7f,0.1,0.9,52.40300584732972,0.00968346157319353,0.0,0,2560,FROZEN_K10_NEIGHBOURS_PLUS_FROZEN_K10_MATCHED_RANDOM_EDGES,PERSISTENT_OPERATIONAL_NEAR_COLLISION_EVIDENCE,EVALUABLE,EXPLORATORY_CONSUMED_DIAGNOSTIC_ONLY
U0_MS,density_rate,LINEAGE,HMSO01R_A|FIELD_LINEAGE|17af857dc7e075f66db0acfe5114e05e0f490cc5340cc9cfe073ae813844b776,0.1,0.9,52.40300584732972,0.00968346157319353,0.0,0,2560,FROZEN_K10_NEIGHBOURS_PLUS_FROZEN_K10_MATCHED_RANDOM_EDGES,PERSISTENT_OPERATIONAL_NEAR_COLLISION_EVIDENCE,EVALUABLE,EXPLORATORY_CONSUMED_DIAGNOSTIC_ONLY
U0_MS,density_rate,LINEAGE,HMSO01R_A|FIELD_LINEAGE|191e9f46778b3758f1f78fde4f9e2a46913f5a82ffc9889aaa9e18e41d67ee0e,0.1,0.9,52.40300584732972,0.00968346157319353,0.0,0,2560,FROZEN_K10_NEIGHBOURS_PLUS_FROZEN_K10_MATCHED_RANDOM_EDGES,PERSISTENT_OPERATIONAL_NEAR_COLLISION_EVIDENCE,EVALUABLE,EXPLORATORY_CONSUMED_DIAGNOSTIC_ONLY
U0_MS,density_rate,LINEAGE,HMSO01R_A|FIELD_LINEAGE|197d7ec024c0036b09ad028c746809cfe1ed712ccbb40eead96390c6dfdd817b,0.1,0.9,52.40300584732972,0.00968346157319353,0.0,0,30720,FROZEN_K10_NEIGHBOURS_PLUS_FROZEN_K10_MATCHED_RANDOM_EDGES,PERSISTENT_OPERATIONAL_NEAR_COLLISION_EVIDENCE,EVALUABLE,EXPLORATORY_CONSUMED_DIAGNOSTIC_ONLY
U0_MS,density_rate,LINEAGE,HMSO01R_A|FIELD_LINEAGE|197ff926eb3d0f9ff98b06347687987d9933c0c4a0832b79258c496c53405132,0.1,0.9,52.40300584732972,0.00968346157319353,0.0,0,2560,FROZEN_K10_NEIGHBOURS_PLUS_FROZEN_K10_MATCHED_RANDOM_EDGES,PERSISTENT_OPERATIONAL_NEAR_COLLISION_EVIDENCE,EVALUABLE,EXPLORATORY_CONSUMED_DIAGNOSTIC_ONLY
U0_MS,density_rate,LINEAGE,HMSO01R_A|FIELD_LINEAGE|19bc9c15d585b69ea5a604b39577d278e2c7b171a2d899f0352dc2850b1dc0cb,0.1,0.9,52.40300584732972,0.00968346157319353,0.0,0,2560,FROZEN_K10_NEIGHBOURS_PLUS_FROZEN_K10_MATCHED_RANDOM_EDGES,PERSISTENT_OPERATIONAL_NEAR_COLLISION_EVIDENCE,EVALUABLE,EXPLORATORY_CONSUMED_DIAGNOSTIC_ONLY
U0_MS,density_rate,LINEAGE,HMSO01R_A|FIELD_LINEAGE|1a444bf8e4f5678b58a9ba1debf6e16323abf2899e40040f0bbc7e1608156e14,0.1,0.9,52.40300584732972,0.00968346157319353,0.0,0,2560,FROZEN_K10_NEIGHBOURS_PLUS_FROZEN_K10_MATCHED_RANDOM_EDGES,PERSISTENT_OPERATIONAL_NEAR_COLLISION_EVIDENCE,EVALUABLE,EXPLORATORY_CONSUMED_DIAGNOSTIC_ONLY
U0_MS,density_rate,LINEAGE,HMSO01R_A|FIELD_LINEAGE|1b6f0cb3de33bc6abdb0882404222836bd00a9ad3c6fe2c95af35a87f0fa1200,0.1,0.9,52.40300584732972,0.00968346157319353,0.0,0,2560,FROZEN_K10_NEIGHBOURS_PLUS_FROZEN_K10_MATCHED_RANDOM_EDGES,PERSISTENT_OPERATIONAL_NEAR_COLLISION_EVIDENCE,EVALUABLE,EXPLORATORY_CONSUMED_DIAGNOSTIC_ONLY
U0_MS,density_rate,LINEAGE,HMSO01R_A|FIELD_LINEAGE|1d03c9c9f560219b53c739310adfe296cf8afec50561d01ce15be76ae73c1479,0.1,0.9,52.40300584732972,0.00968346157319353,0.0,0,2560,FROZEN_K10_NEIGHBOURS_PLUS_FROZEN_K10_MATCHED_RANDOM_EDGES,PERSISTENT_OPERATIONAL_NEAR_COLLISION_EVIDENCE,EVALUABLE,EXPLORATORY_CONSUMED_DIAGNOSTIC_ONLY
U0_MS,density_rate,LINEAGE,HMSO01R_A|FIELD_LINEAGE|1e499d17b9c103b93706f70e5fa2f7497086b8d1dab61b6d4e57ae6874e328ff,0.1,0.9,52.40300584732972,0.00968346157319353,0.0,0,2560,FROZEN_K10_NEIGHBOURS_PLUS_FROZEN_K10_MATCHED_RANDOM_EDGES,PERSISTENT_OPERATIONAL_NEAR_COLLISION_EVIDENCE,EVALUABLE,EXPLORATORY_CONSUMED_DIAGNOSTIC_ONLY
U0_MS,density_rate,LINEAGE,HMSO01R_A|FIELD_LINEAGE|20bbc33e3ce141e2f7eb99de3d0702689581411faf36ef6782c9dd4ff7bd0899,0.1,0.9,52.40300584732972,0.00968346157319353,0.0,0,2560,FROZEN_K10_NEIGHBOURS_PLUS_FROZEN_K10_MATCHED_RANDOM_EDGES,PERSISTENT_OPERATIONAL_NEAR_COLLISION_EVIDENCE,EVALUABLE,EXPLORATORY_CONSUMED_DIAGNOSTIC_ONLY
U0_MS,density_rate,LINEAGE,HMSO01R_A|FIELD_LINEAGE|20fd9f4e76cc9e98a79b808be25ffb0cc4d95c0522637973fd5963586426d614,0.1,0.9,52.40300584732972,0.00968346157319353,0.0,0,2560,FROZEN_K10_NEIGHBOURS_PLUS_FROZEN_K10_MATCHED_RANDOM_EDGES,PERSISTENT_OPERATIONAL_NEAR_COLLISION_EVIDENCE,EVALUABLE,EXPLORATORY_CONSUMED_DIAGNOSTIC_ONLY
U0_MS,density_rate,LINEAGE,HMSO01R_A|FIELD_LINEAGE|21308456c1ed84c2854c7a093be1e48cf9af8d5768485e2a86892e0fd138af17,0.1,0.9,52.40300584732972,0.00968346157319353,0.0,0,2560,FROZEN_K10_NEIGHBOURS_PLUS_FROZEN_K10_MATCHED_RANDOM_EDGES,PERSISTENT_OPERATIONAL_NEAR_COLLISION_EVIDENCE,EVALUABLE,EXPLORATORY_CONSUMED_DIAGNOSTIC_ONLY
U0_MS,density_rate,LINEAGE,HMSO01R_A|FIELD_LINEAGE|21b79bdb11d90c0a9b01efce71ed9eec0d7fba61736210c4c1ab358a9c4e965a,0.1,0.9,52.40300584732972,0.00968346157319353,0.0,0,5120,FROZEN_K10_NEIGHBOURS_PLUS_FROZEN_K10_MATCHED_RANDOM_EDGES,PERSISTENT_OPERATIONAL_NEAR_COLLISION_EVIDENCE,EVALUABLE,EXPLORATORY_CONSUMED_DIAGNOSTIC_ONLY
U0_MS,density_rate,LINEAGE,HMSO01R_A|FIELD_LINEAGE|21dfb26365637485a590f4aa1b2a5297d551eab87745fb26abbdd41a0e1d8daa,0.1,0.9,52.40300584732972,0.00968346157319353,0.0,0,2560,FROZEN_K10_NEIGHBOURS_PLUS_FROZEN_K10_MATCHED_RANDOM_EDGES,PERSISTENT_OPERATIONAL_NEAR_COLLISION_EVIDENCE,EVALUABLE,EXPLORATORY_CONSUMED_DIAGNOSTIC_ONLY
U0_MS,density_rate,LINEAGE,HMSO01R_A|FIELD_LINEAGE|226b761343bde11d0f8531972b4efd2a54f34c441ce74b43268bfdfde41542ed,0.1,0.9,52.40300584732972,0.00968346157319353,0.0,0,2560,FROZEN_K10_NEIGHBOURS_PLUS_FROZEN_K10_MATCHED_RANDOM_EDGES,PERSISTENT_OPERATIONAL_NEAR_COLLISION_EVIDENCE,EVALUABLE,EXPLORATORY_CONSUMED_DIAGNOSTIC_ONLY
U0_MS,density_rate,LINEAGE,HMSO01R_A|FIELD_LINEAGE|292cdf1c570d6fb417a11eb6a7d4d830f9162a0bf0e09496e15edbaa84e1f3f4,0.1,0.9,52.40300584732972,0.00968346157319353,0.0,0,2560,FROZEN_K10_NEIGHBOURS_PLUS_FROZEN_K10_MATCHED_RANDOM_EDGES,PERSISTENT_OPERATIONAL_NEAR_COLLISION_EVIDENCE,EVALUABLE,EXPLORATORY_CONSUMED_DIAGNOSTIC_ONLY
U0_MS,density_rate,LINEAGE,HMSO01R_A|FIELD_LINEAGE|29dc93f9e64f8875b47eb06f84606bc0c4a0e9315877441085164bd7870ebc8e,0.1,0.9,52.40300584732972,0.00968346157319353,0.0,0,2560,FROZEN_K10_NEIGHBOURS_PLUS_FROZEN_K10_MATCHED_RANDOM_EDGES,PERSISTENT_OPERATIONAL_NEAR_COLLISION_EVIDENCE,EVALUABLE,EXPLORATORY_CONSUMED_DIAGNOSTIC_ONLY
U0_MS,density_rate,LINEAGE,HMSO01R_A|FIELD_LINEAGE|2bf67fa14447cc7892bedcae7ba79ef420cf3b1aa476bde75527a097c9a5c922,0.1,0.9,52.40300584732972,0.00968346157319353,0.0,0,5120,FROZEN_K10_NEIGHBOURS_PLUS_FROZEN_K10_MATCHED_RANDOM_EDGES,PERSISTENT_OPERATIONAL_NEAR_COLLISION_EVIDENCE,EVALUABLE,EXPLORATORY_CONSUMED_DIAGNOSTIC_ONLY
U0_MS,density_rate,LINEAGE,HMSO01R_A|FIELD_LINEAGE|2d885ab8e36e98def0f3a036fab45f57940afd290e12c42ece2cbbf2a0b7faed,0.1,0.9,52.40300584732972,0.00968346157319353,0.0,0,2560,FROZEN_K10_NEIGHBOURS_PLUS_FROZEN_K10_MATCHED_RANDOM_EDGES,PERSISTENT_OPERATIONAL_NEAR_COLLISION_EVIDENCE,EVALUABLE,EXPLORATORY_CONSUMED_DIAGNOSTIC_ONLY
U0_MS,density_rate,LINEAGE,HMSO01R_A|FIELD_LINEAGE|2e00a5aa730d3fe2629242ac9cb05445890c5ccd2cee3bc6b04bd3dcaa176cdc,0.1,0.9,52.40300584732972,0.00968346157319353,0.0,0,2560,FROZEN_K10_NEIGHBOURS_PLUS_FROZEN_K10_MATCHED_RANDOM_EDGES,PERSISTENT_OPERATIONAL_NEAR_COLLISION_EVIDENCE,EVALUABLE,EXPLORATORY_CONSUMED_DIAGNOSTIC_ONLY
U0_MS,density_rate,LINEAGE,HMSO01R_A|FIELD_LINEAGE|3264ae7008b91adb6f4b677f3ecc13cbe5ab1143b7f33ef501525d095e0b618c,0.1,0.9,52.40300584732972,0.00968346157319353,0.0,0,30720,FROZEN_K10_NEIGHBOURS_PLUS_FROZEN_K10_MATCHED_RANDOM_EDGES,PERSISTENT_OPERATIONAL_NEAR_COLLISION_EVIDENCE,EVALUABLE,EXPLORATORY_CONSUMED_DIAGNOSTIC_ONLY
U0_MS,density_rate,LINEAGE,HMSO01R_A|FIELD_LINEAGE|3283083498700d830b6f9393659c16097acacaf984f6c43b70c65438a233286d,0.1,0.9,52.40300584732972,0.00968346157319353,0.0,0,5120,FROZEN_K10_NEIGHBOURS_PLUS_FROZEN_K10_MATCHED_RANDOM_EDGES,PERSISTENT_OPERATIONAL_NEAR_COLLISION_EVIDENCE,EVALUABLE,EXPLORATORY_CONSUMED_DIAGNOSTIC_ONLY
U0_MS,density_rate,LINEAGE,HMSO01R_A|FIELD_LINEAGE|34168bb92814c253cb6b05f8022442aa6cab311b67f648a00b758da530873bc9,0.1,0.9,52.40300584732972,0.00968346157319353,0.0,0,2560,FROZEN_K10_NEIGHBOURS_PLUS_FROZEN_K10_MATCHED_RANDOM_EDGES,PERSISTENT_OPERATIONAL_NEAR_COLLISION_EVIDENCE,EVALUABLE,EXPLORATORY_CONSUMED_DIAGNOSTIC_ONLY
U0_MS,density_rate,LINEAGE,HMSO01R_A|FIELD_LINEAGE|34a4e80876c1805c1767ae4dec4e60fe92b927519de4d3f4fc98d8e491efa006,0.1,0.9,52.40300584732972,0.00968346157319353,0.0,0,2560,FROZEN_K10_NEIGHBOURS_PLUS_FROZEN_K10_MATCHED_RANDOM_EDGES,PERSISTENT_OPERATIONAL_NEAR_COLLISION_EVIDENCE,EVALUABLE,EXPLORATORY_CONSUMED_DIAGNOSTIC_ONLY
U0_MS,density_rate,LINEAGE,HMSO01R_A|FIELD_LINEAGE|367777ab46eb41f1d6390744a91dc4aea35bac8f23f02a2f5c6dee473916edbd,0.1,0.9,52.40300584732972,0.00968346157319353,0.0,0,2560,FROZEN_K10_NEIGHBOURS_PLUS_FROZEN_K10_MATCHED_RANDOM_EDGES,PERSISTENT_OPERATIONAL_NEAR_COLLISION_EVIDENCE,EVALUABLE,EXPLORATORY_CONSUMED_DIAGNOSTIC_ONLY
U0_MS,density_rate,LINEAGE,HMSO01R_A|FIELD_LINEAGE|381d8f63546be0384f86ba8b518abcf8c4d107fec707374fb03828151e0b75af,0.1,0.9,52.40300584732972,0.00968346157319353,0.0,0,2560,FROZEN_K10_NEIGHBOURS_PLUS_FROZEN_K10_MATCHED_RANDOM_EDGES,PERSISTENT_OPERATIONAL_NEAR_COLLISION_EVIDENCE,EVALUABLE,EXPLORATORY_CONSUMED_DIAGNOSTIC_ONLY
U0_MS,density_rate,LINEAGE,HMSO01R_A|FIELD_LINEAGE|38ed780ae9e2ceb725d12dc596e69f348d116c6ab5da75f5bae97744169a86db,0.1,0.9,52.40300584732972,0.00968346157319353,0.0,0,2560,FROZEN_K10_NEIGHBOURS_PLUS_FROZEN_K10_MATCHED_RANDOM_EDGES,PERSISTENT_OPERATIONAL_NEAR_COLLISION_EVIDENCE,EVALUABLE,EXPLORATORY_CONSUMED_DIAGNOSTIC_ONLY
U0_MS,density_rate,LINEAGE,HMSO01R_A|FIELD_LINEAGE|39a5eaeb1afddf9af00bec82f67fdf5414fc1d1e11076c2f86704fda2809ab87,0.1,0.9,52.40300584732972,0.00968346157319353,0.0,0,5120,FROZEN_K10_NEIGHBOURS_PLUS_FROZEN_K10_MATCHED_RANDOM_EDGES,PERSISTENT_OPERATIONAL_NEAR_COLLISION_EVIDENCE,EVALUABLE,EXPLORATORY_CONSUMED_DIAGNOSTIC_ONLY
U0_MS,density_rate,LINEAGE,HMSO01R_A|FIELD_LINEAGE|3c7ea9b77bf044ea3d9c6d199831fc605b20c1d7b4a9ad213eb80b5cab2c0296,0.1,0.9,52.40300584732972,0.00968346157319353,0.0,0,2560,FROZEN_K10_NEIGHBOURS_PLUS_FROZEN_K10_MATCHED_RANDOM_EDGES,PERSISTENT_OPERATIONAL_NEAR_COLLISION_EVIDENCE,EVALUABLE,EXPLORATORY_CONSUMED_DIAGNOSTIC_ONLY
U0_MS,density_rate,LINEAGE,HMSO01R_A|FIELD_LINEAGE|3d33238d426baab3f4ff1c525309d0c0b825fb99fca42c8d1a5482ea92f2f1a6,0.1,0.9,52.40300584732972,0.00968346157319353,0.0,0,5120,FROZEN_K10_NEIGHBOURS_PLUS_FROZEN_K10_MATCHED_RANDOM_EDGES,PERSISTENT_OPERATIONAL_NEAR_COLLISION_EVIDENCE,EVALUABLE,EXPLORATORY_CONSUMED_DIAGNOSTIC_ONLY
U0_MS,density_rate,LINEAGE,HMSO01R_A|FIELD_LINEAGE|3e17b326e03465aac98a6b656cd3125c19ada3cc77d6223ebd6e30804155ff56,0.1,0.9,52.40300584732972,0.00968346157319353,0.0,0,2560,FROZEN_K10_NEIGHBOURS_PLUS_FROZEN_K10_MATCHED_RANDOM_EDGES,PERSISTENT_OPERATIONAL_NEAR_COLLISION_EVIDENCE,EVALUABLE,EXPLORATORY_CONSUMED_DIAGNOSTIC_ONLY
U0_MS,density_rate,LINEAGE,HMSO01R_A|FIELD_LINEAGE|3e594f148c4f0181faaf58cc7906a2e9e8709c7be31e59cdc8bdd6b6b7c398a2,0.1,0.9,52.40300584732972,0.00968346157319353,0.0,0,2560,FROZEN_K10_NEIGHBOURS_PLUS_FROZEN_K10_MATCHED_RANDOM_EDGES,PERSISTENT_OPERATIONAL_NEAR_COLLISION_EVIDENCE,EVALUABLE,EXPLORATORY_CONSUMED_DIAGNOSTIC_ONLY
U0_MS,density_rate,LINEAGE,HMSO01R_A|FIELD_LINEAGE|40ad278dca26109101acf56cf89434c2db030106327c552c8aaad7f18589b1fc,0.1,0.9,52.40300584732972,0.00968346157319353,0.0,0,2560,FROZEN_K10_NEIGHBOURS_PLUS_FROZEN_K10_MATCHED_RANDOM_EDGES,PERSISTENT_OPERATIONAL_NEAR_COLLISION_EVIDENCE,EVALUABLE,EXPLORATORY_CONSUMED_DIAGNOSTIC_ONLY
U0_MS,density_rate,LINEAGE,HMSO01R_A|FIELD_LINEAGE|41b714ff189f53f826864cf9fac2bed83a6e097351a7033fcea23d658bf21b54,0.1,0.9,52.40300584732972,0.00968346157319353,0.0,0,2560,FROZEN_K10_NEIGHBOURS_PLUS_FROZEN_K10_MATCHED_RANDOM_EDGES,PERSISTENT_OPERATIONAL_NEAR_COLLISION_EVIDENCE,EVALUABLE,EXPLORATORY_CONSUMED_DIAGNOSTIC_ONLY
U0_MS,density_rate,LINEAGE,HMSO01R_A|FIELD_LINEAGE|41ec221cb0eeb1bbfd7efc4d5d4cd642cd62a71a09fd5ce2fc9fff0cbe48931c,0.1,0.9,52.40300584732972,0.00968346157319353,0.0,0,2560,FROZEN_K10_NEIGHBOURS_PLUS_FROZEN_K10_MATCHED_RANDOM_EDGES,PERSISTENT_OPERATIONAL_NEAR_COLLISION_EVIDENCE,EVALUABLE,EXPLORATORY_CONSUMED_DIAGNOSTIC_ONLY
U0_MS,density_rate,LINEAGE,HMSO01R_A|FIELD_LINEAGE|429c6019f8749d53e4581b918e84a928af92c02c8bd8516136f7bea7e94cf671,0.1,0.9,52.40300584732972,0.00968346157319353,0.0,0,2560,FROZEN_K10_NEIGHBOURS_PLUS_FROZEN_K10_MATCHED_RANDOM_EDGES,PERSISTENT_OPERATIONAL_NEAR_COLLISION_EVIDENCE,EVALUABLE,EXPLORATORY_CONSUMED_DIAGNOSTIC_ONLY
U0_MS,density_rate,LINEAGE,HMSO01R_A|FIELD_LINEAGE|42e50ef40056d389a76817004688f104ee3861e2ea394e0b7ded0e04dbc7e54e,0.1,0.9,52.40300584732972,0.00968346157319353,0.0,0,5120,FROZEN_K10_NEIGHBOURS_PLUS_FROZEN_K10_MATCHED_RANDOM_EDGES,PERSISTENT_OPERATIONAL_NEAR_COLLISION_EVIDENCE,EVALUABLE,EXPLORATORY_CONSUMED_DIAGNOSTIC_ONLY
U0_MS,density_rate,LINEAGE,HMSO01R_A|FIELD_LINEAGE|43048a070f7e90a4b3daec507e653fb282b428f5e4cf309a72c949e8f5226bf3,0.1,0.9,52.40300584732972,0.00968346157319353,0.0,0,2560,FROZEN_K10_NEIGHBOURS_PLUS_FROZEN_K10_MATCHED_RANDOM_EDGES,PERSISTENT_OPERATIONAL_NEAR_COLLISION_EVIDENCE,EVALUABLE,EXPLORATORY_CONSUMED_DIAGNOSTIC_ONLY
U0_MS,density_rate,LINEAGE,HMSO01R_A|FIELD_LINEAGE|4389c621e60229f631c944081b4adc544d96927c12f624ff90ee3e85668f651e,0.1,0.9,52.40300584732972,0.00968346157319353,0.0,0,2560,FROZEN_K10_NEIGHBOURS_PLUS_FROZEN_K10_MATCHED_RANDOM_EDGES,PERSISTENT_OPERATIONAL_NEAR_COLLISION_EVIDENCE,EVALUABLE,EXPLORATORY_CONSUMED_DIAGNOSTIC_ONLY
U0_MS,density_rate,LINEAGE,HMSO01R_A|FIELD_LINEAGE|440a69e5e6d8a6266c3153ff4cc4273aafca8ec71c677d3f24cfa0db89cae65c,0.1,0.9,52.40300584732972,0.00968346157319353,0.0,0,2560,FROZEN_K10_NEIGHBOURS_PLUS_FROZEN_K10_MATCHED_RANDOM_EDGES,PERSISTENT_OPERATIONAL_NEAR_COLLISION_EVIDENCE,EVALUABLE,EXPLORATORY_CONSUMED_DIAGNOSTIC_ONLY
U0_MS,density_rate,LINEAGE,HMSO01R_A|FIELD_LINEAGE|4666d705aea26a6f22073d7a13f6e76c36824d125314c031a782f73ac5ba6779,0.1,0.9,52.40300584732972,0.00968346157319353,0.0,0,5120,FROZEN_K10_NEIGHBOURS_PLUS_FROZEN_K10_MATCHED_RANDOM_EDGES,PERSISTENT_OPERATIONAL_NEAR_COLLISION_EVIDENCE,EVALUABLE,EXPLORATORY_CONSUMED_DIAGNOSTIC_ONLY
U0_MS,density_rate,LINEAGE,HMSO01R_A|FIELD_LINEAGE|46ad1db2ba1a448aa8fcf8fea69b4b772861af80c9b661f505a8c591ffdfe68c,0.1,0.9,52.40300584732972,0.00968346157319353,0.0,0,2560,FROZEN_K10_NEIGHBOURS_PLUS_FROZEN_K10_MATCHED_RANDOM_EDGES,PERSISTENT_OPERATIONAL_NEAR_COLLISION_EVIDENCE,EVALUABLE,EXPLORATORY_CONSUMED_DIAGNOSTIC_ONLY
U0_MS,density_rate,LINEAGE,HMSO01R_A|FIELD_LINEAGE|4729596698ed7c65dd5f082aea4dac27cd26c6550de18eb2382e9ca6f186b90b,0.1,0.9,52.40300584732972,0.00968346157319353,0.0,0,2560,FROZEN_K10_NEIGHBOURS_PLUS_FROZEN_K10_MATCHED_RANDOM_EDGES,PERSISTENT_OPERATIONAL_NEAR_COLLISION_EVIDENCE,EVALUABLE,EXPLORATORY_CONSUMED_DIAGNOSTIC_ONLY
U0_MS,density_rate,LINEAGE,HMSO01R_A|FIELD_LINEAGE|475ead0c3c732d8046f08c0918482fe4219c4fa643d2e948ba96c0bc2f6d887d,0.1,0.9,52.40300584732972,0.00968346157319353,0.0,0,2560,FROZEN_K10_NEIGHBOURS_PLUS_FROZEN_K10_MATCHED_RANDOM_EDGES,PERSISTENT_OPERATIONAL_NEAR_COLLISION_EVIDENCE,EVALUABLE,EXPLORATORY_CONSUMED_DIAGNOSTIC_ONLY
U0_MS,density_rate,LINEAGE,HMSO01R_A|FIELD_LINEAGE|49aae8e0ac8e4584d3624cd5459480c917c8157571a4f7ac9660003550146055,0.1,0.9,52.40300584732972,0.00968346157319353,0.0,0,2560,FROZEN_K10_NEIGHBOURS_PLUS_FROZEN_K10_MATCHED_RANDOM_EDGES,PERSISTENT_OPERATIONAL_NEAR_COLLISION_EVIDENCE,EVALUABLE,EXPLORATORY_CONSUMED_DIAGNOSTIC_ONLY
U0_MS,density_rate,LINEAGE,HMSO01R_A|FIELD_LINEAGE|4a864b01d23e69fbf80902fd3a728f366c9eb285ead51eb5724dfe25ca232031,0.1,0.9,52.40300584732972,0.00968346157319353,0.0,0,2560,FROZEN_K10_NEIGHBOURS_PLUS_FROZEN_K10_MATCHED_RANDOM_EDGES,PERSISTENT_OPERATIONAL_NEAR_COLLISION_EVIDENCE,EVALUABLE,EXPLORATORY_CONSUMED_DIAGNOSTIC_ONLY
U0_MS,density_rate,LINEAGE,HMSO01R_A|FIELD_LINEAGE|4c3bbd0a7d56407cf1ccc6d516e10bc822949b03124ef92a27e554a97f6ed1b2,0.1,0.9,52.40300584732972,0.00968346157319353,0.0,0,2560,FROZEN_K10_NEIGHBOURS_PLUS_FROZEN_K10_MATCHED_RANDOM_EDGES,PERSISTENT_OPERATIONAL_NEAR_COLLISION_EVIDENCE,EVALUABLE,EXPLORATORY_CONSUMED_DIAGNOSTIC_ONLY
U0_MS,density_rate,LINEAGE,HMSO01R_A|FIELD_LINEAGE|4cf69c455bf1f50d880646e37d5ce58645992adb18a995a52fdf89583dcd2384,0.1,0.9,52.40300584732972,0.00968346157319353,0.0,0,2560,FROZEN_K10_NEIGHBOURS_PLUS_FROZEN_K10_MATCHED_RANDOM_EDGES,PERSISTENT_OPERATIONAL_NEAR_COLLISION_EVIDENCE,EVALUABLE,EXPLORATORY_CONSUMED_DIAGNOSTIC_ONLY
U0_MS,density_rate,LINEAGE,HMSO01R_A|FIELD_LINEAGE|51aa7e7dbbb5aa6496f5ed0b95d8e85438067333a238c5e41877a3cd9ace3175,0.1,0.9,52.40300584732972,0.00968346157319353,0.0,0,2560,FROZEN_K10_NEIGHBOURS_PLUS_FROZEN_K10_MATCHED_RANDOM_EDGES,PERSISTENT_OPERATIONAL_NEAR_COLLISION_EVIDENCE,EVALUABLE,EXPLORATORY_CONSUMED_DIAGNOSTIC_ONLY
U0_MS,density_rate,LINEAGE,HMSO01R_A|FIELD_LINEAGE|541d56dfe6d37f091e41084f899b04aeee2814cee915608e406b47dce85c3c8b,0.1,0.9,52.40300584732972,0.00968346157319353,0.0,0,5120,FROZEN_K10_NEIGHBOURS_PLUS_FROZEN_K10_MATCHED_RANDOM_EDGES,PERSISTENT_OPERATIONAL_NEAR_COLLISION_EVIDENCE,EVALUABLE,EXPLORATORY_CONSUMED_DIAGNOSTIC_ONLY
U0_MS,density_rate,LINEAGE,HMSO01R_A|FIELD_LINEAGE|55cdcba2ab757796978976644840d2bce6b96e998f32047a71aff1f289ed6480,0.1,0.9,52.40300584732972,0.00968346157319353,0.0,0,2560,FROZEN_K10_NEIGHBOURS_PLUS_FROZEN_K10_MATCHED_RANDOM_EDGES,PERSISTENT_OPERATIONAL_NEAR_COLLISION_EVIDENCE,EVALUABLE,EXPLORATORY_CONSUMED_DIAGNOSTIC_ONLY
U0_MS,density_rate,LINEAGE,HMSO01R_A|FIELD_LINEAGE|56571c9b6d895bc0e855ce89225a188e41167fe16fc1aed7e4e19ab1ddaef9cb,0.1,0.9,52.40300584732972,0.00968346157319353,0.0,0,2560,FROZEN_K10_NEIGHBOURS_PLUS_FROZEN_K10_MATCHED_RANDOM_EDGES,PERSISTENT_OPERATIONAL_NEAR_COLLISION_EVIDENCE,EVALUABLE,EXPLORATORY_CONSUMED_DIAGNOSTIC_ONLY
U0_MS,density_rate,LINEAGE,HMSO01R_A|FIELD_LINEAGE|5717c014ee19e2404587fa3546273faef8d6d97d2a31a4b9e01b24770e476426,0.1,0.9,52.40300584732972,0.00968346157319353,0.0,0,2560,FROZEN_K10_NEIGHBOURS_PLUS_FROZEN_K10_MATCHED_RANDOM_EDGES,PERSISTENT_OPERATIONAL_NEAR_COLLISION_EVIDENCE,EVALUABLE,EXPLORATORY_CONSUMED_DIAGNOSTIC_ONLY
U0_MS,density_rate,LINEAGE,HMSO01R_A|FIELD_LINEAGE|5788e5f098ee24a0bfe3ef48cb7ba08a0bdbab2c319fd19eedc3c9eb4ac76f03,0.1,0.9,52.40300584732972,0.00968346157319353,0.0,0,2560,FROZEN_K10_NEIGHBOURS_PLUS_FROZEN_K10_MATCHED_RANDOM_EDGES,PERSISTENT_OPERATIONAL_NEAR_COLLISION_EVIDENCE,EVALUABLE,EXPLORATORY_CONSUMED_DIAGNOSTIC_ONLY
U0_MS,density_rate,LINEAGE,HMSO01R_A|FIELD_LINEAGE|5851badadb2dbcb7aa9bd12e7e1999f87fd380febbee831ba86fec2a8906fa0a,0.1,0.9,52.40300584732972,0.00968346157319353,0.0,0,5120,FROZEN_K10_NEIGHBOURS_PLUS_FROZEN_K10_MATCHED_RANDOM_EDGES,PERSISTENT_OPERATIONAL_NEAR_COLLISION_EVIDENCE,EVALUABLE,EXPLORATORY_CONSUMED_DIAGNOSTIC_ONLY
U0_MS,density_rate,LINEAGE,HMSO01R_A|FIELD_LINEAGE|5915fb95e293a089619d78d1366edf95fa145cc69452df6337d9252e862b1502,0.1,0.9,52.40300584732972,0.00968346157319353,0.0,0,2560,FROZEN_K10_NEIGHBOURS_PLUS_FROZEN_K10_MATCHED_RANDOM_EDGES,PERSISTENT_OPERATIONAL_NEAR_COLLISION_EVIDENCE,EVALUABLE,EXPLORATORY_CONSUMED_DIAGNOSTIC_ONLY
U0_MS,density_rate,LINEAGE,HMSO01R_A|FIELD_LINEAGE|5932ef4f3ff2f79b2fa4005d45fb593b78f4308c6edd18917a8552256cdfcf19,0.1,0.9,52.40300584732972,0.00968346157319353,0.0,0,2560,FROZEN_K10_NEIGHBOURS_PLUS_FROZEN_K10_MATCHED_RANDOM_EDGES,PERSISTENT_OPERATIONAL_NEAR_COLLISION_EVIDENCE,EVALUABLE,EXPLORATORY_CONSUMED_DIAGNOSTIC_ONLY
U0_MS,density_rate,LINEAGE,HMSO01R_A|FIELD_LINEAGE|59aef3f6a7aa33f774612e58955e925638af1b151b9e6b2d7127236b21c1a5a6,0.1,0.9,52.40300584732972,0.00968346157319353,0.0,0,2560,FROZEN_K10_NEIGHBOURS_PLUS_FROZEN_K10_MATCHED_RANDOM_EDGES,PERSISTENT_OPERATIONAL_NEAR_COLLISION_EVIDENCE,EVALUABLE,EXPLORATORY_CONSUMED_DIAGNOSTIC_ONLY
U0_MS,density_rate,LINEAGE,HMSO01R_A|FIELD_LINEAGE|5a0dbac6ae904f5529ad460639c41b1b383ca8809b93f779bcc31cb0fd08d08b,0.1,0.9,52.40300584732972,0.00968346157319353,0.0,0,2560,FROZEN_K10_NEIGHBOURS_PLUS_FROZEN_K10_MATCHED_RANDOM_EDGES,PERSISTENT_OPERATIONAL_NEAR_COLLISION_EVIDENCE,EVALUABLE,EXPLORATORY_CONSUMED_DIAGNOSTIC_ONLY
U0_MS,density_rate,LINEAGE,HMSO01R_A|FIELD_LINEAGE|5c056a7425c54539d868f52b6ae68a4c578195d4f6b5cb7d636be4eab2c2df8c,0.1,0.9,52.40300584732972,0.00968346157319353,0.0,0,5120,FROZEN_K10_NEIGHBOURS_PLUS_FROZEN_K10_MATCHED_RANDOM_EDGES,PERSISTENT_OPERATIONAL_NEAR_COLLISION_EVIDENCE,EVALUABLE,EXPLORATORY_CONSUMED_DIAGNOSTIC_ONLY
U0_MS,density_rate,LINEAGE,HMSO01R_A|FIELD_LINEAGE|5c07d2280b8a6c46f1c42b9f7878f3f5c5e2174c9419aaf05f2bb6b52ab2f5f6,0.1,0.9,52.40300584732972,0.00968346157319353,0.0,0,5120,FROZEN_K10_NEIGHBOURS_PLUS_FROZEN_K10_MATCHED_RANDOM_EDGES,PERSISTENT_OPERATIONAL_NEAR_COLLISION_EVIDENCE,EVALUABLE,EXPLORATORY_CONSUMED_DIAGNOSTIC_ONLY
U0_MS,density_rate,LINEAGE,HMSO01R_A|FIELD_LINEAGE|5cf76bdd12cdf0612bba343b6cf1b9e46ef0764cc183560f7b16acacca9460f1,0.1,0.9,52.40300584732972,0.00968346157319353,0.0,0,2560,FROZEN_K10_NEIGHBOURS_PLUS_FROZEN_K10_MATCHED_RANDOM_EDGES,PERSISTENT_OPERATIONAL_NEAR_COLLISION_EVIDENCE,EVALUABLE,EXPLORATORY_CONSUMED_DIAGNOSTIC_ONLY
U0_MS,density_rate,LINEAGE,HMSO01R_A|FIELD_LINEAGE|5d84595c43a38b585d7953f18ac50da686f8debb482b1cca6058cffe84d274b6,0.1,0.9,52.40300584732972,0.00968346157319353,0.0,0,30720,FROZEN_K10_NEIGHBOURS_PLUS_FROZEN_K10_MATCHED_RANDOM_EDGES,PERSISTENT_OPERATIONAL_NEAR_COLLISION_EVIDENCE,EVALUABLE,EXPLORATORY_CONSUMED_DIAGNOSTIC_ONLY
U0_MS,density_rate,LINEAGE,HMSO01R_A|FIELD_LINEAGE|5e2623db68536d2f4bee911245429597fdaee9006859890dec92aeaff707fe09,0.1,0.9,52.40300584732972,0.00968346157319353,0.0,0,5120,FROZEN_K10_NEIGHBOURS_PLUS_FROZEN_K10_MATCHED_RANDOM_EDGES,PERSISTENT_OPERATIONAL_NEAR_COLLISION_EVIDENCE,EVALUABLE,EXPLORATORY_CONSUMED_DIAGNOSTIC_ONLY
U0_MS,density_rate,LINEAGE,HMSO01R_A|FIELD_LINEAGE|61b0a8ee57598b36eed2786a9e3e1cafd7d1e5cb7b5052c92f6d5c1826bc6619,0.1,0.9,52.40300584732972,0.00968346157319353,0.0,0,5120,FROZEN_K10_NEIGHBOURS_PLUS_FROZEN_K10_MATCHED_RANDOM_EDGES,PERSISTENT_OPERATIONAL_NEAR_COLLISION_EVIDENCE,EVALUABLE,EXPLORATORY_CONSUMED_DIAGNOSTIC_ONLY
U0_MS,density_rate,LINEAGE,HMSO01R_A|FIELD_LINEAGE|61d4f5ea89fdb94c7fd8a7150c89f5910fdf9e6c5a71383e850b5a750c8fcf55,0.1,0.9,52.40300584732972,0.00968346157319353,0.0,0,5120,FROZEN_K10_NEIGHBOURS_PLUS_FROZEN_K10_MATCHED_RANDOM_EDGES,PERSISTENT_OPERATIONAL_NEAR_COLLISION_EVIDENCE,EVALUABLE,EXPLORATORY_CONSUMED_DIAGNOSTIC_ONLY
U0_MS,density_rate,LINEAGE,HMSO01R_A|FIELD_LINEAGE|6260b45ec31956360cb50305f8ad9fa70be57f53fb24bc0523fc70aeb48f57ae,0.1,0.9,52.40300584732972,0.00968346157319353,0.0,0,2560,FROZEN_K10_NEIGHBOURS_PLUS_FROZEN_K10_MATCHED_RANDOM_EDGES,PERSISTENT_OPERATIONAL_NEAR_COLLISION_EVIDENCE,EVALUABLE,EXPLORATORY_CONSUMED_DIAGNOSTIC_ONLY
U0_MS,density_rate,LINEAGE,HMSO01R_A|FIELD_LINEAGE|6359faeb0765247f7e12d6c9e8bbc8898fa74fca5c76c863a6009dffddbcb32e,0.1,0.9,52.40300584732972,0.00968346157319353,0.0,0,30720,FROZEN_K10_NEIGHBOURS_PLUS_FROZEN_K10_MATCHED_RANDOM_EDGES,PERSISTENT_OPERATIONAL_NEAR_COLLISION_EVIDENCE,EVALUABLE,EXPLORATORY_CONSUMED_DIAGNOSTIC_ONLY
U0_MS,density_rate,LINEAGE,HMSO01R_A|FIELD_LINEAGE|64cf1977fe8b52c7e0fc1798d4810be4243b09c0886573ce42439c1eaf431667,0.1,0.9,52.40300584732972,0.00968346157319353,0.0,0,5120,FROZEN_K10_NEIGHBOURS_PLUS_FROZEN_K10_MATCHED_RANDOM_EDGES,PERSISTENT_OPERATIONAL_NEAR_COLLISION_EVIDENCE,EVALUABLE,EXPLORATORY_CONSUMED_DIAGNOSTIC_ONLY
U0_MS,density_rate,LINEAGE,HMSO01R_A|FIELD_LINEAGE|66e31e43c39c0807b2398e5067c9aaab318a50b596f04344988d8e71103f4693,0.1,0.9,52.40300584732972,0.00968346157319353,0.0,0,2560,FROZEN_K10_NEIGHBOURS_PLUS_FROZEN_K10_MATCHED_RANDOM_EDGES,PERSISTENT_OPERATIONAL_NEAR_COLLISION_EVIDENCE,EVALUABLE,EXPLORATORY_CONSUMED_DIAGNOSTIC_ONLY
U0_MS,density_rate,LINEAGE,HMSO01R_A|FIELD_LINEAGE|6918def6b8a6923e67fc2a25f9ee5a59a177f2b6c9bf8dfd922cd28ef3b4c287,0.1,0.9,52.40300584732972,0.00968346157319353,0.0,0,5120,FROZEN_K10_NEIGHBOURS_PLUS_FROZEN_K10_MATCHED_RANDOM_EDGES,PERSISTENT_OPERATIONAL_NEAR_COLLISION_EVIDENCE,EVALUABLE,EXPLORATORY_CONSUMED_DIAGNOSTIC_ONLY
U0_MS,density_rate,LINEAGE,HMSO01R_A|FIELD_LINEAGE|6aba5ce17b9c02240405669069c0b485de9d3ce1714e3e85b0411d61ec7beb5e,0.1,0.9,52.40300584732972,0.00968346157319353,0.0,0,2560,FROZEN_K10_NEIGHBOURS_PLUS_FROZEN_K10_MATCHED_RANDOM_EDGES,PERSISTENT_OPERATIONAL_NEAR_COLLISION_EVIDENCE,EVALUABLE,EXPLORATORY_CONSUMED_DIAGNOSTIC_ONLY
U0_MS,density_rate,LINEAGE,HMSO01R_A|FIELD_LINEAGE|6ad90de4847db7d34a3540ed573a050180b363be817d3503c19045b1a2f0ed3c,0.1,0.9,52.40300584732972,0.00968346157319353,0.0,0,5120,FROZEN_K10_NEIGHBOURS_PLUS_FROZEN_K10_MATCHED_RANDOM_EDGES,PERSISTENT_OPERATIONAL_NEAR_COLLISION_EVIDENCE,EVALUABLE,EXPLORATORY_CONSUMED_DIAGNOSTIC_ONLY
U0_MS,density_rate,LINEAGE,HMSO01R_A|FIELD_LINEAGE|6af5032f0b166e8e3ff27ce0b5fdfb49cda87c61afe66a4eb6eb807e625daf8a,0.1,0.9,52.40300584732972,0.00968346157319353,0.0,0,2560,FROZEN_K10_NEIGHBOURS_PLUS_FROZEN_K10_MATCHED_RANDOM_EDGES,PERSISTENT_OPERATIONAL_NEAR_COLLISION_EVIDENCE,EVALUABLE,EXPLORATORY_CONSUMED_DIAGNOSTIC_ONLY
U0_MS,density_rate,LINEAGE,HMSO01R_A|FIELD_LINEAGE|6d1fc2b84d6da564ae936d907e04365ad5b63a9377b77c1faa05d68a9fe06d3c,0.1,0.9,52.40300584732972,0.00968346157319353,0.0,0,2560,FROZEN_K10_NEIGHBOURS_PLUS_FROZEN_K10_MATCHED_RANDOM_EDGES,PERSISTENT_OPERATIONAL_NEAR_COLLISION_EVIDENCE,EVALUABLE,EXPLORATORY_CONSUMED_DIAGNOSTIC_ONLY
U0_MS,density_rate,LINEAGE,HMSO01R_A|FIELD_LINEAGE|6d4353b03da9874056ea6f087e4493dcb629a7b8bd4a1eabce0a6b1b20255b6c,0.1,0.9,52.40300584732972,0.00968346157319353,0.0,0,2560,FROZEN_K10_NEIGHBOURS_PLUS_FROZEN_K10_MATCHED_RANDOM_EDGES,PERSISTENT_OPERATIONAL_NEAR_COLLISION_EVIDENCE,EVALUABLE,EXPLORATORY_CONSUMED_DIAGNOSTIC_ONLY
U0_MS,density_rate,LINEAGE,HMSO01R_A|FIELD_LINEAGE|70dd50135b0ce37b393c6eae858eae2988f95a40a860753345e473ce01dd9d91,0.1,0.9,52.40300584732972,0.00968346157319353,0.0,0,2560,FROZEN_K10_NEIGHBOURS_PLUS_FROZEN_K10_MATCHED_RANDOM_EDGES,PERSISTENT_OPERATIONAL_NEAR_COLLISION_EVIDENCE,EVALUABLE,EXPLORATORY_CONSUMED_DIAGNOSTIC_ONLY
U0_MS,density_rate,LINEAGE,HMSO01R_A|FIELD_LINEAGE|724fd3a44cb8ec4985e45f721837e7f4eeea1666b35a166345e025918455e304,0.1,0.9,52.40300584732972,0.00968346157319353,0.0,0,2560,FROZEN_K10_NEIGHBOURS_PLUS_FROZEN_K10_MATCHED_RANDOM_EDGES,PERSISTENT_OPERATIONAL_NEAR_COLLISION_EVIDENCE,EVALUABLE,EXPLORATORY_CONSUMED_DIAGNOSTIC_ONLY
U0_MS,density_rate,LINEAGE,HMSO01R_A|FIELD_LINEAGE|72bbc35959df916eca72e8fb7e723c361c09592753187c3754f344aae218c230,0.1,0.9,52.40300584732972,0.00968346157319353,0.0,0,2560,FROZEN_K10_NEIGHBOURS_PLUS_FROZEN_K10_MATCHED_RANDOM_EDGES,PERSISTENT_OPERATIONAL_NEAR_COLLISION_EVIDENCE,EVALUABLE,EXPLORATORY_CONSUMED_DIAGNOSTIC_ONLY
U0_MS,density_rate,LINEAGE,HMSO01R_A|FIELD_LINEAGE|73f5ee97e40c47c1aa5579bcf72cf190dfaf3aad2886cc887f3295530388016c,0.1,0.9,52.40300584732972,0.00968346157319353,0.0,0,2560,FROZEN_K10_NEIGHBOURS_PLUS_FROZEN_K10_MATCHED_RANDOM_EDGES,PERSISTENT_OPERATIONAL_NEAR_COLLISION_EVIDENCE,EVALUABLE,EXPLORATORY_CONSUMED_DIAGNOSTIC_ONLY
U0_MS,density_rate,LINEAGE,HMSO01R_A|FIELD_LINEAGE|75819144781d043ebbeb8c2d3fbfa9139c47542df53315ab71a80a7addb49109,0.1,0.9,52.40300584732972,0.00968346157319353,0.0,0,2560,FROZEN_K10_NEIGHBOURS_PLUS_FROZEN_K10_MATCHED_RANDOM_EDGES,PERSISTENT_OPERATIONAL_NEAR_COLLISION_EVIDENCE,EVALUABLE,EXPLORATORY_CONSUMED_DIAGNOSTIC_ONLY
U0_MS,density_rate,LINEAGE,HMSO01R_A|FIELD_LINEAGE|7583af7a3fd0bfbef70db28fd30d8a1112bd000451f8c0ebdcd0eabb3acf22a1,0.1,0.9,52.40300584732972,0.00968346157319353,0.0,0,2560,FROZEN_K10_NEIGHBOURS_PLUS_FROZEN_K10_MATCHED_RANDOM_EDGES,PERSISTENT_OPERATIONAL_NEAR_COLLISION_EVIDENCE,EVALUABLE,EXPLORATORY_CONSUMED_DIAGNOSTIC_ONLY
U0_MS,density_rate,LINEAGE,HMSO01R_A|FIELD_LINEAGE|788bb18808dd1be8d0fa3d7caafb9ed17441fce457a419d2bbaf861831d83a81,0.1,0.9,52.40300584732972,0.00968346157319353,0.0,0,2560,FROZEN_K10_NEIGHBOURS_PLUS_FROZEN_K10_MATCHED_RANDOM_EDGES,PERSISTENT_OPERATIONAL_NEAR_COLLISION_EVIDENCE,EVALUABLE,EXPLORATORY_CONSUMED_DIAGNOSTIC_ONLY
U0_MS,density_rate,LINEAGE,HMSO01R_A|FIELD_LINEAGE|7a0ba19f2cf324db5922acc61291c51f82b574717f73f269f12eae7bcc99ab35,0.1,0.9,52.40300584732972,0.00968346157319353,0.0,0,2560,FROZEN_K10_NEIGHBOURS_PLUS_FROZEN_K10_MATCHED_RANDOM_EDGES,PERSISTENT_OPERATIONAL_NEAR_COLLISION_EVIDENCE,EVALUABLE,EXPLORATORY_CONSUMED_DIAGNOSTIC_ONLY
U0_MS,density_rate,LINEAGE,HMSO01R_A|FIELD_LINEAGE|7a40ff07646995058d8981271562dfa4f2cc77b96f79dba59c7ae90f96586134,0.1,0.9,52.40300584732972,0.00968346157319353,0.0,0,30720,FROZEN_K10_NEIGHBOURS_PLUS_FROZEN_K10_MATCHED_RANDOM_EDGES,PERSISTENT_OPERATIONAL_NEAR_COLLISION_EVIDENCE,EVALUABLE,EXPLORATORY_CONSUMED_DIAGNOSTIC_ONLY
U0_MS,density_rate,LINEAGE,HMSO01R_A|FIELD_LINEAGE|7a536ab09e10cdf42c9afdd1f0f02ad4a5141ab50a8f50eb0b247ee08a4c67c0,0.1,0.9,52.40300584732972,0.00968346157319353,0.0,0,2560,FROZEN_K10_NEIGHBOURS_PLUS_FROZEN_K10_MATCHED_RANDOM_EDGES,PERSISTENT_OPERATIONAL_NEAR_COLLISION_EVIDENCE,EVALUABLE,EXPLORATORY_CONSUMED_DIAGNOSTIC_ONLY
U0_MS,density_rate,LINEAGE,HMSO01R_A|FIELD_LINEAGE|7b060c06cca73ad49fc21e32e1688bcbe34e5745a78029b452cbacf697a204be,0.1,0.9,52.40300584732972,0.00968346157319353,0.0,0,2560,FROZEN_K10_NEIGHBOURS_PLUS_FROZEN_K10_MATCHED_RANDOM_EDGES,PERSISTENT_OPERATIONAL_NEAR_COLLISION_EVIDENCE,EVALUABLE,EXPLORATORY_CONSUMED_DIAGNOSTIC_ONLY
U0_MS,density_rate,LINEAGE,HMSO01R_A|FIELD_LINEAGE|7be8c21ecd7eaebf293b54b94f1920e19f00da5d0e416aaa8f7c69137970c399,0.1,0.9,52.40300584732972,0.00968346157319353,0.0,0,2560,FROZEN_K10_NEIGHBOURS_PLUS_FROZEN_K10_MATCHED_RANDOM_EDGES,PERSISTENT_OPERATIONAL_NEAR_COLLISION_EVIDENCE,EVALUABLE,EXPLORATORY_CONSUMED_DIAGNOSTIC_ONLY
U0_MS,density_rate,LINEAGE,HMSO01R_A|FIELD_LINEAGE|7c009b8ab0dfadca9095462a890aab36eac46b48a3c131f7a908a8d37a21f707,0.1,0.9,52.40300584732972,0.00968346157319353,0.0,0,2560,FROZEN_K10_NEIGHBOURS_PLUS_FROZEN_K10_MATCHED_RANDOM_EDGES,PERSISTENT_OPERATIONAL_NEAR_COLLISION_EVIDENCE,EVALUABLE,EXPLORATORY_CONSUMED_DIAGNOSTIC_ONLY
U0_MS,density_rate,LINEAGE,HMSO01R_A|FIELD_LINEAGE|7cb12f064a9c8069fd15f2a86fa0ddd017328ca5cc4b0fc515bbfbdd4c6e6858,0.1,0.9,52.40300584732972,0.00968346157319353,0.0,0,5120,FROZEN_K10_NEIGHBOURS_PLUS_FROZEN_K10_MATCHED_RANDOM_EDGES,PERSISTENT_OPERATIONAL_NEAR_COLLISION_EVIDENCE,EVALUABLE,EXPLORATORY_CONSUMED_DIAGNOSTIC_ONLY
U0_MS,density_rate,LINEAGE,HMSO01R_A|FIELD_LINEAGE|7f5e5896e83ee81bc858adc8fff5befe2b2c76e1183ff21435261a6621560b2c,0.1,0.9,52.40300584732972,0.00968346157319353,0.0,0,5120,FROZEN_K10_NEIGHBOURS_PLUS_FROZEN_K10_MATCHED_RANDOM_EDGES,PERSISTENT_OPERATIONAL_NEAR_COLLISION_EVIDENCE,EVALUABLE,EXPLORATORY_CONSUMED_DIAGNOSTIC_ONLY
U0_MS,density_rate,LINEAGE,HMSO01R_A|FIELD_LINEAGE|7fcdfe3b32b571e4d4b1a4e7c1702d5dffaf41926d62628c6a434d692409d901,0.1,0.9,52.40300584732972,0.00968346157319353,0.0,0,2560,FROZEN_K10_NEIGHBOURS_PLUS_FROZEN_K10_MATCHED_RANDOM_EDGES,PERSISTENT_OPERATIONAL_NEAR_COLLISION_EVIDENCE,EVALUABLE,EXPLORATORY_CONSUMED_DIAGNOSTIC_ONLY
U0_MS,density_rate,LINEAGE,HMSO01R_A|FIELD_LINEAGE|7fd6bba4cc2991027e04cc510555a1b3e651423143c79ecd367c197fbfdf8786,0.1,0.9,52.40300584732972,0.00968346157319353,0.0,0,2560,FROZEN_K10_NEIGHBOURS_PLUS_FROZEN_K10_MATCHED_RANDOM_EDGES,PERSISTENT_OPERATIONAL_NEAR_COLLISION_EVIDENCE,EVALUABLE,EXPLORATORY_CONSUMED_DIAGNOSTIC_ONLY
U0_MS,density_rate,LINEAGE,HMSO01R_A|FIELD_LINEAGE|7fd9257249644666dfcbc65ef0f9aa8090d87f1c93f77579cc137a1fc016a884,0.1,0.9,52.40300584732972,0.00968346157319353,0.0,0,5120,FROZEN_K10_NEIGHBOURS_PLUS_FROZEN_K10_MATCHED_RANDOM_EDGES,PERSISTENT_OPERATIONAL_NEAR_COLLISION_EVIDENCE,EVALUABLE,EXPLORATORY_CONSUMED_DIAGNOSTIC_ONLY
U0_MS,density_rate,LINEAGE,HMSO01R_A|FIELD_LINEAGE|81c7292472bf739bf28836ff17c69dda49199278b75cd9c66130df6be7c143fb,0.1,0.9,52.40300584732972,0.00968346157319353,0.0,0,5120,FROZEN_K10_NEIGHBOURS_PLUS_FROZEN_K10_MATCHED_RANDOM_EDGES,PERSISTENT_OPERATIONAL_NEAR_COLLISION_EVIDENCE,EVALUABLE,EXPLORATORY_CONSUMED_DIAGNOSTIC_ONLY
U0_MS,density_rate,LINEAGE,HMSO01R_A|FIELD_LINEAGE|8319212c9598ce2f7cd195e20de66435ffdb6ab6aeedf4d663d53cb3966ebc0a,0.1,0.9,52.40300584732972,0.00968346157319353,0.0,0,2560,FROZEN_K10_NEIGHBOURS_PLUS_FROZEN_K10_MATCHED_RANDOM_EDGES,PERSISTENT_OPERATIONAL_NEAR_COLLISION_EVIDENCE,EVALUABLE,EXPLORATORY_CONSUMED_DIAGNOSTIC_ONLY
U0_MS,density_rate,LINEAGE,HMSO01R_A|FIELD_LINEAGE|83c68f311cba3e93368aeeec1e81f7eebc2d9d8bfb68a0ba32cbc3fe731f6155,0.1,0.9,52.40300584732972,0.00968346157319353,0.0,0,5120,FROZEN_K10_NEIGHBOURS_PLUS_FROZEN_K10_MATCHED_RANDOM_EDGES,PERSISTENT_OPERATIONAL_NEAR_COLLISION_EVIDENCE,EVALUABLE,EXPLORATORY_CONSUMED_DIAGNOSTIC_ONLY
U0_MS,density_rate,LINEAGE,HMSO01R_A|FIELD_LINEAGE|8573999ac09da70da8d1802997d1dd1b2879d7ff239af35fb1a185a39cc1f420,0.1,0.9,52.40300584732972,0.00968346157319353,0.0,0,7680,FROZEN_K10_NEIGHBOURS_PLUS_FROZEN_K10_MATCHED_RANDOM_EDGES,PERSISTENT_OPERATIONAL_NEAR_COLLISION_EVIDENCE,EVALUABLE,EXPLORATORY_CONSUMED_DIAGNOSTIC_ONLY
U0_MS,density_rate,LINEAGE,HMSO01R_A|FIELD_LINEAGE|86c895c14384dc9ce73736790948d3516d7de8be96dc834ec48d9a651e6b8e5e,0.1,0.9,52.40300584732972,0.00968346157319353,0.0,0,2560,FROZEN_K10_NEIGHBOURS_PLUS_FROZEN_K10_MATCHED_RANDOM_EDGES,PERSISTENT_OPERATIONAL_NEAR_COLLISION_EVIDENCE,EVALUABLE,EXPLORATORY_CONSUMED_DIAGNOSTIC_ONLY
U0_MS,density_rate,LINEAGE,HMSO01R_A|FIELD_LINEAGE|86f4c153dee170c8ee8f47b2eb988fa25bcda8c9a7b6fd68a3d7256dc3af0a1f,0.1,0.9,52.40300584732972,0.00968346157319353,0.0,0,2560,FROZEN_K10_NEIGHBOURS_PLUS_FROZEN_K10_MATCHED_RANDOM_EDGES,PERSISTENT_OPERATIONAL_NEAR_COLLISION_EVIDENCE,EVALUABLE,EXPLORATORY_CONSUMED_DIAGNOSTIC_ONLY
U0_MS,density_rate,LINEAGE,HMSO01R_A|FIELD_LINEAGE|87172e4156e9f066a6ea7ab3304062c939784ea4bd0f5f1cf466bbc2d6008cc6,0.1,0.9,52.40300584732972,0.00968346157319353,0.0,0,5120,FROZEN_K10_NEIGHBOURS_PLUS_FROZEN_K10_MATCHED_RANDOM_EDGES,PERSISTENT_OPERATIONAL_NEAR_COLLISION_EVIDENCE,EVALUABLE,EXPLORATORY_CONSUMED_DIAGNOSTIC_ONLY
U0_MS,density_rate,LINEAGE,HMSO01R_A|FIELD_LINEAGE|8788043b5775de130eade6a54c5654805d8ed31cc68fcfa8928c3b7150abef48,0.1,0.9,52.40300584732972,0.00968346157319353,0.0,0,2560,FROZEN_K10_NEIGHBOURS_PLUS_FROZEN_K10_MATCHED_RANDOM_EDGES,PERSISTENT_OPERATIONAL_NEAR_COLLISION_EVIDENCE,EVALUABLE,EXPLORATORY_CONSUMED_DIAGNOSTIC_ONLY
U0_MS,density_rate,LINEAGE,HMSO01R_A|FIELD_LINEAGE|88fd5f86ca9cc426c28ce681d06ea15f58c6c7889170fcda146bde128f6121e4,0.1,0.9,52.40300584732972,0.00968346157319353,0.0,0,5120,FROZEN_K10_NEIGHBOURS_PLUS_FROZEN_K10_MATCHED_RANDOM_EDGES,PERSISTENT_OPERATIONAL_NEAR_COLLISION_EVIDENCE,EVALUABLE,EXPLORATORY_CONSUMED_DIAGNOSTIC_ONLY
U0_MS,density_rate,LINEAGE,HMSO01R_A|FIELD_LINEAGE|8a6dd2252f8c5f8f08c3ba5ae9cf89d97575348634ba471a1a84e7de612ac6f3,0.1,0.9,52.40300584732972,0.00968346157319353,0.0,0,2560,FROZEN_K10_NEIGHBOURS_PLUS_FROZEN_K10_MATCHED_RANDOM_EDGES,PERSISTENT_OPERATIONAL_NEAR_COLLISION_EVIDENCE,EVALUABLE,EXPLORATORY_CONSUMED_DIAGNOSTIC_ONLY
U0_MS,density_rate,LINEAGE,HMSO01R_A|FIELD_LINEAGE|8af782533dccfef4a682f44ff365b7014ae448a56bd62c92877bbd37640adb31,0.1,0.9,52.40300584732972,0.00968346157319353,0.0,0,30720,FROZEN_K10_NEIGHBOURS_PLUS_FROZEN_K10_MATCHED_RANDOM_EDGES,PERSISTENT_OPERATIONAL_NEAR_COLLISION_EVIDENCE,EVALUABLE,EXPLORATORY_CONSUMED_DIAGNOSTIC_ONLY
U0_MS,density_rate,LINEAGE,HMSO01R_A|FIELD_LINEAGE|8d1e4918227588e163eea87a946c88983d6e03486114766be90d0602757fb4c2,0.1,0.9,52.40300584732972,0.00968346157319353,0.0,0,2560,FROZEN_K10_NEIGHBOURS_PLUS_FROZEN_K10_MATCHED_RANDOM_EDGES,PERSISTENT_OPERATIONAL_NEAR_COLLISION_EVIDENCE,EVALUABLE,EXPLORATORY_CONSUMED_DIAGNOSTIC_ONLY
U0_MS,density_rate,LINEAGE,HMSO01R_A|FIELD_LINEAGE|8e3408f57249bc00fdafb475f758686e9ee7a95dad97ecf63f9b3a27f383de5d,0.1,0.9,52.40300584732972,0.00968346157319353,0.0,0,2560,FROZEN_K10_NEIGHBOURS_PLUS_FROZEN_K10_MATCHED_RANDOM_EDGES,PERSISTENT_OPERATIONAL_NEAR_COLLISION_EVIDENCE,EVALUABLE,EXPLORATORY_CONSUMED_DIAGNOSTIC_ONLY
U0_MS,density_rate,LINEAGE,HMSO01R_A|FIELD_LINEAGE|8e40e60ae6de8d393e4f96f7c0cdfd3570298138a8d1d44c6db1dc858b71a31e,0.1,0.9,52.40300584732972,0.00968346157319353,0.0,0,5120,FROZEN_K10_NEIGHBOURS_PLUS_FROZEN_K10_MATCHED_RANDOM_EDGES,PERSISTENT_OPERATIONAL_NEAR_COLLISION_EVIDENCE,EVALUABLE,EXPLORATORY_CONSUMED_DIAGNOSTIC_ONLY
U0_MS,density_rate,LINEAGE,HMSO01R_A|FIELD_LINEAGE|8fbd2d8c6238dbc0e3f8ebbea9ee429eb1cbd0b7ebf5580cffb8e79372f4cf04,0.1,0.9,52.40300584732972,0.00968346157319353,0.0,0,2560,FROZEN_K10_NEIGHBOURS_PLUS_FROZEN_K10_MATCHED_RANDOM_EDGES,PERSISTENT_OPERATIONAL_NEAR_COLLISION_EVIDENCE,EVALUABLE,EXPLORATORY_CONSUMED_DIAGNOSTIC_ONLY
U0_MS,density_rate,LINEAGE,HMSO01R_A|FIELD_LINEAGE|9035657b1a9729d4b57919992bee8d9ea960c2a587c8d3877d9c920d8fa2a77c,0.1,0.9,52.40300584732972,0.00968346157319353,0.0,0,2560,FROZEN_K10_NEIGHBOURS_PLUS_FROZEN_K10_MATCHED_RANDOM_EDGES,PERSISTENT_OPERATIONAL_NEAR_COLLISION_EVIDENCE,EVALUABLE,EXPLORATORY_CONSUMED_DIAGNOSTIC_ONLY
U0_MS,density_rate,LINEAGE,HMSO01R_A|FIELD_LINEAGE|9239a350bed02b809dafe66125991e7de2c0c1c20b38f7689dc19527329619d6,0.1,0.9,52.40300584732972,0.00968346157319353,0.0,0,2560,FROZEN_K10_NEIGHBOURS_PLUS_FROZEN_K10_MATCHED_RANDOM_EDGES,PERSISTENT_OPERATIONAL_NEAR_COLLISION_EVIDENCE,EVALUABLE,EXPLORATORY_CONSUMED_DIAGNOSTIC_ONLY
U0_MS,density_rate,LINEAGE,HMSO01R_A|FIELD_LINEAGE|9415b727187c332c72260d653b657bcbe590635140818a0978bae1e8dcd4568b,0.1,0.9,52.40300584732972,0.00968346157319353,0.0,0,2560,FROZEN_K10_NEIGHBOURS_PLUS_FROZEN_K10_MATCHED_RANDOM_EDGES,PERSISTENT_OPERATIONAL_NEAR_COLLISION_EVIDENCE,EVALUABLE,EXPLORATORY_CONSUMED_DIAGNOSTIC_ONLY
U0_MS,density_rate,LINEAGE,HMSO01R_A|FIELD_LINEAGE|95873981d02cb2a4e333122aa57c7927c33fccc49c0b93590a6b549f6bec57f1,0.1,0.9,52.40300584732972,0.00968346157319353,0.0,0,2560,FROZEN_K10_NEIGHBOURS_PLUS_FROZEN_K10_MATCHED_RANDOM_EDGES,PERSISTENT_OPERATIONAL_NEAR_COLLISION_EVIDENCE,EVALUABLE,EXPLORATORY_CONSUMED_DIAGNOSTIC_ONLY
U0_MS,density_rate,LINEAGE,HMSO01R_A|FIELD_LINEAGE|970bbd18dffee12c05308155c993436bfc58e77384e4967420f4e2e03156c88b,0.1,0.9,52.40300584732972,0.00968346157319353,0.0,0,5120,FROZEN_K10_NEIGHBOURS_PLUS_FROZEN_K10_MATCHED_RANDOM_EDGES,PERSISTENT_OPERATIONAL_NEAR_COLLISION_EVIDENCE,EVALUABLE,EXPLORATORY_CONSUMED_DIAGNOSTIC_ONLY
U0_MS,density_rate,LINEAGE,HMSO01R_A|FIELD_LINEAGE|97c8122849aa3cb13b599389c011f78352d49decd5677988d0a2a6da7c39f700,0.1,0.9,52.40300584732972,0.00968346157319353,0.0,0,5120,FROZEN_K10_NEIGHBOURS_PLUS_FROZEN_K10_MATCHED_RANDOM_EDGES,PERSISTENT_OPERATIONAL_NEAR_COLLISION_EVIDENCE,EVALUABLE,EXPLORATORY_CONSUMED_DIAGNOSTIC_ONLY
U0_MS,density_rate,LINEAGE,HMSO01R_A|FIELD_LINEAGE|97fbdfbd64658c72d9a31f61eea2acf4543cf9ba5532a2ed052d1358412ef553,0.1,0.9,52.40300584732972,0.00968346157319353,0.0,0,2560,FROZEN_K10_NEIGHBOURS_PLUS_FROZEN_K10_MATCHED_RANDOM_EDGES,PERSISTENT_OPERATIONAL_NEAR_COLLISION_EVIDENCE,EVALUABLE,EXPLORATORY_CONSUMED_DIAGNOSTIC_ONLY
U0_MS,density_rate,LINEAGE,HMSO01R_A|FIELD_LINEAGE|98ef721075a1ebd7c92edcbcf7747aac6c3d77c4f9c29f15e5d83577ad6d7f6b,0.1,0.9,52.40300584732972,0.00968346157319353,0.0,0,2560,FROZEN_K10_NEIGHBOURS_PLUS_FROZEN_K10_MATCHED_RANDOM_EDGES,PERSISTENT_OPERATIONAL_NEAR_COLLISION_EVIDENCE,EVALUABLE,EXPLORATORY_CONSUMED_DIAGNOSTIC_ONLY
U0_MS,density_rate,LINEAGE,HMSO01R_A|FIELD_LINEAGE|99c13161db8958c19a30a96b96a6940cece539d1c84e808e21dfa37710ec6894,0.1,0.9,52.40300584732972,0.00968346157319353,0.0,0,5120,FROZEN_K10_NEIGHBOURS_PLUS_FROZEN_K10_MATCHED_RANDOM_EDGES,PERSISTENT_OPERATIONAL_NEAR_COLLISION_EVIDENCE,EVALUABLE,EXPLORATORY_CONSUMED_DIAGNOSTIC_ONLY
U0_MS,density_rate,LINEAGE,HMSO01R_A|FIELD_LINEAGE|9a24c02f87d28fecb69b79ddff22c8eb176badf445e6b5b8234aa2a46b73c349,0.1,0.9,52.40300584732972,0.00968346157319353,0.0,0,2560,FROZEN_K10_NEIGHBOURS_PLUS_FROZEN_K10_MATCHED_RANDOM_EDGES,PERSISTENT_OPERATIONAL_NEAR_COLLISION_EVIDENCE,EVALUABLE,EXPLORATORY_CONSUMED_DIAGNOSTIC_ONLY
U0_MS,density_rate,LINEAGE,HMSO01R_A|FIELD_LINEAGE|9aaa52aa8afb4f9adfe0d0e7ddb5e3e8101852fdd6ef0a635cf3875b473d16a7,0.1,0.9,52.40300584732972,0.00968346157319353,0.0,0,2560,FROZEN_K10_NEIGHBOURS_PLUS_FROZEN_K10_MATCHED_RANDOM_EDGES,PERSISTENT_OPERATIONAL_NEAR_COLLISION_EVIDENCE,EVALUABLE,EXPLORATORY_CONSUMED_DIAGNOSTIC_ONLY
U0_MS,density_rate,LINEAGE,HMSO01R_A|FIELD_LINEAGE|9c004dbe18905f4181f1a701e81649fc67e98b969674994e8f64827f6fb4c765,0.1,0.9,52.40300584732972,0.00968346157319353,0.0,0,5120,FROZEN_K10_NEIGHBOURS_PLUS_FROZEN_K10_MATCHED_RANDOM_EDGES,PERSISTENT_OPERATIONAL_NEAR_COLLISION_EVIDENCE,EVALUABLE,EXPLORATORY_CONSUMED_DIAGNOSTIC_ONLY
U0_MS,density_rate,LINEAGE,HMSO01R_A|FIELD_LINEAGE|9c5f7b50a01e8dafcf4be2d7df61fd0da86b2229fe32286852ed3ad88cce82f1,0.1,0.9,52.40300584732972,0.00968346157319353,0.0,0,2560,FROZEN_K10_NEIGHBOURS_PLUS_FROZEN_K10_MATCHED_RANDOM_EDGES,PERSISTENT_OPERATIONAL_NEAR_COLLISION_EVIDENCE,EVALUABLE,EXPLORATORY_CONSUMED_DIAGNOSTIC_ONLY
U0_MS,density_rate,LINEAGE,HMSO01R_A|FIELD_LINEAGE|9f471cc2328d66ccf0ca43f62bf5e261a867f85eeac6edc5a472072ca388bff6,0.1,0.9,52.40300584732972,0.00968346157319353,0.0,0,5120,FROZEN_K10_NEIGHBOURS_PLUS_FROZEN_K10_MATCHED_RANDOM_EDGES,PERSISTENT_OPERATIONAL_NEAR_COLLISION_EVIDENCE,EVALUABLE,EXPLORATORY_CONSUMED_DIAGNOSTIC_ONLY
U0_MS,density_rate,LINEAGE,HMSO01R_A|FIELD_LINEAGE|9ff02fac76e3803bb8391cba4035dfa7a72d5220975092d818302f10f07c08e9,0.1,0.9,52.40300584732972,0.00968346157319353,0.0,0,2560,FROZEN_K10_NEIGHBOURS_PLUS_FROZEN_K10_MATCHED_RANDOM_EDGES,PERSISTENT_OPERATIONAL_NEAR_COLLISION_EVIDENCE,EVALUABLE,EXPLORATORY_CONSUMED_DIAGNOSTIC_ONLY
U0_MS,density_rate,LINEAGE,HMSO01R_A|FIELD_LINEAGE|a1c0a919ad122615714cbb9f6b50981061d4f68fe06b618c4cd2688f52f12391,0.1,0.9,52.40300584732972,0.00968346157319353,0.0,0,2560,FROZEN_K10_NEIGHBOURS_PLUS_FROZEN_K10_MATCHED_RANDOM_EDGES,PERSISTENT_OPERATIONAL_NEAR_COLLISION_EVIDENCE,EVALUABLE,EXPLORATORY_CONSUMED_DIAGNOSTIC_ONLY
U0_MS,density_rate,LINEAGE,HMSO01R_A|FIELD_LINEAGE|a2187a6938903010b61ee85d06f597d4029728ee0de5541c03daf2ed126b189e,0.1,0.9,52.40300584732972,0.00968346157319353,0.0,0,5120,FROZEN_K10_NEIGHBOURS_PLUS_FROZEN_K10_MATCHED_RANDOM_EDGES,PERSISTENT_OPERATIONAL_NEAR_COLLISION_EVIDENCE,EVALUABLE,EXPLORATORY_CONSUMED_DIAGNOSTIC_ONLY
U0_MS,density_rate,LINEAGE,HMSO01R_A|FIELD_LINEAGE|a2bcc80ca3b9ebb8f54401e7b09de472e9adbce971c85048bd40ce15be44ea6a,0.1,0.9,52.40300584732972,0.00968346157319353,0.0,0,2560,FROZEN_K10_NEIGHBOURS_PLUS_FROZEN_K10_MATCHED_RANDOM_EDGES,PERSISTENT_OPERATIONAL_NEAR_COLLISION_EVIDENCE,EVALUABLE,EXPLORATORY_CONSUMED_DIAGNOSTIC_ONLY
U0_MS,density_rate,LINEAGE,HMSO01R_A|FIELD_LINEAGE|a3f750d8c1551c6ecf78f876fab114a3481105b16656dddc657ee8cfb50fd48b,0.1,0.9,52.40300584732972,0.00968346157319353,0.0,0,5120,FROZEN_K10_NEIGHBOURS_PLUS_FROZEN_K10_MATCHED_RANDOM_EDGES,PERSISTENT_OPERATIONAL_NEAR_COLLISION_EVIDENCE,EVALUABLE,EXPLORATORY_CONSUMED_DIAGNOSTIC_ONLY
U0_MS,density_rate,LINEAGE,HMSO01R_A|FIELD_LINEAGE|a594f1a43c118c7761d223f6f34e42847c31c67fc6b06838b968dcc65b6c3356,0.1,0.9,52.40300584732972,0.00968346157319353,0.0,0,2560,FROZEN_K10_NEIGHBOURS_PLUS_FROZEN_K10_MATCHED_RANDOM_EDGES,PERSISTENT_OPERATIONAL_NEAR_COLLISION_EVIDENCE,EVALUABLE,EXPLORATORY_CONSUMED_DIAGNOSTIC_ONLY
U0_MS,density_rate,LINEAGE,HMSO01R_A|FIELD_LINEAGE|a7458b96c9ce1c60bf3ea9d352424b7dd251e22480db263be2c5716c65dc6939,0.1,0.9,52.40300584732972,0.00968346157319353,0.0,0,5120,FROZEN_K10_NEIGHBOURS_PLUS_FROZEN_K10_MATCHED_RANDOM_EDGES,PERSISTENT_OPERATIONAL_NEAR_COLLISION_EVIDENCE,EVALUABLE,EXPLORATORY_CONSUMED_DIAGNOSTIC_ONLY
U0_MS,density_rate,LINEAGE,HMSO01R_A|FIELD_LINEAGE|a97cf87a717a68b745e28078c021ba65c881711a1cd171188bc4affd3a1b5795,0.1,0.9,52.40300584732972,0.00968346157319353,0.0,0,5120,FROZEN_K10_NEIGHBOURS_PLUS_FROZEN_K10_MATCHED_RANDOM_EDGES,PERSISTENT_OPERATIONAL_NEAR_COLLISION_EVIDENCE,EVALUABLE,EXPLORATORY_CONSUMED_DIAGNOSTIC_ONLY
U0_MS,density_rate,LINEAGE,HMSO01R_A|FIELD_LINEAGE|ad302a05132d9f111349ae57a7badd9ffd336cce6f517d6dda76a6f130659828,0.1,0.9,52.40300584732972,0.00968346157319353,0.0,0,2560,FROZEN_K10_NEIGHBOURS_PLUS_FROZEN_K10_MATCHED_RANDOM_EDGES,PERSISTENT_OPERATIONAL_NEAR_COLLISION_EVIDENCE,EVALUABLE,EXPLORATORY_CONSUMED_DIAGNOSTIC_ONLY
U0_MS,density_rate,LINEAGE,HMSO01R_A|FIELD_LINEAGE|adcf8aaea780832e88b7b6b779fb3ef2ecab338dd7379ac8654e7aabdcee4b4f,0.1,0.9,52.40300584732972,0.00968346157319353,0.0,0,5120,FROZEN_K10_NEIGHBOURS_PLUS_FROZEN_K10_MATCHED_RANDOM_EDGES,PERSISTENT_OPERATIONAL_NEAR_COLLISION_EVIDENCE,EVALUABLE,EXPLORATORY_CONSUMED_DIAGNOSTIC_ONLY
U0_MS,density_rate,LINEAGE,HMSO01R_A|FIELD_LINEAGE|b0c6a47a41827791b3e03b32c3cfc7642f7c46055e5fbdc618a902dd60890cc0,0.1,0.9,52.40300584732972,0.00968346157319353,0.0,0,2560,FROZEN_K10_NEIGHBOURS_PLUS_FROZEN_K10_MATCHED_RANDOM_EDGES,PERSISTENT_OPERATIONAL_NEAR_COLLISION_EVIDENCE,EVALUABLE,EXPLORATORY_CONSUMED_DIAGNOSTIC_ONLY
U0_MS,density_rate,LINEAGE,HMSO01R_A|FIELD_LINEAGE|b1b50b97bc0f473e266ef9eb8a1e2e2edee23dadabeb0645af363d822d4db947,0.1,0.9,52.40300584732972,0.00968346157319353,0.0,0,2560,FROZEN_K10_NEIGHBOURS_PLUS_FROZEN_K10_MATCHED_RANDOM_EDGES,PERSISTENT_OPERATIONAL_NEAR_COLLISION_EVIDENCE,EVALUABLE,EXPLORATORY_CONSUMED_DIAGNOSTIC_ONLY
U0_MS,density_rate,LINEAGE,HMSO01R_A|FIELD_LINEAGE|b1c696b82fff7183ba4fc0ae8ce4363fcd56ada1cc6ffa171713dda9524816e8,0.1,0.9,52.40300584732972,0.00968346157319353,0.0,0,5120,FROZEN_K10_NEIGHBOURS_PLUS_FROZEN_K10_MATCHED_RANDOM_EDGES,PERSISTENT_OPERATIONAL_NEAR_COLLISION_EVIDENCE,EVALUABLE,EXPLORATORY_CONSUMED_DIAGNOSTIC_ONLY
U0_MS,density_rate,LINEAGE,HMSO01R_A|FIELD_LINEAGE|b2211d9018dde472457c7d9570d8b744ae480cbc84526fced16d30cb565fdb61,0.1,0.9,52.40300584732972,0.00968346157319353,0.0,0,2560,FROZEN_K10_NEIGHBOURS_PLUS_FROZEN_K10_MATCHED_RANDOM_EDGES,PERSISTENT_OPERATIONAL_NEAR_COLLISION_EVIDENCE,EVALUABLE,EXPLORATORY_CONSUMED_DIAGNOSTIC_ONLY
U0_MS,density_rate,LINEAGE,HMSO01R_A|FIELD_LINEAGE|b31d5c3484f2394d06a11f5ae52600d61d7c303637147b70dbb1edd7e25e93c9,0.1,0.9,52.40300584732972,0.00968346157319353,0.0,0,2560,FROZEN_K10_NEIGHBOURS_PLUS_FROZEN_K10_MATCHED_RANDOM_EDGES,PERSISTENT_OPERATIONAL_NEAR_COLLISION_EVIDENCE,EVALUABLE,EXPLORATORY_CONSUMED_DIAGNOSTIC_ONLY
U0_MS,density_rate,LINEAGE,HMSO01R_A|FIELD_LINEAGE|b40ef25bd445f58063f7eecbd118e28fcd5b9c8ea0b1803b18c885057e29107f,0.1,0.9,52.40300584732972,0.00968346157319353,0.0,0,2560,FROZEN_K10_NEIGHBOURS_PLUS_FROZEN_K10_MATCHED_RANDOM_EDGES,PERSISTENT_OPERATIONAL_NEAR_COLLISION_EVIDENCE,EVALUABLE,EXPLORATORY_CONSUMED_DIAGNOSTIC_ONLY
U0_MS,density_rate,LINEAGE,HMSO01R_A|FIELD_LINEAGE|b49a6f081c09f4e4bff79a7f0fc0a282131ed3252c520eb6637fbf7ad615c6bd,0.1,0.9,52.40300584732972,0.00968346157319353,0.0,0,2560,FROZEN_K10_NEIGHBOURS_PLUS_FROZEN_K10_MATCHED_RANDOM_EDGES,PERSISTENT_OPERATIONAL_NEAR_COLLISION_EVIDENCE,EVALUABLE,EXPLORATORY_CONSUMED_DIAGNOSTIC_ONLY
U0_MS,density_rate,LINEAGE,HMSO01R_A|FIELD_LINEAGE|b7c6344fafcff3e1128b30252e587c19386316434538ac595af9870864bff2e9,0.1,0.9,52.40300584732972,0.00968346157319353,0.0,0,2560,FROZEN_K10_NEIGHBOURS_PLUS_FROZEN_K10_MATCHED_RANDOM_EDGES,PERSISTENT_OPERATIONAL_NEAR_COLLISION_EVIDENCE,EVALUABLE,EXPLORATORY_CONSUMED_DIAGNOSTIC_ONLY
U0_MS,density_rate,LINEAGE,HMSO01R_A|FIELD_LINEAGE|b914e9e8b47652c007a545bd9a5f60dbdaba2b957df3f42cdec4c8edb98e6d53,0.1,0.9,52.40300584732972,0.00968346157319353,0.0,0,5120,FROZEN_K10_NEIGHBOURS_PLUS_FROZEN_K10_MATCHED_RANDOM_EDGES,PERSISTENT_OPERATIONAL_NEAR_COLLISION_EVIDENCE,EVALUABLE,EXPLORATORY_CONSUMED_DIAGNOSTIC_ONLY
U0_MS,density_rate,LINEAGE,HMSO01R_A|FIELD_LINEAGE|bb92dd92e9632ccd3901d1e2e79aab63ab0910a576b08c41f27a140edcf99b56,0.1,0.9,52.40300584732972,0.00968346157319353,0.0,0,2560,FROZEN_K10_NEIGHBOURS_PLUS_FROZEN_K10_MATCHED_RANDOM_EDGES,PERSISTENT_OPERATIONAL_NEAR_COLLISION_EVIDENCE,EVALUABLE,EXPLORATORY_CONSUMED_DIAGNOSTIC_ONLY
U0_MS,density_rate,LINEAGE,HMSO01R_A|FIELD_LINEAGE|bd0a319ae5e310c35bfeaafdbd8220147f595c77c4d665773530796c1f3b9b59,0.1,0.9,52.40300584732972,0.00968346157319353,0.0,0,2560,FROZEN_K10_NEIGHBOURS_PLUS_FROZEN_K10_MATCHED_RANDOM_EDGES,PERSISTENT_OPERATIONAL_NEAR_COLLISION_EVIDENCE,EVALUABLE,EXPLORATORY_CONSUMED_DIAGNOSTIC_ONLY
U0_MS,density_rate,LINEAGE,HMSO01R_A|FIELD_LINEAGE|be9a8927a3f7361841f3e523395e00d4ebcd734040aebfe38006ae7fda2437fd,0.1,0.9,52.40300584732972,0.00968346157319353,0.0,0,2560,FROZEN_K10_NEIGHBOURS_PLUS_FROZEN_K10_MATCHED_RANDOM_EDGES,PERSISTENT_OPERATIONAL_NEAR_COLLISION_EVIDENCE,EVALUABLE,EXPLORATORY_CONSUMED_DIAGNOSTIC_ONLY
U0_MS,density_rate,LINEAGE,HMSO01R_A|FIELD_LINEAGE|bf32023450080971c5fdfb56d7a260838d7b8e02917a4118c4ed0b4a49c6c14a,0.1,0.9,52.40300584732972,0.00968346157319353,0.0,0,5120,FROZEN_K10_NEIGHBOURS_PLUS_FROZEN_K10_MATCHED_RANDOM_EDGES,PERSISTENT_OPERATIONAL_NEAR_COLLISION_EVIDENCE,EVALUABLE,EXPLORATORY_CONSUMED_DIAGNOSTIC_ONLY
U0_MS,density_rate,LINEAGE,HMSO01R_A|FIELD_LINEAGE|c26b5ad7fee192c3863a9362bb1782ac10409a155024388ef9dea9120f9c3662,0.1,0.9,52.40300584732972,0.00968346157319353,0.0,0,2560,FROZEN_K10_NEIGHBOURS_PLUS_FROZEN_K10_MATCHED_RANDOM_EDGES,PERSISTENT_OPERATIONAL_NEAR_COLLISION_EVIDENCE,EVALUABLE,EXPLORATORY_CONSUMED_DIAGNOSTIC_ONLY
U0_MS,density_rate,LINEAGE,HMSO01R_A|FIELD_LINEAGE|c2759d4a0108475d88af3dd58a918080f77e42a77ac5a686ce9a650a1d522183,0.1,0.9,52.40300584732972,0.00968346157319353,0.0,0,2560,FROZEN_K10_NEIGHBOURS_PLUS_FROZEN_K10_MATCHED_RANDOM_EDGES,PERSISTENT_OPERATIONAL_NEAR_COLLISION_EVIDENCE,EVALUABLE,EXPLORATORY_CONSUMED_DIAGNOSTIC_ONLY
U0_MS,density_rate,LINEAGE,HMSO01R_A|FIELD_LINEAGE|c34a55057cd1e579919fb09acb5db221d75ae96164f74060b78863318f65371c,0.1,0.9,52.40300584732972,0.00968346157319353,0.0,0,2560,FROZEN_K10_NEIGHBOURS_PLUS_FROZEN_K10_MATCHED_RANDOM_EDGES,PERSISTENT_OPERATIONAL_NEAR_COLLISION_EVIDENCE,EVALUABLE,EXPLORATORY_CONSUMED_DIAGNOSTIC_ONLY
U0_MS,density_rate,LINEAGE,HMSO01R_A|FIELD_LINEAGE|c3a574c6618599692f4195c9d1a59189286c1fc26ae852d26723565b0428d983,0.1,0.9,52.40300584732972,0.00968346157319353,0.0,0,2560,FROZEN_K10_NEIGHBOURS_PLUS_FROZEN_K10_MATCHED_RANDOM_EDGES,PERSISTENT_OPERATIONAL_NEAR_COLLISION_EVIDENCE,EVALUABLE,EXPLORATORY_CONSUMED_DIAGNOSTIC_ONLY
U0_MS,density_rate,LINEAGE,HMSO01R_A|FIELD_LINEAGE|c54c1448df9c13b6658cb41b2c187b93be0f6db94293a7911953a6e90d602764,0.1,0.9,52.40300584732972,0.00968346157319353,0.0,0,2560,FROZEN_K10_NEIGHBOURS_PLUS_FROZEN_K10_MATCHED_RANDOM_EDGES,PERSISTENT_OPERATIONAL_NEAR_COLLISION_EVIDENCE,EVALUABLE,EXPLORATORY_CONSUMED_DIAGNOSTIC_ONLY
U0_MS,density_rate,LINEAGE,HMSO01R_A|FIELD_LINEAGE|c7100ae9429166735b2d4f6243a22cf5abc14cffba49fce96d94ed19a12387d6,0.1,0.9,52.40300584732972,0.00968346157319353,0.0,0,2560,FROZEN_K10_NEIGHBOURS_PLUS_FROZEN_K10_MATCHED_RANDOM_EDGES,PERSISTENT_OPERATIONAL_NEAR_COLLISION_EVIDENCE,EVALUABLE,EXPLORATORY_CONSUMED_DIAGNOSTIC_ONLY
U0_MS,density_rate,LINEAGE,HMSO01R_A|FIELD_LINEAGE|c7498c8903eedb4eb72abeb74a8624f4f311768cc705b42f488a9e810b4c3aec,0.1,0.9,52.40300584732972,0.00968346157319353,0.0,0,2560,FROZEN_K10_NEIGHBOURS_PLUS_FROZEN_K10_MATCHED_RANDOM_EDGES,PERSISTENT_OPERATIONAL_NEAR_COLLISION_EVIDENCE,EVALUABLE,EXPLORATORY_CONSUMED_DIAGNOSTIC_ONLY
U0_MS,density_rate,LINEAGE,HMSO01R_A|FIELD_LINEAGE|c9a10c50914a082104b6f42f933e2e8b35494d6ac1b464fc981b740edc26e9a6,0.1,0.9,52.40300584732972,0.00968346157319353,0.0,0,30720,FROZEN_K10_NEIGHBOURS_PLUS_FROZEN_K10_MATCHED_RANDOM_EDGES,PERSISTENT_OPERATIONAL_NEAR_COLLISION_EVIDENCE,EVALUABLE,EXPLORATORY_CONSUMED_DIAGNOSTIC_ONLY
U0_MS,density_rate,LINEAGE,HMSO01R_A|FIELD_LINEAGE|ca0f07a3c0d5df7705d15288eb48ecdf2c50af57aa3e1ab370127581f048c929,0.1,0.9,52.40300584732972,0.00968346157319353,0.0,0,2560,FROZEN_K10_NEIGHBOURS_PLUS_FROZEN_K10_MATCHED_RANDOM_EDGES,PERSISTENT_OPERATIONAL_NEAR_COLLISION_EVIDENCE,EVALUABLE,EXPLORATORY_CONSUMED_DIAGNOSTIC_ONLY
U0_MS,density_rate,LINEAGE,HMSO01R_A|FIELD_LINEAGE|cb947f8167c6ce3da1c26b48289f11fe77c609125572b2e2f489d9b4dbf77d91,0.1,0.9,52.40300584732972,0.00968346157319353,0.0,0,2560,FROZEN_K10_NEIGHBOURS_PLUS_FROZEN_K10_MATCHED_RANDOM_EDGES,PERSISTENT_OPERATIONAL_NEAR_COLLISION_EVIDENCE,EVALUABLE,EXPLORATORY_CONSUMED_DIAGNOSTIC_ONLY
U0_MS,density_rate,LINEAGE,HMSO01R_A|FIELD_LINEAGE|cd1482e6386aeab5f67532ea00a4d133dd0798283239fa2bc60b1a36d8fd8390,0.1,0.9,52.40300584732972,0.00968346157319353,0.0,0,2560,FROZEN_K10_NEIGHBOURS_PLUS_FROZEN_K10_MATCHED_RANDOM_EDGES,PERSISTENT_OPERATIONAL_NEAR_COLLISION_EVIDENCE,EVALUABLE,EXPLORATORY_CONSUMED_DIAGNOSTIC_ONLY
U0_MS,density_rate,LINEAGE,HMSO01R_A|FIELD_LINEAGE|d1321924d243ef663d38f2119b3da3e0b77ff9249352efe1c25dfa4971fbd453,0.1,0.9,52.40300584732972,0.00968346157319353,0.0,0,2560,FROZEN_K10_NEIGHBOURS_PLUS_FROZEN_K10_MATCHED_RANDOM_EDGES,PERSISTENT_OPERATIONAL_NEAR_COLLISION_EVIDENCE,EVALUABLE,EXPLORATORY_CONSUMED_DIAGNOSTIC_ONLY
U0_MS,density_rate,LINEAGE,HMSO01R_A|FIELD_LINEAGE|d2f9d8c8f5f3c69790790651faeb1c1f59b6b387e4ede38adea5936b94855ff9,0.1,0.9,52.40300584732972,0.00968346157319353,0.0,0,5120,FROZEN_K10_NEIGHBOURS_PLUS_FROZEN_K10_MATCHED_RANDOM_EDGES,PERSISTENT_OPERATIONAL_NEAR_COLLISION_EVIDENCE,EVALUABLE,EXPLORATORY_CONSUMED_DIAGNOSTIC_ONLY
U0_MS,density_rate,LINEAGE,HMSO01R_A|FIELD_LINEAGE|d3329a31885ae9100b3a5071d3f6de7c5b314524ba319156e3df439e55667dd5,0.1,0.9,52.40300584732972,0.00968346157319353,0.0,0,2560,FROZEN_K10_NEIGHBOURS_PLUS_FROZEN_K10_MATCHED_RANDOM_EDGES,PERSISTENT_OPERATIONAL_NEAR_COLLISION_EVIDENCE,EVALUABLE,EXPLORATORY_CONSUMED_DIAGNOSTIC_ONLY
U0_MS,density_rate,LINEAGE,HMSO01R_A|FIELD_LINEAGE|d65de8a657545ef8339cfa29e05ce27d63f8ec5e02ee50514a615a33f5595da9,0.1,0.9,52.40300584732972,0.00968346157319353,0.0,0,2560,FROZEN_K10_NEIGHBOURS_PLUS_FROZEN_K10_MATCHED_RANDOM_EDGES,PERSISTENT_OPERATIONAL_NEAR_COLLISION_EVIDENCE,EVALUABLE,EXPLORATORY_CONSUMED_DIAGNOSTIC_ONLY
U0_MS,density_rate,LINEAGE,HMSO01R_A|FIELD_LINEAGE|d6ecf8cd80acb9db6acee967c0d1a3a8ca941d75fcf9e621c7ea05d79a191767,0.1,0.9,52.40300584732972,0.00968346157319353,0.0,0,7680,FROZEN_K10_NEIGHBOURS_PLUS_FROZEN_K10_MATCHED_RANDOM_EDGES,PERSISTENT_OPERATIONAL_NEAR_COLLISION_EVIDENCE,EVALUABLE,EXPLORATORY_CONSUMED_DIAGNOSTIC_ONLY
U0_MS,density_rate,LINEAGE,HMSO01R_A|FIELD_LINEAGE|d7d10f9b5293a22777f94b958cdb7280c40216c21a2b9b4a49451c1385cf26d9,0.1,0.9,52.40300584732972,0.00968346157319353,0.0,0,2560,FROZEN_K10_NEIGHBOURS_PLUS_FROZEN_K10_MATCHED_RANDOM_EDGES,PERSISTENT_OPERATIONAL_NEAR_COLLISION_EVIDENCE,EVALUABLE,EXPLORATORY_CONSUMED_DIAGNOSTIC_ONLY
U0_MS,density_rate,LINEAGE,HMSO01R_A|FIELD_LINEAGE|d8cd77f2aea85a93297ba4755747ee15653349aca322bca77ce1738389444994,0.1,0.9,52.40300584732972,0.00968346157319353,0.0,0,5120,FROZEN_K10_NEIGHBOURS_PLUS_FROZEN_K10_MATCHED_RANDOM_EDGES,PERSISTENT_OPERATIONAL_NEAR_COLLISION_EVIDENCE,EVALUABLE,EXPLORATORY_CONSUMED_DIAGNOSTIC_ONLY
U0_MS,density_rate,LINEAGE,HMSO01R_A|FIELD_LINEAGE|d9b0e4ca0c6e9f306f81bad07b5f31753c1237e04a6a51d708212ab05edea52f,0.1,0.9,52.40300584732972,0.00968346157319353,0.0,0,2560,FROZEN_K10_NEIGHBOURS_PLUS_FROZEN_K10_MATCHED_RANDOM_EDGES,PERSISTENT_OPERATIONAL_NEAR_COLLISION_EVIDENCE,EVALUABLE,EXPLORATORY_CONSUMED_DIAGNOSTIC_ONLY
U0_MS,density_rate,LINEAGE,HMSO01R_A|FIELD_LINEAGE|dca2b57202d33de06ea638a8ecbab23d1b960b5ed15b6841dcbc75b212cc8712,0.1,0.9,52.40300584732972,0.00968346157319353,0.0,0,2560,FROZEN_K10_NEIGHBOURS_PLUS_FROZEN_K10_MATCHED_RANDOM_EDGES,PERSISTENT_OPERATIONAL_NEAR_COLLISION_EVIDENCE,EVALUABLE,EXPLORATORY_CONSUMED_DIAGNOSTIC_ONLY
U0_MS,density_rate,LINEAGE,HMSO01R_A|FIELD_LINEAGE|e0695af14e7ff6ed68d0eaa0320bde868bdf2eddcd09aade2748baa3ab9013d9,0.1,0.9,52.40300584732972,0.00968346157319353,0.0,0,2560,FROZEN_K10_NEIGHBOURS_PLUS_FROZEN_K10_MATCHED_RANDOM_EDGES,PERSISTENT_OPERATIONAL_NEAR_COLLISION_EVIDENCE,EVALUABLE,EXPLORATORY_CONSUMED_DIAGNOSTIC_ONLY
U0_MS,density_rate,LINEAGE,HMSO01R_A|FIELD_LINEAGE|e1662caa4f55fa1e467b750db9be81d3672b988a828412586110c172a4b65cc4,0.1,0.9,52.40300584732972,0.00968346157319353,0.0,0,2560,FROZEN_K10_NEIGHBOURS_PLUS_FROZEN_K10_MATCHED_RANDOM_EDGES,PERSISTENT_OPERATIONAL_NEAR_COLLISION_EVIDENCE,EVALUABLE,EXPLORATORY_CONSUMED_DIAGNOSTIC_ONLY
U0_MS,density_rate,LINEAGE,HMSO01R_A|FIELD_LINEAGE|e1bd95fcd7aed1a8bde13393ae7d4a98eff10f4a52c1bdfb2e54f1dd690c54dd,0.1,0.9,52.40300584732972,0.00968346157319353,0.0,0,2560,FROZEN_K10_NEIGHBOURS_PLUS_FROZEN_K10_MATCHED_RANDOM_EDGES,PERSISTENT_OPERATIONAL_NEAR_COLLISION_EVIDENCE,EVALUABLE,EXPLORATORY_CONSUMED_DIAGNOSTIC_ONLY
U0_MS,density_rate,LINEAGE,HMSO01R_A|FIELD_LINEAGE|e25db364da9db9cdb46c3073fa0aa473b93b0eed9df5062f9696d75bd2f90442,0.1,0.9,52.40300584732972,0.00968346157319353,0.0,0,2560,FROZEN_K10_NEIGHBOURS_PLUS_FROZEN_K10_MATCHED_RANDOM_EDGES,PERSISTENT_OPERATIONAL_NEAR_COLLISION_EVIDENCE,EVALUABLE,EXPLORATORY_CONSUMED_DIAGNOSTIC_ONLY
U0_MS,density_rate,LINEAGE,HMSO01R_A|FIELD_LINEAGE|e269817bd0e21e72d0864769c51ef7f6839102d6f41f035fbbff5041e46bd0d4,0.1,0.9,52.40300584732972,0.00968346157319353,0.0,0,2560,FROZEN_K10_NEIGHBOURS_PLUS_FROZEN_K10_MATCHED_RANDOM_EDGES,PERSISTENT_OPERATIONAL_NEAR_COLLISION_EVIDENCE,EVALUABLE,EXPLORATORY_CONSUMED_DIAGNOSTIC_ONLY
U0_MS,density_rate,LINEAGE,HMSO01R_A|FIELD_LINEAGE|e2940f5e79800b14b8eefcdb52a6c4eb9c2bcacb794aadbf19ab173720ccdfc9,0.1,0.9,52.40300584732972,0.00968346157319353,0.0,0,2560,FROZEN_K10_NEIGHBOURS_PLUS_FROZEN_K10_MATCHED_RANDOM_EDGES,PERSISTENT_OPERATIONAL_NEAR_COLLISION_EVIDENCE,EVALUABLE,EXPLORATORY_CONSUMED_DIAGNOSTIC_ONLY
U0_MS,density_rate,LINEAGE,HMSO01R_A|FIELD_LINEAGE|e2fdf0ecb37222ddf2c343b2a9785bb080b33fb721f4d3381403db08d53276de,0.1,0.9,52.40300584732972,0.00968346157319353,0.0,0,2560,FROZEN_K10_NEIGHBOURS_PLUS_FROZEN_K10_MATCHED_RANDOM_EDGES,PERSISTENT_OPERATIONAL_NEAR_COLLISION_EVIDENCE,EVALUABLE,EXPLORATORY_CONSUMED_DIAGNOSTIC_ONLY
U0_MS,density_rate,LINEAGE,HMSO01R_A|FIELD_LINEAGE|e39068083f41a31c97e7737f6138e1986484dea8bfe32d65a52cd58aaa1ec7e8,0.1,0.9,52.40300584732972,0.00968346157319353,0.0,0,2560,FROZEN_K10_NEIGHBOURS_PLUS_FROZEN_K10_MATCHED_RANDOM_EDGES,PERSISTENT_OPERATIONAL_NEAR_COLLISION_EVIDENCE,EVALUABLE,EXPLORATORY_CONSUMED_DIAGNOSTIC_ONLY
U0_MS,density_rate,LINEAGE,HMSO01R_A|FIELD_LINEAGE|e46b2d3dad1b8a5413f52396bbef71167f252a4ba61297ea3e2b46c37456ba4c,0.1,0.9,52.40300584732972,0.00968346157319353,0.0,0,2560,FROZEN_K10_NEIGHBOURS_PLUS_FROZEN_K10_MATCHED_RANDOM_EDGES,PERSISTENT_OPERATIONAL_NEAR_COLLISION_EVIDENCE,EVALUABLE,EXPLORATORY_CONSUMED_DIAGNOSTIC_ONLY
U0_MS,density_rate,LINEAGE,HMSO01R_A|FIELD_LINEAGE|e4c235f067a50e9e5304ee0e7ad701299187cd559ceebd74674d932464340e77,0.1,0.9,52.40300584732972,0.00968346157319353,0.0,0,2560,FROZEN_K10_NEIGHBOURS_PLUS_FROZEN_K10_MATCHED_RANDOM_EDGES,PERSISTENT_OPERATIONAL_NEAR_COLLISION_EVIDENCE,EVALUABLE,EXPLORATORY_CONSUMED_DIAGNOSTIC_ONLY
U0_MS,density_rate,LINEAGE,HMSO01R_A|FIELD_LINEAGE|e5cd23001367dee0fe50b87c4f9c5ae9d8e66eeb6cef2467ff3f6da8c0fcdc16,0.1,0.9,52.40300584732972,0.00968346157319353,0.0,0,2560,FROZEN_K10_NEIGHBOURS_PLUS_FROZEN_K10_MATCHED_RANDOM_EDGES,PERSISTENT_OPERATIONAL_NEAR_COLLISION_EVIDENCE,EVALUABLE,EXPLORATORY_CONSUMED_DIAGNOSTIC_ONLY
U0_MS,density_rate,LINEAGE,HMSO01R_A|FIELD_LINEAGE|e5fd0d86ce4eda7b6deef112c4230d6cc2c904c7a1cbb32b883405f7907c5018,0.1,0.9,52.40300584732972,0.00968346157319353,0.0,0,2560,FROZEN_K10_NEIGHBOURS_PLUS_FROZEN_K10_MATCHED_RANDOM_EDGES,PERSISTENT_OPERATIONAL_NEAR_COLLISION_EVIDENCE,EVALUABLE,EXPLORATORY_CONSUMED_DIAGNOSTIC_ONLY
U0_MS,density_rate,LINEAGE,HMSO01R_A|FIELD_LINEAGE|e6f79f1197cd7f6ad00ce2f5ddcac136ad9a2faa5584e9f390794bfb6ee07ac6,0.1,0.9,52.40300584732972,0.00968346157319353,0.0,0,2560,FROZEN_K10_NEIGHBOURS_PLUS_FROZEN_K10_MATCHED_RANDOM_EDGES,PERSISTENT_OPERATIONAL_NEAR_COLLISION_EVIDENCE,EVALUABLE,EXPLORATORY_CONSUMED_DIAGNOSTIC_ONLY
U0_MS,density_rate,LINEAGE,HMSO01R_A|FIELD_LINEAGE|e82aee0755c70810ee3fbd630ec4d3fa698e473225b4aa505b26af8a458a6400,0.1,0.9,52.40300584732972,0.00968346157319353,0.0,0,2560,FROZEN_K10_NEIGHBOURS_PLUS_FROZEN_K10_MATCHED_RANDOM_EDGES,PERSISTENT_OPERATIONAL_NEAR_COLLISION_EVIDENCE,EVALUABLE,EXPLORATORY_CONSUMED_DIAGNOSTIC_ONLY
U0_MS,density_rate,LINEAGE,HMSO01R_A|FIELD_LINEAGE|e853753ed3befc6151b8f2c4e9e3797938a7689193c2157695f0b61b8e60abc8,0.1,0.9,52.40300584732972,0.00968346157319353,0.0,0,2560,FROZEN_K10_NEIGHBOURS_PLUS_FROZEN_K10_MATCHED_RANDOM_EDGES,PERSISTENT_OPERATIONAL_NEAR_COLLISION_EVIDENCE,EVALUABLE,EXPLORATORY_CONSUMED_DIAGNOSTIC_ONLY
U0_MS,density_rate,LINEAGE,HMSO01R_A|FIELD_LINEAGE|e99701698ca3eda87704f5f32294f901f56116d9da609afcb18418d4c8a62bf2,0.1,0.9,52.40300584732972,0.00968346157319353,0.0,0,2560,FROZEN_K10_NEIGHBOURS_PLUS_FROZEN_K10_MATCHED_RANDOM_EDGES,PERSISTENT_OPERATIONAL_NEAR_COLLISION_EVIDENCE,EVALUABLE,EXPLORATORY_CONSUMED_DIAGNOSTIC_ONLY
U0_MS,density_rate,LINEAGE,HMSO01R_A|FIELD_LINEAGE|e9dc12a25958465c187afbd7ef920bc04ba98d4b232046e156979d215bd85146,0.1,0.9,52.40300584732972,0.00968346157319353,0.0,0,2560,FROZEN_K10_NEIGHBOURS_PLUS_FROZEN_K10_MATCHED_RANDOM_EDGES,PERSISTENT_OPERATIONAL_NEAR_COLLISION_EVIDENCE,EVALUABLE,EXPLORATORY_CONSUMED_DIAGNOSTIC_ONLY
U0_MS,density_rate,LINEAGE,HMSO01R_A|FIELD_LINEAGE|ea7a0f305184b5efcd1c245ec8837c3d5e92744042b12d412ef90758785acc95,0.1,0.9,52.40300584732972,0.00968346157319353,0.0,0,5120,FROZEN_K10_NEIGHBOURS_PLUS_FROZEN_K10_MATCHED_RANDOM_EDGES,PERSISTENT_OPERATIONAL_NEAR_COLLISION_EVIDENCE,EVALUABLE,EXPLORATORY_CONSUMED_DIAGNOSTIC_ONLY
U0_MS,density_rate,LINEAGE,HMSO01R_A|FIELD_LINEAGE|eadb4166638494d642712d8eabac62f88ed028f779148966c13d2efd6405fa1d,0.1,0.9,52.40300584732972,0.00968346157319353,0.0,0,2560,FROZEN_K10_NEIGHBOURS_PLUS_FROZEN_K10_MATCHED_RANDOM_EDGES,PERSISTENT_OPERATIONAL_NEAR_COLLISION_EVIDENCE,EVALUABLE,EXPLORATORY_CONSUMED_DIAGNOSTIC_ONLY
U0_MS,density_rate,LINEAGE,HMSO01R_A|FIELD_LINEAGE|ebfb44058badbf85a36d8671e914d20620f9253b30eeec0e96b5e0c20dc8e16c,0.1,0.9,52.40300584732972,0.00968346157319353,0.0,0,2560,FROZEN_K10_NEIGHBOURS_PLUS_FROZEN_K10_MATCHED_RANDOM_EDGES,PERSISTENT_OPERATIONAL_NEAR_COLLISION_EVIDENCE,EVALUABLE,EXPLORATORY_CONSUMED_DIAGNOSTIC_ONLY
U0_MS,density_rate,LINEAGE,HMSO01R_A|FIELD_LINEAGE|eee5df81575181b025958cda057ac7cb0483be4404d018db7bb2c06a63c25462,0.1,0.9,52.40300584732972,0.00968346157319353,0.0,0,2560,FROZEN_K10_NEIGHBOURS_PLUS_FROZEN_K10_MATCHED_RANDOM_EDGES,PERSISTENT_OPERATIONAL_NEAR_COLLISION_EVIDENCE,EVALUABLE,EXPLORATORY_CONSUMED_DIAGNOSTIC_ONLY
U0_MS,density_rate,LINEAGE,HMSO01R_A|FIELD_LINEAGE|f01618f1ef2fe7c85085b02f71644f843db176708a8abb6e4e05116a594e9ae3,0.1,0.9,52.40300584732972,0.00968346157319353,0.0,0,2560,FROZEN_K10_NEIGHBOURS_PLUS_FROZEN_K10_MATCHED_RANDOM_EDGES,PERSISTENT_OPERATIONAL_NEAR_COLLISION_EVIDENCE,EVALUABLE,EXPLORATORY_CONSUMED_DIAGNOSTIC_ONLY
U0_MS,density_rate,LINEAGE,HMSO01R_A|FIELD_LINEAGE|f0421338d311584916d83a8dd01c9f47b7707c5652d4192e1df422a2a9e7d57d,0.1,0.9,52.40300584732972,0.00968346157319353,0.0,0,2560,FROZEN_K10_NEIGHBOURS_PLUS_FROZEN_K10_MATCHED_RANDOM_EDGES,PERSISTENT_OPERATIONAL_NEAR_COLLISION_EVIDENCE,EVALUABLE,EXPLORATORY_CONSUMED_DIAGNOSTIC_ONLY
U0_MS,density_rate,LINEAGE,HMSO01R_A|FIELD_LINEAGE|f11020ed75e98ae018c3d951c68d3fba4bfe91afdf9eb4b7d62d0c0967429304,0.1,0.9,52.40300584732972,0.00968346157319353,0.0,0,2560,FROZEN_K10_NEIGHBOURS_PLUS_FROZEN_K10_MATCHED_RANDOM_EDGES,PERSISTENT_OPERATIONAL_NEAR_COLLISION_EVIDENCE,EVALUABLE,EXPLORATORY_CONSUMED_DIAGNOSTIC_ONLY
U0_MS,density_rate,LINEAGE,HMSO01R_A|FIELD_LINEAGE|f117df283c3988b3a51ad2a7138592681c02ac94fc8905b0ebf163745ca00f62,0.1,0.9,52.40300584732972,0.00968346157319353,0.0,0,5120,FROZEN_K10_NEIGHBOURS_PLUS_FROZEN_K10_MATCHED_RANDOM_EDGES,PERSISTENT_OPERATIONAL_NEAR_COLLISION_EVIDENCE,EVALUABLE,EXPLORATORY_CONSUMED_DIAGNOSTIC_ONLY
U0_MS,density_rate,LINEAGE,HMSO01R_A|FIELD_LINEAGE|f2247a8dfd61c19acaf6609654c9c6098f254569cd75ef6a5201803913aa1c00,0.1,0.9,52.40300584732972,0.00968346157319353,0.0,0,2560,FROZEN_K10_NEIGHBOURS_PLUS_FROZEN_K10_MATCHED_RANDOM_EDGES,PERSISTENT_OPERATIONAL_NEAR_COLLISION_EVIDENCE,EVALUABLE,EXPLORATORY_CONSUMED_DIAGNOSTIC_ONLY
U0_MS,density_rate,LINEAGE,HMSO01R_A|FIELD_LINEAGE|f2a3ceeae0e0974c878bba3a036f383f979564d7512b59be838a43b0d537377a,0.1,0.9,52.40300584732972,0.00968346157319353,0.0,0,2560,FROZEN_K10_NEIGHBOURS_PLUS_FROZEN_K10_MATCHED_RANDOM_EDGES,PERSISTENT_OPERATIONAL_NEAR_COLLISION_EVIDENCE,EVALUABLE,EXPLORATORY_CONSUMED_DIAGNOSTIC_ONLY
U0_MS,density_rate,LINEAGE,HMSO01R_A|FIELD_LINEAGE|f52ad1fbea60f2cef5c93f5785e888eaa7893de6dad0b2f7545e6d3f4e338f25,0.1,0.9,52.40300584732972,0.00968346157319353,0.0,0,2560,FROZEN_K10_NEIGHBOURS_PLUS_FROZEN_K10_MATCHED_RANDOM_EDGES,PERSISTENT_OPERATIONAL_NEAR_COLLISION_EVIDENCE,EVALUABLE,EXPLORATORY_CONSUMED_DIAGNOSTIC_ONLY
U0_MS,density_rate,LINEAGE,HMSO01R_A|FIELD_LINEAGE|f7cc0cf639be6a7e99c37868bcf630bb54f34534e2c78b36b59b7ac5ebbd1919,0.1,0.9,52.40300584732972,0.00968346157319353,0.0,0,2560,FROZEN_K10_NEIGHBOURS_PLUS_FROZEN_K10_MATCHED_RANDOM_EDGES,PERSISTENT_OPERATIONAL_NEAR_COLLISION_EVIDENCE,EVALUABLE,EXPLORATORY_CONSUMED_DIAGNOSTIC_ONLY
U0_MS,density_rate,LINEAGE,HMSO01R_A|FIELD_LINEAGE|f82108cfb75a5ece90cca0bec2aa62b5af33b3b96774d26a9d5bbde8416cb360,0.1,0.9,52.40300584732972,0.00968346157319353,0.0,0,2560,FROZEN_K10_NEIGHBOURS_PLUS_FROZEN_K10_MATCHED_RANDOM_EDGES,PERSISTENT_OPERATIONAL_NEAR_COLLISION_EVIDENCE,EVALUABLE,EXPLORATORY_CONSUMED_DIAGNOSTIC_ONLY
U0_MS,density_rate,LINEAGE,HMSO01R_A|FIELD_LINEAGE|f8fd31406421545fa9cf8bb98c251eb120eed5378ed4276493239005b13fd6f8,0.1,0.9,52.40300584732972,0.00968346157319353,0.0,0,2560,FROZEN_K10_NEIGHBOURS_PLUS_FROZEN_K10_MATCHED_RANDOM_EDGES,PERSISTENT_OPERATIONAL_NEAR_COLLISION_EVIDENCE,EVALUABLE,EXPLORATORY_CONSUMED_DIAGNOSTIC_ONLY
U0_MS,density_rate,LINEAGE,HMSO01R_A|FIELD_LINEAGE|f952117e9c8f8a564901d0507e978f58c3289c63c557fb7f3123a84dd049ba29,0.1,0.9,52.40300584732972,0.00968346157319353,0.0,0,2560,FROZEN_K10_NEIGHBOURS_PLUS_FROZEN_K10_MATCHED_RANDOM_EDGES,PERSISTENT_OPERATIONAL_NEAR_COLLISION_EVIDENCE,EVALUABLE,EXPLORATORY_CONSUMED_DIAGNOSTIC_ONLY
U0_MS,density_rate,LINEAGE,HMSO01R_A|FIELD_LINEAGE|f9a3d40825ca658eebc26e88239c04a3590f72ad95b03a86bc289649036f4117,0.1,0.9,52.40300584732972,0.00968346157319353,0.0,0,2560,FROZEN_K10_NEIGHBOURS_PLUS_FROZEN_K10_MATCHED_RANDOM_EDGES,PERSISTENT_OPERATIONAL_NEAR_COLLISION_EVIDENCE,EVALUABLE,EXPLORATORY_CONSUMED_DIAGNOSTIC_ONLY
U0_MS,density_rate,LINEAGE,HMSO01R_A|FIELD_LINEAGE|f9acbd6c60cf4de95eb27dc7c24fd369893e07d5c162236bcdc4cc91f1e5368b,0.1,0.9,52.40300584732972,0.00968346157319353,0.0,0,2560,FROZEN_K10_NEIGHBOURS_PLUS_FROZEN_K10_MATCHED_RANDOM_EDGES,PERSISTENT_OPERATIONAL_NEAR_COLLISION_EVIDENCE,EVALUABLE,EXPLORATORY_CONSUMED_DIAGNOSTIC_ONLY
U0_MS,density_rate,LINEAGE,HMSO01R_A|FIELD_LINEAGE|f9dd81299410ddb65efe58bb38fc53798a53c7f5ab1183ef52b5f93fb7daea68,0.1,0.9,52.40300584732972,0.00968346157319353,0.0,0,2560,FROZEN_K10_NEIGHBOURS_PLUS_FROZEN_K10_MATCHED_RANDOM_EDGES,PERSISTENT_OPERATIONAL_NEAR_COLLISION_EVIDENCE,EVALUABLE,EXPLORATORY_CONSUMED_DIAGNOSTIC_ONLY
U0_MS,density_rate,LINEAGE,HMSO01R_A|FIELD_LINEAGE|fa1ab395df96eb71b1cd3e5c31c1a1fe587398989c58265b21dd97a062b35ef9,0.1,0.9,52.40300584732972,0.00968346157319353,0.0,0,2560,FROZEN_K10_NEIGHBOURS_PLUS_FROZEN_K10_MATCHED_RANDOM_EDGES,PERSISTENT_OPERATIONAL_NEAR_COLLISION_EVIDENCE,EVALUABLE,EXPLORATORY_CONSUMED_DIAGNOSTIC_ONLY
U0_MS,density_rate,LINEAGE,HMSO01R_A|FIELD_LINEAGE|fd04ea3f458e107df0af85b51443fd7c576cbde1f2a34afcd2f94001f9376e64,0.1,0.9,52.40300584732972,0.00968346157319353,0.0,0,5120,FROZEN_K10_NEIGHBOURS_PLUS_FROZEN_K10_MATCHED_RANDOM_EDGES,PERSISTENT_OPERATIONAL_NEAR_COLLISION_EVIDENCE,EVALUABLE,EXPLORATORY_CONSUMED_DIAGNOSTIC_ONLY
U0_MS,density_rate,LINEAGE,HMSO01R_A|FIELD_LINEAGE|fefaa03392c6d5e862f0b98f72e148123eb5332d997aade537062f72a6e1a99c,0.1,0.9,52.40300584732972,0.00968346157319353,0.0,0,2560,FROZEN_K10_NEIGHBOURS_PLUS_FROZEN_K10_MATCHED_RANDOM_EDGES,PERSISTENT_OPERATIONAL_NEAR_COLLISION_EVIDENCE,EVALUABLE,EXPLORATORY_CONSUMED_DIAGNOSTIC_ONLY
U0_MS,density_rate,LINEAGE,HMSO01R_A|FIELD_LINEAGE|ff441cbe04ac4f8f63fd24360c00fa41becbfbb5a6acdf59e4dfd55c77c15642,0.1,0.9,52.40300584732972,0.00968346157319353,0.0,0,2560,FROZEN_K10_NEIGHBOURS_PLUS_FROZEN_K10_MATCHED_RANDOM_EDGES,PERSISTENT_OPERATIONAL_NEAR_COLLISION_EVIDENCE,EVALUABLE,EXPLORATORY_CONSUMED_DIAGNOSTIC_ONLY
U0_MS,pressure_gradient_acceleration,OVERALL,ALL,0.1,0.9,52.40300584732972,2.929966359218237,0.0015696207682291666,1543,983040,FROZEN_K10_NEIGHBOURS_PLUS_FROZEN_K10_MATCHED_RANDOM_EDGES,PERSISTENT_OPERATIONAL_NEAR_COLLISION_EVIDENCE,EVALUABLE,EXPLORATORY_CONSUMED_DIAGNOSTIC_ONLY
U0_MS,pressure_gradient_acceleration,FOLD,FOLD_0,0.1,0.9,52.40300584732972,2.929966359218237,0.0,0,189440,FROZEN_K10_NEIGHBOURS_PLUS_FROZEN_K10_MATCHED_RANDOM_EDGES,PERSISTENT_OPERATIONAL_NEAR_COLLISION_EVIDENCE,EVALUABLE,EXPLORATORY_CONSUMED_DIAGNOSTIC_ONLY
U0_MS,pressure_gradient_acceleration,FOLD,FOLD_1,0.1,0.9,52.40300584732972,2.929966359218237,0.0040345982142857145,723,179200,FROZEN_K10_NEIGHBOURS_PLUS_FROZEN_K10_MATCHED_RANDOM_EDGES,PERSISTENT_OPERATIONAL_NEAR_COLLISION_EVIDENCE,EVALUABLE,EXPLORATORY_CONSUMED_DIAGNOSTIC_ONLY
U0_MS,pressure_gradient_acceleration,FOLD,FOLD_2,0.1,0.9,52.40300584732972,2.929966359218237,0.00042212701612903225,67,158720,FROZEN_K10_NEIGHBOURS_PLUS_FROZEN_K10_MATCHED_RANDOM_EDGES,PERSISTENT_OPERATIONAL_NEAR_COLLISION_EVIDENCE,EVALUABLE,EXPLORATORY_CONSUMED_DIAGNOSTIC_ONLY
U0_MS,pressure_gradient_acceleration,FOLD,FOLD_3,0.1,0.9,52.40300584732972,2.929966359218237,9.931144067796611e-05,15,151040,FROZEN_K10_NEIGHBOURS_PLUS_FROZEN_K10_MATCHED_RANDOM_EDGES,PERSISTENT_OPERATIONAL_NEAR_COLLISION_EVIDENCE,EVALUABLE,EXPLORATORY_CONSUMED_DIAGNOSTIC_ONLY
U0_MS,pressure_gradient_acceleration,FOLD,FOLD_4,0.1,0.9,52.40300584732972,2.929966359218237,0.000211864406779661,32,151040,FROZEN_K10_NEIGHBOURS_PLUS_FROZEN_K10_MATCHED_RANDOM_EDGES,PERSISTENT_OPERATIONAL_NEAR_COLLISION_EVIDENCE,EVALUABLE,EXPLORATORY_CONSUMED_DIAGNOSTIC_ONLY
U0_MS,pressure_gradient_acceleration,FOLD,FOLD_5,0.1,0.9,52.40300584732972,2.929966359218237,0.004596354166666667,706,153600,FROZEN_K10_NEIGHBOURS_PLUS_FROZEN_K10_MATCHED_RANDOM_EDGES,PERSISTENT_OPERATIONAL_NEAR_COLLISION_EVIDENCE,EVALUABLE,EXPLORATORY_CONSUMED_DIAGNOSTIC_ONLY
U0_MS,pressure_gradient_acceleration,FAMILY,F1,0.1,0.9,52.40300584732972,2.929966359218237,0.006209309895833333,1526,245760,FROZEN_K10_NEIGHBOURS_PLUS_FROZEN_K10_MATCHED_RANDOM_EDGES,PERSISTENT_OPERATIONAL_NEAR_COLLISION_EVIDENCE,EVALUABLE,EXPLORATORY_CONSUMED_DIAGNOSTIC_ONLY
U0_MS,pressure_gradient_acceleration,FAMILY,F2,0.1,0.9,52.40300584732972,2.929966359218237,3.255208333333333e-05,8,245760,FROZEN_K10_NEIGHBOURS_PLUS_FROZEN_K10_MATCHED_RANDOM_EDGES,PERSISTENT_OPERATIONAL_NEAR_COLLISION_EVIDENCE,EVALUABLE,EXPLORATORY_CONSUMED_DIAGNOSTIC_ONLY
U0_MS,pressure_gradient_acceleration,FAMILY,F3,0.1,0.9,52.40300584732972,2.929966359218237,2.0345052083333332e-05,5,245760,FROZEN_K10_NEIGHBOURS_PLUS_FROZEN_K10_MATCHED_RANDOM_EDGES,PERSISTENT_OPERATIONAL_NEAR_COLLISION_EVIDENCE,EVALUABLE,EXPLORATORY_CONSUMED_DIAGNOSTIC_ONLY
U0_MS,pressure_gradient_acceleration,FAMILY,F4,0.1,0.9,52.40300584732972,2.929966359218237,1.6276041666666666e-05,4,245760,FROZEN_K10_NEIGHBOURS_PLUS_FROZEN_K10_MATCHED_RANDOM_EDGES,PERSISTENT_OPERATIONAL_NEAR_COLLISION_EVIDENCE,EVALUABLE,EXPLORATORY_CONSUMED_DIAGNOSTIC_ONLY
U0_MS,pressure_gradient_acceleration,FAMILY_FOLD,F1|FOLD_0,0.1,0.9,52.40300584732972,2.929966359218237,0.0,0,43520,FROZEN_K10_NEIGHBOURS_PLUS_FROZEN_K10_MATCHED_RANDOM_EDGES,PERSISTENT_OPERATIONAL_NEAR_COLLISION_EVIDENCE,EVALUABLE,EXPLORATORY_CONSUMED_DIAGNOSTIC_ONLY
U0_MS,pressure_gradient_acceleration,FAMILY_FOLD,F2|FOLD_0,0.1,0.9,52.40300584732972,2.929966359218237,0.0,0,40960,FROZEN_K10_NEIGHBOURS_PLUS_FROZEN_K10_MATCHED_RANDOM_EDGES,PERSISTENT_OPERATIONAL_NEAR_COLLISION_EVIDENCE,EVALUABLE,EXPLORATORY_CONSUMED_DIAGNOSTIC_ONLY
U0_MS,pressure_gradient_acceleration,FAMILY_FOLD,F3|FOLD_0,0.1,0.9,52.40300584732972,2.929966359218237,0.0,0,43520,FROZEN_K10_NEIGHBOURS_PLUS_FROZEN_K10_MATCHED_RANDOM_EDGES,PERSISTENT_OPERATIONAL_NEAR_COLLISION_EVIDENCE,EVALUABLE,EXPLORATORY_CONSUMED_DIAGNOSTIC_ONLY
U0_MS,pressure_gradient_acceleration,FAMILY_FOLD,F4|FOLD_0,0.1,0.9,52.40300584732972,2.929966359218237,0.0,0,61440,FROZEN_K10_NEIGHBOURS_PLUS_FROZEN_K10_MATCHED_RANDOM_EDGES,PERSISTENT_OPERATIONAL_NEAR_COLLISION_EVIDENCE,EVALUABLE,EXPLORATORY_CONSUMED_DIAGNOSTIC_ONLY
U0_MS,pressure_gradient_acceleration,FAMILY_FOLD,F1|FOLD_1,0.1,0.9,52.40300584732972,2.929966359218237,0.01875,720,38400,FROZEN_K10_NEIGHBOURS_PLUS_FROZEN_K10_MATCHED_RANDOM_EDGES,PERSISTENT_OPERATIONAL_NEAR_COLLISION_EVIDENCE,EVALUABLE,EXPLORATORY_CONSUMED_DIAGNOSTIC_ONLY
U0_MS,pressure_gradient_acceleration,FAMILY_FOLD,F2|FOLD_1,0.1,0.9,52.40300584732972,2.929966359218237,0.0,0,38400,FROZEN_K10_NEIGHBOURS_PLUS_FROZEN_K10_MATCHED_RANDOM_EDGES,PERSISTENT_OPERATIONAL_NEAR_COLLISION_EVIDENCE,EVALUABLE,EXPLORATORY_CONSUMED_DIAGNOSTIC_ONLY
U0_MS,pressure_gradient_acceleration,FAMILY_FOLD,F3|FOLD_1,0.1,0.9,52.40300584732972,2.929966359218237,0.0,0,40960,FROZEN_K10_NEIGHBOURS_PLUS_FROZEN_K10_MATCHED_RANDOM_EDGES,PERSISTENT_OPERATIONAL_NEAR_COLLISION_EVIDENCE,EVALUABLE,EXPLORATORY_CONSUMED_DIAGNOSTIC_ONLY
U0_MS,pressure_gradient_acceleration,FAMILY_FOLD,F4|FOLD_1,0.1,0.9,52.40300584732972,2.929966359218237,4.8828125e-05,3,61440,FROZEN_K10_NEIGHBOURS_PLUS_FROZEN_K10_MATCHED_RANDOM_EDGES,PERSISTENT_OPERATIONAL_NEAR_COLLISION_EVIDENCE,EVALUABLE,EXPLORATORY_CONSUMED_DIAGNOSTIC_ONLY
U0_MS,pressure_gradient_acceleration,FAMILY_FOLD,F1|FOLD_2,0.1,0.9,52.40300584732972,2.929966359218237,0.0015104166666666666,58,38400,FROZEN_K10_NEIGHBOURS_PLUS_FROZEN_K10_MATCHED_RANDOM_EDGES,PERSISTENT_OPERATIONAL_NEAR_COLLISION_EVIDENCE,EVALUABLE,EXPLORATORY_CONSUMED_DIAGNOSTIC_ONLY
U0_MS,pressure_gradient_acceleration,FAMILY_FOLD,F2|FOLD_2,0.1,0.9,52.40300584732972,2.929966359218237,0.00010850694444444444,5,46080,FROZEN_K10_NEIGHBOURS_PLUS_FROZEN_K10_MATCHED_RANDOM_EDGES,PERSISTENT_OPERATIONAL_NEAR_COLLISION_EVIDENCE,EVALUABLE,EXPLORATORY_CONSUMED_DIAGNOSTIC_ONLY
U0_MS,pressure_gradient_acceleration,FAMILY_FOLD,F3|FOLD_2,0.1,0.9,52.40300584732972,2.929966359218237,9.191176470588235e-05,4,43520,FROZEN_K10_NEIGHBOURS_PLUS_FROZEN_K10_MATCHED_RANDOM_EDGES,PERSISTENT_OPERATIONAL_NEAR_COLLISION_EVIDENCE,EVALUABLE,EXPLORATORY_CONSUMED_DIAGNOSTIC_ONLY
U0_MS,pressure_gradient_acceleration,FAMILY_FOLD,F4|FOLD_2,0.1,0.9,52.40300584732972,2.929966359218237,0.0,0,30720,FROZEN_K10_NEIGHBOURS_PLUS_FROZEN_K10_MATCHED_RANDOM_EDGES,PERSISTENT_OPERATIONAL_NEAR_COLLISION_EVIDENCE,EVALUABLE,EXPLORATORY_CONSUMED_DIAGNOSTIC_ONLY
U0_MS,pressure_gradient_acceleration,FAMILY_FOLD,F1|FOLD_3,0.1,0.9,52.40300584732972,2.929966359218237,0.000341796875,14,40960,FROZEN_K10_NEIGHBOURS_PLUS_FROZEN_K10_MATCHED_RANDOM_EDGES,PERSISTENT_OPERATIONAL_NEAR_COLLISION_EVIDENCE,EVALUABLE,EXPLORATORY_CONSUMED_DIAGNOSTIC_ONLY
U0_MS,pressure_gradient_acceleration,FAMILY_FOLD,F2|FOLD_3,0.1,0.9,52.40300584732972,2.929966359218237,0.0,0,35840,FROZEN_K10_NEIGHBOURS_PLUS_FROZEN_K10_MATCHED_RANDOM_EDGES,PERSISTENT_OPERATIONAL_NEAR_COLLISION_EVIDENCE,EVALUABLE,EXPLORATORY_CONSUMED_DIAGNOSTIC_ONLY
U0_MS,pressure_gradient_acceleration,FAMILY_FOLD,F3|FOLD_3,0.1,0.9,52.40300584732972,2.929966359218237,2.2977941176470588e-05,1,43520,FROZEN_K10_NEIGHBOURS_PLUS_FROZEN_K10_MATCHED_RANDOM_EDGES,PERSISTENT_OPERATIONAL_NEAR_COLLISION_EVIDENCE,EVALUABLE,EXPLORATORY_CONSUMED_DIAGNOSTIC_ONLY
U0_MS,pressure_gradient_acceleration,FAMILY_FOLD,F4|FOLD_3,0.1,0.9,52.40300584732972,2.929966359218237,0.0,0,30720,FROZEN_K10_NEIGHBOURS_PLUS_FROZEN_K10_MATCHED_RANDOM_EDGES,PERSISTENT_OPERATIONAL_NEAR_COLLISION_EVIDENCE,EVALUABLE,EXPLORATORY_CONSUMED_DIAGNOSTIC_ONLY
U0_MS,pressure_gradient_acceleration,FAMILY_FOLD,F1|FOLD_4,0.1,0.9,52.40300584732972,2.929966359218237,0.0006663602941176471,29,43520,FROZEN_K10_NEIGHBOURS_PLUS_FROZEN_K10_MATCHED_RANDOM_EDGES,PERSISTENT_OPERATIONAL_NEAR_COLLISION_EVIDENCE,EVALUABLE,EXPLORATORY_CONSUMED_DIAGNOSTIC_ONLY
U0_MS,pressure_gradient_acceleration,FAMILY_FOLD,F2|FOLD_4,0.1,0.9,52.40300584732972,2.929966359218237,6.893382352941176e-05,3,43520,FROZEN_K10_NEIGHBOURS_PLUS_FROZEN_K10_MATCHED_RANDOM_EDGES,PERSISTENT_OPERATIONAL_NEAR_COLLISION_EVIDENCE,EVALUABLE,EXPLORATORY_CONSUMED_DIAGNOSTIC_ONLY
U0_MS,pressure_gradient_acceleration,FAMILY_FOLD,F3|FOLD_4,0.1,0.9,52.40300584732972,2.929966359218237,0.0,0,33280,FROZEN_K10_NEIGHBOURS_PLUS_FROZEN_K10_MATCHED_RANDOM_EDGES,PERSISTENT_OPERATIONAL_NEAR_COLLISION_EVIDENCE,EVALUABLE,EXPLORATORY_CONSUMED_DIAGNOSTIC_ONLY
U0_MS,pressure_gradient_acceleration,FAMILY_FOLD,F4|FOLD_4,0.1,0.9,52.40300584732972,2.929966359218237,0.0,0,30720,FROZEN_K10_NEIGHBOURS_PLUS_FROZEN_K10_MATCHED_RANDOM_EDGES,PERSISTENT_OPERATIONAL_NEAR_COLLISION_EVIDENCE,EVALUABLE,EXPLORATORY_CONSUMED_DIAGNOSTIC_ONLY
U0_MS,pressure_gradient_acceleration,FAMILY_FOLD,F1|FOLD_5,0.1,0.9,52.40300584732972,2.929966359218237,0.0172119140625,705,40960,FROZEN_K10_NEIGHBOURS_PLUS_FROZEN_K10_MATCHED_RANDOM_EDGES,PERSISTENT_OPERATIONAL_NEAR_COLLISION_EVIDENCE,EVALUABLE,EXPLORATORY_CONSUMED_DIAGNOSTIC_ONLY
U0_MS,pressure_gradient_acceleration,FAMILY_FOLD,F2|FOLD_5,0.1,0.9,52.40300584732972,2.929966359218237,0.0,0,40960,FROZEN_K10_NEIGHBOURS_PLUS_FROZEN_K10_MATCHED_RANDOM_EDGES,PERSISTENT_OPERATIONAL_NEAR_COLLISION_EVIDENCE,EVALUABLE,EXPLORATORY_CONSUMED_DIAGNOSTIC_ONLY
U0_MS,pressure_gradient_acceleration,FAMILY_FOLD,F3|FOLD_5,0.1,0.9,52.40300584732972,2.929966359218237,0.0,0,40960,FROZEN_K10_NEIGHBOURS_PLUS_FROZEN_K10_MATCHED_RANDOM_EDGES,PERSISTENT_OPERATIONAL_NEAR_COLLISION_EVIDENCE,EVALUABLE,EXPLORATORY_CONSUMED_DIAGNOSTIC_ONLY
U0_MS,pressure_gradient_acceleration,FAMILY_FOLD,F4|FOLD_5,0.1,0.9,52.40300584732972,2.929966359218237,3.255208333333333e-05,1,30720,FROZEN_K10_NEIGHBOURS_PLUS_FROZEN_K10_MATCHED_RANDOM_EDGES,PERSISTENT_OPERATIONAL_NEAR_COLLISION_EVIDENCE,EVALUABLE,EXPLORATORY_CONSUMED_DIAGNOSTIC_ONLY
U0_MS,pressure_gradient_acceleration,LINEAGE,HMSO01R_A|FIELD_LINEAGE|008a4638c8cb2247bc6cd62f75f3daa09b2e49ba7d73812777f0a31f466efb5e,0.1,0.9,52.40300584732972,2.929966359218237,0.0,0,2560,FROZEN_K10_NEIGHBOURS_PLUS_FROZEN_K10_MATCHED_RANDOM_EDGES,PERSISTENT_OPERATIONAL_NEAR_COLLISION_EVIDENCE,EVALUABLE,EXPLORATORY_CONSUMED_DIAGNOSTIC_ONLY
U0_MS,pressure_gradient_acceleration,LINEAGE,HMSO01R_A|FIELD_LINEAGE|0183a54dead296f9ee3dee43dc4041188299c7e551f4c9c6bfbe94dc055e54ad,0.1,0.9,52.40300584732972,2.929966359218237,0.0,0,5120,FROZEN_K10_NEIGHBOURS_PLUS_FROZEN_K10_MATCHED_RANDOM_EDGES,PERSISTENT_OPERATIONAL_NEAR_COLLISION_EVIDENCE,EVALUABLE,EXPLORATORY_CONSUMED_DIAGNOSTIC_ONLY
U0_MS,pressure_gradient_acceleration,LINEAGE,HMSO01R_A|FIELD_LINEAGE|0280053dfd6ee65fbd80522b2b04964154d57f31de1cc5d0449972791fa285ea,0.1,0.9,52.40300584732972,2.929966359218237,0.0,0,2560,FROZEN_K10_NEIGHBOURS_PLUS_FROZEN_K10_MATCHED_RANDOM_EDGES,PERSISTENT_OPERATIONAL_NEAR_COLLISION_EVIDENCE,EVALUABLE,EXPLORATORY_CONSUMED_DIAGNOSTIC_ONLY
U0_MS,pressure_gradient_acceleration,LINEAGE,HMSO01R_A|FIELD_LINEAGE|02a8e9bf168ff7b6159072e41013ee435870f1006dfd3aa95840b1c132f5aafb,0.1,0.9,52.40300584732972,2.929966359218237,0.000390625,1,2560,FROZEN_K10_NEIGHBOURS_PLUS_FROZEN_K10_MATCHED_RANDOM_EDGES,PERSISTENT_OPERATIONAL_NEAR_COLLISION_EVIDENCE,EVALUABLE,EXPLORATORY_CONSUMED_DIAGNOSTIC_ONLY
U0_MS,pressure_gradient_acceleration,LINEAGE,HMSO01R_A|FIELD_LINEAGE|0404a47ad84d3ab6d4cc0dbf7c8fea97f3bca817bfb6ce9e4a0d96e074c1229f,0.1,0.9,52.40300584732972,2.929966359218237,0.0,0,2560,FROZEN_K10_NEIGHBOURS_PLUS_FROZEN_K10_MATCHED_RANDOM_EDGES,PERSISTENT_OPERATIONAL_NEAR_COLLISION_EVIDENCE,EVALUABLE,EXPLORATORY_CONSUMED_DIAGNOSTIC_ONLY
U0_MS,pressure_gradient_acceleration,LINEAGE,HMSO01R_A|FIELD_LINEAGE|04cc9f11103eaca809c304d2c5e7176a0ac510070bc43c67da76cab1f9c23ed7,0.1,0.9,52.40300584732972,2.929966359218237,0.0,0,2560,FROZEN_K10_NEIGHBOURS_PLUS_FROZEN_K10_MATCHED_RANDOM_EDGES,PERSISTENT_OPERATIONAL_NEAR_COLLISION_EVIDENCE,EVALUABLE,EXPLORATORY_CONSUMED_DIAGNOSTIC_ONLY
U0_MS,pressure_gradient_acceleration,LINEAGE,HMSO01R_A|FIELD_LINEAGE|051eaa0f00871ac3de3987b76f15e88e4e718676447cf96853b1d9836e56f4a9,0.1,0.9,52.40300584732972,2.929966359218237,0.0,0,5120,FROZEN_K10_NEIGHBOURS_PLUS_FROZEN_K10_MATCHED_RANDOM_EDGES,PERSISTENT_OPERATIONAL_NEAR_COLLISION_EVIDENCE,EVALUABLE,EXPLORATORY_CONSUMED_DIAGNOSTIC_ONLY
U0_MS,pressure_gradient_acceleration,LINEAGE,HMSO01R_A|FIELD_LINEAGE|05638fa6abec8d1f9d2070785cb5b62bc36d80415fcae04a6c6b1419139c3003,0.1,0.9,52.40300584732972,2.929966359218237,0.0080078125,41,5120,FROZEN_K10_NEIGHBOURS_PLUS_FROZEN_K10_MATCHED_RANDOM_EDGES,PERSISTENT_OPERATIONAL_NEAR_COLLISION_EVIDENCE,EVALUABLE,EXPLORATORY_CONSUMED_DIAGNOSTIC_ONLY
U0_MS,pressure_gradient_acceleration,LINEAGE,HMSO01R_A|FIELD_LINEAGE|065caad01d0036cc45e094366cffda53edef5d184f8c28ff280e81478dd5499f,0.1,0.9,52.40300584732972,2.929966359218237,0.0,0,2560,FROZEN_K10_NEIGHBOURS_PLUS_FROZEN_K10_MATCHED_RANDOM_EDGES,PERSISTENT_OPERATIONAL_NEAR_COLLISION_EVIDENCE,EVALUABLE,EXPLORATORY_CONSUMED_DIAGNOSTIC_ONLY
U0_MS,pressure_gradient_acceleration,LINEAGE,HMSO01R_A|FIELD_LINEAGE|06c31c418b756da4f49834b1270295e826a9807f080171a34a3e7c250369709c,0.1,0.9,52.40300584732972,2.929966359218237,0.0,0,30720,FROZEN_K10_NEIGHBOURS_PLUS_FROZEN_K10_MATCHED_RANDOM_EDGES,PERSISTENT_OPERATIONAL_NEAR_COLLISION_EVIDENCE,EVALUABLE,EXPLORATORY_CONSUMED_DIAGNOSTIC_ONLY
U0_MS,pressure_gradient_acceleration,LINEAGE,HMSO01R_A|FIELD_LINEAGE|06c5b0d79a6fc40df74bc047659e629ea096b0eb47ce7956bd3f7d012a8211c7,0.1,0.9,52.40300584732972,2.929966359218237,0.0006510416666666666,5,7680,FROZEN_K10_NEIGHBOURS_PLUS_FROZEN_K10_MATCHED_RANDOM_EDGES,PERSISTENT_OPERATIONAL_NEAR_COLLISION_EVIDENCE,EVALUABLE,EXPLORATORY_CONSUMED_DIAGNOSTIC_ONLY
U0_MS,pressure_gradient_acceleration,LINEAGE,HMSO01R_A|FIELD_LINEAGE|07ef870a5e517a728f6e4939e44adb6e41abac7dca46a1a2247aeb449ae2b2b6,0.1,0.9,52.40300584732972,2.929966359218237,0.0,0,5120,FROZEN_K10_NEIGHBOURS_PLUS_FROZEN_K10_MATCHED_RANDOM_EDGES,PERSISTENT_OPERATIONAL_NEAR_COLLISION_EVIDENCE,EVALUABLE,EXPLORATORY_CONSUMED_DIAGNOSTIC_ONLY
U0_MS,pressure_gradient_acceleration,LINEAGE,HMSO01R_A|FIELD_LINEAGE|092a3e161c8ce70f083c10130918ff7fb36de994b41e81b7dfb0e04366314a2c,0.1,0.9,52.40300584732972,2.929966359218237,0.0,0,2560,FROZEN_K10_NEIGHBOURS_PLUS_FROZEN_K10_MATCHED_RANDOM_EDGES,PERSISTENT_OPERATIONAL_NEAR_COLLISION_EVIDENCE,EVALUABLE,EXPLORATORY_CONSUMED_DIAGNOSTIC_ONLY
U0_MS,pressure_gradient_acceleration,LINEAGE,HMSO01R_A|FIELD_LINEAGE|093dc802dc5954d756689fb97f687ee9b46c368f5fe625c807448d3bc43a1926,0.1,0.9,52.40300584732972,2.929966359218237,0.0,0,2560,FROZEN_K10_NEIGHBOURS_PLUS_FROZEN_K10_MATCHED_RANDOM_EDGES,PERSISTENT_OPERATIONAL_NEAR_COLLISION_EVIDENCE,EVALUABLE,EXPLORATORY_CONSUMED_DIAGNOSTIC_ONLY
U0_MS,pressure_gradient_acceleration,LINEAGE,HMSO01R_A|FIELD_LINEAGE|0a252563daa08b1ab13bdaf89c42f5f5445076fcfec6feb203abcad9de8ed55a,0.1,0.9,52.40300584732972,2.929966359218237,0.0,0,7680,FROZEN_K10_NEIGHBOURS_PLUS_FROZEN_K10_MATCHED_RANDOM_EDGES,PERSISTENT_OPERATIONAL_NEAR_COLLISION_EVIDENCE,EVALUABLE,EXPLORATORY_CONSUMED_DIAGNOSTIC_ONLY
U0_MS,pressure_gradient_acceleration,LINEAGE,HMSO01R_A|FIELD_LINEAGE|0ac3210ffe07941071125618f2e4ad4f522063f7735eb12854083a5cf3b96fca,0.1,0.9,52.40300584732972,2.929966359218237,0.0,0,2560,FROZEN_K10_NEIGHBOURS_PLUS_FROZEN_K10_MATCHED_RANDOM_EDGES,PERSISTENT_OPERATIONAL_NEAR_COLLISION_EVIDENCE,EVALUABLE,EXPLORATORY_CONSUMED_DIAGNOSTIC_ONLY
U0_MS,pressure_gradient_acceleration,LINEAGE,HMSO01R_A|FIELD_LINEAGE|0af73c913450206e45697078b9ff423d2fbe56a236026748e22945b9fe394efb,0.1,0.9,52.40300584732972,2.929966359218237,0.0,0,2560,FROZEN_K10_NEIGHBOURS_PLUS_FROZEN_K10_MATCHED_RANDOM_EDGES,PERSISTENT_OPERATIONAL_NEAR_COLLISION_EVIDENCE,EVALUABLE,EXPLORATORY_CONSUMED_DIAGNOSTIC_ONLY
U0_MS,pressure_gradient_acceleration,LINEAGE,HMSO01R_A|FIELD_LINEAGE|0d095ad04875a9db82a8c6062fc3703d3296558fc88db157a4ad79a6317e27a5,0.1,0.9,52.40300584732972,2.929966359218237,0.0,0,5120,FROZEN_K10_NEIGHBOURS_PLUS_FROZEN_K10_MATCHED_RANDOM_EDGES,PERSISTENT_OPERATIONAL_NEAR_COLLISION_EVIDENCE,EVALUABLE,EXPLORATORY_CONSUMED_DIAGNOSTIC_ONLY
U0_MS,pressure_gradient_acceleration,LINEAGE,HMSO01R_A|FIELD_LINEAGE|0d9a0fc9b5f4f20cb32cc24ac6db7a1e45276ec79661381e7e476b453759d6b0,0.1,0.9,52.40300584732972,2.929966359218237,0.0,0,2560,FROZEN_K10_NEIGHBOURS_PLUS_FROZEN_K10_MATCHED_RANDOM_EDGES,PERSISTENT_OPERATIONAL_NEAR_COLLISION_EVIDENCE,EVALUABLE,EXPLORATORY_CONSUMED_DIAGNOSTIC_ONLY
U0_MS,pressure_gradient_acceleration,LINEAGE,HMSO01R_A|FIELD_LINEAGE|0da6210822c1316c7a077be78ae0c871024433732125f17a7f978f92e0d637e1,0.1,0.9,52.40300584732972,2.929966359218237,0.0,0,2560,FROZEN_K10_NEIGHBOURS_PLUS_FROZEN_K10_MATCHED_RANDOM_EDGES,PERSISTENT_OPERATIONAL_NEAR_COLLISION_EVIDENCE,EVALUABLE,EXPLORATORY_CONSUMED_DIAGNOSTIC_ONLY
U0_MS,pressure_gradient_acceleration,LINEAGE,HMSO01R_A|FIELD_LINEAGE|0ddf6cdd096735cc15f4456489e1d58f77aa80618dad5da96cca18e59be60b9c,0.1,0.9,52.40300584732972,2.929966359218237,0.0,0,2560,FROZEN_K10_NEIGHBOURS_PLUS_FROZEN_K10_MATCHED_RANDOM_EDGES,PERSISTENT_OPERATIONAL_NEAR_COLLISION_EVIDENCE,EVALUABLE,EXPLORATORY_CONSUMED_DIAGNOSTIC_ONLY
U0_MS,pressure_gradient_acceleration,LINEAGE,HMSO01R_A|FIELD_LINEAGE|0e65acebdbaa92caa4bcb30c2a0feac4a5469aac1dd76780539181916f956f58,0.1,0.9,52.40300584732972,2.929966359218237,0.0,0,2560,FROZEN_K10_NEIGHBOURS_PLUS_FROZEN_K10_MATCHED_RANDOM_EDGES,PERSISTENT_OPERATIONAL_NEAR_COLLISION_EVIDENCE,EVALUABLE,EXPLORATORY_CONSUMED_DIAGNOSTIC_ONLY
U0_MS,pressure_gradient_acceleration,LINEAGE,HMSO01R_A|FIELD_LINEAGE|0e85d8db167a222553e045c2d06d7055fe817db60fe9573c8fc78f52ed1f8615,0.1,0.9,52.40300584732972,2.929966359218237,0.0,0,2560,FROZEN_K10_NEIGHBOURS_PLUS_FROZEN_K10_MATCHED_RANDOM_EDGES,PERSISTENT_OPERATIONAL_NEAR_COLLISION_EVIDENCE,EVALUABLE,EXPLORATORY_CONSUMED_DIAGNOSTIC_ONLY
U0_MS,pressure_gradient_acceleration,LINEAGE,HMSO01R_A|FIELD_LINEAGE|0f0f1b8e6d3d2de7f2739e4c27aed7f4a0fa84df148b19d95d7dbbf8ec12bea3,0.1,0.9,52.40300584732972,2.929966359218237,0.0,0,2560,FROZEN_K10_NEIGHBOURS_PLUS_FROZEN_K10_MATCHED_RANDOM_EDGES,PERSISTENT_OPERATIONAL_NEAR_COLLISION_EVIDENCE,EVALUABLE,EXPLORATORY_CONSUMED_DIAGNOSTIC_ONLY
U0_MS,pressure_gradient_acceleration,LINEAGE,HMSO01R_A|FIELD_LINEAGE|0f49beb059c8327e240fa524ede4b5d0ddc16e0eb915fce826282146040c0e20,0.1,0.9,52.40300584732972,2.929966359218237,0.0,0,5120,FROZEN_K10_NEIGHBOURS_PLUS_FROZEN_K10_MATCHED_RANDOM_EDGES,PERSISTENT_OPERATIONAL_NEAR_COLLISION_EVIDENCE,EVALUABLE,EXPLORATORY_CONSUMED_DIAGNOSTIC_ONLY
U0_MS,pressure_gradient_acceleration,LINEAGE,HMSO01R_A|FIELD_LINEAGE|0fdda9072ffc8d97ff7e0441813be2217cbf8a41c67bef8c56cb65c5e8c889e5,0.1,0.9,52.40300584732972,2.929966359218237,0.0,0,2560,FROZEN_K10_NEIGHBOURS_PLUS_FROZEN_K10_MATCHED_RANDOM_EDGES,PERSISTENT_OPERATIONAL_NEAR_COLLISION_EVIDENCE,EVALUABLE,EXPLORATORY_CONSUMED_DIAGNOSTIC_ONLY
U0_MS,pressure_gradient_acceleration,LINEAGE,HMSO01R_A|FIELD_LINEAGE|1014832cdbdd8f9e416c91cfffc398c0221e1acf20617efe558f4efd66f3578a,0.1,0.9,52.40300584732972,2.929966359218237,0.001171875,3,2560,FROZEN_K10_NEIGHBOURS_PLUS_FROZEN_K10_MATCHED_RANDOM_EDGES,PERSISTENT_OPERATIONAL_NEAR_COLLISION_EVIDENCE,EVALUABLE,EXPLORATORY_CONSUMED_DIAGNOSTIC_ONLY
U0_MS,pressure_gradient_acceleration,LINEAGE,HMSO01R_A|FIELD_LINEAGE|101e8ab2bfdfa561a79b7bef11d98c5487b65f400bdd7d35b17d61b9746e280e,0.1,0.9,52.40300584732972,2.929966359218237,0.0,0,2560,FROZEN_K10_NEIGHBOURS_PLUS_FROZEN_K10_MATCHED_RANDOM_EDGES,PERSISTENT_OPERATIONAL_NEAR_COLLISION_EVIDENCE,EVALUABLE,EXPLORATORY_CONSUMED_DIAGNOSTIC_ONLY
U0_MS,pressure_gradient_acceleration,LINEAGE,HMSO01R_A|FIELD_LINEAGE|10ec2dec79c0538398e95e49cd33ade9183e905d4ea4b212dcd4e7ec34fc5546,0.1,0.9,52.40300584732972,2.929966359218237,0.003125,8,2560,FROZEN_K10_NEIGHBOURS_PLUS_FROZEN_K10_MATCHED_RANDOM_EDGES,PERSISTENT_OPERATIONAL_NEAR_COLLISION_EVIDENCE,EVALUABLE,EXPLORATORY_CONSUMED_DIAGNOSTIC_ONLY
U0_MS,pressure_gradient_acceleration,LINEAGE,HMSO01R_A|FIELD_LINEAGE|11fde86949c379fe2021d6c74cae47b21d76fdf394512bb275cf864fa8a207c8,0.1,0.9,52.40300584732972,2.929966359218237,0.0,0,2560,FROZEN_K10_NEIGHBOURS_PLUS_FROZEN_K10_MATCHED_RANDOM_EDGES,PERSISTENT_OPERATIONAL_NEAR_COLLISION_EVIDENCE,EVALUABLE,EXPLORATORY_CONSUMED_DIAGNOSTIC_ONLY
U0_MS,pressure_gradient_acceleration,LINEAGE,HMSO01R_A|FIELD_LINEAGE|14fde0d6f8e15a741b90398f93d73484586c3eb3479f620760208e87c5b3db6c,0.1,0.9,52.40300584732972,2.929966359218237,0.0,0,2560,FROZEN_K10_NEIGHBOURS_PLUS_FROZEN_K10_MATCHED_RANDOM_EDGES,PERSISTENT_OPERATIONAL_NEAR_COLLISION_EVIDENCE,EVALUABLE,EXPLORATORY_CONSUMED_DIAGNOSTIC_ONLY
U0_MS,pressure_gradient_acceleration,LINEAGE,HMSO01R_A|FIELD_LINEAGE|15651b29629c1bcfb68ed12ef597d6352232a9bc607eac6bb7e574563cec2b00,0.1,0.9,52.40300584732972,2.929966359218237,0.0,0,5120,FROZEN_K10_NEIGHBOURS_PLUS_FROZEN_K10_MATCHED_RANDOM_EDGES,PERSISTENT_OPERATIONAL_NEAR_COLLISION_EVIDENCE,EVALUABLE,EXPLORATORY_CONSUMED_DIAGNOSTIC_ONLY
U0_MS,pressure_gradient_acceleration,LINEAGE,HMSO01R_A|FIELD_LINEAGE|16eb11153f438a544fbde5e29c9d4f0fc922c6cc49338ba6f7c68206ac580c7f,0.1,0.9,52.40300584732972,2.929966359218237,0.0,0,2560,FROZEN_K10_NEIGHBOURS_PLUS_FROZEN_K10_MATCHED_RANDOM_EDGES,PERSISTENT_OPERATIONAL_NEAR_COLLISION_EVIDENCE,EVALUABLE,EXPLORATORY_CONSUMED_DIAGNOSTIC_ONLY
U0_MS,pressure_gradient_acceleration,LINEAGE,HMSO01R_A|FIELD_LINEAGE|17af857dc7e075f66db0acfe5114e05e0f490cc5340cc9cfe073ae813844b776,0.1,0.9,52.40300584732972,2.929966359218237,0.0,0,2560,FROZEN_K10_NEIGHBOURS_PLUS_FROZEN_K10_MATCHED_RANDOM_EDGES,PERSISTENT_OPERATIONAL_NEAR_COLLISION_EVIDENCE,EVALUABLE,EXPLORATORY_CONSUMED_DIAGNOSTIC_ONLY
U0_MS,pressure_gradient_acceleration,LINEAGE,HMSO01R_A|FIELD_LINEAGE|191e9f46778b3758f1f78fde4f9e2a46913f5a82ffc9889aaa9e18e41d67ee0e,0.1,0.9,52.40300584732972,2.929966359218237,0.0,0,2560,FROZEN_K10_NEIGHBOURS_PLUS_FROZEN_K10_MATCHED_RANDOM_EDGES,PERSISTENT_OPERATIONAL_NEAR_COLLISION_EVIDENCE,EVALUABLE,EXPLORATORY_CONSUMED_DIAGNOSTIC_ONLY
U0_MS,pressure_gradient_acceleration,LINEAGE,HMSO01R_A|FIELD_LINEAGE|197d7ec024c0036b09ad028c746809cfe1ed712ccbb40eead96390c6dfdd817b,0.1,0.9,52.40300584732972,2.929966359218237,0.0,0,30720,FROZEN_K10_NEIGHBOURS_PLUS_FROZEN_K10_MATCHED_RANDOM_EDGES,PERSISTENT_OPERATIONAL_NEAR_COLLISION_EVIDENCE,EVALUABLE,EXPLORATORY_CONSUMED_DIAGNOSTIC_ONLY
U0_MS,pressure_gradient_acceleration,LINEAGE,HMSO01R_A|FIELD_LINEAGE|197ff926eb3d0f9ff98b06347687987d9933c0c4a0832b79258c496c53405132,0.1,0.9,52.40300584732972,2.929966359218237,0.0,0,2560,FROZEN_K10_NEIGHBOURS_PLUS_FROZEN_K10_MATCHED_RANDOM_EDGES,PERSISTENT_OPERATIONAL_NEAR_COLLISION_EVIDENCE,EVALUABLE,EXPLORATORY_CONSUMED_DIAGNOSTIC_ONLY
U0_MS,pressure_gradient_acceleration,LINEAGE,HMSO01R_A|FIELD_LINEAGE|19bc9c15d585b69ea5a604b39577d278e2c7b171a2d899f0352dc2850b1dc0cb,0.1,0.9,52.40300584732972,2.929966359218237,0.0,0,2560,FROZEN_K10_NEIGHBOURS_PLUS_FROZEN_K10_MATCHED_RANDOM_EDGES,PERSISTENT_OPERATIONAL_NEAR_COLLISION_EVIDENCE,EVALUABLE,EXPLORATORY_CONSUMED_DIAGNOSTIC_ONLY
U0_MS,pressure_gradient_acceleration,LINEAGE,HMSO01R_A|FIELD_LINEAGE|1a444bf8e4f5678b58a9ba1debf6e16323abf2899e40040f0bbc7e1608156e14,0.1,0.9,52.40300584732972,2.929966359218237,0.0,0,2560,FROZEN_K10_NEIGHBOURS_PLUS_FROZEN_K10_MATCHED_RANDOM_EDGES,PERSISTENT_OPERATIONAL_NEAR_COLLISION_EVIDENCE,EVALUABLE,EXPLORATORY_CONSUMED_DIAGNOSTIC_ONLY
U0_MS,pressure_gradient_acceleration,LINEAGE,HMSO01R_A|FIELD_LINEAGE|1b6f0cb3de33bc6abdb0882404222836bd00a9ad3c6fe2c95af35a87f0fa1200,0.1,0.9,52.40300584732972,2.929966359218237,0.0,0,2560,FROZEN_K10_NEIGHBOURS_PLUS_FROZEN_K10_MATCHED_RANDOM_EDGES,PERSISTENT_OPERATIONAL_NEAR_COLLISION_EVIDENCE,EVALUABLE,EXPLORATORY_CONSUMED_DIAGNOSTIC_ONLY
U0_MS,pressure_gradient_acceleration,LINEAGE,HMSO01R_A|FIELD_LINEAGE|1d03c9c9f560219b53c739310adfe296cf8afec50561d01ce15be76ae73c1479,0.1,0.9,52.40300584732972,2.929966359218237,0.00078125,2,2560,FROZEN_K10_NEIGHBOURS_PLUS_FROZEN_K10_MATCHED_RANDOM_EDGES,PERSISTENT_OPERATIONAL_NEAR_COLLISION_EVIDENCE,EVALUABLE,EXPLORATORY_CONSUMED_DIAGNOSTIC_ONLY
U0_MS,pressure_gradient_acceleration,LINEAGE,HMSO01R_A|FIELD_LINEAGE|1e499d17b9c103b93706f70e5fa2f7497086b8d1dab61b6d4e57ae6874e328ff,0.1,0.9,52.40300584732972,2.929966359218237,0.0,0,2560,FROZEN_K10_NEIGHBOURS_PLUS_FROZEN_K10_MATCHED_RANDOM_EDGES,PERSISTENT_OPERATIONAL_NEAR_COLLISION_EVIDENCE,EVALUABLE,EXPLORATORY_CONSUMED_DIAGNOSTIC_ONLY
U0_MS,pressure_gradient_acceleration,LINEAGE,HMSO01R_A|FIELD_LINEAGE|20bbc33e3ce141e2f7eb99de3d0702689581411faf36ef6782c9dd4ff7bd0899,0.1,0.9,52.40300584732972,2.929966359218237,0.0,0,2560,FROZEN_K10_NEIGHBOURS_PLUS_FROZEN_K10_MATCHED_RANDOM_EDGES,PERSISTENT_OPERATIONAL_NEAR_COLLISION_EVIDENCE,EVALUABLE,EXPLORATORY_CONSUMED_DIAGNOSTIC_ONLY
U0_MS,pressure_gradient_acceleration,LINEAGE,HMSO01R_A|FIELD_LINEAGE|20fd9f4e76cc9e98a79b808be25ffb0cc4d95c0522637973fd5963586426d614,0.1,0.9,52.40300584732972,2.929966359218237,0.0,0,2560,FROZEN_K10_NEIGHBOURS_PLUS_FROZEN_K10_MATCHED_RANDOM_EDGES,PERSISTENT_OPERATIONAL_NEAR_COLLISION_EVIDENCE,EVALUABLE,EXPLORATORY_CONSUMED_DIAGNOSTIC_ONLY
U0_MS,pressure_gradient_acceleration,LINEAGE,HMSO01R_A|FIELD_LINEAGE|21308456c1ed84c2854c7a093be1e48cf9af8d5768485e2a86892e0fd138af17,0.1,0.9,52.40300584732972,2.929966359218237,0.0,0,2560,FROZEN_K10_NEIGHBOURS_PLUS_FROZEN_K10_MATCHED_RANDOM_EDGES,PERSISTENT_OPERATIONAL_NEAR_COLLISION_EVIDENCE,EVALUABLE,EXPLORATORY_CONSUMED_DIAGNOSTIC_ONLY
U0_MS,pressure_gradient_acceleration,LINEAGE,HMSO01R_A|FIELD_LINEAGE|21b79bdb11d90c0a9b01efce71ed9eec0d7fba61736210c4c1ab358a9c4e965a,0.1,0.9,52.40300584732972,2.929966359218237,0.0,0,5120,FROZEN_K10_NEIGHBOURS_PLUS_FROZEN_K10_MATCHED_RANDOM_EDGES,PERSISTENT_OPERATIONAL_NEAR_COLLISION_EVIDENCE,EVALUABLE,EXPLORATORY_CONSUMED_DIAGNOSTIC_ONLY
U0_MS,pressure_gradient_acceleration,LINEAGE,HMSO01R_A|FIELD_LINEAGE|21dfb26365637485a590f4aa1b2a5297d551eab87745fb26abbdd41a0e1d8daa,0.1,0.9,52.40300584732972,2.929966359218237,0.0,0,2560,FROZEN_K10_NEIGHBOURS_PLUS_FROZEN_K10_MATCHED_RANDOM_EDGES,PERSISTENT_OPERATIONAL_NEAR_COLLISION_EVIDENCE,EVALUABLE,EXPLORATORY_CONSUMED_DIAGNOSTIC_ONLY
U0_MS,pressure_gradient_acceleration,LINEAGE,HMSO01R_A|FIELD_LINEAGE|226b761343bde11d0f8531972b4efd2a54f34c441ce74b43268bfdfde41542ed,0.1,0.9,52.40300584732972,2.929966359218237,0.0,0,2560,FROZEN_K10_NEIGHBOURS_PLUS_FROZEN_K10_MATCHED_RANDOM_EDGES,PERSISTENT_OPERATIONAL_NEAR_COLLISION_EVIDENCE,EVALUABLE,EXPLORATORY_CONSUMED_DIAGNOSTIC_ONLY
U0_MS,pressure_gradient_acceleration,LINEAGE,HMSO01R_A|FIELD_LINEAGE|292cdf1c570d6fb417a11eb6a7d4d830f9162a0bf0e09496e15edbaa84e1f3f4,0.1,0.9,52.40300584732972,2.929966359218237,0.0,0,2560,FROZEN_K10_NEIGHBOURS_PLUS_FROZEN_K10_MATCHED_RANDOM_EDGES,PERSISTENT_OPERATIONAL_NEAR_COLLISION_EVIDENCE,EVALUABLE,EXPLORATORY_CONSUMED_DIAGNOSTIC_ONLY
U0_MS,pressure_gradient_acceleration,LINEAGE,HMSO01R_A|FIELD_LINEAGE|29dc93f9e64f8875b47eb06f84606bc0c4a0e9315877441085164bd7870ebc8e,0.1,0.9,52.40300584732972,2.929966359218237,0.0,0,2560,FROZEN_K10_NEIGHBOURS_PLUS_FROZEN_K10_MATCHED_RANDOM_EDGES,PERSISTENT_OPERATIONAL_NEAR_COLLISION_EVIDENCE,EVALUABLE,EXPLORATORY_CONSUMED_DIAGNOSTIC_ONLY
U0_MS,pressure_gradient_acceleration,LINEAGE,HMSO01R_A|FIELD_LINEAGE|2bf67fa14447cc7892bedcae7ba79ef420cf3b1aa476bde75527a097c9a5c922,0.1,0.9,52.40300584732972,2.929966359218237,0.0,0,5120,FROZEN_K10_NEIGHBOURS_PLUS_FROZEN_K10_MATCHED_RANDOM_EDGES,PERSISTENT_OPERATIONAL_NEAR_COLLISION_EVIDENCE,EVALUABLE,EXPLORATORY_CONSUMED_DIAGNOSTIC_ONLY
U0_MS,pressure_gradient_acceleration,LINEAGE,HMSO01R_A|FIELD_LINEAGE|2d885ab8e36e98def0f3a036fab45f57940afd290e12c42ece2cbbf2a0b7faed,0.1,0.9,52.40300584732972,2.929966359218237,0.0,0,2560,FROZEN_K10_NEIGHBOURS_PLUS_FROZEN_K10_MATCHED_RANDOM_EDGES,PERSISTENT_OPERATIONAL_NEAR_COLLISION_EVIDENCE,EVALUABLE,EXPLORATORY_CONSUMED_DIAGNOSTIC_ONLY
U0_MS,pressure_gradient_acceleration,LINEAGE,HMSO01R_A|FIELD_LINEAGE|2e00a5aa730d3fe2629242ac9cb05445890c5ccd2cee3bc6b04bd3dcaa176cdc,0.1,0.9,52.40300584732972,2.929966359218237,0.0,0,2560,FROZEN_K10_NEIGHBOURS_PLUS_FROZEN_K10_MATCHED_RANDOM_EDGES,PERSISTENT_OPERATIONAL_NEAR_COLLISION_EVIDENCE,EVALUABLE,EXPLORATORY_CONSUMED_DIAGNOSTIC_ONLY
U0_MS,pressure_gradient_acceleration,LINEAGE,HMSO01R_A|FIELD_LINEAGE|3264ae7008b91adb6f4b677f3ecc13cbe5ab1143b7f33ef501525d095e0b618c,0.1,0.9,52.40300584732972,2.929966359218237,9.765625e-05,3,30720,FROZEN_K10_NEIGHBOURS_PLUS_FROZEN_K10_MATCHED_RANDOM_EDGES,PERSISTENT_OPERATIONAL_NEAR_COLLISION_EVIDENCE,EVALUABLE,EXPLORATORY_CONSUMED_DIAGNOSTIC_ONLY
U0_MS,pressure_gradient_acceleration,LINEAGE,HMSO01R_A|FIELD_LINEAGE|3283083498700d830b6f9393659c16097acacaf984f6c43b70c65438a233286d,0.1,0.9,52.40300584732972,2.929966359218237,0.0005859375,3,5120,FROZEN_K10_NEIGHBOURS_PLUS_FROZEN_K10_MATCHED_RANDOM_EDGES,PERSISTENT_OPERATIONAL_NEAR_COLLISION_EVIDENCE,EVALUABLE,EXPLORATORY_CONSUMED_DIAGNOSTIC_ONLY
U0_MS,pressure_gradient_acceleration,LINEAGE,HMSO01R_A|FIELD_LINEAGE|34168bb92814c253cb6b05f8022442aa6cab311b67f648a00b758da530873bc9,0.1,0.9,52.40300584732972,2.929966359218237,0.0,0,2560,FROZEN_K10_NEIGHBOURS_PLUS_FROZEN_K10_MATCHED_RANDOM_EDGES,PERSISTENT_OPERATIONAL_NEAR_COLLISION_EVIDENCE,EVALUABLE,EXPLORATORY_CONSUMED_DIAGNOSTIC_ONLY
U0_MS,pressure_gradient_acceleration,LINEAGE,HMSO01R_A|FIELD_LINEAGE|34a4e80876c1805c1767ae4dec4e60fe92b927519de4d3f4fc98d8e491efa006,0.1,0.9,52.40300584732972,2.929966359218237,0.0,0,2560,FROZEN_K10_NEIGHBOURS_PLUS_FROZEN_K10_MATCHED_RANDOM_EDGES,PERSISTENT_OPERATIONAL_NEAR_COLLISION_EVIDENCE,EVALUABLE,EXPLORATORY_CONSUMED_DIAGNOSTIC_ONLY
U0_MS,pressure_gradient_acceleration,LINEAGE,HMSO01R_A|FIELD_LINEAGE|367777ab46eb41f1d6390744a91dc4aea35bac8f23f02a2f5c6dee473916edbd,0.1,0.9,52.40300584732972,2.929966359218237,0.0,0,2560,FROZEN_K10_NEIGHBOURS_PLUS_FROZEN_K10_MATCHED_RANDOM_EDGES,PERSISTENT_OPERATIONAL_NEAR_COLLISION_EVIDENCE,EVALUABLE,EXPLORATORY_CONSUMED_DIAGNOSTIC_ONLY
U0_MS,pressure_gradient_acceleration,LINEAGE,HMSO01R_A|FIELD_LINEAGE|381d8f63546be0384f86ba8b518abcf8c4d107fec707374fb03828151e0b75af,0.1,0.9,52.40300584732972,2.929966359218237,0.0,0,2560,FROZEN_K10_NEIGHBOURS_PLUS_FROZEN_K10_MATCHED_RANDOM_EDGES,PERSISTENT_OPERATIONAL_NEAR_COLLISION_EVIDENCE,EVALUABLE,EXPLORATORY_CONSUMED_DIAGNOSTIC_ONLY
U0_MS,pressure_gradient_acceleration,LINEAGE,HMSO01R_A|FIELD_LINEAGE|38ed780ae9e2ceb725d12dc596e69f348d116c6ab5da75f5bae97744169a86db,0.1,0.9,52.40300584732972,2.929966359218237,0.0,0,2560,FROZEN_K10_NEIGHBOURS_PLUS_FROZEN_K10_MATCHED_RANDOM_EDGES,PERSISTENT_OPERATIONAL_NEAR_COLLISION_EVIDENCE,EVALUABLE,EXPLORATORY_CONSUMED_DIAGNOSTIC_ONLY
U0_MS,pressure_gradient_acceleration,LINEAGE,HMSO01R_A|FIELD_LINEAGE|39a5eaeb1afddf9af00bec82f67fdf5414fc1d1e11076c2f86704fda2809ab87,0.1,0.9,52.40300584732972,2.929966359218237,0.0009765625,5,5120,FROZEN_K10_NEIGHBOURS_PLUS_FROZEN_K10_MATCHED_RANDOM_EDGES,PERSISTENT_OPERATIONAL_NEAR_COLLISION_EVIDENCE,EVALUABLE,EXPLORATORY_CONSUMED_DIAGNOSTIC_ONLY
U0_MS,pressure_gradient_acceleration,LINEAGE,HMSO01R_A|FIELD_LINEAGE|3c7ea9b77bf044ea3d9c6d199831fc605b20c1d7b4a9ad213eb80b5cab2c0296,0.1,0.9,52.40300584732972,2.929966359218237,0.0,0,2560,FROZEN_K10_NEIGHBOURS_PLUS_FROZEN_K10_MATCHED_RANDOM_EDGES,PERSISTENT_OPERATIONAL_NEAR_COLLISION_EVIDENCE,EVALUABLE,EXPLORATORY_CONSUMED_DIAGNOSTIC_ONLY
U0_MS,pressure_gradient_acceleration,LINEAGE,HMSO01R_A|FIELD_LINEAGE|3d33238d426baab3f4ff1c525309d0c0b825fb99fca42c8d1a5482ea92f2f1a6,0.1,0.9,52.40300584732972,2.929966359218237,0.0,0,5120,FROZEN_K10_NEIGHBOURS_PLUS_FROZEN_K10_MATCHED_RANDOM_EDGES,PERSISTENT_OPERATIONAL_NEAR_COLLISION_EVIDENCE,EVALUABLE,EXPLORATORY_CONSUMED_DIAGNOSTIC_ONLY
U0_MS,pressure_gradient_acceleration,LINEAGE,HMSO01R_A|FIELD_LINEAGE|3e17b326e03465aac98a6b656cd3125c19ada3cc77d6223ebd6e30804155ff56,0.1,0.9,52.40300584732972,2.929966359218237,0.0,0,2560,FROZEN_K10_NEIGHBOURS_PLUS_FROZEN_K10_MATCHED_RANDOM_EDGES,PERSISTENT_OPERATIONAL_NEAR_COLLISION_EVIDENCE,EVALUABLE,EXPLORATORY_CONSUMED_DIAGNOSTIC_ONLY
U0_MS,pressure_gradient_acceleration,LINEAGE,HMSO01R_A|FIELD_LINEAGE|3e594f148c4f0181faaf58cc7906a2e9e8709c7be31e59cdc8bdd6b6b7c398a2,0.1,0.9,52.40300584732972,2.929966359218237,0.0,0,2560,FROZEN_K10_NEIGHBOURS_PLUS_FROZEN_K10_MATCHED_RANDOM_EDGES,PERSISTENT_OPERATIONAL_NEAR_COLLISION_EVIDENCE,EVALUABLE,EXPLORATORY_CONSUMED_DIAGNOSTIC_ONLY
U0_MS,pressure_gradient_acceleration,LINEAGE,HMSO01R_A|FIELD_LINEAGE|40ad278dca26109101acf56cf89434c2db030106327c552c8aaad7f18589b1fc,0.1,0.9,52.40300584732972,2.929966359218237,0.0,0,2560,FROZEN_K10_NEIGHBOURS_PLUS_FROZEN_K10_MATCHED_RANDOM_EDGES,PERSISTENT_OPERATIONAL_NEAR_COLLISION_EVIDENCE,EVALUABLE,EXPLORATORY_CONSUMED_DIAGNOSTIC_ONLY
U0_MS,pressure_gradient_acceleration,LINEAGE,HMSO01R_A|FIELD_LINEAGE|41b714ff189f53f826864cf9fac2bed83a6e097351a7033fcea23d658bf21b54,0.1,0.9,52.40300584732972,2.929966359218237,0.0,0,2560,FROZEN_K10_NEIGHBOURS_PLUS_FROZEN_K10_MATCHED_RANDOM_EDGES,PERSISTENT_OPERATIONAL_NEAR_COLLISION_EVIDENCE,EVALUABLE,EXPLORATORY_CONSUMED_DIAGNOSTIC_ONLY
U0_MS,pressure_gradient_acceleration,LINEAGE,HMSO01R_A|FIELD_LINEAGE|41ec221cb0eeb1bbfd7efc4d5d4cd642cd62a71a09fd5ce2fc9fff0cbe48931c,0.1,0.9,52.40300584732972,2.929966359218237,0.00078125,2,2560,FROZEN_K10_NEIGHBOURS_PLUS_FROZEN_K10_MATCHED_RANDOM_EDGES,PERSISTENT_OPERATIONAL_NEAR_COLLISION_EVIDENCE,EVALUABLE,EXPLORATORY_CONSUMED_DIAGNOSTIC_ONLY
U0_MS,pressure_gradient_acceleration,LINEAGE,HMSO01R_A|FIELD_LINEAGE|429c6019f8749d53e4581b918e84a928af92c02c8bd8516136f7bea7e94cf671,0.1,0.9,52.40300584732972,2.929966359218237,0.0,0,2560,FROZEN_K10_NEIGHBOURS_PLUS_FROZEN_K10_MATCHED_RANDOM_EDGES,PERSISTENT_OPERATIONAL_NEAR_COLLISION_EVIDENCE,EVALUABLE,EXPLORATORY_CONSUMED_DIAGNOSTIC_ONLY
U0_MS,pressure_gradient_acceleration,LINEAGE,HMSO01R_A|FIELD_LINEAGE|42e50ef40056d389a76817004688f104ee3861e2ea394e0b7ded0e04dbc7e54e,0.1,0.9,52.40300584732972,2.929966359218237,0.0,0,5120,FROZEN_K10_NEIGHBOURS_PLUS_FROZEN_K10_MATCHED_RANDOM_EDGES,PERSISTENT_OPERATIONAL_NEAR_COLLISION_EVIDENCE,EVALUABLE,EXPLORATORY_CONSUMED_DIAGNOSTIC_ONLY
U0_MS,pressure_gradient_acceleration,LINEAGE,HMSO01R_A|FIELD_LINEAGE|43048a070f7e90a4b3daec507e653fb282b428f5e4cf309a72c949e8f5226bf3,0.1,0.9,52.40300584732972,2.929966359218237,0.0,0,2560,FROZEN_K10_NEIGHBOURS_PLUS_FROZEN_K10_MATCHED_RANDOM_EDGES,PERSISTENT_OPERATIONAL_NEAR_COLLISION_EVIDENCE,EVALUABLE,EXPLORATORY_CONSUMED_DIAGNOSTIC_ONLY
U0_MS,pressure_gradient_acceleration,LINEAGE,HMSO01R_A|FIELD_LINEAGE|4389c621e60229f631c944081b4adc544d96927c12f624ff90ee3e85668f651e,0.1,0.9,52.40300584732972,2.929966359218237,0.0,0,2560,FROZEN_K10_NEIGHBOURS_PLUS_FROZEN_K10_MATCHED_RANDOM_EDGES,PERSISTENT_OPERATIONAL_NEAR_COLLISION_EVIDENCE,EVALUABLE,EXPLORATORY_CONSUMED_DIAGNOSTIC_ONLY
U0_MS,pressure_gradient_acceleration,LINEAGE,HMSO01R_A|FIELD_LINEAGE|440a69e5e6d8a6266c3153ff4cc4273aafca8ec71c677d3f24cfa0db89cae65c,0.1,0.9,52.40300584732972,2.929966359218237,0.0,0,2560,FROZEN_K10_NEIGHBOURS_PLUS_FROZEN_K10_MATCHED_RANDOM_EDGES,PERSISTENT_OPERATIONAL_NEAR_COLLISION_EVIDENCE,EVALUABLE,EXPLORATORY_CONSUMED_DIAGNOSTIC_ONLY
U0_MS,pressure_gradient_acceleration,LINEAGE,HMSO01R_A|FIELD_LINEAGE|4666d705aea26a6f22073d7a13f6e76c36824d125314c031a782f73ac5ba6779,0.1,0.9,52.40300584732972,2.929966359218237,0.0,0,5120,FROZEN_K10_NEIGHBOURS_PLUS_FROZEN_K10_MATCHED_RANDOM_EDGES,PERSISTENT_OPERATIONAL_NEAR_COLLISION_EVIDENCE,EVALUABLE,EXPLORATORY_CONSUMED_DIAGNOSTIC_ONLY
U0_MS,pressure_gradient_acceleration,LINEAGE,HMSO01R_A|FIELD_LINEAGE|46ad1db2ba1a448aa8fcf8fea69b4b772861af80c9b661f505a8c591ffdfe68c,0.1,0.9,52.40300584732972,2.929966359218237,0.0,0,2560,FROZEN_K10_NEIGHBOURS_PLUS_FROZEN_K10_MATCHED_RANDOM_EDGES,PERSISTENT_OPERATIONAL_NEAR_COLLISION_EVIDENCE,EVALUABLE,EXPLORATORY_CONSUMED_DIAGNOSTIC_ONLY
U0_MS,pressure_gradient_acceleration,LINEAGE,HMSO01R_A|FIELD_LINEAGE|4729596698ed7c65dd5f082aea4dac27cd26c6550de18eb2382e9ca6f186b90b,0.1,0.9,52.40300584732972,2.929966359218237,0.0,0,2560,FROZEN_K10_NEIGHBOURS_PLUS_FROZEN_K10_MATCHED_RANDOM_EDGES,PERSISTENT_OPERATIONAL_NEAR_COLLISION_EVIDENCE,EVALUABLE,EXPLORATORY_CONSUMED_DIAGNOSTIC_ONLY
U0_MS,pressure_gradient_acceleration,LINEAGE,HMSO01R_A|FIELD_LINEAGE|475ead0c3c732d8046f08c0918482fe4219c4fa643d2e948ba96c0bc2f6d887d,0.1,0.9,52.40300584732972,2.929966359218237,0.0,0,2560,FROZEN_K10_NEIGHBOURS_PLUS_FROZEN_K10_MATCHED_RANDOM_EDGES,PERSISTENT_OPERATIONAL_NEAR_COLLISION_EVIDENCE,EVALUABLE,EXPLORATORY_CONSUMED_DIAGNOSTIC_ONLY
U0_MS,pressure_gradient_acceleration,LINEAGE,HMSO01R_A|FIELD_LINEAGE|49aae8e0ac8e4584d3624cd5459480c917c8157571a4f7ac9660003550146055,0.1,0.9,52.40300584732972,2.929966359218237,0.0,0,2560,FROZEN_K10_NEIGHBOURS_PLUS_FROZEN_K10_MATCHED_RANDOM_EDGES,PERSISTENT_OPERATIONAL_NEAR_COLLISION_EVIDENCE,EVALUABLE,EXPLORATORY_CONSUMED_DIAGNOSTIC_ONLY
U0_MS,pressure_gradient_acceleration,LINEAGE,HMSO01R_A|FIELD_LINEAGE|4a864b01d23e69fbf80902fd3a728f366c9eb285ead51eb5724dfe25ca232031,0.1,0.9,52.40300584732972,2.929966359218237,0.0,0,2560,FROZEN_K10_NEIGHBOURS_PLUS_FROZEN_K10_MATCHED_RANDOM_EDGES,PERSISTENT_OPERATIONAL_NEAR_COLLISION_EVIDENCE,EVALUABLE,EXPLORATORY_CONSUMED_DIAGNOSTIC_ONLY
U0_MS,pressure_gradient_acceleration,LINEAGE,HMSO01R_A|FIELD_LINEAGE|4c3bbd0a7d56407cf1ccc6d516e10bc822949b03124ef92a27e554a97f6ed1b2,0.1,0.9,52.40300584732972,2.929966359218237,0.0,0,2560,FROZEN_K10_NEIGHBOURS_PLUS_FROZEN_K10_MATCHED_RANDOM_EDGES,PERSISTENT_OPERATIONAL_NEAR_COLLISION_EVIDENCE,EVALUABLE,EXPLORATORY_CONSUMED_DIAGNOSTIC_ONLY
U0_MS,pressure_gradient_acceleration,LINEAGE,HMSO01R_A|FIELD_LINEAGE|4cf69c455bf1f50d880646e37d5ce58645992adb18a995a52fdf89583dcd2384,0.1,0.9,52.40300584732972,2.929966359218237,0.0,0,2560,FROZEN_K10_NEIGHBOURS_PLUS_FROZEN_K10_MATCHED_RANDOM_EDGES,PERSISTENT_OPERATIONAL_NEAR_COLLISION_EVIDENCE,EVALUABLE,EXPLORATORY_CONSUMED_DIAGNOSTIC_ONLY
U0_MS,pressure_gradient_acceleration,LINEAGE,HMSO01R_A|FIELD_LINEAGE|51aa7e7dbbb5aa6496f5ed0b95d8e85438067333a238c5e41877a3cd9ace3175,0.1,0.9,52.40300584732972,2.929966359218237,0.0,0,2560,FROZEN_K10_NEIGHBOURS_PLUS_FROZEN_K10_MATCHED_RANDOM_EDGES,PERSISTENT_OPERATIONAL_NEAR_COLLISION_EVIDENCE,EVALUABLE,EXPLORATORY_CONSUMED_DIAGNOSTIC_ONLY
U0_MS,pressure_gradient_acceleration,LINEAGE,HMSO01R_A|FIELD_LINEAGE|541d56dfe6d37f091e41084f899b04aeee2814cee915608e406b47dce85c3c8b,0.1,0.9,52.40300584732972,2.929966359218237,0.0,0,5120,FROZEN_K10_NEIGHBOURS_PLUS_FROZEN_K10_MATCHED_RANDOM_EDGES,PERSISTENT_OPERATIONAL_NEAR_COLLISION_EVIDENCE,EVALUABLE,EXPLORATORY_CONSUMED_DIAGNOSTIC_ONLY
U0_MS,pressure_gradient_acceleration,LINEAGE,HMSO01R_A|FIELD_LINEAGE|55cdcba2ab757796978976644840d2bce6b96e998f32047a71aff1f289ed6480,0.1,0.9,52.40300584732972,2.929966359218237,0.0,0,2560,FROZEN_K10_NEIGHBOURS_PLUS_FROZEN_K10_MATCHED_RANDOM_EDGES,PERSISTENT_OPERATIONAL_NEAR_COLLISION_EVIDENCE,EVALUABLE,EXPLORATORY_CONSUMED_DIAGNOSTIC_ONLY
U0_MS,pressure_gradient_acceleration,LINEAGE,HMSO01R_A|FIELD_LINEAGE|56571c9b6d895bc0e855ce89225a188e41167fe16fc1aed7e4e19ab1ddaef9cb,0.1,0.9,52.40300584732972,2.929966359218237,0.0,0,2560,FROZEN_K10_NEIGHBOURS_PLUS_FROZEN_K10_MATCHED_RANDOM_EDGES,PERSISTENT_OPERATIONAL_NEAR_COLLISION_EVIDENCE,EVALUABLE,EXPLORATORY_CONSUMED_DIAGNOSTIC_ONLY
U0_MS,pressure_gradient_acceleration,LINEAGE,HMSO01R_A|FIELD_LINEAGE|5717c014ee19e2404587fa3546273faef8d6d97d2a31a4b9e01b24770e476426,0.1,0.9,52.40300584732972,2.929966359218237,0.0,0,2560,FROZEN_K10_NEIGHBOURS_PLUS_FROZEN_K10_MATCHED_RANDOM_EDGES,PERSISTENT_OPERATIONAL_NEAR_COLLISION_EVIDENCE,EVALUABLE,EXPLORATORY_CONSUMED_DIAGNOSTIC_ONLY
U0_MS,pressure_gradient_acceleration,LINEAGE,HMSO01R_A|FIELD_LINEAGE|5788e5f098ee24a0bfe3ef48cb7ba08a0bdbab2c319fd19eedc3c9eb4ac76f03,0.1,0.9,52.40300584732972,2.929966359218237,0.0,0,2560,FROZEN_K10_NEIGHBOURS_PLUS_FROZEN_K10_MATCHED_RANDOM_EDGES,PERSISTENT_OPERATIONAL_NEAR_COLLISION_EVIDENCE,EVALUABLE,EXPLORATORY_CONSUMED_DIAGNOSTIC_ONLY
U0_MS,pressure_gradient_acceleration,LINEAGE,HMSO01R_A|FIELD_LINEAGE|5851badadb2dbcb7aa9bd12e7e1999f87fd380febbee831ba86fec2a8906fa0a,0.1,0.9,52.40300584732972,2.929966359218237,0.0,0,5120,FROZEN_K10_NEIGHBOURS_PLUS_FROZEN_K10_MATCHED_RANDOM_EDGES,PERSISTENT_OPERATIONAL_NEAR_COLLISION_EVIDENCE,EVALUABLE,EXPLORATORY_CONSUMED_DIAGNOSTIC_ONLY
U0_MS,pressure_gradient_acceleration,LINEAGE,HMSO01R_A|FIELD_LINEAGE|5915fb95e293a089619d78d1366edf95fa145cc69452df6337d9252e862b1502,0.1,0.9,52.40300584732972,2.929966359218237,0.0,0,2560,FROZEN_K10_NEIGHBOURS_PLUS_FROZEN_K10_MATCHED_RANDOM_EDGES,PERSISTENT_OPERATIONAL_NEAR_COLLISION_EVIDENCE,EVALUABLE,EXPLORATORY_CONSUMED_DIAGNOSTIC_ONLY
U0_MS,pressure_gradient_acceleration,LINEAGE,HMSO01R_A|FIELD_LINEAGE|5932ef4f3ff2f79b2fa4005d45fb593b78f4308c6edd18917a8552256cdfcf19,0.1,0.9,52.40300584732972,2.929966359218237,0.001953125,5,2560,FROZEN_K10_NEIGHBOURS_PLUS_FROZEN_K10_MATCHED_RANDOM_EDGES,PERSISTENT_OPERATIONAL_NEAR_COLLISION_EVIDENCE,EVALUABLE,EXPLORATORY_CONSUMED_DIAGNOSTIC_ONLY
U0_MS,pressure_gradient_acceleration,LINEAGE,HMSO01R_A|FIELD_LINEAGE|59aef3f6a7aa33f774612e58955e925638af1b151b9e6b2d7127236b21c1a5a6,0.1,0.9,52.40300584732972,2.929966359218237,0.0,0,2560,FROZEN_K10_NEIGHBOURS_PLUS_FROZEN_K10_MATCHED_RANDOM_EDGES,PERSISTENT_OPERATIONAL_NEAR_COLLISION_EVIDENCE,EVALUABLE,EXPLORATORY_CONSUMED_DIAGNOSTIC_ONLY
U0_MS,pressure_gradient_acceleration,LINEAGE,HMSO01R_A|FIELD_LINEAGE|5a0dbac6ae904f5529ad460639c41b1b383ca8809b93f779bcc31cb0fd08d08b,0.1,0.9,52.40300584732972,2.929966359218237,0.0,0,2560,FROZEN_K10_NEIGHBOURS_PLUS_FROZEN_K10_MATCHED_RANDOM_EDGES,PERSISTENT_OPERATIONAL_NEAR_COLLISION_EVIDENCE,EVALUABLE,EXPLORATORY_CONSUMED_DIAGNOSTIC_ONLY
U0_MS,pressure_gradient_acceleration,LINEAGE,HMSO01R_A|FIELD_LINEAGE|5c056a7425c54539d868f52b6ae68a4c578195d4f6b5cb7d636be4eab2c2df8c,0.1,0.9,52.40300584732972,2.929966359218237,0.0,0,5120,FROZEN_K10_NEIGHBOURS_PLUS_FROZEN_K10_MATCHED_RANDOM_EDGES,PERSISTENT_OPERATIONAL_NEAR_COLLISION_EVIDENCE,EVALUABLE,EXPLORATORY_CONSUMED_DIAGNOSTIC_ONLY
U0_MS,pressure_gradient_acceleration,LINEAGE,HMSO01R_A|FIELD_LINEAGE|5c07d2280b8a6c46f1c42b9f7878f3f5c5e2174c9419aaf05f2bb6b52ab2f5f6,0.1,0.9,52.40300584732972,2.929966359218237,0.0,0,5120,FROZEN_K10_NEIGHBOURS_PLUS_FROZEN_K10_MATCHED_RANDOM_EDGES,PERSISTENT_OPERATIONAL_NEAR_COLLISION_EVIDENCE,EVALUABLE,EXPLORATORY_CONSUMED_DIAGNOSTIC_ONLY
U0_MS,pressure_gradient_acceleration,LINEAGE,HMSO01R_A|FIELD_LINEAGE|5cf76bdd12cdf0612bba343b6cf1b9e46ef0764cc183560f7b16acacca9460f1,0.1,0.9,52.40300584732972,2.929966359218237,0.0,0,2560,FROZEN_K10_NEIGHBOURS_PLUS_FROZEN_K10_MATCHED_RANDOM_EDGES,PERSISTENT_OPERATIONAL_NEAR_COLLISION_EVIDENCE,EVALUABLE,EXPLORATORY_CONSUMED_DIAGNOSTIC_ONLY
U0_MS,pressure_gradient_acceleration,LINEAGE,HMSO01R_A|FIELD_LINEAGE|5d84595c43a38b585d7953f18ac50da686f8debb482b1cca6058cffe84d274b6,0.1,0.9,52.40300584732972,2.929966359218237,0.0,0,30720,FROZEN_K10_NEIGHBOURS_PLUS_FROZEN_K10_MATCHED_RANDOM_EDGES,PERSISTENT_OPERATIONAL_NEAR_COLLISION_EVIDENCE,EVALUABLE,EXPLORATORY_CONSUMED_DIAGNOSTIC_ONLY
U0_MS,pressure_gradient_acceleration,LINEAGE,HMSO01R_A|FIELD_LINEAGE|5e2623db68536d2f4bee911245429597fdaee9006859890dec92aeaff707fe09,0.1,0.9,52.40300584732972,2.929966359218237,0.0,0,5120,FROZEN_K10_NEIGHBOURS_PLUS_FROZEN_K10_MATCHED_RANDOM_EDGES,PERSISTENT_OPERATIONAL_NEAR_COLLISION_EVIDENCE,EVALUABLE,EXPLORATORY_CONSUMED_DIAGNOSTIC_ONLY
U0_MS,pressure_gradient_acceleration,LINEAGE,HMSO01R_A|FIELD_LINEAGE|61b0a8ee57598b36eed2786a9e3e1cafd7d1e5cb7b5052c92f6d5c1826bc6619,0.1,0.9,52.40300584732972,2.929966359218237,0.0,0,5120,FROZEN_K10_NEIGHBOURS_PLUS_FROZEN_K10_MATCHED_RANDOM_EDGES,PERSISTENT_OPERATIONAL_NEAR_COLLISION_EVIDENCE,EVALUABLE,EXPLORATORY_CONSUMED_DIAGNOSTIC_ONLY
U0_MS,pressure_gradient_acceleration,LINEAGE,HMSO01R_A|FIELD_LINEAGE|61d4f5ea89fdb94c7fd8a7150c89f5910fdf9e6c5a71383e850b5a750c8fcf55,0.1,0.9,52.40300584732972,2.929966359218237,0.0,0,5120,FROZEN_K10_NEIGHBOURS_PLUS_FROZEN_K10_MATCHED_RANDOM_EDGES,PERSISTENT_OPERATIONAL_NEAR_COLLISION_EVIDENCE,EVALUABLE,EXPLORATORY_CONSUMED_DIAGNOSTIC_ONLY
U0_MS,pressure_gradient_acceleration,LINEAGE,HMSO01R_A|FIELD_LINEAGE|6260b45ec31956360cb50305f8ad9fa70be57f53fb24bc0523fc70aeb48f57ae,0.1,0.9,52.40300584732972,2.929966359218237,0.0,0,2560,FROZEN_K10_NEIGHBOURS_PLUS_FROZEN_K10_MATCHED_RANDOM_EDGES,PERSISTENT_OPERATIONAL_NEAR_COLLISION_EVIDENCE,EVALUABLE,EXPLORATORY_CONSUMED_DIAGNOSTIC_ONLY
U0_MS,pressure_gradient_acceleration,LINEAGE,HMSO01R_A|FIELD_LINEAGE|6359faeb0765247f7e12d6c9e8bbc8898fa74fca5c76c863a6009dffddbcb32e,0.1,0.9,52.40300584732972,2.929966359218237,0.0,0,30720,FROZEN_K10_NEIGHBOURS_PLUS_FROZEN_K10_MATCHED_RANDOM_EDGES,PERSISTENT_OPERATIONAL_NEAR_COLLISION_EVIDENCE,EVALUABLE,EXPLORATORY_CONSUMED_DIAGNOSTIC_ONLY
U0_MS,pressure_gradient_acceleration,LINEAGE,HMSO01R_A|FIELD_LINEAGE|64cf1977fe8b52c7e0fc1798d4810be4243b09c0886573ce42439c1eaf431667,0.1,0.9,52.40300584732972,2.929966359218237,0.0,0,5120,FROZEN_K10_NEIGHBOURS_PLUS_FROZEN_K10_MATCHED_RANDOM_EDGES,PERSISTENT_OPERATIONAL_NEAR_COLLISION_EVIDENCE,EVALUABLE,EXPLORATORY_CONSUMED_DIAGNOSTIC_ONLY
U0_MS,pressure_gradient_acceleration,LINEAGE,HMSO01R_A|FIELD_LINEAGE|66e31e43c39c0807b2398e5067c9aaab318a50b596f04344988d8e71103f4693,0.1,0.9,52.40300584732972,2.929966359218237,0.0,0,2560,FROZEN_K10_NEIGHBOURS_PLUS_FROZEN_K10_MATCHED_RANDOM_EDGES,PERSISTENT_OPERATIONAL_NEAR_COLLISION_EVIDENCE,EVALUABLE,EXPLORATORY_CONSUMED_DIAGNOSTIC_ONLY
U0_MS,pressure_gradient_acceleration,LINEAGE,HMSO01R_A|FIELD_LINEAGE|6918def6b8a6923e67fc2a25f9ee5a59a177f2b6c9bf8dfd922cd28ef3b4c287,0.1,0.9,52.40300584732972,2.929966359218237,0.0,0,5120,FROZEN_K10_NEIGHBOURS_PLUS_FROZEN_K10_MATCHED_RANDOM_EDGES,PERSISTENT_OPERATIONAL_NEAR_COLLISION_EVIDENCE,EVALUABLE,EXPLORATORY_CONSUMED_DIAGNOSTIC_ONLY
U0_MS,pressure_gradient_acceleration,LINEAGE,HMSO01R_A|FIELD_LINEAGE|6aba5ce17b9c02240405669069c0b485de9d3ce1714e3e85b0411d61ec7beb5e,0.1,0.9,52.40300584732972,2.929966359218237,0.000390625,1,2560,FROZEN_K10_NEIGHBOURS_PLUS_FROZEN_K10_MATCHED_RANDOM_EDGES,PERSISTENT_OPERATIONAL_NEAR_COLLISION_EVIDENCE,EVALUABLE,EXPLORATORY_CONSUMED_DIAGNOSTIC_ONLY
U0_MS,pressure_gradient_acceleration,LINEAGE,HMSO01R_A|FIELD_LINEAGE|6ad90de4847db7d34a3540ed573a050180b363be817d3503c19045b1a2f0ed3c,0.1,0.9,52.40300584732972,2.929966359218237,0.0,0,5120,FROZEN_K10_NEIGHBOURS_PLUS_FROZEN_K10_MATCHED_RANDOM_EDGES,PERSISTENT_OPERATIONAL_NEAR_COLLISION_EVIDENCE,EVALUABLE,EXPLORATORY_CONSUMED_DIAGNOSTIC_ONLY
U0_MS,pressure_gradient_acceleration,LINEAGE,HMSO01R_A|FIELD_LINEAGE|6af5032f0b166e8e3ff27ce0b5fdfb49cda87c61afe66a4eb6eb807e625daf8a,0.1,0.9,52.40300584732972,2.929966359218237,0.0,0,2560,FROZEN_K10_NEIGHBOURS_PLUS_FROZEN_K10_MATCHED_RANDOM_EDGES,PERSISTENT_OPERATIONAL_NEAR_COLLISION_EVIDENCE,EVALUABLE,EXPLORATORY_CONSUMED_DIAGNOSTIC_ONLY
U0_MS,pressure_gradient_acceleration,LINEAGE,HMSO01R_A|FIELD_LINEAGE|6d1fc2b84d6da564ae936d907e04365ad5b63a9377b77c1faa05d68a9fe06d3c,0.1,0.9,52.40300584732972,2.929966359218237,0.00078125,2,2560,FROZEN_K10_NEIGHBOURS_PLUS_FROZEN_K10_MATCHED_RANDOM_EDGES,PERSISTENT_OPERATIONAL_NEAR_COLLISION_EVIDENCE,EVALUABLE,EXPLORATORY_CONSUMED_DIAGNOSTIC_ONLY
U0_MS,pressure_gradient_acceleration,LINEAGE,HMSO01R_A|FIELD_LINEAGE|6d4353b03da9874056ea6f087e4493dcb629a7b8bd4a1eabce0a6b1b20255b6c,0.1,0.9,52.40300584732972,2.929966359218237,0.0,0,2560,FROZEN_K10_NEIGHBOURS_PLUS_FROZEN_K10_MATCHED_RANDOM_EDGES,PERSISTENT_OPERATIONAL_NEAR_COLLISION_EVIDENCE,EVALUABLE,EXPLORATORY_CONSUMED_DIAGNOSTIC_ONLY
U0_MS,pressure_gradient_acceleration,LINEAGE,HMSO01R_A|FIELD_LINEAGE|70dd50135b0ce37b393c6eae858eae2988f95a40a860753345e473ce01dd9d91,0.1,0.9,52.40300584732972,2.929966359218237,0.0,0,2560,FROZEN_K10_NEIGHBOURS_PLUS_FROZEN_K10_MATCHED_RANDOM_EDGES,PERSISTENT_OPERATIONAL_NEAR_COLLISION_EVIDENCE,EVALUABLE,EXPLORATORY_CONSUMED_DIAGNOSTIC_ONLY
U0_MS,pressure_gradient_acceleration,LINEAGE,HMSO01R_A|FIELD_LINEAGE|724fd3a44cb8ec4985e45f721837e7f4eeea1666b35a166345e025918455e304,0.1,0.9,52.40300584732972,2.929966359218237,0.0,0,2560,FROZEN_K10_NEIGHBOURS_PLUS_FROZEN_K10_MATCHED_RANDOM_EDGES,PERSISTENT_OPERATIONAL_NEAR_COLLISION_EVIDENCE,EVALUABLE,EXPLORATORY_CONSUMED_DIAGNOSTIC_ONLY
U0_MS,pressure_gradient_acceleration,LINEAGE,HMSO01R_A|FIELD_LINEAGE|72bbc35959df916eca72e8fb7e723c361c09592753187c3754f344aae218c230,0.1,0.9,52.40300584732972,2.929966359218237,0.0,0,2560,FROZEN_K10_NEIGHBOURS_PLUS_FROZEN_K10_MATCHED_RANDOM_EDGES,PERSISTENT_OPERATIONAL_NEAR_COLLISION_EVIDENCE,EVALUABLE,EXPLORATORY_CONSUMED_DIAGNOSTIC_ONLY
U0_MS,pressure_gradient_acceleration,LINEAGE,HMSO01R_A|FIELD_LINEAGE|73f5ee97e40c47c1aa5579bcf72cf190dfaf3aad2886cc887f3295530388016c,0.1,0.9,52.40300584732972,2.929966359218237,0.001171875,3,2560,FROZEN_K10_NEIGHBOURS_PLUS_FROZEN_K10_MATCHED_RANDOM_EDGES,PERSISTENT_OPERATIONAL_NEAR_COLLISION_EVIDENCE,EVALUABLE,EXPLORATORY_CONSUMED_DIAGNOSTIC_ONLY
U0_MS,pressure_gradient_acceleration,LINEAGE,HMSO01R_A|FIELD_LINEAGE|75819144781d043ebbeb8c2d3fbfa9139c47542df53315ab71a80a7addb49109,0.1,0.9,52.40300584732972,2.929966359218237,0.0,0,2560,FROZEN_K10_NEIGHBOURS_PLUS_FROZEN_K10_MATCHED_RANDOM_EDGES,PERSISTENT_OPERATIONAL_NEAR_COLLISION_EVIDENCE,EVALUABLE,EXPLORATORY_CONSUMED_DIAGNOSTIC_ONLY
U0_MS,pressure_gradient_acceleration,LINEAGE,HMSO01R_A|FIELD_LINEAGE|7583af7a3fd0bfbef70db28fd30d8a1112bd000451f8c0ebdcd0eabb3acf22a1,0.1,0.9,52.40300584732972,2.929966359218237,0.0,0,2560,FROZEN_K10_NEIGHBOURS_PLUS_FROZEN_K10_MATCHED_RANDOM_EDGES,PERSISTENT_OPERATIONAL_NEAR_COLLISION_EVIDENCE,EVALUABLE,EXPLORATORY_CONSUMED_DIAGNOSTIC_ONLY
U0_MS,pressure_gradient_acceleration,LINEAGE,HMSO01R_A|FIELD_LINEAGE|788bb18808dd1be8d0fa3d7caafb9ed17441fce457a419d2bbaf861831d83a81,0.1,0.9,52.40300584732972,2.929966359218237,0.0,0,2560,FROZEN_K10_NEIGHBOURS_PLUS_FROZEN_K10_MATCHED_RANDOM_EDGES,PERSISTENT_OPERATIONAL_NEAR_COLLISION_EVIDENCE,EVALUABLE,EXPLORATORY_CONSUMED_DIAGNOSTIC_ONLY
U0_MS,pressure_gradient_acceleration,LINEAGE,HMSO01R_A|FIELD_LINEAGE|7a0ba19f2cf324db5922acc61291c51f82b574717f73f269f12eae7bcc99ab35,0.1,0.9,52.40300584732972,2.929966359218237,0.0,0,2560,FROZEN_K10_NEIGHBOURS_PLUS_FROZEN_K10_MATCHED_RANDOM_EDGES,PERSISTENT_OPERATIONAL_NEAR_COLLISION_EVIDENCE,EVALUABLE,EXPLORATORY_CONSUMED_DIAGNOSTIC_ONLY
U0_MS,pressure_gradient_acceleration,LINEAGE,HMSO01R_A|FIELD_LINEAGE|7a40ff07646995058d8981271562dfa4f2cc77b96f79dba59c7ae90f96586134,0.1,0.9,52.40300584732972,2.929966359218237,0.0,0,30720,FROZEN_K10_NEIGHBOURS_PLUS_FROZEN_K10_MATCHED_RANDOM_EDGES,PERSISTENT_OPERATIONAL_NEAR_COLLISION_EVIDENCE,EVALUABLE,EXPLORATORY_CONSUMED_DIAGNOSTIC_ONLY
U0_MS,pressure_gradient_acceleration,LINEAGE,HMSO01R_A|FIELD_LINEAGE|7a536ab09e10cdf42c9afdd1f0f02ad4a5141ab50a8f50eb0b247ee08a4c67c0,0.1,0.9,52.40300584732972,2.929966359218237,0.0,0,2560,FROZEN_K10_NEIGHBOURS_PLUS_FROZEN_K10_MATCHED_RANDOM_EDGES,PERSISTENT_OPERATIONAL_NEAR_COLLISION_EVIDENCE,EVALUABLE,EXPLORATORY_CONSUMED_DIAGNOSTIC_ONLY
U0_MS,pressure_gradient_acceleration,LINEAGE,HMSO01R_A|FIELD_LINEAGE|7b060c06cca73ad49fc21e32e1688bcbe34e5745a78029b452cbacf697a204be,0.1,0.9,52.40300584732972,2.929966359218237,0.0,0,2560,FROZEN_K10_NEIGHBOURS_PLUS_FROZEN_K10_MATCHED_RANDOM_EDGES,PERSISTENT_OPERATIONAL_NEAR_COLLISION_EVIDENCE,EVALUABLE,EXPLORATORY_CONSUMED_DIAGNOSTIC_ONLY
U0_MS,pressure_gradient_acceleration,LINEAGE,HMSO01R_A|FIELD_LINEAGE|7be8c21ecd7eaebf293b54b94f1920e19f00da5d0e416aaa8f7c69137970c399,0.1,0.9,52.40300584732972,2.929966359218237,0.0,0,2560,FROZEN_K10_NEIGHBOURS_PLUS_FROZEN_K10_MATCHED_RANDOM_EDGES,PERSISTENT_OPERATIONAL_NEAR_COLLISION_EVIDENCE,EVALUABLE,EXPLORATORY_CONSUMED_DIAGNOSTIC_ONLY
U0_MS,pressure_gradient_acceleration,LINEAGE,HMSO01R_A|FIELD_LINEAGE|7c009b8ab0dfadca9095462a890aab36eac46b48a3c131f7a908a8d37a21f707,0.1,0.9,52.40300584732972,2.929966359218237,0.0,0,2560,FROZEN_K10_NEIGHBOURS_PLUS_FROZEN_K10_MATCHED_RANDOM_EDGES,PERSISTENT_OPERATIONAL_NEAR_COLLISION_EVIDENCE,EVALUABLE,EXPLORATORY_CONSUMED_DIAGNOSTIC_ONLY
U0_MS,pressure_gradient_acceleration,LINEAGE,HMSO01R_A|FIELD_LINEAGE|7cb12f064a9c8069fd15f2a86fa0ddd017328ca5cc4b0fc515bbfbdd4c6e6858,0.1,0.9,52.40300584732972,2.929966359218237,0.0,0,5120,FROZEN_K10_NEIGHBOURS_PLUS_FROZEN_K10_MATCHED_RANDOM_EDGES,PERSISTENT_OPERATIONAL_NEAR_COLLISION_EVIDENCE,EVALUABLE,EXPLORATORY_CONSUMED_DIAGNOSTIC_ONLY
U0_MS,pressure_gradient_acceleration,LINEAGE,HMSO01R_A|FIELD_LINEAGE|7f5e5896e83ee81bc858adc8fff5befe2b2c76e1183ff21435261a6621560b2c,0.1,0.9,52.40300584732972,2.929966359218237,0.0,0,5120,FROZEN_K10_NEIGHBOURS_PLUS_FROZEN_K10_MATCHED_RANDOM_EDGES,PERSISTENT_OPERATIONAL_NEAR_COLLISION_EVIDENCE,EVALUABLE,EXPLORATORY_CONSUMED_DIAGNOSTIC_ONLY
U0_MS,pressure_gradient_acceleration,LINEAGE,HMSO01R_A|FIELD_LINEAGE|7fcdfe3b32b571e4d4b1a4e7c1702d5dffaf41926d62628c6a434d692409d901,0.1,0.9,52.40300584732972,2.929966359218237,0.0,0,2560,FROZEN_K10_NEIGHBOURS_PLUS_FROZEN_K10_MATCHED_RANDOM_EDGES,PERSISTENT_OPERATIONAL_NEAR_COLLISION_EVIDENCE,EVALUABLE,EXPLORATORY_CONSUMED_DIAGNOSTIC_ONLY
U0_MS,pressure_gradient_acceleration,LINEAGE,HMSO01R_A|FIELD_LINEAGE|7fd6bba4cc2991027e04cc510555a1b3e651423143c79ecd367c197fbfdf8786,0.1,0.9,52.40300584732972,2.929966359218237,0.0,0,2560,FROZEN_K10_NEIGHBOURS_PLUS_FROZEN_K10_MATCHED_RANDOM_EDGES,PERSISTENT_OPERATIONAL_NEAR_COLLISION_EVIDENCE,EVALUABLE,EXPLORATORY_CONSUMED_DIAGNOSTIC_ONLY
U0_MS,pressure_gradient_acceleration,LINEAGE,HMSO01R_A|FIELD_LINEAGE|7fd9257249644666dfcbc65ef0f9aa8090d87f1c93f77579cc137a1fc016a884,0.1,0.9,52.40300584732972,2.929966359218237,0.0,0,5120,FROZEN_K10_NEIGHBOURS_PLUS_FROZEN_K10_MATCHED_RANDOM_EDGES,PERSISTENT_OPERATIONAL_NEAR_COLLISION_EVIDENCE,EVALUABLE,EXPLORATORY_CONSUMED_DIAGNOSTIC_ONLY
U0_MS,pressure_gradient_acceleration,LINEAGE,HMSO01R_A|FIELD_LINEAGE|81c7292472bf739bf28836ff17c69dda49199278b75cd9c66130df6be7c143fb,0.1,0.9,52.40300584732972,2.929966359218237,0.0,0,5120,FROZEN_K10_NEIGHBOURS_PLUS_FROZEN_K10_MATCHED_RANDOM_EDGES,PERSISTENT_OPERATIONAL_NEAR_COLLISION_EVIDENCE,EVALUABLE,EXPLORATORY_CONSUMED_DIAGNOSTIC_ONLY
U0_MS,pressure_gradient_acceleration,LINEAGE,HMSO01R_A|FIELD_LINEAGE|8319212c9598ce2f7cd195e20de66435ffdb6ab6aeedf4d663d53cb3966ebc0a,0.1,0.9,52.40300584732972,2.929966359218237,0.0,0,2560,FROZEN_K10_NEIGHBOURS_PLUS_FROZEN_K10_MATCHED_RANDOM_EDGES,PERSISTENT_OPERATIONAL_NEAR_COLLISION_EVIDENCE,EVALUABLE,EXPLORATORY_CONSUMED_DIAGNOSTIC_ONLY
U0_MS,pressure_gradient_acceleration,LINEAGE,HMSO01R_A|FIELD_LINEAGE|83c68f311cba3e93368aeeec1e81f7eebc2d9d8bfb68a0ba32cbc3fe731f6155,0.1,0.9,52.40300584732972,2.929966359218237,0.0,0,5120,FROZEN_K10_NEIGHBOURS_PLUS_FROZEN_K10_MATCHED_RANDOM_EDGES,PERSISTENT_OPERATIONAL_NEAR_COLLISION_EVIDENCE,EVALUABLE,EXPLORATORY_CONSUMED_DIAGNOSTIC_ONLY
U0_MS,pressure_gradient_acceleration,LINEAGE,HMSO01R_A|FIELD_LINEAGE|8573999ac09da70da8d1802997d1dd1b2879d7ff239af35fb1a185a39cc1f420,0.1,0.9,52.40300584732972,2.929966359218237,0.0,0,7680,FROZEN_K10_NEIGHBOURS_PLUS_FROZEN_K10_MATCHED_RANDOM_EDGES,PERSISTENT_OPERATIONAL_NEAR_COLLISION_EVIDENCE,EVALUABLE,EXPLORATORY_CONSUMED_DIAGNOSTIC_ONLY
U0_MS,pressure_gradient_acceleration,LINEAGE,HMSO01R_A|FIELD_LINEAGE|86c895c14384dc9ce73736790948d3516d7de8be96dc834ec48d9a651e6b8e5e,0.1,0.9,52.40300584732972,2.929966359218237,0.0,0,2560,FROZEN_K10_NEIGHBOURS_PLUS_FROZEN_K10_MATCHED_RANDOM_EDGES,PERSISTENT_OPERATIONAL_NEAR_COLLISION_EVIDENCE,EVALUABLE,EXPLORATORY_CONSUMED_DIAGNOSTIC_ONLY
U0_MS,pressure_gradient_acceleration,LINEAGE,HMSO01R_A|FIELD_LINEAGE|86f4c153dee170c8ee8f47b2eb988fa25bcda8c9a7b6fd68a3d7256dc3af0a1f,0.1,0.9,52.40300584732972,2.929966359218237,0.00078125,2,2560,FROZEN_K10_NEIGHBOURS_PLUS_FROZEN_K10_MATCHED_RANDOM_EDGES,PERSISTENT_OPERATIONAL_NEAR_COLLISION_EVIDENCE,EVALUABLE,EXPLORATORY_CONSUMED_DIAGNOSTIC_ONLY
U0_MS,pressure_gradient_acceleration,LINEAGE,HMSO01R_A|FIELD_LINEAGE|87172e4156e9f066a6ea7ab3304062c939784ea4bd0f5f1cf466bbc2d6008cc6,0.1,0.9,52.40300584732972,2.929966359218237,0.0,0,5120,FROZEN_K10_NEIGHBOURS_PLUS_FROZEN_K10_MATCHED_RANDOM_EDGES,PERSISTENT_OPERATIONAL_NEAR_COLLISION_EVIDENCE,EVALUABLE,EXPLORATORY_CONSUMED_DIAGNOSTIC_ONLY
U0_MS,pressure_gradient_acceleration,LINEAGE,HMSO01R_A|FIELD_LINEAGE|8788043b5775de130eade6a54c5654805d8ed31cc68fcfa8928c3b7150abef48,0.1,0.9,52.40300584732972,2.929966359218237,0.0,0,2560,FROZEN_K10_NEIGHBOURS_PLUS_FROZEN_K10_MATCHED_RANDOM_EDGES,PERSISTENT_OPERATIONAL_NEAR_COLLISION_EVIDENCE,EVALUABLE,EXPLORATORY_CONSUMED_DIAGNOSTIC_ONLY
U0_MS,pressure_gradient_acceleration,LINEAGE,HMSO01R_A|FIELD_LINEAGE|88fd5f86ca9cc426c28ce681d06ea15f58c6c7889170fcda146bde128f6121e4,0.1,0.9,52.40300584732972,2.929966359218237,0.0,0,5120,FROZEN_K10_NEIGHBOURS_PLUS_FROZEN_K10_MATCHED_RANDOM_EDGES,PERSISTENT_OPERATIONAL_NEAR_COLLISION_EVIDENCE,EVALUABLE,EXPLORATORY_CONSUMED_DIAGNOSTIC_ONLY
U0_MS,pressure_gradient_acceleration,LINEAGE,HMSO01R_A|FIELD_LINEAGE|8a6dd2252f8c5f8f08c3ba5ae9cf89d97575348634ba471a1a84e7de612ac6f3,0.1,0.9,52.40300584732972,2.929966359218237,0.0,0,2560,FROZEN_K10_NEIGHBOURS_PLUS_FROZEN_K10_MATCHED_RANDOM_EDGES,PERSISTENT_OPERATIONAL_NEAR_COLLISION_EVIDENCE,EVALUABLE,EXPLORATORY_CONSUMED_DIAGNOSTIC_ONLY
U0_MS,pressure_gradient_acceleration,LINEAGE,HMSO01R_A|FIELD_LINEAGE|8af782533dccfef4a682f44ff365b7014ae448a56bd62c92877bbd37640adb31,0.1,0.9,52.40300584732972,2.929966359218237,0.0,0,30720,FROZEN_K10_NEIGHBOURS_PLUS_FROZEN_K10_MATCHED_RANDOM_EDGES,PERSISTENT_OPERATIONAL_NEAR_COLLISION_EVIDENCE,EVALUABLE,EXPLORATORY_CONSUMED_DIAGNOSTIC_ONLY
U0_MS,pressure_gradient_acceleration,LINEAGE,HMSO01R_A|FIELD_LINEAGE|8d1e4918227588e163eea87a946c88983d6e03486114766be90d0602757fb4c2,0.1,0.9,52.40300584732972,2.929966359218237,0.0,0,2560,FROZEN_K10_NEIGHBOURS_PLUS_FROZEN_K10_MATCHED_RANDOM_EDGES,PERSISTENT_OPERATIONAL_NEAR_COLLISION_EVIDENCE,EVALUABLE,EXPLORATORY_CONSUMED_DIAGNOSTIC_ONLY
U0_MS,pressure_gradient_acceleration,LINEAGE,HMSO01R_A|FIELD_LINEAGE|8e3408f57249bc00fdafb475f758686e9ee7a95dad97ecf63f9b3a27f383de5d,0.1,0.9,52.40300584732972,2.929966359218237,0.0,0,2560,FROZEN_K10_NEIGHBOURS_PLUS_FROZEN_K10_MATCHED_RANDOM_EDGES,PERSISTENT_OPERATIONAL_NEAR_COLLISION_EVIDENCE,EVALUABLE,EXPLORATORY_CONSUMED_DIAGNOSTIC_ONLY
U0_MS,pressure_gradient_acceleration,LINEAGE,HMSO01R_A|FIELD_LINEAGE|8e40e60ae6de8d393e4f96f7c0cdfd3570298138a8d1d44c6db1dc858b71a31e,0.1,0.9,52.40300584732972,2.929966359218237,0.0,0,5120,FROZEN_K10_NEIGHBOURS_PLUS_FROZEN_K10_MATCHED_RANDOM_EDGES,PERSISTENT_OPERATIONAL_NEAR_COLLISION_EVIDENCE,EVALUABLE,EXPLORATORY_CONSUMED_DIAGNOSTIC_ONLY
U0_MS,pressure_gradient_acceleration,LINEAGE,HMSO01R_A|FIELD_LINEAGE|8fbd2d8c6238dbc0e3f8ebbea9ee429eb1cbd0b7ebf5580cffb8e79372f4cf04,0.1,0.9,52.40300584732972,2.929966359218237,0.0,0,2560,FROZEN_K10_NEIGHBOURS_PLUS_FROZEN_K10_MATCHED_RANDOM_EDGES,PERSISTENT_OPERATIONAL_NEAR_COLLISION_EVIDENCE,EVALUABLE,EXPLORATORY_CONSUMED_DIAGNOSTIC_ONLY
U0_MS,pressure_gradient_acceleration,LINEAGE,HMSO01R_A|FIELD_LINEAGE|9035657b1a9729d4b57919992bee8d9ea960c2a587c8d3877d9c920d8fa2a77c,0.1,0.9,52.40300584732972,2.929966359218237,0.0,0,2560,FROZEN_K10_NEIGHBOURS_PLUS_FROZEN_K10_MATCHED_RANDOM_EDGES,PERSISTENT_OPERATIONAL_NEAR_COLLISION_EVIDENCE,EVALUABLE,EXPLORATORY_CONSUMED_DIAGNOSTIC_ONLY
U0_MS,pressure_gradient_acceleration,LINEAGE,HMSO01R_A|FIELD_LINEAGE|9239a350bed02b809dafe66125991e7de2c0c1c20b38f7689dc19527329619d6,0.1,0.9,52.40300584732972,2.929966359218237,0.0,0,2560,FROZEN_K10_NEIGHBOURS_PLUS_FROZEN_K10_MATCHED_RANDOM_EDGES,PERSISTENT_OPERATIONAL_NEAR_COLLISION_EVIDENCE,EVALUABLE,EXPLORATORY_CONSUMED_DIAGNOSTIC_ONLY
U0_MS,pressure_gradient_acceleration,LINEAGE,HMSO01R_A|FIELD_LINEAGE|9415b727187c332c72260d653b657bcbe590635140818a0978bae1e8dcd4568b,0.1,0.9,52.40300584732972,2.929966359218237,0.0,0,2560,FROZEN_K10_NEIGHBOURS_PLUS_FROZEN_K10_MATCHED_RANDOM_EDGES,PERSISTENT_OPERATIONAL_NEAR_COLLISION_EVIDENCE,EVALUABLE,EXPLORATORY_CONSUMED_DIAGNOSTIC_ONLY
U0_MS,pressure_gradient_acceleration,LINEAGE,HMSO01R_A|FIELD_LINEAGE|95873981d02cb2a4e333122aa57c7927c33fccc49c0b93590a6b549f6bec57f1,0.1,0.9,52.40300584732972,2.929966359218237,0.0,0,2560,FROZEN_K10_NEIGHBOURS_PLUS_FROZEN_K10_MATCHED_RANDOM_EDGES,PERSISTENT_OPERATIONAL_NEAR_COLLISION_EVIDENCE,EVALUABLE,EXPLORATORY_CONSUMED_DIAGNOSTIC_ONLY
U0_MS,pressure_gradient_acceleration,LINEAGE,HMSO01R_A|FIELD_LINEAGE|970bbd18dffee12c05308155c993436bfc58e77384e4967420f4e2e03156c88b,0.1,0.9,52.40300584732972,2.929966359218237,0.0,0,5120,FROZEN_K10_NEIGHBOURS_PLUS_FROZEN_K10_MATCHED_RANDOM_EDGES,PERSISTENT_OPERATIONAL_NEAR_COLLISION_EVIDENCE,EVALUABLE,EXPLORATORY_CONSUMED_DIAGNOSTIC_ONLY
U0_MS,pressure_gradient_acceleration,LINEAGE,HMSO01R_A|FIELD_LINEAGE|97c8122849aa3cb13b599389c011f78352d49decd5677988d0a2a6da7c39f700,0.1,0.9,52.40300584732972,2.929966359218237,0.0,0,5120,FROZEN_K10_NEIGHBOURS_PLUS_FROZEN_K10_MATCHED_RANDOM_EDGES,PERSISTENT_OPERATIONAL_NEAR_COLLISION_EVIDENCE,EVALUABLE,EXPLORATORY_CONSUMED_DIAGNOSTIC_ONLY
U0_MS,pressure_gradient_acceleration,LINEAGE,HMSO01R_A|FIELD_LINEAGE|97fbdfbd64658c72d9a31f61eea2acf4543cf9ba5532a2ed052d1358412ef553,0.1,0.9,52.40300584732972,2.929966359218237,0.0,0,2560,FROZEN_K10_NEIGHBOURS_PLUS_FROZEN_K10_MATCHED_RANDOM_EDGES,PERSISTENT_OPERATIONAL_NEAR_COLLISION_EVIDENCE,EVALUABLE,EXPLORATORY_CONSUMED_DIAGNOSTIC_ONLY
U0_MS,pressure_gradient_acceleration,LINEAGE,HMSO01R_A|FIELD_LINEAGE|98ef721075a1ebd7c92edcbcf7747aac6c3d77c4f9c29f15e5d83577ad6d7f6b,0.1,0.9,52.40300584732972,2.929966359218237,0.0,0,2560,FROZEN_K10_NEIGHBOURS_PLUS_FROZEN_K10_MATCHED_RANDOM_EDGES,PERSISTENT_OPERATIONAL_NEAR_COLLISION_EVIDENCE,EVALUABLE,EXPLORATORY_CONSUMED_DIAGNOSTIC_ONLY
U0_MS,pressure_gradient_acceleration,LINEAGE,HMSO01R_A|FIELD_LINEAGE|99c13161db8958c19a30a96b96a6940cece539d1c84e808e21dfa37710ec6894,0.1,0.9,52.40300584732972,2.929966359218237,0.0,0,5120,FROZEN_K10_NEIGHBOURS_PLUS_FROZEN_K10_MATCHED_RANDOM_EDGES,PERSISTENT_OPERATIONAL_NEAR_COLLISION_EVIDENCE,EVALUABLE,EXPLORATORY_CONSUMED_DIAGNOSTIC_ONLY
U0_MS,pressure_gradient_acceleration,LINEAGE,HMSO01R_A|FIELD_LINEAGE|9a24c02f87d28fecb69b79ddff22c8eb176badf445e6b5b8234aa2a46b73c349,0.1,0.9,52.40300584732972,2.929966359218237,0.0,0,2560,FROZEN_K10_NEIGHBOURS_PLUS_FROZEN_K10_MATCHED_RANDOM_EDGES,PERSISTENT_OPERATIONAL_NEAR_COLLISION_EVIDENCE,EVALUABLE,EXPLORATORY_CONSUMED_DIAGNOSTIC_ONLY
U0_MS,pressure_gradient_acceleration,LINEAGE,HMSO01R_A|FIELD_LINEAGE|9aaa52aa8afb4f9adfe0d0e7ddb5e3e8101852fdd6ef0a635cf3875b473d16a7,0.1,0.9,52.40300584732972,2.929966359218237,0.0,0,2560,FROZEN_K10_NEIGHBOURS_PLUS_FROZEN_K10_MATCHED_RANDOM_EDGES,PERSISTENT_OPERATIONAL_NEAR_COLLISION_EVIDENCE,EVALUABLE,EXPLORATORY_CONSUMED_DIAGNOSTIC_ONLY
U0_MS,pressure_gradient_acceleration,LINEAGE,HMSO01R_A|FIELD_LINEAGE|9c004dbe18905f4181f1a701e81649fc67e98b969674994e8f64827f6fb4c765,0.1,0.9,52.40300584732972,2.929966359218237,0.0,0,5120,FROZEN_K10_NEIGHBOURS_PLUS_FROZEN_K10_MATCHED_RANDOM_EDGES,PERSISTENT_OPERATIONAL_NEAR_COLLISION_EVIDENCE,EVALUABLE,EXPLORATORY_CONSUMED_DIAGNOSTIC_ONLY
U0_MS,pressure_gradient_acceleration,LINEAGE,HMSO01R_A|FIELD_LINEAGE|9c5f7b50a01e8dafcf4be2d7df61fd0da86b2229fe32286852ed3ad88cce82f1,0.1,0.9,52.40300584732972,2.929966359218237,0.0,0,2560,FROZEN_K10_NEIGHBOURS_PLUS_FROZEN_K10_MATCHED_RANDOM_EDGES,PERSISTENT_OPERATIONAL_NEAR_COLLISION_EVIDENCE,EVALUABLE,EXPLORATORY_CONSUMED_DIAGNOSTIC_ONLY
U0_MS,pressure_gradient_acceleration,LINEAGE,HMSO01R_A|FIELD_LINEAGE|9f471cc2328d66ccf0ca43f62bf5e261a867f85eeac6edc5a472072ca388bff6,0.1,0.9,52.40300584732972,2.929966359218237,0.0,0,5120,FROZEN_K10_NEIGHBOURS_PLUS_FROZEN_K10_MATCHED_RANDOM_EDGES,PERSISTENT_OPERATIONAL_NEAR_COLLISION_EVIDENCE,EVALUABLE,EXPLORATORY_CONSUMED_DIAGNOSTIC_ONLY
U0_MS,pressure_gradient_acceleration,LINEAGE,HMSO01R_A|FIELD_LINEAGE|9ff02fac76e3803bb8391cba4035dfa7a72d5220975092d818302f10f07c08e9,0.1,0.9,52.40300584732972,2.929966359218237,0.0,0,2560,FROZEN_K10_NEIGHBOURS_PLUS_FROZEN_K10_MATCHED_RANDOM_EDGES,PERSISTENT_OPERATIONAL_NEAR_COLLISION_EVIDENCE,EVALUABLE,EXPLORATORY_CONSUMED_DIAGNOSTIC_ONLY
U0_MS,pressure_gradient_acceleration,LINEAGE,HMSO01R_A|FIELD_LINEAGE|a1c0a919ad122615714cbb9f6b50981061d4f68fe06b618c4cd2688f52f12391,0.1,0.9,52.40300584732972,2.929966359218237,0.002734375,7,2560,FROZEN_K10_NEIGHBOURS_PLUS_FROZEN_K10_MATCHED_RANDOM_EDGES,PERSISTENT_OPERATIONAL_NEAR_COLLISION_EVIDENCE,EVALUABLE,EXPLORATORY_CONSUMED_DIAGNOSTIC_ONLY
U0_MS,pressure_gradient_acceleration,LINEAGE,HMSO01R_A|FIELD_LINEAGE|a2187a6938903010b61ee85d06f597d4029728ee0de5541c03daf2ed126b189e,0.1,0.9,52.40300584732972,2.929966359218237,0.0,0,5120,FROZEN_K10_NEIGHBOURS_PLUS_FROZEN_K10_MATCHED_RANDOM_EDGES,PERSISTENT_OPERATIONAL_NEAR_COLLISION_EVIDENCE,EVALUABLE,EXPLORATORY_CONSUMED_DIAGNOSTIC_ONLY
U0_MS,pressure_gradient_acceleration,LINEAGE,HMSO01R_A|FIELD_LINEAGE|a2bcc80ca3b9ebb8f54401e7b09de472e9adbce971c85048bd40ce15be44ea6a,0.1,0.9,52.40300584732972,2.929966359218237,0.0,0,2560,FROZEN_K10_NEIGHBOURS_PLUS_FROZEN_K10_MATCHED_RANDOM_EDGES,PERSISTENT_OPERATIONAL_NEAR_COLLISION_EVIDENCE,EVALUABLE,EXPLORATORY_CONSUMED_DIAGNOSTIC_ONLY
U0_MS,pressure_gradient_acceleration,LINEAGE,HMSO01R_A|FIELD_LINEAGE|a3f750d8c1551c6ecf78f876fab114a3481105b16656dddc657ee8cfb50fd48b,0.1,0.9,52.40300584732972,2.929966359218237,0.0,0,5120,FROZEN_K10_NEIGHBOURS_PLUS_FROZEN_K10_MATCHED_RANDOM_EDGES,PERSISTENT_OPERATIONAL_NEAR_COLLISION_EVIDENCE,EVALUABLE,EXPLORATORY_CONSUMED_DIAGNOSTIC_ONLY
U0_MS,pressure_gradient_acceleration,LINEAGE,HMSO01R_A|FIELD_LINEAGE|a594f1a43c118c7761d223f6f34e42847c31c67fc6b06838b968dcc65b6c3356,0.1,0.9,52.40300584732972,2.929966359218237,0.0,0,2560,FROZEN_K10_NEIGHBOURS_PLUS_FROZEN_K10_MATCHED_RANDOM_EDGES,PERSISTENT_OPERATIONAL_NEAR_COLLISION_EVIDENCE,EVALUABLE,EXPLORATORY_CONSUMED_DIAGNOSTIC_ONLY
U0_MS,pressure_gradient_acceleration,LINEAGE,HMSO01R_A|FIELD_LINEAGE|a7458b96c9ce1c60bf3ea9d352424b7dd251e22480db263be2c5716c65dc6939,0.1,0.9,52.40300584732972,2.929966359218237,0.0,0,5120,FROZEN_K10_NEIGHBOURS_PLUS_FROZEN_K10_MATCHED_RANDOM_EDGES,PERSISTENT_OPERATIONAL_NEAR_COLLISION_EVIDENCE,EVALUABLE,EXPLORATORY_CONSUMED_DIAGNOSTIC_ONLY
U0_MS,pressure_gradient_acceleration,LINEAGE,HMSO01R_A|FIELD_LINEAGE|a97cf87a717a68b745e28078c021ba65c881711a1cd171188bc4affd3a1b5795,0.1,0.9,52.40300584732972,2.929966359218237,0.0,0,5120,FROZEN_K10_NEIGHBOURS_PLUS_FROZEN_K10_MATCHED_RANDOM_EDGES,PERSISTENT_OPERATIONAL_NEAR_COLLISION_EVIDENCE,EVALUABLE,EXPLORATORY_CONSUMED_DIAGNOSTIC_ONLY
U0_MS,pressure_gradient_acceleration,LINEAGE,HMSO01R_A|FIELD_LINEAGE|ad302a05132d9f111349ae57a7badd9ffd336cce6f517d6dda76a6f130659828,0.1,0.9,52.40300584732972,2.929966359218237,0.00078125,2,2560,FROZEN_K10_NEIGHBOURS_PLUS_FROZEN_K10_MATCHED_RANDOM_EDGES,PERSISTENT_OPERATIONAL_NEAR_COLLISION_EVIDENCE,EVALUABLE,EXPLORATORY_CONSUMED_DIAGNOSTIC_ONLY
U0_MS,pressure_gradient_acceleration,LINEAGE,HMSO01R_A|FIELD_LINEAGE|adcf8aaea780832e88b7b6b779fb3ef2ecab338dd7379ac8654e7aabdcee4b4f,0.1,0.9,52.40300584732972,2.929966359218237,0.0,0,5120,FROZEN_K10_NEIGHBOURS_PLUS_FROZEN_K10_MATCHED_RANDOM_EDGES,PERSISTENT_OPERATIONAL_NEAR_COLLISION_EVIDENCE,EVALUABLE,EXPLORATORY_CONSUMED_DIAGNOSTIC_ONLY
U0_MS,pressure_gradient_acceleration,LINEAGE,HMSO01R_A|FIELD_LINEAGE|b0c6a47a41827791b3e03b32c3cfc7642f7c46055e5fbdc618a902dd60890cc0,0.1,0.9,52.40300584732972,2.929966359218237,0.0,0,2560,FROZEN_K10_NEIGHBOURS_PLUS_FROZEN_K10_MATCHED_RANDOM_EDGES,PERSISTENT_OPERATIONAL_NEAR_COLLISION_EVIDENCE,EVALUABLE,EXPLORATORY_CONSUMED_DIAGNOSTIC_ONLY
U0_MS,pressure_gradient_acceleration,LINEAGE,HMSO01R_A|FIELD_LINEAGE|b1b50b97bc0f473e266ef9eb8a1e2e2edee23dadabeb0645af363d822d4db947,0.1,0.9,52.40300584732972,2.929966359218237,0.0,0,2560,FROZEN_K10_NEIGHBOURS_PLUS_FROZEN_K10_MATCHED_RANDOM_EDGES,PERSISTENT_OPERATIONAL_NEAR_COLLISION_EVIDENCE,EVALUABLE,EXPLORATORY_CONSUMED_DIAGNOSTIC_ONLY
U0_MS,pressure_gradient_acceleration,LINEAGE,HMSO01R_A|FIELD_LINEAGE|b1c696b82fff7183ba4fc0ae8ce4363fcd56ada1cc6ffa171713dda9524816e8,0.1,0.9,52.40300584732972,2.929966359218237,0.0,0,5120,FROZEN_K10_NEIGHBOURS_PLUS_FROZEN_K10_MATCHED_RANDOM_EDGES,PERSISTENT_OPERATIONAL_NEAR_COLLISION_EVIDENCE,EVALUABLE,EXPLORATORY_CONSUMED_DIAGNOSTIC_ONLY
U0_MS,pressure_gradient_acceleration,LINEAGE,HMSO01R_A|FIELD_LINEAGE|b2211d9018dde472457c7d9570d8b744ae480cbc84526fced16d30cb565fdb61,0.1,0.9,52.40300584732972,2.929966359218237,0.0,0,2560,FROZEN_K10_NEIGHBOURS_PLUS_FROZEN_K10_MATCHED_RANDOM_EDGES,PERSISTENT_OPERATIONAL_NEAR_COLLISION_EVIDENCE,EVALUABLE,EXPLORATORY_CONSUMED_DIAGNOSTIC_ONLY
U0_MS,pressure_gradient_acceleration,LINEAGE,HMSO01R_A|FIELD_LINEAGE|b31d5c3484f2394d06a11f5ae52600d61d7c303637147b70dbb1edd7e25e93c9,0.1,0.9,52.40300584732972,2.929966359218237,0.0,0,2560,FROZEN_K10_NEIGHBOURS_PLUS_FROZEN_K10_MATCHED_RANDOM_EDGES,PERSISTENT_OPERATIONAL_NEAR_COLLISION_EVIDENCE,EVALUABLE,EXPLORATORY_CONSUMED_DIAGNOSTIC_ONLY
U0_MS,pressure_gradient_acceleration,LINEAGE,HMSO01R_A|FIELD_LINEAGE|b40ef25bd445f58063f7eecbd118e28fcd5b9c8ea0b1803b18c885057e29107f,0.1,0.9,52.40300584732972,2.929966359218237,0.0,0,2560,FROZEN_K10_NEIGHBOURS_PLUS_FROZEN_K10_MATCHED_RANDOM_EDGES,PERSISTENT_OPERATIONAL_NEAR_COLLISION_EVIDENCE,EVALUABLE,EXPLORATORY_CONSUMED_DIAGNOSTIC_ONLY
U0_MS,pressure_gradient_acceleration,LINEAGE,HMSO01R_A|FIELD_LINEAGE|b49a6f081c09f4e4bff79a7f0fc0a282131ed3252c520eb6637fbf7ad615c6bd,0.1,0.9,52.40300584732972,2.929966359218237,0.0,0,2560,FROZEN_K10_NEIGHBOURS_PLUS_FROZEN_K10_MATCHED_RANDOM_EDGES,PERSISTENT_OPERATIONAL_NEAR_COLLISION_EVIDENCE,EVALUABLE,EXPLORATORY_CONSUMED_DIAGNOSTIC_ONLY
U0_MS,pressure_gradient_acceleration,LINEAGE,HMSO01R_A|FIELD_LINEAGE|b7c6344fafcff3e1128b30252e587c19386316434538ac595af9870864bff2e9,0.1,0.9,52.40300584732972,2.929966359218237,0.000390625,1,2560,FROZEN_K10_NEIGHBOURS_PLUS_FROZEN_K10_MATCHED_RANDOM_EDGES,PERSISTENT_OPERATIONAL_NEAR_COLLISION_EVIDENCE,EVALUABLE,EXPLORATORY_CONSUMED_DIAGNOSTIC_ONLY
U0_MS,pressure_gradient_acceleration,LINEAGE,HMSO01R_A|FIELD_LINEAGE|b914e9e8b47652c007a545bd9a5f60dbdaba2b957df3f42cdec4c8edb98e6d53,0.1,0.9,52.40300584732972,2.929966359218237,0.0,0,5120,FROZEN_K10_NEIGHBOURS_PLUS_FROZEN_K10_MATCHED_RANDOM_EDGES,PERSISTENT_OPERATIONAL_NEAR_COLLISION_EVIDENCE,EVALUABLE,EXPLORATORY_CONSUMED_DIAGNOSTIC_ONLY
U0_MS,pressure_gradient_acceleration,LINEAGE,HMSO01R_A|FIELD_LINEAGE|bb92dd92e9632ccd3901d1e2e79aab63ab0910a576b08c41f27a140edcf99b56,0.1,0.9,52.40300584732972,2.929966359218237,0.0,0,2560,FROZEN_K10_NEIGHBOURS_PLUS_FROZEN_K10_MATCHED_RANDOM_EDGES,PERSISTENT_OPERATIONAL_NEAR_COLLISION_EVIDENCE,EVALUABLE,EXPLORATORY_CONSUMED_DIAGNOSTIC_ONLY
U0_MS,pressure_gradient_acceleration,LINEAGE,HMSO01R_A|FIELD_LINEAGE|bd0a319ae5e310c35bfeaafdbd8220147f595c77c4d665773530796c1f3b9b59,0.1,0.9,52.40300584732972,2.929966359218237,0.0,0,2560,FROZEN_K10_NEIGHBOURS_PLUS_FROZEN_K10_MATCHED_RANDOM_EDGES,PERSISTENT_OPERATIONAL_NEAR_COLLISION_EVIDENCE,EVALUABLE,EXPLORATORY_CONSUMED_DIAGNOSTIC_ONLY
U0_MS,pressure_gradient_acceleration,LINEAGE,HMSO01R_A|FIELD_LINEAGE|be9a8927a3f7361841f3e523395e00d4ebcd734040aebfe38006ae7fda2437fd,0.1,0.9,52.40300584732972,2.929966359218237,0.0,0,2560,FROZEN_K10_NEIGHBOURS_PLUS_FROZEN_K10_MATCHED_RANDOM_EDGES,PERSISTENT_OPERATIONAL_NEAR_COLLISION_EVIDENCE,EVALUABLE,EXPLORATORY_CONSUMED_DIAGNOSTIC_ONLY
U0_MS,pressure_gradient_acceleration,LINEAGE,HMSO01R_A|FIELD_LINEAGE|bf32023450080971c5fdfb56d7a260838d7b8e02917a4118c4ed0b4a49c6c14a,0.1,0.9,52.40300584732972,2.929966359218237,0.0,0,5120,FROZEN_K10_NEIGHBOURS_PLUS_FROZEN_K10_MATCHED_RANDOM_EDGES,PERSISTENT_OPERATIONAL_NEAR_COLLISION_EVIDENCE,EVALUABLE,EXPLORATORY_CONSUMED_DIAGNOSTIC_ONLY
U0_MS,pressure_gradient_acceleration,LINEAGE,HMSO01R_A|FIELD_LINEAGE|c26b5ad7fee192c3863a9362bb1782ac10409a155024388ef9dea9120f9c3662,0.1,0.9,52.40300584732972,2.929966359218237,0.0,0,2560,FROZEN_K10_NEIGHBOURS_PLUS_FROZEN_K10_MATCHED_RANDOM_EDGES,PERSISTENT_OPERATIONAL_NEAR_COLLISION_EVIDENCE,EVALUABLE,EXPLORATORY_CONSUMED_DIAGNOSTIC_ONLY
U0_MS,pressure_gradient_acceleration,LINEAGE,HMSO01R_A|FIELD_LINEAGE|c2759d4a0108475d88af3dd58a918080f77e42a77ac5a686ce9a650a1d522183,0.1,0.9,52.40300584732972,2.929966359218237,0.0,0,2560,FROZEN_K10_NEIGHBOURS_PLUS_FROZEN_K10_MATCHED_RANDOM_EDGES,PERSISTENT_OPERATIONAL_NEAR_COLLISION_EVIDENCE,EVALUABLE,EXPLORATORY_CONSUMED_DIAGNOSTIC_ONLY
U0_MS,pressure_gradient_acceleration,LINEAGE,HMSO01R_A|FIELD_LINEAGE|c34a55057cd1e579919fb09acb5db221d75ae96164f74060b78863318f65371c,0.1,0.9,52.40300584732972,2.929966359218237,0.0,0,2560,FROZEN_K10_NEIGHBOURS_PLUS_FROZEN_K10_MATCHED_RANDOM_EDGES,PERSISTENT_OPERATIONAL_NEAR_COLLISION_EVIDENCE,EVALUABLE,EXPLORATORY_CONSUMED_DIAGNOSTIC_ONLY
U0_MS,pressure_gradient_acceleration,LINEAGE,HMSO01R_A|FIELD_LINEAGE|c3a574c6618599692f4195c9d1a59189286c1fc26ae852d26723565b0428d983,0.1,0.9,52.40300584732972,2.929966359218237,0.0,0,2560,FROZEN_K10_NEIGHBOURS_PLUS_FROZEN_K10_MATCHED_RANDOM_EDGES,PERSISTENT_OPERATIONAL_NEAR_COLLISION_EVIDENCE,EVALUABLE,EXPLORATORY_CONSUMED_DIAGNOSTIC_ONLY
U0_MS,pressure_gradient_acceleration,LINEAGE,HMSO01R_A|FIELD_LINEAGE|c54c1448df9c13b6658cb41b2c187b93be0f6db94293a7911953a6e90d602764,0.1,0.9,52.40300584732972,2.929966359218237,0.0,0,2560,FROZEN_K10_NEIGHBOURS_PLUS_FROZEN_K10_MATCHED_RANDOM_EDGES,PERSISTENT_OPERATIONAL_NEAR_COLLISION_EVIDENCE,EVALUABLE,EXPLORATORY_CONSUMED_DIAGNOSTIC_ONLY
U0_MS,pressure_gradient_acceleration,LINEAGE,HMSO01R_A|FIELD_LINEAGE|c7100ae9429166735b2d4f6243a22cf5abc14cffba49fce96d94ed19a12387d6,0.1,0.9,52.40300584732972,2.929966359218237,0.00703125,18,2560,FROZEN_K10_NEIGHBOURS_PLUS_FROZEN_K10_MATCHED_RANDOM_EDGES,PERSISTENT_OPERATIONAL_NEAR_COLLISION_EVIDENCE,EVALUABLE,EXPLORATORY_CONSUMED_DIAGNOSTIC_ONLY
U0_MS,pressure_gradient_acceleration,LINEAGE,HMSO01R_A|FIELD_LINEAGE|c7498c8903eedb4eb72abeb74a8624f4f311768cc705b42f488a9e810b4c3aec,0.1,0.9,52.40300584732972,2.929966359218237,0.000390625,1,2560,FROZEN_K10_NEIGHBOURS_PLUS_FROZEN_K10_MATCHED_RANDOM_EDGES,PERSISTENT_OPERATIONAL_NEAR_COLLISION_EVIDENCE,EVALUABLE,EXPLORATORY_CONSUMED_DIAGNOSTIC_ONLY
U0_MS,pressure_gradient_acceleration,LINEAGE,HMSO01R_A|FIELD_LINEAGE|c9a10c50914a082104b6f42f933e2e8b35494d6ac1b464fc981b740edc26e9a6,0.1,0.9,52.40300584732972,2.929966359218237,3.255208333333333e-05,1,30720,FROZEN_K10_NEIGHBOURS_PLUS_FROZEN_K10_MATCHED_RANDOM_EDGES,PERSISTENT_OPERATIONAL_NEAR_COLLISION_EVIDENCE,EVALUABLE,EXPLORATORY_CONSUMED_DIAGNOSTIC_ONLY
U0_MS,pressure_gradient_acceleration,LINEAGE,HMSO01R_A|FIELD_LINEAGE|ca0f07a3c0d5df7705d15288eb48ecdf2c50af57aa3e1ab370127581f048c929,0.1,0.9,52.40300584732972,2.929966359218237,0.0,0,2560,FROZEN_K10_NEIGHBOURS_PLUS_FROZEN_K10_MATCHED_RANDOM_EDGES,PERSISTENT_OPERATIONAL_NEAR_COLLISION_EVIDENCE,EVALUABLE,EXPLORATORY_CONSUMED_DIAGNOSTIC_ONLY
U0_MS,pressure_gradient_acceleration,LINEAGE,HMSO01R_A|FIELD_LINEAGE|cb947f8167c6ce3da1c26b48289f11fe77c609125572b2e2f489d9b4dbf77d91,0.1,0.9,52.40300584732972,2.929966359218237,0.0,0,2560,FROZEN_K10_NEIGHBOURS_PLUS_FROZEN_K10_MATCHED_RANDOM_EDGES,PERSISTENT_OPERATIONAL_NEAR_COLLISION_EVIDENCE,EVALUABLE,EXPLORATORY_CONSUMED_DIAGNOSTIC_ONLY
U0_MS,pressure_gradient_acceleration,LINEAGE,HMSO01R_A|FIELD_LINEAGE|cd1482e6386aeab5f67532ea00a4d133dd0798283239fa2bc60b1a36d8fd8390,0.1,0.9,52.40300584732972,2.929966359218237,0.0,0,2560,FROZEN_K10_NEIGHBOURS_PLUS_FROZEN_K10_MATCHED_RANDOM_EDGES,PERSISTENT_OPERATIONAL_NEAR_COLLISION_EVIDENCE,EVALUABLE,EXPLORATORY_CONSUMED_DIAGNOSTIC_ONLY
U0_MS,pressure_gradient_acceleration,LINEAGE,HMSO01R_A|FIELD_LINEAGE|d1321924d243ef663d38f2119b3da3e0b77ff9249352efe1c25dfa4971fbd453,0.1,0.9,52.40300584732972,2.929966359218237,0.0,0,2560,FROZEN_K10_NEIGHBOURS_PLUS_FROZEN_K10_MATCHED_RANDOM_EDGES,PERSISTENT_OPERATIONAL_NEAR_COLLISION_EVIDENCE,EVALUABLE,EXPLORATORY_CONSUMED_DIAGNOSTIC_ONLY
U0_MS,pressure_gradient_acceleration,LINEAGE,HMSO01R_A|FIELD_LINEAGE|d2f9d8c8f5f3c69790790651faeb1c1f59b6b387e4ede38adea5936b94855ff9,0.1,0.9,52.40300584732972,2.929966359218237,0.0,0,5120,FROZEN_K10_NEIGHBOURS_PLUS_FROZEN_K10_MATCHED_RANDOM_EDGES,PERSISTENT_OPERATIONAL_NEAR_COLLISION_EVIDENCE,EVALUABLE,EXPLORATORY_CONSUMED_DIAGNOSTIC_ONLY
U0_MS,pressure_gradient_acceleration,LINEAGE,HMSO01R_A|FIELD_LINEAGE|d3329a31885ae9100b3a5071d3f6de7c5b314524ba319156e3df439e55667dd5,0.1,0.9,52.40300584732972,2.929966359218237,0.0,0,2560,FROZEN_K10_NEIGHBOURS_PLUS_FROZEN_K10_MATCHED_RANDOM_EDGES,PERSISTENT_OPERATIONAL_NEAR_COLLISION_EVIDENCE,EVALUABLE,EXPLORATORY_CONSUMED_DIAGNOSTIC_ONLY
U0_MS,pressure_gradient_acceleration,LINEAGE,HMSO01R_A|FIELD_LINEAGE|d65de8a657545ef8339cfa29e05ce27d63f8ec5e02ee50514a615a33f5595da9,0.1,0.9,52.40300584732972,2.929966359218237,0.0,0,2560,FROZEN_K10_NEIGHBOURS_PLUS_FROZEN_K10_MATCHED_RANDOM_EDGES,PERSISTENT_OPERATIONAL_NEAR_COLLISION_EVIDENCE,EVALUABLE,EXPLORATORY_CONSUMED_DIAGNOSTIC_ONLY
U0_MS,pressure_gradient_acceleration,LINEAGE,HMSO01R_A|FIELD_LINEAGE|d6ecf8cd80acb9db6acee967c0d1a3a8ca941d75fcf9e621c7ea05d79a191767,0.1,0.9,52.40300584732972,2.929966359218237,0.0,0,7680,FROZEN_K10_NEIGHBOURS_PLUS_FROZEN_K10_MATCHED_RANDOM_EDGES,PERSISTENT_OPERATIONAL_NEAR_COLLISION_EVIDENCE,EVALUABLE,EXPLORATORY_CONSUMED_DIAGNOSTIC_ONLY
U0_MS,pressure_gradient_acceleration,LINEAGE,HMSO01R_A|FIELD_LINEAGE|d7d10f9b5293a22777f94b958cdb7280c40216c21a2b9b4a49451c1385cf26d9,0.1,0.9,52.40300584732972,2.929966359218237,0.0,0,2560,FROZEN_K10_NEIGHBOURS_PLUS_FROZEN_K10_MATCHED_RANDOM_EDGES,PERSISTENT_OPERATIONAL_NEAR_COLLISION_EVIDENCE,EVALUABLE,EXPLORATORY_CONSUMED_DIAGNOSTIC_ONLY
U0_MS,pressure_gradient_acceleration,LINEAGE,HMSO01R_A|FIELD_LINEAGE|d8cd77f2aea85a93297ba4755747ee15653349aca322bca77ce1738389444994,0.1,0.9,52.40300584732972,2.929966359218237,0.0,0,5120,FROZEN_K10_NEIGHBOURS_PLUS_FROZEN_K10_MATCHED_RANDOM_EDGES,PERSISTENT_OPERATIONAL_NEAR_COLLISION_EVIDENCE,EVALUABLE,EXPLORATORY_CONSUMED_DIAGNOSTIC_ONLY
U0_MS,pressure_gradient_acceleration,LINEAGE,HMSO01R_A|FIELD_LINEAGE|d9b0e4ca0c6e9f306f81bad07b5f31753c1237e04a6a51d708212ab05edea52f,0.1,0.9,52.40300584732972,2.929966359218237,0.0,0,2560,FROZEN_K10_NEIGHBOURS_PLUS_FROZEN_K10_MATCHED_RANDOM_EDGES,PERSISTENT_OPERATIONAL_NEAR_COLLISION_EVIDENCE,EVALUABLE,EXPLORATORY_CONSUMED_DIAGNOSTIC_ONLY
U0_MS,pressure_gradient_acceleration,LINEAGE,HMSO01R_A|FIELD_LINEAGE|dca2b57202d33de06ea638a8ecbab23d1b960b5ed15b6841dcbc75b212cc8712,0.1,0.9,52.40300584732972,2.929966359218237,0.0,0,2560,FROZEN_K10_NEIGHBOURS_PLUS_FROZEN_K10_MATCHED_RANDOM_EDGES,PERSISTENT_OPERATIONAL_NEAR_COLLISION_EVIDENCE,EVALUABLE,EXPLORATORY_CONSUMED_DIAGNOSTIC_ONLY
U0_MS,pressure_gradient_acceleration,LINEAGE,HMSO01R_A|FIELD_LINEAGE|e0695af14e7ff6ed68d0eaa0320bde868bdf2eddcd09aade2748baa3ab9013d9,0.1,0.9,52.40300584732972,2.929966359218237,0.0,0,2560,FROZEN_K10_NEIGHBOURS_PLUS_FROZEN_K10_MATCHED_RANDOM_EDGES,PERSISTENT_OPERATIONAL_NEAR_COLLISION_EVIDENCE,EVALUABLE,EXPLORATORY_CONSUMED_DIAGNOSTIC_ONLY
U0_MS,pressure_gradient_acceleration,LINEAGE,HMSO01R_A|FIELD_LINEAGE|e1662caa4f55fa1e467b750db9be81d3672b988a828412586110c172a4b65cc4,0.1,0.9,52.40300584732972,2.929966359218237,0.0,0,2560,FROZEN_K10_NEIGHBOURS_PLUS_FROZEN_K10_MATCHED_RANDOM_EDGES,PERSISTENT_OPERATIONAL_NEAR_COLLISION_EVIDENCE,EVALUABLE,EXPLORATORY_CONSUMED_DIAGNOSTIC_ONLY
U0_MS,pressure_gradient_acceleration,LINEAGE,HMSO01R_A|FIELD_LINEAGE|e1bd95fcd7aed1a8bde13393ae7d4a98eff10f4a52c1bdfb2e54f1dd690c54dd,0.1,0.9,52.40300584732972,2.929966359218237,0.0,0,2560,FROZEN_K10_NEIGHBOURS_PLUS_FROZEN_K10_MATCHED_RANDOM_EDGES,PERSISTENT_OPERATIONAL_NEAR_COLLISION_EVIDENCE,EVALUABLE,EXPLORATORY_CONSUMED_DIAGNOSTIC_ONLY
U0_MS,pressure_gradient_acceleration,LINEAGE,HMSO01R_A|FIELD_LINEAGE|e25db364da9db9cdb46c3073fa0aa473b93b0eed9df5062f9696d75bd2f90442,0.1,0.9,52.40300584732972,2.929966359218237,0.0,0,2560,FROZEN_K10_NEIGHBOURS_PLUS_FROZEN_K10_MATCHED_RANDOM_EDGES,PERSISTENT_OPERATIONAL_NEAR_COLLISION_EVIDENCE,EVALUABLE,EXPLORATORY_CONSUMED_DIAGNOSTIC_ONLY
U0_MS,pressure_gradient_acceleration,LINEAGE,HMSO01R_A|FIELD_LINEAGE|e269817bd0e21e72d0864769c51ef7f6839102d6f41f035fbbff5041e46bd0d4,0.1,0.9,52.40300584732972,2.929966359218237,0.0,0,2560,FROZEN_K10_NEIGHBOURS_PLUS_FROZEN_K10_MATCHED_RANDOM_EDGES,PERSISTENT_OPERATIONAL_NEAR_COLLISION_EVIDENCE,EVALUABLE,EXPLORATORY_CONSUMED_DIAGNOSTIC_ONLY
U0_MS,pressure_gradient_acceleration,LINEAGE,HMSO01R_A|FIELD_LINEAGE|e2940f5e79800b14b8eefcdb52a6c4eb9c2bcacb794aadbf19ab173720ccdfc9,0.1,0.9,52.40300584732972,2.929966359218237,0.0,0,2560,FROZEN_K10_NEIGHBOURS_PLUS_FROZEN_K10_MATCHED_RANDOM_EDGES,PERSISTENT_OPERATIONAL_NEAR_COLLISION_EVIDENCE,EVALUABLE,EXPLORATORY_CONSUMED_DIAGNOSTIC_ONLY
U0_MS,pressure_gradient_acceleration,LINEAGE,HMSO01R_A|FIELD_LINEAGE|e2fdf0ecb37222ddf2c343b2a9785bb080b33fb721f4d3381403db08d53276de,0.1,0.9,52.40300584732972,2.929966359218237,0.0,0,2560,FROZEN_K10_NEIGHBOURS_PLUS_FROZEN_K10_MATCHED_RANDOM_EDGES,PERSISTENT_OPERATIONAL_NEAR_COLLISION_EVIDENCE,EVALUABLE,EXPLORATORY_CONSUMED_DIAGNOSTIC_ONLY
U0_MS,pressure_gradient_acceleration,LINEAGE,HMSO01R_A|FIELD_LINEAGE|e39068083f41a31c97e7737f6138e1986484dea8bfe32d65a52cd58aaa1ec7e8,0.1,0.9,52.40300584732972,2.929966359218237,0.0,0,2560,FROZEN_K10_NEIGHBOURS_PLUS_FROZEN_K10_MATCHED_RANDOM_EDGES,PERSISTENT_OPERATIONAL_NEAR_COLLISION_EVIDENCE,EVALUABLE,EXPLORATORY_CONSUMED_DIAGNOSTIC_ONLY
U0_MS,pressure_gradient_acceleration,LINEAGE,HMSO01R_A|FIELD_LINEAGE|e46b2d3dad1b8a5413f52396bbef71167f252a4ba61297ea3e2b46c37456ba4c,0.1,0.9,52.40300584732972,2.929966359218237,0.0,0,2560,FROZEN_K10_NEIGHBOURS_PLUS_FROZEN_K10_MATCHED_RANDOM_EDGES,PERSISTENT_OPERATIONAL_NEAR_COLLISION_EVIDENCE,EVALUABLE,EXPLORATORY_CONSUMED_DIAGNOSTIC_ONLY
U0_MS,pressure_gradient_acceleration,LINEAGE,HMSO01R_A|FIELD_LINEAGE|e4c235f067a50e9e5304ee0e7ad701299187cd559ceebd74674d932464340e77,0.1,0.9,52.40300584732972,2.929966359218237,0.0,0,2560,FROZEN_K10_NEIGHBOURS_PLUS_FROZEN_K10_MATCHED_RANDOM_EDGES,PERSISTENT_OPERATIONAL_NEAR_COLLISION_EVIDENCE,EVALUABLE,EXPLORATORY_CONSUMED_DIAGNOSTIC_ONLY
U0_MS,pressure_gradient_acceleration,LINEAGE,HMSO01R_A|FIELD_LINEAGE|e5cd23001367dee0fe50b87c4f9c5ae9d8e66eeb6cef2467ff3f6da8c0fcdc16,0.1,0.9,52.40300584732972,2.929966359218237,0.0,0,2560,FROZEN_K10_NEIGHBOURS_PLUS_FROZEN_K10_MATCHED_RANDOM_EDGES,PERSISTENT_OPERATIONAL_NEAR_COLLISION_EVIDENCE,EVALUABLE,EXPLORATORY_CONSUMED_DIAGNOSTIC_ONLY
U0_MS,pressure_gradient_acceleration,LINEAGE,HMSO01R_A|FIELD_LINEAGE|e5fd0d86ce4eda7b6deef112c4230d6cc2c904c7a1cbb32b883405f7907c5018,0.1,0.9,52.40300584732972,2.929966359218237,0.001171875,3,2560,FROZEN_K10_NEIGHBOURS_PLUS_FROZEN_K10_MATCHED_RANDOM_EDGES,PERSISTENT_OPERATIONAL_NEAR_COLLISION_EVIDENCE,EVALUABLE,EXPLORATORY_CONSUMED_DIAGNOSTIC_ONLY
U0_MS,pressure_gradient_acceleration,LINEAGE,HMSO01R_A|FIELD_LINEAGE|e6f79f1197cd7f6ad00ce2f5ddcac136ad9a2faa5584e9f390794bfb6ee07ac6,0.1,0.9,52.40300584732972,2.929966359218237,0.0,0,2560,FROZEN_K10_NEIGHBOURS_PLUS_FROZEN_K10_MATCHED_RANDOM_EDGES,PERSISTENT_OPERATIONAL_NEAR_COLLISION_EVIDENCE,EVALUABLE,EXPLORATORY_CONSUMED_DIAGNOSTIC_ONLY
U0_MS,pressure_gradient_acceleration,LINEAGE,HMSO01R_A|FIELD_LINEAGE|e82aee0755c70810ee3fbd630ec4d3fa698e473225b4aa505b26af8a458a6400,0.1,0.9,52.40300584732972,2.929966359218237,0.0,0,2560,FROZEN_K10_NEIGHBOURS_PLUS_FROZEN_K10_MATCHED_RANDOM_EDGES,PERSISTENT_OPERATIONAL_NEAR_COLLISION_EVIDENCE,EVALUABLE,EXPLORATORY_CONSUMED_DIAGNOSTIC_ONLY
U0_MS,pressure_gradient_acceleration,LINEAGE,HMSO01R_A|FIELD_LINEAGE|e853753ed3befc6151b8f2c4e9e3797938a7689193c2157695f0b61b8e60abc8,0.1,0.9,52.40300584732972,2.929966359218237,0.003515625,9,2560,FROZEN_K10_NEIGHBOURS_PLUS_FROZEN_K10_MATCHED_RANDOM_EDGES,PERSISTENT_OPERATIONAL_NEAR_COLLISION_EVIDENCE,EVALUABLE,EXPLORATORY_CONSUMED_DIAGNOSTIC_ONLY
U0_MS,pressure_gradient_acceleration,LINEAGE,HMSO01R_A|FIELD_LINEAGE|e99701698ca3eda87704f5f32294f901f56116d9da609afcb18418d4c8a62bf2,0.1,0.9,52.40300584732972,2.929966359218237,0.0,0,2560,FROZEN_K10_NEIGHBOURS_PLUS_FROZEN_K10_MATCHED_RANDOM_EDGES,PERSISTENT_OPERATIONAL_NEAR_COLLISION_EVIDENCE,EVALUABLE,EXPLORATORY_CONSUMED_DIAGNOSTIC_ONLY
U0_MS,pressure_gradient_acceleration,LINEAGE,HMSO01R_A|FIELD_LINEAGE|e9dc12a25958465c187afbd7ef920bc04ba98d4b232046e156979d215bd85146,0.1,0.9,52.40300584732972,2.929966359218237,0.0,0,2560,FROZEN_K10_NEIGHBOURS_PLUS_FROZEN_K10_MATCHED_RANDOM_EDGES,PERSISTENT_OPERATIONAL_NEAR_COLLISION_EVIDENCE,EVALUABLE,EXPLORATORY_CONSUMED_DIAGNOSTIC_ONLY
U0_MS,pressure_gradient_acceleration,LINEAGE,HMSO01R_A|FIELD_LINEAGE|ea7a0f305184b5efcd1c245ec8837c3d5e92744042b12d412ef90758785acc95,0.1,0.9,52.40300584732972,2.929966359218237,0.0,0,5120,FROZEN_K10_NEIGHBOURS_PLUS_FROZEN_K10_MATCHED_RANDOM_EDGES,PERSISTENT_OPERATIONAL_NEAR_COLLISION_EVIDENCE,EVALUABLE,EXPLORATORY_CONSUMED_DIAGNOSTIC_ONLY
U0_MS,pressure_gradient_acceleration,LINEAGE,HMSO01R_A|FIELD_LINEAGE|eadb4166638494d642712d8eabac62f88ed028f779148966c13d2efd6405fa1d,0.1,0.9,52.40300584732972,2.929966359218237,0.000390625,1,2560,FROZEN_K10_NEIGHBOURS_PLUS_FROZEN_K10_MATCHED_RANDOM_EDGES,PERSISTENT_OPERATIONAL_NEAR_COLLISION_EVIDENCE,EVALUABLE,EXPLORATORY_CONSUMED_DIAGNOSTIC_ONLY
U0_MS,pressure_gradient_acceleration,LINEAGE,HMSO01R_A|FIELD_LINEAGE|ebfb44058badbf85a36d8671e914d20620f9253b30eeec0e96b5e0c20dc8e16c,0.1,0.9,52.40300584732972,2.929966359218237,0.0,0,2560,FROZEN_K10_NEIGHBOURS_PLUS_FROZEN_K10_MATCHED_RANDOM_EDGES,PERSISTENT_OPERATIONAL_NEAR_COLLISION_EVIDENCE,EVALUABLE,EXPLORATORY_CONSUMED_DIAGNOSTIC_ONLY
U0_MS,pressure_gradient_acceleration,LINEAGE,HMSO01R_A|FIELD_LINEAGE|eee5df81575181b025958cda057ac7cb0483be4404d018db7bb2c06a63c25462,0.1,0.9,52.40300584732972,2.929966359218237,0.0,0,2560,FROZEN_K10_NEIGHBOURS_PLUS_FROZEN_K10_MATCHED_RANDOM_EDGES,PERSISTENT_OPERATIONAL_NEAR_COLLISION_EVIDENCE,EVALUABLE,EXPLORATORY_CONSUMED_DIAGNOSTIC_ONLY
U0_MS,pressure_gradient_acceleration,LINEAGE,HMSO01R_A|FIELD_LINEAGE|f01618f1ef2fe7c85085b02f71644f843db176708a8abb6e4e05116a594e9ae3,0.1,0.9,52.40300584732972,2.929966359218237,0.0015625,4,2560,FROZEN_K10_NEIGHBOURS_PLUS_FROZEN_K10_MATCHED_RANDOM_EDGES,PERSISTENT_OPERATIONAL_NEAR_COLLISION_EVIDENCE,EVALUABLE,EXPLORATORY_CONSUMED_DIAGNOSTIC_ONLY
U0_MS,pressure_gradient_acceleration,LINEAGE,HMSO01R_A|FIELD_LINEAGE|f0421338d311584916d83a8dd01c9f47b7707c5652d4192e1df422a2a9e7d57d,0.1,0.9,52.40300584732972,2.929966359218237,0.0,0,2560,FROZEN_K10_NEIGHBOURS_PLUS_FROZEN_K10_MATCHED_RANDOM_EDGES,PERSISTENT_OPERATIONAL_NEAR_COLLISION_EVIDENCE,EVALUABLE,EXPLORATORY_CONSUMED_DIAGNOSTIC_ONLY
U0_MS,pressure_gradient_acceleration,LINEAGE,HMSO01R_A|FIELD_LINEAGE|f11020ed75e98ae018c3d951c68d3fba4bfe91afdf9eb4b7d62d0c0967429304,0.1,0.9,52.40300584732972,2.929966359218237,0.0,0,2560,FROZEN_K10_NEIGHBOURS_PLUS_FROZEN_K10_MATCHED_RANDOM_EDGES,PERSISTENT_OPERATIONAL_NEAR_COLLISION_EVIDENCE,EVALUABLE,EXPLORATORY_CONSUMED_DIAGNOSTIC_ONLY
U0_MS,pressure_gradient_acceleration,LINEAGE,HMSO01R_A|FIELD_LINEAGE|f117df283c3988b3a51ad2a7138592681c02ac94fc8905b0ebf163745ca00f62,0.1,0.9,52.40300584732972,2.929966359218237,0.0,0,5120,FROZEN_K10_NEIGHBOURS_PLUS_FROZEN_K10_MATCHED_RANDOM_EDGES,PERSISTENT_OPERATIONAL_NEAR_COLLISION_EVIDENCE,EVALUABLE,EXPLORATORY_CONSUMED_DIAGNOSTIC_ONLY
U0_MS,pressure_gradient_acceleration,LINEAGE,HMSO01R_A|FIELD_LINEAGE|f2247a8dfd61c19acaf6609654c9c6098f254569cd75ef6a5201803913aa1c00,0.1,0.9,52.40300584732972,2.929966359218237,0.0,0,2560,FROZEN_K10_NEIGHBOURS_PLUS_FROZEN_K10_MATCHED_RANDOM_EDGES,PERSISTENT_OPERATIONAL_NEAR_COLLISION_EVIDENCE,EVALUABLE,EXPLORATORY_CONSUMED_DIAGNOSTIC_ONLY
U0_MS,pressure_gradient_acceleration,LINEAGE,HMSO01R_A|FIELD_LINEAGE|f2a3ceeae0e0974c878bba3a036f383f979564d7512b59be838a43b0d537377a,0.1,0.9,52.40300584732972,2.929966359218237,0.0,0,2560,FROZEN_K10_NEIGHBOURS_PLUS_FROZEN_K10_MATCHED_RANDOM_EDGES,PERSISTENT_OPERATIONAL_NEAR_COLLISION_EVIDENCE,EVALUABLE,EXPLORATORY_CONSUMED_DIAGNOSTIC_ONLY
U0_MS,pressure_gradient_acceleration,LINEAGE,HMSO01R_A|FIELD_LINEAGE|f52ad1fbea60f2cef5c93f5785e888eaa7893de6dad0b2f7545e6d3f4e338f25,0.1,0.9,52.40300584732972,2.929966359218237,0.0,0,2560,FROZEN_K10_NEIGHBOURS_PLUS_FROZEN_K10_MATCHED_RANDOM_EDGES,PERSISTENT_OPERATIONAL_NEAR_COLLISION_EVIDENCE,EVALUABLE,EXPLORATORY_CONSUMED_DIAGNOSTIC_ONLY
U0_MS,pressure_gradient_acceleration,LINEAGE,HMSO01R_A|FIELD_LINEAGE|f7cc0cf639be6a7e99c37868bcf630bb54f34534e2c78b36b59b7ac5ebbd1919,0.1,0.9,52.40300584732972,2.929966359218237,0.0,0,2560,FROZEN_K10_NEIGHBOURS_PLUS_FROZEN_K10_MATCHED_RANDOM_EDGES,PERSISTENT_OPERATIONAL_NEAR_COLLISION_EVIDENCE,EVALUABLE,EXPLORATORY_CONSUMED_DIAGNOSTIC_ONLY
U0_MS,pressure_gradient_acceleration,LINEAGE,HMSO01R_A|FIELD_LINEAGE|f82108cfb75a5ece90cca0bec2aa62b5af33b3b96774d26a9d5bbde8416cb360,0.1,0.9,52.40300584732972,2.929966359218237,0.0,0,2560,FROZEN_K10_NEIGHBOURS_PLUS_FROZEN_K10_MATCHED_RANDOM_EDGES,PERSISTENT_OPERATIONAL_NEAR_COLLISION_EVIDENCE,EVALUABLE,EXPLORATORY_CONSUMED_DIAGNOSTIC_ONLY
U0_MS,pressure_gradient_acceleration,LINEAGE,HMSO01R_A|FIELD_LINEAGE|f8fd31406421545fa9cf8bb98c251eb120eed5378ed4276493239005b13fd6f8,0.1,0.9,52.40300584732972,2.929966359218237,0.0,0,2560,FROZEN_K10_NEIGHBOURS_PLUS_FROZEN_K10_MATCHED_RANDOM_EDGES,PERSISTENT_OPERATIONAL_NEAR_COLLISION_EVIDENCE,EVALUABLE,EXPLORATORY_CONSUMED_DIAGNOSTIC_ONLY
U0_MS,pressure_gradient_acceleration,LINEAGE,HMSO01R_A|FIELD_LINEAGE|f952117e9c8f8a564901d0507e978f58c3289c63c557fb7f3123a84dd049ba29,0.1,0.9,52.40300584732972,2.929966359218237,0.0,0,2560,FROZEN_K10_NEIGHBOURS_PLUS_FROZEN_K10_MATCHED_RANDOM_EDGES,PERSISTENT_OPERATIONAL_NEAR_COLLISION_EVIDENCE,EVALUABLE,EXPLORATORY_CONSUMED_DIAGNOSTIC_ONLY
U0_MS,pressure_gradient_acceleration,LINEAGE,HMSO01R_A|FIELD_LINEAGE|f9a3d40825ca658eebc26e88239c04a3590f72ad95b03a86bc289649036f4117,0.1,0.9,52.40300584732972,2.929966359218237,0.273046875,699,2560,FROZEN_K10_NEIGHBOURS_PLUS_FROZEN_K10_MATCHED_RANDOM_EDGES,PERSISTENT_OPERATIONAL_NEAR_COLLISION_EVIDENCE,EVALUABLE,EXPLORATORY_CONSUMED_DIAGNOSTIC_ONLY
U0_MS,pressure_gradient_acceleration,LINEAGE,HMSO01R_A|FIELD_LINEAGE|f9acbd6c60cf4de95eb27dc7c24fd369893e07d5c162236bcdc4cc91f1e5368b,0.1,0.9,52.40300584732972,2.929966359218237,0.0,0,2560,FROZEN_K10_NEIGHBOURS_PLUS_FROZEN_K10_MATCHED_RANDOM_EDGES,PERSISTENT_OPERATIONAL_NEAR_COLLISION_EVIDENCE,EVALUABLE,EXPLORATORY_CONSUMED_DIAGNOSTIC_ONLY
U0_MS,pressure_gradient_acceleration,LINEAGE,HMSO01R_A|FIELD_LINEAGE|f9dd81299410ddb65efe58bb38fc53798a53c7f5ab1183ef52b5f93fb7daea68,0.1,0.9,52.40300584732972,2.929966359218237,0.0,0,2560,FROZEN_K10_NEIGHBOURS_PLUS_FROZEN_K10_MATCHED_RANDOM_EDGES,PERSISTENT_OPERATIONAL_NEAR_COLLISION_EVIDENCE,EVALUABLE,EXPLORATORY_CONSUMED_DIAGNOSTIC_ONLY
U0_MS,pressure_gradient_acceleration,LINEAGE,HMSO01R_A|FIELD_LINEAGE|fa1ab395df96eb71b1cd3e5c31c1a1fe587398989c58265b21dd97a062b35ef9,0.1,0.9,52.40300584732972,2.929966359218237,0.0,0,2560,FROZEN_K10_NEIGHBOURS_PLUS_FROZEN_K10_MATCHED_RANDOM_EDGES,PERSISTENT_OPERATIONAL_NEAR_COLLISION_EVIDENCE,EVALUABLE,EXPLORATORY_CONSUMED_DIAGNOSTIC_ONLY
U0_MS,pressure_gradient_acceleration,LINEAGE,HMSO01R_A|FIELD_LINEAGE|fd04ea3f458e107df0af85b51443fd7c576cbde1f2a34afcd2f94001f9376e64,0.1,0.9,52.40300584732972,2.929966359218237,0.0,0,5120,FROZEN_K10_NEIGHBOURS_PLUS_FROZEN_K10_MATCHED_RANDOM_EDGES,PERSISTENT_OPERATIONAL_NEAR_COLLISION_EVIDENCE,EVALUABLE,EXPLORATORY_CONSUMED_DIAGNOSTIC_ONLY
U0_MS,pressure_gradient_acceleration,LINEAGE,HMSO01R_A|FIELD_LINEAGE|fefaa03392c6d5e862f0b98f72e148123eb5332d997aade537062f72a6e1a99c,0.1,0.9,52.40300584732972,2.929966359218237,0.277734375,711,2560,FROZEN_K10_NEIGHBOURS_PLUS_FROZEN_K10_MATCHED_RANDOM_EDGES,PERSISTENT_OPERATIONAL_NEAR_COLLISION_EVIDENCE,EVALUABLE,EXPLORATORY_CONSUMED_DIAGNOSTIC_ONLY
U0_MS,pressure_gradient_acceleration,LINEAGE,HMSO01R_A|FIELD_LINEAGE|ff441cbe04ac4f8f63fd24360c00fa41becbfbb5a6acdf59e4dfd55c77c15642,0.1,0.9,52.40300584732972,2.929966359218237,0.0,0,2560,FROZEN_K10_NEIGHBOURS_PLUS_FROZEN_K10_MATCHED_RANDOM_EDGES,PERSISTENT_OPERATIONAL_NEAR_COLLISION_EVIDENCE,EVALUABLE,EXPLORATORY_CONSUMED_DIAGNOSTIC_ONLY
U0_MS,viscosity_laplacian_acceleration,OVERALL,ALL,0.1,0.9,52.40300584732972,0.0003967819986690455,0.0009175618489583333,902,983040,FROZEN_K10_NEIGHBOURS_PLUS_FROZEN_K10_MATCHED_RANDOM_EDGES,PERSISTENT_OPERATIONAL_NEAR_COLLISION_EVIDENCE,EVALUABLE,EXPLORATORY_CONSUMED_DIAGNOSTIC_ONLY
U0_MS,viscosity_laplacian_acceleration,FOLD,FOLD_0,0.1,0.9,52.40300584732972,0.0003967819986690455,0.0,0,189440,FROZEN_K10_NEIGHBOURS_PLUS_FROZEN_K10_MATCHED_RANDOM_EDGES,PERSISTENT_OPERATIONAL_NEAR_COLLISION_EVIDENCE,EVALUABLE,EXPLORATORY_CONSUMED_DIAGNOSTIC_ONLY
U0_MS,viscosity_laplacian_acceleration,FOLD,FOLD_1,0.1,0.9,52.40300584732972,0.0003967819986690455,0.0,0,179200,FROZEN_K10_NEIGHBOURS_PLUS_FROZEN_K10_MATCHED_RANDOM_EDGES,PERSISTENT_OPERATIONAL_NEAR_COLLISION_EVIDENCE,EVALUABLE,EXPLORATORY_CONSUMED_DIAGNOSTIC_ONLY
U0_MS,viscosity_laplacian_acceleration,FOLD,FOLD_2,0.1,0.9,52.40300584732972,0.0003967819986690455,0.005682963709677419,902,158720,FROZEN_K10_NEIGHBOURS_PLUS_FROZEN_K10_MATCHED_RANDOM_EDGES,PERSISTENT_OPERATIONAL_NEAR_COLLISION_EVIDENCE,EVALUABLE,EXPLORATORY_CONSUMED_DIAGNOSTIC_ONLY
U0_MS,viscosity_laplacian_acceleration,FOLD,FOLD_3,0.1,0.9,52.40300584732972,0.0003967819986690455,0.0,0,151040,FROZEN_K10_NEIGHBOURS_PLUS_FROZEN_K10_MATCHED_RANDOM_EDGES,PERSISTENT_OPERATIONAL_NEAR_COLLISION_EVIDENCE,EVALUABLE,EXPLORATORY_CONSUMED_DIAGNOSTIC_ONLY
U0_MS,viscosity_laplacian_acceleration,FOLD,FOLD_4,0.1,0.9,52.40300584732972,0.0003967819986690455,0.0,0,151040,FROZEN_K10_NEIGHBOURS_PLUS_FROZEN_K10_MATCHED_RANDOM_EDGES,PERSISTENT_OPERATIONAL_NEAR_COLLISION_EVIDENCE,EVALUABLE,EXPLORATORY_CONSUMED_DIAGNOSTIC_ONLY
U0_MS,viscosity_laplacian_acceleration,FOLD,FOLD_5,0.1,0.9,52.40300584732972,0.0003967819986690455,0.0,0,153600,FROZEN_K10_NEIGHBOURS_PLUS_FROZEN_K10_MATCHED_RANDOM_EDGES,PERSISTENT_OPERATIONAL_NEAR_COLLISION_EVIDENCE,EVALUABLE,EXPLORATORY_CONSUMED_DIAGNOSTIC_ONLY
U0_MS,viscosity_laplacian_acceleration,FAMILY,F1,0.1,0.9,52.40300584732972,0.0003967819986690455,0.0035603841145833335,875,245760,FROZEN_K10_NEIGHBOURS_PLUS_FROZEN_K10_MATCHED_RANDOM_EDGES,PERSISTENT_OPERATIONAL_NEAR_COLLISION_EVIDENCE,EVALUABLE,EXPLORATORY_CONSUMED_DIAGNOSTIC_ONLY
U0_MS,viscosity_laplacian_acceleration,FAMILY,F2,0.1,0.9,52.40300584732972,0.0003967819986690455,6.103515625e-05,15,245760,FROZEN_K10_NEIGHBOURS_PLUS_FROZEN_K10_MATCHED_RANDOM_EDGES,PERSISTENT_OPERATIONAL_NEAR_COLLISION_EVIDENCE,EVALUABLE,EXPLORATORY_CONSUMED_DIAGNOSTIC_ONLY
U0_MS,viscosity_laplacian_acceleration,FAMILY,F3,0.1,0.9,52.40300584732972,0.0003967819986690455,4.8828125e-05,12,245760,FROZEN_K10_NEIGHBOURS_PLUS_FROZEN_K10_MATCHED_RANDOM_EDGES,PERSISTENT_OPERATIONAL_NEAR_COLLISION_EVIDENCE,EVALUABLE,EXPLORATORY_CONSUMED_DIAGNOSTIC_ONLY
U0_MS,viscosity_laplacian_acceleration,FAMILY,F4,0.1,0.9,52.40300584732972,0.0003967819986690455,0.0,0,245760,FROZEN_K10_NEIGHBOURS_PLUS_FROZEN_K10_MATCHED_RANDOM_EDGES,PERSISTENT_OPERATIONAL_NEAR_COLLISION_EVIDENCE,EVALUABLE,EXPLORATORY_CONSUMED_DIAGNOSTIC_ONLY
U0_MS,viscosity_laplacian_acceleration,FAMILY_FOLD,F1|FOLD_0,0.1,0.9,52.40300584732972,0.0003967819986690455,0.0,0,43520,FROZEN_K10_NEIGHBOURS_PLUS_FROZEN_K10_MATCHED_RANDOM_EDGES,PERSISTENT_OPERATIONAL_NEAR_COLLISION_EVIDENCE,EVALUABLE,EXPLORATORY_CONSUMED_DIAGNOSTIC_ONLY
U0_MS,viscosity_laplacian_acceleration,FAMILY_FOLD,F2|FOLD_0,0.1,0.9,52.40300584732972,0.0003967819986690455,0.0,0,40960,FROZEN_K10_NEIGHBOURS_PLUS_FROZEN_K10_MATCHED_RANDOM_EDGES,PERSISTENT_OPERATIONAL_NEAR_COLLISION_EVIDENCE,EVALUABLE,EXPLORATORY_CONSUMED_DIAGNOSTIC_ONLY
U0_MS,viscosity_laplacian_acceleration,FAMILY_FOLD,F3|FOLD_0,0.1,0.9,52.40300584732972,0.0003967819986690455,0.0,0,43520,FROZEN_K10_NEIGHBOURS_PLUS_FROZEN_K10_MATCHED_RANDOM_EDGES,PERSISTENT_OPERATIONAL_NEAR_COLLISION_EVIDENCE,EVALUABLE,EXPLORATORY_CONSUMED_DIAGNOSTIC_ONLY
U0_MS,viscosity_laplacian_acceleration,FAMILY_FOLD,F4|FOLD_0,0.1,0.9,52.40300584732972,0.0003967819986690455,0.0,0,61440,FROZEN_K10_NEIGHBOURS_PLUS_FROZEN_K10_MATCHED_RANDOM_EDGES,PERSISTENT_OPERATIONAL_NEAR_COLLISION_EVIDENCE,EVALUABLE,EXPLORATORY_CONSUMED_DIAGNOSTIC_ONLY
U0_MS,viscosity_laplacian_acceleration,FAMILY_FOLD,F1|FOLD_1,0.1,0.9,52.40300584732972,0.0003967819986690455,0.0,0,38400,FROZEN_K10_NEIGHBOURS_PLUS_FROZEN_K10_MATCHED_RANDOM_EDGES,PERSISTENT_OPERATIONAL_NEAR_COLLISION_EVIDENCE,EVALUABLE,EXPLORATORY_CONSUMED_DIAGNOSTIC_ONLY
U0_MS,viscosity_laplacian_acceleration,FAMILY_FOLD,F2|FOLD_1,0.1,0.9,52.40300584732972,0.0003967819986690455,0.0,0,38400,FROZEN_K10_NEIGHBOURS_PLUS_FROZEN_K10_MATCHED_RANDOM_EDGES,PERSISTENT_OPERATIONAL_NEAR_COLLISION_EVIDENCE,EVALUABLE,EXPLORATORY_CONSUMED_DIAGNOSTIC_ONLY
U0_MS,viscosity_laplacian_acceleration,FAMILY_FOLD,F3|FOLD_1,0.1,0.9,52.40300584732972,0.0003967819986690455,0.0,0,40960,FROZEN_K10_NEIGHBOURS_PLUS_FROZEN_K10_MATCHED_RANDOM_EDGES,PERSISTENT_OPERATIONAL_NEAR_COLLISION_EVIDENCE,EVALUABLE,EXPLORATORY_CONSUMED_DIAGNOSTIC_ONLY
U0_MS,viscosity_laplacian_acceleration,FAMILY_FOLD,F4|FOLD_1,0.1,0.9,52.40300584732972,0.0003967819986690455,0.0,0,61440,FROZEN_K10_NEIGHBOURS_PLUS_FROZEN_K10_MATCHED_RANDOM_EDGES,PERSISTENT_OPERATIONAL_NEAR_COLLISION_EVIDENCE,EVALUABLE,EXPLORATORY_CONSUMED_DIAGNOSTIC_ONLY
U0_MS,viscosity_laplacian_acceleration,FAMILY_FOLD,F1|FOLD_2,0.1,0.9,52.40300584732972,0.0003967819986690455,0.022786458333333332,875,38400,FROZEN_K10_NEIGHBOURS_PLUS_FROZEN_K10_MATCHED_RANDOM_EDGES,PERSISTENT_OPERATIONAL_NEAR_COLLISION_EVIDENCE,EVALUABLE,EXPLORATORY_CONSUMED_DIAGNOSTIC_ONLY
U0_MS,viscosity_laplacian_acceleration,FAMILY_FOLD,F2|FOLD_2,0.1,0.9,52.40300584732972,0.0003967819986690455,0.0003255208333333333,15,46080,FROZEN_K10_NEIGHBOURS_PLUS_FROZEN_K10_MATCHED_RANDOM_EDGES,PERSISTENT_OPERATIONAL_NEAR_COLLISION_EVIDENCE,EVALUABLE,EXPLORATORY_CONSUMED_DIAGNOSTIC_ONLY
U0_MS,viscosity_laplacian_acceleration,FAMILY_FOLD,F3|FOLD_2,0.1,0.9,52.40300584732972,0.0003967819986690455,0.00027573529411764705,12,43520,FROZEN_K10_NEIGHBOURS_PLUS_FROZEN_K10_MATCHED_RANDOM_EDGES,PERSISTENT_OPERATIONAL_NEAR_COLLISION_EVIDENCE,EVALUABLE,EXPLORATORY_CONSUMED_DIAGNOSTIC_ONLY
U0_MS,viscosity_laplacian_acceleration,FAMILY_FOLD,F4|FOLD_2,0.1,0.9,52.40300584732972,0.0003967819986690455,0.0,0,30720,FROZEN_K10_NEIGHBOURS_PLUS_FROZEN_K10_MATCHED_RANDOM_EDGES,PERSISTENT_OPERATIONAL_NEAR_COLLISION_EVIDENCE,EVALUABLE,EXPLORATORY_CONSUMED_DIAGNOSTIC_ONLY
U0_MS,viscosity_laplacian_acceleration,FAMILY_FOLD,F1|FOLD_3,0.1,0.9,52.40300584732972,0.0003967819986690455,0.0,0,40960,FROZEN_K10_NEIGHBOURS_PLUS_FROZEN_K10_MATCHED_RANDOM_EDGES,PERSISTENT_OPERATIONAL_NEAR_COLLISION_EVIDENCE,EVALUABLE,EXPLORATORY_CONSUMED_DIAGNOSTIC_ONLY
U0_MS,viscosity_laplacian_acceleration,FAMILY_FOLD,F2|FOLD_3,0.1,0.9,52.40300584732972,0.0003967819986690455,0.0,0,35840,FROZEN_K10_NEIGHBOURS_PLUS_FROZEN_K10_MATCHED_RANDOM_EDGES,PERSISTENT_OPERATIONAL_NEAR_COLLISION_EVIDENCE,EVALUABLE,EXPLORATORY_CONSUMED_DIAGNOSTIC_ONLY
U0_MS,viscosity_laplacian_acceleration,FAMILY_FOLD,F3|FOLD_3,0.1,0.9,52.40300584732972,0.0003967819986690455,0.0,0,43520,FROZEN_K10_NEIGHBOURS_PLUS_FROZEN_K10_MATCHED_RANDOM_EDGES,PERSISTENT_OPERATIONAL_NEAR_COLLISION_EVIDENCE,EVALUABLE,EXPLORATORY_CONSUMED_DIAGNOSTIC_ONLY
U0_MS,viscosity_laplacian_acceleration,FAMILY_FOLD,F4|FOLD_3,0.1,0.9,52.40300584732972,0.0003967819986690455,0.0,0,30720,FROZEN_K10_NEIGHBOURS_PLUS_FROZEN_K10_MATCHED_RANDOM_EDGES,PERSISTENT_OPERATIONAL_NEAR_COLLISION_EVIDENCE,EVALUABLE,EXPLORATORY_CONSUMED_DIAGNOSTIC_ONLY
U0_MS,viscosity_laplacian_acceleration,FAMILY_FOLD,F1|FOLD_4,0.1,0.9,52.40300584732972,0.0003967819986690455,0.0,0,43520,FROZEN_K10_NEIGHBOURS_PLUS_FROZEN_K10_MATCHED_RANDOM_EDGES,PERSISTENT_OPERATIONAL_NEAR_COLLISION_EVIDENCE,EVALUABLE,EXPLORATORY_CONSUMED_DIAGNOSTIC_ONLY
U0_MS,viscosity_laplacian_acceleration,FAMILY_FOLD,F2|FOLD_4,0.1,0.9,52.40300584732972,0.0003967819986690455,0.0,0,43520,FROZEN_K10_NEIGHBOURS_PLUS_FROZEN_K10_MATCHED_RANDOM_EDGES,PERSISTENT_OPERATIONAL_NEAR_COLLISION_EVIDENCE,EVALUABLE,EXPLORATORY_CONSUMED_DIAGNOSTIC_ONLY
U0_MS,viscosity_laplacian_acceleration,FAMILY_FOLD,F3|FOLD_4,0.1,0.9,52.40300584732972,0.0003967819986690455,0.0,0,33280,FROZEN_K10_NEIGHBOURS_PLUS_FROZEN_K10_MATCHED_RANDOM_EDGES,PERSISTENT_OPERATIONAL_NEAR_COLLISION_EVIDENCE,EVALUABLE,EXPLORATORY_CONSUMED_DIAGNOSTIC_ONLY
U0_MS,viscosity_laplacian_acceleration,FAMILY_FOLD,F4|FOLD_4,0.1,0.9,52.40300584732972,0.0003967819986690455,0.0,0,30720,FROZEN_K10_NEIGHBOURS_PLUS_FROZEN_K10_MATCHED_RANDOM_EDGES,PERSISTENT_OPERATIONAL_NEAR_COLLISION_EVIDENCE,EVALUABLE,EXPLORATORY_CONSUMED_DIAGNOSTIC_ONLY
U0_MS,viscosity_laplacian_acceleration,FAMILY_FOLD,F1|FOLD_5,0.1,0.9,52.40300584732972,0.0003967819986690455,0.0,0,40960,FROZEN_K10_NEIGHBOURS_PLUS_FROZEN_K10_MATCHED_RANDOM_EDGES,PERSISTENT_OPERATIONAL_NEAR_COLLISION_EVIDENCE,EVALUABLE,EXPLORATORY_CONSUMED_DIAGNOSTIC_ONLY
U0_MS,viscosity_laplacian_acceleration,FAMILY_FOLD,F2|FOLD_5,0.1,0.9,52.40300584732972,0.0003967819986690455,0.0,0,40960,FROZEN_K10_NEIGHBOURS_PLUS_FROZEN_K10_MATCHED_RANDOM_EDGES,PERSISTENT_OPERATIONAL_NEAR_COLLISION_EVIDENCE,EVALUABLE,EXPLORATORY_CONSUMED_DIAGNOSTIC_ONLY
U0_MS,viscosity_laplacian_acceleration,FAMILY_FOLD,F3|FOLD_5,0.1,0.9,52.40300584732972,0.0003967819986690455,0.0,0,40960,FROZEN_K10_NEIGHBOURS_PLUS_FROZEN_K10_MATCHED_RANDOM_EDGES,PERSISTENT_OPERATIONAL_NEAR_COLLISION_EVIDENCE,EVALUABLE,EXPLORATORY_CONSUMED_DIAGNOSTIC_ONLY
U0_MS,viscosity_laplacian_acceleration,FAMILY_FOLD,F4|FOLD_5,0.1,0.9,52.40300584732972,0.0003967819986690455,0.0,0,30720,FROZEN_K10_NEIGHBOURS_PLUS_FROZEN_K10_MATCHED_RANDOM_EDGES,PERSISTENT_OPERATIONAL_NEAR_COLLISION_EVIDENCE,EVALUABLE,EXPLORATORY_CONSUMED_DIAGNOSTIC_ONLY
U0_MS,viscosity_laplacian_acceleration,LINEAGE,HMSO01R_A|FIELD_LINEAGE|008a4638c8cb2247bc6cd62f75f3daa09b2e49ba7d73812777f0a31f466efb5e,0.1,0.9,52.40300584732972,0.0003967819986690455,0.0,0,2560,FROZEN_K10_NEIGHBOURS_PLUS_FROZEN_K10_MATCHED_RANDOM_EDGES,PERSISTENT_OPERATIONAL_NEAR_COLLISION_EVIDENCE,EVALUABLE,EXPLORATORY_CONSUMED_DIAGNOSTIC_ONLY
U0_MS,viscosity_laplacian_acceleration,LINEAGE,HMSO01R_A|FIELD_LINEAGE|0183a54dead296f9ee3dee43dc4041188299c7e551f4c9c6bfbe94dc055e54ad,0.1,0.9,52.40300584732972,0.0003967819986690455,0.0,0,5120,FROZEN_K10_NEIGHBOURS_PLUS_FROZEN_K10_MATCHED_RANDOM_EDGES,PERSISTENT_OPERATIONAL_NEAR_COLLISION_EVIDENCE,EVALUABLE,EXPLORATORY_CONSUMED_DIAGNOSTIC_ONLY
U0_MS,viscosity_laplacian_acceleration,LINEAGE,HMSO01R_A|FIELD_LINEAGE|0280053dfd6ee65fbd80522b2b04964154d57f31de1cc5d0449972791fa285ea,0.1,0.9,52.40300584732972,0.0003967819986690455,0.0,0,2560,FROZEN_K10_NEIGHBOURS_PLUS_FROZEN_K10_MATCHED_RANDOM_EDGES,PERSISTENT_OPERATIONAL_NEAR_COLLISION_EVIDENCE,EVALUABLE,EXPLORATORY_CONSUMED_DIAGNOSTIC_ONLY
U0_MS,viscosity_laplacian_acceleration,LINEAGE,HMSO01R_A|FIELD_LINEAGE|02a8e9bf168ff7b6159072e41013ee435870f1006dfd3aa95840b1c132f5aafb,0.1,0.9,52.40300584732972,0.0003967819986690455,0.0,0,2560,FROZEN_K10_NEIGHBOURS_PLUS_FROZEN_K10_MATCHED_RANDOM_EDGES,PERSISTENT_OPERATIONAL_NEAR_COLLISION_EVIDENCE,EVALUABLE,EXPLORATORY_CONSUMED_DIAGNOSTIC_ONLY
U0_MS,viscosity_laplacian_acceleration,LINEAGE,HMSO01R_A|FIELD_LINEAGE|0404a47ad84d3ab6d4cc0dbf7c8fea97f3bca817bfb6ce9e4a0d96e074c1229f,0.1,0.9,52.40300584732972,0.0003967819986690455,0.0,0,2560,FROZEN_K10_NEIGHBOURS_PLUS_FROZEN_K10_MATCHED_RANDOM_EDGES,PERSISTENT_OPERATIONAL_NEAR_COLLISION_EVIDENCE,EVALUABLE,EXPLORATORY_CONSUMED_DIAGNOSTIC_ONLY
U0_MS,viscosity_laplacian_acceleration,LINEAGE,HMSO01R_A|FIELD_LINEAGE|04cc9f11103eaca809c304d2c5e7176a0ac510070bc43c67da76cab1f9c23ed7,0.1,0.9,52.40300584732972,0.0003967819986690455,0.0,0,2560,FROZEN_K10_NEIGHBOURS_PLUS_FROZEN_K10_MATCHED_RANDOM_EDGES,PERSISTENT_OPERATIONAL_NEAR_COLLISION_EVIDENCE,EVALUABLE,EXPLORATORY_CONSUMED_DIAGNOSTIC_ONLY
U0_MS,viscosity_laplacian_acceleration,LINEAGE,HMSO01R_A|FIELD_LINEAGE|051eaa0f00871ac3de3987b76f15e88e4e718676447cf96853b1d9836e56f4a9,0.1,0.9,52.40300584732972,0.0003967819986690455,0.0,0,5120,FROZEN_K10_NEIGHBOURS_PLUS_FROZEN_K10_MATCHED_RANDOM_EDGES,PERSISTENT_OPERATIONAL_NEAR_COLLISION_EVIDENCE,EVALUABLE,EXPLORATORY_CONSUMED_DIAGNOSTIC_ONLY
U0_MS,viscosity_laplacian_acceleration,LINEAGE,HMSO01R_A|FIELD_LINEAGE|05638fa6abec8d1f9d2070785cb5b62bc36d80415fcae04a6c6b1419139c3003,0.1,0.9,52.40300584732972,0.0003967819986690455,0.001171875,6,5120,FROZEN_K10_NEIGHBOURS_PLUS_FROZEN_K10_MATCHED_RANDOM_EDGES,PERSISTENT_OPERATIONAL_NEAR_COLLISION_EVIDENCE,EVALUABLE,EXPLORATORY_CONSUMED_DIAGNOSTIC_ONLY
U0_MS,viscosity_laplacian_acceleration,LINEAGE,HMSO01R_A|FIELD_LINEAGE|065caad01d0036cc45e094366cffda53edef5d184f8c28ff280e81478dd5499f,0.1,0.9,52.40300584732972,0.0003967819986690455,0.0,0,2560,FROZEN_K10_NEIGHBOURS_PLUS_FROZEN_K10_MATCHED_RANDOM_EDGES,PERSISTENT_OPERATIONAL_NEAR_COLLISION_EVIDENCE,EVALUABLE,EXPLORATORY_CONSUMED_DIAGNOSTIC_ONLY
U0_MS,viscosity_laplacian_acceleration,LINEAGE,HMSO01R_A|FIELD_LINEAGE|06c31c418b756da4f49834b1270295e826a9807f080171a34a3e7c250369709c,0.1,0.9,52.40300584732972,0.0003967819986690455,0.0,0,30720,FROZEN_K10_NEIGHBOURS_PLUS_FROZEN_K10_MATCHED_RANDOM_EDGES,PERSISTENT_OPERATIONAL_NEAR_COLLISION_EVIDENCE,EVALUABLE,EXPLORATORY_CONSUMED_DIAGNOSTIC_ONLY
U0_MS,viscosity_laplacian_acceleration,LINEAGE,HMSO01R_A|FIELD_LINEAGE|06c5b0d79a6fc40df74bc047659e629ea096b0eb47ce7956bd3f7d012a8211c7,0.1,0.9,52.40300584732972,0.0003967819986690455,0.001953125,15,7680,FROZEN_K10_NEIGHBOURS_PLUS_FROZEN_K10_MATCHED_RANDOM_EDGES,PERSISTENT_OPERATIONAL_NEAR_COLLISION_EVIDENCE,EVALUABLE,EXPLORATORY_CONSUMED_DIAGNOSTIC_ONLY
U0_MS,viscosity_laplacian_acceleration,LINEAGE,HMSO01R_A|FIELD_LINEAGE|07ef870a5e517a728f6e4939e44adb6e41abac7dca46a1a2247aeb449ae2b2b6,0.1,0.9,52.40300584732972,0.0003967819986690455,0.0,0,5120,FROZEN_K10_NEIGHBOURS_PLUS_FROZEN_K10_MATCHED_RANDOM_EDGES,PERSISTENT_OPERATIONAL_NEAR_COLLISION_EVIDENCE,EVALUABLE,EXPLORATORY_CONSUMED_DIAGNOSTIC_ONLY
U0_MS,viscosity_laplacian_acceleration,LINEAGE,HMSO01R_A|FIELD_LINEAGE|092a3e161c8ce70f083c10130918ff7fb36de994b41e81b7dfb0e04366314a2c,0.1,0.9,52.40300584732972,0.0003967819986690455,0.0,0,2560,FROZEN_K10_NEIGHBOURS_PLUS_FROZEN_K10_MATCHED_RANDOM_EDGES,PERSISTENT_OPERATIONAL_NEAR_COLLISION_EVIDENCE,EVALUABLE,EXPLORATORY_CONSUMED_DIAGNOSTIC_ONLY
U0_MS,viscosity_laplacian_acceleration,LINEAGE,HMSO01R_A|FIELD_LINEAGE|093dc802dc5954d756689fb97f687ee9b46c368f5fe625c807448d3bc43a1926,0.1,0.9,52.40300584732972,0.0003967819986690455,0.0,0,2560,FROZEN_K10_NEIGHBOURS_PLUS_FROZEN_K10_MATCHED_RANDOM_EDGES,PERSISTENT_OPERATIONAL_NEAR_COLLISION_EVIDENCE,EVALUABLE,EXPLORATORY_CONSUMED_DIAGNOSTIC_ONLY
U0_MS,viscosity_laplacian_acceleration,LINEAGE,HMSO01R_A|FIELD_LINEAGE|0a252563daa08b1ab13bdaf89c42f5f5445076fcfec6feb203abcad9de8ed55a,0.1,0.9,52.40300584732972,0.0003967819986690455,0.0,0,7680,FROZEN_K10_NEIGHBOURS_PLUS_FROZEN_K10_MATCHED_RANDOM_EDGES,PERSISTENT_OPERATIONAL_NEAR_COLLISION_EVIDENCE,EVALUABLE,EXPLORATORY_CONSUMED_DIAGNOSTIC_ONLY
U0_MS,viscosity_laplacian_acceleration,LINEAGE,HMSO01R_A|FIELD_LINEAGE|0ac3210ffe07941071125618f2e4ad4f522063f7735eb12854083a5cf3b96fca,0.1,0.9,52.40300584732972,0.0003967819986690455,0.0,0,2560,FROZEN_K10_NEIGHBOURS_PLUS_FROZEN_K10_MATCHED_RANDOM_EDGES,PERSISTENT_OPERATIONAL_NEAR_COLLISION_EVIDENCE,EVALUABLE,EXPLORATORY_CONSUMED_DIAGNOSTIC_ONLY
U0_MS,viscosity_laplacian_acceleration,LINEAGE,HMSO01R_A|FIELD_LINEAGE|0af73c913450206e45697078b9ff423d2fbe56a236026748e22945b9fe394efb,0.1,0.9,52.40300584732972,0.0003967819986690455,0.0,0,2560,FROZEN_K10_NEIGHBOURS_PLUS_FROZEN_K10_MATCHED_RANDOM_EDGES,PERSISTENT_OPERATIONAL_NEAR_COLLISION_EVIDENCE,EVALUABLE,EXPLORATORY_CONSUMED_DIAGNOSTIC_ONLY
U0_MS,viscosity_laplacian_acceleration,LINEAGE,HMSO01R_A|FIELD_LINEAGE|0d095ad04875a9db82a8c6062fc3703d3296558fc88db157a4ad79a6317e27a5,0.1,0.9,52.40300584732972,0.0003967819986690455,0.0,0,5120,FROZEN_K10_NEIGHBOURS_PLUS_FROZEN_K10_MATCHED_RANDOM_EDGES,PERSISTENT_OPERATIONAL_NEAR_COLLISION_EVIDENCE,EVALUABLE,EXPLORATORY_CONSUMED_DIAGNOSTIC_ONLY
U0_MS,viscosity_laplacian_acceleration,LINEAGE,HMSO01R_A|FIELD_LINEAGE|0d9a0fc9b5f4f20cb32cc24ac6db7a1e45276ec79661381e7e476b453759d6b0,0.1,0.9,52.40300584732972,0.0003967819986690455,0.0,0,2560,FROZEN_K10_NEIGHBOURS_PLUS_FROZEN_K10_MATCHED_RANDOM_EDGES,PERSISTENT_OPERATIONAL_NEAR_COLLISION_EVIDENCE,EVALUABLE,EXPLORATORY_CONSUMED_DIAGNOSTIC_ONLY
U0_MS,viscosity_laplacian_acceleration,LINEAGE,HMSO01R_A|FIELD_LINEAGE|0da6210822c1316c7a077be78ae0c871024433732125f17a7f978f92e0d637e1,0.1,0.9,52.40300584732972,0.0003967819986690455,0.0,0,2560,FROZEN_K10_NEIGHBOURS_PLUS_FROZEN_K10_MATCHED_RANDOM_EDGES,PERSISTENT_OPERATIONAL_NEAR_COLLISION_EVIDENCE,EVALUABLE,EXPLORATORY_CONSUMED_DIAGNOSTIC_ONLY
U0_MS,viscosity_laplacian_acceleration,LINEAGE,HMSO01R_A|FIELD_LINEAGE|0ddf6cdd096735cc15f4456489e1d58f77aa80618dad5da96cca18e59be60b9c,0.1,0.9,52.40300584732972,0.0003967819986690455,0.0,0,2560,FROZEN_K10_NEIGHBOURS_PLUS_FROZEN_K10_MATCHED_RANDOM_EDGES,PERSISTENT_OPERATIONAL_NEAR_COLLISION_EVIDENCE,EVALUABLE,EXPLORATORY_CONSUMED_DIAGNOSTIC_ONLY
U0_MS,viscosity_laplacian_acceleration,LINEAGE,HMSO01R_A|FIELD_LINEAGE|0e65acebdbaa92caa4bcb30c2a0feac4a5469aac1dd76780539181916f956f58,0.1,0.9,52.40300584732972,0.0003967819986690455,0.0,0,2560,FROZEN_K10_NEIGHBOURS_PLUS_FROZEN_K10_MATCHED_RANDOM_EDGES,PERSISTENT_OPERATIONAL_NEAR_COLLISION_EVIDENCE,EVALUABLE,EXPLORATORY_CONSUMED_DIAGNOSTIC_ONLY
U0_MS,viscosity_laplacian_acceleration,LINEAGE,HMSO01R_A|FIELD_LINEAGE|0e85d8db167a222553e045c2d06d7055fe817db60fe9573c8fc78f52ed1f8615,0.1,0.9,52.40300584732972,0.0003967819986690455,0.0,0,2560,FROZEN_K10_NEIGHBOURS_PLUS_FROZEN_K10_MATCHED_RANDOM_EDGES,PERSISTENT_OPERATIONAL_NEAR_COLLISION_EVIDENCE,EVALUABLE,EXPLORATORY_CONSUMED_DIAGNOSTIC_ONLY
U0_MS,viscosity_laplacian_acceleration,LINEAGE,HMSO01R_A|FIELD_LINEAGE|0f0f1b8e6d3d2de7f2739e4c27aed7f4a0fa84df148b19d95d7dbbf8ec12bea3,0.1,0.9,52.40300584732972,0.0003967819986690455,0.0,0,2560,FROZEN_K10_NEIGHBOURS_PLUS_FROZEN_K10_MATCHED_RANDOM_EDGES,PERSISTENT_OPERATIONAL_NEAR_COLLISION_EVIDENCE,EVALUABLE,EXPLORATORY_CONSUMED_DIAGNOSTIC_ONLY
U0_MS,viscosity_laplacian_acceleration,LINEAGE,HMSO01R_A|FIELD_LINEAGE|0f49beb059c8327e240fa524ede4b5d0ddc16e0eb915fce826282146040c0e20,0.1,0.9,52.40300584732972,0.0003967819986690455,0.0,0,5120,FROZEN_K10_NEIGHBOURS_PLUS_FROZEN_K10_MATCHED_RANDOM_EDGES,PERSISTENT_OPERATIONAL_NEAR_COLLISION_EVIDENCE,EVALUABLE,EXPLORATORY_CONSUMED_DIAGNOSTIC_ONLY
U0_MS,viscosity_laplacian_acceleration,LINEAGE,HMSO01R_A|FIELD_LINEAGE|0fdda9072ffc8d97ff7e0441813be2217cbf8a41c67bef8c56cb65c5e8c889e5,0.1,0.9,52.40300584732972,0.0003967819986690455,0.0,0,2560,FROZEN_K10_NEIGHBOURS_PLUS_FROZEN_K10_MATCHED_RANDOM_EDGES,PERSISTENT_OPERATIONAL_NEAR_COLLISION_EVIDENCE,EVALUABLE,EXPLORATORY_CONSUMED_DIAGNOSTIC_ONLY
U0_MS,viscosity_laplacian_acceleration,LINEAGE,HMSO01R_A|FIELD_LINEAGE|1014832cdbdd8f9e416c91cfffc398c0221e1acf20617efe558f4efd66f3578a,0.1,0.9,52.40300584732972,0.0003967819986690455,0.003125,8,2560,FROZEN_K10_NEIGHBOURS_PLUS_FROZEN_K10_MATCHED_RANDOM_EDGES,PERSISTENT_OPERATIONAL_NEAR_COLLISION_EVIDENCE,EVALUABLE,EXPLORATORY_CONSUMED_DIAGNOSTIC_ONLY
U0_MS,viscosity_laplacian_acceleration,LINEAGE,HMSO01R_A|FIELD_LINEAGE|101e8ab2bfdfa561a79b7bef11d98c5487b65f400bdd7d35b17d61b9746e280e,0.1,0.9,52.40300584732972,0.0003967819986690455,0.0,0,2560,FROZEN_K10_NEIGHBOURS_PLUS_FROZEN_K10_MATCHED_RANDOM_EDGES,PERSISTENT_OPERATIONAL_NEAR_COLLISION_EVIDENCE,EVALUABLE,EXPLORATORY_CONSUMED_DIAGNOSTIC_ONLY
U0_MS,viscosity_laplacian_acceleration,LINEAGE,HMSO01R_A|FIELD_LINEAGE|10ec2dec79c0538398e95e49cd33ade9183e905d4ea4b212dcd4e7ec34fc5546,0.1,0.9,52.40300584732972,0.0003967819986690455,0.334375,856,2560,FROZEN_K10_NEIGHBOURS_PLUS_FROZEN_K10_MATCHED_RANDOM_EDGES,PERSISTENT_OPERATIONAL_NEAR_COLLISION_EVIDENCE,EVALUABLE,EXPLORATORY_CONSUMED_DIAGNOSTIC_ONLY
U0_MS,viscosity_laplacian_acceleration,LINEAGE,HMSO01R_A|FIELD_LINEAGE|11fde86949c379fe2021d6c74cae47b21d76fdf394512bb275cf864fa8a207c8,0.1,0.9,52.40300584732972,0.0003967819986690455,0.0,0,2560,FROZEN_K10_NEIGHBOURS_PLUS_FROZEN_K10_MATCHED_RANDOM_EDGES,PERSISTENT_OPERATIONAL_NEAR_COLLISION_EVIDENCE,EVALUABLE,EXPLORATORY_CONSUMED_DIAGNOSTIC_ONLY
U0_MS,viscosity_laplacian_acceleration,LINEAGE,HMSO01R_A|FIELD_LINEAGE|14fde0d6f8e15a741b90398f93d73484586c3eb3479f620760208e87c5b3db6c,0.1,0.9,52.40300584732972,0.0003967819986690455,0.0,0,2560,FROZEN_K10_NEIGHBOURS_PLUS_FROZEN_K10_MATCHED_RANDOM_EDGES,PERSISTENT_OPERATIONAL_NEAR_COLLISION_EVIDENCE,EVALUABLE,EXPLORATORY_CONSUMED_DIAGNOSTIC_ONLY
U0_MS,viscosity_laplacian_acceleration,LINEAGE,HMSO01R_A|FIELD_LINEAGE|15651b29629c1bcfb68ed12ef597d6352232a9bc607eac6bb7e574563cec2b00,0.1,0.9,52.40300584732972,0.0003967819986690455,0.0,0,5120,FROZEN_K10_NEIGHBOURS_PLUS_FROZEN_K10_MATCHED_RANDOM_EDGES,PERSISTENT_OPERATIONAL_NEAR_COLLISION_EVIDENCE,EVALUABLE,EXPLORATORY_CONSUMED_DIAGNOSTIC_ONLY
U0_MS,viscosity_laplacian_acceleration,LINEAGE,HMSO01R_A|FIELD_LINEAGE|16eb11153f438a544fbde5e29c9d4f0fc922c6cc49338ba6f7c68206ac580c7f,0.1,0.9,52.40300584732972,0.0003967819986690455,0.0,0,2560,FROZEN_K10_NEIGHBOURS_PLUS_FROZEN_K10_MATCHED_RANDOM_EDGES,PERSISTENT_OPERATIONAL_NEAR_COLLISION_EVIDENCE,EVALUABLE,EXPLORATORY_CONSUMED_DIAGNOSTIC_ONLY
U0_MS,viscosity_laplacian_acceleration,LINEAGE,HMSO01R_A|FIELD_LINEAGE|17af857dc7e075f66db0acfe5114e05e0f490cc5340cc9cfe073ae813844b776,0.1,0.9,52.40300584732972,0.0003967819986690455,0.0,0,2560,FROZEN_K10_NEIGHBOURS_PLUS_FROZEN_K10_MATCHED_RANDOM_EDGES,PERSISTENT_OPERATIONAL_NEAR_COLLISION_EVIDENCE,EVALUABLE,EXPLORATORY_CONSUMED_DIAGNOSTIC_ONLY
U0_MS,viscosity_laplacian_acceleration,LINEAGE,HMSO01R_A|FIELD_LINEAGE|191e9f46778b3758f1f78fde4f9e2a46913f5a82ffc9889aaa9e18e41d67ee0e,0.1,0.9,52.40300584732972,0.0003967819986690455,0.0,0,2560,FROZEN_K10_NEIGHBOURS_PLUS_FROZEN_K10_MATCHED_RANDOM_EDGES,PERSISTENT_OPERATIONAL_NEAR_COLLISION_EVIDENCE,EVALUABLE,EXPLORATORY_CONSUMED_DIAGNOSTIC_ONLY
U0_MS,viscosity_laplacian_acceleration,LINEAGE,HMSO01R_A|FIELD_LINEAGE|197d7ec024c0036b09ad028c746809cfe1ed712ccbb40eead96390c6dfdd817b,0.1,0.9,52.40300584732972,0.0003967819986690455,0.0,0,30720,FROZEN_K10_NEIGHBOURS_PLUS_FROZEN_K10_MATCHED_RANDOM_EDGES,PERSISTENT_OPERATIONAL_NEAR_COLLISION_EVIDENCE,EVALUABLE,EXPLORATORY_CONSUMED_DIAGNOSTIC_ONLY
U0_MS,viscosity_laplacian_acceleration,LINEAGE,HMSO01R_A|FIELD_LINEAGE|197ff926eb3d0f9ff98b06347687987d9933c0c4a0832b79258c496c53405132,0.1,0.9,52.40300584732972,0.0003967819986690455,0.0,0,2560,FROZEN_K10_NEIGHBOURS_PLUS_FROZEN_K10_MATCHED_RANDOM_EDGES,PERSISTENT_OPERATIONAL_NEAR_COLLISION_EVIDENCE,EVALUABLE,EXPLORATORY_CONSUMED_DIAGNOSTIC_ONLY
U0_MS,viscosity_laplacian_acceleration,LINEAGE,HMSO01R_A|FIELD_LINEAGE|19bc9c15d585b69ea5a604b39577d278e2c7b171a2d899f0352dc2850b1dc0cb,0.1,0.9,52.40300584732972,0.0003967819986690455,0.0,0,2560,FROZEN_K10_NEIGHBOURS_PLUS_FROZEN_K10_MATCHED_RANDOM_EDGES,PERSISTENT_OPERATIONAL_NEAR_COLLISION_EVIDENCE,EVALUABLE,EXPLORATORY_CONSUMED_DIAGNOSTIC_ONLY
U0_MS,viscosity_laplacian_acceleration,LINEAGE,HMSO01R_A|FIELD_LINEAGE|1a444bf8e4f5678b58a9ba1debf6e16323abf2899e40040f0bbc7e1608156e14,0.1,0.9,52.40300584732972,0.0003967819986690455,0.0,0,2560,FROZEN_K10_NEIGHBOURS_PLUS_FROZEN_K10_MATCHED_RANDOM_EDGES,PERSISTENT_OPERATIONAL_NEAR_COLLISION_EVIDENCE,EVALUABLE,EXPLORATORY_CONSUMED_DIAGNOSTIC_ONLY
U0_MS,viscosity_laplacian_acceleration,LINEAGE,HMSO01R_A|FIELD_LINEAGE|1b6f0cb3de33bc6abdb0882404222836bd00a9ad3c6fe2c95af35a87f0fa1200,0.1,0.9,52.40300584732972,0.0003967819986690455,0.0,0,2560,FROZEN_K10_NEIGHBOURS_PLUS_FROZEN_K10_MATCHED_RANDOM_EDGES,PERSISTENT_OPERATIONAL_NEAR_COLLISION_EVIDENCE,EVALUABLE,EXPLORATORY_CONSUMED_DIAGNOSTIC_ONLY
U0_MS,viscosity_laplacian_acceleration,LINEAGE,HMSO01R_A|FIELD_LINEAGE|1d03c9c9f560219b53c739310adfe296cf8afec50561d01ce15be76ae73c1479,0.1,0.9,52.40300584732972,0.0003967819986690455,0.0,0,2560,FROZEN_K10_NEIGHBOURS_PLUS_FROZEN_K10_MATCHED_RANDOM_EDGES,PERSISTENT_OPERATIONAL_NEAR_COLLISION_EVIDENCE,EVALUABLE,EXPLORATORY_CONSUMED_DIAGNOSTIC_ONLY
U0_MS,viscosity_laplacian_acceleration,LINEAGE,HMSO01R_A|FIELD_LINEAGE|1e499d17b9c103b93706f70e5fa2f7497086b8d1dab61b6d4e57ae6874e328ff,0.1,0.9,52.40300584732972,0.0003967819986690455,0.0,0,2560,FROZEN_K10_NEIGHBOURS_PLUS_FROZEN_K10_MATCHED_RANDOM_EDGES,PERSISTENT_OPERATIONAL_NEAR_COLLISION_EVIDENCE,EVALUABLE,EXPLORATORY_CONSUMED_DIAGNOSTIC_ONLY
U0_MS,viscosity_laplacian_acceleration,LINEAGE,HMSO01R_A|FIELD_LINEAGE|20bbc33e3ce141e2f7eb99de3d0702689581411faf36ef6782c9dd4ff7bd0899,0.1,0.9,52.40300584732972,0.0003967819986690455,0.0,0,2560,FROZEN_K10_NEIGHBOURS_PLUS_FROZEN_K10_MATCHED_RANDOM_EDGES,PERSISTENT_OPERATIONAL_NEAR_COLLISION_EVIDENCE,EVALUABLE,EXPLORATORY_CONSUMED_DIAGNOSTIC_ONLY
U0_MS,viscosity_laplacian_acceleration,LINEAGE,HMSO01R_A|FIELD_LINEAGE|20fd9f4e76cc9e98a79b808be25ffb0cc4d95c0522637973fd5963586426d614,0.1,0.9,52.40300584732972,0.0003967819986690455,0.0,0,2560,FROZEN_K10_NEIGHBOURS_PLUS_FROZEN_K10_MATCHED_RANDOM_EDGES,PERSISTENT_OPERATIONAL_NEAR_COLLISION_EVIDENCE,EVALUABLE,EXPLORATORY_CONSUMED_DIAGNOSTIC_ONLY
U0_MS,viscosity_laplacian_acceleration,LINEAGE,HMSO01R_A|FIELD_LINEAGE|21308456c1ed84c2854c7a093be1e48cf9af8d5768485e2a86892e0fd138af17,0.1,0.9,52.40300584732972,0.0003967819986690455,0.0,0,2560,FROZEN_K10_NEIGHBOURS_PLUS_FROZEN_K10_MATCHED_RANDOM_EDGES,PERSISTENT_OPERATIONAL_NEAR_COLLISION_EVIDENCE,EVALUABLE,EXPLORATORY_CONSUMED_DIAGNOSTIC_ONLY
U0_MS,viscosity_laplacian_acceleration,LINEAGE,HMSO01R_A|FIELD_LINEAGE|21b79bdb11d90c0a9b01efce71ed9eec0d7fba61736210c4c1ab358a9c4e965a,0.1,0.9,52.40300584732972,0.0003967819986690455,0.0,0,5120,FROZEN_K10_NEIGHBOURS_PLUS_FROZEN_K10_MATCHED_RANDOM_EDGES,PERSISTENT_OPERATIONAL_NEAR_COLLISION_EVIDENCE,EVALUABLE,EXPLORATORY_CONSUMED_DIAGNOSTIC_ONLY
U0_MS,viscosity_laplacian_acceleration,LINEAGE,HMSO01R_A|FIELD_LINEAGE|21dfb26365637485a590f4aa1b2a5297d551eab87745fb26abbdd41a0e1d8daa,0.1,0.9,52.40300584732972,0.0003967819986690455,0.0,0,2560,FROZEN_K10_NEIGHBOURS_PLUS_FROZEN_K10_MATCHED_RANDOM_EDGES,PERSISTENT_OPERATIONAL_NEAR_COLLISION_EVIDENCE,EVALUABLE,EXPLORATORY_CONSUMED_DIAGNOSTIC_ONLY
U0_MS,viscosity_laplacian_acceleration,LINEAGE,HMSO01R_A|FIELD_LINEAGE|226b761343bde11d0f8531972b4efd2a54f34c441ce74b43268bfdfde41542ed,0.1,0.9,52.40300584732972,0.0003967819986690455,0.0,0,2560,FROZEN_K10_NEIGHBOURS_PLUS_FROZEN_K10_MATCHED_RANDOM_EDGES,PERSISTENT_OPERATIONAL_NEAR_COLLISION_EVIDENCE,EVALUABLE,EXPLORATORY_CONSUMED_DIAGNOSTIC_ONLY
U0_MS,viscosity_laplacian_acceleration,LINEAGE,HMSO01R_A|FIELD_LINEAGE|292cdf1c570d6fb417a11eb6a7d4d830f9162a0bf0e09496e15edbaa84e1f3f4,0.1,0.9,52.40300584732972,0.0003967819986690455,0.0,0,2560,FROZEN_K10_NEIGHBOURS_PLUS_FROZEN_K10_MATCHED_RANDOM_EDGES,PERSISTENT_OPERATIONAL_NEAR_COLLISION_EVIDENCE,EVALUABLE,EXPLORATORY_CONSUMED_DIAGNOSTIC_ONLY
U0_MS,viscosity_laplacian_acceleration,LINEAGE,HMSO01R_A|FIELD_LINEAGE|29dc93f9e64f8875b47eb06f84606bc0c4a0e9315877441085164bd7870ebc8e,0.1,0.9,52.40300584732972,0.0003967819986690455,0.0,0,2560,FROZEN_K10_NEIGHBOURS_PLUS_FROZEN_K10_MATCHED_RANDOM_EDGES,PERSISTENT_OPERATIONAL_NEAR_COLLISION_EVIDENCE,EVALUABLE,EXPLORATORY_CONSUMED_DIAGNOSTIC_ONLY
U0_MS,viscosity_laplacian_acceleration,LINEAGE,HMSO01R_A|FIELD_LINEAGE|2bf67fa14447cc7892bedcae7ba79ef420cf3b1aa476bde75527a097c9a5c922,0.1,0.9,52.40300584732972,0.0003967819986690455,0.0,0,5120,FROZEN_K10_NEIGHBOURS_PLUS_FROZEN_K10_MATCHED_RANDOM_EDGES,PERSISTENT_OPERATIONAL_NEAR_COLLISION_EVIDENCE,EVALUABLE,EXPLORATORY_CONSUMED_DIAGNOSTIC_ONLY
U0_MS,viscosity_laplacian_acceleration,LINEAGE,HMSO01R_A|FIELD_LINEAGE|2d885ab8e36e98def0f3a036fab45f57940afd290e12c42ece2cbbf2a0b7faed,0.1,0.9,52.40300584732972,0.0003967819986690455,0.0,0,2560,FROZEN_K10_NEIGHBOURS_PLUS_FROZEN_K10_MATCHED_RANDOM_EDGES,PERSISTENT_OPERATIONAL_NEAR_COLLISION_EVIDENCE,EVALUABLE,EXPLORATORY_CONSUMED_DIAGNOSTIC_ONLY
U0_MS,viscosity_laplacian_acceleration,LINEAGE,HMSO01R_A|FIELD_LINEAGE|2e00a5aa730d3fe2629242ac9cb05445890c5ccd2cee3bc6b04bd3dcaa176cdc,0.1,0.9,52.40300584732972,0.0003967819986690455,0.0,0,2560,FROZEN_K10_NEIGHBOURS_PLUS_FROZEN_K10_MATCHED_RANDOM_EDGES,PERSISTENT_OPERATIONAL_NEAR_COLLISION_EVIDENCE,EVALUABLE,EXPLORATORY_CONSUMED_DIAGNOSTIC_ONLY
U0_MS,viscosity_laplacian_acceleration,LINEAGE,HMSO01R_A|FIELD_LINEAGE|3264ae7008b91adb6f4b677f3ecc13cbe5ab1143b7f33ef501525d095e0b618c,0.1,0.9,52.40300584732972,0.0003967819986690455,0.0,0,30720,FROZEN_K10_NEIGHBOURS_PLUS_FROZEN_K10_MATCHED_RANDOM_EDGES,PERSISTENT_OPERATIONAL_NEAR_COLLISION_EVIDENCE,EVALUABLE,EXPLORATORY_CONSUMED_DIAGNOSTIC_ONLY
U0_MS,viscosity_laplacian_acceleration,LINEAGE,HMSO01R_A|FIELD_LINEAGE|3283083498700d830b6f9393659c16097acacaf984f6c43b70c65438a233286d,0.1,0.9,52.40300584732972,0.0003967819986690455,0.0,0,5120,FROZEN_K10_NEIGHBOURS_PLUS_FROZEN_K10_MATCHED_RANDOM_EDGES,PERSISTENT_OPERATIONAL_NEAR_COLLISION_EVIDENCE,EVALUABLE,EXPLORATORY_CONSUMED_DIAGNOSTIC_ONLY
U0_MS,viscosity_laplacian_acceleration,LINEAGE,HMSO01R_A|FIELD_LINEAGE|34168bb92814c253cb6b05f8022442aa6cab311b67f648a00b758da530873bc9,0.1,0.9,52.40300584732972,0.0003967819986690455,0.0,0,2560,FROZEN_K10_NEIGHBOURS_PLUS_FROZEN_K10_MATCHED_RANDOM_EDGES,PERSISTENT_OPERATIONAL_NEAR_COLLISION_EVIDENCE,EVALUABLE,EXPLORATORY_CONSUMED_DIAGNOSTIC_ONLY
U0_MS,viscosity_laplacian_acceleration,LINEAGE,HMSO01R_A|FIELD_LINEAGE|34a4e80876c1805c1767ae4dec4e60fe92b927519de4d3f4fc98d8e491efa006,0.1,0.9,52.40300584732972,0.0003967819986690455,0.0,0,2560,FROZEN_K10_NEIGHBOURS_PLUS_FROZEN_K10_MATCHED_RANDOM_EDGES,PERSISTENT_OPERATIONAL_NEAR_COLLISION_EVIDENCE,EVALUABLE,EXPLORATORY_CONSUMED_DIAGNOSTIC_ONLY
U0_MS,viscosity_laplacian_acceleration,LINEAGE,HMSO01R_A|FIELD_LINEAGE|367777ab46eb41f1d6390744a91dc4aea35bac8f23f02a2f5c6dee473916edbd,0.1,0.9,52.40300584732972,0.0003967819986690455,0.0,0,2560,FROZEN_K10_NEIGHBOURS_PLUS_FROZEN_K10_MATCHED_RANDOM_EDGES,PERSISTENT_OPERATIONAL_NEAR_COLLISION_EVIDENCE,EVALUABLE,EXPLORATORY_CONSUMED_DIAGNOSTIC_ONLY
U0_MS,viscosity_laplacian_acceleration,LINEAGE,HMSO01R_A|FIELD_LINEAGE|381d8f63546be0384f86ba8b518abcf8c4d107fec707374fb03828151e0b75af,0.1,0.9,52.40300584732972,0.0003967819986690455,0.0,0,2560,FROZEN_K10_NEIGHBOURS_PLUS_FROZEN_K10_MATCHED_RANDOM_EDGES,PERSISTENT_OPERATIONAL_NEAR_COLLISION_EVIDENCE,EVALUABLE,EXPLORATORY_CONSUMED_DIAGNOSTIC_ONLY
U0_MS,viscosity_laplacian_acceleration,LINEAGE,HMSO01R_A|FIELD_LINEAGE|38ed780ae9e2ceb725d12dc596e69f348d116c6ab5da75f5bae97744169a86db,0.1,0.9,52.40300584732972,0.0003967819986690455,0.0,0,2560,FROZEN_K10_NEIGHBOURS_PLUS_FROZEN_K10_MATCHED_RANDOM_EDGES,PERSISTENT_OPERATIONAL_NEAR_COLLISION_EVIDENCE,EVALUABLE,EXPLORATORY_CONSUMED_DIAGNOSTIC_ONLY
U0_MS,viscosity_laplacian_acceleration,LINEAGE,HMSO01R_A|FIELD_LINEAGE|39a5eaeb1afddf9af00bec82f67fdf5414fc1d1e11076c2f86704fda2809ab87,0.1,0.9,52.40300584732972,0.0003967819986690455,0.0,0,5120,FROZEN_K10_NEIGHBOURS_PLUS_FROZEN_K10_MATCHED_RANDOM_EDGES,PERSISTENT_OPERATIONAL_NEAR_COLLISION_EVIDENCE,EVALUABLE,EXPLORATORY_CONSUMED_DIAGNOSTIC_ONLY
U0_MS,viscosity_laplacian_acceleration,LINEAGE,HMSO01R_A|FIELD_LINEAGE|3c7ea9b77bf044ea3d9c6d199831fc605b20c1d7b4a9ad213eb80b5cab2c0296,0.1,0.9,52.40300584732972,0.0003967819986690455,0.0,0,2560,FROZEN_K10_NEIGHBOURS_PLUS_FROZEN_K10_MATCHED_RANDOM_EDGES,PERSISTENT_OPERATIONAL_NEAR_COLLISION_EVIDENCE,EVALUABLE,EXPLORATORY_CONSUMED_DIAGNOSTIC_ONLY
U0_MS,viscosity_laplacian_acceleration,LINEAGE,HMSO01R_A|FIELD_LINEAGE|3d33238d426baab3f4ff1c525309d0c0b825fb99fca42c8d1a5482ea92f2f1a6,0.1,0.9,52.40300584732972,0.0003967819986690455,0.0,0,5120,FROZEN_K10_NEIGHBOURS_PLUS_FROZEN_K10_MATCHED_RANDOM_EDGES,PERSISTENT_OPERATIONAL_NEAR_COLLISION_EVIDENCE,EVALUABLE,EXPLORATORY_CONSUMED_DIAGNOSTIC_ONLY
U0_MS,viscosity_laplacian_acceleration,LINEAGE,HMSO01R_A|FIELD_LINEAGE|3e17b326e03465aac98a6b656cd3125c19ada3cc77d6223ebd6e30804155ff56,0.1,0.9,52.40300584732972,0.0003967819986690455,0.0,0,2560,FROZEN_K10_NEIGHBOURS_PLUS_FROZEN_K10_MATCHED_RANDOM_EDGES,PERSISTENT_OPERATIONAL_NEAR_COLLISION_EVIDENCE,EVALUABLE,EXPLORATORY_CONSUMED_DIAGNOSTIC_ONLY
U0_MS,viscosity_laplacian_acceleration,LINEAGE,HMSO01R_A|FIELD_LINEAGE|3e594f148c4f0181faaf58cc7906a2e9e8709c7be31e59cdc8bdd6b6b7c398a2,0.1,0.9,52.40300584732972,0.0003967819986690455,0.0,0,2560,FROZEN_K10_NEIGHBOURS_PLUS_FROZEN_K10_MATCHED_RANDOM_EDGES,PERSISTENT_OPERATIONAL_NEAR_COLLISION_EVIDENCE,EVALUABLE,EXPLORATORY_CONSUMED_DIAGNOSTIC_ONLY
U0_MS,viscosity_laplacian_acceleration,LINEAGE,HMSO01R_A|FIELD_LINEAGE|40ad278dca26109101acf56cf89434c2db030106327c552c8aaad7f18589b1fc,0.1,0.9,52.40300584732972,0.0003967819986690455,0.0,0,2560,FROZEN_K10_NEIGHBOURS_PLUS_FROZEN_K10_MATCHED_RANDOM_EDGES,PERSISTENT_OPERATIONAL_NEAR_COLLISION_EVIDENCE,EVALUABLE,EXPLORATORY_CONSUMED_DIAGNOSTIC_ONLY
U0_MS,viscosity_laplacian_acceleration,LINEAGE,HMSO01R_A|FIELD_LINEAGE|41b714ff189f53f826864cf9fac2bed83a6e097351a7033fcea23d658bf21b54,0.1,0.9,52.40300584732972,0.0003967819986690455,0.0,0,2560,FROZEN_K10_NEIGHBOURS_PLUS_FROZEN_K10_MATCHED_RANDOM_EDGES,PERSISTENT_OPERATIONAL_NEAR_COLLISION_EVIDENCE,EVALUABLE,EXPLORATORY_CONSUMED_DIAGNOSTIC_ONLY
U0_MS,viscosity_laplacian_acceleration,LINEAGE,HMSO01R_A|FIELD_LINEAGE|41ec221cb0eeb1bbfd7efc4d5d4cd642cd62a71a09fd5ce2fc9fff0cbe48931c,0.1,0.9,52.40300584732972,0.0003967819986690455,0.0,0,2560,FROZEN_K10_NEIGHBOURS_PLUS_FROZEN_K10_MATCHED_RANDOM_EDGES,PERSISTENT_OPERATIONAL_NEAR_COLLISION_EVIDENCE,EVALUABLE,EXPLORATORY_CONSUMED_DIAGNOSTIC_ONLY
U0_MS,viscosity_laplacian_acceleration,LINEAGE,HMSO01R_A|FIELD_LINEAGE|429c6019f8749d53e4581b918e84a928af92c02c8bd8516136f7bea7e94cf671,0.1,0.9,52.40300584732972,0.0003967819986690455,0.0,0,2560,FROZEN_K10_NEIGHBOURS_PLUS_FROZEN_K10_MATCHED_RANDOM_EDGES,PERSISTENT_OPERATIONAL_NEAR_COLLISION_EVIDENCE,EVALUABLE,EXPLORATORY_CONSUMED_DIAGNOSTIC_ONLY
U0_MS,viscosity_laplacian_acceleration,LINEAGE,HMSO01R_A|FIELD_LINEAGE|42e50ef40056d389a76817004688f104ee3861e2ea394e0b7ded0e04dbc7e54e,0.1,0.9,52.40300584732972,0.0003967819986690455,0.0,0,5120,FROZEN_K10_NEIGHBOURS_PLUS_FROZEN_K10_MATCHED_RANDOM_EDGES,PERSISTENT_OPERATIONAL_NEAR_COLLISION_EVIDENCE,EVALUABLE,EXPLORATORY_CONSUMED_DIAGNOSTIC_ONLY
U0_MS,viscosity_laplacian_acceleration,LINEAGE,HMSO01R_A|FIELD_LINEAGE|43048a070f7e90a4b3daec507e653fb282b428f5e4cf309a72c949e8f5226bf3,0.1,0.9,52.40300584732972,0.0003967819986690455,0.0,0,2560,FROZEN_K10_NEIGHBOURS_PLUS_FROZEN_K10_MATCHED_RANDOM_EDGES,PERSISTENT_OPERATIONAL_NEAR_COLLISION_EVIDENCE,EVALUABLE,EXPLORATORY_CONSUMED_DIAGNOSTIC_ONLY
U0_MS,viscosity_laplacian_acceleration,LINEAGE,HMSO01R_A|FIELD_LINEAGE|4389c621e60229f631c944081b4adc544d96927c12f624ff90ee3e85668f651e,0.1,0.9,52.40300584732972,0.0003967819986690455,0.0,0,2560,FROZEN_K10_NEIGHBOURS_PLUS_FROZEN_K10_MATCHED_RANDOM_EDGES,PERSISTENT_OPERATIONAL_NEAR_COLLISION_EVIDENCE,EVALUABLE,EXPLORATORY_CONSUMED_DIAGNOSTIC_ONLY
U0_MS,viscosity_laplacian_acceleration,LINEAGE,HMSO01R_A|FIELD_LINEAGE|440a69e5e6d8a6266c3153ff4cc4273aafca8ec71c677d3f24cfa0db89cae65c,0.1,0.9,52.40300584732972,0.0003967819986690455,0.0,0,2560,FROZEN_K10_NEIGHBOURS_PLUS_FROZEN_K10_MATCHED_RANDOM_EDGES,PERSISTENT_OPERATIONAL_NEAR_COLLISION_EVIDENCE,EVALUABLE,EXPLORATORY_CONSUMED_DIAGNOSTIC_ONLY
U0_MS,viscosity_laplacian_acceleration,LINEAGE,HMSO01R_A|FIELD_LINEAGE|4666d705aea26a6f22073d7a13f6e76c36824d125314c031a782f73ac5ba6779,0.1,0.9,52.40300584732972,0.0003967819986690455,0.0,0,5120,FROZEN_K10_NEIGHBOURS_PLUS_FROZEN_K10_MATCHED_RANDOM_EDGES,PERSISTENT_OPERATIONAL_NEAR_COLLISION_EVIDENCE,EVALUABLE,EXPLORATORY_CONSUMED_DIAGNOSTIC_ONLY
U0_MS,viscosity_laplacian_acceleration,LINEAGE,HMSO01R_A|FIELD_LINEAGE|46ad1db2ba1a448aa8fcf8fea69b4b772861af80c9b661f505a8c591ffdfe68c,0.1,0.9,52.40300584732972,0.0003967819986690455,0.0,0,2560,FROZEN_K10_NEIGHBOURS_PLUS_FROZEN_K10_MATCHED_RANDOM_EDGES,PERSISTENT_OPERATIONAL_NEAR_COLLISION_EVIDENCE,EVALUABLE,EXPLORATORY_CONSUMED_DIAGNOSTIC_ONLY
U0_MS,viscosity_laplacian_acceleration,LINEAGE,HMSO01R_A|FIELD_LINEAGE|4729596698ed7c65dd5f082aea4dac27cd26c6550de18eb2382e9ca6f186b90b,0.1,0.9,52.40300584732972,0.0003967819986690455,0.0,0,2560,FROZEN_K10_NEIGHBOURS_PLUS_FROZEN_K10_MATCHED_RANDOM_EDGES,PERSISTENT_OPERATIONAL_NEAR_COLLISION_EVIDENCE,EVALUABLE,EXPLORATORY_CONSUMED_DIAGNOSTIC_ONLY
U0_MS,viscosity_laplacian_acceleration,LINEAGE,HMSO01R_A|FIELD_LINEAGE|475ead0c3c732d8046f08c0918482fe4219c4fa643d2e948ba96c0bc2f6d887d,0.1,0.9,52.40300584732972,0.0003967819986690455,0.0,0,2560,FROZEN_K10_NEIGHBOURS_PLUS_FROZEN_K10_MATCHED_RANDOM_EDGES,PERSISTENT_OPERATIONAL_NEAR_COLLISION_EVIDENCE,EVALUABLE,EXPLORATORY_CONSUMED_DIAGNOSTIC_ONLY
U0_MS,viscosity_laplacian_acceleration,LINEAGE,HMSO01R_A|FIELD_LINEAGE|49aae8e0ac8e4584d3624cd5459480c917c8157571a4f7ac9660003550146055,0.1,0.9,52.40300584732972,0.0003967819986690455,0.0,0,2560,FROZEN_K10_NEIGHBOURS_PLUS_FROZEN_K10_MATCHED_RANDOM_EDGES,PERSISTENT_OPERATIONAL_NEAR_COLLISION_EVIDENCE,EVALUABLE,EXPLORATORY_CONSUMED_DIAGNOSTIC_ONLY
U0_MS,viscosity_laplacian_acceleration,LINEAGE,HMSO01R_A|FIELD_LINEAGE|4a864b01d23e69fbf80902fd3a728f366c9eb285ead51eb5724dfe25ca232031,0.1,0.9,52.40300584732972,0.0003967819986690455,0.0,0,2560,FROZEN_K10_NEIGHBOURS_PLUS_FROZEN_K10_MATCHED_RANDOM_EDGES,PERSISTENT_OPERATIONAL_NEAR_COLLISION_EVIDENCE,EVALUABLE,EXPLORATORY_CONSUMED_DIAGNOSTIC_ONLY
U0_MS,viscosity_laplacian_acceleration,LINEAGE,HMSO01R_A|FIELD_LINEAGE|4c3bbd0a7d56407cf1ccc6d516e10bc822949b03124ef92a27e554a97f6ed1b2,0.1,0.9,52.40300584732972,0.0003967819986690455,0.0,0,2560,FROZEN_K10_NEIGHBOURS_PLUS_FROZEN_K10_MATCHED_RANDOM_EDGES,PERSISTENT_OPERATIONAL_NEAR_COLLISION_EVIDENCE,EVALUABLE,EXPLORATORY_CONSUMED_DIAGNOSTIC_ONLY
U0_MS,viscosity_laplacian_acceleration,LINEAGE,HMSO01R_A|FIELD_LINEAGE|4cf69c455bf1f50d880646e37d5ce58645992adb18a995a52fdf89583dcd2384,0.1,0.9,52.40300584732972,0.0003967819986690455,0.0,0,2560,FROZEN_K10_NEIGHBOURS_PLUS_FROZEN_K10_MATCHED_RANDOM_EDGES,PERSISTENT_OPERATIONAL_NEAR_COLLISION_EVIDENCE,EVALUABLE,EXPLORATORY_CONSUMED_DIAGNOSTIC_ONLY
U0_MS,viscosity_laplacian_acceleration,LINEAGE,HMSO01R_A|FIELD_LINEAGE|51aa7e7dbbb5aa6496f5ed0b95d8e85438067333a238c5e41877a3cd9ace3175,0.1,0.9,52.40300584732972,0.0003967819986690455,0.0,0,2560,FROZEN_K10_NEIGHBOURS_PLUS_FROZEN_K10_MATCHED_RANDOM_EDGES,PERSISTENT_OPERATIONAL_NEAR_COLLISION_EVIDENCE,EVALUABLE,EXPLORATORY_CONSUMED_DIAGNOSTIC_ONLY
U0_MS,viscosity_laplacian_acceleration,LINEAGE,HMSO01R_A|FIELD_LINEAGE|541d56dfe6d37f091e41084f899b04aeee2814cee915608e406b47dce85c3c8b,0.1,0.9,52.40300584732972,0.0003967819986690455,0.0,0,5120,FROZEN_K10_NEIGHBOURS_PLUS_FROZEN_K10_MATCHED_RANDOM_EDGES,PERSISTENT_OPERATIONAL_NEAR_COLLISION_EVIDENCE,EVALUABLE,EXPLORATORY_CONSUMED_DIAGNOSTIC_ONLY
U0_MS,viscosity_laplacian_acceleration,LINEAGE,HMSO01R_A|FIELD_LINEAGE|55cdcba2ab757796978976644840d2bce6b96e998f32047a71aff1f289ed6480,0.1,0.9,52.40300584732972,0.0003967819986690455,0.0,0,2560,FROZEN_K10_NEIGHBOURS_PLUS_FROZEN_K10_MATCHED_RANDOM_EDGES,PERSISTENT_OPERATIONAL_NEAR_COLLISION_EVIDENCE,EVALUABLE,EXPLORATORY_CONSUMED_DIAGNOSTIC_ONLY
U0_MS,viscosity_laplacian_acceleration,LINEAGE,HMSO01R_A|FIELD_LINEAGE|56571c9b6d895bc0e855ce89225a188e41167fe16fc1aed7e4e19ab1ddaef9cb,0.1,0.9,52.40300584732972,0.0003967819986690455,0.0,0,2560,FROZEN_K10_NEIGHBOURS_PLUS_FROZEN_K10_MATCHED_RANDOM_EDGES,PERSISTENT_OPERATIONAL_NEAR_COLLISION_EVIDENCE,EVALUABLE,EXPLORATORY_CONSUMED_DIAGNOSTIC_ONLY
U0_MS,viscosity_laplacian_acceleration,LINEAGE,HMSO01R_A|FIELD_LINEAGE|5717c014ee19e2404587fa3546273faef8d6d97d2a31a4b9e01b24770e476426,0.1,0.9,52.40300584732972,0.0003967819986690455,0.0,0,2560,FROZEN_K10_NEIGHBOURS_PLUS_FROZEN_K10_MATCHED_RANDOM_EDGES,PERSISTENT_OPERATIONAL_NEAR_COLLISION_EVIDENCE,EVALUABLE,EXPLORATORY_CONSUMED_DIAGNOSTIC_ONLY
U0_MS,viscosity_laplacian_acceleration,LINEAGE,HMSO01R_A|FIELD_LINEAGE|5788e5f098ee24a0bfe3ef48cb7ba08a0bdbab2c319fd19eedc3c9eb4ac76f03,0.1,0.9,52.40300584732972,0.0003967819986690455,0.0,0,2560,FROZEN_K10_NEIGHBOURS_PLUS_FROZEN_K10_MATCHED_RANDOM_EDGES,PERSISTENT_OPERATIONAL_NEAR_COLLISION_EVIDENCE,EVALUABLE,EXPLORATORY_CONSUMED_DIAGNOSTIC_ONLY
U0_MS,viscosity_laplacian_acceleration,LINEAGE,HMSO01R_A|FIELD_LINEAGE|5851badadb2dbcb7aa9bd12e7e1999f87fd380febbee831ba86fec2a8906fa0a,0.1,0.9,52.40300584732972,0.0003967819986690455,0.0,0,5120,FROZEN_K10_NEIGHBOURS_PLUS_FROZEN_K10_MATCHED_RANDOM_EDGES,PERSISTENT_OPERATIONAL_NEAR_COLLISION_EVIDENCE,EVALUABLE,EXPLORATORY_CONSUMED_DIAGNOSTIC_ONLY
U0_MS,viscosity_laplacian_acceleration,LINEAGE,HMSO01R_A|FIELD_LINEAGE|5915fb95e293a089619d78d1366edf95fa145cc69452df6337d9252e862b1502,0.1,0.9,52.40300584732972,0.0003967819986690455,0.0,0,2560,FROZEN_K10_NEIGHBOURS_PLUS_FROZEN_K10_MATCHED_RANDOM_EDGES,PERSISTENT_OPERATIONAL_NEAR_COLLISION_EVIDENCE,EVALUABLE,EXPLORATORY_CONSUMED_DIAGNOSTIC_ONLY
U0_MS,viscosity_laplacian_acceleration,LINEAGE,HMSO01R_A|FIELD_LINEAGE|5932ef4f3ff2f79b2fa4005d45fb593b78f4308c6edd18917a8552256cdfcf19,0.1,0.9,52.40300584732972,0.0003967819986690455,0.002734375,7,2560,FROZEN_K10_NEIGHBOURS_PLUS_FROZEN_K10_MATCHED_RANDOM_EDGES,PERSISTENT_OPERATIONAL_NEAR_COLLISION_EVIDENCE,EVALUABLE,EXPLORATORY_CONSUMED_DIAGNOSTIC_ONLY
U0_MS,viscosity_laplacian_acceleration,LINEAGE,HMSO01R_A|FIELD_LINEAGE|59aef3f6a7aa33f774612e58955e925638af1b151b9e6b2d7127236b21c1a5a6,0.1,0.9,52.40300584732972,0.0003967819986690455,0.0,0,2560,FROZEN_K10_NEIGHBOURS_PLUS_FROZEN_K10_MATCHED_RANDOM_EDGES,PERSISTENT_OPERATIONAL_NEAR_COLLISION_EVIDENCE,EVALUABLE,EXPLORATORY_CONSUMED_DIAGNOSTIC_ONLY
U0_MS,viscosity_laplacian_acceleration,LINEAGE,HMSO01R_A|FIELD_LINEAGE|5a0dbac6ae904f5529ad460639c41b1b383ca8809b93f779bcc31cb0fd08d08b,0.1,0.9,52.40300584732972,0.0003967819986690455,0.0,0,2560,FROZEN_K10_NEIGHBOURS_PLUS_FROZEN_K10_MATCHED_RANDOM_EDGES,PERSISTENT_OPERATIONAL_NEAR_COLLISION_EVIDENCE,EVALUABLE,EXPLORATORY_CONSUMED_DIAGNOSTIC_ONLY
U0_MS,viscosity_laplacian_acceleration,LINEAGE,HMSO01R_A|FIELD_LINEAGE|5c056a7425c54539d868f52b6ae68a4c578195d4f6b5cb7d636be4eab2c2df8c,0.1,0.9,52.40300584732972,0.0003967819986690455,0.0,0,5120,FROZEN_K10_NEIGHBOURS_PLUS_FROZEN_K10_MATCHED_RANDOM_EDGES,PERSISTENT_OPERATIONAL_NEAR_COLLISION_EVIDENCE,EVALUABLE,EXPLORATORY_CONSUMED_DIAGNOSTIC_ONLY
U0_MS,viscosity_laplacian_acceleration,LINEAGE,HMSO01R_A|FIELD_LINEAGE|5c07d2280b8a6c46f1c42b9f7878f3f5c5e2174c9419aaf05f2bb6b52ab2f5f6,0.1,0.9,52.40300584732972,0.0003967819986690455,0.0,0,5120,FROZEN_K10_NEIGHBOURS_PLUS_FROZEN_K10_MATCHED_RANDOM_EDGES,PERSISTENT_OPERATIONAL_NEAR_COLLISION_EVIDENCE,EVALUABLE,EXPLORATORY_CONSUMED_DIAGNOSTIC_ONLY
U0_MS,viscosity_laplacian_acceleration,LINEAGE,HMSO01R_A|FIELD_LINEAGE|5cf76bdd12cdf0612bba343b6cf1b9e46ef0764cc183560f7b16acacca9460f1,0.1,0.9,52.40300584732972,0.0003967819986690455,0.0,0,2560,FROZEN_K10_NEIGHBOURS_PLUS_FROZEN_K10_MATCHED_RANDOM_EDGES,PERSISTENT_OPERATIONAL_NEAR_COLLISION_EVIDENCE,EVALUABLE,EXPLORATORY_CONSUMED_DIAGNOSTIC_ONLY
U0_MS,viscosity_laplacian_acceleration,LINEAGE,HMSO01R_A|FIELD_LINEAGE|5d84595c43a38b585d7953f18ac50da686f8debb482b1cca6058cffe84d274b6,0.1,0.9,52.40300584732972,0.0003967819986690455,0.0,0,30720,FROZEN_K10_NEIGHBOURS_PLUS_FROZEN_K10_MATCHED_RANDOM_EDGES,PERSISTENT_OPERATIONAL_NEAR_COLLISION_EVIDENCE,EVALUABLE,EXPLORATORY_CONSUMED_DIAGNOSTIC_ONLY
U0_MS,viscosity_laplacian_acceleration,LINEAGE,HMSO01R_A|FIELD_LINEAGE|5e2623db68536d2f4bee911245429597fdaee9006859890dec92aeaff707fe09,0.1,0.9,52.40300584732972,0.0003967819986690455,0.0,0,5120,FROZEN_K10_NEIGHBOURS_PLUS_FROZEN_K10_MATCHED_RANDOM_EDGES,PERSISTENT_OPERATIONAL_NEAR_COLLISION_EVIDENCE,EVALUABLE,EXPLORATORY_CONSUMED_DIAGNOSTIC_ONLY
U0_MS,viscosity_laplacian_acceleration,LINEAGE,HMSO01R_A|FIELD_LINEAGE|61b0a8ee57598b36eed2786a9e3e1cafd7d1e5cb7b5052c92f6d5c1826bc6619,0.1,0.9,52.40300584732972,0.0003967819986690455,0.0,0,5120,FROZEN_K10_NEIGHBOURS_PLUS_FROZEN_K10_MATCHED_RANDOM_EDGES,PERSISTENT_OPERATIONAL_NEAR_COLLISION_EVIDENCE,EVALUABLE,EXPLORATORY_CONSUMED_DIAGNOSTIC_ONLY
U0_MS,viscosity_laplacian_acceleration,LINEAGE,HMSO01R_A|FIELD_LINEAGE|61d4f5ea89fdb94c7fd8a7150c89f5910fdf9e6c5a71383e850b5a750c8fcf55,0.1,0.9,52.40300584732972,0.0003967819986690455,0.0,0,5120,FROZEN_K10_NEIGHBOURS_PLUS_FROZEN_K10_MATCHED_RANDOM_EDGES,PERSISTENT_OPERATIONAL_NEAR_COLLISION_EVIDENCE,EVALUABLE,EXPLORATORY_CONSUMED_DIAGNOSTIC_ONLY
U0_MS,viscosity_laplacian_acceleration,LINEAGE,HMSO01R_A|FIELD_LINEAGE|6260b45ec31956360cb50305f8ad9fa70be57f53fb24bc0523fc70aeb48f57ae,0.1,0.9,52.40300584732972,0.0003967819986690455,0.0,0,2560,FROZEN_K10_NEIGHBOURS_PLUS_FROZEN_K10_MATCHED_RANDOM_EDGES,PERSISTENT_OPERATIONAL_NEAR_COLLISION_EVIDENCE,EVALUABLE,EXPLORATORY_CONSUMED_DIAGNOSTIC_ONLY
U0_MS,viscosity_laplacian_acceleration,LINEAGE,HMSO01R_A|FIELD_LINEAGE|6359faeb0765247f7e12d6c9e8bbc8898fa74fca5c76c863a6009dffddbcb32e,0.1,0.9,52.40300584732972,0.0003967819986690455,0.0,0,30720,FROZEN_K10_NEIGHBOURS_PLUS_FROZEN_K10_MATCHED_RANDOM_EDGES,PERSISTENT_OPERATIONAL_NEAR_COLLISION_EVIDENCE,EVALUABLE,EXPLORATORY_CONSUMED_DIAGNOSTIC_ONLY
U0_MS,viscosity_laplacian_acceleration,LINEAGE,HMSO01R_A|FIELD_LINEAGE|64cf1977fe8b52c7e0fc1798d4810be4243b09c0886573ce42439c1eaf431667,0.1,0.9,52.40300584732972,0.0003967819986690455,0.0,0,5120,FROZEN_K10_NEIGHBOURS_PLUS_FROZEN_K10_MATCHED_RANDOM_EDGES,PERSISTENT_OPERATIONAL_NEAR_COLLISION_EVIDENCE,EVALUABLE,EXPLORATORY_CONSUMED_DIAGNOSTIC_ONLY
U0_MS,viscosity_laplacian_acceleration,LINEAGE,HMSO01R_A|FIELD_LINEAGE|66e31e43c39c0807b2398e5067c9aaab318a50b596f04344988d8e71103f4693,0.1,0.9,52.40300584732972,0.0003967819986690455,0.0,0,2560,FROZEN_K10_NEIGHBOURS_PLUS_FROZEN_K10_MATCHED_RANDOM_EDGES,PERSISTENT_OPERATIONAL_NEAR_COLLISION_EVIDENCE,EVALUABLE,EXPLORATORY_CONSUMED_DIAGNOSTIC_ONLY
U0_MS,viscosity_laplacian_acceleration,LINEAGE,HMSO01R_A|FIELD_LINEAGE|6918def6b8a6923e67fc2a25f9ee5a59a177f2b6c9bf8dfd922cd28ef3b4c287,0.1,0.9,52.40300584732972,0.0003967819986690455,0.0,0,5120,FROZEN_K10_NEIGHBOURS_PLUS_FROZEN_K10_MATCHED_RANDOM_EDGES,PERSISTENT_OPERATIONAL_NEAR_COLLISION_EVIDENCE,EVALUABLE,EXPLORATORY_CONSUMED_DIAGNOSTIC_ONLY
U0_MS,viscosity_laplacian_acceleration,LINEAGE,HMSO01R_A|FIELD_LINEAGE|6aba5ce17b9c02240405669069c0b485de9d3ce1714e3e85b0411d61ec7beb5e,0.1,0.9,52.40300584732972,0.0003967819986690455,0.0,0,2560,FROZEN_K10_NEIGHBOURS_PLUS_FROZEN_K10_MATCHED_RANDOM_EDGES,PERSISTENT_OPERATIONAL_NEAR_COLLISION_EVIDENCE,EVALUABLE,EXPLORATORY_CONSUMED_DIAGNOSTIC_ONLY
U0_MS,viscosity_laplacian_acceleration,LINEAGE,HMSO01R_A|FIELD_LINEAGE|6ad90de4847db7d34a3540ed573a050180b363be817d3503c19045b1a2f0ed3c,0.1,0.9,52.40300584732972,0.0003967819986690455,0.0,0,5120,FROZEN_K10_NEIGHBOURS_PLUS_FROZEN_K10_MATCHED_RANDOM_EDGES,PERSISTENT_OPERATIONAL_NEAR_COLLISION_EVIDENCE,EVALUABLE,EXPLORATORY_CONSUMED_DIAGNOSTIC_ONLY
U0_MS,viscosity_laplacian_acceleration,LINEAGE,HMSO01R_A|FIELD_LINEAGE|6af5032f0b166e8e3ff27ce0b5fdfb49cda87c61afe66a4eb6eb807e625daf8a,0.1,0.9,52.40300584732972,0.0003967819986690455,0.0,0,2560,FROZEN_K10_NEIGHBOURS_PLUS_FROZEN_K10_MATCHED_RANDOM_EDGES,PERSISTENT_OPERATIONAL_NEAR_COLLISION_EVIDENCE,EVALUABLE,EXPLORATORY_CONSUMED_DIAGNOSTIC_ONLY
U0_MS,viscosity_laplacian_acceleration,LINEAGE,HMSO01R_A|FIELD_LINEAGE|6d1fc2b84d6da564ae936d907e04365ad5b63a9377b77c1faa05d68a9fe06d3c,0.1,0.9,52.40300584732972,0.0003967819986690455,0.0,0,2560,FROZEN_K10_NEIGHBOURS_PLUS_FROZEN_K10_MATCHED_RANDOM_EDGES,PERSISTENT_OPERATIONAL_NEAR_COLLISION_EVIDENCE,EVALUABLE,EXPLORATORY_CONSUMED_DIAGNOSTIC_ONLY
U0_MS,viscosity_laplacian_acceleration,LINEAGE,HMSO01R_A|FIELD_LINEAGE|6d4353b03da9874056ea6f087e4493dcb629a7b8bd4a1eabce0a6b1b20255b6c,0.1,0.9,52.40300584732972,0.0003967819986690455,0.0,0,2560,FROZEN_K10_NEIGHBOURS_PLUS_FROZEN_K10_MATCHED_RANDOM_EDGES,PERSISTENT_OPERATIONAL_NEAR_COLLISION_EVIDENCE,EVALUABLE,EXPLORATORY_CONSUMED_DIAGNOSTIC_ONLY
U0_MS,viscosity_laplacian_acceleration,LINEAGE,HMSO01R_A|FIELD_LINEAGE|70dd50135b0ce37b393c6eae858eae2988f95a40a860753345e473ce01dd9d91,0.1,0.9,52.40300584732972,0.0003967819986690455,0.0,0,2560,FROZEN_K10_NEIGHBOURS_PLUS_FROZEN_K10_MATCHED_RANDOM_EDGES,PERSISTENT_OPERATIONAL_NEAR_COLLISION_EVIDENCE,EVALUABLE,EXPLORATORY_CONSUMED_DIAGNOSTIC_ONLY
U0_MS,viscosity_laplacian_acceleration,LINEAGE,HMSO01R_A|FIELD_LINEAGE|724fd3a44cb8ec4985e45f721837e7f4eeea1666b35a166345e025918455e304,0.1,0.9,52.40300584732972,0.0003967819986690455,0.0,0,2560,FROZEN_K10_NEIGHBOURS_PLUS_FROZEN_K10_MATCHED_RANDOM_EDGES,PERSISTENT_OPERATIONAL_NEAR_COLLISION_EVIDENCE,EVALUABLE,EXPLORATORY_CONSUMED_DIAGNOSTIC_ONLY
U0_MS,viscosity_laplacian_acceleration,LINEAGE,HMSO01R_A|FIELD_LINEAGE|72bbc35959df916eca72e8fb7e723c361c09592753187c3754f344aae218c230,0.1,0.9,52.40300584732972,0.0003967819986690455,0.0,0,2560,FROZEN_K10_NEIGHBOURS_PLUS_FROZEN_K10_MATCHED_RANDOM_EDGES,PERSISTENT_OPERATIONAL_NEAR_COLLISION_EVIDENCE,EVALUABLE,EXPLORATORY_CONSUMED_DIAGNOSTIC_ONLY
U0_MS,viscosity_laplacian_acceleration,LINEAGE,HMSO01R_A|FIELD_LINEAGE|73f5ee97e40c47c1aa5579bcf72cf190dfaf3aad2886cc887f3295530388016c,0.1,0.9,52.40300584732972,0.0003967819986690455,0.0,0,2560,FROZEN_K10_NEIGHBOURS_PLUS_FROZEN_K10_MATCHED_RANDOM_EDGES,PERSISTENT_OPERATIONAL_NEAR_COLLISION_EVIDENCE,EVALUABLE,EXPLORATORY_CONSUMED_DIAGNOSTIC_ONLY
U0_MS,viscosity_laplacian_acceleration,LINEAGE,HMSO01R_A|FIELD_LINEAGE|75819144781d043ebbeb8c2d3fbfa9139c47542df53315ab71a80a7addb49109,0.1,0.9,52.40300584732972,0.0003967819986690455,0.0,0,2560,FROZEN_K10_NEIGHBOURS_PLUS_FROZEN_K10_MATCHED_RANDOM_EDGES,PERSISTENT_OPERATIONAL_NEAR_COLLISION_EVIDENCE,EVALUABLE,EXPLORATORY_CONSUMED_DIAGNOSTIC_ONLY
U0_MS,viscosity_laplacian_acceleration,LINEAGE,HMSO01R_A|FIELD_LINEAGE|7583af7a3fd0bfbef70db28fd30d8a1112bd000451f8c0ebdcd0eabb3acf22a1,0.1,0.9,52.40300584732972,0.0003967819986690455,0.0,0,2560,FROZEN_K10_NEIGHBOURS_PLUS_FROZEN_K10_MATCHED_RANDOM_EDGES,PERSISTENT_OPERATIONAL_NEAR_COLLISION_EVIDENCE,EVALUABLE,EXPLORATORY_CONSUMED_DIAGNOSTIC_ONLY
U0_MS,viscosity_laplacian_acceleration,LINEAGE,HMSO01R_A|FIELD_LINEAGE|788bb18808dd1be8d0fa3d7caafb9ed17441fce457a419d2bbaf861831d83a81,0.1,0.9,52.40300584732972,0.0003967819986690455,0.0,0,2560,FROZEN_K10_NEIGHBOURS_PLUS_FROZEN_K10_MATCHED_RANDOM_EDGES,PERSISTENT_OPERATIONAL_NEAR_COLLISION_EVIDENCE,EVALUABLE,EXPLORATORY_CONSUMED_DIAGNOSTIC_ONLY
U0_MS,viscosity_laplacian_acceleration,LINEAGE,HMSO01R_A|FIELD_LINEAGE|7a0ba19f2cf324db5922acc61291c51f82b574717f73f269f12eae7bcc99ab35,0.1,0.9,52.40300584732972,0.0003967819986690455,0.0,0,2560,FROZEN_K10_NEIGHBOURS_PLUS_FROZEN_K10_MATCHED_RANDOM_EDGES,PERSISTENT_OPERATIONAL_NEAR_COLLISION_EVIDENCE,EVALUABLE,EXPLORATORY_CONSUMED_DIAGNOSTIC_ONLY
U0_MS,viscosity_laplacian_acceleration,LINEAGE,HMSO01R_A|FIELD_LINEAGE|7a40ff07646995058d8981271562dfa4f2cc77b96f79dba59c7ae90f96586134,0.1,0.9,52.40300584732972,0.0003967819986690455,0.0,0,30720,FROZEN_K10_NEIGHBOURS_PLUS_FROZEN_K10_MATCHED_RANDOM_EDGES,PERSISTENT_OPERATIONAL_NEAR_COLLISION_EVIDENCE,EVALUABLE,EXPLORATORY_CONSUMED_DIAGNOSTIC_ONLY
U0_MS,viscosity_laplacian_acceleration,LINEAGE,HMSO01R_A|FIELD_LINEAGE|7a536ab09e10cdf42c9afdd1f0f02ad4a5141ab50a8f50eb0b247ee08a4c67c0,0.1,0.9,52.40300584732972,0.0003967819986690455,0.0,0,2560,FROZEN_K10_NEIGHBOURS_PLUS_FROZEN_K10_MATCHED_RANDOM_EDGES,PERSISTENT_OPERATIONAL_NEAR_COLLISION_EVIDENCE,EVALUABLE,EXPLORATORY_CONSUMED_DIAGNOSTIC_ONLY
U0_MS,viscosity_laplacian_acceleration,LINEAGE,HMSO01R_A|FIELD_LINEAGE|7b060c06cca73ad49fc21e32e1688bcbe34e5745a78029b452cbacf697a204be,0.1,0.9,52.40300584732972,0.0003967819986690455,0.0,0,2560,FROZEN_K10_NEIGHBOURS_PLUS_FROZEN_K10_MATCHED_RANDOM_EDGES,PERSISTENT_OPERATIONAL_NEAR_COLLISION_EVIDENCE,EVALUABLE,EXPLORATORY_CONSUMED_DIAGNOSTIC_ONLY
U0_MS,viscosity_laplacian_acceleration,LINEAGE,HMSO01R_A|FIELD_LINEAGE|7be8c21ecd7eaebf293b54b94f1920e19f00da5d0e416aaa8f7c69137970c399,0.1,0.9,52.40300584732972,0.0003967819986690455,0.0,0,2560,FROZEN_K10_NEIGHBOURS_PLUS_FROZEN_K10_MATCHED_RANDOM_EDGES,PERSISTENT_OPERATIONAL_NEAR_COLLISION_EVIDENCE,EVALUABLE,EXPLORATORY_CONSUMED_DIAGNOSTIC_ONLY
U0_MS,viscosity_laplacian_acceleration,LINEAGE,HMSO01R_A|FIELD_LINEAGE|7c009b8ab0dfadca9095462a890aab36eac46b48a3c131f7a908a8d37a21f707,0.1,0.9,52.40300584732972,0.0003967819986690455,0.0,0,2560,FROZEN_K10_NEIGHBOURS_PLUS_FROZEN_K10_MATCHED_RANDOM_EDGES,PERSISTENT_OPERATIONAL_NEAR_COLLISION_EVIDENCE,EVALUABLE,EXPLORATORY_CONSUMED_DIAGNOSTIC_ONLY
U0_MS,viscosity_laplacian_acceleration,LINEAGE,HMSO01R_A|FIELD_LINEAGE|7cb12f064a9c8069fd15f2a86fa0ddd017328ca5cc4b0fc515bbfbdd4c6e6858,0.1,0.9,52.40300584732972,0.0003967819986690455,0.0,0,5120,FROZEN_K10_NEIGHBOURS_PLUS_FROZEN_K10_MATCHED_RANDOM_EDGES,PERSISTENT_OPERATIONAL_NEAR_COLLISION_EVIDENCE,EVALUABLE,EXPLORATORY_CONSUMED_DIAGNOSTIC_ONLY
U0_MS,viscosity_laplacian_acceleration,LINEAGE,HMSO01R_A|FIELD_LINEAGE|7f5e5896e83ee81bc858adc8fff5befe2b2c76e1183ff21435261a6621560b2c,0.1,0.9,52.40300584732972,0.0003967819986690455,0.0,0,5120,FROZEN_K10_NEIGHBOURS_PLUS_FROZEN_K10_MATCHED_RANDOM_EDGES,PERSISTENT_OPERATIONAL_NEAR_COLLISION_EVIDENCE,EVALUABLE,EXPLORATORY_CONSUMED_DIAGNOSTIC_ONLY
U0_MS,viscosity_laplacian_acceleration,LINEAGE,HMSO01R_A|FIELD_LINEAGE|7fcdfe3b32b571e4d4b1a4e7c1702d5dffaf41926d62628c6a434d692409d901,0.1,0.9,52.40300584732972,0.0003967819986690455,0.0,0,2560,FROZEN_K10_NEIGHBOURS_PLUS_FROZEN_K10_MATCHED_RANDOM_EDGES,PERSISTENT_OPERATIONAL_NEAR_COLLISION_EVIDENCE,EVALUABLE,EXPLORATORY_CONSUMED_DIAGNOSTIC_ONLY
U0_MS,viscosity_laplacian_acceleration,LINEAGE,HMSO01R_A|FIELD_LINEAGE|7fd6bba4cc2991027e04cc510555a1b3e651423143c79ecd367c197fbfdf8786,0.1,0.9,52.40300584732972,0.0003967819986690455,0.0,0,2560,FROZEN_K10_NEIGHBOURS_PLUS_FROZEN_K10_MATCHED_RANDOM_EDGES,PERSISTENT_OPERATIONAL_NEAR_COLLISION_EVIDENCE,EVALUABLE,EXPLORATORY_CONSUMED_DIAGNOSTIC_ONLY
U0_MS,viscosity_laplacian_acceleration,LINEAGE,HMSO01R_A|FIELD_LINEAGE|7fd9257249644666dfcbc65ef0f9aa8090d87f1c93f77579cc137a1fc016a884,0.1,0.9,52.40300584732972,0.0003967819986690455,0.0,0,5120,FROZEN_K10_NEIGHBOURS_PLUS_FROZEN_K10_MATCHED_RANDOM_EDGES,PERSISTENT_OPERATIONAL_NEAR_COLLISION_EVIDENCE,EVALUABLE,EXPLORATORY_CONSUMED_DIAGNOSTIC_ONLY
U0_MS,viscosity_laplacian_acceleration,LINEAGE,HMSO01R_A|FIELD_LINEAGE|81c7292472bf739bf28836ff17c69dda49199278b75cd9c66130df6be7c143fb,0.1,0.9,52.40300584732972,0.0003967819986690455,0.0,0,5120,FROZEN_K10_NEIGHBOURS_PLUS_FROZEN_K10_MATCHED_RANDOM_EDGES,PERSISTENT_OPERATIONAL_NEAR_COLLISION_EVIDENCE,EVALUABLE,EXPLORATORY_CONSUMED_DIAGNOSTIC_ONLY
U0_MS,viscosity_laplacian_acceleration,LINEAGE,HMSO01R_A|FIELD_LINEAGE|8319212c9598ce2f7cd195e20de66435ffdb6ab6aeedf4d663d53cb3966ebc0a,0.1,0.9,52.40300584732972,0.0003967819986690455,0.0,0,2560,FROZEN_K10_NEIGHBOURS_PLUS_FROZEN_K10_MATCHED_RANDOM_EDGES,PERSISTENT_OPERATIONAL_NEAR_COLLISION_EVIDENCE,EVALUABLE,EXPLORATORY_CONSUMED_DIAGNOSTIC_ONLY
U0_MS,viscosity_laplacian_acceleration,LINEAGE,HMSO01R_A|FIELD_LINEAGE|83c68f311cba3e93368aeeec1e81f7eebc2d9d8bfb68a0ba32cbc3fe731f6155,0.1,0.9,52.40300584732972,0.0003967819986690455,0.0,0,5120,FROZEN_K10_NEIGHBOURS_PLUS_FROZEN_K10_MATCHED_RANDOM_EDGES,PERSISTENT_OPERATIONAL_NEAR_COLLISION_EVIDENCE,EVALUABLE,EXPLORATORY_CONSUMED_DIAGNOSTIC_ONLY
U0_MS,viscosity_laplacian_acceleration,LINEAGE,HMSO01R_A|FIELD_LINEAGE|8573999ac09da70da8d1802997d1dd1b2879d7ff239af35fb1a185a39cc1f420,0.1,0.9,52.40300584732972,0.0003967819986690455,0.0,0,7680,FROZEN_K10_NEIGHBOURS_PLUS_FROZEN_K10_MATCHED_RANDOM_EDGES,PERSISTENT_OPERATIONAL_NEAR_COLLISION_EVIDENCE,EVALUABLE,EXPLORATORY_CONSUMED_DIAGNOSTIC_ONLY
U0_MS,viscosity_laplacian_acceleration,LINEAGE,HMSO01R_A|FIELD_LINEAGE|86c895c14384dc9ce73736790948d3516d7de8be96dc834ec48d9a651e6b8e5e,0.1,0.9,52.40300584732972,0.0003967819986690455,0.0,0,2560,FROZEN_K10_NEIGHBOURS_PLUS_FROZEN_K10_MATCHED_RANDOM_EDGES,PERSISTENT_OPERATIONAL_NEAR_COLLISION_EVIDENCE,EVALUABLE,EXPLORATORY_CONSUMED_DIAGNOSTIC_ONLY
U0_MS,viscosity_laplacian_acceleration,LINEAGE,HMSO01R_A|FIELD_LINEAGE|86f4c153dee170c8ee8f47b2eb988fa25bcda8c9a7b6fd68a3d7256dc3af0a1f,0.1,0.9,52.40300584732972,0.0003967819986690455,0.0,0,2560,FROZEN_K10_NEIGHBOURS_PLUS_FROZEN_K10_MATCHED_RANDOM_EDGES,PERSISTENT_OPERATIONAL_NEAR_COLLISION_EVIDENCE,EVALUABLE,EXPLORATORY_CONSUMED_DIAGNOSTIC_ONLY
U0_MS,viscosity_laplacian_acceleration,LINEAGE,HMSO01R_A|FIELD_LINEAGE|87172e4156e9f066a6ea7ab3304062c939784ea4bd0f5f1cf466bbc2d6008cc6,0.1,0.9,52.40300584732972,0.0003967819986690455,0.0,0,5120,FROZEN_K10_NEIGHBOURS_PLUS_FROZEN_K10_MATCHED_RANDOM_EDGES,PERSISTENT_OPERATIONAL_NEAR_COLLISION_EVIDENCE,EVALUABLE,EXPLORATORY_CONSUMED_DIAGNOSTIC_ONLY
U0_MS,viscosity_laplacian_acceleration,LINEAGE,HMSO01R_A|FIELD_LINEAGE|8788043b5775de130eade6a54c5654805d8ed31cc68fcfa8928c3b7150abef48,0.1,0.9,52.40300584732972,0.0003967819986690455,0.0,0,2560,FROZEN_K10_NEIGHBOURS_PLUS_FROZEN_K10_MATCHED_RANDOM_EDGES,PERSISTENT_OPERATIONAL_NEAR_COLLISION_EVIDENCE,EVALUABLE,EXPLORATORY_CONSUMED_DIAGNOSTIC_ONLY
U0_MS,viscosity_laplacian_acceleration,LINEAGE,HMSO01R_A|FIELD_LINEAGE|88fd5f86ca9cc426c28ce681d06ea15f58c6c7889170fcda146bde128f6121e4,0.1,0.9,52.40300584732972,0.0003967819986690455,0.0,0,5120,FROZEN_K10_NEIGHBOURS_PLUS_FROZEN_K10_MATCHED_RANDOM_EDGES,PERSISTENT_OPERATIONAL_NEAR_COLLISION_EVIDENCE,EVALUABLE,EXPLORATORY_CONSUMED_DIAGNOSTIC_ONLY
U0_MS,viscosity_laplacian_acceleration,LINEAGE,HMSO01R_A|FIELD_LINEAGE|8a6dd2252f8c5f8f08c3ba5ae9cf89d97575348634ba471a1a84e7de612ac6f3,0.1,0.9,52.40300584732972,0.0003967819986690455,0.0,0,2560,FROZEN_K10_NEIGHBOURS_PLUS_FROZEN_K10_MATCHED_RANDOM_EDGES,PERSISTENT_OPERATIONAL_NEAR_COLLISION_EVIDENCE,EVALUABLE,EXPLORATORY_CONSUMED_DIAGNOSTIC_ONLY
U0_MS,viscosity_laplacian_acceleration,LINEAGE,HMSO01R_A|FIELD_LINEAGE|8af782533dccfef4a682f44ff365b7014ae448a56bd62c92877bbd37640adb31,0.1,0.9,52.40300584732972,0.0003967819986690455,0.0,0,30720,FROZEN_K10_NEIGHBOURS_PLUS_FROZEN_K10_MATCHED_RANDOM_EDGES,PERSISTENT_OPERATIONAL_NEAR_COLLISION_EVIDENCE,EVALUABLE,EXPLORATORY_CONSUMED_DIAGNOSTIC_ONLY
U0_MS,viscosity_laplacian_acceleration,LINEAGE,HMSO01R_A|FIELD_LINEAGE|8d1e4918227588e163eea87a946c88983d6e03486114766be90d0602757fb4c2,0.1,0.9,52.40300584732972,0.0003967819986690455,0.0,0,2560,FROZEN_K10_NEIGHBOURS_PLUS_FROZEN_K10_MATCHED_RANDOM_EDGES,PERSISTENT_OPERATIONAL_NEAR_COLLISION_EVIDENCE,EVALUABLE,EXPLORATORY_CONSUMED_DIAGNOSTIC_ONLY
U0_MS,viscosity_laplacian_acceleration,LINEAGE,HMSO01R_A|FIELD_LINEAGE|8e3408f57249bc00fdafb475f758686e9ee7a95dad97ecf63f9b3a27f383de5d,0.1,0.9,52.40300584732972,0.0003967819986690455,0.0,0,2560,FROZEN_K10_NEIGHBOURS_PLUS_FROZEN_K10_MATCHED_RANDOM_EDGES,PERSISTENT_OPERATIONAL_NEAR_COLLISION_EVIDENCE,EVALUABLE,EXPLORATORY_CONSUMED_DIAGNOSTIC_ONLY
U0_MS,viscosity_laplacian_acceleration,LINEAGE,HMSO01R_A|FIELD_LINEAGE|8e40e60ae6de8d393e4f96f7c0cdfd3570298138a8d1d44c6db1dc858b71a31e,0.1,0.9,52.40300584732972,0.0003967819986690455,0.0,0,5120,FROZEN_K10_NEIGHBOURS_PLUS_FROZEN_K10_MATCHED_RANDOM_EDGES,PERSISTENT_OPERATIONAL_NEAR_COLLISION_EVIDENCE,EVALUABLE,EXPLORATORY_CONSUMED_DIAGNOSTIC_ONLY
U0_MS,viscosity_laplacian_acceleration,LINEAGE,HMSO01R_A|FIELD_LINEAGE|8fbd2d8c6238dbc0e3f8ebbea9ee429eb1cbd0b7ebf5580cffb8e79372f4cf04,0.1,0.9,52.40300584732972,0.0003967819986690455,0.0,0,2560,FROZEN_K10_NEIGHBOURS_PLUS_FROZEN_K10_MATCHED_RANDOM_EDGES,PERSISTENT_OPERATIONAL_NEAR_COLLISION_EVIDENCE,EVALUABLE,EXPLORATORY_CONSUMED_DIAGNOSTIC_ONLY
U0_MS,viscosity_laplacian_acceleration,LINEAGE,HMSO01R_A|FIELD_LINEAGE|9035657b1a9729d4b57919992bee8d9ea960c2a587c8d3877d9c920d8fa2a77c,0.1,0.9,52.40300584732972,0.0003967819986690455,0.0,0,2560,FROZEN_K10_NEIGHBOURS_PLUS_FROZEN_K10_MATCHED_RANDOM_EDGES,PERSISTENT_OPERATIONAL_NEAR_COLLISION_EVIDENCE,EVALUABLE,EXPLORATORY_CONSUMED_DIAGNOSTIC_ONLY
U0_MS,viscosity_laplacian_acceleration,LINEAGE,HMSO01R_A|FIELD_LINEAGE|9239a350bed02b809dafe66125991e7de2c0c1c20b38f7689dc19527329619d6,0.1,0.9,52.40300584732972,0.0003967819986690455,0.0,0,2560,FROZEN_K10_NEIGHBOURS_PLUS_FROZEN_K10_MATCHED_RANDOM_EDGES,PERSISTENT_OPERATIONAL_NEAR_COLLISION_EVIDENCE,EVALUABLE,EXPLORATORY_CONSUMED_DIAGNOSTIC_ONLY
U0_MS,viscosity_laplacian_acceleration,LINEAGE,HMSO01R_A|FIELD_LINEAGE|9415b727187c332c72260d653b657bcbe590635140818a0978bae1e8dcd4568b,0.1,0.9,52.40300584732972,0.0003967819986690455,0.0,0,2560,FROZEN_K10_NEIGHBOURS_PLUS_FROZEN_K10_MATCHED_RANDOM_EDGES,PERSISTENT_OPERATIONAL_NEAR_COLLISION_EVIDENCE,EVALUABLE,EXPLORATORY_CONSUMED_DIAGNOSTIC_ONLY
U0_MS,viscosity_laplacian_acceleration,LINEAGE,HMSO01R_A|FIELD_LINEAGE|95873981d02cb2a4e333122aa57c7927c33fccc49c0b93590a6b549f6bec57f1,0.1,0.9,52.40300584732972,0.0003967819986690455,0.0,0,2560,FROZEN_K10_NEIGHBOURS_PLUS_FROZEN_K10_MATCHED_RANDOM_EDGES,PERSISTENT_OPERATIONAL_NEAR_COLLISION_EVIDENCE,EVALUABLE,EXPLORATORY_CONSUMED_DIAGNOSTIC_ONLY
U0_MS,viscosity_laplacian_acceleration,LINEAGE,HMSO01R_A|FIELD_LINEAGE|970bbd18dffee12c05308155c993436bfc58e77384e4967420f4e2e03156c88b,0.1,0.9,52.40300584732972,0.0003967819986690455,0.0,0,5120,FROZEN_K10_NEIGHBOURS_PLUS_FROZEN_K10_MATCHED_RANDOM_EDGES,PERSISTENT_OPERATIONAL_NEAR_COLLISION_EVIDENCE,EVALUABLE,EXPLORATORY_CONSUMED_DIAGNOSTIC_ONLY
U0_MS,viscosity_laplacian_acceleration,LINEAGE,HMSO01R_A|FIELD_LINEAGE|97c8122849aa3cb13b599389c011f78352d49decd5677988d0a2a6da7c39f700,0.1,0.9,52.40300584732972,0.0003967819986690455,0.0,0,5120,FROZEN_K10_NEIGHBOURS_PLUS_FROZEN_K10_MATCHED_RANDOM_EDGES,PERSISTENT_OPERATIONAL_NEAR_COLLISION_EVIDENCE,EVALUABLE,EXPLORATORY_CONSUMED_DIAGNOSTIC_ONLY
U0_MS,viscosity_laplacian_acceleration,LINEAGE,HMSO01R_A|FIELD_LINEAGE|97fbdfbd64658c72d9a31f61eea2acf4543cf9ba5532a2ed052d1358412ef553,0.1,0.9,52.40300584732972,0.0003967819986690455,0.0,0,2560,FROZEN_K10_NEIGHBOURS_PLUS_FROZEN_K10_MATCHED_RANDOM_EDGES,PERSISTENT_OPERATIONAL_NEAR_COLLISION_EVIDENCE,EVALUABLE,EXPLORATORY_CONSUMED_DIAGNOSTIC_ONLY
U0_MS,viscosity_laplacian_acceleration,LINEAGE,HMSO01R_A|FIELD_LINEAGE|98ef721075a1ebd7c92edcbcf7747aac6c3d77c4f9c29f15e5d83577ad6d7f6b,0.1,0.9,52.40300584732972,0.0003967819986690455,0.0,0,2560,FROZEN_K10_NEIGHBOURS_PLUS_FROZEN_K10_MATCHED_RANDOM_EDGES,PERSISTENT_OPERATIONAL_NEAR_COLLISION_EVIDENCE,EVALUABLE,EXPLORATORY_CONSUMED_DIAGNOSTIC_ONLY
U0_MS,viscosity_laplacian_acceleration,LINEAGE,HMSO01R_A|FIELD_LINEAGE|99c13161db8958c19a30a96b96a6940cece539d1c84e808e21dfa37710ec6894,0.1,0.9,52.40300584732972,0.0003967819986690455,0.0,0,5120,FROZEN_K10_NEIGHBOURS_PLUS_FROZEN_K10_MATCHED_RANDOM_EDGES,PERSISTENT_OPERATIONAL_NEAR_COLLISION_EVIDENCE,EVALUABLE,EXPLORATORY_CONSUMED_DIAGNOSTIC_ONLY
U0_MS,viscosity_laplacian_acceleration,LINEAGE,HMSO01R_A|FIELD_LINEAGE|9a24c02f87d28fecb69b79ddff22c8eb176badf445e6b5b8234aa2a46b73c349,0.1,0.9,52.40300584732972,0.0003967819986690455,0.0,0,2560,FROZEN_K10_NEIGHBOURS_PLUS_FROZEN_K10_MATCHED_RANDOM_EDGES,PERSISTENT_OPERATIONAL_NEAR_COLLISION_EVIDENCE,EVALUABLE,EXPLORATORY_CONSUMED_DIAGNOSTIC_ONLY
U0_MS,viscosity_laplacian_acceleration,LINEAGE,HMSO01R_A|FIELD_LINEAGE|9aaa52aa8afb4f9adfe0d0e7ddb5e3e8101852fdd6ef0a635cf3875b473d16a7,0.1,0.9,52.40300584732972,0.0003967819986690455,0.0,0,2560,FROZEN_K10_NEIGHBOURS_PLUS_FROZEN_K10_MATCHED_RANDOM_EDGES,PERSISTENT_OPERATIONAL_NEAR_COLLISION_EVIDENCE,EVALUABLE,EXPLORATORY_CONSUMED_DIAGNOSTIC_ONLY
U0_MS,viscosity_laplacian_acceleration,LINEAGE,HMSO01R_A|FIELD_LINEAGE|9c004dbe18905f4181f1a701e81649fc67e98b969674994e8f64827f6fb4c765,0.1,0.9,52.40300584732972,0.0003967819986690455,0.0,0,5120,FROZEN_K10_NEIGHBOURS_PLUS_FROZEN_K10_MATCHED_RANDOM_EDGES,PERSISTENT_OPERATIONAL_NEAR_COLLISION_EVIDENCE,EVALUABLE,EXPLORATORY_CONSUMED_DIAGNOSTIC_ONLY
U0_MS,viscosity_laplacian_acceleration,LINEAGE,HMSO01R_A|FIELD_LINEAGE|9c5f7b50a01e8dafcf4be2d7df61fd0da86b2229fe32286852ed3ad88cce82f1,0.1,0.9,52.40300584732972,0.0003967819986690455,0.0,0,2560,FROZEN_K10_NEIGHBOURS_PLUS_FROZEN_K10_MATCHED_RANDOM_EDGES,PERSISTENT_OPERATIONAL_NEAR_COLLISION_EVIDENCE,EVALUABLE,EXPLORATORY_CONSUMED_DIAGNOSTIC_ONLY
U0_MS,viscosity_laplacian_acceleration,LINEAGE,HMSO01R_A|FIELD_LINEAGE|9f471cc2328d66ccf0ca43f62bf5e261a867f85eeac6edc5a472072ca388bff6,0.1,0.9,52.40300584732972,0.0003967819986690455,0.0,0,5120,FROZEN_K10_NEIGHBOURS_PLUS_FROZEN_K10_MATCHED_RANDOM_EDGES,PERSISTENT_OPERATIONAL_NEAR_COLLISION_EVIDENCE,EVALUABLE,EXPLORATORY_CONSUMED_DIAGNOSTIC_ONLY
U0_MS,viscosity_laplacian_acceleration,LINEAGE,HMSO01R_A|FIELD_LINEAGE|9ff02fac76e3803bb8391cba4035dfa7a72d5220975092d818302f10f07c08e9,0.1,0.9,52.40300584732972,0.0003967819986690455,0.0,0,2560,FROZEN_K10_NEIGHBOURS_PLUS_FROZEN_K10_MATCHED_RANDOM_EDGES,PERSISTENT_OPERATIONAL_NEAR_COLLISION_EVIDENCE,EVALUABLE,EXPLORATORY_CONSUMED_DIAGNOSTIC_ONLY
U0_MS,viscosity_laplacian_acceleration,LINEAGE,HMSO01R_A|FIELD_LINEAGE|a1c0a919ad122615714cbb9f6b50981061d4f68fe06b618c4cd2688f52f12391,0.1,0.9,52.40300584732972,0.0003967819986690455,0.0,0,2560,FROZEN_K10_NEIGHBOURS_PLUS_FROZEN_K10_MATCHED_RANDOM_EDGES,PERSISTENT_OPERATIONAL_NEAR_COLLISION_EVIDENCE,EVALUABLE,EXPLORATORY_CONSUMED_DIAGNOSTIC_ONLY
U0_MS,viscosity_laplacian_acceleration,LINEAGE,HMSO01R_A|FIELD_LINEAGE|a2187a6938903010b61ee85d06f597d4029728ee0de5541c03daf2ed126b189e,0.1,0.9,52.40300584732972,0.0003967819986690455,0.0,0,5120,FROZEN_K10_NEIGHBOURS_PLUS_FROZEN_K10_MATCHED_RANDOM_EDGES,PERSISTENT_OPERATIONAL_NEAR_COLLISION_EVIDENCE,EVALUABLE,EXPLORATORY_CONSUMED_DIAGNOSTIC_ONLY
U0_MS,viscosity_laplacian_acceleration,LINEAGE,HMSO01R_A|FIELD_LINEAGE|a2bcc80ca3b9ebb8f54401e7b09de472e9adbce971c85048bd40ce15be44ea6a,0.1,0.9,52.40300584732972,0.0003967819986690455,0.0,0,2560,FROZEN_K10_NEIGHBOURS_PLUS_FROZEN_K10_MATCHED_RANDOM_EDGES,PERSISTENT_OPERATIONAL_NEAR_COLLISION_EVIDENCE,EVALUABLE,EXPLORATORY_CONSUMED_DIAGNOSTIC_ONLY
U0_MS,viscosity_laplacian_acceleration,LINEAGE,HMSO01R_A|FIELD_LINEAGE|a3f750d8c1551c6ecf78f876fab114a3481105b16656dddc657ee8cfb50fd48b,0.1,0.9,52.40300584732972,0.0003967819986690455,0.0,0,5120,FROZEN_K10_NEIGHBOURS_PLUS_FROZEN_K10_MATCHED_RANDOM_EDGES,PERSISTENT_OPERATIONAL_NEAR_COLLISION_EVIDENCE,EVALUABLE,EXPLORATORY_CONSUMED_DIAGNOSTIC_ONLY
U0_MS,viscosity_laplacian_acceleration,LINEAGE,HMSO01R_A|FIELD_LINEAGE|a594f1a43c118c7761d223f6f34e42847c31c67fc6b06838b968dcc65b6c3356,0.1,0.9,52.40300584732972,0.0003967819986690455,0.0,0,2560,FROZEN_K10_NEIGHBOURS_PLUS_FROZEN_K10_MATCHED_RANDOM_EDGES,PERSISTENT_OPERATIONAL_NEAR_COLLISION_EVIDENCE,EVALUABLE,EXPLORATORY_CONSUMED_DIAGNOSTIC_ONLY
U0_MS,viscosity_laplacian_acceleration,LINEAGE,HMSO01R_A|FIELD_LINEAGE|a7458b96c9ce1c60bf3ea9d352424b7dd251e22480db263be2c5716c65dc6939,0.1,0.9,52.40300584732972,0.0003967819986690455,0.0,0,5120,FROZEN_K10_NEIGHBOURS_PLUS_FROZEN_K10_MATCHED_RANDOM_EDGES,PERSISTENT_OPERATIONAL_NEAR_COLLISION_EVIDENCE,EVALUABLE,EXPLORATORY_CONSUMED_DIAGNOSTIC_ONLY
U0_MS,viscosity_laplacian_acceleration,LINEAGE,HMSO01R_A|FIELD_LINEAGE|a97cf87a717a68b745e28078c021ba65c881711a1cd171188bc4affd3a1b5795,0.1,0.9,52.40300584732972,0.0003967819986690455,0.0,0,5120,FROZEN_K10_NEIGHBOURS_PLUS_FROZEN_K10_MATCHED_RANDOM_EDGES,PERSISTENT_OPERATIONAL_NEAR_COLLISION_EVIDENCE,EVALUABLE,EXPLORATORY_CONSUMED_DIAGNOSTIC_ONLY
U0_MS,viscosity_laplacian_acceleration,LINEAGE,HMSO01R_A|FIELD_LINEAGE|ad302a05132d9f111349ae57a7badd9ffd336cce6f517d6dda76a6f130659828,0.1,0.9,52.40300584732972,0.0003967819986690455,0.0,0,2560,FROZEN_K10_NEIGHBOURS_PLUS_FROZEN_K10_MATCHED_RANDOM_EDGES,PERSISTENT_OPERATIONAL_NEAR_COLLISION_EVIDENCE,EVALUABLE,EXPLORATORY_CONSUMED_DIAGNOSTIC_ONLY
U0_MS,viscosity_laplacian_acceleration,LINEAGE,HMSO01R_A|FIELD_LINEAGE|adcf8aaea780832e88b7b6b779fb3ef2ecab338dd7379ac8654e7aabdcee4b4f,0.1,0.9,52.40300584732972,0.0003967819986690455,0.0,0,5120,FROZEN_K10_NEIGHBOURS_PLUS_FROZEN_K10_MATCHED_RANDOM_EDGES,PERSISTENT_OPERATIONAL_NEAR_COLLISION_EVIDENCE,EVALUABLE,EXPLORATORY_CONSUMED_DIAGNOSTIC_ONLY
U0_MS,viscosity_laplacian_acceleration,LINEAGE,HMSO01R_A|FIELD_LINEAGE|b0c6a47a41827791b3e03b32c3cfc7642f7c46055e5fbdc618a902dd60890cc0,0.1,0.9,52.40300584732972,0.0003967819986690455,0.0,0,2560,FROZEN_K10_NEIGHBOURS_PLUS_FROZEN_K10_MATCHED_RANDOM_EDGES,PERSISTENT_OPERATIONAL_NEAR_COLLISION_EVIDENCE,EVALUABLE,EXPLORATORY_CONSUMED_DIAGNOSTIC_ONLY
U0_MS,viscosity_laplacian_acceleration,LINEAGE,HMSO01R_A|FIELD_LINEAGE|b1b50b97bc0f473e266ef9eb8a1e2e2edee23dadabeb0645af363d822d4db947,0.1,0.9,52.40300584732972,0.0003967819986690455,0.0,0,2560,FROZEN_K10_NEIGHBOURS_PLUS_FROZEN_K10_MATCHED_RANDOM_EDGES,PERSISTENT_OPERATIONAL_NEAR_COLLISION_EVIDENCE,EVALUABLE,EXPLORATORY_CONSUMED_DIAGNOSTIC_ONLY
U0_MS,viscosity_laplacian_acceleration,LINEAGE,HMSO01R_A|FIELD_LINEAGE|b1c696b82fff7183ba4fc0ae8ce4363fcd56ada1cc6ffa171713dda9524816e8,0.1,0.9,52.40300584732972,0.0003967819986690455,0.0,0,5120,FROZEN_K10_NEIGHBOURS_PLUS_FROZEN_K10_MATCHED_RANDOM_EDGES,PERSISTENT_OPERATIONAL_NEAR_COLLISION_EVIDENCE,EVALUABLE,EXPLORATORY_CONSUMED_DIAGNOSTIC_ONLY
U0_MS,viscosity_laplacian_acceleration,LINEAGE,HMSO01R_A|FIELD_LINEAGE|b2211d9018dde472457c7d9570d8b744ae480cbc84526fced16d30cb565fdb61,0.1,0.9,52.40300584732972,0.0003967819986690455,0.0,0,2560,FROZEN_K10_NEIGHBOURS_PLUS_FROZEN_K10_MATCHED_RANDOM_EDGES,PERSISTENT_OPERATIONAL_NEAR_COLLISION_EVIDENCE,EVALUABLE,EXPLORATORY_CONSUMED_DIAGNOSTIC_ONLY
U0_MS,viscosity_laplacian_acceleration,LINEAGE,HMSO01R_A|FIELD_LINEAGE|b31d5c3484f2394d06a11f5ae52600d61d7c303637147b70dbb1edd7e25e93c9,0.1,0.9,52.40300584732972,0.0003967819986690455,0.0,0,2560,FROZEN_K10_NEIGHBOURS_PLUS_FROZEN_K10_MATCHED_RANDOM_EDGES,PERSISTENT_OPERATIONAL_NEAR_COLLISION_EVIDENCE,EVALUABLE,EXPLORATORY_CONSUMED_DIAGNOSTIC_ONLY
U0_MS,viscosity_laplacian_acceleration,LINEAGE,HMSO01R_A|FIELD_LINEAGE|b40ef25bd445f58063f7eecbd118e28fcd5b9c8ea0b1803b18c885057e29107f,0.1,0.9,52.40300584732972,0.0003967819986690455,0.0,0,2560,FROZEN_K10_NEIGHBOURS_PLUS_FROZEN_K10_MATCHED_RANDOM_EDGES,PERSISTENT_OPERATIONAL_NEAR_COLLISION_EVIDENCE,EVALUABLE,EXPLORATORY_CONSUMED_DIAGNOSTIC_ONLY
U0_MS,viscosity_laplacian_acceleration,LINEAGE,HMSO01R_A|FIELD_LINEAGE|b49a6f081c09f4e4bff79a7f0fc0a282131ed3252c520eb6637fbf7ad615c6bd,0.1,0.9,52.40300584732972,0.0003967819986690455,0.0,0,2560,FROZEN_K10_NEIGHBOURS_PLUS_FROZEN_K10_MATCHED_RANDOM_EDGES,PERSISTENT_OPERATIONAL_NEAR_COLLISION_EVIDENCE,EVALUABLE,EXPLORATORY_CONSUMED_DIAGNOSTIC_ONLY
U0_MS,viscosity_laplacian_acceleration,LINEAGE,HMSO01R_A|FIELD_LINEAGE|b7c6344fafcff3e1128b30252e587c19386316434538ac595af9870864bff2e9,0.1,0.9,52.40300584732972,0.0003967819986690455,0.0,0,2560,FROZEN_K10_NEIGHBOURS_PLUS_FROZEN_K10_MATCHED_RANDOM_EDGES,PERSISTENT_OPERATIONAL_NEAR_COLLISION_EVIDENCE,EVALUABLE,EXPLORATORY_CONSUMED_DIAGNOSTIC_ONLY
U0_MS,viscosity_laplacian_acceleration,LINEAGE,HMSO01R_A|FIELD_LINEAGE|b914e9e8b47652c007a545bd9a5f60dbdaba2b957df3f42cdec4c8edb98e6d53,0.1,0.9,52.40300584732972,0.0003967819986690455,0.0,0,5120,FROZEN_K10_NEIGHBOURS_PLUS_FROZEN_K10_MATCHED_RANDOM_EDGES,PERSISTENT_OPERATIONAL_NEAR_COLLISION_EVIDENCE,EVALUABLE,EXPLORATORY_CONSUMED_DIAGNOSTIC_ONLY
U0_MS,viscosity_laplacian_acceleration,LINEAGE,HMSO01R_A|FIELD_LINEAGE|bb92dd92e9632ccd3901d1e2e79aab63ab0910a576b08c41f27a140edcf99b56,0.1,0.9,52.40300584732972,0.0003967819986690455,0.0,0,2560,FROZEN_K10_NEIGHBOURS_PLUS_FROZEN_K10_MATCHED_RANDOM_EDGES,PERSISTENT_OPERATIONAL_NEAR_COLLISION_EVIDENCE,EVALUABLE,EXPLORATORY_CONSUMED_DIAGNOSTIC_ONLY
U0_MS,viscosity_laplacian_acceleration,LINEAGE,HMSO01R_A|FIELD_LINEAGE|bd0a319ae5e310c35bfeaafdbd8220147f595c77c4d665773530796c1f3b9b59,0.1,0.9,52.40300584732972,0.0003967819986690455,0.0,0,2560,FROZEN_K10_NEIGHBOURS_PLUS_FROZEN_K10_MATCHED_RANDOM_EDGES,PERSISTENT_OPERATIONAL_NEAR_COLLISION_EVIDENCE,EVALUABLE,EXPLORATORY_CONSUMED_DIAGNOSTIC_ONLY
U0_MS,viscosity_laplacian_acceleration,LINEAGE,HMSO01R_A|FIELD_LINEAGE|be9a8927a3f7361841f3e523395e00d4ebcd734040aebfe38006ae7fda2437fd,0.1,0.9,52.40300584732972,0.0003967819986690455,0.0,0,2560,FROZEN_K10_NEIGHBOURS_PLUS_FROZEN_K10_MATCHED_RANDOM_EDGES,PERSISTENT_OPERATIONAL_NEAR_COLLISION_EVIDENCE,EVALUABLE,EXPLORATORY_CONSUMED_DIAGNOSTIC_ONLY
U0_MS,viscosity_laplacian_acceleration,LINEAGE,HMSO01R_A|FIELD_LINEAGE|bf32023450080971c5fdfb56d7a260838d7b8e02917a4118c4ed0b4a49c6c14a,0.1,0.9,52.40300584732972,0.0003967819986690455,0.0,0,5120,FROZEN_K10_NEIGHBOURS_PLUS_FROZEN_K10_MATCHED_RANDOM_EDGES,PERSISTENT_OPERATIONAL_NEAR_COLLISION_EVIDENCE,EVALUABLE,EXPLORATORY_CONSUMED_DIAGNOSTIC_ONLY
U0_MS,viscosity_laplacian_acceleration,LINEAGE,HMSO01R_A|FIELD_LINEAGE|c26b5ad7fee192c3863a9362bb1782ac10409a155024388ef9dea9120f9c3662,0.1,0.9,52.40300584732972,0.0003967819986690455,0.0,0,2560,FROZEN_K10_NEIGHBOURS_PLUS_FROZEN_K10_MATCHED_RANDOM_EDGES,PERSISTENT_OPERATIONAL_NEAR_COLLISION_EVIDENCE,EVALUABLE,EXPLORATORY_CONSUMED_DIAGNOSTIC_ONLY
U0_MS,viscosity_laplacian_acceleration,LINEAGE,HMSO01R_A|FIELD_LINEAGE|c2759d4a0108475d88af3dd58a918080f77e42a77ac5a686ce9a650a1d522183,0.1,0.9,52.40300584732972,0.0003967819986690455,0.0,0,2560,FROZEN_K10_NEIGHBOURS_PLUS_FROZEN_K10_MATCHED_RANDOM_EDGES,PERSISTENT_OPERATIONAL_NEAR_COLLISION_EVIDENCE,EVALUABLE,EXPLORATORY_CONSUMED_DIAGNOSTIC_ONLY
U0_MS,viscosity_laplacian_acceleration,LINEAGE,HMSO01R_A|FIELD_LINEAGE|c34a55057cd1e579919fb09acb5db221d75ae96164f74060b78863318f65371c,0.1,0.9,52.40300584732972,0.0003967819986690455,0.0,0,2560,FROZEN_K10_NEIGHBOURS_PLUS_FROZEN_K10_MATCHED_RANDOM_EDGES,PERSISTENT_OPERATIONAL_NEAR_COLLISION_EVIDENCE,EVALUABLE,EXPLORATORY_CONSUMED_DIAGNOSTIC_ONLY
U0_MS,viscosity_laplacian_acceleration,LINEAGE,HMSO01R_A|FIELD_LINEAGE|c3a574c6618599692f4195c9d1a59189286c1fc26ae852d26723565b0428d983,0.1,0.9,52.40300584732972,0.0003967819986690455,0.0,0,2560,FROZEN_K10_NEIGHBOURS_PLUS_FROZEN_K10_MATCHED_RANDOM_EDGES,PERSISTENT_OPERATIONAL_NEAR_COLLISION_EVIDENCE,EVALUABLE,EXPLORATORY_CONSUMED_DIAGNOSTIC_ONLY
U0_MS,viscosity_laplacian_acceleration,LINEAGE,HMSO01R_A|FIELD_LINEAGE|c54c1448df9c13b6658cb41b2c187b93be0f6db94293a7911953a6e90d602764,0.1,0.9,52.40300584732972,0.0003967819986690455,0.0,0,2560,FROZEN_K10_NEIGHBOURS_PLUS_FROZEN_K10_MATCHED_RANDOM_EDGES,PERSISTENT_OPERATIONAL_NEAR_COLLISION_EVIDENCE,EVALUABLE,EXPLORATORY_CONSUMED_DIAGNOSTIC_ONLY
U0_MS,viscosity_laplacian_acceleration,LINEAGE,HMSO01R_A|FIELD_LINEAGE|c7100ae9429166735b2d4f6243a22cf5abc14cffba49fce96d94ed19a12387d6,0.1,0.9,52.40300584732972,0.0003967819986690455,0.0,0,2560,FROZEN_K10_NEIGHBOURS_PLUS_FROZEN_K10_MATCHED_RANDOM_EDGES,PERSISTENT_OPERATIONAL_NEAR_COLLISION_EVIDENCE,EVALUABLE,EXPLORATORY_CONSUMED_DIAGNOSTIC_ONLY
U0_MS,viscosity_laplacian_acceleration,LINEAGE,HMSO01R_A|FIELD_LINEAGE|c7498c8903eedb4eb72abeb74a8624f4f311768cc705b42f488a9e810b4c3aec,0.1,0.9,52.40300584732972,0.0003967819986690455,0.0,0,2560,FROZEN_K10_NEIGHBOURS_PLUS_FROZEN_K10_MATCHED_RANDOM_EDGES,PERSISTENT_OPERATIONAL_NEAR_COLLISION_EVIDENCE,EVALUABLE,EXPLORATORY_CONSUMED_DIAGNOSTIC_ONLY
U0_MS,viscosity_laplacian_acceleration,LINEAGE,HMSO01R_A|FIELD_LINEAGE|c9a10c50914a082104b6f42f933e2e8b35494d6ac1b464fc981b740edc26e9a6,0.1,0.9,52.40300584732972,0.0003967819986690455,0.0,0,30720,FROZEN_K10_NEIGHBOURS_PLUS_FROZEN_K10_MATCHED_RANDOM_EDGES,PERSISTENT_OPERATIONAL_NEAR_COLLISION_EVIDENCE,EVALUABLE,EXPLORATORY_CONSUMED_DIAGNOSTIC_ONLY
U0_MS,viscosity_laplacian_acceleration,LINEAGE,HMSO01R_A|FIELD_LINEAGE|ca0f07a3c0d5df7705d15288eb48ecdf2c50af57aa3e1ab370127581f048c929,0.1,0.9,52.40300584732972,0.0003967819986690455,0.0,0,2560,FROZEN_K10_NEIGHBOURS_PLUS_FROZEN_K10_MATCHED_RANDOM_EDGES,PERSISTENT_OPERATIONAL_NEAR_COLLISION_EVIDENCE,EVALUABLE,EXPLORATORY_CONSUMED_DIAGNOSTIC_ONLY
U0_MS,viscosity_laplacian_acceleration,LINEAGE,HMSO01R_A|FIELD_LINEAGE|cb947f8167c6ce3da1c26b48289f11fe77c609125572b2e2f489d9b4dbf77d91,0.1,0.9,52.40300584732972,0.0003967819986690455,0.0,0,2560,FROZEN_K10_NEIGHBOURS_PLUS_FROZEN_K10_MATCHED_RANDOM_EDGES,PERSISTENT_OPERATIONAL_NEAR_COLLISION_EVIDENCE,EVALUABLE,EXPLORATORY_CONSUMED_DIAGNOSTIC_ONLY
U0_MS,viscosity_laplacian_acceleration,LINEAGE,HMSO01R_A|FIELD_LINEAGE|cd1482e6386aeab5f67532ea00a4d133dd0798283239fa2bc60b1a36d8fd8390,0.1,0.9,52.40300584732972,0.0003967819986690455,0.0,0,2560,FROZEN_K10_NEIGHBOURS_PLUS_FROZEN_K10_MATCHED_RANDOM_EDGES,PERSISTENT_OPERATIONAL_NEAR_COLLISION_EVIDENCE,EVALUABLE,EXPLORATORY_CONSUMED_DIAGNOSTIC_ONLY
U0_MS,viscosity_laplacian_acceleration,LINEAGE,HMSO01R_A|FIELD_LINEAGE|d1321924d243ef663d38f2119b3da3e0b77ff9249352efe1c25dfa4971fbd453,0.1,0.9,52.40300584732972,0.0003967819986690455,0.0,0,2560,FROZEN_K10_NEIGHBOURS_PLUS_FROZEN_K10_MATCHED_RANDOM_EDGES,PERSISTENT_OPERATIONAL_NEAR_COLLISION_EVIDENCE,EVALUABLE,EXPLORATORY_CONSUMED_DIAGNOSTIC_ONLY
U0_MS,viscosity_laplacian_acceleration,LINEAGE,HMSO01R_A|FIELD_LINEAGE|d2f9d8c8f5f3c69790790651faeb1c1f59b6b387e4ede38adea5936b94855ff9,0.1,0.9,52.40300584732972,0.0003967819986690455,0.0,0,5120,FROZEN_K10_NEIGHBOURS_PLUS_FROZEN_K10_MATCHED_RANDOM_EDGES,PERSISTENT_OPERATIONAL_NEAR_COLLISION_EVIDENCE,EVALUABLE,EXPLORATORY_CONSUMED_DIAGNOSTIC_ONLY
U0_MS,viscosity_laplacian_acceleration,LINEAGE,HMSO01R_A|FIELD_LINEAGE|d3329a31885ae9100b3a5071d3f6de7c5b314524ba319156e3df439e55667dd5,0.1,0.9,52.40300584732972,0.0003967819986690455,0.0,0,2560,FROZEN_K10_NEIGHBOURS_PLUS_FROZEN_K10_MATCHED_RANDOM_EDGES,PERSISTENT_OPERATIONAL_NEAR_COLLISION_EVIDENCE,EVALUABLE,EXPLORATORY_CONSUMED_DIAGNOSTIC_ONLY
U0_MS,viscosity_laplacian_acceleration,LINEAGE,HMSO01R_A|FIELD_LINEAGE|d65de8a657545ef8339cfa29e05ce27d63f8ec5e02ee50514a615a33f5595da9,0.1,0.9,52.40300584732972,0.0003967819986690455,0.0,0,2560,FROZEN_K10_NEIGHBOURS_PLUS_FROZEN_K10_MATCHED_RANDOM_EDGES,PERSISTENT_OPERATIONAL_NEAR_COLLISION_EVIDENCE,EVALUABLE,EXPLORATORY_CONSUMED_DIAGNOSTIC_ONLY
U0_MS,viscosity_laplacian_acceleration,LINEAGE,HMSO01R_A|FIELD_LINEAGE|d6ecf8cd80acb9db6acee967c0d1a3a8ca941d75fcf9e621c7ea05d79a191767,0.1,0.9,52.40300584732972,0.0003967819986690455,0.0,0,7680,FROZEN_K10_NEIGHBOURS_PLUS_FROZEN_K10_MATCHED_RANDOM_EDGES,PERSISTENT_OPERATIONAL_NEAR_COLLISION_EVIDENCE,EVALUABLE,EXPLORATORY_CONSUMED_DIAGNOSTIC_ONLY
U0_MS,viscosity_laplacian_acceleration,LINEAGE,HMSO01R_A|FIELD_LINEAGE|d7d10f9b5293a22777f94b958cdb7280c40216c21a2b9b4a49451c1385cf26d9,0.1,0.9,52.40300584732972,0.0003967819986690455,0.0,0,2560,FROZEN_K10_NEIGHBOURS_PLUS_FROZEN_K10_MATCHED_RANDOM_EDGES,PERSISTENT_OPERATIONAL_NEAR_COLLISION_EVIDENCE,EVALUABLE,EXPLORATORY_CONSUMED_DIAGNOSTIC_ONLY
U0_MS,viscosity_laplacian_acceleration,LINEAGE,HMSO01R_A|FIELD_LINEAGE|d8cd77f2aea85a93297ba4755747ee15653349aca322bca77ce1738389444994,0.1,0.9,52.40300584732972,0.0003967819986690455,0.0,0,5120,FROZEN_K10_NEIGHBOURS_PLUS_FROZEN_K10_MATCHED_RANDOM_EDGES,PERSISTENT_OPERATIONAL_NEAR_COLLISION_EVIDENCE,EVALUABLE,EXPLORATORY_CONSUMED_DIAGNOSTIC_ONLY
U0_MS,viscosity_laplacian_acceleration,LINEAGE,HMSO01R_A|FIELD_LINEAGE|d9b0e4ca0c6e9f306f81bad07b5f31753c1237e04a6a51d708212ab05edea52f,0.1,0.9,52.40300584732972,0.0003967819986690455,0.0,0,2560,FROZEN_K10_NEIGHBOURS_PLUS_FROZEN_K10_MATCHED_RANDOM_EDGES,PERSISTENT_OPERATIONAL_NEAR_COLLISION_EVIDENCE,EVALUABLE,EXPLORATORY_CONSUMED_DIAGNOSTIC_ONLY
U0_MS,viscosity_laplacian_acceleration,LINEAGE,HMSO01R_A|FIELD_LINEAGE|dca2b57202d33de06ea638a8ecbab23d1b960b5ed15b6841dcbc75b212cc8712,0.1,0.9,52.40300584732972,0.0003967819986690455,0.0,0,2560,FROZEN_K10_NEIGHBOURS_PLUS_FROZEN_K10_MATCHED_RANDOM_EDGES,PERSISTENT_OPERATIONAL_NEAR_COLLISION_EVIDENCE,EVALUABLE,EXPLORATORY_CONSUMED_DIAGNOSTIC_ONLY
U0_MS,viscosity_laplacian_acceleration,LINEAGE,HMSO01R_A|FIELD_LINEAGE|e0695af14e7ff6ed68d0eaa0320bde868bdf2eddcd09aade2748baa3ab9013d9,0.1,0.9,52.40300584732972,0.0003967819986690455,0.0,0,2560,FROZEN_K10_NEIGHBOURS_PLUS_FROZEN_K10_MATCHED_RANDOM_EDGES,PERSISTENT_OPERATIONAL_NEAR_COLLISION_EVIDENCE,EVALUABLE,EXPLORATORY_CONSUMED_DIAGNOSTIC_ONLY
U0_MS,viscosity_laplacian_acceleration,LINEAGE,HMSO01R_A|FIELD_LINEAGE|e1662caa4f55fa1e467b750db9be81d3672b988a828412586110c172a4b65cc4,0.1,0.9,52.40300584732972,0.0003967819986690455,0.0,0,2560,FROZEN_K10_NEIGHBOURS_PLUS_FROZEN_K10_MATCHED_RANDOM_EDGES,PERSISTENT_OPERATIONAL_NEAR_COLLISION_EVIDENCE,EVALUABLE,EXPLORATORY_CONSUMED_DIAGNOSTIC_ONLY
U0_MS,viscosity_laplacian_acceleration,LINEAGE,HMSO01R_A|FIELD_LINEAGE|e1bd95fcd7aed1a8bde13393ae7d4a98eff10f4a52c1bdfb2e54f1dd690c54dd,0.1,0.9,52.40300584732972,0.0003967819986690455,0.0,0,2560,FROZEN_K10_NEIGHBOURS_PLUS_FROZEN_K10_MATCHED_RANDOM_EDGES,PERSISTENT_OPERATIONAL_NEAR_COLLISION_EVIDENCE,EVALUABLE,EXPLORATORY_CONSUMED_DIAGNOSTIC_ONLY
U0_MS,viscosity_laplacian_acceleration,LINEAGE,HMSO01R_A|FIELD_LINEAGE|e25db364da9db9cdb46c3073fa0aa473b93b0eed9df5062f9696d75bd2f90442,0.1,0.9,52.40300584732972,0.0003967819986690455,0.0,0,2560,FROZEN_K10_NEIGHBOURS_PLUS_FROZEN_K10_MATCHED_RANDOM_EDGES,PERSISTENT_OPERATIONAL_NEAR_COLLISION_EVIDENCE,EVALUABLE,EXPLORATORY_CONSUMED_DIAGNOSTIC_ONLY
U0_MS,viscosity_laplacian_acceleration,LINEAGE,HMSO01R_A|FIELD_LINEAGE|e269817bd0e21e72d0864769c51ef7f6839102d6f41f035fbbff5041e46bd0d4,0.1,0.9,52.40300584732972,0.0003967819986690455,0.0,0,2560,FROZEN_K10_NEIGHBOURS_PLUS_FROZEN_K10_MATCHED_RANDOM_EDGES,PERSISTENT_OPERATIONAL_NEAR_COLLISION_EVIDENCE,EVALUABLE,EXPLORATORY_CONSUMED_DIAGNOSTIC_ONLY
U0_MS,viscosity_laplacian_acceleration,LINEAGE,HMSO01R_A|FIELD_LINEAGE|e2940f5e79800b14b8eefcdb52a6c4eb9c2bcacb794aadbf19ab173720ccdfc9,0.1,0.9,52.40300584732972,0.0003967819986690455,0.0,0,2560,FROZEN_K10_NEIGHBOURS_PLUS_FROZEN_K10_MATCHED_RANDOM_EDGES,PERSISTENT_OPERATIONAL_NEAR_COLLISION_EVIDENCE,EVALUABLE,EXPLORATORY_CONSUMED_DIAGNOSTIC_ONLY
U0_MS,viscosity_laplacian_acceleration,LINEAGE,HMSO01R_A|FIELD_LINEAGE|e2fdf0ecb37222ddf2c343b2a9785bb080b33fb721f4d3381403db08d53276de,0.1,0.9,52.40300584732972,0.0003967819986690455,0.0,0,2560,FROZEN_K10_NEIGHBOURS_PLUS_FROZEN_K10_MATCHED_RANDOM_EDGES,PERSISTENT_OPERATIONAL_NEAR_COLLISION_EVIDENCE,EVALUABLE,EXPLORATORY_CONSUMED_DIAGNOSTIC_ONLY
U0_MS,viscosity_laplacian_acceleration,LINEAGE,HMSO01R_A|FIELD_LINEAGE|e39068083f41a31c97e7737f6138e1986484dea8bfe32d65a52cd58aaa1ec7e8,0.1,0.9,52.40300584732972,0.0003967819986690455,0.0,0,2560,FROZEN_K10_NEIGHBOURS_PLUS_FROZEN_K10_MATCHED_RANDOM_EDGES,PERSISTENT_OPERATIONAL_NEAR_COLLISION_EVIDENCE,EVALUABLE,EXPLORATORY_CONSUMED_DIAGNOSTIC_ONLY
U0_MS,viscosity_laplacian_acceleration,LINEAGE,HMSO01R_A|FIELD_LINEAGE|e46b2d3dad1b8a5413f52396bbef71167f252a4ba61297ea3e2b46c37456ba4c,0.1,0.9,52.40300584732972,0.0003967819986690455,0.0,0,2560,FROZEN_K10_NEIGHBOURS_PLUS_FROZEN_K10_MATCHED_RANDOM_EDGES,PERSISTENT_OPERATIONAL_NEAR_COLLISION_EVIDENCE,EVALUABLE,EXPLORATORY_CONSUMED_DIAGNOSTIC_ONLY
U0_MS,viscosity_laplacian_acceleration,LINEAGE,HMSO01R_A|FIELD_LINEAGE|e4c235f067a50e9e5304ee0e7ad701299187cd559ceebd74674d932464340e77,0.1,0.9,52.40300584732972,0.0003967819986690455,0.0,0,2560,FROZEN_K10_NEIGHBOURS_PLUS_FROZEN_K10_MATCHED_RANDOM_EDGES,PERSISTENT_OPERATIONAL_NEAR_COLLISION_EVIDENCE,EVALUABLE,EXPLORATORY_CONSUMED_DIAGNOSTIC_ONLY
U0_MS,viscosity_laplacian_acceleration,LINEAGE,HMSO01R_A|FIELD_LINEAGE|e5cd23001367dee0fe50b87c4f9c5ae9d8e66eeb6cef2467ff3f6da8c0fcdc16,0.1,0.9,52.40300584732972,0.0003967819986690455,0.0,0,2560,FROZEN_K10_NEIGHBOURS_PLUS_FROZEN_K10_MATCHED_RANDOM_EDGES,PERSISTENT_OPERATIONAL_NEAR_COLLISION_EVIDENCE,EVALUABLE,EXPLORATORY_CONSUMED_DIAGNOSTIC_ONLY
U0_MS,viscosity_laplacian_acceleration,LINEAGE,HMSO01R_A|FIELD_LINEAGE|e5fd0d86ce4eda7b6deef112c4230d6cc2c904c7a1cbb32b883405f7907c5018,0.1,0.9,52.40300584732972,0.0003967819986690455,0.0,0,2560,FROZEN_K10_NEIGHBOURS_PLUS_FROZEN_K10_MATCHED_RANDOM_EDGES,PERSISTENT_OPERATIONAL_NEAR_COLLISION_EVIDENCE,EVALUABLE,EXPLORATORY_CONSUMED_DIAGNOSTIC_ONLY
U0_MS,viscosity_laplacian_acceleration,LINEAGE,HMSO01R_A|FIELD_LINEAGE|e6f79f1197cd7f6ad00ce2f5ddcac136ad9a2faa5584e9f390794bfb6ee07ac6,0.1,0.9,52.40300584732972,0.0003967819986690455,0.0,0,2560,FROZEN_K10_NEIGHBOURS_PLUS_FROZEN_K10_MATCHED_RANDOM_EDGES,PERSISTENT_OPERATIONAL_NEAR_COLLISION_EVIDENCE,EVALUABLE,EXPLORATORY_CONSUMED_DIAGNOSTIC_ONLY
U0_MS,viscosity_laplacian_acceleration,LINEAGE,HMSO01R_A|FIELD_LINEAGE|e82aee0755c70810ee3fbd630ec4d3fa698e473225b4aa505b26af8a458a6400,0.1,0.9,52.40300584732972,0.0003967819986690455,0.0,0,2560,FROZEN_K10_NEIGHBOURS_PLUS_FROZEN_K10_MATCHED_RANDOM_EDGES,PERSISTENT_OPERATIONAL_NEAR_COLLISION_EVIDENCE,EVALUABLE,EXPLORATORY_CONSUMED_DIAGNOSTIC_ONLY
U0_MS,viscosity_laplacian_acceleration,LINEAGE,HMSO01R_A|FIELD_LINEAGE|e853753ed3befc6151b8f2c4e9e3797938a7689193c2157695f0b61b8e60abc8,0.1,0.9,52.40300584732972,0.0003967819986690455,0.0,0,2560,FROZEN_K10_NEIGHBOURS_PLUS_FROZEN_K10_MATCHED_RANDOM_EDGES,PERSISTENT_OPERATIONAL_NEAR_COLLISION_EVIDENCE,EVALUABLE,EXPLORATORY_CONSUMED_DIAGNOSTIC_ONLY
U0_MS,viscosity_laplacian_acceleration,LINEAGE,HMSO01R_A|FIELD_LINEAGE|e99701698ca3eda87704f5f32294f901f56116d9da609afcb18418d4c8a62bf2,0.1,0.9,52.40300584732972,0.0003967819986690455,0.0,0,2560,FROZEN_K10_NEIGHBOURS_PLUS_FROZEN_K10_MATCHED_RANDOM_EDGES,PERSISTENT_OPERATIONAL_NEAR_COLLISION_EVIDENCE,EVALUABLE,EXPLORATORY_CONSUMED_DIAGNOSTIC_ONLY
U0_MS,viscosity_laplacian_acceleration,LINEAGE,HMSO01R_A|FIELD_LINEAGE|e9dc12a25958465c187afbd7ef920bc04ba98d4b232046e156979d215bd85146,0.1,0.9,52.40300584732972,0.0003967819986690455,0.0,0,2560,FROZEN_K10_NEIGHBOURS_PLUS_FROZEN_K10_MATCHED_RANDOM_EDGES,PERSISTENT_OPERATIONAL_NEAR_COLLISION_EVIDENCE,EVALUABLE,EXPLORATORY_CONSUMED_DIAGNOSTIC_ONLY
U0_MS,viscosity_laplacian_acceleration,LINEAGE,HMSO01R_A|FIELD_LINEAGE|ea7a0f305184b5efcd1c245ec8837c3d5e92744042b12d412ef90758785acc95,0.1,0.9,52.40300584732972,0.0003967819986690455,0.0,0,5120,FROZEN_K10_NEIGHBOURS_PLUS_FROZEN_K10_MATCHED_RANDOM_EDGES,PERSISTENT_OPERATIONAL_NEAR_COLLISION_EVIDENCE,EVALUABLE,EXPLORATORY_CONSUMED_DIAGNOSTIC_ONLY
U0_MS,viscosity_laplacian_acceleration,LINEAGE,HMSO01R_A|FIELD_LINEAGE|eadb4166638494d642712d8eabac62f88ed028f779148966c13d2efd6405fa1d,0.1,0.9,52.40300584732972,0.0003967819986690455,0.0015625,4,2560,FROZEN_K10_NEIGHBOURS_PLUS_FROZEN_K10_MATCHED_RANDOM_EDGES,PERSISTENT_OPERATIONAL_NEAR_COLLISION_EVIDENCE,EVALUABLE,EXPLORATORY_CONSUMED_DIAGNOSTIC_ONLY
U0_MS,viscosity_laplacian_acceleration,LINEAGE,HMSO01R_A|FIELD_LINEAGE|ebfb44058badbf85a36d8671e914d20620f9253b30eeec0e96b5e0c20dc8e16c,0.1,0.9,52.40300584732972,0.0003967819986690455,0.0,0,2560,FROZEN_K10_NEIGHBOURS_PLUS_FROZEN_K10_MATCHED_RANDOM_EDGES,PERSISTENT_OPERATIONAL_NEAR_COLLISION_EVIDENCE,EVALUABLE,EXPLORATORY_CONSUMED_DIAGNOSTIC_ONLY
U0_MS,viscosity_laplacian_acceleration,LINEAGE,HMSO01R_A|FIELD_LINEAGE|eee5df81575181b025958cda057ac7cb0483be4404d018db7bb2c06a63c25462,0.1,0.9,52.40300584732972,0.0003967819986690455,0.0,0,2560,FROZEN_K10_NEIGHBOURS_PLUS_FROZEN_K10_MATCHED_RANDOM_EDGES,PERSISTENT_OPERATIONAL_NEAR_COLLISION_EVIDENCE,EVALUABLE,EXPLORATORY_CONSUMED_DIAGNOSTIC_ONLY
U0_MS,viscosity_laplacian_acceleration,LINEAGE,HMSO01R_A|FIELD_LINEAGE|f01618f1ef2fe7c85085b02f71644f843db176708a8abb6e4e05116a594e9ae3,0.1,0.9,52.40300584732972,0.0003967819986690455,0.00234375,6,2560,FROZEN_K10_NEIGHBOURS_PLUS_FROZEN_K10_MATCHED_RANDOM_EDGES,PERSISTENT_OPERATIONAL_NEAR_COLLISION_EVIDENCE,EVALUABLE,EXPLORATORY_CONSUMED_DIAGNOSTIC_ONLY
U0_MS,viscosity_laplacian_acceleration,LINEAGE,HMSO01R_A|FIELD_LINEAGE|f0421338d311584916d83a8dd01c9f47b7707c5652d4192e1df422a2a9e7d57d,0.1,0.9,52.40300584732972,0.0003967819986690455,0.0,0,2560,FROZEN_K10_NEIGHBOURS_PLUS_FROZEN_K10_MATCHED_RANDOM_EDGES,PERSISTENT_OPERATIONAL_NEAR_COLLISION_EVIDENCE,EVALUABLE,EXPLORATORY_CONSUMED_DIAGNOSTIC_ONLY
U0_MS,viscosity_laplacian_acceleration,LINEAGE,HMSO01R_A|FIELD_LINEAGE|f11020ed75e98ae018c3d951c68d3fba4bfe91afdf9eb4b7d62d0c0967429304,0.1,0.9,52.40300584732972,0.0003967819986690455,0.0,0,2560,FROZEN_K10_NEIGHBOURS_PLUS_FROZEN_K10_MATCHED_RANDOM_EDGES,PERSISTENT_OPERATIONAL_NEAR_COLLISION_EVIDENCE,EVALUABLE,EXPLORATORY_CONSUMED_DIAGNOSTIC_ONLY
U0_MS,viscosity_laplacian_acceleration,LINEAGE,HMSO01R_A|FIELD_LINEAGE|f117df283c3988b3a51ad2a7138592681c02ac94fc8905b0ebf163745ca00f62,0.1,0.9,52.40300584732972,0.0003967819986690455,0.0,0,5120,FROZEN_K10_NEIGHBOURS_PLUS_FROZEN_K10_MATCHED_RANDOM_EDGES,PERSISTENT_OPERATIONAL_NEAR_COLLISION_EVIDENCE,EVALUABLE,EXPLORATORY_CONSUMED_DIAGNOSTIC_ONLY
U0_MS,viscosity_laplacian_acceleration,LINEAGE,HMSO01R_A|FIELD_LINEAGE|f2247a8dfd61c19acaf6609654c9c6098f254569cd75ef6a5201803913aa1c00,0.1,0.9,52.40300584732972,0.0003967819986690455,0.0,0,2560,FROZEN_K10_NEIGHBOURS_PLUS_FROZEN_K10_MATCHED_RANDOM_EDGES,PERSISTENT_OPERATIONAL_NEAR_COLLISION_EVIDENCE,EVALUABLE,EXPLORATORY_CONSUMED_DIAGNOSTIC_ONLY
U0_MS,viscosity_laplacian_acceleration,LINEAGE,HMSO01R_A|FIELD_LINEAGE|f2a3ceeae0e0974c878bba3a036f383f979564d7512b59be838a43b0d537377a,0.1,0.9,52.40300584732972,0.0003967819986690455,0.0,0,2560,FROZEN_K10_NEIGHBOURS_PLUS_FROZEN_K10_MATCHED_RANDOM_EDGES,PERSISTENT_OPERATIONAL_NEAR_COLLISION_EVIDENCE,EVALUABLE,EXPLORATORY_CONSUMED_DIAGNOSTIC_ONLY
U0_MS,viscosity_laplacian_acceleration,LINEAGE,HMSO01R_A|FIELD_LINEAGE|f52ad1fbea60f2cef5c93f5785e888eaa7893de6dad0b2f7545e6d3f4e338f25,0.1,0.9,52.40300584732972,0.0003967819986690455,0.0,0,2560,FROZEN_K10_NEIGHBOURS_PLUS_FROZEN_K10_MATCHED_RANDOM_EDGES,PERSISTENT_OPERATIONAL_NEAR_COLLISION_EVIDENCE,EVALUABLE,EXPLORATORY_CONSUMED_DIAGNOSTIC_ONLY
U0_MS,viscosity_laplacian_acceleration,LINEAGE,HMSO01R_A|FIELD_LINEAGE|f7cc0cf639be6a7e99c37868bcf630bb54f34534e2c78b36b59b7ac5ebbd1919,0.1,0.9,52.40300584732972,0.0003967819986690455,0.0,0,2560,FROZEN_K10_NEIGHBOURS_PLUS_FROZEN_K10_MATCHED_RANDOM_EDGES,PERSISTENT_OPERATIONAL_NEAR_COLLISION_EVIDENCE,EVALUABLE,EXPLORATORY_CONSUMED_DIAGNOSTIC_ONLY
U0_MS,viscosity_laplacian_acceleration,LINEAGE,HMSO01R_A|FIELD_LINEAGE|f82108cfb75a5ece90cca0bec2aa62b5af33b3b96774d26a9d5bbde8416cb360,0.1,0.9,52.40300584732972,0.0003967819986690455,0.0,0,2560,FROZEN_K10_NEIGHBOURS_PLUS_FROZEN_K10_MATCHED_RANDOM_EDGES,PERSISTENT_OPERATIONAL_NEAR_COLLISION_EVIDENCE,EVALUABLE,EXPLORATORY_CONSUMED_DIAGNOSTIC_ONLY
U0_MS,viscosity_laplacian_acceleration,LINEAGE,HMSO01R_A|FIELD_LINEAGE|f8fd31406421545fa9cf8bb98c251eb120eed5378ed4276493239005b13fd6f8,0.1,0.9,52.40300584732972,0.0003967819986690455,0.0,0,2560,FROZEN_K10_NEIGHBOURS_PLUS_FROZEN_K10_MATCHED_RANDOM_EDGES,PERSISTENT_OPERATIONAL_NEAR_COLLISION_EVIDENCE,EVALUABLE,EXPLORATORY_CONSUMED_DIAGNOSTIC_ONLY
U0_MS,viscosity_laplacian_acceleration,LINEAGE,HMSO01R_A|FIELD_LINEAGE|f952117e9c8f8a564901d0507e978f58c3289c63c557fb7f3123a84dd049ba29,0.1,0.9,52.40300584732972,0.0003967819986690455,0.0,0,2560,FROZEN_K10_NEIGHBOURS_PLUS_FROZEN_K10_MATCHED_RANDOM_EDGES,PERSISTENT_OPERATIONAL_NEAR_COLLISION_EVIDENCE,EVALUABLE,EXPLORATORY_CONSUMED_DIAGNOSTIC_ONLY
U0_MS,viscosity_laplacian_acceleration,LINEAGE,HMSO01R_A|FIELD_LINEAGE|f9a3d40825ca658eebc26e88239c04a3590f72ad95b03a86bc289649036f4117,0.1,0.9,52.40300584732972,0.0003967819986690455,0.0,0,2560,FROZEN_K10_NEIGHBOURS_PLUS_FROZEN_K10_MATCHED_RANDOM_EDGES,PERSISTENT_OPERATIONAL_NEAR_COLLISION_EVIDENCE,EVALUABLE,EXPLORATORY_CONSUMED_DIAGNOSTIC_ONLY
U0_MS,viscosity_laplacian_acceleration,LINEAGE,HMSO01R_A|FIELD_LINEAGE|f9acbd6c60cf4de95eb27dc7c24fd369893e07d5c162236bcdc4cc91f1e5368b,0.1,0.9,52.40300584732972,0.0003967819986690455,0.0,0,2560,FROZEN_K10_NEIGHBOURS_PLUS_FROZEN_K10_MATCHED_RANDOM_EDGES,PERSISTENT_OPERATIONAL_NEAR_COLLISION_EVIDENCE,EVALUABLE,EXPLORATORY_CONSUMED_DIAGNOSTIC_ONLY
U0_MS,viscosity_laplacian_acceleration,LINEAGE,HMSO01R_A|FIELD_LINEAGE|f9dd81299410ddb65efe58bb38fc53798a53c7f5ab1183ef52b5f93fb7daea68,0.1,0.9,52.40300584732972,0.0003967819986690455,0.0,0,2560,FROZEN_K10_NEIGHBOURS_PLUS_FROZEN_K10_MATCHED_RANDOM_EDGES,PERSISTENT_OPERATIONAL_NEAR_COLLISION_EVIDENCE,EVALUABLE,EXPLORATORY_CONSUMED_DIAGNOSTIC_ONLY
U0_MS,viscosity_laplacian_acceleration,LINEAGE,HMSO01R_A|FIELD_LINEAGE|fa1ab395df96eb71b1cd3e5c31c1a1fe587398989c58265b21dd97a062b35ef9,0.1,0.9,52.40300584732972,0.0003967819986690455,0.0,0,2560,FROZEN_K10_NEIGHBOURS_PLUS_FROZEN_K10_MATCHED_RANDOM_EDGES,PERSISTENT_OPERATIONAL_NEAR_COLLISION_EVIDENCE,EVALUABLE,EXPLORATORY_CONSUMED_DIAGNOSTIC_ONLY
U0_MS,viscosity_laplacian_acceleration,LINEAGE,HMSO01R_A|FIELD_LINEAGE|fd04ea3f458e107df0af85b51443fd7c576cbde1f2a34afcd2f94001f9376e64,0.1,0.9,52.40300584732972,0.0003967819986690455,0.0,0,5120,FROZEN_K10_NEIGHBOURS_PLUS_FROZEN_K10_MATCHED_RANDOM_EDGES,PERSISTENT_OPERATIONAL_NEAR_COLLISION_EVIDENCE,EVALUABLE,EXPLORATORY_CONSUMED_DIAGNOSTIC_ONLY
U0_MS,viscosity_laplacian_acceleration,LINEAGE,HMSO01R_A|FIELD_LINEAGE|fefaa03392c6d5e862f0b98f72e148123eb5332d997aade537062f72a6e1a99c,0.1,0.9,52.40300584732972,0.0003967819986690455,0.0,0,2560,FROZEN_K10_NEIGHBOURS_PLUS_FROZEN_K10_MATCHED_RANDOM_EDGES,PERSISTENT_OPERATIONAL_NEAR_COLLISION_EVIDENCE,EVALUABLE,EXPLORATORY_CONSUMED_DIAGNOSTIC_ONLY
U0_MS,viscosity_laplacian_acceleration,LINEAGE,HMSO01R_A|FIELD_LINEAGE|ff441cbe04ac4f8f63fd24360c00fa41becbfbb5a6acdf59e4dfd55c77c15642,0.1,0.9,52.40300584732972,0.0003967819986690455,0.0,0,2560,FROZEN_K10_NEIGHBOURS_PLUS_FROZEN_K10_MATCHED_RANDOM_EDGES,PERSISTENT_OPERATIONAL_NEAR_COLLISION_EVIDENCE,EVALUABLE,EXPLORATORY_CONSUMED_DIAGNOSTIC_ONLY
