evidence_class,record_type,arm,scope_type,scope_id,covariance_eigenvalue,cumulative_variance_rank_90,cumulative_variance_rank_95,cumulative_variance_rank_99,diagnostic_only,exact_duplicate_burden,exact_duplicate_member_count,feature_dimension,fold_iqr_degenerate_feature_count,normalization_semantics,participation_ratio,row_count,singular_value,spectrum_index,stable_rank
EXPLORATORY_CONSUMED_DIAGNOSTIC_ONLY,COVARIANCE_AND_SINGULAR_SPECTRUM,SS,OVERALL,ALL,2.1160787805091666e+30,1,1,1,True,1392,2704,39,8,OBSERVABLE_ONLY_SCOPE_MEDIAN_IQR,1.0012187389044778,49152,3.2250504526221997e+17,1,1.0006093637076583
EXPLORATORY_CONSUMED_DIAGNOSTIC_ONLY,COVARIANCE_AND_SINGULAR_SPECTRUM,SS,OVERALL,ALL,1.268473083803573e+27,1,1,1,True,1392,2704,39,8,OBSERVABLE_ONLY_SCOPE_MEDIAN_IQR,1.0012187389044778,49152,7896074278723144.0,2,1.0006093637076583
EXPLORATORY_CONSUMED_DIAGNOSTIC_ONLY,COVARIANCE_AND_SINGULAR_SPECTRUM,SS,OVERALL,ALL,1.5955867935008402e+25,1,1,1,True,1392,2704,39,8,OBSERVABLE_ONLY_SCOPE_MEDIAN_IQR,1.0012187389044778,49152,885586145296736.8,3,1.0006093637076583
EXPLORATORY_CONSUMED_DIAGNOSTIC_ONLY,COVARIANCE_AND_SINGULAR_SPECTRUM,SS,OVERALL,ALL,5.032659645882282e+24,1,1,1,True,1392,2704,39,8,OBSERVABLE_ONLY_SCOPE_MEDIAN_IQR,1.0012187389044778,49152,497358308379789.6,4,1.0006093637076583
EXPLORATORY_CONSUMED_DIAGNOSTIC_ONLY,COVARIANCE_AND_SINGULAR_SPECTRUM,SS,OVERALL,ALL,686172804091849.1,1,1,1,True,1392,2704,39,8,OBSERVABLE_ONLY_SCOPE_MEDIAN_IQR,1.0012187389044778,49152,5807474982.01435,5,1.0006093637076583
EXPLORATORY_CONSUMED_DIAGNOSTIC_ONLY,COVARIANCE_AND_SINGULAR_SPECTRUM,SS,OVERALL,ALL,682886239430600.6,1,1,1,True,1392,2704,39,8,OBSERVABLE_ONLY_SCOPE_MEDIAN_IQR,1.0012187389044778,49152,5793550244.926929,6,1.0006093637076583
EXPLORATORY_CONSUMED_DIAGNOSTIC_ONLY,COVARIANCE_AND_SINGULAR_SPECTRUM,SS,OVERALL,ALL,655447697702100.5,1,1,1,True,1392,2704,39,8,OBSERVABLE_ONLY_SCOPE_MEDIAN_IQR,1.0012187389044778,49152,5675963815.728007,7,1.0006093637076583
EXPLORATORY_CONSUMED_DIAGNOSTIC_ONLY,COVARIANCE_AND_SINGULAR_SPECTRUM,SS,OVERALL,ALL,460041934911542.75,1,1,1,True,1392,2704,39,8,OBSERVABLE_ONLY_SCOPE_MEDIAN_IQR,1.0012187389044778,49152,4755205693.213717,8,1.0006093637076583
EXPLORATORY_CONSUMED_DIAGNOSTIC_ONLY,COVARIANCE_AND_SINGULAR_SPECTRUM,SS,OVERALL,ALL,417108560038489.5,1,1,1,True,1392,2704,39,8,OBSERVABLE_ONLY_SCOPE_MEDIAN_IQR,1.0012187389044778,49152,4527882501.016544,9,1.0006093637076583
EXPLORATORY_CONSUMED_DIAGNOSTIC_ONLY,COVARIANCE_AND_SINGULAR_SPECTRUM,SS,OVERALL,ALL,331413293241643.1,1,1,1,True,1392,2704,39,8,OBSERVABLE_ONLY_SCOPE_MEDIAN_IQR,1.0012187389044778,49152,4036040905.319623,10,1.0006093637076583
EXPLORATORY_CONSUMED_DIAGNOSTIC_ONLY,COVARIANCE_AND_SINGULAR_SPECTRUM,SS,OVERALL,ALL,285173559915825.7,1,1,1,True,1392,2704,39,8,OBSERVABLE_ONLY_SCOPE_MEDIAN_IQR,1.0012187389044778,49152,3743908494.73951,11,1.0006093637076583
EXPLORATORY_CONSUMED_DIAGNOSTIC_ONLY,COVARIANCE_AND_SINGULAR_SPECTRUM,SS,OVERALL,ALL,257701072481295.88,1,1,1,True,1392,2704,39,8,OBSERVABLE_ONLY_SCOPE_MEDIAN_IQR,1.0012187389044778,49152,3559005916.62906,12,1.0006093637076583
EXPLORATORY_CONSUMED_DIAGNOSTIC_ONLY,COVARIANCE_AND_SINGULAR_SPECTRUM,SS,OVERALL,ALL,185309544694999.97,1,1,1,True,1392,2704,39,8,OBSERVABLE_ONLY_SCOPE_MEDIAN_IQR,1.0012187389044778,49152,3018001779.464127,13,1.0006093637076583
EXPLORATORY_CONSUMED_DIAGNOSTIC_ONLY,COVARIANCE_AND_SINGULAR_SPECTRUM,SS,OVERALL,ALL,131336173102719.81,1,1,1,True,1392,2704,39,8,OBSERVABLE_ONLY_SCOPE_MEDIAN_IQR,1.0012187389044778,49152,2540754923.314109,14,1.0006093637076583
EXPLORATORY_CONSUMED_DIAGNOSTIC_ONLY,COVARIANCE_AND_SINGULAR_SPECTRUM,SS,OVERALL,ALL,112618627253870.75,1,1,1,True,1392,2704,39,8,OBSERVABLE_ONLY_SCOPE_MEDIAN_IQR,1.0012187389044778,49152,2352749618.3789415,15,1.0006093637076583
EXPLORATORY_CONSUMED_DIAGNOSTIC_ONLY,COVARIANCE_AND_SINGULAR_SPECTRUM,SS,OVERALL,ALL,38026775694080.12,1,1,1,True,1392,2704,39,8,OBSERVABLE_ONLY_SCOPE_MEDIAN_IQR,1.0012187389044778,49152,1367147423.9874153,16,1.0006093637076583
EXPLORATORY_CONSUMED_DIAGNOSTIC_ONLY,COVARIANCE_AND_SINGULAR_SPECTRUM,SS,OVERALL,ALL,862899613244.0918,1,1,1,True,1392,2704,39,8,OBSERVABLE_ONLY_SCOPE_MEDIAN_IQR,1.0012187389044778,49152,205944754.21863407,17,1.0006093637076583
EXPLORATORY_CONSUMED_DIAGNOSTIC_ONLY,COVARIANCE_AND_SINGULAR_SPECTRUM,SS,OVERALL,ALL,2513465.264432046,1,1,1,True,1392,2704,39,8,OBSERVABLE_ONLY_SCOPE_MEDIAN_IQR,1.0012187389044778,49152,351485.19837592583,18,1.0006093637076583
EXPLORATORY_CONSUMED_DIAGNOSTIC_ONLY,COVARIANCE_AND_SINGULAR_SPECTRUM,SS,OVERALL,ALL,558.0001903069796,1,1,1,True,1392,2704,39,8,OBSERVABLE_ONLY_SCOPE_MEDIAN_IQR,1.0012187389044778,49152,5237.062664697517,19,1.0006093637076583
EXPLORATORY_CONSUMED_DIAGNOSTIC_ONLY,COVARIANCE_AND_SINGULAR_SPECTRUM,SS,OVERALL,ALL,47.54820354055249,1,1,1,True,1392,2704,39,8,OBSERVABLE_ONLY_SCOPE_MEDIAN_IQR,1.0012187389044778,49152,1528.7541661186851,20,1.0006093637076583
EXPLORATORY_CONSUMED_DIAGNOSTIC_ONLY,COVARIANCE_AND_SINGULAR_SPECTRUM,SS,OVERALL,ALL,16.2221285536194,1,1,1,True,1392,2704,39,8,OBSERVABLE_ONLY_SCOPE_MEDIAN_IQR,1.0012187389044778,49152,892.9446022388515,21,1.0006093637076583
EXPLORATORY_CONSUMED_DIAGNOSTIC_ONLY,COVARIANCE_AND_SINGULAR_SPECTRUM,SS,OVERALL,ALL,10.96595791440918,1,1,1,True,1392,2704,39,8,OBSERVABLE_ONLY_SCOPE_MEDIAN_IQR,1.0012187389044778,49152,734.1653515448955,22,1.0006093637076583
EXPLORATORY_CONSUMED_DIAGNOSTIC_ONLY,COVARIANCE_AND_SINGULAR_SPECTRUM,SS,OVERALL,ALL,2.4211915606036016e-05,1,1,1,True,1392,2704,39,8,OBSERVABLE_ONLY_SCOPE_MEDIAN_IQR,1.0012187389044778,49152,1.0909005801941267,23,1.0006093637076583
EXPLORATORY_CONSUMED_DIAGNOSTIC_ONLY,COVARIANCE_AND_SINGULAR_SPECTRUM,SS,OVERALL,ALL,0.0,1,1,1,True,1392,2704,39,8,OBSERVABLE_ONLY_SCOPE_MEDIAN_IQR,1.0012187389044778,49152,0.0,24,1.0006093637076583
EXPLORATORY_CONSUMED_DIAGNOSTIC_ONLY,COVARIANCE_AND_SINGULAR_SPECTRUM,SS,OVERALL,ALL,0.0,1,1,1,True,1392,2704,39,8,OBSERVABLE_ONLY_SCOPE_MEDIAN_IQR,1.0012187389044778,49152,0.0,25,1.0006093637076583
EXPLORATORY_CONSUMED_DIAGNOSTIC_ONLY,COVARIANCE_AND_SINGULAR_SPECTRUM,SS,OVERALL,ALL,0.0,1,1,1,True,1392,2704,39,8,OBSERVABLE_ONLY_SCOPE_MEDIAN_IQR,1.0012187389044778,49152,0.0,26,1.0006093637076583
EXPLORATORY_CONSUMED_DIAGNOSTIC_ONLY,COVARIANCE_AND_SINGULAR_SPECTRUM,SS,OVERALL,ALL,0.0,1,1,1,True,1392,2704,39,8,OBSERVABLE_ONLY_SCOPE_MEDIAN_IQR,1.0012187389044778,49152,0.0,27,1.0006093637076583
EXPLORATORY_CONSUMED_DIAGNOSTIC_ONLY,COVARIANCE_AND_SINGULAR_SPECTRUM,SS,OVERALL,ALL,0.0,1,1,1,True,1392,2704,39,8,OBSERVABLE_ONLY_SCOPE_MEDIAN_IQR,1.0012187389044778,49152,0.0,28,1.0006093637076583
EXPLORATORY_CONSUMED_DIAGNOSTIC_ONLY,COVARIANCE_AND_SINGULAR_SPECTRUM,SS,OVERALL,ALL,0.0,1,1,1,True,1392,2704,39,8,OBSERVABLE_ONLY_SCOPE_MEDIAN_IQR,1.0012187389044778,49152,0.0,29,1.0006093637076583
EXPLORATORY_CONSUMED_DIAGNOSTIC_ONLY,COVARIANCE_AND_SINGULAR_SPECTRUM,SS,OVERALL,ALL,0.0,1,1,1,True,1392,2704,39,8,OBSERVABLE_ONLY_SCOPE_MEDIAN_IQR,1.0012187389044778,49152,0.0,30,1.0006093637076583
EXPLORATORY_CONSUMED_DIAGNOSTIC_ONLY,COVARIANCE_AND_SINGULAR_SPECTRUM,SS,OVERALL,ALL,0.0,1,1,1,True,1392,2704,39,8,OBSERVABLE_ONLY_SCOPE_MEDIAN_IQR,1.0012187389044778,49152,0.0,31,1.0006093637076583
EXPLORATORY_CONSUMED_DIAGNOSTIC_ONLY,COVARIANCE_AND_SINGULAR_SPECTRUM,SS,OVERALL,ALL,0.0,1,1,1,True,1392,2704,39,8,OBSERVABLE_ONLY_SCOPE_MEDIAN_IQR,1.0012187389044778,49152,0.0,32,1.0006093637076583
EXPLORATORY_CONSUMED_DIAGNOSTIC_ONLY,COVARIANCE_AND_SINGULAR_SPECTRUM,SS,OVERALL,ALL,0.0,1,1,1,True,1392,2704,39,8,OBSERVABLE_ONLY_SCOPE_MEDIAN_IQR,1.0012187389044778,49152,0.0,33,1.0006093637076583
EXPLORATORY_CONSUMED_DIAGNOSTIC_ONLY,COVARIANCE_AND_SINGULAR_SPECTRUM,SS,OVERALL,ALL,0.0,1,1,1,True,1392,2704,39,8,OBSERVABLE_ONLY_SCOPE_MEDIAN_IQR,1.0012187389044778,49152,0.0,34,1.0006093637076583
EXPLORATORY_CONSUMED_DIAGNOSTIC_ONLY,COVARIANCE_AND_SINGULAR_SPECTRUM,SS,OVERALL,ALL,0.0,1,1,1,True,1392,2704,39,8,OBSERVABLE_ONLY_SCOPE_MEDIAN_IQR,1.0012187389044778,49152,0.0,35,1.0006093637076583
EXPLORATORY_CONSUMED_DIAGNOSTIC_ONLY,COVARIANCE_AND_SINGULAR_SPECTRUM,SS,OVERALL,ALL,0.0,1,1,1,True,1392,2704,39,8,OBSERVABLE_ONLY_SCOPE_MEDIAN_IQR,1.0012187389044778,49152,0.0,36,1.0006093637076583
EXPLORATORY_CONSUMED_DIAGNOSTIC_ONLY,COVARIANCE_AND_SINGULAR_SPECTRUM,SS,OVERALL,ALL,0.0,1,1,1,True,1392,2704,39,8,OBSERVABLE_ONLY_SCOPE_MEDIAN_IQR,1.0012187389044778,49152,0.0,37,1.0006093637076583
EXPLORATORY_CONSUMED_DIAGNOSTIC_ONLY,COVARIANCE_AND_SINGULAR_SPECTRUM,SS,OVERALL,ALL,0.0,1,1,1,True,1392,2704,39,8,OBSERVABLE_ONLY_SCOPE_MEDIAN_IQR,1.0012187389044778,49152,0.0,38,1.0006093637076583
EXPLORATORY_CONSUMED_DIAGNOSTIC_ONLY,COVARIANCE_AND_SINGULAR_SPECTRUM,SS,OVERALL,ALL,0.0,1,1,1,True,1392,2704,39,8,OBSERVABLE_ONLY_SCOPE_MEDIAN_IQR,1.0012187389044778,49152,0.0,39,1.0006093637076583
EXPLORATORY_CONSUMED_DIAGNOSTIC_ONLY,COVARIANCE_AND_SINGULAR_SPECTRUM,SS,TRAIN_EXCLUDING_FOLD,FOLD_0,5.3534260726745476e+29,1,1,1,True,1133,2189,39,9,FROZEN_TRAIN_FOLD_MEDIAN_IQR,1.0059195475896388,39680,1.4574770892323696e+17,1,1.002959650033169
EXPLORATORY_CONSUMED_DIAGNOSTIC_ONLY,COVARIANCE_AND_SINGULAR_SPECTRUM,SS,TRAIN_EXCLUDING_FOLD,FOLD_0,1.5571235001959987e+27,1,1,1,True,1133,2189,39,9,FROZEN_TRAIN_FOLD_MEDIAN_IQR,1.0059195475896388,39680,7860449127612062.0,2,1.002959650033169
EXPLORATORY_CONSUMED_DIAGNOSTIC_ONLY,COVARIANCE_AND_SINGULAR_SPECTRUM,SS,TRAIN_EXCLUDING_FOLD,FOLD_0,2.1004860024356467e+25,1,1,1,True,1133,2189,39,9,FROZEN_TRAIN_FOLD_MEDIAN_IQR,1.0059195475896388,39680,912947340084007.6,3,1.002959650033169
EXPLORATORY_CONSUMED_DIAGNOSTIC_ONLY,COVARIANCE_AND_SINGULAR_SPECTRUM,SS,TRAIN_EXCLUDING_FOLD,FOLD_0,6.298405134219697e+24,1,1,1,True,1133,2189,39,9,FROZEN_TRAIN_FOLD_MEDIAN_IQR,1.0059195475896388,39680,499920709438844.5,4,1.002959650033169
EXPLORATORY_CONSUMED_DIAGNOSTIC_ONLY,COVARIANCE_AND_SINGULAR_SPECTRUM,SS,TRAIN_EXCLUDING_FOLD,FOLD_0,269485632891214.28,1,1,1,True,1133,2189,39,9,FROZEN_TRAIN_FOLD_MEDIAN_IQR,1.0059195475896388,39680,3270044328.923292,5,1.002959650033169
EXPLORATORY_CONSUMED_DIAGNOSTIC_ONLY,COVARIANCE_AND_SINGULAR_SPECTRUM,SS,TRAIN_EXCLUDING_FOLD,FOLD_0,194344497500042.97,1,1,1,True,1133,2189,39,9,FROZEN_TRAIN_FOLD_MEDIAN_IQR,1.0059195475896388,39680,2776974911.8063173,6,1.002959650033169
EXPLORATORY_CONSUMED_DIAGNOSTIC_ONLY,COVARIANCE_AND_SINGULAR_SPECTRUM,SS,TRAIN_EXCLUDING_FOLD,FOLD_0,142064120158442.22,1,1,1,True,1133,2189,39,9,FROZEN_TRAIN_FOLD_MEDIAN_IQR,1.0059195475896388,39680,2374258681.754578,7,1.002959650033169
EXPLORATORY_CONSUMED_DIAGNOSTIC_ONLY,COVARIANCE_AND_SINGULAR_SPECTRUM,SS,TRAIN_EXCLUDING_FOLD,FOLD_0,122484398199983.5,1,1,1,True,1133,2189,39,9,FROZEN_TRAIN_FOLD_MEDIAN_IQR,1.0059195475896388,39680,2204581801.7427583,8,1.002959650033169
EXPLORATORY_CONSUMED_DIAGNOSTIC_ONLY,COVARIANCE_AND_SINGULAR_SPECTRUM,SS,TRAIN_EXCLUDING_FOLD,FOLD_0,108716171138701.77,1,1,1,True,1133,2189,39,9,FROZEN_TRAIN_FOLD_MEDIAN_IQR,1.0059195475896388,39680,2076982828.7166185,9,1.002959650033169
EXPLORATORY_CONSUMED_DIAGNOSTIC_ONLY,COVARIANCE_AND_SINGULAR_SPECTRUM,SS,TRAIN_EXCLUDING_FOLD,FOLD_0,92252288974410.28,1,1,1,True,1133,2189,39,9,FROZEN_TRAIN_FOLD_MEDIAN_IQR,1.0059195475896388,39680,1913261829.0512671,10,1.002959650033169
EXPLORATORY_CONSUMED_DIAGNOSTIC_ONLY,COVARIANCE_AND_SINGULAR_SPECTRUM,SS,TRAIN_EXCLUDING_FOLD,FOLD_0,84382008657033.8,1,1,1,True,1133,2189,39,9,FROZEN_TRAIN_FOLD_MEDIAN_IQR,1.0059195475896388,39680,1829830075.0373247,11,1.002959650033169
EXPLORATORY_CONSUMED_DIAGNOSTIC_ONLY,COVARIANCE_AND_SINGULAR_SPECTRUM,SS,TRAIN_EXCLUDING_FOLD,FOLD_0,81144735634066.83,1,1,1,True,1133,2189,39,9,FROZEN_TRAIN_FOLD_MEDIAN_IQR,1.0059195475896388,39680,1794386555.332984,12,1.002959650033169
EXPLORATORY_CONSUMED_DIAGNOSTIC_ONLY,COVARIANCE_AND_SINGULAR_SPECTRUM,SS,TRAIN_EXCLUDING_FOLD,FOLD_0,64353649794415.445,1,1,1,True,1133,2189,39,9,FROZEN_TRAIN_FOLD_MEDIAN_IQR,1.0059195475896388,39680,1597983987.3548186,13,1.002959650033169
EXPLORATORY_CONSUMED_DIAGNOSTIC_ONLY,COVARIANCE_AND_SINGULAR_SPECTRUM,SS,TRAIN_EXCLUDING_FOLD,FOLD_0,41932733092474.28,1,1,1,True,1133,2189,39,9,FROZEN_TRAIN_FOLD_MEDIAN_IQR,1.0059195475896388,39680,1289918931.2159812,14,1.002959650033169
EXPLORATORY_CONSUMED_DIAGNOSTIC_ONLY,COVARIANCE_AND_SINGULAR_SPECTRUM,SS,TRAIN_EXCLUDING_FOLD,FOLD_0,22977738352415.984,1,1,1,True,1133,2189,39,9,FROZEN_TRAIN_FOLD_MEDIAN_IQR,1.0059195475896388,39680,954859496.3783238,15,1.002959650033169
EXPLORATORY_CONSUMED_DIAGNOSTIC_ONLY,COVARIANCE_AND_SINGULAR_SPECTRUM,SS,TRAIN_EXCLUDING_FOLD,FOLD_0,21393482200731.75,1,1,1,True,1133,2189,39,9,FROZEN_TRAIN_FOLD_MEDIAN_IQR,1.0059195475896388,39680,921354097.9042943,16,1.002959650033169
EXPLORATORY_CONSUMED_DIAGNOSTIC_ONLY,COVARIANCE_AND_SINGULAR_SPECTRUM,SS,TRAIN_EXCLUDING_FOLD,FOLD_0,13871166317336.03,1,1,1,True,1133,2189,39,9,FROZEN_TRAIN_FOLD_MEDIAN_IQR,1.0059195475896388,39680,741894790.0288111,17,1.002959650033169
EXPLORATORY_CONSUMED_DIAGNOSTIC_ONLY,COVARIANCE_AND_SINGULAR_SPECTRUM,SS,TRAIN_EXCLUDING_FOLD,FOLD_0,3296411787808.371,1,1,1,True,1133,2189,39,9,FROZEN_TRAIN_FOLD_MEDIAN_IQR,1.0059195475896388,39680,361665065.68956333,18,1.002959650033169
EXPLORATORY_CONSUMED_DIAGNOSTIC_ONLY,COVARIANCE_AND_SINGULAR_SPECTRUM,SS,TRAIN_EXCLUDING_FOLD,FOLD_0,75589466.65175436,1,1,1,True,1133,2189,39,9,FROZEN_TRAIN_FOLD_MEDIAN_IQR,1.0059195475896388,39680,1731874.717391998,19,1.002959650033169
EXPLORATORY_CONSUMED_DIAGNOSTIC_ONLY,COVARIANCE_AND_SINGULAR_SPECTRUM,SS,TRAIN_EXCLUDING_FOLD,FOLD_0,1116.5204727567902,1,1,1,True,1133,2189,39,9,FROZEN_TRAIN_FOLD_MEDIAN_IQR,1.0059195475896388,39680,6656.089870110637,20,1.002959650033169
EXPLORATORY_CONSUMED_DIAGNOSTIC_ONLY,COVARIANCE_AND_SINGULAR_SPECTRUM,SS,TRAIN_EXCLUDING_FOLD,FOLD_0,48.01760374874164,1,1,1,True,1133,2189,39,9,FROZEN_TRAIN_FOLD_MEDIAN_IQR,1.0059195475896388,39680,1380.3400004165887,21,1.002959650033169
EXPLORATORY_CONSUMED_DIAGNOSTIC_ONLY,COVARIANCE_AND_SINGULAR_SPECTRUM,SS,TRAIN_EXCLUDING_FOLD,FOLD_0,17.191951756675444,1,1,1,True,1133,2189,39,9,FROZEN_TRAIN_FOLD_MEDIAN_IQR,1.0059195475896388,39680,825.9398559852174,22,1.002959650033169
EXPLORATORY_CONSUMED_DIAGNOSTIC_ONLY,COVARIANCE_AND_SINGULAR_SPECTRUM,SS,TRAIN_EXCLUDING_FOLD,FOLD_0,12.735174686895016,1,1,1,True,1133,2189,39,9,FROZEN_TRAIN_FOLD_MEDIAN_IQR,1.0059195475896388,39680,710.8668873818742,23,1.002959650033169
EXPLORATORY_CONSUMED_DIAGNOSTIC_ONLY,COVARIANCE_AND_SINGULAR_SPECTRUM,SS,TRAIN_EXCLUDING_FOLD,FOLD_0,2.4633265400347098e-05,1,1,1,True,1133,2189,39,9,FROZEN_TRAIN_FOLD_MEDIAN_IQR,1.0059195475896388,39680,0.9886596841612248,24,1.002959650033169
EXPLORATORY_CONSUMED_DIAGNOSTIC_ONLY,COVARIANCE_AND_SINGULAR_SPECTRUM,SS,TRAIN_EXCLUDING_FOLD,FOLD_0,0.0,1,1,1,True,1133,2189,39,9,FROZEN_TRAIN_FOLD_MEDIAN_IQR,1.0059195475896388,39680,0.0,25,1.002959650033169
EXPLORATORY_CONSUMED_DIAGNOSTIC_ONLY,COVARIANCE_AND_SINGULAR_SPECTRUM,SS,TRAIN_EXCLUDING_FOLD,FOLD_0,0.0,1,1,1,True,1133,2189,39,9,FROZEN_TRAIN_FOLD_MEDIAN_IQR,1.0059195475896388,39680,0.0,26,1.002959650033169
EXPLORATORY_CONSUMED_DIAGNOSTIC_ONLY,COVARIANCE_AND_SINGULAR_SPECTRUM,SS,TRAIN_EXCLUDING_FOLD,FOLD_0,0.0,1,1,1,True,1133,2189,39,9,FROZEN_TRAIN_FOLD_MEDIAN_IQR,1.0059195475896388,39680,0.0,27,1.002959650033169
EXPLORATORY_CONSUMED_DIAGNOSTIC_ONLY,COVARIANCE_AND_SINGULAR_SPECTRUM,SS,TRAIN_EXCLUDING_FOLD,FOLD_0,0.0,1,1,1,True,1133,2189,39,9,FROZEN_TRAIN_FOLD_MEDIAN_IQR,1.0059195475896388,39680,0.0,28,1.002959650033169
EXPLORATORY_CONSUMED_DIAGNOSTIC_ONLY,COVARIANCE_AND_SINGULAR_SPECTRUM,SS,TRAIN_EXCLUDING_FOLD,FOLD_0,0.0,1,1,1,True,1133,2189,39,9,FROZEN_TRAIN_FOLD_MEDIAN_IQR,1.0059195475896388,39680,0.0,29,1.002959650033169
EXPLORATORY_CONSUMED_DIAGNOSTIC_ONLY,COVARIANCE_AND_SINGULAR_SPECTRUM,SS,TRAIN_EXCLUDING_FOLD,FOLD_0,0.0,1,1,1,True,1133,2189,39,9,FROZEN_TRAIN_FOLD_MEDIAN_IQR,1.0059195475896388,39680,0.0,30,1.002959650033169
EXPLORATORY_CONSUMED_DIAGNOSTIC_ONLY,COVARIANCE_AND_SINGULAR_SPECTRUM,SS,TRAIN_EXCLUDING_FOLD,FOLD_0,0.0,1,1,1,True,1133,2189,39,9,FROZEN_TRAIN_FOLD_MEDIAN_IQR,1.0059195475896388,39680,0.0,31,1.002959650033169
EXPLORATORY_CONSUMED_DIAGNOSTIC_ONLY,COVARIANCE_AND_SINGULAR_SPECTRUM,SS,TRAIN_EXCLUDING_FOLD,FOLD_0,0.0,1,1,1,True,1133,2189,39,9,FROZEN_TRAIN_FOLD_MEDIAN_IQR,1.0059195475896388,39680,0.0,32,1.002959650033169
EXPLORATORY_CONSUMED_DIAGNOSTIC_ONLY,COVARIANCE_AND_SINGULAR_SPECTRUM,SS,TRAIN_EXCLUDING_FOLD,FOLD_0,0.0,1,1,1,True,1133,2189,39,9,FROZEN_TRAIN_FOLD_MEDIAN_IQR,1.0059195475896388,39680,0.0,33,1.002959650033169
EXPLORATORY_CONSUMED_DIAGNOSTIC_ONLY,COVARIANCE_AND_SINGULAR_SPECTRUM,SS,TRAIN_EXCLUDING_FOLD,FOLD_0,0.0,1,1,1,True,1133,2189,39,9,FROZEN_TRAIN_FOLD_MEDIAN_IQR,1.0059195475896388,39680,0.0,34,1.002959650033169
EXPLORATORY_CONSUMED_DIAGNOSTIC_ONLY,COVARIANCE_AND_SINGULAR_SPECTRUM,SS,TRAIN_EXCLUDING_FOLD,FOLD_0,0.0,1,1,1,True,1133,2189,39,9,FROZEN_TRAIN_FOLD_MEDIAN_IQR,1.0059195475896388,39680,0.0,35,1.002959650033169
EXPLORATORY_CONSUMED_DIAGNOSTIC_ONLY,COVARIANCE_AND_SINGULAR_SPECTRUM,SS,TRAIN_EXCLUDING_FOLD,FOLD_0,0.0,1,1,1,True,1133,2189,39,9,FROZEN_TRAIN_FOLD_MEDIAN_IQR,1.0059195475896388,39680,0.0,36,1.002959650033169
EXPLORATORY_CONSUMED_DIAGNOSTIC_ONLY,COVARIANCE_AND_SINGULAR_SPECTRUM,SS,TRAIN_EXCLUDING_FOLD,FOLD_0,0.0,1,1,1,True,1133,2189,39,9,FROZEN_TRAIN_FOLD_MEDIAN_IQR,1.0059195475896388,39680,0.0,37,1.002959650033169
EXPLORATORY_CONSUMED_DIAGNOSTIC_ONLY,COVARIANCE_AND_SINGULAR_SPECTRUM,SS,TRAIN_EXCLUDING_FOLD,FOLD_0,0.0,1,1,1,True,1133,2189,39,9,FROZEN_TRAIN_FOLD_MEDIAN_IQR,1.0059195475896388,39680,0.0,38,1.002959650033169
EXPLORATORY_CONSUMED_DIAGNOSTIC_ONLY,COVARIANCE_AND_SINGULAR_SPECTRUM,SS,TRAIN_EXCLUDING_FOLD,FOLD_0,0.0,1,1,1,True,1133,2189,39,9,FROZEN_TRAIN_FOLD_MEDIAN_IQR,1.0059195475896388,39680,0.0,39,1.002959650033169
EXPLORATORY_CONSUMED_DIAGNOSTIC_ONLY,COVARIANCE_AND_SINGULAR_SPECTRUM,SS,TRAIN_EXCLUDING_FOLD,FOLD_1,1.1490015741895331e+27,1,1,2,True,1069,2075,39,8,FROZEN_TRAIN_FOLD_MEDIAN_IQR,1.0328419488975198,40192,6795636193162912.0,1,1.0163749659864694
EXPLORATORY_CONSUMED_DIAGNOSTIC_ONLY,COVARIANCE_AND_SINGULAR_SPECTRUM,SS,TRAIN_EXCLUDING_FOLD,FOLD_1,1.4312775884109602e+25,1,1,2,True,1069,2075,39,8,FROZEN_TRAIN_FOLD_MEDIAN_IQR,1.0328419488975198,40192,758458362953519.8,2,1.0163749659864694
EXPLORATORY_CONSUMED_DIAGNOSTIC_ONLY,COVARIANCE_AND_SINGULAR_SPECTRUM,SS,TRAIN_EXCLUDING_FOLD,FOLD_1,4.502085811641987e+24,1,1,2,True,1069,2075,39,8,FROZEN_TRAIN_FOLD_MEDIAN_IQR,1.0328419488975198,40192,425379633905426.56,3,1.0163749659864694
EXPLORATORY_CONSUMED_DIAGNOSTIC_ONLY,COVARIANCE_AND_SINGULAR_SPECTRUM,SS,TRAIN_EXCLUDING_FOLD,FOLD_1,394410303473.81866,1,1,2,True,1069,2075,39,8,FROZEN_TRAIN_FOLD_MEDIAN_IQR,1.0328419488975198,40192,125905277.55904324,4,1.0163749659864694
EXPLORATORY_CONSUMED_DIAGNOSTIC_ONLY,COVARIANCE_AND_SINGULAR_SPECTRUM,SS,TRAIN_EXCLUDING_FOLD,FOLD_1,306888638879.8895,1,1,2,True,1069,2075,39,8,FROZEN_TRAIN_FOLD_MEDIAN_IQR,1.0328419488975198,40192,111060650.87987068,5,1.0163749659864694
EXPLORATORY_CONSUMED_DIAGNOSTIC_ONLY,COVARIANCE_AND_SINGULAR_SPECTRUM,SS,TRAIN_EXCLUDING_FOLD,FOLD_1,231301191033.97858,1,1,2,True,1069,2075,39,8,FROZEN_TRAIN_FOLD_MEDIAN_IQR,1.0328419488975198,40192,96418138.69826396,6,1.0163749659864694
EXPLORATORY_CONSUMED_DIAGNOSTIC_ONLY,COVARIANCE_AND_SINGULAR_SPECTRUM,SS,TRAIN_EXCLUDING_FOLD,FOLD_1,185680783233.80753,1,1,2,True,1069,2075,39,8,FROZEN_TRAIN_FOLD_MEDIAN_IQR,1.0328419488975198,40192,86387973.9300164,7,1.0163749659864694
EXPLORATORY_CONSUMED_DIAGNOSTIC_ONLY,COVARIANCE_AND_SINGULAR_SPECTRUM,SS,TRAIN_EXCLUDING_FOLD,FOLD_1,175939583082.35535,1,1,2,True,1069,2075,39,8,FROZEN_TRAIN_FOLD_MEDIAN_IQR,1.0328419488975198,40192,84091401.00655968,8,1.0163749659864694
EXPLORATORY_CONSUMED_DIAGNOSTIC_ONLY,COVARIANCE_AND_SINGULAR_SPECTRUM,SS,TRAIN_EXCLUDING_FOLD,FOLD_1,117643531156.04498,1,1,2,True,1069,2075,39,8,FROZEN_TRAIN_FOLD_MEDIAN_IQR,1.0328419488975198,40192,68762844.64900911,9,1.0163749659864694
EXPLORATORY_CONSUMED_DIAGNOSTIC_ONLY,COVARIANCE_AND_SINGULAR_SPECTRUM,SS,TRAIN_EXCLUDING_FOLD,FOLD_1,84581365935.61037,1,1,2,True,1069,2075,39,8,FROZEN_TRAIN_FOLD_MEDIAN_IQR,1.0328419488975198,40192,58305182.0997418,10,1.0163749659864694
EXPLORATORY_CONSUMED_DIAGNOSTIC_ONLY,COVARIANCE_AND_SINGULAR_SPECTRUM,SS,TRAIN_EXCLUDING_FOLD,FOLD_1,60167745956.82213,1,1,2,True,1069,2075,39,8,FROZEN_TRAIN_FOLD_MEDIAN_IQR,1.0328419488975198,40192,49175827.8577656,11,1.0163749659864694
EXPLORATORY_CONSUMED_DIAGNOSTIC_ONLY,COVARIANCE_AND_SINGULAR_SPECTRUM,SS,TRAIN_EXCLUDING_FOLD,FOLD_1,5644484146.376995,1,1,2,True,1069,2075,39,8,FROZEN_TRAIN_FOLD_MEDIAN_IQR,1.0328419488975198,40192,15061975.528169742,12,1.0163749659864694
EXPLORATORY_CONSUMED_DIAGNOSTIC_ONLY,COVARIANCE_AND_SINGULAR_SPECTRUM,SS,TRAIN_EXCLUDING_FOLD,FOLD_1,83339.52478426509,1,1,2,True,1069,2075,39,8,FROZEN_TRAIN_FOLD_MEDIAN_IQR,1.0328419488975198,40192,57875.57498746066,13,1.0163749659864694
EXPLORATORY_CONSUMED_DIAGNOSTIC_ONLY,COVARIANCE_AND_SINGULAR_SPECTRUM,SS,TRAIN_EXCLUDING_FOLD,FOLD_1,11945.609628586633,1,1,2,True,1069,2075,39,8,FROZEN_TRAIN_FOLD_MEDIAN_IQR,1.0328419488975198,40192,21911.59378484719,14,1.0163749659864694
EXPLORATORY_CONSUMED_DIAGNOSTIC_ONLY,COVARIANCE_AND_SINGULAR_SPECTRUM,SS,TRAIN_EXCLUDING_FOLD,FOLD_1,241.41662141438047,1,1,2,True,1069,2075,39,8,FROZEN_TRAIN_FOLD_MEDIAN_IQR,1.0328419488975198,40192,3114.9665885666864,15,1.0163749659864694
EXPLORATORY_CONSUMED_DIAGNOSTIC_ONLY,COVARIANCE_AND_SINGULAR_SPECTRUM,SS,TRAIN_EXCLUDING_FOLD,FOLD_1,32.948782978070284,1,1,2,True,1069,2075,39,8,FROZEN_TRAIN_FOLD_MEDIAN_IQR,1.0328419488975198,40192,1150.772560263148,16,1.0163749659864694
EXPLORATORY_CONSUMED_DIAGNOSTIC_ONLY,COVARIANCE_AND_SINGULAR_SPECTRUM,SS,TRAIN_EXCLUDING_FOLD,FOLD_1,15.239515507267432,1,1,2,True,1069,2075,39,8,FROZEN_TRAIN_FOLD_MEDIAN_IQR,1.0328419488975198,40192,782.6280133422855,17,1.0163749659864694
EXPLORATORY_CONSUMED_DIAGNOSTIC_ONLY,COVARIANCE_AND_SINGULAR_SPECTRUM,SS,TRAIN_EXCLUDING_FOLD,FOLD_1,13.163676172496222,1,1,2,True,1069,2075,39,8,FROZEN_TRAIN_FOLD_MEDIAN_IQR,1.0328419488975198,40192,727.3750564357897,18,1.0163749659864694
EXPLORATORY_CONSUMED_DIAGNOSTIC_ONLY,COVARIANCE_AND_SINGULAR_SPECTRUM,SS,TRAIN_EXCLUDING_FOLD,FOLD_1,8.460066906587706,1,1,2,True,1069,2075,39,8,FROZEN_TRAIN_FOLD_MEDIAN_IQR,1.0328419488975198,40192,583.1183491449854,19,1.0163749659864694
EXPLORATORY_CONSUMED_DIAGNOSTIC_ONLY,COVARIANCE_AND_SINGULAR_SPECTRUM,SS,TRAIN_EXCLUDING_FOLD,FOLD_1,5.889668672383818,1,1,2,True,1069,2075,39,8,FROZEN_TRAIN_FOLD_MEDIAN_IQR,1.0328419488975198,40192,486.5362918431167,20,1.0163749659864694
EXPLORATORY_CONSUMED_DIAGNOSTIC_ONLY,COVARIANCE_AND_SINGULAR_SPECTRUM,SS,TRAIN_EXCLUDING_FOLD,FOLD_1,5.253979483185584,1,1,2,True,1069,2075,39,8,FROZEN_TRAIN_FOLD_MEDIAN_IQR,1.0328419488975198,40192,459.53013327549587,21,1.0163749659864694
EXPLORATORY_CONSUMED_DIAGNOSTIC_ONLY,COVARIANCE_AND_SINGULAR_SPECTRUM,SS,TRAIN_EXCLUDING_FOLD,FOLD_1,0.771348252397068,1,1,2,True,1069,2075,39,8,FROZEN_TRAIN_FOLD_MEDIAN_IQR,1.0328419488975198,40192,176.07393038250424,22,1.0163749659864694
EXPLORATORY_CONSUMED_DIAGNOSTIC_ONLY,COVARIANCE_AND_SINGULAR_SPECTRUM,SS,TRAIN_EXCLUDING_FOLD,FOLD_1,0.09572244119646908,1,1,2,True,1069,2075,39,8,FROZEN_TRAIN_FOLD_MEDIAN_IQR,1.0328419488975198,40192,62.026416602674104,23,1.0163749659864694
EXPLORATORY_CONSUMED_DIAGNOSTIC_ONLY,COVARIANCE_AND_SINGULAR_SPECTRUM,SS,TRAIN_EXCLUDING_FOLD,FOLD_1,1.796151276989211e-05,1,1,2,True,1069,2075,39,8,FROZEN_TRAIN_FOLD_MEDIAN_IQR,1.0328419488975198,40192,0.849652353170109,24,1.0163749659864694
EXPLORATORY_CONSUMED_DIAGNOSTIC_ONLY,COVARIANCE_AND_SINGULAR_SPECTRUM,SS,TRAIN_EXCLUDING_FOLD,FOLD_1,0.0,1,1,2,True,1069,2075,39,8,FROZEN_TRAIN_FOLD_MEDIAN_IQR,1.0328419488975198,40192,0.0,25,1.0163749659864694
EXPLORATORY_CONSUMED_DIAGNOSTIC_ONLY,COVARIANCE_AND_SINGULAR_SPECTRUM,SS,TRAIN_EXCLUDING_FOLD,FOLD_1,0.0,1,1,2,True,1069,2075,39,8,FROZEN_TRAIN_FOLD_MEDIAN_IQR,1.0328419488975198,40192,0.0,26,1.0163749659864694
EXPLORATORY_CONSUMED_DIAGNOSTIC_ONLY,COVARIANCE_AND_SINGULAR_SPECTRUM,SS,TRAIN_EXCLUDING_FOLD,FOLD_1,0.0,1,1,2,True,1069,2075,39,8,FROZEN_TRAIN_FOLD_MEDIAN_IQR,1.0328419488975198,40192,0.0,27,1.0163749659864694
EXPLORATORY_CONSUMED_DIAGNOSTIC_ONLY,COVARIANCE_AND_SINGULAR_SPECTRUM,SS,TRAIN_EXCLUDING_FOLD,FOLD_1,0.0,1,1,2,True,1069,2075,39,8,FROZEN_TRAIN_FOLD_MEDIAN_IQR,1.0328419488975198,40192,0.0,28,1.0163749659864694
EXPLORATORY_CONSUMED_DIAGNOSTIC_ONLY,COVARIANCE_AND_SINGULAR_SPECTRUM,SS,TRAIN_EXCLUDING_FOLD,FOLD_1,0.0,1,1,2,True,1069,2075,39,8,FROZEN_TRAIN_FOLD_MEDIAN_IQR,1.0328419488975198,40192,0.0,29,1.0163749659864694
EXPLORATORY_CONSUMED_DIAGNOSTIC_ONLY,COVARIANCE_AND_SINGULAR_SPECTRUM,SS,TRAIN_EXCLUDING_FOLD,FOLD_1,0.0,1,1,2,True,1069,2075,39,8,FROZEN_TRAIN_FOLD_MEDIAN_IQR,1.0328419488975198,40192,0.0,30,1.0163749659864694
EXPLORATORY_CONSUMED_DIAGNOSTIC_ONLY,COVARIANCE_AND_SINGULAR_SPECTRUM,SS,TRAIN_EXCLUDING_FOLD,FOLD_1,0.0,1,1,2,True,1069,2075,39,8,FROZEN_TRAIN_FOLD_MEDIAN_IQR,1.0328419488975198,40192,0.0,31,1.0163749659864694
EXPLORATORY_CONSUMED_DIAGNOSTIC_ONLY,COVARIANCE_AND_SINGULAR_SPECTRUM,SS,TRAIN_EXCLUDING_FOLD,FOLD_1,0.0,1,1,2,True,1069,2075,39,8,FROZEN_TRAIN_FOLD_MEDIAN_IQR,1.0328419488975198,40192,0.0,32,1.0163749659864694
EXPLORATORY_CONSUMED_DIAGNOSTIC_ONLY,COVARIANCE_AND_SINGULAR_SPECTRUM,SS,TRAIN_EXCLUDING_FOLD,FOLD_1,0.0,1,1,2,True,1069,2075,39,8,FROZEN_TRAIN_FOLD_MEDIAN_IQR,1.0328419488975198,40192,0.0,33,1.0163749659864694
EXPLORATORY_CONSUMED_DIAGNOSTIC_ONLY,COVARIANCE_AND_SINGULAR_SPECTRUM,SS,TRAIN_EXCLUDING_FOLD,FOLD_1,0.0,1,1,2,True,1069,2075,39,8,FROZEN_TRAIN_FOLD_MEDIAN_IQR,1.0328419488975198,40192,0.0,34,1.0163749659864694
EXPLORATORY_CONSUMED_DIAGNOSTIC_ONLY,COVARIANCE_AND_SINGULAR_SPECTRUM,SS,TRAIN_EXCLUDING_FOLD,FOLD_1,0.0,1,1,2,True,1069,2075,39,8,FROZEN_TRAIN_FOLD_MEDIAN_IQR,1.0328419488975198,40192,0.0,35,1.0163749659864694
EXPLORATORY_CONSUMED_DIAGNOSTIC_ONLY,COVARIANCE_AND_SINGULAR_SPECTRUM,SS,TRAIN_EXCLUDING_FOLD,FOLD_1,0.0,1,1,2,True,1069,2075,39,8,FROZEN_TRAIN_FOLD_MEDIAN_IQR,1.0328419488975198,40192,0.0,36,1.0163749659864694
EXPLORATORY_CONSUMED_DIAGNOSTIC_ONLY,COVARIANCE_AND_SINGULAR_SPECTRUM,SS,TRAIN_EXCLUDING_FOLD,FOLD_1,0.0,1,1,2,True,1069,2075,39,8,FROZEN_TRAIN_FOLD_MEDIAN_IQR,1.0328419488975198,40192,0.0,37,1.0163749659864694
EXPLORATORY_CONSUMED_DIAGNOSTIC_ONLY,COVARIANCE_AND_SINGULAR_SPECTRUM,SS,TRAIN_EXCLUDING_FOLD,FOLD_1,0.0,1,1,2,True,1069,2075,39,8,FROZEN_TRAIN_FOLD_MEDIAN_IQR,1.0328419488975198,40192,0.0,38,1.0163749659864694
EXPLORATORY_CONSUMED_DIAGNOSTIC_ONLY,COVARIANCE_AND_SINGULAR_SPECTRUM,SS,TRAIN_EXCLUDING_FOLD,FOLD_1,0.0,1,1,2,True,1069,2075,39,8,FROZEN_TRAIN_FOLD_MEDIAN_IQR,1.0328419488975198,40192,0.0,39,1.0163749659864694
EXPLORATORY_CONSUMED_DIAGNOSTIC_ONLY,COVARIANCE_AND_SINGULAR_SPECTRUM,SS,TRAIN_EXCLUDING_FOLD,FOLD_2,6.57209443306363e+30,1,1,1,True,1130,2194,39,11,FROZEN_TRAIN_FOLD_MEDIAN_IQR,1.0003987610173457,41216,5.2045695706095674e+17,1,1.0001993798650712
EXPLORATORY_CONSUMED_DIAGNOSTIC_ONLY,COVARIANCE_AND_SINGULAR_SPECTRUM,SS,TRAIN_EXCLUDING_FOLD,FOLD_2,1.2885790041956315e+27,1,1,1,True,1130,2194,39,11,FROZEN_TRAIN_FOLD_MEDIAN_IQR,1.0003987610173457,41216,7287665760511190.0,2,1.0001993798650712
EXPLORATORY_CONSUMED_DIAGNOSTIC_ONLY,COVARIANCE_AND_SINGULAR_SPECTRUM,SS,TRAIN_EXCLUDING_FOLD,FOLD_2,1.6678788865846874e+25,1,1,1,True,1130,2194,39,11,FROZEN_TRAIN_FOLD_MEDIAN_IQR,1.0003987610173457,41216,829115771104822.8,3,1.0001993798650712
EXPLORATORY_CONSUMED_DIAGNOSTIC_ONLY,COVARIANCE_AND_SINGULAR_SPECTRUM,SS,TRAIN_EXCLUDING_FOLD,FOLD_2,5.085508221137594e+24,1,1,1,True,1130,2194,39,11,FROZEN_TRAIN_FOLD_MEDIAN_IQR,1.0003987610173457,41216,457825629298324.75,4,1.0001993798650712
EXPLORATORY_CONSUMED_DIAGNOSTIC_ONLY,COVARIANCE_AND_SINGULAR_SPECTRUM,SS,TRAIN_EXCLUDING_FOLD,FOLD_2,2921799464417145.0,1,1,1,True,1130,2194,39,11,FROZEN_TRAIN_FOLD_MEDIAN_IQR,1.0003987610173457,41216,10973827350.811432,5,1.0001993798650712
EXPLORATORY_CONSUMED_DIAGNOSTIC_ONLY,COVARIANCE_AND_SINGULAR_SPECTRUM,SS,TRAIN_EXCLUDING_FOLD,FOLD_2,2381449640122252.0,1,1,1,True,1130,2194,39,11,FROZEN_TRAIN_FOLD_MEDIAN_IQR,1.0003987610173457,41216,9907261395.929691,6,1.0001993798650712
EXPLORATORY_CONSUMED_DIAGNOSTIC_ONLY,COVARIANCE_AND_SINGULAR_SPECTRUM,SS,TRAIN_EXCLUDING_FOLD,FOLD_2,1954202071599289.0,1,1,1,True,1130,2194,39,11,FROZEN_TRAIN_FOLD_MEDIAN_IQR,1.0003987610173457,41216,8974652783.4249,7,1.0001993798650712
EXPLORATORY_CONSUMED_DIAGNOSTIC_ONLY,COVARIANCE_AND_SINGULAR_SPECTRUM,SS,TRAIN_EXCLUDING_FOLD,FOLD_2,1725869174973679.2,1,1,1,True,1130,2194,39,11,FROZEN_TRAIN_FOLD_MEDIAN_IQR,1.0003987610173457,41216,8434063309.918605,8,1.0001993798650712
EXPLORATORY_CONSUMED_DIAGNOSTIC_ONLY,COVARIANCE_AND_SINGULAR_SPECTRUM,SS,TRAIN_EXCLUDING_FOLD,FOLD_2,1680556622320123.8,1,1,1,True,1130,2194,39,11,FROZEN_TRAIN_FOLD_MEDIAN_IQR,1.0003987610173457,41216,8322609070.811041,9,1.0001993798650712
EXPLORATORY_CONSUMED_DIAGNOSTIC_ONLY,COVARIANCE_AND_SINGULAR_SPECTRUM,SS,TRAIN_EXCLUDING_FOLD,FOLD_2,1630899554331590.8,1,1,1,True,1130,2194,39,11,FROZEN_TRAIN_FOLD_MEDIAN_IQR,1.0003987610173457,41216,8198728927.786968,10,1.0001993798650712
EXPLORATORY_CONSUMED_DIAGNOSTIC_ONLY,COVARIANCE_AND_SINGULAR_SPECTRUM,SS,TRAIN_EXCLUDING_FOLD,FOLD_2,1572104960308789.8,1,1,1,True,1130,2194,39,11,FROZEN_TRAIN_FOLD_MEDIAN_IQR,1.0003987610173457,41216,8049588687.882572,11,1.0001993798650712
EXPLORATORY_CONSUMED_DIAGNOSTIC_ONLY,COVARIANCE_AND_SINGULAR_SPECTRUM,SS,TRAIN_EXCLUDING_FOLD,FOLD_2,1372804943690910.0,1,1,1,True,1130,2194,39,11,FROZEN_TRAIN_FOLD_MEDIAN_IQR,1.0003987610173457,41216,7522069433.285268,12,1.0001993798650712
EXPLORATORY_CONSUMED_DIAGNOSTIC_ONLY,COVARIANCE_AND_SINGULAR_SPECTRUM,SS,TRAIN_EXCLUDING_FOLD,FOLD_2,994755889048595.2,1,1,1,True,1130,2194,39,11,FROZEN_TRAIN_FOLD_MEDIAN_IQR,1.0003987610173457,41216,6403113205.545167,13,1.0001993798650712
EXPLORATORY_CONSUMED_DIAGNOSTIC_ONLY,COVARIANCE_AND_SINGULAR_SPECTRUM,SS,TRAIN_EXCLUDING_FOLD,FOLD_2,504165565461370.8,1,1,1,True,1130,2194,39,11,FROZEN_TRAIN_FOLD_MEDIAN_IQR,1.0003987610173457,41216,4558474300.25177,14,1.0001993798650712
EXPLORATORY_CONSUMED_DIAGNOSTIC_ONLY,COVARIANCE_AND_SINGULAR_SPECTRUM,SS,TRAIN_EXCLUDING_FOLD,FOLD_2,390702160567321.44,1,1,1,True,1130,2194,39,11,FROZEN_TRAIN_FOLD_MEDIAN_IQR,1.0003987610173457,41216,4012876804.7303324,15,1.0001993798650712
EXPLORATORY_CONSUMED_DIAGNOSTIC_ONLY,COVARIANCE_AND_SINGULAR_SPECTRUM,SS,TRAIN_EXCLUDING_FOLD,FOLD_2,305812046806095.6,1,1,1,True,1130,2194,39,11,FROZEN_TRAIN_FOLD_MEDIAN_IQR,1.0003987610173457,41216,3550260458.2143035,16,1.0001993798650712
EXPLORATORY_CONSUMED_DIAGNOSTIC_ONLY,COVARIANCE_AND_SINGULAR_SPECTRUM,SS,TRAIN_EXCLUDING_FOLD,FOLD_2,9149442970583.676,1,1,1,True,1130,2194,39,11,FROZEN_TRAIN_FOLD_MEDIAN_IQR,1.0003987610173457,41216,614087486.8254334,17,1.0001993798650712
EXPLORATORY_CONSUMED_DIAGNOSTIC_ONLY,COVARIANCE_AND_SINGULAR_SPECTRUM,SS,TRAIN_EXCLUDING_FOLD,FOLD_2,4653842634806.31,1,1,1,True,1130,2194,39,11,FROZEN_TRAIN_FOLD_MEDIAN_IQR,1.0003987610173457,41216,437964357.0385344,18,1.0001993798650712
EXPLORATORY_CONSUMED_DIAGNOSTIC_ONLY,COVARIANCE_AND_SINGULAR_SPECTRUM,SS,TRAIN_EXCLUDING_FOLD,FOLD_2,95.33136727212685,1,1,1,True,1130,2194,39,11,FROZEN_TRAIN_FOLD_MEDIAN_IQR,1.0003987610173457,41216,1982.2153347928627,19,1.0001993798650712
EXPLORATORY_CONSUMED_DIAGNOSTIC_ONLY,COVARIANCE_AND_SINGULAR_SPECTRUM,SS,TRAIN_EXCLUDING_FOLD,FOLD_2,18.767283523180726,1,1,1,True,1130,2194,39,11,FROZEN_TRAIN_FOLD_MEDIAN_IQR,1.0003987610173457,41216,879.4955131729877,20,1.0001993798650712
EXPLORATORY_CONSUMED_DIAGNOSTIC_ONLY,COVARIANCE_AND_SINGULAR_SPECTRUM,SS,TRAIN_EXCLUDING_FOLD,FOLD_2,9.297948883305006,1,1,1,True,1130,2194,39,11,FROZEN_TRAIN_FOLD_MEDIAN_IQR,1.0003987610173457,41216,619.0510973855867,21,1.0001993798650712
EXPLORATORY_CONSUMED_DIAGNOSTIC_ONLY,COVARIANCE_AND_SINGULAR_SPECTRUM,SS,TRAIN_EXCLUDING_FOLD,FOLD_2,0.004230405015978599,1,1,1,True,1130,2194,39,11,FROZEN_TRAIN_FOLD_MEDIAN_IQR,1.0003987610173457,41216,13.204558801360005,22,1.0001993798650712
EXPLORATORY_CONSUMED_DIAGNOSTIC_ONLY,COVARIANCE_AND_SINGULAR_SPECTRUM,SS,TRAIN_EXCLUDING_FOLD,FOLD_2,2.5231116092893233e-05,1,1,1,True,1130,2194,39,11,FROZEN_TRAIN_FOLD_MEDIAN_IQR,1.0003987610173457,41216,1.0197674641234087,23,1.0001993798650712
EXPLORATORY_CONSUMED_DIAGNOSTIC_ONLY,COVARIANCE_AND_SINGULAR_SPECTRUM,SS,TRAIN_EXCLUDING_FOLD,FOLD_2,0.0,1,1,1,True,1130,2194,39,11,FROZEN_TRAIN_FOLD_MEDIAN_IQR,1.0003987610173457,41216,0.0,24,1.0001993798650712
EXPLORATORY_CONSUMED_DIAGNOSTIC_ONLY,COVARIANCE_AND_SINGULAR_SPECTRUM,SS,TRAIN_EXCLUDING_FOLD,FOLD_2,0.0,1,1,1,True,1130,2194,39,11,FROZEN_TRAIN_FOLD_MEDIAN_IQR,1.0003987610173457,41216,0.0,25,1.0001993798650712
EXPLORATORY_CONSUMED_DIAGNOSTIC_ONLY,COVARIANCE_AND_SINGULAR_SPECTRUM,SS,TRAIN_EXCLUDING_FOLD,FOLD_2,0.0,1,1,1,True,1130,2194,39,11,FROZEN_TRAIN_FOLD_MEDIAN_IQR,1.0003987610173457,41216,0.0,26,1.0001993798650712
EXPLORATORY_CONSUMED_DIAGNOSTIC_ONLY,COVARIANCE_AND_SINGULAR_SPECTRUM,SS,TRAIN_EXCLUDING_FOLD,FOLD_2,0.0,1,1,1,True,1130,2194,39,11,FROZEN_TRAIN_FOLD_MEDIAN_IQR,1.0003987610173457,41216,0.0,27,1.0001993798650712
EXPLORATORY_CONSUMED_DIAGNOSTIC_ONLY,COVARIANCE_AND_SINGULAR_SPECTRUM,SS,TRAIN_EXCLUDING_FOLD,FOLD_2,0.0,1,1,1,True,1130,2194,39,11,FROZEN_TRAIN_FOLD_MEDIAN_IQR,1.0003987610173457,41216,0.0,28,1.0001993798650712
EXPLORATORY_CONSUMED_DIAGNOSTIC_ONLY,COVARIANCE_AND_SINGULAR_SPECTRUM,SS,TRAIN_EXCLUDING_FOLD,FOLD_2,0.0,1,1,1,True,1130,2194,39,11,FROZEN_TRAIN_FOLD_MEDIAN_IQR,1.0003987610173457,41216,0.0,29,1.0001993798650712
EXPLORATORY_CONSUMED_DIAGNOSTIC_ONLY,COVARIANCE_AND_SINGULAR_SPECTRUM,SS,TRAIN_EXCLUDING_FOLD,FOLD_2,0.0,1,1,1,True,1130,2194,39,11,FROZEN_TRAIN_FOLD_MEDIAN_IQR,1.0003987610173457,41216,0.0,30,1.0001993798650712
EXPLORATORY_CONSUMED_DIAGNOSTIC_ONLY,COVARIANCE_AND_SINGULAR_SPECTRUM,SS,TRAIN_EXCLUDING_FOLD,FOLD_2,0.0,1,1,1,True,1130,2194,39,11,FROZEN_TRAIN_FOLD_MEDIAN_IQR,1.0003987610173457,41216,0.0,31,1.0001993798650712
EXPLORATORY_CONSUMED_DIAGNOSTIC_ONLY,COVARIANCE_AND_SINGULAR_SPECTRUM,SS,TRAIN_EXCLUDING_FOLD,FOLD_2,0.0,1,1,1,True,1130,2194,39,11,FROZEN_TRAIN_FOLD_MEDIAN_IQR,1.0003987610173457,41216,0.0,32,1.0001993798650712
EXPLORATORY_CONSUMED_DIAGNOSTIC_ONLY,COVARIANCE_AND_SINGULAR_SPECTRUM,SS,TRAIN_EXCLUDING_FOLD,FOLD_2,0.0,1,1,1,True,1130,2194,39,11,FROZEN_TRAIN_FOLD_MEDIAN_IQR,1.0003987610173457,41216,0.0,33,1.0001993798650712
EXPLORATORY_CONSUMED_DIAGNOSTIC_ONLY,COVARIANCE_AND_SINGULAR_SPECTRUM,SS,TRAIN_EXCLUDING_FOLD,FOLD_2,0.0,1,1,1,True,1130,2194,39,11,FROZEN_TRAIN_FOLD_MEDIAN_IQR,1.0003987610173457,41216,0.0,34,1.0001993798650712
EXPLORATORY_CONSUMED_DIAGNOSTIC_ONLY,COVARIANCE_AND_SINGULAR_SPECTRUM,SS,TRAIN_EXCLUDING_FOLD,FOLD_2,0.0,1,1,1,True,1130,2194,39,11,FROZEN_TRAIN_FOLD_MEDIAN_IQR,1.0003987610173457,41216,0.0,35,1.0001993798650712
EXPLORATORY_CONSUMED_DIAGNOSTIC_ONLY,COVARIANCE_AND_SINGULAR_SPECTRUM,SS,TRAIN_EXCLUDING_FOLD,FOLD_2,0.0,1,1,1,True,1130,2194,39,11,FROZEN_TRAIN_FOLD_MEDIAN_IQR,1.0003987610173457,41216,0.0,36,1.0001993798650712
EXPLORATORY_CONSUMED_DIAGNOSTIC_ONLY,COVARIANCE_AND_SINGULAR_SPECTRUM,SS,TRAIN_EXCLUDING_FOLD,FOLD_2,0.0,1,1,1,True,1130,2194,39,11,FROZEN_TRAIN_FOLD_MEDIAN_IQR,1.0003987610173457,41216,0.0,37,1.0001993798650712
EXPLORATORY_CONSUMED_DIAGNOSTIC_ONLY,COVARIANCE_AND_SINGULAR_SPECTRUM,SS,TRAIN_EXCLUDING_FOLD,FOLD_2,0.0,1,1,1,True,1130,2194,39,11,FROZEN_TRAIN_FOLD_MEDIAN_IQR,1.0003987610173457,41216,0.0,38,1.0001993798650712
EXPLORATORY_CONSUMED_DIAGNOSTIC_ONLY,COVARIANCE_AND_SINGULAR_SPECTRUM,SS,TRAIN_EXCLUDING_FOLD,FOLD_2,0.0,1,1,1,True,1130,2194,39,11,FROZEN_TRAIN_FOLD_MEDIAN_IQR,1.0003987610173457,41216,0.0,39,1.0001993798650712
EXPLORATORY_CONSUMED_DIAGNOSTIC_ONLY,COVARIANCE_AND_SINGULAR_SPECTRUM,SS,TRAIN_EXCLUDING_FOLD,FOLD_3,4.027287374719153e+31,1,1,1,True,1076,2085,39,9,FROZEN_TRAIN_FOLD_MEDIAN_IQR,1.0000549518644892,41600,1.29435371822511e+18,1,1.0000274759203949
EXPLORATORY_CONSUMED_DIAGNOSTIC_ONLY,COVARIANCE_AND_SINGULAR_SPECTRUM,SS,TRAIN_EXCLUDING_FOLD,FOLD_3,1.0889066146395916e+27,1,1,1,True,1076,2085,39,9,FROZEN_TRAIN_FOLD_MEDIAN_IQR,1.0000549518644892,41600,6730417161588649.0,2,1.0000274759203949
EXPLORATORY_CONSUMED_DIAGNOSTIC_ONLY,COVARIANCE_AND_SINGULAR_SPECTRUM,SS,TRAIN_EXCLUDING_FOLD,FOLD_3,1.3384009801262693e+25,1,1,1,True,1076,2085,39,9,FROZEN_TRAIN_FOLD_MEDIAN_IQR,1.0000549518644892,41600,746173443465075.4,3,1.0000274759203949
EXPLORATORY_CONSUMED_DIAGNOSTIC_ONLY,COVARIANCE_AND_SINGULAR_SPECTRUM,SS,TRAIN_EXCLUDING_FOLD,FOLD_3,4.243648662342572e+24,1,1,1,True,1076,2085,39,9,FROZEN_TRAIN_FOLD_MEDIAN_IQR,1.0000549518644892,41600,420161616944540.75,4,1.0000274759203949
EXPLORATORY_CONSUMED_DIAGNOSTIC_ONLY,COVARIANCE_AND_SINGULAR_SPECTRUM,SS,TRAIN_EXCLUDING_FOLD,FOLD_3,1.542040988203914e+16,1,1,1,True,1076,2085,39,9,FROZEN_TRAIN_FOLD_MEDIAN_IQR,1.0000549518644892,41600,25327634139.27223,5,1.0000274759203949
EXPLORATORY_CONSUMED_DIAGNOSTIC_ONLY,COVARIANCE_AND_SINGULAR_SPECTRUM,SS,TRAIN_EXCLUDING_FOLD,FOLD_3,8831718639083256.0,1,1,1,True,1076,2085,39,9,FROZEN_TRAIN_FOLD_MEDIAN_IQR,1.0000549518644892,41600,19167667969.418278,6,1.0000274759203949
EXPLORATORY_CONSUMED_DIAGNOSTIC_ONLY,COVARIANCE_AND_SINGULAR_SPECTRUM,SS,TRAIN_EXCLUDING_FOLD,FOLD_3,5044139035355467.0,1,1,1,True,1076,2085,39,9,FROZEN_TRAIN_FOLD_MEDIAN_IQR,1.0000549518644892,41600,14485723450.031324,7,1.0000274759203949
EXPLORATORY_CONSUMED_DIAGNOSTIC_ONLY,COVARIANCE_AND_SINGULAR_SPECTRUM,SS,TRAIN_EXCLUDING_FOLD,FOLD_3,4523882205889612.0,1,1,1,True,1076,2085,39,9,FROZEN_TRAIN_FOLD_MEDIAN_IQR,1.0000549518644892,41600,13718363596.471987,8,1.0000274759203949
EXPLORATORY_CONSUMED_DIAGNOSTIC_ONLY,COVARIANCE_AND_SINGULAR_SPECTRUM,SS,TRAIN_EXCLUDING_FOLD,FOLD_3,4324222549184244.5,1,1,1,True,1076,2085,39,9,FROZEN_TRAIN_FOLD_MEDIAN_IQR,1.0000549518644892,41600,13412220474.107357,9,1.0000274759203949
EXPLORATORY_CONSUMED_DIAGNOSTIC_ONLY,COVARIANCE_AND_SINGULAR_SPECTRUM,SS,TRAIN_EXCLUDING_FOLD,FOLD_3,3321042186567184.5,1,1,1,True,1076,2085,39,9,FROZEN_TRAIN_FOLD_MEDIAN_IQR,1.0000549518644892,41600,11753950610.802942,10,1.0000274759203949
EXPLORATORY_CONSUMED_DIAGNOSTIC_ONLY,COVARIANCE_AND_SINGULAR_SPECTRUM,SS,TRAIN_EXCLUDING_FOLD,FOLD_3,2672045875205168.0,1,1,1,True,1076,2085,39,9,FROZEN_TRAIN_FOLD_MEDIAN_IQR,1.0000549518644892,41600,10543107151.524876,11,1.0000274759203949
EXPLORATORY_CONSUMED_DIAGNOSTIC_ONLY,COVARIANCE_AND_SINGULAR_SPECTRUM,SS,TRAIN_EXCLUDING_FOLD,FOLD_3,2486458745352788.0,1,1,1,True,1076,2085,39,9,FROZEN_TRAIN_FOLD_MEDIAN_IQR,1.0000549518644892,41600,10170382677.494293,12,1.0000274759203949
EXPLORATORY_CONSUMED_DIAGNOSTIC_ONLY,COVARIANCE_AND_SINGULAR_SPECTRUM,SS,TRAIN_EXCLUDING_FOLD,FOLD_3,2043239867186971.8,1,1,1,True,1076,2085,39,9,FROZEN_TRAIN_FOLD_MEDIAN_IQR,1.0000549518644892,41600,9219478210.559317,13,1.0000274759203949
EXPLORATORY_CONSUMED_DIAGNOSTIC_ONLY,COVARIANCE_AND_SINGULAR_SPECTRUM,SS,TRAIN_EXCLUDING_FOLD,FOLD_3,1068205319760497.1,1,1,1,True,1076,2085,39,9,FROZEN_TRAIN_FOLD_MEDIAN_IQR,1.0000549518644892,41600,6666133909.698835,14,1.0000274759203949
EXPLORATORY_CONSUMED_DIAGNOSTIC_ONLY,COVARIANCE_AND_SINGULAR_SPECTRUM,SS,TRAIN_EXCLUDING_FOLD,FOLD_3,797775282620102.0,1,1,1,True,1076,2085,39,9,FROZEN_TRAIN_FOLD_MEDIAN_IQR,1.0000549518644892,41600,5760855123.763853,15,1.0000274759203949
EXPLORATORY_CONSUMED_DIAGNOSTIC_ONLY,COVARIANCE_AND_SINGULAR_SPECTRUM,SS,TRAIN_EXCLUDING_FOLD,FOLD_3,383225962013703.8,1,1,1,True,1076,2085,39,9,FROZEN_TRAIN_FOLD_MEDIAN_IQR,1.0000549518644892,41600,3992768465.5850105,16,1.0000274759203949
EXPLORATORY_CONSUMED_DIAGNOSTIC_ONLY,COVARIANCE_AND_SINGULAR_SPECTRUM,SS,TRAIN_EXCLUDING_FOLD,FOLD_3,208713176257868.25,1,1,1,True,1076,2085,39,9,FROZEN_TRAIN_FOLD_MEDIAN_IQR,1.0000549518644892,41600,2946602812.1087713,17,1.0000274759203949
EXPLORATORY_CONSUMED_DIAGNOSTIC_ONLY,COVARIANCE_AND_SINGULAR_SPECTRUM,SS,TRAIN_EXCLUDING_FOLD,FOLD_3,56197901.76500102,1,1,1,True,1076,2085,39,9,FROZEN_TRAIN_FOLD_MEDIAN_IQR,1.0000549518644892,41600,1528997.2901951273,18,1.0000274759203949
EXPLORATORY_CONSUMED_DIAGNOSTIC_ONLY,COVARIANCE_AND_SINGULAR_SPECTRUM,SS,TRAIN_EXCLUDING_FOLD,FOLD_3,1678.5694592212642,1,1,1,True,1076,2085,39,9,FROZEN_TRAIN_FOLD_MEDIAN_IQR,1.0000549518644892,41600,8356.344266699678,19,1.0000274759203949
EXPLORATORY_CONSUMED_DIAGNOSTIC_ONLY,COVARIANCE_AND_SINGULAR_SPECTRUM,SS,TRAIN_EXCLUDING_FOLD,FOLD_3,467.28147688245207,1,1,1,True,1076,2085,39,9,FROZEN_TRAIN_FOLD_MEDIAN_IQR,1.0000549518644892,41600,4408.957863068097,20,1.0000274759203949
EXPLORATORY_CONSUMED_DIAGNOSTIC_ONLY,COVARIANCE_AND_SINGULAR_SPECTRUM,SS,TRAIN_EXCLUDING_FOLD,FOLD_3,16.242032715888886,1,1,1,True,1076,2085,39,9,FROZEN_TRAIN_FOLD_MEDIAN_IQR,1.0000549518644892,41600,821.9906088155616,21,1.0000274759203949
EXPLORATORY_CONSUMED_DIAGNOSTIC_ONLY,COVARIANCE_AND_SINGULAR_SPECTRUM,SS,TRAIN_EXCLUDING_FOLD,FOLD_3,10.538920220715067,1,1,1,True,1076,2085,39,9,FROZEN_TRAIN_FOLD_MEDIAN_IQR,1.0000549518644892,41600,662.1322233374137,22,1.0000274759203949
EXPLORATORY_CONSUMED_DIAGNOSTIC_ONLY,COVARIANCE_AND_SINGULAR_SPECTRUM,SS,TRAIN_EXCLUDING_FOLD,FOLD_3,2.5656857315211802e-05,1,1,1,True,1076,2085,39,9,FROZEN_TRAIN_FOLD_MEDIAN_IQR,1.0000549518644892,41600,1.0331143520021446,23,1.0000274759203949
EXPLORATORY_CONSUMED_DIAGNOSTIC_ONLY,COVARIANCE_AND_SINGULAR_SPECTRUM,SS,TRAIN_EXCLUDING_FOLD,FOLD_3,0.0,1,1,1,True,1076,2085,39,9,FROZEN_TRAIN_FOLD_MEDIAN_IQR,1.0000549518644892,41600,0.0,24,1.0000274759203949
EXPLORATORY_CONSUMED_DIAGNOSTIC_ONLY,COVARIANCE_AND_SINGULAR_SPECTRUM,SS,TRAIN_EXCLUDING_FOLD,FOLD_3,0.0,1,1,1,True,1076,2085,39,9,FROZEN_TRAIN_FOLD_MEDIAN_IQR,1.0000549518644892,41600,0.0,25,1.0000274759203949
EXPLORATORY_CONSUMED_DIAGNOSTIC_ONLY,COVARIANCE_AND_SINGULAR_SPECTRUM,SS,TRAIN_EXCLUDING_FOLD,FOLD_3,0.0,1,1,1,True,1076,2085,39,9,FROZEN_TRAIN_FOLD_MEDIAN_IQR,1.0000549518644892,41600,0.0,26,1.0000274759203949
EXPLORATORY_CONSUMED_DIAGNOSTIC_ONLY,COVARIANCE_AND_SINGULAR_SPECTRUM,SS,TRAIN_EXCLUDING_FOLD,FOLD_3,0.0,1,1,1,True,1076,2085,39,9,FROZEN_TRAIN_FOLD_MEDIAN_IQR,1.0000549518644892,41600,0.0,27,1.0000274759203949
EXPLORATORY_CONSUMED_DIAGNOSTIC_ONLY,COVARIANCE_AND_SINGULAR_SPECTRUM,SS,TRAIN_EXCLUDING_FOLD,FOLD_3,0.0,1,1,1,True,1076,2085,39,9,FROZEN_TRAIN_FOLD_MEDIAN_IQR,1.0000549518644892,41600,0.0,28,1.0000274759203949
EXPLORATORY_CONSUMED_DIAGNOSTIC_ONLY,COVARIANCE_AND_SINGULAR_SPECTRUM,SS,TRAIN_EXCLUDING_FOLD,FOLD_3,0.0,1,1,1,True,1076,2085,39,9,FROZEN_TRAIN_FOLD_MEDIAN_IQR,1.0000549518644892,41600,0.0,29,1.0000274759203949
EXPLORATORY_CONSUMED_DIAGNOSTIC_ONLY,COVARIANCE_AND_SINGULAR_SPECTRUM,SS,TRAIN_EXCLUDING_FOLD,FOLD_3,0.0,1,1,1,True,1076,2085,39,9,FROZEN_TRAIN_FOLD_MEDIAN_IQR,1.0000549518644892,41600,0.0,30,1.0000274759203949
EXPLORATORY_CONSUMED_DIAGNOSTIC_ONLY,COVARIANCE_AND_SINGULAR_SPECTRUM,SS,TRAIN_EXCLUDING_FOLD,FOLD_3,0.0,1,1,1,True,1076,2085,39,9,FROZEN_TRAIN_FOLD_MEDIAN_IQR,1.0000549518644892,41600,0.0,31,1.0000274759203949
EXPLORATORY_CONSUMED_DIAGNOSTIC_ONLY,COVARIANCE_AND_SINGULAR_SPECTRUM,SS,TRAIN_EXCLUDING_FOLD,FOLD_3,0.0,1,1,1,True,1076,2085,39,9,FROZEN_TRAIN_FOLD_MEDIAN_IQR,1.0000549518644892,41600,0.0,32,1.0000274759203949
EXPLORATORY_CONSUMED_DIAGNOSTIC_ONLY,COVARIANCE_AND_SINGULAR_SPECTRUM,SS,TRAIN_EXCLUDING_FOLD,FOLD_3,0.0,1,1,1,True,1076,2085,39,9,FROZEN_TRAIN_FOLD_MEDIAN_IQR,1.0000549518644892,41600,0.0,33,1.0000274759203949
EXPLORATORY_CONSUMED_DIAGNOSTIC_ONLY,COVARIANCE_AND_SINGULAR_SPECTRUM,SS,TRAIN_EXCLUDING_FOLD,FOLD_3,0.0,1,1,1,True,1076,2085,39,9,FROZEN_TRAIN_FOLD_MEDIAN_IQR,1.0000549518644892,41600,0.0,34,1.0000274759203949
EXPLORATORY_CONSUMED_DIAGNOSTIC_ONLY,COVARIANCE_AND_SINGULAR_SPECTRUM,SS,TRAIN_EXCLUDING_FOLD,FOLD_3,0.0,1,1,1,True,1076,2085,39,9,FROZEN_TRAIN_FOLD_MEDIAN_IQR,1.0000549518644892,41600,0.0,35,1.0000274759203949
EXPLORATORY_CONSUMED_DIAGNOSTIC_ONLY,COVARIANCE_AND_SINGULAR_SPECTRUM,SS,TRAIN_EXCLUDING_FOLD,FOLD_3,0.0,1,1,1,True,1076,2085,39,9,FROZEN_TRAIN_FOLD_MEDIAN_IQR,1.0000549518644892,41600,0.0,36,1.0000274759203949
EXPLORATORY_CONSUMED_DIAGNOSTIC_ONLY,COVARIANCE_AND_SINGULAR_SPECTRUM,SS,TRAIN_EXCLUDING_FOLD,FOLD_3,0.0,1,1,1,True,1076,2085,39,9,FROZEN_TRAIN_FOLD_MEDIAN_IQR,1.0000549518644892,41600,0.0,37,1.0000274759203949
EXPLORATORY_CONSUMED_DIAGNOSTIC_ONLY,COVARIANCE_AND_SINGULAR_SPECTRUM,SS,TRAIN_EXCLUDING_FOLD,FOLD_3,0.0,1,1,1,True,1076,2085,39,9,FROZEN_TRAIN_FOLD_MEDIAN_IQR,1.0000549518644892,41600,0.0,38,1.0000274759203949
EXPLORATORY_CONSUMED_DIAGNOSTIC_ONLY,COVARIANCE_AND_SINGULAR_SPECTRUM,SS,TRAIN_EXCLUDING_FOLD,FOLD_3,0.0,1,1,1,True,1076,2085,39,9,FROZEN_TRAIN_FOLD_MEDIAN_IQR,1.0000549518644892,41600,0.0,39,1.0000274759203949
EXPLORATORY_CONSUMED_DIAGNOSTIC_ONLY,COVARIANCE_AND_SINGULAR_SPECTRUM,SS,TRAIN_EXCLUDING_FOLD,FOLD_4,2.2387884315553672e+30,1,1,1,True,1039,2017,39,8,FROZEN_TRAIN_FOLD_MEDIAN_IQR,1.0012681723263082,41600,3.0517797881351674e+17,1,1.0006340801034086
EXPLORATORY_CONSUMED_DIAGNOSTIC_ONLY,COVARIANCE_AND_SINGULAR_SPECTRUM,SS,TRAIN_EXCLUDING_FOLD,FOLD_4,1.3970123681676277e+27,1,1,1,True,1039,2017,39,8,FROZEN_TRAIN_FOLD_MEDIAN_IQR,1.0012681723263082,41600,7623366350620526.0,2,1.0006340801034086
EXPLORATORY_CONSUMED_DIAGNOSTIC_ONLY,COVARIANCE_AND_SINGULAR_SPECTRUM,SS,TRAIN_EXCLUDING_FOLD,FOLD_4,1.693485581358068e+25,1,1,1,True,1039,2017,39,8,FROZEN_TRAIN_FOLD_MEDIAN_IQR,1.0012681723263082,41600,839339026761508.5,3,1.0006340801034086
EXPLORATORY_CONSUMED_DIAGNOSTIC_ONLY,COVARIANCE_AND_SINGULAR_SPECTRUM,SS,TRAIN_EXCLUDING_FOLD,FOLD_4,5.623976204860913e+24,1,1,1,True,1039,2017,39,8,FROZEN_TRAIN_FOLD_MEDIAN_IQR,1.0012681723263082,41600,483691441026419.2,4,1.0006340801034086
EXPLORATORY_CONSUMED_DIAGNOSTIC_ONLY,COVARIANCE_AND_SINGULAR_SPECTRUM,SS,TRAIN_EXCLUDING_FOLD,FOLD_4,860986263543722.8,1,1,1,True,1039,2017,39,8,FROZEN_TRAIN_FOLD_MEDIAN_IQR,1.0012681723263082,41600,5984732956.734065,5,1.0006340801034086
EXPLORATORY_CONSUMED_DIAGNOSTIC_ONLY,COVARIANCE_AND_SINGULAR_SPECTRUM,SS,TRAIN_EXCLUDING_FOLD,FOLD_4,724695832895534.0,1,1,1,True,1039,2017,39,8,FROZEN_TRAIN_FOLD_MEDIAN_IQR,1.0012681723263082,41600,5490659946.532312,6,1.0006340801034086
EXPLORATORY_CONSUMED_DIAGNOSTIC_ONLY,COVARIANCE_AND_SINGULAR_SPECTRUM,SS,TRAIN_EXCLUDING_FOLD,FOLD_4,606241063158912.4,1,1,1,True,1039,2017,39,8,FROZEN_TRAIN_FOLD_MEDIAN_IQR,1.0012681723263082,41600,5021914796.908721,7,1.0006340801034086
EXPLORATORY_CONSUMED_DIAGNOSTIC_ONLY,COVARIANCE_AND_SINGULAR_SPECTRUM,SS,TRAIN_EXCLUDING_FOLD,FOLD_4,465245722981211.25,1,1,1,True,1039,2017,39,8,FROZEN_TRAIN_FOLD_MEDIAN_IQR,1.0012681723263082,41600,4399343368.733383,8,1.0006340801034086
EXPLORATORY_CONSUMED_DIAGNOSTIC_ONLY,COVARIANCE_AND_SINGULAR_SPECTRUM,SS,TRAIN_EXCLUDING_FOLD,FOLD_4,434481691106957.9,1,1,1,True,1039,2017,39,8,FROZEN_TRAIN_FOLD_MEDIAN_IQR,1.0012681723263082,41600,4251404279.7703266,9,1.0006340801034086
EXPLORATORY_CONSUMED_DIAGNOSTIC_ONLY,COVARIANCE_AND_SINGULAR_SPECTRUM,SS,TRAIN_EXCLUDING_FOLD,FOLD_4,354509002223375.4,1,1,1,True,1039,2017,39,8,FROZEN_TRAIN_FOLD_MEDIAN_IQR,1.0012681723263082,41600,3840257086.770678,10,1.0006340801034086
EXPLORATORY_CONSUMED_DIAGNOSTIC_ONLY,COVARIANCE_AND_SINGULAR_SPECTRUM,SS,TRAIN_EXCLUDING_FOLD,FOLD_4,243944556428260.53,1,1,1,True,1039,2017,39,8,FROZEN_TRAIN_FOLD_MEDIAN_IQR,1.0012681723263082,41600,3185607249.397772,11,1.0006340801034086
EXPLORATORY_CONSUMED_DIAGNOSTIC_ONLY,COVARIANCE_AND_SINGULAR_SPECTRUM,SS,TRAIN_EXCLUDING_FOLD,FOLD_4,181060860841880.56,1,1,1,True,1039,2017,39,8,FROZEN_TRAIN_FOLD_MEDIAN_IQR,1.0012681723263082,41600,2744472956.8757334,12,1.0006340801034086
EXPLORATORY_CONSUMED_DIAGNOSTIC_ONLY,COVARIANCE_AND_SINGULAR_SPECTRUM,SS,TRAIN_EXCLUDING_FOLD,FOLD_4,178535785412278.28,1,1,1,True,1039,2017,39,8,FROZEN_TRAIN_FOLD_MEDIAN_IQR,1.0012681723263082,41600,2725268550.6479497,13,1.0006340801034086
EXPLORATORY_CONSUMED_DIAGNOSTIC_ONLY,COVARIANCE_AND_SINGULAR_SPECTRUM,SS,TRAIN_EXCLUDING_FOLD,FOLD_4,165116546130038.0,1,1,1,True,1039,2017,39,8,FROZEN_TRAIN_FOLD_MEDIAN_IQR,1.0012681723263082,41600,2620848778.3558936,14,1.0006340801034086
EXPLORATORY_CONSUMED_DIAGNOSTIC_ONLY,COVARIANCE_AND_SINGULAR_SPECTRUM,SS,TRAIN_EXCLUDING_FOLD,FOLD_4,108163458626495.0,1,1,1,True,1039,2017,39,8,FROZEN_TRAIN_FOLD_MEDIAN_IQR,1.0012681723263082,41600,2121226032.0065355,15,1.0006340801034086
EXPLORATORY_CONSUMED_DIAGNOSTIC_ONLY,COVARIANCE_AND_SINGULAR_SPECTRUM,SS,TRAIN_EXCLUDING_FOLD,FOLD_4,88449052821304.8,1,1,1,True,1039,2017,39,8,FROZEN_TRAIN_FOLD_MEDIAN_IQR,1.0012681723263082,41600,1918197225.8780587,16,1.0006340801034086
EXPLORATORY_CONSUMED_DIAGNOSTIC_ONLY,COVARIANCE_AND_SINGULAR_SPECTRUM,SS,TRAIN_EXCLUDING_FOLD,FOLD_4,86704752391746.9,1,1,1,True,1039,2017,39,8,FROZEN_TRAIN_FOLD_MEDIAN_IQR,1.0012681723263082,41600,1899188695.0739443,17,1.0006340801034086
EXPLORATORY_CONSUMED_DIAGNOSTIC_ONLY,COVARIANCE_AND_SINGULAR_SPECTRUM,SS,TRAIN_EXCLUDING_FOLD,FOLD_4,4768123376063.357,1,1,1,True,1039,2017,39,8,FROZEN_TRAIN_FOLD_MEDIAN_IQR,1.0012681723263082,41600,445369433.6662943,18,1.0006340801034086
EXPLORATORY_CONSUMED_DIAGNOSTIC_ONLY,COVARIANCE_AND_SINGULAR_SPECTRUM,SS,TRAIN_EXCLUDING_FOLD,FOLD_4,1564755014941.3687,1,1,1,True,1039,2017,39,8,FROZEN_TRAIN_FOLD_MEDIAN_IQR,1.0012681723263082,41600,255134883.19232425,19,1.0006340801034086
EXPLORATORY_CONSUMED_DIAGNOSTIC_ONLY,COVARIANCE_AND_SINGULAR_SPECTRUM,SS,TRAIN_EXCLUDING_FOLD,FOLD_4,6182.769755137356,1,1,1,True,1039,2017,39,8,FROZEN_TRAIN_FOLD_MEDIAN_IQR,1.0012681723263082,41600,16037.556603601248,20,1.0006340801034086
EXPLORATORY_CONSUMED_DIAGNOSTIC_ONLY,COVARIANCE_AND_SINGULAR_SPECTRUM,SS,TRAIN_EXCLUDING_FOLD,FOLD_4,52.0024647938076,1,1,1,True,1039,2017,39,8,FROZEN_TRAIN_FOLD_MEDIAN_IQR,1.0012681723263082,41600,1470.8169619032803,21,1.0006340801034086
EXPLORATORY_CONSUMED_DIAGNOSTIC_ONLY,COVARIANCE_AND_SINGULAR_SPECTRUM,SS,TRAIN_EXCLUDING_FOLD,FOLD_4,19.696527628745958,1,1,1,True,1039,2017,39,8,FROZEN_TRAIN_FOLD_MEDIAN_IQR,1.0012681723263082,41600,905.1936529582119,22,1.0006340801034086
EXPLORATORY_CONSUMED_DIAGNOSTIC_ONLY,COVARIANCE_AND_SINGULAR_SPECTRUM,SS,TRAIN_EXCLUDING_FOLD,FOLD_4,12.720847394117087,1,1,1,True,1039,2017,39,8,FROZEN_TRAIN_FOLD_MEDIAN_IQR,1.0012681723263082,41600,727.4525768703214,23,1.0006340801034086
EXPLORATORY_CONSUMED_DIAGNOSTIC_ONLY,COVARIANCE_AND_SINGULAR_SPECTRUM,SS,TRAIN_EXCLUDING_FOLD,FOLD_4,2.609192375089926e-05,1,1,1,True,1039,2017,39,8,FROZEN_TRAIN_FOLD_MEDIAN_IQR,1.0012681723263082,41600,1.0418368528888817,24,1.0006340801034086
EXPLORATORY_CONSUMED_DIAGNOSTIC_ONLY,COVARIANCE_AND_SINGULAR_SPECTRUM,SS,TRAIN_EXCLUDING_FOLD,FOLD_4,0.0,1,1,1,True,1039,2017,39,8,FROZEN_TRAIN_FOLD_MEDIAN_IQR,1.0012681723263082,41600,0.0,25,1.0006340801034086
EXPLORATORY_CONSUMED_DIAGNOSTIC_ONLY,COVARIANCE_AND_SINGULAR_SPECTRUM,SS,TRAIN_EXCLUDING_FOLD,FOLD_4,0.0,1,1,1,True,1039,2017,39,8,FROZEN_TRAIN_FOLD_MEDIAN_IQR,1.0012681723263082,41600,0.0,26,1.0006340801034086
EXPLORATORY_CONSUMED_DIAGNOSTIC_ONLY,COVARIANCE_AND_SINGULAR_SPECTRUM,SS,TRAIN_EXCLUDING_FOLD,FOLD_4,0.0,1,1,1,True,1039,2017,39,8,FROZEN_TRAIN_FOLD_MEDIAN_IQR,1.0012681723263082,41600,0.0,27,1.0006340801034086
EXPLORATORY_CONSUMED_DIAGNOSTIC_ONLY,COVARIANCE_AND_SINGULAR_SPECTRUM,SS,TRAIN_EXCLUDING_FOLD,FOLD_4,0.0,1,1,1,True,1039,2017,39,8,FROZEN_TRAIN_FOLD_MEDIAN_IQR,1.0012681723263082,41600,0.0,28,1.0006340801034086
EXPLORATORY_CONSUMED_DIAGNOSTIC_ONLY,COVARIANCE_AND_SINGULAR_SPECTRUM,SS,TRAIN_EXCLUDING_FOLD,FOLD_4,0.0,1,1,1,True,1039,2017,39,8,FROZEN_TRAIN_FOLD_MEDIAN_IQR,1.0012681723263082,41600,0.0,29,1.0006340801034086
EXPLORATORY_CONSUMED_DIAGNOSTIC_ONLY,COVARIANCE_AND_SINGULAR_SPECTRUM,SS,TRAIN_EXCLUDING_FOLD,FOLD_4,0.0,1,1,1,True,1039,2017,39,8,FROZEN_TRAIN_FOLD_MEDIAN_IQR,1.0012681723263082,41600,0.0,30,1.0006340801034086
EXPLORATORY_CONSUMED_DIAGNOSTIC_ONLY,COVARIANCE_AND_SINGULAR_SPECTRUM,SS,TRAIN_EXCLUDING_FOLD,FOLD_4,0.0,1,1,1,True,1039,2017,39,8,FROZEN_TRAIN_FOLD_MEDIAN_IQR,1.0012681723263082,41600,0.0,31,1.0006340801034086
EXPLORATORY_CONSUMED_DIAGNOSTIC_ONLY,COVARIANCE_AND_SINGULAR_SPECTRUM,SS,TRAIN_EXCLUDING_FOLD,FOLD_4,0.0,1,1,1,True,1039,2017,39,8,FROZEN_TRAIN_FOLD_MEDIAN_IQR,1.0012681723263082,41600,0.0,32,1.0006340801034086
EXPLORATORY_CONSUMED_DIAGNOSTIC_ONLY,COVARIANCE_AND_SINGULAR_SPECTRUM,SS,TRAIN_EXCLUDING_FOLD,FOLD_4,0.0,1,1,1,True,1039,2017,39,8,FROZEN_TRAIN_FOLD_MEDIAN_IQR,1.0012681723263082,41600,0.0,33,1.0006340801034086
EXPLORATORY_CONSUMED_DIAGNOSTIC_ONLY,COVARIANCE_AND_SINGULAR_SPECTRUM,SS,TRAIN_EXCLUDING_FOLD,FOLD_4,0.0,1,1,1,True,1039,2017,39,8,FROZEN_TRAIN_FOLD_MEDIAN_IQR,1.0012681723263082,41600,0.0,34,1.0006340801034086
EXPLORATORY_CONSUMED_DIAGNOSTIC_ONLY,COVARIANCE_AND_SINGULAR_SPECTRUM,SS,TRAIN_EXCLUDING_FOLD,FOLD_4,0.0,1,1,1,True,1039,2017,39,8,FROZEN_TRAIN_FOLD_MEDIAN_IQR,1.0012681723263082,41600,0.0,35,1.0006340801034086
EXPLORATORY_CONSUMED_DIAGNOSTIC_ONLY,COVARIANCE_AND_SINGULAR_SPECTRUM,SS,TRAIN_EXCLUDING_FOLD,FOLD_4,0.0,1,1,1,True,1039,2017,39,8,FROZEN_TRAIN_FOLD_MEDIAN_IQR,1.0012681723263082,41600,0.0,36,1.0006340801034086
EXPLORATORY_CONSUMED_DIAGNOSTIC_ONLY,COVARIANCE_AND_SINGULAR_SPECTRUM,SS,TRAIN_EXCLUDING_FOLD,FOLD_4,0.0,1,1,1,True,1039,2017,39,8,FROZEN_TRAIN_FOLD_MEDIAN_IQR,1.0012681723263082,41600,0.0,37,1.0006340801034086
EXPLORATORY_CONSUMED_DIAGNOSTIC_ONLY,COVARIANCE_AND_SINGULAR_SPECTRUM,SS,TRAIN_EXCLUDING_FOLD,FOLD_4,0.0,1,1,1,True,1039,2017,39,8,FROZEN_TRAIN_FOLD_MEDIAN_IQR,1.0012681723263082,41600,0.0,38,1.0006340801034086
EXPLORATORY_CONSUMED_DIAGNOSTIC_ONLY,COVARIANCE_AND_SINGULAR_SPECTRUM,SS,TRAIN_EXCLUDING_FOLD,FOLD_4,0.0,1,1,1,True,1039,2017,39,8,FROZEN_TRAIN_FOLD_MEDIAN_IQR,1.0012681723263082,41600,0.0,39,1.0006340801034086
EXPLORATORY_CONSUMED_DIAGNOSTIC_ONLY,COVARIANCE_AND_SINGULAR_SPECTRUM,SS,TRAIN_EXCLUDING_FOLD,FOLD_5,1.1535058950366285e+27,1,1,2,True,1029,2003,39,8,FROZEN_TRAIN_FOLD_MEDIAN_IQR,1.0315963929442444,41472,6916516209693942.0,1,1.0157542605226366
EXPLORATORY_CONSUMED_DIAGNOSTIC_ONLY,COVARIANCE_AND_SINGULAR_SPECTRUM,SS,TRAIN_EXCLUDING_FOLD,FOLD_5,1.365075608822494e+25,1,1,2,True,1029,2003,39,8,FROZEN_TRAIN_FOLD_MEDIAN_IQR,1.0315963929442444,41472,752412225107264.4,2,1.0157542605226366
EXPLORATORY_CONSUMED_DIAGNOSTIC_ONLY,COVARIANCE_AND_SINGULAR_SPECTRUM,SS,TRAIN_EXCLUDING_FOLD,FOLD_5,4.521876296570163e+24,1,1,2,True,1029,2003,39,8,FROZEN_TRAIN_FOLD_MEDIAN_IQR,1.0315963929442444,41472,433048789135078.6,3,1.0157542605226366
EXPLORATORY_CONSUMED_DIAGNOSTIC_ONLY,COVARIANCE_AND_SINGULAR_SPECTRUM,SS,TRAIN_EXCLUDING_FOLD,FOLD_5,7412940285636.236,1,1,2,True,1029,2003,39,8,FROZEN_TRAIN_FOLD_MEDIAN_IQR,1.0315963929442444,41472,554463217.468847,4,1.0157542605226366
EXPLORATORY_CONSUMED_DIAGNOSTIC_ONLY,COVARIANCE_AND_SINGULAR_SPECTRUM,SS,TRAIN_EXCLUDING_FOLD,FOLD_5,569893295298.3007,1,1,2,True,1029,2003,39,8,FROZEN_TRAIN_FOLD_MEDIAN_IQR,1.0315963929442444,41472,153735535.06789222,5,1.0157542605226366
EXPLORATORY_CONSUMED_DIAGNOSTIC_ONLY,COVARIANCE_AND_SINGULAR_SPECTRUM,SS,TRAIN_EXCLUDING_FOLD,FOLD_5,301975356262.1263,1,1,2,True,1029,2003,39,8,FROZEN_TRAIN_FOLD_MEDIAN_IQR,1.0315963929442444,41472,111908542.90402901,6,1.0157542605226366
EXPLORATORY_CONSUMED_DIAGNOSTIC_ONLY,COVARIANCE_AND_SINGULAR_SPECTRUM,SS,TRAIN_EXCLUDING_FOLD,FOLD_5,215476584979.28058,1,1,2,True,1029,2003,39,8,FROZEN_TRAIN_FOLD_MEDIAN_IQR,1.0315963929442444,41472,94531713.89676972,7,1.0157542605226366
EXPLORATORY_CONSUMED_DIAGNOSTIC_ONLY,COVARIANCE_AND_SINGULAR_SPECTRUM,SS,TRAIN_EXCLUDING_FOLD,FOLD_5,133159362422.19017,1,1,2,True,1029,2003,39,8,FROZEN_TRAIN_FOLD_MEDIAN_IQR,1.0315963929442444,41472,74312751.78845869,8,1.0157542605226366
EXPLORATORY_CONSUMED_DIAGNOSTIC_ONLY,COVARIANCE_AND_SINGULAR_SPECTRUM,SS,TRAIN_EXCLUDING_FOLD,FOLD_5,117475046576.35591,1,1,2,True,1029,2003,39,8,FROZEN_TRAIN_FOLD_MEDIAN_IQR,1.0315963929442444,41472,69799177.15571317,9,1.0157542605226366
EXPLORATORY_CONSUMED_DIAGNOSTIC_ONLY,COVARIANCE_AND_SINGULAR_SPECTRUM,SS,TRAIN_EXCLUDING_FOLD,FOLD_5,81267375185.40643,1,1,2,True,1029,2003,39,8,FROZEN_TRAIN_FOLD_MEDIAN_IQR,1.0315963929442444,41472,58054462.22030806,10,1.0157542605226366
EXPLORATORY_CONSUMED_DIAGNOSTIC_ONLY,COVARIANCE_AND_SINGULAR_SPECTRUM,SS,TRAIN_EXCLUDING_FOLD,FOLD_5,49896498356.47732,1,1,2,True,1029,2003,39,8,FROZEN_TRAIN_FOLD_MEDIAN_IQR,1.0315963929442444,41472,45489642.55563927,11,1.0157542605226366
EXPLORATORY_CONSUMED_DIAGNOSTIC_ONLY,COVARIANCE_AND_SINGULAR_SPECTRUM,SS,TRAIN_EXCLUDING_FOLD,FOLD_5,44644758586.95932,1,1,2,True,1029,2003,39,8,FROZEN_TRAIN_FOLD_MEDIAN_IQR,1.0315963929442444,41472,43029146.26295038,12,1.0157542605226366
EXPLORATORY_CONSUMED_DIAGNOSTIC_ONLY,COVARIANCE_AND_SINGULAR_SPECTRUM,SS,TRAIN_EXCLUDING_FOLD,FOLD_5,3301440423.695105,1,1,2,True,1029,2003,39,8,FROZEN_TRAIN_FOLD_MEDIAN_IQR,1.0315963929442444,41472,11701168.200290235,13,1.0157542605226366
EXPLORATORY_CONSUMED_DIAGNOSTIC_ONLY,COVARIANCE_AND_SINGULAR_SPECTRUM,SS,TRAIN_EXCLUDING_FOLD,FOLD_5,1029467452.527816,1,1,2,True,1029,2003,39,8,FROZEN_TRAIN_FOLD_MEDIAN_IQR,1.0315963929442444,41472,6534070.262189839,14,1.0157542605226366
EXPLORATORY_CONSUMED_DIAGNOSTIC_ONLY,COVARIANCE_AND_SINGULAR_SPECTRUM,SS,TRAIN_EXCLUDING_FOLD,FOLD_5,544750630.2050182,1,1,2,True,1029,2003,39,8,FROZEN_TRAIN_FOLD_MEDIAN_IQR,1.0315963929442444,41472,4753093.53325416,15,1.0157542605226366
EXPLORATORY_CONSUMED_DIAGNOSTIC_ONLY,COVARIANCE_AND_SINGULAR_SPECTRUM,SS,TRAIN_EXCLUDING_FOLD,FOLD_5,183178.89966672918,1,1,2,True,1029,2003,39,8,FROZEN_TRAIN_FOLD_MEDIAN_IQR,1.0315963929442444,41472,87159.5968725108,16,1.0157542605226366
EXPLORATORY_CONSUMED_DIAGNOSTIC_ONLY,COVARIANCE_AND_SINGULAR_SPECTRUM,SS,TRAIN_EXCLUDING_FOLD,FOLD_5,117160.6443111145,1,1,2,True,1029,2003,39,8,FROZEN_TRAIN_FOLD_MEDIAN_IQR,1.0315963929442444,41472,69705.71168039633,17,1.0157542605226366
EXPLORATORY_CONSUMED_DIAGNOSTIC_ONLY,COVARIANCE_AND_SINGULAR_SPECTRUM,SS,TRAIN_EXCLUDING_FOLD,FOLD_5,260.02922728821056,1,1,2,True,1029,2003,39,8,FROZEN_TRAIN_FOLD_MEDIAN_IQR,1.0315963929442444,41472,3283.889784097004,18,1.0157542605226366
EXPLORATORY_CONSUMED_DIAGNOSTIC_ONLY,COVARIANCE_AND_SINGULAR_SPECTRUM,SS,TRAIN_EXCLUDING_FOLD,FOLD_5,64.26773286326325,1,1,2,True,1029,2003,39,8,FROZEN_TRAIN_FOLD_MEDIAN_IQR,1.0315963929442444,41472,1632.5781504434185,19,1.0157542605226366
EXPLORATORY_CONSUMED_DIAGNOSTIC_ONLY,COVARIANCE_AND_SINGULAR_SPECTRUM,SS,TRAIN_EXCLUDING_FOLD,FOLD_5,23.178107701803462,1,1,2,True,1029,2003,39,8,FROZEN_TRAIN_FOLD_MEDIAN_IQR,1.0315963929442444,41472,980.4297438415427,20,1.0157542605226366
EXPLORATORY_CONSUMED_DIAGNOSTIC_ONLY,COVARIANCE_AND_SINGULAR_SPECTRUM,SS,TRAIN_EXCLUDING_FOLD,FOLD_5,16.03134747061178,1,1,2,True,1029,2003,39,8,FROZEN_TRAIN_FOLD_MEDIAN_IQR,1.0315963929442444,41472,815.3845977826732,21,1.0157542605226366
EXPLORATORY_CONSUMED_DIAGNOSTIC_ONLY,COVARIANCE_AND_SINGULAR_SPECTRUM,SS,TRAIN_EXCLUDING_FOLD,FOLD_5,9.048607177831872,1,1,2,True,1029,2003,39,8,FROZEN_TRAIN_FOLD_MEDIAN_IQR,1.0315963929442444,41472,612.5878197279501,22,1.0157542605226366
EXPLORATORY_CONSUMED_DIAGNOSTIC_ONLY,COVARIANCE_AND_SINGULAR_SPECTRUM,SS,TRAIN_EXCLUDING_FOLD,FOLD_5,6.239975205546347,1,1,2,True,1029,2003,39,8,FROZEN_TRAIN_FOLD_MEDIAN_IQR,1.0315963929442444,41472,508.708415228624,23,1.0157542605226366
EXPLORATORY_CONSUMED_DIAGNOSTIC_ONLY,COVARIANCE_AND_SINGULAR_SPECTRUM,SS,TRAIN_EXCLUDING_FOLD,FOLD_5,5.430991600965917,1,1,2,True,1029,2003,39,8,FROZEN_TRAIN_FOLD_MEDIAN_IQR,1.0315963929442444,41472,474.5883307407152,24,1.0157542605226366
EXPLORATORY_CONSUMED_DIAGNOSTIC_ONLY,COVARIANCE_AND_SINGULAR_SPECTRUM,SS,TRAIN_EXCLUDING_FOLD,FOLD_5,1.509038338045198,1,1,2,True,1029,2003,39,8,FROZEN_TRAIN_FOLD_MEDIAN_IQR,1.0315963929442444,41472,250.16562105015637,25,1.0157542605226366
EXPLORATORY_CONSUMED_DIAGNOSTIC_ONLY,COVARIANCE_AND_SINGULAR_SPECTRUM,SS,TRAIN_EXCLUDING_FOLD,FOLD_5,0.0916068117050134,1,1,2,True,1029,2003,39,8,FROZEN_TRAIN_FOLD_MEDIAN_IQR,1.0315963929442444,41472,61.63698317593356,26,1.0157542605226366
EXPLORATORY_CONSUMED_DIAGNOSTIC_ONLY,COVARIANCE_AND_SINGULAR_SPECTRUM,SS,TRAIN_EXCLUDING_FOLD,FOLD_5,2.5478706203874698e-05,1,1,2,True,1029,2003,39,8,FROZEN_TRAIN_FOLD_MEDIAN_IQR,1.0315963929442444,41472,1.0279362352242922,27,1.0157542605226366
EXPLORATORY_CONSUMED_DIAGNOSTIC_ONLY,COVARIANCE_AND_SINGULAR_SPECTRUM,SS,TRAIN_EXCLUDING_FOLD,FOLD_5,0.0,1,1,2,True,1029,2003,39,8,FROZEN_TRAIN_FOLD_MEDIAN_IQR,1.0315963929442444,41472,0.0,28,1.0157542605226366
EXPLORATORY_CONSUMED_DIAGNOSTIC_ONLY,COVARIANCE_AND_SINGULAR_SPECTRUM,SS,TRAIN_EXCLUDING_FOLD,FOLD_5,0.0,1,1,2,True,1029,2003,39,8,FROZEN_TRAIN_FOLD_MEDIAN_IQR,1.0315963929442444,41472,0.0,29,1.0157542605226366
EXPLORATORY_CONSUMED_DIAGNOSTIC_ONLY,COVARIANCE_AND_SINGULAR_SPECTRUM,SS,TRAIN_EXCLUDING_FOLD,FOLD_5,0.0,1,1,2,True,1029,2003,39,8,FROZEN_TRAIN_FOLD_MEDIAN_IQR,1.0315963929442444,41472,0.0,30,1.0157542605226366
EXPLORATORY_CONSUMED_DIAGNOSTIC_ONLY,COVARIANCE_AND_SINGULAR_SPECTRUM,SS,TRAIN_EXCLUDING_FOLD,FOLD_5,0.0,1,1,2,True,1029,2003,39,8,FROZEN_TRAIN_FOLD_MEDIAN_IQR,1.0315963929442444,41472,0.0,31,1.0157542605226366
EXPLORATORY_CONSUMED_DIAGNOSTIC_ONLY,COVARIANCE_AND_SINGULAR_SPECTRUM,SS,TRAIN_EXCLUDING_FOLD,FOLD_5,0.0,1,1,2,True,1029,2003,39,8,FROZEN_TRAIN_FOLD_MEDIAN_IQR,1.0315963929442444,41472,0.0,32,1.0157542605226366
EXPLORATORY_CONSUMED_DIAGNOSTIC_ONLY,COVARIANCE_AND_SINGULAR_SPECTRUM,SS,TRAIN_EXCLUDING_FOLD,FOLD_5,0.0,1,1,2,True,1029,2003,39,8,FROZEN_TRAIN_FOLD_MEDIAN_IQR,1.0315963929442444,41472,0.0,33,1.0157542605226366
EXPLORATORY_CONSUMED_DIAGNOSTIC_ONLY,COVARIANCE_AND_SINGULAR_SPECTRUM,SS,TRAIN_EXCLUDING_FOLD,FOLD_5,0.0,1,1,2,True,1029,2003,39,8,FROZEN_TRAIN_FOLD_MEDIAN_IQR,1.0315963929442444,41472,0.0,34,1.0157542605226366
EXPLORATORY_CONSUMED_DIAGNOSTIC_ONLY,COVARIANCE_AND_SINGULAR_SPECTRUM,SS,TRAIN_EXCLUDING_FOLD,FOLD_5,0.0,1,1,2,True,1029,2003,39,8,FROZEN_TRAIN_FOLD_MEDIAN_IQR,1.0315963929442444,41472,0.0,35,1.0157542605226366
EXPLORATORY_CONSUMED_DIAGNOSTIC_ONLY,COVARIANCE_AND_SINGULAR_SPECTRUM,SS,TRAIN_EXCLUDING_FOLD,FOLD_5,0.0,1,1,2,True,1029,2003,39,8,FROZEN_TRAIN_FOLD_MEDIAN_IQR,1.0315963929442444,41472,0.0,36,1.0157542605226366
EXPLORATORY_CONSUMED_DIAGNOSTIC_ONLY,COVARIANCE_AND_SINGULAR_SPECTRUM,SS,TRAIN_EXCLUDING_FOLD,FOLD_5,0.0,1,1,2,True,1029,2003,39,8,FROZEN_TRAIN_FOLD_MEDIAN_IQR,1.0315963929442444,41472,0.0,37,1.0157542605226366
EXPLORATORY_CONSUMED_DIAGNOSTIC_ONLY,COVARIANCE_AND_SINGULAR_SPECTRUM,SS,TRAIN_EXCLUDING_FOLD,FOLD_5,0.0,1,1,2,True,1029,2003,39,8,FROZEN_TRAIN_FOLD_MEDIAN_IQR,1.0315963929442444,41472,0.0,38,1.0157542605226366
EXPLORATORY_CONSUMED_DIAGNOSTIC_ONLY,COVARIANCE_AND_SINGULAR_SPECTRUM,SS,TRAIN_EXCLUDING_FOLD,FOLD_5,0.0,1,1,2,True,1029,2003,39,8,FROZEN_TRAIN_FOLD_MEDIAN_IQR,1.0315963929442444,41472,0.0,39,1.0157542605226366
EXPLORATORY_CONSUMED_DIAGNOSTIC_ONLY,COVARIANCE_AND_SINGULAR_SPECTRUM,SS,FAMILY,F1,2.7076149532623624e+30,1,1,1,True,623,1195,39,13,OBSERVABLE_ONLY_GLOBAL_MEDIAN_IQR_FOR_CROSS_FAMILY_COMPARISON,1.0000026187463744,12288,1.824038720687911e+17,1,1.000001309373036
EXPLORATORY_CONSUMED_DIAGNOSTIC_ONLY,COVARIANCE_AND_SINGULAR_SPECTRUM,SS,FAMILY,F1,3.1994598523432153e+24,1,1,1,True,623,1195,39,13,OBSERVABLE_ONLY_GLOBAL_MEDIAN_IQR_FOR_CROSS_FAMILY_COMPARISON,1.0000026187463744,12288,198280010756489.1,2,1.000001309373036
EXPLORATORY_CONSUMED_DIAGNOSTIC_ONLY,COVARIANCE_AND_SINGULAR_SPECTRUM,SS,FAMILY,F1,3.441076200304915e+23,1,1,1,True,623,1195,39,13,OBSERVABLE_ONLY_GLOBAL_MEDIAN_IQR_FOR_CROSS_FAMILY_COMPARISON,1.0000026187463744,12288,65026105795554.75,3,1.000001309373036
EXPLORATORY_CONSUMED_DIAGNOSTIC_ONLY,COVARIANCE_AND_SINGULAR_SPECTRUM,SS,FAMILY,F1,1.710535878116423e+21,1,1,1,True,623,1195,39,13,OBSERVABLE_ONLY_GLOBAL_MEDIAN_IQR_FOR_CROSS_FAMILY_COMPARISON,1.0000026187463744,12288,4584655370940.612,4,1.000001309373036
EXPLORATORY_CONSUMED_DIAGNOSTIC_ONLY,COVARIANCE_AND_SINGULAR_SPECTRUM,SS,FAMILY,F1,633205478986053.5,1,1,1,True,623,1195,39,13,OBSERVABLE_ONLY_GLOBAL_MEDIAN_IQR_FOR_CROSS_FAMILY_COMPARISON,1.0000026187463744,12288,2789413724.383786,5,1.000001309373036
EXPLORATORY_CONSUMED_DIAGNOSTIC_ONLY,COVARIANCE_AND_SINGULAR_SPECTRUM,SS,FAMILY,F1,600339474944301.1,1,1,1,True,623,1195,39,13,OBSERVABLE_ONLY_GLOBAL_MEDIAN_IQR_FOR_CROSS_FAMILY_COMPARISON,1.0000026187463744,12288,2716058075.247209,6,1.000001309373036
EXPLORATORY_CONSUMED_DIAGNOSTIC_ONLY,COVARIANCE_AND_SINGULAR_SPECTRUM,SS,FAMILY,F1,476604777279806.25,1,1,1,True,623,1195,39,13,OBSERVABLE_ONLY_GLOBAL_MEDIAN_IQR_FOR_CROSS_FAMILY_COMPARISON,1.0000026187463744,12288,2420024690.620792,7,1.000001309373036
EXPLORATORY_CONSUMED_DIAGNOSTIC_ONLY,COVARIANCE_AND_SINGULAR_SPECTRUM,SS,FAMILY,F1,331242248639435.4,1,1,1,True,623,1195,39,13,OBSERVABLE_ONLY_GLOBAL_MEDIAN_IQR_FOR_CROSS_FAMILY_COMPARISON,1.0000026187463744,12288,2017499628.5703206,8,1.000001309373036
EXPLORATORY_CONSUMED_DIAGNOSTIC_ONLY,COVARIANCE_AND_SINGULAR_SPECTRUM,SS,FAMILY,F1,330579367994375.5,1,1,1,True,623,1195,39,13,OBSERVABLE_ONLY_GLOBAL_MEDIAN_IQR_FOR_CROSS_FAMILY_COMPARISON,1.0000026187463744,12288,2015479911.5632203,9,1.000001309373036
EXPLORATORY_CONSUMED_DIAGNOSTIC_ONLY,COVARIANCE_AND_SINGULAR_SPECTRUM,SS,FAMILY,F1,311466860116400.94,1,1,1,True,623,1195,39,13,OBSERVABLE_ONLY_GLOBAL_MEDIAN_IQR_FOR_CROSS_FAMILY_COMPARISON,1.0000026187463744,12288,1956349860.6104007,10,1.000001309373036
EXPLORATORY_CONSUMED_DIAGNOSTIC_ONLY,COVARIANCE_AND_SINGULAR_SPECTRUM,SS,FAMILY,F1,295703726518514.7,1,1,1,True,623,1195,39,13,OBSERVABLE_ONLY_GLOBAL_MEDIAN_IQR_FOR_CROSS_FAMILY_COMPARISON,1.0000026187463744,12288,1906202347.9839458,11,1.000001309373036
EXPLORATORY_CONSUMED_DIAGNOSTIC_ONLY,COVARIANCE_AND_SINGULAR_SPECTRUM,SS,FAMILY,F1,209209513662918.25,1,1,1,True,623,1195,39,13,OBSERVABLE_ONLY_GLOBAL_MEDIAN_IQR_FOR_CROSS_FAMILY_COMPARISON,1.0000026187463744,12288,1603361002.3603354,12,1.000001309373036
EXPLORATORY_CONSUMED_DIAGNOSTIC_ONLY,COVARIANCE_AND_SINGULAR_SPECTRUM,SS,FAMILY,F1,125050391647364.0,1,1,1,True,623,1195,39,13,OBSERVABLE_ONLY_GLOBAL_MEDIAN_IQR_FOR_CROSS_FAMILY_COMPARISON,1.0000026187463744,12288,1239604458.1086376,13,1.000001309373036
EXPLORATORY_CONSUMED_DIAGNOSTIC_ONLY,COVARIANCE_AND_SINGULAR_SPECTRUM,SS,FAMILY,F1,116146358677857.47,1,1,1,True,623,1195,39,13,OBSERVABLE_ONLY_GLOBAL_MEDIAN_IQR_FOR_CROSS_FAMILY_COMPARISON,1.0000026187463744,12288,1194657463.6411529,14,1.000001309373036
EXPLORATORY_CONSUMED_DIAGNOSTIC_ONLY,COVARIANCE_AND_SINGULAR_SPECTRUM,SS,FAMILY,F1,74034930932554.02,1,1,1,True,623,1195,39,13,OBSERVABLE_ONLY_GLOBAL_MEDIAN_IQR_FOR_CROSS_FAMILY_COMPARISON,1.0000026187463744,12288,953803560.1208583,15,1.000001309373036
EXPLORATORY_CONSUMED_DIAGNOSTIC_ONLY,COVARIANCE_AND_SINGULAR_SPECTRUM,SS,FAMILY,F1,39863519075843.73,1,1,1,True,623,1195,39,13,OBSERVABLE_ONLY_GLOBAL_MEDIAN_IQR_FOR_CROSS_FAMILY_COMPARISON,1.0000026187463744,12288,699887792.723925,16,1.000001309373036
EXPLORATORY_CONSUMED_DIAGNOSTIC_ONLY,COVARIANCE_AND_SINGULAR_SPECTRUM,SS,FAMILY,F1,16481330218478.451,1,1,1,True,623,1195,39,13,OBSERVABLE_ONLY_GLOBAL_MEDIAN_IQR_FOR_CROSS_FAMILY_COMPARISON,1.0000026187463744,12288,450025094.54991865,17,1.000001309373036
EXPLORATORY_CONSUMED_DIAGNOSTIC_ONLY,COVARIANCE_AND_SINGULAR_SPECTRUM,SS,FAMILY,F1,633232240735.4872,1,1,1,True,623,1195,39,13,OBSERVABLE_ONLY_GLOBAL_MEDIAN_IQR_FOR_CROSS_FAMILY_COMPARISON,1.0000026187463744,12288,88210871.06563264,18,1.000001309373036
EXPLORATORY_CONSUMED_DIAGNOSTIC_ONLY,COVARIANCE_AND_SINGULAR_SPECTRUM,SS,FAMILY,F1,113668152.24877653,1,1,1,True,623,1195,39,13,OBSERVABLE_ONLY_GLOBAL_MEDIAN_IQR_FOR_CROSS_FAMILY_COMPARISON,1.0000026187463744,12288,1181843.5830654434,19,1.000001309373036
EXPLORATORY_CONSUMED_DIAGNOSTIC_ONLY,COVARIANCE_AND_SINGULAR_SPECTRUM,SS,FAMILY,F1,937.8431877473848,1,1,1,True,623,1195,39,13,OBSERVABLE_ONLY_GLOBAL_MEDIAN_IQR_FOR_CROSS_FAMILY_COMPARISON,1.0000026187463744,12288,3394.73372903382,20,1.000001309373036
EXPLORATORY_CONSUMED_DIAGNOSTIC_ONLY,COVARIANCE_AND_SINGULAR_SPECTRUM,SS,FAMILY,F1,70.52308083018208,1,1,1,True,623,1195,39,13,OBSERVABLE_ONLY_GLOBAL_MEDIAN_IQR_FOR_CROSS_FAMILY_COMPARISON,1.0000026187463744,12288,930.9068789311192,21,1.000001309373036
EXPLORATORY_CONSUMED_DIAGNOSTIC_ONLY,COVARIANCE_AND_SINGULAR_SPECTRUM,SS,FAMILY,F1,25.78880693722508,1,1,1,True,623,1195,39,13,OBSERVABLE_ONLY_GLOBAL_MEDIAN_IQR_FOR_CROSS_FAMILY_COMPARISON,1.0000026187463744,12288,562.9323757296446,22,1.000001309373036
EXPLORATORY_CONSUMED_DIAGNOSTIC_ONLY,COVARIANCE_AND_SINGULAR_SPECTRUM,SS,FAMILY,F1,0.12994095840387998,1,1,1,True,623,1195,39,13,OBSERVABLE_ONLY_GLOBAL_MEDIAN_IQR_FOR_CROSS_FAMILY_COMPARISON,1.0000026187463744,12288,39.9589101060937,23,1.000001309373036
EXPLORATORY_CONSUMED_DIAGNOSTIC_ONLY,COVARIANCE_AND_SINGULAR_SPECTRUM,SS,FAMILY,F1,1.4249226035262693e-05,1,1,1,True,623,1195,39,13,OBSERVABLE_ONLY_GLOBAL_MEDIAN_IQR_FOR_CROSS_FAMILY_COMPARISON,1.0000026187463744,12288,0.41844293460555404,24,1.000001309373036
EXPLORATORY_CONSUMED_DIAGNOSTIC_ONLY,COVARIANCE_AND_SINGULAR_SPECTRUM,SS,FAMILY,F1,0.0,1,1,1,True,623,1195,39,13,OBSERVABLE_ONLY_GLOBAL_MEDIAN_IQR_FOR_CROSS_FAMILY_COMPARISON,1.0000026187463744,12288,0.0,25,1.000001309373036
EXPLORATORY_CONSUMED_DIAGNOSTIC_ONLY,COVARIANCE_AND_SINGULAR_SPECTRUM,SS,FAMILY,F1,0.0,1,1,1,True,623,1195,39,13,OBSERVABLE_ONLY_GLOBAL_MEDIAN_IQR_FOR_CROSS_FAMILY_COMPARISON,1.0000026187463744,12288,0.0,26,1.000001309373036
EXPLORATORY_CONSUMED_DIAGNOSTIC_ONLY,COVARIANCE_AND_SINGULAR_SPECTRUM,SS,FAMILY,F1,0.0,1,1,1,True,623,1195,39,13,OBSERVABLE_ONLY_GLOBAL_MEDIAN_IQR_FOR_CROSS_FAMILY_COMPARISON,1.0000026187463744,12288,0.0,27,1.000001309373036
EXPLORATORY_CONSUMED_DIAGNOSTIC_ONLY,COVARIANCE_AND_SINGULAR_SPECTRUM,SS,FAMILY,F1,0.0,1,1,1,True,623,1195,39,13,OBSERVABLE_ONLY_GLOBAL_MEDIAN_IQR_FOR_CROSS_FAMILY_COMPARISON,1.0000026187463744,12288,0.0,28,1.000001309373036
EXPLORATORY_CONSUMED_DIAGNOSTIC_ONLY,COVARIANCE_AND_SINGULAR_SPECTRUM,SS,FAMILY,F1,0.0,1,1,1,True,623,1195,39,13,OBSERVABLE_ONLY_GLOBAL_MEDIAN_IQR_FOR_CROSS_FAMILY_COMPARISON,1.0000026187463744,12288,0.0,29,1.000001309373036
EXPLORATORY_CONSUMED_DIAGNOSTIC_ONLY,COVARIANCE_AND_SINGULAR_SPECTRUM,SS,FAMILY,F1,0.0,1,1,1,True,623,1195,39,13,OBSERVABLE_ONLY_GLOBAL_MEDIAN_IQR_FOR_CROSS_FAMILY_COMPARISON,1.0000026187463744,12288,0.0,30,1.000001309373036
EXPLORATORY_CONSUMED_DIAGNOSTIC_ONLY,COVARIANCE_AND_SINGULAR_SPECTRUM,SS,FAMILY,F1,0.0,1,1,1,True,623,1195,39,13,OBSERVABLE_ONLY_GLOBAL_MEDIAN_IQR_FOR_CROSS_FAMILY_COMPARISON,1.0000026187463744,12288,0.0,31,1.000001309373036
EXPLORATORY_CONSUMED_DIAGNOSTIC_ONLY,COVARIANCE_AND_SINGULAR_SPECTRUM,SS,FAMILY,F1,0.0,1,1,1,True,623,1195,39,13,OBSERVABLE_ONLY_GLOBAL_MEDIAN_IQR_FOR_CROSS_FAMILY_COMPARISON,1.0000026187463744,12288,0.0,32,1.000001309373036
EXPLORATORY_CONSUMED_DIAGNOSTIC_ONLY,COVARIANCE_AND_SINGULAR_SPECTRUM,SS,FAMILY,F1,0.0,1,1,1,True,623,1195,39,13,OBSERVABLE_ONLY_GLOBAL_MEDIAN_IQR_FOR_CROSS_FAMILY_COMPARISON,1.0000026187463744,12288,0.0,33,1.000001309373036
EXPLORATORY_CONSUMED_DIAGNOSTIC_ONLY,COVARIANCE_AND_SINGULAR_SPECTRUM,SS,FAMILY,F1,0.0,1,1,1,True,623,1195,39,13,OBSERVABLE_ONLY_GLOBAL_MEDIAN_IQR_FOR_CROSS_FAMILY_COMPARISON,1.0000026187463744,12288,0.0,34,1.000001309373036
EXPLORATORY_CONSUMED_DIAGNOSTIC_ONLY,COVARIANCE_AND_SINGULAR_SPECTRUM,SS,FAMILY,F1,0.0,1,1,1,True,623,1195,39,13,OBSERVABLE_ONLY_GLOBAL_MEDIAN_IQR_FOR_CROSS_FAMILY_COMPARISON,1.0000026187463744,12288,0.0,35,1.000001309373036
EXPLORATORY_CONSUMED_DIAGNOSTIC_ONLY,COVARIANCE_AND_SINGULAR_SPECTRUM,SS,FAMILY,F1,0.0,1,1,1,True,623,1195,39,13,OBSERVABLE_ONLY_GLOBAL_MEDIAN_IQR_FOR_CROSS_FAMILY_COMPARISON,1.0000026187463744,12288,0.0,36,1.000001309373036
EXPLORATORY_CONSUMED_DIAGNOSTIC_ONLY,COVARIANCE_AND_SINGULAR_SPECTRUM,SS,FAMILY,F1,0.0,1,1,1,True,623,1195,39,13,OBSERVABLE_ONLY_GLOBAL_MEDIAN_IQR_FOR_CROSS_FAMILY_COMPARISON,1.0000026187463744,12288,0.0,37,1.000001309373036
EXPLORATORY_CONSUMED_DIAGNOSTIC_ONLY,COVARIANCE_AND_SINGULAR_SPECTRUM,SS,FAMILY,F1,0.0,1,1,1,True,623,1195,39,13,OBSERVABLE_ONLY_GLOBAL_MEDIAN_IQR_FOR_CROSS_FAMILY_COMPARISON,1.0000026187463744,12288,0.0,38,1.000001309373036
EXPLORATORY_CONSUMED_DIAGNOSTIC_ONLY,COVARIANCE_AND_SINGULAR_SPECTRUM,SS,FAMILY,F1,0.0,1,1,1,True,623,1195,39,13,OBSERVABLE_ONLY_GLOBAL_MEDIAN_IQR_FOR_CROSS_FAMILY_COMPARISON,1.0000026187463744,12288,0.0,39,1.000001309373036
EXPLORATORY_CONSUMED_DIAGNOSTIC_ONLY,COVARIANCE_AND_SINGULAR_SPECTRUM,SS,FAMILY,F2,1.1999739929327707e+30,1,1,1,True,16,32,39,8,OBSERVABLE_ONLY_GLOBAL_MEDIAN_IQR_FOR_CROSS_FAMILY_COMPARISON,1.0000016884300005,12288,1.2143014627825286e+17,1,1.0000008442148434
EXPLORATORY_CONSUMED_DIAGNOSTIC_ONLY,COVARIANCE_AND_SINGULAR_SPECTRUM,SS,FAMILY,F2,6.827826267931323e+23,1,1,1,True,16,32,39,8,OBSERVABLE_ONLY_GLOBAL_MEDIAN_IQR_FOR_CROSS_FAMILY_COMPARISON,1.0000016884300005,12288,91597122869847.88,2,1.0000008442148434
EXPLORATORY_CONSUMED_DIAGNOSTIC_ONLY,COVARIANCE_AND_SINGULAR_SPECTRUM,SS,FAMILY,F2,3.293253111381554e+23,1,1,1,True,16,32,39,8,OBSERVABLE_ONLY_GLOBAL_MEDIAN_IQR_FOR_CROSS_FAMILY_COMPARISON,1.0000016884300005,12288,63614066237473.41,3,1.0000008442148434
EXPLORATORY_CONSUMED_DIAGNOSTIC_ONLY,COVARIANCE_AND_SINGULAR_SPECTRUM,SS,FAMILY,F2,9.2791662422062e+20,1,1,1,True,16,32,39,8,OBSERVABLE_ONLY_GLOBAL_MEDIAN_IQR_FOR_CROSS_FAMILY_COMPARISON,1.0000016884300005,12288,3376720225073.878,4,1.0000008442148434
EXPLORATORY_CONSUMED_DIAGNOSTIC_ONLY,COVARIANCE_AND_SINGULAR_SPECTRUM,SS,FAMILY,F2,388648763665745.56,1,1,1,True,16,32,39,8,OBSERVABLE_ONLY_GLOBAL_MEDIAN_IQR_FOR_CROSS_FAMILY_COMPARISON,1.0000016884300005,12288,2185341165.11008,5,1.0000008442148434
EXPLORATORY_CONSUMED_DIAGNOSTIC_ONLY,COVARIANCE_AND_SINGULAR_SPECTRUM,SS,FAMILY,F2,353053862025430.7,1,1,1,True,16,32,39,8,OBSERVABLE_ONLY_GLOBAL_MEDIAN_IQR_FOR_CROSS_FAMILY_COMPARISON,1.0000016884300005,12288,2082864819.5618677,6,1.0000008442148434
EXPLORATORY_CONSUMED_DIAGNOSTIC_ONLY,COVARIANCE_AND_SINGULAR_SPECTRUM,SS,FAMILY,F2,261536651148157.38,1,1,1,True,16,32,39,8,OBSERVABLE_ONLY_GLOBAL_MEDIAN_IQR_FOR_CROSS_FAMILY_COMPARISON,1.0000016884300005,12288,1792696954.119284,7,1.0000008442148434
EXPLORATORY_CONSUMED_DIAGNOSTIC_ONLY,COVARIANCE_AND_SINGULAR_SPECTRUM,SS,FAMILY,F2,197256171916887.62,1,1,1,True,16,32,39,8,OBSERVABLE_ONLY_GLOBAL_MEDIAN_IQR_FOR_CROSS_FAMILY_COMPARISON,1.0000016884300005,12288,1556882731.779987,8,1.0000008442148434
EXPLORATORY_CONSUMED_DIAGNOSTIC_ONLY,COVARIANCE_AND_SINGULAR_SPECTRUM,SS,FAMILY,F2,185900225595730.6,1,1,1,True,16,32,39,8,OBSERVABLE_ONLY_GLOBAL_MEDIAN_IQR_FOR_CROSS_FAMILY_COMPARISON,1.0000016884300005,12288,1511403973.8337126,9,1.0000008442148434
EXPLORATORY_CONSUMED_DIAGNOSTIC_ONLY,COVARIANCE_AND_SINGULAR_SPECTRUM,SS,FAMILY,F2,161902716701429.0,1,1,1,True,16,32,39,8,OBSERVABLE_ONLY_GLOBAL_MEDIAN_IQR_FOR_CROSS_FAMILY_COMPARISON,1.0000016884300005,12288,1410482393.6608212,10,1.0000008442148434
EXPLORATORY_CONSUMED_DIAGNOSTIC_ONLY,COVARIANCE_AND_SINGULAR_SPECTRUM,SS,FAMILY,F2,150805260596537.53,1,1,1,True,16,32,39,8,OBSERVABLE_ONLY_GLOBAL_MEDIAN_IQR_FOR_CROSS_FAMILY_COMPARISON,1.0000016884300005,12288,1361284335.5486956,11,1.0000008442148434
EXPLORATORY_CONSUMED_DIAGNOSTIC_ONLY,COVARIANCE_AND_SINGULAR_SPECTRUM,SS,FAMILY,F2,107277904813820.36,1,1,1,True,16,32,39,8,OBSERVABLE_ONLY_GLOBAL_MEDIAN_IQR_FOR_CROSS_FAMILY_COMPARISON,1.0000016884300005,12288,1148142366.7612934,12,1.0000008442148434
EXPLORATORY_CONSUMED_DIAGNOSTIC_ONLY,COVARIANCE_AND_SINGULAR_SPECTRUM,SS,FAMILY,F2,83205552661273.28,1,1,1,True,16,32,39,8,OBSERVABLE_ONLY_GLOBAL_MEDIAN_IQR_FOR_CROSS_FAMILY_COMPARISON,1.0000016884300005,12288,1011152723.9253851,13,1.0000008442148434
EXPLORATORY_CONSUMED_DIAGNOSTIC_ONLY,COVARIANCE_AND_SINGULAR_SPECTRUM,SS,FAMILY,F2,36406624330017.695,1,1,1,True,16,32,39,8,OBSERVABLE_ONLY_GLOBAL_MEDIAN_IQR_FOR_CROSS_FAMILY_COMPARISON,1.0000016884300005,12288,668853197.4710575,14,1.0000008442148434
EXPLORATORY_CONSUMED_DIAGNOSTIC_ONLY,COVARIANCE_AND_SINGULAR_SPECTRUM,SS,FAMILY,F2,29052968473514.504,1,1,1,True,16,32,39,8,OBSERVABLE_ONLY_GLOBAL_MEDIAN_IQR_FOR_CROSS_FAMILY_COMPARISON,1.0000016884300005,12288,597497177.0665919,15,1.0000008442148434
EXPLORATORY_CONSUMED_DIAGNOSTIC_ONLY,COVARIANCE_AND_SINGULAR_SPECTRUM,SS,FAMILY,F2,10374557582157.111,1,1,1,True,16,32,39,8,OBSERVABLE_ONLY_GLOBAL_MEDIAN_IQR_FOR_CROSS_FAMILY_COMPARISON,1.0000016884300005,12288,357047004.7060283,16,1.0000008442148434
EXPLORATORY_CONSUMED_DIAGNOSTIC_ONLY,COVARIANCE_AND_SINGULAR_SPECTRUM,SS,FAMILY,F2,1764383534650.1655,1,1,1,True,16,32,39,8,OBSERVABLE_ONLY_GLOBAL_MEDIAN_IQR_FOR_CROSS_FAMILY_COMPARISON,1.0000016884300005,12288,147243827.96498206,17,1.0000008442148434
EXPLORATORY_CONSUMED_DIAGNOSTIC_ONLY,COVARIANCE_AND_SINGULAR_SPECTRUM,SS,FAMILY,F2,42284576.46065809,1,1,1,True,16,32,39,8,OBSERVABLE_ONLY_GLOBAL_MEDIAN_IQR_FOR_CROSS_FAMILY_COMPARISON,1.0000016884300005,12288,720827.9098013385,18,1.0000008442148434
EXPLORATORY_CONSUMED_DIAGNOSTIC_ONLY,COVARIANCE_AND_SINGULAR_SPECTRUM,SS,FAMILY,F2,311.78681136956715,1,1,1,True,16,32,39,8,OBSERVABLE_ONLY_GLOBAL_MEDIAN_IQR_FOR_CROSS_FAMILY_COMPARISON,1.0000016884300005,12288,1957.3544232226418,19,1.0000008442148434
EXPLORATORY_CONSUMED_DIAGNOSTIC_ONLY,COVARIANCE_AND_SINGULAR_SPECTRUM,SS,FAMILY,F2,23.36212470105748,1,1,1,True,16,32,39,8,OBSERVABLE_ONLY_GLOBAL_MEDIAN_IQR_FOR_CROSS_FAMILY_COMPARISON,1.0000016884300005,12288,535.7926728937176,20,1.0000008442148434
EXPLORATORY_CONSUMED_DIAGNOSTIC_ONLY,COVARIANCE_AND_SINGULAR_SPECTRUM,SS,FAMILY,F2,1.7006864078780448,1,1,1,True,16,32,39,8,OBSERVABLE_ONLY_GLOBAL_MEDIAN_IQR_FOR_CROSS_FAMILY_COMPARISON,1.0000016884300005,12288,144.56152524100392,21,1.0000008442148434
EXPLORATORY_CONSUMED_DIAGNOSTIC_ONLY,COVARIANCE_AND_SINGULAR_SPECTRUM,SS,FAMILY,F2,0.45215026868658303,1,1,1,True,16,32,39,8,OBSERVABLE_ONLY_GLOBAL_MEDIAN_IQR_FOR_CROSS_FAMILY_COMPARISON,1.0000016884300005,12288,74.53873155360729,22,1.0000008442148434
EXPLORATORY_CONSUMED_DIAGNOSTIC_ONLY,COVARIANCE_AND_SINGULAR_SPECTRUM,SS,FAMILY,F2,1.1671893089770176e-05,1,1,1,True,16,32,39,8,OBSERVABLE_ONLY_GLOBAL_MEDIAN_IQR_FOR_CROSS_FAMILY_COMPARISON,1.0000016884300005,12288,0.3787139055898211,23,1.0000008442148434
EXPLORATORY_CONSUMED_DIAGNOSTIC_ONLY,COVARIANCE_AND_SINGULAR_SPECTRUM,SS,FAMILY,F2,0.0,1,1,1,True,16,32,39,8,OBSERVABLE_ONLY_GLOBAL_MEDIAN_IQR_FOR_CROSS_FAMILY_COMPARISON,1.0000016884300005,12288,0.0,24,1.0000008442148434
EXPLORATORY_CONSUMED_DIAGNOSTIC_ONLY,COVARIANCE_AND_SINGULAR_SPECTRUM,SS,FAMILY,F2,0.0,1,1,1,True,16,32,39,8,OBSERVABLE_ONLY_GLOBAL_MEDIAN_IQR_FOR_CROSS_FAMILY_COMPARISON,1.0000016884300005,12288,0.0,25,1.0000008442148434
EXPLORATORY_CONSUMED_DIAGNOSTIC_ONLY,COVARIANCE_AND_SINGULAR_SPECTRUM,SS,FAMILY,F2,0.0,1,1,1,True,16,32,39,8,OBSERVABLE_ONLY_GLOBAL_MEDIAN_IQR_FOR_CROSS_FAMILY_COMPARISON,1.0000016884300005,12288,0.0,26,1.0000008442148434
EXPLORATORY_CONSUMED_DIAGNOSTIC_ONLY,COVARIANCE_AND_SINGULAR_SPECTRUM,SS,FAMILY,F2,0.0,1,1,1,True,16,32,39,8,OBSERVABLE_ONLY_GLOBAL_MEDIAN_IQR_FOR_CROSS_FAMILY_COMPARISON,1.0000016884300005,12288,0.0,27,1.0000008442148434
EXPLORATORY_CONSUMED_DIAGNOSTIC_ONLY,COVARIANCE_AND_SINGULAR_SPECTRUM,SS,FAMILY,F2,0.0,1,1,1,True,16,32,39,8,OBSERVABLE_ONLY_GLOBAL_MEDIAN_IQR_FOR_CROSS_FAMILY_COMPARISON,1.0000016884300005,12288,0.0,28,1.0000008442148434
EXPLORATORY_CONSUMED_DIAGNOSTIC_ONLY,COVARIANCE_AND_SINGULAR_SPECTRUM,SS,FAMILY,F2,0.0,1,1,1,True,16,32,39,8,OBSERVABLE_ONLY_GLOBAL_MEDIAN_IQR_FOR_CROSS_FAMILY_COMPARISON,1.0000016884300005,12288,0.0,29,1.0000008442148434
EXPLORATORY_CONSUMED_DIAGNOSTIC_ONLY,COVARIANCE_AND_SINGULAR_SPECTRUM,SS,FAMILY,F2,0.0,1,1,1,True,16,32,39,8,OBSERVABLE_ONLY_GLOBAL_MEDIAN_IQR_FOR_CROSS_FAMILY_COMPARISON,1.0000016884300005,12288,0.0,30,1.0000008442148434
EXPLORATORY_CONSUMED_DIAGNOSTIC_ONLY,COVARIANCE_AND_SINGULAR_SPECTRUM,SS,FAMILY,F2,0.0,1,1,1,True,16,32,39,8,OBSERVABLE_ONLY_GLOBAL_MEDIAN_IQR_FOR_CROSS_FAMILY_COMPARISON,1.0000016884300005,12288,0.0,31,1.0000008442148434
EXPLORATORY_CONSUMED_DIAGNOSTIC_ONLY,COVARIANCE_AND_SINGULAR_SPECTRUM,SS,FAMILY,F2,0.0,1,1,1,True,16,32,39,8,OBSERVABLE_ONLY_GLOBAL_MEDIAN_IQR_FOR_CROSS_FAMILY_COMPARISON,1.0000016884300005,12288,0.0,32,1.0000008442148434
EXPLORATORY_CONSUMED_DIAGNOSTIC_ONLY,COVARIANCE_AND_SINGULAR_SPECTRUM,SS,FAMILY,F2,0.0,1,1,1,True,16,32,39,8,OBSERVABLE_ONLY_GLOBAL_MEDIAN_IQR_FOR_CROSS_FAMILY_COMPARISON,1.0000016884300005,12288,0.0,33,1.0000008442148434
EXPLORATORY_CONSUMED_DIAGNOSTIC_ONLY,COVARIANCE_AND_SINGULAR_SPECTRUM,SS,FAMILY,F2,0.0,1,1,1,True,16,32,39,8,OBSERVABLE_ONLY_GLOBAL_MEDIAN_IQR_FOR_CROSS_FAMILY_COMPARISON,1.0000016884300005,12288,0.0,34,1.0000008442148434
EXPLORATORY_CONSUMED_DIAGNOSTIC_ONLY,COVARIANCE_AND_SINGULAR_SPECTRUM,SS,FAMILY,F2,0.0,1,1,1,True,16,32,39,8,OBSERVABLE_ONLY_GLOBAL_MEDIAN_IQR_FOR_CROSS_FAMILY_COMPARISON,1.0000016884300005,12288,0.0,35,1.0000008442148434
EXPLORATORY_CONSUMED_DIAGNOSTIC_ONLY,COVARIANCE_AND_SINGULAR_SPECTRUM,SS,FAMILY,F2,0.0,1,1,1,True,16,32,39,8,OBSERVABLE_ONLY_GLOBAL_MEDIAN_IQR_FOR_CROSS_FAMILY_COMPARISON,1.0000016884300005,12288,0.0,36,1.0000008442148434
EXPLORATORY_CONSUMED_DIAGNOSTIC_ONLY,COVARIANCE_AND_SINGULAR_SPECTRUM,SS,FAMILY,F2,0.0,1,1,1,True,16,32,39,8,OBSERVABLE_ONLY_GLOBAL_MEDIAN_IQR_FOR_CROSS_FAMILY_COMPARISON,1.0000016884300005,12288,0.0,37,1.0000008442148434
EXPLORATORY_CONSUMED_DIAGNOSTIC_ONLY,COVARIANCE_AND_SINGULAR_SPECTRUM,SS,FAMILY,F2,0.0,1,1,1,True,16,32,39,8,OBSERVABLE_ONLY_GLOBAL_MEDIAN_IQR_FOR_CROSS_FAMILY_COMPARISON,1.0000016884300005,12288,0.0,38,1.0000008442148434
EXPLORATORY_CONSUMED_DIAGNOSTIC_ONLY,COVARIANCE_AND_SINGULAR_SPECTRUM,SS,FAMILY,F2,0.0,1,1,1,True,16,32,39,8,OBSERVABLE_ONLY_GLOBAL_MEDIAN_IQR_FOR_CROSS_FAMILY_COMPARISON,1.0000016884300005,12288,0.0,39,1.0000008442148434
EXPLORATORY_CONSUMED_DIAGNOSTIC_ONLY,COVARIANCE_AND_SINGULAR_SPECTRUM,SS,FAMILY,F3,2.429321932749011e+30,1,1,1,True,92,181,39,8,OBSERVABLE_ONLY_GLOBAL_MEDIAN_IQR_FOR_CROSS_FAMILY_COMPARISON,1.0000052097893268,12288,1.727758892601044e+17,1,1.0000026048941437
EXPLORATORY_CONSUMED_DIAGNOSTIC_ONLY,COVARIANCE_AND_SINGULAR_SPECTRUM,SS,FAMILY,F3,5.799945653297412e+24,1,1,1,True,92,181,39,8,OBSERVABLE_ONLY_GLOBAL_MEDIAN_IQR_FOR_CROSS_FAMILY_COMPARISON,1.0000052097893268,12288,266963915516158.47,2,1.0000026048941437
EXPLORATORY_CONSUMED_DIAGNOSTIC_ONLY,COVARIANCE_AND_SINGULAR_SPECTRUM,SS,FAMILY,F3,5.215053815738267e+23,1,1,1,True,92,181,39,8,OBSERVABLE_ONLY_GLOBAL_MEDIAN_IQR_FOR_CROSS_FAMILY_COMPARISON,1.0000052097893268,12288,80051596666020.23,3,1.0000026048941437
EXPLORATORY_CONSUMED_DIAGNOSTIC_ONLY,COVARIANCE_AND_SINGULAR_SPECTRUM,SS,FAMILY,F3,6.675438284518152e+21,1,1,1,True,92,181,39,8,OBSERVABLE_ONLY_GLOBAL_MEDIAN_IQR_FOR_CROSS_FAMILY_COMPARISON,1.0000052097893268,12288,9056919213516.209,4,1.0000026048941437
EXPLORATORY_CONSUMED_DIAGNOSTIC_ONLY,COVARIANCE_AND_SINGULAR_SPECTRUM,SS,FAMILY,F3,820015224898452.6,1,1,1,True,92,181,39,8,OBSERVABLE_ONLY_GLOBAL_MEDIAN_IQR_FOR_CROSS_FAMILY_COMPARISON,1.0000052097893268,12288,3174326240.8820214,5,1.0000026048941437
EXPLORATORY_CONSUMED_DIAGNOSTIC_ONLY,COVARIANCE_AND_SINGULAR_SPECTRUM,SS,FAMILY,F3,533076639311385.4,1,1,1,True,92,181,39,8,OBSERVABLE_ONLY_GLOBAL_MEDIAN_IQR_FOR_CROSS_FAMILY_COMPARISON,1.0000052097893268,12288,2559383860.201182,6,1.0000026048941437
EXPLORATORY_CONSUMED_DIAGNOSTIC_ONLY,COVARIANCE_AND_SINGULAR_SPECTRUM,SS,FAMILY,F3,515120081929786.7,1,1,1,True,92,181,39,8,OBSERVABLE_ONLY_GLOBAL_MEDIAN_IQR_FOR_CROSS_FAMILY_COMPARISON,1.0000052097893268,12288,2515908497.293417,7,1.0000026048941437
EXPLORATORY_CONSUMED_DIAGNOSTIC_ONLY,COVARIANCE_AND_SINGULAR_SPECTRUM,SS,FAMILY,F3,506109704745965.56,1,1,1,True,92,181,39,8,OBSERVABLE_ONLY_GLOBAL_MEDIAN_IQR_FOR_CROSS_FAMILY_COMPARISON,1.0000052097893268,12288,2493807541.0741754,8,1.0000026048941437
EXPLORATORY_CONSUMED_DIAGNOSTIC_ONLY,COVARIANCE_AND_SINGULAR_SPECTRUM,SS,FAMILY,F3,283164545491554.94,1,1,1,True,92,181,39,8,OBSERVABLE_ONLY_GLOBAL_MEDIAN_IQR_FOR_CROSS_FAMILY_COMPARISON,1.0000052097893268,12288,1865348743.5330229,9,1.0000026048941437
EXPLORATORY_CONSUMED_DIAGNOSTIC_ONLY,COVARIANCE_AND_SINGULAR_SPECTRUM,SS,FAMILY,F3,115487847658703.45,1,1,1,True,92,181,39,8,OBSERVABLE_ONLY_GLOBAL_MEDIAN_IQR_FOR_CROSS_FAMILY_COMPARISON,1.0000052097893268,12288,1191265995.498129,10,1.0000026048941437
EXPLORATORY_CONSUMED_DIAGNOSTIC_ONLY,COVARIANCE_AND_SINGULAR_SPECTRUM,SS,FAMILY,F3,24378234723192.926,1,1,1,True,92,181,39,8,OBSERVABLE_ONLY_GLOBAL_MEDIAN_IQR_FOR_CROSS_FAMILY_COMPARISON,1.0000052097893268,12288,547320516.9538181,11,1.0000026048941437
EXPLORATORY_CONSUMED_DIAGNOSTIC_ONLY,COVARIANCE_AND_SINGULAR_SPECTRUM,SS,FAMILY,F3,468517595138.2493,1,1,1,True,92,181,39,8,OBSERVABLE_ONLY_GLOBAL_MEDIAN_IQR_FOR_CROSS_FAMILY_COMPARISON,1.0000052097893268,12288,75875847.33667761,12,1.0000026048941437
EXPLORATORY_CONSUMED_DIAGNOSTIC_ONLY,COVARIANCE_AND_SINGULAR_SPECTRUM,SS,FAMILY,F3,175367906289.80667,1,1,1,True,92,181,39,8,OBSERVABLE_ONLY_GLOBAL_MEDIAN_IQR_FOR_CROSS_FAMILY_COMPARISON,1.0000052097893268,12288,46421124.8516141,13,1.0000026048941437
EXPLORATORY_CONSUMED_DIAGNOSTIC_ONLY,COVARIANCE_AND_SINGULAR_SPECTRUM,SS,FAMILY,F3,68063821039.60378,1,1,1,True,92,181,39,8,OBSERVABLE_ONLY_GLOBAL_MEDIAN_IQR_FOR_CROSS_FAMILY_COMPARISON,1.0000052097893268,12288,28920031.68972419,14,1.0000026048941437
EXPLORATORY_CONSUMED_DIAGNOSTIC_ONLY,COVARIANCE_AND_SINGULAR_SPECTRUM,SS,FAMILY,F3,719.8586040067278,1,1,1,True,92,181,39,8,OBSERVABLE_ONLY_GLOBAL_MEDIAN_IQR_FOR_CROSS_FAMILY_COMPARISON,1.0000052097893268,12288,2974.1591292388293,15,1.0000026048941437
EXPLORATORY_CONSUMED_DIAGNOSTIC_ONLY,COVARIANCE_AND_SINGULAR_SPECTRUM,SS,FAMILY,F3,64.3070991610382,1,1,1,True,92,181,39,8,OBSERVABLE_ONLY_GLOBAL_MEDIAN_IQR_FOR_CROSS_FAMILY_COMPARISON,1.0000052097893268,12288,888.9351126436829,16,1.0000026048941437
EXPLORATORY_CONSUMED_DIAGNOSTIC_ONLY,COVARIANCE_AND_SINGULAR_SPECTRUM,SS,FAMILY,F3,4.62075830266645,1,1,1,True,92,181,39,8,OBSERVABLE_ONLY_GLOBAL_MEDIAN_IQR_FOR_CROSS_FAMILY_COMPARISON,1.0000052097893268,12288,238.28528704719756,17,1.0000026048941437
EXPLORATORY_CONSUMED_DIAGNOSTIC_ONLY,COVARIANCE_AND_SINGULAR_SPECTRUM,SS,FAMILY,F3,0.5032896735240577,1,1,1,True,92,181,39,8,OBSERVABLE_ONLY_GLOBAL_MEDIAN_IQR_FOR_CROSS_FAMILY_COMPARISON,1.0000052097893268,12288,78.64110571618141,18,1.0000026048941437
EXPLORATORY_CONSUMED_DIAGNOSTIC_ONLY,COVARIANCE_AND_SINGULAR_SPECTRUM,SS,FAMILY,F3,2.027750888716137e-06,1,1,1,True,92,181,39,8,OBSERVABLE_ONLY_GLOBAL_MEDIAN_IQR_FOR_CROSS_FAMILY_COMPARISON,1.0000052097893268,12288,0.15785120500187477,19,1.0000026048941437
EXPLORATORY_CONSUMED_DIAGNOSTIC_ONLY,COVARIANCE_AND_SINGULAR_SPECTRUM,SS,FAMILY,F3,0.0,1,1,1,True,92,181,39,8,OBSERVABLE_ONLY_GLOBAL_MEDIAN_IQR_FOR_CROSS_FAMILY_COMPARISON,1.0000052097893268,12288,0.0,20,1.0000026048941437
EXPLORATORY_CONSUMED_DIAGNOSTIC_ONLY,COVARIANCE_AND_SINGULAR_SPECTRUM,SS,FAMILY,F3,0.0,1,1,1,True,92,181,39,8,OBSERVABLE_ONLY_GLOBAL_MEDIAN_IQR_FOR_CROSS_FAMILY_COMPARISON,1.0000052097893268,12288,0.0,21,1.0000026048941437
EXPLORATORY_CONSUMED_DIAGNOSTIC_ONLY,COVARIANCE_AND_SINGULAR_SPECTRUM,SS,FAMILY,F3,0.0,1,1,1,True,92,181,39,8,OBSERVABLE_ONLY_GLOBAL_MEDIAN_IQR_FOR_CROSS_FAMILY_COMPARISON,1.0000052097893268,12288,0.0,22,1.0000026048941437
EXPLORATORY_CONSUMED_DIAGNOSTIC_ONLY,COVARIANCE_AND_SINGULAR_SPECTRUM,SS,FAMILY,F3,0.0,1,1,1,True,92,181,39,8,OBSERVABLE_ONLY_GLOBAL_MEDIAN_IQR_FOR_CROSS_FAMILY_COMPARISON,1.0000052097893268,12288,0.0,23,1.0000026048941437
EXPLORATORY_CONSUMED_DIAGNOSTIC_ONLY,COVARIANCE_AND_SINGULAR_SPECTRUM,SS,FAMILY,F3,0.0,1,1,1,True,92,181,39,8,OBSERVABLE_ONLY_GLOBAL_MEDIAN_IQR_FOR_CROSS_FAMILY_COMPARISON,1.0000052097893268,12288,0.0,24,1.0000026048941437
EXPLORATORY_CONSUMED_DIAGNOSTIC_ONLY,COVARIANCE_AND_SINGULAR_SPECTRUM,SS,FAMILY,F3,0.0,1,1,1,True,92,181,39,8,OBSERVABLE_ONLY_GLOBAL_MEDIAN_IQR_FOR_CROSS_FAMILY_COMPARISON,1.0000052097893268,12288,0.0,25,1.0000026048941437
EXPLORATORY_CONSUMED_DIAGNOSTIC_ONLY,COVARIANCE_AND_SINGULAR_SPECTRUM,SS,FAMILY,F3,0.0,1,1,1,True,92,181,39,8,OBSERVABLE_ONLY_GLOBAL_MEDIAN_IQR_FOR_CROSS_FAMILY_COMPARISON,1.0000052097893268,12288,0.0,26,1.0000026048941437
EXPLORATORY_CONSUMED_DIAGNOSTIC_ONLY,COVARIANCE_AND_SINGULAR_SPECTRUM,SS,FAMILY,F3,0.0,1,1,1,True,92,181,39,8,OBSERVABLE_ONLY_GLOBAL_MEDIAN_IQR_FOR_CROSS_FAMILY_COMPARISON,1.0000052097893268,12288,0.0,27,1.0000026048941437
EXPLORATORY_CONSUMED_DIAGNOSTIC_ONLY,COVARIANCE_AND_SINGULAR_SPECTRUM,SS,FAMILY,F3,0.0,1,1,1,True,92,181,39,8,OBSERVABLE_ONLY_GLOBAL_MEDIAN_IQR_FOR_CROSS_FAMILY_COMPARISON,1.0000052097893268,12288,0.0,28,1.0000026048941437
EXPLORATORY_CONSUMED_DIAGNOSTIC_ONLY,COVARIANCE_AND_SINGULAR_SPECTRUM,SS,FAMILY,F3,0.0,1,1,1,True,92,181,39,8,OBSERVABLE_ONLY_GLOBAL_MEDIAN_IQR_FOR_CROSS_FAMILY_COMPARISON,1.0000052097893268,12288,0.0,29,1.0000026048941437
EXPLORATORY_CONSUMED_DIAGNOSTIC_ONLY,COVARIANCE_AND_SINGULAR_SPECTRUM,SS,FAMILY,F3,0.0,1,1,1,True,92,181,39,8,OBSERVABLE_ONLY_GLOBAL_MEDIAN_IQR_FOR_CROSS_FAMILY_COMPARISON,1.0000052097893268,12288,0.0,30,1.0000026048941437
EXPLORATORY_CONSUMED_DIAGNOSTIC_ONLY,COVARIANCE_AND_SINGULAR_SPECTRUM,SS,FAMILY,F3,0.0,1,1,1,True,92,181,39,8,OBSERVABLE_ONLY_GLOBAL_MEDIAN_IQR_FOR_CROSS_FAMILY_COMPARISON,1.0000052097893268,12288,0.0,31,1.0000026048941437
EXPLORATORY_CONSUMED_DIAGNOSTIC_ONLY,COVARIANCE_AND_SINGULAR_SPECTRUM,SS,FAMILY,F3,0.0,1,1,1,True,92,181,39,8,OBSERVABLE_ONLY_GLOBAL_MEDIAN_IQR_FOR_CROSS_FAMILY_COMPARISON,1.0000052097893268,12288,0.0,32,1.0000026048941437
EXPLORATORY_CONSUMED_DIAGNOSTIC_ONLY,COVARIANCE_AND_SINGULAR_SPECTRUM,SS,FAMILY,F3,0.0,1,1,1,True,92,181,39,8,OBSERVABLE_ONLY_GLOBAL_MEDIAN_IQR_FOR_CROSS_FAMILY_COMPARISON,1.0000052097893268,12288,0.0,33,1.0000026048941437
EXPLORATORY_CONSUMED_DIAGNOSTIC_ONLY,COVARIANCE_AND_SINGULAR_SPECTRUM,SS,FAMILY,F3,0.0,1,1,1,True,92,181,39,8,OBSERVABLE_ONLY_GLOBAL_MEDIAN_IQR_FOR_CROSS_FAMILY_COMPARISON,1.0000052097893268,12288,0.0,34,1.0000026048941437
EXPLORATORY_CONSUMED_DIAGNOSTIC_ONLY,COVARIANCE_AND_SINGULAR_SPECTRUM,SS,FAMILY,F3,0.0,1,1,1,True,92,181,39,8,OBSERVABLE_ONLY_GLOBAL_MEDIAN_IQR_FOR_CROSS_FAMILY_COMPARISON,1.0000052097893268,12288,0.0,35,1.0000026048941437
EXPLORATORY_CONSUMED_DIAGNOSTIC_ONLY,COVARIANCE_AND_SINGULAR_SPECTRUM,SS,FAMILY,F3,0.0,1,1,1,True,92,181,39,8,OBSERVABLE_ONLY_GLOBAL_MEDIAN_IQR_FOR_CROSS_FAMILY_COMPARISON,1.0000052097893268,12288,0.0,36,1.0000026048941437
EXPLORATORY_CONSUMED_DIAGNOSTIC_ONLY,COVARIANCE_AND_SINGULAR_SPECTRUM,SS,FAMILY,F3,0.0,1,1,1,True,92,181,39,8,OBSERVABLE_ONLY_GLOBAL_MEDIAN_IQR_FOR_CROSS_FAMILY_COMPARISON,1.0000052097893268,12288,0.0,37,1.0000026048941437
EXPLORATORY_CONSUMED_DIAGNOSTIC_ONLY,COVARIANCE_AND_SINGULAR_SPECTRUM,SS,FAMILY,F3,0.0,1,1,1,True,92,181,39,8,OBSERVABLE_ONLY_GLOBAL_MEDIAN_IQR_FOR_CROSS_FAMILY_COMPARISON,1.0000052097893268,12288,0.0,38,1.0000026048941437
EXPLORATORY_CONSUMED_DIAGNOSTIC_ONLY,COVARIANCE_AND_SINGULAR_SPECTRUM,SS,FAMILY,F3,0.0,1,1,1,True,92,181,39,8,OBSERVABLE_ONLY_GLOBAL_MEDIAN_IQR_FOR_CROSS_FAMILY_COMPARISON,1.0000052097893268,12288,0.0,39,1.0000026048941437
EXPLORATORY_CONSUMED_DIAGNOSTIC_ONLY,COVARIANCE_AND_SINGULAR_SPECTRUM,SS,FAMILY,F4,2.1271782669580847e+30,1,1,1,True,122,231,39,8,OBSERVABLE_ONLY_GLOBAL_MEDIAN_IQR_FOR_CROSS_FAMILY_COMPARISON,1.0048390066436363,12288,1.616748791382908e+17,1,1.0024194243630993
EXPLORATORY_CONSUMED_DIAGNOSTIC_ONLY,COVARIANCE_AND_SINGULAR_SPECTRUM,SS,FAMILY,F4,5.06398622909998e+27,1,1,1,True,122,231,39,8,OBSERVABLE_ONLY_GLOBAL_MEDIAN_IQR_FOR_CROSS_FAMILY_COMPARISON,1.0048390066436363,12288,7888362490604787.0,2,1.0024194243630993
EXPLORATORY_CONSUMED_DIAGNOSTIC_ONLY,COVARIANCE_AND_SINGULAR_SPECTRUM,SS,FAMILY,F4,6.2608544199550565e+25,1,1,1,True,122,231,39,8,OBSERVABLE_ONLY_GLOBAL_MEDIAN_IQR_FOR_CROSS_FAMILY_COMPARISON,1.0048390066436363,12288,877116748856204.0,3,1.0024194243630993
EXPLORATORY_CONSUMED_DIAGNOSTIC_ONLY,COVARIANCE_AND_SINGULAR_SPECTRUM,SS,FAMILY,F4,1.995215042919589e+25,1,1,1,True,122,231,39,8,OBSERVABLE_ONLY_GLOBAL_MEDIAN_IQR_FOR_CROSS_FAMILY_COMPARISON,1.0048390066436363,12288,495148487298465.94,4,1.0024194243630993
EXPLORATORY_CONSUMED_DIAGNOSTIC_ONLY,COVARIANCE_AND_SINGULAR_SPECTRUM,SS,FAMILY,F4,1392868098923509.2,1,1,1,True,122,231,39,8,OBSERVABLE_ONLY_GLOBAL_MEDIAN_IQR_FOR_CROSS_FAMILY_COMPARISON,1.0048390066436363,12288,4137095986.265255,5,1.0024194243630993
EXPLORATORY_CONSUMED_DIAGNOSTIC_ONLY,COVARIANCE_AND_SINGULAR_SPECTRUM,SS,FAMILY,F4,658991938867022.8,1,1,1,True,122,231,39,8,OBSERVABLE_ONLY_GLOBAL_MEDIAN_IQR_FOR_CROSS_FAMILY_COMPARISON,1.0048390066436363,12288,2845644557.002504,6,1.0024194243630993
EXPLORATORY_CONSUMED_DIAGNOSTIC_ONLY,COVARIANCE_AND_SINGULAR_SPECTRUM,SS,FAMILY,F4,487519424566321.4,1,1,1,True,122,231,39,8,OBSERVABLE_ONLY_GLOBAL_MEDIAN_IQR_FOR_CROSS_FAMILY_COMPARISON,1.0048390066436363,12288,2447578127.2660036,7,1.0024194243630993
EXPLORATORY_CONSUMED_DIAGNOSTIC_ONLY,COVARIANCE_AND_SINGULAR_SPECTRUM,SS,FAMILY,F4,385994011966817.56,1,1,1,True,122,231,39,8,OBSERVABLE_ONLY_GLOBAL_MEDIAN_IQR_FOR_CROSS_FAMILY_COMPARISON,1.0048390066436363,12288,2177864646.631708,8,1.0024194243630993
EXPLORATORY_CONSUMED_DIAGNOSTIC_ONLY,COVARIANCE_AND_SINGULAR_SPECTRUM,SS,FAMILY,F4,319313274367296.7,1,1,1,True,122,231,39,8,OBSERVABLE_ONLY_GLOBAL_MEDIAN_IQR_FOR_CROSS_FAMILY_COMPARISON,1.0048390066436363,12288,1980838588.9378624,9,1.0024194243630993
EXPLORATORY_CONSUMED_DIAGNOSTIC_ONLY,COVARIANCE_AND_SINGULAR_SPECTRUM,SS,FAMILY,F4,304039647756789.7,1,1,1,True,122,231,39,8,OBSERVABLE_ONLY_GLOBAL_MEDIAN_IQR_FOR_CROSS_FAMILY_COMPARISON,1.0048390066436363,12288,1932883646.6883957,10,1.0024194243630993
EXPLORATORY_CONSUMED_DIAGNOSTIC_ONLY,COVARIANCE_AND_SINGULAR_SPECTRUM,SS,FAMILY,F4,294369020982252.94,1,1,1,True,122,231,39,8,OBSERVABLE_ONLY_GLOBAL_MEDIAN_IQR_FOR_CROSS_FAMILY_COMPARISON,1.0048390066436363,12288,1901895509.7033916,11,1.0024194243630993
EXPLORATORY_CONSUMED_DIAGNOSTIC_ONLY,COVARIANCE_AND_SINGULAR_SPECTRUM,SS,FAMILY,F4,282093795845647.1,1,1,1,True,122,231,39,8,OBSERVABLE_ONLY_GLOBAL_MEDIAN_IQR_FOR_CROSS_FAMILY_COMPARISON,1.0048390066436363,12288,1861818617.1996756,12,1.0024194243630993
EXPLORATORY_CONSUMED_DIAGNOSTIC_ONLY,COVARIANCE_AND_SINGULAR_SPECTRUM,SS,FAMILY,F4,281888510138299.1,1,1,1,True,122,231,39,8,OBSERVABLE_ONLY_GLOBAL_MEDIAN_IQR_FOR_CROSS_FAMILY_COMPARISON,1.0048390066436363,12288,1861141051.231588,13,1.0024194243630993
EXPLORATORY_CONSUMED_DIAGNOSTIC_ONLY,COVARIANCE_AND_SINGULAR_SPECTRUM,SS,FAMILY,F4,178092332454599.75,1,1,1,True,122,231,39,8,OBSERVABLE_ONLY_GLOBAL_MEDIAN_IQR_FOR_CROSS_FAMILY_COMPARISON,1.0048390066436363,12288,1479323690.4755232,14,1.0024194243630993
EXPLORATORY_CONSUMED_DIAGNOSTIC_ONLY,COVARIANCE_AND_SINGULAR_SPECTRUM,SS,FAMILY,F4,171127623387648.62,1,1,1,True,122,231,39,8,OBSERVABLE_ONLY_GLOBAL_MEDIAN_IQR_FOR_CROSS_FAMILY_COMPARISON,1.0048390066436363,12288,1450109042.8610623,15,1.0024194243630993
EXPLORATORY_CONSUMED_DIAGNOSTIC_ONLY,COVARIANCE_AND_SINGULAR_SPECTRUM,SS,FAMILY,F4,138696962304515.47,1,1,1,True,122,231,39,8,OBSERVABLE_ONLY_GLOBAL_MEDIAN_IQR_FOR_CROSS_FAMILY_COMPARISON,1.0048390066436363,12288,1305491582.8138785,16,1.0024194243630993
EXPLORATORY_CONSUMED_DIAGNOSTIC_ONLY,COVARIANCE_AND_SINGULAR_SPECTRUM,SS,FAMILY,F4,33189943270476.07,1,1,1,True,122,231,39,8,OBSERVABLE_ONLY_GLOBAL_MEDIAN_IQR_FOR_CROSS_FAMILY_COMPARISON,1.0048390066436363,12288,638621971.8327972,17,1.0024194243630993
EXPLORATORY_CONSUMED_DIAGNOSTIC_ONLY,COVARIANCE_AND_SINGULAR_SPECTRUM,SS,FAMILY,F4,22004281086759.895,1,1,1,True,122,231,39,8,OBSERVABLE_ONLY_GLOBAL_MEDIAN_IQR_FOR_CROSS_FAMILY_COMPARISON,1.0048390066436363,12288,519989044.1096866,18,1.0024194243630993
EXPLORATORY_CONSUMED_DIAGNOSTIC_ONLY,COVARIANCE_AND_SINGULAR_SPECTRUM,SS,FAMILY,F4,19237833033686.887,1,1,1,True,122,231,39,8,OBSERVABLE_ONLY_GLOBAL_MEDIAN_IQR_FOR_CROSS_FAMILY_COMPARISON,1.0048390066436363,12288,486204167.31857044,19,1.0024194243630993
EXPLORATORY_CONSUMED_DIAGNOSTIC_ONLY,COVARIANCE_AND_SINGULAR_SPECTRUM,SS,FAMILY,F4,588982318505.6736,1,1,1,True,122,231,39,8,OBSERVABLE_ONLY_GLOBAL_MEDIAN_IQR_FOR_CROSS_FAMILY_COMPARISON,1.0048390066436363,12288,85072996.47830513,20,1.0024194243630993
EXPLORATORY_CONSUMED_DIAGNOSTIC_ONLY,COVARIANCE_AND_SINGULAR_SPECTRUM,SS,FAMILY,F4,37289599938.49755,1,1,1,True,122,231,39,8,OBSERVABLE_ONLY_GLOBAL_MEDIAN_IQR_FOR_CROSS_FAMILY_COMPARISON,1.0048390066436363,12288,21405947.866054844,21,1.0024194243630993
EXPLORATORY_CONSUMED_DIAGNOSTIC_ONLY,COVARIANCE_AND_SINGULAR_SPECTRUM,SS,FAMILY,F4,155436461.16809297,1,1,1,True,122,231,39,8,OBSERVABLE_ONLY_GLOBAL_MEDIAN_IQR_FOR_CROSS_FAMILY_COMPARISON,1.0048390066436363,12288,1382028.6664297257,22,1.0024194243630993
EXPLORATORY_CONSUMED_DIAGNOSTIC_ONLY,COVARIANCE_AND_SINGULAR_SPECTRUM,SS,FAMILY,F4,319.0679120894122,1,1,1,True,122,231,39,8,OBSERVABLE_ONLY_GLOBAL_MEDIAN_IQR_FOR_CROSS_FAMILY_COMPARISON,1.0048390066436363,12288,1980.077398425298,23,1.0024194243630993
EXPLORATORY_CONSUMED_DIAGNOSTIC_ONLY,COVARIANCE_AND_SINGULAR_SPECTRUM,SS,FAMILY,F4,32.694912094880934,1,1,1,True,122,231,39,8,OBSERVABLE_ONLY_GLOBAL_MEDIAN_IQR_FOR_CROSS_FAMILY_COMPARISON,1.0048390066436363,12288,633.8415257948133,24,1.0024194243630993
EXPLORATORY_CONSUMED_DIAGNOSTIC_ONLY,COVARIANCE_AND_SINGULAR_SPECTRUM,SS,FAMILY,F4,21.584617073824443,1,1,1,True,122,231,39,8,OBSERVABLE_ONLY_GLOBAL_MEDIAN_IQR_FOR_CROSS_FAMILY_COMPARISON,1.0048390066436363,12288,515.0065772426161,25,1.0024194243630993
EXPLORATORY_CONSUMED_DIAGNOSTIC_ONLY,COVARIANCE_AND_SINGULAR_SPECTRUM,SS,FAMILY,F4,2.690660864686234,1,1,1,True,122,231,39,8,OBSERVABLE_ONLY_GLOBAL_MEDIAN_IQR_FOR_CROSS_FAMILY_COMPARISON,1.0048390066436363,12288,181.83190233087385,26,1.0024194243630993
EXPLORATORY_CONSUMED_DIAGNOSTIC_ONLY,COVARIANCE_AND_SINGULAR_SPECTRUM,SS,FAMILY,F4,3.321398907870374e-05,1,1,1,True,122,231,39,8,OBSERVABLE_ONLY_GLOBAL_MEDIAN_IQR_FOR_CROSS_FAMILY_COMPARISON,1.0048390066436363,12288,0.638853267815945,27,1.0024194243630993
EXPLORATORY_CONSUMED_DIAGNOSTIC_ONLY,COVARIANCE_AND_SINGULAR_SPECTRUM,SS,FAMILY,F4,0.0,1,1,1,True,122,231,39,8,OBSERVABLE_ONLY_GLOBAL_MEDIAN_IQR_FOR_CROSS_FAMILY_COMPARISON,1.0048390066436363,12288,0.0,28,1.0024194243630993
EXPLORATORY_CONSUMED_DIAGNOSTIC_ONLY,COVARIANCE_AND_SINGULAR_SPECTRUM,SS,FAMILY,F4,0.0,1,1,1,True,122,231,39,8,OBSERVABLE_ONLY_GLOBAL_MEDIAN_IQR_FOR_CROSS_FAMILY_COMPARISON,1.0048390066436363,12288,0.0,29,1.0024194243630993
EXPLORATORY_CONSUMED_DIAGNOSTIC_ONLY,COVARIANCE_AND_SINGULAR_SPECTRUM,SS,FAMILY,F4,0.0,1,1,1,True,122,231,39,8,OBSERVABLE_ONLY_GLOBAL_MEDIAN_IQR_FOR_CROSS_FAMILY_COMPARISON,1.0048390066436363,12288,0.0,30,1.0024194243630993
EXPLORATORY_CONSUMED_DIAGNOSTIC_ONLY,COVARIANCE_AND_SINGULAR_SPECTRUM,SS,FAMILY,F4,0.0,1,1,1,True,122,231,39,8,OBSERVABLE_ONLY_GLOBAL_MEDIAN_IQR_FOR_CROSS_FAMILY_COMPARISON,1.0048390066436363,12288,0.0,31,1.0024194243630993
EXPLORATORY_CONSUMED_DIAGNOSTIC_ONLY,COVARIANCE_AND_SINGULAR_SPECTRUM,SS,FAMILY,F4,0.0,1,1,1,True,122,231,39,8,OBSERVABLE_ONLY_GLOBAL_MEDIAN_IQR_FOR_CROSS_FAMILY_COMPARISON,1.0048390066436363,12288,0.0,32,1.0024194243630993
EXPLORATORY_CONSUMED_DIAGNOSTIC_ONLY,COVARIANCE_AND_SINGULAR_SPECTRUM,SS,FAMILY,F4,0.0,1,1,1,True,122,231,39,8,OBSERVABLE_ONLY_GLOBAL_MEDIAN_IQR_FOR_CROSS_FAMILY_COMPARISON,1.0048390066436363,12288,0.0,33,1.0024194243630993
EXPLORATORY_CONSUMED_DIAGNOSTIC_ONLY,COVARIANCE_AND_SINGULAR_SPECTRUM,SS,FAMILY,F4,0.0,1,1,1,True,122,231,39,8,OBSERVABLE_ONLY_GLOBAL_MEDIAN_IQR_FOR_CROSS_FAMILY_COMPARISON,1.0048390066436363,12288,0.0,34,1.0024194243630993
EXPLORATORY_CONSUMED_DIAGNOSTIC_ONLY,COVARIANCE_AND_SINGULAR_SPECTRUM,SS,FAMILY,F4,0.0,1,1,1,True,122,231,39,8,OBSERVABLE_ONLY_GLOBAL_MEDIAN_IQR_FOR_CROSS_FAMILY_COMPARISON,1.0048390066436363,12288,0.0,35,1.0024194243630993
EXPLORATORY_CONSUMED_DIAGNOSTIC_ONLY,COVARIANCE_AND_SINGULAR_SPECTRUM,SS,FAMILY,F4,0.0,1,1,1,True,122,231,39,8,OBSERVABLE_ONLY_GLOBAL_MEDIAN_IQR_FOR_CROSS_FAMILY_COMPARISON,1.0048390066436363,12288,0.0,36,1.0024194243630993
EXPLORATORY_CONSUMED_DIAGNOSTIC_ONLY,COVARIANCE_AND_SINGULAR_SPECTRUM,SS,FAMILY,F4,0.0,1,1,1,True,122,231,39,8,OBSERVABLE_ONLY_GLOBAL_MEDIAN_IQR_FOR_CROSS_FAMILY_COMPARISON,1.0048390066436363,12288,0.0,37,1.0024194243630993
EXPLORATORY_CONSUMED_DIAGNOSTIC_ONLY,COVARIANCE_AND_SINGULAR_SPECTRUM,SS,FAMILY,F4,0.0,1,1,1,True,122,231,39,8,OBSERVABLE_ONLY_GLOBAL_MEDIAN_IQR_FOR_CROSS_FAMILY_COMPARISON,1.0048390066436363,12288,0.0,38,1.0024194243630993
EXPLORATORY_CONSUMED_DIAGNOSTIC_ONLY,COVARIANCE_AND_SINGULAR_SPECTRUM,SS,FAMILY,F4,0.0,1,1,1,True,122,231,39,8,OBSERVABLE_ONLY_GLOBAL_MEDIAN_IQR_FOR_CROSS_FAMILY_COMPARISON,1.0048390066436363,12288,0.0,39,1.0024194243630993
EXPLORATORY_CONSUMED_DIAGNOSTIC_ONLY,COVARIANCE_AND_SINGULAR_SPECTRUM,MS,OVERALL,ALL,1.2584040984233445e+31,1,1,2,True,904,1779,110,34,OBSERVABLE_ONLY_SCOPE_MEDIAN_IQR,1.0441737621677984,49152,7.864672799659515e+17,1,1.022090181371546
EXPLORATORY_CONSUMED_DIAGNOSTIC_ONLY,COVARIANCE_AND_SINGULAR_SPECTRUM,MS,OVERALL,ALL,2.73857744898148e+29,1,1,2,True,904,1779,110,34,OBSERVABLE_ONLY_SCOPE_MEDIAN_IQR,1.0441737621677984,49152,1.1602006670069523e+17,2,1.022090181371546
EXPLORATORY_CONSUMED_DIAGNOSTIC_ONLY,COVARIANCE_AND_SINGULAR_SPECTRUM,MS,OVERALL,ALL,2.68039529732226e+27,1,1,2,True,904,1779,110,34,OBSERVABLE_ONLY_SCOPE_MEDIAN_IQR,1.0441737621677984,49152,1.1478100437528142e+16,3,1.022090181371546
EXPLORATORY_CONSUMED_DIAGNOSTIC_ONLY,COVARIANCE_AND_SINGULAR_SPECTRUM,MS,OVERALL,ALL,1.268318046864192e+27,1,1,2,True,904,1779,110,34,OBSERVABLE_ONLY_SCOPE_MEDIAN_IQR,1.0441737621677984,49152,7895591721933750.0,4,1.022090181371546
EXPLORATORY_CONSUMED_DIAGNOSTIC_ONLY,COVARIANCE_AND_SINGULAR_SPECTRUM,MS,OVERALL,ALL,1.5630485467224413e+26,1,1,2,True,904,1779,110,34,OBSERVABLE_ONLY_SCOPE_MEDIAN_IQR,1.0441737621677984,49152,2771767706148937.5,5,1.022090181371546
EXPLORATORY_CONSUMED_DIAGNOSTIC_ONLY,COVARIANCE_AND_SINGULAR_SPECTRUM,MS,OVERALL,ALL,1.5953431355509183e+25,1,1,2,True,904,1779,110,34,OBSERVABLE_ONLY_SCOPE_MEDIAN_IQR,1.0441737621677984,49152,885518524925361.1,6,1.022090181371546
EXPLORATORY_CONSUMED_DIAGNOSTIC_ONLY,COVARIANCE_AND_SINGULAR_SPECTRUM,MS,OVERALL,ALL,5.031198459459393e+24,1,1,2,True,904,1779,110,34,OBSERVABLE_ONLY_SCOPE_MEDIAN_IQR,1.0441737621677984,49152,497286101433921.1,7,1.022090181371546
EXPLORATORY_CONSUMED_DIAGNOSTIC_ONLY,COVARIANCE_AND_SINGULAR_SPECTRUM,MS,OVERALL,ALL,1.5185275672848182e+18,1,1,2,True,904,1779,110,34,OBSERVABLE_ONLY_SCOPE_MEDIAN_IQR,1.0441737621677984,49152,273200781454.19604,8,1.022090181371546
EXPLORATORY_CONSUMED_DIAGNOSTIC_ONLY,COVARIANCE_AND_SINGULAR_SPECTRUM,MS,OVERALL,ALL,2.4731718378683357e+17,1,1,2,True,904,1779,110,34,OBSERVABLE_ONLY_SCOPE_MEDIAN_IQR,1.0441737621677984,49152,110254860289.65092,9,1.022090181371546
EXPLORATORY_CONSUMED_DIAGNOSTIC_ONLY,COVARIANCE_AND_SINGULAR_SPECTRUM,MS,OVERALL,ALL,4.771727802442173e+16,1,1,2,True,904,1779,110,34,OBSERVABLE_ONLY_SCOPE_MEDIAN_IQR,1.0441737621677984,49152,48429326337.00759,10,1.022090181371546
EXPLORATORY_CONSUMED_DIAGNOSTIC_ONLY,COVARIANCE_AND_SINGULAR_SPECTRUM,MS,OVERALL,ALL,2.534187438250451e+16,1,1,2,True,904,1779,110,34,OBSERVABLE_ONLY_SCOPE_MEDIAN_IQR,1.0441737621677984,49152,35293112779.25003,11,1.022090181371546
EXPLORATORY_CONSUMED_DIAGNOSTIC_ONLY,COVARIANCE_AND_SINGULAR_SPECTRUM,MS,OVERALL,ALL,5470751259076765.0,1,1,2,True,904,1779,110,34,OBSERVABLE_ONLY_SCOPE_MEDIAN_IQR,1.0441737621677984,49152,16398120803.49883,12,1.022090181371546
EXPLORATORY_CONSUMED_DIAGNOSTIC_ONLY,COVARIANCE_AND_SINGULAR_SPECTRUM,MS,OVERALL,ALL,5206564389403290.0,1,1,2,True,904,1779,110,34,OBSERVABLE_ONLY_SCOPE_MEDIAN_IQR,1.0441737621677984,49152,15997282671.377365,13,1.022090181371546
EXPLORATORY_CONSUMED_DIAGNOSTIC_ONLY,COVARIANCE_AND_SINGULAR_SPECTRUM,MS,OVERALL,ALL,2898641077919649.0,1,1,2,True,904,1779,110,34,OBSERVABLE_ONLY_SCOPE_MEDIAN_IQR,1.0441737621677984,49152,11936247578.77896,14,1.022090181371546
EXPLORATORY_CONSUMED_DIAGNOSTIC_ONLY,COVARIANCE_AND_SINGULAR_SPECTRUM,MS,OVERALL,ALL,2468591672337021.5,1,1,2,True,904,1779,110,34,OBSERVABLE_ONLY_SCOPE_MEDIAN_IQR,1.0441737621677984,49152,11015272029.265064,15,1.022090181371546
EXPLORATORY_CONSUMED_DIAGNOSTIC_ONLY,COVARIANCE_AND_SINGULAR_SPECTRUM,MS,OVERALL,ALL,2340441630886550.5,1,1,2,True,904,1779,110,34,OBSERVABLE_ONLY_SCOPE_MEDIAN_IQR,1.0441737621677984,49152,10725548332.898218,16,1.022090181371546
EXPLORATORY_CONSUMED_DIAGNOSTIC_ONLY,COVARIANCE_AND_SINGULAR_SPECTRUM,MS,OVERALL,ALL,1735571240873089.2,1,1,2,True,904,1779,110,34,OBSERVABLE_ONLY_SCOPE_MEDIAN_IQR,1.0441737621677984,49152,9236167908.358644,17,1.022090181371546
EXPLORATORY_CONSUMED_DIAGNOSTIC_ONLY,COVARIANCE_AND_SINGULAR_SPECTRUM,MS,OVERALL,ALL,1263770242523375.8,1,1,2,True,904,1779,110,34,OBSERVABLE_ONLY_SCOPE_MEDIAN_IQR,1.0441737621677984,49152,7881423409.54405,18,1.022090181371546
EXPLORATORY_CONSUMED_DIAGNOSTIC_ONLY,COVARIANCE_AND_SINGULAR_SPECTRUM,MS,OVERALL,ALL,765560952620124.2,1,1,2,True,904,1779,110,34,OBSERVABLE_ONLY_SCOPE_MEDIAN_IQR,1.0441737621677984,49152,6134236052.124531,19,1.022090181371546
EXPLORATORY_CONSUMED_DIAGNOSTIC_ONLY,COVARIANCE_AND_SINGULAR_SPECTRUM,MS,OVERALL,ALL,590781888864170.2,1,1,2,True,904,1779,110,34,OBSERVABLE_ONLY_SCOPE_MEDIAN_IQR,1.0441737621677984,49152,5388702200.108269,20,1.022090181371546
EXPLORATORY_CONSUMED_DIAGNOSTIC_ONLY,COVARIANCE_AND_SINGULAR_SPECTRUM,MS,OVERALL,ALL,370774516277990.9,1,1,2,True,904,1779,110,34,OBSERVABLE_ONLY_SCOPE_MEDIAN_IQR,1.0441737621677984,49152,4268993912.3985415,21,1.022090181371546
EXPLORATORY_CONSUMED_DIAGNOSTIC_ONLY,COVARIANCE_AND_SINGULAR_SPECTRUM,MS,OVERALL,ALL,158155422130080.9,1,1,2,True,904,1779,110,34,OBSERVABLE_ONLY_SCOPE_MEDIAN_IQR,1.0441737621677984,49152,2788127563.175282,22,1.022090181371546
EXPLORATORY_CONSUMED_DIAGNOSTIC_ONLY,COVARIANCE_AND_SINGULAR_SPECTRUM,MS,OVERALL,ALL,146776698385079.34,1,1,2,True,904,1779,110,34,OBSERVABLE_ONLY_SCOPE_MEDIAN_IQR,1.0441737621677984,49152,2685957609.3124437,23,1.022090181371546
EXPLORATORY_CONSUMED_DIAGNOSTIC_ONLY,COVARIANCE_AND_SINGULAR_SPECTRUM,MS,OVERALL,ALL,42909458376055.164,1,1,2,True,904,1779,110,34,OBSERVABLE_ONLY_SCOPE_MEDIAN_IQR,1.0441737621677984,49152,1452269154.8400605,24,1.022090181371546
EXPLORATORY_CONSUMED_DIAGNOSTIC_ONLY,COVARIANCE_AND_SINGULAR_SPECTRUM,MS,OVERALL,ALL,32846777933157.996,1,1,2,True,904,1779,110,34,OBSERVABLE_ONLY_SCOPE_MEDIAN_IQR,1.0441737621677984,49152,1270623795.2165785,25,1.022090181371546
EXPLORATORY_CONSUMED_DIAGNOSTIC_ONLY,COVARIANCE_AND_SINGULAR_SPECTRUM,MS,OVERALL,ALL,5758347600996.922,1,1,2,True,904,1779,110,34,OBSERVABLE_ONLY_SCOPE_MEDIAN_IQR,1.0441737621677984,49152,532009681.5699886,26,1.022090181371546
EXPLORATORY_CONSUMED_DIAGNOSTIC_ONLY,COVARIANCE_AND_SINGULAR_SPECTRUM,MS,OVERALL,ALL,4251995076350.73,1,1,2,True,904,1779,110,34,OBSERVABLE_ONLY_SCOPE_MEDIAN_IQR,1.0441737621677984,49152,457158683.6020848,27,1.022090181371546
EXPLORATORY_CONSUMED_DIAGNOSTIC_ONLY,COVARIANCE_AND_SINGULAR_SPECTRUM,MS,OVERALL,ALL,1917545444833.081,1,1,2,True,904,1779,110,34,OBSERVABLE_ONLY_SCOPE_MEDIAN_IQR,1.0441737621677984,49152,307003572.7877374,28,1.022090181371546
EXPLORATORY_CONSUMED_DIAGNOSTIC_ONLY,COVARIANCE_AND_SINGULAR_SPECTRUM,MS,OVERALL,ALL,284314.146885848,1,1,2,True,904,1779,110,34,OBSERVABLE_ONLY_SCOPE_MEDIAN_IQR,1.0441737621677984,49152,118214.25018893958,29,1.022090181371546
EXPLORATORY_CONSUMED_DIAGNOSTIC_ONLY,COVARIANCE_AND_SINGULAR_SPECTRUM,MS,OVERALL,ALL,11375.867300947608,1,1,2,True,904,1779,110,34,OBSERVABLE_ONLY_SCOPE_MEDIAN_IQR,1.0441737621677984,49152,23646.28151689345,30,1.022090181371546
EXPLORATORY_CONSUMED_DIAGNOSTIC_ONLY,COVARIANCE_AND_SINGULAR_SPECTRUM,MS,OVERALL,ALL,7819.13009339421,1,1,2,True,904,1779,110,34,OBSERVABLE_ONLY_SCOPE_MEDIAN_IQR,1.0441737621677984,49152,19604.231235896812,31,1.022090181371546
EXPLORATORY_CONSUMED_DIAGNOSTIC_ONLY,COVARIANCE_AND_SINGULAR_SPECTRUM,MS,OVERALL,ALL,976.9042801549912,1,1,2,True,904,1779,110,34,OBSERVABLE_ONLY_SCOPE_MEDIAN_IQR,1.0441737621677984,49152,6929.415500471748,32,1.022090181371546
EXPLORATORY_CONSUMED_DIAGNOSTIC_ONLY,COVARIANCE_AND_SINGULAR_SPECTRUM,MS,OVERALL,ALL,435.3149224400142,1,1,2,True,904,1779,110,34,OBSERVABLE_ONLY_SCOPE_MEDIAN_IQR,1.0441737621677984,49152,4625.645800077172,33,1.022090181371546
EXPLORATORY_CONSUMED_DIAGNOSTIC_ONLY,COVARIANCE_AND_SINGULAR_SPECTRUM,MS,OVERALL,ALL,174.25696088975428,1,1,2,True,904,1779,110,34,OBSERVABLE_ONLY_SCOPE_MEDIAN_IQR,1.0441737621677984,49152,2926.6154755370926,34,1.022090181371546
EXPLORATORY_CONSUMED_DIAGNOSTIC_ONLY,COVARIANCE_AND_SINGULAR_SPECTRUM,MS,OVERALL,ALL,38.17942684518377,1,1,2,True,904,1779,110,34,OBSERVABLE_ONLY_SCOPE_MEDIAN_IQR,1.0441737621677984,49152,1369.8887503350309,35,1.022090181371546
EXPLORATORY_CONSUMED_DIAGNOSTIC_ONLY,COVARIANCE_AND_SINGULAR_SPECTRUM,MS,OVERALL,ALL,28.064691166100513,1,1,2,True,904,1779,110,34,OBSERVABLE_ONLY_SCOPE_MEDIAN_IQR,1.0441737621677984,49152,1174.4938059420203,36,1.022090181371546
EXPLORATORY_CONSUMED_DIAGNOSTIC_ONLY,COVARIANCE_AND_SINGULAR_SPECTRUM,MS,OVERALL,ALL,18.04665159634045,1,1,2,True,904,1779,110,34,OBSERVABLE_ONLY_SCOPE_MEDIAN_IQR,1.0441737621677984,49152,941.8221802778514,37,1.022090181371546
EXPLORATORY_CONSUMED_DIAGNOSTIC_ONLY,COVARIANCE_AND_SINGULAR_SPECTRUM,MS,OVERALL,ALL,12.408411896935833,1,1,2,True,904,1779,110,34,OBSERVABLE_ONLY_SCOPE_MEDIAN_IQR,1.0441737621677984,49152,780.9598335114233,38,1.022090181371546
EXPLORATORY_CONSUMED_DIAGNOSTIC_ONLY,COVARIANCE_AND_SINGULAR_SPECTRUM,MS,OVERALL,ALL,11.418010122404821,1,1,2,True,904,1779,110,34,OBSERVABLE_ONLY_SCOPE_MEDIAN_IQR,1.0441737621677984,49152,749.1448681906869,39,1.022090181371546
EXPLORATORY_CONSUMED_DIAGNOSTIC_ONLY,COVARIANCE_AND_SINGULAR_SPECTRUM,MS,OVERALL,ALL,11.199639012887037,1,1,2,True,904,1779,110,34,OBSERVABLE_ONLY_SCOPE_MEDIAN_IQR,1.0441737621677984,49152,741.946532279398,40,1.022090181371546
EXPLORATORY_CONSUMED_DIAGNOSTIC_ONLY,COVARIANCE_AND_SINGULAR_SPECTRUM,MS,OVERALL,ALL,4.831091099300159,1,1,2,True,904,1779,110,34,OBSERVABLE_ONLY_SCOPE_MEDIAN_IQR,1.0441737621677984,49152,487.2964084751717,41,1.022090181371546
EXPLORATORY_CONSUMED_DIAGNOSTIC_ONLY,COVARIANCE_AND_SINGULAR_SPECTRUM,MS,OVERALL,ALL,1.8387455838502416,1,1,2,True,904,1779,110,34,OBSERVABLE_ONLY_SCOPE_MEDIAN_IQR,1.0441737621677984,49152,300.6293780344946,42,1.022090181371546
EXPLORATORY_CONSUMED_DIAGNOSTIC_ONLY,COVARIANCE_AND_SINGULAR_SPECTRUM,MS,OVERALL,ALL,1.0615616550054152,1,1,2,True,904,1779,110,34,OBSERVABLE_ONLY_SCOPE_MEDIAN_IQR,1.0441737621677984,49152,228.4247763856324,43,1.022090181371546
EXPLORATORY_CONSUMED_DIAGNOSTIC_ONLY,COVARIANCE_AND_SINGULAR_SPECTRUM,MS,OVERALL,ALL,0.9661724507194416,1,1,2,True,904,1779,110,34,OBSERVABLE_ONLY_SCOPE_MEDIAN_IQR,1.0441737621677984,49152,217.9204173494581,44,1.022090181371546
EXPLORATORY_CONSUMED_DIAGNOSTIC_ONLY,COVARIANCE_AND_SINGULAR_SPECTRUM,MS,OVERALL,ALL,0.8694402914597887,1,1,2,True,904,1779,110,34,OBSERVABLE_ONLY_SCOPE_MEDIAN_IQR,1.0441737621677984,49152,206.72379932129618,45,1.022090181371546
EXPLORATORY_CONSUMED_DIAGNOSTIC_ONLY,COVARIANCE_AND_SINGULAR_SPECTRUM,MS,OVERALL,ALL,0.7772064154083641,1,1,2,True,904,1779,110,34,OBSERVABLE_ONLY_SCOPE_MEDIAN_IQR,1.0441737621677984,49152,195.45139991862916,46,1.022090181371546
EXPLORATORY_CONSUMED_DIAGNOSTIC_ONLY,COVARIANCE_AND_SINGULAR_SPECTRUM,MS,OVERALL,ALL,0.2938615427014832,1,1,2,True,904,1779,110,34,OBSERVABLE_ONLY_SCOPE_MEDIAN_IQR,1.0441737621677984,49152,120.18270485749312,47,1.022090181371546
EXPLORATORY_CONSUMED_DIAGNOSTIC_ONLY,COVARIANCE_AND_SINGULAR_SPECTRUM,MS,OVERALL,ALL,0.16732442308986828,1,1,2,True,904,1779,110,34,OBSERVABLE_ONLY_SCOPE_MEDIAN_IQR,1.0441737621677984,49152,90.68809207229583,48,1.022090181371546
EXPLORATORY_CONSUMED_DIAGNOSTIC_ONLY,COVARIANCE_AND_SINGULAR_SPECTRUM,MS,OVERALL,ALL,0.12422087151803252,1,1,2,True,904,1779,110,34,OBSERVABLE_ONLY_SCOPE_MEDIAN_IQR,1.0441737621677984,49152,78.13900611637145,49,1.022090181371546
EXPLORATORY_CONSUMED_DIAGNOSTIC_ONLY,COVARIANCE_AND_SINGULAR_SPECTRUM,MS,OVERALL,ALL,0.08321540363748628,1,1,2,True,904,1779,110,34,OBSERVABLE_ONLY_SCOPE_MEDIAN_IQR,1.0441737621677984,49152,63.95469896410838,50,1.022090181371546
EXPLORATORY_CONSUMED_DIAGNOSTIC_ONLY,COVARIANCE_AND_SINGULAR_SPECTRUM,MS,OVERALL,ALL,0.03176349743921125,1,1,2,True,904,1779,110,34,OBSERVABLE_ONLY_SCOPE_MEDIAN_IQR,1.0441737621677984,49152,39.51252239647719,51,1.022090181371546
EXPLORATORY_CONSUMED_DIAGNOSTIC_ONLY,COVARIANCE_AND_SINGULAR_SPECTRUM,MS,OVERALL,ALL,0.02215019156389017,1,1,2,True,904,1779,110,34,OBSERVABLE_ONLY_SCOPE_MEDIAN_IQR,1.0441737621677984,49152,32.99585149300332,52,1.022090181371546
EXPLORATORY_CONSUMED_DIAGNOSTIC_ONLY,COVARIANCE_AND_SINGULAR_SPECTRUM,MS,OVERALL,ALL,0.01104115703291533,1,1,2,True,904,1779,110,34,OBSERVABLE_ONLY_SCOPE_MEDIAN_IQR,1.0441737621677984,49152,23.295814012003405,53,1.022090181371546
EXPLORATORY_CONSUMED_DIAGNOSTIC_ONLY,COVARIANCE_AND_SINGULAR_SPECTRUM,MS,OVERALL,ALL,0.0076361064382509435,1,1,2,True,904,1779,110,34,OBSERVABLE_ONLY_SCOPE_MEDIAN_IQR,1.0441737621677984,49152,19.373432934121677,54,1.022090181371546
EXPLORATORY_CONSUMED_DIAGNOSTIC_ONLY,COVARIANCE_AND_SINGULAR_SPECTRUM,MS,OVERALL,ALL,0.0064922276843179345,1,1,2,True,904,1779,110,34,OBSERVABLE_ONLY_SCOPE_MEDIAN_IQR,1.0441737621677984,49152,17.863537587487958,55,1.022090181371546
EXPLORATORY_CONSUMED_DIAGNOSTIC_ONLY,COVARIANCE_AND_SINGULAR_SPECTRUM,MS,OVERALL,ALL,0.003950048988154208,1,1,2,True,904,1779,110,34,OBSERVABLE_ONLY_SCOPE_MEDIAN_IQR,1.0441737621677984,49152,13.933872680118604,56,1.022090181371546
EXPLORATORY_CONSUMED_DIAGNOSTIC_ONLY,COVARIANCE_AND_SINGULAR_SPECTRUM,MS,OVERALL,ALL,0.0012430567876037103,1,1,2,True,904,1779,110,34,OBSERVABLE_ONLY_SCOPE_MEDIAN_IQR,1.0441737621677984,49152,7.816567483512029,57,1.022090181371546
EXPLORATORY_CONSUMED_DIAGNOSTIC_ONLY,COVARIANCE_AND_SINGULAR_SPECTRUM,MS,OVERALL,ALL,0.0007555111092275939,1,1,2,True,904,1779,110,34,OBSERVABLE_ONLY_SCOPE_MEDIAN_IQR,1.0441737621677984,49152,6.09383967960716,58,1.022090181371546
EXPLORATORY_CONSUMED_DIAGNOSTIC_ONLY,COVARIANCE_AND_SINGULAR_SPECTRUM,MS,OVERALL,ALL,0.0004271733754755985,1,1,2,True,904,1779,110,34,OBSERVABLE_ONLY_SCOPE_MEDIAN_IQR,1.0441737621677984,49152,4.5821856958635605,59,1.022090181371546
EXPLORATORY_CONSUMED_DIAGNOSTIC_ONLY,COVARIANCE_AND_SINGULAR_SPECTRUM,MS,OVERALL,ALL,0.0001739529848465365,1,1,2,True,904,1779,110,34,OBSERVABLE_ONLY_SCOPE_MEDIAN_IQR,1.0441737621677984,49152,2.92406174886526,60,1.022090181371546
EXPLORATORY_CONSUMED_DIAGNOSTIC_ONLY,COVARIANCE_AND_SINGULAR_SPECTRUM,MS,OVERALL,ALL,6.13119042238127e-05,1,1,2,True,904,1779,110,34,OBSERVABLE_ONLY_SCOPE_MEDIAN_IQR,1.0441737621677984,49152,1.7359731323983218,61,1.022090181371546
EXPLORATORY_CONSUMED_DIAGNOSTIC_ONLY,COVARIANCE_AND_SINGULAR_SPECTRUM,MS,OVERALL,ALL,2.7431961102486058e-05,1,1,2,True,904,1779,110,34,OBSERVABLE_ONLY_SCOPE_MEDIAN_IQR,1.0441737621677984,49152,1.1611786047414905,62,1.022090181371546
EXPLORATORY_CONSUMED_DIAGNOSTIC_ONLY,COVARIANCE_AND_SINGULAR_SPECTRUM,MS,OVERALL,ALL,2.489654917311152e-05,1,1,2,True,904,1779,110,34,OBSERVABLE_ONLY_SCOPE_MEDIAN_IQR,1.0441737621677984,49152,1.1062166085160616,63,1.022090181371546
EXPLORATORY_CONSUMED_DIAGNOSTIC_ONLY,COVARIANCE_AND_SINGULAR_SPECTRUM,MS,OVERALL,ALL,2.4211887867456737e-05,1,1,2,True,904,1779,110,34,OBSERVABLE_ONLY_SCOPE_MEDIAN_IQR,1.0441737621677984,49152,1.0908999552943586,64,1.022090181371546
EXPLORATORY_CONSUMED_DIAGNOSTIC_ONLY,COVARIANCE_AND_SINGULAR_SPECTRUM,MS,OVERALL,ALL,1.4454521687847123e-05,1,1,2,True,904,1779,110,34,OBSERVABLE_ONLY_SCOPE_MEDIAN_IQR,1.0441737621677984,49152,0.8428930240552841,65,1.022090181371546
EXPLORATORY_CONSUMED_DIAGNOSTIC_ONLY,COVARIANCE_AND_SINGULAR_SPECTRUM,MS,OVERALL,ALL,9.906428716957296e-06,1,1,2,True,904,1779,110,34,OBSERVABLE_ONLY_SCOPE_MEDIAN_IQR,1.0441737621677984,49152,0.6977970939290913,66,1.022090181371546
EXPLORATORY_CONSUMED_DIAGNOSTIC_ONLY,COVARIANCE_AND_SINGULAR_SPECTRUM,MS,OVERALL,ALL,3.667166376157219e-06,1,1,2,True,904,1779,110,34,OBSERVABLE_ONLY_SCOPE_MEDIAN_IQR,1.0441737621677984,49152,0.424556900451376,67,1.022090181371546
EXPLORATORY_CONSUMED_DIAGNOSTIC_ONLY,COVARIANCE_AND_SINGULAR_SPECTRUM,MS,OVERALL,ALL,1.4323485424932528e-06,1,1,2,True,904,1779,110,34,OBSERVABLE_ONLY_SCOPE_MEDIAN_IQR,1.0441737621677984,49152,0.265335251258909,68,1.022090181371546
EXPLORATORY_CONSUMED_DIAGNOSTIC_ONLY,COVARIANCE_AND_SINGULAR_SPECTRUM,MS,OVERALL,ALL,7.831282079104108e-08,1,1,2,True,904,1779,110,34,OBSERVABLE_ONLY_SCOPE_MEDIAN_IQR,1.0441737621677984,49152,0.062042177327373445,69,1.022090181371546
EXPLORATORY_CONSUMED_DIAGNOSTIC_ONLY,COVARIANCE_AND_SINGULAR_SPECTRUM,MS,OVERALL,ALL,0.0,1,1,2,True,904,1779,110,34,OBSERVABLE_ONLY_SCOPE_MEDIAN_IQR,1.0441737621677984,49152,0.0,70,1.022090181371546
EXPLORATORY_CONSUMED_DIAGNOSTIC_ONLY,COVARIANCE_AND_SINGULAR_SPECTRUM,MS,OVERALL,ALL,0.0,1,1,2,True,904,1779,110,34,OBSERVABLE_ONLY_SCOPE_MEDIAN_IQR,1.0441737621677984,49152,0.0,71,1.022090181371546
EXPLORATORY_CONSUMED_DIAGNOSTIC_ONLY,COVARIANCE_AND_SINGULAR_SPECTRUM,MS,OVERALL,ALL,0.0,1,1,2,True,904,1779,110,34,OBSERVABLE_ONLY_SCOPE_MEDIAN_IQR,1.0441737621677984,49152,0.0,72,1.022090181371546
EXPLORATORY_CONSUMED_DIAGNOSTIC_ONLY,COVARIANCE_AND_SINGULAR_SPECTRUM,MS,OVERALL,ALL,0.0,1,1,2,True,904,1779,110,34,OBSERVABLE_ONLY_SCOPE_MEDIAN_IQR,1.0441737621677984,49152,0.0,73,1.022090181371546
EXPLORATORY_CONSUMED_DIAGNOSTIC_ONLY,COVARIANCE_AND_SINGULAR_SPECTRUM,MS,OVERALL,ALL,0.0,1,1,2,True,904,1779,110,34,OBSERVABLE_ONLY_SCOPE_MEDIAN_IQR,1.0441737621677984,49152,0.0,74,1.022090181371546
EXPLORATORY_CONSUMED_DIAGNOSTIC_ONLY,COVARIANCE_AND_SINGULAR_SPECTRUM,MS,OVERALL,ALL,0.0,1,1,2,True,904,1779,110,34,OBSERVABLE_ONLY_SCOPE_MEDIAN_IQR,1.0441737621677984,49152,0.0,75,1.022090181371546
EXPLORATORY_CONSUMED_DIAGNOSTIC_ONLY,COVARIANCE_AND_SINGULAR_SPECTRUM,MS,OVERALL,ALL,0.0,1,1,2,True,904,1779,110,34,OBSERVABLE_ONLY_SCOPE_MEDIAN_IQR,1.0441737621677984,49152,0.0,76,1.022090181371546
EXPLORATORY_CONSUMED_DIAGNOSTIC_ONLY,COVARIANCE_AND_SINGULAR_SPECTRUM,MS,OVERALL,ALL,0.0,1,1,2,True,904,1779,110,34,OBSERVABLE_ONLY_SCOPE_MEDIAN_IQR,1.0441737621677984,49152,0.0,77,1.022090181371546
EXPLORATORY_CONSUMED_DIAGNOSTIC_ONLY,COVARIANCE_AND_SINGULAR_SPECTRUM,MS,OVERALL,ALL,0.0,1,1,2,True,904,1779,110,34,OBSERVABLE_ONLY_SCOPE_MEDIAN_IQR,1.0441737621677984,49152,0.0,78,1.022090181371546
EXPLORATORY_CONSUMED_DIAGNOSTIC_ONLY,COVARIANCE_AND_SINGULAR_SPECTRUM,MS,OVERALL,ALL,0.0,1,1,2,True,904,1779,110,34,OBSERVABLE_ONLY_SCOPE_MEDIAN_IQR,1.0441737621677984,49152,0.0,79,1.022090181371546
EXPLORATORY_CONSUMED_DIAGNOSTIC_ONLY,COVARIANCE_AND_SINGULAR_SPECTRUM,MS,OVERALL,ALL,0.0,1,1,2,True,904,1779,110,34,OBSERVABLE_ONLY_SCOPE_MEDIAN_IQR,1.0441737621677984,49152,0.0,80,1.022090181371546
EXPLORATORY_CONSUMED_DIAGNOSTIC_ONLY,COVARIANCE_AND_SINGULAR_SPECTRUM,MS,OVERALL,ALL,0.0,1,1,2,True,904,1779,110,34,OBSERVABLE_ONLY_SCOPE_MEDIAN_IQR,1.0441737621677984,49152,0.0,81,1.022090181371546
EXPLORATORY_CONSUMED_DIAGNOSTIC_ONLY,COVARIANCE_AND_SINGULAR_SPECTRUM,MS,OVERALL,ALL,0.0,1,1,2,True,904,1779,110,34,OBSERVABLE_ONLY_SCOPE_MEDIAN_IQR,1.0441737621677984,49152,0.0,82,1.022090181371546
EXPLORATORY_CONSUMED_DIAGNOSTIC_ONLY,COVARIANCE_AND_SINGULAR_SPECTRUM,MS,OVERALL,ALL,0.0,1,1,2,True,904,1779,110,34,OBSERVABLE_ONLY_SCOPE_MEDIAN_IQR,1.0441737621677984,49152,0.0,83,1.022090181371546
EXPLORATORY_CONSUMED_DIAGNOSTIC_ONLY,COVARIANCE_AND_SINGULAR_SPECTRUM,MS,OVERALL,ALL,0.0,1,1,2,True,904,1779,110,34,OBSERVABLE_ONLY_SCOPE_MEDIAN_IQR,1.0441737621677984,49152,0.0,84,1.022090181371546
EXPLORATORY_CONSUMED_DIAGNOSTIC_ONLY,COVARIANCE_AND_SINGULAR_SPECTRUM,MS,OVERALL,ALL,0.0,1,1,2,True,904,1779,110,34,OBSERVABLE_ONLY_SCOPE_MEDIAN_IQR,1.0441737621677984,49152,0.0,85,1.022090181371546
EXPLORATORY_CONSUMED_DIAGNOSTIC_ONLY,COVARIANCE_AND_SINGULAR_SPECTRUM,MS,OVERALL,ALL,0.0,1,1,2,True,904,1779,110,34,OBSERVABLE_ONLY_SCOPE_MEDIAN_IQR,1.0441737621677984,49152,0.0,86,1.022090181371546
EXPLORATORY_CONSUMED_DIAGNOSTIC_ONLY,COVARIANCE_AND_SINGULAR_SPECTRUM,MS,OVERALL,ALL,0.0,1,1,2,True,904,1779,110,34,OBSERVABLE_ONLY_SCOPE_MEDIAN_IQR,1.0441737621677984,49152,0.0,87,1.022090181371546
EXPLORATORY_CONSUMED_DIAGNOSTIC_ONLY,COVARIANCE_AND_SINGULAR_SPECTRUM,MS,OVERALL,ALL,0.0,1,1,2,True,904,1779,110,34,OBSERVABLE_ONLY_SCOPE_MEDIAN_IQR,1.0441737621677984,49152,0.0,88,1.022090181371546
EXPLORATORY_CONSUMED_DIAGNOSTIC_ONLY,COVARIANCE_AND_SINGULAR_SPECTRUM,MS,OVERALL,ALL,0.0,1,1,2,True,904,1779,110,34,OBSERVABLE_ONLY_SCOPE_MEDIAN_IQR,1.0441737621677984,49152,0.0,89,1.022090181371546
EXPLORATORY_CONSUMED_DIAGNOSTIC_ONLY,COVARIANCE_AND_SINGULAR_SPECTRUM,MS,OVERALL,ALL,0.0,1,1,2,True,904,1779,110,34,OBSERVABLE_ONLY_SCOPE_MEDIAN_IQR,1.0441737621677984,49152,0.0,90,1.022090181371546
EXPLORATORY_CONSUMED_DIAGNOSTIC_ONLY,COVARIANCE_AND_SINGULAR_SPECTRUM,MS,OVERALL,ALL,0.0,1,1,2,True,904,1779,110,34,OBSERVABLE_ONLY_SCOPE_MEDIAN_IQR,1.0441737621677984,49152,0.0,91,1.022090181371546
EXPLORATORY_CONSUMED_DIAGNOSTIC_ONLY,COVARIANCE_AND_SINGULAR_SPECTRUM,MS,OVERALL,ALL,0.0,1,1,2,True,904,1779,110,34,OBSERVABLE_ONLY_SCOPE_MEDIAN_IQR,1.0441737621677984,49152,0.0,92,1.022090181371546
EXPLORATORY_CONSUMED_DIAGNOSTIC_ONLY,COVARIANCE_AND_SINGULAR_SPECTRUM,MS,OVERALL,ALL,0.0,1,1,2,True,904,1779,110,34,OBSERVABLE_ONLY_SCOPE_MEDIAN_IQR,1.0441737621677984,49152,0.0,93,1.022090181371546
EXPLORATORY_CONSUMED_DIAGNOSTIC_ONLY,COVARIANCE_AND_SINGULAR_SPECTRUM,MS,OVERALL,ALL,0.0,1,1,2,True,904,1779,110,34,OBSERVABLE_ONLY_SCOPE_MEDIAN_IQR,1.0441737621677984,49152,0.0,94,1.022090181371546
EXPLORATORY_CONSUMED_DIAGNOSTIC_ONLY,COVARIANCE_AND_SINGULAR_SPECTRUM,MS,OVERALL,ALL,0.0,1,1,2,True,904,1779,110,34,OBSERVABLE_ONLY_SCOPE_MEDIAN_IQR,1.0441737621677984,49152,0.0,95,1.022090181371546
EXPLORATORY_CONSUMED_DIAGNOSTIC_ONLY,COVARIANCE_AND_SINGULAR_SPECTRUM,MS,OVERALL,ALL,0.0,1,1,2,True,904,1779,110,34,OBSERVABLE_ONLY_SCOPE_MEDIAN_IQR,1.0441737621677984,49152,0.0,96,1.022090181371546
EXPLORATORY_CONSUMED_DIAGNOSTIC_ONLY,COVARIANCE_AND_SINGULAR_SPECTRUM,MS,OVERALL,ALL,0.0,1,1,2,True,904,1779,110,34,OBSERVABLE_ONLY_SCOPE_MEDIAN_IQR,1.0441737621677984,49152,0.0,97,1.022090181371546
EXPLORATORY_CONSUMED_DIAGNOSTIC_ONLY,COVARIANCE_AND_SINGULAR_SPECTRUM,MS,OVERALL,ALL,0.0,1,1,2,True,904,1779,110,34,OBSERVABLE_ONLY_SCOPE_MEDIAN_IQR,1.0441737621677984,49152,0.0,98,1.022090181371546
EXPLORATORY_CONSUMED_DIAGNOSTIC_ONLY,COVARIANCE_AND_SINGULAR_SPECTRUM,MS,OVERALL,ALL,0.0,1,1,2,True,904,1779,110,34,OBSERVABLE_ONLY_SCOPE_MEDIAN_IQR,1.0441737621677984,49152,0.0,99,1.022090181371546
EXPLORATORY_CONSUMED_DIAGNOSTIC_ONLY,COVARIANCE_AND_SINGULAR_SPECTRUM,MS,OVERALL,ALL,0.0,1,1,2,True,904,1779,110,34,OBSERVABLE_ONLY_SCOPE_MEDIAN_IQR,1.0441737621677984,49152,0.0,100,1.022090181371546
EXPLORATORY_CONSUMED_DIAGNOSTIC_ONLY,COVARIANCE_AND_SINGULAR_SPECTRUM,MS,OVERALL,ALL,0.0,1,1,2,True,904,1779,110,34,OBSERVABLE_ONLY_SCOPE_MEDIAN_IQR,1.0441737621677984,49152,0.0,101,1.022090181371546
EXPLORATORY_CONSUMED_DIAGNOSTIC_ONLY,COVARIANCE_AND_SINGULAR_SPECTRUM,MS,OVERALL,ALL,0.0,1,1,2,True,904,1779,110,34,OBSERVABLE_ONLY_SCOPE_MEDIAN_IQR,1.0441737621677984,49152,0.0,102,1.022090181371546
EXPLORATORY_CONSUMED_DIAGNOSTIC_ONLY,COVARIANCE_AND_SINGULAR_SPECTRUM,MS,OVERALL,ALL,0.0,1,1,2,True,904,1779,110,34,OBSERVABLE_ONLY_SCOPE_MEDIAN_IQR,1.0441737621677984,49152,0.0,103,1.022090181371546
EXPLORATORY_CONSUMED_DIAGNOSTIC_ONLY,COVARIANCE_AND_SINGULAR_SPECTRUM,MS,OVERALL,ALL,0.0,1,1,2,True,904,1779,110,34,OBSERVABLE_ONLY_SCOPE_MEDIAN_IQR,1.0441737621677984,49152,0.0,104,1.022090181371546
EXPLORATORY_CONSUMED_DIAGNOSTIC_ONLY,COVARIANCE_AND_SINGULAR_SPECTRUM,MS,OVERALL,ALL,0.0,1,1,2,True,904,1779,110,34,OBSERVABLE_ONLY_SCOPE_MEDIAN_IQR,1.0441737621677984,49152,0.0,105,1.022090181371546
EXPLORATORY_CONSUMED_DIAGNOSTIC_ONLY,COVARIANCE_AND_SINGULAR_SPECTRUM,MS,OVERALL,ALL,0.0,1,1,2,True,904,1779,110,34,OBSERVABLE_ONLY_SCOPE_MEDIAN_IQR,1.0441737621677984,49152,0.0,106,1.022090181371546
EXPLORATORY_CONSUMED_DIAGNOSTIC_ONLY,COVARIANCE_AND_SINGULAR_SPECTRUM,MS,OVERALL,ALL,0.0,1,1,2,True,904,1779,110,34,OBSERVABLE_ONLY_SCOPE_MEDIAN_IQR,1.0441737621677984,49152,0.0,107,1.022090181371546
EXPLORATORY_CONSUMED_DIAGNOSTIC_ONLY,COVARIANCE_AND_SINGULAR_SPECTRUM,MS,OVERALL,ALL,0.0,1,1,2,True,904,1779,110,34,OBSERVABLE_ONLY_SCOPE_MEDIAN_IQR,1.0441737621677984,49152,0.0,108,1.022090181371546
EXPLORATORY_CONSUMED_DIAGNOSTIC_ONLY,COVARIANCE_AND_SINGULAR_SPECTRUM,MS,OVERALL,ALL,0.0,1,1,2,True,904,1779,110,34,OBSERVABLE_ONLY_SCOPE_MEDIAN_IQR,1.0441737621677984,49152,0.0,109,1.022090181371546
EXPLORATORY_CONSUMED_DIAGNOSTIC_ONLY,COVARIANCE_AND_SINGULAR_SPECTRUM,MS,OVERALL,ALL,0.0,1,1,2,True,904,1779,110,34,OBSERVABLE_ONLY_SCOPE_MEDIAN_IQR,1.0441737621677984,49152,0.0,110,1.022090181371546
EXPLORATORY_CONSUMED_DIAGNOSTIC_ONLY,COVARIANCE_AND_SINGULAR_SPECTRUM,MS,TRAIN_EXCLUDING_FOLD,FOLD_0,3.64512223328209e+30,1,1,2,True,703,1377,110,35,FROZEN_TRAIN_FOLD_MEDIAN_IQR,1.0504657082647713,39680,3.8031362086655974e+17,1,1.025231105139315
EXPLORATORY_CONSUMED_DIAGNOSTIC_ONLY,COVARIANCE_AND_SINGULAR_SPECTRUM,MS,TRAIN_EXCLUDING_FOLD,FOLD_0,8.946947452329519e+28,1,1,2,True,703,1377,110,35,FROZEN_TRAIN_FOLD_MEDIAN_IQR,1.0504657082647713,39680,5.95831247005757e+16,2,1.025231105139315
EXPLORATORY_CONSUMED_DIAGNOSTIC_ONLY,COVARIANCE_AND_SINGULAR_SPECTRUM,MS,TRAIN_EXCLUDING_FOLD,FOLD_0,1.557371089458768e+27,1,1,2,True,703,1377,110,35,FROZEN_TRAIN_FOLD_MEDIAN_IQR,1.0504657082647713,39680,7861074025203166.0,3,1.025231105139315
EXPLORATORY_CONSUMED_DIAGNOSTIC_ONLY,COVARIANCE_AND_SINGULAR_SPECTRUM,MS,TRAIN_EXCLUDING_FOLD,FOLD_0,8.63428351677372e+26,1,1,2,True,703,1377,110,35,FROZEN_TRAIN_FOLD_MEDIAN_IQR,1.0504657082647713,39680,5853275749062069.0,4,1.025231105139315
EXPLORATORY_CONSUMED_DIAGNOSTIC_ONLY,COVARIANCE_AND_SINGULAR_SPECTRUM,MS,TRAIN_EXCLUDING_FOLD,FOLD_0,5.289313558785932e+25,1,1,2,True,703,1377,110,35,FROZEN_TRAIN_FOLD_MEDIAN_IQR,1.0504657082647713,39680,1448723445011593.0,5,1.025231105139315
EXPLORATORY_CONSUMED_DIAGNOSTIC_ONLY,COVARIANCE_AND_SINGULAR_SPECTRUM,MS,TRAIN_EXCLUDING_FOLD,FOLD_0,2.099999447234004e+25,1,1,2,True,703,1377,110,35,FROZEN_TRAIN_FOLD_MEDIAN_IQR,1.0504657082647713,39680,912841596698163.6,6,1.025231105139315
EXPLORATORY_CONSUMED_DIAGNOSTIC_ONLY,COVARIANCE_AND_SINGULAR_SPECTRUM,MS,TRAIN_EXCLUDING_FOLD,FOLD_0,6.295218703287506e+24,1,1,2,True,703,1377,110,35,FROZEN_TRAIN_FOLD_MEDIAN_IQR,1.0504657082647713,39680,499794235807545.3,7,1.025231105139315
EXPLORATORY_CONSUMED_DIAGNOSTIC_ONLY,COVARIANCE_AND_SINGULAR_SPECTRUM,MS,TRAIN_EXCLUDING_FOLD,FOLD_0,3.293461041931559e+17,1,1,2,True,703,1377,110,35,FROZEN_TRAIN_FOLD_MEDIAN_IQR,1.0504657082647713,39680,114317336455.95679,8,1.025231105139315
EXPLORATORY_CONSUMED_DIAGNOSTIC_ONLY,COVARIANCE_AND_SINGULAR_SPECTRUM,MS,TRAIN_EXCLUDING_FOLD,FOLD_0,3.903190053726523e+16,1,1,2,True,703,1377,110,35,FROZEN_TRAIN_FOLD_MEDIAN_IQR,1.0504657082647713,39680,39354616162.766525,9,1.025231105139315
EXPLORATORY_CONSUMED_DIAGNOSTIC_ONLY,COVARIANCE_AND_SINGULAR_SPECTRUM,MS,TRAIN_EXCLUDING_FOLD,FOLD_0,1.2784434628631642e+16,1,1,2,True,703,1377,110,35,FROZEN_TRAIN_FOLD_MEDIAN_IQR,1.0504657082647713,39680,22523018582.421486,10,1.025231105139315
EXPLORATORY_CONSUMED_DIAGNOSTIC_ONLY,COVARIANCE_AND_SINGULAR_SPECTRUM,MS,TRAIN_EXCLUDING_FOLD,FOLD_0,1.1439531174208588e+16,1,1,2,True,703,1377,110,35,FROZEN_TRAIN_FOLD_MEDIAN_IQR,1.0504657082647713,39680,21305412387.292503,11,1.025231105139315
EXPLORATORY_CONSUMED_DIAGNOSTIC_ONLY,COVARIANCE_AND_SINGULAR_SPECTRUM,MS,TRAIN_EXCLUDING_FOLD,FOLD_0,3380844684905241.0,1,1,2,True,703,1377,110,35,FROZEN_TRAIN_FOLD_MEDIAN_IQR,1.0504657082647713,39680,11582396863.216179,12,1.025231105139315
EXPLORATORY_CONSUMED_DIAGNOSTIC_ONLY,COVARIANCE_AND_SINGULAR_SPECTRUM,MS,TRAIN_EXCLUDING_FOLD,FOLD_0,1380720283591316.2,1,1,2,True,703,1377,110,35,FROZEN_TRAIN_FOLD_MEDIAN_IQR,1.0504657082647713,39680,7401822806.100091,13,1.025231105139315
EXPLORATORY_CONSUMED_DIAGNOSTIC_ONLY,COVARIANCE_AND_SINGULAR_SPECTRUM,MS,TRAIN_EXCLUDING_FOLD,FOLD_0,920272013253682.5,1,1,2,True,703,1377,110,35,FROZEN_TRAIN_FOLD_MEDIAN_IQR,1.0504657082647713,39680,6042879569.038764,14,1.025231105139315
EXPLORATORY_CONSUMED_DIAGNOSTIC_ONLY,COVARIANCE_AND_SINGULAR_SPECTRUM,MS,TRAIN_EXCLUDING_FOLD,FOLD_0,632163257462997.9,1,1,2,True,703,1377,110,35,FROZEN_TRAIN_FOLD_MEDIAN_IQR,1.0504657082647713,39680,5008416721.493106,15,1.025231105139315
EXPLORATORY_CONSUMED_DIAGNOSTIC_ONLY,COVARIANCE_AND_SINGULAR_SPECTRUM,MS,TRAIN_EXCLUDING_FOLD,FOLD_0,622569649783897.9,1,1,2,True,703,1377,110,35,FROZEN_TRAIN_FOLD_MEDIAN_IQR,1.0504657082647713,39680,4970267970.987587,16,1.025231105139315
EXPLORATORY_CONSUMED_DIAGNOSTIC_ONLY,COVARIANCE_AND_SINGULAR_SPECTRUM,MS,TRAIN_EXCLUDING_FOLD,FOLD_0,354785234547704.3,1,1,2,True,703,1377,110,35,FROZEN_TRAIN_FOLD_MEDIAN_IQR,1.0504657082647713,39680,3752049853.993535,17,1.025231105139315
EXPLORATORY_CONSUMED_DIAGNOSTIC_ONLY,COVARIANCE_AND_SINGULAR_SPECTRUM,MS,TRAIN_EXCLUDING_FOLD,FOLD_0,269514406183933.84,1,1,2,True,703,1377,110,35,FROZEN_TRAIN_FOLD_MEDIAN_IQR,1.0504657082647713,39680,3270218897.4713135,18,1.025231105139315
EXPLORATORY_CONSUMED_DIAGNOSTIC_ONLY,COVARIANCE_AND_SINGULAR_SPECTRUM,MS,TRAIN_EXCLUDING_FOLD,FOLD_0,157408734770620.66,1,1,2,True,703,1377,110,35,FROZEN_TRAIN_FOLD_MEDIAN_IQR,1.0504657082647713,39680,2499195589.7244673,19,1.025231105139315
EXPLORATORY_CONSUMED_DIAGNOSTIC_ONLY,COVARIANCE_AND_SINGULAR_SPECTRUM,MS,TRAIN_EXCLUDING_FOLD,FOLD_0,137776309650624.7,1,1,2,True,703,1377,110,35,FROZEN_TRAIN_FOLD_MEDIAN_IQR,1.0504657082647713,39680,2338153965.618344,20,1.025231105139315
EXPLORATORY_CONSUMED_DIAGNOSTIC_ONLY,COVARIANCE_AND_SINGULAR_SPECTRUM,MS,TRAIN_EXCLUDING_FOLD,FOLD_0,129597546348328.97,1,1,2,True,703,1377,110,35,FROZEN_TRAIN_FOLD_MEDIAN_IQR,1.0504657082647713,39680,2267692800.8664875,21,1.025231105139315
EXPLORATORY_CONSUMED_DIAGNOSTIC_ONLY,COVARIANCE_AND_SINGULAR_SPECTRUM,MS,TRAIN_EXCLUDING_FOLD,FOLD_0,61610344389758.06,1,1,2,True,703,1377,110,35,FROZEN_TRAIN_FOLD_MEDIAN_IQR,1.0504657082647713,39680,1563553154.0007203,22,1.025231105139315
EXPLORATORY_CONSUMED_DIAGNOSTIC_ONLY,COVARIANCE_AND_SINGULAR_SPECTRUM,MS,TRAIN_EXCLUDING_FOLD,FOLD_0,33931896869926.316,1,1,2,True,703,1377,110,35,FROZEN_TRAIN_FOLD_MEDIAN_IQR,1.0504657082647713,39680,1160352389.4915183,23,1.025231105139315
EXPLORATORY_CONSUMED_DIAGNOSTIC_ONLY,COVARIANCE_AND_SINGULAR_SPECTRUM,MS,TRAIN_EXCLUDING_FOLD,FOLD_0,22933301355363.1,1,1,2,True,703,1377,110,35,FROZEN_TRAIN_FOLD_MEDIAN_IQR,1.0504657082647713,39680,953935740.9075351,24,1.025231105139315
EXPLORATORY_CONSUMED_DIAGNOSTIC_ONLY,COVARIANCE_AND_SINGULAR_SPECTRUM,MS,TRAIN_EXCLUDING_FOLD,FOLD_0,22513990047549.02,1,1,2,True,703,1377,110,35,FROZEN_TRAIN_FOLD_MEDIAN_IQR,1.0504657082647713,39680,945174653.2185177,25,1.025231105139315
EXPLORATORY_CONSUMED_DIAGNOSTIC_ONLY,COVARIANCE_AND_SINGULAR_SPECTRUM,MS,TRAIN_EXCLUDING_FOLD,FOLD_0,5832869124993.204,1,1,2,True,703,1377,110,35,FROZEN_TRAIN_FOLD_MEDIAN_IQR,1.0504657082647713,39680,481090684.6736178,26,1.025231105139315
EXPLORATORY_CONSUMED_DIAGNOSTIC_ONLY,COVARIANCE_AND_SINGULAR_SPECTRUM,MS,TRAIN_EXCLUDING_FOLD,FOLD_0,472106.0006558812,1,1,2,True,703,1377,110,35,FROZEN_TRAIN_FOLD_MEDIAN_IQR,1.0504657082647713,39680,136869.15688359216,27,1.025231105139315
EXPLORATORY_CONSUMED_DIAGNOSTIC_ONLY,COVARIANCE_AND_SINGULAR_SPECTRUM,MS,TRAIN_EXCLUDING_FOLD,FOLD_0,28431.794974576485,1,1,2,True,703,1377,110,35,FROZEN_TRAIN_FOLD_MEDIAN_IQR,1.0504657082647713,39680,33588.295946522725,28,1.025231105139315
EXPLORATORY_CONSUMED_DIAGNOSTIC_ONLY,COVARIANCE_AND_SINGULAR_SPECTRUM,MS,TRAIN_EXCLUDING_FOLD,FOLD_0,7215.106039479953,1,1,2,True,703,1377,110,35,FROZEN_TRAIN_FOLD_MEDIAN_IQR,1.0504657082647713,39680,16920.266181315368,29,1.025231105139315
EXPLORATORY_CONSUMED_DIAGNOSTIC_ONLY,COVARIANCE_AND_SINGULAR_SPECTRUM,MS,TRAIN_EXCLUDING_FOLD,FOLD_0,910.0579493804831,1,1,2,True,703,1377,110,35,FROZEN_TRAIN_FOLD_MEDIAN_IQR,1.0504657082647713,39680,6009.251153963992,30,1.025231105139315
EXPLORATORY_CONSUMED_DIAGNOSTIC_ONLY,COVARIANCE_AND_SINGULAR_SPECTRUM,MS,TRAIN_EXCLUDING_FOLD,FOLD_0,552.4519300068358,1,1,2,True,703,1377,110,35,FROZEN_TRAIN_FOLD_MEDIAN_IQR,1.0504657082647713,39680,4682.01800324083,31,1.025231105139315
EXPLORATORY_CONSUMED_DIAGNOSTIC_ONLY,COVARIANCE_AND_SINGULAR_SPECTRUM,MS,TRAIN_EXCLUDING_FOLD,FOLD_0,386.75413342971973,1,1,2,True,703,1377,110,35,FROZEN_TRAIN_FOLD_MEDIAN_IQR,1.0504657082647713,39680,3917.4486613727663,32,1.025231105139315
EXPLORATORY_CONSUMED_DIAGNOSTIC_ONLY,COVARIANCE_AND_SINGULAR_SPECTRUM,MS,TRAIN_EXCLUDING_FOLD,FOLD_0,74.56826717388999,1,1,2,True,703,1377,110,35,FROZEN_TRAIN_FOLD_MEDIAN_IQR,1.0504657082647713,39680,1720.13628572272,33,1.025231105139315
EXPLORATORY_CONSUMED_DIAGNOSTIC_ONLY,COVARIANCE_AND_SINGULAR_SPECTRUM,MS,TRAIN_EXCLUDING_FOLD,FOLD_0,31.7703633263081,1,1,2,True,703,1377,110,35,FROZEN_TRAIN_FOLD_MEDIAN_IQR,1.0504657082647713,39680,1122.7858285478605,34,1.025231105139315
EXPLORATORY_CONSUMED_DIAGNOSTIC_ONLY,COVARIANCE_AND_SINGULAR_SPECTRUM,MS,TRAIN_EXCLUDING_FOLD,FOLD_0,19.17941625130397,1,1,2,True,703,1377,110,35,FROZEN_TRAIN_FOLD_MEDIAN_IQR,1.0504657082647713,39680,872.3756282999552,35,1.025231105139315
EXPLORATORY_CONSUMED_DIAGNOSTIC_ONLY,COVARIANCE_AND_SINGULAR_SPECTRUM,MS,TRAIN_EXCLUDING_FOLD,FOLD_0,16.94381175974193,1,1,2,True,703,1377,110,35,FROZEN_TRAIN_FOLD_MEDIAN_IQR,1.0504657082647713,39680,819.9575907487898,36,1.025231105139315
EXPLORATORY_CONSUMED_DIAGNOSTIC_ONLY,COVARIANCE_AND_SINGULAR_SPECTRUM,MS,TRAIN_EXCLUDING_FOLD,FOLD_0,11.617493307392127,1,1,2,True,703,1377,110,35,FROZEN_TRAIN_FOLD_MEDIAN_IQR,1.0504657082647713,39680,678.9566513683474,37,1.025231105139315
EXPLORATORY_CONSUMED_DIAGNOSTIC_ONLY,COVARIANCE_AND_SINGULAR_SPECTRUM,MS,TRAIN_EXCLUDING_FOLD,FOLD_0,5.832708363754656,1,1,2,True,703,1377,110,35,FROZEN_TRAIN_FOLD_MEDIAN_IQR,1.0504657082647713,39680,481.0840548945524,38,1.025231105139315
EXPLORATORY_CONSUMED_DIAGNOSTIC_ONLY,COVARIANCE_AND_SINGULAR_SPECTRUM,MS,TRAIN_EXCLUDING_FOLD,FOLD_0,4.9742088861730975,1,1,2,True,703,1377,110,35,FROZEN_TRAIN_FOLD_MEDIAN_IQR,1.0504657082647713,39680,444.27087300806534,39,1.025231105139315
EXPLORATORY_CONSUMED_DIAGNOSTIC_ONLY,COVARIANCE_AND_SINGULAR_SPECTRUM,MS,TRAIN_EXCLUDING_FOLD,FOLD_0,1.5552755414239239,1,1,2,True,703,1377,110,35,FROZEN_TRAIN_FOLD_MEDIAN_IQR,1.0504657082647713,39680,248.42168480972288,40,1.025231105139315
EXPLORATORY_CONSUMED_DIAGNOSTIC_ONLY,COVARIANCE_AND_SINGULAR_SPECTRUM,MS,TRAIN_EXCLUDING_FOLD,FOLD_0,0.9856898733667945,1,1,2,True,703,1377,110,35,FROZEN_TRAIN_FOLD_MEDIAN_IQR,1.0504657082647713,39680,197.76798066217495,41,1.025231105139315
EXPLORATORY_CONSUMED_DIAGNOSTIC_ONLY,COVARIANCE_AND_SINGULAR_SPECTRUM,MS,TRAIN_EXCLUDING_FOLD,FOLD_0,0.36936455237273974,1,1,2,True,703,1377,110,35,FROZEN_TRAIN_FOLD_MEDIAN_IQR,1.0504657082647713,39680,121.06355949727529,42,1.025231105139315
EXPLORATORY_CONSUMED_DIAGNOSTIC_ONLY,COVARIANCE_AND_SINGULAR_SPECTRUM,MS,TRAIN_EXCLUDING_FOLD,FOLD_0,0.18959322042545454,1,1,2,True,703,1377,110,35,FROZEN_TRAIN_FOLD_MEDIAN_IQR,1.0504657082647713,39680,86.73556932701852,43,1.025231105139315
EXPLORATORY_CONSUMED_DIAGNOSTIC_ONLY,COVARIANCE_AND_SINGULAR_SPECTRUM,MS,TRAIN_EXCLUDING_FOLD,FOLD_0,0.0533085079341341,1,1,2,True,703,1377,110,35,FROZEN_TRAIN_FOLD_MEDIAN_IQR,1.0504657082647713,39680,45.99219058521176,44,1.025231105139315
EXPLORATORY_CONSUMED_DIAGNOSTIC_ONLY,COVARIANCE_AND_SINGULAR_SPECTRUM,MS,TRAIN_EXCLUDING_FOLD,FOLD_0,0.03887586258535863,1,1,2,True,703,1377,110,35,FROZEN_TRAIN_FOLD_MEDIAN_IQR,1.0504657082647713,39680,39.275873349768176,45,1.025231105139315
EXPLORATORY_CONSUMED_DIAGNOSTIC_ONLY,COVARIANCE_AND_SINGULAR_SPECTRUM,MS,TRAIN_EXCLUDING_FOLD,FOLD_0,0.027367672490660983,1,1,2,True,703,1377,110,35,FROZEN_TRAIN_FOLD_MEDIAN_IQR,1.0504657082647713,39680,32.95374401231866,46,1.025231105139315
EXPLORATORY_CONSUMED_DIAGNOSTIC_ONLY,COVARIANCE_AND_SINGULAR_SPECTRUM,MS,TRAIN_EXCLUDING_FOLD,FOLD_0,0.014274097680187718,1,1,2,True,703,1377,110,35,FROZEN_TRAIN_FOLD_MEDIAN_IQR,1.0504657082647713,39680,23.799079729053574,47,1.025231105139315
EXPLORATORY_CONSUMED_DIAGNOSTIC_ONLY,COVARIANCE_AND_SINGULAR_SPECTRUM,MS,TRAIN_EXCLUDING_FOLD,FOLD_0,0.00977865252206283,1,1,2,True,703,1377,110,35,FROZEN_TRAIN_FOLD_MEDIAN_IQR,1.0504657082647713,39680,19.698145396850258,48,1.025231105139315
EXPLORATORY_CONSUMED_DIAGNOSTIC_ONLY,COVARIANCE_AND_SINGULAR_SPECTRUM,MS,TRAIN_EXCLUDING_FOLD,FOLD_0,0.005388308982983325,1,1,2,True,703,1377,110,35,FROZEN_TRAIN_FOLD_MEDIAN_IQR,1.0504657082647713,39680,14.622178375494478,49,1.025231105139315
EXPLORATORY_CONSUMED_DIAGNOSTIC_ONLY,COVARIANCE_AND_SINGULAR_SPECTRUM,MS,TRAIN_EXCLUDING_FOLD,FOLD_0,0.0038150189913507327,1,1,2,True,703,1377,110,35,FROZEN_TRAIN_FOLD_MEDIAN_IQR,1.0504657082647713,39680,12.303656106084771,50,1.025231105139315
EXPLORATORY_CONSUMED_DIAGNOSTIC_ONLY,COVARIANCE_AND_SINGULAR_SPECTRUM,MS,TRAIN_EXCLUDING_FOLD,FOLD_0,0.002353701595656869,1,1,2,True,703,1377,110,35,FROZEN_TRAIN_FOLD_MEDIAN_IQR,1.0504657082647713,39680,9.664102613055418,51,1.025231105139315
EXPLORATORY_CONSUMED_DIAGNOSTIC_ONLY,COVARIANCE_AND_SINGULAR_SPECTRUM,MS,TRAIN_EXCLUDING_FOLD,FOLD_0,0.0014162448667626804,1,1,2,True,703,1377,110,35,FROZEN_TRAIN_FOLD_MEDIAN_IQR,1.0504657082647713,39680,7.496438908784834,52,1.025231105139315
EXPLORATORY_CONSUMED_DIAGNOSTIC_ONLY,COVARIANCE_AND_SINGULAR_SPECTRUM,MS,TRAIN_EXCLUDING_FOLD,FOLD_0,0.0012452869139059112,1,1,2,True,703,1377,110,35,FROZEN_TRAIN_FOLD_MEDIAN_IQR,1.0504657082647713,39680,7.02943701471082,53,1.025231105139315
EXPLORATORY_CONSUMED_DIAGNOSTIC_ONLY,COVARIANCE_AND_SINGULAR_SPECTRUM,MS,TRAIN_EXCLUDING_FOLD,FOLD_0,0.0008464025316635771,1,1,2,True,703,1377,110,35,FROZEN_TRAIN_FOLD_MEDIAN_IQR,1.0504657082647713,39680,5.795278462370099,54,1.025231105139315
EXPLORATORY_CONSUMED_DIAGNOSTIC_ONLY,COVARIANCE_AND_SINGULAR_SPECTRUM,MS,TRAIN_EXCLUDING_FOLD,FOLD_0,0.00040906474855691865,1,1,2,True,703,1377,110,35,FROZEN_TRAIN_FOLD_MEDIAN_IQR,1.0504657082647713,39680,4.028857061591852,55,1.025231105139315
EXPLORATORY_CONSUMED_DIAGNOSTIC_ONLY,COVARIANCE_AND_SINGULAR_SPECTRUM,MS,TRAIN_EXCLUDING_FOLD,FOLD_0,0.0002854961396934629,1,1,2,True,703,1377,110,35,FROZEN_TRAIN_FOLD_MEDIAN_IQR,1.0504657082647713,39680,3.3657817551107807,56,1.025231105139315
EXPLORATORY_CONSUMED_DIAGNOSTIC_ONLY,COVARIANCE_AND_SINGULAR_SPECTRUM,MS,TRAIN_EXCLUDING_FOLD,FOLD_0,0.00023026813371314532,1,1,2,True,703,1377,110,35,FROZEN_TRAIN_FOLD_MEDIAN_IQR,1.0504657082647713,39680,3.02275363629549,57,1.025231105139315
EXPLORATORY_CONSUMED_DIAGNOSTIC_ONLY,COVARIANCE_AND_SINGULAR_SPECTRUM,MS,TRAIN_EXCLUDING_FOLD,FOLD_0,5.976028466950436e-05,1,1,2,True,703,1377,110,35,FROZEN_TRAIN_FOLD_MEDIAN_IQR,1.0504657082647713,39680,1.5398987290357549,58,1.025231105139315
EXPLORATORY_CONSUMED_DIAGNOSTIC_ONLY,COVARIANCE_AND_SINGULAR_SPECTRUM,MS,TRAIN_EXCLUDING_FOLD,FOLD_0,4.3991052651623376e-05,1,1,2,True,703,1377,110,35,FROZEN_TRAIN_FOLD_MEDIAN_IQR,1.0504657082647713,39680,1.321198308058414,59,1.025231105139315
EXPLORATORY_CONSUMED_DIAGNOSTIC_ONLY,COVARIANCE_AND_SINGULAR_SPECTRUM,MS,TRAIN_EXCLUDING_FOLD,FOLD_0,2.4633194076488637e-05,1,1,2,True,703,1377,110,35,FROZEN_TRAIN_FOLD_MEDIAN_IQR,1.0504657082647713,39680,0.9886582528634802,60,1.025231105139315
EXPLORATORY_CONSUMED_DIAGNOSTIC_ONLY,COVARIANCE_AND_SINGULAR_SPECTRUM,MS,TRAIN_EXCLUDING_FOLD,FOLD_0,1.914562838887961e-05,1,1,2,True,703,1377,110,35,FROZEN_TRAIN_FOLD_MEDIAN_IQR,1.0504657082647713,39680,0.8716068692195713,61,1.025231105139315
EXPLORATORY_CONSUMED_DIAGNOSTIC_ONLY,COVARIANCE_AND_SINGULAR_SPECTRUM,MS,TRAIN_EXCLUDING_FOLD,FOLD_0,1.750329625371327e-05,1,1,2,True,703,1377,110,35,FROZEN_TRAIN_FOLD_MEDIAN_IQR,1.0504657082647713,39680,0.833385142264573,62,1.025231105139315
EXPLORATORY_CONSUMED_DIAGNOSTIC_ONLY,COVARIANCE_AND_SINGULAR_SPECTRUM,MS,TRAIN_EXCLUDING_FOLD,FOLD_0,9.727407923647178e-06,1,1,2,True,703,1377,110,35,FROZEN_TRAIN_FOLD_MEDIAN_IQR,1.0504657082647713,39680,0.6212757410444416,63,1.025231105139315
EXPLORATORY_CONSUMED_DIAGNOSTIC_ONLY,COVARIANCE_AND_SINGULAR_SPECTRUM,MS,TRAIN_EXCLUDING_FOLD,FOLD_0,6.16199370700384e-06,1,1,2,True,703,1377,110,35,FROZEN_TRAIN_FOLD_MEDIAN_IQR,1.0504657082647713,39680,0.49447741130805195,64,1.025231105139315
EXPLORATORY_CONSUMED_DIAGNOSTIC_ONLY,COVARIANCE_AND_SINGULAR_SPECTRUM,MS,TRAIN_EXCLUDING_FOLD,FOLD_0,6.013664311936392e-08,1,1,2,True,703,1377,110,35,FROZEN_TRAIN_FOLD_MEDIAN_IQR,1.0504657082647713,39680,0.048848971319530976,65,1.025231105139315
EXPLORATORY_CONSUMED_DIAGNOSTIC_ONLY,COVARIANCE_AND_SINGULAR_SPECTRUM,MS,TRAIN_EXCLUDING_FOLD,FOLD_0,3.1223156537307606e-08,1,1,2,True,703,1377,110,35,FROZEN_TRAIN_FOLD_MEDIAN_IQR,1.0504657082647713,39680,0.035198506380248094,66,1.025231105139315
EXPLORATORY_CONSUMED_DIAGNOSTIC_ONLY,COVARIANCE_AND_SINGULAR_SPECTRUM,MS,TRAIN_EXCLUDING_FOLD,FOLD_0,0.0,1,1,2,True,703,1377,110,35,FROZEN_TRAIN_FOLD_MEDIAN_IQR,1.0504657082647713,39680,0.0,67,1.025231105139315
EXPLORATORY_CONSUMED_DIAGNOSTIC_ONLY,COVARIANCE_AND_SINGULAR_SPECTRUM,MS,TRAIN_EXCLUDING_FOLD,FOLD_0,0.0,1,1,2,True,703,1377,110,35,FROZEN_TRAIN_FOLD_MEDIAN_IQR,1.0504657082647713,39680,0.0,68,1.025231105139315
EXPLORATORY_CONSUMED_DIAGNOSTIC_ONLY,COVARIANCE_AND_SINGULAR_SPECTRUM,MS,TRAIN_EXCLUDING_FOLD,FOLD_0,0.0,1,1,2,True,703,1377,110,35,FROZEN_TRAIN_FOLD_MEDIAN_IQR,1.0504657082647713,39680,0.0,69,1.025231105139315
EXPLORATORY_CONSUMED_DIAGNOSTIC_ONLY,COVARIANCE_AND_SINGULAR_SPECTRUM,MS,TRAIN_EXCLUDING_FOLD,FOLD_0,0.0,1,1,2,True,703,1377,110,35,FROZEN_TRAIN_FOLD_MEDIAN_IQR,1.0504657082647713,39680,0.0,70,1.025231105139315
EXPLORATORY_CONSUMED_DIAGNOSTIC_ONLY,COVARIANCE_AND_SINGULAR_SPECTRUM,MS,TRAIN_EXCLUDING_FOLD,FOLD_0,0.0,1,1,2,True,703,1377,110,35,FROZEN_TRAIN_FOLD_MEDIAN_IQR,1.0504657082647713,39680,0.0,71,1.025231105139315
EXPLORATORY_CONSUMED_DIAGNOSTIC_ONLY,COVARIANCE_AND_SINGULAR_SPECTRUM,MS,TRAIN_EXCLUDING_FOLD,FOLD_0,0.0,1,1,2,True,703,1377,110,35,FROZEN_TRAIN_FOLD_MEDIAN_IQR,1.0504657082647713,39680,0.0,72,1.025231105139315
EXPLORATORY_CONSUMED_DIAGNOSTIC_ONLY,COVARIANCE_AND_SINGULAR_SPECTRUM,MS,TRAIN_EXCLUDING_FOLD,FOLD_0,0.0,1,1,2,True,703,1377,110,35,FROZEN_TRAIN_FOLD_MEDIAN_IQR,1.0504657082647713,39680,0.0,73,1.025231105139315
EXPLORATORY_CONSUMED_DIAGNOSTIC_ONLY,COVARIANCE_AND_SINGULAR_SPECTRUM,MS,TRAIN_EXCLUDING_FOLD,FOLD_0,0.0,1,1,2,True,703,1377,110,35,FROZEN_TRAIN_FOLD_MEDIAN_IQR,1.0504657082647713,39680,0.0,74,1.025231105139315
EXPLORATORY_CONSUMED_DIAGNOSTIC_ONLY,COVARIANCE_AND_SINGULAR_SPECTRUM,MS,TRAIN_EXCLUDING_FOLD,FOLD_0,0.0,1,1,2,True,703,1377,110,35,FROZEN_TRAIN_FOLD_MEDIAN_IQR,1.0504657082647713,39680,0.0,75,1.025231105139315
EXPLORATORY_CONSUMED_DIAGNOSTIC_ONLY,COVARIANCE_AND_SINGULAR_SPECTRUM,MS,TRAIN_EXCLUDING_FOLD,FOLD_0,0.0,1,1,2,True,703,1377,110,35,FROZEN_TRAIN_FOLD_MEDIAN_IQR,1.0504657082647713,39680,0.0,76,1.025231105139315
EXPLORATORY_CONSUMED_DIAGNOSTIC_ONLY,COVARIANCE_AND_SINGULAR_SPECTRUM,MS,TRAIN_EXCLUDING_FOLD,FOLD_0,0.0,1,1,2,True,703,1377,110,35,FROZEN_TRAIN_FOLD_MEDIAN_IQR,1.0504657082647713,39680,0.0,77,1.025231105139315
EXPLORATORY_CONSUMED_DIAGNOSTIC_ONLY,COVARIANCE_AND_SINGULAR_SPECTRUM,MS,TRAIN_EXCLUDING_FOLD,FOLD_0,0.0,1,1,2,True,703,1377,110,35,FROZEN_TRAIN_FOLD_MEDIAN_IQR,1.0504657082647713,39680,0.0,78,1.025231105139315
EXPLORATORY_CONSUMED_DIAGNOSTIC_ONLY,COVARIANCE_AND_SINGULAR_SPECTRUM,MS,TRAIN_EXCLUDING_FOLD,FOLD_0,0.0,1,1,2,True,703,1377,110,35,FROZEN_TRAIN_FOLD_MEDIAN_IQR,1.0504657082647713,39680,0.0,79,1.025231105139315
EXPLORATORY_CONSUMED_DIAGNOSTIC_ONLY,COVARIANCE_AND_SINGULAR_SPECTRUM,MS,TRAIN_EXCLUDING_FOLD,FOLD_0,0.0,1,1,2,True,703,1377,110,35,FROZEN_TRAIN_FOLD_MEDIAN_IQR,1.0504657082647713,39680,0.0,80,1.025231105139315
EXPLORATORY_CONSUMED_DIAGNOSTIC_ONLY,COVARIANCE_AND_SINGULAR_SPECTRUM,MS,TRAIN_EXCLUDING_FOLD,FOLD_0,0.0,1,1,2,True,703,1377,110,35,FROZEN_TRAIN_FOLD_MEDIAN_IQR,1.0504657082647713,39680,0.0,81,1.025231105139315
EXPLORATORY_CONSUMED_DIAGNOSTIC_ONLY,COVARIANCE_AND_SINGULAR_SPECTRUM,MS,TRAIN_EXCLUDING_FOLD,FOLD_0,0.0,1,1,2,True,703,1377,110,35,FROZEN_TRAIN_FOLD_MEDIAN_IQR,1.0504657082647713,39680,0.0,82,1.025231105139315
EXPLORATORY_CONSUMED_DIAGNOSTIC_ONLY,COVARIANCE_AND_SINGULAR_SPECTRUM,MS,TRAIN_EXCLUDING_FOLD,FOLD_0,0.0,1,1,2,True,703,1377,110,35,FROZEN_TRAIN_FOLD_MEDIAN_IQR,1.0504657082647713,39680,0.0,83,1.025231105139315
EXPLORATORY_CONSUMED_DIAGNOSTIC_ONLY,COVARIANCE_AND_SINGULAR_SPECTRUM,MS,TRAIN_EXCLUDING_FOLD,FOLD_0,0.0,1,1,2,True,703,1377,110,35,FROZEN_TRAIN_FOLD_MEDIAN_IQR,1.0504657082647713,39680,0.0,84,1.025231105139315
EXPLORATORY_CONSUMED_DIAGNOSTIC_ONLY,COVARIANCE_AND_SINGULAR_SPECTRUM,MS,TRAIN_EXCLUDING_FOLD,FOLD_0,0.0,1,1,2,True,703,1377,110,35,FROZEN_TRAIN_FOLD_MEDIAN_IQR,1.0504657082647713,39680,0.0,85,1.025231105139315
EXPLORATORY_CONSUMED_DIAGNOSTIC_ONLY,COVARIANCE_AND_SINGULAR_SPECTRUM,MS,TRAIN_EXCLUDING_FOLD,FOLD_0,0.0,1,1,2,True,703,1377,110,35,FROZEN_TRAIN_FOLD_MEDIAN_IQR,1.0504657082647713,39680,0.0,86,1.025231105139315
EXPLORATORY_CONSUMED_DIAGNOSTIC_ONLY,COVARIANCE_AND_SINGULAR_SPECTRUM,MS,TRAIN_EXCLUDING_FOLD,FOLD_0,0.0,1,1,2,True,703,1377,110,35,FROZEN_TRAIN_FOLD_MEDIAN_IQR,1.0504657082647713,39680,0.0,87,1.025231105139315
EXPLORATORY_CONSUMED_DIAGNOSTIC_ONLY,COVARIANCE_AND_SINGULAR_SPECTRUM,MS,TRAIN_EXCLUDING_FOLD,FOLD_0,0.0,1,1,2,True,703,1377,110,35,FROZEN_TRAIN_FOLD_MEDIAN_IQR,1.0504657082647713,39680,0.0,88,1.025231105139315
EXPLORATORY_CONSUMED_DIAGNOSTIC_ONLY,COVARIANCE_AND_SINGULAR_SPECTRUM,MS,TRAIN_EXCLUDING_FOLD,FOLD_0,0.0,1,1,2,True,703,1377,110,35,FROZEN_TRAIN_FOLD_MEDIAN_IQR,1.0504657082647713,39680,0.0,89,1.025231105139315
EXPLORATORY_CONSUMED_DIAGNOSTIC_ONLY,COVARIANCE_AND_SINGULAR_SPECTRUM,MS,TRAIN_EXCLUDING_FOLD,FOLD_0,0.0,1,1,2,True,703,1377,110,35,FROZEN_TRAIN_FOLD_MEDIAN_IQR,1.0504657082647713,39680,0.0,90,1.025231105139315
EXPLORATORY_CONSUMED_DIAGNOSTIC_ONLY,COVARIANCE_AND_SINGULAR_SPECTRUM,MS,TRAIN_EXCLUDING_FOLD,FOLD_0,0.0,1,1,2,True,703,1377,110,35,FROZEN_TRAIN_FOLD_MEDIAN_IQR,1.0504657082647713,39680,0.0,91,1.025231105139315
EXPLORATORY_CONSUMED_DIAGNOSTIC_ONLY,COVARIANCE_AND_SINGULAR_SPECTRUM,MS,TRAIN_EXCLUDING_FOLD,FOLD_0,0.0,1,1,2,True,703,1377,110,35,FROZEN_TRAIN_FOLD_MEDIAN_IQR,1.0504657082647713,39680,0.0,92,1.025231105139315
EXPLORATORY_CONSUMED_DIAGNOSTIC_ONLY,COVARIANCE_AND_SINGULAR_SPECTRUM,MS,TRAIN_EXCLUDING_FOLD,FOLD_0,0.0,1,1,2,True,703,1377,110,35,FROZEN_TRAIN_FOLD_MEDIAN_IQR,1.0504657082647713,39680,0.0,93,1.025231105139315
EXPLORATORY_CONSUMED_DIAGNOSTIC_ONLY,COVARIANCE_AND_SINGULAR_SPECTRUM,MS,TRAIN_EXCLUDING_FOLD,FOLD_0,0.0,1,1,2,True,703,1377,110,35,FROZEN_TRAIN_FOLD_MEDIAN_IQR,1.0504657082647713,39680,0.0,94,1.025231105139315
EXPLORATORY_CONSUMED_DIAGNOSTIC_ONLY,COVARIANCE_AND_SINGULAR_SPECTRUM,MS,TRAIN_EXCLUDING_FOLD,FOLD_0,0.0,1,1,2,True,703,1377,110,35,FROZEN_TRAIN_FOLD_MEDIAN_IQR,1.0504657082647713,39680,0.0,95,1.025231105139315
EXPLORATORY_CONSUMED_DIAGNOSTIC_ONLY,COVARIANCE_AND_SINGULAR_SPECTRUM,MS,TRAIN_EXCLUDING_FOLD,FOLD_0,0.0,1,1,2,True,703,1377,110,35,FROZEN_TRAIN_FOLD_MEDIAN_IQR,1.0504657082647713,39680,0.0,96,1.025231105139315
EXPLORATORY_CONSUMED_DIAGNOSTIC_ONLY,COVARIANCE_AND_SINGULAR_SPECTRUM,MS,TRAIN_EXCLUDING_FOLD,FOLD_0,0.0,1,1,2,True,703,1377,110,35,FROZEN_TRAIN_FOLD_MEDIAN_IQR,1.0504657082647713,39680,0.0,97,1.025231105139315
EXPLORATORY_CONSUMED_DIAGNOSTIC_ONLY,COVARIANCE_AND_SINGULAR_SPECTRUM,MS,TRAIN_EXCLUDING_FOLD,FOLD_0,0.0,1,1,2,True,703,1377,110,35,FROZEN_TRAIN_FOLD_MEDIAN_IQR,1.0504657082647713,39680,0.0,98,1.025231105139315
EXPLORATORY_CONSUMED_DIAGNOSTIC_ONLY,COVARIANCE_AND_SINGULAR_SPECTRUM,MS,TRAIN_EXCLUDING_FOLD,FOLD_0,0.0,1,1,2,True,703,1377,110,35,FROZEN_TRAIN_FOLD_MEDIAN_IQR,1.0504657082647713,39680,0.0,99,1.025231105139315
EXPLORATORY_CONSUMED_DIAGNOSTIC_ONLY,COVARIANCE_AND_SINGULAR_SPECTRUM,MS,TRAIN_EXCLUDING_FOLD,FOLD_0,0.0,1,1,2,True,703,1377,110,35,FROZEN_TRAIN_FOLD_MEDIAN_IQR,1.0504657082647713,39680,0.0,100,1.025231105139315
EXPLORATORY_CONSUMED_DIAGNOSTIC_ONLY,COVARIANCE_AND_SINGULAR_SPECTRUM,MS,TRAIN_EXCLUDING_FOLD,FOLD_0,0.0,1,1,2,True,703,1377,110,35,FROZEN_TRAIN_FOLD_MEDIAN_IQR,1.0504657082647713,39680,0.0,101,1.025231105139315
EXPLORATORY_CONSUMED_DIAGNOSTIC_ONLY,COVARIANCE_AND_SINGULAR_SPECTRUM,MS,TRAIN_EXCLUDING_FOLD,FOLD_0,0.0,1,1,2,True,703,1377,110,35,FROZEN_TRAIN_FOLD_MEDIAN_IQR,1.0504657082647713,39680,0.0,102,1.025231105139315
EXPLORATORY_CONSUMED_DIAGNOSTIC_ONLY,COVARIANCE_AND_SINGULAR_SPECTRUM,MS,TRAIN_EXCLUDING_FOLD,FOLD_0,0.0,1,1,2,True,703,1377,110,35,FROZEN_TRAIN_FOLD_MEDIAN_IQR,1.0504657082647713,39680,0.0,103,1.025231105139315
EXPLORATORY_CONSUMED_DIAGNOSTIC_ONLY,COVARIANCE_AND_SINGULAR_SPECTRUM,MS,TRAIN_EXCLUDING_FOLD,FOLD_0,0.0,1,1,2,True,703,1377,110,35,FROZEN_TRAIN_FOLD_MEDIAN_IQR,1.0504657082647713,39680,0.0,104,1.025231105139315
EXPLORATORY_CONSUMED_DIAGNOSTIC_ONLY,COVARIANCE_AND_SINGULAR_SPECTRUM,MS,TRAIN_EXCLUDING_FOLD,FOLD_0,0.0,1,1,2,True,703,1377,110,35,FROZEN_TRAIN_FOLD_MEDIAN_IQR,1.0504657082647713,39680,0.0,105,1.025231105139315
EXPLORATORY_CONSUMED_DIAGNOSTIC_ONLY,COVARIANCE_AND_SINGULAR_SPECTRUM,MS,TRAIN_EXCLUDING_FOLD,FOLD_0,0.0,1,1,2,True,703,1377,110,35,FROZEN_TRAIN_FOLD_MEDIAN_IQR,1.0504657082647713,39680,0.0,106,1.025231105139315
EXPLORATORY_CONSUMED_DIAGNOSTIC_ONLY,COVARIANCE_AND_SINGULAR_SPECTRUM,MS,TRAIN_EXCLUDING_FOLD,FOLD_0,0.0,1,1,2,True,703,1377,110,35,FROZEN_TRAIN_FOLD_MEDIAN_IQR,1.0504657082647713,39680,0.0,107,1.025231105139315
EXPLORATORY_CONSUMED_DIAGNOSTIC_ONLY,COVARIANCE_AND_SINGULAR_SPECTRUM,MS,TRAIN_EXCLUDING_FOLD,FOLD_0,0.0,1,1,2,True,703,1377,110,35,FROZEN_TRAIN_FOLD_MEDIAN_IQR,1.0504657082647713,39680,0.0,108,1.025231105139315
EXPLORATORY_CONSUMED_DIAGNOSTIC_ONLY,COVARIANCE_AND_SINGULAR_SPECTRUM,MS,TRAIN_EXCLUDING_FOLD,FOLD_0,0.0,1,1,2,True,703,1377,110,35,FROZEN_TRAIN_FOLD_MEDIAN_IQR,1.0504657082647713,39680,0.0,109,1.025231105139315
EXPLORATORY_CONSUMED_DIAGNOSTIC_ONLY,COVARIANCE_AND_SINGULAR_SPECTRUM,MS,TRAIN_EXCLUDING_FOLD,FOLD_0,0.0,1,1,2,True,703,1377,110,35,FROZEN_TRAIN_FOLD_MEDIAN_IQR,1.0504657082647713,39680,0.0,110,1.025231105139315
EXPLORATORY_CONSUMED_DIAGNOSTIC_ONLY,COVARIANCE_AND_SINGULAR_SPECTRUM,MS,TRAIN_EXCLUDING_FOLD,FOLD_1,1.1490015741895319e+27,1,1,2,True,692,1361,110,34,FROZEN_TRAIN_FOLD_MEDIAN_IQR,1.0328419488975875,40192,6795636193162908.0,1,1.0163749659865027
EXPLORATORY_CONSUMED_DIAGNOSTIC_ONLY,COVARIANCE_AND_SINGULAR_SPECTRUM,MS,TRAIN_EXCLUDING_FOLD,FOLD_1,1.4312775884109993e+25,1,1,2,True,692,1361,110,34,FROZEN_TRAIN_FOLD_MEDIAN_IQR,1.0328419488975875,40192,758458362953530.1,2,1.0163749659865027
EXPLORATORY_CONSUMED_DIAGNOSTIC_ONLY,COVARIANCE_AND_SINGULAR_SPECTRUM,MS,TRAIN_EXCLUDING_FOLD,FOLD_1,4.5020858116422027e+24,1,1,2,True,692,1361,110,34,FROZEN_TRAIN_FOLD_MEDIAN_IQR,1.0328419488975875,40192,425379633905436.75,3,1.0163749659865027
EXPLORATORY_CONSUMED_DIAGNOSTIC_ONLY,COVARIANCE_AND_SINGULAR_SPECTRUM,MS,TRAIN_EXCLUDING_FOLD,FOLD_1,37331160888381.37,1,1,2,True,692,1361,110,34,FROZEN_TRAIN_FOLD_MEDIAN_IQR,1.0328419488975875,40192,1224913882.0447028,4,1.0163749659865027
EXPLORATORY_CONSUMED_DIAGNOSTIC_ONLY,COVARIANCE_AND_SINGULAR_SPECTRUM,MS,TRAIN_EXCLUDING_FOLD,FOLD_1,594496139752.8182,1,1,2,True,692,1361,110,34,FROZEN_TRAIN_FOLD_MEDIAN_IQR,1.0328419488975875,40192,154576805.6628978,5,1.0163749659865027
EXPLORATORY_CONSUMED_DIAGNOSTIC_ONLY,COVARIANCE_AND_SINGULAR_SPECTRUM,MS,TRAIN_EXCLUDING_FOLD,FOLD_1,554864635839.2612,1,1,2,True,692,1361,110,34,FROZEN_TRAIN_FOLD_MEDIAN_IQR,1.0328419488975875,40192,149335593.35821983,6,1.0163749659865027
EXPLORATORY_CONSUMED_DIAGNOSTIC_ONLY,COVARIANCE_AND_SINGULAR_SPECTRUM,MS,TRAIN_EXCLUDING_FOLD,FOLD_1,277773347125.50995,1,1,2,True,692,1361,110,34,FROZEN_TRAIN_FOLD_MEDIAN_IQR,1.0328419488975875,40192,105661092.02383105,7,1.0163749659865027
EXPLORATORY_CONSUMED_DIAGNOSTIC_ONLY,COVARIANCE_AND_SINGULAR_SPECTRUM,MS,TRAIN_EXCLUDING_FOLD,FOLD_1,219609306455.95377,1,1,2,True,692,1361,110,34,FROZEN_TRAIN_FOLD_MEDIAN_IQR,1.0328419488975875,40192,93949652.7139813,8,1.0163749659865027
EXPLORATORY_CONSUMED_DIAGNOSTIC_ONLY,COVARIANCE_AND_SINGULAR_SPECTRUM,MS,TRAIN_EXCLUDING_FOLD,FOLD_1,127363662895.74706,1,1,2,True,692,1361,110,34,FROZEN_TRAIN_FOLD_MEDIAN_IQR,1.0328419488975875,40192,71547189.59613904,9,1.0163749659865027
EXPLORATORY_CONSUMED_DIAGNOSTIC_ONLY,COVARIANCE_AND_SINGULAR_SPECTRUM,MS,TRAIN_EXCLUDING_FOLD,FOLD_1,102709446933.2897,1,1,2,True,692,1361,110,34,FROZEN_TRAIN_FOLD_MEDIAN_IQR,1.0328419488975875,40192,64250276.97327678,10,1.0163749659865027
EXPLORATORY_CONSUMED_DIAGNOSTIC_ONLY,COVARIANCE_AND_SINGULAR_SPECTRUM,MS,TRAIN_EXCLUDING_FOLD,FOLD_1,65695864382.12641,1,1,2,True,692,1361,110,34,FROZEN_TRAIN_FOLD_MEDIAN_IQR,1.0328419488975875,40192,51385291.48741325,11,1.0163749659865027
EXPLORATORY_CONSUMED_DIAGNOSTIC_ONLY,COVARIANCE_AND_SINGULAR_SPECTRUM,MS,TRAIN_EXCLUDING_FOLD,FOLD_1,21892039103.74192,1,1,2,True,692,1361,110,34,FROZEN_TRAIN_FOLD_MEDIAN_IQR,1.0328419488975875,40192,29662852.790276177,12,1.0163749659865027
EXPLORATORY_CONSUMED_DIAGNOSTIC_ONLY,COVARIANCE_AND_SINGULAR_SPECTRUM,MS,TRAIN_EXCLUDING_FOLD,FOLD_1,4704006494.414169,1,1,2,True,692,1361,110,34,FROZEN_TRAIN_FOLD_MEDIAN_IQR,1.0328419488975875,40192,13750033.78263102,13,1.0163749659865027
EXPLORATORY_CONSUMED_DIAGNOSTIC_ONLY,COVARIANCE_AND_SINGULAR_SPECTRUM,MS,TRAIN_EXCLUDING_FOLD,FOLD_1,3669232317.098787,1,1,2,True,692,1361,110,34,FROZEN_TRAIN_FOLD_MEDIAN_IQR,1.0328419488975875,40192,12143878.510954993,14,1.0163749659865027
EXPLORATORY_CONSUMED_DIAGNOSTIC_ONLY,COVARIANCE_AND_SINGULAR_SPECTRUM,MS,TRAIN_EXCLUDING_FOLD,FOLD_1,723281093.6338893,1,1,2,True,692,1361,110,34,FROZEN_TRAIN_FOLD_MEDIAN_IQR,1.0328419488975875,40192,5391670.772157113,15,1.0163749659865027
EXPLORATORY_CONSUMED_DIAGNOSTIC_ONLY,COVARIANCE_AND_SINGULAR_SPECTRUM,MS,TRAIN_EXCLUDING_FOLD,FOLD_1,58387564.42739549,1,1,2,True,692,1361,110,34,FROZEN_TRAIN_FOLD_MEDIAN_IQR,1.0328419488975875,40192,1531898.4918935979,16,1.0163749659865027
EXPLORATORY_CONSUMED_DIAGNOSTIC_ONLY,COVARIANCE_AND_SINGULAR_SPECTRUM,MS,TRAIN_EXCLUDING_FOLD,FOLD_1,563245.6199843899,1,1,2,True,692,1361,110,34,FROZEN_TRAIN_FOLD_MEDIAN_IQR,1.0328419488975875,40192,150459.19034214094,17,1.0163749659865027
EXPLORATORY_CONSUMED_DIAGNOSTIC_ONLY,COVARIANCE_AND_SINGULAR_SPECTRUM,MS,TRAIN_EXCLUDING_FOLD,FOLD_1,18805.717562131937,1,1,2,True,692,1361,110,34,FROZEN_TRAIN_FOLD_MEDIAN_IQR,1.0328419488975875,40192,27492.533536529638,18,1.0163749659865027
EXPLORATORY_CONSUMED_DIAGNOSTIC_ONLY,COVARIANCE_AND_SINGULAR_SPECTRUM,MS,TRAIN_EXCLUDING_FOLD,FOLD_1,11956.284130945814,1,1,2,True,692,1361,110,34,FROZEN_TRAIN_FOLD_MEDIAN_IQR,1.0328419488975875,40192,21921.381612274676,19,1.0163749659865027
EXPLORATORY_CONSUMED_DIAGNOSTIC_ONLY,COVARIANCE_AND_SINGULAR_SPECTRUM,MS,TRAIN_EXCLUDING_FOLD,FOLD_1,2776.521919368567,1,1,2,True,692,1361,110,34,FROZEN_TRAIN_FOLD_MEDIAN_IQR,1.0328419488975875,40192,10563.804664194688,20,1.0163749659865027
EXPLORATORY_CONSUMED_DIAGNOSTIC_ONLY,COVARIANCE_AND_SINGULAR_SPECTRUM,MS,TRAIN_EXCLUDING_FOLD,FOLD_1,1539.2530105825315,1,1,2,True,692,1361,110,34,FROZEN_TRAIN_FOLD_MEDIAN_IQR,1.0328419488975875,40192,7865.472458875761,21,1.0163749659865027
EXPLORATORY_CONSUMED_DIAGNOSTIC_ONLY,COVARIANCE_AND_SINGULAR_SPECTRUM,MS,TRAIN_EXCLUDING_FOLD,FOLD_1,251.0595844989655,1,1,2,True,692,1361,110,34,FROZEN_TRAIN_FOLD_MEDIAN_IQR,1.0328419488975875,40192,3176.56840319588,22,1.0163749659865027
EXPLORATORY_CONSUMED_DIAGNOSTIC_ONLY,COVARIANCE_AND_SINGULAR_SPECTRUM,MS,TRAIN_EXCLUDING_FOLD,FOLD_1,90.08571737700193,1,1,2,True,692,1361,110,34,FROZEN_TRAIN_FOLD_MEDIAN_IQR,1.0328419488975875,40192,1902.8203154308767,23,1.0163749659865027
EXPLORATORY_CONSUMED_DIAGNOSTIC_ONLY,COVARIANCE_AND_SINGULAR_SPECTRUM,MS,TRAIN_EXCLUDING_FOLD,FOLD_1,59.834935822221034,1,1,2,True,692,1361,110,34,FROZEN_TRAIN_FOLD_MEDIAN_IQR,1.0328419488975875,40192,1550.769402769705,24,1.0163749659865027
EXPLORATORY_CONSUMED_DIAGNOSTIC_ONLY,COVARIANCE_AND_SINGULAR_SPECTRUM,MS,TRAIN_EXCLUDING_FOLD,FOLD_1,16.32184528744895,1,1,2,True,692,1361,110,34,FROZEN_TRAIN_FOLD_MEDIAN_IQR,1.0328419488975875,40192,809.9429645309281,25,1.0163749659865027
EXPLORATORY_CONSUMED_DIAGNOSTIC_ONLY,COVARIANCE_AND_SINGULAR_SPECTRUM,MS,TRAIN_EXCLUDING_FOLD,FOLD_1,12.907033998316537,1,1,2,True,692,1361,110,34,FROZEN_TRAIN_FOLD_MEDIAN_IQR,1.0328419488975875,40192,720.249616772087,26,1.0163749659865027
EXPLORATORY_CONSUMED_DIAGNOSTIC_ONLY,COVARIANCE_AND_SINGULAR_SPECTRUM,MS,TRAIN_EXCLUDING_FOLD,FOLD_1,12.891967364919273,1,1,2,True,692,1361,110,34,FROZEN_TRAIN_FOLD_MEDIAN_IQR,1.0328419488975875,40192,719.8291132837261,27,1.0163749659865027
EXPLORATORY_CONSUMED_DIAGNOSTIC_ONLY,COVARIANCE_AND_SINGULAR_SPECTRUM,MS,TRAIN_EXCLUDING_FOLD,FOLD_1,12.267099864409188,1,1,2,True,692,1361,110,34,FROZEN_TRAIN_FOLD_MEDIAN_IQR,1.0328419488975875,40192,702.1675567486254,28,1.0163749659865027
EXPLORATORY_CONSUMED_DIAGNOSTIC_ONLY,COVARIANCE_AND_SINGULAR_SPECTRUM,MS,TRAIN_EXCLUDING_FOLD,FOLD_1,8.673406613179614,1,1,2,True,692,1361,110,34,FROZEN_TRAIN_FOLD_MEDIAN_IQR,1.0328419488975875,40192,590.4248966607989,29,1.0163749659865027
EXPLORATORY_CONSUMED_DIAGNOSTIC_ONLY,COVARIANCE_AND_SINGULAR_SPECTRUM,MS,TRAIN_EXCLUDING_FOLD,FOLD_1,8.438197176594187,1,1,2,True,692,1361,110,34,FROZEN_TRAIN_FOLD_MEDIAN_IQR,1.0328419488975875,40192,582.3641652108014,30,1.0163749659865027
EXPLORATORY_CONSUMED_DIAGNOSTIC_ONLY,COVARIANCE_AND_SINGULAR_SPECTRUM,MS,TRAIN_EXCLUDING_FOLD,FOLD_1,5.399666366518457,1,1,2,True,692,1361,110,34,FROZEN_TRAIN_FOLD_MEDIAN_IQR,1.0328419488975875,40192,465.8576935107006,31,1.0163749659865027
EXPLORATORY_CONSUMED_DIAGNOSTIC_ONLY,COVARIANCE_AND_SINGULAR_SPECTRUM,MS,TRAIN_EXCLUDING_FOLD,FOLD_1,3.7546304913390856,1,1,2,True,692,1361,110,34,FROZEN_TRAIN_FOLD_MEDIAN_IQR,1.0328419488975875,40192,388.46635466652776,32,1.0163749659865027
EXPLORATORY_CONSUMED_DIAGNOSTIC_ONLY,COVARIANCE_AND_SINGULAR_SPECTRUM,MS,TRAIN_EXCLUDING_FOLD,FOLD_1,3.1534005892338373,1,1,2,True,692,1361,110,34,FROZEN_TRAIN_FOLD_MEDIAN_IQR,1.0328419488975875,40192,356.0076916057944,33,1.0163749659865027
EXPLORATORY_CONSUMED_DIAGNOSTIC_ONLY,COVARIANCE_AND_SINGULAR_SPECTRUM,MS,TRAIN_EXCLUDING_FOLD,FOLD_1,2.3007654912305853,1,1,2,True,692,1361,110,34,FROZEN_TRAIN_FOLD_MEDIAN_IQR,1.0328419488975875,40192,304.0926941304899,34,1.0163749659865027
EXPLORATORY_CONSUMED_DIAGNOSTIC_ONLY,COVARIANCE_AND_SINGULAR_SPECTRUM,MS,TRAIN_EXCLUDING_FOLD,FOLD_1,1.0131160421697973,1,1,2,True,692,1361,110,34,FROZEN_TRAIN_FOLD_MEDIAN_IQR,1.0328419488975875,40192,201.78989064591045,35,1.0163749659865027
EXPLORATORY_CONSUMED_DIAGNOSTIC_ONLY,COVARIANCE_AND_SINGULAR_SPECTRUM,MS,TRAIN_EXCLUDING_FOLD,FOLD_1,0.9633997691113751,1,1,2,True,692,1361,110,34,FROZEN_TRAIN_FOLD_MEDIAN_IQR,1.0328419488975875,40192,196.7764302962232,36,1.0163749659865027
EXPLORATORY_CONSUMED_DIAGNOSTIC_ONLY,COVARIANCE_AND_SINGULAR_SPECTRUM,MS,TRAIN_EXCLUDING_FOLD,FOLD_1,0.9460454404529929,1,1,2,True,692,1361,110,34,FROZEN_TRAIN_FOLD_MEDIAN_IQR,1.0328419488975875,40192,194.99604699246262,37,1.0163749659865027
EXPLORATORY_CONSUMED_DIAGNOSTIC_ONLY,COVARIANCE_AND_SINGULAR_SPECTRUM,MS,TRAIN_EXCLUDING_FOLD,FOLD_1,0.33124350638518335,1,1,2,True,692,1361,110,34,FROZEN_TRAIN_FOLD_MEDIAN_IQR,1.0328419488975875,40192,115.38344339043314,38,1.0163749659865027
EXPLORATORY_CONSUMED_DIAGNOSTIC_ONLY,COVARIANCE_AND_SINGULAR_SPECTRUM,MS,TRAIN_EXCLUDING_FOLD,FOLD_1,0.27987366791730783,1,1,2,True,692,1361,110,34,FROZEN_TRAIN_FOLD_MEDIAN_IQR,1.0328419488975875,40192,106.05980605739592,39,1.0163749659865027
EXPLORATORY_CONSUMED_DIAGNOSTIC_ONLY,COVARIANCE_AND_SINGULAR_SPECTRUM,MS,TRAIN_EXCLUDING_FOLD,FOLD_1,0.10224411013162474,1,1,2,True,692,1361,110,34,FROZEN_TRAIN_FOLD_MEDIAN_IQR,1.0328419488975875,40192,64.10456516044908,40,1.0163749659865027
EXPLORATORY_CONSUMED_DIAGNOSTIC_ONLY,COVARIANCE_AND_SINGULAR_SPECTRUM,MS,TRAIN_EXCLUDING_FOLD,FOLD_1,0.0876639866092023,1,1,2,True,692,1361,110,34,FROZEN_TRAIN_FOLD_MEDIAN_IQR,1.0328419488975875,40192,59.35815824128187,41,1.0163749659865027
EXPLORATORY_CONSUMED_DIAGNOSTIC_ONLY,COVARIANCE_AND_SINGULAR_SPECTRUM,MS,TRAIN_EXCLUDING_FOLD,FOLD_1,0.015599303333332261,1,1,2,True,692,1361,110,34,FROZEN_TRAIN_FOLD_MEDIAN_IQR,1.0328419488975875,40192,25.039313081098896,42,1.0163749659865027
EXPLORATORY_CONSUMED_DIAGNOSTIC_ONLY,COVARIANCE_AND_SINGULAR_SPECTRUM,MS,TRAIN_EXCLUDING_FOLD,FOLD_1,0.013823216584933391,1,1,2,True,692,1361,110,34,FROZEN_TRAIN_FOLD_MEDIAN_IQR,1.0328419488975875,40192,23.570802298217234,43,1.0163749659865027
EXPLORATORY_CONSUMED_DIAGNOSTIC_ONLY,COVARIANCE_AND_SINGULAR_SPECTRUM,MS,TRAIN_EXCLUDING_FOLD,FOLD_1,0.007382522167469921,1,1,2,True,692,1361,110,34,FROZEN_TRAIN_FOLD_MEDIAN_IQR,1.0328419488975875,40192,17.225513953288914,44,1.0163749659865027
EXPLORATORY_CONSUMED_DIAGNOSTIC_ONLY,COVARIANCE_AND_SINGULAR_SPECTRUM,MS,TRAIN_EXCLUDING_FOLD,FOLD_1,0.003602426023222271,1,1,2,True,692,1361,110,34,FROZEN_TRAIN_FOLD_MEDIAN_IQR,1.0328419488975875,40192,12.032817904603624,45,1.0163749659865027
EXPLORATORY_CONSUMED_DIAGNOSTIC_ONLY,COVARIANCE_AND_SINGULAR_SPECTRUM,MS,TRAIN_EXCLUDING_FOLD,FOLD_1,0.0005610529302733943,1,1,2,True,692,1361,110,34,FROZEN_TRAIN_FOLD_MEDIAN_IQR,1.0328419488975875,40192,4.74866711547022,46,1.0163749659865027
EXPLORATORY_CONSUMED_DIAGNOSTIC_ONLY,COVARIANCE_AND_SINGULAR_SPECTRUM,MS,TRAIN_EXCLUDING_FOLD,FOLD_1,0.00043125805942472036,1,1,2,True,692,1361,110,34,FROZEN_TRAIN_FOLD_MEDIAN_IQR,1.0328419488975875,40192,4.163306849656696,47,1.0163749659865027
EXPLORATORY_CONSUMED_DIAGNOSTIC_ONLY,COVARIANCE_AND_SINGULAR_SPECTRUM,MS,TRAIN_EXCLUDING_FOLD,FOLD_1,8.381540835202259e-05,1,1,2,True,692,1361,110,34,FROZEN_TRAIN_FOLD_MEDIAN_IQR,1.0328419488975875,40192,1.8354042858412671,48,1.0163749659865027
EXPLORATORY_CONSUMED_DIAGNOSTIC_ONLY,COVARIANCE_AND_SINGULAR_SPECTRUM,MS,TRAIN_EXCLUDING_FOLD,FOLD_1,1.7961512644033106e-05,1,1,2,True,692,1361,110,34,FROZEN_TRAIN_FOLD_MEDIAN_IQR,1.0328419488975875,40192,0.8496523501932886,49,1.0163749659865027
EXPLORATORY_CONSUMED_DIAGNOSTIC_ONLY,COVARIANCE_AND_SINGULAR_SPECTRUM,MS,TRAIN_EXCLUDING_FOLD,FOLD_1,2.3142728949892862e-09,1,1,2,True,692,1361,110,34,FROZEN_TRAIN_FOLD_MEDIAN_IQR,1.0328419488975875,40192,0.009644441725440068,50,1.0163749659865027
EXPLORATORY_CONSUMED_DIAGNOSTIC_ONLY,COVARIANCE_AND_SINGULAR_SPECTRUM,MS,TRAIN_EXCLUDING_FOLD,FOLD_1,1.1870582045520042e-09,1,1,2,True,692,1361,110,34,FROZEN_TRAIN_FOLD_MEDIAN_IQR,1.0328419488975875,40192,0.006907260191809351,51,1.0163749659865027
EXPLORATORY_CONSUMED_DIAGNOSTIC_ONLY,COVARIANCE_AND_SINGULAR_SPECTRUM,MS,TRAIN_EXCLUDING_FOLD,FOLD_1,2.6437931007729475e-10,1,1,2,True,692,1361,110,34,FROZEN_TRAIN_FOLD_MEDIAN_IQR,1.0328419488975875,40192,0.003259744350501528,52,1.0163749659865027
EXPLORATORY_CONSUMED_DIAGNOSTIC_ONLY,COVARIANCE_AND_SINGULAR_SPECTRUM,MS,TRAIN_EXCLUDING_FOLD,FOLD_1,9.384459799761435e-11,1,1,2,True,692,1361,110,34,FROZEN_TRAIN_FOLD_MEDIAN_IQR,1.0328419488975875,40192,0.00194211278836223,53,1.0163749659865027
EXPLORATORY_CONSUMED_DIAGNOSTIC_ONLY,COVARIANCE_AND_SINGULAR_SPECTRUM,MS,TRAIN_EXCLUDING_FOLD,FOLD_1,5.533716104912109e-11,1,1,2,True,692,1361,110,34,FROZEN_TRAIN_FOLD_MEDIAN_IQR,1.0328419488975875,40192,0.001491345425073036,54,1.0163749659865027
EXPLORATORY_CONSUMED_DIAGNOSTIC_ONLY,COVARIANCE_AND_SINGULAR_SPECTRUM,MS,TRAIN_EXCLUDING_FOLD,FOLD_1,3.26910371115323e-11,1,1,2,True,692,1361,110,34,FROZEN_TRAIN_FOLD_MEDIAN_IQR,1.0328419488975875,40192,0.001146262693969714,55,1.0163749659865027
EXPLORATORY_CONSUMED_DIAGNOSTIC_ONLY,COVARIANCE_AND_SINGULAR_SPECTRUM,MS,TRAIN_EXCLUDING_FOLD,FOLD_1,1.2055694211217626e-11,1,1,2,True,692,1361,110,34,FROZEN_TRAIN_FOLD_MEDIAN_IQR,1.0328419488975875,40192,0.0006960908430206928,56,1.0163749659865027
EXPLORATORY_CONSUMED_DIAGNOSTIC_ONLY,COVARIANCE_AND_SINGULAR_SPECTRUM,MS,TRAIN_EXCLUDING_FOLD,FOLD_1,1.1100310421480705e-11,1,1,2,True,692,1361,110,34,FROZEN_TRAIN_FOLD_MEDIAN_IQR,1.0328419488975875,40192,0.000667939874884074,57,1.0163749659865027
EXPLORATORY_CONSUMED_DIAGNOSTIC_ONLY,COVARIANCE_AND_SINGULAR_SPECTRUM,MS,TRAIN_EXCLUDING_FOLD,FOLD_1,5.420732755824261e-12,1,1,2,True,692,1361,110,34,FROZEN_TRAIN_FOLD_MEDIAN_IQR,1.0328419488975875,40192,0.0004667655631278819,58,1.0163749659865027
EXPLORATORY_CONSUMED_DIAGNOSTIC_ONLY,COVARIANCE_AND_SINGULAR_SPECTRUM,MS,TRAIN_EXCLUDING_FOLD,FOLD_1,3.195058632619315e-12,1,1,2,True,692,1361,110,34,FROZEN_TRAIN_FOLD_MEDIAN_IQR,1.0328419488975875,40192,0.0003583514986186545,59,1.0163749659865027
EXPLORATORY_CONSUMED_DIAGNOSTIC_ONLY,COVARIANCE_AND_SINGULAR_SPECTRUM,MS,TRAIN_EXCLUDING_FOLD,FOLD_1,2.31439586162398e-12,1,1,2,True,692,1361,110,34,FROZEN_TRAIN_FOLD_MEDIAN_IQR,1.0328419488975875,40192,0.00030499212853841165,60,1.0163749659865027
EXPLORATORY_CONSUMED_DIAGNOSTIC_ONLY,COVARIANCE_AND_SINGULAR_SPECTRUM,MS,TRAIN_EXCLUDING_FOLD,FOLD_1,7.899891787557317e-13,1,1,2,True,692,1361,110,34,FROZEN_TRAIN_FOLD_MEDIAN_IQR,1.0328419488975875,40192,0.00017818879053562928,61,1.0163749659865027
EXPLORATORY_CONSUMED_DIAGNOSTIC_ONLY,COVARIANCE_AND_SINGULAR_SPECTRUM,MS,TRAIN_EXCLUDING_FOLD,FOLD_1,7.060951258507196e-13,1,1,2,True,692,1361,110,34,FROZEN_TRAIN_FOLD_MEDIAN_IQR,1.0328419488975875,40192,0.00016846179180512156,62,1.0163749659865027
EXPLORATORY_CONSUMED_DIAGNOSTIC_ONLY,COVARIANCE_AND_SINGULAR_SPECTRUM,MS,TRAIN_EXCLUDING_FOLD,FOLD_1,3.0428793343885554e-13,1,1,2,True,692,1361,110,34,FROZEN_TRAIN_FOLD_MEDIAN_IQR,1.0328419488975875,40192,0.00011058906194002407,63,1.0163749659865027
EXPLORATORY_CONSUMED_DIAGNOSTIC_ONLY,COVARIANCE_AND_SINGULAR_SPECTRUM,MS,TRAIN_EXCLUDING_FOLD,FOLD_1,1.1266741647128157e-13,1,1,2,True,692,1361,110,34,FROZEN_TRAIN_FOLD_MEDIAN_IQR,1.0328419488975875,40192,6.729285848300508e-05,64,1.0163749659865027
EXPLORATORY_CONSUMED_DIAGNOSTIC_ONLY,COVARIANCE_AND_SINGULAR_SPECTRUM,MS,TRAIN_EXCLUDING_FOLD,FOLD_1,7.481204253954264e-14,1,1,2,True,692,1361,110,34,FROZEN_TRAIN_FOLD_MEDIAN_IQR,1.0328419488975875,40192,5.483471175951687e-05,65,1.0163749659865027
EXPLORATORY_CONSUMED_DIAGNOSTIC_ONLY,COVARIANCE_AND_SINGULAR_SPECTRUM,MS,TRAIN_EXCLUDING_FOLD,FOLD_1,1.3444205561224092e-14,1,1,2,True,692,1361,110,34,FROZEN_TRAIN_FOLD_MEDIAN_IQR,1.0328419488975875,40192,2.3245419116822108e-05,66,1.0163749659865027
EXPLORATORY_CONSUMED_DIAGNOSTIC_ONLY,COVARIANCE_AND_SINGULAR_SPECTRUM,MS,TRAIN_EXCLUDING_FOLD,FOLD_1,1.0358912909666133e-15,1,1,2,True,692,1361,110,34,FROZEN_TRAIN_FOLD_MEDIAN_IQR,1.0328419488975875,40192,6.452483457284499e-06,67,1.0163749659865027
EXPLORATORY_CONSUMED_DIAGNOSTIC_ONLY,COVARIANCE_AND_SINGULAR_SPECTRUM,MS,TRAIN_EXCLUDING_FOLD,FOLD_1,4.406141058329153e-16,1,1,2,True,692,1361,110,34,FROZEN_TRAIN_FOLD_MEDIAN_IQR,1.0328419488975875,40192,4.208225533599231e-06,68,1.0163749659865027
EXPLORATORY_CONSUMED_DIAGNOSTIC_ONLY,COVARIANCE_AND_SINGULAR_SPECTRUM,MS,TRAIN_EXCLUDING_FOLD,FOLD_1,0.0,1,1,2,True,692,1361,110,34,FROZEN_TRAIN_FOLD_MEDIAN_IQR,1.0328419488975875,40192,0.0,69,1.0163749659865027
EXPLORATORY_CONSUMED_DIAGNOSTIC_ONLY,COVARIANCE_AND_SINGULAR_SPECTRUM,MS,TRAIN_EXCLUDING_FOLD,FOLD_1,0.0,1,1,2,True,692,1361,110,34,FROZEN_TRAIN_FOLD_MEDIAN_IQR,1.0328419488975875,40192,0.0,70,1.0163749659865027
EXPLORATORY_CONSUMED_DIAGNOSTIC_ONLY,COVARIANCE_AND_SINGULAR_SPECTRUM,MS,TRAIN_EXCLUDING_FOLD,FOLD_1,0.0,1,1,2,True,692,1361,110,34,FROZEN_TRAIN_FOLD_MEDIAN_IQR,1.0328419488975875,40192,0.0,71,1.0163749659865027
EXPLORATORY_CONSUMED_DIAGNOSTIC_ONLY,COVARIANCE_AND_SINGULAR_SPECTRUM,MS,TRAIN_EXCLUDING_FOLD,FOLD_1,0.0,1,1,2,True,692,1361,110,34,FROZEN_TRAIN_FOLD_MEDIAN_IQR,1.0328419488975875,40192,0.0,72,1.0163749659865027
EXPLORATORY_CONSUMED_DIAGNOSTIC_ONLY,COVARIANCE_AND_SINGULAR_SPECTRUM,MS,TRAIN_EXCLUDING_FOLD,FOLD_1,0.0,1,1,2,True,692,1361,110,34,FROZEN_TRAIN_FOLD_MEDIAN_IQR,1.0328419488975875,40192,0.0,73,1.0163749659865027
EXPLORATORY_CONSUMED_DIAGNOSTIC_ONLY,COVARIANCE_AND_SINGULAR_SPECTRUM,MS,TRAIN_EXCLUDING_FOLD,FOLD_1,0.0,1,1,2,True,692,1361,110,34,FROZEN_TRAIN_FOLD_MEDIAN_IQR,1.0328419488975875,40192,0.0,74,1.0163749659865027
EXPLORATORY_CONSUMED_DIAGNOSTIC_ONLY,COVARIANCE_AND_SINGULAR_SPECTRUM,MS,TRAIN_EXCLUDING_FOLD,FOLD_1,0.0,1,1,2,True,692,1361,110,34,FROZEN_TRAIN_FOLD_MEDIAN_IQR,1.0328419488975875,40192,0.0,75,1.0163749659865027
EXPLORATORY_CONSUMED_DIAGNOSTIC_ONLY,COVARIANCE_AND_SINGULAR_SPECTRUM,MS,TRAIN_EXCLUDING_FOLD,FOLD_1,0.0,1,1,2,True,692,1361,110,34,FROZEN_TRAIN_FOLD_MEDIAN_IQR,1.0328419488975875,40192,0.0,76,1.0163749659865027
EXPLORATORY_CONSUMED_DIAGNOSTIC_ONLY,COVARIANCE_AND_SINGULAR_SPECTRUM,MS,TRAIN_EXCLUDING_FOLD,FOLD_1,0.0,1,1,2,True,692,1361,110,34,FROZEN_TRAIN_FOLD_MEDIAN_IQR,1.0328419488975875,40192,0.0,77,1.0163749659865027
EXPLORATORY_CONSUMED_DIAGNOSTIC_ONLY,COVARIANCE_AND_SINGULAR_SPECTRUM,MS,TRAIN_EXCLUDING_FOLD,FOLD_1,0.0,1,1,2,True,692,1361,110,34,FROZEN_TRAIN_FOLD_MEDIAN_IQR,1.0328419488975875,40192,0.0,78,1.0163749659865027
EXPLORATORY_CONSUMED_DIAGNOSTIC_ONLY,COVARIANCE_AND_SINGULAR_SPECTRUM,MS,TRAIN_EXCLUDING_FOLD,FOLD_1,0.0,1,1,2,True,692,1361,110,34,FROZEN_TRAIN_FOLD_MEDIAN_IQR,1.0328419488975875,40192,0.0,79,1.0163749659865027
EXPLORATORY_CONSUMED_DIAGNOSTIC_ONLY,COVARIANCE_AND_SINGULAR_SPECTRUM,MS,TRAIN_EXCLUDING_FOLD,FOLD_1,0.0,1,1,2,True,692,1361,110,34,FROZEN_TRAIN_FOLD_MEDIAN_IQR,1.0328419488975875,40192,0.0,80,1.0163749659865027
EXPLORATORY_CONSUMED_DIAGNOSTIC_ONLY,COVARIANCE_AND_SINGULAR_SPECTRUM,MS,TRAIN_EXCLUDING_FOLD,FOLD_1,0.0,1,1,2,True,692,1361,110,34,FROZEN_TRAIN_FOLD_MEDIAN_IQR,1.0328419488975875,40192,0.0,81,1.0163749659865027
EXPLORATORY_CONSUMED_DIAGNOSTIC_ONLY,COVARIANCE_AND_SINGULAR_SPECTRUM,MS,TRAIN_EXCLUDING_FOLD,FOLD_1,0.0,1,1,2,True,692,1361,110,34,FROZEN_TRAIN_FOLD_MEDIAN_IQR,1.0328419488975875,40192,0.0,82,1.0163749659865027
EXPLORATORY_CONSUMED_DIAGNOSTIC_ONLY,COVARIANCE_AND_SINGULAR_SPECTRUM,MS,TRAIN_EXCLUDING_FOLD,FOLD_1,0.0,1,1,2,True,692,1361,110,34,FROZEN_TRAIN_FOLD_MEDIAN_IQR,1.0328419488975875,40192,0.0,83,1.0163749659865027
EXPLORATORY_CONSUMED_DIAGNOSTIC_ONLY,COVARIANCE_AND_SINGULAR_SPECTRUM,MS,TRAIN_EXCLUDING_FOLD,FOLD_1,0.0,1,1,2,True,692,1361,110,34,FROZEN_TRAIN_FOLD_MEDIAN_IQR,1.0328419488975875,40192,0.0,84,1.0163749659865027
EXPLORATORY_CONSUMED_DIAGNOSTIC_ONLY,COVARIANCE_AND_SINGULAR_SPECTRUM,MS,TRAIN_EXCLUDING_FOLD,FOLD_1,0.0,1,1,2,True,692,1361,110,34,FROZEN_TRAIN_FOLD_MEDIAN_IQR,1.0328419488975875,40192,0.0,85,1.0163749659865027
EXPLORATORY_CONSUMED_DIAGNOSTIC_ONLY,COVARIANCE_AND_SINGULAR_SPECTRUM,MS,TRAIN_EXCLUDING_FOLD,FOLD_1,0.0,1,1,2,True,692,1361,110,34,FROZEN_TRAIN_FOLD_MEDIAN_IQR,1.0328419488975875,40192,0.0,86,1.0163749659865027
EXPLORATORY_CONSUMED_DIAGNOSTIC_ONLY,COVARIANCE_AND_SINGULAR_SPECTRUM,MS,TRAIN_EXCLUDING_FOLD,FOLD_1,0.0,1,1,2,True,692,1361,110,34,FROZEN_TRAIN_FOLD_MEDIAN_IQR,1.0328419488975875,40192,0.0,87,1.0163749659865027
EXPLORATORY_CONSUMED_DIAGNOSTIC_ONLY,COVARIANCE_AND_SINGULAR_SPECTRUM,MS,TRAIN_EXCLUDING_FOLD,FOLD_1,0.0,1,1,2,True,692,1361,110,34,FROZEN_TRAIN_FOLD_MEDIAN_IQR,1.0328419488975875,40192,0.0,88,1.0163749659865027
EXPLORATORY_CONSUMED_DIAGNOSTIC_ONLY,COVARIANCE_AND_SINGULAR_SPECTRUM,MS,TRAIN_EXCLUDING_FOLD,FOLD_1,0.0,1,1,2,True,692,1361,110,34,FROZEN_TRAIN_FOLD_MEDIAN_IQR,1.0328419488975875,40192,0.0,89,1.0163749659865027
EXPLORATORY_CONSUMED_DIAGNOSTIC_ONLY,COVARIANCE_AND_SINGULAR_SPECTRUM,MS,TRAIN_EXCLUDING_FOLD,FOLD_1,0.0,1,1,2,True,692,1361,110,34,FROZEN_TRAIN_FOLD_MEDIAN_IQR,1.0328419488975875,40192,0.0,90,1.0163749659865027
EXPLORATORY_CONSUMED_DIAGNOSTIC_ONLY,COVARIANCE_AND_SINGULAR_SPECTRUM,MS,TRAIN_EXCLUDING_FOLD,FOLD_1,0.0,1,1,2,True,692,1361,110,34,FROZEN_TRAIN_FOLD_MEDIAN_IQR,1.0328419488975875,40192,0.0,91,1.0163749659865027
EXPLORATORY_CONSUMED_DIAGNOSTIC_ONLY,COVARIANCE_AND_SINGULAR_SPECTRUM,MS,TRAIN_EXCLUDING_FOLD,FOLD_1,0.0,1,1,2,True,692,1361,110,34,FROZEN_TRAIN_FOLD_MEDIAN_IQR,1.0328419488975875,40192,0.0,92,1.0163749659865027
EXPLORATORY_CONSUMED_DIAGNOSTIC_ONLY,COVARIANCE_AND_SINGULAR_SPECTRUM,MS,TRAIN_EXCLUDING_FOLD,FOLD_1,0.0,1,1,2,True,692,1361,110,34,FROZEN_TRAIN_FOLD_MEDIAN_IQR,1.0328419488975875,40192,0.0,93,1.0163749659865027
EXPLORATORY_CONSUMED_DIAGNOSTIC_ONLY,COVARIANCE_AND_SINGULAR_SPECTRUM,MS,TRAIN_EXCLUDING_FOLD,FOLD_1,0.0,1,1,2,True,692,1361,110,34,FROZEN_TRAIN_FOLD_MEDIAN_IQR,1.0328419488975875,40192,0.0,94,1.0163749659865027
EXPLORATORY_CONSUMED_DIAGNOSTIC_ONLY,COVARIANCE_AND_SINGULAR_SPECTRUM,MS,TRAIN_EXCLUDING_FOLD,FOLD_1,0.0,1,1,2,True,692,1361,110,34,FROZEN_TRAIN_FOLD_MEDIAN_IQR,1.0328419488975875,40192,0.0,95,1.0163749659865027
EXPLORATORY_CONSUMED_DIAGNOSTIC_ONLY,COVARIANCE_AND_SINGULAR_SPECTRUM,MS,TRAIN_EXCLUDING_FOLD,FOLD_1,0.0,1,1,2,True,692,1361,110,34,FROZEN_TRAIN_FOLD_MEDIAN_IQR,1.0328419488975875,40192,0.0,96,1.0163749659865027
EXPLORATORY_CONSUMED_DIAGNOSTIC_ONLY,COVARIANCE_AND_SINGULAR_SPECTRUM,MS,TRAIN_EXCLUDING_FOLD,FOLD_1,0.0,1,1,2,True,692,1361,110,34,FROZEN_TRAIN_FOLD_MEDIAN_IQR,1.0328419488975875,40192,0.0,97,1.0163749659865027
EXPLORATORY_CONSUMED_DIAGNOSTIC_ONLY,COVARIANCE_AND_SINGULAR_SPECTRUM,MS,TRAIN_EXCLUDING_FOLD,FOLD_1,0.0,1,1,2,True,692,1361,110,34,FROZEN_TRAIN_FOLD_MEDIAN_IQR,1.0328419488975875,40192,0.0,98,1.0163749659865027
EXPLORATORY_CONSUMED_DIAGNOSTIC_ONLY,COVARIANCE_AND_SINGULAR_SPECTRUM,MS,TRAIN_EXCLUDING_FOLD,FOLD_1,0.0,1,1,2,True,692,1361,110,34,FROZEN_TRAIN_FOLD_MEDIAN_IQR,1.0328419488975875,40192,0.0,99,1.0163749659865027
EXPLORATORY_CONSUMED_DIAGNOSTIC_ONLY,COVARIANCE_AND_SINGULAR_SPECTRUM,MS,TRAIN_EXCLUDING_FOLD,FOLD_1,0.0,1,1,2,True,692,1361,110,34,FROZEN_TRAIN_FOLD_MEDIAN_IQR,1.0328419488975875,40192,0.0,100,1.0163749659865027
EXPLORATORY_CONSUMED_DIAGNOSTIC_ONLY,COVARIANCE_AND_SINGULAR_SPECTRUM,MS,TRAIN_EXCLUDING_FOLD,FOLD_1,0.0,1,1,2,True,692,1361,110,34,FROZEN_TRAIN_FOLD_MEDIAN_IQR,1.0328419488975875,40192,0.0,101,1.0163749659865027
EXPLORATORY_CONSUMED_DIAGNOSTIC_ONLY,COVARIANCE_AND_SINGULAR_SPECTRUM,MS,TRAIN_EXCLUDING_FOLD,FOLD_1,0.0,1,1,2,True,692,1361,110,34,FROZEN_TRAIN_FOLD_MEDIAN_IQR,1.0328419488975875,40192,0.0,102,1.0163749659865027
EXPLORATORY_CONSUMED_DIAGNOSTIC_ONLY,COVARIANCE_AND_SINGULAR_SPECTRUM,MS,TRAIN_EXCLUDING_FOLD,FOLD_1,0.0,1,1,2,True,692,1361,110,34,FROZEN_TRAIN_FOLD_MEDIAN_IQR,1.0328419488975875,40192,0.0,103,1.0163749659865027
EXPLORATORY_CONSUMED_DIAGNOSTIC_ONLY,COVARIANCE_AND_SINGULAR_SPECTRUM,MS,TRAIN_EXCLUDING_FOLD,FOLD_1,0.0,1,1,2,True,692,1361,110,34,FROZEN_TRAIN_FOLD_MEDIAN_IQR,1.0328419488975875,40192,0.0,104,1.0163749659865027
EXPLORATORY_CONSUMED_DIAGNOSTIC_ONLY,COVARIANCE_AND_SINGULAR_SPECTRUM,MS,TRAIN_EXCLUDING_FOLD,FOLD_1,0.0,1,1,2,True,692,1361,110,34,FROZEN_TRAIN_FOLD_MEDIAN_IQR,1.0328419488975875,40192,0.0,105,1.0163749659865027
EXPLORATORY_CONSUMED_DIAGNOSTIC_ONLY,COVARIANCE_AND_SINGULAR_SPECTRUM,MS,TRAIN_EXCLUDING_FOLD,FOLD_1,0.0,1,1,2,True,692,1361,110,34,FROZEN_TRAIN_FOLD_MEDIAN_IQR,1.0328419488975875,40192,0.0,106,1.0163749659865027
EXPLORATORY_CONSUMED_DIAGNOSTIC_ONLY,COVARIANCE_AND_SINGULAR_SPECTRUM,MS,TRAIN_EXCLUDING_FOLD,FOLD_1,0.0,1,1,2,True,692,1361,110,34,FROZEN_TRAIN_FOLD_MEDIAN_IQR,1.0328419488975875,40192,0.0,107,1.0163749659865027
EXPLORATORY_CONSUMED_DIAGNOSTIC_ONLY,COVARIANCE_AND_SINGULAR_SPECTRUM,MS,TRAIN_EXCLUDING_FOLD,FOLD_1,0.0,1,1,2,True,692,1361,110,34,FROZEN_TRAIN_FOLD_MEDIAN_IQR,1.0328419488975875,40192,0.0,108,1.0163749659865027
EXPLORATORY_CONSUMED_DIAGNOSTIC_ONLY,COVARIANCE_AND_SINGULAR_SPECTRUM,MS,TRAIN_EXCLUDING_FOLD,FOLD_1,0.0,1,1,2,True,692,1361,110,34,FROZEN_TRAIN_FOLD_MEDIAN_IQR,1.0328419488975875,40192,0.0,109,1.0163749659865027
EXPLORATORY_CONSUMED_DIAGNOSTIC_ONLY,COVARIANCE_AND_SINGULAR_SPECTRUM,MS,TRAIN_EXCLUDING_FOLD,FOLD_1,0.0,1,1,2,True,692,1361,110,34,FROZEN_TRAIN_FOLD_MEDIAN_IQR,1.0328419488975875,40192,0.0,110,1.0163749659865027
EXPLORATORY_CONSUMED_DIAGNOSTIC_ONLY,COVARIANCE_AND_SINGULAR_SPECTRUM,MS,TRAIN_EXCLUDING_FOLD,FOLD_2,3.5240625127596775e+31,1,1,2,True,719,1413,110,50,FROZEN_TRAIN_FOLD_MEDIAN_IQR,1.048307994388066,41216,1.2051877883794826e+18,1,1.024161069464349
EXPLORATORY_CONSUMED_DIAGNOSTIC_ONLY,COVARIANCE_AND_SINGULAR_SPECTRUM,MS,TRAIN_EXCLUDING_FOLD,FOLD_2,8.415765052857624e+29,1,1,2,True,719,1413,110,50,FROZEN_TRAIN_FOLD_MEDIAN_IQR,1.048307994388066,41216,1.862428985004743e+17,2,1.024161069464349
EXPLORATORY_CONSUMED_DIAGNOSTIC_ONLY,COVARIANCE_AND_SINGULAR_SPECTRUM,MS,TRAIN_EXCLUDING_FOLD,FOLD_2,8.056877974549787e+27,1,1,2,True,719,1413,110,50,FROZEN_TRAIN_FOLD_MEDIAN_IQR,1.048307994388066,41216,1.8222850561837028e+16,3,1.024161069464349
EXPLORATORY_CONSUMED_DIAGNOSTIC_ONLY,COVARIANCE_AND_SINGULAR_SPECTRUM,MS,TRAIN_EXCLUDING_FOLD,FOLD_2,1.2885610386638267e+27,1,1,2,True,719,1413,110,50,FROZEN_TRAIN_FOLD_MEDIAN_IQR,1.048307994388066,41216,7287614957554240.0,4,1.024161069464349
EXPLORATORY_CONSUMED_DIAGNOSTIC_ONLY,COVARIANCE_AND_SINGULAR_SPECTRUM,MS,TRAIN_EXCLUDING_FOLD,FOLD_2,5.0748701131229346e+26,1,1,2,True,719,1413,110,50,FROZEN_TRAIN_FOLD_MEDIAN_IQR,1.048307994388066,41216,4573465279003164.0,5,1.024161069464349
EXPLORATORY_CONSUMED_DIAGNOSTIC_ONLY,COVARIANCE_AND_SINGULAR_SPECTRUM,MS,TRAIN_EXCLUDING_FOLD,FOLD_2,1.667656902174006e+25,1,1,2,True,719,1413,110,50,FROZEN_TRAIN_FOLD_MEDIAN_IQR,1.048307994388066,41216,829060594166698.0,6,1.024161069464349
EXPLORATORY_CONSUMED_DIAGNOSTIC_ONLY,COVARIANCE_AND_SINGULAR_SPECTRUM,MS,TRAIN_EXCLUDING_FOLD,FOLD_2,5.083791380878371e+24,1,1,2,True,719,1413,110,50,FROZEN_TRAIN_FOLD_MEDIAN_IQR,1.048307994388066,41216,457748343038271.3,7,1.024161069464349
EXPLORATORY_CONSUMED_DIAGNOSTIC_ONLY,COVARIANCE_AND_SINGULAR_SPECTRUM,MS,TRAIN_EXCLUDING_FOLD,FOLD_2,3.7212945568051333e+18,1,1,2,True,719,1413,110,50,FROZEN_TRAIN_FOLD_MEDIAN_IQR,1.048307994388066,41216,391633599750.1752,8,1.024161069464349
EXPLORATORY_CONSUMED_DIAGNOSTIC_ONLY,COVARIANCE_AND_SINGULAR_SPECTRUM,MS,TRAIN_EXCLUDING_FOLD,FOLD_2,3.920334296400704e+17,1,1,2,True,719,1413,110,50,FROZEN_TRAIN_FOLD_MEDIAN_IQR,1.048307994388066,41216,127114317982.06346,9,1.024161069464349
EXPLORATORY_CONSUMED_DIAGNOSTIC_ONLY,COVARIANCE_AND_SINGULAR_SPECTRUM,MS,TRAIN_EXCLUDING_FOLD,FOLD_2,9.891891838270864e+16,1,1,2,True,719,1413,110,50,FROZEN_TRAIN_FOLD_MEDIAN_IQR,1.048307994388066,41216,63851719945.99455,10,1.024161069464349
EXPLORATORY_CONSUMED_DIAGNOSTIC_ONLY,COVARIANCE_AND_SINGULAR_SPECTRUM,MS,TRAIN_EXCLUDING_FOLD,FOLD_2,1.002644048643612e+16,1,1,2,True,719,1413,110,50,FROZEN_TRAIN_FOLD_MEDIAN_IQR,1.048307994388066,41216,20328545719.970997,11,1.024161069464349
EXPLORATORY_CONSUMED_DIAGNOSTIC_ONLY,COVARIANCE_AND_SINGULAR_SPECTRUM,MS,TRAIN_EXCLUDING_FOLD,FOLD_2,8090539194411685.0,1,1,2,True,719,1413,110,50,FROZEN_TRAIN_FOLD_MEDIAN_IQR,1.048307994388066,41216,18260877948.14017,12,1.024161069464349
EXPLORATORY_CONSUMED_DIAGNOSTIC_ONLY,COVARIANCE_AND_SINGULAR_SPECTRUM,MS,TRAIN_EXCLUDING_FOLD,FOLD_2,7099632379777190.0,1,1,2,True,719,1413,110,50,FROZEN_TRAIN_FOLD_MEDIAN_IQR,1.048307994388066,41216,17106093889.748667,13,1.024161069464349
EXPLORATORY_CONSUMED_DIAGNOSTIC_ONLY,COVARIANCE_AND_SINGULAR_SPECTRUM,MS,TRAIN_EXCLUDING_FOLD,FOLD_2,5783167238006770.0,1,1,2,True,719,1413,110,50,FROZEN_TRAIN_FOLD_MEDIAN_IQR,1.048307994388066,41216,15438880169.28971,14,1.024161069464349
EXPLORATORY_CONSUMED_DIAGNOSTIC_ONLY,COVARIANCE_AND_SINGULAR_SPECTRUM,MS,TRAIN_EXCLUDING_FOLD,FOLD_2,4736049858374367.0,1,1,2,True,719,1413,110,50,FROZEN_TRAIN_FOLD_MEDIAN_IQR,1.048307994388066,41216,13971436252.682037,15,1.024161069464349
EXPLORATORY_CONSUMED_DIAGNOSTIC_ONLY,COVARIANCE_AND_SINGULAR_SPECTRUM,MS,TRAIN_EXCLUDING_FOLD,FOLD_2,2989808433647296.5,1,1,2,True,719,1413,110,50,FROZEN_TRAIN_FOLD_MEDIAN_IQR,1.048307994388066,41216,11100808276.932224,16,1.024161069464349
EXPLORATORY_CONSUMED_DIAGNOSTIC_ONLY,COVARIANCE_AND_SINGULAR_SPECTRUM,MS,TRAIN_EXCLUDING_FOLD,FOLD_2,2852496807180604.0,1,1,2,True,719,1413,110,50,FROZEN_TRAIN_FOLD_MEDIAN_IQR,1.048307994388066,41216,10842901290.925589,17,1.024161069464349
EXPLORATORY_CONSUMED_DIAGNOSTIC_ONLY,COVARIANCE_AND_SINGULAR_SPECTRUM,MS,TRAIN_EXCLUDING_FOLD,FOLD_2,2044115126092788.0,1,1,2,True,719,1413,110,50,FROZEN_TRAIN_FOLD_MEDIAN_IQR,1.048307994388066,41216,9178793441.244898,18,1.024161069464349
EXPLORATORY_CONSUMED_DIAGNOSTIC_ONLY,COVARIANCE_AND_SINGULAR_SPECTRUM,MS,TRAIN_EXCLUDING_FOLD,FOLD_2,1245371697658110.2,1,1,2,True,719,1413,110,50,FROZEN_TRAIN_FOLD_MEDIAN_IQR,1.048307994388066,41216,7164442748.091206,19,1.024161069464349
EXPLORATORY_CONSUMED_DIAGNOSTIC_ONLY,COVARIANCE_AND_SINGULAR_SPECTRUM,MS,TRAIN_EXCLUDING_FOLD,FOLD_2,712017884957553.6,1,1,2,True,719,1413,110,50,FROZEN_TRAIN_FOLD_MEDIAN_IQR,1.048307994388066,41216,5417243685.345023,20,1.024161069464349
EXPLORATORY_CONSUMED_DIAGNOSTIC_ONLY,COVARIANCE_AND_SINGULAR_SPECTRUM,MS,TRAIN_EXCLUDING_FOLD,FOLD_2,439713899278262.75,1,1,2,True,719,1413,110,50,FROZEN_TRAIN_FOLD_MEDIAN_IQR,1.048307994388066,41216,4257140833.077158,21,1.024161069464349
EXPLORATORY_CONSUMED_DIAGNOSTIC_ONLY,COVARIANCE_AND_SINGULAR_SPECTRUM,MS,TRAIN_EXCLUDING_FOLD,FOLD_2,403038083034443.4,1,1,2,True,719,1413,110,50,FROZEN_TRAIN_FOLD_MEDIAN_IQR,1.048307994388066,41216,4075735225.741194,22,1.024161069464349
EXPLORATORY_CONSUMED_DIAGNOSTIC_ONLY,COVARIANCE_AND_SINGULAR_SPECTRUM,MS,TRAIN_EXCLUDING_FOLD,FOLD_2,191572359501398.44,1,1,2,True,719,1413,110,50,FROZEN_TRAIN_FOLD_MEDIAN_IQR,1.048307994388066,41216,2809954869.6037164,23,1.024161069464349
EXPLORATORY_CONSUMED_DIAGNOSTIC_ONLY,COVARIANCE_AND_SINGULAR_SPECTRUM,MS,TRAIN_EXCLUDING_FOLD,FOLD_2,38760108978793.91,1,1,2,True,719,1413,110,50,FROZEN_TRAIN_FOLD_MEDIAN_IQR,1.048307994388066,41216,1263936965.0698447,24,1.024161069464349
EXPLORATORY_CONSUMED_DIAGNOSTIC_ONLY,COVARIANCE_AND_SINGULAR_SPECTRUM,MS,TRAIN_EXCLUDING_FOLD,FOLD_2,74858759446.27222,1,1,2,True,719,1413,110,50,FROZEN_TRAIN_FOLD_MEDIAN_IQR,1.048307994388066,41216,55546184.65149119,25,1.024161069464349
EXPLORATORY_CONSUMED_DIAGNOSTIC_ONLY,COVARIANCE_AND_SINGULAR_SPECTRUM,MS,TRAIN_EXCLUDING_FOLD,FOLD_2,29972.36808898964,1,1,2,True,719,1413,110,50,FROZEN_TRAIN_FOLD_MEDIAN_IQR,1.048307994388066,41216,35147.419864846364,26,1.024161069464349
EXPLORATORY_CONSUMED_DIAGNOSTIC_ONLY,COVARIANCE_AND_SINGULAR_SPECTRUM,MS,TRAIN_EXCLUDING_FOLD,FOLD_2,2767.9338314319803,1,1,2,True,719,1413,110,50,FROZEN_TRAIN_FOLD_MEDIAN_IQR,1.048307994388066,41216,10680.971903169697,27,1.024161069464349
EXPLORATORY_CONSUMED_DIAGNOSTIC_ONLY,COVARIANCE_AND_SINGULAR_SPECTRUM,MS,TRAIN_EXCLUDING_FOLD,FOLD_2,108.50574821294568,1,1,2,True,719,1413,110,50,FROZEN_TRAIN_FOLD_MEDIAN_IQR,1.048307994388066,41216,2114.751266306458,28,1.024161069464349
EXPLORATORY_CONSUMED_DIAGNOSTIC_ONLY,COVARIANCE_AND_SINGULAR_SPECTRUM,MS,TRAIN_EXCLUDING_FOLD,FOLD_2,87.39133585309204,1,1,2,True,719,1413,110,50,FROZEN_TRAIN_FOLD_MEDIAN_IQR,1.048307994388066,41216,1897.87283518181,29,1.024161069464349
EXPLORATORY_CONSUMED_DIAGNOSTIC_ONLY,COVARIANCE_AND_SINGULAR_SPECTRUM,MS,TRAIN_EXCLUDING_FOLD,FOLD_2,34.21799332188953,1,1,2,True,719,1413,110,50,FROZEN_TRAIN_FOLD_MEDIAN_IQR,1.048307994388066,41216,1187.572655779426,30,1.024161069464349
EXPLORATORY_CONSUMED_DIAGNOSTIC_ONLY,COVARIANCE_AND_SINGULAR_SPECTRUM,MS,TRAIN_EXCLUDING_FOLD,FOLD_2,29.622634107696722,1,1,2,True,719,1413,110,50,FROZEN_TRAIN_FOLD_MEDIAN_IQR,1.048307994388066,41216,1104.9554232559917,31,1.024161069464349
EXPLORATORY_CONSUMED_DIAGNOSTIC_ONLY,COVARIANCE_AND_SINGULAR_SPECTRUM,MS,TRAIN_EXCLUDING_FOLD,FOLD_2,16.701123752765184,1,1,2,True,719,1413,110,50,FROZEN_TRAIN_FOLD_MEDIAN_IQR,1.048307994388066,41216,829.6707278155412,32,1.024161069464349
EXPLORATORY_CONSUMED_DIAGNOSTIC_ONLY,COVARIANCE_AND_SINGULAR_SPECTRUM,MS,TRAIN_EXCLUDING_FOLD,FOLD_2,8.643937242880861,1,1,2,True,719,1413,110,50,FROZEN_TRAIN_FOLD_MEDIAN_IQR,1.048307994388066,41216,596.8823312869779,33,1.024161069464349
EXPLORATORY_CONSUMED_DIAGNOSTIC_ONLY,COVARIANCE_AND_SINGULAR_SPECTRUM,MS,TRAIN_EXCLUDING_FOLD,FOLD_2,4.325013714755268,1,1,2,True,719,1413,110,50,FROZEN_TRAIN_FOLD_MEDIAN_IQR,1.048307994388066,41216,422.2082013264938,34,1.024161069464349
EXPLORATORY_CONSUMED_DIAGNOSTIC_ONLY,COVARIANCE_AND_SINGULAR_SPECTRUM,MS,TRAIN_EXCLUDING_FOLD,FOLD_2,1.4643103873919858,1,1,2,True,719,1413,110,50,FROZEN_TRAIN_FOLD_MEDIAN_IQR,1.048307994388066,41216,245.6685102465273,35,1.024161069464349
EXPLORATORY_CONSUMED_DIAGNOSTIC_ONLY,COVARIANCE_AND_SINGULAR_SPECTRUM,MS,TRAIN_EXCLUDING_FOLD,FOLD_2,1.191111915247579,1,1,2,True,719,1413,110,50,FROZEN_TRAIN_FOLD_MEDIAN_IQR,1.048307994388066,41216,221.56910592148046,36,1.024161069464349
EXPLORATORY_CONSUMED_DIAGNOSTIC_ONLY,COVARIANCE_AND_SINGULAR_SPECTRUM,MS,TRAIN_EXCLUDING_FOLD,FOLD_2,1.0615759973366277,1,1,2,True,719,1413,110,50,FROZEN_TRAIN_FOLD_MEDIAN_IQR,1.048307994388066,41216,209.1743681865119,37,1.024161069464349
EXPLORATORY_CONSUMED_DIAGNOSTIC_ONLY,COVARIANCE_AND_SINGULAR_SPECTRUM,MS,TRAIN_EXCLUDING_FOLD,FOLD_2,0.9998178642853612,1,1,2,True,719,1413,110,50,FROZEN_TRAIN_FOLD_MEDIAN_IQR,1.048307994388066,41216,202.99875146016404,38,1.024161069464349
EXPLORATORY_CONSUMED_DIAGNOSTIC_ONLY,COVARIANCE_AND_SINGULAR_SPECTRUM,MS,TRAIN_EXCLUDING_FOLD,FOLD_2,0.9120757893274003,1,1,2,True,719,1413,110,50,FROZEN_TRAIN_FOLD_MEDIAN_IQR,1.048307994388066,41216,193.88686322935376,39,1.024161069464349
EXPLORATORY_CONSUMED_DIAGNOSTIC_ONLY,COVARIANCE_AND_SINGULAR_SPECTRUM,MS,TRAIN_EXCLUDING_FOLD,FOLD_2,0.568117489691271,1,1,2,True,719,1413,110,50,FROZEN_TRAIN_FOLD_MEDIAN_IQR,1.048307994388066,41216,153.0213398683838,40,1.024161069464349
EXPLORATORY_CONSUMED_DIAGNOSTIC_ONLY,COVARIANCE_AND_SINGULAR_SPECTRUM,MS,TRAIN_EXCLUDING_FOLD,FOLD_2,0.4449289849838629,1,1,2,True,719,1413,110,50,FROZEN_TRAIN_FOLD_MEDIAN_IQR,1.048307994388066,41216,135.4185845631791,41,1.024161069464349
EXPLORATORY_CONSUMED_DIAGNOSTIC_ONLY,COVARIANCE_AND_SINGULAR_SPECTRUM,MS,TRAIN_EXCLUDING_FOLD,FOLD_2,0.3016009107611672,1,1,2,True,719,1413,110,50,FROZEN_TRAIN_FOLD_MEDIAN_IQR,1.048307994388066,41216,111.49342194915477,42,1.024161069464349
EXPLORATORY_CONSUMED_DIAGNOSTIC_ONLY,COVARIANCE_AND_SINGULAR_SPECTRUM,MS,TRAIN_EXCLUDING_FOLD,FOLD_2,0.2057865578240146,1,1,2,True,719,1413,110,50,FROZEN_TRAIN_FOLD_MEDIAN_IQR,1.048307994388066,41216,92.09613872076606,43,1.024161069464349
EXPLORATORY_CONSUMED_DIAGNOSTIC_ONLY,COVARIANCE_AND_SINGULAR_SPECTRUM,MS,TRAIN_EXCLUDING_FOLD,FOLD_2,0.11857385195638835,1,1,2,True,719,1413,110,50,FROZEN_TRAIN_FOLD_MEDIAN_IQR,1.048307994388066,41216,69.90808166610283,44,1.024161069464349
EXPLORATORY_CONSUMED_DIAGNOSTIC_ONLY,COVARIANCE_AND_SINGULAR_SPECTRUM,MS,TRAIN_EXCLUDING_FOLD,FOLD_2,0.06627918517220721,1,1,2,True,719,1413,110,50,FROZEN_TRAIN_FOLD_MEDIAN_IQR,1.048307994388066,41216,52.26626919972089,45,1.024161069464349
EXPLORATORY_CONSUMED_DIAGNOSTIC_ONLY,COVARIANCE_AND_SINGULAR_SPECTRUM,MS,TRAIN_EXCLUDING_FOLD,FOLD_2,0.016529777813836147,1,1,2,True,719,1413,110,50,FROZEN_TRAIN_FOLD_MEDIAN_IQR,1.048307994388066,41216,26.10155785341309,46,1.024161069464349
EXPLORATORY_CONSUMED_DIAGNOSTIC_ONLY,COVARIANCE_AND_SINGULAR_SPECTRUM,MS,TRAIN_EXCLUDING_FOLD,FOLD_2,0.015617739670203924,1,1,2,True,719,1413,110,50,FROZEN_TRAIN_FOLD_MEDIAN_IQR,1.048307994388066,41216,25.371258507356803,47,1.024161069464349
EXPLORATORY_CONSUMED_DIAGNOSTIC_ONLY,COVARIANCE_AND_SINGULAR_SPECTRUM,MS,TRAIN_EXCLUDING_FOLD,FOLD_2,0.010533356187847157,1,1,2,True,719,1413,110,50,FROZEN_TRAIN_FOLD_MEDIAN_IQR,1.048307994388066,41216,20.83609389108977,48,1.024161069464349
EXPLORATORY_CONSUMED_DIAGNOSTIC_ONLY,COVARIANCE_AND_SINGULAR_SPECTRUM,MS,TRAIN_EXCLUDING_FOLD,FOLD_2,0.0031513121437675463,1,1,2,True,719,1413,110,50,FROZEN_TRAIN_FOLD_MEDIAN_IQR,1.048307994388066,41216,11.396687295768151,49,1.024161069464349
EXPLORATORY_CONSUMED_DIAGNOSTIC_ONLY,COVARIANCE_AND_SINGULAR_SPECTRUM,MS,TRAIN_EXCLUDING_FOLD,FOLD_2,0.0023581528026716974,1,1,2,True,719,1413,110,50,FROZEN_TRAIN_FOLD_MEDIAN_IQR,1.048307994388066,41216,9.85868276773914,50,1.024161069464349
EXPLORATORY_CONSUMED_DIAGNOSTIC_ONLY,COVARIANCE_AND_SINGULAR_SPECTRUM,MS,TRAIN_EXCLUDING_FOLD,FOLD_2,0.0013101972514377499,1,1,2,True,719,1413,110,50,FROZEN_TRAIN_FOLD_MEDIAN_IQR,1.048307994388066,41216,7.3485433873154955,51,1.024161069464349
EXPLORATORY_CONSUMED_DIAGNOSTIC_ONLY,COVARIANCE_AND_SINGULAR_SPECTRUM,MS,TRAIN_EXCLUDING_FOLD,FOLD_2,0.000847032545217614,1,1,2,True,719,1413,110,50,FROZEN_TRAIN_FOLD_MEDIAN_IQR,1.048307994388066,41216,5.908577949362196,52,1.024161069464349
EXPLORATORY_CONSUMED_DIAGNOSTIC_ONLY,COVARIANCE_AND_SINGULAR_SPECTRUM,MS,TRAIN_EXCLUDING_FOLD,FOLD_2,0.00033517140913908583,1,1,2,True,719,1413,110,50,FROZEN_TRAIN_FOLD_MEDIAN_IQR,1.048307994388066,41216,3.7167761298034296,53,1.024161069464349
EXPLORATORY_CONSUMED_DIAGNOSTIC_ONLY,COVARIANCE_AND_SINGULAR_SPECTRUM,MS,TRAIN_EXCLUDING_FOLD,FOLD_2,0.00016212983070581678,1,1,2,True,719,1413,110,50,FROZEN_TRAIN_FOLD_MEDIAN_IQR,1.048307994388066,41216,2.5850228436845475,54,1.024161069464349
EXPLORATORY_CONSUMED_DIAGNOSTIC_ONLY,COVARIANCE_AND_SINGULAR_SPECTRUM,MS,TRAIN_EXCLUDING_FOLD,FOLD_2,0.00013811318139783006,1,1,2,True,719,1413,110,50,FROZEN_TRAIN_FOLD_MEDIAN_IQR,1.048307994388066,41216,2.3858903756235246,55,1.024161069464349
EXPLORATORY_CONSUMED_DIAGNOSTIC_ONLY,COVARIANCE_AND_SINGULAR_SPECTRUM,MS,TRAIN_EXCLUDING_FOLD,FOLD_2,3.6074447555473416e-05,1,1,2,True,719,1413,110,50,FROZEN_TRAIN_FOLD_MEDIAN_IQR,1.048307994388066,41216,1.219362304832486,56,1.024161069464349
EXPLORATORY_CONSUMED_DIAGNOSTIC_ONLY,COVARIANCE_AND_SINGULAR_SPECTRUM,MS,TRAIN_EXCLUDING_FOLD,FOLD_2,3.599822155944775e-05,1,1,2,True,719,1413,110,50,FROZEN_TRAIN_FOLD_MEDIAN_IQR,1.048307994388066,41216,1.2180733556704204,57,1.024161069464349
EXPLORATORY_CONSUMED_DIAGNOSTIC_ONLY,COVARIANCE_AND_SINGULAR_SPECTRUM,MS,TRAIN_EXCLUDING_FOLD,FOLD_2,2.523107954861361e-05,1,1,2,True,719,1413,110,50,FROZEN_TRAIN_FOLD_MEDIAN_IQR,1.048307994388066,41216,1.01976672561702,58,1.024161069464349
EXPLORATORY_CONSUMED_DIAGNOSTIC_ONLY,COVARIANCE_AND_SINGULAR_SPECTRUM,MS,TRAIN_EXCLUDING_FOLD,FOLD_2,1.9862744426358007e-05,1,1,2,True,719,1413,110,50,FROZEN_TRAIN_FOLD_MEDIAN_IQR,1.048307994388066,41216,0.904799908419962,59,1.024161069464349
EXPLORATORY_CONSUMED_DIAGNOSTIC_ONLY,COVARIANCE_AND_SINGULAR_SPECTRUM,MS,TRAIN_EXCLUDING_FOLD,FOLD_2,4.806345726044266e-06,1,1,2,True,719,1413,110,50,FROZEN_TRAIN_FOLD_MEDIAN_IQR,1.048307994388066,41216,0.4450824029824595,60,1.024161069464349
EXPLORATORY_CONSUMED_DIAGNOSTIC_ONLY,COVARIANCE_AND_SINGULAR_SPECTRUM,MS,TRAIN_EXCLUDING_FOLD,FOLD_2,1.3009552901230342e-06,1,1,2,True,719,1413,110,50,FROZEN_TRAIN_FOLD_MEDIAN_IQR,1.048307994388066,41216,0.23156030151498547,61,1.024161069464349
EXPLORATORY_CONSUMED_DIAGNOSTIC_ONLY,COVARIANCE_AND_SINGULAR_SPECTRUM,MS,TRAIN_EXCLUDING_FOLD,FOLD_2,9.63211225777521e-07,1,1,2,True,719,1413,110,50,FROZEN_TRAIN_FOLD_MEDIAN_IQR,1.048307994388066,41216,0.1992478704569921,62,1.024161069464349
EXPLORATORY_CONSUMED_DIAGNOSTIC_ONLY,COVARIANCE_AND_SINGULAR_SPECTRUM,MS,TRAIN_EXCLUDING_FOLD,FOLD_2,3.500203461225997e-07,1,1,2,True,719,1413,110,50,FROZEN_TRAIN_FOLD_MEDIAN_IQR,1.048307994388066,41216,0.1201101102563355,63,1.024161069464349
EXPLORATORY_CONSUMED_DIAGNOSTIC_ONLY,COVARIANCE_AND_SINGULAR_SPECTRUM,MS,TRAIN_EXCLUDING_FOLD,FOLD_2,1.1756359034277928e-13,1,1,2,True,719,1413,110,50,FROZEN_TRAIN_FOLD_MEDIAN_IQR,1.048307994388066,41216,6.960963251998958e-05,64,1.024161069464349
EXPLORATORY_CONSUMED_DIAGNOSTIC_ONLY,COVARIANCE_AND_SINGULAR_SPECTRUM,MS,TRAIN_EXCLUDING_FOLD,FOLD_2,0.0,1,1,2,True,719,1413,110,50,FROZEN_TRAIN_FOLD_MEDIAN_IQR,1.048307994388066,41216,0.0,65,1.024161069464349
EXPLORATORY_CONSUMED_DIAGNOSTIC_ONLY,COVARIANCE_AND_SINGULAR_SPECTRUM,MS,TRAIN_EXCLUDING_FOLD,FOLD_2,0.0,1,1,2,True,719,1413,110,50,FROZEN_TRAIN_FOLD_MEDIAN_IQR,1.048307994388066,41216,0.0,66,1.024161069464349
EXPLORATORY_CONSUMED_DIAGNOSTIC_ONLY,COVARIANCE_AND_SINGULAR_SPECTRUM,MS,TRAIN_EXCLUDING_FOLD,FOLD_2,0.0,1,1,2,True,719,1413,110,50,FROZEN_TRAIN_FOLD_MEDIAN_IQR,1.048307994388066,41216,0.0,67,1.024161069464349
EXPLORATORY_CONSUMED_DIAGNOSTIC_ONLY,COVARIANCE_AND_SINGULAR_SPECTRUM,MS,TRAIN_EXCLUDING_FOLD,FOLD_2,0.0,1,1,2,True,719,1413,110,50,FROZEN_TRAIN_FOLD_MEDIAN_IQR,1.048307994388066,41216,0.0,68,1.024161069464349
EXPLORATORY_CONSUMED_DIAGNOSTIC_ONLY,COVARIANCE_AND_SINGULAR_SPECTRUM,MS,TRAIN_EXCLUDING_FOLD,FOLD_2,0.0,1,1,2,True,719,1413,110,50,FROZEN_TRAIN_FOLD_MEDIAN_IQR,1.048307994388066,41216,0.0,69,1.024161069464349
EXPLORATORY_CONSUMED_DIAGNOSTIC_ONLY,COVARIANCE_AND_SINGULAR_SPECTRUM,MS,TRAIN_EXCLUDING_FOLD,FOLD_2,0.0,1,1,2,True,719,1413,110,50,FROZEN_TRAIN_FOLD_MEDIAN_IQR,1.048307994388066,41216,0.0,70,1.024161069464349
EXPLORATORY_CONSUMED_DIAGNOSTIC_ONLY,COVARIANCE_AND_SINGULAR_SPECTRUM,MS,TRAIN_EXCLUDING_FOLD,FOLD_2,0.0,1,1,2,True,719,1413,110,50,FROZEN_TRAIN_FOLD_MEDIAN_IQR,1.048307994388066,41216,0.0,71,1.024161069464349
EXPLORATORY_CONSUMED_DIAGNOSTIC_ONLY,COVARIANCE_AND_SINGULAR_SPECTRUM,MS,TRAIN_EXCLUDING_FOLD,FOLD_2,0.0,1,1,2,True,719,1413,110,50,FROZEN_TRAIN_FOLD_MEDIAN_IQR,1.048307994388066,41216,0.0,72,1.024161069464349
EXPLORATORY_CONSUMED_DIAGNOSTIC_ONLY,COVARIANCE_AND_SINGULAR_SPECTRUM,MS,TRAIN_EXCLUDING_FOLD,FOLD_2,0.0,1,1,2,True,719,1413,110,50,FROZEN_TRAIN_FOLD_MEDIAN_IQR,1.048307994388066,41216,0.0,73,1.024161069464349
EXPLORATORY_CONSUMED_DIAGNOSTIC_ONLY,COVARIANCE_AND_SINGULAR_SPECTRUM,MS,TRAIN_EXCLUDING_FOLD,FOLD_2,0.0,1,1,2,True,719,1413,110,50,FROZEN_TRAIN_FOLD_MEDIAN_IQR,1.048307994388066,41216,0.0,74,1.024161069464349
EXPLORATORY_CONSUMED_DIAGNOSTIC_ONLY,COVARIANCE_AND_SINGULAR_SPECTRUM,MS,TRAIN_EXCLUDING_FOLD,FOLD_2,0.0,1,1,2,True,719,1413,110,50,FROZEN_TRAIN_FOLD_MEDIAN_IQR,1.048307994388066,41216,0.0,75,1.024161069464349
EXPLORATORY_CONSUMED_DIAGNOSTIC_ONLY,COVARIANCE_AND_SINGULAR_SPECTRUM,MS,TRAIN_EXCLUDING_FOLD,FOLD_2,0.0,1,1,2,True,719,1413,110,50,FROZEN_TRAIN_FOLD_MEDIAN_IQR,1.048307994388066,41216,0.0,76,1.024161069464349
EXPLORATORY_CONSUMED_DIAGNOSTIC_ONLY,COVARIANCE_AND_SINGULAR_SPECTRUM,MS,TRAIN_EXCLUDING_FOLD,FOLD_2,0.0,1,1,2,True,719,1413,110,50,FROZEN_TRAIN_FOLD_MEDIAN_IQR,1.048307994388066,41216,0.0,77,1.024161069464349
EXPLORATORY_CONSUMED_DIAGNOSTIC_ONLY,COVARIANCE_AND_SINGULAR_SPECTRUM,MS,TRAIN_EXCLUDING_FOLD,FOLD_2,0.0,1,1,2,True,719,1413,110,50,FROZEN_TRAIN_FOLD_MEDIAN_IQR,1.048307994388066,41216,0.0,78,1.024161069464349
EXPLORATORY_CONSUMED_DIAGNOSTIC_ONLY,COVARIANCE_AND_SINGULAR_SPECTRUM,MS,TRAIN_EXCLUDING_FOLD,FOLD_2,0.0,1,1,2,True,719,1413,110,50,FROZEN_TRAIN_FOLD_MEDIAN_IQR,1.048307994388066,41216,0.0,79,1.024161069464349
EXPLORATORY_CONSUMED_DIAGNOSTIC_ONLY,COVARIANCE_AND_SINGULAR_SPECTRUM,MS,TRAIN_EXCLUDING_FOLD,FOLD_2,0.0,1,1,2,True,719,1413,110,50,FROZEN_TRAIN_FOLD_MEDIAN_IQR,1.048307994388066,41216,0.0,80,1.024161069464349
EXPLORATORY_CONSUMED_DIAGNOSTIC_ONLY,COVARIANCE_AND_SINGULAR_SPECTRUM,MS,TRAIN_EXCLUDING_FOLD,FOLD_2,0.0,1,1,2,True,719,1413,110,50,FROZEN_TRAIN_FOLD_MEDIAN_IQR,1.048307994388066,41216,0.0,81,1.024161069464349
EXPLORATORY_CONSUMED_DIAGNOSTIC_ONLY,COVARIANCE_AND_SINGULAR_SPECTRUM,MS,TRAIN_EXCLUDING_FOLD,FOLD_2,0.0,1,1,2,True,719,1413,110,50,FROZEN_TRAIN_FOLD_MEDIAN_IQR,1.048307994388066,41216,0.0,82,1.024161069464349
EXPLORATORY_CONSUMED_DIAGNOSTIC_ONLY,COVARIANCE_AND_SINGULAR_SPECTRUM,MS,TRAIN_EXCLUDING_FOLD,FOLD_2,0.0,1,1,2,True,719,1413,110,50,FROZEN_TRAIN_FOLD_MEDIAN_IQR,1.048307994388066,41216,0.0,83,1.024161069464349
EXPLORATORY_CONSUMED_DIAGNOSTIC_ONLY,COVARIANCE_AND_SINGULAR_SPECTRUM,MS,TRAIN_EXCLUDING_FOLD,FOLD_2,0.0,1,1,2,True,719,1413,110,50,FROZEN_TRAIN_FOLD_MEDIAN_IQR,1.048307994388066,41216,0.0,84,1.024161069464349
EXPLORATORY_CONSUMED_DIAGNOSTIC_ONLY,COVARIANCE_AND_SINGULAR_SPECTRUM,MS,TRAIN_EXCLUDING_FOLD,FOLD_2,0.0,1,1,2,True,719,1413,110,50,FROZEN_TRAIN_FOLD_MEDIAN_IQR,1.048307994388066,41216,0.0,85,1.024161069464349
EXPLORATORY_CONSUMED_DIAGNOSTIC_ONLY,COVARIANCE_AND_SINGULAR_SPECTRUM,MS,TRAIN_EXCLUDING_FOLD,FOLD_2,0.0,1,1,2,True,719,1413,110,50,FROZEN_TRAIN_FOLD_MEDIAN_IQR,1.048307994388066,41216,0.0,86,1.024161069464349
EXPLORATORY_CONSUMED_DIAGNOSTIC_ONLY,COVARIANCE_AND_SINGULAR_SPECTRUM,MS,TRAIN_EXCLUDING_FOLD,FOLD_2,0.0,1,1,2,True,719,1413,110,50,FROZEN_TRAIN_FOLD_MEDIAN_IQR,1.048307994388066,41216,0.0,87,1.024161069464349
EXPLORATORY_CONSUMED_DIAGNOSTIC_ONLY,COVARIANCE_AND_SINGULAR_SPECTRUM,MS,TRAIN_EXCLUDING_FOLD,FOLD_2,0.0,1,1,2,True,719,1413,110,50,FROZEN_TRAIN_FOLD_MEDIAN_IQR,1.048307994388066,41216,0.0,88,1.024161069464349
EXPLORATORY_CONSUMED_DIAGNOSTIC_ONLY,COVARIANCE_AND_SINGULAR_SPECTRUM,MS,TRAIN_EXCLUDING_FOLD,FOLD_2,0.0,1,1,2,True,719,1413,110,50,FROZEN_TRAIN_FOLD_MEDIAN_IQR,1.048307994388066,41216,0.0,89,1.024161069464349
EXPLORATORY_CONSUMED_DIAGNOSTIC_ONLY,COVARIANCE_AND_SINGULAR_SPECTRUM,MS,TRAIN_EXCLUDING_FOLD,FOLD_2,0.0,1,1,2,True,719,1413,110,50,FROZEN_TRAIN_FOLD_MEDIAN_IQR,1.048307994388066,41216,0.0,90,1.024161069464349
EXPLORATORY_CONSUMED_DIAGNOSTIC_ONLY,COVARIANCE_AND_SINGULAR_SPECTRUM,MS,TRAIN_EXCLUDING_FOLD,FOLD_2,0.0,1,1,2,True,719,1413,110,50,FROZEN_TRAIN_FOLD_MEDIAN_IQR,1.048307994388066,41216,0.0,91,1.024161069464349
EXPLORATORY_CONSUMED_DIAGNOSTIC_ONLY,COVARIANCE_AND_SINGULAR_SPECTRUM,MS,TRAIN_EXCLUDING_FOLD,FOLD_2,0.0,1,1,2,True,719,1413,110,50,FROZEN_TRAIN_FOLD_MEDIAN_IQR,1.048307994388066,41216,0.0,92,1.024161069464349
EXPLORATORY_CONSUMED_DIAGNOSTIC_ONLY,COVARIANCE_AND_SINGULAR_SPECTRUM,MS,TRAIN_EXCLUDING_FOLD,FOLD_2,0.0,1,1,2,True,719,1413,110,50,FROZEN_TRAIN_FOLD_MEDIAN_IQR,1.048307994388066,41216,0.0,93,1.024161069464349
EXPLORATORY_CONSUMED_DIAGNOSTIC_ONLY,COVARIANCE_AND_SINGULAR_SPECTRUM,MS,TRAIN_EXCLUDING_FOLD,FOLD_2,0.0,1,1,2,True,719,1413,110,50,FROZEN_TRAIN_FOLD_MEDIAN_IQR,1.048307994388066,41216,0.0,94,1.024161069464349
EXPLORATORY_CONSUMED_DIAGNOSTIC_ONLY,COVARIANCE_AND_SINGULAR_SPECTRUM,MS,TRAIN_EXCLUDING_FOLD,FOLD_2,0.0,1,1,2,True,719,1413,110,50,FROZEN_TRAIN_FOLD_MEDIAN_IQR,1.048307994388066,41216,0.0,95,1.024161069464349
EXPLORATORY_CONSUMED_DIAGNOSTIC_ONLY,COVARIANCE_AND_SINGULAR_SPECTRUM,MS,TRAIN_EXCLUDING_FOLD,FOLD_2,0.0,1,1,2,True,719,1413,110,50,FROZEN_TRAIN_FOLD_MEDIAN_IQR,1.048307994388066,41216,0.0,96,1.024161069464349
EXPLORATORY_CONSUMED_DIAGNOSTIC_ONLY,COVARIANCE_AND_SINGULAR_SPECTRUM,MS,TRAIN_EXCLUDING_FOLD,FOLD_2,0.0,1,1,2,True,719,1413,110,50,FROZEN_TRAIN_FOLD_MEDIAN_IQR,1.048307994388066,41216,0.0,97,1.024161069464349
EXPLORATORY_CONSUMED_DIAGNOSTIC_ONLY,COVARIANCE_AND_SINGULAR_SPECTRUM,MS,TRAIN_EXCLUDING_FOLD,FOLD_2,0.0,1,1,2,True,719,1413,110,50,FROZEN_TRAIN_FOLD_MEDIAN_IQR,1.048307994388066,41216,0.0,98,1.024161069464349
EXPLORATORY_CONSUMED_DIAGNOSTIC_ONLY,COVARIANCE_AND_SINGULAR_SPECTRUM,MS,TRAIN_EXCLUDING_FOLD,FOLD_2,0.0,1,1,2,True,719,1413,110,50,FROZEN_TRAIN_FOLD_MEDIAN_IQR,1.048307994388066,41216,0.0,99,1.024161069464349
EXPLORATORY_CONSUMED_DIAGNOSTIC_ONLY,COVARIANCE_AND_SINGULAR_SPECTRUM,MS,TRAIN_EXCLUDING_FOLD,FOLD_2,0.0,1,1,2,True,719,1413,110,50,FROZEN_TRAIN_FOLD_MEDIAN_IQR,1.048307994388066,41216,0.0,100,1.024161069464349
EXPLORATORY_CONSUMED_DIAGNOSTIC_ONLY,COVARIANCE_AND_SINGULAR_SPECTRUM,MS,TRAIN_EXCLUDING_FOLD,FOLD_2,0.0,1,1,2,True,719,1413,110,50,FROZEN_TRAIN_FOLD_MEDIAN_IQR,1.048307994388066,41216,0.0,101,1.024161069464349
EXPLORATORY_CONSUMED_DIAGNOSTIC_ONLY,COVARIANCE_AND_SINGULAR_SPECTRUM,MS,TRAIN_EXCLUDING_FOLD,FOLD_2,0.0,1,1,2,True,719,1413,110,50,FROZEN_TRAIN_FOLD_MEDIAN_IQR,1.048307994388066,41216,0.0,102,1.024161069464349
EXPLORATORY_CONSUMED_DIAGNOSTIC_ONLY,COVARIANCE_AND_SINGULAR_SPECTRUM,MS,TRAIN_EXCLUDING_FOLD,FOLD_2,0.0,1,1,2,True,719,1413,110,50,FROZEN_TRAIN_FOLD_MEDIAN_IQR,1.048307994388066,41216,0.0,103,1.024161069464349
EXPLORATORY_CONSUMED_DIAGNOSTIC_ONLY,COVARIANCE_AND_SINGULAR_SPECTRUM,MS,TRAIN_EXCLUDING_FOLD,FOLD_2,0.0,1,1,2,True,719,1413,110,50,FROZEN_TRAIN_FOLD_MEDIAN_IQR,1.048307994388066,41216,0.0,104,1.024161069464349
EXPLORATORY_CONSUMED_DIAGNOSTIC_ONLY,COVARIANCE_AND_SINGULAR_SPECTRUM,MS,TRAIN_EXCLUDING_FOLD,FOLD_2,0.0,1,1,2,True,719,1413,110,50,FROZEN_TRAIN_FOLD_MEDIAN_IQR,1.048307994388066,41216,0.0,105,1.024161069464349
EXPLORATORY_CONSUMED_DIAGNOSTIC_ONLY,COVARIANCE_AND_SINGULAR_SPECTRUM,MS,TRAIN_EXCLUDING_FOLD,FOLD_2,0.0,1,1,2,True,719,1413,110,50,FROZEN_TRAIN_FOLD_MEDIAN_IQR,1.048307994388066,41216,0.0,106,1.024161069464349
EXPLORATORY_CONSUMED_DIAGNOSTIC_ONLY,COVARIANCE_AND_SINGULAR_SPECTRUM,MS,TRAIN_EXCLUDING_FOLD,FOLD_2,0.0,1,1,2,True,719,1413,110,50,FROZEN_TRAIN_FOLD_MEDIAN_IQR,1.048307994388066,41216,0.0,107,1.024161069464349
EXPLORATORY_CONSUMED_DIAGNOSTIC_ONLY,COVARIANCE_AND_SINGULAR_SPECTRUM,MS,TRAIN_EXCLUDING_FOLD,FOLD_2,0.0,1,1,2,True,719,1413,110,50,FROZEN_TRAIN_FOLD_MEDIAN_IQR,1.048307994388066,41216,0.0,108,1.024161069464349
EXPLORATORY_CONSUMED_DIAGNOSTIC_ONLY,COVARIANCE_AND_SINGULAR_SPECTRUM,MS,TRAIN_EXCLUDING_FOLD,FOLD_2,0.0,1,1,2,True,719,1413,110,50,FROZEN_TRAIN_FOLD_MEDIAN_IQR,1.048307994388066,41216,0.0,109,1.024161069464349
EXPLORATORY_CONSUMED_DIAGNOSTIC_ONLY,COVARIANCE_AND_SINGULAR_SPECTRUM,MS,TRAIN_EXCLUDING_FOLD,FOLD_2,0.0,1,1,2,True,719,1413,110,50,FROZEN_TRAIN_FOLD_MEDIAN_IQR,1.048307994388066,41216,0.0,110,1.024161069464349
EXPLORATORY_CONSUMED_DIAGNOSTIC_ONLY,COVARIANCE_AND_SINGULAR_SPECTRUM,MS,TRAIN_EXCLUDING_FOLD,FOLD_3,2.498906897004037e+32,1,1,2,True,658,1291,110,35,FROZEN_TRAIN_FOLD_MEDIAN_IQR,1.025173135595466,41600,3.2241979919875876e+18,1,1.012585732895714
EXPLORATORY_CONSUMED_DIAGNOSTIC_ONLY,COVARIANCE_AND_SINGULAR_SPECTRUM,MS,TRAIN_EXCLUDING_FOLD,FOLD_3,3.0893462671580266e+30,1,1,2,True,658,1291,110,35,FROZEN_TRAIN_FOLD_MEDIAN_IQR,1.025173135595466,41600,3.584924053780971e+17,2,1.012585732895714
EXPLORATORY_CONSUMED_DIAGNOSTIC_ONLY,COVARIANCE_AND_SINGULAR_SPECTRUM,MS,TRAIN_EXCLUDING_FOLD,FOLD_3,5.2201380066317945e+28,1,1,2,True,658,1291,110,35,FROZEN_TRAIN_FOLD_MEDIAN_IQR,1.025173135595466,41600,4.660018681034258e+16,3,1.012585732895714
EXPLORATORY_CONSUMED_DIAGNOSTIC_ONLY,COVARIANCE_AND_SINGULAR_SPECTRUM,MS,TRAIN_EXCLUDING_FOLD,FOLD_3,2.404216653142023e+27,1,1,2,True,658,1291,110,35,FROZEN_TRAIN_FOLD_MEDIAN_IQR,1.025173135595466,41600,1.0000770608843508e+16,4,1.012585732895714
EXPLORATORY_CONSUMED_DIAGNOSTIC_ONLY,COVARIANCE_AND_SINGULAR_SPECTRUM,MS,TRAIN_EXCLUDING_FOLD,FOLD_3,1.0879923963429775e+27,1,1,2,True,658,1291,110,35,FROZEN_TRAIN_FOLD_MEDIAN_IQR,1.025173135595466,41600,6727591224789736.0,5,1.012585732895714
EXPLORATORY_CONSUMED_DIAGNOSTIC_ONLY,COVARIANCE_AND_SINGULAR_SPECTRUM,MS,TRAIN_EXCLUDING_FOLD,FOLD_3,1.3378066174601604e+25,1,1,2,True,658,1291,110,35,FROZEN_TRAIN_FOLD_MEDIAN_IQR,1.025173135595466,41600,746007743165864.6,6,1.012585732895714
EXPLORATORY_CONSUMED_DIAGNOSTIC_ONLY,COVARIANCE_AND_SINGULAR_SPECTRUM,MS,TRAIN_EXCLUDING_FOLD,FOLD_3,4.2393093715431466e+24,1,1,2,True,658,1291,110,35,FROZEN_TRAIN_FOLD_MEDIAN_IQR,1.025173135595466,41600,419946746452684.06,7,1.012585732895714
EXPLORATORY_CONSUMED_DIAGNOSTIC_ONLY,COVARIANCE_AND_SINGULAR_SPECTRUM,MS,TRAIN_EXCLUDING_FOLD,FOLD_3,3.930019346233688e+19,1,1,2,True,658,1291,110,35,FROZEN_TRAIN_FOLD_MEDIAN_IQR,1.025173135595466,41600,1278627407821.8464,8,1.012585732895714
EXPLORATORY_CONSUMED_DIAGNOSTIC_ONLY,COVARIANCE_AND_SINGULAR_SPECTRUM,MS,TRAIN_EXCLUDING_FOLD,FOLD_3,5.688153525927825e+18,1,1,2,True,658,1291,110,35,FROZEN_TRAIN_FOLD_MEDIAN_IQR,1.025173135595466,41600,486443405422.0465,9,1.012585732895714
EXPLORATORY_CONSUMED_DIAGNOSTIC_ONLY,COVARIANCE_AND_SINGULAR_SPECTRUM,MS,TRAIN_EXCLUDING_FOLD,FOLD_3,1.819669574808214e+17,1,1,2,True,658,1291,110,35,FROZEN_TRAIN_FOLD_MEDIAN_IQR,1.025173135595466,41600,87004743728.1564,10,1.012585732895714
EXPLORATORY_CONSUMED_DIAGNOSTIC_ONLY,COVARIANCE_AND_SINGULAR_SPECTRUM,MS,TRAIN_EXCLUDING_FOLD,FOLD_3,1.1744029533069419e+17,1,1,2,True,658,1291,110,35,FROZEN_TRAIN_FOLD_MEDIAN_IQR,1.025173135595466,41600,69896468335.36641,11,1.012585732895714
EXPLORATORY_CONSUMED_DIAGNOSTIC_ONLY,COVARIANCE_AND_SINGULAR_SPECTRUM,MS,TRAIN_EXCLUDING_FOLD,FOLD_3,9.875501851732294e+16,1,1,2,True,658,1291,110,35,FROZEN_TRAIN_FOLD_MEDIAN_IQR,1.025173135595466,41600,64095310049.33695,12,1.012585732895714
EXPLORATORY_CONSUMED_DIAGNOSTIC_ONLY,COVARIANCE_AND_SINGULAR_SPECTRUM,MS,TRAIN_EXCLUDING_FOLD,FOLD_3,5.6851414017676376e+16,1,1,2,True,658,1291,110,35,FROZEN_TRAIN_FOLD_MEDIAN_IQR,1.025173135595466,41600,48631459191.919556,13,1.012585732895714
EXPLORATORY_CONSUMED_DIAGNOSTIC_ONLY,COVARIANCE_AND_SINGULAR_SPECTRUM,MS,TRAIN_EXCLUDING_FOLD,FOLD_3,4.665046962786913e+16,1,1,2,True,658,1291,110,35,FROZEN_TRAIN_FOLD_MEDIAN_IQR,1.025173135595466,41600,44052917457.52324,14,1.012585732895714
EXPLORATORY_CONSUMED_DIAGNOSTIC_ONLY,COVARIANCE_AND_SINGULAR_SPECTRUM,MS,TRAIN_EXCLUDING_FOLD,FOLD_3,3.388178443769799e+16,1,1,2,True,658,1291,110,35,FROZEN_TRAIN_FOLD_MEDIAN_IQR,1.025173135595466,41600,37543071699.15958,15,1.012585732895714
EXPLORATORY_CONSUMED_DIAGNOSTIC_ONLY,COVARIANCE_AND_SINGULAR_SPECTRUM,MS,TRAIN_EXCLUDING_FOLD,FOLD_3,2.9950832260431864e+16,1,1,2,True,658,1291,110,35,FROZEN_TRAIN_FOLD_MEDIAN_IQR,1.025173135595466,41600,35298082412.9862,16,1.012585732895714
EXPLORATORY_CONSUMED_DIAGNOSTIC_ONLY,COVARIANCE_AND_SINGULAR_SPECTRUM,MS,TRAIN_EXCLUDING_FOLD,FOLD_3,2.6348650231261516e+16,1,1,2,True,658,1291,110,35,FROZEN_TRAIN_FOLD_MEDIAN_IQR,1.025173135595466,41600,33107459123.594475,17,1.012585732895714
EXPLORATORY_CONSUMED_DIAGNOSTIC_ONLY,COVARIANCE_AND_SINGULAR_SPECTRUM,MS,TRAIN_EXCLUDING_FOLD,FOLD_3,1.8548376712323756e+16,1,1,2,True,658,1291,110,35,FROZEN_TRAIN_FOLD_MEDIAN_IQR,1.025173135595466,41600,27777913370.74598,18,1.012585732895714
EXPLORATORY_CONSUMED_DIAGNOSTIC_ONLY,COVARIANCE_AND_SINGULAR_SPECTRUM,MS,TRAIN_EXCLUDING_FOLD,FOLD_3,9776246959866702.0,1,1,2,True,658,1291,110,35,FROZEN_TRAIN_FOLD_MEDIAN_IQR,1.025173135595466,41600,20166602924.896767,19,1.012585732895714
EXPLORATORY_CONSUMED_DIAGNOSTIC_ONLY,COVARIANCE_AND_SINGULAR_SPECTRUM,MS,TRAIN_EXCLUDING_FOLD,FOLD_3,5714276374568391.0,1,1,2,True,658,1291,110,35,FROZEN_TRAIN_FOLD_MEDIAN_IQR,1.025173135595466,41600,15417973186.578224,20,1.012585732895714
EXPLORATORY_CONSUMED_DIAGNOSTIC_ONLY,COVARIANCE_AND_SINGULAR_SPECTRUM,MS,TRAIN_EXCLUDING_FOLD,FOLD_3,1358514553378954.0,1,1,2,True,658,1291,110,35,FROZEN_TRAIN_FOLD_MEDIAN_IQR,1.025173135595466,41600,7517593060.319539,21,1.012585732895714
EXPLORATORY_CONSUMED_DIAGNOSTIC_ONLY,COVARIANCE_AND_SINGULAR_SPECTRUM,MS,TRAIN_EXCLUDING_FOLD,FOLD_3,185580507019163.88,1,1,2,True,658,1291,110,35,FROZEN_TRAIN_FOLD_MEDIAN_IQR,1.025173135595466,41600,2778515627.452402,22,1.012585732895714
EXPLORATORY_CONSUMED_DIAGNOSTIC_ONLY,COVARIANCE_AND_SINGULAR_SPECTRUM,MS,TRAIN_EXCLUDING_FOLD,FOLD_3,3224562.9712478826,1,1,2,True,658,1291,110,35,FROZEN_TRAIN_FOLD_MEDIAN_IQR,1.025173135595466,41600,366253.76394504384,23,1.012585732895714
EXPLORATORY_CONSUMED_DIAGNOSTIC_ONLY,COVARIANCE_AND_SINGULAR_SPECTRUM,MS,TRAIN_EXCLUDING_FOLD,FOLD_3,194598.2464925187,1,1,2,True,658,1291,110,35,FROZEN_TRAIN_FOLD_MEDIAN_IQR,1.025173135595466,41600,89973.81315743363,24,1.012585732895714
EXPLORATORY_CONSUMED_DIAGNOSTIC_ONLY,COVARIANCE_AND_SINGULAR_SPECTRUM,MS,TRAIN_EXCLUDING_FOLD,FOLD_3,43448.390864272005,1,1,2,True,658,1291,110,35,FROZEN_TRAIN_FOLD_MEDIAN_IQR,1.025173135595466,41600,42514.151290525784,25,1.012585732895714
EXPLORATORY_CONSUMED_DIAGNOSTIC_ONLY,COVARIANCE_AND_SINGULAR_SPECTRUM,MS,TRAIN_EXCLUDING_FOLD,FOLD_3,5204.21551646049,1,1,2,True,658,1291,110,35,FROZEN_TRAIN_FOLD_MEDIAN_IQR,1.025173135595466,41600,14713.781481480428,26,1.012585732895714
EXPLORATORY_CONSUMED_DIAGNOSTIC_ONLY,COVARIANCE_AND_SINGULAR_SPECTRUM,MS,TRAIN_EXCLUDING_FOLD,FOLD_3,1485.939067131081,1,1,2,True,658,1291,110,35,FROZEN_TRAIN_FOLD_MEDIAN_IQR,1.025173135595466,41600,7862.25573182741,27,1.012585732895714
EXPLORATORY_CONSUMED_DIAGNOSTIC_ONLY,COVARIANCE_AND_SINGULAR_SPECTRUM,MS,TRAIN_EXCLUDING_FOLD,FOLD_3,831.5496341628237,1,1,2,True,658,1291,110,35,FROZEN_TRAIN_FOLD_MEDIAN_IQR,1.025173135595466,41600,5881.535920248509,28,1.012585732895714
EXPLORATORY_CONSUMED_DIAGNOSTIC_ONLY,COVARIANCE_AND_SINGULAR_SPECTRUM,MS,TRAIN_EXCLUDING_FOLD,FOLD_3,188.7471262289709,1,1,2,True,658,1291,110,35,FROZEN_TRAIN_FOLD_MEDIAN_IQR,1.025173135595466,41600,2802.12070602342,29,1.012585732895714
EXPLORATORY_CONSUMED_DIAGNOSTIC_ONLY,COVARIANCE_AND_SINGULAR_SPECTRUM,MS,TRAIN_EXCLUDING_FOLD,FOLD_3,169.4912623858265,1,1,2,True,658,1291,110,35,FROZEN_TRAIN_FOLD_MEDIAN_IQR,1.025173135595466,41600,2655.3411297327475,30,1.012585732895714
EXPLORATORY_CONSUMED_DIAGNOSTIC_ONLY,COVARIANCE_AND_SINGULAR_SPECTRUM,MS,TRAIN_EXCLUDING_FOLD,FOLD_3,44.03291537549225,1,1,2,True,658,1291,110,35,FROZEN_TRAIN_FOLD_MEDIAN_IQR,1.025173135595466,41600,1353.4287124265088,31,1.012585732895714
EXPLORATORY_CONSUMED_DIAGNOSTIC_ONLY,COVARIANCE_AND_SINGULAR_SPECTRUM,MS,TRAIN_EXCLUDING_FOLD,FOLD_3,30.813466296680215,1,1,2,True,658,1291,110,35,FROZEN_TRAIN_FOLD_MEDIAN_IQR,1.025173135595466,41600,1132.1838180886957,32,1.012585732895714
EXPLORATORY_CONSUMED_DIAGNOSTIC_ONLY,COVARIANCE_AND_SINGULAR_SPECTRUM,MS,TRAIN_EXCLUDING_FOLD,FOLD_3,22.19647582946282,1,1,2,True,658,1291,110,35,FROZEN_TRAIN_FOLD_MEDIAN_IQR,1.025173135595466,41600,960.9231990672581,33,1.012585732895714
EXPLORATORY_CONSUMED_DIAGNOSTIC_ONLY,COVARIANCE_AND_SINGULAR_SPECTRUM,MS,TRAIN_EXCLUDING_FOLD,FOLD_3,14.574947763408248,1,1,2,True,658,1291,110,35,FROZEN_TRAIN_FOLD_MEDIAN_IQR,1.025173135595466,41600,778.66412974901,34,1.012585732895714
EXPLORATORY_CONSUMED_DIAGNOSTIC_ONLY,COVARIANCE_AND_SINGULAR_SPECTRUM,MS,TRAIN_EXCLUDING_FOLD,FOLD_3,10.118955182749104,1,1,2,True,658,1291,110,35,FROZEN_TRAIN_FOLD_MEDIAN_IQR,1.025173135595466,41600,648.8054682278524,35,1.012585732895714
EXPLORATORY_CONSUMED_DIAGNOSTIC_ONLY,COVARIANCE_AND_SINGULAR_SPECTRUM,MS,TRAIN_EXCLUDING_FOLD,FOLD_3,6.676599657528104,1,1,2,True,658,1291,110,35,FROZEN_TRAIN_FOLD_MEDIAN_IQR,1.025173135595466,41600,527.0166465617278,36,1.012585732895714
EXPLORATORY_CONSUMED_DIAGNOSTIC_ONLY,COVARIANCE_AND_SINGULAR_SPECTRUM,MS,TRAIN_EXCLUDING_FOLD,FOLD_3,5.313923169781861,1,1,2,True,658,1291,110,35,FROZEN_TRAIN_FOLD_MEDIAN_IQR,1.025173135595466,41600,470.16933530689283,37,1.012585732895714
EXPLORATORY_CONSUMED_DIAGNOSTIC_ONLY,COVARIANCE_AND_SINGULAR_SPECTRUM,MS,TRAIN_EXCLUDING_FOLD,FOLD_3,3.943902152542934,1,1,2,True,658,1291,110,35,FROZEN_TRAIN_FOLD_MEDIAN_IQR,1.025173135595466,41600,405.05102091685444,38,1.012585732895714
EXPLORATORY_CONSUMED_DIAGNOSTIC_ONLY,COVARIANCE_AND_SINGULAR_SPECTRUM,MS,TRAIN_EXCLUDING_FOLD,FOLD_3,3.3076940940590163,1,1,2,True,658,1291,110,35,FROZEN_TRAIN_FOLD_MEDIAN_IQR,1.025173135595466,41600,370.94483998683023,39,1.012585732895714
EXPLORATORY_CONSUMED_DIAGNOSTIC_ONLY,COVARIANCE_AND_SINGULAR_SPECTRUM,MS,TRAIN_EXCLUDING_FOLD,FOLD_3,1.9093395644736877,1,1,2,True,658,1291,110,35,FROZEN_TRAIN_FOLD_MEDIAN_IQR,1.025173135595466,41600,281.83066881037877,40,1.012585732895714
EXPLORATORY_CONSUMED_DIAGNOSTIC_ONLY,COVARIANCE_AND_SINGULAR_SPECTRUM,MS,TRAIN_EXCLUDING_FOLD,FOLD_3,1.641603869657403,1,1,2,True,658,1291,110,35,FROZEN_TRAIN_FOLD_MEDIAN_IQR,1.025173135595466,41600,261.32493370849244,41,1.012585732895714
EXPLORATORY_CONSUMED_DIAGNOSTIC_ONLY,COVARIANCE_AND_SINGULAR_SPECTRUM,MS,TRAIN_EXCLUDING_FOLD,FOLD_3,1.1880799426144337,1,1,2,True,658,1291,110,35,FROZEN_TRAIN_FOLD_MEDIAN_IQR,1.025173135595466,41600,222.31537421591077,42,1.012585732895714
EXPLORATORY_CONSUMED_DIAGNOSTIC_ONLY,COVARIANCE_AND_SINGULAR_SPECTRUM,MS,TRAIN_EXCLUDING_FOLD,FOLD_3,1.0822075652184964,1,1,2,True,658,1291,110,35,FROZEN_TRAIN_FOLD_MEDIAN_IQR,1.025173135595466,41600,212.17878007258278,43,1.012585732895714
EXPLORATORY_CONSUMED_DIAGNOSTIC_ONLY,COVARIANCE_AND_SINGULAR_SPECTRUM,MS,TRAIN_EXCLUDING_FOLD,FOLD_3,1.065198685860542,1,1,2,True,658,1291,110,35,FROZEN_TRAIN_FOLD_MEDIAN_IQR,1.025173135595466,41600,210.50478695696813,44,1.012585732895714
EXPLORATORY_CONSUMED_DIAGNOSTIC_ONLY,COVARIANCE_AND_SINGULAR_SPECTRUM,MS,TRAIN_EXCLUDING_FOLD,FOLD_3,0.8518345435112188,1,1,2,True,658,1291,110,35,FROZEN_TRAIN_FOLD_MEDIAN_IQR,1.025173135595466,41600,188.2453638474709,45,1.012585732895714
EXPLORATORY_CONSUMED_DIAGNOSTIC_ONLY,COVARIANCE_AND_SINGULAR_SPECTRUM,MS,TRAIN_EXCLUDING_FOLD,FOLD_3,0.6450993758262863,1,1,2,True,658,1291,110,35,FROZEN_TRAIN_FOLD_MEDIAN_IQR,1.025173135595466,41600,163.81738013523935,46,1.012585732895714
EXPLORATORY_CONSUMED_DIAGNOSTIC_ONLY,COVARIANCE_AND_SINGULAR_SPECTRUM,MS,TRAIN_EXCLUDING_FOLD,FOLD_3,0.3423367843383753,1,1,2,True,658,1291,110,35,FROZEN_TRAIN_FOLD_MEDIAN_IQR,1.025173135595466,41600,119.33654188251145,47,1.012585732895714
EXPLORATORY_CONSUMED_DIAGNOSTIC_ONLY,COVARIANCE_AND_SINGULAR_SPECTRUM,MS,TRAIN_EXCLUDING_FOLD,FOLD_3,0.20706063445374218,1,1,2,True,658,1291,110,35,FROZEN_TRAIN_FOLD_MEDIAN_IQR,1.025173135595466,41600,92.81014165098378,48,1.012585732895714
EXPLORATORY_CONSUMED_DIAGNOSTIC_ONLY,COVARIANCE_AND_SINGULAR_SPECTRUM,MS,TRAIN_EXCLUDING_FOLD,FOLD_3,0.012594631472282253,1,1,2,True,658,1291,110,35,FROZEN_TRAIN_FOLD_MEDIAN_IQR,1.025173135595466,41600,22.88966293432347,49,1.012585732895714
EXPLORATORY_CONSUMED_DIAGNOSTIC_ONLY,COVARIANCE_AND_SINGULAR_SPECTRUM,MS,TRAIN_EXCLUDING_FOLD,FOLD_3,0.004108759984836863,1,1,2,True,658,1291,110,35,FROZEN_TRAIN_FOLD_MEDIAN_IQR,1.025173135595466,41600,13.07380646059951,50,1.012585732895714
EXPLORATORY_CONSUMED_DIAGNOSTIC_ONLY,COVARIANCE_AND_SINGULAR_SPECTRUM,MS,TRAIN_EXCLUDING_FOLD,FOLD_3,0.0016624501504862161,1,1,2,True,658,1291,110,35,FROZEN_TRAIN_FOLD_MEDIAN_IQR,1.025173135595466,41600,8.31612447358904,51,1.012585732895714
EXPLORATORY_CONSUMED_DIAGNOSTIC_ONLY,COVARIANCE_AND_SINGULAR_SPECTRUM,MS,TRAIN_EXCLUDING_FOLD,FOLD_3,0.00060960293148406,1,1,2,True,658,1291,110,35,FROZEN_TRAIN_FOLD_MEDIAN_IQR,1.025173135595466,41600,5.035819888532243,52,1.012585732895714
EXPLORATORY_CONSUMED_DIAGNOSTIC_ONLY,COVARIANCE_AND_SINGULAR_SPECTRUM,MS,TRAIN_EXCLUDING_FOLD,FOLD_3,0.00018954138890508592,1,1,2,True,658,1291,110,35,FROZEN_TRAIN_FOLD_MEDIAN_IQR,1.025173135595466,41600,2.808010288166974,53,1.012585732895714
EXPLORATORY_CONSUMED_DIAGNOSTIC_ONLY,COVARIANCE_AND_SINGULAR_SPECTRUM,MS,TRAIN_EXCLUDING_FOLD,FOLD_3,9.559663115063032e-05,1,1,2,True,658,1291,110,35,FROZEN_TRAIN_FOLD_MEDIAN_IQR,1.025173135595466,41600,1.994196543940998,54,1.012585732895714
EXPLORATORY_CONSUMED_DIAGNOSTIC_ONLY,COVARIANCE_AND_SINGULAR_SPECTRUM,MS,TRAIN_EXCLUDING_FOLD,FOLD_3,5.973776410968455e-05,1,1,2,True,658,1291,110,35,FROZEN_TRAIN_FOLD_MEDIAN_IQR,1.025173135595466,41600,1.5764171360914843,55,1.012585732895714
EXPLORATORY_CONSUMED_DIAGNOSTIC_ONLY,COVARIANCE_AND_SINGULAR_SPECTRUM,MS,TRAIN_EXCLUDING_FOLD,FOLD_3,2.5656747502581436e-05,1,1,2,True,658,1291,110,35,FROZEN_TRAIN_FOLD_MEDIAN_IQR,1.025173135595466,41600,1.0331121411092736,56,1.012585732895714
EXPLORATORY_CONSUMED_DIAGNOSTIC_ONLY,COVARIANCE_AND_SINGULAR_SPECTRUM,MS,TRAIN_EXCLUDING_FOLD,FOLD_3,2.0292947191333168e-05,1,1,2,True,658,1291,110,35,FROZEN_TRAIN_FOLD_MEDIAN_IQR,1.025173135595466,41600,0.9187962794653991,57,1.012585732895714
EXPLORATORY_CONSUMED_DIAGNOSTIC_ONLY,COVARIANCE_AND_SINGULAR_SPECTRUM,MS,TRAIN_EXCLUDING_FOLD,FOLD_3,1.5236861899054326e-05,1,1,2,True,658,1291,110,35,FROZEN_TRAIN_FOLD_MEDIAN_IQR,1.025173135595466,41600,0.7961491411793772,58,1.012585732895714
EXPLORATORY_CONSUMED_DIAGNOSTIC_ONLY,COVARIANCE_AND_SINGULAR_SPECTRUM,MS,TRAIN_EXCLUDING_FOLD,FOLD_3,2.15192708575461e-06,1,1,2,True,658,1291,110,35,FROZEN_TRAIN_FOLD_MEDIAN_IQR,1.025173135595466,41600,0.29919920916906145,59,1.012585732895714
EXPLORATORY_CONSUMED_DIAGNOSTIC_ONLY,COVARIANCE_AND_SINGULAR_SPECTRUM,MS,TRAIN_EXCLUDING_FOLD,FOLD_3,7.977228009142001e-07,1,1,2,True,658,1291,110,35,FROZEN_TRAIN_FOLD_MEDIAN_IQR,1.025173135595466,41600,0.18216824234215667,60,1.012585732895714
EXPLORATORY_CONSUMED_DIAGNOSTIC_ONLY,COVARIANCE_AND_SINGULAR_SPECTRUM,MS,TRAIN_EXCLUDING_FOLD,FOLD_3,1.1701097440969986e-09,1,1,2,True,658,1291,110,35,FROZEN_TRAIN_FOLD_MEDIAN_IQR,1.025173135595466,41600,0.006976859275808502,61,1.012585732895714
EXPLORATORY_CONSUMED_DIAGNOSTIC_ONLY,COVARIANCE_AND_SINGULAR_SPECTRUM,MS,TRAIN_EXCLUDING_FOLD,FOLD_3,0.0,1,1,2,True,658,1291,110,35,FROZEN_TRAIN_FOLD_MEDIAN_IQR,1.025173135595466,41600,0.0,62,1.012585732895714
EXPLORATORY_CONSUMED_DIAGNOSTIC_ONLY,COVARIANCE_AND_SINGULAR_SPECTRUM,MS,TRAIN_EXCLUDING_FOLD,FOLD_3,0.0,1,1,2,True,658,1291,110,35,FROZEN_TRAIN_FOLD_MEDIAN_IQR,1.025173135595466,41600,0.0,63,1.012585732895714
EXPLORATORY_CONSUMED_DIAGNOSTIC_ONLY,COVARIANCE_AND_SINGULAR_SPECTRUM,MS,TRAIN_EXCLUDING_FOLD,FOLD_3,0.0,1,1,2,True,658,1291,110,35,FROZEN_TRAIN_FOLD_MEDIAN_IQR,1.025173135595466,41600,0.0,64,1.012585732895714
EXPLORATORY_CONSUMED_DIAGNOSTIC_ONLY,COVARIANCE_AND_SINGULAR_SPECTRUM,MS,TRAIN_EXCLUDING_FOLD,FOLD_3,0.0,1,1,2,True,658,1291,110,35,FROZEN_TRAIN_FOLD_MEDIAN_IQR,1.025173135595466,41600,0.0,65,1.012585732895714
EXPLORATORY_CONSUMED_DIAGNOSTIC_ONLY,COVARIANCE_AND_SINGULAR_SPECTRUM,MS,TRAIN_EXCLUDING_FOLD,FOLD_3,0.0,1,1,2,True,658,1291,110,35,FROZEN_TRAIN_FOLD_MEDIAN_IQR,1.025173135595466,41600,0.0,66,1.012585732895714
EXPLORATORY_CONSUMED_DIAGNOSTIC_ONLY,COVARIANCE_AND_SINGULAR_SPECTRUM,MS,TRAIN_EXCLUDING_FOLD,FOLD_3,0.0,1,1,2,True,658,1291,110,35,FROZEN_TRAIN_FOLD_MEDIAN_IQR,1.025173135595466,41600,0.0,67,1.012585732895714
EXPLORATORY_CONSUMED_DIAGNOSTIC_ONLY,COVARIANCE_AND_SINGULAR_SPECTRUM,MS,TRAIN_EXCLUDING_FOLD,FOLD_3,0.0,1,1,2,True,658,1291,110,35,FROZEN_TRAIN_FOLD_MEDIAN_IQR,1.025173135595466,41600,0.0,68,1.012585732895714
EXPLORATORY_CONSUMED_DIAGNOSTIC_ONLY,COVARIANCE_AND_SINGULAR_SPECTRUM,MS,TRAIN_EXCLUDING_FOLD,FOLD_3,0.0,1,1,2,True,658,1291,110,35,FROZEN_TRAIN_FOLD_MEDIAN_IQR,1.025173135595466,41600,0.0,69,1.012585732895714
EXPLORATORY_CONSUMED_DIAGNOSTIC_ONLY,COVARIANCE_AND_SINGULAR_SPECTRUM,MS,TRAIN_EXCLUDING_FOLD,FOLD_3,0.0,1,1,2,True,658,1291,110,35,FROZEN_TRAIN_FOLD_MEDIAN_IQR,1.025173135595466,41600,0.0,70,1.012585732895714
EXPLORATORY_CONSUMED_DIAGNOSTIC_ONLY,COVARIANCE_AND_SINGULAR_SPECTRUM,MS,TRAIN_EXCLUDING_FOLD,FOLD_3,0.0,1,1,2,True,658,1291,110,35,FROZEN_TRAIN_FOLD_MEDIAN_IQR,1.025173135595466,41600,0.0,71,1.012585732895714
EXPLORATORY_CONSUMED_DIAGNOSTIC_ONLY,COVARIANCE_AND_SINGULAR_SPECTRUM,MS,TRAIN_EXCLUDING_FOLD,FOLD_3,0.0,1,1,2,True,658,1291,110,35,FROZEN_TRAIN_FOLD_MEDIAN_IQR,1.025173135595466,41600,0.0,72,1.012585732895714
EXPLORATORY_CONSUMED_DIAGNOSTIC_ONLY,COVARIANCE_AND_SINGULAR_SPECTRUM,MS,TRAIN_EXCLUDING_FOLD,FOLD_3,0.0,1,1,2,True,658,1291,110,35,FROZEN_TRAIN_FOLD_MEDIAN_IQR,1.025173135595466,41600,0.0,73,1.012585732895714
EXPLORATORY_CONSUMED_DIAGNOSTIC_ONLY,COVARIANCE_AND_SINGULAR_SPECTRUM,MS,TRAIN_EXCLUDING_FOLD,FOLD_3,0.0,1,1,2,True,658,1291,110,35,FROZEN_TRAIN_FOLD_MEDIAN_IQR,1.025173135595466,41600,0.0,74,1.012585732895714
EXPLORATORY_CONSUMED_DIAGNOSTIC_ONLY,COVARIANCE_AND_SINGULAR_SPECTRUM,MS,TRAIN_EXCLUDING_FOLD,FOLD_3,0.0,1,1,2,True,658,1291,110,35,FROZEN_TRAIN_FOLD_MEDIAN_IQR,1.025173135595466,41600,0.0,75,1.012585732895714
EXPLORATORY_CONSUMED_DIAGNOSTIC_ONLY,COVARIANCE_AND_SINGULAR_SPECTRUM,MS,TRAIN_EXCLUDING_FOLD,FOLD_3,0.0,1,1,2,True,658,1291,110,35,FROZEN_TRAIN_FOLD_MEDIAN_IQR,1.025173135595466,41600,0.0,76,1.012585732895714
EXPLORATORY_CONSUMED_DIAGNOSTIC_ONLY,COVARIANCE_AND_SINGULAR_SPECTRUM,MS,TRAIN_EXCLUDING_FOLD,FOLD_3,0.0,1,1,2,True,658,1291,110,35,FROZEN_TRAIN_FOLD_MEDIAN_IQR,1.025173135595466,41600,0.0,77,1.012585732895714
EXPLORATORY_CONSUMED_DIAGNOSTIC_ONLY,COVARIANCE_AND_SINGULAR_SPECTRUM,MS,TRAIN_EXCLUDING_FOLD,FOLD_3,0.0,1,1,2,True,658,1291,110,35,FROZEN_TRAIN_FOLD_MEDIAN_IQR,1.025173135595466,41600,0.0,78,1.012585732895714
EXPLORATORY_CONSUMED_DIAGNOSTIC_ONLY,COVARIANCE_AND_SINGULAR_SPECTRUM,MS,TRAIN_EXCLUDING_FOLD,FOLD_3,0.0,1,1,2,True,658,1291,110,35,FROZEN_TRAIN_FOLD_MEDIAN_IQR,1.025173135595466,41600,0.0,79,1.012585732895714
EXPLORATORY_CONSUMED_DIAGNOSTIC_ONLY,COVARIANCE_AND_SINGULAR_SPECTRUM,MS,TRAIN_EXCLUDING_FOLD,FOLD_3,0.0,1,1,2,True,658,1291,110,35,FROZEN_TRAIN_FOLD_MEDIAN_IQR,1.025173135595466,41600,0.0,80,1.012585732895714
EXPLORATORY_CONSUMED_DIAGNOSTIC_ONLY,COVARIANCE_AND_SINGULAR_SPECTRUM,MS,TRAIN_EXCLUDING_FOLD,FOLD_3,0.0,1,1,2,True,658,1291,110,35,FROZEN_TRAIN_FOLD_MEDIAN_IQR,1.025173135595466,41600,0.0,81,1.012585732895714
EXPLORATORY_CONSUMED_DIAGNOSTIC_ONLY,COVARIANCE_AND_SINGULAR_SPECTRUM,MS,TRAIN_EXCLUDING_FOLD,FOLD_3,0.0,1,1,2,True,658,1291,110,35,FROZEN_TRAIN_FOLD_MEDIAN_IQR,1.025173135595466,41600,0.0,82,1.012585732895714
EXPLORATORY_CONSUMED_DIAGNOSTIC_ONLY,COVARIANCE_AND_SINGULAR_SPECTRUM,MS,TRAIN_EXCLUDING_FOLD,FOLD_3,0.0,1,1,2,True,658,1291,110,35,FROZEN_TRAIN_FOLD_MEDIAN_IQR,1.025173135595466,41600,0.0,83,1.012585732895714
EXPLORATORY_CONSUMED_DIAGNOSTIC_ONLY,COVARIANCE_AND_SINGULAR_SPECTRUM,MS,TRAIN_EXCLUDING_FOLD,FOLD_3,0.0,1,1,2,True,658,1291,110,35,FROZEN_TRAIN_FOLD_MEDIAN_IQR,1.025173135595466,41600,0.0,84,1.012585732895714
EXPLORATORY_CONSUMED_DIAGNOSTIC_ONLY,COVARIANCE_AND_SINGULAR_SPECTRUM,MS,TRAIN_EXCLUDING_FOLD,FOLD_3,0.0,1,1,2,True,658,1291,110,35,FROZEN_TRAIN_FOLD_MEDIAN_IQR,1.025173135595466,41600,0.0,85,1.012585732895714
EXPLORATORY_CONSUMED_DIAGNOSTIC_ONLY,COVARIANCE_AND_SINGULAR_SPECTRUM,MS,TRAIN_EXCLUDING_FOLD,FOLD_3,0.0,1,1,2,True,658,1291,110,35,FROZEN_TRAIN_FOLD_MEDIAN_IQR,1.025173135595466,41600,0.0,86,1.012585732895714
EXPLORATORY_CONSUMED_DIAGNOSTIC_ONLY,COVARIANCE_AND_SINGULAR_SPECTRUM,MS,TRAIN_EXCLUDING_FOLD,FOLD_3,0.0,1,1,2,True,658,1291,110,35,FROZEN_TRAIN_FOLD_MEDIAN_IQR,1.025173135595466,41600,0.0,87,1.012585732895714
EXPLORATORY_CONSUMED_DIAGNOSTIC_ONLY,COVARIANCE_AND_SINGULAR_SPECTRUM,MS,TRAIN_EXCLUDING_FOLD,FOLD_3,0.0,1,1,2,True,658,1291,110,35,FROZEN_TRAIN_FOLD_MEDIAN_IQR,1.025173135595466,41600,0.0,88,1.012585732895714
EXPLORATORY_CONSUMED_DIAGNOSTIC_ONLY,COVARIANCE_AND_SINGULAR_SPECTRUM,MS,TRAIN_EXCLUDING_FOLD,FOLD_3,0.0,1,1,2,True,658,1291,110,35,FROZEN_TRAIN_FOLD_MEDIAN_IQR,1.025173135595466,41600,0.0,89,1.012585732895714
EXPLORATORY_CONSUMED_DIAGNOSTIC_ONLY,COVARIANCE_AND_SINGULAR_SPECTRUM,MS,TRAIN_EXCLUDING_FOLD,FOLD_3,0.0,1,1,2,True,658,1291,110,35,FROZEN_TRAIN_FOLD_MEDIAN_IQR,1.025173135595466,41600,0.0,90,1.012585732895714
EXPLORATORY_CONSUMED_DIAGNOSTIC_ONLY,COVARIANCE_AND_SINGULAR_SPECTRUM,MS,TRAIN_EXCLUDING_FOLD,FOLD_3,0.0,1,1,2,True,658,1291,110,35,FROZEN_TRAIN_FOLD_MEDIAN_IQR,1.025173135595466,41600,0.0,91,1.012585732895714
EXPLORATORY_CONSUMED_DIAGNOSTIC_ONLY,COVARIANCE_AND_SINGULAR_SPECTRUM,MS,TRAIN_EXCLUDING_FOLD,FOLD_3,0.0,1,1,2,True,658,1291,110,35,FROZEN_TRAIN_FOLD_MEDIAN_IQR,1.025173135595466,41600,0.0,92,1.012585732895714
EXPLORATORY_CONSUMED_DIAGNOSTIC_ONLY,COVARIANCE_AND_SINGULAR_SPECTRUM,MS,TRAIN_EXCLUDING_FOLD,FOLD_3,0.0,1,1,2,True,658,1291,110,35,FROZEN_TRAIN_FOLD_MEDIAN_IQR,1.025173135595466,41600,0.0,93,1.012585732895714
EXPLORATORY_CONSUMED_DIAGNOSTIC_ONLY,COVARIANCE_AND_SINGULAR_SPECTRUM,MS,TRAIN_EXCLUDING_FOLD,FOLD_3,0.0,1,1,2,True,658,1291,110,35,FROZEN_TRAIN_FOLD_MEDIAN_IQR,1.025173135595466,41600,0.0,94,1.012585732895714
EXPLORATORY_CONSUMED_DIAGNOSTIC_ONLY,COVARIANCE_AND_SINGULAR_SPECTRUM,MS,TRAIN_EXCLUDING_FOLD,FOLD_3,0.0,1,1,2,True,658,1291,110,35,FROZEN_TRAIN_FOLD_MEDIAN_IQR,1.025173135595466,41600,0.0,95,1.012585732895714
EXPLORATORY_CONSUMED_DIAGNOSTIC_ONLY,COVARIANCE_AND_SINGULAR_SPECTRUM,MS,TRAIN_EXCLUDING_FOLD,FOLD_3,0.0,1,1,2,True,658,1291,110,35,FROZEN_TRAIN_FOLD_MEDIAN_IQR,1.025173135595466,41600,0.0,96,1.012585732895714
EXPLORATORY_CONSUMED_DIAGNOSTIC_ONLY,COVARIANCE_AND_SINGULAR_SPECTRUM,MS,TRAIN_EXCLUDING_FOLD,FOLD_3,0.0,1,1,2,True,658,1291,110,35,FROZEN_TRAIN_FOLD_MEDIAN_IQR,1.025173135595466,41600,0.0,97,1.012585732895714
EXPLORATORY_CONSUMED_DIAGNOSTIC_ONLY,COVARIANCE_AND_SINGULAR_SPECTRUM,MS,TRAIN_EXCLUDING_FOLD,FOLD_3,0.0,1,1,2,True,658,1291,110,35,FROZEN_TRAIN_FOLD_MEDIAN_IQR,1.025173135595466,41600,0.0,98,1.012585732895714
EXPLORATORY_CONSUMED_DIAGNOSTIC_ONLY,COVARIANCE_AND_SINGULAR_SPECTRUM,MS,TRAIN_EXCLUDING_FOLD,FOLD_3,0.0,1,1,2,True,658,1291,110,35,FROZEN_TRAIN_FOLD_MEDIAN_IQR,1.025173135595466,41600,0.0,99,1.012585732895714
EXPLORATORY_CONSUMED_DIAGNOSTIC_ONLY,COVARIANCE_AND_SINGULAR_SPECTRUM,MS,TRAIN_EXCLUDING_FOLD,FOLD_3,0.0,1,1,2,True,658,1291,110,35,FROZEN_TRAIN_FOLD_MEDIAN_IQR,1.025173135595466,41600,0.0,100,1.012585732895714
EXPLORATORY_CONSUMED_DIAGNOSTIC_ONLY,COVARIANCE_AND_SINGULAR_SPECTRUM,MS,TRAIN_EXCLUDING_FOLD,FOLD_3,0.0,1,1,2,True,658,1291,110,35,FROZEN_TRAIN_FOLD_MEDIAN_IQR,1.025173135595466,41600,0.0,101,1.012585732895714
EXPLORATORY_CONSUMED_DIAGNOSTIC_ONLY,COVARIANCE_AND_SINGULAR_SPECTRUM,MS,TRAIN_EXCLUDING_FOLD,FOLD_3,0.0,1,1,2,True,658,1291,110,35,FROZEN_TRAIN_FOLD_MEDIAN_IQR,1.025173135595466,41600,0.0,102,1.012585732895714
EXPLORATORY_CONSUMED_DIAGNOSTIC_ONLY,COVARIANCE_AND_SINGULAR_SPECTRUM,MS,TRAIN_EXCLUDING_FOLD,FOLD_3,0.0,1,1,2,True,658,1291,110,35,FROZEN_TRAIN_FOLD_MEDIAN_IQR,1.025173135595466,41600,0.0,103,1.012585732895714
EXPLORATORY_CONSUMED_DIAGNOSTIC_ONLY,COVARIANCE_AND_SINGULAR_SPECTRUM,MS,TRAIN_EXCLUDING_FOLD,FOLD_3,0.0,1,1,2,True,658,1291,110,35,FROZEN_TRAIN_FOLD_MEDIAN_IQR,1.025173135595466,41600,0.0,104,1.012585732895714
EXPLORATORY_CONSUMED_DIAGNOSTIC_ONLY,COVARIANCE_AND_SINGULAR_SPECTRUM,MS,TRAIN_EXCLUDING_FOLD,FOLD_3,0.0,1,1,2,True,658,1291,110,35,FROZEN_TRAIN_FOLD_MEDIAN_IQR,1.025173135595466,41600,0.0,105,1.012585732895714
EXPLORATORY_CONSUMED_DIAGNOSTIC_ONLY,COVARIANCE_AND_SINGULAR_SPECTRUM,MS,TRAIN_EXCLUDING_FOLD,FOLD_3,0.0,1,1,2,True,658,1291,110,35,FROZEN_TRAIN_FOLD_MEDIAN_IQR,1.025173135595466,41600,0.0,106,1.012585732895714
EXPLORATORY_CONSUMED_DIAGNOSTIC_ONLY,COVARIANCE_AND_SINGULAR_SPECTRUM,MS,TRAIN_EXCLUDING_FOLD,FOLD_3,0.0,1,1,2,True,658,1291,110,35,FROZEN_TRAIN_FOLD_MEDIAN_IQR,1.025173135595466,41600,0.0,107,1.012585732895714
EXPLORATORY_CONSUMED_DIAGNOSTIC_ONLY,COVARIANCE_AND_SINGULAR_SPECTRUM,MS,TRAIN_EXCLUDING_FOLD,FOLD_3,0.0,1,1,2,True,658,1291,110,35,FROZEN_TRAIN_FOLD_MEDIAN_IQR,1.025173135595466,41600,0.0,108,1.012585732895714
EXPLORATORY_CONSUMED_DIAGNOSTIC_ONLY,COVARIANCE_AND_SINGULAR_SPECTRUM,MS,TRAIN_EXCLUDING_FOLD,FOLD_3,0.0,1,1,2,True,658,1291,110,35,FROZEN_TRAIN_FOLD_MEDIAN_IQR,1.025173135595466,41600,0.0,109,1.012585732895714
EXPLORATORY_CONSUMED_DIAGNOSTIC_ONLY,COVARIANCE_AND_SINGULAR_SPECTRUM,MS,TRAIN_EXCLUDING_FOLD,FOLD_3,0.0,1,1,2,True,658,1291,110,35,FROZEN_TRAIN_FOLD_MEDIAN_IQR,1.025173135595466,41600,0.0,110,1.012585732895714
EXPLORATORY_CONSUMED_DIAGNOSTIC_ONLY,COVARIANCE_AND_SINGULAR_SPECTRUM,MS,TRAIN_EXCLUDING_FOLD,FOLD_4,1.2794640215207978e+31,1,1,2,True,640,1259,110,34,FROZEN_TRAIN_FOLD_MEDIAN_IQR,1.0502651960283718,41600,7.295594786942679e+17,1,1.0251413978453798
EXPLORATORY_CONSUMED_DIAGNOSTIC_ONLY,COVARIANCE_AND_SINGULAR_SPECTRUM,MS,TRAIN_EXCLUDING_FOLD,FOLD_4,3.182140866621258e+29,1,1,2,True,640,1259,110,34,FROZEN_TRAIN_FOLD_MEDIAN_IQR,1.0502651960283718,41600,1.150552302381097e+17,2,1.0251413978453798
EXPLORATORY_CONSUMED_DIAGNOSTIC_ONLY,COVARIANCE_AND_SINGULAR_SPECTRUM,MS,TRAIN_EXCLUDING_FOLD,FOLD_4,1.9219346121332324e+27,1,1,2,True,640,1259,110,34,FROZEN_TRAIN_FOLD_MEDIAN_IQR,1.0502651960283718,41600,8941615059078671.0,3,1.0251413978453798
EXPLORATORY_CONSUMED_DIAGNOSTIC_ONLY,COVARIANCE_AND_SINGULAR_SPECTRUM,MS,TRAIN_EXCLUDING_FOLD,FOLD_4,1.395667027742181e+27,1,1,2,True,640,1259,110,34,FROZEN_TRAIN_FOLD_MEDIAN_IQR,1.0502651960283718,41600,7619694767776117.0,4,1.0251413978453798
EXPLORATORY_CONSUMED_DIAGNOSTIC_ONLY,COVARIANCE_AND_SINGULAR_SPECTRUM,MS,TRAIN_EXCLUDING_FOLD,FOLD_4,1.208948608917011e+26,1,1,2,True,640,1259,110,34,FROZEN_TRAIN_FOLD_MEDIAN_IQR,1.0502651960283718,41600,2242593635301493.0,5,1.0251413978453798
EXPLORATORY_CONSUMED_DIAGNOSTIC_ONLY,COVARIANCE_AND_SINGULAR_SPECTRUM,MS,TRAIN_EXCLUDING_FOLD,FOLD_4,1.6933380825862316e+25,1,1,2,True,640,1259,110,34,FROZEN_TRAIN_FOLD_MEDIAN_IQR,1.0502651960283718,41600,839302473698173.0,6,1.0251413978453798
EXPLORATORY_CONSUMED_DIAGNOSTIC_ONLY,COVARIANCE_AND_SINGULAR_SPECTRUM,MS,TRAIN_EXCLUDING_FOLD,FOLD_4,5.623393907968232e+24,1,1,2,True,640,1259,110,34,FROZEN_TRAIN_FOLD_MEDIAN_IQR,1.0502651960283718,41600,483666400085305.1,7,1.0251413978453798
EXPLORATORY_CONSUMED_DIAGNOSTIC_ONLY,COVARIANCE_AND_SINGULAR_SPECTRUM,MS,TRAIN_EXCLUDING_FOLD,FOLD_4,1.0905427205815848e+18,1,1,2,True,640,1259,110,34,FROZEN_TRAIN_FOLD_MEDIAN_IQR,1.0502651960283718,41600,212994312544.24124,8,1.0251413978453798
EXPLORATORY_CONSUMED_DIAGNOSTIC_ONLY,COVARIANCE_AND_SINGULAR_SPECTRUM,MS,TRAIN_EXCLUDING_FOLD,FOLD_4,1.8831277977552307e+17,1,1,2,True,640,1259,110,34,FROZEN_TRAIN_FOLD_MEDIAN_IQR,1.0502651960283718,41600,88508822377.55602,9,1.0251413978453798
EXPLORATORY_CONSUMED_DIAGNOSTIC_ONLY,COVARIANCE_AND_SINGULAR_SPECTRUM,MS,TRAIN_EXCLUDING_FOLD,FOLD_4,1.050745149560302e+17,1,1,2,True,640,1259,110,34,FROZEN_TRAIN_FOLD_MEDIAN_IQR,1.0502651960283718,41600,66114293629.82604,10,1.0251413978453798
EXPLORATORY_CONSUMED_DIAGNOSTIC_ONLY,COVARIANCE_AND_SINGULAR_SPECTRUM,MS,TRAIN_EXCLUDING_FOLD,FOLD_4,1.1558613324838716e+16,1,1,2,True,640,1259,110,34,FROZEN_TRAIN_FOLD_MEDIAN_IQR,1.0502651960283718,41600,21928025773.272217,11,1.0251413978453798
EXPLORATORY_CONSUMED_DIAGNOSTIC_ONLY,COVARIANCE_AND_SINGULAR_SPECTRUM,MS,TRAIN_EXCLUDING_FOLD,FOLD_4,4087466884301038.5,1,1,2,True,640,1259,110,34,FROZEN_TRAIN_FOLD_MEDIAN_IQR,1.0502651960283718,41600,13039885827.219624,12,1.0251413978453798
EXPLORATORY_CONSUMED_DIAGNOSTIC_ONLY,COVARIANCE_AND_SINGULAR_SPECTRUM,MS,TRAIN_EXCLUDING_FOLD,FOLD_4,2926148321455731.0,1,1,2,True,640,1259,110,34,FROZEN_TRAIN_FOLD_MEDIAN_IQR,1.0502651960283718,41600,11033030869.736494,13,1.0251413978453798
EXPLORATORY_CONSUMED_DIAGNOSTIC_ONLY,COVARIANCE_AND_SINGULAR_SPECTRUM,MS,TRAIN_EXCLUDING_FOLD,FOLD_4,2422462645302045.0,1,1,2,True,640,1259,110,34,FROZEN_TRAIN_FOLD_MEDIAN_IQR,1.0502651960283718,41600,10038647620.300508,14,1.0251413978453798
EXPLORATORY_CONSUMED_DIAGNOSTIC_ONLY,COVARIANCE_AND_SINGULAR_SPECTRUM,MS,TRAIN_EXCLUDING_FOLD,FOLD_4,1986665672551794.8,1,1,2,True,640,1259,110,34,FROZEN_TRAIN_FOLD_MEDIAN_IQR,1.0502651960283718,41600,9090945604.179724,15,1.0251413978453798
EXPLORATORY_CONSUMED_DIAGNOSTIC_ONLY,COVARIANCE_AND_SINGULAR_SPECTRUM,MS,TRAIN_EXCLUDING_FOLD,FOLD_4,1601320391282365.8,1,1,2,True,640,1259,110,34,FROZEN_TRAIN_FOLD_MEDIAN_IQR,1.0502651960283718,41600,8161796877.976468,16,1.0251413978453798
EXPLORATORY_CONSUMED_DIAGNOSTIC_ONLY,COVARIANCE_AND_SINGULAR_SPECTRUM,MS,TRAIN_EXCLUDING_FOLD,FOLD_4,1579122432550477.0,1,1,2,True,640,1259,110,34,FROZEN_TRAIN_FOLD_MEDIAN_IQR,1.0502651960283718,41600,8105028882.989859,17,1.0251413978453798
EXPLORATORY_CONSUMED_DIAGNOSTIC_ONLY,COVARIANCE_AND_SINGULAR_SPECTRUM,MS,TRAIN_EXCLUDING_FOLD,FOLD_4,820363249869422.5,1,1,2,True,640,1259,110,34,FROZEN_TRAIN_FOLD_MEDIAN_IQR,1.0502651960283718,41600,5841841421.552624,18,1.0251413978453798
EXPLORATORY_CONSUMED_DIAGNOSTIC_ONLY,COVARIANCE_AND_SINGULAR_SPECTRUM,MS,TRAIN_EXCLUDING_FOLD,FOLD_4,366710137602631.25,1,1,2,True,640,1259,110,34,FROZEN_TRAIN_FOLD_MEDIAN_IQR,1.0502651960283718,41600,3905783112.804583,19,1.0251413978453798
EXPLORATORY_CONSUMED_DIAGNOSTIC_ONLY,COVARIANCE_AND_SINGULAR_SPECTRUM,MS,TRAIN_EXCLUDING_FOLD,FOLD_4,227648128710443.25,1,1,2,True,640,1259,110,34,FROZEN_TRAIN_FOLD_MEDIAN_IQR,1.0502651960283718,41600,3077362857.1155596,20,1.0251413978453798
EXPLORATORY_CONSUMED_DIAGNOSTIC_ONLY,COVARIANCE_AND_SINGULAR_SPECTRUM,MS,TRAIN_EXCLUDING_FOLD,FOLD_4,213617437624715.88,1,1,2,True,640,1259,110,34,FROZEN_TRAIN_FOLD_MEDIAN_IQR,1.0502651960283718,41600,2981020866.2785606,21,1.0251413978453798
EXPLORATORY_CONSUMED_DIAGNOSTIC_ONLY,COVARIANCE_AND_SINGULAR_SPECTRUM,MS,TRAIN_EXCLUDING_FOLD,FOLD_4,81735102564679.2,1,1,2,True,640,1259,110,34,FROZEN_TRAIN_FOLD_MEDIAN_IQR,1.0502651960283718,41600,1843957772.4803393,22,1.0251413978453798
EXPLORATORY_CONSUMED_DIAGNOSTIC_ONLY,COVARIANCE_AND_SINGULAR_SPECTRUM,MS,TRAIN_EXCLUDING_FOLD,FOLD_4,62160336408399.945,1,1,2,True,640,1259,110,34,FROZEN_TRAIN_FOLD_MEDIAN_IQR,1.0502651960283718,41600,1608064051.7682865,23,1.0251413978453798
EXPLORATORY_CONSUMED_DIAGNOSTIC_ONLY,COVARIANCE_AND_SINGULAR_SPECTRUM,MS,TRAIN_EXCLUDING_FOLD,FOLD_4,41144269391266.13,1,1,2,True,640,1259,110,34,FROZEN_TRAIN_FOLD_MEDIAN_IQR,1.0502651960283718,41600,1308281929.354935,24,1.0251413978453798
EXPLORATORY_CONSUMED_DIAGNOSTIC_ONLY,COVARIANCE_AND_SINGULAR_SPECTRUM,MS,TRAIN_EXCLUDING_FOLD,FOLD_4,24597608095224.0,1,1,2,True,640,1259,110,34,FROZEN_TRAIN_FOLD_MEDIAN_IQR,1.0502651960283718,41600,1011563392.3592324,25,1.0251413978453798
EXPLORATORY_CONSUMED_DIAGNOSTIC_ONLY,COVARIANCE_AND_SINGULAR_SPECTRUM,MS,TRAIN_EXCLUDING_FOLD,FOLD_4,3052264.6180190337,1,1,2,True,640,1259,110,34,FROZEN_TRAIN_FOLD_MEDIAN_IQR,1.0502651960283718,41600,356334.4048917979,26,1.0251413978453798
EXPLORATORY_CONSUMED_DIAGNOSTIC_ONLY,COVARIANCE_AND_SINGULAR_SPECTRUM,MS,TRAIN_EXCLUDING_FOLD,FOLD_4,12293.805517797211,1,1,2,True,640,1259,110,34,FROZEN_TRAIN_FOLD_MEDIAN_IQR,1.0502651960283718,41600,22614.648118871184,27,1.0251413978453798
EXPLORATORY_CONSUMED_DIAGNOSTIC_ONLY,COVARIANCE_AND_SINGULAR_SPECTRUM,MS,TRAIN_EXCLUDING_FOLD,FOLD_4,6921.460233057221,1,1,2,True,640,1259,110,34,FROZEN_TRAIN_FOLD_MEDIAN_IQR,1.0502651960283718,41600,16968.58113382437,28,1.0251413978453798
EXPLORATORY_CONSUMED_DIAGNOSTIC_ONLY,COVARIANCE_AND_SINGULAR_SPECTRUM,MS,TRAIN_EXCLUDING_FOLD,FOLD_4,3229.6036794494225,1,1,2,True,640,1259,110,34,FROZEN_TRAIN_FOLD_MEDIAN_IQR,1.0502651960283718,41600,11591.010010568363,29,1.0251413978453798
EXPLORATORY_CONSUMED_DIAGNOSTIC_ONLY,COVARIANCE_AND_SINGULAR_SPECTRUM,MS,TRAIN_EXCLUDING_FOLD,FOLD_4,1600.9721996229375,1,1,2,True,640,1259,110,34,FROZEN_TRAIN_FOLD_MEDIAN_IQR,1.0502651960283718,41600,8160.909477767425,30,1.0251413978453798
EXPLORATORY_CONSUMED_DIAGNOSTIC_ONLY,COVARIANCE_AND_SINGULAR_SPECTRUM,MS,TRAIN_EXCLUDING_FOLD,FOLD_4,654.2956953779875,1,1,2,True,640,1259,110,34,FROZEN_TRAIN_FOLD_MEDIAN_IQR,1.0502651960283718,41600,5217.154485706195,31,1.0251413978453798
EXPLORATORY_CONSUMED_DIAGNOSTIC_ONLY,COVARIANCE_AND_SINGULAR_SPECTRUM,MS,TRAIN_EXCLUDING_FOLD,FOLD_4,91.88007759865533,1,1,2,True,640,1259,110,34,FROZEN_TRAIN_FOLD_MEDIAN_IQR,1.0502651960283718,41600,1955.0476280909531,32,1.0251413978453798
EXPLORATORY_CONSUMED_DIAGNOSTIC_ONLY,COVARIANCE_AND_SINGULAR_SPECTRUM,MS,TRAIN_EXCLUDING_FOLD,FOLD_4,30.084365052928778,1,1,2,True,640,1259,110,34,FROZEN_TRAIN_FOLD_MEDIAN_IQR,1.0502651960283718,41600,1118.708892519335,33,1.0251413978453798
EXPLORATORY_CONSUMED_DIAGNOSTIC_ONLY,COVARIANCE_AND_SINGULAR_SPECTRUM,MS,TRAIN_EXCLUDING_FOLD,FOLD_4,28.23917581140246,1,1,2,True,640,1259,110,34,FROZEN_TRAIN_FOLD_MEDIAN_IQR,1.0502651960283718,41600,1083.8587148491,34,1.0251413978453798
EXPLORATORY_CONSUMED_DIAGNOSTIC_ONLY,COVARIANCE_AND_SINGULAR_SPECTRUM,MS,TRAIN_EXCLUDING_FOLD,FOLD_4,20.907800800407802,1,1,2,True,640,1259,110,34,FROZEN_TRAIN_FOLD_MEDIAN_IQR,1.0502651960283718,41600,932.6116626425838,35,1.0251413978453798
EXPLORATORY_CONSUMED_DIAGNOSTIC_ONLY,COVARIANCE_AND_SINGULAR_SPECTRUM,MS,TRAIN_EXCLUDING_FOLD,FOLD_4,12.900108379192424,1,1,2,True,640,1259,110,34,FROZEN_TRAIN_FOLD_MEDIAN_IQR,1.0502651960283718,41600,732.5602422834622,36,1.0251413978453798
EXPLORATORY_CONSUMED_DIAGNOSTIC_ONLY,COVARIANCE_AND_SINGULAR_SPECTRUM,MS,TRAIN_EXCLUDING_FOLD,FOLD_4,5.124427011128465,1,1,2,True,640,1259,110,34,FROZEN_TRAIN_FOLD_MEDIAN_IQR,1.0502651960283718,41600,461.7100428439305,37,1.0251413978453798
EXPLORATORY_CONSUMED_DIAGNOSTIC_ONLY,COVARIANCE_AND_SINGULAR_SPECTRUM,MS,TRAIN_EXCLUDING_FOLD,FOLD_4,3.596571226130693,1,1,2,True,640,1259,110,34,FROZEN_TRAIN_FOLD_MEDIAN_IQR,1.0502651960283718,41600,386.80403695804006,38,1.0251413978453798
EXPLORATORY_CONSUMED_DIAGNOSTIC_ONLY,COVARIANCE_AND_SINGULAR_SPECTRUM,MS,TRAIN_EXCLUDING_FOLD,FOLD_4,1.334979967231091,1,1,2,True,640,1259,110,34,FROZEN_TRAIN_FOLD_MEDIAN_IQR,1.0502651960283718,41600,235.65900499835217,39,1.0251413978453798
EXPLORATORY_CONSUMED_DIAGNOSTIC_ONLY,COVARIANCE_AND_SINGULAR_SPECTRUM,MS,TRAIN_EXCLUDING_FOLD,FOLD_4,1.0572665314859209,1,1,2,True,640,1259,110,34,FROZEN_TRAIN_FOLD_MEDIAN_IQR,1.0502651960283718,41600,209.7195453690817,40,1.0251413978453798
EXPLORATORY_CONSUMED_DIAGNOSTIC_ONLY,COVARIANCE_AND_SINGULAR_SPECTRUM,MS,TRAIN_EXCLUDING_FOLD,FOLD_4,0.9440588507838223,1,1,2,True,640,1259,110,34,FROZEN_TRAIN_FOLD_MEDIAN_IQR,1.0502651960283718,41600,198.17378280844065,41,1.0251413978453798
EXPLORATORY_CONSUMED_DIAGNOSTIC_ONLY,COVARIANCE_AND_SINGULAR_SPECTRUM,MS,TRAIN_EXCLUDING_FOLD,FOLD_4,0.5018064553796251,1,1,2,True,640,1259,110,34,FROZEN_TRAIN_FOLD_MEDIAN_IQR,1.0502651960283718,41600,144.4823468240754,42,1.0251413978453798
EXPLORATORY_CONSUMED_DIAGNOSTIC_ONLY,COVARIANCE_AND_SINGULAR_SPECTRUM,MS,TRAIN_EXCLUDING_FOLD,FOLD_4,0.13851201135312066,1,1,2,True,640,1259,110,34,FROZEN_TRAIN_FOLD_MEDIAN_IQR,1.0502651960283718,41600,75.90849538944781,43,1.0251413978453798
EXPLORATORY_CONSUMED_DIAGNOSTIC_ONLY,COVARIANCE_AND_SINGULAR_SPECTRUM,MS,TRAIN_EXCLUDING_FOLD,FOLD_4,0.12270679473240854,1,1,2,True,640,1259,110,34,FROZEN_TRAIN_FOLD_MEDIAN_IQR,1.0502651960283718,41600,71.44650208980279,44,1.0251413978453798
EXPLORATORY_CONSUMED_DIAGNOSTIC_ONLY,COVARIANCE_AND_SINGULAR_SPECTRUM,MS,TRAIN_EXCLUDING_FOLD,FOLD_4,0.10401523449542185,1,1,2,True,640,1259,110,34,FROZEN_TRAIN_FOLD_MEDIAN_IQR,1.0502651960283718,41600,65.78019272554276,45,1.0251413978453798
EXPLORATORY_CONSUMED_DIAGNOSTIC_ONLY,COVARIANCE_AND_SINGULAR_SPECTRUM,MS,TRAIN_EXCLUDING_FOLD,FOLD_4,0.07164041206313856,1,1,2,True,640,1259,110,34,FROZEN_TRAIN_FOLD_MEDIAN_IQR,1.0502651960283718,41600,54.5915848993832,46,1.0251413978453798
EXPLORATORY_CONSUMED_DIAGNOSTIC_ONLY,COVARIANCE_AND_SINGULAR_SPECTRUM,MS,TRAIN_EXCLUDING_FOLD,FOLD_4,0.0640941228254727,1,1,2,True,640,1259,110,34,FROZEN_TRAIN_FOLD_MEDIAN_IQR,1.0502651960283718,41600,51.63637777322945,47,1.0251413978453798
EXPLORATORY_CONSUMED_DIAGNOSTIC_ONLY,COVARIANCE_AND_SINGULAR_SPECTRUM,MS,TRAIN_EXCLUDING_FOLD,FOLD_4,0.039722754206498755,1,1,2,True,640,1259,110,34,FROZEN_TRAIN_FOLD_MEDIAN_IQR,1.0502651960283718,41600,40.650542124187574,48,1.0251413978453798
EXPLORATORY_CONSUMED_DIAGNOSTIC_ONLY,COVARIANCE_AND_SINGULAR_SPECTRUM,MS,TRAIN_EXCLUDING_FOLD,FOLD_4,0.029651105656301687,1,1,2,True,640,1259,110,34,FROZEN_TRAIN_FOLD_MEDIAN_IQR,1.0502651960283718,41600,35.121019280512776,49,1.0251413978453798
EXPLORATORY_CONSUMED_DIAGNOSTIC_ONLY,COVARIANCE_AND_SINGULAR_SPECTRUM,MS,TRAIN_EXCLUDING_FOLD,FOLD_4,0.014072014441064139,1,1,2,True,640,1259,110,34,FROZEN_TRAIN_FOLD_MEDIAN_IQR,1.0502651960283718,41600,24.194954034845118,50,1.0251413978453798
EXPLORATORY_CONSUMED_DIAGNOSTIC_ONLY,COVARIANCE_AND_SINGULAR_SPECTRUM,MS,TRAIN_EXCLUDING_FOLD,FOLD_4,0.011969381371757543,1,1,2,True,640,1259,110,34,FROZEN_TRAIN_FOLD_MEDIAN_IQR,1.0502651960283718,41600,22.314261472545173,51,1.0251413978453798
EXPLORATORY_CONSUMED_DIAGNOSTIC_ONLY,COVARIANCE_AND_SINGULAR_SPECTRUM,MS,TRAIN_EXCLUDING_FOLD,FOLD_4,0.008506823776217544,1,1,2,True,640,1259,110,34,FROZEN_TRAIN_FOLD_MEDIAN_IQR,1.0502651960283718,41600,18.81180132498347,52,1.0251413978453798
EXPLORATORY_CONSUMED_DIAGNOSTIC_ONLY,COVARIANCE_AND_SINGULAR_SPECTRUM,MS,TRAIN_EXCLUDING_FOLD,FOLD_4,0.004047537693515425,1,1,2,True,640,1259,110,34,FROZEN_TRAIN_FOLD_MEDIAN_IQR,1.0502651960283718,41600,12.976038226293944,53,1.0251413978453798
EXPLORATORY_CONSUMED_DIAGNOSTIC_ONLY,COVARIANCE_AND_SINGULAR_SPECTRUM,MS,TRAIN_EXCLUDING_FOLD,FOLD_4,0.0034669863674246086,1,1,2,True,640,1259,110,34,FROZEN_TRAIN_FOLD_MEDIAN_IQR,1.0502651960283718,41600,12.00943932433416,54,1.0251413978453798
EXPLORATORY_CONSUMED_DIAGNOSTIC_ONLY,COVARIANCE_AND_SINGULAR_SPECTRUM,MS,TRAIN_EXCLUDING_FOLD,FOLD_4,0.0015792949754965546,1,1,2,True,640,1259,110,34,FROZEN_TRAIN_FOLD_MEDIAN_IQR,1.0502651960283718,41600,8.105471669227935,55,1.0251413978453798
EXPLORATORY_CONSUMED_DIAGNOSTIC_ONLY,COVARIANCE_AND_SINGULAR_SPECTRUM,MS,TRAIN_EXCLUDING_FOLD,FOLD_4,0.001044251543142736,1,1,2,True,640,1259,110,34,FROZEN_TRAIN_FOLD_MEDIAN_IQR,1.0502651960283718,41600,6.590968380650739,56,1.0251413978453798
EXPLORATORY_CONSUMED_DIAGNOSTIC_ONLY,COVARIANCE_AND_SINGULAR_SPECTRUM,MS,TRAIN_EXCLUDING_FOLD,FOLD_4,0.0002838111704834865,1,1,2,True,640,1259,110,34,FROZEN_TRAIN_FOLD_MEDIAN_IQR,1.0502651960283718,41600,3.4360652921784007,57,1.0251413978453798
EXPLORATORY_CONSUMED_DIAGNOSTIC_ONLY,COVARIANCE_AND_SINGULAR_SPECTRUM,MS,TRAIN_EXCLUDING_FOLD,FOLD_4,0.0001441633256656286,1,1,2,True,640,1259,110,34,FROZEN_TRAIN_FOLD_MEDIAN_IQR,1.0502651960283718,41600,2.4489169744379145,58,1.0251413978453798
EXPLORATORY_CONSUMED_DIAGNOSTIC_ONLY,COVARIANCE_AND_SINGULAR_SPECTRUM,MS,TRAIN_EXCLUDING_FOLD,FOLD_4,0.00011145094752226617,1,1,2,True,640,1259,110,34,FROZEN_TRAIN_FOLD_MEDIAN_IQR,1.0502651960283718,41600,2.1532207078992793,59,1.0251413978453798
EXPLORATORY_CONSUMED_DIAGNOSTIC_ONLY,COVARIANCE_AND_SINGULAR_SPECTRUM,MS,TRAIN_EXCLUDING_FOLD,FOLD_4,0.00010932804738307928,1,1,2,True,640,1259,110,34,FROZEN_TRAIN_FOLD_MEDIAN_IQR,1.0502651960283718,41600,2.132615007716137,60,1.0251413978453798
EXPLORATORY_CONSUMED_DIAGNOSTIC_ONLY,COVARIANCE_AND_SINGULAR_SPECTRUM,MS,TRAIN_EXCLUDING_FOLD,FOLD_4,5.6595774885041145e-05,1,1,2,True,640,1259,110,34,FROZEN_TRAIN_FOLD_MEDIAN_IQR,1.0502651960283718,41600,1.5344002851986542,61,1.0251413978453798
EXPLORATORY_CONSUMED_DIAGNOSTIC_ONLY,COVARIANCE_AND_SINGULAR_SPECTRUM,MS,TRAIN_EXCLUDING_FOLD,FOLD_4,4.4712946466073295e-05,1,1,2,True,640,1259,110,34,FROZEN_TRAIN_FOLD_MEDIAN_IQR,1.0502651960283718,41600,1.3638396434290394,62,1.0251413978453798
EXPLORATORY_CONSUMED_DIAGNOSTIC_ONLY,COVARIANCE_AND_SINGULAR_SPECTRUM,MS,TRAIN_EXCLUDING_FOLD,FOLD_4,2.609191366049673e-05,1,1,2,True,640,1259,110,34,FROZEN_TRAIN_FOLD_MEDIAN_IQR,1.0502651960283718,41600,1.0418366514366175,63,1.0251413978453798
EXPLORATORY_CONSUMED_DIAGNOSTIC_ONLY,COVARIANCE_AND_SINGULAR_SPECTRUM,MS,TRAIN_EXCLUDING_FOLD,FOLD_4,2.2782592643132106e-05,1,1,2,True,640,1259,110,34,FROZEN_TRAIN_FOLD_MEDIAN_IQR,1.0502651960283718,41600,0.9735275311742836,64,1.0251413978453798
EXPLORATORY_CONSUMED_DIAGNOSTIC_ONLY,COVARIANCE_AND_SINGULAR_SPECTRUM,MS,TRAIN_EXCLUDING_FOLD,FOLD_4,1.1920859625833782e-06,1,1,2,True,640,1259,110,34,FROZEN_TRAIN_FOLD_MEDIAN_IQR,1.0502651960283718,41600,0.22268986515660863,65,1.0251413978453798
EXPLORATORY_CONSUMED_DIAGNOSTIC_ONLY,COVARIANCE_AND_SINGULAR_SPECTRUM,MS,TRAIN_EXCLUDING_FOLD,FOLD_4,3.4170559185075555e-07,1,1,2,True,640,1259,110,34,FROZEN_TRAIN_FOLD_MEDIAN_IQR,1.0502651960283718,41600,0.1192264761745118,66,1.0251413978453798
EXPLORATORY_CONSUMED_DIAGNOSTIC_ONLY,COVARIANCE_AND_SINGULAR_SPECTRUM,MS,TRAIN_EXCLUDING_FOLD,FOLD_4,0.0,1,1,2,True,640,1259,110,34,FROZEN_TRAIN_FOLD_MEDIAN_IQR,1.0502651960283718,41600,0.0,67,1.0251413978453798
EXPLORATORY_CONSUMED_DIAGNOSTIC_ONLY,COVARIANCE_AND_SINGULAR_SPECTRUM,MS,TRAIN_EXCLUDING_FOLD,FOLD_4,0.0,1,1,2,True,640,1259,110,34,FROZEN_TRAIN_FOLD_MEDIAN_IQR,1.0502651960283718,41600,0.0,68,1.0251413978453798
EXPLORATORY_CONSUMED_DIAGNOSTIC_ONLY,COVARIANCE_AND_SINGULAR_SPECTRUM,MS,TRAIN_EXCLUDING_FOLD,FOLD_4,0.0,1,1,2,True,640,1259,110,34,FROZEN_TRAIN_FOLD_MEDIAN_IQR,1.0502651960283718,41600,0.0,69,1.0251413978453798
EXPLORATORY_CONSUMED_DIAGNOSTIC_ONLY,COVARIANCE_AND_SINGULAR_SPECTRUM,MS,TRAIN_EXCLUDING_FOLD,FOLD_4,0.0,1,1,2,True,640,1259,110,34,FROZEN_TRAIN_FOLD_MEDIAN_IQR,1.0502651960283718,41600,0.0,70,1.0251413978453798
EXPLORATORY_CONSUMED_DIAGNOSTIC_ONLY,COVARIANCE_AND_SINGULAR_SPECTRUM,MS,TRAIN_EXCLUDING_FOLD,FOLD_4,0.0,1,1,2,True,640,1259,110,34,FROZEN_TRAIN_FOLD_MEDIAN_IQR,1.0502651960283718,41600,0.0,71,1.0251413978453798
EXPLORATORY_CONSUMED_DIAGNOSTIC_ONLY,COVARIANCE_AND_SINGULAR_SPECTRUM,MS,TRAIN_EXCLUDING_FOLD,FOLD_4,0.0,1,1,2,True,640,1259,110,34,FROZEN_TRAIN_FOLD_MEDIAN_IQR,1.0502651960283718,41600,0.0,72,1.0251413978453798
EXPLORATORY_CONSUMED_DIAGNOSTIC_ONLY,COVARIANCE_AND_SINGULAR_SPECTRUM,MS,TRAIN_EXCLUDING_FOLD,FOLD_4,0.0,1,1,2,True,640,1259,110,34,FROZEN_TRAIN_FOLD_MEDIAN_IQR,1.0502651960283718,41600,0.0,73,1.0251413978453798
EXPLORATORY_CONSUMED_DIAGNOSTIC_ONLY,COVARIANCE_AND_SINGULAR_SPECTRUM,MS,TRAIN_EXCLUDING_FOLD,FOLD_4,0.0,1,1,2,True,640,1259,110,34,FROZEN_TRAIN_FOLD_MEDIAN_IQR,1.0502651960283718,41600,0.0,74,1.0251413978453798
EXPLORATORY_CONSUMED_DIAGNOSTIC_ONLY,COVARIANCE_AND_SINGULAR_SPECTRUM,MS,TRAIN_EXCLUDING_FOLD,FOLD_4,0.0,1,1,2,True,640,1259,110,34,FROZEN_TRAIN_FOLD_MEDIAN_IQR,1.0502651960283718,41600,0.0,75,1.0251413978453798
EXPLORATORY_CONSUMED_DIAGNOSTIC_ONLY,COVARIANCE_AND_SINGULAR_SPECTRUM,MS,TRAIN_EXCLUDING_FOLD,FOLD_4,0.0,1,1,2,True,640,1259,110,34,FROZEN_TRAIN_FOLD_MEDIAN_IQR,1.0502651960283718,41600,0.0,76,1.0251413978453798
EXPLORATORY_CONSUMED_DIAGNOSTIC_ONLY,COVARIANCE_AND_SINGULAR_SPECTRUM,MS,TRAIN_EXCLUDING_FOLD,FOLD_4,0.0,1,1,2,True,640,1259,110,34,FROZEN_TRAIN_FOLD_MEDIAN_IQR,1.0502651960283718,41600,0.0,77,1.0251413978453798
EXPLORATORY_CONSUMED_DIAGNOSTIC_ONLY,COVARIANCE_AND_SINGULAR_SPECTRUM,MS,TRAIN_EXCLUDING_FOLD,FOLD_4,0.0,1,1,2,True,640,1259,110,34,FROZEN_TRAIN_FOLD_MEDIAN_IQR,1.0502651960283718,41600,0.0,78,1.0251413978453798
EXPLORATORY_CONSUMED_DIAGNOSTIC_ONLY,COVARIANCE_AND_SINGULAR_SPECTRUM,MS,TRAIN_EXCLUDING_FOLD,FOLD_4,0.0,1,1,2,True,640,1259,110,34,FROZEN_TRAIN_FOLD_MEDIAN_IQR,1.0502651960283718,41600,0.0,79,1.0251413978453798
EXPLORATORY_CONSUMED_DIAGNOSTIC_ONLY,COVARIANCE_AND_SINGULAR_SPECTRUM,MS,TRAIN_EXCLUDING_FOLD,FOLD_4,0.0,1,1,2,True,640,1259,110,34,FROZEN_TRAIN_FOLD_MEDIAN_IQR,1.0502651960283718,41600,0.0,80,1.0251413978453798
EXPLORATORY_CONSUMED_DIAGNOSTIC_ONLY,COVARIANCE_AND_SINGULAR_SPECTRUM,MS,TRAIN_EXCLUDING_FOLD,FOLD_4,0.0,1,1,2,True,640,1259,110,34,FROZEN_TRAIN_FOLD_MEDIAN_IQR,1.0502651960283718,41600,0.0,81,1.0251413978453798
EXPLORATORY_CONSUMED_DIAGNOSTIC_ONLY,COVARIANCE_AND_SINGULAR_SPECTRUM,MS,TRAIN_EXCLUDING_FOLD,FOLD_4,0.0,1,1,2,True,640,1259,110,34,FROZEN_TRAIN_FOLD_MEDIAN_IQR,1.0502651960283718,41600,0.0,82,1.0251413978453798
EXPLORATORY_CONSUMED_DIAGNOSTIC_ONLY,COVARIANCE_AND_SINGULAR_SPECTRUM,MS,TRAIN_EXCLUDING_FOLD,FOLD_4,0.0,1,1,2,True,640,1259,110,34,FROZEN_TRAIN_FOLD_MEDIAN_IQR,1.0502651960283718,41600,0.0,83,1.0251413978453798
EXPLORATORY_CONSUMED_DIAGNOSTIC_ONLY,COVARIANCE_AND_SINGULAR_SPECTRUM,MS,TRAIN_EXCLUDING_FOLD,FOLD_4,0.0,1,1,2,True,640,1259,110,34,FROZEN_TRAIN_FOLD_MEDIAN_IQR,1.0502651960283718,41600,0.0,84,1.0251413978453798
EXPLORATORY_CONSUMED_DIAGNOSTIC_ONLY,COVARIANCE_AND_SINGULAR_SPECTRUM,MS,TRAIN_EXCLUDING_FOLD,FOLD_4,0.0,1,1,2,True,640,1259,110,34,FROZEN_TRAIN_FOLD_MEDIAN_IQR,1.0502651960283718,41600,0.0,85,1.0251413978453798
EXPLORATORY_CONSUMED_DIAGNOSTIC_ONLY,COVARIANCE_AND_SINGULAR_SPECTRUM,MS,TRAIN_EXCLUDING_FOLD,FOLD_4,0.0,1,1,2,True,640,1259,110,34,FROZEN_TRAIN_FOLD_MEDIAN_IQR,1.0502651960283718,41600,0.0,86,1.0251413978453798
EXPLORATORY_CONSUMED_DIAGNOSTIC_ONLY,COVARIANCE_AND_SINGULAR_SPECTRUM,MS,TRAIN_EXCLUDING_FOLD,FOLD_4,0.0,1,1,2,True,640,1259,110,34,FROZEN_TRAIN_FOLD_MEDIAN_IQR,1.0502651960283718,41600,0.0,87,1.0251413978453798
EXPLORATORY_CONSUMED_DIAGNOSTIC_ONLY,COVARIANCE_AND_SINGULAR_SPECTRUM,MS,TRAIN_EXCLUDING_FOLD,FOLD_4,0.0,1,1,2,True,640,1259,110,34,FROZEN_TRAIN_FOLD_MEDIAN_IQR,1.0502651960283718,41600,0.0,88,1.0251413978453798
EXPLORATORY_CONSUMED_DIAGNOSTIC_ONLY,COVARIANCE_AND_SINGULAR_SPECTRUM,MS,TRAIN_EXCLUDING_FOLD,FOLD_4,0.0,1,1,2,True,640,1259,110,34,FROZEN_TRAIN_FOLD_MEDIAN_IQR,1.0502651960283718,41600,0.0,89,1.0251413978453798
EXPLORATORY_CONSUMED_DIAGNOSTIC_ONLY,COVARIANCE_AND_SINGULAR_SPECTRUM,MS,TRAIN_EXCLUDING_FOLD,FOLD_4,0.0,1,1,2,True,640,1259,110,34,FROZEN_TRAIN_FOLD_MEDIAN_IQR,1.0502651960283718,41600,0.0,90,1.0251413978453798
EXPLORATORY_CONSUMED_DIAGNOSTIC_ONLY,COVARIANCE_AND_SINGULAR_SPECTRUM,MS,TRAIN_EXCLUDING_FOLD,FOLD_4,0.0,1,1,2,True,640,1259,110,34,FROZEN_TRAIN_FOLD_MEDIAN_IQR,1.0502651960283718,41600,0.0,91,1.0251413978453798
EXPLORATORY_CONSUMED_DIAGNOSTIC_ONLY,COVARIANCE_AND_SINGULAR_SPECTRUM,MS,TRAIN_EXCLUDING_FOLD,FOLD_4,0.0,1,1,2,True,640,1259,110,34,FROZEN_TRAIN_FOLD_MEDIAN_IQR,1.0502651960283718,41600,0.0,92,1.0251413978453798
EXPLORATORY_CONSUMED_DIAGNOSTIC_ONLY,COVARIANCE_AND_SINGULAR_SPECTRUM,MS,TRAIN_EXCLUDING_FOLD,FOLD_4,0.0,1,1,2,True,640,1259,110,34,FROZEN_TRAIN_FOLD_MEDIAN_IQR,1.0502651960283718,41600,0.0,93,1.0251413978453798
EXPLORATORY_CONSUMED_DIAGNOSTIC_ONLY,COVARIANCE_AND_SINGULAR_SPECTRUM,MS,TRAIN_EXCLUDING_FOLD,FOLD_4,0.0,1,1,2,True,640,1259,110,34,FROZEN_TRAIN_FOLD_MEDIAN_IQR,1.0502651960283718,41600,0.0,94,1.0251413978453798
EXPLORATORY_CONSUMED_DIAGNOSTIC_ONLY,COVARIANCE_AND_SINGULAR_SPECTRUM,MS,TRAIN_EXCLUDING_FOLD,FOLD_4,0.0,1,1,2,True,640,1259,110,34,FROZEN_TRAIN_FOLD_MEDIAN_IQR,1.0502651960283718,41600,0.0,95,1.0251413978453798
EXPLORATORY_CONSUMED_DIAGNOSTIC_ONLY,COVARIANCE_AND_SINGULAR_SPECTRUM,MS,TRAIN_EXCLUDING_FOLD,FOLD_4,0.0,1,1,2,True,640,1259,110,34,FROZEN_TRAIN_FOLD_MEDIAN_IQR,1.0502651960283718,41600,0.0,96,1.0251413978453798
EXPLORATORY_CONSUMED_DIAGNOSTIC_ONLY,COVARIANCE_AND_SINGULAR_SPECTRUM,MS,TRAIN_EXCLUDING_FOLD,FOLD_4,0.0,1,1,2,True,640,1259,110,34,FROZEN_TRAIN_FOLD_MEDIAN_IQR,1.0502651960283718,41600,0.0,97,1.0251413978453798
EXPLORATORY_CONSUMED_DIAGNOSTIC_ONLY,COVARIANCE_AND_SINGULAR_SPECTRUM,MS,TRAIN_EXCLUDING_FOLD,FOLD_4,0.0,1,1,2,True,640,1259,110,34,FROZEN_TRAIN_FOLD_MEDIAN_IQR,1.0502651960283718,41600,0.0,98,1.0251413978453798
EXPLORATORY_CONSUMED_DIAGNOSTIC_ONLY,COVARIANCE_AND_SINGULAR_SPECTRUM,MS,TRAIN_EXCLUDING_FOLD,FOLD_4,0.0,1,1,2,True,640,1259,110,34,FROZEN_TRAIN_FOLD_MEDIAN_IQR,1.0502651960283718,41600,0.0,99,1.0251413978453798
EXPLORATORY_CONSUMED_DIAGNOSTIC_ONLY,COVARIANCE_AND_SINGULAR_SPECTRUM,MS,TRAIN_EXCLUDING_FOLD,FOLD_4,0.0,1,1,2,True,640,1259,110,34,FROZEN_TRAIN_FOLD_MEDIAN_IQR,1.0502651960283718,41600,0.0,100,1.0251413978453798
EXPLORATORY_CONSUMED_DIAGNOSTIC_ONLY,COVARIANCE_AND_SINGULAR_SPECTRUM,MS,TRAIN_EXCLUDING_FOLD,FOLD_4,0.0,1,1,2,True,640,1259,110,34,FROZEN_TRAIN_FOLD_MEDIAN_IQR,1.0502651960283718,41600,0.0,101,1.0251413978453798
EXPLORATORY_CONSUMED_DIAGNOSTIC_ONLY,COVARIANCE_AND_SINGULAR_SPECTRUM,MS,TRAIN_EXCLUDING_FOLD,FOLD_4,0.0,1,1,2,True,640,1259,110,34,FROZEN_TRAIN_FOLD_MEDIAN_IQR,1.0502651960283718,41600,0.0,102,1.0251413978453798
EXPLORATORY_CONSUMED_DIAGNOSTIC_ONLY,COVARIANCE_AND_SINGULAR_SPECTRUM,MS,TRAIN_EXCLUDING_FOLD,FOLD_4,0.0,1,1,2,True,640,1259,110,34,FROZEN_TRAIN_FOLD_MEDIAN_IQR,1.0502651960283718,41600,0.0,103,1.0251413978453798
EXPLORATORY_CONSUMED_DIAGNOSTIC_ONLY,COVARIANCE_AND_SINGULAR_SPECTRUM,MS,TRAIN_EXCLUDING_FOLD,FOLD_4,0.0,1,1,2,True,640,1259,110,34,FROZEN_TRAIN_FOLD_MEDIAN_IQR,1.0502651960283718,41600,0.0,104,1.0251413978453798
EXPLORATORY_CONSUMED_DIAGNOSTIC_ONLY,COVARIANCE_AND_SINGULAR_SPECTRUM,MS,TRAIN_EXCLUDING_FOLD,FOLD_4,0.0,1,1,2,True,640,1259,110,34,FROZEN_TRAIN_FOLD_MEDIAN_IQR,1.0502651960283718,41600,0.0,105,1.0251413978453798
EXPLORATORY_CONSUMED_DIAGNOSTIC_ONLY,COVARIANCE_AND_SINGULAR_SPECTRUM,MS,TRAIN_EXCLUDING_FOLD,FOLD_4,0.0,1,1,2,True,640,1259,110,34,FROZEN_TRAIN_FOLD_MEDIAN_IQR,1.0502651960283718,41600,0.0,106,1.0251413978453798
EXPLORATORY_CONSUMED_DIAGNOSTIC_ONLY,COVARIANCE_AND_SINGULAR_SPECTRUM,MS,TRAIN_EXCLUDING_FOLD,FOLD_4,0.0,1,1,2,True,640,1259,110,34,FROZEN_TRAIN_FOLD_MEDIAN_IQR,1.0502651960283718,41600,0.0,107,1.0251413978453798
EXPLORATORY_CONSUMED_DIAGNOSTIC_ONLY,COVARIANCE_AND_SINGULAR_SPECTRUM,MS,TRAIN_EXCLUDING_FOLD,FOLD_4,0.0,1,1,2,True,640,1259,110,34,FROZEN_TRAIN_FOLD_MEDIAN_IQR,1.0502651960283718,41600,0.0,108,1.0251413978453798
EXPLORATORY_CONSUMED_DIAGNOSTIC_ONLY,COVARIANCE_AND_SINGULAR_SPECTRUM,MS,TRAIN_EXCLUDING_FOLD,FOLD_4,0.0,1,1,2,True,640,1259,110,34,FROZEN_TRAIN_FOLD_MEDIAN_IQR,1.0502651960283718,41600,0.0,109,1.0251413978453798
EXPLORATORY_CONSUMED_DIAGNOSTIC_ONLY,COVARIANCE_AND_SINGULAR_SPECTRUM,MS,TRAIN_EXCLUDING_FOLD,FOLD_4,0.0,1,1,2,True,640,1259,110,34,FROZEN_TRAIN_FOLD_MEDIAN_IQR,1.0502651960283718,41600,0.0,110,1.0251413978453798
EXPLORATORY_CONSUMED_DIAGNOSTIC_ONLY,COVARIANCE_AND_SINGULAR_SPECTRUM,MS,TRAIN_EXCLUDING_FOLD,FOLD_5,1.4386985682181037e+29,1,2,2,True,647,1276,110,34,FROZEN_TRAIN_FOLD_MEDIAN_IQR,1.1371888350927712,41472,7.724358032946246e+16,1,1.0682740574372465
EXPLORATORY_CONSUMED_DIAGNOSTIC_ONLY,COVARIANCE_AND_SINGULAR_SPECTRUM,MS,TRAIN_EXCLUDING_FOLD,FOLD_5,8.474828462650298e+27,1,2,2,True,647,1276,110,34,FROZEN_TRAIN_FOLD_MEDIAN_IQR,1.1371888350927712,41472,1.8747482124355612e+16,2,1.0682740574372465
EXPLORATORY_CONSUMED_DIAGNOSTIC_ONLY,COVARIANCE_AND_SINGULAR_SPECTRUM,MS,TRAIN_EXCLUDING_FOLD,FOLD_5,1.1534255797334731e+27,1,2,2,True,647,1276,110,34,FROZEN_TRAIN_FOLD_MEDIAN_IQR,1.1371888350927712,41472,6916275416921061.0,3,1.0682740574372465
EXPLORATORY_CONSUMED_DIAGNOSTIC_ONLY,COVARIANCE_AND_SINGULAR_SPECTRUM,MS,TRAIN_EXCLUDING_FOLD,FOLD_5,1.6739479780996687e+26,1,2,2,True,647,1276,110,34,FROZEN_TRAIN_FOLD_MEDIAN_IQR,1.1371888350927712,41472,2634804936760015.0,4,1.0682740574372465
EXPLORATORY_CONSUMED_DIAGNOSTIC_ONLY,COVARIANCE_AND_SINGULAR_SPECTRUM,MS,TRAIN_EXCLUDING_FOLD,FOLD_5,1.3651019419164856e+25,1,2,2,True,647,1276,110,34,FROZEN_TRAIN_FOLD_MEDIAN_IQR,1.1371888350927712,41472,752419482304654.9,5,1.0682740574372465
EXPLORATORY_CONSUMED_DIAGNOSTIC_ONLY,COVARIANCE_AND_SINGULAR_SPECTRUM,MS,TRAIN_EXCLUDING_FOLD,FOLD_5,8.760032782682955e+24,1,2,2,True,647,1276,110,34,FROZEN_TRAIN_FOLD_MEDIAN_IQR,1.1371888350927712,41472,602740474469259.0,6,1.0682740574372465
EXPLORATORY_CONSUMED_DIAGNOSTIC_ONLY,COVARIANCE_AND_SINGULAR_SPECTRUM,MS,TRAIN_EXCLUDING_FOLD,FOLD_5,4.5189757377880266e+24,1,2,2,True,647,1276,110,34,FROZEN_TRAIN_FOLD_MEDIAN_IQR,1.1371888350927712,41472,432909877223360.5,7,1.0682740574372465
EXPLORATORY_CONSUMED_DIAGNOSTIC_ONLY,COVARIANCE_AND_SINGULAR_SPECTRUM,MS,TRAIN_EXCLUDING_FOLD,FOLD_5,3535207548874907.5,1,2,2,True,647,1276,110,34,FROZEN_TRAIN_FOLD_MEDIAN_IQR,1.1371888350927712,41472,12108349493.921133,8,1.0682740574372465
EXPLORATORY_CONSUMED_DIAGNOSTIC_ONLY,COVARIANCE_AND_SINGULAR_SPECTRUM,MS,TRAIN_EXCLUDING_FOLD,FOLD_5,2243616096165356.8,1,2,2,True,647,1276,110,34,FROZEN_TRAIN_FOLD_MEDIAN_IQR,1.1371888350927712,41472,9646100079.315456,9,1.0682740574372465
EXPLORATORY_CONSUMED_DIAGNOSTIC_ONLY,COVARIANCE_AND_SINGULAR_SPECTRUM,MS,TRAIN_EXCLUDING_FOLD,FOLD_5,1266460259875909.2,1,2,2,True,647,1276,110,34,FROZEN_TRAIN_FOLD_MEDIAN_IQR,1.1371888350927712,41472,7247250506.059089,10,1.0682740574372465
EXPLORATORY_CONSUMED_DIAGNOSTIC_ONLY,COVARIANCE_AND_SINGULAR_SPECTRUM,MS,TRAIN_EXCLUDING_FOLD,FOLD_5,91333150547681.0,1,2,2,True,647,1276,110,34,FROZEN_TRAIN_FOLD_MEDIAN_IQR,1.1371888350927712,41472,1946219006.050816,11,1.0682740574372465
EXPLORATORY_CONSUMED_DIAGNOSTIC_ONLY,COVARIANCE_AND_SINGULAR_SPECTRUM,MS,TRAIN_EXCLUDING_FOLD,FOLD_5,48865305078784.38,1,2,2,True,647,1276,110,34,FROZEN_TRAIN_FOLD_MEDIAN_IQR,1.1371888350927712,41472,1423566623.7402961,12,1.0682740574372465
EXPLORATORY_CONSUMED_DIAGNOSTIC_ONLY,COVARIANCE_AND_SINGULAR_SPECTRUM,MS,TRAIN_EXCLUDING_FOLD,FOLD_5,31758024739798.793,1,2,2,True,647,1276,110,34,FROZEN_TRAIN_FOLD_MEDIAN_IQR,1.1371888350927712,41472,1147636180.158562,13,1.0682740574372465
EXPLORATORY_CONSUMED_DIAGNOSTIC_ONLY,COVARIANCE_AND_SINGULAR_SPECTRUM,MS,TRAIN_EXCLUDING_FOLD,FOLD_5,28262565070831.9,1,2,2,True,647,1276,110,34,FROZEN_TRAIN_FOLD_MEDIAN_IQR,1.1371888350927712,41472,1082638027.5131392,14,1.0682740574372465
EXPLORATORY_CONSUMED_DIAGNOSTIC_ONLY,COVARIANCE_AND_SINGULAR_SPECTRUM,MS,TRAIN_EXCLUDING_FOLD,FOLD_5,17317534867895.836,1,2,2,True,647,1276,110,34,FROZEN_TRAIN_FOLD_MEDIAN_IQR,1.1371888350927712,41472,847462569.1093242,15,1.0682740574372465
EXPLORATORY_CONSUMED_DIAGNOSTIC_ONLY,COVARIANCE_AND_SINGULAR_SPECTRUM,MS,TRAIN_EXCLUDING_FOLD,FOLD_5,15681050873182.479,1,2,2,True,647,1276,110,34,FROZEN_TRAIN_FOLD_MEDIAN_IQR,1.1371888350927712,41472,806427022.0005178,16,1.0682740574372465
EXPLORATORY_CONSUMED_DIAGNOSTIC_ONLY,COVARIANCE_AND_SINGULAR_SPECTRUM,MS,TRAIN_EXCLUDING_FOLD,FOLD_5,15097905323581.398,1,2,2,True,647,1276,110,34,FROZEN_TRAIN_FOLD_MEDIAN_IQR,1.1371888350927712,41472,791290294.1269833,17,1.0682740574372465
EXPLORATORY_CONSUMED_DIAGNOSTIC_ONLY,COVARIANCE_AND_SINGULAR_SPECTRUM,MS,TRAIN_EXCLUDING_FOLD,FOLD_5,12105834238939.004,1,2,2,True,647,1276,110,34,FROZEN_TRAIN_FOLD_MEDIAN_IQR,1.1371888350927712,41472,708557095.4815698,18,1.0682740574372465
EXPLORATORY_CONSUMED_DIAGNOSTIC_ONLY,COVARIANCE_AND_SINGULAR_SPECTRUM,MS,TRAIN_EXCLUDING_FOLD,FOLD_5,9985899055028.225,1,2,2,True,647,1276,110,34,FROZEN_TRAIN_FOLD_MEDIAN_IQR,1.1371888350927712,41472,643533375.676919,19,1.0682740574372465
EXPLORATORY_CONSUMED_DIAGNOSTIC_ONLY,COVARIANCE_AND_SINGULAR_SPECTRUM,MS,TRAIN_EXCLUDING_FOLD,FOLD_5,5484521358480.977,1,2,2,True,647,1276,110,34,FROZEN_TRAIN_FOLD_MEDIAN_IQR,1.1371888350927712,41472,476921450.3237646,20,1.0682740574372465
EXPLORATORY_CONSUMED_DIAGNOSTIC_ONLY,COVARIANCE_AND_SINGULAR_SPECTRUM,MS,TRAIN_EXCLUDING_FOLD,FOLD_5,4514287906826.725,1,2,2,True,647,1276,110,34,FROZEN_TRAIN_FOLD_MEDIAN_IQR,1.1371888350927712,41472,432685276.0054563,21,1.0682740574372465
EXPLORATORY_CONSUMED_DIAGNOSTIC_ONLY,COVARIANCE_AND_SINGULAR_SPECTRUM,MS,TRAIN_EXCLUDING_FOLD,FOLD_5,1812351625685.3257,1,2,2,True,647,1276,110,34,FROZEN_TRAIN_FOLD_MEDIAN_IQR,1.1371888350927712,41472,274156609.66028494,22,1.0682740574372465
EXPLORATORY_CONSUMED_DIAGNOSTIC_ONLY,COVARIANCE_AND_SINGULAR_SPECTRUM,MS,TRAIN_EXCLUDING_FOLD,FOLD_5,1469435983581.925,1,2,2,True,647,1276,110,34,FROZEN_TRAIN_FOLD_MEDIAN_IQR,1.1371888350927712,41472,246861194.01621145,23,1.0682740574372465
EXPLORATORY_CONSUMED_DIAGNOSTIC_ONLY,COVARIANCE_AND_SINGULAR_SPECTRUM,MS,TRAIN_EXCLUDING_FOLD,FOLD_5,742454920617.2972,1,2,2,True,647,1276,110,34,FROZEN_TRAIN_FOLD_MEDIAN_IQR,1.1371888350927712,41472,175473902.52638867,24,1.0682740574372465
EXPLORATORY_CONSUMED_DIAGNOSTIC_ONLY,COVARIANCE_AND_SINGULAR_SPECTRUM,MS,TRAIN_EXCLUDING_FOLD,FOLD_5,29947.363297993008,1,2,2,True,647,1276,110,34,FROZEN_TRAIN_FOLD_MEDIAN_IQR,1.1371888350927712,41472,35241.69477613649,25,1.0682740574372465
EXPLORATORY_CONSUMED_DIAGNOSTIC_ONLY,COVARIANCE_AND_SINGULAR_SPECTRUM,MS,TRAIN_EXCLUDING_FOLD,FOLD_5,4603.194367831971,1,2,2,True,647,1276,110,34,FROZEN_TRAIN_FOLD_MEDIAN_IQR,1.1371888350927712,41472,13816.7896713646,26,1.0682740574372465
EXPLORATORY_CONSUMED_DIAGNOSTIC_ONLY,COVARIANCE_AND_SINGULAR_SPECTRUM,MS,TRAIN_EXCLUDING_FOLD,FOLD_5,3626.6437405354222,1,2,2,True,647,1276,110,34,FROZEN_TRAIN_FOLD_MEDIAN_IQR,1.1371888350927712,41472,12263.937752919534,27,1.0682740574372465
EXPLORATORY_CONSUMED_DIAGNOSTIC_ONLY,COVARIANCE_AND_SINGULAR_SPECTRUM,MS,TRAIN_EXCLUDING_FOLD,FOLD_5,2459.607929107654,1,2,2,True,647,1276,110,34,FROZEN_TRAIN_FOLD_MEDIAN_IQR,1.1371888350927712,41472,10099.745543128927,28,1.0682740574372465
EXPLORATORY_CONSUMED_DIAGNOSTIC_ONLY,COVARIANCE_AND_SINGULAR_SPECTRUM,MS,TRAIN_EXCLUDING_FOLD,FOLD_5,585.4217185523308,1,2,2,True,647,1276,110,34,FROZEN_TRAIN_FOLD_MEDIAN_IQR,1.1371888350927712,41472,4927.332900444445,29,1.0682740574372465
EXPLORATORY_CONSUMED_DIAGNOSTIC_ONLY,COVARIANCE_AND_SINGULAR_SPECTRUM,MS,TRAIN_EXCLUDING_FOLD,FOLD_5,111.33429350556209,1,2,2,True,647,1276,110,34,FROZEN_TRAIN_FOLD_MEDIAN_IQR,1.1371888350927712,41472,2148.780077221182,30,1.0682740574372465
EXPLORATORY_CONSUMED_DIAGNOSTIC_ONLY,COVARIANCE_AND_SINGULAR_SPECTRUM,MS,TRAIN_EXCLUDING_FOLD,FOLD_5,85.08921640854687,1,2,2,True,647,1276,110,34,FROZEN_TRAIN_FOLD_MEDIAN_IQR,1.1371888350927712,41472,1878.5153666912752,31,1.0682740574372465
EXPLORATORY_CONSUMED_DIAGNOSTIC_ONLY,COVARIANCE_AND_SINGULAR_SPECTRUM,MS,TRAIN_EXCLUDING_FOLD,FOLD_5,36.690973557026126,1,2,2,True,647,1276,110,34,FROZEN_TRAIN_FOLD_MEDIAN_IQR,1.1371888350927712,41472,1233.5509942264193,32,1.0682740574372465
EXPLORATORY_CONSUMED_DIAGNOSTIC_ONLY,COVARIANCE_AND_SINGULAR_SPECTRUM,MS,TRAIN_EXCLUDING_FOLD,FOLD_5,29.04801186364336,1,2,2,True,647,1276,110,34,FROZEN_TRAIN_FOLD_MEDIAN_IQR,1.1371888350927712,41472,1097.5787661981337,33,1.0682740574372465
EXPLORATORY_CONSUMED_DIAGNOSTIC_ONLY,COVARIANCE_AND_SINGULAR_SPECTRUM,MS,TRAIN_EXCLUDING_FOLD,FOLD_5,21.945338966230164,1,2,2,True,647,1276,110,34,FROZEN_TRAIN_FOLD_MEDIAN_IQR,1.1371888350927712,41472,954.0005752658105,34,1.0682740574372465
EXPLORATORY_CONSUMED_DIAGNOSTIC_ONLY,COVARIANCE_AND_SINGULAR_SPECTRUM,MS,TRAIN_EXCLUDING_FOLD,FOLD_5,20.09215097699093,1,2,2,True,647,1276,110,34,FROZEN_TRAIN_FOLD_MEDIAN_IQR,1.1371888350927712,41472,912.8316850974049,35,1.0682740574372465
EXPLORATORY_CONSUMED_DIAGNOSTIC_ONLY,COVARIANCE_AND_SINGULAR_SPECTRUM,MS,TRAIN_EXCLUDING_FOLD,FOLD_5,11.694927472706674,1,2,2,True,647,1276,110,34,FROZEN_TRAIN_FOLD_MEDIAN_IQR,1.1371888350927712,41472,696.4280523845167,36,1.0682740574372465
EXPLORATORY_CONSUMED_DIAGNOSTIC_ONLY,COVARIANCE_AND_SINGULAR_SPECTRUM,MS,TRAIN_EXCLUDING_FOLD,FOLD_5,7.779471773472142,1,2,2,True,647,1276,110,34,FROZEN_TRAIN_FOLD_MEDIAN_IQR,1.1371888350927712,41472,568.0055047175482,37,1.0682740574372465
EXPLORATORY_CONSUMED_DIAGNOSTIC_ONLY,COVARIANCE_AND_SINGULAR_SPECTRUM,MS,TRAIN_EXCLUDING_FOLD,FOLD_5,6.139386394774998,1,2,2,True,647,1276,110,34,FROZEN_TRAIN_FOLD_MEDIAN_IQR,1.1371888350927712,41472,504.59155023058867,38,1.0682740574372465
EXPLORATORY_CONSUMED_DIAGNOSTIC_ONLY,COVARIANCE_AND_SINGULAR_SPECTRUM,MS,TRAIN_EXCLUDING_FOLD,FOLD_5,5.214602788507608,1,2,2,True,647,1276,110,34,FROZEN_TRAIN_FOLD_MEDIAN_IQR,1.1371888350927712,41472,465.0376402453757,39,1.0682740574372465
EXPLORATORY_CONSUMED_DIAGNOSTIC_ONLY,COVARIANCE_AND_SINGULAR_SPECTRUM,MS,TRAIN_EXCLUDING_FOLD,FOLD_5,1.6781550836788623,1,2,2,True,647,1276,110,34,FROZEN_TRAIN_FOLD_MEDIAN_IQR,1.1371888350927712,41472,263.8113864683058,40,1.0682740574372465
EXPLORATORY_CONSUMED_DIAGNOSTIC_ONLY,COVARIANCE_AND_SINGULAR_SPECTRUM,MS,TRAIN_EXCLUDING_FOLD,FOLD_5,1.192726113699049,1,2,2,True,647,1276,110,34,FROZEN_TRAIN_FOLD_MEDIAN_IQR,1.1371888350927712,41472,222.40669366574144,41,1.0682740574372465
EXPLORATORY_CONSUMED_DIAGNOSTIC_ONLY,COVARIANCE_AND_SINGULAR_SPECTRUM,MS,TRAIN_EXCLUDING_FOLD,FOLD_5,1.0067905575606904,1,2,2,True,647,1276,110,34,FROZEN_TRAIN_FOLD_MEDIAN_IQR,1.1371888350927712,41472,204.33702063785933,42,1.0682740574372465
EXPLORATORY_CONSUMED_DIAGNOSTIC_ONLY,COVARIANCE_AND_SINGULAR_SPECTRUM,MS,TRAIN_EXCLUDING_FOLD,FOLD_5,0.92996642768523,1,2,2,True,647,1276,110,34,FROZEN_TRAIN_FOLD_MEDIAN_IQR,1.1371888350927712,41472,196.38627164076885,43,1.0682740574372465
EXPLORATORY_CONSUMED_DIAGNOSTIC_ONLY,COVARIANCE_AND_SINGULAR_SPECTRUM,MS,TRAIN_EXCLUDING_FOLD,FOLD_5,0.011623197227296551,1,2,2,True,647,1276,110,34,FROZEN_TRAIN_FOLD_MEDIAN_IQR,1.1371888350927712,41472,21.95534639695859,44,1.0682740574372465
EXPLORATORY_CONSUMED_DIAGNOSTIC_ONLY,COVARIANCE_AND_SINGULAR_SPECTRUM,MS,TRAIN_EXCLUDING_FOLD,FOLD_5,0.004108033537376267,1,2,2,True,647,1276,110,34,FROZEN_TRAIN_FOLD_MEDIAN_IQR,1.1371888350927712,41472,13.052523390596493,45,1.0682740574372465
EXPLORATORY_CONSUMED_DIAGNOSTIC_ONLY,COVARIANCE_AND_SINGULAR_SPECTRUM,MS,TRAIN_EXCLUDING_FOLD,FOLD_5,0.0026508187194134495,1,2,2,True,647,1276,110,34,FROZEN_TRAIN_FOLD_MEDIAN_IQR,1.1371888350927712,41472,10.484977536051977,46,1.0682740574372465
EXPLORATORY_CONSUMED_DIAGNOSTIC_ONLY,COVARIANCE_AND_SINGULAR_SPECTRUM,MS,TRAIN_EXCLUDING_FOLD,FOLD_5,0.001702577806557268,1,2,2,True,647,1276,110,34,FROZEN_TRAIN_FOLD_MEDIAN_IQR,1.1371888350927712,41472,8.402934415639756,47,1.0682740574372465
EXPLORATORY_CONSUMED_DIAGNOSTIC_ONLY,COVARIANCE_AND_SINGULAR_SPECTRUM,MS,TRAIN_EXCLUDING_FOLD,FOLD_5,0.0012864349685172954,1,2,2,True,647,1276,110,34,FROZEN_TRAIN_FOLD_MEDIAN_IQR,1.1371888350927712,41472,7.3041790102891975,48,1.0682740574372465
EXPLORATORY_CONSUMED_DIAGNOSTIC_ONLY,COVARIANCE_AND_SINGULAR_SPECTRUM,MS,TRAIN_EXCLUDING_FOLD,FOLD_5,0.0007709938622410984,1,2,2,True,647,1276,110,34,FROZEN_TRAIN_FOLD_MEDIAN_IQR,1.1371888350927712,41472,5.654613820135097,49,1.0682740574372465
EXPLORATORY_CONSUMED_DIAGNOSTIC_ONLY,COVARIANCE_AND_SINGULAR_SPECTRUM,MS,TRAIN_EXCLUDING_FOLD,FOLD_5,0.0007130353298108226,1,2,2,True,647,1276,110,34,FROZEN_TRAIN_FOLD_MEDIAN_IQR,1.1371888350927712,41472,5.437922507531202,50,1.0682740574372465
EXPLORATORY_CONSUMED_DIAGNOSTIC_ONLY,COVARIANCE_AND_SINGULAR_SPECTRUM,MS,TRAIN_EXCLUDING_FOLD,FOLD_5,0.000334453482100643,1,2,2,True,647,1276,110,34,FROZEN_TRAIN_FOLD_MEDIAN_IQR,1.1371888350927712,41472,3.72430595006343,51,1.0682740574372465
EXPLORATORY_CONSUMED_DIAGNOSTIC_ONLY,COVARIANCE_AND_SINGULAR_SPECTRUM,MS,TRAIN_EXCLUDING_FOLD,FOLD_5,0.0001790149946781344,1,2,2,True,647,1276,110,34,FROZEN_TRAIN_FOLD_MEDIAN_IQR,1.1371888350927712,41472,2.7247219783478074,52,1.0682740574372465
EXPLORATORY_CONSUMED_DIAGNOSTIC_ONLY,COVARIANCE_AND_SINGULAR_SPECTRUM,MS,TRAIN_EXCLUDING_FOLD,FOLD_5,3.198706538599846e-05,1,2,2,True,647,1276,110,34,FROZEN_TRAIN_FOLD_MEDIAN_IQR,1.1371888350927712,41472,1.1517671534160574,53,1.0682740574372465
EXPLORATORY_CONSUMED_DIAGNOSTIC_ONLY,COVARIANCE_AND_SINGULAR_SPECTRUM,MS,TRAIN_EXCLUDING_FOLD,FOLD_5,2.5478666178327524e-05,1,2,2,True,647,1276,110,34,FROZEN_TRAIN_FOLD_MEDIAN_IQR,1.1371888350927712,41472,1.0279354278103265,54,1.0682740574372465
EXPLORATORY_CONSUMED_DIAGNOSTIC_ONLY,COVARIANCE_AND_SINGULAR_SPECTRUM,MS,TRAIN_EXCLUDING_FOLD,FOLD_5,3.2629731583826405e-06,1,2,2,True,647,1276,110,34,FROZEN_TRAIN_FOLD_MEDIAN_IQR,1.1371888350927712,41472,0.36786141796122745,55,1.0682740574372465
EXPLORATORY_CONSUMED_DIAGNOSTIC_ONLY,COVARIANCE_AND_SINGULAR_SPECTRUM,MS,TRAIN_EXCLUDING_FOLD,FOLD_5,2.6803960653257784e-06,1,2,2,True,647,1276,110,34,FROZEN_TRAIN_FOLD_MEDIAN_IQR,1.1371888350927712,41472,0.33340873656998055,56,1.0682740574372465
EXPLORATORY_CONSUMED_DIAGNOSTIC_ONLY,COVARIANCE_AND_SINGULAR_SPECTRUM,MS,TRAIN_EXCLUDING_FOLD,FOLD_5,1.087605538387118e-06,1,2,2,True,647,1276,110,34,FROZEN_TRAIN_FOLD_MEDIAN_IQR,1.1371888350927712,41472,0.21237979397294496,57,1.0682740574372465
EXPLORATORY_CONSUMED_DIAGNOSTIC_ONLY,COVARIANCE_AND_SINGULAR_SPECTRUM,MS,TRAIN_EXCLUDING_FOLD,FOLD_5,8.010359235861232e-07,1,2,2,True,647,1276,110,34,FROZEN_TRAIN_FOLD_MEDIAN_IQR,1.1371888350927712,41472,0.18226508668136007,58,1.0682740574372465
EXPLORATORY_CONSUMED_DIAGNOSTIC_ONLY,COVARIANCE_AND_SINGULAR_SPECTRUM,MS,TRAIN_EXCLUDING_FOLD,FOLD_5,4.571423422011167e-07,1,2,2,True,647,1276,110,34,FROZEN_TRAIN_FOLD_MEDIAN_IQR,1.1371888350927712,41472,0.13769025824568967,59,1.0682740574372465
EXPLORATORY_CONSUMED_DIAGNOSTIC_ONLY,COVARIANCE_AND_SINGULAR_SPECTRUM,MS,TRAIN_EXCLUDING_FOLD,FOLD_5,2.3226787080045614e-07,1,2,2,True,647,1276,110,34,FROZEN_TRAIN_FOLD_MEDIAN_IQR,1.1371888350927712,41472,0.09814587682545058,60,1.0682740574372465
EXPLORATORY_CONSUMED_DIAGNOSTIC_ONLY,COVARIANCE_AND_SINGULAR_SPECTRUM,MS,TRAIN_EXCLUDING_FOLD,FOLD_5,1.2368894731906147e-07,1,2,2,True,647,1276,110,34,FROZEN_TRAIN_FOLD_MEDIAN_IQR,1.1371888350927712,41472,0.07162142153864386,61,1.0682740574372465
EXPLORATORY_CONSUMED_DIAGNOSTIC_ONLY,COVARIANCE_AND_SINGULAR_SPECTRUM,MS,TRAIN_EXCLUDING_FOLD,FOLD_5,1.2257266376422096e-07,1,2,2,True,647,1276,110,34,FROZEN_TRAIN_FOLD_MEDIAN_IQR,1.1371888350927712,41472,0.07129750003772763,62,1.0682740574372465
EXPLORATORY_CONSUMED_DIAGNOSTIC_ONLY,COVARIANCE_AND_SINGULAR_SPECTRUM,MS,TRAIN_EXCLUDING_FOLD,FOLD_5,2.5748072128430633e-08,1,2,2,True,647,1276,110,34,FROZEN_TRAIN_FOLD_MEDIAN_IQR,1.1371888350927712,41472,0.03267757713341482,63,1.0682740574372465
EXPLORATORY_CONSUMED_DIAGNOSTIC_ONLY,COVARIANCE_AND_SINGULAR_SPECTRUM,MS,TRAIN_EXCLUDING_FOLD,FOLD_5,1.3259794806319356e-08,1,2,2,True,647,1276,110,34,FROZEN_TRAIN_FOLD_MEDIAN_IQR,1.1371888350927712,41472,0.02345016439617591,64,1.0682740574372465
EXPLORATORY_CONSUMED_DIAGNOSTIC_ONLY,COVARIANCE_AND_SINGULAR_SPECTRUM,MS,TRAIN_EXCLUDING_FOLD,FOLD_5,8.195822895887015e-11,1,2,2,True,647,1276,110,34,FROZEN_TRAIN_FOLD_MEDIAN_IQR,1.1371888350927712,41472,0.0018436300256239762,65,1.0682740574372465
EXPLORATORY_CONSUMED_DIAGNOSTIC_ONLY,COVARIANCE_AND_SINGULAR_SPECTRUM,MS,TRAIN_EXCLUDING_FOLD,FOLD_5,0.0,1,2,2,True,647,1276,110,34,FROZEN_TRAIN_FOLD_MEDIAN_IQR,1.1371888350927712,41472,0.0,66,1.0682740574372465
EXPLORATORY_CONSUMED_DIAGNOSTIC_ONLY,COVARIANCE_AND_SINGULAR_SPECTRUM,MS,TRAIN_EXCLUDING_FOLD,FOLD_5,0.0,1,2,2,True,647,1276,110,34,FROZEN_TRAIN_FOLD_MEDIAN_IQR,1.1371888350927712,41472,0.0,67,1.0682740574372465
EXPLORATORY_CONSUMED_DIAGNOSTIC_ONLY,COVARIANCE_AND_SINGULAR_SPECTRUM,MS,TRAIN_EXCLUDING_FOLD,FOLD_5,0.0,1,2,2,True,647,1276,110,34,FROZEN_TRAIN_FOLD_MEDIAN_IQR,1.1371888350927712,41472,0.0,68,1.0682740574372465
EXPLORATORY_CONSUMED_DIAGNOSTIC_ONLY,COVARIANCE_AND_SINGULAR_SPECTRUM,MS,TRAIN_EXCLUDING_FOLD,FOLD_5,0.0,1,2,2,True,647,1276,110,34,FROZEN_TRAIN_FOLD_MEDIAN_IQR,1.1371888350927712,41472,0.0,69,1.0682740574372465
EXPLORATORY_CONSUMED_DIAGNOSTIC_ONLY,COVARIANCE_AND_SINGULAR_SPECTRUM,MS,TRAIN_EXCLUDING_FOLD,FOLD_5,0.0,1,2,2,True,647,1276,110,34,FROZEN_TRAIN_FOLD_MEDIAN_IQR,1.1371888350927712,41472,0.0,70,1.0682740574372465
EXPLORATORY_CONSUMED_DIAGNOSTIC_ONLY,COVARIANCE_AND_SINGULAR_SPECTRUM,MS,TRAIN_EXCLUDING_FOLD,FOLD_5,0.0,1,2,2,True,647,1276,110,34,FROZEN_TRAIN_FOLD_MEDIAN_IQR,1.1371888350927712,41472,0.0,71,1.0682740574372465
EXPLORATORY_CONSUMED_DIAGNOSTIC_ONLY,COVARIANCE_AND_SINGULAR_SPECTRUM,MS,TRAIN_EXCLUDING_FOLD,FOLD_5,0.0,1,2,2,True,647,1276,110,34,FROZEN_TRAIN_FOLD_MEDIAN_IQR,1.1371888350927712,41472,0.0,72,1.0682740574372465
EXPLORATORY_CONSUMED_DIAGNOSTIC_ONLY,COVARIANCE_AND_SINGULAR_SPECTRUM,MS,TRAIN_EXCLUDING_FOLD,FOLD_5,0.0,1,2,2,True,647,1276,110,34,FROZEN_TRAIN_FOLD_MEDIAN_IQR,1.1371888350927712,41472,0.0,73,1.0682740574372465
EXPLORATORY_CONSUMED_DIAGNOSTIC_ONLY,COVARIANCE_AND_SINGULAR_SPECTRUM,MS,TRAIN_EXCLUDING_FOLD,FOLD_5,0.0,1,2,2,True,647,1276,110,34,FROZEN_TRAIN_FOLD_MEDIAN_IQR,1.1371888350927712,41472,0.0,74,1.0682740574372465
EXPLORATORY_CONSUMED_DIAGNOSTIC_ONLY,COVARIANCE_AND_SINGULAR_SPECTRUM,MS,TRAIN_EXCLUDING_FOLD,FOLD_5,0.0,1,2,2,True,647,1276,110,34,FROZEN_TRAIN_FOLD_MEDIAN_IQR,1.1371888350927712,41472,0.0,75,1.0682740574372465
EXPLORATORY_CONSUMED_DIAGNOSTIC_ONLY,COVARIANCE_AND_SINGULAR_SPECTRUM,MS,TRAIN_EXCLUDING_FOLD,FOLD_5,0.0,1,2,2,True,647,1276,110,34,FROZEN_TRAIN_FOLD_MEDIAN_IQR,1.1371888350927712,41472,0.0,76,1.0682740574372465
EXPLORATORY_CONSUMED_DIAGNOSTIC_ONLY,COVARIANCE_AND_SINGULAR_SPECTRUM,MS,TRAIN_EXCLUDING_FOLD,FOLD_5,0.0,1,2,2,True,647,1276,110,34,FROZEN_TRAIN_FOLD_MEDIAN_IQR,1.1371888350927712,41472,0.0,77,1.0682740574372465
EXPLORATORY_CONSUMED_DIAGNOSTIC_ONLY,COVARIANCE_AND_SINGULAR_SPECTRUM,MS,TRAIN_EXCLUDING_FOLD,FOLD_5,0.0,1,2,2,True,647,1276,110,34,FROZEN_TRAIN_FOLD_MEDIAN_IQR,1.1371888350927712,41472,0.0,78,1.0682740574372465
EXPLORATORY_CONSUMED_DIAGNOSTIC_ONLY,COVARIANCE_AND_SINGULAR_SPECTRUM,MS,TRAIN_EXCLUDING_FOLD,FOLD_5,0.0,1,2,2,True,647,1276,110,34,FROZEN_TRAIN_FOLD_MEDIAN_IQR,1.1371888350927712,41472,0.0,79,1.0682740574372465
EXPLORATORY_CONSUMED_DIAGNOSTIC_ONLY,COVARIANCE_AND_SINGULAR_SPECTRUM,MS,TRAIN_EXCLUDING_FOLD,FOLD_5,0.0,1,2,2,True,647,1276,110,34,FROZEN_TRAIN_FOLD_MEDIAN_IQR,1.1371888350927712,41472,0.0,80,1.0682740574372465
EXPLORATORY_CONSUMED_DIAGNOSTIC_ONLY,COVARIANCE_AND_SINGULAR_SPECTRUM,MS,TRAIN_EXCLUDING_FOLD,FOLD_5,0.0,1,2,2,True,647,1276,110,34,FROZEN_TRAIN_FOLD_MEDIAN_IQR,1.1371888350927712,41472,0.0,81,1.0682740574372465
EXPLORATORY_CONSUMED_DIAGNOSTIC_ONLY,COVARIANCE_AND_SINGULAR_SPECTRUM,MS,TRAIN_EXCLUDING_FOLD,FOLD_5,0.0,1,2,2,True,647,1276,110,34,FROZEN_TRAIN_FOLD_MEDIAN_IQR,1.1371888350927712,41472,0.0,82,1.0682740574372465
EXPLORATORY_CONSUMED_DIAGNOSTIC_ONLY,COVARIANCE_AND_SINGULAR_SPECTRUM,MS,TRAIN_EXCLUDING_FOLD,FOLD_5,0.0,1,2,2,True,647,1276,110,34,FROZEN_TRAIN_FOLD_MEDIAN_IQR,1.1371888350927712,41472,0.0,83,1.0682740574372465
EXPLORATORY_CONSUMED_DIAGNOSTIC_ONLY,COVARIANCE_AND_SINGULAR_SPECTRUM,MS,TRAIN_EXCLUDING_FOLD,FOLD_5,0.0,1,2,2,True,647,1276,110,34,FROZEN_TRAIN_FOLD_MEDIAN_IQR,1.1371888350927712,41472,0.0,84,1.0682740574372465
EXPLORATORY_CONSUMED_DIAGNOSTIC_ONLY,COVARIANCE_AND_SINGULAR_SPECTRUM,MS,TRAIN_EXCLUDING_FOLD,FOLD_5,0.0,1,2,2,True,647,1276,110,34,FROZEN_TRAIN_FOLD_MEDIAN_IQR,1.1371888350927712,41472,0.0,85,1.0682740574372465
EXPLORATORY_CONSUMED_DIAGNOSTIC_ONLY,COVARIANCE_AND_SINGULAR_SPECTRUM,MS,TRAIN_EXCLUDING_FOLD,FOLD_5,0.0,1,2,2,True,647,1276,110,34,FROZEN_TRAIN_FOLD_MEDIAN_IQR,1.1371888350927712,41472,0.0,86,1.0682740574372465
EXPLORATORY_CONSUMED_DIAGNOSTIC_ONLY,COVARIANCE_AND_SINGULAR_SPECTRUM,MS,TRAIN_EXCLUDING_FOLD,FOLD_5,0.0,1,2,2,True,647,1276,110,34,FROZEN_TRAIN_FOLD_MEDIAN_IQR,1.1371888350927712,41472,0.0,87,1.0682740574372465
EXPLORATORY_CONSUMED_DIAGNOSTIC_ONLY,COVARIANCE_AND_SINGULAR_SPECTRUM,MS,TRAIN_EXCLUDING_FOLD,FOLD_5,0.0,1,2,2,True,647,1276,110,34,FROZEN_TRAIN_FOLD_MEDIAN_IQR,1.1371888350927712,41472,0.0,88,1.0682740574372465
EXPLORATORY_CONSUMED_DIAGNOSTIC_ONLY,COVARIANCE_AND_SINGULAR_SPECTRUM,MS,TRAIN_EXCLUDING_FOLD,FOLD_5,0.0,1,2,2,True,647,1276,110,34,FROZEN_TRAIN_FOLD_MEDIAN_IQR,1.1371888350927712,41472,0.0,89,1.0682740574372465
EXPLORATORY_CONSUMED_DIAGNOSTIC_ONLY,COVARIANCE_AND_SINGULAR_SPECTRUM,MS,TRAIN_EXCLUDING_FOLD,FOLD_5,0.0,1,2,2,True,647,1276,110,34,FROZEN_TRAIN_FOLD_MEDIAN_IQR,1.1371888350927712,41472,0.0,90,1.0682740574372465
EXPLORATORY_CONSUMED_DIAGNOSTIC_ONLY,COVARIANCE_AND_SINGULAR_SPECTRUM,MS,TRAIN_EXCLUDING_FOLD,FOLD_5,0.0,1,2,2,True,647,1276,110,34,FROZEN_TRAIN_FOLD_MEDIAN_IQR,1.1371888350927712,41472,0.0,91,1.0682740574372465
EXPLORATORY_CONSUMED_DIAGNOSTIC_ONLY,COVARIANCE_AND_SINGULAR_SPECTRUM,MS,TRAIN_EXCLUDING_FOLD,FOLD_5,0.0,1,2,2,True,647,1276,110,34,FROZEN_TRAIN_FOLD_MEDIAN_IQR,1.1371888350927712,41472,0.0,92,1.0682740574372465
EXPLORATORY_CONSUMED_DIAGNOSTIC_ONLY,COVARIANCE_AND_SINGULAR_SPECTRUM,MS,TRAIN_EXCLUDING_FOLD,FOLD_5,0.0,1,2,2,True,647,1276,110,34,FROZEN_TRAIN_FOLD_MEDIAN_IQR,1.1371888350927712,41472,0.0,93,1.0682740574372465
EXPLORATORY_CONSUMED_DIAGNOSTIC_ONLY,COVARIANCE_AND_SINGULAR_SPECTRUM,MS,TRAIN_EXCLUDING_FOLD,FOLD_5,0.0,1,2,2,True,647,1276,110,34,FROZEN_TRAIN_FOLD_MEDIAN_IQR,1.1371888350927712,41472,0.0,94,1.0682740574372465
EXPLORATORY_CONSUMED_DIAGNOSTIC_ONLY,COVARIANCE_AND_SINGULAR_SPECTRUM,MS,TRAIN_EXCLUDING_FOLD,FOLD_5,0.0,1,2,2,True,647,1276,110,34,FROZEN_TRAIN_FOLD_MEDIAN_IQR,1.1371888350927712,41472,0.0,95,1.0682740574372465
EXPLORATORY_CONSUMED_DIAGNOSTIC_ONLY,COVARIANCE_AND_SINGULAR_SPECTRUM,MS,TRAIN_EXCLUDING_FOLD,FOLD_5,0.0,1,2,2,True,647,1276,110,34,FROZEN_TRAIN_FOLD_MEDIAN_IQR,1.1371888350927712,41472,0.0,96,1.0682740574372465
EXPLORATORY_CONSUMED_DIAGNOSTIC_ONLY,COVARIANCE_AND_SINGULAR_SPECTRUM,MS,TRAIN_EXCLUDING_FOLD,FOLD_5,0.0,1,2,2,True,647,1276,110,34,FROZEN_TRAIN_FOLD_MEDIAN_IQR,1.1371888350927712,41472,0.0,97,1.0682740574372465
EXPLORATORY_CONSUMED_DIAGNOSTIC_ONLY,COVARIANCE_AND_SINGULAR_SPECTRUM,MS,TRAIN_EXCLUDING_FOLD,FOLD_5,0.0,1,2,2,True,647,1276,110,34,FROZEN_TRAIN_FOLD_MEDIAN_IQR,1.1371888350927712,41472,0.0,98,1.0682740574372465
EXPLORATORY_CONSUMED_DIAGNOSTIC_ONLY,COVARIANCE_AND_SINGULAR_SPECTRUM,MS,TRAIN_EXCLUDING_FOLD,FOLD_5,0.0,1,2,2,True,647,1276,110,34,FROZEN_TRAIN_FOLD_MEDIAN_IQR,1.1371888350927712,41472,0.0,99,1.0682740574372465
EXPLORATORY_CONSUMED_DIAGNOSTIC_ONLY,COVARIANCE_AND_SINGULAR_SPECTRUM,MS,TRAIN_EXCLUDING_FOLD,FOLD_5,0.0,1,2,2,True,647,1276,110,34,FROZEN_TRAIN_FOLD_MEDIAN_IQR,1.1371888350927712,41472,0.0,100,1.0682740574372465
EXPLORATORY_CONSUMED_DIAGNOSTIC_ONLY,COVARIANCE_AND_SINGULAR_SPECTRUM,MS,TRAIN_EXCLUDING_FOLD,FOLD_5,0.0,1,2,2,True,647,1276,110,34,FROZEN_TRAIN_FOLD_MEDIAN_IQR,1.1371888350927712,41472,0.0,101,1.0682740574372465
EXPLORATORY_CONSUMED_DIAGNOSTIC_ONLY,COVARIANCE_AND_SINGULAR_SPECTRUM,MS,TRAIN_EXCLUDING_FOLD,FOLD_5,0.0,1,2,2,True,647,1276,110,34,FROZEN_TRAIN_FOLD_MEDIAN_IQR,1.1371888350927712,41472,0.0,102,1.0682740574372465
EXPLORATORY_CONSUMED_DIAGNOSTIC_ONLY,COVARIANCE_AND_SINGULAR_SPECTRUM,MS,TRAIN_EXCLUDING_FOLD,FOLD_5,0.0,1,2,2,True,647,1276,110,34,FROZEN_TRAIN_FOLD_MEDIAN_IQR,1.1371888350927712,41472,0.0,103,1.0682740574372465
EXPLORATORY_CONSUMED_DIAGNOSTIC_ONLY,COVARIANCE_AND_SINGULAR_SPECTRUM,MS,TRAIN_EXCLUDING_FOLD,FOLD_5,0.0,1,2,2,True,647,1276,110,34,FROZEN_TRAIN_FOLD_MEDIAN_IQR,1.1371888350927712,41472,0.0,104,1.0682740574372465
EXPLORATORY_CONSUMED_DIAGNOSTIC_ONLY,COVARIANCE_AND_SINGULAR_SPECTRUM,MS,TRAIN_EXCLUDING_FOLD,FOLD_5,0.0,1,2,2,True,647,1276,110,34,FROZEN_TRAIN_FOLD_MEDIAN_IQR,1.1371888350927712,41472,0.0,105,1.0682740574372465
EXPLORATORY_CONSUMED_DIAGNOSTIC_ONLY,COVARIANCE_AND_SINGULAR_SPECTRUM,MS,TRAIN_EXCLUDING_FOLD,FOLD_5,0.0,1,2,2,True,647,1276,110,34,FROZEN_TRAIN_FOLD_MEDIAN_IQR,1.1371888350927712,41472,0.0,106,1.0682740574372465
EXPLORATORY_CONSUMED_DIAGNOSTIC_ONLY,COVARIANCE_AND_SINGULAR_SPECTRUM,MS,TRAIN_EXCLUDING_FOLD,FOLD_5,0.0,1,2,2,True,647,1276,110,34,FROZEN_TRAIN_FOLD_MEDIAN_IQR,1.1371888350927712,41472,0.0,107,1.0682740574372465
EXPLORATORY_CONSUMED_DIAGNOSTIC_ONLY,COVARIANCE_AND_SINGULAR_SPECTRUM,MS,TRAIN_EXCLUDING_FOLD,FOLD_5,0.0,1,2,2,True,647,1276,110,34,FROZEN_TRAIN_FOLD_MEDIAN_IQR,1.1371888350927712,41472,0.0,108,1.0682740574372465
EXPLORATORY_CONSUMED_DIAGNOSTIC_ONLY,COVARIANCE_AND_SINGULAR_SPECTRUM,MS,TRAIN_EXCLUDING_FOLD,FOLD_5,0.0,1,2,2,True,647,1276,110,34,FROZEN_TRAIN_FOLD_MEDIAN_IQR,1.1371888350927712,41472,0.0,109,1.0682740574372465
EXPLORATORY_CONSUMED_DIAGNOSTIC_ONLY,COVARIANCE_AND_SINGULAR_SPECTRUM,MS,TRAIN_EXCLUDING_FOLD,FOLD_5,0.0,1,2,2,True,647,1276,110,34,FROZEN_TRAIN_FOLD_MEDIAN_IQR,1.1371888350927712,41472,0.0,110,1.0682740574372465
EXPLORATORY_CONSUMED_DIAGNOSTIC_ONLY,COVARIANCE_AND_SINGULAR_SPECTRUM,MS,FAMILY,F1,1.569296193559527e+31,1,1,2,True,289,559,110,65,OBSERVABLE_ONLY_GLOBAL_MEDIAN_IQR_FOR_CROSS_FAMILY_COMPARISON,1.0667438461247092,12288,4.39129953731916e+17,1,1.0334056700163776
EXPLORATORY_CONSUMED_DIAGNOSTIC_ONLY,COVARIANCE_AND_SINGULAR_SPECTRUM,MS,FAMILY,F1,5.2269106471298925e+29,1,1,2,True,289,559,110,65,OBSERVABLE_ONLY_GLOBAL_MEDIAN_IQR_FOR_CROSS_FAMILY_COMPARISON,1.0667438461247092,12288,8.014254677256776e+16,2,1.0334056700163776
EXPLORATORY_CONSUMED_DIAGNOSTIC_ONLY,COVARIANCE_AND_SINGULAR_SPECTRUM,MS,FAMILY,F1,1.3905283031362894e+27,1,1,2,True,289,559,110,65,OBSERVABLE_ONLY_GLOBAL_MEDIAN_IQR_FOR_CROSS_FAMILY_COMPARISON,1.0667438461247092,12288,4133619695731421.0,3,1.0334056700163776
EXPLORATORY_CONSUMED_DIAGNOSTIC_ONLY,COVARIANCE_AND_SINGULAR_SPECTRUM,MS,FAMILY,F1,1.487697059462332e+26,1,1,2,True,289,559,110,65,OBSERVABLE_ONLY_GLOBAL_MEDIAN_IQR_FOR_CROSS_FAMILY_COMPARISON,1.0667438461247092,12288,1352065881038092.5,4,1.0334056700163776
EXPLORATORY_CONSUMED_DIAGNOSTIC_ONLY,COVARIANCE_AND_SINGULAR_SPECTRUM,MS,FAMILY,F1,3.199459508157104e+24,1,1,2,True,289,559,110,65,OBSERVABLE_ONLY_GLOBAL_MEDIAN_IQR_FOR_CROSS_FAMILY_COMPARISON,1.0667438461247092,12288,198280000091372.03,5,1.0334056700163776
EXPLORATORY_CONSUMED_DIAGNOSTIC_ONLY,COVARIANCE_AND_SINGULAR_SPECTRUM,MS,FAMILY,F1,3.441076105271161e+23,1,1,2,True,289,559,110,65,OBSERVABLE_ONLY_GLOBAL_MEDIAN_IQR_FOR_CROSS_FAMILY_COMPARISON,1.0667438461247092,12288,65026104897627.1,6,1.0334056700163776
EXPLORATORY_CONSUMED_DIAGNOSTIC_ONLY,COVARIANCE_AND_SINGULAR_SPECTRUM,MS,FAMILY,F1,1.710529535796873e+21,1,1,2,True,289,559,110,65,OBSERVABLE_ONLY_GLOBAL_MEDIAN_IQR_FOR_CROSS_FAMILY_COMPARISON,1.0667438461247092,12288,4584646871447.351,7,1.0334056700163776
EXPLORATORY_CONSUMED_DIAGNOSTIC_ONLY,COVARIANCE_AND_SINGULAR_SPECTRUM,MS,FAMILY,F1,2.275339868951028e+17,1,1,2,True,289,559,110,65,OBSERVABLE_ONLY_GLOBAL_MEDIAN_IQR_FOR_CROSS_FAMILY_COMPARISON,1.0667438461247092,12288,52876626508.95028,8,1.0334056700163776
EXPLORATORY_CONSUMED_DIAGNOSTIC_ONLY,COVARIANCE_AND_SINGULAR_SPECTRUM,MS,FAMILY,F1,7.237889482139312e+16,1,1,2,True,289,559,110,65,OBSERVABLE_ONLY_GLOBAL_MEDIAN_IQR_FOR_CROSS_FAMILY_COMPARISON,1.0667438461247092,12288,29822673581.77799,9,1.0334056700163776
EXPLORATORY_CONSUMED_DIAGNOSTIC_ONLY,COVARIANCE_AND_SINGULAR_SPECTRUM,MS,FAMILY,F1,2.906027990150429e+16,1,1,2,True,289,559,110,65,OBSERVABLE_ONLY_GLOBAL_MEDIAN_IQR_FOR_CROSS_FAMILY_COMPARISON,1.0667438461247092,12288,18896897084.69845,10,1.0334056700163776
EXPLORATORY_CONSUMED_DIAGNOSTIC_ONLY,COVARIANCE_AND_SINGULAR_SPECTRUM,MS,FAMILY,F1,6252075561940463.0,1,1,2,True,289,559,110,65,OBSERVABLE_ONLY_GLOBAL_MEDIAN_IQR_FOR_CROSS_FAMILY_COMPARISON,1.0667438461247092,12288,8765015944.373655,11,1.0334056700163776
EXPLORATORY_CONSUMED_DIAGNOSTIC_ONLY,COVARIANCE_AND_SINGULAR_SPECTRUM,MS,FAMILY,F1,3982466056730558.5,1,1,2,True,289,559,110,65,OBSERVABLE_ONLY_GLOBAL_MEDIAN_IQR_FOR_CROSS_FAMILY_COMPARISON,1.0667438461247092,12288,6995465881.919882,12,1.0334056700163776
EXPLORATORY_CONSUMED_DIAGNOSTIC_ONLY,COVARIANCE_AND_SINGULAR_SPECTRUM,MS,FAMILY,F1,3880908963790121.0,1,1,2,True,289,559,110,65,OBSERVABLE_ONLY_GLOBAL_MEDIAN_IQR_FOR_CROSS_FAMILY_COMPARISON,1.0667438461247092,12288,6905693980.119088,13,1.0334056700163776
EXPLORATORY_CONSUMED_DIAGNOSTIC_ONLY,COVARIANCE_AND_SINGULAR_SPECTRUM,MS,FAMILY,F1,3105831208555631.0,1,1,2,True,289,559,110,65,OBSERVABLE_ONLY_GLOBAL_MEDIAN_IQR_FOR_CROSS_FAMILY_COMPARISON,1.0667438461247092,12288,6177738574.165436,14,1.0334056700163776
EXPLORATORY_CONSUMED_DIAGNOSTIC_ONLY,COVARIANCE_AND_SINGULAR_SPECTRUM,MS,FAMILY,F1,2275024249776617.0,1,1,2,True,289,559,110,65,OBSERVABLE_ONLY_GLOBAL_MEDIAN_IQR_FOR_CROSS_FAMILY_COMPARISON,1.0667438461247092,12288,5287295904.453908,15,1.0334056700163776
EXPLORATORY_CONSUMED_DIAGNOSTIC_ONLY,COVARIANCE_AND_SINGULAR_SPECTRUM,MS,FAMILY,F1,1333594785513768.5,1,1,2,True,289,559,110,65,OBSERVABLE_ONLY_GLOBAL_MEDIAN_IQR_FOR_CROSS_FAMILY_COMPARISON,1.0667438461247092,12288,4048112242.0695286,16,1.0334056700163776
EXPLORATORY_CONSUMED_DIAGNOSTIC_ONLY,COVARIANCE_AND_SINGULAR_SPECTRUM,MS,FAMILY,F1,821091994163988.1,1,1,2,True,289,559,110,65,OBSERVABLE_ONLY_GLOBAL_MEDIAN_IQR_FOR_CROSS_FAMILY_COMPARISON,1.0667438461247092,12288,3176409675.134347,17,1.0334056700163776
EXPLORATORY_CONSUMED_DIAGNOSTIC_ONLY,COVARIANCE_AND_SINGULAR_SPECTRUM,MS,FAMILY,F1,663548251382790.9,1,1,2,True,289,559,110,65,OBSERVABLE_ONLY_GLOBAL_MEDIAN_IQR_FOR_CROSS_FAMILY_COMPARISON,1.0667438461247092,12288,2855465095.7404003,18,1.0334056700163776
EXPLORATORY_CONSUMED_DIAGNOSTIC_ONLY,COVARIANCE_AND_SINGULAR_SPECTRUM,MS,FAMILY,F1,277429941850873.38,1,1,2,True,289,559,110,65,OBSERVABLE_ONLY_GLOBAL_MEDIAN_IQR_FOR_CROSS_FAMILY_COMPARISON,1.0667438461247092,12288,1846363757.622948,19,1.0334056700163776
EXPLORATORY_CONSUMED_DIAGNOSTIC_ONLY,COVARIANCE_AND_SINGULAR_SPECTRUM,MS,FAMILY,F1,223540223698421.47,1,1,2,True,289,559,110,65,OBSERVABLE_ONLY_GLOBAL_MEDIAN_IQR_FOR_CROSS_FAMILY_COMPARISON,1.0667438461247092,12288,1657366063.610029,20,1.0334056700163776
EXPLORATORY_CONSUMED_DIAGNOSTIC_ONLY,COVARIANCE_AND_SINGULAR_SPECTRUM,MS,FAMILY,F1,155884034468651.62,1,1,2,True,289,559,110,65,OBSERVABLE_ONLY_GLOBAL_MEDIAN_IQR_FOR_CROSS_FAMILY_COMPARISON,1.0667438461247092,12288,1384016985.2826197,21,1.0334056700163776
EXPLORATORY_CONSUMED_DIAGNOSTIC_ONLY,COVARIANCE_AND_SINGULAR_SPECTRUM,MS,FAMILY,F1,116380457799248.22,1,1,2,True,289,559,110,65,OBSERVABLE_ONLY_GLOBAL_MEDIAN_IQR_FOR_CROSS_FAMILY_COMPARISON,1.0667438461247092,12288,1195860805.2098546,22,1.0334056700163776
EXPLORATORY_CONSUMED_DIAGNOSTIC_ONLY,COVARIANCE_AND_SINGULAR_SPECTRUM,MS,FAMILY,F1,10225466498731.312,1,1,2,True,289,559,110,65,OBSERVABLE_ONLY_GLOBAL_MEDIAN_IQR_FOR_CROSS_FAMILY_COMPARISON,1.0667438461247092,12288,354472188.3821217,23,1.0334056700163776
EXPLORATORY_CONSUMED_DIAGNOSTIC_ONLY,COVARIANCE_AND_SINGULAR_SPECTRUM,MS,FAMILY,F1,610307.8063632654,1,1,2,True,289,559,110,65,OBSERVABLE_ONLY_GLOBAL_MEDIAN_IQR_FOR_CROSS_FAMILY_COMPARISON,1.0667438461247092,12288,86599.43605238896,24,1.0334056700163776
EXPLORATORY_CONSUMED_DIAGNOSTIC_ONLY,COVARIANCE_AND_SINGULAR_SPECTRUM,MS,FAMILY,F1,14702.90440918519,1,1,2,True,289,559,110,65,OBSERVABLE_ONLY_GLOBAL_MEDIAN_IQR_FOR_CROSS_FAMILY_COMPARISON,1.0667438461247092,12288,13441.327664336868,25,1.0334056700163776
EXPLORATORY_CONSUMED_DIAGNOSTIC_ONLY,COVARIANCE_AND_SINGULAR_SPECTRUM,MS,FAMILY,F1,8344.153960730446,1,1,2,True,289,559,110,65,OBSERVABLE_ONLY_GLOBAL_MEDIAN_IQR_FOR_CROSS_FAMILY_COMPARISON,1.0667438461247092,12288,10125.856204265185,26,1.0334056700163776
EXPLORATORY_CONSUMED_DIAGNOSTIC_ONLY,COVARIANCE_AND_SINGULAR_SPECTRUM,MS,FAMILY,F1,367.5917418655087,1,1,2,True,289,559,110,65,OBSERVABLE_ONLY_GLOBAL_MEDIAN_IQR_FOR_CROSS_FAMILY_COMPARISON,1.0667438461247092,12288,2125.3158174829855,27,1.0334056700163776
EXPLORATORY_CONSUMED_DIAGNOSTIC_ONLY,COVARIANCE_AND_SINGULAR_SPECTRUM,MS,FAMILY,F1,101.53876282113558,1,1,2,True,289,559,110,65,OBSERVABLE_ONLY_GLOBAL_MEDIAN_IQR_FOR_CROSS_FAMILY_COMPARISON,1.0667438461247092,12288,1117.0086470328301,28,1.0334056700163776
EXPLORATORY_CONSUMED_DIAGNOSTIC_ONLY,COVARIANCE_AND_SINGULAR_SPECTRUM,MS,FAMILY,F1,25.126507994768197,1,1,2,True,289,559,110,65,OBSERVABLE_ONLY_GLOBAL_MEDIAN_IQR_FOR_CROSS_FAMILY_COMPARISON,1.0667438461247092,12288,555.6568457597833,29,1.0334056700163776
EXPLORATORY_CONSUMED_DIAGNOSTIC_ONLY,COVARIANCE_AND_SINGULAR_SPECTRUM,MS,FAMILY,F1,12.154740890683286,1,1,2,True,289,559,110,65,OBSERVABLE_ONLY_GLOBAL_MEDIAN_IQR_FOR_CROSS_FAMILY_COMPARISON,1.0667438461247092,12288,386.46792372034736,30,1.0334056700163776
EXPLORATORY_CONSUMED_DIAGNOSTIC_ONLY,COVARIANCE_AND_SINGULAR_SPECTRUM,MS,FAMILY,F1,8.154759629189453,1,1,2,True,289,559,110,65,OBSERVABLE_ONLY_GLOBAL_MEDIAN_IQR_FOR_CROSS_FAMILY_COMPARISON,1.0667438461247092,12288,316.55281758891357,31,1.0334056700163776
EXPLORATORY_CONSUMED_DIAGNOSTIC_ONLY,COVARIANCE_AND_SINGULAR_SPECTRUM,MS,FAMILY,F1,6.7624926848127345,1,1,2,True,289,559,110,65,OBSERVABLE_ONLY_GLOBAL_MEDIAN_IQR_FOR_CROSS_FAMILY_COMPARISON,1.0667438461247092,12288,288.2663874109829,32,1.0334056700163776
EXPLORATORY_CONSUMED_DIAGNOSTIC_ONLY,COVARIANCE_AND_SINGULAR_SPECTRUM,MS,FAMILY,F1,0.9834902091829499,1,1,2,True,289,559,110,65,OBSERVABLE_ONLY_GLOBAL_MEDIAN_IQR_FOR_CROSS_FAMILY_COMPARISON,1.0667438461247092,12288,109.93237780763268,33,1.0334056700163776
EXPLORATORY_CONSUMED_DIAGNOSTIC_ONLY,COVARIANCE_AND_SINGULAR_SPECTRUM,MS,FAMILY,F1,0.8362308272933295,1,1,2,True,289,559,110,65,OBSERVABLE_ONLY_GLOBAL_MEDIAN_IQR_FOR_CROSS_FAMILY_COMPARISON,1.0667438461247092,12288,101.36865593357956,34,1.0334056700163776
EXPLORATORY_CONSUMED_DIAGNOSTIC_ONLY,COVARIANCE_AND_SINGULAR_SPECTRUM,MS,FAMILY,F1,0.455637989930056,1,1,2,True,289,559,110,65,OBSERVABLE_ONLY_GLOBAL_MEDIAN_IQR_FOR_CROSS_FAMILY_COMPARISON,1.0667438461247092,12288,74.82566150900725,35,1.0334056700163776
EXPLORATORY_CONSUMED_DIAGNOSTIC_ONLY,COVARIANCE_AND_SINGULAR_SPECTRUM,MS,FAMILY,F1,0.38277106370101205,1,1,2,True,289,559,110,65,OBSERVABLE_ONLY_GLOBAL_MEDIAN_IQR_FOR_CROSS_FAMILY_COMPARISON,1.0667438461247092,12288,68.58200077832402,36,1.0334056700163776
EXPLORATORY_CONSUMED_DIAGNOSTIC_ONLY,COVARIANCE_AND_SINGULAR_SPECTRUM,MS,FAMILY,F1,0.2459925311130111,1,1,2,True,289,559,110,65,OBSERVABLE_ONLY_GLOBAL_MEDIAN_IQR_FOR_CROSS_FAMILY_COMPARISON,1.0667438461247092,12288,54.97959823713411,37,1.0334056700163776
EXPLORATORY_CONSUMED_DIAGNOSTIC_ONLY,COVARIANCE_AND_SINGULAR_SPECTRUM,MS,FAMILY,F1,0.19167995945084335,1,1,2,True,289,559,110,65,OBSERVABLE_ONLY_GLOBAL_MEDIAN_IQR_FOR_CROSS_FAMILY_COMPARISON,1.0667438461247092,12288,48.5320856931985,38,1.0334056700163776
EXPLORATORY_CONSUMED_DIAGNOSTIC_ONLY,COVARIANCE_AND_SINGULAR_SPECTRUM,MS,FAMILY,F1,0.14528244256755657,1,1,2,True,289,559,110,65,OBSERVABLE_ONLY_GLOBAL_MEDIAN_IQR_FOR_CROSS_FAMILY_COMPARISON,1.0667438461247092,12288,42.251989944500075,39,1.0334056700163776
EXPLORATORY_CONSUMED_DIAGNOSTIC_ONLY,COVARIANCE_AND_SINGULAR_SPECTRUM,MS,FAMILY,F1,0.10354059994949887,1,1,2,True,289,559,110,65,OBSERVABLE_ONLY_GLOBAL_MEDIAN_IQR_FOR_CROSS_FAMILY_COMPARISON,1.0667438461247092,12288,35.669411155490664,40,1.0334056700163776
EXPLORATORY_CONSUMED_DIAGNOSTIC_ONLY,COVARIANCE_AND_SINGULAR_SPECTRUM,MS,FAMILY,F1,0.08601029578531617,1,1,2,True,289,559,110,65,OBSERVABLE_ONLY_GLOBAL_MEDIAN_IQR_FOR_CROSS_FAMILY_COMPARISON,1.0667438461247092,12288,32.50991409724063,41,1.0334056700163776
EXPLORATORY_CONSUMED_DIAGNOSTIC_ONLY,COVARIANCE_AND_SINGULAR_SPECTRUM,MS,FAMILY,F1,0.05893790088247078,1,1,2,True,289,559,110,65,OBSERVABLE_ONLY_GLOBAL_MEDIAN_IQR_FOR_CROSS_FAMILY_COMPARISON,1.0667438461247092,12288,26.91150174263415,42,1.0334056700163776
EXPLORATORY_CONSUMED_DIAGNOSTIC_ONLY,COVARIANCE_AND_SINGULAR_SPECTRUM,MS,FAMILY,F1,0.04039574030333956,1,1,2,True,289,559,110,65,OBSERVABLE_ONLY_GLOBAL_MEDIAN_IQR_FOR_CROSS_FAMILY_COMPARISON,1.0667438461247092,12288,22.27965118325322,43,1.0334056700163776
EXPLORATORY_CONSUMED_DIAGNOSTIC_ONLY,COVARIANCE_AND_SINGULAR_SPECTRUM,MS,FAMILY,F1,0.02216803786699819,1,1,2,True,289,559,110,65,OBSERVABLE_ONLY_GLOBAL_MEDIAN_IQR_FOR_CROSS_FAMILY_COMPARISON,1.0667438461247092,12288,16.50457055817187,44,1.0334056700163776
EXPLORATORY_CONSUMED_DIAGNOSTIC_ONLY,COVARIANCE_AND_SINGULAR_SPECTRUM,MS,FAMILY,F1,0.013103355944308443,1,1,2,True,289,559,110,65,OBSERVABLE_ONLY_GLOBAL_MEDIAN_IQR_FOR_CROSS_FAMILY_COMPARISON,1.0667438461247092,12288,12.689130696925702,45,1.0334056700163776
EXPLORATORY_CONSUMED_DIAGNOSTIC_ONLY,COVARIANCE_AND_SINGULAR_SPECTRUM,MS,FAMILY,F1,0.010622541085958146,1,1,2,True,289,559,110,65,OBSERVABLE_ONLY_GLOBAL_MEDIAN_IQR_FOR_CROSS_FAMILY_COMPARISON,1.0667438461247092,12288,11.424963232512116,46,1.0334056700163776
EXPLORATORY_CONSUMED_DIAGNOSTIC_ONLY,COVARIANCE_AND_SINGULAR_SPECTRUM,MS,FAMILY,F1,0.0050584318222745,1,1,2,True,289,559,110,65,OBSERVABLE_ONLY_GLOBAL_MEDIAN_IQR_FOR_CROSS_FAMILY_COMPARISON,1.0667438461247092,12288,7.884035149091425,47,1.0334056700163776
EXPLORATORY_CONSUMED_DIAGNOSTIC_ONLY,COVARIANCE_AND_SINGULAR_SPECTRUM,MS,FAMILY,F1,0.004959377093219506,1,1,2,True,289,559,110,65,OBSERVABLE_ONLY_GLOBAL_MEDIAN_IQR_FOR_CROSS_FAMILY_COMPARISON,1.0667438461247092,12288,7.806460511748028,48,1.0334056700163776
EXPLORATORY_CONSUMED_DIAGNOSTIC_ONLY,COVARIANCE_AND_SINGULAR_SPECTRUM,MS,FAMILY,F1,0.0024052517226939903,1,1,2,True,289,559,110,65,OBSERVABLE_ONLY_GLOBAL_MEDIAN_IQR_FOR_CROSS_FAMILY_COMPARISON,1.0667438461247092,12288,5.436518478628004,49,1.0334056700163776
EXPLORATORY_CONSUMED_DIAGNOSTIC_ONLY,COVARIANCE_AND_SINGULAR_SPECTRUM,MS,FAMILY,F1,2.631572364102343e-05,1,1,2,True,289,559,110,65,OBSERVABLE_ONLY_GLOBAL_MEDIAN_IQR_FOR_CROSS_FAMILY_COMPARISON,1.0667438461247092,12288,0.568654211363018,50,1.0334056700163776
EXPLORATORY_CONSUMED_DIAGNOSTIC_ONLY,COVARIANCE_AND_SINGULAR_SPECTRUM,MS,FAMILY,F1,1.4249224554987977e-05,1,1,2,True,289,559,110,65,OBSERVABLE_ONLY_GLOBAL_MEDIAN_IQR_FOR_CROSS_FAMILY_COMPARISON,1.0667438461247092,12288,0.41844291287067137,51,1.0334056700163776
EXPLORATORY_CONSUMED_DIAGNOSTIC_ONLY,COVARIANCE_AND_SINGULAR_SPECTRUM,MS,FAMILY,F1,3.3954458898683045e-06,1,1,2,True,289,559,110,65,OBSERVABLE_ONLY_GLOBAL_MEDIAN_IQR_FOR_CROSS_FAMILY_COMPARISON,1.0667438461247092,12288,0.20426267180936836,52,1.0334056700163776
EXPLORATORY_CONSUMED_DIAGNOSTIC_ONLY,COVARIANCE_AND_SINGULAR_SPECTRUM,MS,FAMILY,F1,3.844821188258206e-07,1,1,2,True,289,559,110,65,OBSERVABLE_ONLY_GLOBAL_MEDIAN_IQR_FOR_CROSS_FAMILY_COMPARISON,1.0667438461247092,12288,0.06873511676087911,53,1.0334056700163776
EXPLORATORY_CONSUMED_DIAGNOSTIC_ONLY,COVARIANCE_AND_SINGULAR_SPECTRUM,MS,FAMILY,F1,9.371095279232422e-08,1,1,2,True,289,559,110,65,OBSERVABLE_ONLY_GLOBAL_MEDIAN_IQR_FOR_CROSS_FAMILY_COMPARISON,1.0667438461247092,12288,0.03393405646120251,54,1.0334056700163776
EXPLORATORY_CONSUMED_DIAGNOSTIC_ONLY,COVARIANCE_AND_SINGULAR_SPECTRUM,MS,FAMILY,F1,2.3416627613456085e-08,1,1,2,True,289,559,110,65,OBSERVABLE_ONLY_GLOBAL_MEDIAN_IQR_FOR_CROSS_FAMILY_COMPARISON,1.0667438461247092,12288,0.016963004454227687,55,1.0334056700163776
EXPLORATORY_CONSUMED_DIAGNOSTIC_ONLY,COVARIANCE_AND_SINGULAR_SPECTRUM,MS,FAMILY,F1,1.7204669996002975e-08,1,1,2,True,289,559,110,65,OBSERVABLE_ONLY_GLOBAL_MEDIAN_IQR_FOR_CROSS_FAMILY_COMPARISON,1.0667438461247092,12288,0.014539978848364414,56,1.0334056700163776
EXPLORATORY_CONSUMED_DIAGNOSTIC_ONLY,COVARIANCE_AND_SINGULAR_SPECTRUM,MS,FAMILY,F1,1.2626245990241533e-08,1,1,2,True,289,559,110,65,OBSERVABLE_ONLY_GLOBAL_MEDIAN_IQR_FOR_CROSS_FAMILY_COMPARISON,1.0667438461247092,12288,0.012455974900748954,57,1.0334056700163776
EXPLORATORY_CONSUMED_DIAGNOSTIC_ONLY,COVARIANCE_AND_SINGULAR_SPECTRUM,MS,FAMILY,F1,9.855630619506122e-09,1,1,2,True,289,559,110,65,OBSERVABLE_ONLY_GLOBAL_MEDIAN_IQR_FOR_CROSS_FAMILY_COMPARISON,1.0667438461247092,12288,0.011004816629662269,58,1.0334056700163776
EXPLORATORY_CONSUMED_DIAGNOSTIC_ONLY,COVARIANCE_AND_SINGULAR_SPECTRUM,MS,FAMILY,F1,6.051670228171607e-09,1,1,2,True,289,559,110,65,OBSERVABLE_ONLY_GLOBAL_MEDIAN_IQR_FOR_CROSS_FAMILY_COMPARISON,1.0667438461247092,12288,0.008623393981708867,59,1.0334056700163776
EXPLORATORY_CONSUMED_DIAGNOSTIC_ONLY,COVARIANCE_AND_SINGULAR_SPECTRUM,MS,FAMILY,F1,1.2215021592836848e-09,1,1,2,True,289,559,110,65,OBSERVABLE_ONLY_GLOBAL_MEDIAN_IQR_FOR_CROSS_FAMILY_COMPARISON,1.0667438461247092,12288,0.0038742507060434174,60,1.0334056700163776
EXPLORATORY_CONSUMED_DIAGNOSTIC_ONLY,COVARIANCE_AND_SINGULAR_SPECTRUM,MS,FAMILY,F1,8.242690760954108e-10,1,1,2,True,289,559,110,65,OBSERVABLE_ONLY_GLOBAL_MEDIAN_IQR_FOR_CROSS_FAMILY_COMPARISON,1.0667438461247092,12288,0.003182549042365319,61,1.0334056700163776
EXPLORATORY_CONSUMED_DIAGNOSTIC_ONLY,COVARIANCE_AND_SINGULAR_SPECTRUM,MS,FAMILY,F1,0.0,1,1,2,True,289,559,110,65,OBSERVABLE_ONLY_GLOBAL_MEDIAN_IQR_FOR_CROSS_FAMILY_COMPARISON,1.0667438461247092,12288,0.0,62,1.0334056700163776
EXPLORATORY_CONSUMED_DIAGNOSTIC_ONLY,COVARIANCE_AND_SINGULAR_SPECTRUM,MS,FAMILY,F1,0.0,1,1,2,True,289,559,110,65,OBSERVABLE_ONLY_GLOBAL_MEDIAN_IQR_FOR_CROSS_FAMILY_COMPARISON,1.0667438461247092,12288,0.0,63,1.0334056700163776
EXPLORATORY_CONSUMED_DIAGNOSTIC_ONLY,COVARIANCE_AND_SINGULAR_SPECTRUM,MS,FAMILY,F1,0.0,1,1,2,True,289,559,110,65,OBSERVABLE_ONLY_GLOBAL_MEDIAN_IQR_FOR_CROSS_FAMILY_COMPARISON,1.0667438461247092,12288,0.0,64,1.0334056700163776
EXPLORATORY_CONSUMED_DIAGNOSTIC_ONLY,COVARIANCE_AND_SINGULAR_SPECTRUM,MS,FAMILY,F1,0.0,1,1,2,True,289,559,110,65,OBSERVABLE_ONLY_GLOBAL_MEDIAN_IQR_FOR_CROSS_FAMILY_COMPARISON,1.0667438461247092,12288,0.0,65,1.0334056700163776
EXPLORATORY_CONSUMED_DIAGNOSTIC_ONLY,COVARIANCE_AND_SINGULAR_SPECTRUM,MS,FAMILY,F1,0.0,1,1,2,True,289,559,110,65,OBSERVABLE_ONLY_GLOBAL_MEDIAN_IQR_FOR_CROSS_FAMILY_COMPARISON,1.0667438461247092,12288,0.0,66,1.0334056700163776
EXPLORATORY_CONSUMED_DIAGNOSTIC_ONLY,COVARIANCE_AND_SINGULAR_SPECTRUM,MS,FAMILY,F1,0.0,1,1,2,True,289,559,110,65,OBSERVABLE_ONLY_GLOBAL_MEDIAN_IQR_FOR_CROSS_FAMILY_COMPARISON,1.0667438461247092,12288,0.0,67,1.0334056700163776
EXPLORATORY_CONSUMED_DIAGNOSTIC_ONLY,COVARIANCE_AND_SINGULAR_SPECTRUM,MS,FAMILY,F1,0.0,1,1,2,True,289,559,110,65,OBSERVABLE_ONLY_GLOBAL_MEDIAN_IQR_FOR_CROSS_FAMILY_COMPARISON,1.0667438461247092,12288,0.0,68,1.0334056700163776
EXPLORATORY_CONSUMED_DIAGNOSTIC_ONLY,COVARIANCE_AND_SINGULAR_SPECTRUM,MS,FAMILY,F1,0.0,1,1,2,True,289,559,110,65,OBSERVABLE_ONLY_GLOBAL_MEDIAN_IQR_FOR_CROSS_FAMILY_COMPARISON,1.0667438461247092,12288,0.0,69,1.0334056700163776
EXPLORATORY_CONSUMED_DIAGNOSTIC_ONLY,COVARIANCE_AND_SINGULAR_SPECTRUM,MS,FAMILY,F1,0.0,1,1,2,True,289,559,110,65,OBSERVABLE_ONLY_GLOBAL_MEDIAN_IQR_FOR_CROSS_FAMILY_COMPARISON,1.0667438461247092,12288,0.0,70,1.0334056700163776
EXPLORATORY_CONSUMED_DIAGNOSTIC_ONLY,COVARIANCE_AND_SINGULAR_SPECTRUM,MS,FAMILY,F1,0.0,1,1,2,True,289,559,110,65,OBSERVABLE_ONLY_GLOBAL_MEDIAN_IQR_FOR_CROSS_FAMILY_COMPARISON,1.0667438461247092,12288,0.0,71,1.0334056700163776
EXPLORATORY_CONSUMED_DIAGNOSTIC_ONLY,COVARIANCE_AND_SINGULAR_SPECTRUM,MS,FAMILY,F1,0.0,1,1,2,True,289,559,110,65,OBSERVABLE_ONLY_GLOBAL_MEDIAN_IQR_FOR_CROSS_FAMILY_COMPARISON,1.0667438461247092,12288,0.0,72,1.0334056700163776
EXPLORATORY_CONSUMED_DIAGNOSTIC_ONLY,COVARIANCE_AND_SINGULAR_SPECTRUM,MS,FAMILY,F1,0.0,1,1,2,True,289,559,110,65,OBSERVABLE_ONLY_GLOBAL_MEDIAN_IQR_FOR_CROSS_FAMILY_COMPARISON,1.0667438461247092,12288,0.0,73,1.0334056700163776
EXPLORATORY_CONSUMED_DIAGNOSTIC_ONLY,COVARIANCE_AND_SINGULAR_SPECTRUM,MS,FAMILY,F1,0.0,1,1,2,True,289,559,110,65,OBSERVABLE_ONLY_GLOBAL_MEDIAN_IQR_FOR_CROSS_FAMILY_COMPARISON,1.0667438461247092,12288,0.0,74,1.0334056700163776
EXPLORATORY_CONSUMED_DIAGNOSTIC_ONLY,COVARIANCE_AND_SINGULAR_SPECTRUM,MS,FAMILY,F1,0.0,1,1,2,True,289,559,110,65,OBSERVABLE_ONLY_GLOBAL_MEDIAN_IQR_FOR_CROSS_FAMILY_COMPARISON,1.0667438461247092,12288,0.0,75,1.0334056700163776
EXPLORATORY_CONSUMED_DIAGNOSTIC_ONLY,COVARIANCE_AND_SINGULAR_SPECTRUM,MS,FAMILY,F1,0.0,1,1,2,True,289,559,110,65,OBSERVABLE_ONLY_GLOBAL_MEDIAN_IQR_FOR_CROSS_FAMILY_COMPARISON,1.0667438461247092,12288,0.0,76,1.0334056700163776
EXPLORATORY_CONSUMED_DIAGNOSTIC_ONLY,COVARIANCE_AND_SINGULAR_SPECTRUM,MS,FAMILY,F1,0.0,1,1,2,True,289,559,110,65,OBSERVABLE_ONLY_GLOBAL_MEDIAN_IQR_FOR_CROSS_FAMILY_COMPARISON,1.0667438461247092,12288,0.0,77,1.0334056700163776
EXPLORATORY_CONSUMED_DIAGNOSTIC_ONLY,COVARIANCE_AND_SINGULAR_SPECTRUM,MS,FAMILY,F1,0.0,1,1,2,True,289,559,110,65,OBSERVABLE_ONLY_GLOBAL_MEDIAN_IQR_FOR_CROSS_FAMILY_COMPARISON,1.0667438461247092,12288,0.0,78,1.0334056700163776
EXPLORATORY_CONSUMED_DIAGNOSTIC_ONLY,COVARIANCE_AND_SINGULAR_SPECTRUM,MS,FAMILY,F1,0.0,1,1,2,True,289,559,110,65,OBSERVABLE_ONLY_GLOBAL_MEDIAN_IQR_FOR_CROSS_FAMILY_COMPARISON,1.0667438461247092,12288,0.0,79,1.0334056700163776
EXPLORATORY_CONSUMED_DIAGNOSTIC_ONLY,COVARIANCE_AND_SINGULAR_SPECTRUM,MS,FAMILY,F1,0.0,1,1,2,True,289,559,110,65,OBSERVABLE_ONLY_GLOBAL_MEDIAN_IQR_FOR_CROSS_FAMILY_COMPARISON,1.0667438461247092,12288,0.0,80,1.0334056700163776
EXPLORATORY_CONSUMED_DIAGNOSTIC_ONLY,COVARIANCE_AND_SINGULAR_SPECTRUM,MS,FAMILY,F1,0.0,1,1,2,True,289,559,110,65,OBSERVABLE_ONLY_GLOBAL_MEDIAN_IQR_FOR_CROSS_FAMILY_COMPARISON,1.0667438461247092,12288,0.0,81,1.0334056700163776
EXPLORATORY_CONSUMED_DIAGNOSTIC_ONLY,COVARIANCE_AND_SINGULAR_SPECTRUM,MS,FAMILY,F1,0.0,1,1,2,True,289,559,110,65,OBSERVABLE_ONLY_GLOBAL_MEDIAN_IQR_FOR_CROSS_FAMILY_COMPARISON,1.0667438461247092,12288,0.0,82,1.0334056700163776
EXPLORATORY_CONSUMED_DIAGNOSTIC_ONLY,COVARIANCE_AND_SINGULAR_SPECTRUM,MS,FAMILY,F1,0.0,1,1,2,True,289,559,110,65,OBSERVABLE_ONLY_GLOBAL_MEDIAN_IQR_FOR_CROSS_FAMILY_COMPARISON,1.0667438461247092,12288,0.0,83,1.0334056700163776
EXPLORATORY_CONSUMED_DIAGNOSTIC_ONLY,COVARIANCE_AND_SINGULAR_SPECTRUM,MS,FAMILY,F1,0.0,1,1,2,True,289,559,110,65,OBSERVABLE_ONLY_GLOBAL_MEDIAN_IQR_FOR_CROSS_FAMILY_COMPARISON,1.0667438461247092,12288,0.0,84,1.0334056700163776
EXPLORATORY_CONSUMED_DIAGNOSTIC_ONLY,COVARIANCE_AND_SINGULAR_SPECTRUM,MS,FAMILY,F1,0.0,1,1,2,True,289,559,110,65,OBSERVABLE_ONLY_GLOBAL_MEDIAN_IQR_FOR_CROSS_FAMILY_COMPARISON,1.0667438461247092,12288,0.0,85,1.0334056700163776
EXPLORATORY_CONSUMED_DIAGNOSTIC_ONLY,COVARIANCE_AND_SINGULAR_SPECTRUM,MS,FAMILY,F1,0.0,1,1,2,True,289,559,110,65,OBSERVABLE_ONLY_GLOBAL_MEDIAN_IQR_FOR_CROSS_FAMILY_COMPARISON,1.0667438461247092,12288,0.0,86,1.0334056700163776
EXPLORATORY_CONSUMED_DIAGNOSTIC_ONLY,COVARIANCE_AND_SINGULAR_SPECTRUM,MS,FAMILY,F1,0.0,1,1,2,True,289,559,110,65,OBSERVABLE_ONLY_GLOBAL_MEDIAN_IQR_FOR_CROSS_FAMILY_COMPARISON,1.0667438461247092,12288,0.0,87,1.0334056700163776
EXPLORATORY_CONSUMED_DIAGNOSTIC_ONLY,COVARIANCE_AND_SINGULAR_SPECTRUM,MS,FAMILY,F1,0.0,1,1,2,True,289,559,110,65,OBSERVABLE_ONLY_GLOBAL_MEDIAN_IQR_FOR_CROSS_FAMILY_COMPARISON,1.0667438461247092,12288,0.0,88,1.0334056700163776
EXPLORATORY_CONSUMED_DIAGNOSTIC_ONLY,COVARIANCE_AND_SINGULAR_SPECTRUM,MS,FAMILY,F1,0.0,1,1,2,True,289,559,110,65,OBSERVABLE_ONLY_GLOBAL_MEDIAN_IQR_FOR_CROSS_FAMILY_COMPARISON,1.0667438461247092,12288,0.0,89,1.0334056700163776
EXPLORATORY_CONSUMED_DIAGNOSTIC_ONLY,COVARIANCE_AND_SINGULAR_SPECTRUM,MS,FAMILY,F1,0.0,1,1,2,True,289,559,110,65,OBSERVABLE_ONLY_GLOBAL_MEDIAN_IQR_FOR_CROSS_FAMILY_COMPARISON,1.0667438461247092,12288,0.0,90,1.0334056700163776
EXPLORATORY_CONSUMED_DIAGNOSTIC_ONLY,COVARIANCE_AND_SINGULAR_SPECTRUM,MS,FAMILY,F1,0.0,1,1,2,True,289,559,110,65,OBSERVABLE_ONLY_GLOBAL_MEDIAN_IQR_FOR_CROSS_FAMILY_COMPARISON,1.0667438461247092,12288,0.0,91,1.0334056700163776
EXPLORATORY_CONSUMED_DIAGNOSTIC_ONLY,COVARIANCE_AND_SINGULAR_SPECTRUM,MS,FAMILY,F1,0.0,1,1,2,True,289,559,110,65,OBSERVABLE_ONLY_GLOBAL_MEDIAN_IQR_FOR_CROSS_FAMILY_COMPARISON,1.0667438461247092,12288,0.0,92,1.0334056700163776
EXPLORATORY_CONSUMED_DIAGNOSTIC_ONLY,COVARIANCE_AND_SINGULAR_SPECTRUM,MS,FAMILY,F1,0.0,1,1,2,True,289,559,110,65,OBSERVABLE_ONLY_GLOBAL_MEDIAN_IQR_FOR_CROSS_FAMILY_COMPARISON,1.0667438461247092,12288,0.0,93,1.0334056700163776
EXPLORATORY_CONSUMED_DIAGNOSTIC_ONLY,COVARIANCE_AND_SINGULAR_SPECTRUM,MS,FAMILY,F1,0.0,1,1,2,True,289,559,110,65,OBSERVABLE_ONLY_GLOBAL_MEDIAN_IQR_FOR_CROSS_FAMILY_COMPARISON,1.0667438461247092,12288,0.0,94,1.0334056700163776
EXPLORATORY_CONSUMED_DIAGNOSTIC_ONLY,COVARIANCE_AND_SINGULAR_SPECTRUM,MS,FAMILY,F1,0.0,1,1,2,True,289,559,110,65,OBSERVABLE_ONLY_GLOBAL_MEDIAN_IQR_FOR_CROSS_FAMILY_COMPARISON,1.0667438461247092,12288,0.0,95,1.0334056700163776
EXPLORATORY_CONSUMED_DIAGNOSTIC_ONLY,COVARIANCE_AND_SINGULAR_SPECTRUM,MS,FAMILY,F1,0.0,1,1,2,True,289,559,110,65,OBSERVABLE_ONLY_GLOBAL_MEDIAN_IQR_FOR_CROSS_FAMILY_COMPARISON,1.0667438461247092,12288,0.0,96,1.0334056700163776
EXPLORATORY_CONSUMED_DIAGNOSTIC_ONLY,COVARIANCE_AND_SINGULAR_SPECTRUM,MS,FAMILY,F1,0.0,1,1,2,True,289,559,110,65,OBSERVABLE_ONLY_GLOBAL_MEDIAN_IQR_FOR_CROSS_FAMILY_COMPARISON,1.0667438461247092,12288,0.0,97,1.0334056700163776
EXPLORATORY_CONSUMED_DIAGNOSTIC_ONLY,COVARIANCE_AND_SINGULAR_SPECTRUM,MS,FAMILY,F1,0.0,1,1,2,True,289,559,110,65,OBSERVABLE_ONLY_GLOBAL_MEDIAN_IQR_FOR_CROSS_FAMILY_COMPARISON,1.0667438461247092,12288,0.0,98,1.0334056700163776
EXPLORATORY_CONSUMED_DIAGNOSTIC_ONLY,COVARIANCE_AND_SINGULAR_SPECTRUM,MS,FAMILY,F1,0.0,1,1,2,True,289,559,110,65,OBSERVABLE_ONLY_GLOBAL_MEDIAN_IQR_FOR_CROSS_FAMILY_COMPARISON,1.0667438461247092,12288,0.0,99,1.0334056700163776
EXPLORATORY_CONSUMED_DIAGNOSTIC_ONLY,COVARIANCE_AND_SINGULAR_SPECTRUM,MS,FAMILY,F1,0.0,1,1,2,True,289,559,110,65,OBSERVABLE_ONLY_GLOBAL_MEDIAN_IQR_FOR_CROSS_FAMILY_COMPARISON,1.0667438461247092,12288,0.0,100,1.0334056700163776
EXPLORATORY_CONSUMED_DIAGNOSTIC_ONLY,COVARIANCE_AND_SINGULAR_SPECTRUM,MS,FAMILY,F1,0.0,1,1,2,True,289,559,110,65,OBSERVABLE_ONLY_GLOBAL_MEDIAN_IQR_FOR_CROSS_FAMILY_COMPARISON,1.0667438461247092,12288,0.0,101,1.0334056700163776
EXPLORATORY_CONSUMED_DIAGNOSTIC_ONLY,COVARIANCE_AND_SINGULAR_SPECTRUM,MS,FAMILY,F1,0.0,1,1,2,True,289,559,110,65,OBSERVABLE_ONLY_GLOBAL_MEDIAN_IQR_FOR_CROSS_FAMILY_COMPARISON,1.0667438461247092,12288,0.0,102,1.0334056700163776
EXPLORATORY_CONSUMED_DIAGNOSTIC_ONLY,COVARIANCE_AND_SINGULAR_SPECTRUM,MS,FAMILY,F1,0.0,1,1,2,True,289,559,110,65,OBSERVABLE_ONLY_GLOBAL_MEDIAN_IQR_FOR_CROSS_FAMILY_COMPARISON,1.0667438461247092,12288,0.0,103,1.0334056700163776
EXPLORATORY_CONSUMED_DIAGNOSTIC_ONLY,COVARIANCE_AND_SINGULAR_SPECTRUM,MS,FAMILY,F1,0.0,1,1,2,True,289,559,110,65,OBSERVABLE_ONLY_GLOBAL_MEDIAN_IQR_FOR_CROSS_FAMILY_COMPARISON,1.0667438461247092,12288,0.0,104,1.0334056700163776
EXPLORATORY_CONSUMED_DIAGNOSTIC_ONLY,COVARIANCE_AND_SINGULAR_SPECTRUM,MS,FAMILY,F1,0.0,1,1,2,True,289,559,110,65,OBSERVABLE_ONLY_GLOBAL_MEDIAN_IQR_FOR_CROSS_FAMILY_COMPARISON,1.0667438461247092,12288,0.0,105,1.0334056700163776
EXPLORATORY_CONSUMED_DIAGNOSTIC_ONLY,COVARIANCE_AND_SINGULAR_SPECTRUM,MS,FAMILY,F1,0.0,1,1,2,True,289,559,110,65,OBSERVABLE_ONLY_GLOBAL_MEDIAN_IQR_FOR_CROSS_FAMILY_COMPARISON,1.0667438461247092,12288,0.0,106,1.0334056700163776
EXPLORATORY_CONSUMED_DIAGNOSTIC_ONLY,COVARIANCE_AND_SINGULAR_SPECTRUM,MS,FAMILY,F1,0.0,1,1,2,True,289,559,110,65,OBSERVABLE_ONLY_GLOBAL_MEDIAN_IQR_FOR_CROSS_FAMILY_COMPARISON,1.0667438461247092,12288,0.0,107,1.0334056700163776
EXPLORATORY_CONSUMED_DIAGNOSTIC_ONLY,COVARIANCE_AND_SINGULAR_SPECTRUM,MS,FAMILY,F1,0.0,1,1,2,True,289,559,110,65,OBSERVABLE_ONLY_GLOBAL_MEDIAN_IQR_FOR_CROSS_FAMILY_COMPARISON,1.0667438461247092,12288,0.0,108,1.0334056700163776
EXPLORATORY_CONSUMED_DIAGNOSTIC_ONLY,COVARIANCE_AND_SINGULAR_SPECTRUM,MS,FAMILY,F1,0.0,1,1,2,True,289,559,110,65,OBSERVABLE_ONLY_GLOBAL_MEDIAN_IQR_FOR_CROSS_FAMILY_COMPARISON,1.0667438461247092,12288,0.0,109,1.0334056700163776
EXPLORATORY_CONSUMED_DIAGNOSTIC_ONLY,COVARIANCE_AND_SINGULAR_SPECTRUM,MS,FAMILY,F1,0.0,1,1,2,True,289,559,110,65,OBSERVABLE_ONLY_GLOBAL_MEDIAN_IQR_FOR_CROSS_FAMILY_COMPARISON,1.0667438461247092,12288,0.0,110,1.0334056700163776
EXPLORATORY_CONSUMED_DIAGNOSTIC_ONLY,COVARIANCE_AND_SINGULAR_SPECTRUM,MS,FAMILY,F2,7.106964198274242e+30,1,1,2,True,7,14,110,34,OBSERVABLE_ONLY_GLOBAL_MEDIAN_IQR_FOR_CROSS_FAMILY_COMPARISON,1.0335952033656406,12288,2.955171332907686e+17,1,1.016798907079678
EXPLORATORY_CONSUMED_DIAGNOSTIC_ONLY,COVARIANCE_AND_SINGULAR_SPECTRUM,MS,FAMILY,F2,1.1796665122132679e+29,1,1,2,True,7,14,110,34,OBSERVABLE_ONLY_GLOBAL_MEDIAN_IQR_FOR_CROSS_FAMILY_COMPARISON,1.0335952033656406,12288,3.80732742249424e+16,2,1.016798907079678
EXPLORATORY_CONSUMED_DIAGNOSTIC_ONLY,COVARIANCE_AND_SINGULAR_SPECTRUM,MS,FAMILY,F2,1.3945649018176038e+27,1,1,2,True,7,14,110,34,OBSERVABLE_ONLY_GLOBAL_MEDIAN_IQR_FOR_CROSS_FAMILY_COMPARISON,1.0335952033656406,12288,4139615140750975.0,3,1.016798907079678
EXPLORATORY_CONSUMED_DIAGNOSTIC_ONLY,COVARIANCE_AND_SINGULAR_SPECTRUM,MS,FAMILY,F2,2.7002026272172925e+25,1,1,2,True,7,14,110,34,OBSERVABLE_ONLY_GLOBAL_MEDIAN_IQR_FOR_CROSS_FAMILY_COMPARISON,1.0335952033656406,12288,576021613164350.8,4,1.016798907079678
EXPLORATORY_CONSUMED_DIAGNOSTIC_ONLY,COVARIANCE_AND_SINGULAR_SPECTRUM,MS,FAMILY,F2,6.82782615071956e+23,1,1,2,True,7,14,110,34,OBSERVABLE_ONLY_GLOBAL_MEDIAN_IQR_FOR_CROSS_FAMILY_COMPARISON,1.0335952033656406,12288,91597122083634.23,5,1.016798907079678
EXPLORATORY_CONSUMED_DIAGNOSTIC_ONLY,COVARIANCE_AND_SINGULAR_SPECTRUM,MS,FAMILY,F2,3.293253111675713e+23,1,1,2,True,7,14,110,34,OBSERVABLE_ONLY_GLOBAL_MEDIAN_IQR_FOR_CROSS_FAMILY_COMPARISON,1.0335952033656406,12288,63614066240314.46,6,1.016798907079678
EXPLORATORY_CONSUMED_DIAGNOSTIC_ONLY,COVARIANCE_AND_SINGULAR_SPECTRUM,MS,FAMILY,F2,9.279176637700059e+20,1,1,2,True,7,14,110,34,OBSERVABLE_ONLY_GLOBAL_MEDIAN_IQR_FOR_CROSS_FAMILY_COMPARISON,1.0335952033656406,12288,3376722116551.173,7,1.016798907079678
EXPLORATORY_CONSUMED_DIAGNOSTIC_ONLY,COVARIANCE_AND_SINGULAR_SPECTRUM,MS,FAMILY,F2,1.2076394434041458e+17,1,1,2,True,7,14,110,34,OBSERVABLE_ONLY_GLOBAL_MEDIAN_IQR_FOR_CROSS_FAMILY_COMPARISON,1.0335952033656406,12288,38522037174.259285,8,1.016798907079678
EXPLORATORY_CONSUMED_DIAGNOSTIC_ONLY,COVARIANCE_AND_SINGULAR_SPECTRUM,MS,FAMILY,F2,9967067240977512.0,1,1,2,True,7,14,110,34,OBSERVABLE_ONLY_GLOBAL_MEDIAN_IQR_FOR_CROSS_FAMILY_COMPARISON,1.0335952033656406,12288,11066856927.652569,9,1.016798907079678
EXPLORATORY_CONSUMED_DIAGNOSTIC_ONLY,COVARIANCE_AND_SINGULAR_SPECTRUM,MS,FAMILY,F2,3079926858709096.5,1,1,2,True,7,14,110,34,OBSERVABLE_ONLY_GLOBAL_MEDIAN_IQR_FOR_CROSS_FAMILY_COMPARISON,1.0335952033656406,12288,6151921751.763215,10,1.016798907079678
EXPLORATORY_CONSUMED_DIAGNOSTIC_ONLY,COVARIANCE_AND_SINGULAR_SPECTRUM,MS,FAMILY,F2,2008390164884166.2,1,1,2,True,7,14,110,34,OBSERVABLE_ONLY_GLOBAL_MEDIAN_IQR_FOR_CROSS_FAMILY_COMPARISON,1.0335952033656406,12288,4967806190.472474,11,1.016798907079678
EXPLORATORY_CONSUMED_DIAGNOSTIC_ONLY,COVARIANCE_AND_SINGULAR_SPECTRUM,MS,FAMILY,F2,1853704962275757.8,1,1,2,True,7,14,110,34,OBSERVABLE_ONLY_GLOBAL_MEDIAN_IQR_FOR_CROSS_FAMILY_COMPARISON,1.0335952033656406,12288,4772664515.388077,12,1.016798907079678
EXPLORATORY_CONSUMED_DIAGNOSTIC_ONLY,COVARIANCE_AND_SINGULAR_SPECTRUM,MS,FAMILY,F2,1827318346665943.0,1,1,2,True,7,14,110,34,OBSERVABLE_ONLY_GLOBAL_MEDIAN_IQR_FOR_CROSS_FAMILY_COMPARISON,1.0335952033656406,12288,4738574452.7052765,13,1.016798907079678
EXPLORATORY_CONSUMED_DIAGNOSTIC_ONLY,COVARIANCE_AND_SINGULAR_SPECTRUM,MS,FAMILY,F2,1573016411770896.2,1,1,2,True,7,14,110,34,OBSERVABLE_ONLY_GLOBAL_MEDIAN_IQR_FOR_CROSS_FAMILY_COMPARISON,1.0335952033656406,12288,4396501525.968207,14,1.016798907079678
EXPLORATORY_CONSUMED_DIAGNOSTIC_ONLY,COVARIANCE_AND_SINGULAR_SPECTRUM,MS,FAMILY,F2,1460447883859200.0,1,1,2,True,7,14,110,34,OBSERVABLE_ONLY_GLOBAL_MEDIAN_IQR_FOR_CROSS_FAMILY_COMPARISON,1.0335952033656406,12288,4236270009.909879,15,1.016798907079678
EXPLORATORY_CONSUMED_DIAGNOSTIC_ONLY,COVARIANCE_AND_SINGULAR_SPECTRUM,MS,FAMILY,F2,1068463263023090.8,1,1,2,True,7,14,110,34,OBSERVABLE_ONLY_GLOBAL_MEDIAN_IQR_FOR_CROSS_FAMILY_COMPARISON,1.0335952033656406,12288,3623434362.042141,16,1.016798907079678
EXPLORATORY_CONSUMED_DIAGNOSTIC_ONLY,COVARIANCE_AND_SINGULAR_SPECTRUM,MS,FAMILY,F2,888227635011031.5,1,1,2,True,7,14,110,34,OBSERVABLE_ONLY_GLOBAL_MEDIAN_IQR_FOR_CROSS_FAMILY_COMPARISON,1.0335952033656406,12288,3303716267.9345746,17,1.016798907079678
EXPLORATORY_CONSUMED_DIAGNOSTIC_ONLY,COVARIANCE_AND_SINGULAR_SPECTRUM,MS,FAMILY,F2,362217997165161.7,1,1,2,True,7,14,110,34,OBSERVABLE_ONLY_GLOBAL_MEDIAN_IQR_FOR_CROSS_FAMILY_COMPARISON,1.0335952033656406,12288,2109723856.1398282,18,1.016798907079678
EXPLORATORY_CONSUMED_DIAGNOSTIC_ONLY,COVARIANCE_AND_SINGULAR_SPECTRUM,MS,FAMILY,F2,304497090694786.94,1,1,2,True,7,14,110,34,OBSERVABLE_ONLY_GLOBAL_MEDIAN_IQR_FOR_CROSS_FAMILY_COMPARISON,1.0335952033656406,12288,1934337160.4912992,19,1.016798907079678
EXPLORATORY_CONSUMED_DIAGNOSTIC_ONLY,COVARIANCE_AND_SINGULAR_SPECTRUM,MS,FAMILY,F2,190958523675637.38,1,1,2,True,7,14,110,34,OBSERVABLE_ONLY_GLOBAL_MEDIAN_IQR_FOR_CROSS_FAMILY_COMPARISON,1.0335952033656406,12288,1531828429.9901972,20,1.016798907079678
EXPLORATORY_CONSUMED_DIAGNOSTIC_ONLY,COVARIANCE_AND_SINGULAR_SPECTRUM,MS,FAMILY,F2,114786103334779.44,1,1,2,True,7,14,110,34,OBSERVABLE_ONLY_GLOBAL_MEDIAN_IQR_FOR_CROSS_FAMILY_COMPARISON,1.0335952033656406,12288,1187641207.5108247,21,1.016798907079678
EXPLORATORY_CONSUMED_DIAGNOSTIC_ONLY,COVARIANCE_AND_SINGULAR_SPECTRUM,MS,FAMILY,F2,64766362681914.4,1,1,2,True,7,14,110,34,OBSERVABLE_ONLY_GLOBAL_MEDIAN_IQR_FOR_CROSS_FAMILY_COMPARISON,1.0335952033656406,12288,892103729.7508425,22,1.016798907079678
EXPLORATORY_CONSUMED_DIAGNOSTIC_ONLY,COVARIANCE_AND_SINGULAR_SPECTRUM,MS,FAMILY,F2,48461939037188.055,1,1,2,True,7,14,110,34,OBSERVABLE_ONLY_GLOBAL_MEDIAN_IQR_FOR_CROSS_FAMILY_COMPARISON,1.0335952033656406,12288,771686663.6718343,23,1.016798907079678
EXPLORATORY_CONSUMED_DIAGNOSTIC_ONLY,COVARIANCE_AND_SINGULAR_SPECTRUM,MS,FAMILY,F2,34439652617712.824,1,1,2,True,7,14,110,34,OBSERVABLE_ONLY_GLOBAL_MEDIAN_IQR_FOR_CROSS_FAMILY_COMPARISON,1.0335952033656406,12288,650533974.0293778,24,1.016798907079678
EXPLORATORY_CONSUMED_DIAGNOSTIC_ONLY,COVARIANCE_AND_SINGULAR_SPECTRUM,MS,FAMILY,F2,13142901829901.287,1,1,2,True,7,14,110,34,OBSERVABLE_ONLY_GLOBAL_MEDIAN_IQR_FOR_CROSS_FAMILY_COMPARISON,1.0335952033656406,12288,401870598.1853201,25,1.016798907079678
EXPLORATORY_CONSUMED_DIAGNOSTIC_ONLY,COVARIANCE_AND_SINGULAR_SPECTRUM,MS,FAMILY,F2,394193923.7152824,1,1,2,True,7,14,110,34,OBSERVABLE_ONLY_GLOBAL_MEDIAN_IQR_FOR_CROSS_FAMILY_COMPARISON,1.0335952033656406,12288,2200875.9471204616,26,1.016798907079678
EXPLORATORY_CONSUMED_DIAGNOSTIC_ONLY,COVARIANCE_AND_SINGULAR_SPECTRUM,MS,FAMILY,F2,151003.6260077707,1,1,2,True,7,14,110,34,OBSERVABLE_ONLY_GLOBAL_MEDIAN_IQR_FOR_CROSS_FAMILY_COMPARISON,1.0335952033656406,12288,43075.89298416791,27,1.016798907079678
EXPLORATORY_CONSUMED_DIAGNOSTIC_ONLY,COVARIANCE_AND_SINGULAR_SPECTRUM,MS,FAMILY,F2,4821.719420118021,1,1,2,True,7,14,110,34,OBSERVABLE_ONLY_GLOBAL_MEDIAN_IQR_FOR_CROSS_FAMILY_COMPARISON,1.0335952033656406,12288,7697.35592488812,28,1.016798907079678
EXPLORATORY_CONSUMED_DIAGNOSTIC_ONLY,COVARIANCE_AND_SINGULAR_SPECTRUM,MS,FAMILY,F2,2109.85164010923,1,1,2,True,7,14,110,34,OBSERVABLE_ONLY_GLOBAL_MEDIAN_IQR_FOR_CROSS_FAMILY_COMPARISON,1.0335952033656406,12288,5091.743999226809,29,1.016798907079678
EXPLORATORY_CONSUMED_DIAGNOSTIC_ONLY,COVARIANCE_AND_SINGULAR_SPECTRUM,MS,FAMILY,F2,189.68264216416074,1,1,2,True,7,14,110,34,OBSERVABLE_ONLY_GLOBAL_MEDIAN_IQR_FOR_CROSS_FAMILY_COMPARISON,1.0335952033656406,12288,1526.7024290650772,30,1.016798907079678
EXPLORATORY_CONSUMED_DIAGNOSTIC_ONLY,COVARIANCE_AND_SINGULAR_SPECTRUM,MS,FAMILY,F2,74.11199090786931,1,1,2,True,7,14,110,34,OBSERVABLE_ONLY_GLOBAL_MEDIAN_IQR_FOR_CROSS_FAMILY_COMPARISON,1.0335952033656406,12288,954.2998188598267,31,1.016798907079678
EXPLORATORY_CONSUMED_DIAGNOSTIC_ONLY,COVARIANCE_AND_SINGULAR_SPECTRUM,MS,FAMILY,F2,5.953425880267196,1,1,2,True,7,14,110,34,OBSERVABLE_ONLY_GLOBAL_MEDIAN_IQR_FOR_CROSS_FAMILY_COMPARISON,1.0335952033656406,12288,270.47309887810155,32,1.016798907079678
EXPLORATORY_CONSUMED_DIAGNOSTIC_ONLY,COVARIANCE_AND_SINGULAR_SPECTRUM,MS,FAMILY,F2,2.8055546198661037,1,1,2,True,7,14,110,34,OBSERVABLE_ONLY_GLOBAL_MEDIAN_IQR_FOR_CROSS_FAMILY_COMPARISON,1.0335952033656406,12288,185.67351768336454,33,1.016798907079678
EXPLORATORY_CONSUMED_DIAGNOSTIC_ONLY,COVARIANCE_AND_SINGULAR_SPECTRUM,MS,FAMILY,F2,2.531044096049815,1,1,2,True,7,14,110,34,OBSERVABLE_ONLY_GLOBAL_MEDIAN_IQR_FOR_CROSS_FAMILY_COMPARISON,1.0335952033656406,12288,176.35608821999915,34,1.016798907079678
EXPLORATORY_CONSUMED_DIAGNOSTIC_ONLY,COVARIANCE_AND_SINGULAR_SPECTRUM,MS,FAMILY,F2,1.863370494188991,1,1,2,True,7,14,110,34,OBSERVABLE_ONLY_GLOBAL_MEDIAN_IQR_FOR_CROSS_FAMILY_COMPARISON,1.0335952033656406,12288,151.3178662042071,35,1.016798907079678
EXPLORATORY_CONSUMED_DIAGNOSTIC_ONLY,COVARIANCE_AND_SINGULAR_SPECTRUM,MS,FAMILY,F2,0.9108810123287822,1,1,2,True,7,14,110,34,OBSERVABLE_ONLY_GLOBAL_MEDIAN_IQR_FOR_CROSS_FAMILY_COMPARISON,1.0335952033656406,12288,105.79653056455147,36,1.016798907079678
EXPLORATORY_CONSUMED_DIAGNOSTIC_ONLY,COVARIANCE_AND_SINGULAR_SPECTRUM,MS,FAMILY,F2,0.731967932518032,1,1,2,True,7,14,110,34,OBSERVABLE_ONLY_GLOBAL_MEDIAN_IQR_FOR_CROSS_FAMILY_COMPARISON,1.0335952033656406,12288,94.83892636877316,37,1.016798907079678
EXPLORATORY_CONSUMED_DIAGNOSTIC_ONLY,COVARIANCE_AND_SINGULAR_SPECTRUM,MS,FAMILY,F2,0.3022592844903085,1,1,2,True,7,14,110,34,OBSERVABLE_ONLY_GLOBAL_MEDIAN_IQR_FOR_CROSS_FAMILY_COMPARISON,1.0335952033656406,12288,60.94392576637077,38,1.016798907079678
EXPLORATORY_CONSUMED_DIAGNOSTIC_ONLY,COVARIANCE_AND_SINGULAR_SPECTRUM,MS,FAMILY,F2,0.13815035041830778,1,1,2,True,7,14,110,34,OBSERVABLE_ONLY_GLOBAL_MEDIAN_IQR_FOR_CROSS_FAMILY_COMPARISON,1.0335952033656406,12288,41.20183862329648,39,1.016798907079678
EXPLORATORY_CONSUMED_DIAGNOSTIC_ONLY,COVARIANCE_AND_SINGULAR_SPECTRUM,MS,FAMILY,F2,0.11868195691806256,1,1,2,True,7,14,110,34,OBSERVABLE_ONLY_GLOBAL_MEDIAN_IQR_FOR_CROSS_FAMILY_COMPARISON,1.0335952033656406,12288,38.188530825486765,40,1.016798907079678
EXPLORATORY_CONSUMED_DIAGNOSTIC_ONLY,COVARIANCE_AND_SINGULAR_SPECTRUM,MS,FAMILY,F2,0.10911318779740256,1,1,2,True,7,14,110,34,OBSERVABLE_ONLY_GLOBAL_MEDIAN_IQR_FOR_CROSS_FAMILY_COMPARISON,1.0335952033656406,12288,36.6167018128952,41,1.016798907079678
EXPLORATORY_CONSUMED_DIAGNOSTIC_ONLY,COVARIANCE_AND_SINGULAR_SPECTRUM,MS,FAMILY,F2,0.07660354319983705,1,1,2,True,7,14,110,34,OBSERVABLE_ONLY_GLOBAL_MEDIAN_IQR_FOR_CROSS_FAMILY_COMPARISON,1.0335952033656406,12288,30.680683480646216,42,1.016798907079678
EXPLORATORY_CONSUMED_DIAGNOSTIC_ONLY,COVARIANCE_AND_SINGULAR_SPECTRUM,MS,FAMILY,F2,0.0634989328606115,1,1,2,True,7,14,110,34,OBSERVABLE_ONLY_GLOBAL_MEDIAN_IQR_FOR_CROSS_FAMILY_COMPARISON,1.0335952033656406,12288,27.93340092060389,43,1.016798907079678
EXPLORATORY_CONSUMED_DIAGNOSTIC_ONLY,COVARIANCE_AND_SINGULAR_SPECTRUM,MS,FAMILY,F2,0.058328205718707,1,1,2,True,7,14,110,34,OBSERVABLE_ONLY_GLOBAL_MEDIAN_IQR_FOR_CROSS_FAMILY_COMPARISON,1.0335952033656406,12288,26.771944118264397,44,1.016798907079678
EXPLORATORY_CONSUMED_DIAGNOSTIC_ONLY,COVARIANCE_AND_SINGULAR_SPECTRUM,MS,FAMILY,F2,0.023015750835669972,1,1,2,True,7,14,110,34,OBSERVABLE_ONLY_GLOBAL_MEDIAN_IQR_FOR_CROSS_FAMILY_COMPARISON,1.0335952033656406,12288,16.81718009265265,45,1.016798907079678
EXPLORATORY_CONSUMED_DIAGNOSTIC_ONLY,COVARIANCE_AND_SINGULAR_SPECTRUM,MS,FAMILY,F2,0.019671985747755007,1,1,2,True,7,14,110,34,OBSERVABLE_ONLY_GLOBAL_MEDIAN_IQR_FOR_CROSS_FAMILY_COMPARISON,1.0335952033656406,12288,15.54764808157213,46,1.016798907079678
EXPLORATORY_CONSUMED_DIAGNOSTIC_ONLY,COVARIANCE_AND_SINGULAR_SPECTRUM,MS,FAMILY,F2,0.015241344513036251,1,1,2,True,7,14,110,34,OBSERVABLE_ONLY_GLOBAL_MEDIAN_IQR_FOR_CROSS_FAMILY_COMPARISON,1.0335952033656406,12288,13.685234428981824,47,1.016798907079678
EXPLORATORY_CONSUMED_DIAGNOSTIC_ONLY,COVARIANCE_AND_SINGULAR_SPECTRUM,MS,FAMILY,F2,0.010539534452748996,1,1,2,True,7,14,110,34,OBSERVABLE_ONLY_GLOBAL_MEDIAN_IQR_FOR_CROSS_FAMILY_COMPARISON,1.0335952033656406,12288,11.380237227552845,48,1.016798907079678
EXPLORATORY_CONSUMED_DIAGNOSTIC_ONLY,COVARIANCE_AND_SINGULAR_SPECTRUM,MS,FAMILY,F2,0.008028206926351549,1,1,2,True,7,14,110,34,OBSERVABLE_ONLY_GLOBAL_MEDIAN_IQR_FOR_CROSS_FAMILY_COMPARISON,1.0335952033656406,12288,9.932301179032372,49,1.016798907079678
EXPLORATORY_CONSUMED_DIAGNOSTIC_ONLY,COVARIANCE_AND_SINGULAR_SPECTRUM,MS,FAMILY,F2,0.006325721265759561,1,1,2,True,7,14,110,34,OBSERVABLE_ONLY_GLOBAL_MEDIAN_IQR_FOR_CROSS_FAMILY_COMPARISON,1.0335952033656406,12288,8.816488128141131,50,1.016798907079678
EXPLORATORY_CONSUMED_DIAGNOSTIC_ONLY,COVARIANCE_AND_SINGULAR_SPECTRUM,MS,FAMILY,F2,0.0015937654656599579,1,1,2,True,7,14,110,34,OBSERVABLE_ONLY_GLOBAL_MEDIAN_IQR_FOR_CROSS_FAMILY_COMPARISON,1.0335952033656406,12288,4.425402811273744,51,1.016798907079678
EXPLORATORY_CONSUMED_DIAGNOSTIC_ONLY,COVARIANCE_AND_SINGULAR_SPECTRUM,MS,FAMILY,F2,2.0168286296421185e-05,1,1,2,True,7,14,110,34,OBSERVABLE_ONLY_GLOBAL_MEDIAN_IQR_FOR_CROSS_FAMILY_COMPARISON,1.0335952033656406,12288,0.49782316339280913,52,1.016798907079678
EXPLORATORY_CONSUMED_DIAGNOSTIC_ONLY,COVARIANCE_AND_SINGULAR_SPECTRUM,MS,FAMILY,F2,1.1671893486439529e-05,1,1,2,True,7,14,110,34,OBSERVABLE_ONLY_GLOBAL_MEDIAN_IQR_FOR_CROSS_FAMILY_COMPARISON,1.0335952033656406,12288,0.37871391202511817,53,1.016798907079678
EXPLORATORY_CONSUMED_DIAGNOSTIC_ONLY,COVARIANCE_AND_SINGULAR_SPECTRUM,MS,FAMILY,F2,3.16390319510267e-07,1,1,2,True,7,14,110,34,OBSERVABLE_ONLY_GLOBAL_MEDIAN_IQR_FOR_CROSS_FAMILY_COMPARISON,1.0335952033656406,12288,0.062352259350741734,54,1.016798907079678
EXPLORATORY_CONSUMED_DIAGNOSTIC_ONLY,COVARIANCE_AND_SINGULAR_SPECTRUM,MS,FAMILY,F2,4.9626310406228673e-08,1,1,2,True,7,14,110,34,OBSERVABLE_ONLY_GLOBAL_MEDIAN_IQR_FOR_CROSS_FAMILY_COMPARISON,1.0335952033656406,12288,0.024694292908924078,55,1.016798907079678
EXPLORATORY_CONSUMED_DIAGNOSTIC_ONLY,COVARIANCE_AND_SINGULAR_SPECTRUM,MS,FAMILY,F2,2.956953906550789e-08,1,1,2,True,7,14,110,34,OBSERVABLE_ONLY_GLOBAL_MEDIAN_IQR_FOR_CROSS_FAMILY_COMPARISON,1.0335952033656406,12288,0.01906175479951835,56,1.016798907079678
EXPLORATORY_CONSUMED_DIAGNOSTIC_ONLY,COVARIANCE_AND_SINGULAR_SPECTRUM,MS,FAMILY,F2,5.723771720704024e-09,1,1,2,True,7,14,110,34,OBSERVABLE_ONLY_GLOBAL_MEDIAN_IQR_FOR_CROSS_FAMILY_COMPARISON,1.0335952033656406,12288,0.008386519355728636,57,1.016798907079678
EXPLORATORY_CONSUMED_DIAGNOSTIC_ONLY,COVARIANCE_AND_SINGULAR_SPECTRUM,MS,FAMILY,F2,3.3987926977199726e-09,1,1,2,True,7,14,110,34,OBSERVABLE_ONLY_GLOBAL_MEDIAN_IQR_FOR_CROSS_FAMILY_COMPARISON,1.0335952033656406,12288,0.0064625354675686714,58,1.016798907079678
EXPLORATORY_CONSUMED_DIAGNOSTIC_ONLY,COVARIANCE_AND_SINGULAR_SPECTRUM,MS,FAMILY,F2,1.8996464855356074e-09,1,1,2,True,7,14,110,34,OBSERVABLE_ONLY_GLOBAL_MEDIAN_IQR_FOR_CROSS_FAMILY_COMPARISON,1.0335952033656406,12288,0.0048314445059693635,59,1.016798907079678
EXPLORATORY_CONSUMED_DIAGNOSTIC_ONLY,COVARIANCE_AND_SINGULAR_SPECTRUM,MS,FAMILY,F2,7.997839488486865e-10,1,1,2,True,7,14,110,34,OBSERVABLE_ONLY_GLOBAL_MEDIAN_IQR_FOR_CROSS_FAMILY_COMPARISON,1.0335952033656406,12288,0.0031349234701109788,60,1.016798907079678
EXPLORATORY_CONSUMED_DIAGNOSTIC_ONLY,COVARIANCE_AND_SINGULAR_SPECTRUM,MS,FAMILY,F2,1.2236512850115737e-10,1,1,2,True,7,14,110,34,OBSERVABLE_ONLY_GLOBAL_MEDIAN_IQR_FOR_CROSS_FAMILY_COMPARISON,1.0335952033656406,12288,0.0012262229401794039,61,1.016798907079678
EXPLORATORY_CONSUMED_DIAGNOSTIC_ONLY,COVARIANCE_AND_SINGULAR_SPECTRUM,MS,FAMILY,F2,6.199415850987207e-11,1,1,2,True,7,14,110,34,OBSERVABLE_ONLY_GLOBAL_MEDIAN_IQR_FOR_CROSS_FAMILY_COMPARISON,1.0335952033656406,12288,0.0008728025090301402,62,1.016798907079678
EXPLORATORY_CONSUMED_DIAGNOSTIC_ONLY,COVARIANCE_AND_SINGULAR_SPECTRUM,MS,FAMILY,F2,4.5872857445126496e-11,1,1,2,True,7,14,110,34,OBSERVABLE_ONLY_GLOBAL_MEDIAN_IQR_FOR_CROSS_FAMILY_COMPARISON,1.0335952033656406,12288,0.0007507900320900074,63,1.016798907079678
EXPLORATORY_CONSUMED_DIAGNOSTIC_ONLY,COVARIANCE_AND_SINGULAR_SPECTRUM,MS,FAMILY,F2,6.746233946979827e-12,1,1,2,True,7,14,110,34,OBSERVABLE_ONLY_GLOBAL_MEDIAN_IQR_FOR_CROSS_FAMILY_COMPARISON,1.0335952033656406,12288,0.0002879196463259986,64,1.016798907079678
EXPLORATORY_CONSUMED_DIAGNOSTIC_ONLY,COVARIANCE_AND_SINGULAR_SPECTRUM,MS,FAMILY,F2,1.0024631752371655e-12,1,1,2,True,7,14,110,34,OBSERVABLE_ONLY_GLOBAL_MEDIAN_IQR_FOR_CROSS_FAMILY_COMPARISON,1.0335952033656406,12288,0.00011098769074683142,65,1.016798907079678
EXPLORATORY_CONSUMED_DIAGNOSTIC_ONLY,COVARIANCE_AND_SINGULAR_SPECTRUM,MS,FAMILY,F2,0.0,1,1,2,True,7,14,110,34,OBSERVABLE_ONLY_GLOBAL_MEDIAN_IQR_FOR_CROSS_FAMILY_COMPARISON,1.0335952033656406,12288,0.0,66,1.016798907079678
EXPLORATORY_CONSUMED_DIAGNOSTIC_ONLY,COVARIANCE_AND_SINGULAR_SPECTRUM,MS,FAMILY,F2,0.0,1,1,2,True,7,14,110,34,OBSERVABLE_ONLY_GLOBAL_MEDIAN_IQR_FOR_CROSS_FAMILY_COMPARISON,1.0335952033656406,12288,0.0,67,1.016798907079678
EXPLORATORY_CONSUMED_DIAGNOSTIC_ONLY,COVARIANCE_AND_SINGULAR_SPECTRUM,MS,FAMILY,F2,0.0,1,1,2,True,7,14,110,34,OBSERVABLE_ONLY_GLOBAL_MEDIAN_IQR_FOR_CROSS_FAMILY_COMPARISON,1.0335952033656406,12288,0.0,68,1.016798907079678
EXPLORATORY_CONSUMED_DIAGNOSTIC_ONLY,COVARIANCE_AND_SINGULAR_SPECTRUM,MS,FAMILY,F2,0.0,1,1,2,True,7,14,110,34,OBSERVABLE_ONLY_GLOBAL_MEDIAN_IQR_FOR_CROSS_FAMILY_COMPARISON,1.0335952033656406,12288,0.0,69,1.016798907079678
EXPLORATORY_CONSUMED_DIAGNOSTIC_ONLY,COVARIANCE_AND_SINGULAR_SPECTRUM,MS,FAMILY,F2,0.0,1,1,2,True,7,14,110,34,OBSERVABLE_ONLY_GLOBAL_MEDIAN_IQR_FOR_CROSS_FAMILY_COMPARISON,1.0335952033656406,12288,0.0,70,1.016798907079678
EXPLORATORY_CONSUMED_DIAGNOSTIC_ONLY,COVARIANCE_AND_SINGULAR_SPECTRUM,MS,FAMILY,F2,0.0,1,1,2,True,7,14,110,34,OBSERVABLE_ONLY_GLOBAL_MEDIAN_IQR_FOR_CROSS_FAMILY_COMPARISON,1.0335952033656406,12288,0.0,71,1.016798907079678
EXPLORATORY_CONSUMED_DIAGNOSTIC_ONLY,COVARIANCE_AND_SINGULAR_SPECTRUM,MS,FAMILY,F2,0.0,1,1,2,True,7,14,110,34,OBSERVABLE_ONLY_GLOBAL_MEDIAN_IQR_FOR_CROSS_FAMILY_COMPARISON,1.0335952033656406,12288,0.0,72,1.016798907079678
EXPLORATORY_CONSUMED_DIAGNOSTIC_ONLY,COVARIANCE_AND_SINGULAR_SPECTRUM,MS,FAMILY,F2,0.0,1,1,2,True,7,14,110,34,OBSERVABLE_ONLY_GLOBAL_MEDIAN_IQR_FOR_CROSS_FAMILY_COMPARISON,1.0335952033656406,12288,0.0,73,1.016798907079678
EXPLORATORY_CONSUMED_DIAGNOSTIC_ONLY,COVARIANCE_AND_SINGULAR_SPECTRUM,MS,FAMILY,F2,0.0,1,1,2,True,7,14,110,34,OBSERVABLE_ONLY_GLOBAL_MEDIAN_IQR_FOR_CROSS_FAMILY_COMPARISON,1.0335952033656406,12288,0.0,74,1.016798907079678
EXPLORATORY_CONSUMED_DIAGNOSTIC_ONLY,COVARIANCE_AND_SINGULAR_SPECTRUM,MS,FAMILY,F2,0.0,1,1,2,True,7,14,110,34,OBSERVABLE_ONLY_GLOBAL_MEDIAN_IQR_FOR_CROSS_FAMILY_COMPARISON,1.0335952033656406,12288,0.0,75,1.016798907079678
EXPLORATORY_CONSUMED_DIAGNOSTIC_ONLY,COVARIANCE_AND_SINGULAR_SPECTRUM,MS,FAMILY,F2,0.0,1,1,2,True,7,14,110,34,OBSERVABLE_ONLY_GLOBAL_MEDIAN_IQR_FOR_CROSS_FAMILY_COMPARISON,1.0335952033656406,12288,0.0,76,1.016798907079678
EXPLORATORY_CONSUMED_DIAGNOSTIC_ONLY,COVARIANCE_AND_SINGULAR_SPECTRUM,MS,FAMILY,F2,0.0,1,1,2,True,7,14,110,34,OBSERVABLE_ONLY_GLOBAL_MEDIAN_IQR_FOR_CROSS_FAMILY_COMPARISON,1.0335952033656406,12288,0.0,77,1.016798907079678
EXPLORATORY_CONSUMED_DIAGNOSTIC_ONLY,COVARIANCE_AND_SINGULAR_SPECTRUM,MS,FAMILY,F2,0.0,1,1,2,True,7,14,110,34,OBSERVABLE_ONLY_GLOBAL_MEDIAN_IQR_FOR_CROSS_FAMILY_COMPARISON,1.0335952033656406,12288,0.0,78,1.016798907079678
EXPLORATORY_CONSUMED_DIAGNOSTIC_ONLY,COVARIANCE_AND_SINGULAR_SPECTRUM,MS,FAMILY,F2,0.0,1,1,2,True,7,14,110,34,OBSERVABLE_ONLY_GLOBAL_MEDIAN_IQR_FOR_CROSS_FAMILY_COMPARISON,1.0335952033656406,12288,0.0,79,1.016798907079678
EXPLORATORY_CONSUMED_DIAGNOSTIC_ONLY,COVARIANCE_AND_SINGULAR_SPECTRUM,MS,FAMILY,F2,0.0,1,1,2,True,7,14,110,34,OBSERVABLE_ONLY_GLOBAL_MEDIAN_IQR_FOR_CROSS_FAMILY_COMPARISON,1.0335952033656406,12288,0.0,80,1.016798907079678
EXPLORATORY_CONSUMED_DIAGNOSTIC_ONLY,COVARIANCE_AND_SINGULAR_SPECTRUM,MS,FAMILY,F2,0.0,1,1,2,True,7,14,110,34,OBSERVABLE_ONLY_GLOBAL_MEDIAN_IQR_FOR_CROSS_FAMILY_COMPARISON,1.0335952033656406,12288,0.0,81,1.016798907079678
EXPLORATORY_CONSUMED_DIAGNOSTIC_ONLY,COVARIANCE_AND_SINGULAR_SPECTRUM,MS,FAMILY,F2,0.0,1,1,2,True,7,14,110,34,OBSERVABLE_ONLY_GLOBAL_MEDIAN_IQR_FOR_CROSS_FAMILY_COMPARISON,1.0335952033656406,12288,0.0,82,1.016798907079678
EXPLORATORY_CONSUMED_DIAGNOSTIC_ONLY,COVARIANCE_AND_SINGULAR_SPECTRUM,MS,FAMILY,F2,0.0,1,1,2,True,7,14,110,34,OBSERVABLE_ONLY_GLOBAL_MEDIAN_IQR_FOR_CROSS_FAMILY_COMPARISON,1.0335952033656406,12288,0.0,83,1.016798907079678
EXPLORATORY_CONSUMED_DIAGNOSTIC_ONLY,COVARIANCE_AND_SINGULAR_SPECTRUM,MS,FAMILY,F2,0.0,1,1,2,True,7,14,110,34,OBSERVABLE_ONLY_GLOBAL_MEDIAN_IQR_FOR_CROSS_FAMILY_COMPARISON,1.0335952033656406,12288,0.0,84,1.016798907079678
EXPLORATORY_CONSUMED_DIAGNOSTIC_ONLY,COVARIANCE_AND_SINGULAR_SPECTRUM,MS,FAMILY,F2,0.0,1,1,2,True,7,14,110,34,OBSERVABLE_ONLY_GLOBAL_MEDIAN_IQR_FOR_CROSS_FAMILY_COMPARISON,1.0335952033656406,12288,0.0,85,1.016798907079678
EXPLORATORY_CONSUMED_DIAGNOSTIC_ONLY,COVARIANCE_AND_SINGULAR_SPECTRUM,MS,FAMILY,F2,0.0,1,1,2,True,7,14,110,34,OBSERVABLE_ONLY_GLOBAL_MEDIAN_IQR_FOR_CROSS_FAMILY_COMPARISON,1.0335952033656406,12288,0.0,86,1.016798907079678
EXPLORATORY_CONSUMED_DIAGNOSTIC_ONLY,COVARIANCE_AND_SINGULAR_SPECTRUM,MS,FAMILY,F2,0.0,1,1,2,True,7,14,110,34,OBSERVABLE_ONLY_GLOBAL_MEDIAN_IQR_FOR_CROSS_FAMILY_COMPARISON,1.0335952033656406,12288,0.0,87,1.016798907079678
EXPLORATORY_CONSUMED_DIAGNOSTIC_ONLY,COVARIANCE_AND_SINGULAR_SPECTRUM,MS,FAMILY,F2,0.0,1,1,2,True,7,14,110,34,OBSERVABLE_ONLY_GLOBAL_MEDIAN_IQR_FOR_CROSS_FAMILY_COMPARISON,1.0335952033656406,12288,0.0,88,1.016798907079678
EXPLORATORY_CONSUMED_DIAGNOSTIC_ONLY,COVARIANCE_AND_SINGULAR_SPECTRUM,MS,FAMILY,F2,0.0,1,1,2,True,7,14,110,34,OBSERVABLE_ONLY_GLOBAL_MEDIAN_IQR_FOR_CROSS_FAMILY_COMPARISON,1.0335952033656406,12288,0.0,89,1.016798907079678
EXPLORATORY_CONSUMED_DIAGNOSTIC_ONLY,COVARIANCE_AND_SINGULAR_SPECTRUM,MS,FAMILY,F2,0.0,1,1,2,True,7,14,110,34,OBSERVABLE_ONLY_GLOBAL_MEDIAN_IQR_FOR_CROSS_FAMILY_COMPARISON,1.0335952033656406,12288,0.0,90,1.016798907079678
EXPLORATORY_CONSUMED_DIAGNOSTIC_ONLY,COVARIANCE_AND_SINGULAR_SPECTRUM,MS,FAMILY,F2,0.0,1,1,2,True,7,14,110,34,OBSERVABLE_ONLY_GLOBAL_MEDIAN_IQR_FOR_CROSS_FAMILY_COMPARISON,1.0335952033656406,12288,0.0,91,1.016798907079678
EXPLORATORY_CONSUMED_DIAGNOSTIC_ONLY,COVARIANCE_AND_SINGULAR_SPECTRUM,MS,FAMILY,F2,0.0,1,1,2,True,7,14,110,34,OBSERVABLE_ONLY_GLOBAL_MEDIAN_IQR_FOR_CROSS_FAMILY_COMPARISON,1.0335952033656406,12288,0.0,92,1.016798907079678
EXPLORATORY_CONSUMED_DIAGNOSTIC_ONLY,COVARIANCE_AND_SINGULAR_SPECTRUM,MS,FAMILY,F2,0.0,1,1,2,True,7,14,110,34,OBSERVABLE_ONLY_GLOBAL_MEDIAN_IQR_FOR_CROSS_FAMILY_COMPARISON,1.0335952033656406,12288,0.0,93,1.016798907079678
EXPLORATORY_CONSUMED_DIAGNOSTIC_ONLY,COVARIANCE_AND_SINGULAR_SPECTRUM,MS,FAMILY,F2,0.0,1,1,2,True,7,14,110,34,OBSERVABLE_ONLY_GLOBAL_MEDIAN_IQR_FOR_CROSS_FAMILY_COMPARISON,1.0335952033656406,12288,0.0,94,1.016798907079678
EXPLORATORY_CONSUMED_DIAGNOSTIC_ONLY,COVARIANCE_AND_SINGULAR_SPECTRUM,MS,FAMILY,F2,0.0,1,1,2,True,7,14,110,34,OBSERVABLE_ONLY_GLOBAL_MEDIAN_IQR_FOR_CROSS_FAMILY_COMPARISON,1.0335952033656406,12288,0.0,95,1.016798907079678
EXPLORATORY_CONSUMED_DIAGNOSTIC_ONLY,COVARIANCE_AND_SINGULAR_SPECTRUM,MS,FAMILY,F2,0.0,1,1,2,True,7,14,110,34,OBSERVABLE_ONLY_GLOBAL_MEDIAN_IQR_FOR_CROSS_FAMILY_COMPARISON,1.0335952033656406,12288,0.0,96,1.016798907079678
EXPLORATORY_CONSUMED_DIAGNOSTIC_ONLY,COVARIANCE_AND_SINGULAR_SPECTRUM,MS,FAMILY,F2,0.0,1,1,2,True,7,14,110,34,OBSERVABLE_ONLY_GLOBAL_MEDIAN_IQR_FOR_CROSS_FAMILY_COMPARISON,1.0335952033656406,12288,0.0,97,1.016798907079678
EXPLORATORY_CONSUMED_DIAGNOSTIC_ONLY,COVARIANCE_AND_SINGULAR_SPECTRUM,MS,FAMILY,F2,0.0,1,1,2,True,7,14,110,34,OBSERVABLE_ONLY_GLOBAL_MEDIAN_IQR_FOR_CROSS_FAMILY_COMPARISON,1.0335952033656406,12288,0.0,98,1.016798907079678
EXPLORATORY_CONSUMED_DIAGNOSTIC_ONLY,COVARIANCE_AND_SINGULAR_SPECTRUM,MS,FAMILY,F2,0.0,1,1,2,True,7,14,110,34,OBSERVABLE_ONLY_GLOBAL_MEDIAN_IQR_FOR_CROSS_FAMILY_COMPARISON,1.0335952033656406,12288,0.0,99,1.016798907079678
EXPLORATORY_CONSUMED_DIAGNOSTIC_ONLY,COVARIANCE_AND_SINGULAR_SPECTRUM,MS,FAMILY,F2,0.0,1,1,2,True,7,14,110,34,OBSERVABLE_ONLY_GLOBAL_MEDIAN_IQR_FOR_CROSS_FAMILY_COMPARISON,1.0335952033656406,12288,0.0,100,1.016798907079678
EXPLORATORY_CONSUMED_DIAGNOSTIC_ONLY,COVARIANCE_AND_SINGULAR_SPECTRUM,MS,FAMILY,F2,0.0,1,1,2,True,7,14,110,34,OBSERVABLE_ONLY_GLOBAL_MEDIAN_IQR_FOR_CROSS_FAMILY_COMPARISON,1.0335952033656406,12288,0.0,101,1.016798907079678
EXPLORATORY_CONSUMED_DIAGNOSTIC_ONLY,COVARIANCE_AND_SINGULAR_SPECTRUM,MS,FAMILY,F2,0.0,1,1,2,True,7,14,110,34,OBSERVABLE_ONLY_GLOBAL_MEDIAN_IQR_FOR_CROSS_FAMILY_COMPARISON,1.0335952033656406,12288,0.0,102,1.016798907079678
EXPLORATORY_CONSUMED_DIAGNOSTIC_ONLY,COVARIANCE_AND_SINGULAR_SPECTRUM,MS,FAMILY,F2,0.0,1,1,2,True,7,14,110,34,OBSERVABLE_ONLY_GLOBAL_MEDIAN_IQR_FOR_CROSS_FAMILY_COMPARISON,1.0335952033656406,12288,0.0,103,1.016798907079678
EXPLORATORY_CONSUMED_DIAGNOSTIC_ONLY,COVARIANCE_AND_SINGULAR_SPECTRUM,MS,FAMILY,F2,0.0,1,1,2,True,7,14,110,34,OBSERVABLE_ONLY_GLOBAL_MEDIAN_IQR_FOR_CROSS_FAMILY_COMPARISON,1.0335952033656406,12288,0.0,104,1.016798907079678
EXPLORATORY_CONSUMED_DIAGNOSTIC_ONLY,COVARIANCE_AND_SINGULAR_SPECTRUM,MS,FAMILY,F2,0.0,1,1,2,True,7,14,110,34,OBSERVABLE_ONLY_GLOBAL_MEDIAN_IQR_FOR_CROSS_FAMILY_COMPARISON,1.0335952033656406,12288,0.0,105,1.016798907079678
EXPLORATORY_CONSUMED_DIAGNOSTIC_ONLY,COVARIANCE_AND_SINGULAR_SPECTRUM,MS,FAMILY,F2,0.0,1,1,2,True,7,14,110,34,OBSERVABLE_ONLY_GLOBAL_MEDIAN_IQR_FOR_CROSS_FAMILY_COMPARISON,1.0335952033656406,12288,0.0,106,1.016798907079678
EXPLORATORY_CONSUMED_DIAGNOSTIC_ONLY,COVARIANCE_AND_SINGULAR_SPECTRUM,MS,FAMILY,F2,0.0,1,1,2,True,7,14,110,34,OBSERVABLE_ONLY_GLOBAL_MEDIAN_IQR_FOR_CROSS_FAMILY_COMPARISON,1.0335952033656406,12288,0.0,107,1.016798907079678
EXPLORATORY_CONSUMED_DIAGNOSTIC_ONLY,COVARIANCE_AND_SINGULAR_SPECTRUM,MS,FAMILY,F2,0.0,1,1,2,True,7,14,110,34,OBSERVABLE_ONLY_GLOBAL_MEDIAN_IQR_FOR_CROSS_FAMILY_COMPARISON,1.0335952033656406,12288,0.0,108,1.016798907079678
EXPLORATORY_CONSUMED_DIAGNOSTIC_ONLY,COVARIANCE_AND_SINGULAR_SPECTRUM,MS,FAMILY,F2,0.0,1,1,2,True,7,14,110,34,OBSERVABLE_ONLY_GLOBAL_MEDIAN_IQR_FOR_CROSS_FAMILY_COMPARISON,1.0335952033656406,12288,0.0,109,1.016798907079678
EXPLORATORY_CONSUMED_DIAGNOSTIC_ONLY,COVARIANCE_AND_SINGULAR_SPECTRUM,MS,FAMILY,F2,0.0,1,1,2,True,7,14,110,34,OBSERVABLE_ONLY_GLOBAL_MEDIAN_IQR_FOR_CROSS_FAMILY_COMPARISON,1.0335952033656406,12288,0.0,110,1.016798907079678
EXPLORATORY_CONSUMED_DIAGNOSTIC_ONLY,COVARIANCE_AND_SINGULAR_SPECTRUM,MS,FAMILY,F3,1.441823660983298e+31,1,1,2,True,34,68,110,34,OBSERVABLE_ONLY_GLOBAL_MEDIAN_IQR_FOR_CROSS_FAMILY_COMPARISON,1.0221479275489789,12288,4.209172026202156e+17,1,1.0110743707397287
EXPLORATORY_CONSUMED_DIAGNOSTIC_ONLY,COVARIANCE_AND_SINGULAR_SPECTRUM,MS,FAMILY,F3,1.5845211324931509e+29,1,1,2,True,34,68,110,34,OBSERVABLE_ONLY_GLOBAL_MEDIAN_IQR_FOR_CROSS_FAMILY_COMPARISON,1.0221479275489789,12288,4.412549793042095e+16,2,1.0110743707397287
EXPLORATORY_CONSUMED_DIAGNOSTIC_ONLY,COVARIANCE_AND_SINGULAR_SPECTRUM,MS,FAMILY,F3,1.2100931473061764e+27,1,1,2,True,34,68,110,34,OBSERVABLE_ONLY_GLOBAL_MEDIAN_IQR_FOR_CROSS_FAMILY_COMPARISON,1.0221479275489789,12288,3856115220542339.5,3,1.0110743707397287
EXPLORATORY_CONSUMED_DIAGNOSTIC_ONLY,COVARIANCE_AND_SINGULAR_SPECTRUM,MS,FAMILY,F3,5.799945653094094e+24,1,1,2,True,34,68,110,34,OBSERVABLE_ONLY_GLOBAL_MEDIAN_IQR_FOR_CROSS_FAMILY_COMPARISON,1.0221479275489789,12288,266963915511479.25,4,1.0110743707397287
EXPLORATORY_CONSUMED_DIAGNOSTIC_ONLY,COVARIANCE_AND_SINGULAR_SPECTRUM,MS,FAMILY,F3,4.3631071441173054e+24,1,1,2,True,34,68,110,34,OBSERVABLE_ONLY_GLOBAL_MEDIAN_IQR_FOR_CROSS_FAMILY_COMPARISON,1.0221479275489789,12288,231546670429340.12,5,1.0110743707397287
EXPLORATORY_CONSUMED_DIAGNOSTIC_ONLY,COVARIANCE_AND_SINGULAR_SPECTRUM,MS,FAMILY,F3,5.215053798334585e+23,1,1,2,True,34,68,110,34,OBSERVABLE_ONLY_GLOBAL_MEDIAN_IQR_FOR_CROSS_FAMILY_COMPARISON,1.0221479275489789,12288,80051596532446.11,6,1.0110743707397287
EXPLORATORY_CONSUMED_DIAGNOSTIC_ONLY,COVARIANCE_AND_SINGULAR_SPECTRUM,MS,FAMILY,F3,6.675437138035166e+21,1,1,2,True,34,68,110,34,OBSERVABLE_ONLY_GLOBAL_MEDIAN_IQR_FOR_CROSS_FAMILY_COMPARISON,1.0221479275489789,12288,9056918435769.207,7,1.0110743707397287
EXPLORATORY_CONSUMED_DIAGNOSTIC_ONLY,COVARIANCE_AND_SINGULAR_SPECTRUM,MS,FAMILY,F3,1.2209665535125794e+17,1,1,2,True,34,68,110,34,OBSERVABLE_ONLY_GLOBAL_MEDIAN_IQR_FOR_CROSS_FAMILY_COMPARISON,1.0221479275489789,12288,38734012198.018654,8,1.0110743707397287
EXPLORATORY_CONSUMED_DIAGNOSTIC_ONLY,COVARIANCE_AND_SINGULAR_SPECTRUM,MS,FAMILY,F3,4.4673774931621064e+16,1,1,2,True,34,68,110,34,OBSERVABLE_ONLY_GLOBAL_MEDIAN_IQR_FOR_CROSS_FAMILY_COMPARISON,1.0221479275489789,12288,23429710761.333775,9,1.0110743707397287
EXPLORATORY_CONSUMED_DIAGNOSTIC_ONLY,COVARIANCE_AND_SINGULAR_SPECTRUM,MS,FAMILY,F3,3821102728751078.0,1,1,2,True,34,68,110,34,OBSERVABLE_ONLY_GLOBAL_MEDIAN_IQR_FOR_CROSS_FAMILY_COMPARISON,1.0221479275489789,12288,6852277747.646635,10,1.0110743707397287
EXPLORATORY_CONSUMED_DIAGNOSTIC_ONLY,COVARIANCE_AND_SINGULAR_SPECTRUM,MS,FAMILY,F3,2785503521467785.0,1,1,2,True,34,68,110,34,OBSERVABLE_ONLY_GLOBAL_MEDIAN_IQR_FOR_CROSS_FAMILY_COMPARISON,1.0221479275489789,12288,5850492908.447641,11,1.0110743707397287
EXPLORATORY_CONSUMED_DIAGNOSTIC_ONLY,COVARIANCE_AND_SINGULAR_SPECTRUM,MS,FAMILY,F3,2636869831407758.0,1,1,2,True,34,68,110,34,OBSERVABLE_ONLY_GLOBAL_MEDIAN_IQR_FOR_CROSS_FAMILY_COMPARISON,1.0221479275489789,12288,5692262861.844886,12,1.0110743707397287
EXPLORATORY_CONSUMED_DIAGNOSTIC_ONLY,COVARIANCE_AND_SINGULAR_SPECTRUM,MS,FAMILY,F3,2092004643593930.8,1,1,2,True,34,68,110,34,OBSERVABLE_ONLY_GLOBAL_MEDIAN_IQR_FOR_CROSS_FAMILY_COMPARISON,1.0221479275489789,12288,5070163021.0953,13,1.0110743707397287
EXPLORATORY_CONSUMED_DIAGNOSTIC_ONLY,COVARIANCE_AND_SINGULAR_SPECTRUM,MS,FAMILY,F3,1787275369895929.2,1,1,2,True,34,68,110,34,OBSERVABLE_ONLY_GLOBAL_MEDIAN_IQR_FOR_CROSS_FAMILY_COMPARISON,1.0221479275489789,12288,4686367436.008532,14,1.0110743707397287
EXPLORATORY_CONSUMED_DIAGNOSTIC_ONLY,COVARIANCE_AND_SINGULAR_SPECTRUM,MS,FAMILY,F3,1593470390272257.2,1,1,2,True,34,68,110,34,OBSERVABLE_ONLY_GLOBAL_MEDIAN_IQR_FOR_CROSS_FAMILY_COMPARISON,1.0221479275489789,12288,4424993124.928614,15,1.0110743707397287
EXPLORATORY_CONSUMED_DIAGNOSTIC_ONLY,COVARIANCE_AND_SINGULAR_SPECTRUM,MS,FAMILY,F3,1302358698603884.0,1,1,2,True,34,68,110,34,OBSERVABLE_ONLY_GLOBAL_MEDIAN_IQR_FOR_CROSS_FAMILY_COMPARISON,1.0221479275489789,12288,4000422938.6959233,16,1.0110743707397287
EXPLORATORY_CONSUMED_DIAGNOSTIC_ONLY,COVARIANCE_AND_SINGULAR_SPECTRUM,MS,FAMILY,F3,1015881063902374.6,1,1,2,True,34,68,110,34,OBSERVABLE_ONLY_GLOBAL_MEDIAN_IQR_FOR_CROSS_FAMILY_COMPARISON,1.0221479275489789,12288,3533149659.0481954,17,1.0110743707397287
EXPLORATORY_CONSUMED_DIAGNOSTIC_ONLY,COVARIANCE_AND_SINGULAR_SPECTRUM,MS,FAMILY,F3,859987367850125.0,1,1,2,True,34,68,110,34,OBSERVABLE_ONLY_GLOBAL_MEDIAN_IQR_FOR_CROSS_FAMILY_COMPARISON,1.0221479275489789,12288,3250772950.5676546,18,1.0110743707397287
EXPLORATORY_CONSUMED_DIAGNOSTIC_ONLY,COVARIANCE_AND_SINGULAR_SPECTRUM,MS,FAMILY,F3,437386422546851.1,1,1,2,True,34,68,110,34,OBSERVABLE_ONLY_GLOBAL_MEDIAN_IQR_FOR_CROSS_FAMILY_COMPARISON,1.0221479275489789,12288,2318319296.4420815,19,1.0110743707397287
EXPLORATORY_CONSUMED_DIAGNOSTIC_ONLY,COVARIANCE_AND_SINGULAR_SPECTRUM,MS,FAMILY,F3,337103418227064.1,1,1,2,True,34,68,110,34,OBSERVABLE_ONLY_GLOBAL_MEDIAN_IQR_FOR_CROSS_FAMILY_COMPARISON,1.0221479275489789,12288,2035270695.3066866,20,1.0110743707397287
EXPLORATORY_CONSUMED_DIAGNOSTIC_ONLY,COVARIANCE_AND_SINGULAR_SPECTRUM,MS,FAMILY,F3,234903442568146.5,1,1,2,True,34,68,110,34,OBSERVABLE_ONLY_GLOBAL_MEDIAN_IQR_FOR_CROSS_FAMILY_COMPARISON,1.0221479275489789,12288,1698968364.119057,21,1.0110743707397287
EXPLORATORY_CONSUMED_DIAGNOSTIC_ONLY,COVARIANCE_AND_SINGULAR_SPECTRUM,MS,FAMILY,F3,165148895707801.38,1,1,2,True,34,68,110,34,OBSERVABLE_ONLY_GLOBAL_MEDIAN_IQR_FOR_CROSS_FAMILY_COMPARISON,1.0221479275489789,12288,1424552431.6280756,22,1.0110743707397287
EXPLORATORY_CONSUMED_DIAGNOSTIC_ONLY,COVARIANCE_AND_SINGULAR_SPECTRUM,MS,FAMILY,F3,129608652944348.0,1,1,2,True,34,68,110,34,OBSERVABLE_ONLY_GLOBAL_MEDIAN_IQR_FOR_CROSS_FAMILY_COMPARISON,1.0221479275489789,12288,1261994899.90259,23,1.0110743707397287
EXPLORATORY_CONSUMED_DIAGNOSTIC_ONLY,COVARIANCE_AND_SINGULAR_SPECTRUM,MS,FAMILY,F3,39349581545434.44,1,1,2,True,34,68,110,34,OBSERVABLE_ONLY_GLOBAL_MEDIAN_IQR_FOR_CROSS_FAMILY_COMPARISON,1.0221479275489789,12288,695361530.4503826,24,1.0110743707397287
EXPLORATORY_CONSUMED_DIAGNOSTIC_ONLY,COVARIANCE_AND_SINGULAR_SPECTRUM,MS,FAMILY,F3,304519069.4155746,1,1,2,True,34,68,110,34,OBSERVABLE_ONLY_GLOBAL_MEDIAN_IQR_FOR_CROSS_FAMILY_COMPARISON,1.0221479275489789,12288,1934406.969843363,25,1.0110743707397287
EXPLORATORY_CONSUMED_DIAGNOSTIC_ONLY,COVARIANCE_AND_SINGULAR_SPECTRUM,MS,FAMILY,F3,71630.04917037154,1,1,2,True,34,68,110,34,OBSERVABLE_ONLY_GLOBAL_MEDIAN_IQR_FOR_CROSS_FAMILY_COMPARISON,1.0221479275489789,12288,29667.996969892076,26,1.0110743707397287
EXPLORATORY_CONSUMED_DIAGNOSTIC_ONLY,COVARIANCE_AND_SINGULAR_SPECTRUM,MS,FAMILY,F3,6835.826196586761,1,1,2,True,34,68,110,34,OBSERVABLE_ONLY_GLOBAL_MEDIAN_IQR_FOR_CROSS_FAMILY_COMPARISON,1.0221479275489789,12288,9165.076775655409,27,1.0110743707397287
EXPLORATORY_CONSUMED_DIAGNOSTIC_ONLY,COVARIANCE_AND_SINGULAR_SPECTRUM,MS,FAMILY,F3,3077.82015580619,1,1,2,True,34,68,110,34,OBSERVABLE_ONLY_GLOBAL_MEDIAN_IQR_FOR_CROSS_FAMILY_COMPARISON,1.0221479275489789,12288,6149.81740172393,28,1.0110743707397287
EXPLORATORY_CONSUMED_DIAGNOSTIC_ONLY,COVARIANCE_AND_SINGULAR_SPECTRUM,MS,FAMILY,F3,319.4743323749324,1,1,2,True,34,68,110,34,OBSERVABLE_ONLY_GLOBAL_MEDIAN_IQR_FOR_CROSS_FAMILY_COMPARISON,1.0221479275489789,12288,1981.3380822623808,29,1.0110743707397287
EXPLORATORY_CONSUMED_DIAGNOSTIC_ONLY,COVARIANCE_AND_SINGULAR_SPECTRUM,MS,FAMILY,F3,56.26737736142349,1,1,2,True,34,68,110,34,OBSERVABLE_ONLY_GLOBAL_MEDIAN_IQR_FOR_CROSS_FAMILY_COMPARISON,1.0221479275489789,12288,831.51279786734,30,1.0110743707397287
EXPLORATORY_CONSUMED_DIAGNOSTIC_ONLY,COVARIANCE_AND_SINGULAR_SPECTRUM,MS,FAMILY,F3,21.10210871141628,1,1,2,True,34,68,110,34,OBSERVABLE_ONLY_GLOBAL_MEDIAN_IQR_FOR_CROSS_FAMILY_COMPARISON,1.0221479275489789,12288,509.21774502258194,31,1.0110743707397287
EXPLORATORY_CONSUMED_DIAGNOSTIC_ONLY,COVARIANCE_AND_SINGULAR_SPECTRUM,MS,FAMILY,F3,4.25264298557893,1,1,2,True,34,68,110,34,OBSERVABLE_ONLY_GLOBAL_MEDIAN_IQR_FOR_CROSS_FAMILY_COMPARISON,1.0221479275489789,12288,228.59675633480433,32,1.0110743707397287
EXPLORATORY_CONSUMED_DIAGNOSTIC_ONLY,COVARIANCE_AND_SINGULAR_SPECTRUM,MS,FAMILY,F3,2.0069886897355143,1,1,2,True,34,68,110,34,OBSERVABLE_ONLY_GLOBAL_MEDIAN_IQR_FOR_CROSS_FAMILY_COMPARISON,1.0221479275489789,12288,157.04100426153036,33,1.0110743707397287
EXPLORATORY_CONSUMED_DIAGNOSTIC_ONLY,COVARIANCE_AND_SINGULAR_SPECTRUM,MS,FAMILY,F3,1.5453943892732578,1,1,2,True,34,68,110,34,OBSERVABLE_ONLY_GLOBAL_MEDIAN_IQR_FOR_CROSS_FAMILY_COMPARISON,1.0221479275489789,12288,137.80350596189413,34,1.0110743707397287
EXPLORATORY_CONSUMED_DIAGNOSTIC_ONLY,COVARIANCE_AND_SINGULAR_SPECTRUM,MS,FAMILY,F3,0.9256969343454928,1,1,2,True,34,68,110,34,OBSERVABLE_ONLY_GLOBAL_MEDIAN_IQR_FOR_CROSS_FAMILY_COMPARISON,1.0221479275489789,12288,106.6534759360304,35,1.0110743707397287
EXPLORATORY_CONSUMED_DIAGNOSTIC_ONLY,COVARIANCE_AND_SINGULAR_SPECTRUM,MS,FAMILY,F3,0.5200433542519785,1,1,2,True,34,68,110,34,OBSERVABLE_ONLY_GLOBAL_MEDIAN_IQR_FOR_CROSS_FAMILY_COMPARISON,1.0221479275489789,12288,79.9393065834844,36,1.0110743707397287
EXPLORATORY_CONSUMED_DIAGNOSTIC_ONLY,COVARIANCE_AND_SINGULAR_SPECTRUM,MS,FAMILY,F3,0.4473205307792923,1,1,2,True,34,68,110,34,OBSERVABLE_ONLY_GLOBAL_MEDIAN_IQR_FOR_CROSS_FAMILY_COMPARISON,1.0221479275489789,12288,74.13956219331178,37,1.0110743707397287
EXPLORATORY_CONSUMED_DIAGNOSTIC_ONLY,COVARIANCE_AND_SINGULAR_SPECTRUM,MS,FAMILY,F3,0.2984738317629454,1,1,2,True,34,68,110,34,OBSERVABLE_ONLY_GLOBAL_MEDIAN_IQR_FOR_CROSS_FAMILY_COMPARISON,1.0221479275489789,12288,60.561096792438235,38,1.0110743707397287
EXPLORATORY_CONSUMED_DIAGNOSTIC_ONLY,COVARIANCE_AND_SINGULAR_SPECTRUM,MS,FAMILY,F3,0.2275562826359301,1,1,2,True,34,68,110,34,OBSERVABLE_ONLY_GLOBAL_MEDIAN_IQR_FOR_CROSS_FAMILY_COMPARISON,1.0221479275489789,12288,52.87921709925658,39,1.0110743707397287
EXPLORATORY_CONSUMED_DIAGNOSTIC_ONLY,COVARIANCE_AND_SINGULAR_SPECTRUM,MS,FAMILY,F3,0.2235400557288381,1,1,2,True,34,68,110,34,OBSERVABLE_ONLY_GLOBAL_MEDIAN_IQR_FOR_CROSS_FAMILY_COMPARISON,1.0221479275489789,12288,52.41049708594608,40,1.0110743707397287
EXPLORATORY_CONSUMED_DIAGNOSTIC_ONLY,COVARIANCE_AND_SINGULAR_SPECTRUM,MS,FAMILY,F3,0.11523826272857905,1,1,2,True,34,68,110,34,OBSERVABLE_ONLY_GLOBAL_MEDIAN_IQR_FOR_CROSS_FAMILY_COMPARISON,1.0221479275489789,12288,37.63041020781968,41,1.0110743707397287
EXPLORATORY_CONSUMED_DIAGNOSTIC_ONLY,COVARIANCE_AND_SINGULAR_SPECTRUM,MS,FAMILY,F3,0.10547030457697636,1,1,2,True,34,68,110,34,OBSERVABLE_ONLY_GLOBAL_MEDIAN_IQR_FOR_CROSS_FAMILY_COMPARISON,1.0221479275489789,12288,36.000265313492974,42,1.0110743707397287
EXPLORATORY_CONSUMED_DIAGNOSTIC_ONLY,COVARIANCE_AND_SINGULAR_SPECTRUM,MS,FAMILY,F3,0.05223115326981872,1,1,2,True,34,68,110,34,OBSERVABLE_ONLY_GLOBAL_MEDIAN_IQR_FOR_CROSS_FAMILY_COMPARISON,1.0221479275489789,12288,25.334095827156183,43,1.0110743707397287
EXPLORATORY_CONSUMED_DIAGNOSTIC_ONLY,COVARIANCE_AND_SINGULAR_SPECTRUM,MS,FAMILY,F3,0.03761376816596496,1,1,2,True,34,68,110,34,OBSERVABLE_ONLY_GLOBAL_MEDIAN_IQR_FOR_CROSS_FAMILY_COMPARISON,1.0221479275489789,12288,21.49879027348696,44,1.0110743707397287
EXPLORATORY_CONSUMED_DIAGNOSTIC_ONLY,COVARIANCE_AND_SINGULAR_SPECTRUM,MS,FAMILY,F3,0.028183977221240965,1,1,2,True,34,68,110,34,OBSERVABLE_ONLY_GLOBAL_MEDIAN_IQR_FOR_CROSS_FAMILY_COMPARISON,1.0221479275489789,12288,18.609801506050754,45,1.0110743707397287
EXPLORATORY_CONSUMED_DIAGNOSTIC_ONLY,COVARIANCE_AND_SINGULAR_SPECTRUM,MS,FAMILY,F3,0.01714567671606859,1,1,2,True,34,68,110,34,OBSERVABLE_ONLY_GLOBAL_MEDIAN_IQR_FOR_CROSS_FAMILY_COMPARISON,1.0221479275489789,12288,14.515029296803048,46,1.0110743707397287
EXPLORATORY_CONSUMED_DIAGNOSTIC_ONLY,COVARIANCE_AND_SINGULAR_SPECTRUM,MS,FAMILY,F3,0.016297112720638888,1,1,2,True,34,68,110,34,OBSERVABLE_ONLY_GLOBAL_MEDIAN_IQR_FOR_CROSS_FAMILY_COMPARISON,1.0221479275489789,12288,14.151286906540008,47,1.0110743707397287
EXPLORATORY_CONSUMED_DIAGNOSTIC_ONLY,COVARIANCE_AND_SINGULAR_SPECTRUM,MS,FAMILY,F3,0.009831851544828695,1,1,2,True,34,68,110,34,OBSERVABLE_ONLY_GLOBAL_MEDIAN_IQR_FOR_CROSS_FAMILY_COMPARISON,1.0221479275489789,12288,10.991532731282522,48,1.0110743707397287
EXPLORATORY_CONSUMED_DIAGNOSTIC_ONLY,COVARIANCE_AND_SINGULAR_SPECTRUM,MS,FAMILY,F3,0.0015610975828858759,1,1,2,True,34,68,110,34,OBSERVABLE_ONLY_GLOBAL_MEDIAN_IQR_FOR_CROSS_FAMILY_COMPARISON,1.0221479275489789,12288,4.379813591752695,49,1.0110743707397287
EXPLORATORY_CONSUMED_DIAGNOSTIC_ONLY,COVARIANCE_AND_SINGULAR_SPECTRUM,MS,FAMILY,F3,0.0014037589835616772,1,1,2,True,34,68,110,34,OBSERVABLE_ONLY_GLOBAL_MEDIAN_IQR_FOR_CROSS_FAMILY_COMPARISON,1.0221479275489789,12288,4.1532385423914535,50,1.0110743707397287
EXPLORATORY_CONSUMED_DIAGNOSTIC_ONLY,COVARIANCE_AND_SINGULAR_SPECTRUM,MS,FAMILY,F3,0.00018412670410909173,1,1,2,True,34,68,110,34,OBSERVABLE_ONLY_GLOBAL_MEDIAN_IQR_FOR_CROSS_FAMILY_COMPARISON,1.0221479275489789,12288,1.5041771637983736,51,1.0110743707397287
EXPLORATORY_CONSUMED_DIAGNOSTIC_ONLY,COVARIANCE_AND_SINGULAR_SPECTRUM,MS,FAMILY,F3,2.0277497724492207e-06,1,1,2,True,34,68,110,34,OBSERVABLE_ONLY_GLOBAL_MEDIAN_IQR_FOR_CROSS_FAMILY_COMPARISON,1.0221479275489789,12288,0.1578511615537118,52,1.0110743707397287
EXPLORATORY_CONSUMED_DIAGNOSTIC_ONLY,COVARIANCE_AND_SINGULAR_SPECTRUM,MS,FAMILY,F3,6.288859619521191e-07,1,1,2,True,34,68,110,34,OBSERVABLE_ONLY_GLOBAL_MEDIAN_IQR_FOR_CROSS_FAMILY_COMPARISON,1.0221479275489789,12288,0.0879076259517207,53,1.0110743707397287
EXPLORATORY_CONSUMED_DIAGNOSTIC_ONLY,COVARIANCE_AND_SINGULAR_SPECTRUM,MS,FAMILY,F3,1.6459235829483375e-08,1,1,2,True,34,68,110,34,OBSERVABLE_ONLY_GLOBAL_MEDIAN_IQR_FOR_CROSS_FAMILY_COMPARISON,1.0221479275489789,12288,0.01422150097115954,54,1.0110743707397287
EXPLORATORY_CONSUMED_DIAGNOSTIC_ONLY,COVARIANCE_AND_SINGULAR_SPECTRUM,MS,FAMILY,F3,8.124284032834393e-09,1,1,2,True,34,68,110,34,OBSERVABLE_ONLY_GLOBAL_MEDIAN_IQR_FOR_CROSS_FAMILY_COMPARISON,1.0221479275489789,12288,0.009991556545176984,55,1.0110743707397287
EXPLORATORY_CONSUMED_DIAGNOSTIC_ONLY,COVARIANCE_AND_SINGULAR_SPECTRUM,MS,FAMILY,F3,1.1539846612641345e-09,1,1,2,True,34,68,110,34,OBSERVABLE_ONLY_GLOBAL_MEDIAN_IQR_FOR_CROSS_FAMILY_COMPARISON,1.0221479275489789,12288,0.003765655788519934,56,1.0110743707397287
EXPLORATORY_CONSUMED_DIAGNOSTIC_ONLY,COVARIANCE_AND_SINGULAR_SPECTRUM,MS,FAMILY,F3,3.6438082419262286e-10,1,1,2,True,34,68,110,34,OBSERVABLE_ONLY_GLOBAL_MEDIAN_IQR_FOR_CROSS_FAMILY_COMPARISON,1.0221479275489789,12288,0.0021160131303181815,57,1.0110743707397287
EXPLORATORY_CONSUMED_DIAGNOSTIC_ONLY,COVARIANCE_AND_SINGULAR_SPECTRUM,MS,FAMILY,F3,2.479078248371257e-10,1,1,2,True,34,68,110,34,OBSERVABLE_ONLY_GLOBAL_MEDIAN_IQR_FOR_CROSS_FAMILY_COMPARISON,1.0221479275489789,12288,0.0017453628137434924,58,1.0110743707397287
EXPLORATORY_CONSUMED_DIAGNOSTIC_ONLY,COVARIANCE_AND_SINGULAR_SPECTRUM,MS,FAMILY,F3,1.150971123168623e-10,1,1,2,True,34,68,110,34,OBSERVABLE_ONLY_GLOBAL_MEDIAN_IQR_FOR_CROSS_FAMILY_COMPARISON,1.0221479275489789,12288,0.0011892490555596856,59,1.0110743707397287
EXPLORATORY_CONSUMED_DIAGNOSTIC_ONLY,COVARIANCE_AND_SINGULAR_SPECTRUM,MS,FAMILY,F3,4.840027727183278e-11,1,1,2,True,34,68,110,34,OBSERVABLE_ONLY_GLOBAL_MEDIAN_IQR_FOR_CROSS_FAMILY_COMPARISON,1.0221479275489789,12288,0.0007711955699537447,60,1.0110743707397287
EXPLORATORY_CONSUMED_DIAGNOSTIC_ONLY,COVARIANCE_AND_SINGULAR_SPECTRUM,MS,FAMILY,F3,1.5408416248293006e-11,1,1,2,True,34,68,110,34,OBSERVABLE_ONLY_GLOBAL_MEDIAN_IQR_FOR_CROSS_FAMILY_COMPARISON,1.0221479275489789,12288,0.000435130576791639,61,1.0110743707397287
EXPLORATORY_CONSUMED_DIAGNOSTIC_ONLY,COVARIANCE_AND_SINGULAR_SPECTRUM,MS,FAMILY,F3,9.926580769354447e-12,1,1,2,True,34,68,110,34,OBSERVABLE_ONLY_GLOBAL_MEDIAN_IQR_FOR_CROSS_FAMILY_COMPARISON,1.0221479275489789,12288,0.00034925323834408096,62,1.0110743707397287
EXPLORATORY_CONSUMED_DIAGNOSTIC_ONLY,COVARIANCE_AND_SINGULAR_SPECTRUM,MS,FAMILY,F3,1.7731497488612516e-12,1,1,2,True,34,68,110,34,OBSERVABLE_ONLY_GLOBAL_MEDIAN_IQR_FOR_CROSS_FAMILY_COMPARISON,1.0221479275489789,12288,0.00014760915999356903,63,1.0110743707397287
EXPLORATORY_CONSUMED_DIAGNOSTIC_ONLY,COVARIANCE_AND_SINGULAR_SPECTRUM,MS,FAMILY,F3,0.0,1,1,2,True,34,68,110,34,OBSERVABLE_ONLY_GLOBAL_MEDIAN_IQR_FOR_CROSS_FAMILY_COMPARISON,1.0221479275489789,12288,0.0,64,1.0110743707397287
EXPLORATORY_CONSUMED_DIAGNOSTIC_ONLY,COVARIANCE_AND_SINGULAR_SPECTRUM,MS,FAMILY,F3,0.0,1,1,2,True,34,68,110,34,OBSERVABLE_ONLY_GLOBAL_MEDIAN_IQR_FOR_CROSS_FAMILY_COMPARISON,1.0221479275489789,12288,0.0,65,1.0110743707397287
EXPLORATORY_CONSUMED_DIAGNOSTIC_ONLY,COVARIANCE_AND_SINGULAR_SPECTRUM,MS,FAMILY,F3,0.0,1,1,2,True,34,68,110,34,OBSERVABLE_ONLY_GLOBAL_MEDIAN_IQR_FOR_CROSS_FAMILY_COMPARISON,1.0221479275489789,12288,0.0,66,1.0110743707397287
EXPLORATORY_CONSUMED_DIAGNOSTIC_ONLY,COVARIANCE_AND_SINGULAR_SPECTRUM,MS,FAMILY,F3,0.0,1,1,2,True,34,68,110,34,OBSERVABLE_ONLY_GLOBAL_MEDIAN_IQR_FOR_CROSS_FAMILY_COMPARISON,1.0221479275489789,12288,0.0,67,1.0110743707397287
EXPLORATORY_CONSUMED_DIAGNOSTIC_ONLY,COVARIANCE_AND_SINGULAR_SPECTRUM,MS,FAMILY,F3,0.0,1,1,2,True,34,68,110,34,OBSERVABLE_ONLY_GLOBAL_MEDIAN_IQR_FOR_CROSS_FAMILY_COMPARISON,1.0221479275489789,12288,0.0,68,1.0110743707397287
EXPLORATORY_CONSUMED_DIAGNOSTIC_ONLY,COVARIANCE_AND_SINGULAR_SPECTRUM,MS,FAMILY,F3,0.0,1,1,2,True,34,68,110,34,OBSERVABLE_ONLY_GLOBAL_MEDIAN_IQR_FOR_CROSS_FAMILY_COMPARISON,1.0221479275489789,12288,0.0,69,1.0110743707397287
EXPLORATORY_CONSUMED_DIAGNOSTIC_ONLY,COVARIANCE_AND_SINGULAR_SPECTRUM,MS,FAMILY,F3,0.0,1,1,2,True,34,68,110,34,OBSERVABLE_ONLY_GLOBAL_MEDIAN_IQR_FOR_CROSS_FAMILY_COMPARISON,1.0221479275489789,12288,0.0,70,1.0110743707397287
EXPLORATORY_CONSUMED_DIAGNOSTIC_ONLY,COVARIANCE_AND_SINGULAR_SPECTRUM,MS,FAMILY,F3,0.0,1,1,2,True,34,68,110,34,OBSERVABLE_ONLY_GLOBAL_MEDIAN_IQR_FOR_CROSS_FAMILY_COMPARISON,1.0221479275489789,12288,0.0,71,1.0110743707397287
EXPLORATORY_CONSUMED_DIAGNOSTIC_ONLY,COVARIANCE_AND_SINGULAR_SPECTRUM,MS,FAMILY,F3,0.0,1,1,2,True,34,68,110,34,OBSERVABLE_ONLY_GLOBAL_MEDIAN_IQR_FOR_CROSS_FAMILY_COMPARISON,1.0221479275489789,12288,0.0,72,1.0110743707397287
EXPLORATORY_CONSUMED_DIAGNOSTIC_ONLY,COVARIANCE_AND_SINGULAR_SPECTRUM,MS,FAMILY,F3,0.0,1,1,2,True,34,68,110,34,OBSERVABLE_ONLY_GLOBAL_MEDIAN_IQR_FOR_CROSS_FAMILY_COMPARISON,1.0221479275489789,12288,0.0,73,1.0110743707397287
EXPLORATORY_CONSUMED_DIAGNOSTIC_ONLY,COVARIANCE_AND_SINGULAR_SPECTRUM,MS,FAMILY,F3,0.0,1,1,2,True,34,68,110,34,OBSERVABLE_ONLY_GLOBAL_MEDIAN_IQR_FOR_CROSS_FAMILY_COMPARISON,1.0221479275489789,12288,0.0,74,1.0110743707397287
EXPLORATORY_CONSUMED_DIAGNOSTIC_ONLY,COVARIANCE_AND_SINGULAR_SPECTRUM,MS,FAMILY,F3,0.0,1,1,2,True,34,68,110,34,OBSERVABLE_ONLY_GLOBAL_MEDIAN_IQR_FOR_CROSS_FAMILY_COMPARISON,1.0221479275489789,12288,0.0,75,1.0110743707397287
EXPLORATORY_CONSUMED_DIAGNOSTIC_ONLY,COVARIANCE_AND_SINGULAR_SPECTRUM,MS,FAMILY,F3,0.0,1,1,2,True,34,68,110,34,OBSERVABLE_ONLY_GLOBAL_MEDIAN_IQR_FOR_CROSS_FAMILY_COMPARISON,1.0221479275489789,12288,0.0,76,1.0110743707397287
EXPLORATORY_CONSUMED_DIAGNOSTIC_ONLY,COVARIANCE_AND_SINGULAR_SPECTRUM,MS,FAMILY,F3,0.0,1,1,2,True,34,68,110,34,OBSERVABLE_ONLY_GLOBAL_MEDIAN_IQR_FOR_CROSS_FAMILY_COMPARISON,1.0221479275489789,12288,0.0,77,1.0110743707397287
EXPLORATORY_CONSUMED_DIAGNOSTIC_ONLY,COVARIANCE_AND_SINGULAR_SPECTRUM,MS,FAMILY,F3,0.0,1,1,2,True,34,68,110,34,OBSERVABLE_ONLY_GLOBAL_MEDIAN_IQR_FOR_CROSS_FAMILY_COMPARISON,1.0221479275489789,12288,0.0,78,1.0110743707397287
EXPLORATORY_CONSUMED_DIAGNOSTIC_ONLY,COVARIANCE_AND_SINGULAR_SPECTRUM,MS,FAMILY,F3,0.0,1,1,2,True,34,68,110,34,OBSERVABLE_ONLY_GLOBAL_MEDIAN_IQR_FOR_CROSS_FAMILY_COMPARISON,1.0221479275489789,12288,0.0,79,1.0110743707397287
EXPLORATORY_CONSUMED_DIAGNOSTIC_ONLY,COVARIANCE_AND_SINGULAR_SPECTRUM,MS,FAMILY,F3,0.0,1,1,2,True,34,68,110,34,OBSERVABLE_ONLY_GLOBAL_MEDIAN_IQR_FOR_CROSS_FAMILY_COMPARISON,1.0221479275489789,12288,0.0,80,1.0110743707397287
EXPLORATORY_CONSUMED_DIAGNOSTIC_ONLY,COVARIANCE_AND_SINGULAR_SPECTRUM,MS,FAMILY,F3,0.0,1,1,2,True,34,68,110,34,OBSERVABLE_ONLY_GLOBAL_MEDIAN_IQR_FOR_CROSS_FAMILY_COMPARISON,1.0221479275489789,12288,0.0,81,1.0110743707397287
EXPLORATORY_CONSUMED_DIAGNOSTIC_ONLY,COVARIANCE_AND_SINGULAR_SPECTRUM,MS,FAMILY,F3,0.0,1,1,2,True,34,68,110,34,OBSERVABLE_ONLY_GLOBAL_MEDIAN_IQR_FOR_CROSS_FAMILY_COMPARISON,1.0221479275489789,12288,0.0,82,1.0110743707397287
EXPLORATORY_CONSUMED_DIAGNOSTIC_ONLY,COVARIANCE_AND_SINGULAR_SPECTRUM,MS,FAMILY,F3,0.0,1,1,2,True,34,68,110,34,OBSERVABLE_ONLY_GLOBAL_MEDIAN_IQR_FOR_CROSS_FAMILY_COMPARISON,1.0221479275489789,12288,0.0,83,1.0110743707397287
EXPLORATORY_CONSUMED_DIAGNOSTIC_ONLY,COVARIANCE_AND_SINGULAR_SPECTRUM,MS,FAMILY,F3,0.0,1,1,2,True,34,68,110,34,OBSERVABLE_ONLY_GLOBAL_MEDIAN_IQR_FOR_CROSS_FAMILY_COMPARISON,1.0221479275489789,12288,0.0,84,1.0110743707397287
EXPLORATORY_CONSUMED_DIAGNOSTIC_ONLY,COVARIANCE_AND_SINGULAR_SPECTRUM,MS,FAMILY,F3,0.0,1,1,2,True,34,68,110,34,OBSERVABLE_ONLY_GLOBAL_MEDIAN_IQR_FOR_CROSS_FAMILY_COMPARISON,1.0221479275489789,12288,0.0,85,1.0110743707397287
EXPLORATORY_CONSUMED_DIAGNOSTIC_ONLY,COVARIANCE_AND_SINGULAR_SPECTRUM,MS,FAMILY,F3,0.0,1,1,2,True,34,68,110,34,OBSERVABLE_ONLY_GLOBAL_MEDIAN_IQR_FOR_CROSS_FAMILY_COMPARISON,1.0221479275489789,12288,0.0,86,1.0110743707397287
EXPLORATORY_CONSUMED_DIAGNOSTIC_ONLY,COVARIANCE_AND_SINGULAR_SPECTRUM,MS,FAMILY,F3,0.0,1,1,2,True,34,68,110,34,OBSERVABLE_ONLY_GLOBAL_MEDIAN_IQR_FOR_CROSS_FAMILY_COMPARISON,1.0221479275489789,12288,0.0,87,1.0110743707397287
EXPLORATORY_CONSUMED_DIAGNOSTIC_ONLY,COVARIANCE_AND_SINGULAR_SPECTRUM,MS,FAMILY,F3,0.0,1,1,2,True,34,68,110,34,OBSERVABLE_ONLY_GLOBAL_MEDIAN_IQR_FOR_CROSS_FAMILY_COMPARISON,1.0221479275489789,12288,0.0,88,1.0110743707397287
EXPLORATORY_CONSUMED_DIAGNOSTIC_ONLY,COVARIANCE_AND_SINGULAR_SPECTRUM,MS,FAMILY,F3,0.0,1,1,2,True,34,68,110,34,OBSERVABLE_ONLY_GLOBAL_MEDIAN_IQR_FOR_CROSS_FAMILY_COMPARISON,1.0221479275489789,12288,0.0,89,1.0110743707397287
EXPLORATORY_CONSUMED_DIAGNOSTIC_ONLY,COVARIANCE_AND_SINGULAR_SPECTRUM,MS,FAMILY,F3,0.0,1,1,2,True,34,68,110,34,OBSERVABLE_ONLY_GLOBAL_MEDIAN_IQR_FOR_CROSS_FAMILY_COMPARISON,1.0221479275489789,12288,0.0,90,1.0110743707397287
EXPLORATORY_CONSUMED_DIAGNOSTIC_ONLY,COVARIANCE_AND_SINGULAR_SPECTRUM,MS,FAMILY,F3,0.0,1,1,2,True,34,68,110,34,OBSERVABLE_ONLY_GLOBAL_MEDIAN_IQR_FOR_CROSS_FAMILY_COMPARISON,1.0221479275489789,12288,0.0,91,1.0110743707397287
EXPLORATORY_CONSUMED_DIAGNOSTIC_ONLY,COVARIANCE_AND_SINGULAR_SPECTRUM,MS,FAMILY,F3,0.0,1,1,2,True,34,68,110,34,OBSERVABLE_ONLY_GLOBAL_MEDIAN_IQR_FOR_CROSS_FAMILY_COMPARISON,1.0221479275489789,12288,0.0,92,1.0110743707397287
EXPLORATORY_CONSUMED_DIAGNOSTIC_ONLY,COVARIANCE_AND_SINGULAR_SPECTRUM,MS,FAMILY,F3,0.0,1,1,2,True,34,68,110,34,OBSERVABLE_ONLY_GLOBAL_MEDIAN_IQR_FOR_CROSS_FAMILY_COMPARISON,1.0221479275489789,12288,0.0,93,1.0110743707397287
EXPLORATORY_CONSUMED_DIAGNOSTIC_ONLY,COVARIANCE_AND_SINGULAR_SPECTRUM,MS,FAMILY,F3,0.0,1,1,2,True,34,68,110,34,OBSERVABLE_ONLY_GLOBAL_MEDIAN_IQR_FOR_CROSS_FAMILY_COMPARISON,1.0221479275489789,12288,0.0,94,1.0110743707397287
EXPLORATORY_CONSUMED_DIAGNOSTIC_ONLY,COVARIANCE_AND_SINGULAR_SPECTRUM,MS,FAMILY,F3,0.0,1,1,2,True,34,68,110,34,OBSERVABLE_ONLY_GLOBAL_MEDIAN_IQR_FOR_CROSS_FAMILY_COMPARISON,1.0221479275489789,12288,0.0,95,1.0110743707397287
EXPLORATORY_CONSUMED_DIAGNOSTIC_ONLY,COVARIANCE_AND_SINGULAR_SPECTRUM,MS,FAMILY,F3,0.0,1,1,2,True,34,68,110,34,OBSERVABLE_ONLY_GLOBAL_MEDIAN_IQR_FOR_CROSS_FAMILY_COMPARISON,1.0221479275489789,12288,0.0,96,1.0110743707397287
EXPLORATORY_CONSUMED_DIAGNOSTIC_ONLY,COVARIANCE_AND_SINGULAR_SPECTRUM,MS,FAMILY,F3,0.0,1,1,2,True,34,68,110,34,OBSERVABLE_ONLY_GLOBAL_MEDIAN_IQR_FOR_CROSS_FAMILY_COMPARISON,1.0221479275489789,12288,0.0,97,1.0110743707397287
EXPLORATORY_CONSUMED_DIAGNOSTIC_ONLY,COVARIANCE_AND_SINGULAR_SPECTRUM,MS,FAMILY,F3,0.0,1,1,2,True,34,68,110,34,OBSERVABLE_ONLY_GLOBAL_MEDIAN_IQR_FOR_CROSS_FAMILY_COMPARISON,1.0221479275489789,12288,0.0,98,1.0110743707397287
EXPLORATORY_CONSUMED_DIAGNOSTIC_ONLY,COVARIANCE_AND_SINGULAR_SPECTRUM,MS,FAMILY,F3,0.0,1,1,2,True,34,68,110,34,OBSERVABLE_ONLY_GLOBAL_MEDIAN_IQR_FOR_CROSS_FAMILY_COMPARISON,1.0221479275489789,12288,0.0,99,1.0110743707397287
EXPLORATORY_CONSUMED_DIAGNOSTIC_ONLY,COVARIANCE_AND_SINGULAR_SPECTRUM,MS,FAMILY,F3,0.0,1,1,2,True,34,68,110,34,OBSERVABLE_ONLY_GLOBAL_MEDIAN_IQR_FOR_CROSS_FAMILY_COMPARISON,1.0221479275489789,12288,0.0,100,1.0110743707397287
EXPLORATORY_CONSUMED_DIAGNOSTIC_ONLY,COVARIANCE_AND_SINGULAR_SPECTRUM,MS,FAMILY,F3,0.0,1,1,2,True,34,68,110,34,OBSERVABLE_ONLY_GLOBAL_MEDIAN_IQR_FOR_CROSS_FAMILY_COMPARISON,1.0221479275489789,12288,0.0,101,1.0110743707397287
EXPLORATORY_CONSUMED_DIAGNOSTIC_ONLY,COVARIANCE_AND_SINGULAR_SPECTRUM,MS,FAMILY,F3,0.0,1,1,2,True,34,68,110,34,OBSERVABLE_ONLY_GLOBAL_MEDIAN_IQR_FOR_CROSS_FAMILY_COMPARISON,1.0221479275489789,12288,0.0,102,1.0110743707397287
EXPLORATORY_CONSUMED_DIAGNOSTIC_ONLY,COVARIANCE_AND_SINGULAR_SPECTRUM,MS,FAMILY,F3,0.0,1,1,2,True,34,68,110,34,OBSERVABLE_ONLY_GLOBAL_MEDIAN_IQR_FOR_CROSS_FAMILY_COMPARISON,1.0221479275489789,12288,0.0,103,1.0110743707397287
EXPLORATORY_CONSUMED_DIAGNOSTIC_ONLY,COVARIANCE_AND_SINGULAR_SPECTRUM,MS,FAMILY,F3,0.0,1,1,2,True,34,68,110,34,OBSERVABLE_ONLY_GLOBAL_MEDIAN_IQR_FOR_CROSS_FAMILY_COMPARISON,1.0221479275489789,12288,0.0,104,1.0110743707397287
EXPLORATORY_CONSUMED_DIAGNOSTIC_ONLY,COVARIANCE_AND_SINGULAR_SPECTRUM,MS,FAMILY,F3,0.0,1,1,2,True,34,68,110,34,OBSERVABLE_ONLY_GLOBAL_MEDIAN_IQR_FOR_CROSS_FAMILY_COMPARISON,1.0221479275489789,12288,0.0,105,1.0110743707397287
EXPLORATORY_CONSUMED_DIAGNOSTIC_ONLY,COVARIANCE_AND_SINGULAR_SPECTRUM,MS,FAMILY,F3,0.0,1,1,2,True,34,68,110,34,OBSERVABLE_ONLY_GLOBAL_MEDIAN_IQR_FOR_CROSS_FAMILY_COMPARISON,1.0221479275489789,12288,0.0,106,1.0110743707397287
EXPLORATORY_CONSUMED_DIAGNOSTIC_ONLY,COVARIANCE_AND_SINGULAR_SPECTRUM,MS,FAMILY,F3,0.0,1,1,2,True,34,68,110,34,OBSERVABLE_ONLY_GLOBAL_MEDIAN_IQR_FOR_CROSS_FAMILY_COMPARISON,1.0221479275489789,12288,0.0,107,1.0110743707397287
EXPLORATORY_CONSUMED_DIAGNOSTIC_ONLY,COVARIANCE_AND_SINGULAR_SPECTRUM,MS,FAMILY,F3,0.0,1,1,2,True,34,68,110,34,OBSERVABLE_ONLY_GLOBAL_MEDIAN_IQR_FOR_CROSS_FAMILY_COMPARISON,1.0221479275489789,12288,0.0,108,1.0110743707397287
EXPLORATORY_CONSUMED_DIAGNOSTIC_ONLY,COVARIANCE_AND_SINGULAR_SPECTRUM,MS,FAMILY,F3,0.0,1,1,2,True,34,68,110,34,OBSERVABLE_ONLY_GLOBAL_MEDIAN_IQR_FOR_CROSS_FAMILY_COMPARISON,1.0221479275489789,12288,0.0,109,1.0110743707397287
EXPLORATORY_CONSUMED_DIAGNOSTIC_ONLY,COVARIANCE_AND_SINGULAR_SPECTRUM,MS,FAMILY,F3,0.0,1,1,2,True,34,68,110,34,OBSERVABLE_ONLY_GLOBAL_MEDIAN_IQR_FOR_CROSS_FAMILY_COMPARISON,1.0221479275489789,12288,0.0,110,1.0110743707397287
EXPLORATORY_CONSUMED_DIAGNOSTIC_ONLY,COVARIANCE_AND_SINGULAR_SPECTRUM,MS,FAMILY,F4,1.3217451695602805e+31,1,1,2,True,59,113,110,32,OBSERVABLE_ONLY_GLOBAL_MEDIAN_IQR_FOR_CROSS_FAMILY_COMPARISON,1.031447914765039,12288,4.030087423810646e+17,1,1.0157146617841502
EXPLORATORY_CONSUMED_DIAGNOSTIC_ONLY,COVARIANCE_AND_SINGULAR_SPECTRUM,MS,FAMILY,F4,1.9651944588294127e+29,1,1,2,True,59,113,110,32,OBSERVABLE_ONLY_GLOBAL_MEDIAN_IQR_FOR_CROSS_FAMILY_COMPARISON,1.031447914765039,12288,4.9140929488661304e+16,2,1.0157146617841502
EXPLORATORY_CONSUMED_DIAGNOSTIC_ONLY,COVARIANCE_AND_SINGULAR_SPECTRUM,MS,FAMILY,F4,5.713652946556196e+27,1,1,2,True,59,113,110,32,OBSERVABLE_ONLY_GLOBAL_MEDIAN_IQR_FOR_CROSS_FAMILY_COMPARISON,1.031447914765039,12288,8379103019254659.0,3,1.0157146617841502
EXPLORATORY_CONSUMED_DIAGNOSTIC_ONLY,COVARIANCE_AND_SINGULAR_SPECTRUM,MS,FAMILY,F4,5.061510386775535e+27,1,1,2,True,59,113,110,32,OBSERVABLE_ONLY_GLOBAL_MEDIAN_IQR_FOR_CROSS_FAMILY_COMPARISON,1.031447914765039,12288,7886433898328051.0,4,1.0157146617841502
EXPLORATORY_CONSUMED_DIAGNOSTIC_ONLY,COVARIANCE_AND_SINGULAR_SPECTRUM,MS,FAMILY,F4,3.306331053113583e+26,1,1,2,True,59,113,110,32,OBSERVABLE_ONLY_GLOBAL_MEDIAN_IQR_FOR_CROSS_FAMILY_COMPARISON,1.031447914765039,12288,2015643718037979.8,5,1.0157146617841502
EXPLORATORY_CONSUMED_DIAGNOSTIC_ONLY,COVARIANCE_AND_SINGULAR_SPECTRUM,MS,FAMILY,F4,6.2600518995916555e+25,1,1,2,True,59,113,110,32,OBSERVABLE_ONLY_GLOBAL_MEDIAN_IQR_FOR_CROSS_FAMILY_COMPARISON,1.031447914765039,12288,877060532358983.0,6,1.0157146617841502
EXPLORATORY_CONSUMED_DIAGNOSTIC_ONLY,COVARIANCE_AND_SINGULAR_SPECTRUM,MS,FAMILY,F4,1.994020377005939e+25,1,1,2,True,59,113,110,32,OBSERVABLE_ONLY_GLOBAL_MEDIAN_IQR_FOR_CROSS_FAMILY_COMPARISON,1.031447914765039,12288,495000226188321.9,7,1.0157146617841502
EXPLORATORY_CONSUMED_DIAGNOSTIC_ONLY,COVARIANCE_AND_SINGULAR_SPECTRUM,MS,FAMILY,F4,3.1928472290040845e+17,1,1,2,True,59,113,110,32,OBSERVABLE_ONLY_GLOBAL_MEDIAN_IQR_FOR_CROSS_FAMILY_COMPARISON,1.031447914765039,12288,62636815651.82108,8,1.0157146617841502
EXPLORATORY_CONSUMED_DIAGNOSTIC_ONLY,COVARIANCE_AND_SINGULAR_SPECTRUM,MS,FAMILY,F4,2.2615360693908348e+16,1,1,2,True,59,113,110,32,OBSERVABLE_ONLY_GLOBAL_MEDIAN_IQR_FOR_CROSS_FAMILY_COMPARISON,1.031447914765039,12288,16670259512.279518,9,1.0157146617841502
EXPLORATORY_CONSUMED_DIAGNOSTIC_ONLY,COVARIANCE_AND_SINGULAR_SPECTRUM,MS,FAMILY,F4,1.4958728160813882e+16,1,1,2,True,59,113,110,32,OBSERVABLE_ONLY_GLOBAL_MEDIAN_IQR_FOR_CROSS_FAMILY_COMPARISON,1.031447914765039,12288,13557759831.184538,10,1.0157146617841502
EXPLORATORY_CONSUMED_DIAGNOSTIC_ONLY,COVARIANCE_AND_SINGULAR_SPECTRUM,MS,FAMILY,F4,7207888754458194.0,1,1,2,True,59,113,110,32,OBSERVABLE_ONLY_GLOBAL_MEDIAN_IQR_FOR_CROSS_FAMILY_COMPARISON,1.031447914765039,12288,9411192114.433872,11,1.0157146617841502
EXPLORATORY_CONSUMED_DIAGNOSTIC_ONLY,COVARIANCE_AND_SINGULAR_SPECTRUM,MS,FAMILY,F4,5668460855320642.0,1,1,2,True,59,113,110,32,OBSERVABLE_ONLY_GLOBAL_MEDIAN_IQR_FOR_CROSS_FAMILY_COMPARISON,1.031447914765039,12288,8345900010.794525,12,1.0157146617841502
EXPLORATORY_CONSUMED_DIAGNOSTIC_ONLY,COVARIANCE_AND_SINGULAR_SPECTRUM,MS,FAMILY,F4,5171193903447846.0,1,1,2,True,59,113,110,32,OBSERVABLE_ONLY_GLOBAL_MEDIAN_IQR_FOR_CROSS_FAMILY_COMPARISON,1.031447914765039,12288,7971425887.855142,13,1.0157146617841502
EXPLORATORY_CONSUMED_DIAGNOSTIC_ONLY,COVARIANCE_AND_SINGULAR_SPECTRUM,MS,FAMILY,F4,3547710190459475.5,1,1,2,True,59,113,110,32,OBSERVABLE_ONLY_GLOBAL_MEDIAN_IQR_FOR_CROSS_FAMILY_COMPARISON,1.031447914765039,12288,6602595157.994017,14,1.0157146617841502
EXPLORATORY_CONSUMED_DIAGNOSTIC_ONLY,COVARIANCE_AND_SINGULAR_SPECTRUM,MS,FAMILY,F4,3418797681699303.5,1,1,2,True,59,113,110,32,OBSERVABLE_ONLY_GLOBAL_MEDIAN_IQR_FOR_CROSS_FAMILY_COMPARISON,1.031447914765039,12288,6481526510.99423,15,1.0157146617841502
EXPLORATORY_CONSUMED_DIAGNOSTIC_ONLY,COVARIANCE_AND_SINGULAR_SPECTRUM,MS,FAMILY,F4,1465985500127717.5,1,1,2,True,59,113,110,32,OBSERVABLE_ONLY_GLOBAL_MEDIAN_IQR_FOR_CROSS_FAMILY_COMPARISON,1.031447914765039,12288,4244293795.8592587,16,1.0157146617841502
EXPLORATORY_CONSUMED_DIAGNOSTIC_ONLY,COVARIANCE_AND_SINGULAR_SPECTRUM,MS,FAMILY,F4,1462810534421623.8,1,1,2,True,59,113,110,32,OBSERVABLE_ONLY_GLOBAL_MEDIAN_IQR_FOR_CROSS_FAMILY_COMPARISON,1.031447914765039,12288,4239695254.021557,17,1.0157146617841502
EXPLORATORY_CONSUMED_DIAGNOSTIC_ONLY,COVARIANCE_AND_SINGULAR_SPECTRUM,MS,FAMILY,F4,953592224371529.6,1,1,2,True,59,113,110,32,OBSERVABLE_ONLY_GLOBAL_MEDIAN_IQR_FOR_CROSS_FAMILY_COMPARISON,1.031447914765039,12288,3423118644.317979,18,1.0157146617841502
EXPLORATORY_CONSUMED_DIAGNOSTIC_ONLY,COVARIANCE_AND_SINGULAR_SPECTRUM,MS,FAMILY,F4,515678521531509.9,1,1,2,True,59,113,110,32,OBSERVABLE_ONLY_GLOBAL_MEDIAN_IQR_FOR_CROSS_FAMILY_COMPARISON,1.031447914765039,12288,2517271871.0102,19,1.0157146617841502
EXPLORATORY_CONSUMED_DIAGNOSTIC_ONLY,COVARIANCE_AND_SINGULAR_SPECTRUM,MS,FAMILY,F4,446569498752231.25,1,1,2,True,59,113,110,32,OBSERVABLE_ONLY_GLOBAL_MEDIAN_IQR_FOR_CROSS_FAMILY_COMPARISON,1.031447914765039,12288,2342529829.1948,20,1.0157146617841502
EXPLORATORY_CONSUMED_DIAGNOSTIC_ONLY,COVARIANCE_AND_SINGULAR_SPECTRUM,MS,FAMILY,F4,342433748473786.0,1,1,2,True,59,113,110,32,OBSERVABLE_ONLY_GLOBAL_MEDIAN_IQR_FOR_CROSS_FAMILY_COMPARISON,1.031447914765039,12288,2051298589.0030448,21,1.0157146617841502
EXPLORATORY_CONSUMED_DIAGNOSTIC_ONLY,COVARIANCE_AND_SINGULAR_SPECTRUM,MS,FAMILY,F4,109276387768052.05,1,1,2,True,59,113,110,32,OBSERVABLE_ONLY_GLOBAL_MEDIAN_IQR_FOR_CROSS_FAMILY_COMPARISON,1.031447914765039,12288,1158787406.2544103,22,1.0157146617841502
EXPLORATORY_CONSUMED_DIAGNOSTIC_ONLY,COVARIANCE_AND_SINGULAR_SPECTRUM,MS,FAMILY,F4,64224956915994.73,1,1,2,True,59,113,110,32,OBSERVABLE_ONLY_GLOBAL_MEDIAN_IQR_FOR_CROSS_FAMILY_COMPARISON,1.031447914765039,12288,888367193.5544126,23,1.0157146617841502
EXPLORATORY_CONSUMED_DIAGNOSTIC_ONLY,COVARIANCE_AND_SINGULAR_SPECTRUM,MS,FAMILY,F4,19076832660389.81,1,1,2,True,59,113,110,32,OBSERVABLE_ONLY_GLOBAL_MEDIAN_IQR_FOR_CROSS_FAMILY_COMPARISON,1.031447914765039,12288,484165384.6888168,24,1.0157146617841502
EXPLORATORY_CONSUMED_DIAGNOSTIC_ONLY,COVARIANCE_AND_SINGULAR_SPECTRUM,MS,FAMILY,F4,5636297990952.215,1,1,2,True,59,113,110,32,OBSERVABLE_ONLY_GLOBAL_MEDIAN_IQR_FOR_CROSS_FAMILY_COMPARISON,1.031447914765039,12288,263170723.5100835,25,1.0157146617841502
EXPLORATORY_CONSUMED_DIAGNOSTIC_ONLY,COVARIANCE_AND_SINGULAR_SPECTRUM,MS,FAMILY,F4,162066.7677759744,1,1,2,True,59,113,110,32,OBSERVABLE_ONLY_GLOBAL_MEDIAN_IQR_FOR_CROSS_FAMILY_COMPARISON,1.031447914765039,12288,44625.9615294861,26,1.0157146617841502
EXPLORATORY_CONSUMED_DIAGNOSTIC_ONLY,COVARIANCE_AND_SINGULAR_SPECTRUM,MS,FAMILY,F4,24529.801266557268,1,1,2,True,59,113,110,32,OBSERVABLE_ONLY_GLOBAL_MEDIAN_IQR_FOR_CROSS_FAMILY_COMPARISON,1.031447914765039,12288,17361.514852208482,27,1.0157146617841502
EXPLORATORY_CONSUMED_DIAGNOSTIC_ONLY,COVARIANCE_AND_SINGULAR_SPECTRUM,MS,FAMILY,F4,11195.544276298782,1,1,2,True,59,113,110,32,OBSERVABLE_ONLY_GLOBAL_MEDIAN_IQR_FOR_CROSS_FAMILY_COMPARISON,1.031447914765039,12288,11729.059982247489,28,1.0157146617841502
EXPLORATORY_CONSUMED_DIAGNOSTIC_ONLY,COVARIANCE_AND_SINGULAR_SPECTRUM,MS,FAMILY,F4,1739.3663850207047,1,1,2,True,59,113,110,32,OBSERVABLE_ONLY_GLOBAL_MEDIAN_IQR_FOR_CROSS_FAMILY_COMPARISON,1.031447914765039,12288,4623.130339838411,29,1.0157146617841502
EXPLORATORY_CONSUMED_DIAGNOSTIC_ONLY,COVARIANCE_AND_SINGULAR_SPECTRUM,MS,FAMILY,F4,1233.8556415707046,1,1,2,True,59,113,110,32,OBSERVABLE_ONLY_GLOBAL_MEDIAN_IQR_FOR_CROSS_FAMILY_COMPARISON,1.031447914765039,12288,3893.792254810318,30,1.0157146617841502
EXPLORATORY_CONSUMED_DIAGNOSTIC_ONLY,COVARIANCE_AND_SINGULAR_SPECTRUM,MS,FAMILY,F4,252.41685458615186,1,1,2,True,59,113,110,32,OBSERVABLE_ONLY_GLOBAL_MEDIAN_IQR_FOR_CROSS_FAMILY_COMPARISON,1.031447914765039,12288,1761.163907520999,31,1.0157146617841502
EXPLORATORY_CONSUMED_DIAGNOSTIC_ONLY,COVARIANCE_AND_SINGULAR_SPECTRUM,MS,FAMILY,F4,164.5707534284778,1,1,2,True,59,113,110,32,OBSERVABLE_ONLY_GLOBAL_MEDIAN_IQR_FOR_CROSS_FAMILY_COMPARISON,1.031447914765039,12288,1422.056756296715,32,1.0157146617841502
EXPLORATORY_CONSUMED_DIAGNOSTIC_ONLY,COVARIANCE_AND_SINGULAR_SPECTRUM,MS,FAMILY,F4,55.07833980432379,1,1,2,True,59,113,110,32,OBSERVABLE_ONLY_GLOBAL_MEDIAN_IQR_FOR_CROSS_FAMILY_COMPARISON,1.031447914765039,12288,822.6801562670214,33,1.0157146617841502
EXPLORATORY_CONSUMED_DIAGNOSTIC_ONLY,COVARIANCE_AND_SINGULAR_SPECTRUM,MS,FAMILY,F4,48.29763810255518,1,1,2,True,59,113,110,32,OBSERVABLE_ONLY_GLOBAL_MEDIAN_IQR_FOR_CROSS_FAMILY_COMPARISON,1.031447914765039,12288,770.377425035416,34,1.0157146617841502
EXPLORATORY_CONSUMED_DIAGNOSTIC_ONLY,COVARIANCE_AND_SINGULAR_SPECTRUM,MS,FAMILY,F4,20.692799728113997,1,1,2,True,59,113,110,32,OBSERVABLE_ONLY_GLOBAL_MEDIAN_IQR_FOR_CROSS_FAMILY_COMPARISON,1.031447914765039,12288,504.2550178818896,35,1.0157146617841502
EXPLORATORY_CONSUMED_DIAGNOSTIC_ONLY,COVARIANCE_AND_SINGULAR_SPECTRUM,MS,FAMILY,F4,10.558053745359144,1,1,2,True,59,113,110,32,OBSERVABLE_ONLY_GLOBAL_MEDIAN_IQR_FOR_CROSS_FAMILY_COMPARISON,1.031447914765039,12288,360.190733394091,36,1.0157146617841502
EXPLORATORY_CONSUMED_DIAGNOSTIC_ONLY,COVARIANCE_AND_SINGULAR_SPECTRUM,MS,FAMILY,F4,6.252061739125017,1,1,2,True,59,113,110,32,OBSERVABLE_ONLY_GLOBAL_MEDIAN_IQR_FOR_CROSS_FAMILY_COMPARISON,1.031447914765039,12288,277.1738347145491,37,1.0157146617841502
EXPLORATORY_CONSUMED_DIAGNOSTIC_ONLY,COVARIANCE_AND_SINGULAR_SPECTRUM,MS,FAMILY,F4,4.640810326664491,1,1,2,True,59,113,110,32,OBSERVABLE_ONLY_GLOBAL_MEDIAN_IQR_FOR_CROSS_FAMILY_COMPARISON,1.031447914765039,12288,238.80175312181706,38,1.0157146617841502
EXPLORATORY_CONSUMED_DIAGNOSTIC_ONLY,COVARIANCE_AND_SINGULAR_SPECTRUM,MS,FAMILY,F4,3.8639684746441576,1,1,2,True,59,113,110,32,OBSERVABLE_ONLY_GLOBAL_MEDIAN_IQR_FOR_CROSS_FAMILY_COMPARISON,1.031447914765039,12288,217.9000794318979,39,1.0157146617841502
EXPLORATORY_CONSUMED_DIAGNOSTIC_ONLY,COVARIANCE_AND_SINGULAR_SPECTRUM,MS,FAMILY,F4,1.2071407877941938,1,1,2,True,59,113,110,32,OBSERVABLE_ONLY_GLOBAL_MEDIAN_IQR_FOR_CROSS_FAMILY_COMPARISON,1.031447914765039,12288,121.7922247124793,40,1.0157146617841502
EXPLORATORY_CONSUMED_DIAGNOSTIC_ONLY,COVARIANCE_AND_SINGULAR_SPECTRUM,MS,FAMILY,F4,0.8762697596946424,1,1,2,True,59,113,110,32,OBSERVABLE_ONLY_GLOBAL_MEDIAN_IQR_FOR_CROSS_FAMILY_COMPARISON,1.031447914765039,12288,103.76706031842555,41,1.0157146617841502
EXPLORATORY_CONSUMED_DIAGNOSTIC_ONLY,COVARIANCE_AND_SINGULAR_SPECTRUM,MS,FAMILY,F4,0.6620244686331482,1,1,2,True,59,113,110,32,OBSERVABLE_ONLY_GLOBAL_MEDIAN_IQR_FOR_CROSS_FAMILY_COMPARISON,1.031447914765039,12288,90.19399464800372,42,1.0157146617841502
EXPLORATORY_CONSUMED_DIAGNOSTIC_ONLY,COVARIANCE_AND_SINGULAR_SPECTRUM,MS,FAMILY,F4,0.16523422114993602,1,1,2,True,59,113,110,32,OBSERVABLE_ONLY_GLOBAL_MEDIAN_IQR_FOR_CROSS_FAMILY_COMPARISON,1.031447914765039,12288,45.059939075529314,43,1.0157146617841502
EXPLORATORY_CONSUMED_DIAGNOSTIC_ONLY,COVARIANCE_AND_SINGULAR_SPECTRUM,MS,FAMILY,F4,0.13633164708572054,1,1,2,True,59,113,110,32,OBSERVABLE_ONLY_GLOBAL_MEDIAN_IQR_FOR_CROSS_FAMILY_COMPARISON,1.031447914765039,12288,40.929735882232784,44,1.0157146617841502
EXPLORATORY_CONSUMED_DIAGNOSTIC_ONLY,COVARIANCE_AND_SINGULAR_SPECTRUM,MS,FAMILY,F4,0.10223185669402378,1,1,2,True,59,113,110,32,OBSERVABLE_ONLY_GLOBAL_MEDIAN_IQR_FOR_CROSS_FAMILY_COMPARISON,1.031447914765039,12288,35.443265299012225,45,1.0157146617841502
EXPLORATORY_CONSUMED_DIAGNOSTIC_ONLY,COVARIANCE_AND_SINGULAR_SPECTRUM,MS,FAMILY,F4,0.06280780229796888,1,1,2,True,59,113,110,32,OBSERVABLE_ONLY_GLOBAL_MEDIAN_IQR_FOR_CROSS_FAMILY_COMPARISON,1.031447914765039,12288,27.780969648978086,46,1.0157146617841502
EXPLORATORY_CONSUMED_DIAGNOSTIC_ONLY,COVARIANCE_AND_SINGULAR_SPECTRUM,MS,FAMILY,F4,0.02665315281820231,1,1,2,True,59,113,110,32,OBSERVABLE_ONLY_GLOBAL_MEDIAN_IQR_FOR_CROSS_FAMILY_COMPARISON,1.031447914765039,12288,18.097346264855243,47,1.0157146617841502
EXPLORATORY_CONSUMED_DIAGNOSTIC_ONLY,COVARIANCE_AND_SINGULAR_SPECTRUM,MS,FAMILY,F4,0.018401471071023766,1,1,2,True,59,113,110,32,OBSERVABLE_ONLY_GLOBAL_MEDIAN_IQR_FOR_CROSS_FAMILY_COMPARISON,1.031447914765039,12288,15.03719643154069,48,1.0157146617841502
EXPLORATORY_CONSUMED_DIAGNOSTIC_ONLY,COVARIANCE_AND_SINGULAR_SPECTRUM,MS,FAMILY,F4,0.015894881874799236,1,1,2,True,59,113,110,32,OBSERVABLE_ONLY_GLOBAL_MEDIAN_IQR_FOR_CROSS_FAMILY_COMPARISON,1.031447914765039,12288,13.975561114943938,49,1.0157146617841502
EXPLORATORY_CONSUMED_DIAGNOSTIC_ONLY,COVARIANCE_AND_SINGULAR_SPECTRUM,MS,FAMILY,F4,0.012997621831861077,1,1,2,True,59,113,110,32,OBSERVABLE_ONLY_GLOBAL_MEDIAN_IQR_FOR_CROSS_FAMILY_COMPARISON,1.031447914765039,12288,12.637831185369937,50,1.0157146617841502
EXPLORATORY_CONSUMED_DIAGNOSTIC_ONLY,COVARIANCE_AND_SINGULAR_SPECTRUM,MS,FAMILY,F4,0.006842828235982363,1,1,2,True,59,113,110,32,OBSERVABLE_ONLY_GLOBAL_MEDIAN_IQR_FOR_CROSS_FAMILY_COMPARISON,1.031447914765039,12288,9.169769537112222,51,1.0157146617841502
EXPLORATORY_CONSUMED_DIAGNOSTIC_ONLY,COVARIANCE_AND_SINGULAR_SPECTRUM,MS,FAMILY,F4,0.0032867428828793036,1,1,2,True,59,113,110,32,OBSERVABLE_ONLY_GLOBAL_MEDIAN_IQR_FOR_CROSS_FAMILY_COMPARISON,1.031447914765039,12288,6.355115777452122,52,1.0157146617841502
EXPLORATORY_CONSUMED_DIAGNOSTIC_ONLY,COVARIANCE_AND_SINGULAR_SPECTRUM,MS,FAMILY,F4,0.0025205914637728664,1,1,2,True,59,113,110,32,OBSERVABLE_ONLY_GLOBAL_MEDIAN_IQR_FOR_CROSS_FAMILY_COMPARISON,1.031447914765039,12288,5.565341670269758,53,1.0157146617841502
EXPLORATORY_CONSUMED_DIAGNOSTIC_ONLY,COVARIANCE_AND_SINGULAR_SPECTRUM,MS,FAMILY,F4,0.002320831551011676,1,1,2,True,59,113,110,32,OBSERVABLE_ONLY_GLOBAL_MEDIAN_IQR_FOR_CROSS_FAMILY_COMPARISON,1.031447914765039,12288,5.340260115278232,54,1.0157146617841502
EXPLORATORY_CONSUMED_DIAGNOSTIC_ONLY,COVARIANCE_AND_SINGULAR_SPECTRUM,MS,FAMILY,F4,0.0016068368555740944,1,1,2,True,59,113,110,32,OBSERVABLE_ONLY_GLOBAL_MEDIAN_IQR_FOR_CROSS_FAMILY_COMPARISON,1.031447914765039,12288,4.443513393846638,55,1.0157146617841502
EXPLORATORY_CONSUMED_DIAGNOSTIC_ONLY,COVARIANCE_AND_SINGULAR_SPECTRUM,MS,FAMILY,F4,0.001002155670029264,1,1,2,True,59,113,110,32,OBSERVABLE_ONLY_GLOBAL_MEDIAN_IQR_FOR_CROSS_FAMILY_COMPARISON,1.031447914765039,12288,3.5092006031744036,56,1.0157146617841502
EXPLORATORY_CONSUMED_DIAGNOSTIC_ONLY,COVARIANCE_AND_SINGULAR_SPECTRUM,MS,FAMILY,F4,0.000886478714095056,1,1,2,True,59,113,110,32,OBSERVABLE_ONLY_GLOBAL_MEDIAN_IQR_FOR_CROSS_FAMILY_COMPARISON,1.031447914765039,12288,3.3004621553352265,57,1.0157146617841502
EXPLORATORY_CONSUMED_DIAGNOSTIC_ONLY,COVARIANCE_AND_SINGULAR_SPECTRUM,MS,FAMILY,F4,0.0001484347437686217,1,1,2,True,59,113,110,32,OBSERVABLE_ONLY_GLOBAL_MEDIAN_IQR_FOR_CROSS_FAMILY_COMPARISON,1.031447914765039,12288,1.3505429024761944,58,1.0157146617841502
EXPLORATORY_CONSUMED_DIAGNOSTIC_ONLY,COVARIANCE_AND_SINGULAR_SPECTRUM,MS,FAMILY,F4,0.00011001323485300677,1,1,2,True,59,113,110,32,OBSERVABLE_ONLY_GLOBAL_MEDIAN_IQR_FOR_CROSS_FAMILY_COMPARISON,1.031447914765039,12288,1.1626876751190525,59,1.0157146617841502
EXPLORATORY_CONSUMED_DIAGNOSTIC_ONLY,COVARIANCE_AND_SINGULAR_SPECTRUM,MS,FAMILY,F4,9.807517054308234e-05,1,1,2,True,59,113,110,32,OBSERVABLE_ONLY_GLOBAL_MEDIAN_IQR_FOR_CROSS_FAMILY_COMPARISON,1.031447914765039,12288,1.0977921914612965,60,1.0157146617841502
EXPLORATORY_CONSUMED_DIAGNOSTIC_ONLY,COVARIANCE_AND_SINGULAR_SPECTRUM,MS,FAMILY,F4,3.861522028632057e-05,1,1,2,True,59,113,110,32,OBSERVABLE_ONLY_GLOBAL_MEDIAN_IQR_FOR_CROSS_FAMILY_COMPARISON,1.031447914765039,12288,0.6888423817378742,61,1.0157146617841502
EXPLORATORY_CONSUMED_DIAGNOSTIC_ONLY,COVARIANCE_AND_SINGULAR_SPECTRUM,MS,FAMILY,F4,3.32139318872874e-05,1,1,2,True,59,113,110,32,OBSERVABLE_ONLY_GLOBAL_MEDIAN_IQR_FOR_CROSS_FAMILY_COMPARISON,1.031447914765039,12288,0.638852717792597,62,1.0157146617841502
EXPLORATORY_CONSUMED_DIAGNOSTIC_ONLY,COVARIANCE_AND_SINGULAR_SPECTRUM,MS,FAMILY,F4,1.4836606198158626e-05,1,1,2,True,59,113,110,32,OBSERVABLE_ONLY_GLOBAL_MEDIAN_IQR_FOR_CROSS_FAMILY_COMPARISON,1.031447914765039,12288,0.42698034727955947,63,1.0157146617841502
EXPLORATORY_CONSUMED_DIAGNOSTIC_ONLY,COVARIANCE_AND_SINGULAR_SPECTRUM,MS,FAMILY,F4,9.874594447489151e-07,1,1,2,True,59,113,110,32,OBSERVABLE_ONLY_GLOBAL_MEDIAN_IQR_FOR_CROSS_FAMILY_COMPARISON,1.031447914765039,12288,0.11015399065433203,64,1.0157146617841502
EXPLORATORY_CONSUMED_DIAGNOSTIC_ONLY,COVARIANCE_AND_SINGULAR_SPECTRUM,MS,FAMILY,F4,8.866032713434513e-08,1,1,2,True,59,113,110,32,OBSERVABLE_ONLY_GLOBAL_MEDIAN_IQR_FOR_CROSS_FAMILY_COMPARISON,1.031447914765039,12288,0.0330069401766785,65,1.0157146617841502
EXPLORATORY_CONSUMED_DIAGNOSTIC_ONLY,COVARIANCE_AND_SINGULAR_SPECTRUM,MS,FAMILY,F4,0.0,1,1,2,True,59,113,110,32,OBSERVABLE_ONLY_GLOBAL_MEDIAN_IQR_FOR_CROSS_FAMILY_COMPARISON,1.031447914765039,12288,0.0,66,1.0157146617841502
EXPLORATORY_CONSUMED_DIAGNOSTIC_ONLY,COVARIANCE_AND_SINGULAR_SPECTRUM,MS,FAMILY,F4,0.0,1,1,2,True,59,113,110,32,OBSERVABLE_ONLY_GLOBAL_MEDIAN_IQR_FOR_CROSS_FAMILY_COMPARISON,1.031447914765039,12288,0.0,67,1.0157146617841502
EXPLORATORY_CONSUMED_DIAGNOSTIC_ONLY,COVARIANCE_AND_SINGULAR_SPECTRUM,MS,FAMILY,F4,0.0,1,1,2,True,59,113,110,32,OBSERVABLE_ONLY_GLOBAL_MEDIAN_IQR_FOR_CROSS_FAMILY_COMPARISON,1.031447914765039,12288,0.0,68,1.0157146617841502
EXPLORATORY_CONSUMED_DIAGNOSTIC_ONLY,COVARIANCE_AND_SINGULAR_SPECTRUM,MS,FAMILY,F4,0.0,1,1,2,True,59,113,110,32,OBSERVABLE_ONLY_GLOBAL_MEDIAN_IQR_FOR_CROSS_FAMILY_COMPARISON,1.031447914765039,12288,0.0,69,1.0157146617841502
EXPLORATORY_CONSUMED_DIAGNOSTIC_ONLY,COVARIANCE_AND_SINGULAR_SPECTRUM,MS,FAMILY,F4,0.0,1,1,2,True,59,113,110,32,OBSERVABLE_ONLY_GLOBAL_MEDIAN_IQR_FOR_CROSS_FAMILY_COMPARISON,1.031447914765039,12288,0.0,70,1.0157146617841502
EXPLORATORY_CONSUMED_DIAGNOSTIC_ONLY,COVARIANCE_AND_SINGULAR_SPECTRUM,MS,FAMILY,F4,0.0,1,1,2,True,59,113,110,32,OBSERVABLE_ONLY_GLOBAL_MEDIAN_IQR_FOR_CROSS_FAMILY_COMPARISON,1.031447914765039,12288,0.0,71,1.0157146617841502
EXPLORATORY_CONSUMED_DIAGNOSTIC_ONLY,COVARIANCE_AND_SINGULAR_SPECTRUM,MS,FAMILY,F4,0.0,1,1,2,True,59,113,110,32,OBSERVABLE_ONLY_GLOBAL_MEDIAN_IQR_FOR_CROSS_FAMILY_COMPARISON,1.031447914765039,12288,0.0,72,1.0157146617841502
EXPLORATORY_CONSUMED_DIAGNOSTIC_ONLY,COVARIANCE_AND_SINGULAR_SPECTRUM,MS,FAMILY,F4,0.0,1,1,2,True,59,113,110,32,OBSERVABLE_ONLY_GLOBAL_MEDIAN_IQR_FOR_CROSS_FAMILY_COMPARISON,1.031447914765039,12288,0.0,73,1.0157146617841502
EXPLORATORY_CONSUMED_DIAGNOSTIC_ONLY,COVARIANCE_AND_SINGULAR_SPECTRUM,MS,FAMILY,F4,0.0,1,1,2,True,59,113,110,32,OBSERVABLE_ONLY_GLOBAL_MEDIAN_IQR_FOR_CROSS_FAMILY_COMPARISON,1.031447914765039,12288,0.0,74,1.0157146617841502
EXPLORATORY_CONSUMED_DIAGNOSTIC_ONLY,COVARIANCE_AND_SINGULAR_SPECTRUM,MS,FAMILY,F4,0.0,1,1,2,True,59,113,110,32,OBSERVABLE_ONLY_GLOBAL_MEDIAN_IQR_FOR_CROSS_FAMILY_COMPARISON,1.031447914765039,12288,0.0,75,1.0157146617841502
EXPLORATORY_CONSUMED_DIAGNOSTIC_ONLY,COVARIANCE_AND_SINGULAR_SPECTRUM,MS,FAMILY,F4,0.0,1,1,2,True,59,113,110,32,OBSERVABLE_ONLY_GLOBAL_MEDIAN_IQR_FOR_CROSS_FAMILY_COMPARISON,1.031447914765039,12288,0.0,76,1.0157146617841502
EXPLORATORY_CONSUMED_DIAGNOSTIC_ONLY,COVARIANCE_AND_SINGULAR_SPECTRUM,MS,FAMILY,F4,0.0,1,1,2,True,59,113,110,32,OBSERVABLE_ONLY_GLOBAL_MEDIAN_IQR_FOR_CROSS_FAMILY_COMPARISON,1.031447914765039,12288,0.0,77,1.0157146617841502
EXPLORATORY_CONSUMED_DIAGNOSTIC_ONLY,COVARIANCE_AND_SINGULAR_SPECTRUM,MS,FAMILY,F4,0.0,1,1,2,True,59,113,110,32,OBSERVABLE_ONLY_GLOBAL_MEDIAN_IQR_FOR_CROSS_FAMILY_COMPARISON,1.031447914765039,12288,0.0,78,1.0157146617841502
EXPLORATORY_CONSUMED_DIAGNOSTIC_ONLY,COVARIANCE_AND_SINGULAR_SPECTRUM,MS,FAMILY,F4,0.0,1,1,2,True,59,113,110,32,OBSERVABLE_ONLY_GLOBAL_MEDIAN_IQR_FOR_CROSS_FAMILY_COMPARISON,1.031447914765039,12288,0.0,79,1.0157146617841502
EXPLORATORY_CONSUMED_DIAGNOSTIC_ONLY,COVARIANCE_AND_SINGULAR_SPECTRUM,MS,FAMILY,F4,0.0,1,1,2,True,59,113,110,32,OBSERVABLE_ONLY_GLOBAL_MEDIAN_IQR_FOR_CROSS_FAMILY_COMPARISON,1.031447914765039,12288,0.0,80,1.0157146617841502
EXPLORATORY_CONSUMED_DIAGNOSTIC_ONLY,COVARIANCE_AND_SINGULAR_SPECTRUM,MS,FAMILY,F4,0.0,1,1,2,True,59,113,110,32,OBSERVABLE_ONLY_GLOBAL_MEDIAN_IQR_FOR_CROSS_FAMILY_COMPARISON,1.031447914765039,12288,0.0,81,1.0157146617841502
EXPLORATORY_CONSUMED_DIAGNOSTIC_ONLY,COVARIANCE_AND_SINGULAR_SPECTRUM,MS,FAMILY,F4,0.0,1,1,2,True,59,113,110,32,OBSERVABLE_ONLY_GLOBAL_MEDIAN_IQR_FOR_CROSS_FAMILY_COMPARISON,1.031447914765039,12288,0.0,82,1.0157146617841502
EXPLORATORY_CONSUMED_DIAGNOSTIC_ONLY,COVARIANCE_AND_SINGULAR_SPECTRUM,MS,FAMILY,F4,0.0,1,1,2,True,59,113,110,32,OBSERVABLE_ONLY_GLOBAL_MEDIAN_IQR_FOR_CROSS_FAMILY_COMPARISON,1.031447914765039,12288,0.0,83,1.0157146617841502
EXPLORATORY_CONSUMED_DIAGNOSTIC_ONLY,COVARIANCE_AND_SINGULAR_SPECTRUM,MS,FAMILY,F4,0.0,1,1,2,True,59,113,110,32,OBSERVABLE_ONLY_GLOBAL_MEDIAN_IQR_FOR_CROSS_FAMILY_COMPARISON,1.031447914765039,12288,0.0,84,1.0157146617841502
EXPLORATORY_CONSUMED_DIAGNOSTIC_ONLY,COVARIANCE_AND_SINGULAR_SPECTRUM,MS,FAMILY,F4,0.0,1,1,2,True,59,113,110,32,OBSERVABLE_ONLY_GLOBAL_MEDIAN_IQR_FOR_CROSS_FAMILY_COMPARISON,1.031447914765039,12288,0.0,85,1.0157146617841502
EXPLORATORY_CONSUMED_DIAGNOSTIC_ONLY,COVARIANCE_AND_SINGULAR_SPECTRUM,MS,FAMILY,F4,0.0,1,1,2,True,59,113,110,32,OBSERVABLE_ONLY_GLOBAL_MEDIAN_IQR_FOR_CROSS_FAMILY_COMPARISON,1.031447914765039,12288,0.0,86,1.0157146617841502
EXPLORATORY_CONSUMED_DIAGNOSTIC_ONLY,COVARIANCE_AND_SINGULAR_SPECTRUM,MS,FAMILY,F4,0.0,1,1,2,True,59,113,110,32,OBSERVABLE_ONLY_GLOBAL_MEDIAN_IQR_FOR_CROSS_FAMILY_COMPARISON,1.031447914765039,12288,0.0,87,1.0157146617841502
EXPLORATORY_CONSUMED_DIAGNOSTIC_ONLY,COVARIANCE_AND_SINGULAR_SPECTRUM,MS,FAMILY,F4,0.0,1,1,2,True,59,113,110,32,OBSERVABLE_ONLY_GLOBAL_MEDIAN_IQR_FOR_CROSS_FAMILY_COMPARISON,1.031447914765039,12288,0.0,88,1.0157146617841502
EXPLORATORY_CONSUMED_DIAGNOSTIC_ONLY,COVARIANCE_AND_SINGULAR_SPECTRUM,MS,FAMILY,F4,0.0,1,1,2,True,59,113,110,32,OBSERVABLE_ONLY_GLOBAL_MEDIAN_IQR_FOR_CROSS_FAMILY_COMPARISON,1.031447914765039,12288,0.0,89,1.0157146617841502
EXPLORATORY_CONSUMED_DIAGNOSTIC_ONLY,COVARIANCE_AND_SINGULAR_SPECTRUM,MS,FAMILY,F4,0.0,1,1,2,True,59,113,110,32,OBSERVABLE_ONLY_GLOBAL_MEDIAN_IQR_FOR_CROSS_FAMILY_COMPARISON,1.031447914765039,12288,0.0,90,1.0157146617841502
EXPLORATORY_CONSUMED_DIAGNOSTIC_ONLY,COVARIANCE_AND_SINGULAR_SPECTRUM,MS,FAMILY,F4,0.0,1,1,2,True,59,113,110,32,OBSERVABLE_ONLY_GLOBAL_MEDIAN_IQR_FOR_CROSS_FAMILY_COMPARISON,1.031447914765039,12288,0.0,91,1.0157146617841502
EXPLORATORY_CONSUMED_DIAGNOSTIC_ONLY,COVARIANCE_AND_SINGULAR_SPECTRUM,MS,FAMILY,F4,0.0,1,1,2,True,59,113,110,32,OBSERVABLE_ONLY_GLOBAL_MEDIAN_IQR_FOR_CROSS_FAMILY_COMPARISON,1.031447914765039,12288,0.0,92,1.0157146617841502
EXPLORATORY_CONSUMED_DIAGNOSTIC_ONLY,COVARIANCE_AND_SINGULAR_SPECTRUM,MS,FAMILY,F4,0.0,1,1,2,True,59,113,110,32,OBSERVABLE_ONLY_GLOBAL_MEDIAN_IQR_FOR_CROSS_FAMILY_COMPARISON,1.031447914765039,12288,0.0,93,1.0157146617841502
EXPLORATORY_CONSUMED_DIAGNOSTIC_ONLY,COVARIANCE_AND_SINGULAR_SPECTRUM,MS,FAMILY,F4,0.0,1,1,2,True,59,113,110,32,OBSERVABLE_ONLY_GLOBAL_MEDIAN_IQR_FOR_CROSS_FAMILY_COMPARISON,1.031447914765039,12288,0.0,94,1.0157146617841502
EXPLORATORY_CONSUMED_DIAGNOSTIC_ONLY,COVARIANCE_AND_SINGULAR_SPECTRUM,MS,FAMILY,F4,0.0,1,1,2,True,59,113,110,32,OBSERVABLE_ONLY_GLOBAL_MEDIAN_IQR_FOR_CROSS_FAMILY_COMPARISON,1.031447914765039,12288,0.0,95,1.0157146617841502
EXPLORATORY_CONSUMED_DIAGNOSTIC_ONLY,COVARIANCE_AND_SINGULAR_SPECTRUM,MS,FAMILY,F4,0.0,1,1,2,True,59,113,110,32,OBSERVABLE_ONLY_GLOBAL_MEDIAN_IQR_FOR_CROSS_FAMILY_COMPARISON,1.031447914765039,12288,0.0,96,1.0157146617841502
EXPLORATORY_CONSUMED_DIAGNOSTIC_ONLY,COVARIANCE_AND_SINGULAR_SPECTRUM,MS,FAMILY,F4,0.0,1,1,2,True,59,113,110,32,OBSERVABLE_ONLY_GLOBAL_MEDIAN_IQR_FOR_CROSS_FAMILY_COMPARISON,1.031447914765039,12288,0.0,97,1.0157146617841502
EXPLORATORY_CONSUMED_DIAGNOSTIC_ONLY,COVARIANCE_AND_SINGULAR_SPECTRUM,MS,FAMILY,F4,0.0,1,1,2,True,59,113,110,32,OBSERVABLE_ONLY_GLOBAL_MEDIAN_IQR_FOR_CROSS_FAMILY_COMPARISON,1.031447914765039,12288,0.0,98,1.0157146617841502
EXPLORATORY_CONSUMED_DIAGNOSTIC_ONLY,COVARIANCE_AND_SINGULAR_SPECTRUM,MS,FAMILY,F4,0.0,1,1,2,True,59,113,110,32,OBSERVABLE_ONLY_GLOBAL_MEDIAN_IQR_FOR_CROSS_FAMILY_COMPARISON,1.031447914765039,12288,0.0,99,1.0157146617841502
EXPLORATORY_CONSUMED_DIAGNOSTIC_ONLY,COVARIANCE_AND_SINGULAR_SPECTRUM,MS,FAMILY,F4,0.0,1,1,2,True,59,113,110,32,OBSERVABLE_ONLY_GLOBAL_MEDIAN_IQR_FOR_CROSS_FAMILY_COMPARISON,1.031447914765039,12288,0.0,100,1.0157146617841502
EXPLORATORY_CONSUMED_DIAGNOSTIC_ONLY,COVARIANCE_AND_SINGULAR_SPECTRUM,MS,FAMILY,F4,0.0,1,1,2,True,59,113,110,32,OBSERVABLE_ONLY_GLOBAL_MEDIAN_IQR_FOR_CROSS_FAMILY_COMPARISON,1.031447914765039,12288,0.0,101,1.0157146617841502
EXPLORATORY_CONSUMED_DIAGNOSTIC_ONLY,COVARIANCE_AND_SINGULAR_SPECTRUM,MS,FAMILY,F4,0.0,1,1,2,True,59,113,110,32,OBSERVABLE_ONLY_GLOBAL_MEDIAN_IQR_FOR_CROSS_FAMILY_COMPARISON,1.031447914765039,12288,0.0,102,1.0157146617841502
EXPLORATORY_CONSUMED_DIAGNOSTIC_ONLY,COVARIANCE_AND_SINGULAR_SPECTRUM,MS,FAMILY,F4,0.0,1,1,2,True,59,113,110,32,OBSERVABLE_ONLY_GLOBAL_MEDIAN_IQR_FOR_CROSS_FAMILY_COMPARISON,1.031447914765039,12288,0.0,103,1.0157146617841502
EXPLORATORY_CONSUMED_DIAGNOSTIC_ONLY,COVARIANCE_AND_SINGULAR_SPECTRUM,MS,FAMILY,F4,0.0,1,1,2,True,59,113,110,32,OBSERVABLE_ONLY_GLOBAL_MEDIAN_IQR_FOR_CROSS_FAMILY_COMPARISON,1.031447914765039,12288,0.0,104,1.0157146617841502
EXPLORATORY_CONSUMED_DIAGNOSTIC_ONLY,COVARIANCE_AND_SINGULAR_SPECTRUM,MS,FAMILY,F4,0.0,1,1,2,True,59,113,110,32,OBSERVABLE_ONLY_GLOBAL_MEDIAN_IQR_FOR_CROSS_FAMILY_COMPARISON,1.031447914765039,12288,0.0,105,1.0157146617841502
EXPLORATORY_CONSUMED_DIAGNOSTIC_ONLY,COVARIANCE_AND_SINGULAR_SPECTRUM,MS,FAMILY,F4,0.0,1,1,2,True,59,113,110,32,OBSERVABLE_ONLY_GLOBAL_MEDIAN_IQR_FOR_CROSS_FAMILY_COMPARISON,1.031447914765039,12288,0.0,106,1.0157146617841502
EXPLORATORY_CONSUMED_DIAGNOSTIC_ONLY,COVARIANCE_AND_SINGULAR_SPECTRUM,MS,FAMILY,F4,0.0,1,1,2,True,59,113,110,32,OBSERVABLE_ONLY_GLOBAL_MEDIAN_IQR_FOR_CROSS_FAMILY_COMPARISON,1.031447914765039,12288,0.0,107,1.0157146617841502
EXPLORATORY_CONSUMED_DIAGNOSTIC_ONLY,COVARIANCE_AND_SINGULAR_SPECTRUM,MS,FAMILY,F4,0.0,1,1,2,True,59,113,110,32,OBSERVABLE_ONLY_GLOBAL_MEDIAN_IQR_FOR_CROSS_FAMILY_COMPARISON,1.031447914765039,12288,0.0,108,1.0157146617841502
EXPLORATORY_CONSUMED_DIAGNOSTIC_ONLY,COVARIANCE_AND_SINGULAR_SPECTRUM,MS,FAMILY,F4,0.0,1,1,2,True,59,113,110,32,OBSERVABLE_ONLY_GLOBAL_MEDIAN_IQR_FOR_CROSS_FAMILY_COMPARISON,1.031447914765039,12288,0.0,109,1.0157146617841502
EXPLORATORY_CONSUMED_DIAGNOSTIC_ONLY,COVARIANCE_AND_SINGULAR_SPECTRUM,MS,FAMILY,F4,0.0,1,1,2,True,59,113,110,32,OBSERVABLE_ONLY_GLOBAL_MEDIAN_IQR_FOR_CROSS_FAMILY_COMPARISON,1.031447914765039,12288,0.0,110,1.0157146617841502
