arm,component,formal_case_index,case_id,particle_id,fold,family,field_lineage_id,query_sample_global_index,query_full_store_row,query_polarization,matched_random_denominator,matched_random_denominator_exact_zero,matched_random_denominator_source,descriptor_nn_numerator,descriptor_nn_numerator_hex,descriptor_nn_numerator_exact_zero,descriptor_nn_numerator_positive,classification_A_zero_over_zero,classification_B_positive_over_zero,query_target_exact_zero,all_nn_targets_exact_equal_query,nn_nonidentical_but_numerator_exact_zero,nn_neighbour_identity_sha256,evidence_class
MS,density_rate,114,MSO02A|PRIMARY|F2|85a6ab6d0c7f38c53971220804ce250f1608c23dff61f611ac2597615d9a3244,351,FOLD_4,F2,MSO02A|FIELD_LINEAGE|5a562a863107efecf761865e7ffe780f0278b7371d3d2b047494c2cd6157c2d4,14661,66015,none,0.0,True,FROZEN_G1_ZERO_MAP_NOT_RECOMPUTED,0,0x0.0p+0,True,False,True,False,True,True,False,e45cb390f018e91cbc13269e1f30d59d474a455bcc7696f966acc3c7c5ac96d7,CONSUMED_EVIDENCE_DIAGNOSTIC_ONLY
MS,density_rate,270,MSO02A|PRIMARY|F3|921f5356fa7f7c8ebde36cbb88fd3554531eee3d1d61c1f0db247a024869d843,343,FOLD_1,F3,MSO02A|FIELD_LINEAGE|993bc62b7ebb5d53d24d7f8cd45ecb8d4e6820b40610e0720ec01f5aa4d5cfb5,34665,155863,none,0.0,True,FROZEN_G1_ZERO_MAP_NOT_RECOMPUTED,0,0x0.0p+0,True,False,True,False,True,True,False,362fae574361575cd878c65e458f6da672951988d3676736efdac8da3d3cfe64,CONSUMED_EVIDENCE_DIAGNOSTIC_ONLY
MS,pressure_gradient_acceleration,4,MSO02A|PRIMARY|F1|da434f0d773ef411eb143598d9858f232408e6af8e6bdf6b64a1ad5b8b0af0b7,472,FOLD_5,F1,MSO02A|FIELD_LINEAGE|968f559773f48e45efb507d4efff7d4964eb07265f8ec7e7de716508d7dbb1f9,536,2776,longitudinal,0.0,True,FROZEN_G1_ZERO_MAP_NOT_RECOMPUTED,0,0x0.0p+0,True,False,True,False,True,True,False,a96725914d3cd087d5a6f09358ef8fdce425586cbdcbb9783b3c5b3db27d3664,CONSUMED_EVIDENCE_DIAGNOSTIC_ONLY
MS,pressure_gradient_acceleration,7,MSO02A|PRIMARY|F1|99e8d754a6284b9b3350e4a0c663f5d27303ec9be89210deb6e8adbdbfa37f97,573,FOLD_0,F1,MSO02A|FIELD_LINEAGE|2ec99e80467416d668211a75c3db7f915ea1ebfbe6b5bb3d9588f9633bd862dd,974,4605,transverse,0.0,True,FROZEN_G1_ZERO_MAP_NOT_RECOMPUTED,0,0x0.0p+0,True,False,True,False,True,True,False,885c489f050fab49fda8040d753d8ed6b4bc4bf868db8bdbc029359b9c47b481,CONSUMED_EVIDENCE_DIAGNOSTIC_ONLY
MS,pressure_gradient_acceleration,11,MSO02A|PRIMARY|F1|38c8e42822331bf603216acbb41e63d8386c965cb59b00297e2bac576a6b8a9a,138,FOLD_4,F1,MSO02A|FIELD_LINEAGE|c8d86f4b8b81728b74e58015fe977eedcb0b0bc06b2413afe0690a7d93c55bae,1433,6474,transverse,0.0,True,FROZEN_G1_ZERO_MAP_NOT_RECOMPUTED,0,0x0.0p+0,True,False,True,False,True,True,False,b2437f2d8ed0fcb8caa600b4ccb361ca1f28ab2d551ca5c56552d44171c271c1,CONSUMED_EVIDENCE_DIAGNOSTIC_ONLY
MS,pressure_gradient_acceleration,13,MSO02A|PRIMARY|F1|744b2148dff9490f7db5e43218ab243a24697f6344421b35cdecbbb613639351,417,FOLD_3,F1,MSO02A|FIELD_LINEAGE|b4fb57cfa4442c0c54e4c7d2db6d70246c8a59b98d984aeed3fbba0497b48d97,1714,7905,longitudinal,0.0,True,FROZEN_G1_ZERO_MAP_NOT_RECOMPUTED,0,0x0.0p+0,True,False,True,False,True,True,False,a5cef4af22b080321be56e15f50c12a534924ee67f91fa0e76d2ed81b2b29a41,CONSUMED_EVIDENCE_DIAGNOSTIC_ONLY
MS,pressure_gradient_acceleration,19,MSO02A|PRIMARY|F1|76ecca06580ca10c5188b36225517d3b191c410f1bf70deec06e523786877858,187,FOLD_4,F1,MSO02A|FIELD_LINEAGE|733b051462622de52c9302cdaec7eab31df58e018ef9f5c8a794fa3d8b336fdf,2525,11131,transverse,0.0,True,FROZEN_G1_ZERO_MAP_NOT_RECOMPUTED,0,0x0.0p+0,True,False,True,False,True,True,False,979d8390b4d8826d3c82f4b49d850ed9ad870393c7dea6e7c8eb5e0fbc123371,CONSUMED_EVIDENCE_DIAGNOSTIC_ONLY
MS,pressure_gradient_acceleration,22,MSO02A|PRIMARY|F1|93ad586fca5e19d3cc4f6e6992ad5c775e00c959894e5374f30e421239908240,37,FOLD_5,F1,MSO02A|FIELD_LINEAGE|092ebc2c2e18864504bed82975734e2af17bfe2d0f1fd396031e4551e8bd9574,2881,12709,longitudinal,0.0,True,FROZEN_G1_ZERO_MAP_NOT_RECOMPUTED,0,0x0.0p+0,True,False,True,False,True,True,False,01ad59157f93af1d31dcc233f0f6e7214ff10d8a1188d101effa1a1015664d29,CONSUMED_EVIDENCE_DIAGNOSTIC_ONLY
MS,pressure_gradient_acceleration,22,MSO02A|PRIMARY|F1|93ad586fca5e19d3cc4f6e6992ad5c775e00c959894e5374f30e421239908240,572,FOLD_5,F1,MSO02A|FIELD_LINEAGE|092ebc2c2e18864504bed82975734e2af17bfe2d0f1fd396031e4551e8bd9574,2918,13244,longitudinal,0.0,True,FROZEN_G1_ZERO_MAP_NOT_RECOMPUTED,0,0x0.0p+0,True,False,True,False,True,True,False,05a9f8d015a9fe50f8905fb11bbf558a45da45fadf6869bc7a2b5276a2a750d5,CONSUMED_EVIDENCE_DIAGNOSTIC_ONLY
MS,pressure_gradient_acceleration,25,MSO02A|PRIMARY|F1|407754227e7bce46f4d7aeefdf971ee83ef10a63281419a7be8bc1337539d031,216,FOLD_3,F1,MSO02A|FIELD_LINEAGE|8e26bfd3c5e68b6812024dee2802f1e7524f3a477fc85121a7b296b05be37f69,3202,14616,longitudinal,0.0,True,FROZEN_G1_ZERO_MAP_NOT_RECOMPUTED,0,0x0.0p+0,True,False,True,False,True,True,False,528bcfa8ea5ec338ab927c913e2063cb8eb3b0ef4dc12128e32b4468c19d60d6,CONSUMED_EVIDENCE_DIAGNOSTIC_ONLY
MS,pressure_gradient_acceleration,27,MSO02A|PRIMARY|F1|e1a94ece2d1d9388050360681f17a0cde2c2f1cb81e346e78f2cc52d8af40c66,187,FOLD_5,F1,MSO02A|FIELD_LINEAGE|0c2b76a0fb4b4b83be516b44975c97ce115cacf829ffebe677efe580c2da6322,3488,15739,longitudinal,0.0,True,FROZEN_G1_ZERO_MAP_NOT_RECOMPUTED,0,0x0.0p+0,True,False,True,False,True,True,False,876a841e76dbea9bbd9d0e93322933dcf8793feed5577ae23f0c9fe378c378ec,CONSUMED_EVIDENCE_DIAGNOSTIC_ONLY
MS,pressure_gradient_acceleration,42,MSO02A|PRIMARY|F1|ab0bccf64faa1e9e975ec5cee8556cda9d876a60087242c1b3b9e3de2781e654,329,FOLD_3,F1,MSO02A|FIELD_LINEAGE|299dce1ad012ab114953cc06b8df77f116ec1665e8a914cb26f0347707f816e7,5446,24521,longitudinal,0.0,True,FROZEN_G1_ZERO_MAP_NOT_RECOMPUTED,0,0x0.0p+0,True,False,True,False,True,True,False,a3002f1caaeaaaf8dc54eec33ed7561a78dd0651cc9c6c3ef735a6f4c1253092,CONSUMED_EVIDENCE_DIAGNOSTIC_ONLY
MS,pressure_gradient_acceleration,43,MSO02A|PRIMARY|F1|4476747c77a5f8d6364320296f15998114f031d3a1230ccb416265c5ec4bdb46,552,FOLD_4,F1,MSO02A|FIELD_LINEAGE|438ceba9908d3b4629b750f9f53dc467ea1a0dcd7051dd41e40ec045f7ad62f5,5525,25320,longitudinal,0.0,True,FROZEN_G1_ZERO_MAP_NOT_RECOMPUTED,0,0x0.0p+0,True,False,True,False,True,True,False,71f4001b840c3d9d09c25897eaa4a7b081076622ae66cd77b36b866d764cb396,CONSUMED_EVIDENCE_DIAGNOSTIC_ONLY
MS,pressure_gradient_acceleration,45,MSO02A|PRIMARY|F1|d2b8fb08e5d831c2e5b64c51f9837bfa7e7b5c5b201acc178fb83d074187d230,330,FOLD_1,F1,MSO02A|FIELD_LINEAGE|394164f3248d40b5960a5d2e2dba011b4b9b156420115a4689768214eb105942,5763,26250,transverse,0.0,True,FROZEN_G1_ZERO_MAP_NOT_RECOMPUTED,0,0x0.0p+0,True,False,True,False,True,True,False,7590fc5d8f89e5cf4169f0b7f3f6731bf8f9051bd53683a9b2a5ed4e95241846,CONSUMED_EVIDENCE_DIAGNOSTIC_ONLY
MS,pressure_gradient_acceleration,47,MSO02A|PRIMARY|F1|586f48582757c7762eff1a57d84a92cd8c2b91ceacf58c75fee67ba32bb0d5b4,410,FOLD_2,F1,MSO02A|FIELD_LINEAGE|d39b8ebeea686d9f327fd9ffc5fc8c607ad25e691c284fe51e314724c39f76ad,6114,27482,transverse,0.0,True,FROZEN_G1_ZERO_MAP_NOT_RECOMPUTED,0,0x0.0p+0,True,False,True,False,True,True,False,74ce9dfa74586512639e98778ba32a0e7bb554b5beddaecd09362983ac730769,CONSUMED_EVIDENCE_DIAGNOSTIC_ONLY
MS,pressure_gradient_acceleration,53,MSO02A|PRIMARY|F1|533c8214fecafaa7b4f8e6c6c1b011f309eb9984f3cf8e82982e67d1ef69d23c,46,FOLD_0,F1,MSO02A|FIELD_LINEAGE|f7965116b8ce96c865c41af5b076aa6e1b83ddd1dda0640013eb55b48f992024,6803,30574,transverse,0.0,True,FROZEN_G1_ZERO_MAP_NOT_RECOMPUTED,0,0x0.0p+0,True,False,True,False,True,True,False,76e80a9bb83c53e3f7ebf47f7ad3e4ef31d5b18288019e92ec75f81d53b4d7a8,CONSUMED_EVIDENCE_DIAGNOSTIC_ONLY
MS,pressure_gradient_acceleration,54,MSO02A|PRIMARY|F1|b233ad24657724df3c11e6fc52e7e51197b01c456d52b33a61c64467c0e85030,567,FOLD_5,F1,MSO02A|FIELD_LINEAGE|de037af7ace355f1e4a70faf6f49990c3187a239ef945fa11f0451e63082af8d,7017,31671,longitudinal,0.0,True,FROZEN_G1_ZERO_MAP_NOT_RECOMPUTED,0,0x0.0p+0,True,False,True,False,True,True,False,85685b0b97cbfebb6f97f05951160f78e0369b98408e7aad6a78237f0394de77,CONSUMED_EVIDENCE_DIAGNOSTIC_ONLY
MS,pressure_gradient_acceleration,58,MSO02A|PRIMARY|F1|d33da1935c7c53fb2c7dc9c2954406679d36caa2d9a3d595989e49d85bb7ced7,492,FOLD_1,F1,MSO02A|FIELD_LINEAGE|d5612b78bd9527bb954823922218ffb967d259d6af400a1bb879dd286e242a61,7431,33900,longitudinal,0.0,True,FROZEN_G1_ZERO_MAP_NOT_RECOMPUTED,0,0x0.0p+0,True,False,True,False,True,True,False,3658042fbd52c27c9f2cdcc26c3168a9dd33417d3df3e8b32492aa80984e12e2,CONSUMED_EVIDENCE_DIAGNOSTIC_ONLY
MS,pressure_gradient_acceleration,60,MSO02A|PRIMARY|F1|76b32e9177ce6608cf1d6a0da8874ffd2ca442b10a3a0c549d778d5af3b143b0,1,FOLD_0,F1,MSO02A|FIELD_LINEAGE|8b0a96d10cc76bd4bf62aa37af552eb52d18454c5915ae19195fd4ab36927292,7684,34561,longitudinal,0.0,True,FROZEN_G1_ZERO_MAP_NOT_RECOMPUTED,0,0x0.0p+0,True,False,True,False,True,True,False,d1eecea1445418c16b9e4c93172c076039c2cb9adeebe78ef855ef684d57b7ec,CONSUMED_EVIDENCE_DIAGNOSTIC_ONLY
MS,pressure_gradient_acceleration,65,MSO02A|PRIMARY|F1|830647d225eb7457ee9fce265dfb29deb57812fc9cbfb5d6fabad0e7f5e8dbd1,103,FOLD_5,F1,MSO02A|FIELD_LINEAGE|3cf701b1ea03bd8a1b205f3caa96c5da295823d3fc2dee91b547f4cf20d09376,8429,37543,longitudinal,0.0,True,FROZEN_G1_ZERO_MAP_NOT_RECOMPUTED,0,0x0.0p+0,True,False,True,False,True,True,False,eafbe2852b674d818fbd6e1c895929c4d18ad851f48460a72ec77d4f5b1340c6,CONSUMED_EVIDENCE_DIAGNOSTIC_ONLY
MS,pressure_gradient_acceleration,66,MSO02A|PRIMARY|F1|8dc044e544ee558ba05e7006991539832d0f764898a05e3253d528527ae34f49,314,FOLD_1,F1,MSO02A|FIELD_LINEAGE|b8579281a0350e4c8cac1848402ae7d548f836daefca7e2cdcfba6bd78e77da0,8558,38330,longitudinal,0.0,True,FROZEN_G1_ZERO_MAP_NOT_RECOMPUTED,0,0x0.0p+0,True,False,True,False,True,True,False,4ca0b5d0fce0a5e46f91de595898374316b732c0d7cd311175089257e4e48081,CONSUMED_EVIDENCE_DIAGNOSTIC_ONLY
MS,pressure_gradient_acceleration,70,MSO02A|PRIMARY|F1|2234b4db877d2ad3bde5a5e84656e2eaf320b4fbc53374a555d15d13478576a7,105,FOLD_3,F1,MSO02A|FIELD_LINEAGE|d1b754a10f028de3beca3fc37ad110f67dda489f36eec1692eda71d47ffcc2dc,9032,40425,transverse,0.0,True,FROZEN_G1_ZERO_MAP_NOT_RECOMPUTED,0,0x0.0p+0,True,False,True,False,True,True,False,79f0e8c6b98ddf7be8168af1e9e67c51baf7ac39f226b5b4f1e15cb3528e21d0,CONSUMED_EVIDENCE_DIAGNOSTIC_ONLY
MS,pressure_gradient_acceleration,72,MSO02A|PRIMARY|F1|fbbbb1ed03124a36be1b69dfe633b36217557a554bc155beacb6a4db96d28850,18,FOLD_4,F1,MSO02A|FIELD_LINEAGE|0bbc210557a3130dcc61e84927f7b62ab7cc611801a658d3d4128eac02df0cce,9343,41490,longitudinal,0.0,True,FROZEN_G1_ZERO_MAP_NOT_RECOMPUTED,0,0x0.0p+0,True,False,True,False,True,True,False,f28052d575e3ccd964ea756503294670adfc47de70fd5fa4ad794502180084be,CONSUMED_EVIDENCE_DIAGNOSTIC_ONLY
MS,pressure_gradient_acceleration,74,MSO02A|PRIMARY|F1|16c0c55c891262fc743acefc7c595017578cc9d918543e89056c715eced51423,399,FOLD_1,F1,MSO02A|FIELD_LINEAGE|1c57915c5e2f37d04f8c0d2bc033447866df6f76bce4a3581a090147e22c9ba9,9515,43023,transverse,0.0,True,FROZEN_G1_ZERO_MAP_NOT_RECOMPUTED,0,0x0.0p+0,True,False,True,False,True,True,False,3bd7053eb3eb9d8a47930fefaeee1611e72e3ef8306f7efcc131da6f4676bdb0,CONSUMED_EVIDENCE_DIAGNOSTIC_ONLY
MS,pressure_gradient_acceleration,84,MSO02A|PRIMARY|F1|06cf75637c2a3d3f3573ff97b6e359aec491b6279e5c26f01acbc1439755971a,167,FOLD_4,F1,MSO02A|FIELD_LINEAGE|0ec1f462eddbaedb1cb552f0408db1f5b049166a2d000344456f7a726ab18a7b,10812,48551,longitudinal,0.0,True,FROZEN_G1_ZERO_MAP_NOT_RECOMPUTED,0,0x0.0p+0,True,False,True,False,True,True,False,3e0737f420b2606dd6878aafbed30b1464e65d928f11245c8d1e5bae7904c3d8,CONSUMED_EVIDENCE_DIAGNOSTIC_ONLY
MS,pressure_gradient_acceleration,84,MSO02A|PRIMARY|F1|06cf75637c2a3d3f3573ff97b6e359aec491b6279e5c26f01acbc1439755971a,320,FOLD_4,F1,MSO02A|FIELD_LINEAGE|0ec1f462eddbaedb1cb552f0408db1f5b049166a2d000344456f7a726ab18a7b,10770,48704,longitudinal,0.0,True,FROZEN_G1_ZERO_MAP_NOT_RECOMPUTED,0,0x0.0p+0,True,False,True,False,True,True,False,9064a13dc36f1657624bf2ee1ae5f4a3334d502753abe53f6c88dcac70108f12,CONSUMED_EVIDENCE_DIAGNOSTIC_ONLY
MS,pressure_gradient_acceleration,91,MSO02A|PRIMARY|F1|3a1f7dbfb327db3e8898ef55bca8751c8a0a58970280aaafb42beef817831e7a,170,FOLD_3,F1,MSO02A|FIELD_LINEAGE|3686785662515dda81e66d0878574bc968e913c4b9cb0c0951b20aca3f4f5045,11671,52586,longitudinal,0.0,True,FROZEN_G1_ZERO_MAP_NOT_RECOMPUTED,0,0x0.0p+0,True,False,True,False,True,True,False,be6618ec4cace8611cfdb7489acf1b082e045c61dec3b39eece3a354e6f9a5af,CONSUMED_EVIDENCE_DIAGNOSTIC_ONLY
MS,pressure_gradient_acceleration,96,MSO02A|PRIMARY|F2|23b417b4ef0160f04098bbc11651e8eaffa50dbbee368e4d7b8363cb6a44d01b,281,FOLD_3,F2,MSO02A|FIELD_LINEAGE|441fdcabb89a108e9ed39ed118e4defcdf9aefaf6ee129fea00cd6ebf899cd64,12359,55577,transverse,0.0,True,FROZEN_G1_ZERO_MAP_NOT_RECOMPUTED,0,0x0.0p+0,True,False,True,False,True,True,False,24639a64770f4c96f8fb26ffa8d78c3c984dbb3f8e0b52a1e3c3259551ab5cc0,CONSUMED_EVIDENCE_DIAGNOSTIC_ONLY
MS,pressure_gradient_acceleration,101,MSO02A|PRIMARY|F2|c65ac2c8a1ac9a4215aed727932730ea3949e884466c9efd58935794fc230b2d,96,FOLD_2,F2,MSO02A|FIELD_LINEAGE|289c08435e630594dbdcf8320ef45a7f1c10f9f36c17ee8593a04709e590986c,12949,58272,transverse,0.0,True,FROZEN_G1_ZERO_MAP_NOT_RECOMPUTED,0,0x0.0p+0,True,False,True,False,True,True,False,45f629b10fd0821795b4494125ce76544c08cf0036e29f07d261932f78864da4,CONSUMED_EVIDENCE_DIAGNOSTIC_ONLY
MS,pressure_gradient_acceleration,101,MSO02A|PRIMARY|F2|c65ac2c8a1ac9a4215aed727932730ea3949e884466c9efd58935794fc230b2d,200,FOLD_2,F2,MSO02A|FIELD_LINEAGE|289c08435e630594dbdcf8320ef45a7f1c10f9f36c17ee8593a04709e590986c,13054,58376,transverse,0.0,True,FROZEN_G1_ZERO_MAP_NOT_RECOMPUTED,0,0x0.0p+0,True,False,True,False,True,True,False,aca1e52075618b0c36f59dd57fea1ce8e5e6f5143bf89738b4b3f6a6787a060a,CONSUMED_EVIDENCE_DIAGNOSTIC_ONLY
MS,pressure_gradient_acceleration,101,MSO02A|PRIMARY|F2|c65ac2c8a1ac9a4215aed727932730ea3949e884466c9efd58935794fc230b2d,340,FOLD_2,F2,MSO02A|FIELD_LINEAGE|289c08435e630594dbdcf8320ef45a7f1c10f9f36c17ee8593a04709e590986c,12993,58516,transverse,0.0,True,FROZEN_G1_ZERO_MAP_NOT_RECOMPUTED,0,0x0.0p+0,True,False,True,False,True,True,False,2fa989c4ee34a979ed22c7cd2734b3c8a56070f44faa800da439af549e531f51,CONSUMED_EVIDENCE_DIAGNOSTIC_ONLY
MS,pressure_gradient_acceleration,101,MSO02A|PRIMARY|F2|c65ac2c8a1ac9a4215aed727932730ea3949e884466c9efd58935794fc230b2d,416,FOLD_2,F2,MSO02A|FIELD_LINEAGE|289c08435e630594dbdcf8320ef45a7f1c10f9f36c17ee8593a04709e590986c,13050,58592,transverse,0.0,True,FROZEN_G1_ZERO_MAP_NOT_RECOMPUTED,0,0x0.0p+0,True,False,True,False,True,True,False,edbdf4bcacaa1535d108b5f7a799eec9c4fc73fbe5e62eaba6c1cf09da7c468c,CONSUMED_EVIDENCE_DIAGNOSTIC_ONLY
MS,pressure_gradient_acceleration,104,MSO02A|PRIMARY|F2|f3e5062d738d5d466bb4a6b3f9b11603c5b92d3d2b7fa623e07fc6de1c26fa3b,365,FOLD_0,F2,MSO02A|FIELD_LINEAGE|4713f6234ec42318809cfc211ba32e7b0d49e11cd083f7311eb1370274b9a160,13423,60269,transverse,0.0,True,FROZEN_G1_ZERO_MAP_NOT_RECOMPUTED,0,0x0.0p+0,True,False,True,False,True,True,False,0cfca16fcae18b275f7ef9dee84f73a719d66c33262351725a00545b7d85f050,CONSUMED_EVIDENCE_DIAGNOSTIC_ONLY
MS,pressure_gradient_acceleration,104,MSO02A|PRIMARY|F2|f3e5062d738d5d466bb4a6b3f9b11603c5b92d3d2b7fa623e07fc6de1c26fa3b,374,FOLD_0,F2,MSO02A|FIELD_LINEAGE|4713f6234ec42318809cfc211ba32e7b0d49e11cd083f7311eb1370274b9a160,13380,60278,transverse,0.0,True,FROZEN_G1_ZERO_MAP_NOT_RECOMPUTED,0,0x0.0p+0,True,False,True,False,True,True,False,96266ba77ebfacbce7867fee9776d66f9f60257901f850470fbc8dd5d4d5d127,CONSUMED_EVIDENCE_DIAGNOSTIC_ONLY
MS,pressure_gradient_acceleration,104,MSO02A|PRIMARY|F2|f3e5062d738d5d466bb4a6b3f9b11603c5b92d3d2b7fa623e07fc6de1c26fa3b,529,FOLD_0,F2,MSO02A|FIELD_LINEAGE|4713f6234ec42318809cfc211ba32e7b0d49e11cd083f7311eb1370274b9a160,13360,60433,transverse,0.0,True,FROZEN_G1_ZERO_MAP_NOT_RECOMPUTED,0,0x0.0p+0,True,False,True,False,True,True,False,668620d8e4190412c7f802bbeef02370efb1c124cc2393994a99685be2aca8ce,CONSUMED_EVIDENCE_DIAGNOSTIC_ONLY
MS,pressure_gradient_acceleration,112,MSO02A|PRIMARY|F2|117d2eef5039463dc5cabd9160b7fe5a5f4b9b56e3f170c2ea9bf79126435e68,432,FOLD_3,F2,MSO02A|FIELD_LINEAGE|3a04653136addf44b83eb19bbae10b83d0bf55df346dee1ddd1f83f6046a20ec,14403,64944,longitudinal,0.0,True,FROZEN_G1_ZERO_MAP_NOT_RECOMPUTED,0,0x0.0p+0,True,False,True,False,True,True,False,4596a4ee9296065b8fa8f5781807152b8c8fba9b085ca70578e6794a70ea21c3,CONSUMED_EVIDENCE_DIAGNOSTIC_ONLY
MS,pressure_gradient_acceleration,116,MSO02A|PRIMARY|F2|61630fd0ed03644305ee5bc91058073d086bcabc4b66ff3674c4610afb84fce9,336,FOLD_0,F2,MSO02A|FIELD_LINEAGE|8160f383e8c444cb83a23e972df23a42ef573947bfd88e1ef09c924453a54b74,14933,67152,longitudinal,0.0,True,FROZEN_G1_ZERO_MAP_NOT_RECOMPUTED,0,0x0.0p+0,True,False,True,False,True,True,False,63fb2cfd9946aaf93e45724187be8281b15afb5e10db5ebc750bb565ad99d256,CONSUMED_EVIDENCE_DIAGNOSTIC_ONLY
MS,pressure_gradient_acceleration,116,MSO02A|PRIMARY|F2|61630fd0ed03644305ee5bc91058073d086bcabc4b66ff3674c4610afb84fce9,528,FOLD_0,F2,MSO02A|FIELD_LINEAGE|8160f383e8c444cb83a23e972df23a42ef573947bfd88e1ef09c924453a54b74,14943,67344,longitudinal,0.0,True,FROZEN_G1_ZERO_MAP_NOT_RECOMPUTED,0,0x0.0p+0,True,False,True,False,True,True,False,53ce9320e4c7294913eeac2456d2af7fb60ff1695a3a2b87e1e246059edb953f,CONSUMED_EVIDENCE_DIAGNOSTIC_ONLY
MS,pressure_gradient_acceleration,117,MSO02A|PRIMARY|F2|9568147e1359a849299aa66092247ee1f1d71ea94530c3551ac6a3ccae98a9f6,116,FOLD_2,F2,MSO02A|FIELD_LINEAGE|e940bc79385d10f3134327cc6ec0a4b160d3faef1ad5a899817dc525d1f158d7,15051,67508,transverse,0.0,True,FROZEN_G1_ZERO_MAP_NOT_RECOMPUTED,0,0x0.0p+0,True,False,True,False,True,True,False,7f3580b7ea69e6e04ee7cd986f6e45a4fe71e441deba8079be60184a0c0dd6c7,CONSUMED_EVIDENCE_DIAGNOSTIC_ONLY
MS,pressure_gradient_acceleration,117,MSO02A|PRIMARY|F2|9568147e1359a849299aa66092247ee1f1d71ea94530c3551ac6a3ccae98a9f6,330,FOLD_2,F2,MSO02A|FIELD_LINEAGE|e940bc79385d10f3134327cc6ec0a4b160d3faef1ad5a899817dc525d1f158d7,14996,67722,transverse,0.0,True,FROZEN_G1_ZERO_MAP_NOT_RECOMPUTED,0,0x0.0p+0,True,False,True,False,True,True,False,28719e82170f4906b094b52bb2524f75a9aeecd27b74f3f03e48fc21dab35199,CONSUMED_EVIDENCE_DIAGNOSTIC_ONLY
MS,pressure_gradient_acceleration,118,MSO02A|PRIMARY|F2|0727b97861737a963f49e6ca50934feb905d0f5b3c7a4847d5a281f82647b979,68,FOLD_4,F2,MSO02A|FIELD_LINEAGE|5c254c53bfb8a2acc2b83dc93661e5c0fe4ffd63636b92313f7bd2735db749d9,15202,68036,longitudinal,0.0,True,FROZEN_G1_ZERO_MAP_NOT_RECOMPUTED,0,0x0.0p+0,True,False,True,False,True,True,False,f1ceac6dbe5925757aa0cff9586f2f6c595d5e88f763e9d606ad0478f37c7ec8,CONSUMED_EVIDENCE_DIAGNOSTIC_ONLY
MS,pressure_gradient_acceleration,123,MSO02A|PRIMARY|F2|4a24ff2d92fb3dd1383ded4ea336224f24f35b357fee7d32484e3a804d4a9dae,558,FOLD_5,F2,MSO02A|FIELD_LINEAGE|6e03512d0f21113cf3f110e479ebe32194b2b675241b304dd00f64c9bd89aaaf,15827,71406,transverse,0.0,True,FROZEN_G1_ZERO_MAP_NOT_RECOMPUTED,0,0x0.0p+0,True,False,True,False,True,True,False,9fb1e6c3b6c03a82c498f1605454d123d738d6c4d04847bf19b92f5df819b2fc,CONSUMED_EVIDENCE_DIAGNOSTIC_ONLY
MS,pressure_gradient_acceleration,125,MSO02A|PRIMARY|F2|1d5277552f629204c03b384bd3859bc2a8471006ee69a541612fdf260e5fcd31,208,FOLD_2,F2,MSO02A|FIELD_LINEAGE|839b4744caca01903d377f834e758369fc902ac9823d72f7d4a5225d98a2473a,16090,72208,longitudinal,0.0,True,FROZEN_G1_ZERO_MAP_NOT_RECOMPUTED,0,0x0.0p+0,True,False,True,False,True,True,False,5675e200401e31c25d5f1eb989e7d2bde4e3b4187b94e0fcf9fd3b0ad08fec2d,CONSUMED_EVIDENCE_DIAGNOSTIC_ONLY
MS,pressure_gradient_acceleration,125,MSO02A|PRIMARY|F2|1d5277552f629204c03b384bd3859bc2a8471006ee69a541612fdf260e5fcd31,314,FOLD_2,F2,MSO02A|FIELD_LINEAGE|839b4744caca01903d377f834e758369fc902ac9823d72f7d4a5225d98a2473a,16125,72314,longitudinal,0.0,True,FROZEN_G1_ZERO_MAP_NOT_RECOMPUTED,0,0x0.0p+0,True,False,True,False,True,True,False,8d2cac61481dc4e86c0ea4283e9553906ced05cdda5899602f6abf0dbdd1dc4a,CONSUMED_EVIDENCE_DIAGNOSTIC_ONLY
MS,pressure_gradient_acceleration,127,MSO02A|PRIMARY|F2|3bbe6e0db3c78d1c8e182a96288d632bf5d6765b7e7f211cc7b22993b81f3f16,226,FOLD_4,F2,MSO02A|FIELD_LINEAGE|a4d2d5816c6ac0d1f4822afb21ec54eb3bd055474946ef0637d312830e525811,16325,73378,longitudinal,0.0,True,FROZEN_G1_ZERO_MAP_NOT_RECOMPUTED,0,0x0.0p+0,True,False,True,False,True,True,False,058e0eaeeaa02a7378781cdadca8f1cfdb99556bf651de95a4cede3cdc8b262e,CONSUMED_EVIDENCE_DIAGNOSTIC_ONLY
MS,pressure_gradient_acceleration,127,MSO02A|PRIMARY|F2|3bbe6e0db3c78d1c8e182a96288d632bf5d6765b7e7f211cc7b22993b81f3f16,300,FOLD_4,F2,MSO02A|FIELD_LINEAGE|a4d2d5816c6ac0d1f4822afb21ec54eb3bd055474946ef0637d312830e525811,16259,73452,longitudinal,0.0,True,FROZEN_G1_ZERO_MAP_NOT_RECOMPUTED,0,0x0.0p+0,True,False,True,False,True,True,False,6fe040e513a211f8956dc8fd0c123117ee4d0df7c7ef4ec70247e1f63948c8a7,CONSUMED_EVIDENCE_DIAGNOSTIC_ONLY
MS,pressure_gradient_acceleration,137,MSO02A|PRIMARY|F2|b0ec4e184b53cc6ec0912108c3f7587ba6793e6668ae2aeda1063656a3220510,121,FOLD_3,F2,MSO02A|FIELD_LINEAGE|61dabd2ad5e67008e50dfbf5820c1e938b7d567fd0ec80d9dd7f64ed0cb2d57c,17631,79033,longitudinal,0.0,True,FROZEN_G1_ZERO_MAP_NOT_RECOMPUTED,0,0x0.0p+0,True,False,True,False,True,True,False,866ef9784dc100121f12901460977f34d95f06be8907c1e06fe0f6fe4d5b7228,CONSUMED_EVIDENCE_DIAGNOSTIC_ONLY
MS,pressure_gradient_acceleration,137,MSO02A|PRIMARY|F2|b0ec4e184b53cc6ec0912108c3f7587ba6793e6668ae2aeda1063656a3220510,253,FOLD_3,F2,MSO02A|FIELD_LINEAGE|61dabd2ad5e67008e50dfbf5820c1e938b7d567fd0ec80d9dd7f64ed0cb2d57c,17636,79165,longitudinal,0.0,True,FROZEN_G1_ZERO_MAP_NOT_RECOMPUTED,0,0x0.0p+0,True,False,True,False,True,True,False,7b6c7004e81172a139a9b2bb3f642f8f7e85fa9dce82699bb65e9a4f2b9fafc8,CONSUMED_EVIDENCE_DIAGNOSTIC_ONLY
MS,pressure_gradient_acceleration,140,MSO02A|PRIMARY|F2|a424f7f64ff3b71888a3ac707b7779ecc2cdf618d93e784274557de39c94ff40,102,FOLD_0,F2,MSO02A|FIELD_LINEAGE|e5f7e05cfe11767aad886a62ab15609d814f7c303dd5f9f7a2274e5ace2a065e,17920,80742,transverse,0.0,True,FROZEN_G1_ZERO_MAP_NOT_RECOMPUTED,0,0x0.0p+0,True,False,True,False,True,True,False,2533ae043a13523c54603753c884f366e1ce80f79dbd4e5cd334f134363c4735,CONSUMED_EVIDENCE_DIAGNOSTIC_ONLY
MS,pressure_gradient_acceleration,142,MSO02A|PRIMARY|F2|f04598221e1f5ca84f9e260e12f035ec2027ecfa6cd1fefbfe84b8c04e1768f0,15,FOLD_1,F2,MSO02A|FIELD_LINEAGE|4b95f900b63247b668f8e53a08566d6192e1a1b218a434e1c3ae19aa733f2458,18214,81807,longitudinal,0.0,True,FROZEN_G1_ZERO_MAP_NOT_RECOMPUTED,0,0x0.0p+0,True,False,True,False,True,True,False,a7ab3fea1b7e26658c2c0e6ffa1fe4c0c349e872624835af11d95c114a410193,CONSUMED_EVIDENCE_DIAGNOSTIC_ONLY
MS,pressure_gradient_acceleration,159,MSO02A|PRIMARY|F2|9ef4e9d74589ff304e54cd729188bf8906117b9a07bf6de925d5eb62fff9f3dd,512,FOLD_0,F2,MSO02A|FIELD_LINEAGE|9495d1263e9d5130a4466658e829f566f282f3d7d5a3f021374a9b92a3ed5649,20361,92096,longitudinal,0.0,True,FROZEN_G1_ZERO_MAP_NOT_RECOMPUTED,0,0x0.0p+0,True,False,True,False,True,True,False,7ba0ab5720c4b0ca4a90c0b266e0905a3206f3428ef8240f8d8e862688e6eaee,CONSUMED_EVIDENCE_DIAGNOSTIC_ONLY
MS,pressure_gradient_acceleration,159,MSO02A|PRIMARY|F2|9ef4e9d74589ff304e54cd729188bf8906117b9a07bf6de925d5eb62fff9f3dd,546,FOLD_0,F2,MSO02A|FIELD_LINEAGE|9495d1263e9d5130a4466658e829f566f282f3d7d5a3f021374a9b92a3ed5649,20440,92130,longitudinal,0.0,True,FROZEN_G1_ZERO_MAP_NOT_RECOMPUTED,0,0x0.0p+0,True,False,True,False,True,True,False,67050db841ddb9d2bfa3e36a46bd1dcfa5ab83fc6ccb0f0355c3973a9c3cb329,CONSUMED_EVIDENCE_DIAGNOSTIC_ONLY
MS,pressure_gradient_acceleration,160,MSO02A|PRIMARY|F2|93ebdd205498a053121ba0de56e9c2a7d9450afa758752b62611af74915f00cd,38,FOLD_1,F2,MSO02A|FIELD_LINEAGE|fc4130b5db56c326f74813cc5db0aa89f06259c4a204f610ffd73f806fca3c66,20510,92198,longitudinal,0.0,True,FROZEN_G1_ZERO_MAP_NOT_RECOMPUTED,0,0x0.0p+0,True,False,True,False,True,True,False,c75195878b2ec13e527ed6a7523745a37edbba835e27195d147018c00ef8da7c,CONSUMED_EVIDENCE_DIAGNOSTIC_ONLY
MS,pressure_gradient_acceleration,167,MSO02A|PRIMARY|F2|5a78825e9c6404e38cb84d19612e8adf07a98e64a17e1016f2f0a08532ca0ae0,176,FOLD_2,F2,MSO02A|FIELD_LINEAGE|aea48ac2021e08669dd530f20a700598bd5d299351d9e7027a4882edf62720e6,21429,96368,longitudinal,0.0,True,FROZEN_G1_ZERO_MAP_NOT_RECOMPUTED,0,0x0.0p+0,True,False,True,False,True,True,False,830e13a739fb52c16b560cb14e4b2c80153f7c2862d45c13b6abb1b78d6ebff7,CONSUMED_EVIDENCE_DIAGNOSTIC_ONLY
MS,pressure_gradient_acceleration,169,MSO02A|PRIMARY|F2|fb54ced9414231d2be5f7e3b8d07c8b96b9aca393ea7064c40a6dca0b3b23ed0,182,FOLD_3,F2,MSO02A|FIELD_LINEAGE|441fdcabb89a108e9ed39ed118e4defcdf9aefaf6ee129fea00cd6ebf899cd64,21723,97526,transverse,0.0,True,FROZEN_G1_ZERO_MAP_NOT_RECOMPUTED,0,0x0.0p+0,True,False,True,False,True,True,False,b6a4c84b8e9849733ff9033816077dc11ebf81ace4c370cbb3c744cddd9224f1,CONSUMED_EVIDENCE_DIAGNOSTIC_ONLY
MS,pressure_gradient_acceleration,171,MSO02A|PRIMARY|F2|510e17cf40fc1f4c35b88d1bc795f1025c3eb53d38cead5bafdca4da37495a6d,54,FOLD_2,F2,MSO02A|FIELD_LINEAGE|aea48ac2021e08669dd530f20a700598bd5d299351d9e7027a4882edf62720e6,21913,98550,longitudinal,0.0,True,FROZEN_G1_ZERO_MAP_NOT_RECOMPUTED,0,0x0.0p+0,True,False,True,False,True,True,False,488515013c580e149bd1aee487b2a71fb5de351b13824830afca515766d9cdd2,CONSUMED_EVIDENCE_DIAGNOSTIC_ONLY
MS,pressure_gradient_acceleration,171,MSO02A|PRIMARY|F2|510e17cf40fc1f4c35b88d1bc795f1025c3eb53d38cead5bafdca4da37495a6d,294,FOLD_2,F2,MSO02A|FIELD_LINEAGE|aea48ac2021e08669dd530f20a700598bd5d299351d9e7027a4882edf62720e6,21894,98790,longitudinal,0.0,True,FROZEN_G1_ZERO_MAP_NOT_RECOMPUTED,0,0x0.0p+0,True,False,True,False,True,True,False,2deeafb30aa45ed93f6e0a22410f430a50a4e3a4f23d7416bbf008e199513037,CONSUMED_EVIDENCE_DIAGNOSTIC_ONLY
MS,pressure_gradient_acceleration,172,MSO02A|PRIMARY|F2|3c5a5097f443d9ce335a675d91da6b26fc186e67a558fb3fd602f9643e5fb3e6,302,FOLD_5,F2,MSO02A|FIELD_LINEAGE|6e03512d0f21113cf3f110e479ebe32194b2b675241b304dd00f64c9bd89aaaf,22127,99374,transverse,0.0,True,FROZEN_G1_ZERO_MAP_NOT_RECOMPUTED,0,0x0.0p+0,True,False,True,False,True,True,False,2d38b4c54dedc9f5d6f591ea0db35484e2ad70ebc53946f82744317dc32f831b,CONSUMED_EVIDENCE_DIAGNOSTIC_ONLY
MS,pressure_gradient_acceleration,174,MSO02A|PRIMARY|F2|1a518feef9e3a00761303be277c0db0759536094346f8f3c609ea72acb48fead,37,FOLD_3,F2,MSO02A|FIELD_LINEAGE|758c323ede243a6d23ac09a90d17763242aa7a8b60cc75ba76b1e5e2615bdb90,22310,100261,longitudinal,0.0,True,FROZEN_G1_ZERO_MAP_NOT_RECOMPUTED,0,0x0.0p+0,True,False,True,False,True,True,False,e2e04a61be2852f7545e0355f518d3ef036e3d12709319d0307d82e4b2fb21d0,CONSUMED_EVIDENCE_DIAGNOSTIC_ONLY
MS,pressure_gradient_acceleration,174,MSO02A|PRIMARY|F2|1a518feef9e3a00761303be277c0db0759536094346f8f3c609ea72acb48fead,146,FOLD_3,F2,MSO02A|FIELD_LINEAGE|758c323ede243a6d23ac09a90d17763242aa7a8b60cc75ba76b1e5e2615bdb90,22291,100370,longitudinal,0.0,True,FROZEN_G1_ZERO_MAP_NOT_RECOMPUTED,0,0x0.0p+0,True,False,True,False,True,True,False,20601a20ab337bb6cbfc3a4dbfd28d1b397f6b297e90f0a4c75d43ba8b0e45d9,CONSUMED_EVIDENCE_DIAGNOSTIC_ONLY
MS,pressure_gradient_acceleration,174,MSO02A|PRIMARY|F2|1a518feef9e3a00761303be277c0db0759536094346f8f3c609ea72acb48fead,474,FOLD_3,F2,MSO02A|FIELD_LINEAGE|758c323ede243a6d23ac09a90d17763242aa7a8b60cc75ba76b1e5e2615bdb90,22317,100698,longitudinal,0.0,True,FROZEN_G1_ZERO_MAP_NOT_RECOMPUTED,0,0x0.0p+0,True,False,True,False,True,True,False,49280055e47491e341088655f0328068235647d8022402cc5ba003cf128bea36,CONSUMED_EVIDENCE_DIAGNOSTIC_ONLY
MS,pressure_gradient_acceleration,176,MSO02A|PRIMARY|F2|3794f66286af93ff154378c138146f560f356aafada13087e75783bb506d745e,1,FOLD_2,F2,MSO02A|FIELD_LINEAGE|c9effaf9f8d99dafb4339357104e580526691236671870d679eac7675878cb14,22535,101377,transverse,0.0,True,FROZEN_G1_ZERO_MAP_NOT_RECOMPUTED,0,0x0.0p+0,True,False,True,False,True,True,False,d0317eb949a357808f21faa5733dc1fb3f2fe74b11b29bf2171c1da03c039d7b,CONSUMED_EVIDENCE_DIAGNOSTIC_ONLY
MS,pressure_gradient_acceleration,176,MSO02A|PRIMARY|F2|3794f66286af93ff154378c138146f560f356aafada13087e75783bb506d745e,401,FOLD_2,F2,MSO02A|FIELD_LINEAGE|c9effaf9f8d99dafb4339357104e580526691236671870d679eac7675878cb14,22632,101777,transverse,0.0,True,FROZEN_G1_ZERO_MAP_NOT_RECOMPUTED,0,0x0.0p+0,True,False,True,False,True,True,False,607d41b1e1640d5114191c2a503e7dfa1cd201a95a94403b8e74f0e9ec8b8847,CONSUMED_EVIDENCE_DIAGNOSTIC_ONLY
MS,pressure_gradient_acceleration,177,MSO02A|PRIMARY|F2|5fce35b38b7a48865d0b4b51f53caaaf072b2c40f657284a3558f275bcdb6b32,320,FOLD_2,F2,MSO02A|FIELD_LINEAGE|e940bc79385d10f3134327cc6ec0a4b160d3faef1ad5a899817dc525d1f158d7,22695,102272,transverse,0.0,True,FROZEN_G1_ZERO_MAP_NOT_RECOMPUTED,0,0x0.0p+0,True,False,True,False,True,True,False,261402afa0d03c9be55bbdcfb1bd5745668c400b0ab4c9ffb5f67417f214fc52,CONSUMED_EVIDENCE_DIAGNOSTIC_ONLY
MS,pressure_gradient_acceleration,177,MSO02A|PRIMARY|F2|5fce35b38b7a48865d0b4b51f53caaaf072b2c40f657284a3558f275bcdb6b32,530,FOLD_2,F2,MSO02A|FIELD_LINEAGE|e940bc79385d10f3134327cc6ec0a4b160d3faef1ad5a899817dc525d1f158d7,22769,102482,transverse,0.0,True,FROZEN_G1_ZERO_MAP_NOT_RECOMPUTED,0,0x0.0p+0,True,False,True,False,True,True,False,0b6e857321e5016cae6598e5a40768f1e9c26670b954e57673d19425d821aa59,CONSUMED_EVIDENCE_DIAGNOSTIC_ONLY
MS,pressure_gradient_acceleration,178,MSO02A|PRIMARY|F2|1cedb6086eb661871852ea69bb3cc212bfc9eadbf15e83745181af24d3ab06c0,487,FOLD_0,F2,MSO02A|FIELD_LINEAGE|d59b20ce14c529e1c742efbde5e16cfefa569f004037852725f03cec3a25b143,22908,103015,longitudinal,0.0,True,FROZEN_G1_ZERO_MAP_NOT_RECOMPUTED,0,0x0.0p+0,True,False,True,False,True,True,False,5c5c1587e08a527cc1dc4a0001e4cf874a89ce81b5ca7fe4dfe28d76f53c3caf,CONSUMED_EVIDENCE_DIAGNOSTIC_ONLY
MS,pressure_gradient_acceleration,179,MSO02A|PRIMARY|F2|8d4b8cc44b6fd2ec078d52f01bce3cbd31f428fdcda3e4068c852d3234743465,37,FOLD_0,F2,MSO02A|FIELD_LINEAGE|9af87a6bce0c31f7a6beb8676561bba9ef47e3d5c41221318df8b6ce5060314b,22958,103141,transverse,0.0,True,FROZEN_G1_ZERO_MAP_NOT_RECOMPUTED,0,0x0.0p+0,True,False,True,False,True,True,False,0c320b4aee849639c248f8b8471889121c4e9f6ebde9b77ae7fee1df53c84a36,CONSUMED_EVIDENCE_DIAGNOSTIC_ONLY
MS,pressure_gradient_acceleration,179,MSO02A|PRIMARY|F2|8d4b8cc44b6fd2ec078d52f01bce3cbd31f428fdcda3e4068c852d3234743465,364,FOLD_0,F2,MSO02A|FIELD_LINEAGE|9af87a6bce0c31f7a6beb8676561bba9ef47e3d5c41221318df8b6ce5060314b,23012,103468,transverse,0.0,True,FROZEN_G1_ZERO_MAP_NOT_RECOMPUTED,0,0x0.0p+0,True,False,True,False,True,True,False,7cab69c10e4b8e9dec184af02e25cebd56f338e00c59206eeaa000673588a7da,CONSUMED_EVIDENCE_DIAGNOSTIC_ONLY
MS,pressure_gradient_acceleration,181,MSO02A|PRIMARY|F2|183dd768e7b6e8bc606f638fdc269677edf449e79ff4397d174304f458f9a5f3,388,FOLD_1,F2,MSO02A|FIELD_LINEAGE|f685242319f2e54992ef7598debd184a649e9b2e72bd6afed05f5d9f54abd161,23211,104644,longitudinal,0.0,True,FROZEN_G1_ZERO_MAP_NOT_RECOMPUTED,0,0x0.0p+0,True,False,True,False,True,True,False,9080c32ecded4fdc3f6189bc5d38e79b5e5dfbbfe3c50a927fa2b724e27966bb,CONSUMED_EVIDENCE_DIAGNOSTIC_ONLY
MS,pressure_gradient_acceleration,182,MSO02A|PRIMARY|F2|2a6420738cc1cdb92b88ec771e30cd7099073224575a842943bc0d588ff721ef,327,FOLD_0,F2,MSO02A|FIELD_LINEAGE|8160f383e8c444cb83a23e972df23a42ef573947bfd88e1ef09c924453a54b74,23414,105159,longitudinal,0.0,True,FROZEN_G1_ZERO_MAP_NOT_RECOMPUTED,0,0x0.0p+0,True,False,True,False,True,True,False,c121ba8e32d70d4cfe412329eaf01d9817a3bf14d90d0e918ca6fa2a83793e18,CONSUMED_EVIDENCE_DIAGNOSTIC_ONLY
MS,pressure_gradient_acceleration,182,MSO02A|PRIMARY|F2|2a6420738cc1cdb92b88ec771e30cd7099073224575a842943bc0d588ff721ef,405,FOLD_0,F2,MSO02A|FIELD_LINEAGE|8160f383e8c444cb83a23e972df23a42ef573947bfd88e1ef09c924453a54b74,23310,105237,longitudinal,0.0,True,FROZEN_G1_ZERO_MAP_NOT_RECOMPUTED,0,0x0.0p+0,True,False,True,False,True,True,False,e4541a2a03acff297ae864cb159a451cb51640cdffd428fbd7af0c53e38230f3,CONSUMED_EVIDENCE_DIAGNOSTIC_ONLY
MS,pressure_gradient_acceleration,184,MSO02A|PRIMARY|F2|b2582bbaa68fc837d19284375ad1fd87badf6dc034da1f204a7517a5e98c2fe6,441,FOLD_3,F2,MSO02A|FIELD_LINEAGE|441fdcabb89a108e9ed39ed118e4defcdf9aefaf6ee129fea00cd6ebf899cd64,23552,106425,transverse,0.0,True,FROZEN_G1_ZERO_MAP_NOT_RECOMPUTED,0,0x0.0p+0,True,False,True,False,True,True,False,76e92006a3aaa9bb6894e34d64f9922bd6802eaab0e031391effcf5edbdd4fd1,CONSUMED_EVIDENCE_DIAGNOSTIC_ONLY
MS,pressure_gradient_acceleration,194,MSO02A|PRIMARY|F3|fc794f72a83ac8c3a9d92aac50c9111cabb7ee10d557eeed07de9a0bb1d6b563,396,FOLD_3,F3,MSO02A|FIELD_LINEAGE|8f96460f5e25434ea38efc75b2a38eba48ed159ccc71195a9890899219539f9a,24866,112140,longitudinal,0.0,True,FROZEN_G1_ZERO_MAP_NOT_RECOMPUTED,0,0x0.0p+0,True,False,True,False,True,True,False,a3d08b1f01aac075bbd5a5533277e49a9a38c1713ede79f5fc3924b4c7056df2,CONSUMED_EVIDENCE_DIAGNOSTIC_ONLY
MS,pressure_gradient_acceleration,199,MSO02A|PRIMARY|F3|73539c8a9ff40a72e80f9cf01f506d480e475206ab97f6f1783855fa55093cb9,123,FOLD_2,F3,MSO02A|FIELD_LINEAGE|02af8fc8fdaaf157851a8e83e4ddea5dc9b0a3eccaf84d81548cde087cb7e597,25547,114747,longitudinal,0.0,True,FROZEN_G1_ZERO_MAP_NOT_RECOMPUTED,0,0x0.0p+0,True,False,True,False,True,True,False,d7be3e9599df2c32b98cbad33c36ce6b1cf59ae92f954546946812c6f097116a,CONSUMED_EVIDENCE_DIAGNOSTIC_ONLY
MS,pressure_gradient_acceleration,199,MSO02A|PRIMARY|F3|73539c8a9ff40a72e80f9cf01f506d480e475206ab97f6f1783855fa55093cb9,260,FOLD_2,F3,MSO02A|FIELD_LINEAGE|02af8fc8fdaaf157851a8e83e4ddea5dc9b0a3eccaf84d81548cde087cb7e597,25502,114884,longitudinal,0.0,True,FROZEN_G1_ZERO_MAP_NOT_RECOMPUTED,0,0x0.0p+0,True,False,True,False,True,True,False,0b8860969a821e6f94912486d6a272d6ae30d728fa538c130ee4e80047ffa7ef,CONSUMED_EVIDENCE_DIAGNOSTIC_ONLY
MS,pressure_gradient_acceleration,199,MSO02A|PRIMARY|F3|73539c8a9ff40a72e80f9cf01f506d480e475206ab97f6f1783855fa55093cb9,444,FOLD_2,F3,MSO02A|FIELD_LINEAGE|02af8fc8fdaaf157851a8e83e4ddea5dc9b0a3eccaf84d81548cde087cb7e597,25544,115068,longitudinal,0.0,True,FROZEN_G1_ZERO_MAP_NOT_RECOMPUTED,0,0x0.0p+0,True,False,True,False,True,True,False,583181f47325b1cc756d8aba88c64f38872e98f7144286e8883c884bb1070c97,CONSUMED_EVIDENCE_DIAGNOSTIC_ONLY
MS,pressure_gradient_acceleration,205,MSO02A|PRIMARY|F3|2b3a1823c2926b39c82ef85835861b50dc69c29baf20782f20a71a5926c070a0,521,FOLD_3,F3,MSO02A|FIELD_LINEAGE|b35b0ee92e60d2293a02130a1c62949b0f9bdf13eb8e2c07bd9ba6f2a286f270,26351,118601,transverse,0.0,True,FROZEN_G1_ZERO_MAP_NOT_RECOMPUTED,0,0x0.0p+0,True,False,True,False,True,True,False,53cf77b7a7a3ba498f458ef8948f7fba35039bdb516c78856cb5ca79577134cd,CONSUMED_EVIDENCE_DIAGNOSTIC_ONLY
MS,pressure_gradient_acceleration,208,MSO02A|PRIMARY|F3|d8596c9e1cd2fb9cc46ee50795c303fe11ef4d934584df6d7e080e174abc3dda,479,FOLD_0,F3,MSO02A|FIELD_LINEAGE|702c93f91cbdb9e9af0e635689c43fc92a780ebb993ff1283e521f24e8df3258,26661,120287,longitudinal,0.0,True,FROZEN_G1_ZERO_MAP_NOT_RECOMPUTED,0,0x0.0p+0,True,False,True,False,True,True,False,3df7804281cfd8f0d881ae69fa69ca24885446ba884d772b9364a357a4827bff,CONSUMED_EVIDENCE_DIAGNOSTIC_ONLY
MS,pressure_gradient_acceleration,212,MSO02A|PRIMARY|F3|843ed1586d40631e040edc0d5389bb69a0d5ba81d44120d3560e265753aefa56,239,FOLD_0,F3,MSO02A|FIELD_LINEAGE|3f2c911ab74caa9cd763455022a5dadcd172a741b51ffd58f661e3845ae397d7,27221,122351,transverse,0.0,True,FROZEN_G1_ZERO_MAP_NOT_RECOMPUTED,0,0x0.0p+0,True,False,True,False,True,True,False,6c791485991515805264437845cc66a3508953e5ffc1cb85670bbbe4270c1f9b,CONSUMED_EVIDENCE_DIAGNOSTIC_ONLY
MS,pressure_gradient_acceleration,212,MSO02A|PRIMARY|F3|843ed1586d40631e040edc0d5389bb69a0d5ba81d44120d3560e265753aefa56,240,FOLD_0,F3,MSO02A|FIELD_LINEAGE|3f2c911ab74caa9cd763455022a5dadcd172a741b51ffd58f661e3845ae397d7,27213,122352,transverse,0.0,True,FROZEN_G1_ZERO_MAP_NOT_RECOMPUTED,0,0x0.0p+0,True,False,True,False,True,True,False,269292cbc9a2199863e8906336d09575e4c538e58dcdd9cc270e898b63374df7,CONSUMED_EVIDENCE_DIAGNOSTIC_ONLY
MS,pressure_gradient_acceleration,215,MSO02A|PRIMARY|F3|87ff8d9537a5c8dcf4aef4d012b8341720179c5a72fdb9ecbf07a986dc3b0ce7,547,FOLD_4,F3,MSO02A|FIELD_LINEAGE|f54c335afb806ae736e5fe3ed4af998d5e8597634a29a7a4edd365110b7b7eda,27611,124387,transverse,0.0,True,FROZEN_G1_ZERO_MAP_NOT_RECOMPUTED,0,0x0.0p+0,True,False,True,False,True,True,False,8d40b182b381951922108dd95d23f24995f1600991b5c3051fda834e97e557da,CONSUMED_EVIDENCE_DIAGNOSTIC_ONLY
MS,pressure_gradient_acceleration,219,MSO02A|PRIMARY|F3|02bd68b55b3e7b7e042382c76a10df76172b6b77d1e008e15765158192e07575,0,FOLD_0,F3,MSO02A|FIELD_LINEAGE|d4edd26f49c53218f347abf6aa7289191eb85e7cf1a37afa1cc74ac05bc47943,28086,126144,longitudinal,0.0,True,FROZEN_G1_ZERO_MAP_NOT_RECOMPUTED,0,0x0.0p+0,True,False,True,False,True,True,False,0b7fe6a1a9b03c0abc420ad0d9571ed1f5d1109861836ca4cf81fdc4aeaa82bf,CONSUMED_EVIDENCE_DIAGNOSTIC_ONLY
MS,pressure_gradient_acceleration,219,MSO02A|PRIMARY|F3|02bd68b55b3e7b7e042382c76a10df76172b6b77d1e008e15765158192e07575,185,FOLD_0,F3,MSO02A|FIELD_LINEAGE|d4edd26f49c53218f347abf6aa7289191eb85e7cf1a37afa1cc74ac05bc47943,28159,126329,longitudinal,0.0,True,FROZEN_G1_ZERO_MAP_NOT_RECOMPUTED,0,0x0.0p+0,True,False,True,False,True,True,False,2145242c40cf3bd5c2cf313417b30e54495518369251bd266a26a958582a1219,CONSUMED_EVIDENCE_DIAGNOSTIC_ONLY
MS,pressure_gradient_acceleration,220,MSO02A|PRIMARY|F3|0e9cb6133c8953965896c5500917ba18def5860817d74de8ffa9e34330afed92,147,FOLD_0,F3,MSO02A|FIELD_LINEAGE|2c4bc5ef7d44dee05e737c7db40e5925e97ab35fda821bed967bad9332a3aadf,28237,126867,transverse,0.0,True,FROZEN_G1_ZERO_MAP_NOT_RECOMPUTED,0,0x0.0p+0,True,False,True,False,True,True,False,0ac431397f7b6c79974927b03f6271de341a016737af6c970a47edf2a4937df7,CONSUMED_EVIDENCE_DIAGNOSTIC_ONLY
MS,pressure_gradient_acceleration,226,MSO02A|PRIMARY|F3|54f5b4fcd08c841cb110fcfacbc44e47b95f6d84a1d5c444ee6318c82c15f502,97,FOLD_2,F3,MSO02A|FIELD_LINEAGE|cbed4358f17d41feb1bad8e60142ab2d377e7c9b6d8c4d778086a9debd05b89f,29050,130273,longitudinal,0.0,True,FROZEN_G1_ZERO_MAP_NOT_RECOMPUTED,0,0x0.0p+0,True,False,True,False,True,True,False,4bfc24058013a458ada3789e12782aaddbead7ca964d3d3f1c0c6ea1db09715f,CONSUMED_EVIDENCE_DIAGNOSTIC_ONLY
MS,pressure_gradient_acceleration,226,MSO02A|PRIMARY|F3|54f5b4fcd08c841cb110fcfacbc44e47b95f6d84a1d5c444ee6318c82c15f502,123,FOLD_2,F3,MSO02A|FIELD_LINEAGE|cbed4358f17d41feb1bad8e60142ab2d377e7c9b6d8c4d778086a9debd05b89f,28955,130299,longitudinal,0.0,True,FROZEN_G1_ZERO_MAP_NOT_RECOMPUTED,0,0x0.0p+0,True,False,True,False,True,True,False,783ccfde241e1da6f68e5142a83ca05d83b5c7e91597e7ef98a27090081cd9f8,CONSUMED_EVIDENCE_DIAGNOSTIC_ONLY
MS,pressure_gradient_acceleration,233,MSO02A|PRIMARY|F3|30782502fa80aac72bdd585bcf321a5759096eae52597aba3a40a4df13e5169a,374,FOLD_0,F3,MSO02A|FIELD_LINEAGE|fb6b3eba8a0f816d7f994994c2fb32830f5e9295057544c7ebab947e5235f686,29895,134582,longitudinal,0.0,True,FROZEN_G1_ZERO_MAP_NOT_RECOMPUTED,0,0x0.0p+0,True,False,True,False,True,True,False,ba9197392304b51643a35a12d24e6ec00754288f149c639e17cbca3f4cf7bddf,CONSUMED_EVIDENCE_DIAGNOSTIC_ONLY
MS,pressure_gradient_acceleration,234,MSO02A|PRIMARY|F3|5a43974f157e5fc079cbe515a8e427422b1e98d45dc654fd13d565a18a71cfc2,168,FOLD_0,F3,MSO02A|FIELD_LINEAGE|551a5ca37accf88c657cbddfe873289908e5daa78bc9beaa097e23202f1284d0,30076,134952,longitudinal,0.0,True,FROZEN_G1_ZERO_MAP_NOT_RECOMPUTED,0,0x0.0p+0,True,False,True,False,True,True,False,6f603751f483848be79a3b5a4091a65c3fa8a39c74085fab9a85dd56ef49b87e,CONSUMED_EVIDENCE_DIAGNOSTIC_ONLY
MS,pressure_gradient_acceleration,234,MSO02A|PRIMARY|F3|5a43974f157e5fc079cbe515a8e427422b1e98d45dc654fd13d565a18a71cfc2,418,FOLD_0,F3,MSO02A|FIELD_LINEAGE|551a5ca37accf88c657cbddfe873289908e5daa78bc9beaa097e23202f1284d0,30060,135202,longitudinal,0.0,True,FROZEN_G1_ZERO_MAP_NOT_RECOMPUTED,0,0x0.0p+0,True,False,True,False,True,True,False,ae039a9428b499156c94e5f4576fbffb61d8489407c53f94716ba340038c8099,CONSUMED_EVIDENCE_DIAGNOSTIC_ONLY
MS,pressure_gradient_acceleration,236,MSO02A|PRIMARY|F3|f144879d731ea35889042b612a2cd2c06e7ff554567284e08eba6a6a62a9e1a1,466,FOLD_2,F3,MSO02A|FIELD_LINEAGE|4df74a0c30e223d806e6d4c98c885153e328b50794fb6c5b90852785bfe8e447,30235,136402,longitudinal,0.0,True,FROZEN_G1_ZERO_MAP_NOT_RECOMPUTED,0,0x0.0p+0,True,False,True,False,True,True,False,86b0caeeae47fd48268982ec6fc212c3d43e28a28b99d6e64bc79aec8df81221,CONSUMED_EVIDENCE_DIAGNOSTIC_ONLY
MS,pressure_gradient_acceleration,238,MSO02A|PRIMARY|F3|0a1bbb860db7f683c65213b8f5eef231ccd700c30b5ce761c9a276436d57cc46,251,FOLD_3,F3,MSO02A|FIELD_LINEAGE|115110a21fa31bc05a325ab6eb409b0df3fcba9a4cc783389c2dc4998ea93dfc,30514,137339,longitudinal,0.0,True,FROZEN_G1_ZERO_MAP_NOT_RECOMPUTED,0,0x0.0p+0,True,False,True,False,True,True,False,c751c4f8f420614b3e5238e0921d2e490765ee78b39abd8c9dbda06678946af4,CONSUMED_EVIDENCE_DIAGNOSTIC_ONLY
MS,pressure_gradient_acceleration,239,MSO02A|PRIMARY|F3|7ea03cb410ca5c10ac8f7c44d9a5463c116d2a9dd7ec668ffad122dfb848da4a,61,FOLD_2,F3,MSO02A|FIELD_LINEAGE|0563e938ae80d9319536bd0100a6bef2817d7567f87e87a2bbf4763b2b1e98b4,30621,137725,transverse,0.0,True,FROZEN_G1_ZERO_MAP_NOT_RECOMPUTED,0,0x0.0p+0,True,False,True,False,True,True,False,f09525cd666bc3cd45fee1014cd51dead5e288604e06bf45563464fa3a7f4307,CONSUMED_EVIDENCE_DIAGNOSTIC_ONLY
MS,pressure_gradient_acceleration,251,MSO02A|PRIMARY|F3|5afb4db75f2d663c2f06b3d7adc9cd014ff10d0febbbdcdd3e6544219f727191,465,FOLD_0,F3,MSO02A|FIELD_LINEAGE|f9aa80ea63f7f7e85ed33aa94e71f1e2a3525be72e4a2f1b35b168eb813dc129,32203,145041,transverse,0.0,True,FROZEN_G1_ZERO_MAP_NOT_RECOMPUTED,0,0x0.0p+0,True,False,True,False,True,True,False,2b6e9754399cdbded9ca4f3b284f71fe6350648ee50e2398489bae6f9283b609,CONSUMED_EVIDENCE_DIAGNOSTIC_ONLY
MS,pressure_gradient_acceleration,251,MSO02A|PRIMARY|F3|5afb4db75f2d663c2f06b3d7adc9cd014ff10d0febbbdcdd3e6544219f727191,497,FOLD_0,F3,MSO02A|FIELD_LINEAGE|f9aa80ea63f7f7e85ed33aa94e71f1e2a3525be72e4a2f1b35b168eb813dc129,32156,145073,transverse,0.0,True,FROZEN_G1_ZERO_MAP_NOT_RECOMPUTED,0,0x0.0p+0,True,False,True,False,True,True,False,46e288dc6c71e9a9cbeff9ea76f6a4641874c602de0d5f918a3621135dd4d981,CONSUMED_EVIDENCE_DIAGNOSTIC_ONLY
MS,pressure_gradient_acceleration,256,MSO02A|PRIMARY|F3|23dfd592f9eb36ec4810bdf517cbaa2358a54af92d8af604b3289173b34efb5c,359,FOLD_2,F3,MSO02A|FIELD_LINEAGE|0563e938ae80d9319536bd0100a6bef2817d7567f87e87a2bbf4763b2b1e98b4,32854,147815,transverse,0.0,True,FROZEN_G1_ZERO_MAP_NOT_RECOMPUTED,0,0x0.0p+0,True,False,True,False,True,True,False,bfc033f68aebd574ebb5992100dc8964d17c3a1d83e505f3370b67ec6d2c9ff4,CONSUMED_EVIDENCE_DIAGNOSTIC_ONLY
MS,pressure_gradient_acceleration,258,MSO02A|PRIMARY|F3|9a5d7bb87cc15c67e673ca094607b9947e8d8d84c76c66405f78f79695edbec8,154,FOLD_3,F3,MSO02A|FIELD_LINEAGE|1ed9e2549605f4b34a5a47abfede48866f7d8cc3461b2bef24f5af4995179799,33147,148762,transverse,0.0,True,FROZEN_G1_ZERO_MAP_NOT_RECOMPUTED,0,0x0.0p+0,True,False,True,False,True,True,False,e7b04502c19bfc388d30bcc3883bc23c022de6d79d392bdb35113995dacc3b39,CONSUMED_EVIDENCE_DIAGNOSTIC_ONLY
MS,pressure_gradient_acceleration,258,MSO02A|PRIMARY|F3|9a5d7bb87cc15c67e673ca094607b9947e8d8d84c76c66405f78f79695edbec8,478,FOLD_3,F3,MSO02A|FIELD_LINEAGE|1ed9e2549605f4b34a5a47abfede48866f7d8cc3461b2bef24f5af4995179799,33024,149086,transverse,0.0,True,FROZEN_G1_ZERO_MAP_NOT_RECOMPUTED,0,0x0.0p+0,True,False,True,False,True,True,False,181e95e52a2a94a105004921ab408ce7437d90da07dddd5b400395139e8a6161,CONSUMED_EVIDENCE_DIAGNOSTIC_ONLY
MS,pressure_gradient_acceleration,259,MSO02A|PRIMARY|F3|c51e9877eba6b00d7882d83ec5e69bcf60de0cf1a0215870998af75a96faba55,547,FOLD_1,F3,MSO02A|FIELD_LINEAGE|ff529ebc1c7706a59e72cfaba460f9d7e3c654384d42bb068f28c000c3e03237,33160,149731,transverse,0.0,True,FROZEN_G1_ZERO_MAP_NOT_RECOMPUTED,0,0x0.0p+0,True,False,True,False,True,True,False,89abe3c5e3a1703dc29fefdf905da0072ecb1e3dca2c26920182bd209410ff50,CONSUMED_EVIDENCE_DIAGNOSTIC_ONLY
MS,pressure_gradient_acceleration,260,MSO02A|PRIMARY|F3|927289861271d6668c7dec274004e690f6e8e2a07ffa42513faecfa9f0a743c7,491,FOLD_1,F3,MSO02A|FIELD_LINEAGE|52e563007df892f6b76bbc75c21aeb276c7e4d0b2807ed33565e9f86e05d59f1,33318,150251,transverse,0.0,True,FROZEN_G1_ZERO_MAP_NOT_RECOMPUTED,0,0x0.0p+0,True,False,True,False,True,True,False,09836449861bce3336375ef4dfd4fdc81892ee282c181e80ba4f60d59b50014b,CONSUMED_EVIDENCE_DIAGNOSTIC_ONLY
MS,pressure_gradient_acceleration,261,MSO02A|PRIMARY|F3|b50311a4cab3fd48b129084f558b15b673de4abca596b18bafabab064e1cb54e,473,FOLD_0,F3,MSO02A|FIELD_LINEAGE|c14cf6f5e6f346d741eba1f3c8cc43d188d8befaa6e53e2943eb146e864afdc5,33470,150809,transverse,0.0,True,FROZEN_G1_ZERO_MAP_NOT_RECOMPUTED,0,0x0.0p+0,True,False,True,False,True,True,False,037c3a922f55a0f88380dd1d3abe490b36e551c12b57d3c2117412ffafb4938e,CONSUMED_EVIDENCE_DIAGNOSTIC_ONLY
MS,pressure_gradient_acceleration,263,MSO02A|PRIMARY|F3|e67f169a2b46186951c3fa3ea826fe0ad67f8860d439f25ecd202da8333a9da5,233,FOLD_3,F3,MSO02A|FIELD_LINEAGE|afab834ae407419434c4ec31b93da19ebdf2b45dc27fa764d1f61c3f2e9cce3b,33709,151721,transverse,0.0,True,FROZEN_G1_ZERO_MAP_NOT_RECOMPUTED,0,0x0.0p+0,True,False,True,False,True,True,False,8554c69b5973bc77daf26e1457023a231d58ae0b36bf4b1ca687b29a09f5be2c,CONSUMED_EVIDENCE_DIAGNOSTIC_ONLY
MS,pressure_gradient_acceleration,266,MSO02A|PRIMARY|F3|6c4f07c9b6f53f335aa1bccf080847d101ebc9ac7ab22b9923ce9c8810bc52c1,372,FOLD_0,F3,MSO02A|FIELD_LINEAGE|3f2c911ab74caa9cd763455022a5dadcd172a741b51ffd58f661e3845ae397d7,34109,153588,transverse,0.0,True,FROZEN_G1_ZERO_MAP_NOT_RECOMPUTED,0,0x0.0p+0,True,False,True,False,True,True,False,0ad5efbb5ff89f166bba2e4cd8325257227d0f262290ffc8f8441688fc0ccb51,CONSUMED_EVIDENCE_DIAGNOSTIC_ONLY
MS,pressure_gradient_acceleration,266,MSO02A|PRIMARY|F3|6c4f07c9b6f53f335aa1bccf080847d101ebc9ac7ab22b9923ce9c8810bc52c1,500,FOLD_0,F3,MSO02A|FIELD_LINEAGE|3f2c911ab74caa9cd763455022a5dadcd172a741b51ffd58f661e3845ae397d7,34051,153716,transverse,0.0,True,FROZEN_G1_ZERO_MAP_NOT_RECOMPUTED,0,0x0.0p+0,True,False,True,False,True,True,False,e3962c8787e9063e5693e93f29b11e81e09149456305a0aca906e812811b5604,CONSUMED_EVIDENCE_DIAGNOSTIC_ONLY
MS,pressure_gradient_acceleration,268,MSO02A|PRIMARY|F3|674321829630c546a492eee81d5fe3174b59fb04d23fb6d20892ab80d6b90b91,339,FOLD_4,F3,MSO02A|FIELD_LINEAGE|eb3ba3026d42bf4e89220abf1f56c78ada310a71ca6d5e4e7954496f156bd9f4,34370,154707,transverse,0.0,True,FROZEN_G1_ZERO_MAP_NOT_RECOMPUTED,0,0x0.0p+0,True,False,True,False,True,True,False,8199c5955711ffe75679c9b79af484bf7a630e34c5d2306acf58639515dfdce0,CONSUMED_EVIDENCE_DIAGNOSTIC_ONLY
MS,pressure_gradient_acceleration,273,MSO02A|PRIMARY|F3|ffc66a465f5e7477338d0ec91a9ca398d9f97a8f1d185375d350f1da37c8b0e5,469,FOLD_2,F3,MSO02A|FIELD_LINEAGE|02af8fc8fdaaf157851a8e83e4ddea5dc9b0a3eccaf84d81548cde087cb7e597,35037,157717,longitudinal,0.0,True,FROZEN_G1_ZERO_MAP_NOT_RECOMPUTED,0,0x0.0p+0,True,False,True,False,True,True,False,0e9d189d920eaff20ddd36ffd3a29627babe73d256dd9d0a93bf4a50077bc2f2,CONSUMED_EVIDENCE_DIAGNOSTIC_ONLY
MS,pressure_gradient_acceleration,276,MSO02A|PRIMARY|F3|029db7a09fd8c3be7a03c372ed294b10d86d8d762315a945c1aa38fffb4b9827,4,FOLD_2,F3,MSO02A|FIELD_LINEAGE|b8b13c949eefb1514f92a32c389f0060d206fe61636418ca1f030fb80cc7efdd,35445,158980,longitudinal,0.0,True,FROZEN_G1_ZERO_MAP_NOT_RECOMPUTED,0,0x0.0p+0,True,False,True,False,True,True,False,1f7aebce229bf22a66afcd077ed55ee79674a2dce5cc5c795867a5fc06eb9b10,CONSUMED_EVIDENCE_DIAGNOSTIC_ONLY
MS,pressure_gradient_acceleration,277,MSO02A|PRIMARY|F3|4eed79d7ce3519b421f5e5a7cd8b681b1eeeb60660b92b9e3922d746b2abda4d,192,FOLD_3,F3,MSO02A|FIELD_LINEAGE|d7baddfda5c54a4c4ff069be3e1e83dbf082ca07f6dc2425782c46c7d00ac332,35512,159744,longitudinal,0.0,True,FROZEN_G1_ZERO_MAP_NOT_RECOMPUTED,0,0x0.0p+0,True,False,True,False,True,True,False,6d36cacbe28deaf8a92ecd79281be1cc93833c39b16e0b96b57a422e567609ff,CONSUMED_EVIDENCE_DIAGNOSTIC_ONLY
MS,pressure_gradient_acceleration,285,MSO02A|PRIMARY|F3|e1c34b18f58d7870dd8e7f7ce56260fc9b3e5c1baca800d76a0f3ac04b53af57,388,FOLD_3,F3,MSO02A|FIELD_LINEAGE|8f96460f5e25434ea38efc75b2a38eba48ed159ccc71195a9890899219539f9a,36580,164548,longitudinal,0.0,True,FROZEN_G1_ZERO_MAP_NOT_RECOMPUTED,0,0x0.0p+0,True,False,True,False,True,True,False,67f7ef3183a266cfc7396db3e787f15c3821a3896656271af631a1533da35c03,CONSUMED_EVIDENCE_DIAGNOSTIC_ONLY
MS,pressure_gradient_acceleration,286,MSO02A|PRIMARY|F3|cbc1a9c0245339ab978759a75e5c70219279a7977cafb11a7b60309380844ce5,508,FOLD_2,F3,MSO02A|FIELD_LINEAGE|cbed4358f17d41feb1bad8e60142ab2d377e7c9b6d8c4d778086a9debd05b89f,36634,165244,longitudinal,0.0,True,FROZEN_G1_ZERO_MAP_NOT_RECOMPUTED,0,0x0.0p+0,True,False,True,False,True,True,False,7449299e4a046ea4e0949370946b89d4ea391a9aeaa35855628825e215bd9921,CONSUMED_EVIDENCE_DIAGNOSTIC_ONLY
MS,pressure_gradient_acceleration,296,MSO02A|PRIMARY|F4|8bec9ab46d369b1fe0e45403e59c62b02cfb6f2c491d453645cb377c73705e86,413,FOLD_1,F4,MSO02A|FIELD_LINEAGE|33df3171ad1652627919e731cf9215ef8e1a314518342dfafccaf525480b89f2,37902,170909,transverse,0.0,True,FROZEN_G1_ZERO_MAP_NOT_RECOMPUTED,0,0x0.0p+0,True,False,True,False,True,True,False,81a6e59a0bba276ba2179adfe2bc1b5c44e5c64fd959ef788170b63bfbaab104,CONSUMED_EVIDENCE_DIAGNOSTIC_ONLY
MS,pressure_gradient_acceleration,296,MSO02A|PRIMARY|F4|8bec9ab46d369b1fe0e45403e59c62b02cfb6f2c491d453645cb377c73705e86,499,FOLD_1,F4,MSO02A|FIELD_LINEAGE|33df3171ad1652627919e731cf9215ef8e1a314518342dfafccaf525480b89f2,37989,170995,transverse,0.0,True,FROZEN_G1_ZERO_MAP_NOT_RECOMPUTED,0,0x0.0p+0,True,False,True,False,True,True,False,f392647c2d9dcf4bc4e09b5f8c1d7023b271daf3ac07e659d688a5e382207620,CONSUMED_EVIDENCE_DIAGNOSTIC_ONLY
MS,pressure_gradient_acceleration,303,MSO02A|PRIMARY|F4|834643ec7e0157f014e3a518eba6ce23f21d8e31b13a20c35480611ea28e28c9,35,FOLD_5,F4,MSO02A|FIELD_LINEAGE|e26d6593c1617ff39509555baa333fe5d5138efbc841890b1dbb85905103b037,38902,174563,transverse,0.0,True,FROZEN_G1_ZERO_MAP_NOT_RECOMPUTED,0,0x0.0p+0,True,False,True,False,True,True,False,9e09000bcf21e7f5dc2ce64130659ccacc623f3722ed9e889cfbe1c15c50e392,CONSUMED_EVIDENCE_DIAGNOSTIC_ONLY
MS,pressure_gradient_acceleration,303,MSO02A|PRIMARY|F4|834643ec7e0157f014e3a518eba6ce23f21d8e31b13a20c35480611ea28e28c9,561,FOLD_5,F4,MSO02A|FIELD_LINEAGE|e26d6593c1617ff39509555baa333fe5d5138efbc841890b1dbb85905103b037,38839,175089,transverse,0.0,True,FROZEN_G1_ZERO_MAP_NOT_RECOMPUTED,0,0x0.0p+0,True,False,True,False,True,True,False,76fbf02fe8ee905ed7315ff6d4f2a78a45ed5a94c81dab7a10961b4416c3f4ec,CONSUMED_EVIDENCE_DIAGNOSTIC_ONLY
MS,pressure_gradient_acceleration,308,MSO02A|PRIMARY|F4|773899c25d176ee4b66bb54f1377e18d9a10e7bda7e89e3c9a49599945c18c8d,471,FOLD_1,F4,MSO02A|FIELD_LINEAGE|1a2dcff7254dc1227c107a21e6a270581c668c6b769441a6ba923b276c0065b8,39469,177879,longitudinal,0.0,True,FROZEN_G1_ZERO_MAP_NOT_RECOMPUTED,0,0x0.0p+0,True,False,True,False,True,True,False,3a0d09dfeb1b40b88fffab67bd284c99587ceebd7f51bc086a53644cabfef58d,CONSUMED_EVIDENCE_DIAGNOSTIC_ONLY
MS,pressure_gradient_acceleration,317,MSO02A|PRIMARY|F4|e6fdd77115b827f6e88a3aca37ce8cd361b1b00abe3a792726daeaaa622cd189,147,FOLD_4,F4,MSO02A|FIELD_LINEAGE|8268be7cec0b9c5a4eb497ac38e8418f7c656992a0ff2d13857d85dea7ca362a,40614,182739,longitudinal,0.0,True,FROZEN_G1_ZERO_MAP_NOT_RECOMPUTED,0,0x0.0p+0,True,False,True,False,True,True,False,4053606a9fc46caa23a27460888b7ee52996a7446f5cdb2b7852c54c907acbcb,CONSUMED_EVIDENCE_DIAGNOSTIC_ONLY
MS,pressure_gradient_acceleration,317,MSO02A|PRIMARY|F4|e6fdd77115b827f6e88a3aca37ce8cd361b1b00abe3a792726daeaaa622cd189,329,FOLD_4,F4,MSO02A|FIELD_LINEAGE|8268be7cec0b9c5a4eb497ac38e8418f7c656992a0ff2d13857d85dea7ca362a,40647,182921,longitudinal,0.0,True,FROZEN_G1_ZERO_MAP_NOT_RECOMPUTED,0,0x0.0p+0,True,False,True,False,True,True,False,81deaf26723c1905e7df30f63f221b1d235b2e0e2227c7bdcf2a17f30a52754d,CONSUMED_EVIDENCE_DIAGNOSTIC_ONLY
MS,pressure_gradient_acceleration,321,MSO02A|PRIMARY|F4|c9dbc3ddd4f353bd08a08b95f1e35ffc8b4d05625974429f2582e1ee29ff1ff4,44,FOLD_1,F4,MSO02A|FIELD_LINEAGE|33df3171ad1652627919e731cf9215ef8e1a314518342dfafccaf525480b89f2,41209,184940,transverse,0.0,True,FROZEN_G1_ZERO_MAP_NOT_RECOMPUTED,0,0x0.0p+0,True,False,True,False,True,True,False,1557856a573f901eb204f2c4c818f5249469b231bde4454a260efc7aac899c89,CONSUMED_EVIDENCE_DIAGNOSTIC_ONLY
MS,pressure_gradient_acceleration,322,MSO02A|PRIMARY|F4|a9022453a0f52a46b659fbace95f6f491308c38a397ee2d39f38a67e9ea207e7,122,FOLD_4,F4,MSO02A|FIELD_LINEAGE|8268be7cec0b9c5a4eb497ac38e8418f7c656992a0ff2d13857d85dea7ca362a,41231,185594,longitudinal,0.0,True,FROZEN_G1_ZERO_MAP_NOT_RECOMPUTED,0,0x0.0p+0,True,False,True,False,True,True,False,e9d8d15cb9762858a0530108a56b30fe692c42255c2a9591408e71225d3fcdab,CONSUMED_EVIDENCE_DIAGNOSTIC_ONLY
MS,pressure_gradient_acceleration,353,MSO02A|PRIMARY|F4|19faf3c3640e35bd056eb32f484234cfb138a091585a4453012ed9e91eb63caf,292,FOLD_5,F4,MSO02A|FIELD_LINEAGE|e26d6593c1617ff39509555baa333fe5d5138efbc841890b1dbb85905103b037,45266,203620,transverse,0.0,True,FROZEN_G1_ZERO_MAP_NOT_RECOMPUTED,0,0x0.0p+0,True,False,True,False,True,True,False,5ca2d2860b0ebe58d2a8a41f82a0f9e434e88b8d2cf10739f67e95616866727f,CONSUMED_EVIDENCE_DIAGNOSTIC_ONLY
MS,pressure_gradient_acceleration,361,MSO02A|PRIMARY|F4|cb3c868bfb48cfcbd50939809c0256a959bfc20e6320b58618179de0997e9d23,81,FOLD_1,F4,MSO02A|FIELD_LINEAGE|1a2dcff7254dc1227c107a21e6a270581c668c6b769441a6ba923b276c0065b8,46243,208017,longitudinal,0.0,True,FROZEN_G1_ZERO_MAP_NOT_RECOMPUTED,0,0x0.0p+0,True,False,True,False,True,True,False,54d8ef6ce71278bc844399d60aeff1914979076162fdd5fc2d79324cd194b98d,CONSUMED_EVIDENCE_DIAGNOSTIC_ONLY
MS,pressure_gradient_acceleration,375,MSO02A|PRIMARY|F4|7a667a45d85487143165dd75c32a19f7a81415c5dc5ce2eee86b2640ec274a4c,432,FOLD_5,F4,MSO02A|FIELD_LINEAGE|e26d6593c1617ff39509555baa333fe5d5138efbc841890b1dbb85905103b037,48078,216432,transverse,0.0,True,FROZEN_G1_ZERO_MAP_NOT_RECOMPUTED,0,0x0.0p+0,True,False,True,False,True,True,False,26708d5f06c83701dbaecd02d7144f76414b63e20003bfbcfc784abf1d0ed0ad,CONSUMED_EVIDENCE_DIAGNOSTIC_ONLY
MS,viscosity_laplacian_acceleration,114,MSO02A|PRIMARY|F2|85a6ab6d0c7f38c53971220804ce250f1608c23dff61f611ac2597615d9a3244,351,FOLD_4,F2,MSO02A|FIELD_LINEAGE|5a562a863107efecf761865e7ffe780f0278b7371d3d2b047494c2cd6157c2d4,14661,66015,none,0.0,True,FROZEN_G1_ZERO_MAP_NOT_RECOMPUTED,0,0x0.0p+0,True,False,True,False,True,True,False,e45cb390f018e91cbc13269e1f30d59d474a455bcc7696f966acc3c7c5ac96d7,CONSUMED_EVIDENCE_DIAGNOSTIC_ONLY
MS,viscosity_laplacian_acceleration,270,MSO02A|PRIMARY|F3|921f5356fa7f7c8ebde36cbb88fd3554531eee3d1d61c1f0db247a024869d843,343,FOLD_1,F3,MSO02A|FIELD_LINEAGE|993bc62b7ebb5d53d24d7f8cd45ecb8d4e6820b40610e0720ec01f5aa4d5cfb5,34665,155863,none,0.0,True,FROZEN_G1_ZERO_MAP_NOT_RECOMPUTED,0,0x0.0p+0,True,False,True,False,True,True,False,362fae574361575cd878c65e458f6da672951988d3676736efdac8da3d3cfe64,CONSUMED_EVIDENCE_DIAGNOSTIC_ONLY
SS,density_rate,114,MSO02A|PRIMARY|F2|85a6ab6d0c7f38c53971220804ce250f1608c23dff61f611ac2597615d9a3244,351,FOLD_4,F2,MSO02A|FIELD_LINEAGE|5a562a863107efecf761865e7ffe780f0278b7371d3d2b047494c2cd6157c2d4,14661,66015,none,0.0,True,FROZEN_G1_ZERO_MAP_NOT_RECOMPUTED,0,0x0.0p+0,True,False,True,False,True,True,False,e45cb390f018e91cbc13269e1f30d59d474a455bcc7696f966acc3c7c5ac96d7,CONSUMED_EVIDENCE_DIAGNOSTIC_ONLY
SS,density_rate,270,MSO02A|PRIMARY|F3|921f5356fa7f7c8ebde36cbb88fd3554531eee3d1d61c1f0db247a024869d843,343,FOLD_1,F3,MSO02A|FIELD_LINEAGE|993bc62b7ebb5d53d24d7f8cd45ecb8d4e6820b40610e0720ec01f5aa4d5cfb5,34665,155863,none,0.0,True,FROZEN_G1_ZERO_MAP_NOT_RECOMPUTED,0,0x0.0p+0,True,False,True,False,True,True,False,362fae574361575cd878c65e458f6da672951988d3676736efdac8da3d3cfe64,CONSUMED_EVIDENCE_DIAGNOSTIC_ONLY
SS,pressure_gradient_acceleration,4,MSO02A|PRIMARY|F1|da434f0d773ef411eb143598d9858f232408e6af8e6bdf6b64a1ad5b8b0af0b7,472,FOLD_5,F1,MSO02A|FIELD_LINEAGE|968f559773f48e45efb507d4efff7d4964eb07265f8ec7e7de716508d7dbb1f9,536,2776,longitudinal,0.0,True,FROZEN_G1_ZERO_MAP_NOT_RECOMPUTED,0,0x0.0p+0,True,False,True,False,True,True,False,f0c9110be36ccaaef7c2eb0a1021283315c114cc4276531ad8a60f5ce13068b9,CONSUMED_EVIDENCE_DIAGNOSTIC_ONLY
SS,pressure_gradient_acceleration,7,MSO02A|PRIMARY|F1|99e8d754a6284b9b3350e4a0c663f5d27303ec9be89210deb6e8adbdbfa37f97,573,FOLD_0,F1,MSO02A|FIELD_LINEAGE|2ec99e80467416d668211a75c3db7f915ea1ebfbe6b5bb3d9588f9633bd862dd,974,4605,transverse,0.0,True,FROZEN_G1_ZERO_MAP_NOT_RECOMPUTED,0,0x0.0p+0,True,False,True,False,True,True,False,14c20320c256d05c832773eee0515bde34bf1f4798f6d109c991b5070f6278bb,CONSUMED_EVIDENCE_DIAGNOSTIC_ONLY
SS,pressure_gradient_acceleration,11,MSO02A|PRIMARY|F1|38c8e42822331bf603216acbb41e63d8386c965cb59b00297e2bac576a6b8a9a,138,FOLD_4,F1,MSO02A|FIELD_LINEAGE|c8d86f4b8b81728b74e58015fe977eedcb0b0bc06b2413afe0690a7d93c55bae,1433,6474,transverse,0.0,True,FROZEN_G1_ZERO_MAP_NOT_RECOMPUTED,0,0x0.0p+0,True,False,True,False,True,True,False,2cea72ee48e348bde186206bd13c395f94e0739a67fdc9bc459766cd71a4d0b6,CONSUMED_EVIDENCE_DIAGNOSTIC_ONLY
SS,pressure_gradient_acceleration,13,MSO02A|PRIMARY|F1|744b2148dff9490f7db5e43218ab243a24697f6344421b35cdecbbb613639351,417,FOLD_3,F1,MSO02A|FIELD_LINEAGE|b4fb57cfa4442c0c54e4c7d2db6d70246c8a59b98d984aeed3fbba0497b48d97,1714,7905,longitudinal,0.0,True,FROZEN_G1_ZERO_MAP_NOT_RECOMPUTED,0,0x0.0p+0,True,False,True,False,True,True,False,c5f0103741cad786e25304bdff46f8870f504126c6ff33030b8c6e06c6881e2c,CONSUMED_EVIDENCE_DIAGNOSTIC_ONLY
SS,pressure_gradient_acceleration,19,MSO02A|PRIMARY|F1|76ecca06580ca10c5188b36225517d3b191c410f1bf70deec06e523786877858,187,FOLD_4,F1,MSO02A|FIELD_LINEAGE|733b051462622de52c9302cdaec7eab31df58e018ef9f5c8a794fa3d8b336fdf,2525,11131,transverse,0.0,True,FROZEN_G1_ZERO_MAP_NOT_RECOMPUTED,0,0x0.0p+0,True,False,True,False,True,True,False,0bff6bed53769919ca08e5caa27070897b41c84f078c382c913252761d59328b,CONSUMED_EVIDENCE_DIAGNOSTIC_ONLY
SS,pressure_gradient_acceleration,22,MSO02A|PRIMARY|F1|93ad586fca5e19d3cc4f6e6992ad5c775e00c959894e5374f30e421239908240,37,FOLD_5,F1,MSO02A|FIELD_LINEAGE|092ebc2c2e18864504bed82975734e2af17bfe2d0f1fd396031e4551e8bd9574,2881,12709,longitudinal,0.0,True,FROZEN_G1_ZERO_MAP_NOT_RECOMPUTED,0,0x0.0p+0,True,False,True,False,True,True,False,0c0cd3b420b63dee0c71e2d72289c51320767ba548ecd74b3020560109c60094,CONSUMED_EVIDENCE_DIAGNOSTIC_ONLY
SS,pressure_gradient_acceleration,22,MSO02A|PRIMARY|F1|93ad586fca5e19d3cc4f6e6992ad5c775e00c959894e5374f30e421239908240,572,FOLD_5,F1,MSO02A|FIELD_LINEAGE|092ebc2c2e18864504bed82975734e2af17bfe2d0f1fd396031e4551e8bd9574,2918,13244,longitudinal,0.0,True,FROZEN_G1_ZERO_MAP_NOT_RECOMPUTED,0,0x0.0p+0,True,False,True,False,True,True,False,7ce6217819afe0ed52d2fca3f9d8a0fa1b200dbd578f052d90f9aba04f790de1,CONSUMED_EVIDENCE_DIAGNOSTIC_ONLY
SS,pressure_gradient_acceleration,25,MSO02A|PRIMARY|F1|407754227e7bce46f4d7aeefdf971ee83ef10a63281419a7be8bc1337539d031,216,FOLD_3,F1,MSO02A|FIELD_LINEAGE|8e26bfd3c5e68b6812024dee2802f1e7524f3a477fc85121a7b296b05be37f69,3202,14616,longitudinal,0.0,True,FROZEN_G1_ZERO_MAP_NOT_RECOMPUTED,0,0x0.0p+0,True,False,True,False,True,True,False,8c1c55a325518a5fa7165194cbd6092ee0674211d4ed8e3c06d2f387756c52ad,CONSUMED_EVIDENCE_DIAGNOSTIC_ONLY
SS,pressure_gradient_acceleration,27,MSO02A|PRIMARY|F1|e1a94ece2d1d9388050360681f17a0cde2c2f1cb81e346e78f2cc52d8af40c66,187,FOLD_5,F1,MSO02A|FIELD_LINEAGE|0c2b76a0fb4b4b83be516b44975c97ce115cacf829ffebe677efe580c2da6322,3488,15739,longitudinal,0.0,True,FROZEN_G1_ZERO_MAP_NOT_RECOMPUTED,0,0x0.0p+0,True,False,True,False,True,True,False,bbc4af18f17ef7c0b5bb25b9e963a34ed197f243c1be25917aec4784f55f4dd6,CONSUMED_EVIDENCE_DIAGNOSTIC_ONLY
SS,pressure_gradient_acceleration,42,MSO02A|PRIMARY|F1|ab0bccf64faa1e9e975ec5cee8556cda9d876a60087242c1b3b9e3de2781e654,329,FOLD_3,F1,MSO02A|FIELD_LINEAGE|299dce1ad012ab114953cc06b8df77f116ec1665e8a914cb26f0347707f816e7,5446,24521,longitudinal,0.0,True,FROZEN_G1_ZERO_MAP_NOT_RECOMPUTED,0,0x0.0p+0,True,False,True,False,True,True,False,1c50242047aef5f283c1fe9b82e591c7d9fd89b135eeb6febea744484aa30d63,CONSUMED_EVIDENCE_DIAGNOSTIC_ONLY
SS,pressure_gradient_acceleration,43,MSO02A|PRIMARY|F1|4476747c77a5f8d6364320296f15998114f031d3a1230ccb416265c5ec4bdb46,552,FOLD_4,F1,MSO02A|FIELD_LINEAGE|438ceba9908d3b4629b750f9f53dc467ea1a0dcd7051dd41e40ec045f7ad62f5,5525,25320,longitudinal,0.0,True,FROZEN_G1_ZERO_MAP_NOT_RECOMPUTED,0,0x0.0p+0,True,False,True,False,True,True,False,0aa76435bec3706d88a8d069072668ed78cb22c14b02eca24d1b0fee1a18ad24,CONSUMED_EVIDENCE_DIAGNOSTIC_ONLY
SS,pressure_gradient_acceleration,45,MSO02A|PRIMARY|F1|d2b8fb08e5d831c2e5b64c51f9837bfa7e7b5c5b201acc178fb83d074187d230,330,FOLD_1,F1,MSO02A|FIELD_LINEAGE|394164f3248d40b5960a5d2e2dba011b4b9b156420115a4689768214eb105942,5763,26250,transverse,0.0,True,FROZEN_G1_ZERO_MAP_NOT_RECOMPUTED,0,0x0.0p+0,True,False,True,False,True,True,False,dc7099f4c5dda77b9e862b25887d0a2fad0a4fd6b3ebb75579bec023a6616551,CONSUMED_EVIDENCE_DIAGNOSTIC_ONLY
SS,pressure_gradient_acceleration,47,MSO02A|PRIMARY|F1|586f48582757c7762eff1a57d84a92cd8c2b91ceacf58c75fee67ba32bb0d5b4,410,FOLD_2,F1,MSO02A|FIELD_LINEAGE|d39b8ebeea686d9f327fd9ffc5fc8c607ad25e691c284fe51e314724c39f76ad,6114,27482,transverse,0.0,True,FROZEN_G1_ZERO_MAP_NOT_RECOMPUTED,0,0x0.0p+0,True,False,True,False,True,True,False,cdd66a2bb969ed2156ad28543b9af719eb52e9c821aafb2b6b028f4cce4293c6,CONSUMED_EVIDENCE_DIAGNOSTIC_ONLY
SS,pressure_gradient_acceleration,53,MSO02A|PRIMARY|F1|533c8214fecafaa7b4f8e6c6c1b011f309eb9984f3cf8e82982e67d1ef69d23c,46,FOLD_0,F1,MSO02A|FIELD_LINEAGE|f7965116b8ce96c865c41af5b076aa6e1b83ddd1dda0640013eb55b48f992024,6803,30574,transverse,0.0,True,FROZEN_G1_ZERO_MAP_NOT_RECOMPUTED,0,0x0.0p+0,True,False,True,False,True,True,False,ae1d189a00813b2125984fd40b1764a2c9ad2282551b17966c1e8fe6a918c012,CONSUMED_EVIDENCE_DIAGNOSTIC_ONLY
SS,pressure_gradient_acceleration,54,MSO02A|PRIMARY|F1|b233ad24657724df3c11e6fc52e7e51197b01c456d52b33a61c64467c0e85030,567,FOLD_5,F1,MSO02A|FIELD_LINEAGE|de037af7ace355f1e4a70faf6f49990c3187a239ef945fa11f0451e63082af8d,7017,31671,longitudinal,0.0,True,FROZEN_G1_ZERO_MAP_NOT_RECOMPUTED,0,0x0.0p+0,True,False,True,False,True,True,False,bc3f3143575780e764c927a50b68f643a2370ef3fe520247476a250152f2f8d8,CONSUMED_EVIDENCE_DIAGNOSTIC_ONLY
SS,pressure_gradient_acceleration,58,MSO02A|PRIMARY|F1|d33da1935c7c53fb2c7dc9c2954406679d36caa2d9a3d595989e49d85bb7ced7,492,FOLD_1,F1,MSO02A|FIELD_LINEAGE|d5612b78bd9527bb954823922218ffb967d259d6af400a1bb879dd286e242a61,7431,33900,longitudinal,0.0,True,FROZEN_G1_ZERO_MAP_NOT_RECOMPUTED,0,0x0.0p+0,True,False,True,False,True,True,False,762e6fcf3edccac694a728cdac32559c1f01cae737ac7d1ba8f87fa7a081d931,CONSUMED_EVIDENCE_DIAGNOSTIC_ONLY
SS,pressure_gradient_acceleration,60,MSO02A|PRIMARY|F1|76b32e9177ce6608cf1d6a0da8874ffd2ca442b10a3a0c549d778d5af3b143b0,1,FOLD_0,F1,MSO02A|FIELD_LINEAGE|8b0a96d10cc76bd4bf62aa37af552eb52d18454c5915ae19195fd4ab36927292,7684,34561,longitudinal,0.0,True,FROZEN_G1_ZERO_MAP_NOT_RECOMPUTED,0,0x0.0p+0,True,False,True,False,True,True,False,6475c16658a88ffc6c7b8481d07933f9f2c32960746cb133e2e5010c5ff0a94d,CONSUMED_EVIDENCE_DIAGNOSTIC_ONLY
SS,pressure_gradient_acceleration,65,MSO02A|PRIMARY|F1|830647d225eb7457ee9fce265dfb29deb57812fc9cbfb5d6fabad0e7f5e8dbd1,103,FOLD_5,F1,MSO02A|FIELD_LINEAGE|3cf701b1ea03bd8a1b205f3caa96c5da295823d3fc2dee91b547f4cf20d09376,8429,37543,longitudinal,0.0,True,FROZEN_G1_ZERO_MAP_NOT_RECOMPUTED,0,0x0.0p+0,True,False,True,False,True,True,False,237bfcddbe2faaae0837b7196a9474a1664e378d2cb088fa67fccf721e8bfc40,CONSUMED_EVIDENCE_DIAGNOSTIC_ONLY
SS,pressure_gradient_acceleration,66,MSO02A|PRIMARY|F1|8dc044e544ee558ba05e7006991539832d0f764898a05e3253d528527ae34f49,314,FOLD_1,F1,MSO02A|FIELD_LINEAGE|b8579281a0350e4c8cac1848402ae7d548f836daefca7e2cdcfba6bd78e77da0,8558,38330,longitudinal,0.0,True,FROZEN_G1_ZERO_MAP_NOT_RECOMPUTED,0,0x0.0p+0,True,False,True,False,True,True,False,27e52c74379c5375b3428c129034426a00b955aa4bc38db37f807838d15ce5ed,CONSUMED_EVIDENCE_DIAGNOSTIC_ONLY
SS,pressure_gradient_acceleration,70,MSO02A|PRIMARY|F1|2234b4db877d2ad3bde5a5e84656e2eaf320b4fbc53374a555d15d13478576a7,105,FOLD_3,F1,MSO02A|FIELD_LINEAGE|d1b754a10f028de3beca3fc37ad110f67dda489f36eec1692eda71d47ffcc2dc,9032,40425,transverse,0.0,True,FROZEN_G1_ZERO_MAP_NOT_RECOMPUTED,0,0x0.0p+0,True,False,True,False,True,True,False,508c3837ed49198a7f4d1d40e5bb59d4a32fafb8239cf0fc389a979baae6c6de,CONSUMED_EVIDENCE_DIAGNOSTIC_ONLY
SS,pressure_gradient_acceleration,72,MSO02A|PRIMARY|F1|fbbbb1ed03124a36be1b69dfe633b36217557a554bc155beacb6a4db96d28850,18,FOLD_4,F1,MSO02A|FIELD_LINEAGE|0bbc210557a3130dcc61e84927f7b62ab7cc611801a658d3d4128eac02df0cce,9343,41490,longitudinal,0.0,True,FROZEN_G1_ZERO_MAP_NOT_RECOMPUTED,0,0x0.0p+0,True,False,True,False,True,True,False,cc7c752732138f56d03ccecb76b75d4a9bff2e60360261bf02c0aa4b5e9d9846,CONSUMED_EVIDENCE_DIAGNOSTIC_ONLY
SS,pressure_gradient_acceleration,74,MSO02A|PRIMARY|F1|16c0c55c891262fc743acefc7c595017578cc9d918543e89056c715eced51423,399,FOLD_1,F1,MSO02A|FIELD_LINEAGE|1c57915c5e2f37d04f8c0d2bc033447866df6f76bce4a3581a090147e22c9ba9,9515,43023,transverse,0.0,True,FROZEN_G1_ZERO_MAP_NOT_RECOMPUTED,0,0x0.0p+0,True,False,True,False,True,True,False,2090ad52bac5c9562a10315ab3d6d3a96019c66821da67aebdc749534b890b1f,CONSUMED_EVIDENCE_DIAGNOSTIC_ONLY
SS,pressure_gradient_acceleration,84,MSO02A|PRIMARY|F1|06cf75637c2a3d3f3573ff97b6e359aec491b6279e5c26f01acbc1439755971a,167,FOLD_4,F1,MSO02A|FIELD_LINEAGE|0ec1f462eddbaedb1cb552f0408db1f5b049166a2d000344456f7a726ab18a7b,10812,48551,longitudinal,0.0,True,FROZEN_G1_ZERO_MAP_NOT_RECOMPUTED,0,0x0.0p+0,True,False,True,False,True,True,False,aa6756650980b8300a99e9fe7fe70ef46b80d94c94889f5c8bd9809e7090ae3a,CONSUMED_EVIDENCE_DIAGNOSTIC_ONLY
SS,pressure_gradient_acceleration,84,MSO02A|PRIMARY|F1|06cf75637c2a3d3f3573ff97b6e359aec491b6279e5c26f01acbc1439755971a,320,FOLD_4,F1,MSO02A|FIELD_LINEAGE|0ec1f462eddbaedb1cb552f0408db1f5b049166a2d000344456f7a726ab18a7b,10770,48704,longitudinal,0.0,True,FROZEN_G1_ZERO_MAP_NOT_RECOMPUTED,0,0x0.0p+0,True,False,True,False,True,True,False,a51a46345b735cfd2e04ece975bd4f43b0b3287a4abe71ca5b70799c39622687,CONSUMED_EVIDENCE_DIAGNOSTIC_ONLY
SS,pressure_gradient_acceleration,91,MSO02A|PRIMARY|F1|3a1f7dbfb327db3e8898ef55bca8751c8a0a58970280aaafb42beef817831e7a,170,FOLD_3,F1,MSO02A|FIELD_LINEAGE|3686785662515dda81e66d0878574bc968e913c4b9cb0c0951b20aca3f4f5045,11671,52586,longitudinal,0.0,True,FROZEN_G1_ZERO_MAP_NOT_RECOMPUTED,0,0x0.0p+0,True,False,True,False,True,True,False,66f477326ab715d340fd760d832a697538db38afc37f249c78596d8ad7ef48c4,CONSUMED_EVIDENCE_DIAGNOSTIC_ONLY
SS,pressure_gradient_acceleration,96,MSO02A|PRIMARY|F2|23b417b4ef0160f04098bbc11651e8eaffa50dbbee368e4d7b8363cb6a44d01b,281,FOLD_3,F2,MSO02A|FIELD_LINEAGE|441fdcabb89a108e9ed39ed118e4defcdf9aefaf6ee129fea00cd6ebf899cd64,12359,55577,transverse,0.0,True,FROZEN_G1_ZERO_MAP_NOT_RECOMPUTED,0,0x0.0p+0,True,False,True,False,True,True,False,0c9f7fa0435ae3082ea3bfb55f96e6a94ede93f8cf01c475fef0f1382dd4715f,CONSUMED_EVIDENCE_DIAGNOSTIC_ONLY
SS,pressure_gradient_acceleration,101,MSO02A|PRIMARY|F2|c65ac2c8a1ac9a4215aed727932730ea3949e884466c9efd58935794fc230b2d,96,FOLD_2,F2,MSO02A|FIELD_LINEAGE|289c08435e630594dbdcf8320ef45a7f1c10f9f36c17ee8593a04709e590986c,12949,58272,transverse,0.0,True,FROZEN_G1_ZERO_MAP_NOT_RECOMPUTED,0,0x0.0p+0,True,False,True,False,True,True,False,45f629b10fd0821795b4494125ce76544c08cf0036e29f07d261932f78864da4,CONSUMED_EVIDENCE_DIAGNOSTIC_ONLY
SS,pressure_gradient_acceleration,101,MSO02A|PRIMARY|F2|c65ac2c8a1ac9a4215aed727932730ea3949e884466c9efd58935794fc230b2d,200,FOLD_2,F2,MSO02A|FIELD_LINEAGE|289c08435e630594dbdcf8320ef45a7f1c10f9f36c17ee8593a04709e590986c,13054,58376,transverse,0.0,True,FROZEN_G1_ZERO_MAP_NOT_RECOMPUTED,0,0x0.0p+0,True,False,True,False,True,True,False,aca1e52075618b0c36f59dd57fea1ce8e5e6f5143bf89738b4b3f6a6787a060a,CONSUMED_EVIDENCE_DIAGNOSTIC_ONLY
SS,pressure_gradient_acceleration,101,MSO02A|PRIMARY|F2|c65ac2c8a1ac9a4215aed727932730ea3949e884466c9efd58935794fc230b2d,340,FOLD_2,F2,MSO02A|FIELD_LINEAGE|289c08435e630594dbdcf8320ef45a7f1c10f9f36c17ee8593a04709e590986c,12993,58516,transverse,0.0,True,FROZEN_G1_ZERO_MAP_NOT_RECOMPUTED,0,0x0.0p+0,True,False,True,False,True,True,False,34ae8c41ae4eb4d8f015d776d383d96d84f651abbcfaa3c350851f52caa68296,CONSUMED_EVIDENCE_DIAGNOSTIC_ONLY
SS,pressure_gradient_acceleration,101,MSO02A|PRIMARY|F2|c65ac2c8a1ac9a4215aed727932730ea3949e884466c9efd58935794fc230b2d,416,FOLD_2,F2,MSO02A|FIELD_LINEAGE|289c08435e630594dbdcf8320ef45a7f1c10f9f36c17ee8593a04709e590986c,13050,58592,transverse,0.0,True,FROZEN_G1_ZERO_MAP_NOT_RECOMPUTED,0,0x0.0p+0,True,False,True,False,True,True,False,94c8573d39d30a890ddb325265005e642842826c7f7b99d159989c7f383e792a,CONSUMED_EVIDENCE_DIAGNOSTIC_ONLY
SS,pressure_gradient_acceleration,104,MSO02A|PRIMARY|F2|f3e5062d738d5d466bb4a6b3f9b11603c5b92d3d2b7fa623e07fc6de1c26fa3b,365,FOLD_0,F2,MSO02A|FIELD_LINEAGE|4713f6234ec42318809cfc211ba32e7b0d49e11cd083f7311eb1370274b9a160,13423,60269,transverse,0.0,True,FROZEN_G1_ZERO_MAP_NOT_RECOMPUTED,0,0x0.0p+0,True,False,True,False,True,True,False,322f36618915650b7016328b34d56d170a6292367ed20b09661c175c6c9274ec,CONSUMED_EVIDENCE_DIAGNOSTIC_ONLY
SS,pressure_gradient_acceleration,104,MSO02A|PRIMARY|F2|f3e5062d738d5d466bb4a6b3f9b11603c5b92d3d2b7fa623e07fc6de1c26fa3b,374,FOLD_0,F2,MSO02A|FIELD_LINEAGE|4713f6234ec42318809cfc211ba32e7b0d49e11cd083f7311eb1370274b9a160,13380,60278,transverse,0.0,True,FROZEN_G1_ZERO_MAP_NOT_RECOMPUTED,0,0x0.0p+0,True,False,True,False,True,True,False,806f940efb93e8ca5cb1dceb777d30c8f478bd61bd3680ada85e46e228de119d,CONSUMED_EVIDENCE_DIAGNOSTIC_ONLY
SS,pressure_gradient_acceleration,104,MSO02A|PRIMARY|F2|f3e5062d738d5d466bb4a6b3f9b11603c5b92d3d2b7fa623e07fc6de1c26fa3b,529,FOLD_0,F2,MSO02A|FIELD_LINEAGE|4713f6234ec42318809cfc211ba32e7b0d49e11cd083f7311eb1370274b9a160,13360,60433,transverse,0.0,True,FROZEN_G1_ZERO_MAP_NOT_RECOMPUTED,0,0x0.0p+0,True,False,True,False,True,True,False,bb8ab53934349b2ae4906082e456d3c6fdec5d3e6419f08f772280f8a43f3221,CONSUMED_EVIDENCE_DIAGNOSTIC_ONLY
SS,pressure_gradient_acceleration,112,MSO02A|PRIMARY|F2|117d2eef5039463dc5cabd9160b7fe5a5f4b9b56e3f170c2ea9bf79126435e68,432,FOLD_3,F2,MSO02A|FIELD_LINEAGE|3a04653136addf44b83eb19bbae10b83d0bf55df346dee1ddd1f83f6046a20ec,14403,64944,longitudinal,0.0,True,FROZEN_G1_ZERO_MAP_NOT_RECOMPUTED,0,0x0.0p+0,True,False,True,False,True,True,False,d1bb7581ea2fdea6125a323ba2cce6f63f8e7686a10cd16582d168e07ceaff89,CONSUMED_EVIDENCE_DIAGNOSTIC_ONLY
SS,pressure_gradient_acceleration,116,MSO02A|PRIMARY|F2|61630fd0ed03644305ee5bc91058073d086bcabc4b66ff3674c4610afb84fce9,336,FOLD_0,F2,MSO02A|FIELD_LINEAGE|8160f383e8c444cb83a23e972df23a42ef573947bfd88e1ef09c924453a54b74,14933,67152,longitudinal,0.0,True,FROZEN_G1_ZERO_MAP_NOT_RECOMPUTED,0,0x0.0p+0,True,False,True,False,True,True,False,3e4df4c36fe9a5b3376f6cad5dcac1c8dacbb73bb3f6ced75d0464286a2596d6,CONSUMED_EVIDENCE_DIAGNOSTIC_ONLY
SS,pressure_gradient_acceleration,116,MSO02A|PRIMARY|F2|61630fd0ed03644305ee5bc91058073d086bcabc4b66ff3674c4610afb84fce9,528,FOLD_0,F2,MSO02A|FIELD_LINEAGE|8160f383e8c444cb83a23e972df23a42ef573947bfd88e1ef09c924453a54b74,14943,67344,longitudinal,0.0,True,FROZEN_G1_ZERO_MAP_NOT_RECOMPUTED,0,0x0.0p+0,True,False,True,False,True,True,False,0223aa4aa4d03df236c0dc1bef7df2a9c4a78ec3e37ee5e40ec6a267237d9161,CONSUMED_EVIDENCE_DIAGNOSTIC_ONLY
SS,pressure_gradient_acceleration,117,MSO02A|PRIMARY|F2|9568147e1359a849299aa66092247ee1f1d71ea94530c3551ac6a3ccae98a9f6,116,FOLD_2,F2,MSO02A|FIELD_LINEAGE|e940bc79385d10f3134327cc6ec0a4b160d3faef1ad5a899817dc525d1f158d7,15051,67508,transverse,0.0,True,FROZEN_G1_ZERO_MAP_NOT_RECOMPUTED,0,0x0.0p+0,True,False,True,False,True,True,False,130baea5fd59297dcc46ab5d6392e50dd58c3a11b058c9cff30f5b29b35e0d7e,CONSUMED_EVIDENCE_DIAGNOSTIC_ONLY
SS,pressure_gradient_acceleration,117,MSO02A|PRIMARY|F2|9568147e1359a849299aa66092247ee1f1d71ea94530c3551ac6a3ccae98a9f6,330,FOLD_2,F2,MSO02A|FIELD_LINEAGE|e940bc79385d10f3134327cc6ec0a4b160d3faef1ad5a899817dc525d1f158d7,14996,67722,transverse,0.0,True,FROZEN_G1_ZERO_MAP_NOT_RECOMPUTED,0,0x0.0p+0,True,False,True,False,True,True,False,bfd1658da904552b19e1a043bd2acf0600acd4d1df8b5ab46c9c81bc76c1c6ab,CONSUMED_EVIDENCE_DIAGNOSTIC_ONLY
SS,pressure_gradient_acceleration,118,MSO02A|PRIMARY|F2|0727b97861737a963f49e6ca50934feb905d0f5b3c7a4847d5a281f82647b979,68,FOLD_4,F2,MSO02A|FIELD_LINEAGE|5c254c53bfb8a2acc2b83dc93661e5c0fe4ffd63636b92313f7bd2735db749d9,15202,68036,longitudinal,0.0,True,FROZEN_G1_ZERO_MAP_NOT_RECOMPUTED,0,0x0.0p+0,True,False,True,False,True,True,False,eb555e282b001a3dc8142cfb2d221543106cf7fc3086ab230938298be2690461,CONSUMED_EVIDENCE_DIAGNOSTIC_ONLY
SS,pressure_gradient_acceleration,123,MSO02A|PRIMARY|F2|4a24ff2d92fb3dd1383ded4ea336224f24f35b357fee7d32484e3a804d4a9dae,558,FOLD_5,F2,MSO02A|FIELD_LINEAGE|6e03512d0f21113cf3f110e479ebe32194b2b675241b304dd00f64c9bd89aaaf,15827,71406,transverse,0.0,True,FROZEN_G1_ZERO_MAP_NOT_RECOMPUTED,0,0x0.0p+0,True,False,True,False,True,True,False,648e26a26d95b8d9b09b01314cc5b7c6ab0b59ceedf8222898f1d4d3818497cc,CONSUMED_EVIDENCE_DIAGNOSTIC_ONLY
SS,pressure_gradient_acceleration,125,MSO02A|PRIMARY|F2|1d5277552f629204c03b384bd3859bc2a8471006ee69a541612fdf260e5fcd31,208,FOLD_2,F2,MSO02A|FIELD_LINEAGE|839b4744caca01903d377f834e758369fc902ac9823d72f7d4a5225d98a2473a,16090,72208,longitudinal,0.0,True,FROZEN_G1_ZERO_MAP_NOT_RECOMPUTED,0,0x0.0p+0,True,False,True,False,True,True,False,a51da4dbe010b308e6fbd060d72b013f08fe6657dc4c43214ba36ec25e2ec372,CONSUMED_EVIDENCE_DIAGNOSTIC_ONLY
SS,pressure_gradient_acceleration,125,MSO02A|PRIMARY|F2|1d5277552f629204c03b384bd3859bc2a8471006ee69a541612fdf260e5fcd31,314,FOLD_2,F2,MSO02A|FIELD_LINEAGE|839b4744caca01903d377f834e758369fc902ac9823d72f7d4a5225d98a2473a,16125,72314,longitudinal,0.0,True,FROZEN_G1_ZERO_MAP_NOT_RECOMPUTED,0,0x0.0p+0,True,False,True,False,True,True,False,966605801f94e61a78c6430015b002d45b4128ef9c767d192308c2bc4fd4630a,CONSUMED_EVIDENCE_DIAGNOSTIC_ONLY
SS,pressure_gradient_acceleration,127,MSO02A|PRIMARY|F2|3bbe6e0db3c78d1c8e182a96288d632bf5d6765b7e7f211cc7b22993b81f3f16,226,FOLD_4,F2,MSO02A|FIELD_LINEAGE|a4d2d5816c6ac0d1f4822afb21ec54eb3bd055474946ef0637d312830e525811,16325,73378,longitudinal,0.0,True,FROZEN_G1_ZERO_MAP_NOT_RECOMPUTED,0,0x0.0p+0,True,False,True,False,True,True,False,dee7320fc3a5c19cdf6bf0784715c29a0c3f8c650fb2ae19ea3896ce417b5252,CONSUMED_EVIDENCE_DIAGNOSTIC_ONLY
SS,pressure_gradient_acceleration,127,MSO02A|PRIMARY|F2|3bbe6e0db3c78d1c8e182a96288d632bf5d6765b7e7f211cc7b22993b81f3f16,300,FOLD_4,F2,MSO02A|FIELD_LINEAGE|a4d2d5816c6ac0d1f4822afb21ec54eb3bd055474946ef0637d312830e525811,16259,73452,longitudinal,0.0,True,FROZEN_G1_ZERO_MAP_NOT_RECOMPUTED,0,0x0.0p+0,True,False,True,False,True,True,False,8b4789f74bdd7771839f96411f6d427e052523486208043f22398c1e91b00de7,CONSUMED_EVIDENCE_DIAGNOSTIC_ONLY
SS,pressure_gradient_acceleration,137,MSO02A|PRIMARY|F2|b0ec4e184b53cc6ec0912108c3f7587ba6793e6668ae2aeda1063656a3220510,121,FOLD_3,F2,MSO02A|FIELD_LINEAGE|61dabd2ad5e67008e50dfbf5820c1e938b7d567fd0ec80d9dd7f64ed0cb2d57c,17631,79033,longitudinal,0.0,True,FROZEN_G1_ZERO_MAP_NOT_RECOMPUTED,0,0x0.0p+0,True,False,True,False,True,True,False,94e119d7391ac08aef6d8be89e6a25eb3c0f2a0f39487b702ae3309b8a0e5cf3,CONSUMED_EVIDENCE_DIAGNOSTIC_ONLY
SS,pressure_gradient_acceleration,137,MSO02A|PRIMARY|F2|b0ec4e184b53cc6ec0912108c3f7587ba6793e6668ae2aeda1063656a3220510,253,FOLD_3,F2,MSO02A|FIELD_LINEAGE|61dabd2ad5e67008e50dfbf5820c1e938b7d567fd0ec80d9dd7f64ed0cb2d57c,17636,79165,longitudinal,0.0,True,FROZEN_G1_ZERO_MAP_NOT_RECOMPUTED,0,0x0.0p+0,True,False,True,False,True,True,False,4b316bddb21ff7bac6a599f3935ca67bd2bc975cadeb6ca506e7620f8ea0e0c6,CONSUMED_EVIDENCE_DIAGNOSTIC_ONLY
SS,pressure_gradient_acceleration,140,MSO02A|PRIMARY|F2|a424f7f64ff3b71888a3ac707b7779ecc2cdf618d93e784274557de39c94ff40,102,FOLD_0,F2,MSO02A|FIELD_LINEAGE|e5f7e05cfe11767aad886a62ab15609d814f7c303dd5f9f7a2274e5ace2a065e,17920,80742,transverse,0.0,True,FROZEN_G1_ZERO_MAP_NOT_RECOMPUTED,0,0x0.0p+0,True,False,True,False,True,True,False,1e3df1803ab3b45f117895ce743d90bfe425f53bbb8f178326167a70f02f6cc4,CONSUMED_EVIDENCE_DIAGNOSTIC_ONLY
SS,pressure_gradient_acceleration,142,MSO02A|PRIMARY|F2|f04598221e1f5ca84f9e260e12f035ec2027ecfa6cd1fefbfe84b8c04e1768f0,15,FOLD_1,F2,MSO02A|FIELD_LINEAGE|4b95f900b63247b668f8e53a08566d6192e1a1b218a434e1c3ae19aa733f2458,18214,81807,longitudinal,0.0,True,FROZEN_G1_ZERO_MAP_NOT_RECOMPUTED,0,0x0.0p+0,True,False,True,False,True,True,False,6e2296947a88d0146d74e182dad1fba56b604271589e9cc189c70c22a83e88fc,CONSUMED_EVIDENCE_DIAGNOSTIC_ONLY
SS,pressure_gradient_acceleration,159,MSO02A|PRIMARY|F2|9ef4e9d74589ff304e54cd729188bf8906117b9a07bf6de925d5eb62fff9f3dd,512,FOLD_0,F2,MSO02A|FIELD_LINEAGE|9495d1263e9d5130a4466658e829f566f282f3d7d5a3f021374a9b92a3ed5649,20361,92096,longitudinal,0.0,True,FROZEN_G1_ZERO_MAP_NOT_RECOMPUTED,0,0x0.0p+0,True,False,True,False,True,True,False,4a95a72a1955705d2cbfbab997cb01f447456ea48d200854aa852ed5974e4d60,CONSUMED_EVIDENCE_DIAGNOSTIC_ONLY
SS,pressure_gradient_acceleration,159,MSO02A|PRIMARY|F2|9ef4e9d74589ff304e54cd729188bf8906117b9a07bf6de925d5eb62fff9f3dd,546,FOLD_0,F2,MSO02A|FIELD_LINEAGE|9495d1263e9d5130a4466658e829f566f282f3d7d5a3f021374a9b92a3ed5649,20440,92130,longitudinal,0.0,True,FROZEN_G1_ZERO_MAP_NOT_RECOMPUTED,0,0x0.0p+0,True,False,True,False,True,True,False,ad884e2b1aa39f5a0dcaff3e1cb71a1f78b9ccc4b5de6dbb5773752ba899643a,CONSUMED_EVIDENCE_DIAGNOSTIC_ONLY
SS,pressure_gradient_acceleration,160,MSO02A|PRIMARY|F2|93ebdd205498a053121ba0de56e9c2a7d9450afa758752b62611af74915f00cd,38,FOLD_1,F2,MSO02A|FIELD_LINEAGE|fc4130b5db56c326f74813cc5db0aa89f06259c4a204f610ffd73f806fca3c66,20510,92198,longitudinal,0.0,True,FROZEN_G1_ZERO_MAP_NOT_RECOMPUTED,0,0x0.0p+0,True,False,True,False,True,True,False,136bc4d128b3d06e8525237a070c48d69b90ba64768d0d730f6970c9c3f0244f,CONSUMED_EVIDENCE_DIAGNOSTIC_ONLY
SS,pressure_gradient_acceleration,167,MSO02A|PRIMARY|F2|5a78825e9c6404e38cb84d19612e8adf07a98e64a17e1016f2f0a08532ca0ae0,176,FOLD_2,F2,MSO02A|FIELD_LINEAGE|aea48ac2021e08669dd530f20a700598bd5d299351d9e7027a4882edf62720e6,21429,96368,longitudinal,0.0,True,FROZEN_G1_ZERO_MAP_NOT_RECOMPUTED,0,0x0.0p+0,True,False,True,False,True,True,False,27fa5fd0e62e5fb7b721b0e832ae3b1b34a600f784703d072812b9b4221aeed3,CONSUMED_EVIDENCE_DIAGNOSTIC_ONLY
SS,pressure_gradient_acceleration,169,MSO02A|PRIMARY|F2|fb54ced9414231d2be5f7e3b8d07c8b96b9aca393ea7064c40a6dca0b3b23ed0,182,FOLD_3,F2,MSO02A|FIELD_LINEAGE|441fdcabb89a108e9ed39ed118e4defcdf9aefaf6ee129fea00cd6ebf899cd64,21723,97526,transverse,0.0,True,FROZEN_G1_ZERO_MAP_NOT_RECOMPUTED,0,0x0.0p+0,True,False,True,False,True,True,False,a1a5444a897afa0792c54de3cd3a2e588ce0ba0c461de604cd4d16fd723508f0,CONSUMED_EVIDENCE_DIAGNOSTIC_ONLY
SS,pressure_gradient_acceleration,171,MSO02A|PRIMARY|F2|510e17cf40fc1f4c35b88d1bc795f1025c3eb53d38cead5bafdca4da37495a6d,54,FOLD_2,F2,MSO02A|FIELD_LINEAGE|aea48ac2021e08669dd530f20a700598bd5d299351d9e7027a4882edf62720e6,21913,98550,longitudinal,0.0,True,FROZEN_G1_ZERO_MAP_NOT_RECOMPUTED,0,0x0.0p+0,True,False,True,False,True,True,False,00c72ad24afe3bd84b1ff8fb5499d7d42d2b8b3d13d9133350c1de9b90d7fa37,CONSUMED_EVIDENCE_DIAGNOSTIC_ONLY
SS,pressure_gradient_acceleration,171,MSO02A|PRIMARY|F2|510e17cf40fc1f4c35b88d1bc795f1025c3eb53d38cead5bafdca4da37495a6d,294,FOLD_2,F2,MSO02A|FIELD_LINEAGE|aea48ac2021e08669dd530f20a700598bd5d299351d9e7027a4882edf62720e6,21894,98790,longitudinal,0.0,True,FROZEN_G1_ZERO_MAP_NOT_RECOMPUTED,0,0x0.0p+0,True,False,True,False,True,True,False,21351e375c40906b714f62e91071c8d287c145d33e28bb6a04f1fea00bfd605e,CONSUMED_EVIDENCE_DIAGNOSTIC_ONLY
SS,pressure_gradient_acceleration,172,MSO02A|PRIMARY|F2|3c5a5097f443d9ce335a675d91da6b26fc186e67a558fb3fd602f9643e5fb3e6,302,FOLD_5,F2,MSO02A|FIELD_LINEAGE|6e03512d0f21113cf3f110e479ebe32194b2b675241b304dd00f64c9bd89aaaf,22127,99374,transverse,0.0,True,FROZEN_G1_ZERO_MAP_NOT_RECOMPUTED,0,0x0.0p+0,True,False,True,False,True,True,False,ad961388435b678bb8cce70525dcca4d5961545a6a1cd0ab2ed4d76135d38ce4,CONSUMED_EVIDENCE_DIAGNOSTIC_ONLY
SS,pressure_gradient_acceleration,174,MSO02A|PRIMARY|F2|1a518feef9e3a00761303be277c0db0759536094346f8f3c609ea72acb48fead,37,FOLD_3,F2,MSO02A|FIELD_LINEAGE|758c323ede243a6d23ac09a90d17763242aa7a8b60cc75ba76b1e5e2615bdb90,22310,100261,longitudinal,0.0,True,FROZEN_G1_ZERO_MAP_NOT_RECOMPUTED,0,0x0.0p+0,True,False,True,False,True,True,False,a27d47973349b34fb4b39a5836fa15e8dcf6c43cb3443e079565aec03aa83ff0,CONSUMED_EVIDENCE_DIAGNOSTIC_ONLY
SS,pressure_gradient_acceleration,174,MSO02A|PRIMARY|F2|1a518feef9e3a00761303be277c0db0759536094346f8f3c609ea72acb48fead,146,FOLD_3,F2,MSO02A|FIELD_LINEAGE|758c323ede243a6d23ac09a90d17763242aa7a8b60cc75ba76b1e5e2615bdb90,22291,100370,longitudinal,0.0,True,FROZEN_G1_ZERO_MAP_NOT_RECOMPUTED,0,0x0.0p+0,True,False,True,False,True,True,False,8e601c89eb6352dc4768c616afc47b6d4aab5c5c693f751131abfa9c932b5250,CONSUMED_EVIDENCE_DIAGNOSTIC_ONLY
SS,pressure_gradient_acceleration,174,MSO02A|PRIMARY|F2|1a518feef9e3a00761303be277c0db0759536094346f8f3c609ea72acb48fead,474,FOLD_3,F2,MSO02A|FIELD_LINEAGE|758c323ede243a6d23ac09a90d17763242aa7a8b60cc75ba76b1e5e2615bdb90,22317,100698,longitudinal,0.0,True,FROZEN_G1_ZERO_MAP_NOT_RECOMPUTED,0,0x0.0p+0,True,False,True,False,True,True,False,2f47ae98ddf6572918fce461773970851a34c1f4d6a818bdaafde05c7a5c5adb,CONSUMED_EVIDENCE_DIAGNOSTIC_ONLY
SS,pressure_gradient_acceleration,176,MSO02A|PRIMARY|F2|3794f66286af93ff154378c138146f560f356aafada13087e75783bb506d745e,1,FOLD_2,F2,MSO02A|FIELD_LINEAGE|c9effaf9f8d99dafb4339357104e580526691236671870d679eac7675878cb14,22535,101377,transverse,0.0,True,FROZEN_G1_ZERO_MAP_NOT_RECOMPUTED,0,0x0.0p+0,True,False,True,False,True,True,False,7242876277328f8ccca370a7d651482a9e40468164cacf117808d11d027c1d20,CONSUMED_EVIDENCE_DIAGNOSTIC_ONLY
SS,pressure_gradient_acceleration,176,MSO02A|PRIMARY|F2|3794f66286af93ff154378c138146f560f356aafada13087e75783bb506d745e,401,FOLD_2,F2,MSO02A|FIELD_LINEAGE|c9effaf9f8d99dafb4339357104e580526691236671870d679eac7675878cb14,22632,101777,transverse,0.0,True,FROZEN_G1_ZERO_MAP_NOT_RECOMPUTED,0,0x0.0p+0,True,False,True,False,True,True,False,1cc4030ae613b031411517b956a8bbf0dee47c768ac3c80f61fc10fb42d35e10,CONSUMED_EVIDENCE_DIAGNOSTIC_ONLY
SS,pressure_gradient_acceleration,177,MSO02A|PRIMARY|F2|5fce35b38b7a48865d0b4b51f53caaaf072b2c40f657284a3558f275bcdb6b32,320,FOLD_2,F2,MSO02A|FIELD_LINEAGE|e940bc79385d10f3134327cc6ec0a4b160d3faef1ad5a899817dc525d1f158d7,22695,102272,transverse,0.0,True,FROZEN_G1_ZERO_MAP_NOT_RECOMPUTED,0,0x0.0p+0,True,False,True,False,True,True,False,ba5b3050ac13eca5b849c9bc3ef9d0e7504e7c12e044971a3422d3af4d2209a9,CONSUMED_EVIDENCE_DIAGNOSTIC_ONLY
SS,pressure_gradient_acceleration,177,MSO02A|PRIMARY|F2|5fce35b38b7a48865d0b4b51f53caaaf072b2c40f657284a3558f275bcdb6b32,530,FOLD_2,F2,MSO02A|FIELD_LINEAGE|e940bc79385d10f3134327cc6ec0a4b160d3faef1ad5a899817dc525d1f158d7,22769,102482,transverse,0.0,True,FROZEN_G1_ZERO_MAP_NOT_RECOMPUTED,0,0x0.0p+0,True,False,True,False,True,True,False,059cc3ff273d6c254fcfaa2e4847d500c67e0c076d3a634bdeca953a09a7291a,CONSUMED_EVIDENCE_DIAGNOSTIC_ONLY
SS,pressure_gradient_acceleration,178,MSO02A|PRIMARY|F2|1cedb6086eb661871852ea69bb3cc212bfc9eadbf15e83745181af24d3ab06c0,487,FOLD_0,F2,MSO02A|FIELD_LINEAGE|d59b20ce14c529e1c742efbde5e16cfefa569f004037852725f03cec3a25b143,22908,103015,longitudinal,0.0,True,FROZEN_G1_ZERO_MAP_NOT_RECOMPUTED,0,0x0.0p+0,True,False,True,False,True,True,False,7afcc55454a9f45b7f2e1ed352a9b72db4ef0cc2b5220c389def8b7cea64bf67,CONSUMED_EVIDENCE_DIAGNOSTIC_ONLY
SS,pressure_gradient_acceleration,179,MSO02A|PRIMARY|F2|8d4b8cc44b6fd2ec078d52f01bce3cbd31f428fdcda3e4068c852d3234743465,37,FOLD_0,F2,MSO02A|FIELD_LINEAGE|9af87a6bce0c31f7a6beb8676561bba9ef47e3d5c41221318df8b6ce5060314b,22958,103141,transverse,0.0,True,FROZEN_G1_ZERO_MAP_NOT_RECOMPUTED,0,0x0.0p+0,True,False,True,False,True,True,False,cd73f01a10d98552d2de659966b64ba0e6f05ed80f46fc4609dd59a482eac5a9,CONSUMED_EVIDENCE_DIAGNOSTIC_ONLY
SS,pressure_gradient_acceleration,179,MSO02A|PRIMARY|F2|8d4b8cc44b6fd2ec078d52f01bce3cbd31f428fdcda3e4068c852d3234743465,364,FOLD_0,F2,MSO02A|FIELD_LINEAGE|9af87a6bce0c31f7a6beb8676561bba9ef47e3d5c41221318df8b6ce5060314b,23012,103468,transverse,0.0,True,FROZEN_G1_ZERO_MAP_NOT_RECOMPUTED,0,0x0.0p+0,True,False,True,False,True,True,False,89c6cc1b97e78a0d7ea66033f6d89ae47d48b03378cc85074d318841b69fc389,CONSUMED_EVIDENCE_DIAGNOSTIC_ONLY
SS,pressure_gradient_acceleration,181,MSO02A|PRIMARY|F2|183dd768e7b6e8bc606f638fdc269677edf449e79ff4397d174304f458f9a5f3,388,FOLD_1,F2,MSO02A|FIELD_LINEAGE|f685242319f2e54992ef7598debd184a649e9b2e72bd6afed05f5d9f54abd161,23211,104644,longitudinal,0.0,True,FROZEN_G1_ZERO_MAP_NOT_RECOMPUTED,0,0x0.0p+0,True,False,True,False,True,True,False,22d48d14cd40d73cba6a22d78a8408042bea52ae186c838541b2680d19a6a136,CONSUMED_EVIDENCE_DIAGNOSTIC_ONLY
SS,pressure_gradient_acceleration,182,MSO02A|PRIMARY|F2|2a6420738cc1cdb92b88ec771e30cd7099073224575a842943bc0d588ff721ef,327,FOLD_0,F2,MSO02A|FIELD_LINEAGE|8160f383e8c444cb83a23e972df23a42ef573947bfd88e1ef09c924453a54b74,23414,105159,longitudinal,0.0,True,FROZEN_G1_ZERO_MAP_NOT_RECOMPUTED,0,0x0.0p+0,True,False,True,False,True,True,False,cf47e27afe00e956b5ce09e37d84866b3b549a7ef846d9ce680dc3812f286f74,CONSUMED_EVIDENCE_DIAGNOSTIC_ONLY
SS,pressure_gradient_acceleration,182,MSO02A|PRIMARY|F2|2a6420738cc1cdb92b88ec771e30cd7099073224575a842943bc0d588ff721ef,405,FOLD_0,F2,MSO02A|FIELD_LINEAGE|8160f383e8c444cb83a23e972df23a42ef573947bfd88e1ef09c924453a54b74,23310,105237,longitudinal,0.0,True,FROZEN_G1_ZERO_MAP_NOT_RECOMPUTED,0,0x0.0p+0,True,False,True,False,True,True,False,e6e740e68212803e6041b61d6a4ce14fe085fe90b186b1be47ce41e92ca3fcfd,CONSUMED_EVIDENCE_DIAGNOSTIC_ONLY
SS,pressure_gradient_acceleration,184,MSO02A|PRIMARY|F2|b2582bbaa68fc837d19284375ad1fd87badf6dc034da1f204a7517a5e98c2fe6,441,FOLD_3,F2,MSO02A|FIELD_LINEAGE|441fdcabb89a108e9ed39ed118e4defcdf9aefaf6ee129fea00cd6ebf899cd64,23552,106425,transverse,0.0,True,FROZEN_G1_ZERO_MAP_NOT_RECOMPUTED,0,0x0.0p+0,True,False,True,False,True,True,False,8a1e7eb499a641488f7462090db578f8da6efcab8de5013293034ff632908432,CONSUMED_EVIDENCE_DIAGNOSTIC_ONLY
SS,pressure_gradient_acceleration,194,MSO02A|PRIMARY|F3|fc794f72a83ac8c3a9d92aac50c9111cabb7ee10d557eeed07de9a0bb1d6b563,396,FOLD_3,F3,MSO02A|FIELD_LINEAGE|8f96460f5e25434ea38efc75b2a38eba48ed159ccc71195a9890899219539f9a,24866,112140,longitudinal,0.0,True,FROZEN_G1_ZERO_MAP_NOT_RECOMPUTED,0,0x0.0p+0,True,False,True,False,True,True,False,17605d63f7540cd200d9b60b89c9f63ef13709335a37493b94ca4ce079ed3d0c,CONSUMED_EVIDENCE_DIAGNOSTIC_ONLY
SS,pressure_gradient_acceleration,199,MSO02A|PRIMARY|F3|73539c8a9ff40a72e80f9cf01f506d480e475206ab97f6f1783855fa55093cb9,123,FOLD_2,F3,MSO02A|FIELD_LINEAGE|02af8fc8fdaaf157851a8e83e4ddea5dc9b0a3eccaf84d81548cde087cb7e597,25547,114747,longitudinal,0.0,True,FROZEN_G1_ZERO_MAP_NOT_RECOMPUTED,0,0x0.0p+0,True,False,True,False,True,True,False,dca215713eeb59391c6eb553fad3ac6fba3ff6746af4464f7c7cbe567e2934c0,CONSUMED_EVIDENCE_DIAGNOSTIC_ONLY
SS,pressure_gradient_acceleration,199,MSO02A|PRIMARY|F3|73539c8a9ff40a72e80f9cf01f506d480e475206ab97f6f1783855fa55093cb9,260,FOLD_2,F3,MSO02A|FIELD_LINEAGE|02af8fc8fdaaf157851a8e83e4ddea5dc9b0a3eccaf84d81548cde087cb7e597,25502,114884,longitudinal,0.0,True,FROZEN_G1_ZERO_MAP_NOT_RECOMPUTED,0,0x0.0p+0,True,False,True,False,True,True,False,59cc9f94a97fe11b45b3c924e7435e8495870cf93434d252d8f0f106c5139086,CONSUMED_EVIDENCE_DIAGNOSTIC_ONLY
SS,pressure_gradient_acceleration,199,MSO02A|PRIMARY|F3|73539c8a9ff40a72e80f9cf01f506d480e475206ab97f6f1783855fa55093cb9,444,FOLD_2,F3,MSO02A|FIELD_LINEAGE|02af8fc8fdaaf157851a8e83e4ddea5dc9b0a3eccaf84d81548cde087cb7e597,25544,115068,longitudinal,0.0,True,FROZEN_G1_ZERO_MAP_NOT_RECOMPUTED,0,0x0.0p+0,True,False,True,False,True,True,False,620b68861fa65f89a11cd35783bb8e58c0b5cf2eb66d373359cafe882110c0d5,CONSUMED_EVIDENCE_DIAGNOSTIC_ONLY
SS,pressure_gradient_acceleration,205,MSO02A|PRIMARY|F3|2b3a1823c2926b39c82ef85835861b50dc69c29baf20782f20a71a5926c070a0,521,FOLD_3,F3,MSO02A|FIELD_LINEAGE|b35b0ee92e60d2293a02130a1c62949b0f9bdf13eb8e2c07bd9ba6f2a286f270,26351,118601,transverse,0.0,True,FROZEN_G1_ZERO_MAP_NOT_RECOMPUTED,0,0x0.0p+0,True,False,True,False,True,True,False,fd62868dadb23b94331a946daf4ae7607fe952762c74fe793a8ebcb0094f0d34,CONSUMED_EVIDENCE_DIAGNOSTIC_ONLY
SS,pressure_gradient_acceleration,208,MSO02A|PRIMARY|F3|d8596c9e1cd2fb9cc46ee50795c303fe11ef4d934584df6d7e080e174abc3dda,479,FOLD_0,F3,MSO02A|FIELD_LINEAGE|702c93f91cbdb9e9af0e635689c43fc92a780ebb993ff1283e521f24e8df3258,26661,120287,longitudinal,0.0,True,FROZEN_G1_ZERO_MAP_NOT_RECOMPUTED,0,0x0.0p+0,True,False,True,False,True,True,False,528e098a45768256eaab7c0f3c5670a02af07e85a701c46775a1bf665b5024b5,CONSUMED_EVIDENCE_DIAGNOSTIC_ONLY
SS,pressure_gradient_acceleration,212,MSO02A|PRIMARY|F3|843ed1586d40631e040edc0d5389bb69a0d5ba81d44120d3560e265753aefa56,239,FOLD_0,F3,MSO02A|FIELD_LINEAGE|3f2c911ab74caa9cd763455022a5dadcd172a741b51ffd58f661e3845ae397d7,27221,122351,transverse,0.0,True,FROZEN_G1_ZERO_MAP_NOT_RECOMPUTED,0,0x0.0p+0,True,False,True,False,True,True,False,60d7b53d3aca7849e75c4e33d1c1bf457d3f20d99c973dd9c60cb1dc282b2f46,CONSUMED_EVIDENCE_DIAGNOSTIC_ONLY
SS,pressure_gradient_acceleration,212,MSO02A|PRIMARY|F3|843ed1586d40631e040edc0d5389bb69a0d5ba81d44120d3560e265753aefa56,240,FOLD_0,F3,MSO02A|FIELD_LINEAGE|3f2c911ab74caa9cd763455022a5dadcd172a741b51ffd58f661e3845ae397d7,27213,122352,transverse,0.0,True,FROZEN_G1_ZERO_MAP_NOT_RECOMPUTED,0,0x0.0p+0,True,False,True,False,True,True,False,0a4aa8ffc2bd02a4405a8117f2efef41cd031247890ac4e242c703c03864f2bc,CONSUMED_EVIDENCE_DIAGNOSTIC_ONLY
SS,pressure_gradient_acceleration,215,MSO02A|PRIMARY|F3|87ff8d9537a5c8dcf4aef4d012b8341720179c5a72fdb9ecbf07a986dc3b0ce7,547,FOLD_4,F3,MSO02A|FIELD_LINEAGE|f54c335afb806ae736e5fe3ed4af998d5e8597634a29a7a4edd365110b7b7eda,27611,124387,transverse,0.0,True,FROZEN_G1_ZERO_MAP_NOT_RECOMPUTED,0,0x0.0p+0,True,False,True,False,True,True,False,6a4b4b85f9138fd2c9148d3dad408bd4bc8bc461cb4452a50a975a6e26e3b512,CONSUMED_EVIDENCE_DIAGNOSTIC_ONLY
SS,pressure_gradient_acceleration,219,MSO02A|PRIMARY|F3|02bd68b55b3e7b7e042382c76a10df76172b6b77d1e008e15765158192e07575,0,FOLD_0,F3,MSO02A|FIELD_LINEAGE|d4edd26f49c53218f347abf6aa7289191eb85e7cf1a37afa1cc74ac05bc47943,28086,126144,longitudinal,0.0,True,FROZEN_G1_ZERO_MAP_NOT_RECOMPUTED,0,0x0.0p+0,True,False,True,False,True,True,False,558fd0003a4cd0e5538942a52befe3a3664bc529b3d32d9250bdbf87179b47c7,CONSUMED_EVIDENCE_DIAGNOSTIC_ONLY
SS,pressure_gradient_acceleration,219,MSO02A|PRIMARY|F3|02bd68b55b3e7b7e042382c76a10df76172b6b77d1e008e15765158192e07575,185,FOLD_0,F3,MSO02A|FIELD_LINEAGE|d4edd26f49c53218f347abf6aa7289191eb85e7cf1a37afa1cc74ac05bc47943,28159,126329,longitudinal,0.0,True,FROZEN_G1_ZERO_MAP_NOT_RECOMPUTED,0,0x0.0p+0,True,False,True,False,True,True,False,48f33b83bf600d4c3d498ce3fe5b5b5117f9a0dbde7ea062c65de26feac709b0,CONSUMED_EVIDENCE_DIAGNOSTIC_ONLY
SS,pressure_gradient_acceleration,220,MSO02A|PRIMARY|F3|0e9cb6133c8953965896c5500917ba18def5860817d74de8ffa9e34330afed92,147,FOLD_0,F3,MSO02A|FIELD_LINEAGE|2c4bc5ef7d44dee05e737c7db40e5925e97ab35fda821bed967bad9332a3aadf,28237,126867,transverse,0.0,True,FROZEN_G1_ZERO_MAP_NOT_RECOMPUTED,0,0x0.0p+0,True,False,True,False,True,True,False,6f59f5e491ef932811bc124dd79a762d3f9d6578ddaf79492df1e96bfc17d911,CONSUMED_EVIDENCE_DIAGNOSTIC_ONLY
SS,pressure_gradient_acceleration,226,MSO02A|PRIMARY|F3|54f5b4fcd08c841cb110fcfacbc44e47b95f6d84a1d5c444ee6318c82c15f502,97,FOLD_2,F3,MSO02A|FIELD_LINEAGE|cbed4358f17d41feb1bad8e60142ab2d377e7c9b6d8c4d778086a9debd05b89f,29050,130273,longitudinal,0.0,True,FROZEN_G1_ZERO_MAP_NOT_RECOMPUTED,0,0x0.0p+0,True,False,True,False,True,True,False,490fcd3e7e9c287fa42b56ea349bde2afffb3fd57af563880ca1d922bc355374,CONSUMED_EVIDENCE_DIAGNOSTIC_ONLY
SS,pressure_gradient_acceleration,226,MSO02A|PRIMARY|F3|54f5b4fcd08c841cb110fcfacbc44e47b95f6d84a1d5c444ee6318c82c15f502,123,FOLD_2,F3,MSO02A|FIELD_LINEAGE|cbed4358f17d41feb1bad8e60142ab2d377e7c9b6d8c4d778086a9debd05b89f,28955,130299,longitudinal,0.0,True,FROZEN_G1_ZERO_MAP_NOT_RECOMPUTED,0,0x0.0p+0,True,False,True,False,True,True,False,872b0f64fffcb013662c756b007b111cf13b548d16f99e7adcf83648f44eed4d,CONSUMED_EVIDENCE_DIAGNOSTIC_ONLY
SS,pressure_gradient_acceleration,233,MSO02A|PRIMARY|F3|30782502fa80aac72bdd585bcf321a5759096eae52597aba3a40a4df13e5169a,374,FOLD_0,F3,MSO02A|FIELD_LINEAGE|fb6b3eba8a0f816d7f994994c2fb32830f5e9295057544c7ebab947e5235f686,29895,134582,longitudinal,0.0,True,FROZEN_G1_ZERO_MAP_NOT_RECOMPUTED,0,0x0.0p+0,True,False,True,False,True,True,False,60842aa0b13a9e2772f948cbfccf187e661cfe1b4ad9c768e7fbacf429a864fc,CONSUMED_EVIDENCE_DIAGNOSTIC_ONLY
SS,pressure_gradient_acceleration,234,MSO02A|PRIMARY|F3|5a43974f157e5fc079cbe515a8e427422b1e98d45dc654fd13d565a18a71cfc2,168,FOLD_0,F3,MSO02A|FIELD_LINEAGE|551a5ca37accf88c657cbddfe873289908e5daa78bc9beaa097e23202f1284d0,30076,134952,longitudinal,0.0,True,FROZEN_G1_ZERO_MAP_NOT_RECOMPUTED,0,0x0.0p+0,True,False,True,False,True,True,False,e445a8ff897a0d64308012631ad5cd28500f94764103f45c283e5067987896b2,CONSUMED_EVIDENCE_DIAGNOSTIC_ONLY
SS,pressure_gradient_acceleration,234,MSO02A|PRIMARY|F3|5a43974f157e5fc079cbe515a8e427422b1e98d45dc654fd13d565a18a71cfc2,418,FOLD_0,F3,MSO02A|FIELD_LINEAGE|551a5ca37accf88c657cbddfe873289908e5daa78bc9beaa097e23202f1284d0,30060,135202,longitudinal,0.0,True,FROZEN_G1_ZERO_MAP_NOT_RECOMPUTED,0,0x0.0p+0,True,False,True,False,True,True,False,c82e292222cd3ca704cae4fd9339ab0f42c4f43974363dd14a979460535a94dd,CONSUMED_EVIDENCE_DIAGNOSTIC_ONLY
SS,pressure_gradient_acceleration,236,MSO02A|PRIMARY|F3|f144879d731ea35889042b612a2cd2c06e7ff554567284e08eba6a6a62a9e1a1,466,FOLD_2,F3,MSO02A|FIELD_LINEAGE|4df74a0c30e223d806e6d4c98c885153e328b50794fb6c5b90852785bfe8e447,30235,136402,longitudinal,0.0,True,FROZEN_G1_ZERO_MAP_NOT_RECOMPUTED,0,0x0.0p+0,True,False,True,False,True,True,False,b99ed86ded44c0950a563db778333401bcd98593199deb9bfa13c6a287df9666,CONSUMED_EVIDENCE_DIAGNOSTIC_ONLY
SS,pressure_gradient_acceleration,238,MSO02A|PRIMARY|F3|0a1bbb860db7f683c65213b8f5eef231ccd700c30b5ce761c9a276436d57cc46,251,FOLD_3,F3,MSO02A|FIELD_LINEAGE|115110a21fa31bc05a325ab6eb409b0df3fcba9a4cc783389c2dc4998ea93dfc,30514,137339,longitudinal,0.0,True,FROZEN_G1_ZERO_MAP_NOT_RECOMPUTED,0,0x0.0p+0,True,False,True,False,True,True,False,9c95a46cddb8dc0eeb3417b970095fecee4e5c2395005e971839ef57f96e0206,CONSUMED_EVIDENCE_DIAGNOSTIC_ONLY
SS,pressure_gradient_acceleration,239,MSO02A|PRIMARY|F3|7ea03cb410ca5c10ac8f7c44d9a5463c116d2a9dd7ec668ffad122dfb848da4a,61,FOLD_2,F3,MSO02A|FIELD_LINEAGE|0563e938ae80d9319536bd0100a6bef2817d7567f87e87a2bbf4763b2b1e98b4,30621,137725,transverse,0.0,True,FROZEN_G1_ZERO_MAP_NOT_RECOMPUTED,0,0x0.0p+0,True,False,True,False,True,True,False,8f8935129891822298327d38a68a574e3f109af123ef2f5aaa6242e9e2febd55,CONSUMED_EVIDENCE_DIAGNOSTIC_ONLY
SS,pressure_gradient_acceleration,251,MSO02A|PRIMARY|F3|5afb4db75f2d663c2f06b3d7adc9cd014ff10d0febbbdcdd3e6544219f727191,465,FOLD_0,F3,MSO02A|FIELD_LINEAGE|f9aa80ea63f7f7e85ed33aa94e71f1e2a3525be72e4a2f1b35b168eb813dc129,32203,145041,transverse,0.0,True,FROZEN_G1_ZERO_MAP_NOT_RECOMPUTED,0,0x0.0p+0,True,False,True,False,True,True,False,3e320fc1c05a91f99d537a6500bd16198f7e14185257e210115ac56fef2584f5,CONSUMED_EVIDENCE_DIAGNOSTIC_ONLY
SS,pressure_gradient_acceleration,251,MSO02A|PRIMARY|F3|5afb4db75f2d663c2f06b3d7adc9cd014ff10d0febbbdcdd3e6544219f727191,497,FOLD_0,F3,MSO02A|FIELD_LINEAGE|f9aa80ea63f7f7e85ed33aa94e71f1e2a3525be72e4a2f1b35b168eb813dc129,32156,145073,transverse,0.0,True,FROZEN_G1_ZERO_MAP_NOT_RECOMPUTED,0,0x0.0p+0,True,False,True,False,True,True,False,ee56ed04f70b7f537ae2e502179193b7c7004346ac91d729fcc0b290b290e87b,CONSUMED_EVIDENCE_DIAGNOSTIC_ONLY
SS,pressure_gradient_acceleration,256,MSO02A|PRIMARY|F3|23dfd592f9eb36ec4810bdf517cbaa2358a54af92d8af604b3289173b34efb5c,359,FOLD_2,F3,MSO02A|FIELD_LINEAGE|0563e938ae80d9319536bd0100a6bef2817d7567f87e87a2bbf4763b2b1e98b4,32854,147815,transverse,0.0,True,FROZEN_G1_ZERO_MAP_NOT_RECOMPUTED,0,0x0.0p+0,True,False,True,False,True,True,False,faa26f04b8f96ec67221e43918d11c91452518035e71668e060e41c817e107a7,CONSUMED_EVIDENCE_DIAGNOSTIC_ONLY
SS,pressure_gradient_acceleration,258,MSO02A|PRIMARY|F3|9a5d7bb87cc15c67e673ca094607b9947e8d8d84c76c66405f78f79695edbec8,154,FOLD_3,F3,MSO02A|FIELD_LINEAGE|1ed9e2549605f4b34a5a47abfede48866f7d8cc3461b2bef24f5af4995179799,33147,148762,transverse,0.0,True,FROZEN_G1_ZERO_MAP_NOT_RECOMPUTED,0,0x0.0p+0,True,False,True,False,True,True,False,98eb584ff70978c46a850ad5450c48c9784f60b886c44181469311033012eba2,CONSUMED_EVIDENCE_DIAGNOSTIC_ONLY
SS,pressure_gradient_acceleration,258,MSO02A|PRIMARY|F3|9a5d7bb87cc15c67e673ca094607b9947e8d8d84c76c66405f78f79695edbec8,478,FOLD_3,F3,MSO02A|FIELD_LINEAGE|1ed9e2549605f4b34a5a47abfede48866f7d8cc3461b2bef24f5af4995179799,33024,149086,transverse,0.0,True,FROZEN_G1_ZERO_MAP_NOT_RECOMPUTED,0,0x0.0p+0,True,False,True,False,True,True,False,09aa8ff3c56a101d31515df745ebfeaff11e315d38eb389377fcacbcd68cdb75,CONSUMED_EVIDENCE_DIAGNOSTIC_ONLY
SS,pressure_gradient_acceleration,259,MSO02A|PRIMARY|F3|c51e9877eba6b00d7882d83ec5e69bcf60de0cf1a0215870998af75a96faba55,547,FOLD_1,F3,MSO02A|FIELD_LINEAGE|ff529ebc1c7706a59e72cfaba460f9d7e3c654384d42bb068f28c000c3e03237,33160,149731,transverse,0.0,True,FROZEN_G1_ZERO_MAP_NOT_RECOMPUTED,0,0x0.0p+0,True,False,True,False,True,True,False,117415a7ff21e14b0270e7567b551ca39a0c6db1de89c34d27f61a3fd89cad73,CONSUMED_EVIDENCE_DIAGNOSTIC_ONLY
SS,pressure_gradient_acceleration,260,MSO02A|PRIMARY|F3|927289861271d6668c7dec274004e690f6e8e2a07ffa42513faecfa9f0a743c7,491,FOLD_1,F3,MSO02A|FIELD_LINEAGE|52e563007df892f6b76bbc75c21aeb276c7e4d0b2807ed33565e9f86e05d59f1,33318,150251,transverse,0.0,True,FROZEN_G1_ZERO_MAP_NOT_RECOMPUTED,0,0x0.0p+0,True,False,True,False,True,True,False,36f45a2afb76f9bbeee0e3d80580e230521d5bedf6bcb2cebb23b55b2ee702e9,CONSUMED_EVIDENCE_DIAGNOSTIC_ONLY
SS,pressure_gradient_acceleration,261,MSO02A|PRIMARY|F3|b50311a4cab3fd48b129084f558b15b673de4abca596b18bafabab064e1cb54e,473,FOLD_0,F3,MSO02A|FIELD_LINEAGE|c14cf6f5e6f346d741eba1f3c8cc43d188d8befaa6e53e2943eb146e864afdc5,33470,150809,transverse,0.0,True,FROZEN_G1_ZERO_MAP_NOT_RECOMPUTED,0,0x0.0p+0,True,False,True,False,True,True,False,97f99b4243d4184ed56eab506f5e8b52d39ec2f33c739fcdfc65fd898d177392,CONSUMED_EVIDENCE_DIAGNOSTIC_ONLY
SS,pressure_gradient_acceleration,263,MSO02A|PRIMARY|F3|e67f169a2b46186951c3fa3ea826fe0ad67f8860d439f25ecd202da8333a9da5,233,FOLD_3,F3,MSO02A|FIELD_LINEAGE|afab834ae407419434c4ec31b93da19ebdf2b45dc27fa764d1f61c3f2e9cce3b,33709,151721,transverse,0.0,True,FROZEN_G1_ZERO_MAP_NOT_RECOMPUTED,0,0x0.0p+0,True,False,True,False,True,True,False,a05b423b6d6b657d7cc116eaf17ec9ab9d73d95977d929319ced9e64e9eb5956,CONSUMED_EVIDENCE_DIAGNOSTIC_ONLY
SS,pressure_gradient_acceleration,266,MSO02A|PRIMARY|F3|6c4f07c9b6f53f335aa1bccf080847d101ebc9ac7ab22b9923ce9c8810bc52c1,372,FOLD_0,F3,MSO02A|FIELD_LINEAGE|3f2c911ab74caa9cd763455022a5dadcd172a741b51ffd58f661e3845ae397d7,34109,153588,transverse,0.0,True,FROZEN_G1_ZERO_MAP_NOT_RECOMPUTED,0,0x0.0p+0,True,False,True,False,True,True,False,0a901354208b9debf2818219bc37e492ceaf307e7ed63b7c9b9b8898f91683d6,CONSUMED_EVIDENCE_DIAGNOSTIC_ONLY
SS,pressure_gradient_acceleration,266,MSO02A|PRIMARY|F3|6c4f07c9b6f53f335aa1bccf080847d101ebc9ac7ab22b9923ce9c8810bc52c1,500,FOLD_0,F3,MSO02A|FIELD_LINEAGE|3f2c911ab74caa9cd763455022a5dadcd172a741b51ffd58f661e3845ae397d7,34051,153716,transverse,0.0,True,FROZEN_G1_ZERO_MAP_NOT_RECOMPUTED,0,0x0.0p+0,True,False,True,False,True,True,False,5afa987aebc1176215f437456e9c92296a126daaec123968e5091bf29ef13626,CONSUMED_EVIDENCE_DIAGNOSTIC_ONLY
SS,pressure_gradient_acceleration,268,MSO02A|PRIMARY|F3|674321829630c546a492eee81d5fe3174b59fb04d23fb6d20892ab80d6b90b91,339,FOLD_4,F3,MSO02A|FIELD_LINEAGE|eb3ba3026d42bf4e89220abf1f56c78ada310a71ca6d5e4e7954496f156bd9f4,34370,154707,transverse,0.0,True,FROZEN_G1_ZERO_MAP_NOT_RECOMPUTED,0,0x0.0p+0,True,False,True,False,True,True,False,c16ca4e416f81f973e818a83a17cfb6e5dd78b80d390536579cefaf685059021,CONSUMED_EVIDENCE_DIAGNOSTIC_ONLY
SS,pressure_gradient_acceleration,273,MSO02A|PRIMARY|F3|ffc66a465f5e7477338d0ec91a9ca398d9f97a8f1d185375d350f1da37c8b0e5,469,FOLD_2,F3,MSO02A|FIELD_LINEAGE|02af8fc8fdaaf157851a8e83e4ddea5dc9b0a3eccaf84d81548cde087cb7e597,35037,157717,longitudinal,0.0,True,FROZEN_G1_ZERO_MAP_NOT_RECOMPUTED,0,0x0.0p+0,True,False,True,False,True,True,False,2302fa14fda172cb90406469ba579ac98004948c68b1377e0f2c010d0d813fd2,CONSUMED_EVIDENCE_DIAGNOSTIC_ONLY
SS,pressure_gradient_acceleration,276,MSO02A|PRIMARY|F3|029db7a09fd8c3be7a03c372ed294b10d86d8d762315a945c1aa38fffb4b9827,4,FOLD_2,F3,MSO02A|FIELD_LINEAGE|b8b13c949eefb1514f92a32c389f0060d206fe61636418ca1f030fb80cc7efdd,35445,158980,longitudinal,0.0,True,FROZEN_G1_ZERO_MAP_NOT_RECOMPUTED,0,0x0.0p+0,True,False,True,False,True,True,False,58e460a0174f6b22fbe9ddad93afd91c4b89f9c8f5ec972e35860e979a9cf476,CONSUMED_EVIDENCE_DIAGNOSTIC_ONLY
SS,pressure_gradient_acceleration,277,MSO02A|PRIMARY|F3|4eed79d7ce3519b421f5e5a7cd8b681b1eeeb60660b92b9e3922d746b2abda4d,192,FOLD_3,F3,MSO02A|FIELD_LINEAGE|d7baddfda5c54a4c4ff069be3e1e83dbf082ca07f6dc2425782c46c7d00ac332,35512,159744,longitudinal,0.0,True,FROZEN_G1_ZERO_MAP_NOT_RECOMPUTED,0,0x0.0p+0,True,False,True,False,True,True,False,186f2e88526c9ae2a462b51cb16c027c9f9531685394b47253e1964bfb68650e,CONSUMED_EVIDENCE_DIAGNOSTIC_ONLY
SS,pressure_gradient_acceleration,285,MSO02A|PRIMARY|F3|e1c34b18f58d7870dd8e7f7ce56260fc9b3e5c1baca800d76a0f3ac04b53af57,388,FOLD_3,F3,MSO02A|FIELD_LINEAGE|8f96460f5e25434ea38efc75b2a38eba48ed159ccc71195a9890899219539f9a,36580,164548,longitudinal,0.0,True,FROZEN_G1_ZERO_MAP_NOT_RECOMPUTED,0,0x0.0p+0,True,False,True,False,True,True,False,b6ca6446b923eac8d39638badbf97776928fc41263e9f9b446a93f3bf2e71938,CONSUMED_EVIDENCE_DIAGNOSTIC_ONLY
SS,pressure_gradient_acceleration,286,MSO02A|PRIMARY|F3|cbc1a9c0245339ab978759a75e5c70219279a7977cafb11a7b60309380844ce5,508,FOLD_2,F3,MSO02A|FIELD_LINEAGE|cbed4358f17d41feb1bad8e60142ab2d377e7c9b6d8c4d778086a9debd05b89f,36634,165244,longitudinal,0.0,True,FROZEN_G1_ZERO_MAP_NOT_RECOMPUTED,0,0x0.0p+0,True,False,True,False,True,True,False,296cb0add7ab934c0d337a642e7d498510d16294a27fa89d5dfbae0ea3a007bc,CONSUMED_EVIDENCE_DIAGNOSTIC_ONLY
SS,pressure_gradient_acceleration,296,MSO02A|PRIMARY|F4|8bec9ab46d369b1fe0e45403e59c62b02cfb6f2c491d453645cb377c73705e86,413,FOLD_1,F4,MSO02A|FIELD_LINEAGE|33df3171ad1652627919e731cf9215ef8e1a314518342dfafccaf525480b89f2,37902,170909,transverse,0.0,True,FROZEN_G1_ZERO_MAP_NOT_RECOMPUTED,0,0x0.0p+0,True,False,True,False,True,True,False,fd0278d9269b9604280d252354f7d0045b7683735d12ab94d22d25fb06fc48a8,CONSUMED_EVIDENCE_DIAGNOSTIC_ONLY
SS,pressure_gradient_acceleration,296,MSO02A|PRIMARY|F4|8bec9ab46d369b1fe0e45403e59c62b02cfb6f2c491d453645cb377c73705e86,499,FOLD_1,F4,MSO02A|FIELD_LINEAGE|33df3171ad1652627919e731cf9215ef8e1a314518342dfafccaf525480b89f2,37989,170995,transverse,0.0,True,FROZEN_G1_ZERO_MAP_NOT_RECOMPUTED,0,0x0.0p+0,True,False,True,False,True,True,False,f75bfaa8c5a48301c4eb255b88d55282793f8a17ea4f6aff190155ff0d5af249,CONSUMED_EVIDENCE_DIAGNOSTIC_ONLY
SS,pressure_gradient_acceleration,303,MSO02A|PRIMARY|F4|834643ec7e0157f014e3a518eba6ce23f21d8e31b13a20c35480611ea28e28c9,35,FOLD_5,F4,MSO02A|FIELD_LINEAGE|e26d6593c1617ff39509555baa333fe5d5138efbc841890b1dbb85905103b037,38902,174563,transverse,0.0,True,FROZEN_G1_ZERO_MAP_NOT_RECOMPUTED,0,0x0.0p+0,True,False,True,False,True,True,False,41214d9c75bc5105e4343e765ae3730298cd98f76d1b82d8c292b4a60a056bf9,CONSUMED_EVIDENCE_DIAGNOSTIC_ONLY
SS,pressure_gradient_acceleration,303,MSO02A|PRIMARY|F4|834643ec7e0157f014e3a518eba6ce23f21d8e31b13a20c35480611ea28e28c9,561,FOLD_5,F4,MSO02A|FIELD_LINEAGE|e26d6593c1617ff39509555baa333fe5d5138efbc841890b1dbb85905103b037,38839,175089,transverse,0.0,True,FROZEN_G1_ZERO_MAP_NOT_RECOMPUTED,0,0x0.0p+0,True,False,True,False,True,True,False,a6779ae7be3e20e28a519bb102e8a841f6c163a92ace6b8dde6d2d08f780e6b8,CONSUMED_EVIDENCE_DIAGNOSTIC_ONLY
SS,pressure_gradient_acceleration,308,MSO02A|PRIMARY|F4|773899c25d176ee4b66bb54f1377e18d9a10e7bda7e89e3c9a49599945c18c8d,471,FOLD_1,F4,MSO02A|FIELD_LINEAGE|1a2dcff7254dc1227c107a21e6a270581c668c6b769441a6ba923b276c0065b8,39469,177879,longitudinal,0.0,True,FROZEN_G1_ZERO_MAP_NOT_RECOMPUTED,0,0x0.0p+0,True,False,True,False,True,True,False,a6efdf681a1acd6a2ff77b49506ccd296ba33fb16a1c996a0703e0c6aa04e765,CONSUMED_EVIDENCE_DIAGNOSTIC_ONLY
SS,pressure_gradient_acceleration,317,MSO02A|PRIMARY|F4|e6fdd77115b827f6e88a3aca37ce8cd361b1b00abe3a792726daeaaa622cd189,147,FOLD_4,F4,MSO02A|FIELD_LINEAGE|8268be7cec0b9c5a4eb497ac38e8418f7c656992a0ff2d13857d85dea7ca362a,40614,182739,longitudinal,0.0,True,FROZEN_G1_ZERO_MAP_NOT_RECOMPUTED,0,0x0.0p+0,True,False,True,False,True,True,False,998d7efe644a959009beba2059a78938bc3d9b67f30f57f7ba685504ba404aec,CONSUMED_EVIDENCE_DIAGNOSTIC_ONLY
SS,pressure_gradient_acceleration,317,MSO02A|PRIMARY|F4|e6fdd77115b827f6e88a3aca37ce8cd361b1b00abe3a792726daeaaa622cd189,329,FOLD_4,F4,MSO02A|FIELD_LINEAGE|8268be7cec0b9c5a4eb497ac38e8418f7c656992a0ff2d13857d85dea7ca362a,40647,182921,longitudinal,0.0,True,FROZEN_G1_ZERO_MAP_NOT_RECOMPUTED,0,0x0.0p+0,True,False,True,False,True,True,False,68708ae0fff8f0abdd33c9295b5a3a03e82aad3e4dc8744fcea82819b400d1c3,CONSUMED_EVIDENCE_DIAGNOSTIC_ONLY
SS,pressure_gradient_acceleration,321,MSO02A|PRIMARY|F4|c9dbc3ddd4f353bd08a08b95f1e35ffc8b4d05625974429f2582e1ee29ff1ff4,44,FOLD_1,F4,MSO02A|FIELD_LINEAGE|33df3171ad1652627919e731cf9215ef8e1a314518342dfafccaf525480b89f2,41209,184940,transverse,0.0,True,FROZEN_G1_ZERO_MAP_NOT_RECOMPUTED,0,0x0.0p+0,True,False,True,False,True,True,False,24477daed8a41c0e78c2549dea2593827010ffd3da794d874de0241f3d0a0a11,CONSUMED_EVIDENCE_DIAGNOSTIC_ONLY
SS,pressure_gradient_acceleration,322,MSO02A|PRIMARY|F4|a9022453a0f52a46b659fbace95f6f491308c38a397ee2d39f38a67e9ea207e7,122,FOLD_4,F4,MSO02A|FIELD_LINEAGE|8268be7cec0b9c5a4eb497ac38e8418f7c656992a0ff2d13857d85dea7ca362a,41231,185594,longitudinal,0.0,True,FROZEN_G1_ZERO_MAP_NOT_RECOMPUTED,0,0x0.0p+0,True,False,True,False,True,True,False,f7fc96bca76f7be0c0b0a0dff4309c616fd48826fa65d0e62f183596a472a53b,CONSUMED_EVIDENCE_DIAGNOSTIC_ONLY
SS,pressure_gradient_acceleration,353,MSO02A|PRIMARY|F4|19faf3c3640e35bd056eb32f484234cfb138a091585a4453012ed9e91eb63caf,292,FOLD_5,F4,MSO02A|FIELD_LINEAGE|e26d6593c1617ff39509555baa333fe5d5138efbc841890b1dbb85905103b037,45266,203620,transverse,0.0,True,FROZEN_G1_ZERO_MAP_NOT_RECOMPUTED,0.86524388027634946,0x1.bb013ef1b3be3p-1,False,True,False,True,True,False,False,7aebf9f94eb6ec4e3efaf9bb1262937dc85e50b57642c44088ab55190a2b2810,CONSUMED_EVIDENCE_DIAGNOSTIC_ONLY
SS,pressure_gradient_acceleration,361,MSO02A|PRIMARY|F4|cb3c868bfb48cfcbd50939809c0256a959bfc20e6320b58618179de0997e9d23,81,FOLD_1,F4,MSO02A|FIELD_LINEAGE|1a2dcff7254dc1227c107a21e6a270581c668c6b769441a6ba923b276c0065b8,46243,208017,longitudinal,0.0,True,FROZEN_G1_ZERO_MAP_NOT_RECOMPUTED,0,0x0.0p+0,True,False,True,False,True,True,False,a5a1417adf6255135c2011d052f908b3fa36e11fcd2a7c9499f14d0bbcbd9bf3,CONSUMED_EVIDENCE_DIAGNOSTIC_ONLY
SS,pressure_gradient_acceleration,375,MSO02A|PRIMARY|F4|7a667a45d85487143165dd75c32a19f7a81415c5dc5ce2eee86b2640ec274a4c,432,FOLD_5,F4,MSO02A|FIELD_LINEAGE|e26d6593c1617ff39509555baa333fe5d5138efbc841890b1dbb85905103b037,48078,216432,transverse,0.0,True,FROZEN_G1_ZERO_MAP_NOT_RECOMPUTED,2.4301529191056481,0x1.370f4037eb398p+1,False,True,False,True,True,False,False,21f9e732af5f94255c457d139b8c792542c709b5f62f606c7b2e528b6e4835be,CONSUMED_EVIDENCE_DIAGNOSTIC_ONLY
SS,viscosity_laplacian_acceleration,114,MSO02A|PRIMARY|F2|85a6ab6d0c7f38c53971220804ce250f1608c23dff61f611ac2597615d9a3244,351,FOLD_4,F2,MSO02A|FIELD_LINEAGE|5a562a863107efecf761865e7ffe780f0278b7371d3d2b047494c2cd6157c2d4,14661,66015,none,0.0,True,FROZEN_G1_ZERO_MAP_NOT_RECOMPUTED,0,0x0.0p+0,True,False,True,False,True,True,False,e45cb390f018e91cbc13269e1f30d59d474a455bcc7696f966acc3c7c5ac96d7,CONSUMED_EVIDENCE_DIAGNOSTIC_ONLY
SS,viscosity_laplacian_acceleration,270,MSO02A|PRIMARY|F3|921f5356fa7f7c8ebde36cbb88fd3554531eee3d1d61c1f0db247a024869d843,343,FOLD_1,F3,MSO02A|FIELD_LINEAGE|993bc62b7ebb5d53d24d7f8cd45ecb8d4e6820b40610e0720ec01f5aa4d5cfb5,34665,155863,none,0.0,True,FROZEN_G1_ZERO_MAP_NOT_RECOMPUTED,0,0x0.0p+0,True,False,True,False,True,True,False,362fae574361575cd878c65e458f6da672951988d3676736efdac8da3d3cfe64,CONSUMED_EVIDENCE_DIAGNOSTIC_ONLY
